# Created by Open3D 
# object name: cb364832b9994b768dba6245e6b3f51b_visual
# number of vertices: 7668
# number of triangles: 2556
mtllib ball_cb364832_visual.mtl
v -0.0125891 -0.0112709 -0.0133436
vn -0.578527 -0.525321 -0.623975
v -0.0136131 -0.0116224 -0.0119744
vn -0.626682 -0.546531 -0.555494
v -0.0146852 -0.0106051 -0.0116618
vn -0.676989 -0.498647 -0.541329
v -0.0146852 -0.0106051 -0.0116618
vn -0.676989 -0.498647 -0.541329
v -0.0128709 -0.00979169 -0.0142138
vn -0.592252 -0.454567 -0.665286
v -0.0125891 -0.0112709 -0.0133436
vn -0.578527 -0.525321 -0.623975
v -0.0146852 -0.0106051 -0.0116618
vn -0.676989 -0.498647 -0.541329
v -0.0149453 -0.0092368 -0.0124675
vn -0.691082 -0.424591 -0.584917
v -0.0128709 -0.00979169 -0.0142138
vn -0.592252 -0.454567 -0.665286
v -0.0149453 -0.0092368 -0.0124675
vn -0.691082 -0.424591 -0.584917
v -0.0141604 -0.00875287 -0.013662
vn -0.652366 -0.401885 -0.642578
v -0.0128709 -0.00979169 -0.0142138
vn -0.592252 -0.454567 -0.665286
v -0.00785455 0.0159728 -0.0120697
vn -0.368287 0.743259 -0.558507
v -0.0090525 0.0146475 -0.0128888
vn -0.422383 0.685536 -0.592987
v -0.0107736 0.0141687 -0.0120698
vn -0.500675 0.662865 -0.556718
v -0.0107736 0.0141687 -0.0120698
vn -0.500675 0.662865 -0.556718
v -0.011336 0.0150246 -0.010393
vn -0.526544 0.701389 -0.480422
v -0.00785455 0.0159728 -0.0120697
vn -0.368287 0.743259 -0.558507
v -0.011336 0.0150246 -0.010393
vn -0.526544 0.701389 -0.480422
v -0.00836691 0.0168594 -0.0103929
vn -0.391796 0.784645 -0.480446
v -0.00785455 0.0159728 -0.0120697
vn -0.368287 0.743259 -0.558507
v -0.011336 0.0150246 -0.010393
vn -0.526544 0.701389 -0.480422
v -0.0101293 0.0163898 -0.00953398
vn -0.471571 0.763044 -0.442022
v -0.00836691 0.0168594 -0.0103929
vn -0.391796 0.784645 -0.480446
v -0.0090525 0.0146475 -0.0128888
vn -0.422383 0.685536 -0.592987
v -0.0084434 0.013662 -0.0143191
vn -0.393559 0.639714 -0.660211
v -0.00948908 0.0122634 -0.0149257
vn -0.445117 0.573424 -0.68779
v -0.00948908 0.0122634 -0.0149257
vn -0.445117 0.573424 -0.68779
v -0.0107736 0.0141687 -0.0120698
vn -0.500675 0.662865 -0.556718
v -0.0090525 0.0146475 -0.0128888
vn -0.422383 0.685536 -0.592987
v -0.00948908 0.0122634 -0.0149257
vn -0.445117 0.573424 -0.68779
v -0.0111248 0.0117786 -0.0141628
vn -0.519491 0.549258 -0.654557
v -0.0107736 0.0141687 -0.0120698
vn -0.500675 0.662865 -0.556718
v -0.0111248 0.0117786 -0.0141628
vn -0.519491 0.549258 -0.654557
v -0.0118042 0.0127006 -0.0127328
vn -0.550853 0.593248 -0.587042
v -0.0107736 0.0141687 -0.0120698
vn -0.500675 0.662865 -0.556718
v -0.00723734 0.00923651 0.0180673
vn -0.342529 0.426576 0.837082
v -0.00655304 0.0106051 0.0175701
vn -0.309279 0.496419 0.811119
v -0.0071817 0.0116224 0.0166471
vn -0.338401 0.54462 0.767381
v -0.0071817 0.0116224 0.0166471
vn -0.338401 0.54462 0.767381
v -0.00880132 0.0112706 0.016096
vn -0.414352 0.524829 0.74355
v -0.00723734 0.00923651 0.0180673
vn -0.342529 0.426576 0.837082
v -0.00880132 0.0112706 0.016096
vn -0.414352 0.524829 0.74355
v -0.00861728 0.00875123 0.0176901
vn -0.412117 0.401885 0.817709
v -0.00723734 0.00923651 0.0180673
vn -0.342529 0.426576 0.837082
v -0.00880132 0.0112706 0.016096
vn -0.414352 0.524829 0.74355
v -0.00954071 0.00979011 0.0166343
vn -0.447869 0.453613 0.770486
v -0.00861728 0.00875123 0.0176901
vn -0.412117 0.401885 0.817709
v 0.00489731 0.0186935 -0.00942484
vn 0.227118 0.868028 -0.441526
v 0.00351555 0.0182402 -0.0108196
vn 0.164026 0.8476 -0.504647
v 0.00157788 0.0186935 -0.0105034
vn 0.0762354 0.867895 -0.490863
v 0.00157788 0.0186935 -0.0105034
vn 0.0762354 0.867895 -0.490863
v 0.00106341 0.0195816 -0.008828
vn 0.0526784 0.909289 -0.412818
v 0.00489731 0.0186935 -0.00942484
vn 0.227118 0.868028 -0.441526
v 0.00106341 0.0195816 -0.008828
vn 0.0526784 0.909289 -0.412818
v 0.00432873 0.0195816 -0.00776702
vn 0.200472 0.909134 -0.365084
v 0.00489731 0.0186935 -0.00942484
vn 0.227118 0.868028 -0.441526
v 0.00106341 0.0195816 -0.008828
vn 0.0526784 0.909289 -0.412818
v 0.0024327 0.0200162 -0.00748696
vn 0.115415 0.927994 -0.354269
v 0.00432873 0.0195816 -0.00776702
vn 0.200472 0.909134 -0.365084
v 0.00850824 0.0191085 -0.00502634
vn 0.398238 0.887466 -0.231969
v 0.00740958 0.0191085 -0.00653852
vn 0.343314 0.88746 -0.307491
v 0.0056008 0.0197745 -0.00635382
vn 0.260666 0.917486 -0.300453
v 0.0056008 0.0197745 -0.00635382
vn 0.260666 0.917486 -0.300453
v 0.00498184 0.02039 -0.00474433
vn 0.232363 0.946242 -0.22502
v 0.00850824 0.0191085 -0.00502634
vn 0.398238 0.887466 -0.231969
v 0.00498184 0.02039 -0.00474433
vn 0.232363 0.946242 -0.22502
v 0.00777519 0.019774 -0.0033623
vn 0.366469 0.917138 -0.156712
v 0.00850824 0.0191085 -0.00502634
vn 0.398238 0.887466 -0.231969
v 0.00498184 0.02039 -0.00474433
vn 0.232363 0.946242 -0.22502
v 0.00605325 0.0203896 -0.00327103
vn 0.285676 0.946011 -0.153139
v 0.00777519 0.019774 -0.0033623
vn 0.366469 0.917138 -0.156712
v 0.0102318 0.0162368 -0.00971841
vn 0.470981 0.757391 -0.452255
v 0.00905207 0.0159721 -0.0112006
vn 0.416041 0.743802 -0.523133
v 0.00729876 0.0168594 -0.011169
vn 0.335632 0.784997 -0.520702
v 0.00729876 0.0168594 -0.011169
vn 0.335632 0.784997 -0.520702
v 0.00677574 0.0180045 -0.00960474
vn 0.311846 0.836774 -0.450069
v 0.0102318 0.0162368 -0.00971841
vn 0.470981 0.757391 -0.452255
v 0.00677574 0.0180045 -0.00960474
vn 0.311846 0.836774 -0.450069
v 0.00971981 0.0173444 -0.00821499
vn 0.448956 0.807053 -0.383541
v 0.0102318 0.0162368 -0.00971841
vn 0.470981 0.757391 -0.452255
v 0.00677574 0.0180045 -0.00960474
vn 0.311846 0.836774 -0.450069
v 0.0080138 0.0182262 -0.0081357
vn 0.37021 0.847611 -0.380132
v 0.00971981 0.0173444 -0.00821499
vn 0.448956 0.807053 -0.383541
v 0.0134096 0.0129119 -0.0108183
vn 0.620461 0.603569 -0.500732
v 0.0121171 0.0139718 -0.0110079
vn 0.5562 0.65482 -0.511716
v 0.0117516 0.0152179 -0.00966411
vn 0.541917 0.710324 -0.449183
v 0.0117516 0.0152179 -0.00966411
vn 0.541917 0.710324 -0.449183
v 0.0144327 0.0129119 -0.00941007
vn 0.669009 0.603211 -0.434239
v 0.0134096 0.0129119 -0.0108183
vn 0.620461 0.603569 -0.500732
v 0.0117516 0.0152179 -0.00966411
vn 0.541917 0.710324 -0.449183
v 0.0128235 0.0152172 -0.00818987
vn 0.59471 0.710296 -0.376563
v 0.0144327 0.0129119 -0.00941007
vn 0.669009 0.603211 -0.434239
v 0.0128235 0.0152172 -0.00818987
vn 0.59471 0.710296 -0.376563
v 0.014215 0.0139709 -0.00812134
vn 0.658731 0.655222 -0.369807
v 0.0144327 0.0129119 -0.00941007
vn 0.669009 0.603211 -0.434239
v 0.00814985 0.0141687 -0.013976
vn 0.376672 0.661485 -0.648503
v 0.00638159 0.0150239 -0.0139935
vn 0.293818 0.701226 -0.64958
v 0.005939 0.0163897 -0.012579
vn 0.273955 0.763291 -0.585095
v 0.005939 0.0163897 -0.012579
vn 0.273955 0.763291 -0.585095
v 0.00946062 0.0146475 -0.0125923
vn 0.434062 0.684086 -0.586188
v 0.00814985 0.0141687 -0.013976
vn 0.376672 0.661485 -0.648503
v 0.005939 0.0163897 -0.012579
vn 0.273955 0.763291 -0.585095
v 0.00905207 0.0159721 -0.0112006
vn 0.416041 0.743802 -0.523133
v 0.00946062 0.0146475 -0.0125923
vn 0.434062 0.684086 -0.586188
v 0.005939 0.0163897 -0.012579
vn 0.273955 0.763291 -0.585095
v 0.00729876 0.0168594 -0.011169
vn 0.335632 0.784997 -0.520702
v 0.00905207 0.0159721 -0.0112006
vn 0.416041 0.743802 -0.523133
v -0.00158525 0.0136612 -0.0165479
vn -0.070903 0.638965 -0.765961
v -0.00109715 0.0122636 -0.0176525
vn -0.0434543 0.573256 -0.818223
v -0.00234018 0.0112697 -0.0181958
vn -0.103385 0.52537 -0.84457
v -0.00234018 0.0112697 -0.0181958
vn -0.103385 0.52537 -0.84457
v -0.00333219 0.013971 -0.0160286
vn -0.147608 0.65448 -0.741531
v -0.00158525 0.0136612 -0.0165479
vn -0.070903 0.638965 -0.765961
v -0.00234018 0.0112697 -0.0181958
vn -0.103385 0.52537 -0.84457
v -0.00397464 0.0116224 -0.0176891
vn -0.175389 0.544749 -0.820054
v -0.00333219 0.013971 -0.0160286
vn -0.147608 0.65448 -0.741531
v -0.00397464 0.0116224 -0.0176891
vn -0.175389 0.544749 -0.820054
v -0.00448913 0.0129134 -0.0166332
vn -0.206593 0.604971 -0.76898
v -0.00333219 0.013971 -0.0160286
vn -0.147608 0.65448 -0.741531
v 0.0152475 0.013662 0.00662135
vn 0.707836 0.638336 0.302481
v 0.0148998 0.0146478 0.00510442
vn 0.691268 0.684522 0.23147
v 0.0134484 0.0159729 0.00514865
vn 0.625276 0.744179 0.235007
v 0.0134484 0.0159729 0.00514865
vn 0.625276 0.744179 0.235007
v 0.0124046 0.0162367 0.00672775
vn 0.576219 0.757133 0.307767
v 0.0152475 0.013662 0.00662135
vn 0.707836 0.638336 0.302481
v 0.0124046 0.0162367 0.00672775
vn 0.576219 0.757133 0.307767
v 0.014215 0.0139709 0.00812134
vn 0.658744 0.655215 0.369797
v 0.0152475 0.013662 0.00662135
vn 0.707836 0.638336 0.302481
v 0.0124046 0.0162367 0.00672775
vn 0.576219 0.757133 0.307767
v 0.0128235 0.0152172 0.00818986
vn 0.594666 0.710348 0.376535
v 0.014215 0.0139709 0.00812134
vn 0.658744 0.655215 0.369797
v 0.0172425 0.0128568 9.44239e-07
vn 0.799583 0.600556 1.7004e-05
v 0.017736 0.0120584 -0.00167823
vn 0.822427 0.563722 -0.0763678
v 0.0170337 0.0127004 -0.00336457
vn 0.789866 0.594078 -0.152263
v 0.0170337 0.0127004 -0.00336457
vn 0.789866 0.594078 -0.152263
v 0.0158102 0.0141692 -0.00343109
vn 0.733001 0.661979 -0.156504
v 0.0172425 0.0128568 9.44239e-07
vn 0.799583 0.600556 1.7004e-05
v 0.0158102 0.0141692 -0.00343109
vn 0.733001 0.661979 -0.156504
v 0.0160118 0.0143507 9.36605e-07
vn 0.741891 0.67052 2.22134e-05
v 0.0172425 0.0128568 9.44239e-07
vn 0.799583 0.600556 1.7004e-05
v 0.0158102 0.0141692 -0.00343109
vn 0.733001 0.661979 -0.156504
v 0.0152811 0.0150235 -0.00174399
vn 0.709219 0.700569 -0.0788098
v 0.0160118 0.0143507 9.36605e-07
vn 0.741891 0.67052 2.22134e-05
v 0.00498184 0.02039 0.00474432
vn 0.232338 0.946248 0.225019
v 0.00317216 0.0208038 0.00451103
vn 0.150079 0.964196 0.218636
v 0.00189579 0.0206238 0.00583454
vn 0.0895637 0.957347 0.274709
v 0.00189579 0.0206238 0.00583454
vn 0.0895637 0.957347 0.274709
v 0.00560218 0.0197737 0.00635487
vn 0.260726 0.917436 0.300555
v 0.00498184 0.02039 0.00474432
vn 0.232338 0.946248 0.225019
v 0.00189579 0.0206238 0.00583454
vn 0.0895637 0.957347 0.274709
v 0.00243375 0.020016 0.00748712
vn 0.115432 0.928014 0.35421
v 0.00560218 0.0197737 0.00635487
vn 0.260726 0.917436 0.300555
v 0.00243375 0.020016 0.00748712
vn 0.115432 0.928014 0.35421
v 0.00432832 0.019581 0.00776873
vn 0.200491 0.909106 0.365143
v 0.00560218 0.0197737 0.00635487
vn 0.260726 0.917436 0.300555
v 0.00259096 0.0163899 0.013667
vn 0.12217 0.763187 0.634524
v 0.000659762 0.0168583 0.0133274
vn 0.034643 0.784836 0.618734
v -0.000739563 0.0159721 0.0143822
vn -0.0296672 0.743301 0.668299
v -0.000739563 0.0159721 0.0143822
vn -0.0296672 0.743301 0.668299
v 0.00306354 0.0150235 0.015072
vn 0.143864 0.701499 0.697999
v 0.00259096 0.0163899 0.013667
vn 0.12217 0.763187 0.634524
v -0.000739563 0.0159721 0.0143822
vn -0.0296672 0.743301 0.668299
v -0.000252088 0.0146476 0.0157482
vn -0.00655671 0.68472 0.728777
v 0.00306354 0.0150235 0.015072
vn 0.143864 0.701499 0.697999
v -0.000252088 0.0146476 0.0157482
vn -0.00655671 0.68472 0.728777
v 0.00162196 0.0141679 0.0160978
vn 0.0768543 0.66252 0.745091
v 0.00306354 0.0150235 0.015072
vn 0.143864 0.701499 0.697999
v -0.0112638 0.0182271 0.00187159
vn -0.523565 0.84717 0.0904629
v -0.012693 0.0173437 0.000934568
vn -0.588582 0.807058 0.0472156
v -0.0139893 0.0162371 0.00184995
vn -0.646063 0.758034 0.0893726
v -0.0139893 0.0162371 0.00184995
vn -0.646063 0.758034 0.0893726
v -0.0139062 0.0159727 0.00374041
vn -0.643559 0.744405 0.178023
v -0.0112638 0.0182271 0.00187159
vn -0.523565 0.84717 0.0904629
v -0.0139062 0.0159727 0.00374041
vn -0.643559 0.744405 0.178023
v -0.0111263 0.0180047 0.00378937
vn -0.517074 0.836684 0.180537
v -0.0112638 0.0182271 0.00187159
vn -0.523565 0.84717 0.0904629
v -0.0139062 0.0159727 0.00374041
vn -0.643559 0.744405 0.178023
v -0.0124704 0.0168585 0.0047474
vn -0.577929 0.784911 0.223412
v -0.0111263 0.0180047 0.00378937
vn -0.517074 0.836684 0.180537
v -0.0180521 0.0116213 0.00168759
vn -0.832554 0.547866 0.0818403
v -0.0180284 0.0112697 0.00339706
vn -0.835026 0.52529 0.163712
v -0.0171275 0.0122633 0.00441241
vn -0.790258 0.575675 0.209977
v -0.0171275 0.0122633 0.00441241
vn -0.790258 0.575675 0.209977
v -0.0172075 0.0129118 0.00087036
vn -0.795833 0.604092 0.0414999
v -0.0180521 0.0116213 0.00168759
vn -0.832554 0.547866 0.0818403
v -0.0171275 0.0122633 0.00441241
vn -0.790258 0.575675 0.209977
v -0.0162268 0.0136625 0.00360598
vn -0.751256 0.637172 0.172123
v -0.0172075 0.0129118 0.00087036
vn -0.795833 0.604092 0.0414999
v -0.0162268 0.0136625 0.00360598
vn -0.751256 0.637172 0.172123
v -0.0162733 0.0139717 0.00178343
vn -0.750644 0.655142 0.0855727
v -0.0172075 0.0129118 0.00087036
vn -0.795833 0.604092 0.0414999
v -0.0192943 0.00752764 -0.00583457
vn -0.895621 0.347636 -0.27751
v -0.0200265 0.00646629 -0.00450928
vn -0.930395 0.296043 -0.216158
v -0.020096 0.0071348 -0.00296894
vn -0.934677 0.325907 -0.142001
v -0.020096 0.0071348 -0.00296894
vn -0.934677 0.325907 -0.142001
v -0.0194868 0.0087525 -0.00272783
vn -0.905639 0.402148 -0.134518
v -0.0192943 0.00752764 -0.00583457
vn -0.895621 0.347636 -0.27751
v -0.0194868 0.0087525 -0.00272783
vn -0.905639 0.402148 -0.134518
v -0.0186446 0.00922913 -0.00551461
vn -0.865045 0.426239 -0.264609
v -0.0192943 0.00752764 -0.00583457
vn -0.895621 0.347636 -0.27751
v -0.0194868 0.0087525 -0.00272783
vn -0.905639 0.402148 -0.134518
v -0.0187675 0.00979162 -0.00393397
vn -0.86999 0.455369 -0.189091
v -0.0186446 0.00922913 -0.00551461
vn -0.865045 0.426239 -0.264609
v -0.0194501 0.00488542 -0.00776706
vn -0.902274 0.227164 -0.366467
v -0.0201914 0.00383339 -0.00635479
vn -0.937633 0.175532 -0.300056
v -0.0204648 0.00466443 -0.00474507
vn -0.950741 0.213929 -0.224337
v -0.0204648 0.00466443 -0.00474507
vn -0.950741 0.213929 -0.224337
v -0.0200265 0.00646629 -0.00450928
vn -0.930395 0.296043 -0.216158
v -0.0194501 0.00488542 -0.00776706
vn -0.902274 0.227164 -0.366467
v -0.0200265 0.00646629 -0.00450928
vn -0.930395 0.296043 -0.216158
v -0.0189909 0.00677569 -0.00748699
vn -0.881272 0.312502 -0.354546
v -0.0194501 0.00488542 -0.00776706
vn -0.902274 0.227164 -0.366467
v -0.0200265 0.00646629 -0.00450928
vn -0.930395 0.296043 -0.216158
v -0.0192943 0.00752764 -0.00583457
vn -0.895621 0.347636 -0.27751
v -0.0189909 0.00677569 -0.00748699
vn -0.881272 0.312502 -0.354546
v -0.0118993 0.0102279 -0.0147267
vn -0.556682 0.473286 -0.68272
v -0.0110057 0.0092286 -0.0160286
vn -0.519578 0.424879 -0.741294
v -0.0115098 0.00752751 -0.016548
vn -0.538168 0.34803 -0.767627
v -0.0115098 0.00752751 -0.016548
vn -0.538168 0.34803 -0.767627
v -0.0129891 0.00677573 -0.0157478
vn -0.609305 0.311814 -0.729054
v -0.0118993 0.0102279 -0.0147267
vn -0.556682 0.473286 -0.68272
v -0.0129891 0.00677573 -0.0157478
vn -0.609305 0.311814 -0.729054
v -0.0133752 0.00955586 -0.0138765
vn -0.625805 0.441238 -0.643178
v -0.0118993 0.0102279 -0.0147267
vn -0.556682 0.473286 -0.68272
v -0.0129891 0.00677573 -0.0157478
vn -0.609305 0.311814 -0.729054
v -0.0139563 0.00780464 -0.0143809
vn -0.651505 0.359467 -0.668075
v -0.0133752 0.00955586 -0.0138765
vn -0.625805 0.441238 -0.643178
v -0.0150488 0.00199145 -0.0152279
vn -0.702495 0.0953076 -0.705279
v -0.0162916 0.001011 -0.0139936
vn -0.758931 0.0505876 -0.649203
v -0.0173154 0.00201771 -0.0125791
vn -0.805329 0.0955888 -0.585071
v -0.0173154 0.00201771 -0.0125791
vn -0.805329 0.0955888 -0.585071
v -0.0148074 0.00397867 -0.0150721
vn -0.691272 0.184968 -0.698519
v -0.0150488 0.00199145 -0.0152279
vn -0.702495 0.0953076 -0.705279
v -0.0173154 0.00201771 -0.0125791
vn -0.805329 0.0955888 -0.585071
v -0.0170816 0.00403247 -0.0124104
vn -0.794627 0.187736 -0.577341
v -0.0148074 0.00397867 -0.0150721
vn -0.691272 0.184968 -0.698519
v -0.0170816 0.00403247 -0.0124104
vn -0.794627 0.187736 -0.577341
v -0.0158169 0.00501238 -0.0136685
vn -0.736906 0.232474 -0.634764
v -0.0148074 0.00397867 -0.0150721
vn -0.691272 0.184968 -0.698519
v -0.018335 -0.00095357 -0.0111991
vn -0.851452 -0.0409144 -0.522834
v -0.0190984 -0.00189041 -0.00971845
vn -0.887708 -0.0824403 -0.452965
v -0.0198598 -0.000935489 -0.00821587
vn -0.922572 -0.0407491 -0.383668
v -0.0198598 -0.000935489 -0.00821587
vn -0.922572 -0.0407491 -0.383668
v -0.0183432 0.00101099 -0.0111699
vn -0.851992 0.0504638 -0.521118
v -0.018335 -0.00095357 -0.0111991
vn -0.851452 -0.0409144 -0.522834
v -0.0198598 -0.000935489 -0.00821587
vn -0.922572 -0.0407491 -0.383668
v -0.0198858 0.00098425 -0.00813569
vn -0.923552 0.0469082 -0.380593
v -0.0183432 0.00101099 -0.0111699
vn -0.851992 0.0504638 -0.521118
v -0.0198858 0.00098425 -0.00813569
vn -0.923552 0.0469082 -0.380593
v -0.0191333 0.00199303 -0.00960553
vn -0.887778 0.09495 -0.450372
v -0.0183432 0.00101099 -0.0111699
vn -0.851992 0.0504638 -0.521118
v -0.01613 0.0104697 -0.00964347
vn -0.75039 0.483466 -0.45075
v -0.0173304 0.00955542 -0.00843343
vn -0.804622 0.441602 -0.396953
v -0.017683 0.0102279 -0.0067661
vn -0.820817 0.473603 -0.31931
v -0.017683 0.0102279 -0.0067661
vn -0.820817 0.473603 -0.31931
v -0.0169074 0.0117785 -0.00620373
vn -0.782606 0.549997 -0.2916
v -0.01613 0.0104697 -0.00964347
vn -0.75039 0.483466 -0.45075
v -0.0169074 0.0117785 -0.00620373
vn -0.782606 0.549997 -0.2916
v -0.015334 0.0120598 -0.00906747
vn -0.710208 0.563751 -0.42165
v -0.01613 0.0104697 -0.00964347
vn -0.75039 0.483466 -0.45075
v -0.0169074 0.0117785 -0.00620373
vn -0.782606 0.549997 -0.2916
v -0.015757 0.0127018 -0.00729036
vn -0.728477 0.594122 -0.341088
v -0.015334 0.0120598 -0.00906747
vn -0.710208 0.563751 -0.42165
v 0.00266628 0.00955598 -0.0190878
vn 0.128417 0.441219 -0.888164
v 0.00283801 0.00780464 -0.0198377
vn 0.134036 0.359509 -0.923465
v 0.00125223 0.00677469 -0.0203753
vn 0.0644461 0.311791 -0.947962
v 0.00125223 0.00677469 -0.0203753
vn 0.0644461 0.311791 -0.947962
v 0.000971575 0.0102285 -0.018908
vn 0.0492851 0.473358 -0.87949
v 0.00266628 0.00955598 -0.0190878
vn 0.128417 0.441219 -0.888164
v 0.00125223 0.00677469 -0.0203753
vn 0.0644461 0.311791 -0.947962
v -0.000414106 0.00752812 -0.0201528
vn -0.0157476 0.348062 -0.937339
v 0.000971575 0.0102285 -0.018908
vn 0.0492851 0.473358 -0.87949
v -0.000414106 0.00752812 -0.0201528
vn -0.0157476 0.348062 -0.937339
v -0.000518518 0.00922897 -0.0194362
vn -0.0156734 0.425491 -0.904827
v 0.000971575 0.0102285 -0.018908
vn 0.0492851 0.473358 -0.87949
v 0.00125223 0.00677469 -0.0203753
vn 0.0644461 0.311791 -0.947962
v 0.0013775 0.00488603 -0.0208981
vn 0.0682733 0.227271 -0.971435
v -0.000196561 0.00383391 -0.0211668
vn -0.0038441 0.177164 -0.984174
v -0.000196561 0.00383391 -0.0211668
vn -0.0038441 0.177164 -0.984174
v -0.000414106 0.00752812 -0.0201528
vn -0.0157476 0.348062 -0.937339
v 0.00125223 0.00677469 -0.0203753
vn 0.0644461 0.311791 -0.947962
v -0.000196561 0.00383391 -0.0211668
vn -0.0038441 0.177164 -0.984174
v -0.00181102 0.00466446 -0.0209295
vn -0.0796006 0.215408 -0.973274
v -0.000414106 0.00752812 -0.0201528
vn -0.0157476 0.348062 -0.937339
v -0.00181102 0.00466446 -0.0209295
vn -0.0796006 0.215408 -0.973274
v -0.00189888 0.0064659 -0.0204401
vn -0.0793725 0.296967 -0.951583
v -0.000414106 0.00752812 -0.0201528
vn -0.0157476 0.348062 -0.937339
v 0.0118435 0.00922761 -0.0154205
vn 0.543869 0.427627 -0.72204
v 0.0121814 0.0075275 -0.0160601
vn 0.563524 0.346159 -0.750076
v 0.0109633 0.00677469 -0.01722
vn 0.504762 0.311973 -0.804915
v 0.0109633 0.00677469 -0.01722
vn 0.504762 0.311973 -0.804915
v 0.0103278 0.0102294 -0.0158674
vn 0.476951 0.474003 -0.740161
v 0.0118435 0.00922761 -0.0154205
vn 0.543869 0.427627 -0.72204
v 0.0109633 0.00677469 -0.01722
vn 0.504762 0.311973 -0.804915
v 0.00936504 0.00780611 -0.0177162
vn 0.433888 0.358531 -0.826557
v 0.0103278 0.0102294 -0.0158674
vn 0.476951 0.474003 -0.740161
v 0.00936504 0.00780611 -0.0177162
vn 0.433888 0.358531 -0.826557
v 0.00906353 0.00955546 -0.0170093
vn 0.417461 0.442396 -0.793733
v 0.0103278 0.0102294 -0.0158674
vn 0.476951 0.474003 -0.740161
v 0.00312105 0.00398029 -0.0208968
vn 0.148673 0.185064 -0.971415
v 0.00322212 0.0019914 -0.0211654
vn 0.153685 0.0953004 -0.983513
v 0.00159253 0.000984248 -0.0214266
vn 0.0760798 0.0479659 -0.995947
v 0.00159253 0.000984248 -0.0214266
vn 0.0760798 0.0479659 -0.995947
v 0.0013775 0.00488603 -0.0208981
vn 0.0682733 0.227271 -0.971435
v 0.00312105 0.00398029 -0.0208968
vn 0.148673 0.185064 -0.971415
v 0.00159253 0.000984248 -0.0214266
vn 0.0760798 0.0479659 -0.995947
v -8.77457e-05 0.00191871 -0.0214266
vn -0.000329976 0.0898166 -0.995958
v 0.0013775 0.00488603 -0.0208981
vn 0.0682733 0.227271 -0.971435
v -8.77457e-05 0.00191871 -0.0214266
vn -0.000329976 0.0898166 -0.995958
v -0.000196561 0.00383391 -0.0211668
vn -0.0038441 0.177164 -0.984174
v 0.0013775 0.00488603 -0.0208981
vn 0.0682733 0.227271 -0.971435
v 0.00707753 0.0120597 -0.0163481
vn 0.32722 0.563119 -0.758831
v 0.0073812 0.0104697 -0.0172827
vn 0.342224 0.484327 -0.805177
v 0.00593666 0.00967126 -0.0182709
vn 0.276056 0.447204 -0.850765
v 0.00593666 0.00967126 -0.0182709
vn 0.276056 0.447204 -0.850765
v 0.00532922 0.0128569 -0.0163983
vn 0.247661 0.599948 -0.76074
v 0.00707753 0.0120597 -0.0163481
vn 0.32722 0.563119 -0.758831
v 0.00593666 0.00967126 -0.0182709
vn 0.276056 0.447204 -0.850765
v 0.00418716 0.0104697 -0.0183205
vn 0.196387 0.484132 -0.852671
v 0.00532922 0.0128569 -0.0163983
vn 0.247661 0.599948 -0.76074
v 0.00418716 0.0104697 -0.0183205
vn 0.196387 0.484132 -0.852671
v 0.00388533 0.0120598 -0.0173854
vn 0.181469 0.562919 -0.806345
v 0.00532922 0.0128569 -0.0163983
vn 0.247661 0.599948 -0.76074
v 0.0125891 0.0112709 -0.0133436
vn 0.578527 0.525324 -0.623972
v 0.0128719 0.00979011 -0.014214
vn 0.592299 0.454498 -0.665292
v 0.0118435 0.00922761 -0.0154205
vn 0.543869 0.427627 -0.72204
v 0.0118435 0.00922761 -0.0154205
vn 0.543869 0.427627 -0.72204
v 0.0112645 0.012263 -0.0136359
vn 0.514687 0.574429 -0.636497
v 0.0125891 0.0112709 -0.0133436
vn 0.578527 0.525324 -0.623972
v 0.0118435 0.00922761 -0.0154205
vn 0.543869 0.427627 -0.72204
v 0.0103278 0.0102294 -0.0158674
vn 0.476951 0.474003 -0.740161
v 0.0112645 0.012263 -0.0136359
vn 0.514687 0.574429 -0.636497
v 0.0103278 0.0102294 -0.0158674
vn 0.476951 0.474003 -0.740161
v 0.0100327 0.0117789 -0.014956
vn 0.462477 0.550073 -0.695367
v 0.0112645 0.012263 -0.0136359
vn 0.514687 0.574429 -0.636497
v 0.00958373 -0.00370594 0.0189076
vn 0.446609 -0.167612 0.878889
v 0.00973852 -0.00188936 0.0190883
vn 0.453179 -0.0824159 0.887601
v 0.00824884 -0.000953583 0.0198381
vn 0.38125 -0.0392459 0.923639
v 0.00824884 -0.000953583 0.0198381
vn 0.38125 -0.0392459 0.923639
v 0.00802267 -0.00459014 0.0194365
vn 0.374805 -0.205643 0.904009
v 0.00958373 -0.00370594 0.0189076
vn 0.446609 -0.167612 0.878889
v 0.00824884 -0.000953583 0.0198381
vn 0.38125 -0.0392459 0.923639
v 0.0066202 -0.00191136 0.020375
vn 0.307418 -0.0817677 0.948055
v 0.00802267 -0.00459014 0.0194365
vn 0.374805 -0.205643 0.904009
v 0.0066202 -0.00191136 0.020375
vn 0.307418 -0.0817677 0.948055
v 0.00654706 -0.00373764 0.020153
vn 0.304088 -0.167008 0.937891
v 0.00802267 -0.00459014 0.0194365
vn 0.374805 -0.205643 0.904009
v -0.00661363 -0.00201932 -0.0203546
vn -0.307658 -0.0964089 -0.9466
v -0.00652547 -0.004033 -0.0200802
vn -0.303692 -0.187505 -0.934138
v -0.00811092 -0.00501398 -0.0192666
vn -0.37571 -0.232081 -0.897207
v -0.00811092 -0.00501398 -0.0192666
vn -0.37571 -0.232081 -0.897207
v -0.0082735 -0.00101154 -0.0198188
vn -0.383275 -0.0509179 -0.92223
v -0.00661363 -0.00201932 -0.0203546
vn -0.307658 -0.0964089 -0.9466
v -0.00811092 -0.00501398 -0.0192666
vn -0.37571 -0.232081 -0.897207
v -0.00975954 -0.00398025 -0.0187395
vn -0.450965 -0.184631 -0.873236
v -0.0082735 -0.00101154 -0.0198188
vn -0.383275 -0.0509179 -0.92223
v -0.00975954 -0.00398025 -0.0187395
vn -0.450965 -0.184631 -0.873236
v -0.00983399 -0.00199141 -0.0190171
vn -0.453866 -0.0955546 -0.885931
v -0.0082735 -0.00101154 -0.0198188
vn -0.383275 -0.0509179 -0.92223
v -0.0135513 -0.00646634 -0.0154194
vn -0.624353 -0.296844 -0.722542
v -0.0145129 -0.00713487 -0.014214
vn -0.672867 -0.325766 -0.664174
v -0.0157109 -0.0062197 -0.0133437
vn -0.730339 -0.28382 -0.621331
v -0.0157109 -0.0062197 -0.0133437
vn -0.730339 -0.28382 -0.621331
v -0.0137672 -0.00466447 -0.0158677
vn -0.636865 -0.214482 -0.740541
v -0.0135513 -0.00646634 -0.0154194
vn -0.624353 -0.296844 -0.722542
v -0.0157109 -0.0062197 -0.0133437
vn -0.730339 -0.28382 -0.621331
v -0.0160055 -0.00458962 -0.013637
vn -0.745488 -0.203746 -0.634614
v -0.0137672 -0.00466447 -0.0158677
vn -0.636865 -0.214482 -0.740541
v -0.0160055 -0.00458962 -0.013637
vn -0.745488 -0.203746 -0.634614
v -0.0150214 -0.0037054 -0.0149568
vn -0.69894 -0.167793 -0.695219
v -0.0137672 -0.00466447 -0.0158677
vn -0.636865 -0.214482 -0.740541
v 0.00159253 0.000984248 -0.0214266
vn 0.0760798 0.0479659 -0.995947
v 0.00167594 -0.000937134 -0.0214266
vn 0.0796188 -0.0407507 -0.995992
v 8.77947e-05 -0.00191979 -0.0214265
vn 0.000345198 -0.0898803 -0.995952
v 8.77947e-05 -0.00191979 -0.0214265
vn 0.000345198 -0.0898803 -0.995952
v -8.77457e-05 0.00191871 -0.0214266
vn -0.000329976 0.0898166 -0.995958
v 0.00159253 0.000984248 -0.0214266
vn 0.0760798 0.0479659 -0.995947
v 8.77947e-05 -0.00191979 -0.0214265
vn 0.000345198 -0.0898803 -0.995952
v -0.00159345 -0.00098482 -0.0214265
vn -0.0761443 -0.0479872 -0.995941
v -8.77457e-05 0.00191871 -0.0214266
vn -0.000329976 0.0898166 -0.995958
v -0.00159345 -0.00098482 -0.0214265
vn -0.0761443 -0.0479872 -0.995941
v -0.00167594 0.00093713 -0.0214266
vn -0.0796341 0.0407123 -0.995992
v -8.77457e-05 0.00191871 -0.0214266
vn -0.000329976 0.0898166 -0.995958
v -0.00903316 0.00713325 -0.0181958
vn -0.423993 0.328701 -0.843911
v -0.00783674 0.00621819 -0.0190654
vn -0.368173 0.283216 -0.885572
v -0.00802358 0.00458963 -0.0194362
vn -0.374865 0.205596 -0.903995
v -0.00802358 0.00458963 -0.0194362
vn -0.374865 0.205596 -0.903995
v -0.00958306 0.00370434 -0.0189082
vn -0.446601 0.167546 -0.878906
v -0.00903316 0.00713325 -0.0181958
vn -0.423993 0.328701 -0.843911
v -0.00958306 0.00370434 -0.0189082
vn -0.446601 0.167546 -0.878906
v -0.010478 0.00646591 -0.0176525
vn -0.495099 0.296979 -0.816505
v -0.00903316 0.00713325 -0.0181958
vn -0.423993 0.328701 -0.843911
v -0.00958306 0.00370434 -0.0189082
vn -0.446601 0.167546 -0.878906
v -0.0108368 0.00466447 -0.0179968
vn -0.507694 0.21541 -0.834173
v -0.010478 0.00646591 -0.0176525
vn -0.495099 0.296979 -0.816505
v 0.0189911 -0.00677614 -0.00748606
vn 0.881264 -0.31253 -0.354539
v 0.0179898 -0.00780608 -0.00882809
vn 0.836148 -0.35906 -0.414647
v 0.0174249 -0.0069493 -0.0105042
vn 0.809847 -0.320946 -0.491062
v 0.0174249 -0.0069493 -0.0105042
vn 0.809847 -0.320946 -0.491062
v 0.0178872 -0.00501237 -0.0108189
vn 0.831162 -0.232069 -0.505285
v 0.0189911 -0.00677614 -0.00748606
vn 0.881264 -0.31253 -0.354539
v 0.0178872 -0.00501237 -0.0108189
vn 0.831162 -0.232069 -0.505285
v 0.0194501 -0.00488542 -0.00776709
vn 0.902277 -0.227147 -0.36647
v 0.0189911 -0.00677614 -0.00748606
vn 0.881264 -0.31253 -0.354539
v 0.0178872 -0.00501237 -0.0108189
vn 0.831162 -0.232069 -0.505285
v 0.0189104 -0.00398022 -0.00942403
vn 0.877765 -0.184767 -0.442029
v 0.0194501 -0.00488542 -0.00776709
vn 0.902277 -0.227147 -0.36647
v 0.0205536 -0.00621963 -0.00156067
vn 0.956053 -0.28386 -0.0733882
v 0.020096 -0.0071348 -0.00296895
vn 0.934701 -0.325845 -0.141983
v 0.0200267 -0.00646482 -0.00451043
vn 0.930425 -0.295926 -0.216191
v 0.0200267 -0.00646482 -0.00451043
vn 0.930425 -0.295926 -0.216191
v 0.0204653 -0.00466278 -0.00474435
vn 0.950774 -0.213822 -0.224297
v 0.0205536 -0.00621963 -0.00156067
vn 0.956053 -0.28386 -0.0733882
v 0.0204653 -0.00466278 -0.00474435
vn 0.950774 -0.213822 -0.224297
v 0.0209641 -0.00459114 -0.00162379
vn 0.97611 -0.203852 -0.0751919
v 0.0205536 -0.00621963 -0.00156067
vn 0.956053 -0.28386 -0.0733882
v 0.0204653 -0.00466278 -0.00474435
vn 0.950774 -0.213822 -0.224297
v 0.020944 -0.00370587 -0.00327004
vn 0.974093 -0.167757 -0.15166
v 0.0209641 -0.00459114 -0.00162379
vn 0.97611 -0.203852 -0.0751919
v 0.0155411 -0.00967267 0.0112924
vn 0.72367 -0.447021 0.525808
v 0.0161289 -0.0104711 0.00964384
vn 0.750342 -0.483519 0.450773
v 0.0173307 -0.00955444 0.0084337
vn 0.804647 -0.441525 0.396986
v 0.0173307 -0.00955444 0.0084337
vn 0.804647 -0.441525 0.396986
v 0.0161769 -0.0079053 0.0117532
vn 0.753779 -0.363181 0.547646
v 0.0155411 -0.00967267 0.0112924
vn 0.72367 -0.447021 0.525808
v 0.0173307 -0.00955444 0.0084337
vn 0.804647 -0.441525 0.396986
v 0.0179901 -0.00780508 0.0088283
vn 0.836152 -0.359027 0.414667
v 0.0161769 -0.0079053 0.0117532
vn 0.753779 -0.363181 0.547646
v 0.0179901 -0.00780508 0.0088283
vn 0.836152 -0.359027 0.414667
v 0.0174249 -0.0069493 0.0105042
vn 0.809844 -0.32095 0.491063
v 0.0161769 -0.0079053 0.0117532
vn 0.753779 -0.363181 0.547646
v 0.0133765 -0.00955597 0.0138752
vn 0.625849 -0.441236 0.643136
v 0.0139554 -0.0078051 0.0143815
vn 0.651421 -0.359483 0.668148
v 0.0129882 -0.00677617 0.0157483
vn 0.609279 -0.311824 0.729071
v 0.0129882 -0.00677617 0.0157483
vn 0.609279 -0.311824 0.729071
v 0.0118998 -0.0102285 0.0147259
vn 0.556713 -0.473295 0.682687
v 0.0133765 -0.00955597 0.0138752
vn 0.625849 -0.441236 0.643136
v 0.0129882 -0.00677617 0.0157483
vn 0.609279 -0.311824 0.729071
v 0.0115101 -0.00752913 0.0165471
vn 0.538152 -0.348095 0.767608
v 0.0118998 -0.0102285 0.0147259
vn 0.556713 -0.473295 0.682687
v 0.0115101 -0.00752913 0.0165471
vn 0.538152 -0.348095 0.767608
v 0.0110047 -0.00922897 0.0160291
vn 0.519154 -0.425478 0.741248
v 0.0118998 -0.0102285 0.0147259
vn 0.556713 -0.473295 0.682687
v 0.00205791 -0.00979169 0.0190646
vn 0.0898398 -0.454013 0.886454
v 0.00342635 -0.00875222 0.0193763
vn 0.14614 -0.404139 0.902948
v 0.0033853 -0.00713343 0.0200306
vn 0.151269 -0.327945 0.932507
v 0.0033853 -0.00713343 0.0200306
vn 0.151269 -0.327945 0.932507
v 0.00189801 -0.00646652 0.0204399
vn 0.0792883 -0.296983 0.951585
v 0.00205791 -0.00979169 0.0190646
vn 0.0898398 -0.454013 0.886454
v 0.00189801 -0.00646652 0.0204399
vn 0.0792883 -0.296983 0.951585
v 0.000517522 -0.0092286 0.0194364
vn 0.0156284 -0.425457 0.904844
v 0.00205791 -0.00979169 0.0190646
vn 0.0898398 -0.454013 0.886454
v 0.00189801 -0.00646652 0.0204399
vn 0.0792883 -0.296983 0.951585
v 0.000413121 -0.00752769 0.0201529
vn 0.0157002 -0.348012 0.937359
v 0.000517522 -0.0092286 0.0194364
vn 0.0156284 -0.425457 0.904844
v -0.0188523 -0.00646632 0.00812307
vn -0.879765 -0.296004 0.372015
v -0.0180032 -0.00713484 0.00941008
vn -0.839643 -0.325864 0.434526
v -0.0175456 -0.00621969 0.0108184
vn -0.816603 -0.283845 0.502584
v -0.0175456 -0.00621969 0.0108184
vn -0.816603 -0.283845 0.502584
v -0.0193457 -0.0046634 0.00818993
vn -0.90103 -0.21391 0.377342
v -0.0188523 -0.00646632 0.00812307
vn -0.879765 -0.296004 0.372015
v -0.0175456 -0.00621969 0.0108184
vn -0.816603 -0.283845 0.502584
v -0.0179146 -0.00458964 0.0110096
vn -0.833894 -0.203718 0.512951
v -0.0193457 -0.0046634 0.00818993
vn -0.90103 -0.21391 0.377342
v -0.0179146 -0.00458964 0.0110096
vn -0.833894 -0.203718 0.512951
v -0.0188671 -0.00370594 0.00966327
vn -0.877226 -0.167782 0.449804
v -0.0193457 -0.0046634 0.00818993
vn -0.90103 -0.21391 0.377342
v -0.0208385 -0.00398027 -0.00348913
vn -0.969962 -0.184756 -0.158236
v -0.02083 -0.00501395 -0.00176017
vn -0.969406 -0.232167 -0.0796937
v -0.0211139 -0.00403298 9.35315e-07
vn -0.982228 -0.187692 3.48203e-05
v -0.0211139 -0.00403298 9.35315e-07
vn -0.982228 -0.187692 3.48203e-05
v -0.0214022 -0.0020177 9.37079e-07
vn -0.995425 -0.0955456 2.78692e-05
v -0.0208385 -0.00398027 -0.00348913
vn -0.969962 -0.184756 -0.158236
v -0.0214022 -0.0020177 9.37079e-07
vn -0.995425 -0.0955456 2.78692e-05
v -0.0211252 -0.00199303 -0.00347511
vn -0.98295 -0.0949746 -0.157443
v -0.0208385 -0.00398027 -0.00348913
vn -0.969962 -0.184756 -0.158236
v -0.0214022 -0.0020177 9.37079e-07
vn -0.995425 -0.0955456 2.78692e-05
v -0.0214053 -0.00101152 -0.00174606
vn -0.995565 -0.0502045 -0.0795631
v -0.0211252 -0.00199303 -0.00347511
vn -0.98295 -0.0949746 -0.157443
v -0.0204054 0.00191813 -0.00653678
vn -0.9475 0.0894625 -0.306986
v -0.0208961 0.000936568 -0.00502631
vn -0.971994 0.0404998 -0.231489
v -0.0211636 0.0018888 -0.00336232
vn -0.984431 0.0823485 -0.155289
v -0.0211636 0.0018888 -0.00336232
vn -0.984431 0.0823485 -0.155289
v -0.020944 0.00370588 -0.00327004
vn -0.974092 0.167744 -0.151679
v -0.0204054 0.00191813 -0.00653678
vn -0.9475 0.0894625 -0.306986
v -0.020944 0.00370588 -0.00327004
vn -0.974092 0.167744 -0.151679
v -0.0201914 0.00383339 -0.00635479
vn -0.937633 0.175532 -0.300056
v -0.0204054 0.00191813 -0.00653678
vn -0.9475 0.0894625 -0.306986
v -0.020944 0.00370588 -0.00327004
vn -0.974092 0.167744 -0.151679
v -0.0204648 0.00466443 -0.00474507
vn -0.950741 0.213929 -0.224337
v -0.0201914 0.00383339 -0.00635479
vn -0.937633 0.175532 -0.300056
v -0.0146852 -0.0106051 -0.0116618
vn -0.676989 -0.498647 -0.541329
v -0.0156297 -0.0106057 -0.0103609
vn -0.724068 -0.498674 -0.476498
v -0.0164758 -0.00923679 -0.0103609
vn -0.769842 -0.424573 -0.47653
v -0.0164758 -0.00923679 -0.0103609
vn -0.769842 -0.424573 -0.47653
v -0.0149453 -0.0092368 -0.0124675
vn -0.691082 -0.424591 -0.584917
v -0.0146852 -0.0106051 -0.0116618
vn -0.676989 -0.498647 -0.541329
v -0.0164758 -0.00923679 -0.0103609
vn -0.769842 -0.424573 -0.47653
v -0.0160517 -0.00839224 -0.0116633
vn -0.747312 -0.383017 -0.542975
v -0.0149453 -0.0092368 -0.0124675
vn -0.691082 -0.424591 -0.584917
v 0.0101298 -0.0163887 -0.00953541
vn 0.471585 -0.762966 -0.442142
v 0.0113376 -0.0150235 -0.0103929
vn 0.52658 -0.701345 -0.480446
v 0.0129544 -0.0143507 -0.00941074
vn 0.600315 -0.670631 -0.435748
v 0.0129544 -0.0143507 -0.00941074
vn 0.600315 -0.670631 -0.435748
v 0.0105562 -0.0170823 -0.00766952
vn 0.491129 -0.794737 -0.35663
v 0.0101298 -0.0163887 -0.00953541
vn 0.471585 -0.762966 -0.442142
v 0.0129544 -0.0143507 -0.00941074
vn 0.600315 -0.670631 -0.435748
v 0.0133888 -0.0150234 -0.00756946
vn 0.620121 -0.700629 -0.352944
v 0.0105562 -0.0170823 -0.00766952
vn 0.491129 -0.794737 -0.35663
v 0.0133888 -0.0150234 -0.00756946
vn 0.620121 -0.700629 -0.352944
v 0.0121975 -0.0163898 -0.00668741
vn 0.565678 -0.763289 -0.312087
v 0.0105562 -0.0170823 -0.00766952
vn 0.491129 -0.794737 -0.35663
v 0.0162275 -0.0136621 -0.0036043
vn 0.751273 -0.637167 -0.172065
v 0.0150541 -0.0146488 -0.00462673
vn 0.695121 -0.684677 -0.219145
v 0.0148088 -0.0141679 -0.006517
vn 0.685057 -0.661946 -0.304179
v 0.0148088 -0.0141679 -0.006517
vn 0.685057 -0.661946 -0.304179
v 0.0157576 -0.0127009 -0.00729076
vn 0.728502 -0.594091 -0.341087
v 0.0162275 -0.0136621 -0.0036043
vn 0.751273 -0.637167 -0.172065
v 0.0157576 -0.0127009 -0.00729076
vn 0.728502 -0.594091 -0.341087
v 0.0171271 -0.0122644 -0.00441089
vn 0.790217 -0.575747 -0.209932
v 0.0162275 -0.0136621 -0.0036043
vn 0.751273 -0.637167 -0.172065
v 0.0157576 -0.0127009 -0.00729076
vn 0.728502 -0.594091 -0.341087
v 0.0169079 -0.0117776 -0.0062041
vn 0.782638 -0.549954 -0.291597
v 0.0171271 -0.0122644 -0.00441089
vn 0.790217 -0.575747 -0.209932
v 0.0129533 -0.0143507 0.00941227
vn 0.600293 -0.670613 0.435806
v 0.013388 -0.0150238 0.00757005
vn 0.620106 -0.700592 0.353043
v 0.0148083 -0.0141687 0.00651656
vn 0.685032 -0.661962 0.304199
v 0.0148083 -0.0141687 0.00651656
vn 0.685032 -0.661962 0.304199
v 0.013949 -0.0128568 0.0101357
vn 0.647284 -0.600358 0.469673
v 0.0129533 -0.0143507 0.00941227
vn 0.600293 -0.670613 0.435806
v 0.0148083 -0.0141687 0.00651656
vn 0.685032 -0.661962 0.304199
v 0.0157576 -0.0127009 0.00729076
vn 0.728484 -0.594097 0.341115
v 0.013949 -0.0128568 0.0101357
vn 0.647284 -0.600358 0.469673
v 0.0157576 -0.0127009 0.00729076
vn 0.728484 -0.594097 0.341115
v 0.0153352 -0.0120584 0.00906721
vn 0.710239 -0.563713 0.42165
v 0.013949 -0.0128568 0.0101357
vn 0.647284 -0.600358 0.469673
v 0.0124705 -0.0168587 0.00474636
vn 0.577955 -0.784913 0.223339
v 0.0139069 -0.015972 0.00374091
vn 0.643578 -0.744382 0.178055
v 0.0150547 -0.014648 0.00462722
vn 0.695152 -0.684641 0.219157
v 0.0150547 -0.014648 0.00462722
vn 0.695152 -0.684641 0.219157
v 0.0148083 -0.0141687 0.00651656
vn 0.685032 -0.661962 0.304199
v 0.0124705 -0.0168587 0.00474636
vn 0.577955 -0.784913 0.223339
v 0.0148083 -0.0141687 0.00651656
vn 0.685032 -0.661962 0.304199
v 0.0121985 -0.0163897 0.00668587
vn 0.565703 -0.763322 0.311961
v 0.0124705 -0.0168587 0.00474636
vn 0.577955 -0.784913 0.223339
v 0.0148083 -0.0141687 0.00651656
vn 0.685032 -0.661962 0.304199
v 0.013388 -0.0150238 0.00757005
vn 0.620106 -0.700592 0.353043
v 0.0121985 -0.0163897 0.00668587
vn 0.565703 -0.763322 0.311961
v 0.0107739 -0.0141692 0.0120689
vn 0.500659 -0.662884 0.556709
v 0.0118029 -0.0127004 0.0127342
vn 0.550743 -0.593248 0.587145
v 0.0111238 -0.0117789 0.0141633
vn 0.519072 -0.549093 0.655028
v 0.0111238 -0.0117789 0.0141633
vn 0.519072 -0.549093 0.655028
v 0.0094877 -0.012263 0.0149269
vn 0.445445 -0.57296 0.687965
v 0.0107739 -0.0141692 0.0120689
vn 0.500659 -0.662884 0.556709
v 0.0094877 -0.012263 0.0149269
vn 0.445445 -0.57296 0.687965
v 0.00905223 -0.0146488 0.0128875
vn 0.422422 -0.685588 0.592899
v 0.0107739 -0.0141692 0.0120689
vn 0.500659 -0.662884 0.556709
v 0.0094877 -0.012263 0.0149269
vn 0.445445 -0.57296 0.687965
v 0.00844242 -0.0136622 0.0143194
vn 0.393577 -0.63971 0.660203
v 0.00905223 -0.0146488 0.0128875
vn 0.422422 -0.685588 0.592899
v 0.00880177 -0.0112713 0.0160952
vn 0.413686 -0.52436 0.744252
v 0.00954126 -0.00979075 0.0166336
vn 0.44835 -0.453981 0.769989
v 0.00861602 -0.00875258 0.0176901
vn 0.411401 -0.402999 0.817521
v 0.00861602 -0.00875258 0.0176901
vn 0.411401 -0.402999 0.817521
v 0.00718233 -0.0116215 0.0166474
vn 0.33917 -0.543729 0.767674
v 0.00880177 -0.0112713 0.0160952
vn 0.413686 -0.52436 0.744252
v 0.00861602 -0.00875258 0.0176901
vn 0.411401 -0.402999 0.817521
v 0.00723801 -0.00923714 0.0180667
vn 0.34365 -0.427424 0.836189
v 0.00718233 -0.0116215 0.0166474
vn 0.33917 -0.543729 0.767674
v 0.00723801 -0.00923714 0.0180667
vn 0.34365 -0.427424 0.836189
v 0.00655304 -0.0106051 0.0175701
vn 0.309231 -0.496429 0.811132
v 0.00718233 -0.0116215 0.0166474
vn 0.33917 -0.543729 0.767674
v 0.00745027 -0.0186935 0.00757007
vn 0.350254 -0.867717 0.35269
v 0.00920391 -0.0182405 0.00668588
vn 0.429742 -0.84735 0.311961
v 0.0105567 -0.0170813 0.00767106
vn 0.491132 -0.794697 0.356715
v 0.0105567 -0.0170813 0.00767106
vn 0.491132 -0.794697 0.356715
v 0.00704089 -0.0180044 0.00941216
vn 0.331855 -0.83643 0.436185
v 0.00745027 -0.0186935 0.00757007
vn 0.350254 -0.867717 0.35269
v 0.0105567 -0.0170813 0.00767106
vn 0.491132 -0.794697 0.356715
v 0.0101298 -0.0163887 0.00953544
vn 0.47157 -0.762986 0.442126
v 0.00704089 -0.0180044 0.00941216
vn 0.331855 -0.83643 0.436185
v 0.0101298 -0.0163887 0.00953544
vn 0.47157 -0.762986 0.442126
v 0.00836736 -0.0168583 0.0103944
vn 0.39183 -0.78461 0.480475
v 0.00704089 -0.0180044 0.00941216
vn 0.331855 -0.83643 0.436185
v 0.00431291 -0.0197741 0.00729077
vn 0.204096 -0.917192 0.342205
v 0.00605044 -0.0195817 0.00651555
vn 0.286553 -0.90885 0.303115
v 0.00745027 -0.0186935 0.00757007
vn 0.350254 -0.867717 0.35269
v 0.00745027 -0.0186935 0.00757007
vn 0.350254 -0.867717 0.35269
v 0.00392705 -0.019109 0.0090672
vn 0.185543 -0.887545 0.421709
v 0.00431291 -0.0197741 0.00729077
vn 0.204096 -0.917192 0.342205
v 0.00745027 -0.0186935 0.00757007
vn 0.350254 -0.867717 0.35269
v 0.00704089 -0.0180044 0.00941216
vn 0.331855 -0.83643 0.436185
v 0.00392705 -0.019109 0.0090672
vn 0.185543 -0.887545 0.421709
v 0.00704089 -0.0180044 0.00941216
vn 0.331855 -0.83643 0.436185
v 0.00526139 -0.0182266 0.0101347
vn 0.247284 -0.847031 0.47052
v 0.00392705 -0.019109 0.0090672
vn 0.185543 -0.887545 0.421709
v -0.0144319 -0.0129133 -0.00940935
vn -0.668975 -0.603283 -0.434191
v -0.0142136 -0.0139718 -0.00812226
vn -0.658668 -0.655268 -0.369839
v -0.0152473 -0.0136626 -0.00662047
vn -0.70781 -0.638373 -0.302465
v -0.0152473 -0.0136626 -0.00662047
vn -0.70781 -0.638373 -0.302465
v -0.0164494 -0.0122636 -0.00649838
vn -0.762755 -0.57566 -0.294651
v -0.0144319 -0.0129133 -0.00940935
vn -0.668975 -0.603283 -0.434191
v -0.0164494 -0.0122636 -0.00649838
vn -0.762755 -0.57566 -0.294651
v -0.0155951 -0.0116224 -0.00924635
vn -0.721581 -0.547932 -0.423191
v -0.0144319 -0.0129133 -0.00940935
vn -0.668975 -0.603283 -0.434191
v -0.0164494 -0.0122636 -0.00649838
vn -0.762755 -0.57566 -0.294651
v -0.0165809 -0.0112708 -0.00784939
vn -0.771726 -0.525338 -0.358412
v -0.0155951 -0.0116224 -0.00924635
vn -0.721581 -0.547932 -0.423191
v 0.00232131 -0.0213436 0.00168653
vn 0.114173 -0.989677 0.0866313
v 0.00385498 -0.0211649 0.000870436
vn 0.185478 -0.981787 0.0411401
v 0.00521802 -0.0208038 0.00178393
vn 0.2496 -0.964272 0.088764
v 0.00521802 -0.0208038 0.00178393
vn 0.2496 -0.964272 0.088764
v 0.00201843 -0.0211652 0.0033956
vn 0.0964464 -0.981971 0.162575
v 0.00232131 -0.0213436 0.00168653
vn 0.114173 -0.989677 0.0866313
v 0.00521802 -0.0208038 0.00178393
vn 0.2496 -0.964272 0.088764
v 0.00496141 -0.0206242 0.00360586
vn 0.235936 -0.956914 0.169261
v 0.00201843 -0.0211652 0.0033956
vn 0.0964464 -0.981971 0.162575
v 0.00496141 -0.0206242 0.00360586
vn 0.235936 -0.956914 0.169261
v 0.00330887 -0.0208036 0.0044124
vn 0.158691 -0.964385 0.211608
v 0.00201843 -0.0211652 0.0033956
vn 0.0964464 -0.981971 0.162575
v 0.00124167 -0.02039 0.0067665
vn 0.0561725 -0.946219 0.318614
v 0.00297388 -0.0203902 0.00620268
vn 0.141257 -0.946256 0.290941
v 0.00431291 -0.0197741 0.00729077
vn 0.204096 -0.917192 0.342205
v 0.00431291 -0.0197741 0.00729077
vn 0.204096 -0.917192 0.342205
v 0.000795052 -0.019774 0.00843364
vn 0.0345533 -0.91736 0.396556
v 0.00124167 -0.02039 0.0067665
vn 0.0561725 -0.946219 0.318614
v 0.00431291 -0.0197741 0.00729077
vn 0.204096 -0.917192 0.342205
v 0.00392705 -0.019109 0.0090672
vn 0.185543 -0.887545 0.421709
v 0.000795052 -0.019774 0.00843364
vn 0.0345533 -0.91736 0.396556
v 0.00392705 -0.019109 0.0090672
vn 0.185543 -0.887545 0.421709
v 0.00215138 -0.0191089 0.0096441
vn 0.0974882 -0.887545 0.450288
v 0.000795052 -0.019774 0.00843364
vn 0.0345533 -0.91736 0.396556
v -0.00638085 -0.0150235 0.0139942
vn -0.293796 -0.701199 0.649618
v -0.00494814 -0.0143504 0.0152285
vn -0.229485 -0.671069 0.704985
v -0.00532743 -0.0128569 0.0163989
vn -0.247569 -0.599977 0.760747
v -0.00532743 -0.0128569 0.0163989
vn -0.247569 -0.599977 0.760747
v -0.00707693 -0.0120584 0.0163493
vn -0.327229 -0.563083 0.758853
v -0.00638085 -0.0150235 0.0139942
vn -0.293796 -0.701199 0.649618
v -0.00707693 -0.0120584 0.0163493
vn -0.327229 -0.563083 0.758853
v -0.0081489 -0.0141692 0.0139761
vn -0.376595 -0.661527 0.648504
v -0.00638085 -0.0150235 0.0139942
vn -0.293796 -0.701199 0.649618
v -0.00707693 -0.0120584 0.0163493
vn -0.327229 -0.563083 0.758853
v -0.00846262 -0.0127018 0.0151597
vn -0.38902 -0.593749 0.704362
v -0.0081489 -0.0141692 0.0139761
vn -0.376595 -0.661527 0.648504
v -0.0136132 -0.0116215 0.0119751
vn -0.626658 -0.546514 0.555537
v -0.0134086 -0.0129133 0.0108177
vn -0.620425 -0.603654 0.500674
v -0.0121167 -0.0139709 0.0110095
vn -0.556134 -0.654804 0.511807
v -0.0121167 -0.0139709 0.0110095
vn -0.556134 -0.654804 0.511807
v -0.0110082 -0.0136626 0.0124551
vn -0.505228 -0.638677 0.580376
v -0.0136132 -0.0116215 0.0119751
vn -0.626658 -0.546514 0.555537
v -0.0110082 -0.0136626 0.0124551
vn -0.505228 -0.638677 0.580376
v -0.0125886 -0.0112697 0.013345
vn -0.5785 -0.525296 0.62402
v -0.0136132 -0.0116215 0.0119751
vn -0.626658 -0.546514 0.555537
v -0.0110082 -0.0136626 0.0124551
vn -0.505228 -0.638677 0.580376
v -0.0112636 -0.0122636 0.0136361
vn -0.514657 -0.574486 0.63647
v -0.0125886 -0.0112697 0.013345
vn -0.5785 -0.525296 0.62402
v -0.00740825 -0.0191093 0.00653753
vn -0.34326 -0.887507 0.307414
v -0.00560048 -0.019774 0.00635559
vn -0.260649 -0.917453 0.300571
v -0.00432804 -0.0195814 0.00776783
vn -0.200459 -0.909122 0.365122
v -0.00432804 -0.0195814 0.00776783
vn -0.200459 -0.909122 0.365122
v -0.00801252 -0.0182271 0.00813477
vn -0.370148 -0.84768 0.380039
v -0.00740825 -0.0191093 0.00653753
vn -0.34326 -0.887507 0.307414
v -0.00432804 -0.0195814 0.00776783
vn -0.200459 -0.909122 0.365122
v -0.00489662 -0.0186933 0.00942563
vn -0.227087 -0.868024 0.441548
v -0.00801252 -0.0182271 0.00813477
vn -0.370148 -0.84768 0.380039
v -0.00489662 -0.0186933 0.00942563
vn -0.227087 -0.868024 0.441548
v -0.00677508 -0.0180043 0.00960558
vn -0.311816 -0.836758 0.450118
v -0.00801252 -0.0182271 0.00813477
vn -0.370148 -0.84768 0.380039
v -0.0156291 -0.0106051 0.0103626
vn -0.724035 -0.49866 0.476562
v -0.0146838 -0.0106057 0.0116629
vn -0.676933 -0.498678 0.54137
v -0.0149453 -0.0092368 0.0124675
vn -0.691078 -0.424622 0.5849
v -0.0149453 -0.0092368 0.0124675
vn -0.691078 -0.424622 0.5849
v -0.0164751 -0.00923713 0.0103617
vn -0.76982 -0.424604 0.476539
v -0.0156291 -0.0106051 0.0103626
vn -0.724035 -0.49866 0.476562
v -0.0149453 -0.0092368 0.0124675
vn -0.691078 -0.424622 0.5849
v -0.0160517 -0.00839224 0.0116633
vn -0.747314 -0.383001 0.542984
v -0.0164751 -0.00923713 0.0103617
vn -0.76982 -0.424604 0.476539
v 0.00655304 -0.0106051 0.0175701
vn 0.309231 -0.496429 0.811132
v 0.00723801 -0.00923714 0.0180667
vn 0.34365 -0.427424 0.836189
v 0.00613043 -0.00839225 0.0188708
vn 0.287486 -0.382498 0.878093
v 0.00613043 -0.00839225 0.0188708
vn 0.287486 -0.382498 0.878093
v 0.00502576 -0.0106051 0.0180663
vn 0.226605 -0.496437 0.837974
v 0.00655304 -0.0106051 0.0175701
vn 0.309231 -0.496429 0.811132
v 0.00613043 -0.00839225 0.0188708
vn 0.287486 -0.382498 0.878093
v 0.0047636 -0.00923809 0.0188702
vn 0.213489 -0.428279 0.878066
v 0.00502576 -0.0106051 0.0180663
vn 0.226605 -0.496437 0.837974
v -0.0136131 -0.0116224 -0.0119744
vn -0.626682 -0.546531 -0.555494
v -0.0134086 -0.0129134 -0.0108177
vn -0.620455 -0.603631 -0.500665
v -0.0144319 -0.0129133 -0.00940935
vn -0.668975 -0.603283 -0.434191
v -0.0144319 -0.0129133 -0.00940935
vn -0.668975 -0.603283 -0.434191
v -0.0155951 -0.0116224 -0.00924635
vn -0.721581 -0.547932 -0.423191
v -0.0136131 -0.0116224 -0.0119744
vn -0.626682 -0.546531 -0.555494
v -0.0155951 -0.0116224 -0.00924635
vn -0.721581 -0.547932 -0.423191
v -0.0146852 -0.0106051 -0.0116618
vn -0.676989 -0.498647 -0.541329
v -0.0136131 -0.0116224 -0.0119744
vn -0.626682 -0.546531 -0.555494
v -0.0155951 -0.0116224 -0.00924635
vn -0.721581 -0.547932 -0.423191
v -0.0156297 -0.0106057 -0.0103609
vn -0.724068 -0.498674 -0.476498
v -0.0146852 -0.0106051 -0.0116618
vn -0.676989 -0.498647 -0.541329
v 0.0194192 -0.00923672 0.00130192
vn 0.902911 -0.424572 0.0670043
v 0.0187348 -0.0106057 0.000804633
vn 0.86586 -0.498678 0.0400979
v 0.0187352 -0.010605 -0.000802926
vn 0.865872 -0.498661 -0.0400236
v 0.0187352 -0.010605 -0.000802926
vn 0.865872 -0.498661 -0.0400236
v 0.0194187 -0.00923801 -0.00130066
vn 0.902865 -0.424681 -0.0669469
v 0.0194192 -0.00923672 0.00130192
vn 0.902911 -0.424572 0.0670043
v 0.0194187 -0.00923801 -0.00130066
vn 0.902865 -0.424681 -0.0669469
v 0.0198416 -0.00839217 9.28983e-07
vn 0.92375 -0.382995 3.34768e-05
v 0.0194192 -0.00923672 0.00130192
vn 0.902911 -0.424572 0.0670043
v 0.0061322 -0.00839225 -0.0188702
vn 0.287607 -0.382497 -0.878054
v 0.00723764 -0.00923809 -0.0180664
vn 0.343631 -0.427462 -0.836178
v 0.00655452 -0.0106057 -0.0175692
vn 0.309308 -0.496456 -0.811085
v 0.00655452 -0.0106057 -0.0175692
vn 0.309308 -0.496456 -0.811085
v 0.00502576 -0.0106051 -0.0180663
vn 0.226577 -0.496442 -0.837979
v 0.0061322 -0.00839225 -0.0188702
vn 0.287607 -0.382497 -0.878054
v 0.00502576 -0.0106051 -0.0180663
vn 0.226577 -0.496442 -0.837979
v 0.0047636 -0.00923809 -0.0188702
vn 0.213491 -0.428284 -0.878063
v 0.0061322 -0.00839225 -0.0188702
vn 0.287607 -0.382497 -0.878054
v -0.000422695 -0.0215 0.0013009
vn -0.0203913 -0.997434 0.0686304
v 0.00110748 -0.0214999 0.000804632
vn 0.0563018 -0.997464 0.0435331
v 0.00232131 -0.0213436 0.00168653
vn 0.114173 -0.989677 0.0866313
v 0.00232131 -0.0213436 0.00168653
vn 0.114173 -0.989677 0.0866313
v -0.000886346 -0.0213438 0.00272782
vn -0.0441276 -0.989361 0.138631
v -0.000422695 -0.0215 0.0013009
vn -0.0203913 -0.997434 0.0686304
v 0.00232131 -0.0213436 0.00168653
vn 0.114173 -0.989677 0.0866313
v 0.00201843 -0.0211652 0.0033956
vn 0.0964464 -0.981971 0.162575
v -0.000886346 -0.0213438 0.00272782
vn -0.0441276 -0.989361 0.138631
v 0.00201843 -0.0211652 0.0033956
vn 0.0964464 -0.981971 0.162575
v 0.0003629 -0.0211652 0.0039335
vn 0.01657 -0.981937 0.18848
v -0.000886346 -0.0213438 0.00272782
vn -0.0441276 -0.989361 0.138631
v -0.0194195 0.00923643 -0.00130009
vn -0.902932 0.424541 -0.0669227
v -0.0198416 0.00839217 9.28249e-07
vn -0.923751 0.382994 2.98095e-05
v -0.0194192 0.00923672 0.00130192
vn -0.902897 0.424604 0.0669886
v -0.0194192 0.00923672 0.00130192
vn -0.902897 0.424604 0.0669886
v -0.0187357 0.010604 -0.000804431
vn -0.865905 0.4986 -0.0400868
v -0.0194195 0.00923643 -0.00130009
vn -0.902932 0.424541 -0.0669227
v -0.0194192 0.00923672 0.00130192
vn -0.902897 0.424604 0.0669886
v -0.0187357 0.010604 0.000804428
vn -0.865894 0.49862 0.0400695
v -0.0187357 0.010604 -0.000804431
vn -0.865905 0.4986 -0.0400868
v -0.0165809 -0.0112708 0.00784939
vn -0.771732 -0.525324 0.35842
v -0.0155951 -0.0116223 0.00924635
vn -0.721598 -0.547914 0.423185
v -0.0156291 -0.0106051 0.0103626
vn -0.724035 -0.49866 0.476562
v -0.0156291 -0.0106051 0.0103626
vn -0.724035 -0.49866 0.476562
v -0.0174961 -0.00979073 0.00784852
vn -0.814992 -0.455347 0.358395
v -0.0165809 -0.0112708 0.00784939
vn -0.771732 -0.525324 0.35842
v -0.0156291 -0.0106051 0.0103626
vn -0.724035 -0.49866 0.476562
v -0.0164751 -0.00923713 0.0103617
vn -0.76982 -0.424604 0.476539
v -0.0174961 -0.00979073 0.00784852
vn -0.814992 -0.455347 0.358395
v -0.0164751 -0.00923713 0.0103617
vn -0.76982 -0.424604 0.476539
v -0.0173686 -0.00875256 0.00924706
vn -0.811753 -0.402125 0.423501
v -0.0174961 -0.00979073 0.00784852
vn -0.814992 -0.455347 0.358395
v -0.00629481 0.0069784 0.0193768
vn -0.294652 0.315669 0.901961
v -0.00613151 0.00839075 0.0188711
vn -0.287567 0.382433 0.878094
v -0.00723734 0.00923651 0.0180673
vn -0.342529 0.426576 0.837082
v -0.00723734 0.00923651 0.0180673
vn -0.342529 0.426576 0.837082
v -0.00783674 0.00621819 0.0190654
vn -0.368215 0.283204 0.885558
v -0.00629481 0.0069784 0.0193768
vn -0.294652 0.315669 0.901961
v -0.00723734 0.00923651 0.0180673
vn -0.342529 0.426576 0.837082
v -0.00861728 0.00875123 0.0176901
vn -0.412117 0.401885 0.817709
v -0.00783674 0.00621819 0.0190654
vn -0.368215 0.283204 0.885558
v -0.00861728 0.00875123 0.0176901
vn -0.412117 0.401885 0.817709
v -0.00903316 0.00713325 0.0181958
vn -0.424006 0.328704 0.843903
v -0.00783674 0.00621819 0.0190654
vn -0.368215 0.283204 0.885558
v -0.000886337 -0.0213438 -0.00272783
vn -0.0441315 -0.989363 -0.138609
v 0.000362908 -0.0211652 -0.0039335
vn 0.0165523 -0.98194 -0.188468
v 0.00201843 -0.0211652 -0.00339559
vn 0.0964531 -0.981972 -0.162565
v 0.00201843 -0.0211652 -0.00339559
vn 0.0964531 -0.981972 -0.162565
v 0.00232044 -0.0213438 -0.00168589
vn 0.114156 -0.98968 -0.0866082
v -0.000886337 -0.0213438 -0.00272783
vn -0.0441315 -0.989363 -0.138609
v 0.00232044 -0.0213438 -0.00168589
vn 0.114156 -0.98968 -0.0866082
v -0.00042164 -0.0215 -0.00130066
vn -0.0208018 -0.99744 -0.0684098
v -0.000886337 -0.0213438 -0.00272783
vn -0.0441315 -0.989363 -0.138609
v 0.00232044 -0.0213438 -0.00168589
vn 0.114156 -0.98968 -0.0866082
v 0.00110748 -0.0214999 -0.000804632
vn 0.0563054 -0.997465 -0.0435204
v -0.00042164 -0.0215 -0.00130066
vn -0.0208018 -0.99744 -0.0684098
v 0.0145125 0.00713343 0.0142151
vn 0.672817 0.32574 0.664237
v 0.0157106 0.00621819 0.0133447
vn 0.730314 0.283796 0.621371
v 0.0164832 0.00697839 0.0119744
vn 0.768796 0.311438 0.558533
v 0.0164832 0.00697839 0.0119744
vn 0.768796 0.311438 0.558533
v 0.0160528 0.00839074 0.0116629
vn 0.747354 0.382903 0.542999
v 0.0145125 0.00713343 0.0142151
vn 0.672817 0.32574 0.664237
v 0.0160528 0.00839074 0.0116629
vn 0.747354 0.382903 0.542999
v 0.0141618 0.00875257 0.0136608
vn 0.652438 0.401895 0.642498
v 0.0145125 0.00713343 0.0142151
vn 0.672817 0.32574 0.664237
v 0.0160528 0.00839074 0.0116629
vn 0.747354 0.382903 0.542999
v 0.0149466 0.00923651 0.0124662
vn 0.691122 0.424587 0.584873
v 0.0141618 0.00875257 0.0136608
vn 0.652438 0.401895 0.642498
v 0.0180033 0.00713322 -0.00941105
vn 0.839672 0.325778 -0.434534
v 0.0175462 0.00621922 -0.0108176
vn 0.816638 0.283792 -0.502557
v 0.0164832 0.00697839 -0.0119745
vn 0.768797 0.311436 -0.558533
v 0.0164832 0.00697839 -0.0119745
vn 0.768797 0.311436 -0.558533
v 0.0160528 0.00839224 -0.0116618
vn 0.747349 0.382998 -0.542939
v 0.0180033 0.00713322 -0.00941105
vn 0.839672 0.325778 -0.434534
v 0.0160528 0.00839224 -0.0116618
vn 0.747349 0.382998 -0.542939
v 0.0173696 0.00875121 -0.00924636
vn 0.811818 0.402037 -0.423459
v 0.0180033 0.00713322 -0.00941105
vn 0.839672 0.325778 -0.434534
v 0.0160528 0.00839224 -0.0116618
vn 0.747349 0.382998 -0.542939
v 0.0164758 0.00923679 -0.0103609
vn 0.769837 0.424612 -0.476503
v 0.0173696 0.00875121 -0.00924636
vn 0.811818 0.402037 -0.423459
v -0.0173686 -0.00875256 0.00924706
vn -0.811753 -0.402125 0.423501
v -0.0164751 -0.00923713 0.0103617
vn -0.76982 -0.424604 0.476539
v -0.0160517 -0.00839224 0.0116633
vn -0.747314 -0.383001 0.542984
v -0.0160517 -0.00839224 0.0116633
vn -0.747314 -0.383001 0.542984
v -0.0180032 -0.00713484 0.00941008
vn -0.839643 -0.325864 0.434526
v -0.0173686 -0.00875256 0.00924706
vn -0.811753 -0.402125 0.423501
v -0.0160517 -0.00839224 0.0116633
vn -0.747314 -0.383001 0.542984
v -0.0164821 -0.0069784 0.011976
vn -0.768774 -0.311405 0.558582
v -0.0180032 -0.00713484 0.00941008
vn -0.839643 -0.325864 0.434526
v -0.0164821 -0.0069784 0.011976
vn -0.768774 -0.311405 0.558582
v -0.0175456 -0.00621969 0.0108184
vn -0.816603 -0.283845 0.502584
v -0.0180032 -0.00713484 0.00941008
vn -0.839643 -0.325864 0.434526
v -0.00342731 0.00875257 -0.019376
vn -0.147708 0.403006 -0.903199
v -0.00338625 0.00713385 -0.0200303
vn -0.152946 0.328714 -0.931963
v -0.00486614 0.00621923 -0.0200303
vn -0.222288 0.283 -0.933005
v -0.00486614 0.00621923 -0.0200303
vn -0.222288 0.283 -0.933005
v -0.00476439 0.00923651 -0.0188708
vn -0.213261 0.427804 -0.878353
v -0.00342731 0.00875257 -0.019376
vn -0.147708 0.403006 -0.903199
v -0.00486614 0.00621923 -0.0200303
vn -0.222288 0.283 -0.933005
v -0.00613151 0.00839075 -0.0188711
vn -0.287551 0.38247 -0.878084
v -0.00476439 0.00923651 -0.0188708
vn -0.213261 0.427804 -0.878353
v -0.00486614 0.00621923 -0.0200303
vn -0.222288 0.283 -0.933005
v -0.00629557 0.00697989 -0.019376
vn -0.29471 0.31571 -0.901927
v -0.00613151 0.00839075 -0.0188711
vn -0.287551 0.38247 -0.878084
v -0.0144314 -0.0129127 0.00941103
vn -0.668951 -0.60326 0.43426
v -0.0134086 -0.0129133 0.0108177
vn -0.620425 -0.603654 0.500674
v -0.0136132 -0.0116215 0.0119751
vn -0.626658 -0.546514 0.555537
v -0.0136132 -0.0116215 0.0119751
vn -0.626658 -0.546514 0.555537
v -0.0155951 -0.0116223 0.00924635
vn -0.721598 -0.547914 0.423185
v -0.0144314 -0.0129127 0.00941103
vn -0.668951 -0.60326 0.43426
v -0.0136132 -0.0116215 0.0119751
vn -0.626658 -0.546514 0.555537
v -0.0156291 -0.0106051 0.0103626
vn -0.724035 -0.49866 0.476562
v -0.0155951 -0.0116223 0.00924635
vn -0.721598 -0.547914 0.423185
v -0.0136132 -0.0116215 0.0119751
vn -0.626658 -0.546514 0.555537
v -0.0146838 -0.0106057 0.0116629
vn -0.676933 -0.498678 0.54137
v -0.0156291 -0.0106051 0.0103626
vn -0.724035 -0.49866 0.476562
v 0.00110748 -0.0214999 -0.000804632
vn 0.0563054 -0.997465 -0.0435204
v 0.00232044 -0.0213438 -0.00168589
vn 0.114156 -0.98968 -0.0866082
v 0.00385498 -0.0211649 -0.000870428
vn 0.185474 -0.981785 -0.0411975
v 0.00385498 -0.0211649 -0.000870428
vn 0.185474 -0.981785 -0.0411975
v 0.00385498 -0.0211649 0.000870436
vn 0.185478 -0.981787 0.0411401
v 0.00110748 -0.0214999 -0.000804632
vn 0.0563054 -0.997465 -0.0435204
v 0.00385498 -0.0211649 0.000870436
vn 0.185478 -0.981787 0.0411401
v 0.00110748 -0.0214999 0.000804632
vn 0.0563018 -0.997464 0.0435331
v 0.00110748 -0.0214999 -0.000804632
vn 0.0563054 -0.997465 -0.0435204
v 0.00385498 -0.0211649 0.000870436
vn 0.185478 -0.981787 0.0411401
v 0.00232131 -0.0213436 0.00168653
vn 0.114173 -0.989677 0.0866313
v 0.00110748 -0.0214999 0.000804632
vn 0.0563018 -0.997464 0.0435331
v 0.0128705 0.00979039 0.0142151
vn 0.592253 0.454497 0.665334
v 0.0141618 0.00875257 0.0136608
vn 0.652438 0.401895 0.642498
v 0.0149466 0.00923651 0.0124662
vn 0.691122 0.424587 0.584873
v 0.0149466 0.00923651 0.0124662
vn 0.691122 0.424587 0.584873
v 0.0146847 0.0106041 0.0116633
vn 0.676947 0.498617 0.541409
v 0.0128705 0.00979039 0.0142151
vn 0.592253 0.454497 0.665334
v 0.0146847 0.0106041 0.0116633
vn 0.676947 0.498617 0.541409
v 0.0125886 0.0112697 0.013345
vn 0.5785 0.525266 0.624046
v 0.0128705 0.00979039 0.0142151
vn 0.592253 0.454497 0.665334
v 0.0146847 0.0106041 0.0116633
vn 0.676947 0.498617 0.541409
v 0.0136126 0.0116214 0.011976
vn 0.626655 0.546493 0.555562
v 0.0125886 0.0112697 0.013345
vn 0.5785 0.525266 0.624046
v 0.017496 0.00979009 -0.00784939
vn 0.814999 0.455323 -0.358408
v 0.0173696 0.00875121 -0.00924636
vn 0.811818 0.402037 -0.423459
v 0.0164758 0.00923679 -0.0103609
vn 0.769837 0.424612 -0.476503
v 0.0164758 0.00923679 -0.0103609
vn 0.769837 0.424612 -0.476503
v 0.0156303 0.0106041 -0.0103617
vn 0.724089 0.49861 -0.476533
v 0.017496 0.00979009 -0.00784939
vn 0.814999 0.455323 -0.358408
v 0.0156303 0.0106041 -0.0103617
vn 0.724089 0.49861 -0.476533
v 0.0165821 0.0112697 -0.00784847
vn 0.771786 0.525279 -0.358368
v 0.017496 0.00979009 -0.00784939
vn 0.814999 0.455323 -0.358408
v 0.0156303 0.0106041 -0.0103617
vn 0.724089 0.49861 -0.476533
v 0.0155964 0.0116213 -0.00924539
vn 0.721653 0.547872 -0.423148
v 0.0165821 0.0112697 -0.00784847
vn 0.771786 0.525279 -0.358368
v -0.00234018 0.0112697 -0.0181958
vn -0.103385 0.52537 -0.84457
v -0.00205864 0.00979011 -0.0190653
vn -0.0898721 0.453952 -0.886482
v -0.00342731 0.00875257 -0.019376
vn -0.147708 0.403006 -0.903199
v -0.00342731 0.00875257 -0.019376
vn -0.147708 0.403006 -0.903199
v -0.00397464 0.0116224 -0.0176891
vn -0.175389 0.544749 -0.820054
v -0.00234018 0.0112697 -0.0181958
vn -0.103385 0.52537 -0.84457
v -0.00342731 0.00875257 -0.019376
vn -0.147708 0.403006 -0.903199
v -0.00476439 0.00923651 -0.0188708
vn -0.213261 0.427804 -0.878353
v -0.00397464 0.0116224 -0.0176891
vn -0.175389 0.544749 -0.820054
v -0.00476439 0.00923651 -0.0188708
vn -0.213261 0.427804 -0.878353
v -0.00502448 0.0106041 -0.0180673
vn -0.226442 0.496372 -0.838057
v -0.00397464 0.0116224 -0.0176891
vn -0.175389 0.544749 -0.820054
v -0.0187675 0.00979162 -0.00393397
vn -0.86999 0.455369 -0.189091
v -0.0194868 0.0087525 -0.00272783
vn -0.905639 0.402148 -0.134518
v -0.0194195 0.00923643 -0.00130009
vn -0.902932 0.424541 -0.0669227
v -0.0194195 0.00923643 -0.00130009
vn -0.902932 0.424541 -0.0669227
v -0.0187357 0.010604 -0.000804431
vn -0.865905 0.4986 -0.0400868
v -0.0187675 0.00979162 -0.00393397
vn -0.86999 0.455369 -0.189091
v -0.0187357 0.010604 -0.000804431
vn -0.865905 0.4986 -0.0400868
v -0.018028 0.0112708 -0.00339561
vn -0.834996 0.525362 -0.163632
v -0.0187675 0.00979162 -0.00393397
vn -0.86999 0.455369 -0.189091
v -0.0187357 0.010604 -0.000804431
vn -0.865905 0.4986 -0.0400868
v -0.0180516 0.0116223 -0.00168604
vn -0.832523 0.547924 -0.0817639
v -0.018028 0.0112708 -0.00339561
vn -0.834996 0.525362 -0.163632
v -0.00502448 0.0106041 0.0180673
vn -0.226511 0.496381 0.838033
v -0.00397332 0.0116214 0.0176901
vn -0.175299 0.544688 0.820113
v -0.00448954 0.0129119 0.0166342
vn -0.206615 0.604924 0.76901
v -0.00448954 0.0129119 0.0166342
vn -0.206615 0.604924 0.76901
v -0.00614507 0.0129119 0.0160963
vn -0.284844 0.604935 0.743584
v -0.00502448 0.0106041 0.0180673
vn -0.226511 0.496381 0.838033
v -0.00614507 0.0129119 0.0160963
vn -0.284844 0.604935 0.743584
v -0.00655304 0.0106051 0.0175701
vn -0.309279 0.496419 0.811119
v -0.00502448 0.0106041 0.0180673
vn -0.226511 0.496381 0.838033
v -0.00614507 0.0129119 0.0160963
vn -0.284844 0.604935 0.743584
v -0.0071817 0.0116224 0.0166471
vn -0.338401 0.54462 0.767381
v -0.00655304 0.0106051 0.0175701
vn -0.309279 0.496419 0.811119
v 0.0136126 0.0116214 0.011976
vn 0.626655 0.546493 0.555562
v 0.0146847 0.0106041 0.0116633
vn 0.676947 0.498617 0.541409
v 0.0156291 0.0106051 0.0103626
vn 0.724035 0.498673 0.476549
v 0.0156291 0.0106051 0.0103626
vn 0.724035 0.498673 0.476549
v 0.0155959 0.0116208 0.00924705
vn 0.72165 0.547816 0.423224
v 0.0136126 0.0116214 0.011976
vn 0.626655 0.546493 0.555562
v 0.0155959 0.0116208 0.00924705
vn 0.72165 0.547816 0.423224
v 0.014432 0.0129127 0.00941017
vn 0.66898 0.603246 0.434235
v 0.0136126 0.0116214 0.011976
vn 0.626655 0.546493 0.555562
v 0.014432 0.0129127 0.00941017
vn 0.66898 0.603246 0.434235
v 0.0134096 0.0129119 0.0108183
vn 0.62051 0.603542 0.500704
v 0.0136126 0.0116214 0.011976
vn 0.626655 0.546493 0.555562
v 8.41863e-05 0.0208038 -0.00551385
vn 0.0064728 0.964298 -0.26474
v -0.00124037 0.0203896 -0.00676778
vn -0.0561469 0.946201 -0.318671
v -0.00297447 0.0203896 -0.00620435
vn -0.141285 0.946215 -0.29106
v -0.00297447 0.0203896 -0.00620435
vn -0.141285 0.946215 -0.29106
v -0.00330822 0.0208041 -0.00441069
vn -0.158695 0.964409 -0.211499
v 8.41863e-05 0.0208038 -0.00551385
vn 0.0064728 0.964298 -0.26474
v -0.00330822 0.0208041 -0.00441069
vn -0.158695 0.964409 -0.211499
v -0.000364735 0.0211651 -0.00393396
vn -0.0166149 0.981935 -0.188489
v 8.41863e-05 0.0208038 -0.00551385
vn 0.0064728 0.964298 -0.26474
v -0.00330822 0.0208041 -0.00441069
vn -0.158695 0.964409 -0.211499
v -0.00201723 0.0211651 -0.00339704
vn -0.0964063 0.981969 -0.162615
v -0.000364735 0.0211651 -0.00393396
vn -0.0166149 0.981935 -0.188489
v -0.00392807 0.019109 -0.00906683
vn -0.18557 0.887527 -0.421735
v -0.00526238 0.0182265 -0.0101343
vn -0.247323 0.847008 -0.470541
v -0.00704186 0.0180043 -0.00941172
vn -0.331886 0.836438 -0.436145
v -0.00704186 0.0180043 -0.00941172
vn -0.331886 0.836438 -0.436145
v -0.0074512 0.0186933 -0.00756957
vn -0.350293 0.867727 -0.352625
v -0.00392807 0.019109 -0.00906683
vn -0.18557 0.887527 -0.421735
v -0.0074512 0.0186933 -0.00756957
vn -0.350293 0.867727 -0.352625
v -0.00431389 0.019774 -0.00729032
vn -0.204135 0.917193 -0.342179
v -0.00392807 0.019109 -0.00906683
vn -0.18557 0.887527 -0.421735
v -0.0074512 0.0186933 -0.00756957
vn -0.350293 0.867727 -0.352625
v -0.00604926 0.0195815 -0.00651699
vn -0.286517 0.908834 -0.303196
v -0.00431389 0.019774 -0.00729032
vn -0.204135 0.917193 -0.342179
v -0.00604926 0.0195815 -0.00651699
vn -0.286517 0.908834 -0.303196
v -0.0074512 0.0186933 -0.00756957
vn -0.350293 0.867727 -0.352625
v -0.00920372 0.0182402 -0.00668689
vn -0.429719 0.84734 -0.312022
v -0.00920372 0.0182402 -0.00668689
vn -0.429719 0.84734 -0.312022
v -0.0095027 0.0186931 -0.00474584
vn -0.443607 0.86794 -0.223367
v -0.00604926 0.0195815 -0.00651699
vn -0.286517 0.908834 -0.303196
v -0.0095027 0.0186931 -0.00474584
vn -0.443607 0.86794 -0.223367
v -0.00636976 0.020016 -0.00462673
vn -0.301565 0.927931 -0.219094
v -0.00604926 0.0195815 -0.00651699
vn -0.286517 0.908834 -0.303196
v -0.0095027 0.0186931 -0.00474584
vn -0.443607 0.86794 -0.223367
v -0.00806738 0.0195815 -0.00373934
vn -0.377687 0.908779 -0.177406
v -0.00636976 0.020016 -0.00462673
vn -0.301565 0.927931 -0.219094
v -0.00920372 0.0182402 -0.00668689
vn -0.429719 0.84734 -0.312022
v -0.0105578 0.0170813 -0.00766954
vn -0.491193 0.794704 -0.356616
v -0.0121984 0.0163894 -0.00668691
vn -0.565686 0.763303 -0.312038
v -0.0121984 0.0163894 -0.00668691
vn -0.565686 0.763303 -0.312038
v -0.0124713 0.0168583 -0.00474581
vn -0.577964 0.784903 -0.22335
v -0.00920372 0.0182402 -0.00668689
vn -0.429719 0.84734 -0.312022
v -0.0124713 0.0168583 -0.00474581
vn -0.577964 0.784903 -0.22335
v -0.0095027 0.0186931 -0.00474584
vn -0.443607 0.86794 -0.223367
v -0.00920372 0.0182402 -0.00668689
vn -0.429719 0.84734 -0.312022
v -0.0124713 0.0168583 -0.00474581
vn -0.577964 0.784903 -0.22335
v -0.0111273 0.0180044 -0.00378779
vn -0.517113 0.836673 -0.180478
v -0.0095027 0.0186931 -0.00474584
vn -0.443607 0.86794 -0.223367
v -0.0121984 0.0163894 -0.00668691
vn -0.565686 0.763303 -0.312038
v -0.0133888 0.0150234 -0.0075695
vn -0.620107 0.700605 -0.353017
v -0.0148075 0.0141692 -0.00651717
vn -0.685007 0.661986 -0.304204
v -0.0148075 0.0141692 -0.00651717
vn -0.685007 0.661986 -0.304204
v -0.0124713 0.0168583 -0.00474581
vn -0.577964 0.784903 -0.22335
v -0.0121984 0.0163894 -0.00668691
vn -0.565686 0.763303 -0.312038
v -0.0148075 0.0141692 -0.00651717
vn -0.685007 0.661986 -0.304204
v -0.0150546 0.0146478 -0.00462828
vn -0.695166 0.684613 -0.219203
v -0.0124713 0.0168583 -0.00474581
vn -0.577964 0.784903 -0.22335
v -0.0150546 0.0146478 -0.00462828
vn -0.695166 0.684613 -0.219203
v -0.0139063 0.0159729 -0.00373935
vn -0.643575 0.744411 -0.177943
v -0.0124713 0.0168583 -0.00474581
vn -0.577964 0.784903 -0.22335
v -0.015757 0.0127018 -0.00729036
vn -0.728477 0.594122 -0.341088
v -0.0169074 0.0117785 -0.00620373
vn -0.782606 0.549997 -0.2916
v -0.0171275 0.0122633 -0.00441241
vn -0.790266 0.575664 -0.209979
v -0.0171275 0.0122633 -0.00441241
vn -0.790266 0.575664 -0.209979
v -0.0162274 0.0136619 -0.00360538
vn -0.751282 0.637146 -0.172104
v -0.015757 0.0127018 -0.00729036
vn -0.728477 0.594122 -0.341088
v -0.0162274 0.0136619 -0.00360538
vn -0.751282 0.637146 -0.172104
v -0.0148075 0.0141692 -0.00651717
vn -0.685007 0.661986 -0.304204
v -0.015757 0.0127018 -0.00729036
vn -0.728477 0.594122 -0.341088
v -0.0162274 0.0136619 -0.00360538
vn -0.751282 0.637146 -0.172104
v -0.0150546 0.0146478 -0.00462828
vn -0.695166 0.684613 -0.219203
v -0.0148075 0.0141692 -0.00651717
vn -0.685007 0.661986 -0.304204
v -0.000796116 0.0197741 -0.0084334
vn -0.0346135 0.917357 -0.396558
v -0.00215063 0.0191093 -0.00964343
vn -0.0974785 0.887554 -0.450274
v -0.00392807 0.019109 -0.00906683
vn -0.18557 0.887527 -0.421735
v -0.00392807 0.019109 -0.00906683
vn -0.18557 0.887527 -0.421735
v -0.00431389 0.019774 -0.00729032
vn -0.204135 0.917193 -0.342179
v -0.000796116 0.0197741 -0.0084334
vn -0.0346135 0.917357 -0.396558
v -0.00431389 0.019774 -0.00729032
vn -0.204135 0.917193 -0.342179
v -0.00124037 0.0203896 -0.00676778
vn -0.0561469 0.946201 -0.318671
v -0.000796116 0.0197741 -0.0084334
vn -0.0346135 0.917357 -0.396558
v -0.00431389 0.019774 -0.00729032
vn -0.204135 0.917193 -0.342179
v -0.00297447 0.0203896 -0.00620435
vn -0.141285 0.946215 -0.29106
v -0.00124037 0.0203896 -0.00676778
vn -0.0561469 0.946201 -0.318671
v -0.00170039 0.0182267 -0.0112917
vn -0.0763229 0.847411 -0.525424
v -0.00303472 0.0173444 -0.0123593
vn -0.138058 0.806932 -0.574282
v -0.00480934 0.0173444 -0.0117827
vn -0.226078 0.806932 -0.545665
v -0.00480934 0.0173444 -0.0117827
vn -0.226078 0.806932 -0.545665
v -0.00526238 0.0182265 -0.0101343
vn -0.247323 0.847008 -0.470541
v -0.00170039 0.0182267 -0.0112917
vn -0.0763229 0.847411 -0.525424
v -0.00526238 0.0182265 -0.0101343
vn -0.247323 0.847008 -0.470541
v -0.00215063 0.0191093 -0.00964343
vn -0.0974785 0.887554 -0.450274
v -0.00170039 0.0182267 -0.0112917
vn -0.0763229 0.847411 -0.525424
v -0.00526238 0.0182265 -0.0101343
vn -0.247323 0.847008 -0.470541
v -0.00392807 0.019109 -0.00906683
vn -0.18557 0.887527 -0.421735
v -0.00215063 0.0191093 -0.00964343
vn -0.0974785 0.887554 -0.450274
v -0.00480934 0.0173444 -0.0117827
vn -0.226078 0.806932 -0.545665
v -0.00608057 0.016238 -0.0127328
vn -0.285175 0.7572 -0.587642
v -0.00785455 0.0159728 -0.0120697
vn -0.368287 0.743259 -0.558507
v -0.00785455 0.0159728 -0.0120697
vn -0.368287 0.743259 -0.558507
v -0.00836691 0.0168594 -0.0103929
vn -0.391796 0.784645 -0.480446
v -0.00480934 0.0173444 -0.0117827
vn -0.226078 0.806932 -0.545665
v -0.00836691 0.0168594 -0.0103929
vn -0.391796 0.784645 -0.480446
v -0.00526238 0.0182265 -0.0101343
vn -0.247323 0.847008 -0.470541
v -0.00480934 0.0173444 -0.0117827
vn -0.226078 0.806932 -0.545665
v -0.00836691 0.0168594 -0.0103929
vn -0.391796 0.784645 -0.480446
v -0.00704186 0.0180043 -0.00941172
vn -0.331886 0.836438 -0.436145
v -0.00526238 0.0182265 -0.0101343
vn -0.247323 0.847008 -0.470541
v -0.00496236 0.0206241 -0.00360536
vn -0.235944 0.956907 -0.169291
v -0.00636976 0.020016 -0.00462673
vn -0.301565 0.927931 -0.219094
v -0.00806738 0.0195815 -0.00373934
vn -0.377687 0.908779 -0.177406
v -0.00806738 0.0195815 -0.00373934
vn -0.377687 0.908779 -0.177406
v -0.00826588 0.0197744 -0.00184833
vn -0.387906 0.91729 -0.0900411
v -0.00496236 0.0206241 -0.00360536
vn -0.235944 0.956907 -0.169291
v -0.00826588 0.0197744 -0.00184833
vn -0.387906 0.91729 -0.0900411
v -0.00521715 0.0208041 -0.00178333
vn -0.249549 0.964294 -0.0886754
v -0.00496236 0.0206241 -0.00360536
vn -0.235944 0.956907 -0.169291
v -0.00826588 0.0197744 -0.00184833
vn -0.387906 0.91729 -0.0900411
v -0.0068199 0.0203896 -0.000911664
vn -0.321205 0.945943 -0.0449355
v -0.00521715 0.0208041 -0.00178333
vn -0.249549 0.964294 -0.0886754
v -0.00256345 0.0162372 -0.0138763
vn -0.115268 0.756842 -0.643353
v -0.00382767 0.015218 -0.0147255
vn -0.174479 0.71055 -0.681671
v -0.00555866 0.015218 -0.0141631
vn -0.260263 0.710358 -0.653954
v -0.00555866 0.015218 -0.0141631
vn -0.260263 0.710358 -0.653954
v -0.00608057 0.016238 -0.0127328
vn -0.285175 0.7572 -0.587642
v -0.00256345 0.0162372 -0.0138763
vn -0.115268 0.756842 -0.643353
v -0.00608057 0.016238 -0.0127328
vn -0.285175 0.7572 -0.587642
v -0.00303472 0.0173444 -0.0123593
vn -0.138058 0.806932 -0.574282
v -0.00256345 0.0162372 -0.0138763
vn -0.115268 0.756842 -0.643353
v -0.00608057 0.016238 -0.0127328
vn -0.285175 0.7572 -0.587642
v -0.00480934 0.0173444 -0.0117827
vn -0.226078 0.806932 -0.545665
v -0.00303472 0.0173444 -0.0123593
vn -0.138058 0.806932 -0.574282
v -0.00704186 0.0180043 -0.00941172
vn -0.331886 0.836438 -0.436145
v -0.00836691 0.0168594 -0.0103929
vn -0.391796 0.784645 -0.480446
v -0.0101293 0.0163898 -0.00953398
vn -0.471571 0.763044 -0.442022
v -0.0101293 0.0163898 -0.00953398
vn -0.471571 0.763044 -0.442022
v -0.0105578 0.0170813 -0.00766954
vn -0.491193 0.794704 -0.356616
v -0.00704186 0.0180043 -0.00941172
vn -0.331886 0.836438 -0.436145
v -0.0105578 0.0170813 -0.00766954
vn -0.491193 0.794704 -0.356616
v -0.0074512 0.0186933 -0.00756957
vn -0.350293 0.867727 -0.352625
v -0.00704186 0.0180043 -0.00941172
vn -0.331886 0.836438 -0.436145
v -0.0105578 0.0170813 -0.00766954
vn -0.491193 0.794704 -0.356616
v -0.00920372 0.0182402 -0.00668689
vn -0.429719 0.84734 -0.312022
v -0.0074512 0.0186933 -0.00756957
vn -0.350293 0.867727 -0.352625
v -0.00555866 0.015218 -0.0141631
vn -0.260263 0.710358 -0.653954
v -0.00672477 0.0139718 -0.0149256
vn -0.315683 0.656175 -0.685404
v -0.0084434 0.013662 -0.0143191
vn -0.393559 0.639714 -0.660211
v -0.0084434 0.013662 -0.0143191
vn -0.393559 0.639714 -0.660211
v -0.0090525 0.0146475 -0.0128888
vn -0.422383 0.685536 -0.592987
v -0.00555866 0.015218 -0.0141631
vn -0.260263 0.710358 -0.653954
v -0.0090525 0.0146475 -0.0128888
vn -0.422383 0.685536 -0.592987
v -0.00608057 0.016238 -0.0127328
vn -0.285175 0.7572 -0.587642
v -0.00555866 0.015218 -0.0141631
vn -0.260263 0.710358 -0.653954
v -0.0090525 0.0146475 -0.0128888
vn -0.422383 0.685536 -0.592987
v -0.00785455 0.0159728 -0.0120697
vn -0.368287 0.743259 -0.558507
v -0.00608057 0.016238 -0.0127328
vn -0.285175 0.7572 -0.587642
v -0.00806738 0.0195815 -0.00373934
vn -0.377687 0.908779 -0.177406
v -0.0095027 0.0186931 -0.00474584
vn -0.443607 0.86794 -0.223367
v -0.0111273 0.0180044 -0.00378779
vn -0.517113 0.836673 -0.180478
v -0.0111273 0.0180044 -0.00378779
vn -0.517113 0.836673 -0.180478
v -0.0112638 0.0182271 -0.00187159
vn -0.523561 0.847174 -0.0904483
v -0.00806738 0.0195815 -0.00373934
vn -0.377687 0.908779 -0.177406
v -0.0112638 0.0182271 -0.00187159
vn -0.523561 0.847174 -0.0904483
v -0.00826588 0.0197744 -0.00184833
vn -0.387906 0.91729 -0.0900411
v -0.00806738 0.0195815 -0.00373934
vn -0.377687 0.908779 -0.177406
v -0.0112638 0.0182271 -0.00187159
vn -0.523561 0.847174 -0.0904483
v -0.00983779 0.0191084 -0.000934584
vn -0.458674 0.88735 -0.0472072
v -0.00826588 0.0197744 -0.00184833
vn -0.387906 0.91729 -0.0900411
v -0.00382767 0.015218 -0.0147255
vn -0.174479 0.71055 -0.681671
v -0.00333219 0.013971 -0.0160286
vn -0.147608 0.65448 -0.741531
v -0.00448913 0.0129134 -0.0166332
vn -0.206593 0.604971 -0.76898
v -0.00448913 0.0129134 -0.0166332
vn -0.206593 0.604971 -0.76898
v -0.00555866 0.015218 -0.0141631
vn -0.260263 0.710358 -0.653954
v -0.00382767 0.015218 -0.0147255
vn -0.174479 0.71055 -0.681671
v -0.00448913 0.0129134 -0.0166332
vn -0.206593 0.604971 -0.76898
v -0.00614442 0.0129127 -0.016096
vn -0.284849 0.604952 -0.743568
v -0.00555866 0.015218 -0.0141631
vn -0.260263 0.710358 -0.653954
v -0.00614442 0.0129127 -0.016096
vn -0.284849 0.604952 -0.743568
v -0.00672477 0.0139718 -0.0149256
vn -0.315683 0.656175 -0.685404
v -0.00555866 0.015218 -0.0141631
vn -0.260263 0.710358 -0.653954
v -0.0101293 0.0163898 -0.00953398
vn -0.471571 0.763044 -0.442022
v -0.011336 0.0150246 -0.010393
vn -0.526544 0.701389 -0.480422
v -0.0129547 0.0143495 -0.00941217
vn -0.600303 0.67057 -0.435858
v -0.0129547 0.0143495 -0.00941217
vn -0.600303 0.67057 -0.435858
v -0.0105578 0.0170813 -0.00766954
vn -0.491193 0.794704 -0.356616
v -0.0101293 0.0163898 -0.00953398
vn -0.471571 0.763044 -0.442022
v -0.0129547 0.0143495 -0.00941217
vn -0.600303 0.67057 -0.435858
v -0.0133888 0.0150234 -0.0075695
vn -0.620107 0.700605 -0.353017
v -0.0105578 0.0170813 -0.00766954
vn -0.491193 0.794704 -0.356616
v -0.0133888 0.0150234 -0.0075695
vn -0.620107 0.700605 -0.353017
v -0.0121984 0.0163894 -0.00668691
vn -0.565686 0.763303 -0.312038
v -0.0105578 0.0170813 -0.00766954
vn -0.491193 0.794704 -0.356616
v -0.00672477 0.0139718 -0.0149256
vn -0.315683 0.656175 -0.685404
v -0.00614442 0.0129127 -0.016096
vn -0.284849 0.604952 -0.743568
v -0.0071817 0.0116224 -0.0166471
vn -0.338396 0.544634 -0.767373
v -0.0071817 0.0116224 -0.0166471
vn -0.338396 0.544634 -0.767373
v -0.0084434 0.013662 -0.0143191
vn -0.393559 0.639714 -0.660211
v -0.00672477 0.0139718 -0.0149256
vn -0.315683 0.656175 -0.685404
v -0.0071817 0.0116224 -0.0166471
vn -0.338396 0.544634 -0.767373
v -0.00880132 0.0112706 -0.016096
vn -0.414319 0.52485 -0.743554
v -0.0084434 0.013662 -0.0143191
vn -0.393559 0.639714 -0.660211
v -0.00880132 0.0112706 -0.016096
vn -0.414319 0.52485 -0.743554
v -0.00948908 0.0122634 -0.0149257
vn -0.445117 0.573424 -0.68779
v -0.0084434 0.013662 -0.0143191
vn -0.393559 0.639714 -0.660211
v -0.0111273 0.0180044 -0.00378779
vn -0.517113 0.836673 -0.180478
v -0.0124713 0.0168583 -0.00474581
vn -0.577964 0.784903 -0.22335
v -0.0139063 0.0159729 -0.00373935
vn -0.643575 0.744411 -0.177943
v -0.0139063 0.0159729 -0.00373935
vn -0.643575 0.744411 -0.177943
v -0.0112638 0.0182271 -0.00187159
vn -0.523561 0.847174 -0.0904483
v -0.0111273 0.0180044 -0.00378779
vn -0.517113 0.836673 -0.180478
v -0.0139063 0.0159729 -0.00373935
vn -0.643575 0.744411 -0.177943
v -0.0139901 0.0162367 -0.00184833
vn -0.646087 0.758021 -0.089303
v -0.0112638 0.0182271 -0.00187159
vn -0.523561 0.847174 -0.0904483
v -0.0139901 0.0162367 -0.00184833
vn -0.646087 0.758021 -0.089303
v -0.012693 0.0173437 -0.000934571
vn -0.588579 0.807058 -0.0472486
v -0.0112638 0.0182271 -0.00187159
vn -0.523561 0.847174 -0.0904483
v -0.00201723 0.0211651 -0.00339704
vn -0.0964063 0.981969 -0.162615
v -0.00330822 0.0208041 -0.00441069
vn -0.158695 0.964409 -0.211499
v -0.00496236 0.0206241 -0.00360536
vn -0.235944 0.956907 -0.169291
v -0.00496236 0.0206241 -0.00360536
vn -0.235944 0.956907 -0.169291
v -0.00521715 0.0208041 -0.00178333
vn -0.249549 0.964294 -0.0886754
v -0.00201723 0.0211651 -0.00339704
vn -0.0964063 0.981969 -0.162615
v -0.00521715 0.0208041 -0.00178333
vn -0.249549 0.964294 -0.0886754
v -0.00232226 0.0213435 -0.00168603
vn -0.114204 0.989671 -0.0866537
v -0.00201723 0.0211651 -0.00339704
vn -0.0964063 0.981969 -0.162615
v -0.00521715 0.0208041 -0.00178333
vn -0.249549 0.964294 -0.0886754
v -0.0038541 0.0211651 -0.000869841
vn -0.185479 0.981788 -0.0410979
v -0.00232226 0.0213435 -0.00168603
vn -0.114204 0.989671 -0.0866537
v -0.0139501 0.0128568 -0.0101342
vn -0.647292 0.600381 -0.469633
v -0.015334 0.0120598 -0.00906747
vn -0.710208 0.563751 -0.42165
v -0.015757 0.0127018 -0.00729036
vn -0.728477 0.594122 -0.341088
v -0.015757 0.0127018 -0.00729036
vn -0.728477 0.594122 -0.341088
v -0.0148075 0.0141692 -0.00651717
vn -0.685007 0.661986 -0.304204
v -0.0139501 0.0128568 -0.0101342
vn -0.647292 0.600381 -0.469633
v -0.0148075 0.0141692 -0.00651717
vn -0.685007 0.661986 -0.304204
v -0.0129547 0.0143495 -0.00941217
vn -0.600303 0.67057 -0.435858
v -0.0139501 0.0128568 -0.0101342
vn -0.647292 0.600381 -0.469633
v -0.0148075 0.0141692 -0.00651717
vn -0.685007 0.661986 -0.304204
v -0.0133888 0.0150234 -0.0075695
vn -0.620107 0.700605 -0.353017
v -0.0129547 0.0143495 -0.00941217
vn -0.600303 0.67057 -0.435858
v -0.0107736 0.0141687 -0.0120698
vn -0.500675 0.662865 -0.556718
v -0.0118042 0.0127006 -0.0127328
vn -0.550853 0.593248 -0.587042
v -0.0133618 0.0120593 -0.0117824
vn -0.620667 0.563175 -0.545533
v -0.0133618 0.0120593 -0.0117824
vn -0.620667 0.563175 -0.545533
v -0.011336 0.0150246 -0.010393
vn -0.526544 0.701389 -0.480422
v -0.0107736 0.0141687 -0.0120698
vn -0.500675 0.662865 -0.556718
v -0.0133618 0.0120593 -0.0117824
vn -0.620667 0.563175 -0.545533
v -0.0139501 0.0128568 -0.0101342
vn -0.647292 0.600381 -0.469633
v -0.011336 0.0150246 -0.010393
vn -0.526544 0.701389 -0.480422
v -0.0139501 0.0128568 -0.0101342
vn -0.647292 0.600381 -0.469633
v -0.0129547 0.0143495 -0.00941217
vn -0.600303 0.67057 -0.435858
v -0.011336 0.0150246 -0.010393
vn -0.526544 0.701389 -0.480422
v 0.00317254 0.0208041 -0.00450926
vn 0.150066 0.964226 -0.218515
v 0.00189579 0.0206238 -0.00583454
vn 0.0895824 0.957343 -0.274718
v 8.41863e-05 0.0208038 -0.00551385
vn 0.0064728 0.964298 -0.26474
v 8.41863e-05 0.0208038 -0.00551385
vn 0.0064728 0.964298 -0.26474
v -0.000364735 0.0211651 -0.00393396
vn -0.0166149 0.981935 -0.188489
v 0.00317254 0.0208041 -0.00450926
vn 0.150066 0.964226 -0.218515
v -0.000364735 0.0211651 -0.00393396
vn -0.0166149 0.981935 -0.188489
v 0.00260743 0.0211651 -0.00296823
vn 0.123516 0.982067 -0.142436
v 0.00317254 0.0208041 -0.00450926
vn 0.150066 0.964226 -0.218515
v -0.000364735 0.0211651 -0.00393396
vn -0.0166149 0.981935 -0.188489
v 0.000885902 0.0213435 -0.0027296
vn 0.0441647 0.989336 -0.138791
v 0.00260743 0.0211651 -0.00296823
vn 0.123516 0.982067 -0.142436
v -0.0150546 0.0146478 -0.00462828
vn -0.695166 0.684613 -0.219203
v -0.0162274 0.0136619 -0.00360538
vn -0.751282 0.637146 -0.172104
v -0.0162733 0.0139717 -0.00178343
vn -0.750628 0.655162 -0.0855554
v -0.0162733 0.0139717 -0.00178343
vn -0.750628 0.655162 -0.0855554
v -0.0151877 0.0152179 -0.000911112
vn -0.703225 0.709572 -0.0445243
v -0.0150546 0.0146478 -0.00462828
vn -0.695166 0.684613 -0.219203
v -0.0151877 0.0152179 -0.000911112
vn -0.703225 0.709572 -0.0445243
v -0.0139063 0.0159729 -0.00373935
vn -0.643575 0.744411 -0.177943
v -0.0150546 0.0146478 -0.00462828
vn -0.695166 0.684613 -0.219203
v -0.0151877 0.0152179 -0.000911112
vn -0.703225 0.709572 -0.0445243
v -0.0139901 0.0162367 -0.00184833
vn -0.646087 0.758021 -0.089303
v -0.0139063 0.0159729 -0.00373935
vn -0.643575 0.744411 -0.177943
v -0.0171275 0.0122633 -0.00441241
vn -0.790266 0.575664 -0.209979
v -0.018028 0.0112708 -0.00339561
vn -0.834996 0.525362 -0.163632
v -0.0180516 0.0116223 -0.00168604
vn -0.832523 0.547924 -0.0817639
v -0.0180516 0.0116223 -0.00168604
vn -0.832523 0.547924 -0.0817639
v -0.0172075 0.0129118 -0.000870363
vn -0.795823 0.604106 -0.0414955
v -0.0171275 0.0122633 -0.00441241
vn -0.790266 0.575664 -0.209979
v -0.0172075 0.0129118 -0.000870363
vn -0.795823 0.604106 -0.0414955
v -0.0162274 0.0136619 -0.00360538
vn -0.751282 0.637146 -0.172104
v -0.0171275 0.0122633 -0.00441241
vn -0.790266 0.575664 -0.209979
v -0.0172075 0.0129118 -0.000870363
vn -0.795823 0.604106 -0.0414955
v -0.0162733 0.0139717 -0.00178343
vn -0.750628 0.655162 -0.0855554
v -0.0162274 0.0136619 -0.00360538
vn -0.751282 0.637146 -0.172104
v 0.0056008 0.0197745 -0.00635382
vn 0.260666 0.917486 -0.300453
v 0.00432873 0.0195816 -0.00776702
vn 0.200472 0.909134 -0.365084
v 0.0024327 0.0200162 -0.00748696
vn 0.115415 0.927994 -0.354269
v 0.0024327 0.0200162 -0.00748696
vn 0.115415 0.927994 -0.354269
v 0.00189579 0.0206238 -0.00583454
vn 0.0895824 0.957343 -0.274718
v 0.0056008 0.0197745 -0.00635382
vn 0.260666 0.917486 -0.300453
v 0.00189579 0.0206238 -0.00583454
vn 0.0895824 0.957343 -0.274718
v 0.00498184 0.02039 -0.00474433
vn 0.232363 0.946242 -0.22502
v 0.0056008 0.0197745 -0.00635382
vn 0.260666 0.917486 -0.300453
v 0.00189579 0.0206238 -0.00583454
vn 0.0895824 0.957343 -0.274718
v 0.00317254 0.0208041 -0.00450926
vn 0.150066 0.964226 -0.218515
v 0.00498184 0.02039 -0.00474433
vn 0.232363 0.946242 -0.22502
v 0.00605325 0.0203896 -0.00327103
vn 0.285676 0.946011 -0.153139
v 0.00498184 0.02039 -0.00474433
vn 0.232363 0.946242 -0.22502
v 0.00317254 0.0208041 -0.00450926
vn 0.150066 0.964226 -0.218515
v 0.00317254 0.0208041 -0.00450926
vn 0.150066 0.964226 -0.218515
v 0.00260743 0.0211651 -0.00296823
vn 0.123516 0.982067 -0.142436
v 0.00605325 0.0203896 -0.00327103
vn 0.285676 0.946011 -0.153139
v 0.00260743 0.0211651 -0.00296823
vn 0.123516 0.982067 -0.142436
v 0.00527053 0.0208037 -0.00162288
vn 0.252399 0.964547 -0.077099
v 0.00605325 0.0203896 -0.00327103
vn 0.285676 0.946011 -0.153139
v 0.00260743 0.0211651 -0.00296823
vn 0.123516 0.982067 -0.142436
v 0.00363036 0.0211649 -0.00156168
vn 0.17421 0.981728 -0.0765524
v 0.00527053 0.0208037 -0.00162288
vn 0.252399 0.964547 -0.077099
v 0.0080138 0.0182262 -0.0081357
vn 0.37021 0.847611 -0.380132
v 0.00677574 0.0180045 -0.00960474
vn 0.311846 0.836774 -0.450069
v 0.00489731 0.0186935 -0.00942484
vn 0.227118 0.868028 -0.441526
v 0.00489731 0.0186935 -0.00942484
vn 0.227118 0.868028 -0.441526
v 0.00432873 0.0195816 -0.00776702
vn 0.200472 0.909134 -0.365084
v 0.0080138 0.0182262 -0.0081357
vn 0.37021 0.847611 -0.380132
v 0.00432873 0.0195816 -0.00776702
vn 0.200472 0.909134 -0.365084
v 0.00740958 0.0191085 -0.00653852
vn 0.343314 0.88746 -0.307491
v 0.0080138 0.0182262 -0.0081357
vn 0.37021 0.847611 -0.380132
v 0.00432873 0.0195816 -0.00776702
vn 0.200472 0.909134 -0.365084
v 0.0056008 0.0197745 -0.00635382
vn 0.260666 0.917486 -0.300453
v 0.00740958 0.0191085 -0.00653852
vn 0.343314 0.88746 -0.307491
v 0.00403244 0.0170817 -0.0124104
vn 0.187683 0.794558 -0.577454
v 0.00259096 0.0163899 -0.013667
vn 0.122158 0.763166 -0.634551
v 0.000659763 0.0168583 -0.0133274
vn 0.0346361 0.784828 -0.618745
v 0.000659763 0.0168583 -0.0133274
vn 0.0346361 0.784828 -0.618745
v 0.000163958 0.0180045 -0.0117531
vn 0.0122954 0.836827 -0.547329
v 0.00403244 0.0170817 -0.0124104
vn 0.187683 0.794558 -0.577454
v 0.000163958 0.0180045 -0.0117531
vn 0.0122954 0.836827 -0.547329
v 0.00351555 0.0182402 -0.0108196
vn 0.164026 0.8476 -0.504647
v 0.00403244 0.0170817 -0.0124104
vn 0.187683 0.794558 -0.577454
v 0.000163958 0.0180045 -0.0117531
vn 0.0122954 0.836827 -0.547329
v 0.00157788 0.0186935 -0.0105034
vn 0.0762354 0.867895 -0.490863
v 0.00351555 0.0182402 -0.0108196
vn 0.164026 0.8476 -0.504647
v 0.00306354 0.0150235 -0.0150721
vn 0.143841 0.701507 -0.697995
v 0.00162196 0.0141679 -0.0160979
vn 0.0768758 0.662506 -0.745101
v -0.000251304 0.0146481 -0.0157477
vn -0.00652316 0.684768 -0.728732
v -0.000251304 0.0146481 -0.0157477
vn -0.00652316 0.684768 -0.728732
v -0.000740867 0.015973 -0.0143811
vn -0.0297182 0.743356 -0.668236
v 0.00306354 0.0150235 -0.0150721
vn 0.143841 0.701507 -0.697995
v -0.000740867 0.015973 -0.0143811
vn -0.0297182 0.743356 -0.668236
v 0.00259096 0.0163899 -0.013667
vn 0.122158 0.763166 -0.634551
v 0.00306354 0.0150235 -0.0150721
vn 0.143841 0.701507 -0.697995
v -0.000740867 0.015973 -0.0143811
vn -0.0297182 0.743356 -0.668236
v 0.000659763 0.0168583 -0.0133274
vn 0.0346361 0.784828 -0.618745
v 0.00259096 0.0163899 -0.013667
vn 0.122158 0.763166 -0.634551
v 0.00162196 0.0141679 -0.0160979
vn 0.0768758 0.662506 -0.745101
v 0.00206571 0.0127007 -0.0172394
vn 0.100207 0.592708 -0.79916
v 0.000674519 0.0117789 -0.0179967
vn 0.0347007 0.549541 -0.834746
v 0.000674519 0.0117789 -0.0179967
vn 0.0347007 0.549541 -0.834746
v -0.000251304 0.0146481 -0.0157477
vn -0.00652316 0.684768 -0.728732
v 0.00162196 0.0141679 -0.0160979
vn 0.0768758 0.662506 -0.745101
v 0.000674519 0.0117789 -0.0179967
vn 0.0347007 0.549541 -0.834746
v -0.00109715 0.0122636 -0.0176525
vn -0.0434543 0.573256 -0.818223
v -0.000251304 0.0146481 -0.0157477
vn -0.00652316 0.684768 -0.728732
v -0.00109715 0.0122636 -0.0176525
vn -0.0434543 0.573256 -0.818223
v -0.00158525 0.0136612 -0.0165479
vn -0.070903 0.638965 -0.765961
v -0.000251304 0.0146481 -0.0157477
vn -0.00652316 0.684768 -0.728732
v 0.0108172 0.0173443 -0.00670454
vn 0.503811 0.80708 -0.30789
v 0.00971981 0.0173444 -0.00821499
vn 0.448956 0.807053 -0.383541
v 0.0080138 0.0182262 -0.0081357
vn 0.37021 0.847611 -0.380132
v 0.0080138 0.0182262 -0.0081357
vn 0.37021 0.847611 -0.380132
v 0.00740958 0.0191085 -0.00653852
vn 0.343314 0.88746 -0.307491
v 0.0108172 0.0173443 -0.00670454
vn 0.503811 0.80708 -0.30789
v 0.00740958 0.0191085 -0.00653852
vn 0.343314 0.88746 -0.307491
v 0.010214 0.0182262 -0.00510741
vn 0.477058 0.846749 -0.235441
v 0.0108172 0.0173443 -0.00670454
vn 0.503811 0.80708 -0.30789
v 0.00740958 0.0191085 -0.00653852
vn 0.343314 0.88746 -0.307491
v 0.00850824 0.0191085 -0.00502634
vn 0.398238 0.887466 -0.231969
v 0.010214 0.0182262 -0.00510741
vn 0.477058 0.846749 -0.235441
v 0.0024327 0.0200162 -0.00748696
vn 0.115415 0.927994 -0.354269
v 0.00106341 0.0195816 -0.008828
vn 0.0526784 0.909289 -0.412818
v -0.000796116 0.0197741 -0.0084334
vn -0.0346135 0.917357 -0.396558
v -0.000796116 0.0197741 -0.0084334
vn -0.0346135 0.917357 -0.396558
v -0.00124037 0.0203896 -0.00676778
vn -0.0561469 0.946201 -0.318671
v 0.0024327 0.0200162 -0.00748696
vn 0.115415 0.927994 -0.354269
v -0.00124037 0.0203896 -0.00676778
vn -0.0561469 0.946201 -0.318671
v 0.00189579 0.0206238 -0.00583454
vn 0.0895824 0.957343 -0.274718
v 0.0024327 0.0200162 -0.00748696
vn 0.115415 0.927994 -0.354269
v -0.00124037 0.0203896 -0.00676778
vn -0.0561469 0.946201 -0.318671
v 8.41863e-05 0.0208038 -0.00551385
vn 0.0064728 0.964298 -0.26474
v 0.00189579 0.0206238 -0.00583454
vn 0.0895824 0.957343 -0.274718
v 0.0117516 0.0152179 -0.00966411
vn 0.541917 0.710324 -0.449183
v 0.0102318 0.0162368 -0.00971841
vn 0.470981 0.757391 -0.452255
v 0.00971981 0.0173444 -0.00821499
vn 0.448956 0.807053 -0.383541
v 0.00971981 0.0173444 -0.00821499
vn 0.448956 0.807053 -0.383541
v 0.0128235 0.0152172 -0.00818987
vn 0.59471 0.710296 -0.376563
v 0.0117516 0.0152179 -0.00966411
vn 0.541917 0.710324 -0.449183
v 0.00971981 0.0173444 -0.00821499
vn 0.448956 0.807053 -0.383541
v 0.0108172 0.0173443 -0.00670454
vn 0.503811 0.80708 -0.30789
v 0.0128235 0.0152172 -0.00818987
vn 0.59471 0.710296 -0.376563
v 0.0108172 0.0173443 -0.00670454
vn 0.503811 0.80708 -0.30789
v 0.012405 0.0162372 -0.006726
vn 0.576422 0.757117 -0.307428
v 0.0128235 0.0152172 -0.00818987
vn 0.59471 0.710296 -0.376563
v 0.00729876 0.0168594 -0.011169
vn 0.335632 0.784997 -0.520702
v 0.005939 0.0163897 -0.012579
vn 0.273955 0.763291 -0.585095
v 0.00403244 0.0170817 -0.0124104
vn 0.187683 0.794558 -0.577454
v 0.00403244 0.0170817 -0.0124104
vn 0.187683 0.794558 -0.577454
v 0.00351555 0.0182402 -0.0108196
vn 0.164026 0.8476 -0.504647
v 0.00729876 0.0168594 -0.011169
vn 0.335632 0.784997 -0.520702
v 0.00351555 0.0182402 -0.0108196
vn 0.164026 0.8476 -0.504647
v 0.00677574 0.0180045 -0.00960474
vn 0.311846 0.836774 -0.450069
v 0.00729876 0.0168594 -0.011169
vn 0.335632 0.784997 -0.520702
v 0.00351555 0.0182402 -0.0108196
vn 0.164026 0.8476 -0.504647
v 0.00489731 0.0186935 -0.00942484
vn 0.227118 0.868028 -0.441526
v 0.00677574 0.0180045 -0.00960474
vn 0.311846 0.836774 -0.450069
v 0.0110091 0.013662 -0.012455
vn 0.505274 0.638647 -0.580369
v 0.00946062 0.0146475 -0.0125923
vn 0.434062 0.684086 -0.586188
v 0.00905207 0.0159721 -0.0112006
vn 0.416041 0.743802 -0.523133
v 0.00905207 0.0159721 -0.0112006
vn 0.416041 0.743802 -0.523133
v 0.0121171 0.0139718 -0.0110079
vn 0.5562 0.65482 -0.511716
v 0.0110091 0.013662 -0.012455
vn 0.505274 0.638647 -0.580369
v 0.00905207 0.0159721 -0.0112006
vn 0.416041 0.743802 -0.523133
v 0.0102318 0.0162368 -0.00971841
vn 0.470981 0.757391 -0.452255
v 0.0121171 0.0139718 -0.0110079
vn 0.5562 0.65482 -0.511716
v 0.0102318 0.0162368 -0.00971841
vn 0.470981 0.757391 -0.452255
v 0.0117516 0.0152179 -0.00966411
vn 0.541917 0.710324 -0.449183
v 0.0121171 0.0139718 -0.0110079
vn 0.5562 0.65482 -0.511716
v 0.00157788 0.0186935 -0.0105034
vn 0.0762354 0.867895 -0.490863
v 0.000163958 0.0180045 -0.0117531
vn 0.0122954 0.836827 -0.547329
v -0.00170039 0.0182267 -0.0112917
vn -0.0763229 0.847411 -0.525424
v -0.00170039 0.0182267 -0.0112917
vn -0.0763229 0.847411 -0.525424
v -0.00215063 0.0191093 -0.00964343
vn -0.0974785 0.887554 -0.450274
v 0.00157788 0.0186935 -0.0105034
vn 0.0762354 0.867895 -0.490863
v -0.00215063 0.0191093 -0.00964343
vn -0.0974785 0.887554 -0.450274
v 0.00106341 0.0195816 -0.008828
vn 0.0526784 0.909289 -0.412818
v 0.00157788 0.0186935 -0.0105034
vn 0.0762354 0.867895 -0.490863
v -0.00215063 0.0191093 -0.00964343
vn -0.0974785 0.887554 -0.450274
v -0.000796116 0.0197741 -0.0084334
vn -0.0346135 0.917357 -0.396558
v 0.00106341 0.0195816 -0.008828
vn 0.0526784 0.909289 -0.412818
v 0.00638159 0.0150239 -0.0139935
vn 0.293818 0.701226 -0.64958
v 0.00494711 0.0143508 -0.0152284
vn 0.229414 0.671088 -0.704989
v 0.00306354 0.0150235 -0.0150721
vn 0.143841 0.701507 -0.697995
v 0.00306354 0.0150235 -0.0150721
vn 0.143841 0.701507 -0.697995
v 0.00259096 0.0163899 -0.013667
vn 0.122158 0.763166 -0.634551
v 0.00638159 0.0150239 -0.0139935
vn 0.293818 0.701226 -0.64958
v 0.00259096 0.0163899 -0.013667
vn 0.122158 0.763166 -0.634551
v 0.005939 0.0163897 -0.012579
vn 0.273955 0.763291 -0.585095
v 0.00638159 0.0150239 -0.0139935
vn 0.293818 0.701226 -0.64958
v 0.00259096 0.0163899 -0.013667
vn 0.122158 0.763166 -0.634551
v 0.00403244 0.0170817 -0.0124104
vn 0.187683 0.794558 -0.577454
v 0.005939 0.0163897 -0.012579
vn 0.273955 0.763291 -0.585095
v 0.0125891 0.0112709 -0.0133436
vn 0.578527 0.525324 -0.623972
v 0.0112645 0.012263 -0.0136359
vn 0.514687 0.574429 -0.636497
v 0.0110091 0.013662 -0.012455
vn 0.505274 0.638647 -0.580369
v 0.0110091 0.013662 -0.012455
vn 0.505274 0.638647 -0.580369
v 0.013614 0.0116208 -0.0119749
vn 0.626706 0.546487 -0.55551
v 0.0125891 0.0112709 -0.0133436
vn 0.578527 0.525324 -0.623972
v 0.0110091 0.013662 -0.012455
vn 0.505274 0.638647 -0.580369
v 0.0121171 0.0139718 -0.0110079
vn 0.5562 0.65482 -0.511716
v 0.013614 0.0116208 -0.0119749
vn 0.626706 0.546487 -0.55551
v 0.0121171 0.0139718 -0.0110079
vn 0.5562 0.65482 -0.511716
v 0.0134096 0.0129119 -0.0108183
vn 0.620461 0.603569 -0.500732
v 0.013614 0.0116208 -0.0119749
vn 0.626706 0.546487 -0.55551
v 0.000659763 0.0168583 -0.0133274
vn 0.0346361 0.784828 -0.618745
v -0.000740867 0.015973 -0.0143811
vn -0.0297182 0.743356 -0.668236
v -0.00256345 0.0162372 -0.0138763
vn -0.115268 0.756842 -0.643353
v -0.00256345 0.0162372 -0.0138763
vn -0.115268 0.756842 -0.643353
v -0.00303472 0.0173444 -0.0123593
vn -0.138058 0.806932 -0.574282
v 0.000659763 0.0168583 -0.0133274
vn 0.0346361 0.784828 -0.618745
v -0.00303472 0.0173444 -0.0123593
vn -0.138058 0.806932 -0.574282
v 0.000163958 0.0180045 -0.0117531
vn 0.0122954 0.836827 -0.547329
v 0.000659763 0.0168583 -0.0133274
vn 0.0346361 0.784828 -0.618745
v -0.00303472 0.0173444 -0.0123593
vn -0.138058 0.806932 -0.574282
v -0.00170039 0.0182267 -0.0112917
vn -0.0763229 0.847411 -0.525424
v 0.000163958 0.0180045 -0.0117531
vn 0.0122954 0.836827 -0.547329
v 0.000885902 0.0213435 -0.0027296
vn 0.0441647 0.989336 -0.138791
v -0.000364735 0.0211651 -0.00393396
vn -0.0166149 0.981935 -0.188489
v -0.00201723 0.0211651 -0.00339704
vn -0.0964063 0.981969 -0.162615
v -0.00201723 0.0211651 -0.00339704
vn -0.0964063 0.981969 -0.162615
v -0.00232226 0.0213435 -0.00168603
vn -0.114204 0.989671 -0.0866537
v 0.000885902 0.0213435 -0.0027296
vn 0.0441647 0.989336 -0.138791
v -0.00232226 0.0213435 -0.00168603
vn -0.114204 0.989671 -0.0866537
v 0.000421639 0.0215 -0.00130066
vn 0.0208266 0.997437 -0.068447
v 0.000885902 0.0213435 -0.0027296
vn 0.0441647 0.989336 -0.138791
v -0.00232226 0.0213435 -0.00168603
vn -0.114204 0.989671 -0.0866537
v -0.00110661 0.0215 -0.000804001
vn -0.0562708 0.997465 -0.0435455
v 0.000421639 0.0215 -0.00130066
vn 0.0208266 0.997437 -0.068447
v 0.00614339 -0.0129127 0.0160963
vn 0.28477 -0.604978 0.743578
v 0.00718233 -0.0116215 0.0166474
vn 0.33917 -0.543729 0.767674
v 0.00655304 -0.0106051 0.0175701
vn 0.309231 -0.496429 0.811132
v 0.00655304 -0.0106051 0.0175701
vn 0.309231 -0.496429 0.811132
v 0.00502576 -0.0106051 0.0180663
vn 0.226605 -0.496437 0.837974
v 0.00614339 -0.0129127 0.0160963
vn 0.28477 -0.604978 0.743578
v 0.00502576 -0.0106051 0.0180663
vn 0.226605 -0.496437 0.837974
v 0.00449088 -0.0129127 0.0166332
vn 0.206673 -0.604975 0.768955
v 0.00614339 -0.0129127 0.0160963
vn 0.28477 -0.604978 0.743578
v 0.00502576 -0.0106051 0.0180663
vn 0.226605 -0.496437 0.837974
v 0.00397331 -0.0116214 0.0176901
vn 0.175288 -0.544705 0.820104
v 0.00449088 -0.0129127 0.0166332
vn 0.206673 -0.604975 0.768955
v 0.00494711 0.0143508 -0.0152284
vn 0.229414 0.671088 -0.704989
v 0.00532922 0.0128569 -0.0163983
vn 0.247661 0.599948 -0.76074
v 0.00388533 0.0120598 -0.0173854
vn 0.181469 0.562919 -0.806345
v 0.00388533 0.0120598 -0.0173854
vn 0.181469 0.562919 -0.806345
v 0.00306354 0.0150235 -0.0150721
vn 0.143841 0.701507 -0.697995
v 0.00494711 0.0143508 -0.0152284
vn 0.229414 0.671088 -0.704989
v 0.00388533 0.0120598 -0.0173854
vn 0.181469 0.562919 -0.806345
v 0.00206571 0.0127007 -0.0172394
vn 0.100207 0.592708 -0.79916
v 0.00306354 0.0150235 -0.0150721
vn 0.143841 0.701507 -0.697995
v 0.00206571 0.0127007 -0.0172394
vn 0.100207 0.592708 -0.79916
v 0.00162196 0.0141679 -0.0160979
vn 0.0768758 0.662506 -0.745101
v 0.00306354 0.0150235 -0.0150721
vn 0.143841 0.701507 -0.697995
v 0.00814985 0.0141687 -0.013976
vn 0.376672 0.661485 -0.648503
v 0.00846372 0.0127005 -0.0151603
vn 0.389131 0.593664 -0.704372
v 0.00707753 0.0120597 -0.0163481
vn 0.32722 0.563119 -0.758831
v 0.00707753 0.0120597 -0.0163481
vn 0.32722 0.563119 -0.758831
v 0.00638159 0.0150239 -0.0139935
vn 0.293818 0.701226 -0.64958
v 0.00814985 0.0141687 -0.013976
vn 0.376672 0.661485 -0.648503
v 0.00707753 0.0120597 -0.0163481
vn 0.32722 0.563119 -0.758831
v 0.00532922 0.0128569 -0.0163983
vn 0.247661 0.599948 -0.76074
v 0.00638159 0.0150239 -0.0139935
vn 0.293818 0.701226 -0.64958
v 0.00532922 0.0128569 -0.0163983
vn 0.247661 0.599948 -0.76074
v 0.00494711 0.0143508 -0.0152284
vn 0.229414 0.671088 -0.704989
v 0.00638159 0.0150239 -0.0139935
vn 0.293818 0.701226 -0.64958
v 0.0110091 0.013662 -0.012455
vn 0.505274 0.638647 -0.580369
v 0.0112645 0.012263 -0.0136359
vn 0.514687 0.574429 -0.636497
v 0.0100327 0.0117789 -0.014956
vn 0.462477 0.550073 -0.695367
v 0.0100327 0.0117789 -0.014956
vn 0.462477 0.550073 -0.695367
v 0.00946062 0.0146475 -0.0125923
vn 0.434062 0.684086 -0.586188
v 0.0110091 0.013662 -0.012455
vn 0.505274 0.638647 -0.580369
v 0.0100327 0.0117789 -0.014956
vn 0.462477 0.550073 -0.695367
v 0.00846372 0.0127005 -0.0151603
vn 0.389131 0.593664 -0.704372
v 0.00946062 0.0146475 -0.0125923
vn 0.434062 0.684086 -0.586188
v 0.00846372 0.0127005 -0.0151603
vn 0.389131 0.593664 -0.704372
v 0.00814985 0.0141687 -0.013976
vn 0.376672 0.661485 -0.648503
v 0.00946062 0.0146475 -0.0125923
vn 0.434062 0.684086 -0.586188
v 0.00613331 0.0206242 9.5171e-07
vn 0.291584 0.956545 0.000624035
v 0.00527053 0.0208037 -0.00162288
vn 0.252399 0.964547 -0.077099
v 0.00363036 0.0211649 -0.00156168
vn 0.17421 0.981728 -0.0765524
v 0.00363036 0.0211649 -0.00156168
vn 0.17421 0.981728 -0.0765524
v 0.00286977 0.0213435 9.61261e-07
vn 0.140772 0.990042 1.59229e-06
v 0.00613331 0.0206242 9.5171e-07
vn 0.291584 0.956545 0.000624035
v 0.00286977 0.0213435 9.61261e-07
vn 0.140772 0.990042 1.59229e-06
v 0.00527048 0.0208036 0.00162477
vn 0.252653 0.96447 0.0772277
v 0.00613331 0.0206242 9.5171e-07
vn 0.291584 0.956545 0.000624035
v 0.00286977 0.0213435 9.61261e-07
vn 0.140772 0.990042 1.59229e-06
v 0.00363036 0.0211649 0.00156168
vn 0.174107 0.981738 0.076662
v 0.00527048 0.0208036 0.00162477
vn 0.252653 0.96447 0.0772277
v -0.000740867 0.015973 -0.0143811
vn -0.0297182 0.743356 -0.668236
v -0.000251304 0.0146481 -0.0157477
vn -0.00652316 0.684768 -0.728732
v -0.00158525 0.0136612 -0.0165479
vn -0.070903 0.638965 -0.765961
v -0.00158525 0.0136612 -0.0165479
vn -0.070903 0.638965 -0.765961
v -0.00256345 0.0162372 -0.0138763
vn -0.115268 0.756842 -0.643353
v -0.000740867 0.015973 -0.0143811
vn -0.0297182 0.743356 -0.668236
v -0.00158525 0.0136612 -0.0165479
vn -0.070903 0.638965 -0.765961
v -0.00333219 0.013971 -0.0160286
vn -0.147608 0.65448 -0.741531
v -0.00256345 0.0162372 -0.0138763
vn -0.115268 0.756842 -0.643353
v -0.00333219 0.013971 -0.0160286
vn -0.147608 0.65448 -0.741531
v -0.00382767 0.015218 -0.0147255
vn -0.174479 0.71055 -0.681671
v -0.00256345 0.0162372 -0.0138763
vn -0.115268 0.756842 -0.643353
v -0.00297447 0.0203896 -0.00620435
vn -0.141285 0.946215 -0.29106
v -0.00431389 0.019774 -0.00729032
vn -0.204135 0.917193 -0.342179
v -0.00604926 0.0195815 -0.00651699
vn -0.286517 0.908834 -0.303196
v -0.00604926 0.0195815 -0.00651699
vn -0.286517 0.908834 -0.303196
v -0.00636976 0.020016 -0.00462673
vn -0.301565 0.927931 -0.219094
v -0.00297447 0.0203896 -0.00620435
vn -0.141285 0.946215 -0.29106
v -0.00636976 0.020016 -0.00462673
vn -0.301565 0.927931 -0.219094
v -0.00330822 0.0208041 -0.00441069
vn -0.158695 0.964409 -0.211499
v -0.00297447 0.0203896 -0.00620435
vn -0.141285 0.946215 -0.29106
v -0.00636976 0.020016 -0.00462673
vn -0.301565 0.927931 -0.219094
v -0.00496236 0.0206241 -0.00360536
vn -0.235944 0.956907 -0.169291
v -0.00330822 0.0208041 -0.00441069
vn -0.158695 0.964409 -0.211499
v 0.00872607 0.0195809 0.00171575
vn 0.410371 0.90865 0.0771409
v 0.00787277 0.020016 9.40625e-07
vn 0.372613 0.927986 0.000650484
v 0.00613331 0.0206242 9.5171e-07
vn 0.291584 0.956545 0.000624035
v 0.00613331 0.0206242 9.5171e-07
vn 0.291584 0.956545 0.000624035
v 0.00527048 0.0208036 0.00162477
vn 0.252653 0.96447 0.0772277
v 0.00872607 0.0195809 0.00171575
vn 0.410371 0.90865 0.0771409
v 0.00527048 0.0208036 0.00162477
vn 0.252653 0.96447 0.0772277
v 0.00605325 0.0203896 0.00327103
vn 0.285671 0.946018 0.153107
v 0.00872607 0.0195809 0.00171575
vn 0.410371 0.90865 0.0771409
v 0.00605325 0.0203896 0.00327103
vn 0.285671 0.946018 0.153107
v 0.00777506 0.0197737 0.00336416
vn 0.366464 0.917128 0.156782
v 0.00872607 0.0195809 0.00171575
vn 0.410371 0.90865 0.0771409
v -0.0141604 -0.00875287 -0.013662
vn -0.652366 -0.401885 -0.642578
v -0.0149453 -0.0092368 -0.0124675
vn -0.691082 -0.424591 -0.584917
v -0.0160517 -0.00839224 -0.0116633
vn -0.747312 -0.383017 -0.542975
v -0.0160517 -0.00839224 -0.0116633
vn -0.747312 -0.383017 -0.542975
v -0.0145129 -0.00713487 -0.014214
vn -0.672867 -0.325766 -0.664174
v -0.0141604 -0.00875287 -0.013662
vn -0.652366 -0.401885 -0.642578
v -0.0160517 -0.00839224 -0.0116633
vn -0.747312 -0.383017 -0.542975
v -0.0164821 -0.00697839 -0.011976
vn -0.768793 -0.311412 -0.558552
v -0.0145129 -0.00713487 -0.014214
vn -0.672867 -0.325766 -0.664174
v -0.0164821 -0.00697839 -0.011976
vn -0.768793 -0.311412 -0.558552
v -0.0157109 -0.0062197 -0.0133437
vn -0.730339 -0.28382 -0.621331
v -0.0145129 -0.00713487 -0.014214
vn -0.672867 -0.325766 -0.664174
v 0.00527048 0.0208036 0.00162477
vn 0.252653 0.96447 0.0772277
v 0.00363036 0.0211649 0.00156168
vn 0.174107 0.981738 0.076662
v 0.00260711 0.0211649 0.00297006
vn 0.12355 0.982044 0.142565
v 0.00260711 0.0211649 0.00297006
vn 0.12355 0.982044 0.142565
v 0.00605325 0.0203896 0.00327103
vn 0.285671 0.946018 0.153107
v 0.00527048 0.0208036 0.00162477
vn 0.252653 0.96447 0.0772277
v 0.00260711 0.0211649 0.00297006
vn 0.12355 0.982044 0.142565
v 0.00317216 0.0208038 0.00451103
vn 0.150079 0.964196 0.218636
v 0.00605325 0.0203896 0.00327103
vn 0.285671 0.946018 0.153107
v 0.00317216 0.0208038 0.00451103
vn 0.150079 0.964196 0.218636
v 0.00498184 0.02039 0.00474432
vn 0.232338 0.946248 0.225019
v 0.00605325 0.0203896 0.00327103
vn 0.285671 0.946018 0.153107
v -0.00110661 0.0215 -0.000804001
vn -0.0562708 0.997465 -0.0435455
v -0.00232226 0.0213435 -0.00168603
vn -0.114204 0.989671 -0.0866537
v -0.0038541 0.0211651 -0.000869841
vn -0.185479 0.981788 -0.0410979
v -0.0038541 0.0211651 -0.000869841
vn -0.185479 0.981788 -0.0410979
v -0.00385316 0.0211652 0.000870352
vn -0.185436 0.981795 0.041144
v -0.00110661 0.0215 -0.000804001
vn -0.0562708 0.997465 -0.0435455
v -0.00385316 0.0211652 0.000870352
vn -0.185436 0.981795 0.041144
v -0.00110749 0.0214999 0.00080463
vn -0.0562935 0.997465 0.0435359
v -0.00110661 0.0215 -0.000804001
vn -0.0562708 0.997465 -0.0435455
v -0.00385316 0.0211652 0.000870352
vn -0.185436 0.981795 0.041144
v -0.00232113 0.0213435 0.00168758
vn -0.11416 0.989667 0.0867525
v -0.00110749 0.0214999 0.00080463
vn -0.0562935 0.997465 0.0435359
v 0.0104774 0.0186932 0.00174605
vn 0.490712 0.867676 0.0796192
v 0.00872607 0.0195809 0.00171575
vn 0.410371 0.90865 0.0771409
v 0.00777506 0.0197737 0.00336416
vn 0.366464 0.917128 0.156782
v 0.00777506 0.0197737 0.00336416
vn 0.366464 0.917128 0.156782
v 0.01123 0.0180037 0.00347509
vn 0.524839 0.836461 0.157725
v 0.0104774 0.0186932 0.00174605
vn 0.490712 0.867676 0.0796192
v 0.00777506 0.0197737 0.00336416
vn 0.366464 0.917128 0.156782
v 0.00850824 0.0191085 0.00502633
vn 0.398251 0.88746 0.231972
v 0.01123 0.0180037 0.00347509
vn 0.524839 0.836461 0.157725
v 0.00850824 0.0191085 0.00502633
vn 0.398251 0.88746 0.231972
v 0.010214 0.0182262 0.00510741
vn 0.477053 0.846746 0.235459
v 0.01123 0.0180037 0.00347509
vn 0.524839 0.836461 0.157725
v 0.011376 0.0182405 9.35952e-07
vn 0.531285 0.847193 0.000146121
v 0.0104774 0.0186933 -0.00174418
vn 0.490703 0.867688 -0.0795511
v 0.00872509 0.0195814 -0.00171574
vn 0.410465 0.908598 -0.0772554
v 0.00872509 0.0195814 -0.00171574
vn 0.410465 0.908598 -0.0772554
v 0.00787277 0.020016 9.40625e-07
vn 0.372613 0.927986 0.000650484
v 0.011376 0.0182405 9.35952e-07
vn 0.531285 0.847193 0.000146121
v 0.00787277 0.020016 9.40625e-07
vn 0.372613 0.927986 0.000650484
v 0.0104774 0.0186932 0.00174605
vn 0.490712 0.867676 0.0796192
v 0.011376 0.0182405 9.35952e-07
vn 0.531285 0.847193 0.000146121
v 0.00787277 0.020016 9.40625e-07
vn 0.372613 0.927986 0.000650484
v 0.00872607 0.0195809 0.00171575
vn 0.410371 0.90865 0.0771409
v 0.0104774 0.0186932 0.00174605
vn 0.490712 0.867676 0.0796192
v 0.0137999 0.0163887 -0.00176017
vn 0.641116 0.763256 -0.0800655
v 0.0128792 0.0168586 -0.00348912
vn 0.599092 0.78478 -0.158775
v 0.01123 0.0180037 -0.00347509
vn 0.524839 0.836464 -0.157708
v 0.01123 0.0180037 -0.00347509
vn 0.524839 0.836464 -0.157708
v 0.0104774 0.0186933 -0.00174418
vn 0.490703 0.867688 -0.0795511
v 0.0137999 0.0163887 -0.00176017
vn 0.641116 0.763256 -0.0800655
v 0.0104774 0.0186933 -0.00174418
vn 0.490703 0.867688 -0.0795511
v 0.0130495 0.0170813 9.34231e-07
vn 0.606967 0.794727 0.000118536
v 0.0137999 0.0163887 -0.00176017
vn 0.641116 0.763256 -0.0800655
v 0.0104774 0.0186933 -0.00174418
vn 0.490703 0.867688 -0.0795511
v 0.011376 0.0182405 9.35952e-07
vn 0.531285 0.847193 0.000146121
v 0.0130495 0.0170813 9.34231e-07
vn 0.606967 0.794727 0.000118536
v 0.0148998 0.0146478 -0.00510442
vn 0.69126 0.684514 -0.231519
v 0.0134486 0.0159733 -0.00514685
vn 0.625311 0.744176 -0.234921
v 0.0128792 0.0168586 -0.00348912
vn 0.599092 0.78478 -0.158775
v 0.0128792 0.0168586 -0.00348912
vn 0.599092 0.78478 -0.158775
v 0.0158102 0.0141692 -0.00343109
vn 0.733001 0.661979 -0.156504
v 0.0148998 0.0146478 -0.00510442
vn 0.69126 0.684514 -0.231519
v 0.0128792 0.0168586 -0.00348912
vn 0.599092 0.78478 -0.158775
v 0.0137999 0.0163887 -0.00176017
vn 0.641116 0.763256 -0.0800655
v 0.0158102 0.0141692 -0.00343109
vn 0.733001 0.661979 -0.156504
v 0.0137999 0.0163887 -0.00176017
vn 0.641116 0.763256 -0.0800655
v 0.0152811 0.0150235 -0.00174399
vn 0.709219 0.700569 -0.0788098
v 0.0158102 0.0141692 -0.00343109
vn 0.733001 0.661979 -0.156504
v 0.0170337 0.0127004 -0.00336457
vn 0.789866 0.594078 -0.152263
v 0.0173254 0.0117777 -0.00491888
vn 0.804583 0.549934 -0.224097
v 0.01645 0.0122633 -0.00649747
vn 0.762743 0.575693 -0.294619
v 0.01645 0.0122633 -0.00649747
vn 0.762743 0.575693 -0.294619
v 0.0152482 0.0136612 -0.00662128
vn 0.707858 0.638312 -0.302481
v 0.0170337 0.0127004 -0.00336457
vn 0.789866 0.594078 -0.152263
v 0.0152482 0.0136612 -0.00662128
vn 0.707858 0.638312 -0.302481
v 0.0158102 0.0141692 -0.00343109
vn 0.733001 0.661979 -0.156504
v 0.0170337 0.0127004 -0.00336457
vn 0.789866 0.594078 -0.152263
v 0.0152482 0.0136612 -0.00662128
vn 0.707858 0.638312 -0.302481
v 0.0148998 0.0146478 -0.00510442
vn 0.69126 0.684514 -0.231519
v 0.0158102 0.0141692 -0.00343109
vn 0.733001 0.661979 -0.156504
v 0.00777506 0.0197737 0.00336416
vn 0.366464 0.917128 0.156782
v 0.00605325 0.0203896 0.00327103
vn 0.285671 0.946018 0.153107
v 0.00498184 0.02039 0.00474432
vn 0.232338 0.946248 0.225019
v 0.00498184 0.02039 0.00474432
vn 0.232338 0.946248 0.225019
v 0.00850824 0.0191085 0.00502633
vn 0.398251 0.88746 0.231972
v 0.00777506 0.0197737 0.00336416
vn 0.366464 0.917128 0.156782
v 0.00498184 0.02039 0.00474432
vn 0.232338 0.946248 0.225019
v 0.00560218 0.0197737 0.00635487
vn 0.260726 0.917436 0.300555
v 0.00850824 0.0191085 0.00502633
vn 0.398251 0.88746 0.231972
v 0.00560218 0.0197737 0.00635487
vn 0.260726 0.917436 0.300555
v 0.00740989 0.019109 0.00653675
vn 0.34333 0.887487 0.307395
v 0.00850824 0.0191085 0.00502633
vn 0.398251 0.88746 0.231972
v 0.010214 0.0182262 0.00510741
vn 0.477053 0.846746 0.235459
v 0.00850824 0.0191085 0.00502633
vn 0.398251 0.88746 0.231972
v 0.00740989 0.019109 0.00653675
vn 0.34333 0.887487 0.307395
v 0.00740989 0.019109 0.00653675
vn 0.34333 0.887487 0.307395
v 0.0108181 0.0173437 0.00670455
vn 0.503927 0.806931 0.308092
v 0.010214 0.0182262 0.00510741
vn 0.477053 0.846746 0.235459
v 0.00740989 0.019109 0.00653675
vn 0.34333 0.887487 0.307395
v 0.0080138 0.0182262 0.0081357
vn 0.370191 0.847636 0.380096
v 0.0108181 0.0173437 0.00670455
vn 0.503927 0.806931 0.308092
v 0.0080138 0.0182262 0.0081357
vn 0.370191 0.847636 0.380096
v 0.00971947 0.0173437 0.00821671
vn 0.449014 0.807009 0.383566
v 0.0108181 0.0173437 0.00670455
vn 0.503927 0.806931 0.308092
v 0.0128792 0.0168586 0.00348912
vn 0.599101 0.784766 0.158808
v 0.01123 0.0180037 0.00347509
vn 0.524839 0.836461 0.157725
v 0.010214 0.0182262 0.00510741
vn 0.477053 0.846746 0.235459
v 0.010214 0.0182262 0.00510741
vn 0.477053 0.846746 0.235459
v 0.0134484 0.0159729 0.00514865
vn 0.625276 0.744179 0.235007
v 0.0128792 0.0168586 0.00348912
vn 0.599101 0.784766 0.158808
v 0.010214 0.0182262 0.00510741
vn 0.477053 0.846746 0.235459
v 0.0108181 0.0173437 0.00670455
vn 0.503927 0.806931 0.308092
v 0.0134484 0.0159729 0.00514865
vn 0.625276 0.744179 0.235007
v 0.0108181 0.0173437 0.00670455
vn 0.503927 0.806931 0.308092
v 0.0124046 0.0162367 0.00672775
vn 0.576219 0.757133 0.307767
v 0.0134484 0.0159729 0.00514865
vn 0.625276 0.744179 0.235007
v 0.00872509 0.0195814 -0.00171574
vn 0.410465 0.908598 -0.0772554
v 0.00777519 0.019774 -0.0033623
vn 0.366469 0.917138 -0.156712
v 0.00605325 0.0203896 -0.00327103
vn 0.285676 0.946011 -0.153139
v 0.00605325 0.0203896 -0.00327103
vn 0.285676 0.946011 -0.153139
v 0.00527053 0.0208037 -0.00162288
vn 0.252399 0.964547 -0.077099
v 0.00872509 0.0195814 -0.00171574
vn 0.410465 0.908598 -0.0772554
v 0.00527053 0.0208037 -0.00162288
vn 0.252399 0.964547 -0.077099
v 0.00787277 0.020016 9.40625e-07
vn 0.372613 0.927986 0.000650484
v 0.00872509 0.0195814 -0.00171574
vn 0.410465 0.908598 -0.0772554
v 0.00527053 0.0208037 -0.00162288
vn 0.252399 0.964547 -0.077099
v 0.00613331 0.0206242 9.5171e-07
vn 0.291584 0.956545 0.000624035
v 0.00787277 0.020016 9.40625e-07
vn 0.372613 0.927986 0.000650484
v 0.0124046 0.0162367 0.00672775
vn 0.576219 0.757133 0.307767
v 0.0108181 0.0173437 0.00670455
vn 0.503927 0.806931 0.308092
v 0.00971947 0.0173437 0.00821671
vn 0.449014 0.807009 0.383566
v 0.00971947 0.0173437 0.00821671
vn 0.449014 0.807009 0.383566
v 0.0128235 0.0152172 0.00818986
vn 0.594666 0.710348 0.376535
v 0.0124046 0.0162367 0.00672775
vn 0.576219 0.757133 0.307767
v 0.00971947 0.0173437 0.00821671
vn 0.449014 0.807009 0.383566
v 0.0117518 0.0152172 0.0096649
vn 0.541891 0.7103 0.449253
v 0.0128235 0.0152172 0.00818986
vn 0.594666 0.710348 0.376535
v 0.00971947 0.0173437 0.00821671
vn 0.449014 0.807009 0.383566
v 0.0102302 0.0162372 0.00971927
vn 0.470949 0.757381 0.452306
v 0.0117518 0.0152172 0.0096649
vn 0.541891 0.7103 0.449253
v 0.0137991 0.0163895 0.00176017
vn 0.641083 0.763285 0.0800592
v 0.0130495 0.0170813 9.34231e-07
vn 0.606967 0.794727 0.000118536
v 0.011376 0.0182405 9.35952e-07
vn 0.531285 0.847193 0.000146121
v 0.011376 0.0182405 9.35952e-07
vn 0.531285 0.847193 0.000146121
v 0.0104774 0.0186932 0.00174605
vn 0.490712 0.867676 0.0796192
v 0.0137991 0.0163895 0.00176017
vn 0.641083 0.763285 0.0800592
v 0.0104774 0.0186932 0.00174605
vn 0.490712 0.867676 0.0796192
v 0.01123 0.0180037 0.00347509
vn 0.524839 0.836461 0.157725
v 0.0137991 0.0163895 0.00176017
vn 0.641083 0.763285 0.0800592
v 0.01123 0.0180037 0.00347509
vn 0.524839 0.836461 0.157725
v 0.0128792 0.0168586 0.00348912
vn 0.599101 0.784766 0.158808
v 0.0137991 0.0163895 0.00176017
vn 0.641083 0.763285 0.0800592
v 0.01123 0.0180037 -0.00347509
vn 0.524839 0.836464 -0.157708
v 0.010214 0.0182262 -0.00510741
vn 0.477058 0.846749 -0.235441
v 0.00850824 0.0191085 -0.00502634
vn 0.398238 0.887466 -0.231969
v 0.00850824 0.0191085 -0.00502634
vn 0.398238 0.887466 -0.231969
v 0.00777519 0.019774 -0.0033623
vn 0.366469 0.917138 -0.156712
v 0.01123 0.0180037 -0.00347509
vn 0.524839 0.836464 -0.157708
v 0.00777519 0.019774 -0.0033623
vn 0.366469 0.917138 -0.156712
v 0.0104774 0.0186933 -0.00174418
vn 0.490703 0.867688 -0.0795511
v 0.01123 0.0180037 -0.00347509
vn 0.524839 0.836464 -0.157708
v 0.00777519 0.019774 -0.0033623
vn 0.366469 0.917138 -0.156712
v 0.00872509 0.0195814 -0.00171574
vn 0.410465 0.908598 -0.0772554
v 0.0104774 0.0186933 -0.00174418
vn 0.490703 0.867688 -0.0795511
v 0.014432 0.0129127 0.00941017
vn 0.66898 0.603246 0.434235
v 0.014215 0.0139709 0.00812134
vn 0.658744 0.655215 0.369797
v 0.0128235 0.0152172 0.00818986
vn 0.594666 0.710348 0.376535
v 0.0128235 0.0152172 0.00818986
vn 0.594666 0.710348 0.376535
v 0.0117518 0.0152172 0.0096649
vn 0.541891 0.7103 0.449253
v 0.014432 0.0129127 0.00941017
vn 0.66898 0.603246 0.434235
v 0.0117518 0.0152172 0.0096649
vn 0.541891 0.7103 0.449253
v 0.0134096 0.0129119 0.0108183
vn 0.62051 0.603542 0.500704
v 0.014432 0.0129127 0.00941017
vn 0.66898 0.603246 0.434235
v 0.0117518 0.0152172 0.0096649
vn 0.541891 0.7103 0.449253
v 0.0121181 0.0139704 0.0110085
vn 0.556212 0.654788 0.511743
v 0.0134096 0.0129119 0.0108183
vn 0.62051 0.603542 0.500704
v 0.0152811 0.0150235 -0.00174399
vn 0.709219 0.700569 -0.0788098
v 0.0137999 0.0163887 -0.00176017
vn 0.641116 0.763256 -0.0800655
v 0.0130495 0.0170813 9.34231e-07
vn 0.606967 0.794727 0.000118536
v 0.0130495 0.0170813 9.34231e-07
vn 0.606967 0.794727 0.000118536
v 0.0160118 0.0143507 9.36605e-07
vn 0.741891 0.67052 2.22134e-05
v 0.0152811 0.0150235 -0.00174399
vn 0.709219 0.700569 -0.0788098
v 0.0130495 0.0170813 9.34231e-07
vn 0.606967 0.794727 0.000118536
v 0.0137991 0.0163895 0.00176017
vn 0.641083 0.763285 0.0800592
v 0.0160118 0.0143507 9.36605e-07
vn 0.741891 0.67052 2.22134e-05
v 0.0137991 0.0163895 0.00176017
vn 0.641083 0.763285 0.0800592
v 0.0152811 0.0150235 0.00174398
vn 0.709191 0.700596 0.078822
v 0.0160118 0.0143507 9.36605e-07
vn 0.741891 0.67052 2.22134e-05
v 0.0158105 0.0141687 0.00343202
vn 0.733006 0.661962 0.156551
v 0.0152811 0.0150235 0.00174398
vn 0.709191 0.700596 0.078822
v 0.0137991 0.0163895 0.00176017
vn 0.641083 0.763285 0.0800592
v 0.0137991 0.0163895 0.00176017
vn 0.641083 0.763285 0.0800592
v 0.0128792 0.0168586 0.00348912
vn 0.599101 0.784766 0.158808
v 0.0158105 0.0141687 0.00343202
vn 0.733006 0.661962 0.156551
v 0.0128792 0.0168586 0.00348912
vn 0.599101 0.784766 0.158808
v 0.0148998 0.0146478 0.00510442
vn 0.691268 0.684522 0.23147
v 0.0158105 0.0141687 0.00343202
vn 0.733006 0.661962 0.156551
v 0.0128792 0.0168586 0.00348912
vn 0.599101 0.784766 0.158808
v 0.0134484 0.0159729 0.00514865
vn 0.625276 0.744179 0.235007
v 0.0148998 0.0146478 0.00510442
vn 0.691268 0.684522 0.23147
v 0.0155959 0.0116208 0.00924705
vn 0.72165 0.547816 0.423224
v 0.0165821 0.0112697 0.00784846
vn 0.771773 0.525263 0.35842
v 0.0164495 0.012263 0.00649926
vn 0.762727 0.57568 0.294687
v 0.0164495 0.012263 0.00649926
vn 0.762727 0.57568 0.294687
v 0.014432 0.0129127 0.00941017
vn 0.66898 0.603246 0.434235
v 0.0155959 0.0116208 0.00924705
vn 0.72165 0.547816 0.423224
v 0.0164495 0.012263 0.00649926
vn 0.762727 0.57568 0.294687
v 0.0152475 0.013662 0.00662135
vn 0.707836 0.638336 0.302481
v 0.014432 0.0129127 0.00941017
vn 0.66898 0.603246 0.434235
v 0.0152475 0.013662 0.00662135
vn 0.707836 0.638336 0.302481
v 0.014215 0.0139709 0.00812134
vn 0.658744 0.655215 0.369797
v 0.014432 0.0129127 0.00941017
vn 0.66898 0.603246 0.434235
v 0.0134486 0.0159733 -0.00514685
vn 0.625311 0.744176 -0.234921
v 0.012405 0.0162372 -0.006726
vn 0.576422 0.757117 -0.307428
v 0.0108172 0.0173443 -0.00670454
vn 0.503811 0.80708 -0.30789
v 0.0108172 0.0173443 -0.00670454
vn 0.503811 0.80708 -0.30789
v 0.010214 0.0182262 -0.00510741
vn 0.477058 0.846749 -0.235441
v 0.0134486 0.0159733 -0.00514685
vn 0.625311 0.744176 -0.234921
v 0.010214 0.0182262 -0.00510741
vn 0.477058 0.846749 -0.235441
v 0.0128792 0.0168586 -0.00348912
vn 0.599092 0.78478 -0.158775
v 0.0134486 0.0159733 -0.00514685
vn 0.625311 0.744176 -0.234921
v 0.010214 0.0182262 -0.00510741
vn 0.477058 0.846749 -0.235441
v 0.01123 0.0180037 -0.00347509
vn 0.524839 0.836464 -0.157708
v 0.0128792 0.0168586 -0.00348912
vn 0.599092 0.78478 -0.158775
v 0.00363036 0.0211649 -0.00156168
vn 0.17421 0.981728 -0.0765524
v 0.00260743 0.0211651 -0.00296823
vn 0.123516 0.982067 -0.142436
v 0.000885902 0.0213435 -0.0027296
vn 0.0441647 0.989336 -0.138791
v 0.000885902 0.0213435 -0.0027296
vn 0.0441647 0.989336 -0.138791
v 0.000421639 0.0215 -0.00130066
vn 0.0208266 0.997437 -0.068447
v 0.00363036 0.0211649 -0.00156168
vn 0.17421 0.981728 -0.0765524
v 0.000421639 0.0215 -0.00130066
vn 0.0208266 0.997437 -0.068447
v 0.00286977 0.0213435 9.61261e-07
vn 0.140772 0.990042 1.59229e-06
v 0.00363036 0.0211649 -0.00156168
vn 0.17421 0.981728 -0.0765524
v 0.000421639 0.0215 -0.00130066
vn 0.0208266 0.997437 -0.068447
v 0.0013673 0.0215 9.27676e-07
vn 0.0724702 0.997371 6.56772e-06
v 0.00286977 0.0213435 9.61261e-07
vn 0.140772 0.990042 1.59229e-06
v -0.00448913 0.0129134 -0.0166332
vn -0.206593 0.604971 -0.76898
v -0.00397464 0.0116224 -0.0176891
vn -0.175389 0.544749 -0.820054
v -0.00502448 0.0106041 -0.0180673
vn -0.226442 0.496372 -0.838057
v -0.00502448 0.0106041 -0.0180673
vn -0.226442 0.496372 -0.838057
v -0.00614442 0.0129127 -0.016096
vn -0.284849 0.604952 -0.743568
v -0.00448913 0.0129134 -0.0166332
vn -0.206593 0.604971 -0.76898
v -0.00502448 0.0106041 -0.0180673
vn -0.226442 0.496372 -0.838057
v -0.00655452 0.0106058 -0.0175692
vn -0.309378 0.496426 -0.811077
v -0.00614442 0.0129127 -0.016096
vn -0.284849 0.604952 -0.743568
v -0.00655452 0.0106058 -0.0175692
vn -0.309378 0.496426 -0.811077
v -0.0071817 0.0116224 -0.0166471
vn -0.338396 0.544634 -0.767373
v -0.00614442 0.0129127 -0.016096
vn -0.284849 0.604952 -0.743568
v 0.0170337 0.0127004 0.00336457
vn 0.789893 0.594035 0.152285
v 0.0177354 0.0120593 0.00167824
vn 0.822407 0.563749 0.0763751
v 0.0172425 0.0128568 9.44239e-07
vn 0.799583 0.600556 1.7004e-05
v 0.0172425 0.0128568 9.44239e-07
vn 0.799583 0.600556 1.7004e-05
v 0.0158105 0.0141687 0.00343202
vn 0.733006 0.661962 0.156551
v 0.0170337 0.0127004 0.00336457
vn 0.789893 0.594035 0.152285
v 0.0172425 0.0128568 9.44239e-07
vn 0.799583 0.600556 1.7004e-05
v 0.0160118 0.0143507 9.36605e-07
vn 0.741891 0.67052 2.22134e-05
v 0.0158105 0.0141687 0.00343202
vn 0.733006 0.661962 0.156551
v 0.0160118 0.0143507 9.36605e-07
vn 0.741891 0.67052 2.22134e-05
v 0.0152811 0.0150235 0.00174398
vn 0.709191 0.700596 0.078822
v 0.0158105 0.0141687 0.00343202
vn 0.733006 0.661962 0.156551
v 0.0164495 0.012263 0.00649926
vn 0.762727 0.57568 0.294687
v 0.0173243 0.0117789 0.00491983
vn 0.804499 0.550045 0.224124
v 0.0170337 0.0127004 0.00336457
vn 0.789893 0.594035 0.152285
v 0.0170337 0.0127004 0.00336457
vn 0.789893 0.594035 0.152285
v 0.0152475 0.013662 0.00662135
vn 0.707836 0.638336 0.302481
v 0.0164495 0.012263 0.00649926
vn 0.762727 0.57568 0.294687
v 0.0170337 0.0127004 0.00336457
vn 0.789893 0.594035 0.152285
v 0.0158105 0.0141687 0.00343202
vn 0.733006 0.661962 0.156551
v 0.0152475 0.013662 0.00662135
vn 0.707836 0.638336 0.302481
v 0.0158105 0.0141687 0.00343202
vn 0.733006 0.661962 0.156551
v 0.0148998 0.0146478 0.00510442
vn 0.691268 0.684522 0.23147
v 0.0152475 0.013662 0.00662135
vn 0.707836 0.638336 0.302481
v 0.00260711 0.0211649 0.00297006
vn 0.12355 0.982044 0.142565
v 0.000887734 0.0213435 0.002729
vn 0.0441927 0.989347 0.138708
v -0.000363399 0.0211649 0.00393525
vn -0.0165639 0.981928 0.188531
v -0.000363399 0.0211649 0.00393525
vn -0.0165639 0.981928 0.188531
v 0.00317216 0.0208038 0.00451103
vn 0.150079 0.964196 0.218636
v 0.00260711 0.0211649 0.00297006
vn 0.12355 0.982044 0.142565
v -0.000363399 0.0211649 0.00393525
vn -0.0165639 0.981928 0.188531
v 8.34246e-05 0.0208036 0.00551458
vn 0.00644425 0.964282 0.264799
v 0.00317216 0.0208038 0.00451103
vn 0.150079 0.964196 0.218636
v 8.34246e-05 0.0208036 0.00551458
vn 0.00644425 0.964282 0.264799
v 0.00189579 0.0206238 0.00583454
vn 0.0895637 0.957347 0.274709
v 0.00317216 0.0208038 0.00451103
vn 0.150079 0.964196 0.218636
v 0.014215 0.0139709 -0.00812134
vn 0.658731 0.655222 -0.369807
v 0.0128235 0.0152172 -0.00818987
vn 0.59471 0.710296 -0.376563
v 0.012405 0.0162372 -0.006726
vn 0.576422 0.757117 -0.307428
v 0.012405 0.0162372 -0.006726
vn 0.576422 0.757117 -0.307428
v 0.0152482 0.0136612 -0.00662128
vn 0.707858 0.638312 -0.302481
v 0.014215 0.0139709 -0.00812134
vn 0.658731 0.655222 -0.369807
v 0.012405 0.0162372 -0.006726
vn 0.576422 0.757117 -0.307428
v 0.0134486 0.0159733 -0.00514685
vn 0.625311 0.744176 -0.234921
v 0.0152482 0.0136612 -0.00662128
vn 0.707858 0.638312 -0.302481
v 0.0134486 0.0159733 -0.00514685
vn 0.625311 0.744176 -0.234921
v 0.0148998 0.0146478 -0.00510442
vn 0.69126 0.684514 -0.231519
v 0.0152482 0.0136612 -0.00662128
vn 0.707858 0.638312 -0.302481
v 0.01645 0.0122633 -0.00649747
vn 0.762743 0.575693 -0.294619
v 0.0165821 0.0112697 -0.00784847
vn 0.771786 0.525279 -0.358368
v 0.0155964 0.0116213 -0.00924539
vn 0.721653 0.547872 -0.423148
v 0.0155964 0.0116213 -0.00924539
vn 0.721653 0.547872 -0.423148
v 0.0144327 0.0129119 -0.00941007
vn 0.669009 0.603211 -0.434239
v 0.01645 0.0122633 -0.00649747
vn 0.762743 0.575693 -0.294619
v 0.0144327 0.0129119 -0.00941007
vn 0.669009 0.603211 -0.434239
v 0.0152482 0.0136612 -0.00662128
vn 0.707858 0.638312 -0.302481
v 0.01645 0.0122633 -0.00649747
vn 0.762743 0.575693 -0.294619
v 0.0144327 0.0129119 -0.00941007
vn 0.669009 0.603211 -0.434239
v 0.014215 0.0139709 -0.00812134
vn 0.658731 0.655222 -0.369807
v 0.0152482 0.0136612 -0.00662128
vn 0.707858 0.638312 -0.302481
v 0.00189579 0.0206238 0.00583454
vn 0.0895637 0.957347 0.274709
v 8.34246e-05 0.0208036 0.00551458
vn 0.00644425 0.964282 0.264799
v -0.00124037 0.0203896 0.00676778
vn -0.0561175 0.9462 0.318678
v -0.00124037 0.0203896 0.00676778
vn -0.0561175 0.9462 0.318678
v 0.00243375 0.020016 0.00748712
vn 0.115432 0.928014 0.35421
v 0.00189579 0.0206238 0.00583454
vn 0.0895637 0.957347 0.274709
v -0.00124037 0.0203896 0.00676778
vn -0.0561175 0.9462 0.318678
v -0.00079687 0.0197737 0.00843408
vn -0.0346176 0.917346 0.396584
v 0.00243375 0.020016 0.00748712
vn 0.115432 0.928014 0.35421
v -0.00079687 0.0197737 0.00843408
vn -0.0346176 0.917346 0.396584
v 0.00106475 0.019581 0.00882914
vn 0.0527094 0.909276 0.412843
v 0.00243375 0.020016 0.00748712
vn 0.115432 0.928014 0.35421
v 0.0078374 -0.00621976 -0.0190646
vn 0.368252 -0.283276 -0.88552
v 0.0090336 -0.00713487 -0.018195
vn 0.424032 -0.328773 -0.843863
v 0.00861759 -0.00875287 -0.0176892
vn 0.411523 -0.402981 -0.817469
v 0.00861759 -0.00875287 -0.0176892
vn 0.411523 -0.402981 -0.817469
v 0.00723764 -0.00923809 -0.0180664
vn 0.343631 -0.427462 -0.836178
v 0.0078374 -0.00621976 -0.0190646
vn 0.368252 -0.283276 -0.88552
v 0.00723764 -0.00923809 -0.0180664
vn 0.343631 -0.427462 -0.836178
v 0.00629557 -0.00697989 -0.019376
vn 0.294689 -0.315741 -0.901923
v 0.0078374 -0.00621976 -0.0190646
vn 0.368252 -0.283276 -0.88552
v 0.00723764 -0.00923809 -0.0180664
vn 0.343631 -0.427462 -0.836178
v 0.0061322 -0.00839225 -0.0188702
vn 0.287607 -0.382497 -0.878054
v 0.00629557 -0.00697989 -0.019376
vn 0.294689 -0.315741 -0.901923
v -0.000363399 0.0211649 0.00393525
vn -0.0165639 0.981928 0.188531
v -0.00201723 0.0211651 0.00339704
vn -0.0964063 0.981966 0.162632
v -0.00330886 0.0208036 0.00441238
vn -0.158711 0.964393 0.211557
v -0.00330886 0.0208036 0.00441238
vn -0.158711 0.964393 0.211557
v 8.34246e-05 0.0208036 0.00551458
vn 0.00644425 0.964282 0.264799
v -0.000363399 0.0211649 0.00393525
vn -0.0165639 0.981928 0.188531
v -0.00330886 0.0208036 0.00441238
vn -0.158711 0.964393 0.211557
v -0.00297447 0.0203896 0.00620434
vn -0.141276 0.946222 0.291042
v 8.34246e-05 0.0208036 0.00551458
vn 0.00644425 0.964282 0.264799
v -0.00297447 0.0203896 0.00620434
vn -0.141276 0.946222 0.291042
v -0.00124037 0.0203896 0.00676778
vn -0.0561175 0.9462 0.318678
v 8.34246e-05 0.0208036 0.00551458
vn 0.00644425 0.964282 0.264799
v 0.00106475 0.019581 0.00882914
vn 0.0527094 0.909276 0.412843
v -0.00079687 0.0197737 0.00843408
vn -0.0346176 0.917346 0.396584
v -0.00215063 0.0191093 0.00964343
vn -0.0974743 0.887567 0.450248
v -0.00215063 0.0191093 0.00964343
vn -0.0974743 0.887567 0.450248
v 0.00157713 0.0186932 0.0105041
vn 0.0761958 0.867885 0.490886
v 0.00106475 0.019581 0.00882914
vn 0.0527094 0.909276 0.412843
v -0.00215063 0.0191093 0.00964343
vn -0.0974743 0.887567 0.450248
v -0.00170114 0.0182262 0.0112923
vn -0.076338 0.847407 0.525427
v 0.00157713 0.0186932 0.0105041
vn 0.0761958 0.867885 0.490886
v -0.00170114 0.0182262 0.0112923
vn -0.076338 0.847407 0.525427
v 0.00016527 0.0180037 0.0117542
vn 0.0123455 0.8368 0.54737
v 0.00157713 0.0186932 0.0105041
vn 0.0761958 0.867885 0.490886
v 0.00432832 0.019581 0.00776873
vn 0.200491 0.909106 0.365143
v 0.00243375 0.020016 0.00748712
vn 0.115432 0.928014 0.35421
v 0.00106475 0.019581 0.00882914
vn 0.0527094 0.909276 0.412843
v 0.00106475 0.019581 0.00882914
vn 0.0527094 0.909276 0.412843
v 0.00489658 0.0186933 0.0094256
vn 0.227091 0.868026 0.441544
v 0.00432832 0.019581 0.00776873
vn 0.200491 0.909106 0.365143
v 0.00106475 0.019581 0.00882914
vn 0.0527094 0.909276 0.412843
v 0.00157713 0.0186932 0.0105041
vn 0.0761958 0.867885 0.490886
v 0.00489658 0.0186933 0.0094256
vn 0.227091 0.868026 0.441544
v 0.00157713 0.0186932 0.0105041
vn 0.0761958 0.867885 0.490886
v 0.00351583 0.0182396 0.0108204
vn 0.164035 0.847569 0.504697
v 0.00489658 0.0186933 0.0094256
vn 0.227091 0.868026 0.441544
v 0.00677533 0.0180037 0.00960641
vn 0.311809 0.836741 0.450155
v 0.00489658 0.0186933 0.0094256
vn 0.227091 0.868026 0.441544
v 0.00351583 0.0182396 0.0108204
vn 0.164035 0.847569 0.504697
v 0.00351583 0.0182396 0.0108204
vn 0.164035 0.847569 0.504697
v 0.00730001 0.0168583 0.0111698
vn 0.335668 0.78493 0.52078
v 0.00677533 0.0180037 0.00960641
vn 0.311809 0.836741 0.450155
v 0.00351583 0.0182396 0.0108204
vn 0.164035 0.847569 0.504697
v 0.00403346 0.0170813 0.0124104
vn 0.187723 0.794562 0.577435
v 0.00730001 0.0168583 0.0111698
vn 0.335668 0.78493 0.52078
v 0.00403346 0.0170813 0.0124104
vn 0.187723 0.794562 0.577435
v 0.00593851 0.0163888 0.0125805
vn 0.27394 0.763241 0.585166
v 0.00730001 0.0168583 0.0111698
vn 0.335668 0.78493 0.52078
v 0.00905207 0.0159721 0.0112006
vn 0.416061 0.74377 0.523162
v 0.00730001 0.0168583 0.0111698
vn 0.335668 0.78493 0.52078
v 0.00593851 0.0163888 0.0125805
vn 0.27394 0.763241 0.585166
v 0.00593851 0.0163888 0.0125805
vn 0.27394 0.763241 0.585166
v 0.00946062 0.0146475 0.0125923
vn 0.43408 0.684088 0.586173
v 0.00905207 0.0159721 0.0112006
vn 0.416061 0.74377 0.523162
v 0.00593851 0.0163888 0.0125805
vn 0.27394 0.763241 0.585166
v 0.00638257 0.0150234 0.0139935
vn 0.293868 0.701202 0.649583
v 0.00946062 0.0146475 0.0125923
vn 0.43408 0.684088 0.586173
v 0.00638257 0.0150234 0.0139935
vn 0.293868 0.701202 0.649583
v 0.00815003 0.0141679 0.0139767
vn 0.37668 0.661434 0.64855
v 0.00946062 0.0146475 0.0125923
vn 0.43408 0.684088 0.586173
v 0.0100327 0.0117789 0.014956
vn 0.46249 0.55004 0.695384
v 0.0112629 0.0122634 0.0136369
vn 0.5146 0.574463 0.636536
v 0.0110093 0.0136612 0.0124557
vn 0.505268 0.638632 0.580391
v 0.0110093 0.0136612 0.0124557
vn 0.505268 0.638632 0.580391
v 0.00946062 0.0146475 0.0125923
vn 0.43408 0.684088 0.586173
v 0.0100327 0.0117789 0.014956
vn 0.46249 0.55004 0.695384
v 0.00946062 0.0146475 0.0125923
vn 0.43408 0.684088 0.586173
v 0.00846372 0.0127005 0.0151603
vn 0.389099 0.593662 0.704391
v 0.0100327 0.0117789 0.014956
vn 0.46249 0.55004 0.695384
v 0.00946062 0.0146475 0.0125923
vn 0.43408 0.684088 0.586173
v 0.00815003 0.0141679 0.0139767
vn 0.37668 0.661434 0.64855
v 0.00846372 0.0127005 0.0151603
vn 0.389099 0.593662 0.704391
v -0.00124037 0.0203896 0.00676778
vn -0.0561175 0.9462 0.318678
v -0.00297447 0.0203896 0.00620434
vn -0.141276 0.946222 0.291042
v -0.0043127 0.0197737 0.00729174
vn -0.204075 0.91718 0.34225
v -0.0043127 0.0197737 0.00729174
vn -0.204075 0.91718 0.34225
v -0.00079687 0.0197737 0.00843408
vn -0.0346176 0.917346 0.396584
v -0.00124037 0.0203896 0.00676778
vn -0.0561175 0.9462 0.318678
v -0.0043127 0.0197737 0.00729174
vn -0.204075 0.91718 0.34225
v -0.00392882 0.0191085 0.00906743
vn -0.185606 0.88751 0.421754
v -0.00079687 0.0197737 0.00843408
vn -0.0346176 0.917346 0.396584
v -0.00392882 0.0191085 0.00906743
vn -0.185606 0.88751 0.421754
v -0.00215063 0.0191093 0.00964343
vn -0.0974743 0.887567 0.450248
v -0.00079687 0.0197737 0.00843408
vn -0.0346176 0.917346 0.396584
v -0.00215063 0.0191093 0.00964343
vn -0.0974743 0.887567 0.450248
v -0.00392882 0.0191085 0.00906743
vn -0.185606 0.88751 0.421754
v -0.00526113 0.0182262 0.0101356
vn -0.247293 0.846989 0.470591
v -0.00526113 0.0182262 0.0101356
vn -0.247293 0.846989 0.470591
v -0.00170114 0.0182262 0.0112923
vn -0.076338 0.847407 0.525427
v -0.00215063 0.0191093 0.00964343
vn -0.0974743 0.887567 0.450248
v -0.00526113 0.0182262 0.0101356
vn -0.247293 0.846989 0.470591
v -0.00480934 0.0173444 0.0117827
vn -0.226089 0.806913 0.545688
v -0.00170114 0.0182262 0.0112923
vn -0.076338 0.847407 0.525427
v -0.00480934 0.0173444 0.0117827
vn -0.226089 0.806913 0.545688
v -0.00303342 0.0173437 0.0123604
vn -0.138011 0.80689 0.574354
v -0.00170114 0.0182262 0.0112923
vn -0.076338 0.847407 0.525427
v 0.00016527 0.0180037 0.0117542
vn 0.0123455 0.8368 0.54737
v -0.00170114 0.0182262 0.0112923
vn -0.076338 0.847407 0.525427
v -0.00303342 0.0173437 0.0123604
vn -0.138011 0.80689 0.574354
v -0.00303342 0.0173437 0.0123604
vn -0.138011 0.80689 0.574354
v 0.000659762 0.0168583 0.0133274
vn 0.034643 0.784836 0.618734
v 0.00016527 0.0180037 0.0117542
vn 0.0123455 0.8368 0.54737
v -0.00303342 0.0173437 0.0123604
vn -0.138011 0.80689 0.574354
v -0.00256345 0.0162372 0.0138763
vn -0.115272 0.756825 0.643372
v 0.000659762 0.0168583 0.0133274
vn 0.034643 0.784836 0.618734
v -0.00256345 0.0162372 0.0138763
vn -0.115272 0.756825 0.643372
v -0.000739563 0.0159721 0.0143822
vn -0.0296672 0.743301 0.668299
v 0.000659762 0.0168583 0.0133274
vn 0.034643 0.784836 0.618734
v -0.00303342 0.0173437 0.0123604
vn -0.138011 0.80689 0.574354
v -0.00480934 0.0173444 0.0117827
vn -0.226089 0.806913 0.545688
v -0.00608097 0.0162368 0.0127342
vn -0.285191 0.757152 0.587696
v -0.00608097 0.0162368 0.0127342
vn -0.285191 0.757152 0.587696
v -0.00256345 0.0162372 0.0138763
vn -0.115272 0.756825 0.643372
v -0.00303342 0.0173437 0.0123604
vn -0.138011 0.80689 0.574354
v -0.00608097 0.0162368 0.0127342
vn -0.285191 0.757152 0.587696
v -0.00555866 0.015218 0.0141631
vn -0.260247 0.710341 0.653978
v -0.00256345 0.0162372 0.0138763
vn -0.115272 0.756825 0.643372
v -0.00555866 0.015218 0.0141631
vn -0.260247 0.710341 0.653978
v -0.00382636 0.0152172 0.0147266
vn -0.174369 0.710484 0.681768
v -0.00256345 0.0162372 0.0138763
vn -0.115272 0.756825 0.643372
v 0.00351583 0.0182396 0.0108204
vn 0.164035 0.847569 0.504697
v 0.00157713 0.0186932 0.0105041
vn 0.0761958 0.867885 0.490886
v 0.00016527 0.0180037 0.0117542
vn 0.0123455 0.8368 0.54737
v 0.00016527 0.0180037 0.0117542
vn 0.0123455 0.8368 0.54737
v 0.00403346 0.0170813 0.0124104
vn 0.187723 0.794562 0.577435
v 0.00351583 0.0182396 0.0108204
vn 0.164035 0.847569 0.504697
v 0.00016527 0.0180037 0.0117542
vn 0.0123455 0.8368 0.54737
v 0.000659762 0.0168583 0.0133274
vn 0.034643 0.784836 0.618734
v 0.00403346 0.0170813 0.0124104
vn 0.187723 0.794562 0.577435
v 0.000659762 0.0168583 0.0133274
vn 0.034643 0.784836 0.618734
v 0.00259096 0.0163899 0.013667
vn 0.12217 0.763187 0.634524
v 0.00403346 0.0170813 0.0124104
vn 0.187723 0.794562 0.577435
v -0.00158525 0.0136612 0.0165479
vn -0.0708758 0.638971 0.765959
v -0.000252088 0.0146476 0.0157482
vn -0.00655671 0.68472 0.728777
v -0.000739563 0.0159721 0.0143822
vn -0.0296672 0.743301 0.668299
v -0.000739563 0.0159721 0.0143822
vn -0.0296672 0.743301 0.668299
v -0.00256345 0.0162372 0.0138763
vn -0.115272 0.756825 0.643372
v -0.00158525 0.0136612 0.0165479
vn -0.0708758 0.638971 0.765959
v -0.00256345 0.0162372 0.0138763
vn -0.115272 0.756825 0.643372
v -0.00333294 0.0139704 0.016029
vn -0.147681 0.654456 0.741537
v -0.00158525 0.0136612 0.0165479
vn -0.0708758 0.638971 0.765959
v -0.00256345 0.0162372 0.0138763
vn -0.115272 0.756825 0.643372
v -0.00382636 0.0152172 0.0147266
vn -0.174369 0.710484 0.681768
v -0.00333294 0.0139704 0.016029
vn -0.147681 0.654456 0.741537
v 0.00740989 0.019109 0.00653675
vn 0.34333 0.887487 0.307395
v 0.00560218 0.0197737 0.00635487
vn 0.260726 0.917436 0.300555
v 0.00432832 0.019581 0.00776873
vn 0.200491 0.909106 0.365143
v 0.00432832 0.019581 0.00776873
vn 0.200491 0.909106 0.365143
v 0.0080138 0.0182262 0.0081357
vn 0.370191 0.847636 0.380096
v 0.00740989 0.019109 0.00653675
vn 0.34333 0.887487 0.307395
v 0.00432832 0.019581 0.00776873
vn 0.200491 0.909106 0.365143
v 0.00489658 0.0186933 0.0094256
vn 0.227091 0.868026 0.441544
v 0.0080138 0.0182262 0.0081357
vn 0.370191 0.847636 0.380096
v 0.00489658 0.0186933 0.0094256
vn 0.227091 0.868026 0.441544
v 0.00677533 0.0180037 0.00960641
vn 0.311809 0.836741 0.450155
v 0.0080138 0.0182262 0.0081357
vn 0.370191 0.847636 0.380096
v -0.00448954 0.0129119 0.0166342
vn -0.206615 0.604924 0.76901
v -0.00333294 0.0139704 0.016029
vn -0.147681 0.654456 0.741537
v -0.00382636 0.0152172 0.0147266
vn -0.174369 0.710484 0.681768
v -0.00382636 0.0152172 0.0147266
vn -0.174369 0.710484 0.681768
v -0.00555866 0.015218 0.0141631
vn -0.260247 0.710341 0.653978
v -0.00448954 0.0129119 0.0166342
vn -0.206615 0.604924 0.76901
v -0.00555866 0.015218 0.0141631
vn -0.260247 0.710341 0.653978
v -0.00614507 0.0129119 0.0160963
vn -0.284844 0.604935 0.743584
v -0.00448954 0.0129119 0.0166342
vn -0.206615 0.604924 0.76901
v -0.00555866 0.015218 0.0141631
vn -0.260247 0.710341 0.653978
v -0.00672506 0.0139704 0.0149268
vn -0.315647 0.656102 0.685491
v -0.00614507 0.0129119 0.0160963
vn -0.284844 0.604935 0.743584
v 0.00593851 0.0163888 0.0125805
vn 0.27394 0.763241 0.585166
v 0.00403346 0.0170813 0.0124104
vn 0.187723 0.794562 0.577435
v 0.00259096 0.0163899 0.013667
vn 0.12217 0.763187 0.634524
v 0.00259096 0.0163899 0.013667
vn 0.12217 0.763187 0.634524
v 0.00638257 0.0150234 0.0139935
vn 0.293868 0.701202 0.649583
v 0.00593851 0.0163888 0.0125805
vn 0.27394 0.763241 0.585166
v 0.00259096 0.0163899 0.013667
vn 0.12217 0.763187 0.634524
v 0.00306354 0.0150235 0.015072
vn 0.143864 0.701499 0.697999
v 0.00638257 0.0150234 0.0139935
vn 0.293868 0.701202 0.649583
v 0.00306354 0.0150235 0.015072
vn 0.143864 0.701499 0.697999
v 0.00494833 0.0143496 0.0152291
vn 0.229478 0.671026 0.705028
v 0.00638257 0.0150234 0.0139935
vn 0.293868 0.701202 0.649583
v -0.00233962 0.0112713 0.0181949
vn -0.10336 0.525408 0.844549
v -0.00109795 0.012263 0.0176528
vn -0.0434285 0.573231 0.818242
v -0.00158525 0.0136612 0.0165479
vn -0.0708758 0.638971 0.765959
v -0.00158525 0.0136612 0.0165479
vn -0.0708758 0.638971 0.765959
v -0.00333294 0.0139704 0.016029
vn -0.147681 0.654456 0.741537
v -0.00233962 0.0112713 0.0181949
vn -0.10336 0.525408 0.844549
v -0.00333294 0.0139704 0.016029
vn -0.147681 0.654456 0.741537
v -0.00397332 0.0116214 0.0176901
vn -0.175299 0.544688 0.820113
v -0.00233962 0.0112713 0.0181949
vn -0.10336 0.525408 0.844549
v -0.00333294 0.0139704 0.016029
vn -0.147681 0.654456 0.741537
v -0.00448954 0.0129119 0.0166342
vn -0.206615 0.604924 0.76901
v -0.00397332 0.0116214 0.0176901
vn -0.175299 0.544688 0.820113
v 0.00971947 0.0173437 0.00821671
vn 0.449014 0.807009 0.383566
v 0.0080138 0.0182262 0.0081357
vn 0.370191 0.847636 0.380096
v 0.00677533 0.0180037 0.00960641
vn 0.311809 0.836741 0.450155
v 0.00677533 0.0180037 0.00960641
vn 0.311809 0.836741 0.450155
v 0.0102302 0.0162372 0.00971927
vn 0.470949 0.757381 0.452306
v 0.00971947 0.0173437 0.00821671
vn 0.449014 0.807009 0.383566
v 0.00677533 0.0180037 0.00960641
vn 0.311809 0.836741 0.450155
v 0.00730001 0.0168583 0.0111698
vn 0.335668 0.78493 0.52078
v 0.0102302 0.0162372 0.00971927
vn 0.470949 0.757381 0.452306
v 0.00730001 0.0168583 0.0111698
vn 0.335668 0.78493 0.52078
v 0.00905207 0.0159721 0.0112006
vn 0.416061 0.74377 0.523162
v 0.0102302 0.0162372 0.00971927
vn 0.470949 0.757381 0.452306
v -0.0180516 0.0116223 -0.00168604
vn -0.832523 0.547924 -0.0817639
v -0.0187357 0.010604 -0.000804431
vn -0.865905 0.4986 -0.0400868
v -0.0187357 0.010604 0.000804428
vn -0.865894 0.49862 0.0400695
v -0.0187357 0.010604 0.000804428
vn -0.865894 0.49862 0.0400695
v -0.0180521 0.0116213 0.00168759
vn -0.832554 0.547866 0.0818403
v -0.0180516 0.0116223 -0.00168604
vn -0.832523 0.547924 -0.0817639
v -0.0180521 0.0116213 0.00168759
vn -0.832554 0.547866 0.0818403
v -0.0172075 0.0129118 0.00087036
vn -0.795833 0.604092 0.0414999
v -0.0180516 0.0116223 -0.00168604
vn -0.832523 0.547924 -0.0817639
v -0.0172075 0.0129118 0.00087036
vn -0.795833 0.604092 0.0414999
v -0.0172075 0.0129118 -0.000870363
vn -0.795823 0.604106 -0.0414955
v -0.0180516 0.0116223 -0.00168604
vn -0.832523 0.547924 -0.0817639
v 0.0155964 0.0116213 -0.00924539
vn 0.721653 0.547872 -0.423148
v 0.0156303 0.0106041 -0.0103617
vn 0.724089 0.49861 -0.476533
v 0.0146846 0.010605 -0.0116626
vn 0.676968 0.498657 -0.541346
v 0.0146846 0.010605 -0.0116626
vn 0.676968 0.498657 -0.541346
v 0.013614 0.0116208 -0.0119749
vn 0.626706 0.546487 -0.55551
v 0.0155964 0.0116213 -0.00924539
vn 0.721653 0.547872 -0.423148
v 0.013614 0.0116208 -0.0119749
vn 0.626706 0.546487 -0.55551
v 0.0134096 0.0129119 -0.0108183
vn 0.620461 0.603569 -0.500732
v 0.0155964 0.0116213 -0.00924539
vn 0.721653 0.547872 -0.423148
v 0.0134096 0.0129119 -0.0108183
vn 0.620461 0.603569 -0.500732
v 0.0144327 0.0129119 -0.00941007
vn 0.669009 0.603211 -0.434239
v 0.0155964 0.0116213 -0.00924539
vn 0.721653 0.547872 -0.423148
v 0.00707692 0.0120584 0.0163493
vn 0.327224 0.563062 0.758871
v 0.00846372 0.0127005 0.0151603
vn 0.389099 0.593662 0.704391
v 0.00815003 0.0141679 0.0139767
vn 0.37668 0.661434 0.64855
v 0.00815003 0.0141679 0.0139767
vn 0.37668 0.661434 0.64855
v 0.00638257 0.0150234 0.0139935
vn 0.293868 0.701202 0.649583
v 0.00707692 0.0120584 0.0163493
vn 0.327224 0.563062 0.758871
v 0.00638257 0.0150234 0.0139935
vn 0.293868 0.701202 0.649583
v 0.00532922 0.0128569 0.0163983
vn 0.247635 0.59996 0.76074
v 0.00707692 0.0120584 0.0163493
vn 0.327224 0.563062 0.758871
v 0.00638257 0.0150234 0.0139935
vn 0.293868 0.701202 0.649583
v 0.00494833 0.0143496 0.0152291
vn 0.229478 0.671026 0.705028
v 0.00532922 0.0128569 0.0163983
vn 0.247635 0.59996 0.76074
v 0.00388471 0.0120584 0.0173865
vn 0.181437 0.562869 0.806386
v 0.00532922 0.0128569 0.0163983
vn 0.247635 0.59996 0.76074
v 0.00494833 0.0143496 0.0152291
vn 0.229478 0.671026 0.705028
v 0.00494833 0.0143496 0.0152291
vn 0.229478 0.671026 0.705028
v 0.00306354 0.0150235 0.015072
vn 0.143864 0.701499 0.697999
v 0.00388471 0.0120584 0.0173865
vn 0.181437 0.562869 0.806386
v 0.00306354 0.0150235 0.015072
vn 0.143864 0.701499 0.697999
v 0.00206571 0.0127007 0.0172394
vn 0.100189 0.592714 0.799157
v 0.00388471 0.0120584 0.0173865
vn 0.181437 0.562869 0.806386
v 0.00306354 0.0150235 0.015072
vn 0.143864 0.701499 0.697999
v 0.00162196 0.0141679 0.0160978
vn 0.0768543 0.66252 0.745091
v 0.00206571 0.0127007 0.0172394
vn 0.100189 0.592714 0.799157
v 0.000675758 0.0117777 0.0179975
vn 0.034791 0.549475 0.834786
v 0.00206571 0.0127007 0.0172394
vn 0.100189 0.592714 0.799157
v 0.00162196 0.0141679 0.0160978
vn 0.0768543 0.66252 0.745091
v 0.00162196 0.0141679 0.0160978
vn 0.0768543 0.66252 0.745091
v -0.000252088 0.0146476 0.0157482
vn -0.00655671 0.68472 0.728777
v 0.000675758 0.0117777 0.0179975
vn 0.034791 0.549475 0.834786
v -0.000252088 0.0146476 0.0157482
vn -0.00655671 0.68472 0.728777
v -0.00109795 0.012263 0.0176528
vn -0.0434285 0.573231 0.818242
v 0.000675758 0.0117777 0.0179975
vn 0.034791 0.549475 0.834786
v -0.000252088 0.0146476 0.0157482
vn -0.00655671 0.68472 0.728777
v -0.00158525 0.0136612 0.0165479
vn -0.0708758 0.638971 0.765959
v -0.00109795 0.012263 0.0176528
vn -0.0434285 0.573231 0.818242
v -0.00232113 0.0213435 0.00168758
vn -0.11416 0.989667 0.0867525
v -0.00385316 0.0211652 0.000870352
vn -0.185436 0.981795 0.041144
v -0.00521715 0.0208041 0.00178333
vn -0.249537 0.964299 0.0886478
v -0.00521715 0.0208041 0.00178333
vn -0.249537 0.964299 0.0886478
v -0.00201723 0.0211651 0.00339704
vn -0.0964063 0.981966 0.162632
v -0.00232113 0.0213435 0.00168758
vn -0.11416 0.989667 0.0867525
v -0.00521715 0.0208041 0.00178333
vn -0.249537 0.964299 0.0886478
v -0.00496319 0.0206238 0.00360596
vn -0.235986 0.956902 0.169259
v -0.00201723 0.0211651 0.00339704
vn -0.0964063 0.981966 0.162632
v -0.00496319 0.0206238 0.00360596
vn -0.235986 0.956902 0.169259
v -0.00330886 0.0208036 0.00441238
vn -0.158711 0.964393 0.211557
v -0.00201723 0.0211651 0.00339704
vn -0.0964063 0.981966 0.162632
v 0.0121181 0.0139704 0.0110085
vn 0.556212 0.654788 0.511743
v 0.0117518 0.0152172 0.0096649
vn 0.541891 0.7103 0.449253
v 0.0102302 0.0162372 0.00971927
vn 0.470949 0.757381 0.452306
v 0.0102302 0.0162372 0.00971927
vn 0.470949 0.757381 0.452306
v 0.00905207 0.0159721 0.0112006
vn 0.416061 0.74377 0.523162
v 0.0121181 0.0139704 0.0110085
vn 0.556212 0.654788 0.511743
v 0.00905207 0.0159721 0.0112006
vn 0.416061 0.74377 0.523162
v 0.0110093 0.0136612 0.0124557
vn 0.505268 0.638632 0.580391
v 0.0121181 0.0139704 0.0110085
vn 0.556212 0.654788 0.511743
v 0.00905207 0.0159721 0.0112006
vn 0.416061 0.74377 0.523162
v 0.00946062 0.0146475 0.0125923
vn 0.43408 0.684088 0.586173
v 0.0110093 0.0136612 0.0124557
vn 0.505268 0.638632 0.580391
v 0.0136126 0.0116214 0.011976
vn 0.626655 0.546493 0.555562
v 0.0134096 0.0129119 0.0108183
vn 0.62051 0.603542 0.500704
v 0.0121181 0.0139704 0.0110085
vn 0.556212 0.654788 0.511743
v 0.0121181 0.0139704 0.0110085
vn 0.556212 0.654788 0.511743
v 0.0110093 0.0136612 0.0124557
vn 0.505268 0.638632 0.580391
v 0.0136126 0.0116214 0.011976
vn 0.626655 0.546493 0.555562
v 0.0110093 0.0136612 0.0124557
vn 0.505268 0.638632 0.580391
v 0.0125886 0.0112697 0.013345
vn 0.5785 0.525266 0.624046
v 0.0136126 0.0116214 0.011976
vn 0.626655 0.546493 0.555562
v 0.0110093 0.0136612 0.0124557
vn 0.505268 0.638632 0.580391
v 0.0112629 0.0122634 0.0136369
vn 0.5146 0.574463 0.636536
v 0.0125886 0.0112697 0.013345
vn 0.5785 0.525266 0.624046
v -0.00521715 0.0208041 0.00178333
vn -0.249537 0.964299 0.0886478
v -0.0068199 0.0203896 0.00091166
vn -0.321205 0.945943 0.0449314
v -0.00826662 0.019774 0.00184994
vn -0.387926 0.917271 0.0901489
v -0.00826662 0.019774 0.00184994
vn -0.387926 0.917271 0.0901489
v -0.00496319 0.0206238 0.00360596
vn -0.235986 0.956902 0.169259
v -0.00521715 0.0208041 0.00178333
vn -0.249537 0.964299 0.0886478
v -0.00826662 0.019774 0.00184994
vn -0.387926 0.917271 0.0901489
v -0.00806806 0.0195809 0.00374096
vn -0.377698 0.90876 0.177479
v -0.00496319 0.0206238 0.00360596
vn -0.235986 0.956902 0.169259
v -0.00806806 0.0195809 0.00374096
vn -0.377698 0.90876 0.177479
v -0.00636866 0.020016 0.00462825
vn -0.301531 0.927931 0.219144
v -0.00496319 0.0206238 0.00360596
vn -0.235986 0.956902 0.169259
v 0.0194864 -0.00875279 0.00272961
vn 0.905637 -0.402131 0.134583
v 0.0194192 -0.00923672 0.00130192
vn 0.902911 -0.424572 0.0670043
v 0.0198416 -0.00839217 9.28983e-07
vn 0.92375 -0.382995 3.34768e-05
v 0.0198416 -0.00839217 9.28983e-07
vn 0.92375 -0.382995 3.34768e-05
v 0.0200964 -0.00713379 0.00296908
vn 0.934719 -0.325782 0.142007
v 0.0194864 -0.00875279 0.00272961
vn 0.905637 -0.402131 0.134583
v 0.0198416 -0.00839217 9.28983e-07
vn 0.92375 -0.382995 3.34768e-05
v 0.0203736 -0.00697833 9.65237e-07
vn 0.950263 -0.311448 2.80878e-05
v 0.0200964 -0.00713379 0.00296908
vn 0.934719 -0.325782 0.142007
v 0.0203736 -0.00697833 9.65237e-07
vn 0.950263 -0.311448 2.80878e-05
v 0.020554 -0.00621812 0.00156169
vn 0.956081 -0.283754 0.0734369
v 0.0200964 -0.00713379 0.00296908
vn 0.934719 -0.325782 0.142007
v -0.00826662 0.019774 0.00184994
vn -0.387926 0.917271 0.0901489
v -0.00983779 0.0191084 0.000934581
vn -0.458678 0.887349 0.0471733
v -0.0112638 0.0182271 0.00187159
vn -0.523565 0.84717 0.0904629
v -0.0112638 0.0182271 0.00187159
vn -0.523565 0.84717 0.0904629
v -0.00806806 0.0195809 0.00374096
vn -0.377698 0.90876 0.177479
v -0.00826662 0.019774 0.00184994
vn -0.387926 0.917271 0.0901489
v -0.0112638 0.0182271 0.00187159
vn -0.523565 0.84717 0.0904629
v -0.0111263 0.0180047 0.00378937
vn -0.517074 0.836684 0.180537
v -0.00806806 0.0195809 0.00374096
vn -0.377698 0.90876 0.177479
v -0.0111263 0.0180047 0.00378937
vn -0.517074 0.836684 0.180537
v -0.00950166 0.0186933 0.00474739
vn -0.443557 0.867944 0.223454
v -0.00806806 0.0195809 0.00374096
vn -0.377698 0.90876 0.177479
v -0.00636866 0.020016 0.00462825
vn -0.301531 0.927931 0.219144
v -0.00806806 0.0195809 0.00374096
vn -0.377698 0.90876 0.177479
v -0.00950166 0.0186933 0.00474739
vn -0.443557 0.867944 0.223454
v -0.00950166 0.0186933 0.00474739
vn -0.443557 0.867944 0.223454
v -0.00604926 0.0195815 0.00651699
vn -0.28652 0.908835 0.303192
v -0.00636866 0.020016 0.00462825
vn -0.301531 0.927931 0.219144
v -0.00950166 0.0186933 0.00474739
vn -0.443557 0.867944 0.223454
v -0.00920445 0.0182396 0.00668742
vn -0.429745 0.847318 0.312043
v -0.00604926 0.0195815 0.00651699
vn -0.28652 0.908835 0.303192
v -0.00920445 0.0182396 0.00668742
vn -0.429745 0.847318 0.312043
v -0.00745004 0.0186932 0.00757103
vn -0.350248 0.867723 0.352679
v -0.00604926 0.0195815 0.00651699
vn -0.28652 0.908835 0.303192
v -0.00745004 0.0186932 0.00757103
vn -0.350248 0.867723 0.352679
v -0.00920445 0.0182396 0.00668742
vn -0.429745 0.847318 0.312043
v -0.0105567 0.0170813 0.00767105
vn -0.491162 0.794696 0.356677
v -0.0105567 0.0170813 0.00767105
vn -0.491162 0.794696 0.356677
v -0.00704258 0.0180037 0.00941225
vn -0.331908 0.836402 0.436198
v -0.00745004 0.0186932 0.00757103
vn -0.350248 0.867723 0.352679
v -0.0105567 0.0170813 0.00767105
vn -0.491162 0.794696 0.356677
v -0.0101291 0.0163895 0.00953496
vn -0.471577 0.763012 0.442072
v -0.00704258 0.0180037 0.00941225
vn -0.331908 0.836402 0.436198
v -0.0101291 0.0163895 0.00953496
vn -0.471577 0.763012 0.442072
v -0.00836734 0.0168583 0.0103944
vn -0.391793 0.784591 0.480536
v -0.00704258 0.0180037 0.00941225
vn -0.331908 0.836402 0.436198
v -0.00836734 0.0168583 0.0103944
vn -0.391793 0.784591 0.480536
v -0.0101291 0.0163895 0.00953496
vn -0.471577 0.763012 0.442072
v -0.0113363 0.0150234 0.0103944
vn -0.526551 0.701326 0.480505
v -0.0113363 0.0150234 0.0103944
vn -0.526551 0.701326 0.480505
v -0.00785522 0.0159721 0.0120702
vn -0.368311 0.743245 0.55851
v -0.00836734 0.0168583 0.0103944
vn -0.391793 0.784591 0.480536
v -0.0113363 0.0150234 0.0103944
vn -0.526551 0.701326 0.480505
v -0.0107727 0.014169 0.0120702
vn -0.50064 0.662859 0.556756
v -0.00785522 0.0159721 0.0120702
vn -0.368311 0.743245 0.55851
v -0.0107727 0.014169 0.0120702
vn -0.50064 0.662859 0.556756
v -0.0090525 0.0146475 0.0128888
vn -0.422392 0.685515 0.593004
v -0.00785522 0.0159721 0.0120702
vn -0.368311 0.743245 0.55851
v -0.00948769 0.012263 0.0149269
vn -0.44506 0.573415 0.687835
v -0.0084424 0.0136622 0.0143194
vn -0.393531 0.639723 0.660218
v -0.0090525 0.0146475 0.0128888
vn -0.422392 0.685515 0.593004
v -0.0090525 0.0146475 0.0128888
vn -0.422392 0.685515 0.593004
v -0.0107727 0.014169 0.0120702
vn -0.50064 0.662859 0.556756
v -0.00948769 0.012263 0.0149269
vn -0.44506 0.573415 0.687835
v -0.0107727 0.014169 0.0120702
vn -0.50064 0.662859 0.556756
v -0.0111253 0.0117777 0.0141631
vn -0.519498 0.549224 0.65458
v -0.00948769 0.012263 0.0149269
vn -0.44506 0.573415 0.687835
v -0.0107727 0.014169 0.0120702
vn -0.50064 0.662859 0.556756
v -0.0118029 0.0127004 0.0127342
vn -0.550773 0.593266 0.587099
v -0.0111253 0.0117777 0.0141631
vn -0.519498 0.549224 0.65458
v -0.00330886 0.0208036 0.00441238
vn -0.158711 0.964393 0.211557
v -0.00496319 0.0206238 0.00360596
vn -0.235986 0.956902 0.169259
v -0.00636866 0.020016 0.00462825
vn -0.301531 0.927931 0.219144
v -0.00636866 0.020016 0.00462825
vn -0.301531 0.927931 0.219144
v -0.00297447 0.0203896 0.00620434
vn -0.141276 0.946222 0.291042
v -0.00330886 0.0208036 0.00441238
vn -0.158711 0.964393 0.211557
v -0.00636866 0.020016 0.00462825
vn -0.301531 0.927931 0.219144
v -0.00604926 0.0195815 0.00651699
vn -0.28652 0.908835 0.303192
v -0.00297447 0.0203896 0.00620434
vn -0.141276 0.946222 0.291042
v -0.00604926 0.0195815 0.00651699
vn -0.28652 0.908835 0.303192
v -0.0043127 0.0197737 0.00729174
vn -0.204075 0.91718 0.34225
v -0.00297447 0.0203896 0.00620434
vn -0.141276 0.946222 0.291042
v 0.00286977 0.0213435 9.61261e-07
vn 0.140772 0.990042 1.59229e-06
v 0.0013673 0.0215 9.27676e-07
vn 0.0724702 0.997371 6.56772e-06
v 0.000423026 0.0214999 0.00130192
vn 0.020848 0.997433 0.0684963
v 0.000423026 0.0214999 0.00130192
vn 0.020848 0.997433 0.0684963
v 0.00363036 0.0211649 0.00156168
vn 0.174107 0.981738 0.076662
v 0.00286977 0.0213435 9.61261e-07
vn 0.140772 0.990042 1.59229e-06
v 0.000423026 0.0214999 0.00130192
vn 0.020848 0.997433 0.0684963
v 0.000887734 0.0213435 0.002729
vn 0.0441927 0.989347 0.138708
v 0.00363036 0.0211649 0.00156168
vn 0.174107 0.981738 0.076662
v 0.000887734 0.0213435 0.002729
vn 0.0441927 0.989347 0.138708
v 0.00260711 0.0211649 0.00297006
vn 0.12355 0.982044 0.142565
v 0.00363036 0.0211649 0.00156168
vn 0.174107 0.981738 0.076662
v -0.00950166 0.0186933 0.00474739
vn -0.443557 0.867944 0.223454
v -0.0111263 0.0180047 0.00378937
vn -0.517074 0.836684 0.180537
v -0.0124704 0.0168585 0.0047474
vn -0.577929 0.784911 0.223412
v -0.0124704 0.0168585 0.0047474
vn -0.577929 0.784911 0.223412
v -0.00920445 0.0182396 0.00668742
vn -0.429745 0.847318 0.312043
v -0.00950166 0.0186933 0.00474739
vn -0.443557 0.867944 0.223454
v -0.0124704 0.0168585 0.0047474
vn -0.577929 0.784911 0.223412
v -0.012199 0.0163887 0.00668739
vn -0.565714 0.763278 0.312049
v -0.00920445 0.0182396 0.00668742
vn -0.429745 0.847318 0.312043
v -0.012199 0.0163887 0.00668739
vn -0.565714 0.763278 0.312049
v -0.0105567 0.0170813 0.00767105
vn -0.491162 0.794696 0.356677
v -0.00920445 0.0182396 0.00668742
vn -0.429745 0.847318 0.312043
v -0.0162733 0.0139717 0.00178343
vn -0.750644 0.655142 0.0855727
v -0.0162268 0.0136625 0.00360598
vn -0.751256 0.637172 0.172123
v -0.0150546 0.0146478 0.00462828
vn -0.695167 0.684612 0.219203
v -0.0150546 0.0146478 0.00462828
vn -0.695167 0.684612 0.219203
v -0.0151884 0.0152172 0.00091162
vn -0.703249 0.709546 0.0445569
v -0.0162733 0.0139717 0.00178343
vn -0.750644 0.655142 0.0855727
v -0.0150546 0.0146478 0.00462828
vn -0.695167 0.684612 0.219203
v -0.0139062 0.0159727 0.00374041
vn -0.643559 0.744405 0.178023
v -0.0151884 0.0152172 0.00091162
vn -0.703249 0.709546 0.0445569
v -0.0139062 0.0159727 0.00374041
vn -0.643559 0.744405 0.178023
v -0.0139893 0.0162371 0.00184995
vn -0.646063 0.758034 0.0893726
v -0.0151884 0.0152172 0.00091162
vn -0.703249 0.709546 0.0445569
v -0.0043127 0.0197737 0.00729174
vn -0.204075 0.91718 0.34225
v -0.00604926 0.0195815 0.00651699
vn -0.28652 0.908835 0.303192
v -0.00745004 0.0186932 0.00757103
vn -0.350248 0.867723 0.352679
v -0.00745004 0.0186932 0.00757103
vn -0.350248 0.867723 0.352679
v -0.00392882 0.0191085 0.00906743
vn -0.185606 0.88751 0.421754
v -0.0043127 0.0197737 0.00729174
vn -0.204075 0.91718 0.34225
v -0.00745004 0.0186932 0.00757103
vn -0.350248 0.867723 0.352679
v -0.00704258 0.0180037 0.00941225
vn -0.331908 0.836402 0.436198
v -0.00392882 0.0191085 0.00906743
vn -0.185606 0.88751 0.421754
v -0.00704258 0.0180037 0.00941225
vn -0.331908 0.836402 0.436198
v -0.00526113 0.0182262 0.0101356
vn -0.247293 0.846989 0.470591
v -0.00392882 0.0191085 0.00906743
vn -0.185606 0.88751 0.421754
v -0.0038541 0.0211651 -0.000869841
vn -0.185479 0.981788 -0.0410979
v -0.00521715 0.0208041 -0.00178333
vn -0.249549 0.964294 -0.0886754
v -0.0068199 0.0203896 -0.000911664
vn -0.321205 0.945943 -0.0449355
v -0.0068199 0.0203896 -0.000911664
vn -0.321205 0.945943 -0.0449355
v -0.0068199 0.0203896 0.00091166
vn -0.321205 0.945943 0.0449314
v -0.0038541 0.0211651 -0.000869841
vn -0.185479 0.981788 -0.0410979
v -0.0068199 0.0203896 0.00091166
vn -0.321205 0.945943 0.0449314
v -0.00385316 0.0211652 0.000870352
vn -0.185436 0.981795 0.041144
v -0.0038541 0.0211651 -0.000869841
vn -0.185479 0.981788 -0.0410979
v -0.0068199 0.0203896 0.00091166
vn -0.321205 0.945943 0.0449314
v -0.00521715 0.0208041 0.00178333
vn -0.249537 0.964299 0.0886478
v -0.00385316 0.0211652 0.000870352
vn -0.185436 0.981795 0.041144
v -0.0105567 0.0170813 0.00767105
vn -0.491162 0.794696 0.356677
v -0.012199 0.0163887 0.00668739
vn -0.565714 0.763278 0.312049
v -0.0133878 0.0150235 0.00757107
vn -0.620066 0.700595 0.353107
v -0.0133878 0.0150235 0.00757107
vn -0.620066 0.700595 0.353107
v -0.0129547 0.0143495 0.00941217
vn -0.600331 0.670577 0.435809
v -0.0105567 0.0170813 0.00767105
vn -0.491162 0.794696 0.356677
v -0.0129547 0.0143495 0.00941217
vn -0.600331 0.670577 0.435809
v -0.0101291 0.0163895 0.00953496
vn -0.471577 0.763012 0.442072
v -0.0105567 0.0170813 0.00767105
vn -0.491162 0.794696 0.356677
v -0.0129547 0.0143495 0.00941217
vn -0.600331 0.670577 0.435809
v -0.0113363 0.0150234 0.0103944
vn -0.526551 0.701326 0.480505
v -0.0101291 0.0163895 0.00953496
vn -0.471577 0.763012 0.442072
v -0.0124704 0.0168585 0.0047474
vn -0.577929 0.784911 0.223412
v -0.0139062 0.0159727 0.00374041
vn -0.643559 0.744405 0.178023
v -0.0150546 0.0146478 0.00462828
vn -0.695167 0.684612 0.219203
v -0.0150546 0.0146478 0.00462828
vn -0.695167 0.684612 0.219203
v -0.0148075 0.0141692 0.00651717
vn -0.685006 0.661977 0.304225
v -0.0124704 0.0168585 0.0047474
vn -0.577929 0.784911 0.223412
v -0.0148075 0.0141692 0.00651717
vn -0.685006 0.661977 0.304225
v -0.012199 0.0163887 0.00668739
vn -0.565714 0.763278 0.312049
v -0.0124704 0.0168585 0.0047474
vn -0.577929 0.784911 0.223412
v -0.0148075 0.0141692 0.00651717
vn -0.685006 0.661977 0.304225
v -0.0133878 0.0150235 0.00757107
vn -0.620066 0.700595 0.353107
v -0.012199 0.0163887 0.00668739
vn -0.565714 0.763278 0.312049
v -0.00526113 0.0182262 0.0101356
vn -0.247293 0.846989 0.470591
v -0.00704258 0.0180037 0.00941225
vn -0.331908 0.836402 0.436198
v -0.00836734 0.0168583 0.0103944
vn -0.391793 0.784591 0.480536
v -0.00836734 0.0168583 0.0103944
vn -0.391793 0.784591 0.480536
v -0.00480934 0.0173444 0.0117827
vn -0.226089 0.806913 0.545688
v -0.00526113 0.0182262 0.0101356
vn -0.247293 0.846989 0.470591
v -0.00836734 0.0168583 0.0103944
vn -0.391793 0.784591 0.480536
v -0.00785522 0.0159721 0.0120702
vn -0.368311 0.743245 0.55851
v -0.00480934 0.0173444 0.0117827
vn -0.226089 0.806913 0.545688
v -0.00785522 0.0159721 0.0120702
vn -0.368311 0.743245 0.55851
v -0.00608097 0.0162368 0.0127342
vn -0.285191 0.757152 0.587696
v -0.00480934 0.0173444 0.0117827
vn -0.226089 0.806913 0.545688
v -0.0068199 0.0203896 -0.000911664
vn -0.321205 0.945943 -0.0449355
v -0.00826588 0.0197744 -0.00184833
vn -0.387906 0.91729 -0.0900411
v -0.00983779 0.0191084 -0.000934584
vn -0.458674 0.88735 -0.0472072
v -0.00983779 0.0191084 -0.000934584
vn -0.458674 0.88735 -0.0472072
v -0.00983779 0.0191084 0.000934581
vn -0.458678 0.887349 0.0471733
v -0.0068199 0.0203896 -0.000911664
vn -0.321205 0.945943 -0.0449355
v -0.00983779 0.0191084 0.000934581
vn -0.458678 0.887349 0.0471733
v -0.0068199 0.0203896 0.00091166
vn -0.321205 0.945943 0.0449314
v -0.0068199 0.0203896 -0.000911664
vn -0.321205 0.945943 -0.0449355
v -0.00983779 0.0191084 0.000934581
vn -0.458678 0.887349 0.0471733
v -0.00826662 0.019774 0.00184994
vn -0.387926 0.917271 0.0901489
v -0.0068199 0.0203896 0.00091166
vn -0.321205 0.945943 0.0449314
v 0.0013673 0.0215 9.27676e-07
vn 0.0724702 0.997371 6.56772e-06
v 0.000421639 0.0215 -0.00130066
vn 0.0208266 0.997437 -0.068447
v -0.00110661 0.0215 -0.000804001
vn -0.0562708 0.997465 -0.0435455
v -0.00110661 0.0215 -0.000804001
vn -0.0562708 0.997465 -0.0435455
v -0.00110749 0.0214999 0.00080463
vn -0.0562935 0.997465 0.0435359
v 0.0013673 0.0215 9.27676e-07
vn 0.0724702 0.997371 6.56772e-06
v -0.00110749 0.0214999 0.00080463
vn -0.0562935 0.997465 0.0435359
v 0.000423026 0.0214999 0.00130192
vn 0.020848 0.997433 0.0684963
v 0.0013673 0.0215 9.27676e-07
vn 0.0724702 0.997371 6.56772e-06
v -0.0113363 0.0150234 0.0103944
vn -0.526551 0.701326 0.480505
v -0.0129547 0.0143495 0.00941217
vn -0.600331 0.670577 0.435809
v -0.013949 0.0128568 0.0101357
vn -0.647258 0.600379 0.469682
v -0.013949 0.0128568 0.0101357
vn -0.647258 0.600379 0.469682
v -0.0133623 0.0120584 0.0117827
vn -0.620688 0.563126 0.54556
v -0.0113363 0.0150234 0.0103944
vn -0.526551 0.701326 0.480505
v -0.0133623 0.0120584 0.0117827
vn -0.620688 0.563126 0.54556
v -0.0107727 0.014169 0.0120702
vn -0.50064 0.662859 0.556756
v -0.0113363 0.0150234 0.0103944
vn -0.526551 0.701326 0.480505
v -0.0133623 0.0120584 0.0117827
vn -0.620688 0.563126 0.54556
v -0.0118029 0.0127004 0.0127342
vn -0.550773 0.593266 0.587099
v -0.0107727 0.014169 0.0120702
vn -0.50064 0.662859 0.556756
v -0.0157583 0.0127004 0.00729015
vn -0.728525 0.594053 0.341104
v -0.015334 0.0120598 0.00906747
vn -0.710171 0.563808 0.421637
v -0.013949 0.0128568 0.0101357
vn -0.647258 0.600379 0.469682
v -0.013949 0.0128568 0.0101357
vn -0.647258 0.600379 0.469682
v -0.0148075 0.0141692 0.00651717
vn -0.685006 0.661977 0.304225
v -0.0157583 0.0127004 0.00729015
vn -0.728525 0.594053 0.341104
v -0.013949 0.0128568 0.0101357
vn -0.647258 0.600379 0.469682
v -0.0129547 0.0143495 0.00941217
vn -0.600331 0.670577 0.435809
v -0.0148075 0.0141692 0.00651717
vn -0.685006 0.661977 0.304225
v -0.0129547 0.0143495 0.00941217
vn -0.600331 0.670577 0.435809
v -0.0133878 0.0150235 0.00757107
vn -0.620066 0.700595 0.353107
v -0.0148075 0.0141692 0.00651717
vn -0.685006 0.661977 0.304225
v -0.0171275 0.0122633 0.00441241
vn -0.790258 0.575675 0.209977
v -0.0169067 0.0117791 0.00620437
vn -0.782585 0.550022 0.291611
v -0.0157583 0.0127004 0.00729015
vn -0.728525 0.594053 0.341104
v -0.0157583 0.0127004 0.00729015
vn -0.728525 0.594053 0.341104
v -0.0162268 0.0136625 0.00360598
vn -0.751256 0.637172 0.172123
v -0.0171275 0.0122633 0.00441241
vn -0.790258 0.575675 0.209977
v -0.0157583 0.0127004 0.00729015
vn -0.728525 0.594053 0.341104
v -0.0148075 0.0141692 0.00651717
vn -0.685006 0.661977 0.304225
v -0.0162268 0.0136625 0.00360598
vn -0.751256 0.637172 0.172123
v -0.0148075 0.0141692 0.00651717
vn -0.685006 0.661977 0.304225
v -0.0150546 0.0146478 0.00462828
vn -0.695167 0.684612 0.219203
v -0.0162268 0.0136625 0.00360598
vn -0.751256 0.637172 0.172123
v -0.00608097 0.0162368 0.0127342
vn -0.285191 0.757152 0.587696
v -0.00785522 0.0159721 0.0120702
vn -0.368311 0.743245 0.55851
v -0.0090525 0.0146475 0.0128888
vn -0.422392 0.685515 0.593004
v -0.0090525 0.0146475 0.0128888
vn -0.422392 0.685515 0.593004
v -0.00555866 0.015218 0.0141631
vn -0.260247 0.710341 0.653978
v -0.00608097 0.0162368 0.0127342
vn -0.285191 0.757152 0.587696
v -0.0090525 0.0146475 0.0128888
vn -0.422392 0.685515 0.593004
v -0.0084424 0.0136622 0.0143194
vn -0.393531 0.639723 0.660218
v -0.00555866 0.015218 0.0141631
vn -0.260247 0.710341 0.653978
v -0.0084424 0.0136622 0.0143194
vn -0.393531 0.639723 0.660218
v -0.00672506 0.0139704 0.0149268
vn -0.315647 0.656102 0.685491
v -0.00555866 0.015218 0.0141631
vn -0.260247 0.710341 0.653978
v -0.00983779 0.0191084 -0.000934584
vn -0.458674 0.88735 -0.0472072
v -0.0112638 0.0182271 -0.00187159
vn -0.523561 0.847174 -0.0904483
v -0.012693 0.0173437 -0.000934571
vn -0.588579 0.807058 -0.0472486
v -0.012693 0.0173437 -0.000934571
vn -0.588579 0.807058 -0.0472486
v -0.00983779 0.0191084 0.000934581
vn -0.458678 0.887349 0.0471733
v -0.00983779 0.0191084 -0.000934584
vn -0.458674 0.88735 -0.0472072
v -0.012693 0.0173437 -0.000934571
vn -0.588579 0.807058 -0.0472486
v -0.012693 0.0173437 0.000934568
vn -0.588582 0.807058 0.0472156
v -0.00983779 0.0191084 0.000934581
vn -0.458678 0.887349 0.0471733
v -0.012693 0.0173437 0.000934568
vn -0.588582 0.807058 0.0472156
v -0.0112638 0.0182271 0.00187159
vn -0.523565 0.84717 0.0904629
v -0.00983779 0.0191084 0.000934581
vn -0.458678 0.887349 0.0471733
v -0.0162733 0.0139717 -0.00178343
vn -0.750628 0.655162 -0.0855554
v -0.0172075 0.0129118 -0.000870363
vn -0.795823 0.604106 -0.0414955
v -0.0172075 0.0129118 0.00087036
vn -0.795833 0.604092 0.0414999
v -0.0172075 0.0129118 0.00087036
vn -0.795833 0.604092 0.0414999
v -0.0162733 0.0139717 0.00178343
vn -0.750644 0.655142 0.0855727
v -0.0162733 0.0139717 -0.00178343
vn -0.750628 0.655162 -0.0855554
v -0.0162733 0.0139717 0.00178343
vn -0.750644 0.655142 0.0855727
v -0.0151877 0.0152179 -0.000911112
vn -0.703225 0.709572 -0.0445243
v -0.0162733 0.0139717 -0.00178343
vn -0.750628 0.655162 -0.0855554
v -0.0162733 0.0139717 0.00178343
vn -0.750644 0.655142 0.0855727
v -0.0151884 0.0152172 0.00091162
vn -0.703249 0.709546 0.0445569
v -0.0151877 0.0152179 -0.000911112
vn -0.703225 0.709572 -0.0445243
v -0.0071817 0.0116224 0.0166471
vn -0.338401 0.54462 0.767381
v -0.00614507 0.0129119 0.0160963
vn -0.284844 0.604935 0.743584
v -0.00672506 0.0139704 0.0149268
vn -0.315647 0.656102 0.685491
v -0.00672506 0.0139704 0.0149268
vn -0.315647 0.656102 0.685491
v -0.0084424 0.0136622 0.0143194
vn -0.393531 0.639723 0.660218
v -0.0071817 0.0116224 0.0166471
vn -0.338401 0.54462 0.767381
v -0.0084424 0.0136622 0.0143194
vn -0.393531 0.639723 0.660218
v -0.00880132 0.0112706 0.016096
vn -0.414352 0.524829 0.74355
v -0.0071817 0.0116224 0.0166471
vn -0.338401 0.54462 0.767381
v -0.0084424 0.0136622 0.0143194
vn -0.393531 0.639723 0.660218
v -0.00948769 0.012263 0.0149269
vn -0.44506 0.573415 0.687835
v -0.00880132 0.0112706 0.016096
vn -0.414352 0.524829 0.74355
v -0.0179907 0.00780451 -0.00882753
vn -0.836169 0.359032 -0.414629
v -0.0189909 0.00677569 -0.00748699
vn -0.881272 0.312502 -0.354546
v -0.0192943 0.00752764 -0.00583457
vn -0.895621 0.347636 -0.27751
v -0.0192943 0.00752764 -0.00583457
vn -0.895621 0.347636 -0.27751
v -0.0186446 0.00922913 -0.00551461
vn -0.865045 0.426239 -0.264609
v -0.0179907 0.00780451 -0.00882753
vn -0.836169 0.359032 -0.414629
v -0.0186446 0.00922913 -0.00551461
vn -0.865045 0.426239 -0.264609
v -0.0173304 0.00955542 -0.00843343
vn -0.804622 0.441602 -0.396953
v -0.0179907 0.00780451 -0.00882753
vn -0.836169 0.359032 -0.414629
v -0.0186446 0.00922913 -0.00551461
vn -0.865045 0.426239 -0.264609
v -0.017683 0.0102279 -0.0067661
vn -0.820817 0.473603 -0.31931
v -0.0173304 0.00955542 -0.00843343
vn -0.804622 0.441602 -0.396953
v -0.012693 0.0173437 -0.000934571
vn -0.588579 0.807058 -0.0472486
v -0.0139901 0.0162367 -0.00184833
vn -0.646087 0.758021 -0.089303
v -0.0151877 0.0152179 -0.000911112
vn -0.703225 0.709572 -0.0445243
v -0.0151877 0.0152179 -0.000911112
vn -0.703225 0.709572 -0.0445243
v -0.012693 0.0173437 0.000934568
vn -0.588582 0.807058 0.0472156
v -0.012693 0.0173437 -0.000934571
vn -0.588579 0.807058 -0.0472486
v -0.0151877 0.0152179 -0.000911112
vn -0.703225 0.709572 -0.0445243
v -0.0151884 0.0152172 0.00091162
vn -0.703249 0.709546 0.0445569
v -0.012693 0.0173437 0.000934568
vn -0.588582 0.807058 0.0472156
v -0.0151884 0.0152172 0.00091162
vn -0.703249 0.709546 0.0445569
v -0.0139893 0.0162371 0.00184995
vn -0.646063 0.758034 0.0893726
v -0.012693 0.0173437 0.000934568
vn -0.588582 0.807058 0.0472156
v 0.00613043 -0.00839225 0.0188708
vn 0.287486 -0.382498 0.878093
v 0.00629481 -0.0069784 0.0193768
vn 0.294678 -0.315672 0.901951
v 0.00486703 -0.0062197 0.0200299
vn 0.223425 -0.283278 0.932649
v 0.00486703 -0.0062197 0.0200299
vn 0.223425 -0.283278 0.932649
v 0.0047636 -0.00923809 0.0188702
vn 0.213489 -0.428279 0.878066
v 0.00613043 -0.00839225 0.0188708
vn 0.287486 -0.382498 0.878093
v 0.00486703 -0.0062197 0.0200299
vn 0.223425 -0.283278 0.932649
v 0.0033853 -0.00713343 0.0200306
vn 0.151269 -0.327945 0.932507
v 0.0047636 -0.00923809 0.0188702
vn 0.213489 -0.428279 0.878066
v 0.0033853 -0.00713343 0.0200306
vn 0.151269 -0.327945 0.932507
v 0.00342635 -0.00875222 0.0193763
vn 0.14614 -0.404139 0.902948
v 0.0047636 -0.00923809 0.0188702
vn 0.213489 -0.428279 0.878066
v -0.0161779 0.00790379 -0.0117527
vn -0.753839 0.363032 -0.547663
v -0.0174259 0.00694926 -0.0105026
vn -0.809861 0.320971 -0.491022
v -0.0179907 0.00780451 -0.00882753
vn -0.836169 0.359032 -0.414629
v -0.0179907 0.00780451 -0.00882753
vn -0.836169 0.359032 -0.414629
v -0.0173304 0.00955542 -0.00843343
vn -0.804622 0.441602 -0.396953
v -0.0161779 0.00790379 -0.0117527
vn -0.753839 0.363032 -0.547663
v -0.0173304 0.00955542 -0.00843343
vn -0.804622 0.441602 -0.396953
v -0.0155418 0.00967221 -0.0112918
vn -0.72368 0.44701 -0.525804
v -0.0161779 0.00790379 -0.0117527
vn -0.753839 0.363032 -0.547663
v -0.0173304 0.00955542 -0.00843343
vn -0.804622 0.441602 -0.396953
v -0.01613 0.0104697 -0.00964347
vn -0.75039 0.483466 -0.45075
v -0.0155418 0.00967221 -0.0112918
vn -0.72368 0.44701 -0.525804
v -0.0178873 0.00501237 -0.0108189
vn -0.831135 0.232103 -0.505315
v -0.0189103 0.00397865 -0.00942501
vn -0.877761 0.1847 -0.442066
v -0.0194501 0.00488542 -0.00776706
vn -0.902274 0.227164 -0.366467
v -0.0194501 0.00488542 -0.00776706
vn -0.902274 0.227164 -0.366467
v -0.0189909 0.00677569 -0.00748699
vn -0.881272 0.312502 -0.354546
v -0.0178873 0.00501237 -0.0108189
vn -0.831135 0.232103 -0.505315
v -0.0189909 0.00677569 -0.00748699
vn -0.881272 0.312502 -0.354546
v -0.0174259 0.00694926 -0.0105026
vn -0.809861 0.320971 -0.491022
v -0.0178873 0.00501237 -0.0108189
vn -0.831135 0.232103 -0.505315
v -0.0189909 0.00677569 -0.00748699
vn -0.881272 0.312502 -0.354546
v -0.0179907 0.00780451 -0.00882753
vn -0.836169 0.359032 -0.414629
v -0.0174259 0.00694926 -0.0105026
vn -0.809861 0.320971 -0.491022
v -0.0173154 0.00201771 -0.0125791
vn -0.805329 0.0955888 -0.585071
v -0.0183432 0.00101099 -0.0111699
vn -0.851992 0.0504638 -0.521118
v -0.0191333 0.00199303 -0.00960553
vn -0.887778 0.09495 -0.450372
v -0.0191333 0.00199303 -0.00960553
vn -0.887778 0.09495 -0.450372
v -0.0189103 0.00397865 -0.00942501
vn -0.877761 0.1847 -0.442066
v -0.0173154 0.00201771 -0.0125791
vn -0.805329 0.0955888 -0.585071
v -0.0189103 0.00397865 -0.00942501
vn -0.877761 0.1847 -0.442066
v -0.0170816 0.00403247 -0.0124104
vn -0.794627 0.187736 -0.577341
v -0.0173154 0.00201771 -0.0125791
vn -0.805329 0.0955888 -0.585071
v -0.0189103 0.00397865 -0.00942501
vn -0.877761 0.1847 -0.442066
v -0.0178873 0.00501237 -0.0108189
vn -0.831135 0.232103 -0.505315
v -0.0170816 0.00403247 -0.0124104
vn -0.794627 0.187736 -0.577341
v -0.0163181 -0.000953568 -0.0139754
vn -0.76079 -0.0411717 -0.647691
v -0.017332 -0.00191134 -0.0125923
vn -0.806326 -0.0816228 -0.585813
v -0.018335 -0.00095357 -0.0111991
vn -0.851452 -0.0409144 -0.522834
v -0.018335 -0.00095357 -0.0111991
vn -0.851452 -0.0409144 -0.522834
v -0.0183432 0.00101099 -0.0111699
vn -0.851992 0.0504638 -0.521118
v -0.0163181 -0.000953568 -0.0139754
vn -0.76079 -0.0411717 -0.647691
v -0.0183432 0.00101099 -0.0111699
vn -0.851992 0.0504638 -0.521118
v -0.0162916 0.001011 -0.0139936
vn -0.758931 0.0505876 -0.649203
v -0.0163181 -0.000953568 -0.0139754
vn -0.76079 -0.0411717 -0.647691
v -0.0183432 0.00101099 -0.0111699
vn -0.851992 0.0504638 -0.521118
v -0.0173154 0.00201771 -0.0125791
vn -0.805329 0.0955888 -0.585071
v -0.0162916 0.001011 -0.0139936
vn -0.758931 0.0505876 -0.649203
v -0.0150214 -0.0037054 -0.0149568
vn -0.69894 -0.167793 -0.695219
v -0.0160055 -0.00458962 -0.013637
vn -0.745488 -0.203746 -0.634614
v -0.0171435 -0.00373763 -0.0124542
vn -0.797256 -0.170063 -0.579191
v -0.0171435 -0.00373763 -0.0124542
vn -0.797256 -0.170063 -0.579191
v -0.017332 -0.00191134 -0.0125923
vn -0.806326 -0.0816228 -0.585813
v -0.0150214 -0.0037054 -0.0149568
vn -0.69894 -0.167793 -0.695219
v -0.017332 -0.00191134 -0.0125923
vn -0.806326 -0.0816228 -0.585813
v -0.0151446 -0.00189042 -0.0151603
vn -0.705205 -0.0828296 -0.704149
v -0.0150214 -0.0037054 -0.0149568
vn -0.69894 -0.167793 -0.695219
v -0.017332 -0.00191134 -0.0125923
vn -0.806326 -0.0816228 -0.585813
v -0.0163181 -0.000953568 -0.0139754
vn -0.76079 -0.0411717 -0.647691
v -0.0151446 -0.00189042 -0.0151603
vn -0.705205 -0.0828296 -0.704149
v -0.0139563 0.00780464 -0.0143809
vn -0.651505 0.359467 -0.668075
v -0.0153735 0.00694927 -0.0133275
vn -0.717085 0.320686 -0.618829
v -0.0161779 0.00790379 -0.0117527
vn -0.753839 0.363032 -0.547663
v -0.0161779 0.00790379 -0.0117527
vn -0.753839 0.363032 -0.547663
v -0.0133752 0.00955586 -0.0138765
vn -0.625805 0.441238 -0.643178
v -0.0139563 0.00780464 -0.0143809
vn -0.651505 0.359467 -0.668075
v -0.0161779 0.00790379 -0.0117527
vn -0.753839 0.363032 -0.547663
v -0.0155418 0.00967221 -0.0112918
vn -0.72368 0.44701 -0.525804
v -0.0133752 0.00955586 -0.0138765
vn -0.625805 0.441238 -0.643178
v -0.0155418 0.00967221 -0.0112918
vn -0.72368 0.44701 -0.525804
v -0.0141564 0.0104702 -0.0123596
vn -0.660407 0.483543 -0.574499
v -0.0133752 0.00955586 -0.0138765
vn -0.625805 0.441238 -0.643178
v 0.000423026 0.0214999 0.00130192
vn 0.020848 0.997433 0.0684963
v -0.00110749 0.0214999 0.00080463
vn -0.0562935 0.997465 0.0435359
v -0.00232113 0.0213435 0.00168758
vn -0.11416 0.989667 0.0867525
v -0.00232113 0.0213435 0.00168758
vn -0.11416 0.989667 0.0867525
v 0.000887734 0.0213435 0.002729
vn 0.0441927 0.989347 0.138708
v 0.000423026 0.0214999 0.00130192
vn 0.020848 0.997433 0.0684963
v -0.00232113 0.0213435 0.00168758
vn -0.11416 0.989667 0.0867525
v -0.00201723 0.0211651 0.00339704
vn -0.0964063 0.981966 0.162632
v 0.000887734 0.0213435 0.002729
vn 0.0441927 0.989347 0.138708
v -0.00201723 0.0211651 0.00339704
vn -0.0964063 0.981966 0.162632
v -0.000363399 0.0211649 0.00393525
vn -0.0165639 0.981928 0.188531
v 0.000887734 0.0213435 0.002729
vn 0.0441927 0.989347 0.138708
v -0.0158169 0.00501238 -0.0136685
vn -0.736906 0.232474 -0.634764
v -0.0170816 0.00403247 -0.0124104
vn -0.794627 0.187736 -0.577341
v -0.0178873 0.00501237 -0.0108189
vn -0.831135 0.232103 -0.505315
v -0.0178873 0.00501237 -0.0108189
vn -0.831135 0.232103 -0.505315
v -0.0174259 0.00694926 -0.0105026
vn -0.809861 0.320971 -0.491022
v -0.0158169 0.00501238 -0.0136685
vn -0.736906 0.232474 -0.634764
v -0.0174259 0.00694926 -0.0105026
vn -0.809861 0.320971 -0.491022
v -0.0153735 0.00694927 -0.0133275
vn -0.717085 0.320686 -0.618829
v -0.0158169 0.00501238 -0.0136685
vn -0.736906 0.232474 -0.634764
v -0.0174259 0.00694926 -0.0105026
vn -0.809861 0.320971 -0.491022
v -0.0161779 0.00790379 -0.0117527
vn -0.753839 0.363032 -0.547663
v -0.0153735 0.00694927 -0.0133275
vn -0.717085 0.320686 -0.618829
v -0.0191333 0.00199303 -0.00960553
vn -0.887778 0.09495 -0.450372
v -0.0198858 0.00098425 -0.00813569
vn -0.923552 0.0469082 -0.380593
v -0.0204054 0.00191813 -0.00653678
vn -0.9475 0.0894625 -0.306986
v -0.0204054 0.00191813 -0.00653678
vn -0.9475 0.0894625 -0.306986
v -0.0201914 0.00383339 -0.00635479
vn -0.937633 0.175532 -0.300056
v -0.0191333 0.00199303 -0.00960553
vn -0.887778 0.09495 -0.450372
v -0.0201914 0.00383339 -0.00635479
vn -0.937633 0.175532 -0.300056
v -0.0189103 0.00397865 -0.00942501
vn -0.877761 0.1847 -0.442066
v -0.0191333 0.00199303 -0.00960553
vn -0.887778 0.09495 -0.450372
v -0.0201914 0.00383339 -0.00635479
vn -0.937633 0.175532 -0.300056
v -0.0194501 0.00488542 -0.00776706
vn -0.902274 0.227164 -0.366467
v -0.0189103 0.00397865 -0.00942501
vn -0.877761 0.1847 -0.442066
v -0.017683 0.0102279 -0.0067661
vn -0.820817 0.473603 -0.31931
v -0.0186446 0.00922913 -0.00551461
vn -0.865045 0.426239 -0.264609
v -0.0187675 0.00979162 -0.00393397
vn -0.86999 0.455369 -0.189091
v -0.0187675 0.00979162 -0.00393397
vn -0.86999 0.455369 -0.189091
v -0.018028 0.0112708 -0.00339561
vn -0.834996 0.525362 -0.163632
v -0.017683 0.0102279 -0.0067661
vn -0.820817 0.473603 -0.31931
v -0.018028 0.0112708 -0.00339561
vn -0.834996 0.525362 -0.163632
v -0.0169074 0.0117785 -0.00620373
vn -0.782606 0.549997 -0.2916
v -0.017683 0.0102279 -0.0067661
vn -0.820817 0.473603 -0.31931
v -0.018028 0.0112708 -0.00339561
vn -0.834996 0.525362 -0.163632
v -0.0171275 0.0122633 -0.00441241
vn -0.790266 0.575664 -0.209979
v -0.0169074 0.0117785 -0.00620373
vn -0.782606 0.549997 -0.2916
v -0.0139563 0.00780464 -0.0143809
vn -0.651505 0.359467 -0.668075
v -0.0129891 0.00677573 -0.0157478
vn -0.609305 0.311814 -0.729054
v -0.0133988 0.00488555 -0.0160967
vn -0.626261 0.227264 -0.745753
v -0.0133988 0.00488555 -0.0160967
vn -0.626261 0.227264 -0.745753
v -0.0148074 0.00397867 -0.0150721
vn -0.691272 0.184968 -0.698519
v -0.0139563 0.00780464 -0.0143809
vn -0.651505 0.359467 -0.668075
v -0.0148074 0.00397867 -0.0150721
vn -0.691272 0.184968 -0.698519
v -0.0153735 0.00694927 -0.0133275
vn -0.717085 0.320686 -0.618829
v -0.0139563 0.00780464 -0.0143809
vn -0.651505 0.359467 -0.668075
v -0.0148074 0.00397867 -0.0150721
vn -0.691272 0.184968 -0.698519
v -0.0158169 0.00501238 -0.0136685
vn -0.736906 0.232474 -0.634764
v -0.0153735 0.00694927 -0.0133275
vn -0.717085 0.320686 -0.618829
v -0.00954222 0.0097904 -0.0166332
vn -0.447959 0.453613 -0.770434
v -0.00861701 0.00875223 -0.0176898
vn -0.412095 0.401928 -0.817699
v -0.00903316 0.00713325 -0.0181958
vn -0.423993 0.328701 -0.843911
v -0.00903316 0.00713325 -0.0181958
vn -0.423993 0.328701 -0.843911
v -0.010478 0.00646591 -0.0176525
vn -0.495099 0.296979 -0.816505
v -0.00954222 0.0097904 -0.0166332
vn -0.447959 0.453613 -0.770434
v -0.010478 0.00646591 -0.0176525
vn -0.495099 0.296979 -0.816505
v -0.0110057 0.0092286 -0.0160286
vn -0.519578 0.424879 -0.741294
v -0.00954222 0.0097904 -0.0166332
vn -0.447959 0.453613 -0.770434
v -0.010478 0.00646591 -0.0176525
vn -0.495099 0.296979 -0.816505
v -0.0115098 0.00752751 -0.016548
vn -0.538168 0.34803 -0.767627
v -0.0110057 0.0092286 -0.0160286
vn -0.519578 0.424879 -0.741294
v -0.0150488 0.00199145 -0.0152279
vn -0.702495 0.0953076 -0.705279
v -0.0138827 0.000983177 -0.0163984
vn -0.646925 0.0479445 -0.761045
v -0.0139516 -0.000937102 -0.0163482
vn -0.649937 -0.0406444 -0.7589
v -0.0139516 -0.000937102 -0.0163482
vn -0.649937 -0.0406444 -0.7589
v -0.0151446 -0.00189042 -0.0151603
vn -0.705205 -0.0828296 -0.704149
v -0.0150488 0.00199145 -0.0152279
vn -0.702495 0.0953076 -0.705279
v -0.0151446 -0.00189042 -0.0151603
vn -0.705205 -0.0828296 -0.704149
v -0.0162916 0.001011 -0.0139936
vn -0.758931 0.0505876 -0.649203
v -0.0150488 0.00199145 -0.0152279
vn -0.702495 0.0953076 -0.705279
v -0.0151446 -0.00189042 -0.0151603
vn -0.705205 -0.0828296 -0.704149
v -0.0163181 -0.000953568 -0.0139754
vn -0.76079 -0.0411717 -0.647691
v -0.0162916 0.001011 -0.0139936
vn -0.758931 0.0505876 -0.649203
v -0.0133988 0.00488555 -0.0160967
vn -0.626261 0.227264 -0.745753
v -0.0122835 0.00383236 -0.0172395
vn -0.575426 0.177113 -0.798446
v -0.0125231 0.00191979 -0.017386
vn -0.585146 0.0898404 -0.805936
v -0.0125231 0.00191979 -0.017386
vn -0.585146 0.0898404 -0.805936
v -0.0138827 0.000983177 -0.0163984
vn -0.646925 0.0479445 -0.761045
v -0.0133988 0.00488555 -0.0160967
vn -0.626261 0.227264 -0.745753
v -0.0138827 0.000983177 -0.0163984
vn -0.646925 0.0479445 -0.761045
v -0.0148074 0.00397867 -0.0150721
vn -0.691272 0.184968 -0.698519
v -0.0133988 0.00488555 -0.0160967
vn -0.626261 0.227264 -0.745753
v -0.0138827 0.000983177 -0.0163984
vn -0.646925 0.0479445 -0.761045
v -0.0150488 0.00199145 -0.0152279
vn -0.702495 0.0953076 -0.705279
v -0.0148074 0.00397867 -0.0150721
vn -0.691272 0.184968 -0.698519
v -0.0115098 0.00752751 -0.016548
vn -0.538168 0.34803 -0.767627
v -0.010478 0.00646591 -0.0176525
vn -0.495099 0.296979 -0.816505
v -0.0108368 0.00466447 -0.0179968
vn -0.507694 0.21541 -0.834173
v -0.0108368 0.00466447 -0.0179968
vn -0.507694 0.21541 -0.834173
v -0.0122835 0.00383236 -0.0172395
vn -0.575426 0.177113 -0.798446
v -0.0115098 0.00752751 -0.016548
vn -0.538168 0.34803 -0.767627
v -0.0122835 0.00383236 -0.0172395
vn -0.575426 0.177113 -0.798446
v -0.0129891 0.00677573 -0.0157478
vn -0.609305 0.311814 -0.729054
v -0.0115098 0.00752751 -0.016548
vn -0.538168 0.34803 -0.767627
v -0.0122835 0.00383236 -0.0172395
vn -0.575426 0.177113 -0.798446
v -0.0133988 0.00488555 -0.0160967
vn -0.626261 0.227264 -0.745753
v -0.0129891 0.00677573 -0.0157478
vn -0.609305 0.311814 -0.729054
v -0.000518518 0.00922897 -0.0194362
vn -0.0156734 0.425491 -0.904827
v -0.000414106 0.00752812 -0.0201528
vn -0.0157476 0.348062 -0.937339
v -0.00189888 0.0064659 -0.0204401
vn -0.0793725 0.296967 -0.951583
v -0.00189888 0.0064659 -0.0204401
vn -0.0793725 0.296967 -0.951583
v -0.00205864 0.00979011 -0.0190653
vn -0.0898721 0.453952 -0.886482
v -0.000518518 0.00922897 -0.0194362
vn -0.0156734 0.425491 -0.904827
v -0.00189888 0.0064659 -0.0204401
vn -0.0793725 0.296967 -0.951583
v -0.00338625 0.00713385 -0.0200303
vn -0.152946 0.328714 -0.931963
v -0.00205864 0.00979011 -0.0190653
vn -0.0898721 0.453952 -0.886482
v -0.00338625 0.00713385 -0.0200303
vn -0.152946 0.328714 -0.931963
v -0.00342731 0.00875257 -0.019376
vn -0.147708 0.403006 -0.903199
v -0.00205864 0.00979011 -0.0190653
vn -0.0898721 0.453952 -0.886482
v -0.0171435 -0.00373763 -0.0124542
vn -0.797256 -0.170063 -0.579191
v -0.0179146 -0.00458962 -0.0110096
vn -0.833889 -0.203744 -0.51295
v -0.0188671 -0.00370592 -0.00966326
vn -0.877233 -0.167796 -0.449784
v -0.0188671 -0.00370592 -0.00966326
vn -0.877233 -0.167796 -0.449784
v -0.017332 -0.00191134 -0.0125923
vn -0.806326 -0.0816228 -0.585813
v -0.0171435 -0.00373763 -0.0124542
vn -0.797256 -0.170063 -0.579191
v -0.0188671 -0.00370592 -0.00966326
vn -0.877233 -0.167796 -0.449784
v -0.0190984 -0.00189041 -0.00971845
vn -0.887708 -0.0824403 -0.452965
v -0.017332 -0.00191134 -0.0125923
vn -0.806326 -0.0816228 -0.585813
v -0.0190984 -0.00189041 -0.00971845
vn -0.887708 -0.0824403 -0.452965
v -0.018335 -0.00095357 -0.0111991
vn -0.851452 -0.0409144 -0.522834
v -0.017332 -0.00191134 -0.0125923
vn -0.806326 -0.0816228 -0.585813
v -0.0141564 0.0104702 -0.0123596
vn -0.660407 0.483543 -0.574499
v -0.0155418 0.00967221 -0.0112918
vn -0.72368 0.44701 -0.525804
v -0.01613 0.0104697 -0.00964347
vn -0.75039 0.483466 -0.45075
v -0.01613 0.0104697 -0.00964347
vn -0.75039 0.483466 -0.45075
v -0.015334 0.0120598 -0.00906747
vn -0.710208 0.563751 -0.42165
v -0.0141564 0.0104702 -0.0123596
vn -0.660407 0.483543 -0.574499
v -0.015334 0.0120598 -0.00906747
vn -0.710208 0.563751 -0.42165
v -0.0133618 0.0120593 -0.0117824
vn -0.620667 0.563175 -0.545533
v -0.0141564 0.0104702 -0.0123596
vn -0.660407 0.483543 -0.574499
v -0.015334 0.0120598 -0.00906747
vn -0.710208 0.563751 -0.42165
v -0.0139501 0.0128568 -0.0101342
vn -0.647292 0.600381 -0.469633
v -0.0133618 0.0120593 -0.0117824
vn -0.620667 0.563175 -0.545533
v -0.0157109 -0.0062197 -0.0133437
vn -0.730339 -0.28382 -0.621331
v -0.0164821 -0.00697839 -0.011976
vn -0.768793 -0.311412 -0.558552
v -0.0175466 -0.00621974 -0.0108167
vn -0.816636 -0.283891 -0.502504
v -0.0175466 -0.00621974 -0.0108167
vn -0.816636 -0.283891 -0.502504
v -0.0179146 -0.00458962 -0.0110096
vn -0.833889 -0.203744 -0.51295
v -0.0157109 -0.0062197 -0.0133437
vn -0.730339 -0.28382 -0.621331
v -0.0179146 -0.00458962 -0.0110096
vn -0.833889 -0.203744 -0.51295
v -0.0160055 -0.00458962 -0.013637
vn -0.745488 -0.203746 -0.634614
v -0.0157109 -0.0062197 -0.0133437
vn -0.730339 -0.28382 -0.621331
v -0.0179146 -0.00458962 -0.0110096
vn -0.833889 -0.203744 -0.51295
v -0.0171435 -0.00373763 -0.0124542
vn -0.797256 -0.170063 -0.579191
v -0.0160055 -0.00458962 -0.013637
vn -0.745488 -0.203746 -0.634614
v -0.0118042 0.0127006 -0.0127328
vn -0.550853 0.593248 -0.587042
v -0.0111248 0.0117786 -0.0141628
vn -0.519491 0.549258 -0.654557
v -0.0118993 0.0102279 -0.0147267
vn -0.556682 0.473286 -0.68272
v -0.0118993 0.0102279 -0.0147267
vn -0.556682 0.473286 -0.68272
v -0.0133618 0.0120593 -0.0117824
vn -0.620667 0.563175 -0.545533
v -0.0118042 0.0127006 -0.0127328
vn -0.550853 0.593248 -0.587042
v -0.0118993 0.0102279 -0.0147267
vn -0.556682 0.473286 -0.68272
v -0.0133752 0.00955586 -0.0138765
vn -0.625805 0.441238 -0.643178
v -0.0133618 0.0120593 -0.0117824
vn -0.620667 0.563175 -0.545533
v -0.0133752 0.00955586 -0.0138765
vn -0.625805 0.441238 -0.643178
v -0.0141564 0.0104702 -0.0123596
vn -0.660407 0.483543 -0.574499
v -0.0133618 0.0120593 -0.0117824
vn -0.620667 0.563175 -0.545533
v -0.00502448 0.0106041 -0.0180673
vn -0.226442 0.496372 -0.838057
v -0.00476439 0.00923651 -0.0188708
vn -0.213261 0.427804 -0.878353
v -0.00613151 0.00839075 -0.0188711
vn -0.287551 0.38247 -0.878084
v -0.00613151 0.00839075 -0.0188711
vn -0.287551 0.38247 -0.878084
v -0.00655452 0.0106058 -0.0175692
vn -0.309378 0.496426 -0.811077
v -0.00502448 0.0106041 -0.0180673
vn -0.226442 0.496372 -0.838057
v -0.00613151 0.00839075 -0.0188711
vn -0.287551 0.38247 -0.878084
v -0.00723734 0.00923651 -0.0180673
vn -0.342498 0.426588 -0.837089
v -0.00655452 0.0106058 -0.0175692
vn -0.309378 0.496426 -0.811077
v 0.00593666 0.00967126 -0.0182709
vn 0.276056 0.447204 -0.850765
v 0.00617836 0.00790381 -0.0190179
vn 0.287517 0.363204 -0.886238
v 0.0046047 0.0069488 -0.0198184
vn 0.216416 0.319961 -0.922382
v 0.0046047 0.0069488 -0.0198184
vn 0.216416 0.319961 -0.922382
v 0.00418716 0.0104697 -0.0183205
vn 0.196387 0.484132 -0.852671
v 0.00593666 0.00967126 -0.0182709
vn 0.276056 0.447204 -0.850765
v 0.0046047 0.0069488 -0.0198184
vn 0.216416 0.319961 -0.922382
v 0.00283801 0.00780464 -0.0198377
vn 0.134036 0.359509 -0.923465
v 0.00418716 0.0104697 -0.0183205
vn 0.196387 0.484132 -0.852671
v 0.00283801 0.00780464 -0.0198377
vn 0.134036 0.359509 -0.923465
v 0.00266628 0.00955598 -0.0190878
vn 0.128417 0.441219 -0.888164
v 0.00418716 0.0104697 -0.0183205
vn 0.196387 0.484132 -0.852671
v 0.0046047 0.0069488 -0.0198184
vn 0.216416 0.319961 -0.922382
v 0.00476383 0.00501241 -0.0203546
vn 0.223072 0.232312 -0.946716
v 0.00312105 0.00398029 -0.0208968
vn 0.148673 0.185064 -0.971415
v 0.00312105 0.00398029 -0.0208968
vn 0.148673 0.185064 -0.971415
v 0.00283801 0.00780464 -0.0198377
vn 0.134036 0.359509 -0.923465
v 0.0046047 0.0069488 -0.0198184
vn 0.216416 0.319961 -0.922382
v 0.00312105 0.00398029 -0.0208968
vn 0.148673 0.185064 -0.971415
v 0.0013775 0.00488603 -0.0208981
vn 0.0682733 0.227271 -0.971435
v 0.00283801 0.00780464 -0.0198377
vn 0.134036 0.359509 -0.923465
v 0.0013775 0.00488603 -0.0208981
vn 0.0682733 0.227271 -0.971435
v 0.00125223 0.00677469 -0.0203753
vn 0.0644461 0.311791 -0.947962
v 0.00283801 0.00780464 -0.0198377
vn 0.134036 0.359509 -0.923465
v 0.0065246 0.00403247 -0.0200806
vn 0.303635 0.187475 -0.934162
v 0.00661455 0.0020177 -0.0203545
vn 0.307737 0.0962979 -0.946586
v 0.00495579 0.00101153 -0.0208968
vn 0.231984 0.0508552 -0.971389
v 0.00495579 0.00101153 -0.0208968
vn 0.231984 0.0508552 -0.971389
v 0.00476383 0.00501241 -0.0203546
vn 0.223072 0.232312 -0.946716
v 0.0065246 0.00403247 -0.0200806
vn 0.303635 0.187475 -0.934162
v 0.00495579 0.00101153 -0.0208968
vn 0.231984 0.0508552 -0.971389
v 0.00322212 0.0019914 -0.0211654
vn 0.153685 0.0953004 -0.983513
v 0.00476383 0.00501241 -0.0203546
vn 0.223072 0.232312 -0.946716
v 0.00322212 0.0019914 -0.0211654
vn 0.153685 0.0953004 -0.983513
v 0.00312105 0.00398029 -0.0208968
vn 0.148673 0.185064 -0.971415
v 0.00476383 0.00501241 -0.0203546
vn 0.223072 0.232312 -0.946716
v 0.00661455 0.0020177 -0.0203545
vn 0.307737 0.0962979 -0.946586
v 0.00827521 0.00101152 -0.0198181
vn 0.383368 0.0508904 -0.922192
v 0.00825057 -0.000953581 -0.0198373
vn 0.381361 -0.0392293 -0.923593
v 0.00825057 -0.000953581 -0.0198373
vn 0.381361 -0.0392293 -0.923593
v 0.00662019 -0.00191135 -0.020375
vn 0.30742 -0.0817947 -0.948052
v 0.00661455 0.0020177 -0.0203545
vn 0.307737 0.0962979 -0.946586
v 0.00662019 -0.00191135 -0.020375
vn 0.30742 -0.0817947 -0.948052
v 0.00498704 -0.000953577 -0.0208979
vn 0.234469 -0.0394917 -0.971321
v 0.00661455 0.0020177 -0.0203545
vn 0.307737 0.0962979 -0.946586
v 0.00498704 -0.000953577 -0.0208979
vn 0.234469 -0.0394917 -0.971321
v 0.00495579 0.00101153 -0.0208968
vn 0.231984 0.0508552 -0.971389
v 0.00661455 0.0020177 -0.0203545
vn 0.307737 0.0962979 -0.946586
v 0.00825057 -0.000953581 -0.0198373
vn 0.381361 -0.0392293 -0.923593
v 0.00973842 -0.00189043 -0.0190882
vn 0.453179 -0.0824503 -0.887598
v 0.00958373 -0.00370594 -0.0189076
vn 0.446591 -0.167633 -0.878895
v 0.00958373 -0.00370594 -0.0189076
vn 0.446591 -0.167633 -0.878895
v 0.00802255 -0.00459119 -0.0194363
vn 0.374814 -0.205685 -0.903996
v 0.00825057 -0.000953581 -0.0198373
vn 0.381361 -0.0392293 -0.923593
v 0.00802255 -0.00459119 -0.0194363
vn 0.374814 -0.205685 -0.903996
v 0.00662019 -0.00191135 -0.020375
vn 0.30742 -0.0817947 -0.948052
v 0.00825057 -0.000953581 -0.0198373
vn 0.381361 -0.0392293 -0.923593
v 0.00802255 -0.00459119 -0.0194363
vn 0.374814 -0.205685 -0.903996
v 0.00654886 -0.00373764 -0.0201524
vn 0.304181 -0.16699 -0.937864
v 0.00662019 -0.00191135 -0.020375
vn 0.30742 -0.0817947 -0.948052
v -0.00948908 0.0122634 -0.0149257
vn -0.445117 0.573424 -0.68779
v -0.00880132 0.0112706 -0.016096
vn -0.414319 0.52485 -0.743554
v -0.00954222 0.0097904 -0.0166332
vn -0.447959 0.453613 -0.770434
v -0.00954222 0.0097904 -0.0166332
vn -0.447959 0.453613 -0.770434
v -0.0111248 0.0117786 -0.0141628
vn -0.519491 0.549258 -0.654557
v -0.00948908 0.0122634 -0.0149257
vn -0.445117 0.573424 -0.68779
v -0.00954222 0.0097904 -0.0166332
vn -0.447959 0.453613 -0.770434
v -0.0110057 0.0092286 -0.0160286
vn -0.519578 0.424879 -0.741294
v -0.0111248 0.0117786 -0.0141628
vn -0.519491 0.549258 -0.654557
v -0.0110057 0.0092286 -0.0160286
vn -0.519578 0.424879 -0.741294
v -0.0118993 0.0102279 -0.0147267
vn -0.556682 0.473286 -0.68272
v -0.0111248 0.0117786 -0.0141628
vn -0.519491 0.549258 -0.654557
v 0.00906353 0.00955546 -0.0170093
vn 0.417461 0.442396 -0.793733
v 0.00936504 0.00780611 -0.0177162
vn 0.433888 0.358531 -0.826557
v 0.0079238 0.0069488 -0.01874
vn 0.366721 0.320017 -0.873559
v 0.0079238 0.0069488 -0.01874
vn 0.366721 0.320017 -0.873559
v 0.0073812 0.0104697 -0.0172827
vn 0.342224 0.484327 -0.805177
v 0.00906353 0.00955546 -0.0170093
vn 0.417461 0.442396 -0.793733
v 0.0079238 0.0069488 -0.01874
vn 0.366721 0.320017 -0.873559
v 0.00617836 0.00790381 -0.0190179
vn 0.287517 0.363204 -0.886238
v 0.0073812 0.0104697 -0.0172827
vn 0.342224 0.484327 -0.805177
v 0.00617836 0.00790381 -0.0190179
vn 0.287517 0.363204 -0.886238
v 0.00593666 0.00967126 -0.0182709
vn 0.276056 0.447204 -0.850765
v 0.0073812 0.0104697 -0.0172827
vn 0.342224 0.484327 -0.805177
v -0.0071817 0.0116224 -0.0166471
vn -0.338396 0.544634 -0.767373
v -0.00655452 0.0106058 -0.0175692
vn -0.309378 0.496426 -0.811077
v -0.00723734 0.00923651 -0.0180673
vn -0.342498 0.426588 -0.837089
v -0.00723734 0.00923651 -0.0180673
vn -0.342498 0.426588 -0.837089
v -0.00880132 0.0112706 -0.016096
vn -0.414319 0.52485 -0.743554
v -0.0071817 0.0116224 -0.0166471
vn -0.338396 0.544634 -0.767373
v -0.00723734 0.00923651 -0.0180673
vn -0.342498 0.426588 -0.837089
v -0.00861701 0.00875223 -0.0176898
vn -0.412095 0.401928 -0.817699
v -0.00880132 0.0112706 -0.016096
vn -0.414319 0.52485 -0.743554
v -0.00861701 0.00875223 -0.0176898
vn -0.412095 0.401928 -0.817699
v -0.00954222 0.0097904 -0.0166332
vn -0.447959 0.453613 -0.770434
v -0.00880132 0.0112706 -0.016096
vn -0.414319 0.52485 -0.743554
v 0.0079238 0.0069488 -0.01874
vn 0.366721 0.320017 -0.873559
v 0.00811189 0.00501238 -0.0192666
vn 0.375789 0.231997 -0.897196
v 0.0065246 0.00403247 -0.0200806
vn 0.303635 0.187475 -0.934162
v 0.0065246 0.00403247 -0.0200806
vn 0.303635 0.187475 -0.934162
v 0.00617836 0.00790381 -0.0190179
vn 0.287517 0.363204 -0.886238
v 0.0079238 0.0069488 -0.01874
vn 0.366721 0.320017 -0.873559
v 0.0065246 0.00403247 -0.0200806
vn 0.303635 0.187475 -0.934162
v 0.00476383 0.00501241 -0.0203546
vn 0.223072 0.232312 -0.946716
v 0.00617836 0.00790381 -0.0190179
vn 0.287517 0.363204 -0.886238
v 0.00476383 0.00501241 -0.0203546
vn 0.223072 0.232312 -0.946716
v 0.0046047 0.0069488 -0.0198184
vn 0.216416 0.319961 -0.922382
v 0.00617836 0.00790381 -0.0190179
vn 0.287517 0.363204 -0.886238
v 0.000674519 0.0117789 -0.0179967
vn 0.0347007 0.549541 -0.834746
v 0.000971575 0.0102285 -0.018908
vn 0.0492851 0.473358 -0.87949
v -0.000518518 0.00922897 -0.0194362
vn -0.0156734 0.425491 -0.904827
v -0.000518518 0.00922897 -0.0194362
vn -0.0156734 0.425491 -0.904827
v -0.00109715 0.0122636 -0.0176525
vn -0.0434543 0.573256 -0.818223
v 0.000674519 0.0117789 -0.0179967
vn 0.0347007 0.549541 -0.834746
v -0.000518518 0.00922897 -0.0194362
vn -0.0156734 0.425491 -0.904827
v -0.00205864 0.00979011 -0.0190653
vn -0.0898721 0.453952 -0.886482
v -0.00109715 0.0122636 -0.0176525
vn -0.0434543 0.573256 -0.818223
v -0.00205864 0.00979011 -0.0190653
vn -0.0898721 0.453952 -0.886482
v -0.00234018 0.0112697 -0.0181958
vn -0.103385 0.52537 -0.84457
v -0.00109715 0.0122636 -0.0176525
vn -0.0434543 0.573256 -0.818223
v 0.00975952 0.00398024 -0.0187395
vn 0.450954 0.184639 -0.87324
v 0.00983398 0.0019914 -0.0190171
vn 0.453868 0.095539 -0.885932
v 0.00827521 0.00101152 -0.0198181
vn 0.383368 0.0508904 -0.922192
v 0.00827521 0.00101152 -0.0198181
vn 0.383368 0.0508904 -0.922192
v 0.00811189 0.00501238 -0.0192666
vn 0.375789 0.231997 -0.897196
v 0.00975952 0.00398024 -0.0187395
vn 0.450954 0.184639 -0.87324
v 0.00827521 0.00101152 -0.0198181
vn 0.383368 0.0508904 -0.922192
v 0.00661455 0.0020177 -0.0203545
vn 0.307737 0.0962979 -0.946586
v 0.00811189 0.00501238 -0.0192666
vn 0.375789 0.231997 -0.897196
v 0.00661455 0.0020177 -0.0203545
vn 0.307737 0.0962979 -0.946586
v 0.0065246 0.00403247 -0.0200806
vn 0.303635 0.187475 -0.934162
v 0.00811189 0.00501238 -0.0192666
vn 0.375789 0.231997 -0.897196
v 0.0109633 0.00677469 -0.01722
vn 0.504762 0.311973 -0.804915
v 0.0111701 0.00488544 -0.0177162
vn 0.515601 0.226376 -0.826384
v 0.00975952 0.00398024 -0.0187395
vn 0.450954 0.184639 -0.87324
v 0.00975952 0.00398024 -0.0187395
vn 0.450954 0.184639 -0.87324
v 0.00936504 0.00780611 -0.0177162
vn 0.433888 0.358531 -0.826557
v 0.0109633 0.00677469 -0.01722
vn 0.504762 0.311973 -0.804915
v 0.00975952 0.00398024 -0.0187395
vn 0.450954 0.184639 -0.87324
v 0.00811189 0.00501238 -0.0192666
vn 0.375789 0.231997 -0.897196
v 0.00936504 0.00780611 -0.0177162
vn 0.433888 0.358531 -0.826557
v 0.00811189 0.00501238 -0.0192666
vn 0.375789 0.231997 -0.897196
v 0.0079238 0.0069488 -0.01874
vn 0.366721 0.320017 -0.873559
v 0.00936504 0.00780611 -0.0177162
vn 0.433888 0.358531 -0.826557
v 0.0141618 0.00875258 -0.0136608
vn 0.652456 0.401878 -0.642491
v 0.0145139 0.00713324 -0.0142139
vn 0.672905 0.325696 -0.66417
v 0.0135507 0.00646591 -0.0154201
vn 0.624341 0.29683 -0.722558
v 0.0135507 0.00646591 -0.0154201
vn 0.624341 0.29683 -0.722558
v 0.0128719 0.00979011 -0.014214
vn 0.592299 0.454498 -0.665292
v 0.0141618 0.00875258 -0.0136608
vn 0.652456 0.401878 -0.642491
v 0.0135507 0.00646591 -0.0154201
vn 0.624341 0.29683 -0.722558
v 0.0121814 0.0075275 -0.0160601
vn 0.563524 0.346159 -0.750076
v 0.0128719 0.00979011 -0.014214
vn 0.592299 0.454498 -0.665292
v 0.0121814 0.0075275 -0.0160601
vn 0.563524 0.346159 -0.750076
v 0.0118435 0.00922761 -0.0154205
vn 0.543869 0.427627 -0.72204
v 0.0128719 0.00979011 -0.014214
vn 0.592299 0.454498 -0.665292
v 0.00495579 0.00101153 -0.0208968
vn 0.231984 0.0508552 -0.971389
v 0.00498704 -0.000953577 -0.0208979
vn 0.234469 -0.0394917 -0.971321
v 0.00334207 -0.00188882 -0.0211668
vn 0.155511 -0.0826941 -0.984367
v 0.00334207 -0.00188882 -0.0211668
vn 0.155511 -0.0826941 -0.984367
v 0.00322212 0.0019914 -0.0211654
vn 0.153685 0.0953004 -0.983513
v 0.00495579 0.00101153 -0.0208968
vn 0.231984 0.0508552 -0.971389
v 0.00334207 -0.00188882 -0.0211668
vn 0.155511 -0.0826941 -0.984367
v 0.00167594 -0.000937134 -0.0214266
vn 0.0796188 -0.0407507 -0.995992
v 0.00322212 0.0019914 -0.0211654
vn 0.153685 0.0953004 -0.983513
v 0.00167594 -0.000937134 -0.0214266
vn 0.0796188 -0.0407507 -0.995992
v 0.00159253 0.000984248 -0.0214266
vn 0.0760798 0.0479659 -0.995947
v 0.00322212 0.0019914 -0.0211654
vn 0.153685 0.0953004 -0.983513
v 0.00388533 0.0120598 -0.0173854
vn 0.181469 0.562919 -0.806345
v 0.00418716 0.0104697 -0.0183205
vn 0.196387 0.484132 -0.852671
v 0.00266628 0.00955598 -0.0190878
vn 0.128417 0.441219 -0.888164
v 0.00266628 0.00955598 -0.0190878
vn 0.128417 0.441219 -0.888164
v 0.00206571 0.0127007 -0.0172394
vn 0.100207 0.592708 -0.79916
v 0.00388533 0.0120598 -0.0173854
vn 0.181469 0.562919 -0.806345
v 0.00266628 0.00955598 -0.0190878
vn 0.128417 0.441219 -0.888164
v 0.000971575 0.0102285 -0.018908
vn 0.0492851 0.473358 -0.87949
v 0.00206571 0.0127007 -0.0172394
vn 0.100207 0.592708 -0.79916
v 0.000971575 0.0102285 -0.018908
vn 0.0492851 0.473358 -0.87949
v 0.000674519 0.0117789 -0.0179967
vn 0.0347007 0.549541 -0.834746
v 0.00206571 0.0127007 -0.0172394
vn 0.100207 0.592708 -0.79916
v 0.00983398 0.0019914 -0.0190171
vn 0.453868 0.095539 -0.885932
v 0.0113059 0.000984252 -0.0182706
vn 0.523829 0.0480664 -0.850466
v 0.0112384 -0.000937134 -0.0183196
vn 0.520977 -0.0407452 -0.852598
v 0.0112384 -0.000937134 -0.0183196
vn 0.520977 -0.0407452 -0.852598
v 0.00973842 -0.00189043 -0.0190882
vn 0.453179 -0.0824503 -0.887598
v 0.00983398 0.0019914 -0.0190171
vn 0.453868 0.095539 -0.885932
v 0.00973842 -0.00189043 -0.0190882
vn 0.453179 -0.0824503 -0.887598
v 0.00827521 0.00101152 -0.0198181
vn 0.383368 0.0508904 -0.922192
v 0.00983398 0.0019914 -0.0190171
vn 0.453868 0.095539 -0.885932
v 0.00973842 -0.00189043 -0.0190882
vn 0.453179 -0.0824503 -0.887598
v 0.00825057 -0.000953581 -0.0198373
vn 0.381361 -0.0392293 -0.923593
v 0.00827521 0.00101152 -0.0198181
vn 0.383368 0.0508904 -0.922192
v 0.0126006 0.00383391 -0.0170087
vn 0.581293 0.176887 -0.794235
v 0.012666 0.00191814 -0.0172824
vn 0.585459 0.0897367 -0.80572
v 0.0113059 0.000984252 -0.0182706
vn 0.523829 0.0480664 -0.850466
v 0.0113059 0.000984252 -0.0182706
vn 0.523829 0.0480664 -0.850466
v 0.0111701 0.00488544 -0.0177162
vn 0.515601 0.226376 -0.826384
v 0.0126006 0.00383391 -0.0170087
vn 0.581293 0.176887 -0.794235
v 0.0113059 0.000984252 -0.0182706
vn 0.523829 0.0480664 -0.850466
v 0.00983398 0.0019914 -0.0190171
vn 0.453868 0.095539 -0.885932
v 0.0111701 0.00488544 -0.0177162
vn 0.515601 0.226376 -0.826384
v 0.00983398 0.0019914 -0.0190171
vn 0.453868 0.095539 -0.885932
v 0.00975952 0.00398024 -0.0187395
vn 0.450954 0.184639 -0.87324
v 0.0111701 0.00488544 -0.0177162
vn 0.515601 0.226376 -0.826384
v 0.0135507 0.00646591 -0.0154201
vn 0.624341 0.29683 -0.722558
v 0.0137681 0.00466282 -0.0158675
vn 0.636954 0.214373 -0.740495
v 0.0126006 0.00383391 -0.0170087
vn 0.581293 0.176887 -0.794235
v 0.0126006 0.00383391 -0.0170087
vn 0.581293 0.176887 -0.794235
v 0.0121814 0.0075275 -0.0160601
vn 0.563524 0.346159 -0.750076
v 0.0135507 0.00646591 -0.0154201
vn 0.624341 0.29683 -0.722558
v 0.0126006 0.00383391 -0.0170087
vn 0.581293 0.176887 -0.794235
v 0.0111701 0.00488544 -0.0177162
vn 0.515601 0.226376 -0.826384
v 0.0121814 0.0075275 -0.0160601
vn 0.563524 0.346159 -0.750076
v 0.0111701 0.00488544 -0.0177162
vn 0.515601 0.226376 -0.826384
v 0.0109633 0.00677469 -0.01722
vn 0.504762 0.311973 -0.804915
v 0.0121814 0.0075275 -0.0160601
vn 0.563524 0.346159 -0.750076
v 0.0190389 0.00752766 -0.00662049
vn 0.887702 0.34763 -0.301892
v 0.0188532 0.00646484 -0.00812228
vn 0.879792 0.295977 -0.371973
v 0.0180033 0.00713322 -0.00941105
vn 0.839672 0.325778 -0.434534
v 0.0180033 0.00713322 -0.00941105
vn 0.839672 0.325778 -0.434534
v 0.0173696 0.00875121 -0.00924636
vn 0.811818 0.402037 -0.423459
v 0.0190389 0.00752766 -0.00662049
vn 0.887702 0.34763 -0.301892
v 0.0173696 0.00875121 -0.00924636
vn 0.811818 0.402037 -0.423459
v 0.0183256 0.00922759 -0.00649846
vn 0.85538 0.426216 -0.29439
v 0.0190389 0.00752766 -0.00662049
vn 0.887702 0.34763 -0.301892
v 0.0173696 0.00875121 -0.00924636
vn 0.811818 0.402037 -0.423459
v 0.017496 0.00979009 -0.00784939
vn 0.814999 0.455323 -0.358408
v 0.0183256 0.00922759 -0.00649846
vn 0.85538 0.426216 -0.29439
v 0.00498704 -0.000953577 -0.0208979
vn 0.234469 -0.0394917 -0.971321
v 0.00662019 -0.00191135 -0.020375
vn 0.30742 -0.0817947 -0.948052
v 0.00654886 -0.00373764 -0.0201524
vn 0.304181 -0.16699 -0.937864
v 0.00654886 -0.00373764 -0.0201524
vn 0.304181 -0.16699 -0.937864
v 0.00493386 -0.00459119 -0.0204398
vn 0.228868 -0.204675 -0.951697
v 0.00498704 -0.000953577 -0.0208979
vn 0.234469 -0.0394917 -0.971321
v 0.00493386 -0.00459119 -0.0204398
vn 0.228868 -0.204675 -0.951697
v 0.00334207 -0.00188882 -0.0211668
vn 0.155511 -0.0826941 -0.984367
v 0.00498704 -0.000953577 -0.0208979
vn 0.234469 -0.0394917 -0.971321
v 0.00493386 -0.00459119 -0.0204398
vn 0.228868 -0.204675 -0.951697
v 0.00336198 -0.00370591 -0.0209295
vn 0.155698 -0.167072 -0.973573
v 0.00334207 -0.00188882 -0.0211668
vn 0.155511 -0.0826941 -0.984367
v 0.00654886 -0.00373764 -0.0201524
vn 0.304181 -0.16699 -0.937864
v 0.00802255 -0.00459119 -0.0194363
vn 0.374814 -0.205685 -0.903996
v 0.0078374 -0.00621976 -0.0190646
vn 0.368252 -0.283276 -0.88552
v 0.0078374 -0.00621976 -0.0190646
vn 0.368252 -0.283276 -0.88552
v 0.00629557 -0.00697989 -0.019376
vn 0.294689 -0.315741 -0.901923
v 0.00654886 -0.00373764 -0.0201524
vn 0.304181 -0.16699 -0.937864
v 0.00629557 -0.00697989 -0.019376
vn 0.294689 -0.315741 -0.901923
v 0.00493386 -0.00459119 -0.0204398
vn 0.228868 -0.204675 -0.951697
v 0.00654886 -0.00373764 -0.0201524
vn 0.304181 -0.16699 -0.937864
v 0.00629557 -0.00697989 -0.019376
vn 0.294689 -0.315741 -0.901923
v 0.00486703 -0.0062197 -0.0200299
vn 0.223451 -0.283271 -0.932645
v 0.00493386 -0.00459119 -0.0204398
vn 0.228868 -0.204675 -0.951697
v 0.0197438 0.00780461 -0.0034311
vn 0.920196 0.359043 -0.15597
v 0.0197648 0.00677627 -0.00510444
vn 0.921355 0.312555 -0.231115
v 0.0190389 0.00752766 -0.00662049
vn 0.887702 0.34763 -0.301892
v 0.0190389 0.00752766 -0.00662049
vn 0.887702 0.34763 -0.301892
v 0.0183256 0.00922759 -0.00649846
vn 0.85538 0.426216 -0.29439
v 0.0197438 0.00780461 -0.0034311
vn 0.920196 0.359043 -0.15597
v 0.0183256 0.00922759 -0.00649846
vn 0.85538 0.426216 -0.29439
v 0.0189781 0.00955445 -0.00336369
vn 0.884313 0.441533 -0.151788
v 0.0197438 0.00780461 -0.0034311
vn 0.920196 0.359043 -0.15597
v 0.0183256 0.00922759 -0.00649846
vn 0.85538 0.426216 -0.29439
v 0.0182833 0.0102281 -0.00491801
vn 0.851753 0.473615 -0.224065
v 0.0189781 0.00955445 -0.00336369
vn 0.884313 0.441533 -0.151788
v 0.0100327 0.0117789 -0.014956
vn 0.462477 0.550073 -0.695367
v 0.0103278 0.0102294 -0.0158674
vn 0.476951 0.474003 -0.740161
v 0.00906353 0.00955546 -0.0170093
vn 0.417461 0.442396 -0.793733
v 0.00906353 0.00955546 -0.0170093
vn 0.417461 0.442396 -0.793733
v 0.00846372 0.0127005 -0.0151603
vn 0.389131 0.593664 -0.704372
v 0.0100327 0.0117789 -0.014956
vn 0.462477 0.550073 -0.695367
v 0.00906353 0.00955546 -0.0170093
vn 0.417461 0.442396 -0.793733
v 0.0073812 0.0104697 -0.0172827
vn 0.342224 0.484327 -0.805177
v 0.00846372 0.0127005 -0.0151603
vn 0.389131 0.593664 -0.704372
v 0.0073812 0.0104697 -0.0172827
vn 0.342224 0.484327 -0.805177
v 0.00707753 0.0120597 -0.0163481
vn 0.32722 0.563119 -0.758831
v 0.00846372 0.0127005 -0.0151603
vn 0.389131 0.593664 -0.704372
v 0.0164758 0.00923679 -0.0103609
vn 0.769837 0.424612 -0.476503
v 0.0160528 0.00839224 -0.0116618
vn 0.747349 0.382998 -0.542939
v 0.0149466 0.00923651 -0.0124662
vn 0.691152 0.424549 -0.584865
v 0.0149466 0.00923651 -0.0124662
vn 0.691152 0.424549 -0.584865
v 0.0146846 0.010605 -0.0116626
vn 0.676968 0.498657 -0.541346
v 0.0164758 0.00923679 -0.0103609
vn 0.769837 0.424612 -0.476503
v 0.0146846 0.010605 -0.0116626
vn 0.676968 0.498657 -0.541346
v 0.0156303 0.0106041 -0.0103617
vn 0.724089 0.49861 -0.476533
v 0.0164758 0.00923679 -0.0103609
vn 0.769837 0.424612 -0.476503
v 0.0199963 0.00790378 9.37289e-07
vn 0.931753 0.363092 3.084e-05
v 0.0202714 0.00694877 -0.00174493
vn 0.943816 0.320949 -0.0787623
v 0.0197438 0.00780461 -0.0034311
vn 0.920196 0.359043 -0.15597
v 0.0197438 0.00780461 -0.0034311
vn 0.920196 0.359043 -0.15597
v 0.0189781 0.00955445 -0.00336369
vn 0.884313 0.441533 -0.151788
v 0.0199963 0.00790378 9.37289e-07
vn 0.931753 0.363092 3.084e-05
v 0.0189781 0.00955445 -0.00336369
vn 0.884313 0.441533 -0.151788
v 0.0192105 0.00967266 9.44298e-07
vn 0.894516 0.447035 2.89642e-05
v 0.0199963 0.00790378 9.37289e-07
vn 0.931753 0.363092 3.084e-05
v 0.0189781 0.00955445 -0.00336369
vn 0.884313 0.441533 -0.151788
v 0.0187179 0.0104697 -0.00167731
vn 0.872043 0.483442 -0.0763225
v 0.0192105 0.00967266 9.44298e-07
vn 0.894516 0.447035 2.89642e-05
v 0.0208305 0.00501239 -0.00175925
vn 0.969426 0.232095 -0.0796605
v 0.0208385 0.00398027 -0.00348913
vn 0.969958 0.184767 -0.158246
v 0.0203013 0.00488552 -0.00514687
vn 0.94538 0.227155 -0.233789
v 0.0203013 0.00488552 -0.00514687
vn 0.94538 0.227155 -0.233789
v 0.0197648 0.00677627 -0.00510444
vn 0.921355 0.312555 -0.231115
v 0.0208305 0.00501239 -0.00175925
vn 0.969426 0.232095 -0.0796605
v 0.0197648 0.00677627 -0.00510444
vn 0.921355 0.312555 -0.231115
v 0.0202714 0.00694877 -0.00174493
vn 0.943816 0.320949 -0.0787623
v 0.0208305 0.00501239 -0.00175925
vn 0.969426 0.232095 -0.0796605
v 0.0197648 0.00677627 -0.00510444
vn 0.921355 0.312555 -0.231115
v 0.0197438 0.00780461 -0.0034311
vn 0.920196 0.359043 -0.15597
v 0.0202714 0.00694877 -0.00174493
vn 0.943816 0.320949 -0.0787623
v 0.0214022 0.00201771 9.42619e-07
vn 0.99542 0.0955974 3.96123e-05
v 0.0214054 0.00100992 -0.00174511
vn 0.995584 0.0504261 -0.0791777
v 0.0211255 0.00199143 -0.00347417
vn 0.982962 0.0948936 -0.157418
v 0.0211255 0.00199143 -0.00347417
vn 0.982962 0.0948936 -0.157418
v 0.0208385 0.00398027 -0.00348913
vn 0.969958 0.184767 -0.158246
v 0.0214022 0.00201771 9.42619e-07
vn 0.99542 0.0955974 3.96123e-05
v 0.0208385 0.00398027 -0.00348913
vn 0.969958 0.184767 -0.158246
v 0.0211142 0.00403139 2.89936e-09
vn 0.982239 0.187633 1.10387e-05
v 0.0214022 0.00201771 9.42619e-07
vn 0.99542 0.0955974 3.96123e-05
v 0.0208385 0.00398027 -0.00348913
vn 0.969958 0.184767 -0.158246
v 0.0208305 0.00501239 -0.00175925
vn 0.969426 0.232095 -0.0796605
v 0.0211142 0.00403139 2.89936e-09
vn 0.982239 0.187633 1.10387e-05
v 0.021416 -0.000953542 0.00171669
vn 0.996153 -0.0409083 0.0774946
v 0.0214236 -0.00190971 9.50521e-07
vn 0.996671 -0.081531 3.76528e-05
v 0.0214162 -0.000953553 -0.00171479
vn 0.996159 -0.0409462 -0.0774032
v 0.0214162 -0.000953553 -0.00171479
vn 0.996159 -0.0409462 -0.0774032
v 0.0214054 0.00100992 -0.00174511
vn 0.995584 0.0504261 -0.0791777
v 0.021416 -0.000953542 0.00171669
vn 0.996153 -0.0409083 0.0774946
v 0.0214054 0.00100992 -0.00174511
vn 0.995584 0.0504261 -0.0791777
v 0.0214054 0.00100993 0.00174512
vn 0.995583 0.0504222 0.0791937
v 0.021416 -0.000953542 0.00171669
vn 0.996153 -0.0409083 0.0774946
v 0.0214054 0.00100992 -0.00174511
vn 0.995584 0.0504261 -0.0791777
v 0.0214022 0.00201771 9.42619e-07
vn 0.99542 0.0955974 3.96123e-05
v 0.0214054 0.00100993 0.00174512
vn 0.995583 0.0504222 0.0791937
v 0.0209437 -0.00370589 0.00327189
vn 0.974081 -0.167762 0.151731
v 0.0209641 -0.00459113 0.0016238
vn 0.976113 -0.203832 0.0752019
v 0.0211898 -0.00373758 9.61874e-07
vn 0.985443 -0.170007 3.59722e-05
v 0.0211898 -0.00373758 9.61874e-07
vn 0.985443 -0.170007 3.59722e-05
v 0.0214236 -0.00190971 9.50521e-07
vn 0.996671 -0.081531 3.76528e-05
v 0.0209437 -0.00370589 0.00327189
vn 0.974081 -0.167762 0.151731
v 0.0214236 -0.00190971 9.50521e-07
vn 0.996671 -0.081531 3.76528e-05
v 0.0211634 -0.00188931 0.00336325
vn 0.984425 -0.0823405 0.155327
v 0.0209437 -0.00370589 0.00327189
vn 0.974081 -0.167762 0.151731
v 0.0214236 -0.00190971 9.50521e-07
vn 0.996671 -0.081531 3.76528e-05
v 0.021416 -0.000953542 0.00171669
vn 0.996153 -0.0409083 0.0774946
v 0.0211634 -0.00188931 0.00336325
vn 0.984425 -0.0823405 0.155327
v 0.0197435 0.00780453 0.00343295
vn 0.920186 0.359033 0.156055
v 0.0202717 0.00694774 0.00174494
vn 0.943835 0.320893 0.0787626
v 0.0199963 0.00790378 9.37289e-07
vn 0.931753 0.363092 3.084e-05
v 0.0199963 0.00790378 9.37289e-07
vn 0.931753 0.363092 3.084e-05
v 0.0189781 0.00955445 0.00336369
vn 0.884306 0.441537 0.151816
v 0.0197435 0.00780453 0.00343295
vn 0.920186 0.359033 0.156055
v 0.0199963 0.00790378 9.37289e-07
vn 0.931753 0.363092 3.084e-05
v 0.0192105 0.00967266 9.44298e-07
vn 0.894516 0.447035 2.89642e-05
v 0.0189781 0.00955445 0.00336369
vn 0.884306 0.441537 0.151816
v 0.0192105 0.00967266 9.44298e-07
vn 0.894516 0.447035 2.89642e-05
v 0.0187177 0.0104697 0.00167919
vn 0.872018 0.483472 0.0764087
v 0.0189781 0.00955445 0.00336369
vn 0.884306 0.441537 0.151816
v 0.0203013 0.00488552 -0.00514687
vn 0.94538 0.227155 -0.233789
v 0.0200707 0.00383233 -0.0067269
vn 0.93495 0.175502 -0.308329
v 0.0193462 0.00466291 -0.00818907
vn 0.901055 0.21387 -0.377305
v 0.0193462 0.00466291 -0.00818907
vn 0.901055 0.21387 -0.377305
v 0.0188532 0.00646484 -0.00812228
vn 0.879792 0.295977 -0.371973
v 0.0203013 0.00488552 -0.00514687
vn 0.94538 0.227155 -0.233789
v 0.0188532 0.00646484 -0.00812228
vn 0.879792 0.295977 -0.371973
v 0.0197648 0.00677627 -0.00510444
vn 0.921355 0.312555 -0.231115
v 0.0203013 0.00488552 -0.00514687
vn 0.94538 0.227155 -0.233789
v 0.0188532 0.00646484 -0.00812228
vn 0.879792 0.295977 -0.371973
v 0.0190389 0.00752766 -0.00662049
vn 0.887702 0.34763 -0.301892
v 0.0197648 0.00677627 -0.00510444
vn 0.921355 0.312555 -0.231115
v 0.0149466 0.00923651 -0.0124662
vn 0.691152 0.424549 -0.584865
v 0.0141618 0.00875258 -0.0136608
vn 0.652456 0.401878 -0.642491
v 0.0128719 0.00979011 -0.014214
vn 0.592299 0.454498 -0.665292
v 0.0128719 0.00979011 -0.014214
vn 0.592299 0.454498 -0.665292
v 0.0146846 0.010605 -0.0116626
vn 0.676968 0.498657 -0.541346
v 0.0149466 0.00923651 -0.0124662
vn 0.691152 0.424549 -0.584865
v 0.0128719 0.00979011 -0.014214
vn 0.592299 0.454498 -0.665292
v 0.0125891 0.0112709 -0.0133436
vn 0.578527 0.525324 -0.623972
v 0.0146846 0.010605 -0.0116626
vn 0.676968 0.498657 -0.541346
v 0.0125891 0.0112709 -0.0133436
vn 0.578527 0.525324 -0.623972
v 0.013614 0.0116208 -0.0119749
vn 0.626706 0.546487 -0.55551
v 0.0146846 0.010605 -0.0116626
vn 0.676968 0.498657 -0.541346
v 0.0208303 0.00501237 0.00176112
vn 0.96943 0.232051 0.0797398
v 0.0211142 0.00403139 2.89936e-09
vn 0.982239 0.187633 1.10387e-05
v 0.0208305 0.00501239 -0.00175925
vn 0.969426 0.232095 -0.0796605
v 0.0208305 0.00501239 -0.00175925
vn 0.969426 0.232095 -0.0796605
v 0.0202717 0.00694774 0.00174494
vn 0.943835 0.320893 0.0787626
v 0.0208303 0.00501237 0.00176112
vn 0.96943 0.232051 0.0797398
v 0.0208305 0.00501239 -0.00175925
vn 0.969426 0.232095 -0.0796605
v 0.0202714 0.00694877 -0.00174493
vn 0.943816 0.320949 -0.0787623
v 0.0202717 0.00694774 0.00174494
vn 0.943835 0.320893 0.0787626
v 0.0202714 0.00694877 -0.00174493
vn 0.943816 0.320949 -0.0787623
v 0.0199963 0.00790378 9.37289e-07
vn 0.931753 0.363092 3.084e-05
v 0.0202717 0.00694774 0.00174494
vn 0.943835 0.320893 0.0787626
v 0.0190383 0.00752749 0.00662225
vn 0.887672 0.347659 0.301948
v 0.0197651 0.00677468 0.00510538
vn 0.921371 0.312478 0.231155
v 0.0197435 0.00780453 0.00343295
vn 0.920186 0.359033 0.156055
v 0.0197435 0.00780453 0.00343295
vn 0.920186 0.359033 0.156055
v 0.0183247 0.00922895 0.00649927
vn 0.855364 0.426238 0.294404
v 0.0190383 0.00752749 0.00662225
vn 0.887672 0.347659 0.301948
v 0.0197435 0.00780453 0.00343295
vn 0.920186 0.359033 0.156055
v 0.0189781 0.00955445 0.00336369
vn 0.884306 0.441537 0.151816
v 0.0183247 0.00922895 0.00649927
vn 0.855364 0.426238 0.294404
v 0.0189781 0.00955445 0.00336369
vn 0.884306 0.441537 0.151816
v 0.0182829 0.0102279 0.00491983
vn 0.851754 0.473587 0.224119
v 0.0183247 0.00922895 0.00649927
vn 0.855364 0.426238 0.294404
v 0.0211255 0.00199143 -0.00347417
vn 0.982962 0.0948936 -0.157418
v 0.0208702 0.000984814 -0.00510562
vn 0.970882 0.0469484 -0.234914
v 0.0203506 0.00191813 -0.00670544
vn 0.947001 0.0894349 -0.308528
v 0.0203506 0.00191813 -0.00670544
vn 0.947001 0.0894349 -0.308528
v 0.0200707 0.00383233 -0.0067269
vn 0.93495 0.175502 -0.308329
v 0.0211255 0.00199143 -0.00347417
vn 0.982962 0.0948936 -0.157418
v 0.0200707 0.00383233 -0.0067269
vn 0.93495 0.175502 -0.308329
v 0.0208385 0.00398027 -0.00348913
vn 0.969958 0.184767 -0.158246
v 0.0211255 0.00199143 -0.00347417
vn 0.982962 0.0948936 -0.157418
v 0.0200707 0.00383233 -0.0067269
vn 0.93495 0.175502 -0.308329
v 0.0203013 0.00488552 -0.00514687
vn 0.94538 0.227155 -0.233789
v 0.0208385 0.00398027 -0.00348913
vn 0.969958 0.184767 -0.158246
v 0.0182833 0.0102281 -0.00491801
vn 0.851753 0.473615 -0.224065
v 0.0183256 0.00922759 -0.00649846
vn 0.85538 0.426216 -0.29439
v 0.017496 0.00979009 -0.00784939
vn 0.814999 0.455323 -0.358408
v 0.017496 0.00979009 -0.00784939
vn 0.814999 0.455323 -0.358408
v 0.0165821 0.0112697 -0.00784847
vn 0.771786 0.525279 -0.358368
v 0.0182833 0.0102281 -0.00491801
vn 0.851753 0.473615 -0.224065
v 0.0165821 0.0112697 -0.00784847
vn 0.771786 0.525279 -0.358368
v 0.0173254 0.0117777 -0.00491888
vn 0.804583 0.549934 -0.224097
v 0.0182833 0.0102281 -0.00491801
vn 0.851753 0.473615 -0.224065
v 0.0165821 0.0112697 -0.00784847
vn 0.771786 0.525279 -0.358368
v 0.01645 0.0122633 -0.00649747
vn 0.762743 0.575693 -0.294619
v 0.0173254 0.0117777 -0.00491888
vn 0.804583 0.549934 -0.224097
v 0.0211252 0.00199142 0.00347603
vn 0.982954 0.0948886 0.157474
v 0.0214054 0.00100993 0.00174512
vn 0.995583 0.0504222 0.0791937
v 0.0214022 0.00201771 9.42619e-07
vn 0.99542 0.0955974 3.96123e-05
v 0.0214022 0.00201771 9.42619e-07
vn 0.99542 0.0955974 3.96123e-05
v 0.0208382 0.00398024 0.00349098
vn 0.969947 0.184771 0.158312
v 0.0211252 0.00199142 0.00347603
vn 0.982954 0.0948886 0.157474
v 0.0214022 0.00201771 9.42619e-07
vn 0.99542 0.0955974 3.96123e-05
v 0.0211142 0.00403139 2.89936e-09
vn 0.982239 0.187633 1.10387e-05
v 0.0208382 0.00398024 0.00349098
vn 0.969947 0.184771 0.158312
v 0.0211142 0.00403139 2.89936e-09
vn 0.982239 0.187633 1.10387e-05
v 0.0208303 0.00501237 0.00176112
vn 0.96943 0.232051 0.0797398
v 0.0208382 0.00398024 0.00349098
vn 0.969947 0.184771 0.158312
v 0.0203009 0.00488544 0.00514868
vn 0.94536 0.227159 0.233865
v 0.0208382 0.00398024 0.00349098
vn 0.969947 0.184771 0.158312
v 0.0208303 0.00501237 0.00176112
vn 0.96943 0.232051 0.0797398
v 0.0208303 0.00501237 0.00176112
vn 0.96943 0.232051 0.0797398
v 0.0197651 0.00677468 0.00510538
vn 0.921371 0.312478 0.231155
v 0.0203009 0.00488544 0.00514868
vn 0.94536 0.227159 0.233865
v 0.0208303 0.00501237 0.00176112
vn 0.96943 0.232051 0.0797398
v 0.0202717 0.00694774 0.00174494
vn 0.943835 0.320893 0.0787626
v 0.0197651 0.00677468 0.00510538
vn 0.921371 0.312478 0.231155
v 0.0202717 0.00694774 0.00174494
vn 0.943835 0.320893 0.0787626
v 0.0197435 0.00780453 0.00343295
vn 0.920186 0.359033 0.156055
v 0.0197651 0.00677468 0.00510538
vn 0.921371 0.312478 0.231155
v 0.0180033 0.00713323 0.00941104
vn 0.839664 0.325776 0.434551
v 0.0188532 0.00646486 0.00812228
vn 0.879796 0.295958 0.371978
v 0.0190383 0.00752749 0.00662225
vn 0.887672 0.347659 0.301948
v 0.0190383 0.00752749 0.00662225
vn 0.887672 0.347659 0.301948
v 0.0173696 0.00875122 0.00924636
vn 0.811784 0.402097 0.423467
v 0.0180033 0.00713323 0.00941104
vn 0.839664 0.325776 0.434551
v 0.0190383 0.00752749 0.00662225
vn 0.887672 0.347659 0.301948
v 0.0183247 0.00922895 0.00649927
vn 0.855364 0.426238 0.294404
v 0.0173696 0.00875122 0.00924636
vn 0.811784 0.402097 0.423467
v 0.0183247 0.00922895 0.00649927
vn 0.855364 0.426238 0.294404
v 0.0174966 0.00979038 0.00784766
vn 0.815 0.455337 0.358389
v 0.0173696 0.00875122 0.00924636
vn 0.811784 0.402097 0.423467
v 0.0214162 -0.000953553 -0.00171479
vn 0.996159 -0.0409462 -0.0774032
v 0.0211633 -0.0018904 -0.00336319
vn 0.984421 -0.0824127 -0.155316
v 0.0208963 -0.000937093 -0.00502538
vn 0.971896 -0.0408282 -0.231842
v 0.0208963 -0.000937093 -0.00502538
vn 0.971896 -0.0408282 -0.231842
v 0.0214054 0.00100992 -0.00174511
vn 0.995584 0.0504261 -0.0791777
v 0.0214162 -0.000953553 -0.00171479
vn 0.996159 -0.0409462 -0.0774032
v 0.0208963 -0.000937093 -0.00502538
vn 0.971896 -0.0408282 -0.231842
v 0.0208702 0.000984814 -0.00510562
vn 0.970882 0.0469484 -0.234914
v 0.0214054 0.00100992 -0.00174511
vn 0.995584 0.0504261 -0.0791777
v 0.0208702 0.000984814 -0.00510562
vn 0.970882 0.0469484 -0.234914
v 0.0211255 0.00199143 -0.00347417
vn 0.982962 0.0948936 -0.157418
v 0.0214054 0.00100992 -0.00174511
vn 0.995584 0.0504261 -0.0791777
v 0.0187179 0.0104697 -0.00167731
vn 0.872043 0.483442 -0.0763225
v 0.0189781 0.00955445 -0.00336369
vn 0.884313 0.441533 -0.151788
v 0.0182833 0.0102281 -0.00491801
vn 0.851753 0.473615 -0.224065
v 0.0182833 0.0102281 -0.00491801
vn 0.851753 0.473615 -0.224065
v 0.0173254 0.0117777 -0.00491888
vn 0.804583 0.549934 -0.224097
v 0.0187179 0.0104697 -0.00167731
vn 0.872043 0.483442 -0.0763225
v 0.0173254 0.0117777 -0.00491888
vn 0.804583 0.549934 -0.224097
v 0.017736 0.0120584 -0.00167823
vn 0.822427 0.563722 -0.0763678
v 0.0187179 0.0104697 -0.00167731
vn 0.872043 0.483442 -0.0763225
v 0.0173254 0.0117777 -0.00491888
vn 0.804583 0.549934 -0.224097
v 0.0170337 0.0127004 -0.00336457
vn 0.789866 0.594078 -0.152263
v 0.017736 0.0120584 -0.00167823
vn 0.822427 0.563722 -0.0763678
v 0.0208958 -0.000937112 0.0050272
vn 0.971879 -0.0408287 0.231914
v 0.0211634 -0.00188931 0.00336325
vn 0.984425 -0.0823405 0.155327
v 0.021416 -0.000953542 0.00171669
vn 0.996153 -0.0409083 0.0774946
v 0.021416 -0.000953542 0.00171669
vn 0.996153 -0.0409083 0.0774946
v 0.0214054 0.00100993 0.00174512
vn 0.995583 0.0504222 0.0791937
v 0.0208958 -0.000937112 0.0050272
vn 0.971879 -0.0408287 0.231914
v 0.0214054 0.00100993 0.00174512
vn 0.995583 0.0504222 0.0791937
v 0.0208702 0.000984833 0.00510563
vn 0.970884 0.0469094 0.234913
v 0.0208958 -0.000937112 0.0050272
vn 0.971879 -0.0408287 0.231914
v 0.0214054 0.00100993 0.00174512
vn 0.995583 0.0504222 0.0791937
v 0.0211252 0.00199142 0.00347603
vn 0.982954 0.0948886 0.157474
v 0.0208702 0.000984833 0.00510563
vn 0.970884 0.0469094 0.234913
v 0.0203506 0.00191814 0.00670544
vn 0.946998 0.0893975 0.308551
v 0.0208702 0.000984833 0.00510563
vn 0.970884 0.0469094 0.234913
v 0.0211252 0.00199142 0.00347603
vn 0.982954 0.0948886 0.157474
v 0.0211252 0.00199142 0.00347603
vn 0.982954 0.0948886 0.157474
v 0.0200705 0.00383342 0.00672692
vn 0.934929 0.17557 0.308356
v 0.0203506 0.00191814 0.00670544
vn 0.946998 0.0893975 0.308551
v 0.0211252 0.00199142 0.00347603
vn 0.982954 0.0948886 0.157474
v 0.0208382 0.00398024 0.00349098
vn 0.969947 0.184771 0.158312
v 0.0200705 0.00383342 0.00672692
vn 0.934929 0.17557 0.308356
v 0.0208382 0.00398024 0.00349098
vn 0.969947 0.184771 0.158312
v 0.0203009 0.00488544 0.00514868
vn 0.94536 0.227159 0.233865
v 0.0200705 0.00383342 0.00672692
vn 0.934929 0.17557 0.308356
v 0.0193455 0.00466281 0.00819079
vn 0.901031 0.213846 0.377376
v 0.0200705 0.00383342 0.00672692
vn 0.934929 0.17557 0.308356
v 0.0203009 0.00488544 0.00514868
vn 0.94536 0.227159 0.233865
v 0.0203009 0.00488544 0.00514868
vn 0.94536 0.227159 0.233865
v 0.0188532 0.00646486 0.00812228
vn 0.879796 0.295958 0.371978
v 0.0193455 0.00466281 0.00819079
vn 0.901031 0.213846 0.377376
v 0.0203009 0.00488544 0.00514868
vn 0.94536 0.227159 0.233865
v 0.0197651 0.00677468 0.00510538
vn 0.921371 0.312478 0.231155
v 0.0188532 0.00646486 0.00812228
vn 0.879796 0.295958 0.371978
v 0.0197651 0.00677468 0.00510538
vn 0.921371 0.312478 0.231155
v 0.0190383 0.00752749 0.00662225
vn 0.887672 0.347659 0.301948
v 0.0188532 0.00646486 0.00812228
vn 0.879796 0.295958 0.371978
v 0.0135508 0.00646487 0.0154204
vn 0.624342 0.296779 0.722578
v 0.0145125 0.00713343 0.0142151
vn 0.672817 0.32574 0.664237
v 0.0141618 0.00875257 0.0136608
vn 0.652438 0.401895 0.642498
v 0.0141618 0.00875257 0.0136608
vn 0.652438 0.401895 0.642498
v 0.0128705 0.00979039 0.0142151
vn 0.592253 0.454497 0.665334
v 0.0135508 0.00646487 0.0154204
vn 0.624342 0.296779 0.722578
v 0.0128705 0.00979039 0.0142151
vn 0.592253 0.454497 0.665334
v 0.0121814 0.0075275 0.0160601
vn 0.563544 0.346149 0.750066
v 0.0135508 0.00646487 0.0154204
vn 0.624342 0.296779 0.722578
v 0.0128705 0.00979039 0.0142151
vn 0.592253 0.454497 0.665334
v 0.0118435 0.00922761 0.0154205
vn 0.543875 0.427627 0.722036
v 0.0121814 0.0075275 0.0160601
vn 0.563544 0.346149 0.750066
v 0.0211898 -0.00373758 9.61874e-07
vn 0.985443 -0.170007 3.59722e-05
v 0.0209641 -0.00459114 -0.00162379
vn 0.97611 -0.203852 -0.0751919
v 0.020944 -0.00370587 -0.00327004
vn 0.974093 -0.167757 -0.15166
v 0.020944 -0.00370587 -0.00327004
vn 0.974093 -0.167757 -0.15166
v 0.0214236 -0.00190971 9.50521e-07
vn 0.996671 -0.081531 3.76528e-05
v 0.0211898 -0.00373758 9.61874e-07
vn 0.985443 -0.170007 3.59722e-05
v 0.020944 -0.00370587 -0.00327004
vn 0.974093 -0.167757 -0.15166
v 0.0211633 -0.0018904 -0.00336319
vn 0.984421 -0.0824127 -0.155316
v 0.0214236 -0.00190971 9.50521e-07
vn 0.996671 -0.081531 3.76528e-05
v 0.0211633 -0.0018904 -0.00336319
vn 0.984421 -0.0824127 -0.155316
v 0.0214162 -0.000953553 -0.00171479
vn 0.996159 -0.0409462 -0.0774032
v 0.0214236 -0.00190971 9.50521e-07
vn 0.996671 -0.081531 3.76528e-05
v 0.0187177 0.0104697 0.00167919
vn 0.872018 0.483472 0.0764087
v 0.0192105 0.00967266 9.44298e-07
vn 0.894516 0.447035 2.89642e-05
v 0.0187179 0.0104697 -0.00167731
vn 0.872043 0.483442 -0.0763225
v 0.0187179 0.0104697 -0.00167731
vn 0.872043 0.483442 -0.0763225
v 0.0177354 0.0120593 0.00167824
vn 0.822407 0.563749 0.0763751
v 0.0187177 0.0104697 0.00167919
vn 0.872018 0.483472 0.0764087
v 0.0187179 0.0104697 -0.00167731
vn 0.872043 0.483442 -0.0763225
v 0.017736 0.0120584 -0.00167823
vn 0.822427 0.563722 -0.0763678
v 0.0177354 0.0120593 0.00167824
vn 0.822407 0.563749 0.0763751
v 0.017736 0.0120584 -0.00167823
vn 0.822427 0.563722 -0.0763678
v 0.0172425 0.0128568 9.44239e-07
vn 0.799583 0.600556 1.7004e-05
v 0.0177354 0.0120593 0.00167824
vn 0.822407 0.563749 0.0763751
v 0.020554 -0.00621812 0.00156169
vn 0.956081 -0.283754 0.0734369
v 0.0203736 -0.00697833 9.65237e-07
vn 0.950263 -0.311448 2.80878e-05
v 0.0205536 -0.00621963 -0.00156067
vn 0.956053 -0.28386 -0.0733882
v 0.0205536 -0.00621963 -0.00156067
vn 0.956053 -0.28386 -0.0733882
v 0.0209641 -0.00459114 -0.00162379
vn 0.97611 -0.203852 -0.0751919
v 0.020554 -0.00621812 0.00156169
vn 0.956081 -0.283754 0.0734369
v 0.0209641 -0.00459114 -0.00162379
vn 0.97611 -0.203852 -0.0751919
v 0.0209641 -0.00459113 0.0016238
vn 0.976113 -0.203832 0.0752019
v 0.020554 -0.00621812 0.00156169
vn 0.956081 -0.283754 0.0734369
v 0.0209641 -0.00459114 -0.00162379
vn 0.97611 -0.203852 -0.0751919
v 0.0211898 -0.00373758 9.61874e-07
vn 0.985443 -0.170007 3.59722e-05
v 0.0209641 -0.00459113 0.0016238
vn 0.976113 -0.203832 0.0752019
v 0.0109634 0.00677469 0.01722
vn 0.504789 0.311966 0.804901
v 0.0121814 0.0075275 0.0160601
vn 0.563544 0.346149 0.750066
v 0.0118435 0.00922761 0.0154205
vn 0.543875 0.427627 0.722036
v 0.0118435 0.00922761 0.0154205
vn 0.543875 0.427627 0.722036
v 0.0103273 0.0102281 0.0158686
vn 0.476903 0.473977 0.740209
v 0.0109634 0.00677469 0.01722
vn 0.504789 0.311966 0.804901
v 0.0103273 0.0102281 0.0158686
vn 0.476903 0.473977 0.740209
v 0.00936611 0.00780454 0.0177163
vn 0.433914 0.358461 0.826574
v 0.0109634 0.00677469 0.01722
vn 0.504789 0.311966 0.804901
v 0.0103273 0.0102281 0.0158686
vn 0.476903 0.473977 0.740209
v 0.00906372 0.00955448 0.0170097
vn 0.417423 0.442373 0.793766
v 0.00936611 0.00780454 0.0177163
vn 0.433914 0.358461 0.826574
v 0.0182829 0.0102279 0.00491983
vn 0.851754 0.473587 0.224119
v 0.0189781 0.00955445 0.00336369
vn 0.884306 0.441537 0.151816
v 0.0187177 0.0104697 0.00167919
vn 0.872018 0.483472 0.0764087
v 0.0187177 0.0104697 0.00167919
vn 0.872018 0.483472 0.0764087
v 0.0173243 0.0117789 0.00491983
vn 0.804499 0.550045 0.224124
v 0.0182829 0.0102279 0.00491983
vn 0.851754 0.473587 0.224119
v 0.0187177 0.0104697 0.00167919
vn 0.872018 0.483472 0.0764087
v 0.0177354 0.0120593 0.00167824
vn 0.822407 0.563749 0.0763751
v 0.0173243 0.0117789 0.00491983
vn 0.804499 0.550045 0.224124
v 0.0177354 0.0120593 0.00167824
vn 0.822407 0.563749 0.0763751
v 0.0170337 0.0127004 0.00336457
vn 0.789893 0.594035 0.152285
v 0.0173243 0.0117789 0.00491983
vn 0.804499 0.550045 0.224124
v 0.0149466 0.00923651 0.0124662
vn 0.691122 0.424587 0.584873
v 0.0160528 0.00839074 0.0116629
vn 0.747354 0.382903 0.542999
v 0.0164749 0.0092365 0.0103626
vn 0.769817 0.424611 0.476536
v 0.0164749 0.0092365 0.0103626
vn 0.769817 0.424611 0.476536
v 0.0156291 0.0106051 0.0103626
vn 0.724035 0.498673 0.476549
v 0.0149466 0.00923651 0.0124662
vn 0.691122 0.424587 0.584873
v 0.0156291 0.0106051 0.0103626
vn 0.724035 0.498673 0.476549
v 0.0146847 0.0106041 0.0116633
vn 0.676947 0.498617 0.541409
v 0.0149466 0.00923651 0.0124662
vn 0.691122 0.424587 0.584873
v 0.00792392 0.00694776 0.0187403
vn 0.366724 0.319965 0.873577
v 0.00936611 0.00780454 0.0177163
vn 0.433914 0.358461 0.826574
v 0.00906372 0.00955448 0.0170097
vn 0.417423 0.442373 0.793766
v 0.00906372 0.00955448 0.0170097
vn 0.417423 0.442373 0.793766
v 0.00737945 0.0104698 0.0172834
vn 0.342183 0.484323 0.805197
v 0.00792392 0.00694776 0.0187403
vn 0.366724 0.319965 0.873577
v 0.00737945 0.0104698 0.0172834
vn 0.342183 0.484323 0.805197
v 0.00618016 0.0079038 0.0190173
vn 0.287601 0.363187 0.886217
v 0.00792392 0.00694776 0.0187403
vn 0.366724 0.319965 0.873577
v 0.00737945 0.0104698 0.0172834
vn 0.342183 0.484323 0.805197
v 0.00593667 0.00967126 0.0182709
vn 0.276013 0.447203 0.85078
v 0.00618016 0.0079038 0.0190173
vn 0.287601 0.363187 0.886217
v 0.00975788 0.00398028 0.0187403
vn 0.450888 0.184638 0.873275
v 0.0111693 0.00488603 0.0177166
vn 0.515556 0.226412 0.826402
v 0.0109634 0.00677469 0.01722
vn 0.504789 0.311966 0.804901
v 0.0109634 0.00677469 0.01722
vn 0.504789 0.311966 0.804901
v 0.00936611 0.00780454 0.0177163
vn 0.433914 0.358461 0.826574
v 0.00975788 0.00398028 0.0187403
vn 0.450888 0.184638 0.873275
v 0.00936611 0.00780454 0.0177163
vn 0.433914 0.358461 0.826574
v 0.00811018 0.0050124 0.0192673
vn 0.375655 0.232017 0.897247
v 0.00975788 0.00398028 0.0187403
vn 0.450888 0.184638 0.873275
v 0.00936611 0.00780454 0.0177163
vn 0.433914 0.358461 0.826574
v 0.00792392 0.00694776 0.0187403
vn 0.366724 0.319965 0.873577
v 0.00811018 0.0050124 0.0192673
vn 0.375655 0.232017 0.897247
v 0.00827523 0.00101151 0.0198181
vn 0.383368 0.0509173 0.922191
v 0.00983233 0.00199143 0.0190179
vn 0.453811 0.0955463 0.885961
v 0.00975788 0.00398028 0.0187403
vn 0.450888 0.184638 0.873275
v 0.00975788 0.00398028 0.0187403
vn 0.450888 0.184638 0.873275
v 0.00811018 0.0050124 0.0192673
vn 0.375655 0.232017 0.897247
v 0.00827523 0.00101151 0.0198181
vn 0.383368 0.0509173 0.922191
v 0.00811018 0.0050124 0.0192673
vn 0.375655 0.232017 0.897247
v 0.00661279 0.00201769 0.020355
vn 0.307609 0.0963225 0.946625
v 0.00827523 0.00101151 0.0198181
vn 0.383368 0.0509173 0.922191
v 0.00811018 0.0050124 0.0192673
vn 0.375655 0.232017 0.897247
v 0.00652467 0.00403139 0.0200807
vn 0.303649 0.187412 0.93417
v 0.00661279 0.00201769 0.020355
vn 0.307609 0.0963225 0.946625
v 0.00824884 -0.000953583 0.0198381
vn 0.38125 -0.0392459 0.923639
v 0.00827523 0.00101151 0.0198181
vn 0.383368 0.0509173 0.922191
v 0.00661279 0.00201769 0.020355
vn 0.307609 0.0963225 0.946625
v 0.00661279 0.00201769 0.020355
vn 0.307609 0.0963225 0.946625
v 0.0066202 -0.00191136 0.020375
vn 0.307418 -0.0817677 0.948055
v 0.00824884 -0.000953583 0.0198381
vn 0.38125 -0.0392459 0.923639
v 0.00661279 0.00201769 0.020355
vn 0.307609 0.0963225 0.946625
v 0.00498522 -0.000953585 0.0208983
vn 0.234365 -0.0394727 0.971347
v 0.0066202 -0.00191136 0.020375
vn 0.307418 -0.0817677 0.948055
v 0.00661279 0.00201769 0.020355
vn 0.307609 0.0963225 0.946625
v 0.00495493 0.0010099 0.020897
vn 0.231961 0.050779 0.971399
v 0.00498522 -0.000953585 0.0208983
vn 0.234365 -0.0394727 0.971347
v 0.00654706 -0.00373764 0.020153
vn 0.304088 -0.167008 0.937891
v 0.0066202 -0.00191136 0.020375
vn 0.307418 -0.0817677 0.948055
v 0.00498522 -0.000953585 0.0208983
vn 0.234365 -0.0394727 0.971347
v 0.00498522 -0.000953585 0.0208983
vn 0.234365 -0.0394727 0.971347
v 0.00493485 -0.00458964 0.0204399
vn 0.2289 -0.204609 0.951704
v 0.00654706 -0.00373764 0.020153
vn 0.304088 -0.167008 0.937891
v 0.00498522 -0.000953585 0.0208983
vn 0.234365 -0.0394727 0.971347
v 0.00334116 -0.00189042 0.0211668
vn 0.155475 -0.0827418 0.984368
v 0.00493485 -0.00458964 0.0204399
vn 0.2289 -0.204609 0.951704
v 0.00334116 -0.00189042 0.0211668
vn 0.155475 -0.0827418 0.984368
v 0.00336013 -0.00370594 0.0209298
vn 0.155601 -0.167123 0.97358
v 0.00493485 -0.00458964 0.0204399
vn 0.2289 -0.204609 0.951704
v 0.0174966 0.00979038 0.00784766
vn 0.815 0.455337 0.358389
v 0.0183247 0.00922895 0.00649927
vn 0.855364 0.426238 0.294404
v 0.0182829 0.0102279 0.00491983
vn 0.851754 0.473587 0.224119
v 0.0182829 0.0102279 0.00491983
vn 0.851754 0.473587 0.224119
v 0.0165821 0.0112697 0.00784846
vn 0.771773 0.525263 0.35842
v 0.0174966 0.00979038 0.00784766
vn 0.815 0.455337 0.358389
v 0.0182829 0.0102279 0.00491983
vn 0.851754 0.473587 0.224119
v 0.0173243 0.0117789 0.00491983
vn 0.804499 0.550045 0.224124
v 0.0165821 0.0112697 0.00784846
vn 0.771773 0.525263 0.35842
v 0.0173243 0.0117789 0.00491983
vn 0.804499 0.550045 0.224124
v 0.0164495 0.012263 0.00649926
vn 0.762727 0.57568 0.294687
v 0.0165821 0.0112697 0.00784846
vn 0.771773 0.525263 0.35842
v 0.00460481 0.00694776 0.0198187
vn 0.216423 0.319925 0.922393
v 0.00618016 0.0079038 0.0190173
vn 0.287601 0.363187 0.886217
v 0.00593667 0.00967126 0.0182709
vn 0.276013 0.447203 0.85078
v 0.00593667 0.00967126 0.0182709
vn 0.276013 0.447203 0.85078
v 0.00418717 0.0104697 0.0183205
vn 0.196384 0.484111 0.852684
v 0.00460481 0.00694776 0.0198187
vn 0.216423 0.319925 0.922393
v 0.00418717 0.0104697 0.0183205
vn 0.196384 0.484111 0.852684
v 0.00283802 0.00780464 0.0198377
vn 0.134082 0.359475 0.923471
v 0.00460481 0.00694776 0.0198187
vn 0.216423 0.319925 0.922393
v 0.00418717 0.0104697 0.0183205
vn 0.196384 0.484111 0.852684
v 0.00266553 0.00955448 0.0190886
vn 0.128384 0.441176 0.88819
v 0.00283802 0.00780464 0.0198377
vn 0.134082 0.359475 0.923471
v 0.0125999 0.00383235 0.0170095
vn 0.581266 0.176842 0.794265
v 0.0137667 0.00466293 0.0158686
vn 0.636859 0.214405 0.740568
v 0.0135508 0.00646487 0.0154204
vn 0.624342 0.296779 0.722578
v 0.0135508 0.00646487 0.0154204
vn 0.624342 0.296779 0.722578
v 0.0121814 0.0075275 0.0160601
vn 0.563544 0.346149 0.750066
v 0.0125999 0.00383235 0.0170095
vn 0.581266 0.176842 0.794265
v 0.0121814 0.0075275 0.0160601
vn 0.563544 0.346149 0.750066
v 0.0111693 0.00488603 0.0177166
vn 0.515556 0.226412 0.826402
v 0.0125999 0.00383235 0.0170095
vn 0.581266 0.176842 0.794265
v 0.0121814 0.0075275 0.0160601
vn 0.563544 0.346149 0.750066
v 0.0109634 0.00677469 0.01722
vn 0.504789 0.311966 0.804901
v 0.0111693 0.00488603 0.0177166
vn 0.515556 0.226412 0.826402
v 0.0164749 0.0092365 0.0103626
vn 0.769817 0.424611 0.476536
v 0.0173696 0.00875122 0.00924636
vn 0.811784 0.402097 0.423467
v 0.0174966 0.00979038 0.00784766
vn 0.815 0.455337 0.358389
v 0.0174966 0.00979038 0.00784766
vn 0.815 0.455337 0.358389
v 0.0156291 0.0106051 0.0103626
vn 0.724035 0.498673 0.476549
v 0.0164749 0.0092365 0.0103626
vn 0.769817 0.424611 0.476536
v 0.0174966 0.00979038 0.00784766
vn 0.815 0.455337 0.358389
v 0.0165821 0.0112697 0.00784846
vn 0.771773 0.525263 0.35842
v 0.0156291 0.0106051 0.0103626
vn 0.724035 0.498673 0.476549
v 0.0165821 0.0112697 0.00784846
vn 0.771773 0.525263 0.35842
v 0.0155959 0.0116208 0.00924705
vn 0.72165 0.547816 0.423224
v 0.0156291 0.0106051 0.0103626
vn 0.724035 0.498673 0.476549
v 0.00652467 0.00403139 0.0200807
vn 0.303649 0.187412 0.93417
v 0.00811018 0.0050124 0.0192673
vn 0.375655 0.232017 0.897247
v 0.00792392 0.00694776 0.0187403
vn 0.366724 0.319965 0.873577
v 0.00792392 0.00694776 0.0187403
vn 0.366724 0.319965 0.873577
v 0.00618016 0.0079038 0.0190173
vn 0.287601 0.363187 0.886217
v 0.00652467 0.00403139 0.0200807
vn 0.303649 0.187412 0.93417
v 0.00618016 0.0079038 0.0190173
vn 0.287601 0.363187 0.886217
v 0.00476291 0.00501292 0.0203547
vn 0.223005 0.232339 0.946724
v 0.00652467 0.00403139 0.0200807
vn 0.303649 0.187412 0.93417
v 0.00618016 0.0079038 0.0190173
vn 0.287601 0.363187 0.886217
v 0.00460481 0.00694776 0.0198187
vn 0.216423 0.319925 0.922393
v 0.00476291 0.00501292 0.0203547
vn 0.223005 0.232339 0.946724
v 0.00125224 0.00677468 0.0203753
vn 0.0644543 0.311764 0.947971
v 0.00283802 0.00780464 0.0198377
vn 0.134082 0.359475 0.923471
v 0.00266553 0.00955448 0.0190886
vn 0.128384 0.441176 0.88819
v 0.00266553 0.00955448 0.0190886
vn 0.128384 0.441176 0.88819
v 0.000970723 0.0102279 0.0189084
vn 0.0492263 0.473353 0.879496
v 0.00125224 0.00677468 0.0203753
vn 0.0644543 0.311764 0.947971
v 0.000970723 0.0102279 0.0189084
vn 0.0492263 0.473353 0.879496
v -0.000414964 0.0075275 0.0201529
vn -0.0158178 0.348037 0.937347
v 0.00125224 0.00677468 0.0203753
vn 0.0644543 0.311764 0.947971
v 0.000970723 0.0102279 0.0189084
vn 0.0492263 0.473353 0.879496
v -0.000517454 0.00922761 0.0194369
vn -0.0155873 0.425407 0.904868
v -0.000414964 0.0075275 0.0201529
vn -0.0158178 0.348037 0.937347
v 0.0113067 0.000984777 0.01827
vn 0.523867 0.0480993 0.850441
v 0.0126653 0.00191872 0.0172829
vn 0.58545 0.0897541 0.805725
v 0.0125999 0.00383235 0.0170095
vn 0.581266 0.176842 0.794265
v 0.0125999 0.00383235 0.0170095
vn 0.581266 0.176842 0.794265
v 0.0111693 0.00488603 0.0177166
vn 0.515556 0.226412 0.826402
v 0.0113067 0.000984777 0.01827
vn 0.523867 0.0480993 0.850441
v 0.0111693 0.00488603 0.0177166
vn 0.515556 0.226412 0.826402
v 0.00983233 0.00199143 0.0190179
vn 0.453811 0.0955463 0.885961
v 0.0113067 0.000984777 0.01827
vn 0.523867 0.0480993 0.850441
v 0.0111693 0.00488603 0.0177166
vn 0.515556 0.226412 0.826402
v 0.00975788 0.00398028 0.0187403
vn 0.450888 0.184638 0.873275
v 0.00983233 0.00199143 0.0190179
vn 0.453811 0.0955463 0.885961
v 0.0118435 0.00922761 0.0154205
vn 0.543875 0.427627 0.722036
v 0.0128705 0.00979039 0.0142151
vn 0.592253 0.454497 0.665334
v 0.0125886 0.0112697 0.013345
vn 0.5785 0.525266 0.624046
v 0.0125886 0.0112697 0.013345
vn 0.5785 0.525266 0.624046
v 0.0112629 0.0122634 0.0136369
vn 0.5146 0.574463 0.636536
v 0.0118435 0.00922761 0.0154205
vn 0.543875 0.427627 0.722036
v 0.0112629 0.0122634 0.0136369
vn 0.5146 0.574463 0.636536
v 0.0103273 0.0102281 0.0158686
vn 0.476903 0.473977 0.740209
v 0.0118435 0.00922761 0.0154205
vn 0.543875 0.427627 0.722036
v 0.0112629 0.0122634 0.0136369
vn 0.5146 0.574463 0.636536
v 0.0100327 0.0117789 0.014956
vn 0.46249 0.55004 0.695384
v 0.0103273 0.0102281 0.0158686
vn 0.476903 0.473977 0.740209
v 0.00495493 0.0010099 0.020897
vn 0.231961 0.050779 0.971399
v 0.00661279 0.00201769 0.020355
vn 0.307609 0.0963225 0.946625
v 0.00652467 0.00403139 0.0200807
vn 0.303649 0.187412 0.93417
v 0.00652467 0.00403139 0.0200807
vn 0.303649 0.187412 0.93417
v 0.00476291 0.00501292 0.0203547
vn 0.223005 0.232339 0.946724
v 0.00495493 0.0010099 0.020897
vn 0.231961 0.050779 0.971399
v 0.00476291 0.00501292 0.0203547
vn 0.223005 0.232339 0.946724
v 0.00322213 0.00199139 0.0211654
vn 0.153702 0.0952954 0.983511
v 0.00495493 0.0010099 0.020897
vn 0.231961 0.050779 0.971399
v 0.00476291 0.00501292 0.0203547
vn 0.223005 0.232339 0.946724
v 0.00312025 0.00397866 0.0208972
vn 0.14863 0.185012 0.971432
v 0.00322213 0.00199139 0.0211654
vn 0.153702 0.0952954 0.983511
v 0.00312025 0.00397866 0.0208972
vn 0.14863 0.185012 0.971432
v 0.00476291 0.00501292 0.0203547
vn 0.223005 0.232339 0.946724
v 0.00460481 0.00694776 0.0198187
vn 0.216423 0.319925 0.922393
v 0.00460481 0.00694776 0.0198187
vn 0.216423 0.319925 0.922393
v 0.00283802 0.00780464 0.0198377
vn 0.134082 0.359475 0.923471
v 0.00312025 0.00397866 0.0208972
vn 0.14863 0.185012 0.971432
v 0.00283802 0.00780464 0.0198377
vn 0.134082 0.359475 0.923471
v 0.00137662 0.00488543 0.0208983
vn 0.0682157 0.227267 0.97144
v 0.00312025 0.00397866 0.0208972
vn 0.14863 0.185012 0.971432
v 0.00283802 0.00780464 0.0198377
vn 0.134082 0.359475 0.923471
v 0.00125224 0.00677468 0.0203753
vn 0.0644543 0.311764 0.947971
v 0.00137662 0.00488543 0.0208983
vn 0.0682157 0.227267 0.97144
v -0.00189882 0.00646486 0.0204404
vn -0.0793765 0.296939 0.951592
v -0.000414964 0.0075275 0.0201529
vn -0.0158178 0.348037 0.937347
v -0.000517454 0.00922761 0.0194369
vn -0.0155873 0.425407 0.904868
v -0.000517454 0.00922761 0.0194369
vn -0.0155873 0.425407 0.904868
v -0.00205864 0.00979011 0.0190653
vn -0.0899109 0.453969 0.886469
v -0.00189882 0.00646486 0.0204404
vn -0.0793765 0.296939 0.951592
v -0.00205864 0.00979011 0.0190653
vn -0.0899109 0.453969 0.886469
v -0.00338714 0.00713324 0.0200303
vn -0.152996 0.328701 0.931959
v -0.00189882 0.00646486 0.0204404
vn -0.0793765 0.296939 0.951592
v -0.00205864 0.00979011 0.0190653
vn -0.0899109 0.453969 0.886469
v -0.00342632 0.00875123 0.0193767
vn -0.14759 0.402909 0.903262
v -0.00338714 0.00713324 0.0200303
vn -0.152996 0.328701 0.931959
v 0.0112384 -0.000937138 0.0183196
vn 0.520987 -0.0407393 0.852592
v 0.0113067 0.000984777 0.01827
vn 0.523867 0.0480993 0.850441
v 0.00983233 0.00199143 0.0190179
vn 0.453811 0.0955463 0.885961
v 0.00983233 0.00199143 0.0190179
vn 0.453811 0.0955463 0.885961
v 0.00973852 -0.00188936 0.0190883
vn 0.453179 -0.0824159 0.887601
v 0.0112384 -0.000937138 0.0183196
vn 0.520987 -0.0407393 0.852592
v 0.00983233 0.00199143 0.0190179
vn 0.453811 0.0955463 0.885961
v 0.00827523 0.00101151 0.0198181
vn 0.383368 0.0509173 0.922191
v 0.00973852 -0.00188936 0.0190883
vn 0.453179 -0.0824159 0.887601
v 0.00827523 0.00101151 0.0198181
vn 0.383368 0.0509173 0.922191
v 0.00824884 -0.000953583 0.0198381
vn 0.38125 -0.0392459 0.923639
v 0.00973852 -0.00188936 0.0190883
vn 0.453179 -0.0824159 0.887601
v 0.00906372 0.00955448 0.0170097
vn 0.417423 0.442373 0.793766
v 0.0103273 0.0102281 0.0158686
vn 0.476903 0.473977 0.740209
v 0.0100327 0.0117789 0.014956
vn 0.46249 0.55004 0.695384
v 0.0100327 0.0117789 0.014956
vn 0.46249 0.55004 0.695384
v 0.00846372 0.0127005 0.0151603
vn 0.389099 0.593662 0.704391
v 0.00906372 0.00955448 0.0170097
vn 0.417423 0.442373 0.793766
v 0.00846372 0.0127005 0.0151603
vn 0.389099 0.593662 0.704391
v 0.00737945 0.0104698 0.0172834
vn 0.342183 0.484323 0.805197
v 0.00906372 0.00955448 0.0170097
vn 0.417423 0.442373 0.793766
v 0.00846372 0.0127005 0.0151603
vn 0.389099 0.593662 0.704391
v 0.00707692 0.0120584 0.0163493
vn 0.327224 0.563062 0.758871
v 0.00737945 0.0104698 0.0172834
vn 0.342183 0.484323 0.805197
v 0.00334116 -0.00189042 0.0211668
vn 0.155475 -0.0827418 0.984368
v 0.00498522 -0.000953585 0.0208983
vn 0.234365 -0.0394727 0.971347
v 0.00495493 0.0010099 0.020897
vn 0.231961 0.050779 0.971399
v 0.00495493 0.0010099 0.020897
vn 0.231961 0.050779 0.971399
v 0.00322213 0.00199139 0.0211654
vn 0.153702 0.0952954 0.983511
v 0.00334116 -0.00189042 0.0211668
vn 0.155475 -0.0827418 0.984368
v 0.00322213 0.00199139 0.0211654
vn 0.153702 0.0952954 0.983511
v 0.00167687 -0.000936573 0.0214266
vn 0.0797099 -0.0407273 0.995986
v 0.00334116 -0.00189042 0.0211668
vn 0.155475 -0.0827418 0.984368
v 0.00322213 0.00199139 0.0211654
vn 0.153702 0.0952954 0.983511
v 0.00159259 0.000983169 0.0214266
vn 0.0760656 0.0479659 0.995948
v 0.00167687 -0.000936573 0.0214266
vn 0.0797099 -0.0407273 0.995986
v 0.00159259 0.000983169 0.0214266
vn 0.0760656 0.0479659 0.995948
v 0.00322213 0.00199139 0.0211654
vn 0.153702 0.0952954 0.983511
v 0.00312025 0.00397866 0.0208972
vn 0.14863 0.185012 0.971432
v 0.00312025 0.00397866 0.0208972
vn 0.14863 0.185012 0.971432
v 0.00137662 0.00488543 0.0208983
vn 0.0682157 0.227267 0.97144
v 0.00159259 0.000983169 0.0214266
vn 0.0760656 0.0479659 0.995948
v 0.00137662 0.00488543 0.0208983
vn 0.0682157 0.227267 0.97144
v -8.86542e-05 0.00191814 0.0214266
vn -0.000386275 0.0898197 0.995958
v 0.00159259 0.000983169 0.0214266
vn 0.0760656 0.0479659 0.995948
v 0.00137662 0.00488543 0.0208983
vn 0.0682157 0.227267 0.97144
v -0.000195536 0.00383234 0.0211671
vn -0.00374452 0.177074 0.98419
v -8.86542e-05 0.00191814 0.0214266
vn -0.000386275 0.0898197 0.995958
v -0.000195536 0.00383234 0.0211671
vn -0.00374452 0.177074 0.98419
v 0.00137662 0.00488543 0.0208983
vn 0.0682157 0.227267 0.97144
v 0.00125224 0.00677468 0.0203753
vn 0.0644543 0.311764 0.947971
v 0.00125224 0.00677468 0.0203753
vn 0.0644543 0.311764 0.947971
v -0.000414964 0.0075275 0.0201529
vn -0.0158178 0.348037 0.937347
v -0.000195536 0.00383234 0.0211671
vn -0.00374452 0.177074 0.98419
v -0.000414964 0.0075275 0.0201529
vn -0.0158178 0.348037 0.937347
v -0.00181002 0.00466293 0.0209299
vn -0.0795103 0.215336 0.973298
v -0.000195536 0.00383234 0.0211671
vn -0.00374452 0.177074 0.98419
v -0.000414964 0.0075275 0.0201529
vn -0.0158178 0.348037 0.937347
v -0.00189882 0.00646486 0.0204404
vn -0.0793765 0.296939 0.951592
v -0.00181002 0.00466293 0.0209299
vn -0.0795103 0.215336 0.973298
v -0.00903316 0.00713325 0.0181958
vn -0.424006 0.328704 0.843903
v -0.00861728 0.00875123 0.0176901
vn -0.412117 0.401885 0.817709
v -0.00954071 0.00979011 0.0166343
vn -0.447869 0.453613 0.770486
v -0.00954071 0.00979011 0.0166343
vn -0.447869 0.453613 0.770486
v -0.0104783 0.00646487 0.0176527
vn -0.495152 0.29693 0.816491
v -0.00903316 0.00713325 0.0181958
vn -0.424006 0.328704 0.843903
v -0.00954071 0.00979011 0.0166343
vn -0.447869 0.453613 0.770486
v -0.011006 0.00922761 0.016029
vn -0.519579 0.424848 0.741311
v -0.0104783 0.00646487 0.0176527
vn -0.495152 0.29693 0.816491
v -0.011006 0.00922761 0.016029
vn -0.519579 0.424848 0.741311
v -0.0115098 0.0075275 0.016548
vn -0.538156 0.348031 0.767634
v -0.0104783 0.00646487 0.0176527
vn -0.495152 0.29693 0.816491
v 0.00593667 0.00967126 0.0182709
vn 0.276013 0.447203 0.85078
v 0.00737945 0.0104698 0.0172834
vn 0.342183 0.484323 0.805197
v 0.00707692 0.0120584 0.0163493
vn 0.327224 0.563062 0.758871
v 0.00707692 0.0120584 0.0163493
vn 0.327224 0.563062 0.758871
v 0.00532922 0.0128569 0.0163983
vn 0.247635 0.59996 0.76074
v 0.00593667 0.00967126 0.0182709
vn 0.276013 0.447203 0.85078
v 0.00532922 0.0128569 0.0163983
vn 0.247635 0.59996 0.76074
v 0.00418717 0.0104697 0.0183205
vn 0.196384 0.484111 0.852684
v 0.00593667 0.00967126 0.0182709
vn 0.276013 0.447203 0.85078
v 0.00532922 0.0128569 0.0163983
vn 0.247635 0.59996 0.76074
v 0.00388471 0.0120584 0.0173865
vn 0.181437 0.562869 0.806386
v 0.00418717 0.0104697 0.0183205
vn 0.196384 0.484111 0.852684
v 0.0078374 -0.00621975 0.0190646
vn 0.36823 -0.283277 0.885529
v 0.00802267 -0.00459014 0.0194365
vn 0.374805 -0.205643 0.904009
v 0.00654706 -0.00373764 0.020153
vn 0.304088 -0.167008 0.937891
v 0.00654706 -0.00373764 0.020153
vn 0.304088 -0.167008 0.937891
v 0.00629481 -0.0069784 0.0193768
vn 0.294678 -0.315672 0.901951
v 0.0078374 -0.00621975 0.0190646
vn 0.36823 -0.283277 0.885529
v 0.00654706 -0.00373764 0.020153
vn 0.304088 -0.167008 0.937891
v 0.00493485 -0.00458964 0.0204399
vn 0.2289 -0.204609 0.951704
v 0.00629481 -0.0069784 0.0193768
vn 0.294678 -0.315672 0.901951
v 0.00493485 -0.00458964 0.0204399
vn 0.2289 -0.204609 0.951704
v 0.00486703 -0.0062197 0.0200299
vn 0.223425 -0.283278 0.932649
v 0.00629481 -0.0069784 0.0193768
vn 0.294678 -0.315672 0.901951
v -0.0115098 0.0075275 0.016548
vn -0.538156 0.348031 0.767634
v -0.011006 0.00922761 0.016029
vn -0.519579 0.424848 0.741311
v -0.0118993 0.0102279 0.0147267
vn -0.556667 0.473279 0.682736
v -0.0118993 0.0102279 0.0147267
vn -0.556667 0.473279 0.682736
v -0.0129894 0.00677468 0.015748
vn -0.609342 0.311761 0.729045
v -0.0115098 0.0075275 0.016548
vn -0.538156 0.348031 0.767634
v -0.0118993 0.0102279 0.0147267
vn -0.556667 0.473279 0.682736
v -0.0133761 0.00955545 0.013876
vn -0.625823 0.441212 0.643178
v -0.0129894 0.00677468 0.015748
vn -0.609342 0.311761 0.729045
v -0.0133761 0.00955545 0.013876
vn -0.625823 0.441212 0.643178
v -0.013955 0.00780453 0.0143823
vn -0.651396 0.359467 0.668182
v -0.0129894 0.00677468 0.015748
vn -0.609342 0.311761 0.729045
v 0.00266553 0.00955448 0.0190886
vn 0.128384 0.441176 0.88819
v 0.00418717 0.0104697 0.0183205
vn 0.196384 0.484111 0.852684
v 0.00388471 0.0120584 0.0173865
vn 0.181437 0.562869 0.806386
v 0.00388471 0.0120584 0.0173865
vn 0.181437 0.562869 0.806386
v 0.00206571 0.0127007 0.0172394
vn 0.100189 0.592714 0.799157
v 0.00266553 0.00955448 0.0190886
vn 0.128384 0.441176 0.88819
v 0.00206571 0.0127007 0.0172394
vn 0.100189 0.592714 0.799157
v 0.000970723 0.0102279 0.0189084
vn 0.0492263 0.473353 0.879496
v 0.00266553 0.00955448 0.0190886
vn 0.128384 0.441176 0.88819
v 0.00206571 0.0127007 0.0172394
vn 0.100189 0.592714 0.799157
v 0.000675758 0.0117777 0.0179975
vn 0.034791 0.549475 0.834786
v 0.000970723 0.0102279 0.0189084
vn 0.0492263 0.473353 0.879496
v -0.00613151 0.00839075 0.0188711
vn -0.287567 0.382433 0.878094
v -0.00476256 0.00923681 0.0188711
vn -0.213161 0.4278 0.878379
v -0.00502448 0.0106041 0.0180673
vn -0.226511 0.496381 0.838033
v -0.00502448 0.0106041 0.0180673
vn -0.226511 0.496381 0.838033
v -0.00655304 0.0106051 0.0175701
vn -0.309279 0.496419 0.811119
v -0.00613151 0.00839075 0.0188711
vn -0.287567 0.382433 0.878094
v -0.00655304 0.0106051 0.0175701
vn -0.309279 0.496419 0.811119
v -0.00723734 0.00923651 0.0180673
vn -0.342529 0.426576 0.837082
v -0.00613151 0.00839075 0.0188711
vn -0.287567 0.382433 0.878094
v -0.0161768 0.00790377 0.0117543
vn -0.753788 0.363085 0.547698
v -0.0153745 0.00694774 0.0133271
vn -0.717108 0.320617 0.618839
v -0.013955 0.00780453 0.0143823
vn -0.651396 0.359467 0.668182
v -0.013955 0.00780453 0.0143823
vn -0.651396 0.359467 0.668182
v -0.0133761 0.00955545 0.013876
vn -0.625823 0.441212 0.643178
v -0.0161768 0.00790377 0.0117543
vn -0.753788 0.363085 0.547698
v -0.0133761 0.00955545 0.013876
vn -0.625823 0.441212 0.643178
v -0.0155422 0.00967122 0.011292
vn -0.723708 0.44698 0.52579
v -0.0161768 0.00790377 0.0117543
vn -0.753788 0.363085 0.547698
v -0.0133761 0.00955545 0.013876
vn -0.625823 0.441212 0.643178
v -0.014156 0.0104697 0.0123605
vn -0.660389 0.483552 0.574511
v -0.0155422 0.00967122 0.011292
vn -0.723708 0.44698 0.52579
v -0.0133974 0.00488543 0.016098
vn -0.626165 0.227273 0.745831
v -0.0129894 0.00677468 0.015748
vn -0.609342 0.311761 0.729045
v -0.013955 0.00780453 0.0143823
vn -0.651396 0.359467 0.668182
v -0.013955 0.00780453 0.0143823
vn -0.651396 0.359467 0.668182
v -0.0148065 0.00398021 0.0150726
vn -0.691251 0.185025 0.698525
v -0.0133974 0.00488543 0.016098
vn -0.626165 0.227273 0.745831
v -0.013955 0.00780453 0.0143823
vn -0.651396 0.359467 0.668182
v -0.0153745 0.00694774 0.0133271
vn -0.717108 0.320617 0.618839
v -0.0148065 0.00398021 0.0150726
vn -0.691251 0.185025 0.698525
v -0.0153745 0.00694774 0.0133271
vn -0.717108 0.320617 0.618839
v -0.0158169 0.00501235 0.0136685
vn -0.736917 0.23241 0.634774
v -0.0148065 0.00398021 0.0150726
vn -0.691251 0.185025 0.698525
v -0.0173154 0.00201767 0.0125791
vn -0.805321 0.0956096 0.585079
v -0.0162916 0.00100988 0.0139936
vn -0.758941 0.0505525 0.649195
v -0.0150475 0.00199138 0.0152292
vn -0.702455 0.0953232 0.705316
v -0.0150475 0.00199138 0.0152292
vn -0.702455 0.0953232 0.705316
v -0.0148065 0.00398021 0.0150726
vn -0.691251 0.185025 0.698525
v -0.0173154 0.00201767 0.0125791
vn -0.805321 0.0956096 0.585079
v -0.0148065 0.00398021 0.0150726
vn -0.691251 0.185025 0.698525
v -0.0170809 0.00403296 0.0124111
vn -0.794596 0.187722 0.577388
v -0.0173154 0.00201767 0.0125791
vn -0.805321 0.0956096 0.585079
v -0.0148065 0.00398021 0.0150726
vn -0.691251 0.185025 0.698525
v -0.0158169 0.00501235 0.0136685
vn -0.736917 0.23241 0.634774
v -0.0170809 0.00403296 0.0124111
vn -0.794596 0.187722 0.577388
v -0.018334 -0.000953609 0.0112007
vn -0.851405 -0.0409504 0.522908
v -0.0173316 -0.00190977 0.0125932
vn -0.806303 -0.0815399 0.585855
v -0.0163169 -0.000953602 0.0139768
vn -0.760743 -0.0412086 0.647744
v -0.0163169 -0.000953602 0.0139768
vn -0.760743 -0.0412086 0.647744
v -0.0183432 0.00100987 0.0111699
vn -0.851992 0.0503903 0.521124
v -0.018334 -0.000953609 0.0112007
vn -0.851405 -0.0409504 0.522908
v -0.0163169 -0.000953602 0.0139768
vn -0.760743 -0.0412086 0.647744
v -0.0162916 0.00100988 0.0139936
vn -0.758941 0.0505525 0.649195
v -0.0183432 0.00100987 0.0111699
vn -0.851992 0.0503903 0.521124
v -0.0162916 0.00100988 0.0139936
vn -0.758941 0.0505525 0.649195
v -0.0173154 0.00201767 0.0125791
vn -0.805321 0.0956096 0.585079
v -0.0183432 0.00100987 0.0111699
vn -0.851992 0.0503903 0.521124
v -0.0188671 -0.00370594 0.00966327
vn -0.877226 -0.167782 0.449804
v -0.0179146 -0.00458964 0.0110096
vn -0.833894 -0.203718 0.512951
v -0.0171424 -0.00373765 0.0124557
vn -0.79722 -0.170042 0.579246
v -0.0171424 -0.00373765 0.0124557
vn -0.79722 -0.170042 0.579246
v -0.0173316 -0.00190977 0.0125932
vn -0.806303 -0.0815399 0.585855
v -0.0188671 -0.00370594 0.00966327
vn -0.877226 -0.167782 0.449804
v -0.0173316 -0.00190977 0.0125932
vn -0.806303 -0.0815399 0.585855
v -0.0190981 -0.00188883 0.00971933
vn -0.88769 -0.0823181 0.453024
v -0.0188671 -0.00370594 0.00966327
vn -0.877226 -0.167782 0.449804
v -0.0173316 -0.00190977 0.0125932
vn -0.806303 -0.0815399 0.585855
v -0.018334 -0.000953609 0.0112007
vn -0.851405 -0.0409504 0.522908
v -0.0190981 -0.00188883 0.00971933
vn -0.88769 -0.0823181 0.453024
v -0.000517454 0.00922761 0.0194369
vn -0.0155873 0.425407 0.904868
v 0.000970723 0.0102279 0.0189084
vn 0.0492263 0.473353 0.879496
v 0.000675758 0.0117777 0.0179975
vn 0.034791 0.549475 0.834786
v 0.000675758 0.0117777 0.0179975
vn 0.034791 0.549475 0.834786
v -0.00109795 0.012263 0.0176528
vn -0.0434285 0.573231 0.818242
v -0.000517454 0.00922761 0.0194369
vn -0.0155873 0.425407 0.904868
v -0.00109795 0.012263 0.0176528
vn -0.0434285 0.573231 0.818242
v -0.00205864 0.00979011 0.0190653
vn -0.0899109 0.453969 0.886469
v -0.000517454 0.00922761 0.0194369
vn -0.0155873 0.425407 0.904868
v -0.00109795 0.012263 0.0176528
vn -0.0434285 0.573231 0.818242
v -0.00233962 0.0112713 0.0181949
vn -0.10336 0.525408 0.844549
v -0.00205864 0.00979011 0.0190653
vn -0.0899109 0.453969 0.886469
v -0.0179898 0.00780459 0.00882921
vn -0.836132 0.359053 0.414685
v -0.0174258 0.00694772 0.0105037
vn -0.809876 0.320888 0.491051
v -0.0161768 0.00790377 0.0117543
vn -0.753788 0.363085 0.547698
v -0.0161768 0.00790377 0.0117543
vn -0.753788 0.363085 0.547698
v -0.0173297 0.00955592 0.00843413
vn -0.804615 0.441586 0.396984
v -0.0179898 0.00780459 0.00882921
vn -0.836132 0.359053 0.414685
v -0.0161768 0.00790377 0.0117543
vn -0.753788 0.363085 0.547698
v -0.0155422 0.00967122 0.011292
vn -0.723708 0.44698 0.52579
v -0.0173297 0.00955592 0.00843413
vn -0.804615 0.441586 0.396984
v -0.0155422 0.00967122 0.011292
vn -0.723708 0.44698 0.52579
v -0.01613 0.0104697 0.00964347
vn -0.750371 0.48348 0.450767
v -0.0173297 0.00955592 0.00843413
vn -0.804615 0.441586 0.396984
v -0.0108363 0.00466282 0.0179976
vn -0.507701 0.215327 0.834191
v -0.0104783 0.00646487 0.0176527
vn -0.495152 0.29693 0.816491
v -0.0115098 0.0075275 0.016548
vn -0.538156 0.348031 0.767634
v -0.0115098 0.0075275 0.016548
vn -0.538156 0.348031 0.767634
v -0.0122835 0.00383234 0.0172395
vn -0.575453 0.177084 0.798433
v -0.0108363 0.00466282 0.0179976
vn -0.507701 0.215327 0.834191
v -0.0115098 0.0075275 0.016548
vn -0.538156 0.348031 0.767634
v -0.0129894 0.00677468 0.015748
vn -0.609342 0.311761 0.729045
v -0.0122835 0.00383234 0.0172395
vn -0.575453 0.177084 0.798433
v -0.0129894 0.00677468 0.015748
vn -0.609342 0.311761 0.729045
v -0.0133974 0.00488543 0.016098
vn -0.626165 0.227273 0.745831
v -0.0122835 0.00383234 0.0172395
vn -0.575453 0.177084 0.798433
v -0.00342632 0.00875123 0.0193767
vn -0.14759 0.402909 0.903262
v -0.00205864 0.00979011 0.0190653
vn -0.0899109 0.453969 0.886469
v -0.00233962 0.0112713 0.0181949
vn -0.10336 0.525408 0.844549
v -0.00233962 0.0112713 0.0181949
vn -0.10336 0.525408 0.844549
v -0.00397332 0.0116214 0.0176901
vn -0.175299 0.544688 0.820113
v -0.00342632 0.00875123 0.0193767
vn -0.14759 0.402909 0.903262
v -0.00397332 0.0116214 0.0176901
vn -0.175299 0.544688 0.820113
v -0.00476256 0.00923681 0.0188711
vn -0.213161 0.4278 0.878379
v -0.00342632 0.00875123 0.0193767
vn -0.14759 0.402909 0.903262
v -0.00397332 0.0116214 0.0176901
vn -0.175299 0.544688 0.820113
v -0.00502448 0.0106041 0.0180673
vn -0.226511 0.496381 0.838033
v -0.00476256 0.00923681 0.0188711
vn -0.213161 0.4278 0.878379
v -0.0178863 0.00501236 0.0108205
vn -0.831116 0.232056 0.505367
v -0.0170809 0.00403296 0.0124111
vn -0.794596 0.187722 0.577388
v -0.0158169 0.00501235 0.0136685
vn -0.736917 0.23241 0.634774
v -0.0158169 0.00501235 0.0136685
vn -0.736917 0.23241 0.634774
v -0.0153745 0.00694774 0.0133271
vn -0.717108 0.320617 0.618839
v -0.0178863 0.00501236 0.0108205
vn -0.831116 0.232056 0.505367
v -0.0153745 0.00694774 0.0133271
vn -0.717108 0.320617 0.618839
v -0.0174258 0.00694772 0.0105037
vn -0.809876 0.320888 0.491051
v -0.0178863 0.00501236 0.0108205
vn -0.831116 0.232056 0.505367
v -0.0153745 0.00694774 0.0133271
vn -0.717108 0.320617 0.618839
v -0.0161768 0.00790377 0.0117543
vn -0.753788 0.363085 0.547698
v -0.0174258 0.00694772 0.0105037
vn -0.809876 0.320888 0.491051
v -0.0192943 0.00752761 0.00583458
vn -0.895599 0.347679 0.277528
v -0.0189912 0.00677463 0.00748718
vn -0.881276 0.312467 0.354566
v -0.0179898 0.00780459 0.00882921
vn -0.836132 0.359053 0.414685
v -0.0179898 0.00780459 0.00882921
vn -0.836132 0.359053 0.414685
v -0.0186446 0.00922911 0.00551462
vn -0.865028 0.426263 0.264624
v -0.0192943 0.00752761 0.00583458
vn -0.895599 0.347679 0.277528
v -0.0179898 0.00780459 0.00882921
vn -0.836132 0.359053 0.414685
v -0.0173297 0.00955592 0.00843413
vn -0.804615 0.441586 0.396984
v -0.0186446 0.00922911 0.00551462
vn -0.865028 0.426263 0.264624
v -0.0173297 0.00955592 0.00843413
vn -0.804615 0.441586 0.396984
v -0.0176823 0.0102281 0.00676781
vn -0.820799 0.473591 0.319376
v -0.0186446 0.00922911 0.00551462
vn -0.865028 0.426263 0.264624
v -0.0125225 0.00191814 0.0173866
vn -0.585076 0.0898108 0.80599
v -0.0122835 0.00383234 0.0172395
vn -0.575453 0.177084 0.798433
v -0.0133974 0.00488543 0.016098
vn -0.626165 0.227273 0.745831
v -0.0133974 0.00488543 0.016098
vn -0.626165 0.227273 0.745831
v -0.0138819 0.000984771 0.016399
vn -0.646912 0.0480077 0.761052
v -0.0125225 0.00191814 0.0173866
vn -0.585076 0.0898108 0.80599
v -0.0133974 0.00488543 0.016098
vn -0.626165 0.227273 0.745831
v -0.0148065 0.00398021 0.0150726
vn -0.691251 0.185025 0.698525
v -0.0138819 0.000984771 0.016399
vn -0.646912 0.0480077 0.761052
v -0.0148065 0.00398021 0.0150726
vn -0.691251 0.185025 0.698525
v -0.0150475 0.00199138 0.0152292
vn -0.702455 0.0953232 0.705316
v -0.0138819 0.000984771 0.016399
vn -0.646912 0.0480077 0.761052
v -0.00954071 0.00979011 0.0166343
vn -0.447869 0.453613 0.770486
v -0.00880132 0.0112706 0.016096
vn -0.414352 0.524829 0.74355
v -0.00948769 0.012263 0.0149269
vn -0.44506 0.573415 0.687835
v -0.00948769 0.012263 0.0149269
vn -0.44506 0.573415 0.687835
v -0.0111253 0.0117777 0.0141631
vn -0.519498 0.549224 0.65458
v -0.00954071 0.00979011 0.0166343
vn -0.447869 0.453613 0.770486
v -0.0111253 0.0117777 0.0141631
vn -0.519498 0.549224 0.65458
v -0.011006 0.00922761 0.016029
vn -0.519579 0.424848 0.741311
v -0.00954071 0.00979011 0.0166343
vn -0.447869 0.453613 0.770486
v -0.0111253 0.0117777 0.0141631
vn -0.519498 0.549224 0.65458
v -0.0118993 0.0102279 0.0147267
vn -0.556667 0.473279 0.682736
v -0.011006 0.00922761 0.016029
vn -0.519579 0.424848 0.741311
v -0.019133 0.00199139 0.00960649
vn -0.887769 0.0948711 0.450407
v -0.0183432 0.00100987 0.0111699
vn -0.851992 0.0503903 0.521124
v -0.0173154 0.00201767 0.0125791
vn -0.805321 0.0956096 0.585079
v -0.0173154 0.00201767 0.0125791
vn -0.805321 0.0956096 0.585079
v -0.0189102 0.00397861 0.00942503
vn -0.877757 0.184682 0.442081
v -0.019133 0.00199139 0.00960649
vn -0.887769 0.0948711 0.450407
v -0.0173154 0.00201767 0.0125791
vn -0.805321 0.0956096 0.585079
v -0.0170809 0.00403296 0.0124111
vn -0.794596 0.187722 0.577388
v -0.0189102 0.00397861 0.00942503
vn -0.877757 0.184682 0.442081
v -0.0170809 0.00403296 0.0124111
vn -0.794596 0.187722 0.577388
v -0.0178863 0.00501236 0.0108205
vn -0.831116 0.232056 0.505367
v -0.0189102 0.00397861 0.00942503
vn -0.877757 0.184682 0.442081
v -0.0194494 0.00488548 0.0077688
vn -0.902245 0.22717 0.366535
v -0.0189102 0.00397861 0.00942503
vn -0.877757 0.184682 0.442081
v -0.0178863 0.00501236 0.0108205
vn -0.831116 0.232056 0.505367
v -0.0178863 0.00501236 0.0108205
vn -0.831116 0.232056 0.505367
v -0.0189912 0.00677463 0.00748718
vn -0.881276 0.312467 0.354566
v -0.0194494 0.00488548 0.0077688
vn -0.902245 0.22717 0.366535
v -0.0178863 0.00501236 0.0108205
vn -0.831116 0.232056 0.505367
v -0.0174258 0.00694772 0.0105037
vn -0.809876 0.320888 0.491051
v -0.0189912 0.00677463 0.00748718
vn -0.881276 0.312467 0.354566
v -0.0174258 0.00694772 0.0105037
vn -0.809876 0.320888 0.491051
v -0.0179898 0.00780459 0.00882921
vn -0.836132 0.359053 0.414685
v -0.0189912 0.00677463 0.00748718
vn -0.881276 0.312467 0.354566
v -0.020096 0.0071348 0.00296894
vn -0.934687 0.325865 0.142031
v -0.0200261 0.00646646 0.00451106
vn -0.930378 0.296051 0.21622
v -0.0192943 0.00752761 0.00583458
vn -0.895599 0.347679 0.277528
v -0.0192943 0.00752761 0.00583458
vn -0.895599 0.347679 0.277528
v -0.0194868 0.0087525 0.00272783
vn -0.905645 0.402124 0.134549
v -0.020096 0.0071348 0.00296894
vn -0.934687 0.325865 0.142031
v -0.0192943 0.00752761 0.00583458
vn -0.895599 0.347679 0.277528
v -0.0186446 0.00922911 0.00551462
vn -0.865028 0.426263 0.264624
v -0.0194868 0.0087525 0.00272783
vn -0.905645 0.402124 0.134549
v -0.0186446 0.00922911 0.00551462
vn -0.865028 0.426263 0.264624
v -0.0187675 0.00979162 0.00393398
vn -0.869994 0.455357 0.189105
v -0.0194868 0.0087525 0.00272783
vn -0.905645 0.402124 0.134549
v -0.0139502 -0.00093714 0.0163494
vn -0.649866 -0.0406327 0.758962
v -0.0138819 0.000984771 0.016399
vn -0.646912 0.0480077 0.761052
v -0.0150475 0.00199138 0.0152292
vn -0.702455 0.0953232 0.705316
v -0.0150475 0.00199138 0.0152292
vn -0.702455 0.0953232 0.705316
v -0.015144 -0.00188883 0.0151611
vn -0.705181 -0.082784 0.704178
v -0.0139502 -0.00093714 0.0163494
vn -0.649866 -0.0406327 0.758962
v -0.0150475 0.00199138 0.0152292
vn -0.702455 0.0953232 0.705316
v -0.0162916 0.00100988 0.0139936
vn -0.758941 0.0505525 0.649195
v -0.015144 -0.00188883 0.0151611
vn -0.705181 -0.082784 0.704178
v -0.0162916 0.00100988 0.0139936
vn -0.758941 0.0505525 0.649195
v -0.0163169 -0.000953602 0.0139768
vn -0.760743 -0.0412086 0.647744
v -0.015144 -0.00188883 0.0151611
vn -0.705181 -0.082784 0.704178
v -0.0118993 0.0102279 0.0147267
vn -0.556667 0.473279 0.682736
v -0.0111253 0.0117777 0.0141631
vn -0.519498 0.549224 0.65458
v -0.0118029 0.0127004 0.0127342
vn -0.550773 0.593266 0.587099
v -0.0118029 0.0127004 0.0127342
vn -0.550773 0.593266 0.587099
v -0.0133623 0.0120584 0.0117827
vn -0.620688 0.563126 0.54556
v -0.0118993 0.0102279 0.0147267
vn -0.556667 0.473279 0.682736
v -0.0133623 0.0120584 0.0117827
vn -0.620688 0.563126 0.54556
v -0.0133761 0.00955545 0.013876
vn -0.625823 0.441212 0.643178
v -0.0118993 0.0102279 0.0147267
vn -0.556667 0.473279 0.682736
v -0.0133623 0.0120584 0.0117827
vn -0.620688 0.563126 0.54556
v -0.014156 0.0104697 0.0123605
vn -0.660389 0.483552 0.574511
v -0.0133761 0.00955545 0.013876
vn -0.625823 0.441212 0.643178
v -0.0198594 -0.000937114 0.00821676
vn -0.922552 -0.0408734 0.383703
v -0.0190981 -0.00188883 0.00971933
vn -0.88769 -0.0823181 0.453024
v -0.018334 -0.000953609 0.0112007
vn -0.851405 -0.0409504 0.522908
v -0.018334 -0.000953609 0.0112007
vn -0.851405 -0.0409504 0.522908
v -0.0183432 0.00100987 0.0111699
vn -0.851992 0.0503903 0.521124
v -0.0198594 -0.000937114 0.00821676
vn -0.922552 -0.0408734 0.383703
v -0.0183432 0.00100987 0.0111699
vn -0.851992 0.0503903 0.521124
v -0.0198858 0.000983138 0.00813576
vn -0.923555 0.0468217 0.380596
v -0.0198594 -0.000937114 0.00821676
vn -0.922552 -0.0408734 0.383703
v -0.0183432 0.00100987 0.0111699
vn -0.851992 0.0503903 0.521124
v -0.019133 0.00199139 0.00960649
vn -0.887769 0.0948711 0.450407
v -0.0198858 0.000983138 0.00813576
vn -0.923555 0.0468217 0.380596
v -0.0204048 0.00191817 0.00653856
vn -0.947472 0.0894764 0.307068
v -0.0198858 0.000983138 0.00813576
vn -0.923555 0.0468217 0.380596
v -0.019133 0.00199139 0.00960649
vn -0.887769 0.0948711 0.450407
v -0.019133 0.00199139 0.00960649
vn -0.887769 0.0948711 0.450407
v -0.0201915 0.0038323 0.00635492
vn -0.937634 0.175498 0.300073
v -0.0204048 0.00191817 0.00653856
vn -0.947472 0.0894764 0.307068
v -0.019133 0.00199139 0.00960649
vn -0.887769 0.0948711 0.450407
v -0.0189102 0.00397861 0.00942503
vn -0.877757 0.184682 0.442081
v -0.0201915 0.0038323 0.00635492
vn -0.937634 0.175498 0.300073
v -0.0189102 0.00397861 0.00942503
vn -0.877757 0.184682 0.442081
v -0.0194494 0.00488548 0.0077688
vn -0.902245 0.22717 0.366535
v -0.0201915 0.0038323 0.00635492
vn -0.937634 0.175498 0.300073
v -0.0204648 0.00466441 0.00474507
vn -0.950731 0.213967 0.224339
v -0.0201915 0.0038323 0.00635492
vn -0.937634 0.175498 0.300073
v -0.0194494 0.00488548 0.0077688
vn -0.902245 0.22717 0.366535
v -0.0194494 0.00488548 0.0077688
vn -0.902245 0.22717 0.366535
v -0.0200261 0.00646646 0.00451106
vn -0.930378 0.296051 0.21622
v -0.0204648 0.00466441 0.00474507
vn -0.950731 0.213967 0.224339
v -0.0194494 0.00488548 0.0077688
vn -0.902245 0.22717 0.366535
v -0.0189912 0.00677463 0.00748718
vn -0.881276 0.312467 0.354566
v -0.0200261 0.00646646 0.00451106
vn -0.930378 0.296051 0.21622
v -0.0189912 0.00677463 0.00748718
vn -0.881276 0.312467 0.354566
v -0.0192943 0.00752761 0.00583458
vn -0.895599 0.347679 0.277528
v -0.0200261 0.00646646 0.00451106
vn -0.930378 0.296051 0.21622
v -0.00629557 0.00697989 -0.019376
vn -0.29471 0.31571 -0.901927
v -0.00486614 0.00621923 -0.0200303
vn -0.222288 0.283 -0.933005
v -0.00493387 0.00459119 -0.0204398
vn -0.228094 0.205405 -0.951726
v -0.00493387 0.00459119 -0.0204398
vn -0.228094 0.205405 -0.951726
v -0.00654805 0.00373607 -0.0201529
vn -0.304136 0.16692 -0.937891
v -0.00629557 0.00697989 -0.019376
vn -0.29471 0.31571 -0.901927
v -0.00654805 0.00373607 -0.0201529
vn -0.304136 0.16692 -0.937891
v -0.00783674 0.00621819 -0.0190654
vn -0.368173 0.283216 -0.885572
v -0.00629557 0.00697989 -0.019376
vn -0.29471 0.31571 -0.901927
v -0.00654805 0.00373607 -0.0201529
vn -0.304136 0.16692 -0.937891
v -0.00802358 0.00458963 -0.0194362
vn -0.374865 0.205596 -0.903995
v -0.00783674 0.00621819 -0.0190654
vn -0.368173 0.283216 -0.885572
v -0.0171424 -0.00373765 0.0124557
vn -0.79722 -0.170042 0.579246
v -0.0160055 -0.00458964 0.013637
vn -0.745482 -0.203759 0.634617
v -0.0150207 -0.00370595 0.0149574
vn -0.698924 -0.167836 0.695224
v -0.0150207 -0.00370595 0.0149574
vn -0.698924 -0.167836 0.695224
v -0.0173316 -0.00190977 0.0125932
vn -0.806303 -0.0815399 0.585855
v -0.0171424 -0.00373765 0.0124557
vn -0.79722 -0.170042 0.579246
v -0.0150207 -0.00370595 0.0149574
vn -0.698924 -0.167836 0.695224
v -0.015144 -0.00188883 0.0151611
vn -0.705181 -0.082784 0.704178
v -0.0173316 -0.00190977 0.0125932
vn -0.806303 -0.0815399 0.585855
v -0.015144 -0.00188883 0.0151611
vn -0.705181 -0.082784 0.704178
v -0.0163169 -0.000953602 0.0139768
vn -0.760743 -0.0412086 0.647744
v -0.0173316 -0.00190977 0.0125932
vn -0.806303 -0.0815399 0.585855
v -0.01613 0.0104697 0.00964347
vn -0.750371 0.48348 0.450767
v -0.0155422 0.00967122 0.011292
vn -0.723708 0.44698 0.52579
v -0.014156 0.0104697 0.0123605
vn -0.660389 0.483552 0.574511
v -0.014156 0.0104697 0.0123605
vn -0.660389 0.483552 0.574511
v -0.015334 0.0120598 0.00906747
vn -0.710171 0.563808 0.421637
v -0.01613 0.0104697 0.00964347
vn -0.750371 0.48348 0.450767
v -0.014156 0.0104697 0.0123605
vn -0.660389 0.483552 0.574511
v -0.0133623 0.0120584 0.0117827
vn -0.620688 0.563126 0.54556
v -0.015334 0.0120598 0.00906747
vn -0.710171 0.563808 0.421637
v -0.0133623 0.0120584 0.0117827
vn -0.620688 0.563126 0.54556
v -0.013949 0.0128568 0.0101357
vn -0.647258 0.600379 0.469682
v -0.015334 0.0120598 0.00906747
vn -0.710171 0.563808 0.421637
v -0.0175456 -0.00621969 0.0108184
vn -0.816603 -0.283845 0.502584
v -0.0164821 -0.0069784 0.011976
vn -0.768774 -0.311405 0.558582
v -0.0157096 -0.00621975 0.0133451
vn -0.73029 -0.283818 0.621388
v -0.0157096 -0.00621975 0.0133451
vn -0.73029 -0.283818 0.621388
v -0.0160055 -0.00458964 0.013637
vn -0.745482 -0.203759 0.634617
v -0.0175456 -0.00621969 0.0108184
vn -0.816603 -0.283845 0.502584
v -0.0160055 -0.00458964 0.013637
vn -0.745482 -0.203759 0.634617
v -0.0179146 -0.00458964 0.0110096
vn -0.833894 -0.203718 0.512951
v -0.0175456 -0.00621969 0.0108184
vn -0.816603 -0.283845 0.502584
v -0.0160055 -0.00458964 0.013637
vn -0.745482 -0.203759 0.634617
v -0.0171424 -0.00373765 0.0124557
vn -0.79722 -0.170042 0.579246
v -0.0179146 -0.00458964 0.0110096
vn -0.833894 -0.203718 0.512951
v -0.00336106 0.00370433 -0.0209299
vn -0.15532 0.167545 -0.973552
v -0.00334022 0.00188881 -0.0211671
vn -0.155026 0.0823675 -0.984471
v -0.00498614 0.000951966 -0.0208982
vn -0.234458 0.0393083 -0.971331
v -0.00498614 0.000951966 -0.0208982
vn -0.234458 0.0393083 -0.971331
v -0.00493387 0.00459119 -0.0204398
vn -0.228094 0.205405 -0.951726
v -0.00336106 0.00370433 -0.0209299
vn -0.15532 0.167545 -0.973552
v -0.00498614 0.000951966 -0.0208982
vn -0.234458 0.0393083 -0.971331
v -0.00654805 0.00373607 -0.0201529
vn -0.304136 0.16692 -0.937891
v -0.00493387 0.00459119 -0.0204398
vn -0.228094 0.205405 -0.951726
v -0.00498614 0.000951966 -0.0208982
vn -0.234458 0.0393083 -0.971331
v -0.00661935 0.00190974 -0.0203754
vn -0.307379 0.0817244 -0.948071
v -0.00654805 0.00373607 -0.0201529
vn -0.304136 0.16692 -0.937891
v -0.0176823 0.0102281 0.00676781
vn -0.820799 0.473591 0.319376
v -0.0173297 0.00955592 0.00843413
vn -0.804615 0.441586 0.396984
v -0.01613 0.0104697 0.00964347
vn -0.750371 0.48348 0.450767
v -0.01613 0.0104697 0.00964347
vn -0.750371 0.48348 0.450767
v -0.0169067 0.0117791 0.00620437
vn -0.782585 0.550022 0.291611
v -0.0176823 0.0102281 0.00676781
vn -0.820799 0.473591 0.319376
v -0.01613 0.0104697 0.00964347
vn -0.750371 0.48348 0.450767
v -0.015334 0.0120598 0.00906747
vn -0.710171 0.563808 0.421637
v -0.0169067 0.0117791 0.00620437
vn -0.782585 0.550022 0.291611
v -0.015334 0.0120598 0.00906747
vn -0.710171 0.563808 0.421637
v -0.0157583 0.0127004 0.00729015
vn -0.728525 0.594053 0.341104
v -0.0169067 0.0117791 0.00620437
vn -0.782585 0.550022 0.291611
v -0.020096 0.0071348 -0.00296894
vn -0.934677 0.325907 -0.142001
v -0.0205534 0.00621969 -0.00156256
vn -0.956055 0.283844 -0.0734253
v -0.0203736 0.00697833 9.62211e-07
vn -0.950291 0.311362 2.05448e-05
v -0.0203736 0.00697833 9.62211e-07
vn -0.950291 0.311362 2.05448e-05
v -0.0198416 0.00839217 9.28249e-07
vn -0.923751 0.382994 2.98095e-05
v -0.020096 0.0071348 -0.00296894
vn -0.934677 0.325907 -0.142001
v -0.0198416 0.00839217 9.28249e-07
vn -0.923751 0.382994 2.98095e-05
v -0.0194868 0.0087525 -0.00272783
vn -0.905639 0.402148 -0.134518
v -0.020096 0.0071348 -0.00296894
vn -0.934677 0.325907 -0.142001
v -0.0198416 0.00839217 9.28249e-07
vn -0.923751 0.382994 2.98095e-05
v -0.0194195 0.00923643 -0.00130009
vn -0.902932 0.424541 -0.0669227
v -0.0194868 0.0087525 -0.00272783
vn -0.905639 0.402148 -0.134518
v -0.00167594 0.00093713 -0.0214266
vn -0.0796341 0.0407123 -0.995992
v -0.00159345 -0.00098482 -0.0214265
vn -0.0761443 -0.0479872 -0.995941
v -0.00322299 -0.00199304 -0.0211651
vn -0.153722 -0.0953473 -0.983503
v -0.00322299 -0.00199304 -0.0211651
vn -0.153722 -0.0953473 -0.983503
v -0.00334022 0.00188881 -0.0211671
vn -0.155026 0.0823675 -0.984471
v -0.00167594 0.00093713 -0.0214266
vn -0.0796341 0.0407123 -0.995992
v -0.00322299 -0.00199304 -0.0211651
vn -0.153722 -0.0953473 -0.983503
v -0.00495581 -0.00101154 -0.0208968
vn -0.232004 -0.0508431 -0.971385
v -0.00334022 0.00188881 -0.0211671
vn -0.155026 0.0823675 -0.984471
v -0.00495581 -0.00101154 -0.0208968
vn -0.232004 -0.0508431 -0.971385
v -0.00498614 0.000951966 -0.0208982
vn -0.234458 0.0393083 -0.971331
v -0.00334022 0.00188881 -0.0211671
vn -0.155026 0.0823675 -0.984471
v -0.00498614 0.000951966 -0.0208982
vn -0.234458 0.0393083 -0.971331
v -0.00495581 -0.00101154 -0.0208968
vn -0.232004 -0.0508431 -0.971385
v -0.00661363 -0.00201932 -0.0203546
vn -0.307658 -0.0964089 -0.9466
v -0.00661363 -0.00201932 -0.0203546
vn -0.307658 -0.0964089 -0.9466
v -0.00661935 0.00190974 -0.0203754
vn -0.307379 0.0817244 -0.948071
v -0.00498614 0.000951966 -0.0208982
vn -0.234458 0.0393083 -0.971331
v -0.00661363 -0.00201932 -0.0203546
vn -0.307658 -0.0964089 -0.9466
v -0.0082735 -0.00101154 -0.0198188
vn -0.383275 -0.0509179 -0.92223
v -0.00661935 0.00190974 -0.0203754
vn -0.307379 0.0817244 -0.948071
v -0.0082735 -0.00101154 -0.0198188
vn -0.383275 -0.0509179 -0.92223
v -0.00824976 0.000951968 -0.0198378
vn -0.381342 0.0391762 -0.923604
v -0.00661935 0.00190974 -0.0203754
vn -0.307379 0.0817244 -0.948071
v -0.00811092 -0.00501398 -0.0192666
vn -0.37571 -0.232081 -0.897207
v -0.00792461 -0.00694929 -0.0187394
vn -0.366743 -0.320035 -0.873543
v -0.00936505 -0.00780612 -0.0177161
vn -0.433886 -0.358523 -0.826561
v -0.00936505 -0.00780612 -0.0177161
vn -0.433886 -0.358523 -0.826561
v -0.00975954 -0.00398025 -0.0187395
vn -0.450965 -0.184631 -0.873236
v -0.00811092 -0.00501398 -0.0192666
vn -0.37571 -0.232081 -0.897207
v -0.00936505 -0.00780612 -0.0177161
vn -0.433886 -0.358523 -0.826561
v -0.010964 -0.00677618 -0.017219
vn -0.504813 -0.312008 -0.80487
v -0.00975954 -0.00398025 -0.0187395
vn -0.450965 -0.184631 -0.873236
v -0.010964 -0.00677618 -0.017219
vn -0.504813 -0.312008 -0.80487
v -0.0111692 -0.00488709 -0.0177163
vn -0.515526 -0.226487 -0.826399
v -0.00975954 -0.00398025 -0.0187395
vn -0.450965 -0.184631 -0.873236
v -0.00936505 -0.00780612 -0.0177161
vn -0.433886 -0.358523 -0.826561
v -0.0090626 -0.00955599 -0.0170095
vn -0.417384 -0.442431 -0.793754
v -0.0103278 -0.0102294 -0.0158674
vn -0.476969 -0.473994 -0.740155
v -0.0103278 -0.0102294 -0.0158674
vn -0.476969 -0.473994 -0.740155
v -0.010964 -0.00677618 -0.017219
vn -0.504813 -0.312008 -0.80487
v -0.00936505 -0.00780612 -0.0177161
vn -0.433886 -0.358523 -0.826561
v -0.0103278 -0.0102294 -0.0158674
vn -0.476969 -0.473994 -0.740155
v -0.0118424 -0.00922919 -0.0154204
vn -0.543839 -0.427698 -0.722021
v -0.010964 -0.00677618 -0.017219
vn -0.504813 -0.312008 -0.80487
v -0.0118424 -0.00922919 -0.0154204
vn -0.543839 -0.427698 -0.722021
v -0.0121804 -0.00752913 -0.0160601
vn -0.563508 -0.346217 -0.750061
v -0.010964 -0.00677618 -0.017219
vn -0.504813 -0.312008 -0.80487
v -0.0108368 0.00466447 -0.0179968
vn -0.507694 0.21541 -0.834173
v -0.00958306 0.00370434 -0.0189082
vn -0.446601 0.167546 -0.878906
v -0.00973937 0.00188881 -0.0190879
vn -0.453228 0.0823873 -0.887579
v -0.00973937 0.00188881 -0.0190879
vn -0.453228 0.0823873 -0.887579
v -0.0112368 0.000937104 -0.0183206
vn -0.520955 0.0407299 -0.852612
v -0.0108368 0.00466447 -0.0179968
vn -0.507694 0.21541 -0.834173
v -0.0112368 0.000937104 -0.0183206
vn -0.520955 0.0407299 -0.852612
v -0.0122835 0.00383236 -0.0172395
vn -0.575426 0.177113 -0.798446
v -0.0108368 0.00466447 -0.0179968
vn -0.507694 0.21541 -0.834173
v -0.0112368 0.000937104 -0.0183206
vn -0.520955 0.0407299 -0.852612
v -0.0125231 0.00191979 -0.017386
vn -0.585146 0.0898404 -0.805936
v -0.0122835 0.00383236 -0.0172395
vn -0.575426 0.177113 -0.798446
v -0.0187675 0.00979162 0.00393398
vn -0.869994 0.455357 0.189105
v -0.0186446 0.00922911 0.00551462
vn -0.865028 0.426263 0.264624
v -0.0176823 0.0102281 0.00676781
vn -0.820799 0.473591 0.319376
v -0.0176823 0.0102281 0.00676781
vn -0.820799 0.473591 0.319376
v -0.0180284 0.0112697 0.00339706
vn -0.835026 0.52529 0.163712
v -0.0187675 0.00979162 0.00393398
vn -0.869994 0.455357 0.189105
v -0.0176823 0.0102281 0.00676781
vn -0.820799 0.473591 0.319376
v -0.0169067 0.0117791 0.00620437
vn -0.782585 0.550022 0.291611
v -0.0180284 0.0112697 0.00339706
vn -0.835026 0.52529 0.163712
v -0.0169067 0.0117791 0.00620437
vn -0.782585 0.550022 0.291611
v -0.0171275 0.0122633 0.00441241
vn -0.790258 0.575675 0.209977
v -0.0180284 0.0112697 0.00339706
vn -0.835026 0.52529 0.163712
v -0.0125231 0.00191979 -0.017386
vn -0.585146 0.0898404 -0.805936
v -0.0112368 0.000937104 -0.0183206
vn -0.520955 0.0407299 -0.852612
v -0.0113051 -0.00098482 -0.018271
vn -0.523842 -0.0480882 -0.850457
v -0.0113051 -0.00098482 -0.018271
vn -0.523842 -0.0480882 -0.850457
v -0.0126652 -0.00191979 -0.0172828
vn -0.585433 -0.089777 -0.805735
v -0.0125231 0.00191979 -0.017386
vn -0.585146 0.0898404 -0.805936
v -0.0126652 -0.00191979 -0.0172828
vn -0.585433 -0.089777 -0.805735
v -0.0138827 0.000983177 -0.0163984
vn -0.646925 0.0479445 -0.761045
v -0.0125231 0.00191979 -0.017386
vn -0.585146 0.0898404 -0.805936
v -0.0126652 -0.00191979 -0.0172828
vn -0.585433 -0.089777 -0.805735
v -0.0139516 -0.000937102 -0.0163482
vn -0.649937 -0.0406444 -0.7589
v -0.0138827 0.000983177 -0.0163984
vn -0.646925 0.0479445 -0.761045
v -0.0126652 -0.00191979 -0.0172828
vn -0.585433 -0.089777 -0.805735
v -0.0125999 -0.00383342 -0.0170093
vn -0.581273 -0.176882 -0.794251
v -0.0137672 -0.00466447 -0.0158677
vn -0.636865 -0.214482 -0.740541
v -0.0137672 -0.00466447 -0.0158677
vn -0.636865 -0.214482 -0.740541
v -0.0139516 -0.000937102 -0.0163482
vn -0.649937 -0.0406444 -0.7589
v -0.0126652 -0.00191979 -0.0172828
vn -0.585433 -0.089777 -0.805735
v -0.0137672 -0.00466447 -0.0158677
vn -0.636865 -0.214482 -0.740541
v -0.0150214 -0.0037054 -0.0149568
vn -0.69894 -0.167793 -0.695219
v -0.0139516 -0.000937102 -0.0163482
vn -0.649937 -0.0406444 -0.7589
v -0.0150214 -0.0037054 -0.0149568
vn -0.69894 -0.167793 -0.695219
v -0.0151446 -0.00189042 -0.0151603
vn -0.705205 -0.0828296 -0.704149
v -0.0139516 -0.000937102 -0.0163482
vn -0.649937 -0.0406444 -0.7589
v 8.77947e-05 -0.00191979 -0.0214265
vn 0.000345198 -0.0898803 -0.995952
v 0.000194709 -0.00383401 -0.0211668
vn 0.00371557 -0.177162 -0.984175
v -0.00137744 -0.00488708 -0.0208979
vn -0.0682537 -0.227343 -0.97142
v -0.00137744 -0.00488708 -0.0208979
vn -0.0682537 -0.227343 -0.97142
v -0.00159345 -0.00098482 -0.0214265
vn -0.0761443 -0.0479872 -0.995941
v 8.77947e-05 -0.00191979 -0.0214265
vn 0.000345198 -0.0898803 -0.995952
v -0.00137744 -0.00488708 -0.0208979
vn -0.0682537 -0.227343 -0.97142
v -0.00312107 -0.00398029 -0.0208967
vn -0.148627 -0.185096 -0.971416
v -0.00159345 -0.00098482 -0.0214265
vn -0.0761443 -0.0479872 -0.995941
v -0.00312107 -0.00398029 -0.0208967
vn -0.148627 -0.185096 -0.971416
v -0.00322299 -0.00199304 -0.0211651
vn -0.153722 -0.0953473 -0.983503
v -0.00159345 -0.00098482 -0.0214265
vn -0.0761443 -0.0479872 -0.995941
v -0.00802358 0.00458963 -0.0194362
vn -0.374865 0.205596 -0.903995
v -0.00654805 0.00373607 -0.0201529
vn -0.304136 0.16692 -0.937891
v -0.00661935 0.00190974 -0.0203754
vn -0.307379 0.0817244 -0.948071
v -0.00661935 0.00190974 -0.0203754
vn -0.307379 0.0817244 -0.948071
v -0.00824976 0.000951968 -0.0198378
vn -0.381342 0.0391762 -0.923604
v -0.00802358 0.00458963 -0.0194362
vn -0.374865 0.205596 -0.903995
v -0.00824976 0.000951968 -0.0198378
vn -0.381342 0.0391762 -0.923604
v -0.00958306 0.00370434 -0.0189082
vn -0.446601 0.167546 -0.878906
v -0.00802358 0.00458963 -0.0194362
vn -0.374865 0.205596 -0.903995
v -0.00824976 0.000951968 -0.0198378
vn -0.381342 0.0391762 -0.923604
v -0.00973937 0.00188881 -0.0190879
vn -0.453228 0.0823873 -0.887579
v -0.00958306 0.00370434 -0.0189082
vn -0.446601 0.167546 -0.878906
v -0.0194192 0.00923672 0.00130192
vn -0.902897 0.424604 0.0669886
v -0.0194868 0.0087525 0.00272783
vn -0.905645 0.402124 0.134549
v -0.0187675 0.00979162 0.00393398
vn -0.869994 0.455357 0.189105
v -0.0187675 0.00979162 0.00393398
vn -0.869994 0.455357 0.189105
v -0.0187357 0.010604 0.000804428
vn -0.865894 0.49862 0.0400695
v -0.0194192 0.00923672 0.00130192
vn -0.902897 0.424604 0.0669886
v -0.0187675 0.00979162 0.00393398
vn -0.869994 0.455357 0.189105
v -0.0180284 0.0112697 0.00339706
vn -0.835026 0.52529 0.163712
v -0.0187357 0.010604 0.000804428
vn -0.865894 0.49862 0.0400695
v -0.0180284 0.0112697 0.00339706
vn -0.835026 0.52529 0.163712
v -0.0180521 0.0116213 0.00168759
vn -0.832554 0.547866 0.0818403
v -0.0187357 0.010604 0.000804428
vn -0.865894 0.49862 0.0400695
v -0.00322299 -0.00199304 -0.0211651
vn -0.153722 -0.0953473 -0.983503
v -0.00312107 -0.00398029 -0.0208967
vn -0.148627 -0.185096 -0.971416
v -0.00476203 -0.00501239 -0.020355
vn -0.222973 -0.232354 -0.946728
v -0.00476203 -0.00501239 -0.020355
vn -0.222973 -0.232354 -0.946728
v -0.00495581 -0.00101154 -0.0208968
vn -0.232004 -0.0508431 -0.971385
v -0.00322299 -0.00199304 -0.0211651
vn -0.153722 -0.0953473 -0.983503
v -0.00476203 -0.00501239 -0.020355
vn -0.222973 -0.232354 -0.946728
v -0.00652547 -0.004033 -0.0200802
vn -0.303692 -0.187505 -0.934138
v -0.00495581 -0.00101154 -0.0208968
vn -0.232004 -0.0508431 -0.971385
v -0.00652547 -0.004033 -0.0200802
vn -0.303692 -0.187505 -0.934138
v -0.00661363 -0.00201932 -0.0203546
vn -0.307658 -0.0964089 -0.9466
v -0.00495581 -0.00101154 -0.0208968
vn -0.232004 -0.0508431 -0.971385
v 0.00181102 -0.00466446 -0.0209295
vn 0.0795518 -0.215391 -0.973282
v 0.00189983 -0.00646634 -0.0204398
vn 0.0794087 -0.297009 -0.951567
v 0.000414153 -0.00752913 -0.0201523
vn 0.0157866 -0.348102 -0.937324
v 0.000414153 -0.00752913 -0.0201523
vn 0.0157866 -0.348102 -0.937324
v 0.000194709 -0.00383401 -0.0211668
vn 0.00371557 -0.177162 -0.984175
v 0.00181102 -0.00466446 -0.0209295
vn 0.0795518 -0.215391 -0.973282
v 0.000414153 -0.00752913 -0.0201523
vn 0.0157866 -0.348102 -0.937324
v -0.00125304 -0.0067763 -0.0203748
vn -0.0644808 -0.311829 -0.947948
v 0.000194709 -0.00383401 -0.0211668
vn 0.00371557 -0.177162 -0.984175
v -0.00125304 -0.0067763 -0.0203748
vn -0.0644808 -0.311829 -0.947948
v -0.00137744 -0.00488708 -0.0208979
vn -0.0682537 -0.227343 -0.97142
v 0.000194709 -0.00383401 -0.0211668
vn 0.00371557 -0.177162 -0.984175
v -0.00973937 0.00188881 -0.0190879
vn -0.453228 0.0823873 -0.887579
v -0.00824976 0.000951968 -0.0198378
vn -0.381342 0.0391762 -0.923604
v -0.0082735 -0.00101154 -0.0198188
vn -0.383275 -0.0509179 -0.92223
v -0.0082735 -0.00101154 -0.0198188
vn -0.383275 -0.0509179 -0.92223
v -0.00983399 -0.00199141 -0.0190171
vn -0.453866 -0.0955546 -0.885931
v -0.00973937 0.00188881 -0.0190879
vn -0.453228 0.0823873 -0.887579
v -0.00983399 -0.00199141 -0.0190171
vn -0.453866 -0.0955546 -0.885931
v -0.0112368 0.000937104 -0.0183206
vn -0.520955 0.0407299 -0.852612
v -0.00973937 0.00188881 -0.0190879
vn -0.453228 0.0823873 -0.887579
v -0.00983399 -0.00199141 -0.0190171
vn -0.453866 -0.0955546 -0.885931
v -0.0113051 -0.00098482 -0.018271
vn -0.523842 -0.0480882 -0.850457
v -0.0112368 0.000937104 -0.0183206
vn -0.520955 0.0407299 -0.852612
v -0.00189888 0.0064659 -0.0204401
vn -0.0793725 0.296967 -0.951583
v -0.00181102 0.00466446 -0.0209295
vn -0.0796006 0.215408 -0.973274
v -0.00336106 0.00370433 -0.0209299
vn -0.15532 0.167545 -0.973552
v -0.00336106 0.00370433 -0.0209299
vn -0.15532 0.167545 -0.973552
v -0.00338625 0.00713385 -0.0200303
vn -0.152946 0.328714 -0.931963
v -0.00189888 0.0064659 -0.0204401
vn -0.0793725 0.296967 -0.951583
v -0.00336106 0.00370433 -0.0209299
vn -0.15532 0.167545 -0.973552
v -0.00493387 0.00459119 -0.0204398
vn -0.228094 0.205405 -0.951726
v -0.00338625 0.00713385 -0.0200303
vn -0.152946 0.328714 -0.931963
v -0.00493387 0.00459119 -0.0204398
vn -0.228094 0.205405 -0.951726
v -0.00486614 0.00621923 -0.0200303
vn -0.222288 0.283 -0.933005
v -0.00338625 0.00713385 -0.0200303
vn -0.152946 0.328714 -0.931963
v 0.00486703 -0.0062197 -0.0200299
vn 0.223451 -0.283271 -0.932645
v 0.00629557 -0.00697989 -0.019376
vn 0.294689 -0.315741 -0.901923
v 0.0061322 -0.00839225 -0.0188702
vn 0.287607 -0.382497 -0.878054
v 0.0061322 -0.00839225 -0.0188702
vn 0.287607 -0.382497 -0.878054
v 0.0047636 -0.00923809 -0.0188702
vn 0.213491 -0.428284 -0.878063
v 0.00486703 -0.0062197 -0.0200299
vn 0.223451 -0.283271 -0.932645
v 0.0047636 -0.00923809 -0.0188702
vn 0.213491 -0.428284 -0.878063
v 0.00338627 -0.00713486 -0.0200299
vn 0.15131 -0.328003 -0.93248
v 0.00486703 -0.0062197 -0.0200299
vn 0.223451 -0.283271 -0.932645
v 0.0047636 -0.00923809 -0.0188702
vn 0.213491 -0.428284 -0.878063
v 0.0034255 -0.00875287 -0.0193762
vn 0.146064 -0.404197 -0.902934
v 0.00338627 -0.00713486 -0.0200299
vn 0.15131 -0.328003 -0.93248
v -0.00476203 -0.00501239 -0.020355
vn -0.222973 -0.232354 -0.946728
v -0.00460557 -0.00694933 -0.019818
vn -0.216496 -0.319961 -0.922364
v -0.00617908 -0.00790532 -0.019017
vn -0.287537 -0.363264 -0.886206
v -0.00617908 -0.00790532 -0.019017
vn -0.287537 -0.363264 -0.886206
v -0.00652547 -0.004033 -0.0200802
vn -0.303692 -0.187505 -0.934138
v -0.00476203 -0.00501239 -0.020355
vn -0.222973 -0.232354 -0.946728
v -0.00617908 -0.00790532 -0.019017
vn -0.287537 -0.363264 -0.886206
v -0.00792461 -0.00694929 -0.0187394
vn -0.366743 -0.320035 -0.873543
v -0.00652547 -0.004033 -0.0200802
vn -0.303692 -0.187505 -0.934138
v -0.00792461 -0.00694929 -0.0187394
vn -0.366743 -0.320035 -0.873543
v -0.00811092 -0.00501398 -0.0192666
vn -0.37571 -0.232081 -0.897207
v -0.00652547 -0.004033 -0.0200802
vn -0.303692 -0.187505 -0.934138
v -0.00137744 -0.00488708 -0.0208979
vn -0.0682537 -0.227343 -0.97142
v -0.00125304 -0.0067763 -0.0203748
vn -0.0644808 -0.311829 -0.947948
v -0.00283695 -0.00780611 -0.0198373
vn -0.134051 -0.359544 -0.923449
v -0.00283695 -0.00780611 -0.0198373
vn -0.134051 -0.359544 -0.923449
v -0.00312107 -0.00398029 -0.0208967
vn -0.148627 -0.185096 -0.971416
v -0.00137744 -0.00488708 -0.0208979
vn -0.0682537 -0.227343 -0.97142
v -0.00283695 -0.00780611 -0.0198373
vn -0.134051 -0.359544 -0.923449
v -0.00460557 -0.00694933 -0.019818
vn -0.216496 -0.319961 -0.922364
v -0.00312107 -0.00398029 -0.0208967
vn -0.148627 -0.185096 -0.971416
v -0.00460557 -0.00694933 -0.019818
vn -0.216496 -0.319961 -0.922364
v -0.00476203 -0.00501239 -0.020355
vn -0.222973 -0.232354 -0.946728
v -0.00312107 -0.00398029 -0.0208967
vn -0.148627 -0.185096 -0.971416
v 0.00338627 -0.00713486 -0.0200299
vn 0.15131 -0.328003 -0.93248
v 0.0034255 -0.00875287 -0.0193762
vn 0.146064 -0.404197 -0.902934
v 0.00205791 -0.00979169 -0.0190646
vn 0.0898157 -0.454015 -0.886456
v 0.00205791 -0.00979169 -0.0190646
vn 0.0898157 -0.454015 -0.886456
v 0.00189983 -0.00646634 -0.0204398
vn 0.0794087 -0.297009 -0.951567
v 0.00338627 -0.00713486 -0.0200299
vn 0.15131 -0.328003 -0.93248
v 0.00205791 -0.00979169 -0.0190646
vn 0.0898157 -0.454015 -0.886456
v 0.000516657 -0.00922919 -0.0194361
vn 0.0155523 -0.42548 -0.904834
v 0.00189983 -0.00646634 -0.0204398
vn 0.0794087 -0.297009 -0.951567
v 0.000516657 -0.00922919 -0.0194361
vn 0.0155523 -0.42548 -0.904834
v 0.000414153 -0.00752913 -0.0201523
vn 0.0157866 -0.348102 -0.937324
v 0.00189983 -0.00646634 -0.0204398
vn 0.0794087 -0.297009 -0.951567
v -0.00983399 -0.00199141 -0.0190171
vn -0.453866 -0.0955546 -0.885931
v -0.00975954 -0.00398025 -0.0187395
vn -0.450965 -0.184631 -0.873236
v -0.0111692 -0.00488709 -0.0177163
vn -0.515526 -0.226487 -0.826399
v -0.0111692 -0.00488709 -0.0177163
vn -0.515526 -0.226487 -0.826399
v -0.0113051 -0.00098482 -0.018271
vn -0.523842 -0.0480882 -0.850457
v -0.00983399 -0.00199141 -0.0190171
vn -0.453866 -0.0955546 -0.885931
v -0.0111692 -0.00488709 -0.0177163
vn -0.515526 -0.226487 -0.826399
v -0.0125999 -0.00383342 -0.0170093
vn -0.581273 -0.176882 -0.794251
v -0.0113051 -0.00098482 -0.018271
vn -0.523842 -0.0480882 -0.850457
v -0.0125999 -0.00383342 -0.0170093
vn -0.581273 -0.176882 -0.794251
v -0.0126652 -0.00191979 -0.0172828
vn -0.585433 -0.089777 -0.805735
v -0.0113051 -0.00098482 -0.018271
vn -0.523842 -0.0480882 -0.850457
v -0.000196561 0.00383391 -0.0211668
vn -0.0038441 0.177164 -0.984174
v -8.77457e-05 0.00191871 -0.0214266
vn -0.000329976 0.0898166 -0.995958
v -0.00167594 0.00093713 -0.0214266
vn -0.0796341 0.0407123 -0.995992
v -0.00167594 0.00093713 -0.0214266
vn -0.0796341 0.0407123 -0.995992
v -0.00181102 0.00466446 -0.0209295
vn -0.0796006 0.215408 -0.973274
v -0.000196561 0.00383391 -0.0211668
vn -0.0038441 0.177164 -0.984174
v -0.00167594 0.00093713 -0.0214266
vn -0.0796341 0.0407123 -0.995992
v -0.00334022 0.00188881 -0.0211671
vn -0.155026 0.0823675 -0.984471
v -0.00181102 0.00466446 -0.0209295
vn -0.0796006 0.215408 -0.973274
v -0.00334022 0.00188881 -0.0211671
vn -0.155026 0.0823675 -0.984471
v -0.00336106 0.00370433 -0.0209299
vn -0.15532 0.167545 -0.973552
v -0.00181102 0.00466446 -0.0209295
vn -0.0796006 0.215408 -0.973274
v -0.00617908 -0.00790532 -0.019017
vn -0.287537 -0.363264 -0.886206
v -0.00593735 -0.0096727 -0.0182699
vn -0.276072 -0.447255 -0.850733
v -0.00738007 -0.0104711 -0.0172823
vn -0.342199 -0.484392 -0.805148
v -0.00738007 -0.0104711 -0.0172823
vn -0.342199 -0.484392 -0.805148
v -0.00792461 -0.00694929 -0.0187394
vn -0.366743 -0.320035 -0.873543
v -0.00617908 -0.00790532 -0.019017
vn -0.287537 -0.363264 -0.886206
v -0.00738007 -0.0104711 -0.0172823
vn -0.342199 -0.484392 -0.805148
v -0.0090626 -0.00955599 -0.0170095
vn -0.417384 -0.442431 -0.793754
v -0.00792461 -0.00694929 -0.0187394
vn -0.366743 -0.320035 -0.873543
v -0.0090626 -0.00955599 -0.0170095
vn -0.417384 -0.442431 -0.793754
v -0.00936505 -0.00780612 -0.0177161
vn -0.433886 -0.358523 -0.826561
v -0.00792461 -0.00694929 -0.0187394
vn -0.366743 -0.320035 -0.873543
v -0.00283695 -0.00780611 -0.0198373
vn -0.134051 -0.359544 -0.923449
v -0.00266443 -0.00955587 -0.0190881
vn -0.128348 -0.441243 -0.888162
v -0.00418785 -0.0104711 -0.0183195
vn -0.196408 -0.484171 -0.852644
v -0.00418785 -0.0104711 -0.0183195
vn -0.196408 -0.484171 -0.852644
v -0.00460557 -0.00694933 -0.019818
vn -0.216496 -0.319961 -0.922364
v -0.00283695 -0.00780611 -0.0198373
vn -0.134051 -0.359544 -0.923449
v -0.00418785 -0.0104711 -0.0183195
vn -0.196408 -0.484171 -0.852644
v -0.00593735 -0.0096727 -0.0182699
vn -0.276072 -0.447255 -0.850733
v -0.00460557 -0.00694933 -0.019818
vn -0.216496 -0.319961 -0.922364
v -0.00593735 -0.0096727 -0.0182699
vn -0.276072 -0.447255 -0.850733
v -0.00617908 -0.00790532 -0.019017
vn -0.287537 -0.363264 -0.886206
v -0.00460557 -0.00694933 -0.019818
vn -0.216496 -0.319961 -0.922364
v 0.000414153 -0.00752913 -0.0201523
vn 0.0157866 -0.348102 -0.937324
v 0.000516657 -0.00922919 -0.0194361
vn 0.0155523 -0.42548 -0.904834
v -0.000971445 -0.0102294 -0.0189075
vn -0.0492495 -0.473434 -0.879451
v -0.000971445 -0.0102294 -0.0189075
vn -0.0492495 -0.473434 -0.879451
v -0.00125304 -0.0067763 -0.0203748
vn -0.0644808 -0.311829 -0.947948
v 0.000414153 -0.00752913 -0.0201523
vn 0.0157866 -0.348102 -0.937324
v -0.000971445 -0.0102294 -0.0189075
vn -0.0492495 -0.473434 -0.879451
v -0.00266443 -0.00955587 -0.0190881
vn -0.128348 -0.441243 -0.888162
v -0.00125304 -0.0067763 -0.0203748
vn -0.0644808 -0.311829 -0.947948
v -0.00266443 -0.00955587 -0.0190881
vn -0.128348 -0.441243 -0.888162
v -0.00283695 -0.00780611 -0.0198373
vn -0.134051 -0.359544 -0.923449
v -0.00125304 -0.0067763 -0.0203748
vn -0.0644808 -0.311829 -0.947948
v 0.0179156 0.00458962 -0.0110079
vn 0.833925 0.203782 -0.512876
v 0.0171431 0.00373606 -0.0124551
vn 0.797248 0.169955 -0.579232
v 0.0160067 0.00458964 -0.0136355
vn 0.745537 0.203775 -0.634547
v 0.0160067 0.00458964 -0.0136355
vn 0.745537 0.203775 -0.634547
v 0.0175462 0.00621922 -0.0108176
vn 0.816638 0.283792 -0.502557
v 0.0179156 0.00458962 -0.0110079
vn 0.833925 0.203782 -0.512876
v 0.0160067 0.00458964 -0.0136355
vn 0.745537 0.203775 -0.634547
v 0.0157104 0.00621923 -0.0133445
vn 0.730316 0.283831 -0.621352
v 0.0175462 0.00621922 -0.0108176
vn 0.816638 0.283792 -0.502557
v 0.0157104 0.00621923 -0.0133445
vn 0.730316 0.283831 -0.621352
v 0.0164832 0.00697839 -0.0119745
vn 0.768797 0.311436 -0.558533
v 0.0175462 0.00621922 -0.0108176
vn 0.816638 0.283792 -0.502557
v -0.0111692 -0.00488709 -0.0177163
vn -0.515526 -0.226487 -0.826399
v -0.010964 -0.00677618 -0.017219
vn -0.504813 -0.312008 -0.80487
v -0.0121804 -0.00752913 -0.0160601
vn -0.563508 -0.346217 -0.750061
v -0.0121804 -0.00752913 -0.0160601
vn -0.563508 -0.346217 -0.750061
v -0.0125999 -0.00383342 -0.0170093
vn -0.581273 -0.176882 -0.794251
v -0.0111692 -0.00488709 -0.0177163
vn -0.515526 -0.226487 -0.826399
v -0.0121804 -0.00752913 -0.0160601
vn -0.563508 -0.346217 -0.750061
v -0.0135513 -0.00646634 -0.0154194
vn -0.624353 -0.296844 -0.722542
v -0.0125999 -0.00383342 -0.0170093
vn -0.581273 -0.176882 -0.794251
v -0.0135513 -0.00646634 -0.0154194
vn -0.624353 -0.296844 -0.722542
v -0.0137672 -0.00466447 -0.0158677
vn -0.636865 -0.214482 -0.740541
v -0.0125999 -0.00383342 -0.0170093
vn -0.581273 -0.176882 -0.794251
v 0.00336198 -0.00370591 -0.0209295
vn 0.155698 -0.167072 -0.973573
v 0.00493386 -0.00459119 -0.0204398
vn 0.228868 -0.204675 -0.951697
v 0.00486703 -0.0062197 -0.0200299
vn 0.223451 -0.283271 -0.932645
v 0.00486703 -0.0062197 -0.0200299
vn 0.223451 -0.283271 -0.932645
v 0.00338627 -0.00713486 -0.0200299
vn 0.15131 -0.328003 -0.93248
v 0.00336198 -0.00370591 -0.0209295
vn 0.155698 -0.167072 -0.973573
v 0.00338627 -0.00713486 -0.0200299
vn 0.15131 -0.328003 -0.93248
v 0.00189983 -0.00646634 -0.0204398
vn 0.0794087 -0.297009 -0.951567
v 0.00336198 -0.00370591 -0.0209295
vn 0.155698 -0.167072 -0.973573
v 0.00189983 -0.00646634 -0.0204398
vn 0.0794087 -0.297009 -0.951567
v 0.00181102 -0.00466446 -0.0209295
vn 0.0795518 -0.215391 -0.973282
v 0.00336198 -0.00370591 -0.0209295
vn 0.155698 -0.167072 -0.973573
v -0.0121804 -0.00752913 -0.0160601
vn -0.563508 -0.346217 -0.750061
v -0.0118424 -0.00922919 -0.0154204
vn -0.543839 -0.427698 -0.722021
v -0.0128709 -0.00979169 -0.0142138
vn -0.592252 -0.454567 -0.665286
v -0.0128709 -0.00979169 -0.0142138
vn -0.592252 -0.454567 -0.665286
v -0.0135513 -0.00646634 -0.0154194
vn -0.624353 -0.296844 -0.722542
v -0.0121804 -0.00752913 -0.0160601
vn -0.563508 -0.346217 -0.750061
v -0.0128709 -0.00979169 -0.0142138
vn -0.592252 -0.454567 -0.665286
v -0.0141604 -0.00875287 -0.013662
vn -0.652366 -0.401885 -0.642578
v -0.0135513 -0.00646634 -0.0154194
vn -0.624353 -0.296844 -0.722542
v -0.0141604 -0.00875287 -0.013662
vn -0.652366 -0.401885 -0.642578
v -0.0145129 -0.00713487 -0.014214
vn -0.672867 -0.325766 -0.664174
v -0.0135513 -0.00646634 -0.0154194
vn -0.624353 -0.296844 -0.722542
v 0.0190989 0.0018888 -0.00971766
vn 0.887741 0.0822927 -0.452927
v 0.018335 0.000953572 -0.0111991
vn 0.851655 0.0406216 -0.522527
v 0.0173327 0.00190974 -0.0125917
vn 0.80635 0.0815091 -0.585795
v 0.0173327 0.00190974 -0.0125917
vn 0.80635 0.0815091 -0.585795
v 0.0188669 0.00370432 -0.00966419
vn 0.877237 0.167699 -0.449815
v 0.0190989 0.0018888 -0.00971766
vn 0.887741 0.0822927 -0.452927
v 0.0173327 0.00190974 -0.0125917
vn 0.80635 0.0815091 -0.585795
v 0.0171431 0.00373606 -0.0124551
vn 0.797248 0.169955 -0.579232
v 0.0188669 0.00370432 -0.00966419
vn 0.877237 0.167699 -0.449815
v 0.0171431 0.00373606 -0.0124551
vn 0.797248 0.169955 -0.579232
v 0.0179156 0.00458962 -0.0110079
vn 0.833925 0.203782 -0.512876
v 0.0188669 0.00370432 -0.00966419
vn 0.877237 0.167699 -0.449815
v 0.00334207 -0.00188882 -0.0211668
vn 0.155511 -0.0826941 -0.984367
v 0.00336198 -0.00370591 -0.0209295
vn 0.155698 -0.167072 -0.973573
v 0.00181102 -0.00466446 -0.0209295
vn 0.0795518 -0.215391 -0.973282
v 0.00181102 -0.00466446 -0.0209295
vn 0.0795518 -0.215391 -0.973282
v 0.00167594 -0.000937134 -0.0214266
vn 0.0796188 -0.0407507 -0.995992
v 0.00334207 -0.00188882 -0.0211668
vn 0.155511 -0.0826941 -0.984367
v 0.00181102 -0.00466446 -0.0209295
vn 0.0795518 -0.215391 -0.973282
v 0.000194709 -0.00383401 -0.0211668
vn 0.00371557 -0.177162 -0.984175
v 0.00167594 -0.000937134 -0.0214266
vn 0.0796188 -0.0407507 -0.995992
v 0.000194709 -0.00383401 -0.0211668
vn 0.00371557 -0.177162 -0.984175
v 8.77947e-05 -0.00191979 -0.0214265
vn 0.000345198 -0.0898803 -0.995952
v 0.00167594 -0.000937134 -0.0214266
vn 0.0796188 -0.0407507 -0.995992
v 0.0198861 -0.000984779 -0.00813481
vn 0.923442 -0.0465746 -0.3809
v 0.0191338 -0.0019914 -0.00960483
vn 0.887797 -0.0948589 -0.450353
v 0.0183436 -0.00101152 -0.0111691
vn 0.852211 -0.0501941 -0.520785
v 0.0183436 -0.00101152 -0.0111691
vn 0.852211 -0.0501941 -0.520785
v 0.018335 0.000953572 -0.0111991
vn 0.851655 0.0406216 -0.522527
v 0.0198861 -0.000984779 -0.00813481
vn 0.923442 -0.0465746 -0.3809
v 0.018335 0.000953572 -0.0111991
vn 0.851655 0.0406216 -0.522527
v 0.0198601 0.000937128 -0.00821503
vn 0.922446 0.0404729 -0.383998
v 0.0198861 -0.000984779 -0.00813481
vn 0.923442 -0.0465746 -0.3809
v 0.018335 0.000953572 -0.0111991
vn 0.851655 0.0406216 -0.522527
v 0.0190989 0.0018888 -0.00971766
vn 0.887741 0.0822927 -0.452927
v 0.0198601 0.000937128 -0.00821503
vn 0.922446 0.0404729 -0.383998
v 0.0183436 -0.00101152 -0.0111691
vn 0.852211 -0.0501941 -0.520785
v 0.0173147 -0.00201931 -0.0125798
vn 0.805318 -0.0956649 -0.585073
v 0.0162921 -0.00101154 -0.0139929
vn 0.758954 -0.0505805 -0.649177
v 0.0162921 -0.00101154 -0.0139929
vn 0.758954 -0.0505805 -0.649177
v 0.0163175 0.000953047 -0.0139761
vn 0.760768 0.0411579 -0.647717
v 0.0183436 -0.00101152 -0.0111691
vn 0.852211 -0.0501941 -0.520785
v 0.0163175 0.000953047 -0.0139761
vn 0.760768 0.0411579 -0.647717
v 0.018335 0.000953572 -0.0111991
vn 0.851655 0.0406216 -0.522527
v 0.0183436 -0.00101152 -0.0111691
vn 0.852211 -0.0501941 -0.520785
v 0.0163175 0.000953047 -0.0139761
vn 0.760768 0.0411579 -0.647717
v 0.0173327 0.00190974 -0.0125917
vn 0.80635 0.0815091 -0.585795
v 0.018335 0.000953572 -0.0111991
vn 0.851655 0.0406216 -0.522527
v 0.017082 -0.00403299 -0.0124096
vn 0.794664 -0.187742 -0.577289
v 0.0158181 -0.00501241 -0.0136671
vn 0.736972 -0.232426 -0.634705
v 0.0148078 -0.00398029 -0.0150713
vn 0.691295 -0.185055 -0.698474
v 0.0148078 -0.00398029 -0.0150713
vn 0.691295 -0.185055 -0.698474
v 0.0173147 -0.00201931 -0.0125798
vn 0.805318 -0.0956649 -0.585073
v 0.017082 -0.00403299 -0.0124096
vn 0.794664 -0.187742 -0.577289
v 0.0148078 -0.00398029 -0.0150713
vn 0.691295 -0.185055 -0.698474
v 0.015048 -0.00199304 -0.0152285
vn 0.702442 -0.0953764 -0.705322
v 0.0173147 -0.00201931 -0.0125798
vn 0.805318 -0.0956649 -0.585073
v 0.015048 -0.00199304 -0.0152285
vn 0.702442 -0.0953764 -0.705322
v 0.0162921 -0.00101154 -0.0139929
vn 0.758954 -0.0505805 -0.649177
v 0.0173147 -0.00201931 -0.0125798
vn 0.805318 -0.0956649 -0.585073
v 0.0148078 -0.00398029 -0.0150713
vn 0.691295 -0.185055 -0.698474
v 0.0158181 -0.00501241 -0.0136671
vn 0.736972 -0.232426 -0.634705
v 0.0153747 -0.00694931 -0.0133261
vn 0.717106 -0.320674 -0.618811
v 0.0153747 -0.00694931 -0.0133261
vn 0.717106 -0.320674 -0.618811
v 0.0139551 -0.0078061 -0.0143813
vn 0.651411 -0.359524 -0.668136
v 0.0148078 -0.00398029 -0.0150713
vn 0.691295 -0.185055 -0.698474
v 0.0139551 -0.0078061 -0.0143813
vn 0.651411 -0.359524 -0.668136
v 0.0133988 -0.00488554 -0.0160968
vn 0.626264 -0.227281 -0.745746
v 0.0148078 -0.00398029 -0.0150713
vn 0.691295 -0.185055 -0.698474
v 0.0139551 -0.0078061 -0.0143813
vn 0.651411 -0.359524 -0.668136
v 0.0129896 -0.0067763 -0.0157471
vn 0.609375 -0.311822 -0.728992
v 0.0133988 -0.00488554 -0.0160968
vn 0.626264 -0.227281 -0.745746
v 0.0129896 -0.0067763 -0.0157471
vn 0.609375 -0.311822 -0.728992
v 0.0139551 -0.0078061 -0.0143813
vn 0.651411 -0.359524 -0.668136
v 0.0133765 -0.00955597 -0.0138752
vn 0.625855 -0.44125 -0.643121
v 0.0133765 -0.00955597 -0.0138752
vn 0.625855 -0.44125 -0.643121
v 0.0119007 -0.0102281 -0.0147254
vn 0.556746 -0.473295 -0.682661
v 0.0129896 -0.0067763 -0.0157471
vn 0.609375 -0.311822 -0.728992
v 0.0119007 -0.0102281 -0.0147254
vn 0.556746 -0.473295 -0.682661
v 0.0115113 -0.00752769 -0.0165469
vn 0.538235 -0.348037 -0.767576
v 0.0129896 -0.0067763 -0.0157471
vn 0.609375 -0.311822 -0.728992
v 0.0119007 -0.0102281 -0.0147254
vn 0.556746 -0.473295 -0.682661
v 0.0110062 -0.00922918 -0.0160279
vn 0.519227 -0.425487 -0.741191
v 0.0115113 -0.00752769 -0.0165469
vn 0.538235 -0.348037 -0.767576
v 0.015022 0.00370591 -0.0149561
vn 0.698981 0.167833 -0.695168
v 0.0151453 0.00188882 -0.0151598
vn 0.705235 0.0827767 -0.704125
v 0.0139509 0.000936575 -0.0163488
vn 0.6499 0.0405893 -0.758935
v 0.0139509 0.000936575 -0.0163488
vn 0.6499 0.0405893 -0.758935
v 0.0137681 0.00466282 -0.0158675
vn 0.636954 0.214373 -0.740495
v 0.015022 0.00370591 -0.0149561
vn 0.698981 0.167833 -0.695168
v 0.0139509 0.000936575 -0.0163488
vn 0.6499 0.0405893 -0.758935
v 0.012666 0.00191814 -0.0172824
vn 0.585459 0.0897367 -0.80572
v 0.0137681 0.00466282 -0.0158675
vn 0.636954 0.214373 -0.740495
v 0.012666 0.00191814 -0.0172824
vn 0.585459 0.0897367 -0.80572
v 0.0126006 0.00383391 -0.0170087
vn 0.581293 0.176887 -0.794235
v 0.0137681 0.00466282 -0.0158675
vn 0.636954 0.214373 -0.740495
v 0.012666 0.00191814 -0.0172824
vn 0.585459 0.0897367 -0.80572
v 0.0139509 0.000936575 -0.0163488
vn 0.6499 0.0405893 -0.758935
v 0.0138833 -0.000984818 -0.0163978
vn 0.647004 -0.0480012 -0.760974
v 0.0138833 -0.000984818 -0.0163978
vn 0.647004 -0.0480012 -0.760974
v 0.012524 -0.0019182 -0.0173855
vn 0.585169 -0.0898097 -0.805922
v 0.012666 0.00191814 -0.0172824
vn 0.585459 0.0897367 -0.80572
v 0.012524 -0.0019182 -0.0173855
vn 0.585169 -0.0898097 -0.805922
v 0.0113059 0.000984252 -0.0182706
vn 0.523829 0.0480664 -0.850466
v 0.012666 0.00191814 -0.0172824
vn 0.585459 0.0897367 -0.80572
v 0.012524 -0.0019182 -0.0173855
vn 0.585169 -0.0898097 -0.805922
v 0.0112384 -0.000937134 -0.0183196
vn 0.520977 -0.0407452 -0.852598
v 0.0113059 0.000984252 -0.0182706
vn 0.523829 0.0480664 -0.850466
v 0.0112384 -0.000937134 -0.0183196
vn 0.520977 -0.0407452 -0.852598
v 0.012524 -0.0019182 -0.0173855
vn 0.585169 -0.0898097 -0.805922
v 0.0122839 -0.00383401 -0.0172387
vn 0.575467 -0.177162 -0.798406
v 0.0122839 -0.00383401 -0.0172387
vn 0.575467 -0.177162 -0.798406
v 0.0108379 -0.00466294 -0.0179966
vn 0.507751 -0.215347 -0.834155
v 0.0112384 -0.000937134 -0.0183196
vn 0.520977 -0.0407452 -0.852598
v 0.0108379 -0.00466294 -0.0179966
vn 0.507751 -0.215347 -0.834155
v 0.00973842 -0.00189043 -0.0190882
vn 0.453179 -0.0824503 -0.887598
v 0.0112384 -0.000937134 -0.0183196
vn 0.520977 -0.0407452 -0.852598
v 0.0108379 -0.00466294 -0.0179966
vn 0.507751 -0.215347 -0.834155
v 0.00958373 -0.00370594 -0.0189076
vn 0.446591 -0.167633 -0.878895
v 0.00973842 -0.00189043 -0.0190882
vn 0.453179 -0.0824503 -0.887598
v 0.0201916 -0.00383389 -0.00635386
vn 0.937632 -0.175595 -0.30002
v 0.0194501 -0.00488542 -0.00776709
vn 0.902277 -0.227147 -0.36647
v 0.0189104 -0.00398022 -0.00942403
vn 0.877765 -0.184767 -0.442029
v 0.0189104 -0.00398022 -0.00942403
vn 0.877765 -0.184767 -0.442029
v 0.0191338 -0.0019914 -0.00960483
vn 0.887797 -0.0948589 -0.450353
v 0.0201916 -0.00383389 -0.00635386
vn 0.937632 -0.175595 -0.30002
v 0.0191338 -0.0019914 -0.00960483
vn 0.887797 -0.0948589 -0.450353
v 0.020405 -0.00191978 -0.00653756
vn 0.94748 -0.0895493 -0.307023
v 0.0201916 -0.00383389 -0.00635386
vn 0.937632 -0.175595 -0.30002
v 0.0191338 -0.0019914 -0.00960483
vn 0.887797 -0.0948589 -0.450353
v 0.0198861 -0.000984779 -0.00813481
vn 0.923442 -0.0465746 -0.3809
v 0.020405 -0.00191978 -0.00653756
vn 0.94748 -0.0895493 -0.307023
v 0.0173327 0.00190974 -0.0125917
vn 0.80635 0.0815091 -0.585795
v 0.0163175 0.000953047 -0.0139761
vn 0.760768 0.0411579 -0.647717
v 0.0151453 0.00188882 -0.0151598
vn 0.705235 0.0827767 -0.704125
v 0.0151453 0.00188882 -0.0151598
vn 0.705235 0.0827767 -0.704125
v 0.015022 0.00370591 -0.0149561
vn 0.698981 0.167833 -0.695168
v 0.0173327 0.00190974 -0.0125917
vn 0.80635 0.0815091 -0.585795
v 0.015022 0.00370591 -0.0149561
vn 0.698981 0.167833 -0.695168
v 0.0171431 0.00373606 -0.0124551
vn 0.797248 0.169955 -0.579232
v 0.0173327 0.00190974 -0.0125917
vn 0.80635 0.0815091 -0.585795
v 0.015022 0.00370591 -0.0149561
vn 0.698981 0.167833 -0.695168
v 0.0160067 0.00458964 -0.0136355
vn 0.745537 0.203775 -0.634547
v 0.0171431 0.00373606 -0.0124551
vn 0.797248 0.169955 -0.579232
v -0.00723734 0.00923651 -0.0180673
vn -0.342498 0.426588 -0.837089
v -0.00613151 0.00839075 -0.0188711
vn -0.287551 0.38247 -0.878084
v -0.00629557 0.00697989 -0.019376
vn -0.29471 0.31571 -0.901927
v -0.00629557 0.00697989 -0.019376
vn -0.29471 0.31571 -0.901927
v -0.00783674 0.00621819 -0.0190654
vn -0.368173 0.283216 -0.885572
v -0.00723734 0.00923651 -0.0180673
vn -0.342498 0.426588 -0.837089
v -0.00783674 0.00621819 -0.0190654
vn -0.368173 0.283216 -0.885572
v -0.00861701 0.00875223 -0.0176898
vn -0.412095 0.401928 -0.817699
v -0.00723734 0.00923651 -0.0180673
vn -0.342498 0.426588 -0.837089
v -0.00783674 0.00621819 -0.0190654
vn -0.368173 0.283216 -0.885572
v -0.00903316 0.00713325 -0.0181958
vn -0.423993 0.328701 -0.843911
v -0.00861701 0.00875223 -0.0176898
vn -0.412095 0.401928 -0.817699
v 0.00958373 -0.00370594 -0.0189076
vn 0.446591 -0.167633 -0.878895
v 0.0108379 -0.00466294 -0.0179966
vn 0.507751 -0.215347 -0.834155
v 0.0104787 -0.00646653 -0.0176519
vn 0.495126 -0.297004 -0.81648
v 0.0104787 -0.00646653 -0.0176519
vn 0.495126 -0.297004 -0.81648
v 0.0090336 -0.00713487 -0.018195
vn 0.424032 -0.328773 -0.843863
v 0.00958373 -0.00370594 -0.0189076
vn 0.446591 -0.167633 -0.878895
v 0.0090336 -0.00713487 -0.018195
vn 0.424032 -0.328773 -0.843863
v 0.00802255 -0.00459119 -0.0194363
vn 0.374814 -0.205685 -0.903996
v 0.00958373 -0.00370594 -0.0189076
vn 0.446591 -0.167633 -0.878895
v 0.0090336 -0.00713487 -0.018195
vn 0.424032 -0.328773 -0.843863
v 0.0078374 -0.00621976 -0.0190646
vn 0.368252 -0.283276 -0.88552
v 0.00802255 -0.00459119 -0.0194363
vn 0.374814 -0.205685 -0.903996
v 0.0189104 -0.00398022 -0.00942403
vn 0.877765 -0.184767 -0.442029
v 0.0178872 -0.00501237 -0.0108189
vn 0.831162 -0.232069 -0.505285
v 0.017082 -0.00403299 -0.0124096
vn 0.794664 -0.187742 -0.577289
v 0.017082 -0.00403299 -0.0124096
vn 0.794664 -0.187742 -0.577289
v 0.0173147 -0.00201931 -0.0125798
vn 0.805318 -0.0956649 -0.585073
v 0.0189104 -0.00398022 -0.00942403
vn 0.877765 -0.184767 -0.442029
v 0.0173147 -0.00201931 -0.0125798
vn 0.805318 -0.0956649 -0.585073
v 0.0191338 -0.0019914 -0.00960483
vn 0.887797 -0.0948589 -0.450353
v 0.0189104 -0.00398022 -0.00942403
vn 0.877765 -0.184767 -0.442029
v 0.0173147 -0.00201931 -0.0125798
vn 0.805318 -0.0956649 -0.585073
v 0.0183436 -0.00101152 -0.0111691
vn 0.852211 -0.0501941 -0.520785
v 0.0191338 -0.0019914 -0.00960483
vn 0.887797 -0.0948589 -0.450353
v 0.0200267 -0.00646482 -0.00451043
vn 0.930425 -0.295926 -0.216191
v 0.019294 -0.00752908 -0.00583344
vn 0.895585 -0.347746 -0.27749
v 0.0189911 -0.00677614 -0.00748606
vn 0.881264 -0.31253 -0.354539
v 0.0189911 -0.00677614 -0.00748606
vn 0.881264 -0.31253 -0.354539
v 0.0194501 -0.00488542 -0.00776709
vn 0.902277 -0.227147 -0.36647
v 0.0200267 -0.00646482 -0.00451043
vn 0.930425 -0.295926 -0.216191
v 0.0194501 -0.00488542 -0.00776709
vn 0.902277 -0.227147 -0.36647
v 0.0204653 -0.00466278 -0.00474435
vn 0.950774 -0.213822 -0.224297
v 0.0200267 -0.00646482 -0.00451043
vn 0.930425 -0.295926 -0.216191
v 0.0194501 -0.00488542 -0.00776709
vn 0.902277 -0.227147 -0.36647
v 0.0201916 -0.00383389 -0.00635386
vn 0.937632 -0.175595 -0.30002
v 0.0204653 -0.00466278 -0.00474435
vn 0.950774 -0.213822 -0.224297
v 0.0151453 0.00188882 -0.0151598
vn 0.705235 0.0827767 -0.704125
v 0.0163175 0.000953047 -0.0139761
vn 0.760768 0.0411579 -0.647717
v 0.0162921 -0.00101154 -0.0139929
vn 0.758954 -0.0505805 -0.649177
v 0.0162921 -0.00101154 -0.0139929
vn 0.758954 -0.0505805 -0.649177
v 0.015048 -0.00199304 -0.0152285
vn 0.702442 -0.0953764 -0.705322
v 0.0151453 0.00188882 -0.0151598
vn 0.705235 0.0827767 -0.704125
v 0.015048 -0.00199304 -0.0152285
vn 0.702442 -0.0953764 -0.705322
v 0.0139509 0.000936575 -0.0163488
vn 0.6499 0.0405893 -0.758935
v 0.0151453 0.00188882 -0.0151598
vn 0.705235 0.0827767 -0.704125
v 0.015048 -0.00199304 -0.0152285
vn 0.702442 -0.0953764 -0.705322
v 0.0138833 -0.000984818 -0.0163978
vn 0.647004 -0.0480012 -0.760974
v 0.0139509 0.000936575 -0.0163488
vn 0.6499 0.0405893 -0.758935
v 0.0193462 0.00466291 -0.00818907
vn 0.901055 0.21387 -0.377305
v 0.0188669 0.00370432 -0.00966419
vn 0.877237 0.167699 -0.449815
v 0.0179156 0.00458962 -0.0110079
vn 0.833925 0.203782 -0.512876
v 0.0179156 0.00458962 -0.0110079
vn 0.833925 0.203782 -0.512876
v 0.0175462 0.00621922 -0.0108176
vn 0.816638 0.283792 -0.502557
v 0.0193462 0.00466291 -0.00818907
vn 0.901055 0.21387 -0.377305
v 0.0175462 0.00621922 -0.0108176
vn 0.816638 0.283792 -0.502557
v 0.0188532 0.00646484 -0.00812228
vn 0.879792 0.295977 -0.371973
v 0.0193462 0.00466291 -0.00818907
vn 0.901055 0.21387 -0.377305
v 0.0175462 0.00621922 -0.0108176
vn 0.816638 0.283792 -0.502557
v 0.0180033 0.00713322 -0.00941105
vn 0.839672 0.325778 -0.434534
v 0.0188532 0.00646484 -0.00812228
vn 0.879792 0.295977 -0.371973
v 0.0198416 -0.00839217 9.28983e-07
vn 0.92375 -0.382995 3.34768e-05
v 0.0194187 -0.00923801 -0.00130066
vn 0.902865 -0.424681 -0.0669469
v 0.0194872 -0.00875116 -0.00272902
vn 0.905679 -0.402047 -0.134548
v 0.0194872 -0.00875116 -0.00272902
vn 0.905679 -0.402047 -0.134548
v 0.020096 -0.0071348 -0.00296895
vn 0.934701 -0.325845 -0.141983
v 0.0198416 -0.00839217 9.28983e-07
vn 0.92375 -0.382995 3.34768e-05
v 0.020096 -0.0071348 -0.00296895
vn 0.934701 -0.325845 -0.141983
v 0.0203736 -0.00697833 9.65237e-07
vn 0.950263 -0.311448 2.80878e-05
v 0.0198416 -0.00839217 9.28983e-07
vn 0.92375 -0.382995 3.34768e-05
v 0.020096 -0.0071348 -0.00296895
vn 0.934701 -0.325845 -0.141983
v 0.0205536 -0.00621963 -0.00156067
vn 0.956053 -0.28386 -0.0733882
v 0.0203736 -0.00697833 9.65237e-07
vn 0.950263 -0.311448 2.80878e-05
v 0.0174249 -0.0069493 -0.0105042
vn 0.809847 -0.320946 -0.491062
v 0.0161769 -0.0079053 -0.0117532
vn 0.753773 -0.363182 -0.547654
v 0.0153747 -0.00694931 -0.0133261
vn 0.717106 -0.320674 -0.618811
v 0.0153747 -0.00694931 -0.0133261
vn 0.717106 -0.320674 -0.618811
v 0.0158181 -0.00501241 -0.0136671
vn 0.736972 -0.232426 -0.634705
v 0.0174249 -0.0069493 -0.0105042
vn 0.809847 -0.320946 -0.491062
v 0.0158181 -0.00501241 -0.0136671
vn 0.736972 -0.232426 -0.634705
v 0.0178872 -0.00501237 -0.0108189
vn 0.831162 -0.232069 -0.505285
v 0.0174249 -0.0069493 -0.0105042
vn 0.809847 -0.320946 -0.491062
v 0.0158181 -0.00501241 -0.0136671
vn 0.736972 -0.232426 -0.634705
v 0.017082 -0.00403299 -0.0124096
vn 0.794664 -0.187742 -0.577289
v 0.0178872 -0.00501237 -0.0108189
vn 0.831162 -0.232069 -0.505285
v 0.0194872 -0.00875116 -0.00272902
vn 0.905679 -0.402047 -0.134548
v 0.0187684 -0.00979004 -0.00393351
vn 0.870013 -0.45534 -0.189061
v 0.0186452 -0.00922891 -0.00551288
vn 0.865034 -0.426284 -0.264571
v 0.0186452 -0.00922891 -0.00551288
vn 0.865034 -0.426284 -0.264571
v 0.019294 -0.00752908 -0.00583344
vn 0.895585 -0.347746 -0.27749
v 0.0194872 -0.00875116 -0.00272902
vn 0.905679 -0.402047 -0.134548
v 0.019294 -0.00752908 -0.00583344
vn 0.895585 -0.347746 -0.27749
v 0.020096 -0.0071348 -0.00296895
vn 0.934701 -0.325845 -0.141983
v 0.0194872 -0.00875116 -0.00272902
vn 0.905679 -0.402047 -0.134548
v 0.019294 -0.00752908 -0.00583344
vn 0.895585 -0.347746 -0.27749
v 0.0200267 -0.00646482 -0.00451043
vn 0.930425 -0.295926 -0.216191
v 0.020096 -0.0071348 -0.00296895
vn 0.934701 -0.325845 -0.141983
v 0.0138833 -0.000984818 -0.0163978
vn 0.647004 -0.0480012 -0.760974
v 0.015048 -0.00199304 -0.0152285
vn 0.702442 -0.0953764 -0.705322
v 0.0148078 -0.00398029 -0.0150713
vn 0.691295 -0.185055 -0.698474
v 0.0148078 -0.00398029 -0.0150713
vn 0.691295 -0.185055 -0.698474
v 0.0133988 -0.00488554 -0.0160968
vn 0.626264 -0.227281 -0.745746
v 0.0138833 -0.000984818 -0.0163978
vn 0.647004 -0.0480012 -0.760974
v 0.0133988 -0.00488554 -0.0160968
vn 0.626264 -0.227281 -0.745746
v 0.012524 -0.0019182 -0.0173855
vn 0.585169 -0.0898097 -0.805922
v 0.0138833 -0.000984818 -0.0163978
vn 0.647004 -0.0480012 -0.760974
v 0.0133988 -0.00488554 -0.0160968
vn 0.626264 -0.227281 -0.745746
v 0.0122839 -0.00383401 -0.0172387
vn 0.575467 -0.177162 -0.798406
v 0.012524 -0.0019182 -0.0173855
vn 0.585169 -0.0898097 -0.805922
v 0.0203506 0.00191813 -0.00670544
vn 0.947001 0.0894349 -0.308528
v 0.0198601 0.000937128 -0.00821503
vn 0.922446 0.0404729 -0.383998
v 0.0190989 0.0018888 -0.00971766
vn 0.887741 0.0822927 -0.452927
v 0.0190989 0.0018888 -0.00971766
vn 0.887741 0.0822927 -0.452927
v 0.0188669 0.00370432 -0.00966419
vn 0.877237 0.167699 -0.449815
v 0.0203506 0.00191813 -0.00670544
vn 0.947001 0.0894349 -0.308528
v 0.0188669 0.00370432 -0.00966419
vn 0.877237 0.167699 -0.449815
v 0.0200707 0.00383233 -0.0067269
vn 0.93495 0.175502 -0.308329
v 0.0203506 0.00191813 -0.00670544
vn 0.947001 0.0894349 -0.308528
v 0.0188669 0.00370432 -0.00966419
vn 0.877237 0.167699 -0.449815
v 0.0193462 0.00466291 -0.00818907
vn 0.901055 0.21387 -0.377305
v 0.0200707 0.00383233 -0.0067269
vn 0.93495 0.175502 -0.308329
v 0.0155422 -0.00967267 -0.0112909
vn 0.723704 -0.447022 -0.525761
v 0.0141559 -0.0104711 -0.0123593
vn 0.660359 -0.483634 -0.574478
v 0.0133765 -0.00955597 -0.0138752
vn 0.625855 -0.44125 -0.643121
v 0.0133765 -0.00955597 -0.0138752
vn 0.625855 -0.44125 -0.643121
v 0.0161769 -0.0079053 -0.0117532
vn 0.753773 -0.363182 -0.547654
v 0.0155422 -0.00967267 -0.0112909
vn 0.723704 -0.447022 -0.525761
v 0.0133765 -0.00955597 -0.0138752
vn 0.625855 -0.44125 -0.643121
v 0.0139551 -0.0078061 -0.0143813
vn 0.651411 -0.359524 -0.668136
v 0.0161769 -0.0079053 -0.0117532
vn 0.753773 -0.363182 -0.547654
v 0.0139551 -0.0078061 -0.0143813
vn 0.651411 -0.359524 -0.668136
v 0.0153747 -0.00694931 -0.0133261
vn 0.717106 -0.320674 -0.618811
v 0.0161769 -0.0079053 -0.0117532
vn 0.753773 -0.363182 -0.547654
v 0.0173307 -0.00955444 -0.0084337
vn 0.80466 -0.441519 -0.396967
v 0.0161289 -0.0104711 -0.00964384
vn 0.750318 -0.483568 -0.450761
v 0.0155422 -0.00967267 -0.0112909
vn 0.723704 -0.447022 -0.525761
v 0.0155422 -0.00967267 -0.0112909
vn 0.723704 -0.447022 -0.525761
v 0.0161769 -0.0079053 -0.0117532
vn 0.753773 -0.363182 -0.547654
v 0.0173307 -0.00955444 -0.0084337
vn 0.80466 -0.441519 -0.396967
v 0.0161769 -0.0079053 -0.0117532
vn 0.753773 -0.363182 -0.547654
v 0.0179898 -0.00780608 -0.00882809
vn 0.836148 -0.35906 -0.414647
v 0.0173307 -0.00955444 -0.0084337
vn 0.80466 -0.441519 -0.396967
v 0.0161769 -0.0079053 -0.0117532
vn 0.753773 -0.363182 -0.547654
v 0.0174249 -0.0069493 -0.0105042
vn 0.809847 -0.320946 -0.491062
v 0.0179898 -0.00780608 -0.00882809
vn 0.836148 -0.35906 -0.414647
v 0.0186452 -0.00922891 -0.00551288
vn 0.865034 -0.426284 -0.264571
v 0.017682 -0.0102294 -0.00676654
vn 0.820784 -0.473659 -0.319313
v 0.0173307 -0.00955444 -0.0084337
vn 0.80466 -0.441519 -0.396967
v 0.0173307 -0.00955444 -0.0084337
vn 0.80466 -0.441519 -0.396967
v 0.0179898 -0.00780608 -0.00882809
vn 0.836148 -0.35906 -0.414647
v 0.0186452 -0.00922891 -0.00551288
vn 0.865034 -0.426284 -0.264571
v 0.0179898 -0.00780608 -0.00882809
vn 0.836148 -0.35906 -0.414647
v 0.019294 -0.00752908 -0.00583344
vn 0.895585 -0.347746 -0.27749
v 0.0186452 -0.00922891 -0.00551288
vn 0.865034 -0.426284 -0.264571
v 0.0179898 -0.00780608 -0.00882809
vn 0.836148 -0.35906 -0.414647
v 0.0189911 -0.00677614 -0.00748606
vn 0.881264 -0.31253 -0.354539
v 0.019294 -0.00752908 -0.00583344
vn 0.895585 -0.347746 -0.27749
v 0.0160067 0.00458964 0.0136355
vn 0.74552 0.203778 0.634566
v 0.0171431 0.00373606 0.0124551
vn 0.797254 0.169937 0.579231
v 0.017915 0.00459013 0.0110087
vn 0.833897 0.2038 0.512915
v 0.017915 0.00459013 0.0110087
vn 0.833897 0.2038 0.512915
v 0.0157106 0.00621819 0.0133447
vn 0.730314 0.283796 0.621371
v 0.0160067 0.00458964 0.0136355
vn 0.74552 0.203778 0.634566
v 0.017915 0.00459013 0.0110087
vn 0.833897 0.2038 0.512915
v 0.0175465 0.00621817 0.0108178
vn 0.81665 0.283745 0.502565
v 0.0157106 0.00621819 0.0133447
vn 0.730314 0.283796 0.621371
v 0.0175465 0.00621817 0.0108178
vn 0.81665 0.283745 0.502565
v 0.0164832 0.00697839 0.0119744
vn 0.768796 0.311438 0.558533
v 0.0157106 0.00621819 0.0133447
vn 0.730314 0.283796 0.621371
v 0.0122839 -0.00383401 -0.0172387
vn 0.575467 -0.177162 -0.798406
v 0.0133988 -0.00488554 -0.0160968
vn 0.626264 -0.227281 -0.745746
v 0.0129896 -0.0067763 -0.0157471
vn 0.609375 -0.311822 -0.728992
v 0.0129896 -0.0067763 -0.0157471
vn 0.609375 -0.311822 -0.728992
v 0.0115113 -0.00752769 -0.0165469
vn 0.538235 -0.348037 -0.767576
v 0.0122839 -0.00383401 -0.0172387
vn 0.575467 -0.177162 -0.798406
v 0.0115113 -0.00752769 -0.0165469
vn 0.538235 -0.348037 -0.767576
v 0.0108379 -0.00466294 -0.0179966
vn 0.507751 -0.215347 -0.834155
v 0.0122839 -0.00383401 -0.0172387
vn 0.575467 -0.177162 -0.798406
v 0.0115113 -0.00752769 -0.0165469
vn 0.538235 -0.348037 -0.767576
v 0.0104787 -0.00646653 -0.0176519
vn 0.495126 -0.297004 -0.81648
v 0.0108379 -0.00466294 -0.0179966
vn 0.507751 -0.215347 -0.834155
v 0.0208963 -0.000937093 -0.00502538
vn 0.971896 -0.0408282 -0.231842
v 0.020405 -0.00191978 -0.00653756
vn 0.94748 -0.0895493 -0.307023
v 0.0198861 -0.000984779 -0.00813481
vn 0.923442 -0.0465746 -0.3809
v 0.0198861 -0.000984779 -0.00813481
vn 0.923442 -0.0465746 -0.3809
v 0.0198601 0.000937128 -0.00821503
vn 0.922446 0.0404729 -0.383998
v 0.0208963 -0.000937093 -0.00502538
vn 0.971896 -0.0408282 -0.231842
v 0.0198601 0.000937128 -0.00821503
vn 0.922446 0.0404729 -0.383998
v 0.0208702 0.000984814 -0.00510562
vn 0.970882 0.0469484 -0.234914
v 0.0208963 -0.000937093 -0.00502538
vn 0.971896 -0.0408282 -0.231842
v 0.0198601 0.000937128 -0.00821503
vn 0.922446 0.0404729 -0.383998
v 0.0203506 0.00191813 -0.00670544
vn 0.947001 0.0894349 -0.308528
v 0.0208702 0.000984814 -0.00510562
vn 0.970882 0.0469484 -0.234914
v 0.0104787 -0.00646653 -0.0176519
vn 0.495126 -0.297004 -0.81648
v 0.0115113 -0.00752769 -0.0165469
vn 0.538235 -0.348037 -0.767576
v 0.0110062 -0.00922918 -0.0160279
vn 0.519227 -0.425487 -0.741191
v 0.0110062 -0.00922918 -0.0160279
vn 0.519227 -0.425487 -0.741191
v 0.00954086 -0.00979169 -0.0166332
vn 0.448349 -0.454028 -0.769963
v 0.0104787 -0.00646653 -0.0176519
vn 0.495126 -0.297004 -0.81648
v 0.00954086 -0.00979169 -0.0166332
vn 0.448349 -0.454028 -0.769963
v 0.0090336 -0.00713487 -0.018195
vn 0.424032 -0.328773 -0.843863
v 0.0104787 -0.00646653 -0.0176519
vn 0.495126 -0.297004 -0.81648
v 0.00954086 -0.00979169 -0.0166332
vn 0.448349 -0.454028 -0.769963
v 0.00861759 -0.00875287 -0.0176892
vn 0.411523 -0.402981 -0.817469
v 0.0090336 -0.00713487 -0.018195
vn 0.424032 -0.328773 -0.843863
v 0.0151447 0.00188935 0.0151605
vn 0.705184 0.0828023 0.704172
v 0.0163175 0.000951966 0.0139762
vn 0.760774 0.0410723 0.647716
v 0.0173321 0.00191027 0.0125924
vn 0.806319 0.0815733 0.585828
v 0.0173321 0.00191027 0.0125924
vn 0.806319 0.0815733 0.585828
v 0.0150215 0.00370433 0.014957
vn 0.698942 0.167786 0.695217
v 0.0151447 0.00188935 0.0151605
vn 0.705184 0.0828023 0.704172
v 0.0173321 0.00191027 0.0125924
vn 0.806319 0.0815733 0.585828
v 0.0171431 0.00373606 0.0124551
vn 0.797254 0.169937 0.579231
v 0.0150215 0.00370433 0.014957
vn 0.698942 0.167786 0.695217
v 0.0171431 0.00373606 0.0124551
vn 0.797254 0.169937 0.579231
v 0.0160067 0.00458964 0.0136355
vn 0.74552 0.203778 0.634566
v 0.0150215 0.00370433 0.014957
vn 0.698942 0.167786 0.695217
v 0.020944 -0.00370587 -0.00327004
vn 0.974093 -0.167757 -0.15166
v 0.0204653 -0.00466278 -0.00474435
vn 0.950774 -0.213822 -0.224297
v 0.0201916 -0.00383389 -0.00635386
vn 0.937632 -0.175595 -0.30002
v 0.0201916 -0.00383389 -0.00635386
vn 0.937632 -0.175595 -0.30002
v 0.020405 -0.00191978 -0.00653756
vn 0.94748 -0.0895493 -0.307023
v 0.020944 -0.00370587 -0.00327004
vn 0.974093 -0.167757 -0.15166
v 0.020405 -0.00191978 -0.00653756
vn 0.94748 -0.0895493 -0.307023
v 0.0211633 -0.0018904 -0.00336319
vn 0.984421 -0.0824127 -0.155316
v 0.020944 -0.00370587 -0.00327004
vn 0.974093 -0.167757 -0.15166
v 0.020405 -0.00191978 -0.00653756
vn 0.94748 -0.0895493 -0.307023
v 0.0208963 -0.000937093 -0.00502538
vn 0.971896 -0.0408282 -0.231842
v 0.0211633 -0.0018904 -0.00336319
vn 0.984421 -0.0824127 -0.155316
v 0.0162909 -0.00101153 0.0139943
vn 0.758915 -0.0505942 0.649222
v 0.0163175 0.000951966 0.0139762
vn 0.760774 0.0410723 0.647716
v 0.0151447 0.00188935 0.0151605
vn 0.705184 0.0828023 0.704172
v 0.0151447 0.00188935 0.0151605
vn 0.705184 0.0828023 0.704172
v 0.0150481 -0.00199197 0.0152286
vn 0.702441 -0.0953485 0.705326
v 0.0162909 -0.00101153 0.0139943
vn 0.758915 -0.0505942 0.649222
v 0.0151447 0.00188935 0.0151605
vn 0.705184 0.0828023 0.704172
v 0.0139509 0.000935497 0.0163489
vn 0.649902 0.0405748 0.758934
v 0.0150481 -0.00199197 0.0152286
vn 0.702441 -0.0953485 0.705326
v 0.0139509 0.000935497 0.0163489
vn 0.649902 0.0405748 0.758934
v 0.0138819 -0.000984784 0.016399
vn 0.646904 -0.0480247 0.761058
v 0.0150481 -0.00199197 0.0152286
vn 0.702441 -0.0953485 0.705326
v 0.0162909 -0.00101153 0.0139943
vn 0.758915 -0.0505942 0.649222
v 0.0173147 -0.00201932 0.0125798
vn 0.805308 -0.0956646 0.585088
v 0.0183426 -0.00101154 0.0111706
vn 0.852175 -0.0501946 0.520843
v 0.0183426 -0.00101154 0.0111706
vn 0.852175 -0.0501946 0.520843
v 0.018334 0.000953568 0.0112007
vn 0.85162 0.0405979 0.522585
v 0.0162909 -0.00101153 0.0139943
vn 0.758915 -0.0505942 0.649222
v 0.018334 0.000953568 0.0112007
vn 0.85162 0.0405979 0.522585
v 0.0163175 0.000951966 0.0139762
vn 0.760774 0.0410723 0.647716
v 0.0162909 -0.00101153 0.0139943
vn 0.758915 -0.0505942 0.649222
v 0.018334 0.000953568 0.0112007
vn 0.85162 0.0405979 0.522585
v 0.0173321 0.00191027 0.0125924
vn 0.806319 0.0815733 0.585828
v 0.0163175 0.000951966 0.0139762
vn 0.760774 0.0410723 0.647716
v 0.017082 -0.00403299 0.0124096
vn 0.794664 -0.187707 0.5773
v 0.0178863 -0.0050124 0.0108205
vn 0.831125 -0.232071 0.505345
v 0.0189104 -0.00398022 0.00942403
vn 0.877751 -0.184777 0.442052
v 0.0189104 -0.00398022 0.00942403
vn 0.877751 -0.184777 0.442052
v 0.0173147 -0.00201932 0.0125798
vn 0.805308 -0.0956646 0.585088
v 0.017082 -0.00403299 0.0124096
vn 0.794664 -0.187707 0.5773
v 0.0189104 -0.00398022 0.00942403
vn 0.877751 -0.184777 0.442052
v 0.0191338 -0.0019914 0.00960482
vn 0.887788 -0.0948541 0.450373
v 0.0173147 -0.00201932 0.0125798
vn 0.805308 -0.0956646 0.585088
v 0.0191338 -0.0019914 0.00960482
vn 0.887788 -0.0948541 0.450373
v 0.0183426 -0.00101154 0.0111706
vn 0.852175 -0.0501946 0.520843
v 0.0173147 -0.00201932 0.0125798
vn 0.805308 -0.0956646 0.585088
v 0.0174249 -0.0069493 0.0105042
vn 0.809844 -0.32095 0.491063
v 0.0179901 -0.00780508 0.0088283
vn 0.836152 -0.359027 0.414667
v 0.0189904 -0.00677626 0.00748778
vn 0.881241 -0.312542 0.354587
v 0.0189904 -0.00677626 0.00748778
vn 0.881241 -0.312542 0.354587
v 0.0178863 -0.0050124 0.0108205
vn 0.831125 -0.232071 0.505345
v 0.0174249 -0.0069493 0.0105042
vn 0.809844 -0.32095 0.491063
v 0.0189904 -0.00677626 0.00748778
vn 0.881241 -0.312542 0.354587
v 0.0194497 -0.00488601 0.00776788
vn 0.902251 -0.227203 0.3665
v 0.0178863 -0.0050124 0.0108205
vn 0.831125 -0.232071 0.505345
v 0.0194497 -0.00488601 0.00776788
vn 0.902251 -0.227203 0.3665
v 0.0189104 -0.00398022 0.00942403
vn 0.877751 -0.184777 0.442052
v 0.0178863 -0.0050124 0.0108205
vn 0.831125 -0.232071 0.505345
v 0.0173307 -0.00955444 0.0084337
vn 0.804647 -0.441525 0.396986
v 0.0176824 -0.0102284 0.00676683
vn 0.820794 -0.473633 0.319324
v 0.0186455 -0.00922756 0.00551409
vn 0.865058 -0.42621 0.264611
v 0.0186455 -0.00922756 0.00551409
vn 0.865058 -0.42621 0.264611
v 0.0179901 -0.00780508 0.0088283
vn 0.836152 -0.359027 0.414667
v 0.0173307 -0.00955444 0.0084337
vn 0.804647 -0.441525 0.396986
v 0.0186455 -0.00922756 0.00551409
vn 0.865058 -0.42621 0.264611
v 0.019294 -0.00752908 0.00583344
vn 0.895598 -0.347703 0.277501
v 0.0179901 -0.00780508 0.0088283
vn 0.836152 -0.359027 0.414667
v 0.019294 -0.00752908 0.00583344
vn 0.895598 -0.347703 0.277501
v 0.0189904 -0.00677626 0.00748778
vn 0.881241 -0.312542 0.354587
v 0.0179901 -0.00780508 0.0088283
vn 0.836152 -0.359027 0.414667
v 0.0190985 0.00188934 0.00971848
vn 0.887715 0.0823216 0.452973
v 0.0198594 0.000937099 0.00821676
vn 0.922421 0.0404759 0.38406
v 0.0203506 0.00191814 0.00670544
vn 0.946998 0.0893975 0.308551
v 0.0203506 0.00191814 0.00670544
vn 0.946998 0.0893975 0.308551
v 0.0188669 0.00370432 0.00966419
vn 0.877237 0.167679 0.449821
v 0.0190985 0.00188934 0.00971848
vn 0.887715 0.0823216 0.452973
v 0.0203506 0.00191814 0.00670544
vn 0.946998 0.0893975 0.308551
v 0.0200705 0.00383342 0.00672692
vn 0.934929 0.17557 0.308356
v 0.0188669 0.00370432 0.00966419
vn 0.877237 0.167679 0.449821
v 0.0200705 0.00383342 0.00672692
vn 0.934929 0.17557 0.308356
v 0.0193455 0.00466281 0.00819079
vn 0.901031 0.213846 0.377376
v 0.0188669 0.00370432 0.00966419
vn 0.877237 0.167679 0.449821
v 0.0160067 0.00458964 -0.0136355
vn 0.745537 0.203775 -0.634547
v 0.015022 0.00370591 -0.0149561
vn 0.698981 0.167833 -0.695168
v 0.0137681 0.00466282 -0.0158675
vn 0.636954 0.214373 -0.740495
v 0.0137681 0.00466282 -0.0158675
vn 0.636954 0.214373 -0.740495
v 0.0157104 0.00621923 -0.0133445
vn 0.730316 0.283831 -0.621352
v 0.0160067 0.00458964 -0.0136355
vn 0.745537 0.203775 -0.634547
v 0.0137681 0.00466282 -0.0158675
vn 0.636954 0.214373 -0.740495
v 0.0135507 0.00646591 -0.0154201
vn 0.624341 0.29683 -0.722558
v 0.0157104 0.00621923 -0.0133445
vn 0.730316 0.283831 -0.621352
v 0.0135507 0.00646591 -0.0154201
vn 0.624341 0.29683 -0.722558
v 0.0145139 0.00713324 -0.0142139
vn 0.672905 0.325696 -0.66417
v 0.0157104 0.00621923 -0.0133445
vn 0.730316 0.283831 -0.621352
v 0.0198854 -0.000984812 0.00813653
vn 0.923414 -0.0465806 0.380969
v 0.0204051 -0.0019187 0.00653765
vn 0.947483 -0.0894636 0.307038
v 0.0208958 -0.000937112 0.0050272
vn 0.971879 -0.0408287 0.231914
v 0.0208958 -0.000937112 0.0050272
vn 0.971879 -0.0408287 0.231914
v 0.0198594 0.000937099 0.00821676
vn 0.922421 0.0404759 0.38406
v 0.0198854 -0.000984812 0.00813653
vn 0.923414 -0.0465806 0.380969
v 0.0208958 -0.000937112 0.0050272
vn 0.971879 -0.0408287 0.231914
v 0.0208702 0.000984833 0.00510563
vn 0.970884 0.0469094 0.234913
v 0.0198594 0.000937099 0.00821676
vn 0.922421 0.0404759 0.38406
v 0.0208702 0.000984833 0.00510563
vn 0.970884 0.0469094 0.234913
v 0.0203506 0.00191814 0.00670544
vn 0.946998 0.0893975 0.308551
v 0.0198594 0.000937099 0.00821676
vn 0.922421 0.0404759 0.38406
v 0.0201914 -0.00383339 0.0063548
vn 0.937624 -0.175555 0.300071
v 0.020465 -0.00466338 0.0047452
vn 0.95075 -0.213891 0.224334
v 0.0209437 -0.00370589 0.00327189
vn 0.974081 -0.167762 0.151731
v 0.0209437 -0.00370589 0.00327189
vn 0.974081 -0.167762 0.151731
v 0.0204051 -0.0019187 0.00653765
vn 0.947483 -0.0894636 0.307038
v 0.0201914 -0.00383339 0.0063548
vn 0.937624 -0.175555 0.300071
v 0.0209437 -0.00370589 0.00327189
vn 0.974081 -0.167762 0.151731
v 0.0211634 -0.00188931 0.00336325
vn 0.984425 -0.0823405 0.155327
v 0.0204051 -0.0019187 0.00653765
vn 0.947483 -0.0894636 0.307038
v 0.0211634 -0.00188931 0.00336325
vn 0.984425 -0.0823405 0.155327
v 0.0208958 -0.000937112 0.0050272
vn 0.971879 -0.0408287 0.231914
v 0.0204051 -0.0019187 0.00653765
vn 0.947483 -0.0894636 0.307038
v 0.0148078 -0.00398029 0.0150713
vn 0.691292 -0.185055 0.698477
v 0.0150481 -0.00199197 0.0152286
vn 0.702441 -0.0953485 0.705326
v 0.0138819 -0.000984784 0.016399
vn 0.646904 -0.0480247 0.761058
v 0.0138819 -0.000984784 0.016399
vn 0.646904 -0.0480247 0.761058
v 0.0133974 -0.00488544 0.016098
vn 0.626202 -0.227266 0.745802
v 0.0148078 -0.00398029 0.0150713
vn 0.691292 -0.185055 0.698477
v 0.0138819 -0.000984784 0.016399
vn 0.646904 -0.0480247 0.761058
v 0.012524 -0.0019182 0.0173855
vn 0.585187 -0.0898024 0.805911
v 0.0133974 -0.00488544 0.016098
vn 0.626202 -0.227266 0.745802
v 0.012524 -0.0019182 0.0173855
vn 0.585187 -0.0898024 0.805911
v 0.0122824 -0.00383391 0.0172398
vn 0.575373 -0.177175 0.79847
v 0.0133974 -0.00488544 0.016098
vn 0.626202 -0.227266 0.745802
v 0.0173321 0.00191027 0.0125924
vn 0.806319 0.0815733 0.585828
v 0.018334 0.000953568 0.0112007
vn 0.85162 0.0405979 0.522585
v 0.0190985 0.00188934 0.00971848
vn 0.887715 0.0823216 0.452973
v 0.0190985 0.00188934 0.00971848
vn 0.887715 0.0823216 0.452973
v 0.0188669 0.00370432 0.00966419
vn 0.877237 0.167679 0.449821
v 0.0173321 0.00191027 0.0125924
vn 0.806319 0.0815733 0.585828
v 0.0188669 0.00370432 0.00966419
vn 0.877237 0.167679 0.449821
v 0.0171431 0.00373606 0.0124551
vn 0.797254 0.169937 0.579231
v 0.0173321 0.00191027 0.0125924
vn 0.806319 0.0815733 0.585828
v 0.0188669 0.00370432 0.00966419
vn 0.877237 0.167679 0.449821
v 0.017915 0.00459013 0.0110087
vn 0.833897 0.2038 0.512915
v 0.0171431 0.00373606 0.0124551
vn 0.797254 0.169937 0.579231
v 0.0164832 0.00697839 -0.0119745
vn 0.768797 0.311436 -0.558533
v 0.0157104 0.00621923 -0.0133445
vn 0.730316 0.283831 -0.621352
v 0.0145139 0.00713324 -0.0142139
vn 0.672905 0.325696 -0.66417
v 0.0145139 0.00713324 -0.0142139
vn 0.672905 0.325696 -0.66417
v 0.0160528 0.00839224 -0.0116618
vn 0.747349 0.382998 -0.542939
v 0.0164832 0.00697839 -0.0119745
vn 0.768797 0.311436 -0.558533
v 0.0145139 0.00713324 -0.0142139
vn 0.672905 0.325696 -0.66417
v 0.0141618 0.00875258 -0.0136608
vn 0.652456 0.401878 -0.642491
v 0.0160528 0.00839224 -0.0116618
vn 0.747349 0.382998 -0.542939
v 0.0141618 0.00875258 -0.0136608
vn 0.652456 0.401878 -0.642491
v 0.0149466 0.00923651 -0.0124662
vn 0.691152 0.424549 -0.584865
v 0.0160528 0.00839224 -0.0116618
vn 0.747349 0.382998 -0.542939
v 0.0200261 -0.00646648 0.00451107
vn 0.930382 -0.296034 0.216225
v 0.0200964 -0.00713379 0.00296908
vn 0.934719 -0.325782 0.142007
v 0.020554 -0.00621812 0.00156169
vn 0.956081 -0.283754 0.0734369
v 0.020554 -0.00621812 0.00156169
vn 0.956081 -0.283754 0.0734369
v 0.020465 -0.00466338 0.0047452
vn 0.95075 -0.213891 0.224334
v 0.0200261 -0.00646648 0.00451107
vn 0.930382 -0.296034 0.216225
v 0.020554 -0.00621812 0.00156169
vn 0.956081 -0.283754 0.0734369
v 0.0209641 -0.00459113 0.0016238
vn 0.976113 -0.203832 0.0752019
v 0.020465 -0.00466338 0.0047452
vn 0.95075 -0.213891 0.224334
v 0.0209641 -0.00459113 0.0016238
vn 0.976113 -0.203832 0.0752019
v 0.0209437 -0.00370589 0.00327189
vn 0.974081 -0.167762 0.151731
v 0.020465 -0.00466338 0.0047452
vn 0.95075 -0.213891 0.224334
v 0.0148078 -0.00398029 0.0150713
vn 0.691292 -0.185055 0.698477
v 0.0158181 -0.00501241 0.0136671
vn 0.736967 -0.232424 0.634711
v 0.017082 -0.00403299 0.0124096
vn 0.794664 -0.187707 0.5773
v 0.017082 -0.00403299 0.0124096
vn 0.794664 -0.187707 0.5773
v 0.0173147 -0.00201932 0.0125798
vn 0.805308 -0.0956646 0.585088
v 0.0148078 -0.00398029 0.0150713
vn 0.691292 -0.185055 0.698477
v 0.0173147 -0.00201932 0.0125798
vn 0.805308 -0.0956646 0.585088
v 0.0150481 -0.00199197 0.0152286
vn 0.702441 -0.0953485 0.705326
v 0.0148078 -0.00398029 0.0150713
vn 0.691292 -0.185055 0.698477
v 0.0173147 -0.00201932 0.0125798
vn 0.805308 -0.0956646 0.585088
v 0.0162909 -0.00101153 0.0139943
vn 0.758915 -0.0505942 0.649222
v 0.0150481 -0.00199197 0.0152286
vn 0.702441 -0.0953485 0.705326
v 0.0129882 -0.00677617 0.0157483
vn 0.609279 -0.311824 0.729071
v 0.0133974 -0.00488544 0.016098
vn 0.626202 -0.227266 0.745802
v 0.0122824 -0.00383391 0.0172398
vn 0.575373 -0.177175 0.79847
v 0.0122824 -0.00383391 0.0172398
vn 0.575373 -0.177175 0.79847
v 0.0115101 -0.00752913 0.0165471
vn 0.538152 -0.348095 0.767608
v 0.0129882 -0.00677617 0.0157483
vn 0.609279 -0.311824 0.729071
v 0.0122824 -0.00383391 0.0172398
vn 0.575373 -0.177175 0.79847
v 0.010837 -0.00466342 0.017997
vn 0.507725 -0.215372 0.834165
v 0.0115101 -0.00752913 0.0165471
vn 0.538152 -0.348095 0.767608
v 0.010837 -0.00466342 0.017997
vn 0.507725 -0.215372 0.834165
v 0.0104783 -0.00646487 0.0176527
vn 0.495164 -0.296936 0.816481
v 0.0115101 -0.00752913 0.0165471
vn 0.538152 -0.348095 0.767608
v 0.0183426 -0.00101154 0.0111706
vn 0.852175 -0.0501946 0.520843
v 0.0191338 -0.0019914 0.00960482
vn 0.887788 -0.0948541 0.450373
v 0.0198854 -0.000984812 0.00813653
vn 0.923414 -0.0465806 0.380969
v 0.0198854 -0.000984812 0.00813653
vn 0.923414 -0.0465806 0.380969
v 0.018334 0.000953568 0.0112007
vn 0.85162 0.0405979 0.522585
v 0.0183426 -0.00101154 0.0111706
vn 0.852175 -0.0501946 0.520843
v 0.0198854 -0.000984812 0.00813653
vn 0.923414 -0.0465806 0.380969
v 0.0198594 0.000937099 0.00821676
vn 0.922421 0.0404759 0.38406
v 0.018334 0.000953568 0.0112007
vn 0.85162 0.0405979 0.522585
v 0.0198594 0.000937099 0.00821676
vn 0.922421 0.0404759 0.38406
v 0.0190985 0.00188934 0.00971848
vn 0.887715 0.0823216 0.452973
v 0.018334 0.000953568 0.0112007
vn 0.85162 0.0405979 0.522585
v 0.0137667 0.00466293 0.0158686
vn 0.636859 0.214405 0.740568
v 0.0150215 0.00370433 0.014957
vn 0.698942 0.167786 0.695217
v 0.0160067 0.00458964 0.0136355
vn 0.74552 0.203778 0.634566
v 0.0160067 0.00458964 0.0136355
vn 0.74552 0.203778 0.634566
v 0.0157106 0.00621819 0.0133447
vn 0.730314 0.283796 0.621371
v 0.0137667 0.00466293 0.0158686
vn 0.636859 0.214405 0.740568
v 0.0157106 0.00621819 0.0133447
vn 0.730314 0.283796 0.621371
v 0.0135508 0.00646487 0.0154204
vn 0.624342 0.296779 0.722578
v 0.0137667 0.00466293 0.0158686
vn 0.636859 0.214405 0.740568
v 0.0157106 0.00621819 0.0133447
vn 0.730314 0.283796 0.621371
v 0.0145125 0.00713343 0.0142151
vn 0.672817 0.32574 0.664237
v 0.0135508 0.00646487 0.0154204
vn 0.624342 0.296779 0.722578
v 0.00861602 -0.00875258 0.0176901
vn 0.411401 -0.402999 0.817521
v 0.00903385 -0.00713386 0.0181953
vn 0.424073 -0.328729 0.84386
v 0.0078374 -0.00621975 0.0190646
vn 0.36823 -0.283277 0.885529
v 0.0078374 -0.00621975 0.0190646
vn 0.36823 -0.283277 0.885529
v 0.00723801 -0.00923714 0.0180667
vn 0.34365 -0.427424 0.836189
v 0.00861602 -0.00875258 0.0176901
vn 0.411401 -0.402999 0.817521
v 0.0078374 -0.00621975 0.0190646
vn 0.36823 -0.283277 0.885529
v 0.00629481 -0.0069784 0.0193768
vn 0.294678 -0.315672 0.901951
v 0.00723801 -0.00923714 0.0180667
vn 0.34365 -0.427424 0.836189
v 0.00629481 -0.0069784 0.0193768
vn 0.294678 -0.315672 0.901951
v 0.00613043 -0.00839225 0.0188708
vn 0.287486 -0.382498 0.878093
v 0.00723801 -0.00923714 0.0180667
vn 0.34365 -0.427424 0.836189
v 0.0153747 -0.00694931 0.0133261
vn 0.717115 -0.32068 0.618797
v 0.0161769 -0.0079053 0.0117532
vn 0.753779 -0.363181 0.547646
v 0.0174249 -0.0069493 0.0105042
vn 0.809844 -0.32095 0.491063
v 0.0174249 -0.0069493 0.0105042
vn 0.809844 -0.32095 0.491063
v 0.0158181 -0.00501241 0.0136671
vn 0.736967 -0.232424 0.634711
v 0.0153747 -0.00694931 0.0133261
vn 0.717115 -0.32068 0.618797
v 0.0174249 -0.0069493 0.0105042
vn 0.809844 -0.32095 0.491063
v 0.0178863 -0.0050124 0.0108205
vn 0.831125 -0.232071 0.505345
v 0.0158181 -0.00501241 0.0136671
vn 0.736967 -0.232424 0.634711
v 0.0178863 -0.0050124 0.0108205
vn 0.831125 -0.232071 0.505345
v 0.017082 -0.00403299 0.0124096
vn 0.794664 -0.187707 0.5773
v 0.0158181 -0.00501241 0.0136671
vn 0.736967 -0.232424 0.634711
v 0.0153747 -0.00694931 0.0133261
vn 0.717115 -0.32068 0.618797
v 0.0158181 -0.00501241 0.0136671
vn 0.736967 -0.232424 0.634711
v 0.0148078 -0.00398029 0.0150713
vn 0.691292 -0.185055 0.698477
v 0.0148078 -0.00398029 0.0150713
vn 0.691292 -0.185055 0.698477
v 0.0139554 -0.0078051 0.0143815
vn 0.651421 -0.359483 0.668148
v 0.0153747 -0.00694931 0.0133261
vn 0.717115 -0.32068 0.618797
v 0.0148078 -0.00398029 0.0150713
vn 0.691292 -0.185055 0.698477
v 0.0133974 -0.00488544 0.016098
vn 0.626202 -0.227266 0.745802
v 0.0139554 -0.0078051 0.0143815
vn 0.651421 -0.359483 0.668148
v 0.0133974 -0.00488544 0.016098
vn 0.626202 -0.227266 0.745802
v 0.0129882 -0.00677617 0.0157483
vn 0.609279 -0.311824 0.729071
v 0.0139554 -0.0078051 0.0143815
vn 0.651421 -0.359483 0.668148
v 0.0110047 -0.00922897 0.0160291
vn 0.519154 -0.425478 0.741248
v 0.0115101 -0.00752913 0.0165471
vn 0.538152 -0.348095 0.767608
v 0.0104783 -0.00646487 0.0176527
vn 0.495164 -0.296936 0.816481
v 0.0104783 -0.00646487 0.0176527
vn 0.495164 -0.296936 0.816481
v 0.00954126 -0.00979075 0.0166336
vn 0.44835 -0.453981 0.769989
v 0.0110047 -0.00922897 0.0160291
vn 0.519154 -0.425478 0.741248
v 0.0104783 -0.00646487 0.0176527
vn 0.495164 -0.296936 0.816481
v 0.00903385 -0.00713386 0.0181953
vn 0.424073 -0.328729 0.84386
v 0.00954126 -0.00979075 0.0166336
vn 0.44835 -0.453981 0.769989
v 0.00903385 -0.00713386 0.0181953
vn 0.424073 -0.328729 0.84386
v 0.00861602 -0.00875258 0.0176901
vn 0.411401 -0.402999 0.817521
v 0.00954126 -0.00979075 0.0166336
vn 0.44835 -0.453981 0.769989
v 0.0189104 -0.00398022 0.00942403
vn 0.877751 -0.184777 0.442052
v 0.0194497 -0.00488601 0.00776788
vn 0.902251 -0.227203 0.3665
v 0.0201914 -0.00383339 0.0063548
vn 0.937624 -0.175555 0.300071
v 0.0201914 -0.00383339 0.0063548
vn 0.937624 -0.175555 0.300071
v 0.0191338 -0.0019914 0.00960482
vn 0.887788 -0.0948541 0.450373
v 0.0189104 -0.00398022 0.00942403
vn 0.877751 -0.184777 0.442052
v 0.0201914 -0.00383339 0.0063548
vn 0.937624 -0.175555 0.300071
v 0.0204051 -0.0019187 0.00653765
vn 0.947483 -0.0894636 0.307038
v 0.0191338 -0.0019914 0.00960482
vn 0.887788 -0.0948541 0.450373
v 0.0204051 -0.0019187 0.00653765
vn 0.947483 -0.0894636 0.307038
v 0.0198854 -0.000984812 0.00813653
vn 0.923414 -0.0465806 0.380969
v 0.0191338 -0.0019914 0.00960482
vn 0.887788 -0.0948541 0.450373
v 0.0139509 0.000935497 0.0163489
vn 0.649902 0.0405748 0.758934
v 0.0151447 0.00188935 0.0151605
vn 0.705184 0.0828023 0.704172
v 0.0150215 0.00370433 0.014957
vn 0.698942 0.167786 0.695217
v 0.0150215 0.00370433 0.014957
vn 0.698942 0.167786 0.695217
v 0.0137667 0.00466293 0.0158686
vn 0.636859 0.214405 0.740568
v 0.0139509 0.000935497 0.0163489
vn 0.649902 0.0405748 0.758934
v 0.0137667 0.00466293 0.0158686
vn 0.636859 0.214405 0.740568
v 0.0126653 0.00191872 0.0172829
vn 0.58545 0.0897541 0.805725
v 0.0139509 0.000935497 0.0163489
vn 0.649902 0.0405748 0.758934
v 0.0137667 0.00466293 0.0158686
vn 0.636859 0.214405 0.740568
v 0.0125999 0.00383235 0.0170095
vn 0.581266 0.176842 0.794265
v 0.0126653 0.00191872 0.0172829
vn 0.58545 0.0897541 0.805725
v 0.0133765 -0.00955597 0.0138752
vn 0.625849 -0.441236 0.643136
v 0.0141572 -0.0104697 0.0123591
vn 0.660442 -0.483555 0.574448
v 0.0155411 -0.00967267 0.0112924
vn 0.72367 -0.447021 0.525808
v 0.0155411 -0.00967267 0.0112924
vn 0.72367 -0.447021 0.525808
v 0.0161769 -0.0079053 0.0117532
vn 0.753779 -0.363181 0.547646
v 0.0133765 -0.00955597 0.0138752
vn 0.625849 -0.441236 0.643136
v 0.0161769 -0.0079053 0.0117532
vn 0.753779 -0.363181 0.547646
v 0.0139554 -0.0078051 0.0143815
vn 0.651421 -0.359483 0.668148
v 0.0133765 -0.00955597 0.0138752
vn 0.625849 -0.441236 0.643136
v 0.0161769 -0.0079053 0.0117532
vn 0.753779 -0.363181 0.547646
v 0.0153747 -0.00694931 0.0133261
vn 0.717115 -0.32068 0.618797
v 0.0139554 -0.0078051 0.0143815
vn 0.651421 -0.359483 0.668148
v -0.00493301 0.00458962 0.0204404
vn -0.228057 0.205358 0.951745
v -0.00486619 0.00621819 0.0200306
vn -0.22229 0.28296 0.933017
v -0.00629481 0.0069784 0.0193768
vn -0.294652 0.315669 0.901961
v -0.00629481 0.0069784 0.0193768
vn -0.294652 0.315669 0.901961
v -0.00654805 0.00373607 0.0201529
vn -0.304155 0.166926 0.937883
v -0.00493301 0.00458962 0.0204404
vn -0.228057 0.205358 0.951745
v -0.00629481 0.0069784 0.0193768
vn -0.294652 0.315669 0.901961
v -0.00783674 0.00621819 0.0190654
vn -0.368215 0.283204 0.885558
v -0.00654805 0.00373607 0.0201529
vn -0.304155 0.166926 0.937883
v -0.00783674 0.00621819 0.0190654
vn -0.368215 0.283204 0.885558
v -0.00802182 0.00458964 0.0194369
vn -0.37476 0.20561 0.904035
v -0.00654805 0.00373607 0.0201529
vn -0.304155 0.166926 0.937883
v 0.0189904 -0.00677626 0.00748778
vn 0.881241 -0.312542 0.354587
v 0.019294 -0.00752908 0.00583344
vn 0.895598 -0.347703 0.277501
v 0.0200261 -0.00646648 0.00451107
vn 0.930382 -0.296034 0.216225
v 0.0200261 -0.00646648 0.00451107
vn 0.930382 -0.296034 0.216225
v 0.0194497 -0.00488601 0.00776788
vn 0.902251 -0.227203 0.3665
v 0.0189904 -0.00677626 0.00748778
vn 0.881241 -0.312542 0.354587
v 0.0200261 -0.00646648 0.00451107
vn 0.930382 -0.296034 0.216225
v 0.020465 -0.00466338 0.0047452
vn 0.95075 -0.213891 0.224334
v 0.0194497 -0.00488601 0.00776788
vn 0.902251 -0.227203 0.3665
v 0.020465 -0.00466338 0.0047452
vn 0.95075 -0.213891 0.224334
v 0.0201914 -0.00383339 0.0063548
vn 0.937624 -0.175555 0.300071
v 0.0194497 -0.00488601 0.00776788
vn 0.902251 -0.227203 0.3665
v 0.0138819 -0.000984784 0.016399
vn 0.646904 -0.0480247 0.761058
v 0.0139509 0.000935497 0.0163489
vn 0.649902 0.0405748 0.758934
v 0.0126653 0.00191872 0.0172829
vn 0.58545 0.0897541 0.805725
v 0.0126653 0.00191872 0.0172829
vn 0.58545 0.0897541 0.805725
v 0.012524 -0.0019182 0.0173855
vn 0.585187 -0.0898024 0.805911
v 0.0138819 -0.000984784 0.016399
vn 0.646904 -0.0480247 0.761058
v 0.0126653 0.00191872 0.0172829
vn 0.58545 0.0897541 0.805725
v 0.0113067 0.000984777 0.01827
vn 0.523867 0.0480993 0.850441
v 0.012524 -0.0019182 0.0173855
vn 0.585187 -0.0898024 0.805911
v 0.0113067 0.000984777 0.01827
vn 0.523867 0.0480993 0.850441
v 0.0112384 -0.000937138 0.0183196
vn 0.520987 -0.0407393 0.852592
v 0.012524 -0.0019182 0.0173855
vn 0.585187 -0.0898024 0.805911
v 0.0104783 -0.00646487 0.0176527
vn 0.495164 -0.296936 0.816481
v 0.010837 -0.00466342 0.017997
vn 0.507725 -0.215372 0.834165
v 0.00958373 -0.00370594 0.0189076
vn 0.446609 -0.167612 0.878889
v 0.00958373 -0.00370594 0.0189076
vn 0.446609 -0.167612 0.878889
v 0.00903385 -0.00713386 0.0181953
vn 0.424073 -0.328729 0.84386
v 0.0104783 -0.00646487 0.0176527
vn 0.495164 -0.296936 0.816481
v 0.00958373 -0.00370594 0.0189076
vn 0.446609 -0.167612 0.878889
v 0.00802267 -0.00459014 0.0194365
vn 0.374805 -0.205643 0.904009
v 0.00903385 -0.00713386 0.0181953
vn 0.424073 -0.328729 0.84386
v 0.00802267 -0.00459014 0.0194365
vn 0.374805 -0.205643 0.904009
v 0.0078374 -0.00621975 0.0190646
vn 0.36823 -0.283277 0.885529
v 0.00903385 -0.00713386 0.0181953
vn 0.424073 -0.328729 0.84386
v 0.0186455 -0.00922756 0.00551409
vn 0.865058 -0.42621 0.264611
v 0.0187684 -0.00979004 0.00393351
vn 0.870016 -0.45533 0.189067
v 0.0194864 -0.00875279 0.00272961
vn 0.905637 -0.402131 0.134583
v 0.0194864 -0.00875279 0.00272961
vn 0.905637 -0.402131 0.134583
v 0.019294 -0.00752908 0.00583344
vn 0.895598 -0.347703 0.277501
v 0.0186455 -0.00922756 0.00551409
vn 0.865058 -0.42621 0.264611
v 0.0194864 -0.00875279 0.00272961
vn 0.905637 -0.402131 0.134583
v 0.0200964 -0.00713379 0.00296908
vn 0.934719 -0.325782 0.142007
v 0.019294 -0.00752908 0.00583344
vn 0.895598 -0.347703 0.277501
v 0.0200964 -0.00713379 0.00296908
vn 0.934719 -0.325782 0.142007
v 0.0200261 -0.00646648 0.00451107
vn 0.930382 -0.296034 0.216225
v 0.019294 -0.00752908 0.00583344
vn 0.895598 -0.347703 0.277501
v -0.00661935 0.00190974 0.0203754
vn -0.307401 0.0817042 0.948066
v -0.00654805 0.00373607 0.0201529
vn -0.304155 0.166926 0.937883
v -0.00802182 0.00458964 0.0194369
vn -0.37476 0.20561 0.904035
v -0.00802182 0.00458964 0.0194369
vn -0.37476 0.20561 0.904035
v -0.00824976 0.000951968 0.0198378
vn -0.381337 0.0391719 0.923606
v -0.00661935 0.00190974 0.0203754
vn -0.307401 0.0817042 0.948066
v -0.00802182 0.00458964 0.0194369
vn -0.37476 0.20561 0.904035
v -0.00958206 0.00370591 0.0189084
vn -0.446519 0.167609 0.878936
v -0.00824976 0.000951968 0.0198378
vn -0.381337 0.0391719 0.923606
v -0.00958206 0.00370591 0.0189084
vn -0.446519 0.167609 0.878936
v -0.00973769 0.00188882 0.0190887
vn -0.453152 0.082399 0.887617
v -0.00824976 0.000951968 0.0198378
vn -0.381337 0.0391719 0.923606
v 0.0122824 -0.00383391 0.0172398
vn 0.575373 -0.177175 0.79847
v 0.012524 -0.0019182 0.0173855
vn 0.585187 -0.0898024 0.805911
v 0.0112384 -0.000937138 0.0183196
vn 0.520987 -0.0407393 0.852592
v 0.0112384 -0.000937138 0.0183196
vn 0.520987 -0.0407393 0.852592
v 0.010837 -0.00466342 0.017997
vn 0.507725 -0.215372 0.834165
v 0.0122824 -0.00383391 0.0172398
vn 0.575373 -0.177175 0.79847
v 0.0112384 -0.000937138 0.0183196
vn 0.520987 -0.0407393 0.852592
v 0.00973852 -0.00188936 0.0190883
vn 0.453179 -0.0824159 0.887601
v 0.010837 -0.00466342 0.017997
vn 0.507725 -0.215372 0.834165
v 0.00973852 -0.00188936 0.0190883
vn 0.453179 -0.0824159 0.887601
v 0.00958373 -0.00370594 0.0189076
vn 0.446609 -0.167612 0.878889
v 0.010837 -0.00466342 0.017997
vn 0.507725 -0.215372 0.834165
v -0.0082735 -0.00101154 0.0198188
vn -0.383273 -0.0508999 0.922231
v -0.00824976 0.000951968 0.0198378
vn -0.381337 0.0391719 0.923606
v -0.00973769 0.00188882 0.0190887
vn -0.453152 0.082399 0.887617
v -0.00973769 0.00188882 0.0190887
vn -0.453152 0.082399 0.887617
v -0.00983316 -0.00199197 0.0190175
vn -0.453832 -0.0955601 0.885949
v -0.0082735 -0.00101154 0.0198188
vn -0.383273 -0.0508999 0.922231
v -0.00973769 0.00188882 0.0190887
vn -0.453152 0.082399 0.887617
v -0.0112377 0.000935497 0.0183201
vn -0.520973 0.040675 0.852603
v -0.00983316 -0.00199197 0.0190175
vn -0.453832 -0.0955601 0.885949
v -0.0112377 0.000935497 0.0183201
vn -0.520973 0.040675 0.852603
v -0.0113051 -0.000984818 0.018271
vn -0.523806 -0.0480983 0.850479
v -0.00983316 -0.00199197 0.0190175
vn -0.453832 -0.0955601 0.885949
v -0.00661363 -0.00201932 0.0203546
vn -0.307668 -0.0963724 0.946601
v -0.00495399 -0.00101153 0.0208972
vn -0.231952 -0.050832 0.971398
v -0.00498522 0.000953574 0.0208983
vn -0.234447 0.0393614 0.971332
v -0.00498522 0.000953574 0.0208983
vn -0.234447 0.0393614 0.971332
v -0.00661935 0.00190974 0.0203754
vn -0.307401 0.0817042 0.948066
v -0.00661363 -0.00201932 0.0203546
vn -0.307668 -0.0963724 0.946601
v -0.00661935 0.00190974 0.0203754
vn -0.307401 0.0817042 0.948066
v -0.0082735 -0.00101154 0.0198188
vn -0.383273 -0.0508999 0.922231
v -0.00661363 -0.00201932 0.0203546
vn -0.307668 -0.0963724 0.946601
v -0.00661935 0.00190974 0.0203754
vn -0.307401 0.0817042 0.948066
v -0.00824976 0.000951968 0.0198378
vn -0.381337 0.0391719 0.923606
v -0.0082735 -0.00101154 0.0198188
vn -0.383273 -0.0508999 0.922231
v -0.00476203 -0.00501239 0.020355
vn -0.222988 -0.232342 0.946728
v -0.00311923 -0.00398024 0.020897
vn -0.148555 -0.185095 0.971428
v -0.00322304 -0.00199197 0.0211652
vn -0.153744 -0.0953103 0.983503
v -0.00322304 -0.00199197 0.0211652
vn -0.153744 -0.0953103 0.983503
v -0.00495399 -0.00101153 0.0208972
vn -0.231952 -0.050832 0.971398
v -0.00476203 -0.00501239 0.020355
vn -0.222988 -0.232342 0.946728
v -0.00495399 -0.00101153 0.0208972
vn -0.231952 -0.050832 0.971398
v -0.00652369 -0.004033 0.0200807
vn -0.30357 -0.187527 0.934173
v -0.00476203 -0.00501239 0.020355
vn -0.222988 -0.232342 0.946728
v -0.00495399 -0.00101153 0.0208972
vn -0.231952 -0.050832 0.971398
v -0.00661363 -0.00201932 0.0203546
vn -0.307668 -0.0963724 0.946601
v -0.00652369 -0.004033 0.0200807
vn -0.30357 -0.187527 0.934173
v -0.00283618 -0.00780455 0.019838
vn -0.134015 -0.359508 0.923468
v -0.00125304 -0.0067763 0.0203748
vn -0.0644688 -0.311823 0.94795
v -0.00137847 -0.00488554 0.0208981
vn -0.0682978 -0.227283 0.971431
v -0.00137847 -0.00488554 0.0208981
vn -0.0682978 -0.227283 0.971431
v -0.00311923 -0.00398024 0.020897
vn -0.148555 -0.185095 0.971428
v -0.00283618 -0.00780455 0.019838
vn -0.134015 -0.359508 0.923468
v -0.00311923 -0.00398024 0.020897
vn -0.148555 -0.185095 0.971428
v -0.00460374 -0.00694928 0.0198185
vn -0.216412 -0.319988 0.922374
v -0.00283618 -0.00780455 0.019838
vn -0.134015 -0.359508 0.923468
v -0.00311923 -0.00398024 0.020897
vn -0.148555 -0.185095 0.971428
v -0.00476203 -0.00501239 0.020355
vn -0.222988 -0.232342 0.946728
v -0.00460374 -0.00694928 0.0198185
vn -0.216412 -0.319988 0.922374
v -0.000972579 -0.0102281 0.0189082
vn -0.0493386 -0.473367 0.879482
v 0.000517522 -0.0092286 0.0194364
vn 0.0156284 -0.425457 0.904844
v 0.000413121 -0.00752769 0.0201529
vn 0.0157002 -0.348012 0.937359
v 0.000413121 -0.00752769 0.0201529
vn 0.0157002 -0.348012 0.937359
v -0.00125304 -0.0067763 0.0203748
vn -0.0644688 -0.311823 0.94795
v -0.000972579 -0.0102281 0.0189082
vn -0.0493386 -0.473367 0.879482
v -0.00125304 -0.0067763 0.0203748
vn -0.0644688 -0.311823 0.94795
v -0.00266443 -0.00955587 0.0190881
vn -0.128396 -0.441218 0.888167
v -0.000972579 -0.0102281 0.0189082
vn -0.0493386 -0.473367 0.879482
v -0.00125304 -0.0067763 0.0203748
vn -0.0644688 -0.311823 0.94795
v -0.00283618 -0.00780455 0.019838
vn -0.134015 -0.359508 0.923468
v -0.00266443 -0.00955587 0.0190881
vn -0.128396 -0.441218 0.888167
v -0.00167683 0.000935497 0.0214266
vn -0.0796899 0.0406839 0.995989
v -8.86542e-05 0.00191814 0.0214266
vn -0.000386275 0.0898197 0.995958
v -0.000195536 0.00383234 0.0211671
vn -0.00374452 0.177074 0.98419
v -0.000195536 0.00383234 0.0211671
vn -0.00374452 0.177074 0.98419
v -0.00181002 0.00466293 0.0209299
vn -0.0795103 0.215336 0.973298
v -0.00167683 0.000935497 0.0214266
vn -0.0796899 0.0406839 0.995989
v -0.00181002 0.00466293 0.0209299
vn -0.0795103 0.215336 0.973298
v -0.00334022 0.00188881 0.0211671
vn -0.154991 0.0823743 0.984476
v -0.00167683 0.000935497 0.0214266
vn -0.0796899 0.0406839 0.995989
v -0.00181002 0.00466293 0.0209299
vn -0.0795103 0.215336 0.973298
v -0.00336106 0.00370433 0.0209299
vn -0.155317 0.167567 0.973549
v -0.00334022 0.00188881 0.0211671
vn -0.154991 0.0823743 0.984476
v 0.017915 0.00459013 0.0110087
vn 0.833897 0.2038 0.512915
v 0.0188669 0.00370432 0.00966419
vn 0.877237 0.167679 0.449821
v 0.0193455 0.00466281 0.00819079
vn 0.901031 0.213846 0.377376
v 0.0193455 0.00466281 0.00819079
vn 0.901031 0.213846 0.377376
v 0.0175465 0.00621817 0.0108178
vn 0.81665 0.283745 0.502565
v 0.017915 0.00459013 0.0110087
vn 0.833897 0.2038 0.512915
v 0.0193455 0.00466281 0.00819079
vn 0.901031 0.213846 0.377376
v 0.0188532 0.00646486 0.00812228
vn 0.879796 0.295958 0.371978
v 0.0175465 0.00621817 0.0108178
vn 0.81665 0.283745 0.502565
v 0.0188532 0.00646486 0.00812228
vn 0.879796 0.295958 0.371978
v 0.0180033 0.00713323 0.00941104
vn 0.839664 0.325776 0.434551
v 0.0175465 0.00621817 0.0108178
vn 0.81665 0.283745 0.502565
v 8.6793e-05 -0.00191819 0.0214266
vn 0.000285618 -0.089801 0.99596
v 0.00167687 -0.000936573 0.0214266
vn 0.0797099 -0.0407273 0.995986
v 0.00159259 0.000983169 0.0214266
vn 0.0760656 0.0479659 0.995948
v 0.00159259 0.000983169 0.0214266
vn 0.0760656 0.0479659 0.995948
v -8.86542e-05 0.00191814 0.0214266
vn -0.000386275 0.0898197 0.995958
v 8.6793e-05 -0.00191819 0.0214266
vn 0.000285618 -0.089801 0.99596
v -8.86542e-05 0.00191814 0.0214266
vn -0.000386275 0.0898197 0.995958
v -0.0015916 -0.00098478 0.0214266
vn -0.0760149 -0.0480205 0.99595
v 8.6793e-05 -0.00191819 0.0214266
vn 0.000285618 -0.089801 0.99596
v -8.86542e-05 0.00191814 0.0214266
vn -0.000386275 0.0898197 0.995958
v -0.00167683 0.000935497 0.0214266
vn -0.0796899 0.0406839 0.995989
v -0.0015916 -0.00098478 0.0214266
vn -0.0760149 -0.0480205 0.99595
v 0.00181187 -0.00466282 0.0209297
vn 0.0796228 -0.215364 0.973282
v 0.00336013 -0.00370594 0.0209298
vn 0.155601 -0.167123 0.97358
v 0.00334116 -0.00189042 0.0211668
vn 0.155475 -0.0827418 0.984368
v 0.00334116 -0.00189042 0.0211668
vn 0.155475 -0.0827418 0.984368
v 0.00167687 -0.000936573 0.0214266
vn 0.0797099 -0.0407273 0.995986
v 0.00181187 -0.00466282 0.0209297
vn 0.0796228 -0.215364 0.973282
v 0.00167687 -0.000936573 0.0214266
vn 0.0797099 -0.0407273 0.995986
v 0.0001956 -0.00383341 0.0211669
vn 0.00377486 -0.177154 0.984176
v 0.00181187 -0.00466282 0.0209297
vn 0.0796228 -0.215364 0.973282
v 0.00167687 -0.000936573 0.0214266
vn 0.0797099 -0.0407273 0.995986
v 8.6793e-05 -0.00191819 0.0214266
vn 0.000285618 -0.089801 0.99596
v 0.0001956 -0.00383341 0.0211669
vn 0.00377486 -0.177154 0.984176
v -0.0111693 -0.00488604 0.0177166
vn -0.51555 -0.226433 0.8264
v -0.00975788 -0.0039803 0.0187403
vn -0.450871 -0.184649 0.873281
v -0.00983316 -0.00199197 0.0190175
vn -0.453832 -0.0955601 0.885949
v -0.00983316 -0.00199197 0.0190175
vn -0.453832 -0.0955601 0.885949
v -0.0113051 -0.000984818 0.018271
vn -0.523806 -0.0480983 0.850479
v -0.0111693 -0.00488604 0.0177166
vn -0.51555 -0.226433 0.8264
v -0.0113051 -0.000984818 0.018271
vn -0.523806 -0.0480983 0.850479
v -0.0125991 -0.00383402 0.0170098
vn -0.581227 -0.176899 0.794281
v -0.0111693 -0.00488604 0.0177166
vn -0.51555 -0.226433 0.8264
v -0.0113051 -0.000984818 0.018271
vn -0.523806 -0.0480983 0.850479
v -0.0126645 -0.0019182 0.0172835
vn -0.585394 -0.0897378 0.805767
v -0.0125991 -0.00383402 0.0170098
vn -0.581227 -0.176899 0.794281
v -0.00498522 0.000953574 0.0208983
vn -0.234447 0.0393614 0.971332
v -0.00334022 0.00188881 0.0211671
vn -0.154991 0.0823743 0.984476
v -0.00336106 0.00370433 0.0209299
vn -0.155317 0.167567 0.973549
v -0.00336106 0.00370433 0.0209299
vn -0.155317 0.167567 0.973549
v -0.00493301 0.00458962 0.0204404
vn -0.228057 0.205358 0.951745
v -0.00498522 0.000953574 0.0208983
vn -0.234447 0.0393614 0.971332
v -0.00493301 0.00458962 0.0204404
vn -0.228057 0.205358 0.951745
v -0.00654805 0.00373607 0.0201529
vn -0.304155 0.166926 0.937883
v -0.00498522 0.000953574 0.0208983
vn -0.234447 0.0393614 0.971332
v -0.00654805 0.00373607 0.0201529
vn -0.304155 0.166926 0.937883
v -0.00661935 0.00190974 0.0203754
vn -0.307401 0.0817042 0.948066
v -0.00498522 0.000953574 0.0208983
vn -0.234447 0.0393614 0.971332
v 0.0164832 0.00697839 0.0119744
vn 0.768796 0.311438 0.558533
v 0.0175465 0.00621817 0.0108178
vn 0.81665 0.283745 0.502565
v 0.0180033 0.00713323 0.00941104
vn 0.839664 0.325776 0.434551
v 0.0180033 0.00713323 0.00941104
vn 0.839664 0.325776 0.434551
v 0.0160528 0.00839074 0.0116629
vn 0.747354 0.382903 0.542999
v 0.0164832 0.00697839 0.0119744
vn 0.768796 0.311438 0.558533
v 0.0180033 0.00713323 0.00941104
vn 0.839664 0.325776 0.434551
v 0.0173696 0.00875122 0.00924636
vn 0.811784 0.402097 0.423467
v 0.0160528 0.00839074 0.0116629
vn 0.747354 0.382903 0.542999
v 0.0173696 0.00875122 0.00924636
vn 0.811784 0.402097 0.423467
v 0.0164749 0.0092365 0.0103626
vn 0.769817 0.424611 0.476536
v 0.0160528 0.00839074 0.0116629
vn 0.747354 0.382903 0.542999
v 0.00486703 -0.0062197 0.0200299
vn 0.223425 -0.283278 0.932649
v 0.00493485 -0.00458964 0.0204399
vn 0.2289 -0.204609 0.951704
v 0.00336013 -0.00370594 0.0209298
vn 0.155601 -0.167123 0.97358
v 0.00336013 -0.00370594 0.0209298
vn 0.155601 -0.167123 0.97358
v 0.0033853 -0.00713343 0.0200306
vn 0.151269 -0.327945 0.932507
v 0.00486703 -0.0062197 0.0200299
vn 0.223425 -0.283278 0.932649
v 0.00336013 -0.00370594 0.0209298
vn 0.155601 -0.167123 0.97358
v 0.00189801 -0.00646652 0.0204399
vn 0.0792883 -0.296983 0.951585
v 0.0033853 -0.00713343 0.0200306
vn 0.151269 -0.327945 0.932507
v 0.00336013 -0.00370594 0.0209298
vn 0.155601 -0.167123 0.97358
v 0.00181187 -0.00466282 0.0209297
vn 0.0796228 -0.215364 0.973282
v 0.00189801 -0.00646652 0.0204399
vn 0.0792883 -0.296983 0.951585
v -0.00811101 -0.00501294 0.0192668
vn -0.37572 -0.232028 0.897216
v -0.00652369 -0.004033 0.0200807
vn -0.30357 -0.187527 0.934173
v -0.00661363 -0.00201932 0.0203546
vn -0.307668 -0.0963724 0.946601
v -0.00661363 -0.00201932 0.0203546
vn -0.307668 -0.0963724 0.946601
v -0.0082735 -0.00101154 0.0198188
vn -0.383273 -0.0508999 0.922231
v -0.00811101 -0.00501294 0.0192668
vn -0.37572 -0.232028 0.897216
v -0.0082735 -0.00101154 0.0198188
vn -0.383273 -0.0508999 0.922231
v -0.00975788 -0.0039803 0.0187403
vn -0.450871 -0.184649 0.873281
v -0.00811101 -0.00501294 0.0192668
vn -0.37572 -0.232028 0.897216
v -0.0082735 -0.00101154 0.0198188
vn -0.383273 -0.0508999 0.922231
v -0.00983316 -0.00199197 0.0190175
vn -0.453832 -0.0955601 0.885949
v -0.00975788 -0.0039803 0.0187403
vn -0.450871 -0.184649 0.873281
v -0.0121804 -0.00752913 0.0160601
vn -0.563487 -0.346218 0.750077
v -0.0109624 -0.0067763 0.01722
vn -0.504748 -0.312025 0.804904
v -0.0111693 -0.00488604 0.0177166
vn -0.51555 -0.226433 0.8264
v -0.0111693 -0.00488604 0.0177166
vn -0.51555 -0.226433 0.8264
v -0.0125991 -0.00383402 0.0170098
vn -0.581227 -0.176899 0.794281
v -0.0121804 -0.00752913 0.0160601
vn -0.563487 -0.346218 0.750077
v -0.0125991 -0.00383402 0.0170098
vn -0.581227 -0.176899 0.794281
v -0.0135499 -0.00646653 0.0154205
vn -0.624296 -0.296839 0.722593
v -0.0121804 -0.00752913 0.0160601
vn -0.563487 -0.346218 0.750077
v -0.0125991 -0.00383402 0.0170098
vn -0.581227 -0.176899 0.794281
v -0.0137667 -0.00466294 0.0158687
vn -0.63687 -0.214408 0.740558
v -0.0135499 -0.00646653 0.0154205
vn -0.624296 -0.296839 0.722593
v -0.00322304 -0.00199197 0.0211652
vn -0.153744 -0.0953103 0.983503
v -0.0015916 -0.00098478 0.0214266
vn -0.0760149 -0.0480205 0.99595
v -0.00167683 0.000935497 0.0214266
vn -0.0796899 0.0406839 0.995989
v -0.00167683 0.000935497 0.0214266
vn -0.0796899 0.0406839 0.995989
v -0.00334022 0.00188881 0.0211671
vn -0.154991 0.0823743 0.984476
v -0.00322304 -0.00199197 0.0211652
vn -0.153744 -0.0953103 0.983503
v -0.00334022 0.00188881 0.0211671
vn -0.154991 0.0823743 0.984476
v -0.00495399 -0.00101153 0.0208972
vn -0.231952 -0.050832 0.971398
v -0.00322304 -0.00199197 0.0211652
vn -0.153744 -0.0953103 0.983503
v -0.00334022 0.00188881 0.0211671
vn -0.154991 0.0823743 0.984476
v -0.00498522 0.000953574 0.0208983
vn -0.234447 0.0393614 0.971332
v -0.00495399 -0.00101153 0.0208972
vn -0.231952 -0.050832 0.971398
v -0.00802182 0.00458964 0.0194369
vn -0.37476 0.20561 0.904035
v -0.00783674 0.00621819 0.0190654
vn -0.368215 0.283204 0.885558
v -0.00903316 0.00713325 0.0181958
vn -0.424006 0.328704 0.843903
v -0.00903316 0.00713325 0.0181958
vn -0.424006 0.328704 0.843903
v -0.00958206 0.00370591 0.0189084
vn -0.446519 0.167609 0.878936
v -0.00802182 0.00458964 0.0194369
vn -0.37476 0.20561 0.904035
v -0.00903316 0.00713325 0.0181958
vn -0.424006 0.328704 0.843903
v -0.0104783 0.00646487 0.0176527
vn -0.495152 0.29693 0.816491
v -0.00958206 0.00370591 0.0189084
vn -0.446519 0.167609 0.878936
v -0.0104783 0.00646487 0.0176527
vn -0.495152 0.29693 0.816491
v -0.0108363 0.00466282 0.0179976
vn -0.507701 0.215327 0.834191
v -0.00958206 0.00370591 0.0189084
vn -0.446519 0.167609 0.878936
v -0.0160517 -0.00839224 0.0116633
vn -0.747314 -0.383001 0.542984
v -0.0149453 -0.0092368 0.0124675
vn -0.691078 -0.424622 0.5849
v -0.0141614 -0.00875123 0.013662
vn -0.652426 -0.401799 0.642571
v -0.0141614 -0.00875123 0.013662
vn -0.652426 -0.401799 0.642571
v -0.0145131 -0.00713386 0.0142143
vn -0.672872 -0.325682 0.66421
v -0.0160517 -0.00839224 0.0116633
vn -0.747314 -0.383001 0.542984
v -0.0145131 -0.00713386 0.0142143
vn -0.672872 -0.325682 0.66421
v -0.0164821 -0.0069784 0.011976
vn -0.768774 -0.311405 0.558582
v -0.0160517 -0.00839224 0.0116633
vn -0.747314 -0.383001 0.542984
v -0.0145131 -0.00713386 0.0142143
vn -0.672872 -0.325682 0.66421
v -0.0157096 -0.00621975 0.0133451
vn -0.73029 -0.283818 0.621388
v -0.0164821 -0.0069784 0.011976
vn -0.768774 -0.311405 0.558582
v -0.00617908 -0.00790532 0.019017
vn -0.287511 -0.363263 0.886215
v -0.00460374 -0.00694928 0.0198185
vn -0.216412 -0.319988 0.922374
v -0.00476203 -0.00501239 0.020355
vn -0.222988 -0.232342 0.946728
v -0.00476203 -0.00501239 0.020355
vn -0.222988 -0.232342 0.946728
v -0.00652369 -0.004033 0.0200807
vn -0.30357 -0.187527 0.934173
v -0.00617908 -0.00790532 0.019017
vn -0.287511 -0.363263 0.886215
v -0.00652369 -0.004033 0.0200807
vn -0.30357 -0.187527 0.934173
v -0.00792287 -0.00694932 0.0187401
vn -0.366625 -0.320052 0.873586
v -0.00617908 -0.00790532 0.019017
vn -0.287511 -0.363263 0.886215
v -0.00652369 -0.004033 0.0200807
vn -0.30357 -0.187527 0.934173
v -0.00811101 -0.00501294 0.0192668
vn -0.37572 -0.232028 0.897216
v -0.00792287 -0.00694932 0.0187401
vn -0.366625 -0.320052 0.873586
v -0.00936443 -0.00780465 0.0177171
vn -0.433838 -0.35848 0.826606
v -0.00792287 -0.00694932 0.0187401
vn -0.366625 -0.320052 0.873586
v -0.00811101 -0.00501294 0.0192668
vn -0.37572 -0.232028 0.897216
v -0.00811101 -0.00501294 0.0192668
vn -0.37572 -0.232028 0.897216
v -0.00975788 -0.0039803 0.0187403
vn -0.450871 -0.184649 0.873281
v -0.00936443 -0.00780465 0.0177171
vn -0.433838 -0.35848 0.826606
v -0.00975788 -0.0039803 0.0187403
vn -0.450871 -0.184649 0.873281
v -0.0109624 -0.0067763 0.01722
vn -0.504748 -0.312025 0.804904
v -0.00936443 -0.00780465 0.0177171
vn -0.433838 -0.35848 0.826606
v -0.00975788 -0.0039803 0.0187403
vn -0.450871 -0.184649 0.873281
v -0.0111693 -0.00488604 0.0177166
vn -0.51555 -0.226433 0.8264
v -0.0109624 -0.0067763 0.01722
vn -0.504748 -0.312025 0.804904
v -0.0128711 -0.00979075 0.0142143
vn -0.592296 -0.454499 0.665294
v -0.0118424 -0.00922918 0.0154204
vn -0.543827 -0.427705 0.722026
v -0.0121804 -0.00752913 0.0160601
vn -0.563487 -0.346218 0.750077
v -0.0121804 -0.00752913 0.0160601
vn -0.563487 -0.346218 0.750077
v -0.0135499 -0.00646653 0.0154205
vn -0.624296 -0.296839 0.722593
v -0.0128711 -0.00979075 0.0142143
vn -0.592296 -0.454499 0.665294
v -0.0135499 -0.00646653 0.0154205
vn -0.624296 -0.296839 0.722593
v -0.0141614 -0.00875123 0.013662
vn -0.652426 -0.401799 0.642571
v -0.0128711 -0.00979075 0.0142143
vn -0.592296 -0.454499 0.665294
v -0.0135499 -0.00646653 0.0154205
vn -0.624296 -0.296839 0.722593
v -0.0145131 -0.00713386 0.0142143
vn -0.672872 -0.325682 0.66421
v -0.0141614 -0.00875123 0.013662
vn -0.652426 -0.401799 0.642571
v -0.00137847 -0.00488554 0.0208981
vn -0.0682978 -0.227283 0.971431
v 0.0001956 -0.00383341 0.0211669
vn 0.00377486 -0.177154 0.984176
v 8.6793e-05 -0.00191819 0.0214266
vn 0.000285618 -0.089801 0.99596
v 8.6793e-05 -0.00191819 0.0214266
vn 0.000285618 -0.089801 0.99596
v -0.0015916 -0.00098478 0.0214266
vn -0.0760149 -0.0480205 0.99595
v -0.00137847 -0.00488554 0.0208981
vn -0.0682978 -0.227283 0.971431
v -0.0015916 -0.00098478 0.0214266
vn -0.0760149 -0.0480205 0.99595
v -0.00311923 -0.00398024 0.020897
vn -0.148555 -0.185095 0.971428
v -0.00137847 -0.00488554 0.0208981
vn -0.0682978 -0.227283 0.971431
v -0.0015916 -0.00098478 0.0214266
vn -0.0760149 -0.0480205 0.99595
v -0.00322304 -0.00199197 0.0211652
vn -0.153744 -0.0953103 0.983503
v -0.00311923 -0.00398024 0.020897
vn -0.148555 -0.185095 0.971428
v -0.00973769 0.00188882 0.0190887
vn -0.453152 0.082399 0.887617
v -0.00958206 0.00370591 0.0189084
vn -0.446519 0.167609 0.878936
v -0.0108363 0.00466282 0.0179976
vn -0.507701 0.215327 0.834191
v -0.0108363 0.00466282 0.0179976
vn -0.507701 0.215327 0.834191
v -0.0112377 0.000935497 0.0183201
vn -0.520973 0.040675 0.852603
v -0.00973769 0.00188882 0.0190887
vn -0.453152 0.082399 0.887617
v -0.0108363 0.00466282 0.0179976
vn -0.507701 0.215327 0.834191
v -0.0122835 0.00383234 0.0172395
vn -0.575453 0.177084 0.798433
v -0.0112377 0.000935497 0.0183201
vn -0.520973 0.040675 0.852603
v -0.0122835 0.00383234 0.0172395
vn -0.575453 0.177084 0.798433
v -0.0125225 0.00191814 0.0173866
vn -0.585076 0.0898108 0.80599
v -0.0112377 0.000935497 0.0183201
vn -0.520973 0.040675 0.852603
v -0.00418785 -0.0104711 0.0183195
vn -0.196423 -0.484141 0.852657
v -0.00266443 -0.00955587 0.0190881
vn -0.128396 -0.441218 0.888167
v -0.00283618 -0.00780455 0.019838
vn -0.134015 -0.359508 0.923468
v -0.00283618 -0.00780455 0.019838
vn -0.134015 -0.359508 0.923468
v -0.00460374 -0.00694928 0.0198185
vn -0.216412 -0.319988 0.922374
v -0.00418785 -0.0104711 0.0183195
vn -0.196423 -0.484141 0.852657
v -0.00460374 -0.00694928 0.0198185
vn -0.216412 -0.319988 0.922374
v -0.00593735 -0.00967269 0.0182699
vn -0.276043 -0.447249 0.850746
v -0.00418785 -0.0104711 0.0183195
vn -0.196423 -0.484141 0.852657
v -0.00460374 -0.00694928 0.0198185
vn -0.216412 -0.319988 0.922374
v -0.00617908 -0.00790532 0.019017
vn -0.287511 -0.363263 0.886215
v -0.00593735 -0.00967269 0.0182699
vn -0.276043 -0.447249 0.850746
v -0.00738025 -0.0104702 0.0172828
vn -0.342236 -0.484339 0.805165
v -0.00593735 -0.00967269 0.0182699
vn -0.276043 -0.447249 0.850746
v -0.00617908 -0.00790532 0.019017
vn -0.287511 -0.363263 0.886215
v -0.00617908 -0.00790532 0.019017
vn -0.287511 -0.363263 0.886215
v -0.00792287 -0.00694932 0.0187401
vn -0.366625 -0.320052 0.873586
v -0.00738025 -0.0104702 0.0172828
vn -0.342236 -0.484339 0.805165
v -0.00792287 -0.00694932 0.0187401
vn -0.366625 -0.320052 0.873586
v -0.0090626 -0.00955598 0.0170095
vn -0.417394 -0.442421 0.793754
v -0.00738025 -0.0104702 0.0172828
vn -0.342236 -0.484339 0.805165
v -0.00792287 -0.00694932 0.0187401
vn -0.366625 -0.320052 0.873586
v -0.00936443 -0.00780465 0.0177171
vn -0.433838 -0.35848 0.826606
v -0.0090626 -0.00955598 0.0170095
vn -0.417394 -0.442421 0.793754
v -0.0103273 -0.0102281 0.0158686
vn -0.476941 -0.473945 0.740205
v -0.0090626 -0.00955598 0.0170095
vn -0.417394 -0.442421 0.793754
v -0.00936443 -0.00780465 0.0177171
vn -0.433838 -0.35848 0.826606
v -0.00936443 -0.00780465 0.0177171
vn -0.433838 -0.35848 0.826606
v -0.0109624 -0.0067763 0.01722
vn -0.504748 -0.312025 0.804904
v -0.0103273 -0.0102281 0.0158686
vn -0.476941 -0.473945 0.740205
v -0.0109624 -0.0067763 0.01722
vn -0.504748 -0.312025 0.804904
v -0.0118424 -0.00922918 0.0154204
vn -0.543827 -0.427705 0.722026
v -0.0103273 -0.0102281 0.0158686
vn -0.476941 -0.473945 0.740205
v -0.0109624 -0.0067763 0.01722
vn -0.504748 -0.312025 0.804904
v -0.0121804 -0.00752913 0.0160601
vn -0.563487 -0.346218 0.750077
v -0.0118424 -0.00922918 0.0154204
vn -0.543827 -0.427705 0.722026
v -0.0209643 0.00458958 -0.00162478
vn -0.97613 0.203757 -0.0751882
v -0.0211898 0.0037376 9.5261e-07
vn -0.985429 0.170089 2.06881e-05
v -0.0209643 0.00458958 0.00162478
vn -0.976121 0.203795 0.0752031
v -0.0209643 0.00458958 0.00162478
vn -0.976121 0.203795 0.0752031
v -0.0205534 0.00621969 -0.00156256
vn -0.956055 0.283844 -0.0734253
v -0.0209643 0.00458958 -0.00162478
vn -0.97613 0.203757 -0.0751882
v -0.0209643 0.00458958 0.00162478
vn -0.976121 0.203795 0.0752031
v -0.0205534 0.00621969 0.00156256
vn -0.956063 0.283813 0.0734433
v -0.0205534 0.00621969 -0.00156256
vn -0.956055 0.283844 -0.0734253
v -0.0205534 0.00621969 0.00156256
vn -0.956063 0.283813 0.0734433
v -0.0203736 0.00697833 9.62211e-07
vn -0.950291 0.311362 2.05448e-05
v -0.0205534 0.00621969 -0.00156256
vn -0.956055 0.283844 -0.0734253
v 0.000413121 -0.00752769 0.0201529
vn 0.0157002 -0.348012 0.937359
v 0.00189801 -0.00646652 0.0204399
vn 0.0792883 -0.296983 0.951585
v 0.00181187 -0.00466282 0.0209297
vn 0.0796228 -0.215364 0.973282
v 0.00181187 -0.00466282 0.0209297
vn 0.0796228 -0.215364 0.973282
v 0.0001956 -0.00383341 0.0211669
vn 0.00377486 -0.177154 0.984176
v 0.000413121 -0.00752769 0.0201529
vn 0.0157002 -0.348012 0.937359
v 0.0001956 -0.00383341 0.0211669
vn 0.00377486 -0.177154 0.984176
v -0.00125304 -0.0067763 0.0203748
vn -0.0644688 -0.311823 0.94795
v 0.000413121 -0.00752769 0.0201529
vn 0.0157002 -0.348012 0.937359
v 0.0001956 -0.00383341 0.0211669
vn 0.00377486 -0.177154 0.984176
v -0.00137847 -0.00488554 0.0208981
vn -0.0682978 -0.227283 0.971431
v -0.00125304 -0.0067763 0.0203748
vn -0.0644688 -0.311823 0.94795
v -0.0113051 -0.000984818 0.018271
vn -0.523806 -0.0480983 0.850479
v -0.0112377 0.000935497 0.0183201
vn -0.520973 0.040675 0.852603
v -0.0125225 0.00191814 0.0173866
vn -0.585076 0.0898108 0.80599
v -0.0125225 0.00191814 0.0173866
vn -0.585076 0.0898108 0.80599
v -0.0126645 -0.0019182 0.0172835
vn -0.585394 -0.0897378 0.805767
v -0.0113051 -0.000984818 0.018271
vn -0.523806 -0.0480983 0.850479
v -0.0125225 0.00191814 0.0173866
vn -0.585076 0.0898108 0.80599
v -0.0138819 0.000984771 0.016399
vn -0.646912 0.0480077 0.761052
v -0.0126645 -0.0019182 0.0172835
vn -0.585394 -0.0897378 0.805767
v -0.0138819 0.000984771 0.016399
vn -0.646912 0.0480077 0.761052
v -0.0139502 -0.00093714 0.0163494
vn -0.649866 -0.0406327 0.758962
v -0.0126645 -0.0019182 0.0172835
vn -0.585394 -0.0897378 0.805767
v -0.0157096 -0.00621975 0.0133451
vn -0.73029 -0.283818 0.621388
v -0.0145131 -0.00713386 0.0142143
vn -0.672872 -0.325682 0.66421
v -0.0135499 -0.00646653 0.0154205
vn -0.624296 -0.296839 0.722593
v -0.0135499 -0.00646653 0.0154205
vn -0.624296 -0.296839 0.722593
v -0.0137667 -0.00466294 0.0158687
vn -0.63687 -0.214408 0.740558
v -0.0157096 -0.00621975 0.0133451
vn -0.73029 -0.283818 0.621388
v -0.0137667 -0.00466294 0.0158687
vn -0.63687 -0.214408 0.740558
v -0.0160055 -0.00458964 0.013637
vn -0.745482 -0.203759 0.634617
v -0.0157096 -0.00621975 0.0133451
vn -0.73029 -0.283818 0.621388
v -0.0137667 -0.00466294 0.0158687
vn -0.63687 -0.214408 0.740558
v -0.0150207 -0.00370595 0.0149574
vn -0.698924 -0.167836 0.695224
v -0.0160055 -0.00458964 0.013637
vn -0.745482 -0.203759 0.634617
v -0.0211636 0.0018888 -0.00336232
vn -0.984431 0.0823485 -0.155289
v -0.0214161 0.000951959 -0.00171576
vn -0.996147 0.0405263 -0.0777797
v -0.0214236 0.00190973 9.41336e-07
vn -0.996671 0.0815243 3.09326e-05
v -0.0214236 0.00190973 9.41336e-07
vn -0.996671 0.0815243 3.09326e-05
v -0.020944 0.00370588 -0.00327004
vn -0.974092 0.167744 -0.151679
v -0.0211636 0.0018888 -0.00336232
vn -0.984431 0.0823485 -0.155289
v -0.0214236 0.00190973 9.41336e-07
vn -0.996671 0.0815243 3.09326e-05
v -0.0211898 0.0037376 9.5261e-07
vn -0.985429 0.170089 2.06881e-05
v -0.020944 0.00370588 -0.00327004
vn -0.974092 0.167744 -0.151679
v -0.0211898 0.0037376 9.5261e-07
vn -0.985429 0.170089 2.06881e-05
v -0.0209643 0.00458958 -0.00162478
vn -0.97613 0.203757 -0.0751882
v -0.020944 0.00370588 -0.00327004
vn -0.974092 0.167744 -0.151679
v -0.0137667 -0.00466294 0.0158687
vn -0.63687 -0.214408 0.740558
v -0.0125991 -0.00383402 0.0170098
vn -0.581227 -0.176899 0.794281
v -0.0126645 -0.0019182 0.0172835
vn -0.585394 -0.0897378 0.805767
v -0.0126645 -0.0019182 0.0172835
vn -0.585394 -0.0897378 0.805767
v -0.0139502 -0.00093714 0.0163494
vn -0.649866 -0.0406327 0.758962
v -0.0137667 -0.00466294 0.0158687
vn -0.63687 -0.214408 0.740558
v -0.0139502 -0.00093714 0.0163494
vn -0.649866 -0.0406327 0.758962
v -0.0150207 -0.00370595 0.0149574
vn -0.698924 -0.167836 0.695224
v -0.0137667 -0.00466294 0.0158687
vn -0.63687 -0.214408 0.740558
v -0.0139502 -0.00093714 0.0163494
vn -0.649866 -0.0406327 0.758962
v -0.015144 -0.00188883 0.0151611
vn -0.705181 -0.082784 0.704178
v -0.0150207 -0.00370595 0.0149574
vn -0.698924 -0.167836 0.695224
v -0.0208701 -0.000984248 -0.00510653
vn -0.970979 -0.0465724 -0.234586
v -0.0211252 -0.00199303 -0.00347511
vn -0.98295 -0.0949746 -0.157443
v -0.0214053 -0.00101152 -0.00174606
vn -0.995565 -0.0502045 -0.0795631
v -0.0214053 -0.00101152 -0.00174606
vn -0.995565 -0.0502045 -0.0795631
v -0.0214161 0.000951959 -0.00171576
vn -0.996147 0.0405263 -0.0777797
v -0.0208701 -0.000984248 -0.00510653
vn -0.970979 -0.0465724 -0.234586
v -0.0214161 0.000951959 -0.00171576
vn -0.996147 0.0405263 -0.0777797
v -0.0208961 0.000936568 -0.00502631
vn -0.971994 0.0404998 -0.231489
v -0.0208701 -0.000984248 -0.00510653
vn -0.970979 -0.0465724 -0.234586
v -0.0214161 0.000951959 -0.00171576
vn -0.996147 0.0405263 -0.0777797
v -0.0211636 0.0018888 -0.00336232
vn -0.984431 0.0823485 -0.155289
v -0.0208961 0.000936568 -0.00502631
vn -0.971994 0.0404998 -0.231489
v -0.0214053 -0.00101152 -0.00174606
vn -0.995565 -0.0502045 -0.0795631
v -0.0214022 -0.0020177 9.37079e-07
vn -0.995425 -0.0955456 2.78692e-05
v -0.0214053 -0.00101152 0.00174605
vn -0.995566 -0.0501521 0.079579
v -0.0214053 -0.00101152 0.00174605
vn -0.995566 -0.0501521 0.079579
v -0.021416 0.000953566 0.00171668
vn -0.996138 0.0406149 0.0778411
v -0.0214053 -0.00101152 -0.00174606
vn -0.995565 -0.0502045 -0.0795631
v -0.021416 0.000953566 0.00171668
vn -0.996138 0.0406149 0.0778411
v -0.0214161 0.000951959 -0.00171576
vn -0.996147 0.0405263 -0.0777797
v -0.0214053 -0.00101152 -0.00174606
vn -0.995565 -0.0502045 -0.0795631
v -0.021416 0.000953566 0.00171668
vn -0.996138 0.0406149 0.0778411
v -0.0214236 0.00190973 9.41336e-07
vn -0.996671 0.0815243 3.09326e-05
v -0.0214161 0.000951959 -0.00171576
vn -0.996147 0.0405263 -0.0777797
v -0.0211139 -0.00403298 9.35315e-07
vn -0.982228 -0.187692 3.48203e-05
v -0.02083 -0.00501395 0.00176017
vn -0.969405 -0.232165 0.0797091
v -0.0208382 -0.00398022 0.00349097
vn -0.969944 -0.184779 0.158322
v -0.0208382 -0.00398022 0.00349097
vn -0.969944 -0.184779 0.158322
v -0.0214022 -0.0020177 9.37079e-07
vn -0.995425 -0.0955456 2.78692e-05
v -0.0211139 -0.00403298 9.35315e-07
vn -0.982228 -0.187692 3.48203e-05
v -0.0208382 -0.00398022 0.00349097
vn -0.969944 -0.184779 0.158322
v -0.0211252 -0.00199303 0.00347511
vn -0.982951 -0.0949527 0.157454
v -0.0214022 -0.0020177 9.37079e-07
vn -0.995425 -0.0955456 2.78692e-05
v -0.0211252 -0.00199303 0.00347511
vn -0.982951 -0.0949527 0.157454
v -0.0214053 -0.00101152 0.00174605
vn -0.995566 -0.0501521 0.079579
v -0.0214022 -0.0020177 9.37079e-07
vn -0.995425 -0.0955456 2.78692e-05
v -0.0202711 -0.00694924 0.00174586
vn -0.943812 -0.320952 0.0787998
v -0.0197435 -0.00780508 0.00343202
vn -0.920186 -0.359048 0.156022
v -0.0197643 -0.00677614 0.00510625
vn -0.921336 -0.312555 0.23119
v -0.0197643 -0.00677614 0.00510625
vn -0.921336 -0.312555 0.23119
v -0.02083 -0.00501395 0.00176017
vn -0.969405 -0.232165 0.0797091
v -0.0202711 -0.00694924 0.00174586
vn -0.943812 -0.320952 0.0787998
v -0.0197643 -0.00677614 0.00510625
vn -0.921336 -0.312555 0.23119
v -0.0203009 -0.00488542 0.00514867
vn -0.945363 -0.227154 0.23386
v -0.02083 -0.00501395 0.00176017
vn -0.969405 -0.232165 0.0797091
v -0.0203009 -0.00488542 0.00514867
vn -0.945363 -0.227154 0.23386
v -0.0208382 -0.00398022 0.00349097
vn -0.969944 -0.184779 0.158322
v -0.02083 -0.00501395 0.00176017
vn -0.969405 -0.232165 0.0797091
v -0.0189772 -0.00955583 0.00336457
vn -0.884271 -0.4416 0.151837
v -0.0182829 -0.0102285 0.00491892
vn -0.851741 -0.473613 0.224117
v -0.0183247 -0.00922894 0.00649926
vn -0.855359 -0.426239 0.294415
v -0.0183247 -0.00922894 0.00649926
vn -0.855359 -0.426239 0.294415
v -0.0197435 -0.00780508 0.00343202
vn -0.920186 -0.359048 0.156022
v -0.0189772 -0.00955583 0.00336457
vn -0.884271 -0.4416 0.151837
v -0.0183247 -0.00922894 0.00649926
vn -0.855359 -0.426239 0.294415
v -0.0190384 -0.00752748 0.00662225
vn -0.887677 -0.347639 0.301954
v -0.0197435 -0.00780508 0.00343202
vn -0.920186 -0.359048 0.156022
v -0.0190384 -0.00752748 0.00662225
vn -0.887677 -0.347639 0.301954
v -0.0197643 -0.00677614 0.00510625
vn -0.921336 -0.312555 0.23119
v -0.0197435 -0.00780508 0.00343202
vn -0.920186 -0.359048 0.156022
v -0.0211633 0.00188879 0.00336417
vn -0.984418 0.0823342 0.15538
v -0.0208961 0.000935486 0.00502635
vn -0.971995 0.0404153 0.231501
v -0.0204048 0.00191817 0.00653856
vn -0.947472 0.0894764 0.307068
v -0.0204048 0.00191817 0.00653856
vn -0.947472 0.0894764 0.307068
v -0.0209441 0.0037043 0.00327104
vn -0.9741 0.167661 0.15172
v -0.0211633 0.00188879 0.00336417
vn -0.984418 0.0823342 0.15538
v -0.0204048 0.00191817 0.00653856
vn -0.947472 0.0894764 0.307068
v -0.0201915 0.0038323 0.00635492
vn -0.937634 0.175498 0.300073
v -0.0209441 0.0037043 0.00327104
vn -0.9741 0.167661 0.15172
v -0.0201915 0.0038323 0.00635492
vn -0.937634 0.175498 0.300073
v -0.0204648 0.00466441 0.00474507
vn -0.950731 0.213967 0.224339
v -0.0209441 0.0037043 0.00327104
vn -0.9741 0.167661 0.15172
v -0.00336106 0.00370433 0.0209299
vn -0.155317 0.167567 0.973549
v -0.00181002 0.00466293 0.0209299
vn -0.0795103 0.215336 0.973298
v -0.00189882 0.00646486 0.0204404
vn -0.0793765 0.296939 0.951592
v -0.00189882 0.00646486 0.0204404
vn -0.0793765 0.296939 0.951592
v -0.00338714 0.00713324 0.0200303
vn -0.152996 0.328701 0.931959
v -0.00336106 0.00370433 0.0209299
vn -0.155317 0.167567 0.973549
v -0.00338714 0.00713324 0.0200303
vn -0.152996 0.328701 0.931959
v -0.00493301 0.00458962 0.0204404
vn -0.228057 0.205358 0.951745
v -0.00336106 0.00370433 0.0209299
vn -0.155317 0.167567 0.973549
v -0.00338714 0.00713324 0.0200303
vn -0.152996 0.328701 0.931959
v -0.00486619 0.00621819 0.0200306
vn -0.22229 0.28296 0.933017
v -0.00493301 0.00458962 0.0204404
vn -0.228057 0.205358 0.951745
v -0.0208698 -0.000984777 0.00510743
vn -0.970969 -0.0465889 0.234624
v -0.0203507 -0.00191978 0.00670458
vn -0.946993 -0.089543 0.308522
v -0.0198594 -0.000937114 0.00821676
vn -0.922552 -0.0408734 0.383703
v -0.0198594 -0.000937114 0.00821676
vn -0.922552 -0.0408734 0.383703
v -0.0208961 0.000935486 0.00502635
vn -0.971995 0.0404153 0.231501
v -0.0208698 -0.000984777 0.00510743
vn -0.970969 -0.0465889 0.234624
v -0.0198594 -0.000937114 0.00821676
vn -0.922552 -0.0408734 0.383703
v -0.0198858 0.000983138 0.00813576
vn -0.923555 0.0468217 0.380596
v -0.0208961 0.000935486 0.00502635
vn -0.971995 0.0404153 0.231501
v -0.0198858 0.000983138 0.00813576
vn -0.923555 0.0468217 0.380596
v -0.0204048 0.00191817 0.00653856
vn -0.947472 0.0894764 0.307068
v -0.0208961 0.000935486 0.00502635
vn -0.971995 0.0404153 0.231501
v -0.0200701 -0.00383389 0.00672778
vn -0.934921 -0.175573 0.308379
v -0.0193457 -0.0046634 0.00818993
vn -0.90103 -0.21391 0.377342
v -0.0188671 -0.00370594 0.00966327
vn -0.877226 -0.167782 0.449804
v -0.0188671 -0.00370594 0.00966327
vn -0.877226 -0.167782 0.449804
v -0.0203507 -0.00191978 0.00670458
vn -0.946993 -0.089543 0.308522
v -0.0200701 -0.00383389 0.00672778
vn -0.934921 -0.175573 0.308379
v -0.0188671 -0.00370594 0.00966327
vn -0.877226 -0.167782 0.449804
v -0.0190981 -0.00188883 0.00971933
vn -0.88769 -0.0823181 0.453024
v -0.0203507 -0.00191978 0.00670458
vn -0.946993 -0.089543 0.308522
v -0.0190981 -0.00188883 0.00971933
vn -0.88769 -0.0823181 0.453024
v -0.0198594 -0.000937114 0.00821676
vn -0.922552 -0.0408734 0.383703
v -0.0203507 -0.00191978 0.00670458
vn -0.946993 -0.089543 0.308522
v -0.0200706 -0.00383399 -0.00672602
vn -0.93494 -0.175584 -0.308314
v -0.0203007 -0.00488706 -0.00514775
vn -0.945356 -0.227238 -0.233805
v -0.0208385 -0.00398027 -0.00348913
vn -0.969962 -0.184756 -0.158236
v -0.0208385 -0.00398027 -0.00348913
vn -0.969962 -0.184756 -0.158236
v -0.0211252 -0.00199303 -0.00347511
vn -0.98295 -0.0949746 -0.157443
v -0.0200706 -0.00383399 -0.00672602
vn -0.93494 -0.175584 -0.308314
v -0.0211252 -0.00199303 -0.00347511
vn -0.98295 -0.0949746 -0.157443
v -0.0203507 -0.00191978 -0.00670458
vn -0.94699 -0.0895652 -0.308526
v -0.0200706 -0.00383399 -0.00672602
vn -0.93494 -0.175584 -0.308314
v -0.0211252 -0.00199303 -0.00347511
vn -0.98295 -0.0949746 -0.157443
v -0.0208701 -0.000984248 -0.00510653
vn -0.970979 -0.0465724 -0.234586
v -0.0203507 -0.00191978 -0.00670458
vn -0.94699 -0.0895652 -0.308526
v -0.0214236 0.00190973 9.41336e-07
vn -0.996671 0.0815243 3.09326e-05
v -0.021416 0.000953566 0.00171668
vn -0.996138 0.0406149 0.0778411
v -0.0211633 0.00188879 0.00336417
vn -0.984418 0.0823342 0.15538
v -0.0211633 0.00188879 0.00336417
vn -0.984418 0.0823342 0.15538
v -0.0209441 0.0037043 0.00327104
vn -0.9741 0.167661 0.15172
v -0.0214236 0.00190973 9.41336e-07
vn -0.996671 0.0815243 3.09326e-05
v -0.0209441 0.0037043 0.00327104
vn -0.9741 0.167661 0.15172
v -0.0211898 0.0037376 9.5261e-07
vn -0.985429 0.170089 2.06881e-05
v -0.0214236 0.00190973 9.41336e-07
vn -0.996671 0.0815243 3.09326e-05
v -0.0209441 0.0037043 0.00327104
vn -0.9741 0.167661 0.15172
v -0.0209643 0.00458958 0.00162478
vn -0.976121 0.203795 0.0752031
v -0.0211898 0.0037376 9.5261e-07
vn -0.985429 0.170089 2.06881e-05
v -0.00486619 0.00621819 0.0200306
vn -0.22229 0.28296 0.933017
v -0.00338714 0.00713324 0.0200303
vn -0.152996 0.328701 0.931959
v -0.00342632 0.00875123 0.0193767
vn -0.14759 0.402909 0.903262
v -0.00342632 0.00875123 0.0193767
vn -0.14759 0.402909 0.903262
v -0.00476256 0.00923681 0.0188711
vn -0.213161 0.4278 0.878379
v -0.00486619 0.00621819 0.0200306
vn -0.22229 0.28296 0.933017
v -0.00476256 0.00923681 0.0188711
vn -0.213161 0.4278 0.878379
v -0.00613151 0.00839075 0.0188711
vn -0.287567 0.382433 0.878094
v -0.00486619 0.00621819 0.0200306
vn -0.22229 0.28296 0.933017
v -0.00613151 0.00839075 0.0188711
vn -0.287567 0.382433 0.878094
v -0.00629481 0.0069784 0.0193768
vn -0.294652 0.315669 0.901961
v -0.00486619 0.00621819 0.0200306
vn -0.22229 0.28296 0.933017
v -0.018853 -0.0064665 -0.00812136
vn -0.87979 -0.296034 -0.371933
v -0.019038 -0.0075291 -0.00662129
vn -0.887641 -0.347753 -0.301929
v -0.0197643 -0.00677614 -0.00510625
vn -0.921346 -0.312544 -0.231166
v -0.0197643 -0.00677614 -0.00510625
vn -0.921346 -0.312544 -0.231166
v -0.0203007 -0.00488706 -0.00514775
vn -0.945356 -0.227238 -0.233805
v -0.018853 -0.0064665 -0.00812136
vn -0.87979 -0.296034 -0.371933
v -0.0203007 -0.00488706 -0.00514775
vn -0.945356 -0.227238 -0.233805
v -0.0193455 -0.00466444 -0.00818989
vn -0.901027 -0.213928 -0.377339
v -0.018853 -0.0064665 -0.00812136
vn -0.87979 -0.296034 -0.371933
v -0.0203007 -0.00488706 -0.00514775
vn -0.945356 -0.227238 -0.233805
v -0.0200706 -0.00383399 -0.00672602
vn -0.93494 -0.175584 -0.308314
v -0.0193455 -0.00466444 -0.00818989
vn -0.901027 -0.213928 -0.377339
v -0.0214053 -0.00101152 0.00174605
vn -0.995566 -0.0501521 0.079579
v -0.0211252 -0.00199303 0.00347511
vn -0.982951 -0.0949527 0.157454
v -0.0208698 -0.000984777 0.00510743
vn -0.970969 -0.0465889 0.234624
v -0.0208698 -0.000984777 0.00510743
vn -0.970969 -0.0465889 0.234624
v -0.021416 0.000953566 0.00171668
vn -0.996138 0.0406149 0.0778411
v -0.0214053 -0.00101152 0.00174605
vn -0.995566 -0.0501521 0.079579
v -0.0208698 -0.000984777 0.00510743
vn -0.970969 -0.0465889 0.234624
v -0.0208961 0.000935486 0.00502635
vn -0.971995 0.0404153 0.231501
v -0.021416 0.000953566 0.00171668
vn -0.996138 0.0406149 0.0778411
v -0.0208961 0.000935486 0.00502635
vn -0.971995 0.0404153 0.231501
v -0.0211633 0.00188879 0.00336417
vn -0.984418 0.0823342 0.15538
v -0.021416 0.000953566 0.00171668
vn -0.996138 0.0406149 0.0778411
v -0.0204648 0.00466443 -0.00474507
vn -0.950741 0.213929 -0.224337
v -0.020944 0.00370588 -0.00327004
vn -0.974092 0.167744 -0.151679
v -0.0209643 0.00458958 -0.00162478
vn -0.97613 0.203757 -0.0751882
v -0.0209643 0.00458958 -0.00162478
vn -0.97613 0.203757 -0.0751882
v -0.0205534 0.00621969 -0.00156256
vn -0.956055 0.283844 -0.0734253
v -0.0204648 0.00466443 -0.00474507
vn -0.950741 0.213929 -0.224337
v -0.0205534 0.00621969 -0.00156256
vn -0.956055 0.283844 -0.0734253
v -0.0200265 0.00646629 -0.00450928
vn -0.930395 0.296043 -0.216158
v -0.0204648 0.00466443 -0.00474507
vn -0.950741 0.213929 -0.224337
v -0.0205534 0.00621969 -0.00156256
vn -0.956055 0.283844 -0.0734253
v -0.020096 0.0071348 -0.00296894
vn -0.934677 0.325907 -0.142001
v -0.0200265 0.00646629 -0.00450928
vn -0.930395 0.296043 -0.216158
v -0.0160517 -0.00839224 -0.0116633
vn -0.747312 -0.383017 -0.542975
v -0.0164758 -0.00923679 -0.0103609
vn -0.769842 -0.424573 -0.47653
v -0.0173686 -0.00875256 -0.00924706
vn -0.811763 -0.402106 -0.4235
v -0.0173686 -0.00875256 -0.00924706
vn -0.811763 -0.402106 -0.4235
v -0.0180041 -0.00713341 -0.00940936
vn -0.839692 -0.325779 -0.434495
v -0.0160517 -0.00839224 -0.0116633
vn -0.747312 -0.383017 -0.542975
v -0.0180041 -0.00713341 -0.00940936
vn -0.839692 -0.325779 -0.434495
v -0.0164821 -0.00697839 -0.011976
vn -0.768793 -0.311412 -0.558552
v -0.0160517 -0.00839224 -0.0116633
vn -0.747312 -0.383017 -0.542975
v -0.0180041 -0.00713341 -0.00940936
vn -0.839692 -0.325779 -0.434495
v -0.0175466 -0.00621974 -0.0108167
vn -0.816636 -0.283891 -0.502504
v -0.0164821 -0.00697839 -0.011976
vn -0.768793 -0.311412 -0.558552
v -0.0202713 -0.00694929 -0.00174399
vn -0.943807 -0.320983 -0.0787243
v -0.0199963 -0.00790378 9.37739e-07
vn -0.931761 -0.363072 3.70127e-05
v -0.0202711 -0.00694924 0.00174586
vn -0.943812 -0.320952 0.0787998
v -0.0202711 -0.00694924 0.00174586
vn -0.943812 -0.320952 0.0787998
v -0.02083 -0.00501395 -0.00176017
vn -0.969406 -0.232167 -0.0796937
v -0.0202713 -0.00694929 -0.00174399
vn -0.943807 -0.320983 -0.0787243
v -0.0202711 -0.00694924 0.00174586
vn -0.943812 -0.320952 0.0787998
v -0.02083 -0.00501395 0.00176017
vn -0.969405 -0.232165 0.0797091
v -0.02083 -0.00501395 -0.00176017
vn -0.969406 -0.232167 -0.0796937
v -0.02083 -0.00501395 0.00176017
vn -0.969405 -0.232165 0.0797091
v -0.0211139 -0.00403298 9.35315e-07
vn -0.982228 -0.187692 3.48203e-05
v -0.02083 -0.00501395 -0.00176017
vn -0.969406 -0.232167 -0.0796937
v -0.0197643 -0.00677614 -0.00510625
vn -0.921346 -0.312544 -0.231166
v -0.0197431 -0.00780608 -0.00343199
vn -0.92018 -0.359073 -0.156
v -0.0202713 -0.00694929 -0.00174399
vn -0.943807 -0.320983 -0.0787243
v -0.0202713 -0.00694929 -0.00174399
vn -0.943807 -0.320983 -0.0787243
v -0.02083 -0.00501395 -0.00176017
vn -0.969406 -0.232167 -0.0796937
v -0.0197643 -0.00677614 -0.00510625
vn -0.921346 -0.312544 -0.231166
v -0.02083 -0.00501395 -0.00176017
vn -0.969406 -0.232167 -0.0796937
v -0.0203007 -0.00488706 -0.00514775
vn -0.945356 -0.227238 -0.233805
v -0.0197643 -0.00677614 -0.00510625
vn -0.921346 -0.312544 -0.231166
v -0.02083 -0.00501395 -0.00176017
vn -0.969406 -0.232167 -0.0796937
v -0.0208385 -0.00398027 -0.00348913
vn -0.969962 -0.184756 -0.158236
v -0.0203007 -0.00488706 -0.00514775
vn -0.945356 -0.227238 -0.233805
v -0.0173686 -0.00875256 -0.00924706
vn -0.811763 -0.402106 -0.4235
v -0.0174956 -0.00979167 -0.00784847
vn -0.814985 -0.455373 -0.358378
v -0.0183252 -0.00922916 -0.00649748
vn -0.855368 -0.426261 -0.294359
v -0.0183252 -0.00922916 -0.00649748
vn -0.855368 -0.426261 -0.294359
v -0.019038 -0.0075291 -0.00662129
vn -0.887641 -0.347753 -0.301929
v -0.0173686 -0.00875256 -0.00924706
vn -0.811763 -0.402106 -0.4235
v -0.019038 -0.0075291 -0.00662129
vn -0.887641 -0.347753 -0.301929
v -0.0180041 -0.00713341 -0.00940936
vn -0.839692 -0.325779 -0.434495
v -0.0173686 -0.00875256 -0.00924706
vn -0.811763 -0.402106 -0.4235
v -0.019038 -0.0075291 -0.00662129
vn -0.887641 -0.347753 -0.301929
v -0.018853 -0.0064665 -0.00812136
vn -0.87979 -0.296034 -0.371933
v -0.0180041 -0.00713341 -0.00940936
vn -0.839692 -0.325779 -0.434495
v -0.0208382 -0.00398022 0.00349097
vn -0.969944 -0.184779 0.158322
v -0.0203009 -0.00488542 0.00514867
vn -0.945363 -0.227154 0.23386
v -0.0200701 -0.00383389 0.00672778
vn -0.934921 -0.175573 0.308379
v -0.0200701 -0.00383389 0.00672778
vn -0.934921 -0.175573 0.308379
v -0.0211252 -0.00199303 0.00347511
vn -0.982951 -0.0949527 0.157454
v -0.0208382 -0.00398022 0.00349097
vn -0.969944 -0.184779 0.158322
v -0.0200701 -0.00383389 0.00672778
vn -0.934921 -0.175573 0.308379
v -0.0203507 -0.00191978 0.00670458
vn -0.946993 -0.089543 0.308522
v -0.0211252 -0.00199303 0.00347511
vn -0.982951 -0.0949527 0.157454
v -0.0203507 -0.00191978 0.00670458
vn -0.946993 -0.089543 0.308522
v -0.0208698 -0.000984777 0.00510743
vn -0.970969 -0.0465889 0.234624
v -0.0211252 -0.00199303 0.00347511
vn -0.982951 -0.0949527 0.157454
v -0.0192105 -0.00967265 9.45546e-07
vn -0.894532 -0.447003 3.06394e-05
v -0.0187176 -0.0104702 0.00167825
vn -0.872021 -0.483477 0.076357
v -0.0189772 -0.00955583 0.00336457
vn -0.884271 -0.4416 0.151837
v -0.0189772 -0.00955583 0.00336457
vn -0.884271 -0.4416 0.151837
v -0.0199963 -0.00790378 9.37739e-07
vn -0.931761 -0.363072 3.70127e-05
v -0.0192105 -0.00967265 9.45546e-07
vn -0.894532 -0.447003 3.06394e-05
v -0.0189772 -0.00955583 0.00336457
vn -0.884271 -0.4416 0.151837
v -0.0197435 -0.00780508 0.00343202
vn -0.920186 -0.359048 0.156022
v -0.0199963 -0.00790378 9.37739e-07
vn -0.931761 -0.363072 3.70127e-05
v -0.0197435 -0.00780508 0.00343202
vn -0.920186 -0.359048 0.156022
v -0.0202711 -0.00694924 0.00174586
vn -0.943812 -0.320952 0.0787998
v -0.0199963 -0.00790378 9.37739e-07
vn -0.931761 -0.363072 3.70127e-05
v -0.0189775 -0.00955595 -0.00336271
vn -0.884282 -0.441607 -0.151752
v -0.018717 -0.0104711 -0.00167823
vn -0.871987 -0.48354 -0.0763454
v -0.0192105 -0.00967265 9.45546e-07
vn -0.894532 -0.447003 3.06394e-05
v -0.0192105 -0.00967265 9.45546e-07
vn -0.894532 -0.447003 3.06394e-05
v -0.0199963 -0.00790378 9.37739e-07
vn -0.931761 -0.363072 3.70127e-05
v -0.0189775 -0.00955595 -0.00336271
vn -0.884282 -0.441607 -0.151752
v -0.0199963 -0.00790378 9.37739e-07
vn -0.931761 -0.363072 3.70127e-05
v -0.0197431 -0.00780608 -0.00343199
vn -0.92018 -0.359073 -0.156
v -0.0189775 -0.00955595 -0.00336271
vn -0.884282 -0.441607 -0.151752
v -0.0199963 -0.00790378 9.37739e-07
vn -0.931761 -0.363072 3.70127e-05
v -0.0202713 -0.00694929 -0.00174399
vn -0.943807 -0.320983 -0.0787243
v -0.0197431 -0.00780608 -0.00343199
vn -0.92018 -0.359073 -0.156
v -0.0183252 -0.00922916 -0.00649748
vn -0.855368 -0.426261 -0.294359
v -0.0182823 -0.0102294 -0.00491888
vn -0.851711 -0.473675 -0.224098
v -0.0189775 -0.00955595 -0.00336271
vn -0.884282 -0.441607 -0.151752
v -0.0189775 -0.00955595 -0.00336271
vn -0.884282 -0.441607 -0.151752
v -0.0197431 -0.00780608 -0.00343199
vn -0.92018 -0.359073 -0.156
v -0.0183252 -0.00922916 -0.00649748
vn -0.855368 -0.426261 -0.294359
v -0.0197431 -0.00780608 -0.00343199
vn -0.92018 -0.359073 -0.156
v -0.019038 -0.0075291 -0.00662129
vn -0.887641 -0.347753 -0.301929
v -0.0183252 -0.00922916 -0.00649748
vn -0.855368 -0.426261 -0.294359
v -0.0197431 -0.00780608 -0.00343199
vn -0.92018 -0.359073 -0.156
v -0.0197643 -0.00677614 -0.00510625
vn -0.921346 -0.312544 -0.231166
v -0.019038 -0.0075291 -0.00662129
vn -0.887641 -0.347753 -0.301929
v -0.0125891 -0.0112709 -0.0133436
vn -0.578527 -0.525321 -0.623975
v -0.0112635 -0.0122645 -0.0136355
vn -0.514585 -0.574531 -0.636487
v -0.0110098 -0.0136622 -0.0124541
vn -0.505257 -0.638679 -0.580349
v -0.0110098 -0.0136622 -0.0124541
vn -0.505257 -0.638679 -0.580349
v -0.0136131 -0.0116224 -0.0119744
vn -0.626682 -0.546531 -0.555494
v -0.0125891 -0.0112709 -0.0133436
vn -0.578527 -0.525321 -0.623975
v -0.0110098 -0.0136622 -0.0124541
vn -0.505257 -0.638679 -0.580349
v -0.0121166 -0.0139709 -0.0110095
vn -0.556116 -0.654817 -0.511809
v -0.0136131 -0.0116224 -0.0119744
vn -0.626682 -0.546531 -0.555494
v -0.0121166 -0.0139709 -0.0110095
vn -0.556116 -0.654817 -0.511809
v -0.0134086 -0.0129134 -0.0108177
vn -0.620455 -0.603631 -0.500665
v -0.0136131 -0.0116224 -0.0119744
vn -0.626682 -0.546531 -0.555494
v -0.0197643 -0.00677614 0.00510625
vn -0.921336 -0.312555 0.23119
v -0.0190384 -0.00752748 0.00662225
vn -0.887677 -0.347639 0.301954
v -0.0188523 -0.00646632 0.00812307
vn -0.879765 -0.296004 0.372015
v -0.0188523 -0.00646632 0.00812307
vn -0.879765 -0.296004 0.372015
v -0.0203009 -0.00488542 0.00514867
vn -0.945363 -0.227154 0.23386
v -0.0197643 -0.00677614 0.00510625
vn -0.921336 -0.312555 0.23119
v -0.0188523 -0.00646632 0.00812307
vn -0.879765 -0.296004 0.372015
v -0.0193457 -0.0046634 0.00818993
vn -0.90103 -0.21391 0.377342
v -0.0203009 -0.00488542 0.00514867
vn -0.945363 -0.227154 0.23386
v -0.0193457 -0.0046634 0.00818993
vn -0.90103 -0.21391 0.377342
v -0.0200701 -0.00383389 0.00672778
vn -0.934921 -0.175573 0.308379
v -0.0203009 -0.00488542 0.00514867
vn -0.945363 -0.227154 0.23386
v -0.0198598 -0.000935489 -0.00821587
vn -0.922572 -0.0407491 -0.383668
v -0.0203507 -0.00191978 -0.00670458
vn -0.94699 -0.0895652 -0.308526
v -0.0208701 -0.000984248 -0.00510653
vn -0.970979 -0.0465724 -0.234586
v -0.0208701 -0.000984248 -0.00510653
vn -0.970979 -0.0465724 -0.234586
v -0.0208961 0.000936568 -0.00502631
vn -0.971994 0.0404998 -0.231489
v -0.0198598 -0.000935489 -0.00821587
vn -0.922572 -0.0407491 -0.383668
v -0.0208961 0.000936568 -0.00502631
vn -0.971994 0.0404998 -0.231489
v -0.0198858 0.00098425 -0.00813569
vn -0.923552 0.0469082 -0.380593
v -0.0198598 -0.000935489 -0.00821587
vn -0.922572 -0.0407491 -0.383668
v -0.0208961 0.000936568 -0.00502631
vn -0.971994 0.0404998 -0.231489
v -0.0204054 0.00191813 -0.00653678
vn -0.9475 0.0894625 -0.306986
v -0.0198858 0.00098425 -0.00813569
vn -0.923552 0.0469082 -0.380593
v -0.0175466 -0.00621974 -0.0108167
vn -0.816636 -0.283891 -0.502504
v -0.0180041 -0.00713341 -0.00940936
vn -0.839692 -0.325779 -0.434495
v -0.018853 -0.0064665 -0.00812136
vn -0.87979 -0.296034 -0.371933
v -0.018853 -0.0064665 -0.00812136
vn -0.87979 -0.296034 -0.371933
v -0.0193455 -0.00466444 -0.00818989
vn -0.901027 -0.213928 -0.377339
v -0.0175466 -0.00621974 -0.0108167
vn -0.816636 -0.283891 -0.502504
v -0.0193455 -0.00466444 -0.00818989
vn -0.901027 -0.213928 -0.377339
v -0.0179146 -0.00458962 -0.0110096
vn -0.833889 -0.203744 -0.51295
v -0.0175466 -0.00621974 -0.0108167
vn -0.816636 -0.283891 -0.502504
v -0.0193455 -0.00466444 -0.00818989
vn -0.901027 -0.213928 -0.377339
v -0.0188671 -0.00370592 -0.00966326
vn -0.877233 -0.167796 -0.449784
v -0.0179146 -0.00458962 -0.0110096
vn -0.833889 -0.203744 -0.51295
v -0.0183247 -0.00922894 0.00649926
vn -0.855359 -0.426239 0.294415
v -0.0174961 -0.00979073 0.00784852
vn -0.814992 -0.455347 0.358395
v -0.0173686 -0.00875256 0.00924706
vn -0.811753 -0.402125 0.423501
v -0.0173686 -0.00875256 0.00924706
vn -0.811753 -0.402125 0.423501
v -0.0190384 -0.00752748 0.00662225
vn -0.887677 -0.347639 0.301954
v -0.0183247 -0.00922894 0.00649926
vn -0.855359 -0.426239 0.294415
v -0.0173686 -0.00875256 0.00924706
vn -0.811753 -0.402125 0.423501
v -0.0180032 -0.00713484 0.00941008
vn -0.839643 -0.325864 0.434526
v -0.0190384 -0.00752748 0.00662225
vn -0.887677 -0.347639 0.301954
v -0.0180032 -0.00713484 0.00941008
vn -0.839643 -0.325864 0.434526
v -0.0188523 -0.00646632 0.00812307
vn -0.879765 -0.296004 0.372015
v -0.0190384 -0.00752748 0.00662225
vn -0.887677 -0.347639 0.301954
v -0.00846261 -0.0127018 -0.0151597
vn -0.389034 -0.593761 -0.704343
v -0.00815057 -0.014169 -0.0139753
vn -0.376715 -0.661483 -0.64848
v -0.00945949 -0.0146488 -0.0125916
vn -0.434039 -0.684134 -0.586149
v -0.00945949 -0.0146488 -0.0125916
vn -0.434039 -0.684134 -0.586149
v -0.010031 -0.0117791 -0.0149569
vn -0.462399 -0.550098 -0.695399
v -0.00846261 -0.0127018 -0.0151597
vn -0.389034 -0.593761 -0.704343
v -0.00945949 -0.0146488 -0.0125916
vn -0.434039 -0.684134 -0.586149
v -0.0110098 -0.0136622 -0.0124541
vn -0.505257 -0.638679 -0.580349
v -0.010031 -0.0117791 -0.0149569
vn -0.462399 -0.550098 -0.695399
v -0.0110098 -0.0136622 -0.0124541
vn -0.505257 -0.638679 -0.580349
v -0.0112635 -0.0122645 -0.0136355
vn -0.514585 -0.574531 -0.636487
v -0.010031 -0.0117791 -0.0149569
vn -0.462399 -0.550098 -0.695399
v -0.0188671 -0.00370592 -0.00966326
vn -0.877233 -0.167796 -0.449784
v -0.0193455 -0.00466444 -0.00818989
vn -0.901027 -0.213928 -0.377339
v -0.0200706 -0.00383399 -0.00672602
vn -0.93494 -0.175584 -0.308314
v -0.0200706 -0.00383399 -0.00672602
vn -0.93494 -0.175584 -0.308314
v -0.0203507 -0.00191978 -0.00670458
vn -0.94699 -0.0895652 -0.308526
v -0.0188671 -0.00370592 -0.00966326
vn -0.877233 -0.167796 -0.449784
v -0.0203507 -0.00191978 -0.00670458
vn -0.94699 -0.0895652 -0.308526
v -0.0190984 -0.00189041 -0.00971845
vn -0.887708 -0.0824403 -0.452965
v -0.0188671 -0.00370592 -0.00966326
vn -0.877233 -0.167796 -0.449784
v -0.0203507 -0.00191978 -0.00670458
vn -0.94699 -0.0895652 -0.308526
v -0.0198598 -0.000935489 -0.00821587
vn -0.922572 -0.0407491 -0.383668
v -0.0190984 -0.00189041 -0.00971845
vn -0.887708 -0.0824403 -0.452965
v -0.00532802 -0.0128581 -0.0163977
vn -0.2476 -0.600019 -0.760704
v -0.0049471 -0.0143507 -0.0152284
vn -0.229423 -0.671081 -0.704993
v -0.00638135 -0.0150246 -0.0139928
vn -0.293835 -0.701252 -0.649543
v -0.00638135 -0.0150246 -0.0139928
vn -0.293835 -0.701252 -0.649543
v -0.00707753 -0.0120597 -0.0163481
vn -0.327238 -0.563129 -0.758815
v -0.00532802 -0.0128581 -0.0163977
vn -0.2476 -0.600019 -0.760704
v -0.00638135 -0.0150246 -0.0139928
vn -0.293835 -0.701252 -0.649543
v -0.00815057 -0.014169 -0.0139753
vn -0.376715 -0.661483 -0.64848
v -0.00707753 -0.0120597 -0.0163481
vn -0.327238 -0.563129 -0.758815
v -0.00815057 -0.014169 -0.0139753
vn -0.376715 -0.661483 -0.64848
v -0.00846261 -0.0127018 -0.0151597
vn -0.389034 -0.593761 -0.704343
v -0.00707753 -0.0120597 -0.0163481
vn -0.327238 -0.563129 -0.758815
v -0.00815057 -0.014169 -0.0139753
vn -0.376715 -0.661483 -0.64848
v -0.00638135 -0.0150246 -0.0139928
vn -0.293835 -0.701252 -0.649543
v -0.00593726 -0.0163898 -0.0125797
vn -0.273881 -0.763287 -0.585134
v -0.00593726 -0.0163898 -0.0125797
vn -0.273881 -0.763287 -0.585134
v -0.00945949 -0.0146488 -0.0125916
vn -0.434039 -0.684134 -0.586149
v -0.00815057 -0.014169 -0.0139753
vn -0.376715 -0.661483 -0.64848
v -0.00593726 -0.0163898 -0.0125797
vn -0.273881 -0.763287 -0.585134
v -0.00905089 -0.0159733 -0.0111999
vn -0.415997 -0.743866 -0.523077
v -0.00945949 -0.0146488 -0.0125916
vn -0.434039 -0.684134 -0.586149
v -0.00593726 -0.0163898 -0.0125797
vn -0.273881 -0.763287 -0.585134
v -0.00729831 -0.0168586 -0.0111706
vn -0.335616 -0.784931 -0.520812
v -0.00905089 -0.0159733 -0.0111999
vn -0.415997 -0.743866 -0.523077
v -0.00729831 -0.0168586 -0.0111706
vn -0.335616 -0.784931 -0.520812
v -0.00593726 -0.0163898 -0.0125797
vn -0.273881 -0.763287 -0.585134
v -0.00403216 -0.0170823 -0.0124095
vn -0.187674 -0.794601 -0.577398
v -0.00403216 -0.0170823 -0.0124095
vn -0.187674 -0.794601 -0.577398
v -0.00351451 -0.0182405 -0.0108195
vn -0.164002 -0.847612 -0.504637
v -0.00729831 -0.0168586 -0.0111706
vn -0.335616 -0.784931 -0.520812
v -0.00351451 -0.0182405 -0.0108195
vn -0.164002 -0.847612 -0.504637
v -0.00677404 -0.0180047 -0.00960549
vn -0.311783 -0.836755 -0.450147
v -0.00729831 -0.0168586 -0.0111706
vn -0.335616 -0.784931 -0.520812
v -0.00351451 -0.0182405 -0.0108195
vn -0.164002 -0.847612 -0.504637
v -0.004897 -0.018694 -0.00942397
vn -0.227082 -0.868058 -0.441485
v -0.00677404 -0.0180047 -0.00960549
vn -0.311783 -0.836755 -0.450147
v -0.004897 -0.018694 -0.00942397
vn -0.227082 -0.868058 -0.441485
v -0.00351451 -0.0182405 -0.0108195
vn -0.164002 -0.847612 -0.504637
v -0.00157759 -0.018694 -0.0105025
vn -0.0761985 -0.867942 -0.490786
v -0.00157759 -0.018694 -0.0105025
vn -0.0761985 -0.867942 -0.490786
v -0.00106521 -0.0195817 -0.00882753
vn -0.0527318 -0.909293 -0.412803
v -0.004897 -0.018694 -0.00942397
vn -0.227082 -0.868058 -0.441485
v -0.00106521 -0.0195817 -0.00882753
vn -0.0527318 -0.909293 -0.412803
v -0.00432873 -0.0195815 -0.00776705
vn -0.200472 -0.909138 -0.365075
v -0.004897 -0.018694 -0.00942397
vn -0.227082 -0.868058 -0.441485
v -0.00106521 -0.0195817 -0.00882753
vn -0.0527318 -0.909293 -0.412803
v -0.00243238 -0.0200166 -0.00748602
vn -0.115401 -0.928039 -0.354155
v -0.00432873 -0.0195815 -0.00776705
vn -0.200472 -0.909138 -0.365075
v -0.00243238 -0.0200166 -0.00748602
vn -0.115401 -0.928039 -0.354155
v -0.00106521 -0.0195817 -0.00882753
vn -0.0527318 -0.909293 -0.412803
v 0.000796384 -0.0197745 -0.00843245
vn 0.0346125 -0.917372 -0.396523
v 0.000796384 -0.0197745 -0.00843245
vn 0.0346125 -0.917372 -0.396523
v 0.00123987 -0.0203902 -0.00676609
vn 0.0561144 -0.946226 -0.318603
v -0.00243238 -0.0200166 -0.00748602
vn -0.115401 -0.928039 -0.354155
v 0.00123987 -0.0203902 -0.00676609
vn 0.0561144 -0.946226 -0.318603
v -0.00189441 -0.0206242 -0.00583342
vn -0.0895151 -0.95738 -0.274609
v -0.00243238 -0.0200166 -0.00748602
vn -0.115401 -0.928039 -0.354155
v 0.00123987 -0.0203902 -0.00676609
vn 0.0561144 -0.946226 -0.318603
v -8.34201e-05 -0.0208036 -0.00551461
vn -0.00644389 -0.964285 -0.264787
v -0.00189441 -0.0206242 -0.00583342
vn -0.0895151 -0.95738 -0.274609
v -0.0209643 0.00458958 0.00162478
vn -0.976121 0.203795 0.0752031
v -0.0209441 0.0037043 0.00327104
vn -0.9741 0.167661 0.15172
v -0.0204648 0.00466441 0.00474507
vn -0.950731 0.213967 0.224339
v -0.0204648 0.00466441 0.00474507
vn -0.950731 0.213967 0.224339
v -0.0205534 0.00621969 0.00156256
vn -0.956063 0.283813 0.0734433
v -0.0209643 0.00458958 0.00162478
vn -0.976121 0.203795 0.0752031
v -0.0204648 0.00466441 0.00474507
vn -0.950731 0.213967 0.224339
v -0.0200261 0.00646646 0.00451106
vn -0.930378 0.296051 0.21622
v -0.0205534 0.00621969 0.00156256
vn -0.956063 0.283813 0.0734433
v -0.0200261 0.00646646 0.00451106
vn -0.930378 0.296051 0.21622
v -0.020096 0.0071348 0.00296894
vn -0.934687 0.325865 0.142031
v -0.0205534 0.00621969 0.00156256
vn -0.956063 0.283813 0.0734433
v -0.00206444 -0.0127018 -0.0172386
vn -0.100123 -0.592781 -0.799116
v -0.0016225 -0.0141692 -0.0160967
vn -0.0769045 -0.662542 -0.745067
v -0.00306226 -0.0150246 -0.0150712
vn -0.143831 -0.70154 -0.697964
v -0.00306226 -0.0150246 -0.0150712
vn -0.143831 -0.70154 -0.697964
v -0.00388533 -0.0120598 -0.0173854
vn -0.181448 -0.562934 -0.806339
v -0.00206444 -0.0127018 -0.0172386
vn -0.100123 -0.592781 -0.799116
v -0.00306226 -0.0150246 -0.0150712
vn -0.143831 -0.70154 -0.697964
v -0.0049471 -0.0143507 -0.0152284
vn -0.229423 -0.671081 -0.704993
v -0.00388533 -0.0120598 -0.0173854
vn -0.181448 -0.562934 -0.806339
v -0.0049471 -0.0143507 -0.0152284
vn -0.229423 -0.671081 -0.704993
v -0.00532802 -0.0128581 -0.0163977
vn -0.2476 -0.600019 -0.760704
v -0.00388533 -0.0120598 -0.0173854
vn -0.181448 -0.562934 -0.806339
v -0.0110098 -0.0136622 -0.0124541
vn -0.505257 -0.638679 -0.580349
v -0.00945949 -0.0146488 -0.0125916
vn -0.434039 -0.684134 -0.586149
v -0.00905089 -0.0159733 -0.0111999
vn -0.415997 -0.743866 -0.523077
v -0.00905089 -0.0159733 -0.0111999
vn -0.415997 -0.743866 -0.523077
v -0.0121166 -0.0139709 -0.0110095
vn -0.556116 -0.654817 -0.511809
v -0.0110098 -0.0136622 -0.0124541
vn -0.505257 -0.638679 -0.580349
v -0.00905089 -0.0159733 -0.0111999
vn -0.415997 -0.743866 -0.523077
v -0.0102306 -0.016238 -0.00971761
vn -0.470939 -0.757425 -0.452244
v -0.0121166 -0.0139709 -0.0110095
vn -0.556116 -0.654817 -0.511809
v -0.0102306 -0.016238 -0.00971761
vn -0.470939 -0.757425 -0.452244
v -0.0117522 -0.015218 -0.00966323
vn -0.541916 -0.710328 -0.449178
v -0.0121166 -0.0139709 -0.0110095
vn -0.556116 -0.654817 -0.511809
v -0.0203736 0.00697833 9.62211e-07
vn -0.950291 0.311362 2.05448e-05
v -0.0205534 0.00621969 0.00156256
vn -0.956063 0.283813 0.0734433
v -0.020096 0.0071348 0.00296894
vn -0.934687 0.325865 0.142031
v -0.020096 0.0071348 0.00296894
vn -0.934687 0.325865 0.142031
v -0.0198416 0.00839217 9.28249e-07
vn -0.923751 0.382994 2.98095e-05
v -0.0203736 0.00697833 9.62211e-07
vn -0.950291 0.311362 2.05448e-05
v -0.020096 0.0071348 0.00296894
vn -0.934687 0.325865 0.142031
v -0.0194868 0.0087525 0.00272783
vn -0.905645 0.402124 0.134549
v -0.0198416 0.00839217 9.28249e-07
vn -0.923751 0.382994 2.98095e-05
v -0.0194868 0.0087525 0.00272783
vn -0.905645 0.402124 0.134549
v -0.0194192 0.00923672 0.00130192
vn -0.902897 0.424604 0.0669886
v -0.0198416 0.00839217 9.28249e-07
vn -0.923751 0.382994 2.98095e-05
v -0.00638135 -0.0150246 -0.0139928
vn -0.293835 -0.701252 -0.649543
v -0.0049471 -0.0143507 -0.0152284
vn -0.229423 -0.671081 -0.704993
v -0.00306226 -0.0150246 -0.0150712
vn -0.143831 -0.70154 -0.697964
v -0.00306226 -0.0150246 -0.0150712
vn -0.143831 -0.70154 -0.697964
v -0.00258915 -0.0163897 -0.0136675
vn -0.12213 -0.763154 -0.634571
v -0.00638135 -0.0150246 -0.0139928
vn -0.293835 -0.701252 -0.649543
v -0.00258915 -0.0163897 -0.0136675
vn -0.12213 -0.763154 -0.634571
v -0.00593726 -0.0163898 -0.0125797
vn -0.273881 -0.763287 -0.585134
v -0.00638135 -0.0150246 -0.0139928
vn -0.293835 -0.701252 -0.649543
v -0.00258915 -0.0163897 -0.0136675
vn -0.12213 -0.763154 -0.634571
v -0.00403216 -0.0170823 -0.0124095
vn -0.187674 -0.794601 -0.577398
v -0.00593726 -0.0163898 -0.0125797
vn -0.273881 -0.763287 -0.585134
v 0.00109743 -0.0122644 -0.0176518
vn 0.0434141 -0.57329 -0.818201
v 0.00158657 -0.0136622 -0.016547
vn 0.0709593 -0.639017 -0.765913
v 0.000251575 -0.0146488 -0.015747
vn 0.00654823 -0.684768 -0.728732
v 0.000251575 -0.0146488 -0.015747
vn 0.00654823 -0.684768 -0.728732
v -0.000676362 -0.0117791 -0.0179965
vn -0.0348132 -0.549539 -0.834742
v 0.00109743 -0.0122644 -0.0176518
vn 0.0434141 -0.57329 -0.818201
v 0.000251575 -0.0146488 -0.015747
vn 0.00654823 -0.684768 -0.728732
v -0.0016225 -0.0141692 -0.0160967
vn -0.0769045 -0.662542 -0.745067
v -0.000676362 -0.0117791 -0.0179965
vn -0.0348132 -0.549539 -0.834742
v -0.0016225 -0.0141692 -0.0160967
vn -0.0769045 -0.662542 -0.745067
v -0.00206444 -0.0127018 -0.0172386
vn -0.100123 -0.592781 -0.799116
v -0.000676362 -0.0117791 -0.0179965
vn -0.0348132 -0.549539 -0.834742
v -0.0102306 -0.016238 -0.00971761
vn -0.470939 -0.757425 -0.452244
v -0.00905089 -0.0159733 -0.0111999
vn -0.415997 -0.743866 -0.523077
v -0.00729831 -0.0168586 -0.0111706
vn -0.335616 -0.784931 -0.520812
v -0.00729831 -0.0168586 -0.0111706
vn -0.335616 -0.784931 -0.520812
v -0.00677404 -0.0180047 -0.00960549
vn -0.311783 -0.836755 -0.450147
v -0.0102306 -0.016238 -0.00971761
vn -0.470939 -0.757425 -0.452244
v -0.00677404 -0.0180047 -0.00960549
vn -0.311783 -0.836755 -0.450147
v -0.00971981 -0.0173444 -0.00821499
vn -0.448935 -0.807082 -0.383505
v -0.0102306 -0.016238 -0.00971761
vn -0.470939 -0.757425 -0.452244
v -0.00677404 -0.0180047 -0.00960549
vn -0.311783 -0.836755 -0.450147
v -0.00801215 -0.0182265 -0.00813649
vn -0.370167 -0.847611 -0.380174
v -0.00971981 -0.0173444 -0.00821499
vn -0.448935 -0.807082 -0.383505
v -0.0103278 -0.0102294 -0.0158674
vn -0.476969 -0.473994 -0.740155
v -0.010031 -0.0117791 -0.0149569
vn -0.462399 -0.550098 -0.695399
v -0.0112635 -0.0122645 -0.0136355
vn -0.514585 -0.574531 -0.636487
v -0.0112635 -0.0122645 -0.0136355
vn -0.514585 -0.574531 -0.636487
v -0.0118424 -0.00922919 -0.0154204
vn -0.543839 -0.427698 -0.722021
v -0.0103278 -0.0102294 -0.0158674
vn -0.476969 -0.473994 -0.740155
v -0.0112635 -0.0122645 -0.0136355
vn -0.514585 -0.574531 -0.636487
v -0.0125891 -0.0112709 -0.0133436
vn -0.578527 -0.525321 -0.623975
v -0.0118424 -0.00922919 -0.0154204
vn -0.543839 -0.427698 -0.722021
v -0.0125891 -0.0112709 -0.0133436
vn -0.578527 -0.525321 -0.623975
v -0.0128709 -0.00979169 -0.0142138
vn -0.592252 -0.454567 -0.665286
v -0.0118424 -0.00922919 -0.0154204
vn -0.543839 -0.427698 -0.722021
v -0.00403216 -0.0170823 -0.0124095
vn -0.187674 -0.794601 -0.577398
v -0.00258915 -0.0163897 -0.0136675
vn -0.12213 -0.763154 -0.634571
v -0.000660259 -0.0168594 -0.013326
vn -0.0346205 -0.784917 -0.618634
v -0.000660259 -0.0168594 -0.013326
vn -0.0346205 -0.784917 -0.618634
v -0.000165752 -0.0180047 -0.0117527
vn -0.0123521 -0.836845 -0.5473
v -0.00403216 -0.0170823 -0.0124095
vn -0.187674 -0.794601 -0.577398
v -0.000165752 -0.0180047 -0.0117527
vn -0.0123521 -0.836845 -0.5473
v -0.00351451 -0.0182405 -0.0108195
vn -0.164002 -0.847612 -0.504637
v -0.00403216 -0.0170823 -0.0124095
vn -0.187674 -0.794601 -0.577398
v -0.000165752 -0.0180047 -0.0117527
vn -0.0123521 -0.836845 -0.5473
v -0.00157759 -0.018694 -0.0105025
vn -0.0761985 -0.867942 -0.490786
v -0.00351451 -0.0182405 -0.0108195
vn -0.164002 -0.847612 -0.504637
v -0.00306226 -0.0150246 -0.0150712
vn -0.143831 -0.70154 -0.697964
v -0.0016225 -0.0141692 -0.0160967
vn -0.0769045 -0.662542 -0.745067
v 0.000251575 -0.0146488 -0.015747
vn 0.00654823 -0.684768 -0.728732
v 0.000251575 -0.0146488 -0.015747
vn 0.00654823 -0.684768 -0.728732
v 0.000739074 -0.0159733 -0.0143809
vn 0.0296811 -0.743375 -0.668216
v -0.00306226 -0.0150246 -0.0150712
vn -0.143831 -0.70154 -0.697964
v 0.000739074 -0.0159733 -0.0143809
vn 0.0296811 -0.743375 -0.668216
v -0.00258915 -0.0163897 -0.0136675
vn -0.12213 -0.763154 -0.634571
v -0.00306226 -0.0150246 -0.0150712
vn -0.143831 -0.70154 -0.697964
v 0.000739074 -0.0159733 -0.0143809
vn 0.0296811 -0.743375 -0.668216
v -0.000660259 -0.0168594 -0.013326
vn -0.0346205 -0.784917 -0.618634
v -0.00258915 -0.0163897 -0.0136675
vn -0.12213 -0.763154 -0.634571
v 0.00397464 -0.0116224 -0.0176891
vn 0.175371 -0.544755 -0.820053
v 0.00448913 -0.0129134 -0.0166332
vn 0.206572 -0.60499 -0.76897
v 0.00333248 -0.0139718 -0.0160279
vn 0.147666 -0.654515 -0.741489
v 0.00333248 -0.0139718 -0.0160279
vn 0.147666 -0.654515 -0.741489
v 0.00234143 -0.0112709 -0.0181949
vn 0.103471 -0.525433 -0.84452
v 0.00397464 -0.0116224 -0.0176891
vn 0.175371 -0.544755 -0.820053
v 0.00333248 -0.0139718 -0.0160279
vn 0.147666 -0.654515 -0.741489
v 0.00158657 -0.0136622 -0.016547
vn 0.0709593 -0.639017 -0.765913
v 0.00234143 -0.0112709 -0.0181949
vn 0.103471 -0.525433 -0.84452
v 0.00158657 -0.0136622 -0.016547
vn 0.0709593 -0.639017 -0.765913
v 0.00109743 -0.0122644 -0.0176518
vn 0.0434141 -0.57329 -0.818201
v 0.00234143 -0.0112709 -0.0181949
vn 0.103471 -0.525433 -0.84452
v -0.00801215 -0.0182265 -0.00813649
vn -0.370167 -0.847611 -0.380174
v -0.00677404 -0.0180047 -0.00960549
vn -0.311783 -0.836755 -0.450147
v -0.004897 -0.018694 -0.00942397
vn -0.227082 -0.868058 -0.441485
v -0.004897 -0.018694 -0.00942397
vn -0.227082 -0.868058 -0.441485
v -0.00432873 -0.0195815 -0.00776705
vn -0.200472 -0.909138 -0.365075
v -0.00801215 -0.0182265 -0.00813649
vn -0.370167 -0.847611 -0.380174
v -0.00432873 -0.0195815 -0.00776705
vn -0.200472 -0.909138 -0.365075
v -0.00740823 -0.0191093 -0.00653752
vn -0.343287 -0.887487 -0.307442
v -0.00801215 -0.0182265 -0.00813649
vn -0.370167 -0.847611 -0.380174
v -0.00432873 -0.0195815 -0.00776705
vn -0.200472 -0.909138 -0.365075
v -0.0056008 -0.0197745 -0.00635383
vn -0.260642 -0.91749 -0.300464
v -0.00740823 -0.0191093 -0.00653752
vn -0.343287 -0.887487 -0.307442
v -0.00738007 -0.0104711 -0.0172823
vn -0.342199 -0.484392 -0.805148
v -0.00707753 -0.0120597 -0.0163481
vn -0.327238 -0.563129 -0.758815
v -0.00846261 -0.0127018 -0.0151597
vn -0.389034 -0.593761 -0.704343
v -0.00846261 -0.0127018 -0.0151597
vn -0.389034 -0.593761 -0.704343
v -0.0090626 -0.00955599 -0.0170095
vn -0.417384 -0.442431 -0.793754
v -0.00738007 -0.0104711 -0.0172823
vn -0.342199 -0.484392 -0.805148
v -0.00846261 -0.0127018 -0.0151597
vn -0.389034 -0.593761 -0.704343
v -0.010031 -0.0117791 -0.0149569
vn -0.462399 -0.550098 -0.695399
v -0.0090626 -0.00955599 -0.0170095
vn -0.417384 -0.442431 -0.793754
v -0.010031 -0.0117791 -0.0149569
vn -0.462399 -0.550098 -0.695399
v -0.0103278 -0.0102294 -0.0158674
vn -0.476969 -0.473994 -0.740155
v -0.0090626 -0.00955599 -0.0170095
vn -0.417384 -0.442431 -0.793754
v -0.00157759 -0.018694 -0.0105025
vn -0.0761985 -0.867942 -0.490786
v -0.000165752 -0.0180047 -0.0117527
vn -0.0123521 -0.836845 -0.5473
v 0.00170065 -0.0182271 -0.0112908
vn 0.0763156 -0.847445 -0.52537
v 0.00170065 -0.0182271 -0.0112908
vn 0.0763156 -0.847445 -0.52537
v 0.00215063 -0.0191093 -0.00964345
vn 0.0974594 -0.887561 -0.450263
v -0.00157759 -0.018694 -0.0105025
vn -0.0761985 -0.867942 -0.490786
v 0.00215063 -0.0191093 -0.00964345
vn 0.0974594 -0.887561 -0.450263
v -0.00106521 -0.0195817 -0.00882753
vn -0.0527318 -0.909293 -0.412803
v -0.00157759 -0.018694 -0.0105025
vn -0.0761985 -0.867942 -0.490786
v 0.00215063 -0.0191093 -0.00964345
vn 0.0974594 -0.887561 -0.450263
v 0.000796384 -0.0197745 -0.00843245
vn 0.0346125 -0.917372 -0.396523
v -0.00106521 -0.0195817 -0.00882753
vn -0.0527318 -0.909293 -0.412803
v -0.000660259 -0.0168594 -0.013326
vn -0.0346205 -0.784917 -0.618634
v 0.000739074 -0.0159733 -0.0143809
vn 0.0296811 -0.743375 -0.668216
v 0.00256474 -0.016238 -0.0138752
vn 0.115312 -0.756862 -0.643322
v 0.00256474 -0.016238 -0.0138752
vn 0.115312 -0.756862 -0.643322
v 0.00303294 -0.0173448 -0.012359
vn 0.137994 -0.806964 -0.574254
v -0.000660259 -0.0168594 -0.013326
vn -0.0346205 -0.784917 -0.618634
v 0.00303294 -0.0173448 -0.012359
vn 0.137994 -0.806964 -0.574254
v -0.000165752 -0.0180047 -0.0117527
vn -0.0123521 -0.836845 -0.5473
v -0.000660259 -0.0168594 -0.013326
vn -0.0346205 -0.784917 -0.618634
v 0.00303294 -0.0173448 -0.012359
vn 0.137994 -0.806964 -0.574254
v 0.00170065 -0.0182271 -0.0112908
vn 0.0763156 -0.847445 -0.52537
v -0.000165752 -0.0180047 -0.0117527
vn -0.0123521 -0.836845 -0.5473
v 0.00333248 -0.0139718 -0.0160279
vn 0.147666 -0.654515 -0.741489
v 0.00382591 -0.0152186 -0.0147254
vn 0.174366 -0.710537 -0.681713
v 0.00256474 -0.016238 -0.0138752
vn 0.115312 -0.756862 -0.643322
v 0.00256474 -0.016238 -0.0138752
vn 0.115312 -0.756862 -0.643322
v 0.00158657 -0.0136622 -0.016547
vn 0.0709593 -0.639017 -0.765913
v 0.00333248 -0.0139718 -0.0160279
vn 0.147666 -0.654515 -0.741489
v 0.00256474 -0.016238 -0.0138752
vn 0.115312 -0.756862 -0.643322
v 0.000739074 -0.0159733 -0.0143809
vn 0.0296811 -0.743375 -0.668216
v 0.00158657 -0.0136622 -0.016547
vn 0.0709593 -0.639017 -0.765913
v 0.000739074 -0.0159733 -0.0143809
vn 0.0296811 -0.743375 -0.668216
v 0.000251575 -0.0146488 -0.015747
vn 0.00654823 -0.684768 -0.728732
v 0.00158657 -0.0136622 -0.016547
vn 0.0709593 -0.639017 -0.765913
v 0.00880177 -0.0112713 -0.0160952
vn 0.413715 -0.524372 -0.744227
v 0.00948754 -0.0122645 -0.0149257
vn 0.445426 -0.573002 -0.687942
v 0.00844379 -0.0136626 -0.0143182
vn 0.393619 -0.639726 -0.660163
v 0.00844379 -0.0136626 -0.0143182
vn 0.393619 -0.639726 -0.660163
v 0.00718334 -0.0116214 -0.0166471
vn 0.339209 -0.543737 -0.767651
v 0.00880177 -0.0112713 -0.0160952
vn 0.413715 -0.524372 -0.744227
v 0.00844379 -0.0136626 -0.0143182
vn 0.393619 -0.639726 -0.660163
v 0.00672645 -0.0139709 -0.0149257
vn 0.315752 -0.656112 -0.685433
v 0.00718334 -0.0116214 -0.0166471
vn 0.339209 -0.543737 -0.767651
v 0.00672645 -0.0139709 -0.0149257
vn 0.315752 -0.656112 -0.685433
v 0.0061448 -0.0129134 -0.0160952
vn 0.284838 -0.604985 -0.743546
v 0.00718334 -0.0116214 -0.0166471
vn 0.339209 -0.543737 -0.767651
v -0.0056008 -0.0197745 -0.00635383
vn -0.260642 -0.91749 -0.300464
v -0.00432873 -0.0195815 -0.00776705
vn -0.200472 -0.909138 -0.365075
v -0.00243238 -0.0200166 -0.00748602
vn -0.115401 -0.928039 -0.354155
v -0.00243238 -0.0200166 -0.00748602
vn -0.115401 -0.928039 -0.354155
v -0.00189441 -0.0206242 -0.00583342
vn -0.0895151 -0.95738 -0.274609
v -0.0056008 -0.0197745 -0.00635383
vn -0.260642 -0.91749 -0.300464
v -0.00189441 -0.0206242 -0.00583342
vn -0.0895151 -0.95738 -0.274609
v -0.00498184 -0.02039 -0.00474433
vn -0.232345 -0.946236 -0.225061
v -0.0056008 -0.0197745 -0.00635383
vn -0.260642 -0.91749 -0.300464
v -0.00189441 -0.0206242 -0.00583342
vn -0.0895151 -0.95738 -0.274609
v -0.00317254 -0.0208041 -0.00450928
vn -0.150082 -0.964213 -0.218559
v -0.00498184 -0.02039 -0.00474433
vn -0.232345 -0.946236 -0.225061
v -0.00418785 -0.0104711 -0.0183195
vn -0.196408 -0.484171 -0.852644
v -0.00388533 -0.0120598 -0.0173854
vn -0.181448 -0.562934 -0.806339
v -0.00532802 -0.0128581 -0.0163977
vn -0.2476 -0.600019 -0.760704
v -0.00532802 -0.0128581 -0.0163977
vn -0.2476 -0.600019 -0.760704
v -0.00593735 -0.0096727 -0.0182699
vn -0.276072 -0.447255 -0.850733
v -0.00418785 -0.0104711 -0.0183195
vn -0.196408 -0.484171 -0.852644
v -0.00532802 -0.0128581 -0.0163977
vn -0.2476 -0.600019 -0.760704
v -0.00707753 -0.0120597 -0.0163481
vn -0.327238 -0.563129 -0.758815
v -0.00593735 -0.0096727 -0.0182699
vn -0.276072 -0.447255 -0.850733
v -0.00707753 -0.0120597 -0.0163481
vn -0.327238 -0.563129 -0.758815
v -0.00738007 -0.0104711 -0.0172823
vn -0.342199 -0.484392 -0.805148
v -0.00593735 -0.0096727 -0.0182699
vn -0.276072 -0.447255 -0.850733
v -0.00317254 -0.0208041 -0.00450928
vn -0.150082 -0.964213 -0.218559
v -0.00189441 -0.0206242 -0.00583342
vn -0.0895151 -0.95738 -0.274609
v -8.34201e-05 -0.0208036 -0.00551461
vn -0.00644389 -0.964285 -0.264787
v -8.34201e-05 -0.0208036 -0.00551461
vn -0.00644389 -0.964285 -0.264787
v 0.000362908 -0.0211652 -0.0039335
vn 0.0165523 -0.98194 -0.188468
v -0.00317254 -0.0208041 -0.00450928
vn -0.150082 -0.964213 -0.218559
v 0.000362908 -0.0211652 -0.0039335
vn 0.0165523 -0.98194 -0.188468
v -0.00260568 -0.0211652 -0.00296893
vn -0.12348 -0.98206 -0.142515
v -0.00317254 -0.0208041 -0.00450928
vn -0.150082 -0.964213 -0.218559
v 0.000362908 -0.0211652 -0.0039335
vn 0.0165523 -0.98194 -0.188468
v -0.000886337 -0.0213438 -0.00272783
vn -0.0441315 -0.989363 -0.138609
v -0.00260568 -0.0211652 -0.00296893
vn -0.12348 -0.98206 -0.142515
v 0.0111252 -0.0117791 -0.014162
vn 0.519152 -0.549074 -0.65498
v 0.0118042 -0.0127006 -0.0127328
vn 0.550838 -0.593255 -0.587049
v 0.0107739 -0.0141692 -0.0120688
vn 0.500664 -0.662891 -0.556696
v 0.0107739 -0.0141692 -0.0120688
vn 0.500664 -0.662891 -0.556696
v 0.00948754 -0.0122645 -0.0149257
vn 0.445426 -0.573002 -0.687942
v 0.0111252 -0.0117791 -0.014162
vn 0.519152 -0.549074 -0.65498
v 0.0107739 -0.0141692 -0.0120688
vn 0.500664 -0.662891 -0.556696
v 0.00905223 -0.0146488 -0.0128875
vn 0.4224 -0.685587 -0.592915
v 0.00948754 -0.0122645 -0.0149257
vn 0.445426 -0.573002 -0.687942
v 0.00905223 -0.0146488 -0.0128875
vn 0.4224 -0.685587 -0.592915
v 0.00844379 -0.0136626 -0.0143182
vn 0.393619 -0.639726 -0.660163
v 0.00948754 -0.0122645 -0.0149257
vn 0.445426 -0.573002 -0.687942
v -0.000971445 -0.0102294 -0.0189075
vn -0.0492495 -0.473434 -0.879451
v -0.000676362 -0.0117791 -0.0179965
vn -0.0348132 -0.549539 -0.834742
v -0.00206444 -0.0127018 -0.0172386
vn -0.100123 -0.592781 -0.799116
v -0.00206444 -0.0127018 -0.0172386
vn -0.100123 -0.592781 -0.799116
v -0.00266443 -0.00955587 -0.0190881
vn -0.128348 -0.441243 -0.888162
v -0.000971445 -0.0102294 -0.0189075
vn -0.0492495 -0.473434 -0.879451
v -0.00206444 -0.0127018 -0.0172386
vn -0.100123 -0.592781 -0.799116
v -0.00388533 -0.0120598 -0.0173854
vn -0.181448 -0.562934 -0.806339
v -0.00266443 -0.00955587 -0.0190881
vn -0.128348 -0.441243 -0.888162
v -0.00388533 -0.0120598 -0.0173854
vn -0.181448 -0.562934 -0.806339
v -0.00418785 -0.0104711 -0.0183195
vn -0.196408 -0.484171 -0.852644
v -0.00266443 -0.00955587 -0.0190881
vn -0.128348 -0.441243 -0.888162
v 0.00861759 -0.00875287 -0.0176892
vn 0.411523 -0.402981 -0.817469
v 0.00954086 -0.00979169 -0.0166332
vn 0.448349 -0.454028 -0.769963
v 0.00880177 -0.0112713 -0.0160952
vn 0.413715 -0.524372 -0.744227
v 0.00880177 -0.0112713 -0.0160952
vn 0.413715 -0.524372 -0.744227
v 0.00718334 -0.0116214 -0.0166471
vn 0.339209 -0.543737 -0.767651
v 0.00861759 -0.00875287 -0.0176892
vn 0.411523 -0.402981 -0.817469
v 0.00718334 -0.0116214 -0.0166471
vn 0.339209 -0.543737 -0.767651
v 0.00723764 -0.00923809 -0.0180664
vn 0.343631 -0.427462 -0.836178
v 0.00861759 -0.00875287 -0.0176892
vn 0.411523 -0.402981 -0.817469
v 0.00718334 -0.0116214 -0.0166471
vn 0.339209 -0.543737 -0.767651
v 0.00655452 -0.0106057 -0.0175692
vn 0.309308 -0.496456 -0.811085
v 0.00723764 -0.00923809 -0.0180664
vn 0.343631 -0.427462 -0.836178
v 0.0107739 -0.0141692 -0.0120688
vn 0.500664 -0.662891 -0.556696
v 0.0118042 -0.0127006 -0.0127328
vn 0.550838 -0.593255 -0.587049
v 0.0133622 -0.0120598 -0.0117814
vn 0.620696 -0.56318 -0.545495
v 0.0133622 -0.0120598 -0.0117814
vn 0.620696 -0.56318 -0.545495
v 0.0113376 -0.0150235 -0.0103929
vn 0.52658 -0.701345 -0.480446
v 0.0107739 -0.0141692 -0.0120688
vn 0.500664 -0.662891 -0.556696
v 0.0133622 -0.0120598 -0.0117814
vn 0.620696 -0.56318 -0.545495
v 0.0139501 -0.0128568 -0.0101341
vn 0.647324 -0.600355 -0.469623
v 0.0113376 -0.0150235 -0.0103929
vn 0.52658 -0.701345 -0.480446
v 0.0139501 -0.0128568 -0.0101341
vn 0.647324 -0.600355 -0.469623
v 0.0129544 -0.0143507 -0.00941074
vn 0.600315 -0.670631 -0.435748
v 0.0113376 -0.0150235 -0.0103929
vn 0.52658 -0.701345 -0.480446
v 0.00785487 -0.0159733 -0.0120688
vn 0.368321 -0.743286 -0.55845
v 0.00905223 -0.0146488 -0.0128875
vn 0.4224 -0.685587 -0.592915
v 0.0107739 -0.0141692 -0.0120688
vn 0.500664 -0.662891 -0.556696
v 0.0107739 -0.0141692 -0.0120688
vn 0.500664 -0.662891 -0.556696
v 0.0113376 -0.0150235 -0.0103929
vn 0.52658 -0.701345 -0.480446
v 0.00785487 -0.0159733 -0.0120688
vn 0.368321 -0.743286 -0.55845
v 0.0113376 -0.0150235 -0.0103929
vn 0.52658 -0.701345 -0.480446
v 0.00836693 -0.0168594 -0.0103929
vn 0.391818 -0.784654 -0.480414
v 0.00785487 -0.0159733 -0.0120688
vn 0.368321 -0.743286 -0.55845
v 0.0113376 -0.0150235 -0.0103929
vn 0.52658 -0.701345 -0.480446
v 0.0101298 -0.0163887 -0.00953541
vn 0.471585 -0.762966 -0.442142
v 0.00836693 -0.0168594 -0.0103929
vn 0.391818 -0.784654 -0.480414
v 0.00704211 -0.0180047 -0.00941072
vn 0.331898 -0.836442 -0.436129
v 0.00836693 -0.0168594 -0.0103929
vn 0.391818 -0.784654 -0.480414
v 0.0101298 -0.0163887 -0.00953541
vn 0.471585 -0.762966 -0.442142
v 0.0101298 -0.0163887 -0.00953541
vn 0.471585 -0.762966 -0.442142
v 0.0105562 -0.0170823 -0.00766952
vn 0.491129 -0.794737 -0.35663
v 0.00704211 -0.0180047 -0.00941072
vn 0.331898 -0.836442 -0.436129
v 0.0105562 -0.0170823 -0.00766952
vn 0.491129 -0.794737 -0.35663
v 0.00744951 -0.018694 -0.00756945
vn 0.350226 -0.867749 -0.352637
v 0.00704211 -0.0180047 -0.00941072
vn 0.331898 -0.836442 -0.436129
v 0.0105562 -0.0170823 -0.00766952
vn 0.491129 -0.794737 -0.35663
v 0.00920391 -0.0182405 -0.00668584
vn 0.429732 -0.847348 -0.311979
v 0.00744951 -0.018694 -0.00756945
vn 0.350226 -0.867749 -0.352637
v 0.00605043 -0.0195817 -0.0065155
vn 0.286546 -0.908848 -0.303129
v 0.00744951 -0.018694 -0.00756945
vn 0.350226 -0.867749 -0.352637
v 0.00920391 -0.0182405 -0.00668584
vn 0.429732 -0.847348 -0.311979
v 0.00920391 -0.0182405 -0.00668584
vn 0.429732 -0.847348 -0.311979
v 0.00950105 -0.018694 -0.00474579
vn 0.443548 -0.867977 -0.223341
v 0.00605043 -0.0195817 -0.0065155
vn 0.286546 -0.908848 -0.303129
v 0.00950105 -0.018694 -0.00474579
vn 0.443548 -0.867977 -0.223341
v 0.00636801 -0.0200166 -0.00462661
vn 0.301487 -0.927965 -0.219059
v 0.00605043 -0.0195817 -0.0065155
vn 0.286546 -0.908848 -0.303129
v 0.00950105 -0.018694 -0.00474579
vn 0.443548 -0.867977 -0.223341
v 0.0080674 -0.0195815 -0.00373933
vn 0.377667 -0.908791 -0.177391
v 0.00636801 -0.0200166 -0.00462661
vn 0.301487 -0.927965 -0.219059
v 0.00496252 -0.0206242 -0.00360429
vn 0.235955 -0.956922 -0.169188
v 0.00636801 -0.0200166 -0.00462661
vn 0.301487 -0.927965 -0.219059
v 0.0080674 -0.0195815 -0.00373933
vn 0.377667 -0.908791 -0.177391
v 0.0080674 -0.0195815 -0.00373933
vn 0.377667 -0.908791 -0.177391
v 0.00826762 -0.0197737 -0.00184837
vn 0.38797 -0.917262 -0.090052
v 0.00496252 -0.0206242 -0.00360429
vn 0.235955 -0.956922 -0.169188
v 0.00826762 -0.0197737 -0.00184837
vn 0.38797 -0.917262 -0.090052
v 0.00521896 -0.0208036 -0.00178342
vn 0.24961 -0.964273 -0.0887226
v 0.00496252 -0.0206242 -0.00360429
vn 0.235955 -0.956922 -0.169188
v 0.00826762 -0.0197737 -0.00184837
vn 0.38797 -0.917262 -0.090052
v 0.00681813 -0.0203902 -0.000911615
vn 0.321171 -0.945954 -0.0449425
v 0.00521896 -0.0208036 -0.00178342
vn 0.24961 -0.964273 -0.0887226
v 0.00256474 -0.016238 -0.0138752
vn 0.115312 -0.756862 -0.643322
v 0.00382591 -0.0152186 -0.0147254
vn 0.174366 -0.710537 -0.681713
v 0.00556001 -0.0152186 -0.0141619
vn 0.260307 -0.710357 -0.653937
v 0.00556001 -0.0152186 -0.0141619
vn 0.260307 -0.710357 -0.653937
v 0.00608058 -0.016238 -0.0127328
vn 0.285166 -0.757194 -0.587654
v 0.00256474 -0.016238 -0.0138752
vn 0.115312 -0.756862 -0.643322
v 0.00608058 -0.016238 -0.0127328
vn 0.285166 -0.757194 -0.587654
v 0.00303294 -0.0173448 -0.012359
vn 0.137994 -0.806964 -0.574254
v 0.00256474 -0.016238 -0.0138752
vn 0.115312 -0.756862 -0.643322
v 0.00608058 -0.016238 -0.0127328
vn 0.285166 -0.757194 -0.587654
v 0.00481064 -0.0173449 -0.0117814
vn 0.226123 -0.806941 -0.545632
v 0.00303294 -0.0173448 -0.012359
vn 0.137994 -0.806964 -0.574254
v 0.00205791 -0.00979169 -0.0190646
vn 0.0898157 -0.454015 -0.886456
v 0.00234143 -0.0112709 -0.0181949
vn 0.103471 -0.525433 -0.84452
v 0.00109743 -0.0122644 -0.0176518
vn 0.0434141 -0.57329 -0.818201
v 0.00109743 -0.0122644 -0.0176518
vn 0.0434141 -0.57329 -0.818201
v 0.000516657 -0.00922919 -0.0194361
vn 0.0155523 -0.42548 -0.904834
v 0.00205791 -0.00979169 -0.0190646
vn 0.0898157 -0.454015 -0.886456
v 0.00109743 -0.0122644 -0.0176518
vn 0.0434141 -0.57329 -0.818201
v -0.000676362 -0.0117791 -0.0179965
vn -0.0348132 -0.549539 -0.834742
v 0.000516657 -0.00922919 -0.0194361
vn 0.0155523 -0.42548 -0.904834
v -0.000676362 -0.0117791 -0.0179965
vn -0.0348132 -0.549539 -0.834742
v -0.000971445 -0.0102294 -0.0189075
vn -0.0492495 -0.473434 -0.879451
v 0.000516657 -0.00922919 -0.0194361
vn 0.0155523 -0.42548 -0.904834
v 0.00170065 -0.0182271 -0.0112908
vn 0.0763156 -0.847445 -0.52537
v 0.00303294 -0.0173448 -0.012359
vn 0.137994 -0.806964 -0.574254
v 0.00481064 -0.0173449 -0.0117814
vn 0.226123 -0.806941 -0.545632
v 0.00481064 -0.0173449 -0.0117814
vn 0.226123 -0.806941 -0.545632
v 0.00526064 -0.0182272 -0.0101341
vn 0.247264 -0.847041 -0.470513
v 0.00170065 -0.0182271 -0.0112908
vn 0.0763156 -0.847445 -0.52537
v 0.00526064 -0.0182272 -0.0101341
vn 0.247264 -0.847041 -0.470513
v 0.00215063 -0.0191093 -0.00964345
vn 0.0974594 -0.887561 -0.450263
v 0.00170065 -0.0182271 -0.0112908
vn 0.0763156 -0.847445 -0.52537
v 0.00526064 -0.0182272 -0.0101341
vn 0.247264 -0.847041 -0.470513
v 0.00392829 -0.0191093 -0.00906584
vn 0.185592 -0.887561 -0.421654
v 0.00215063 -0.0191093 -0.00964345
vn 0.0974594 -0.887561 -0.450263
v 0.000796384 -0.0197745 -0.00843245
vn 0.0346125 -0.917372 -0.396523
v 0.00215063 -0.0191093 -0.00964345
vn 0.0974594 -0.887561 -0.450263
v 0.00392829 -0.0191093 -0.00906584
vn 0.185592 -0.887561 -0.421654
v 0.00392829 -0.0191093 -0.00906584
vn 0.185592 -0.887561 -0.421654
v 0.00431212 -0.0197745 -0.0072901
vn 0.204063 -0.917219 -0.342151
v 0.000796384 -0.0197745 -0.00843245
vn 0.0346125 -0.917372 -0.396523
v 0.00431212 -0.0197745 -0.0072901
vn 0.204063 -0.917219 -0.342151
v 0.00123987 -0.0203902 -0.00676609
vn 0.0561144 -0.946226 -0.318603
v 0.000796384 -0.0197745 -0.00843245
vn 0.0346125 -0.917372 -0.396523
v 0.00431212 -0.0197745 -0.0072901
vn 0.204063 -0.917219 -0.342151
v 0.00297388 -0.0203902 -0.00620267
vn 0.141258 -0.946248 -0.290967
v 0.00123987 -0.0203902 -0.00676609
vn 0.0561144 -0.946226 -0.318603
v 0.0148088 -0.0141679 -0.006517
vn 0.685057 -0.661946 -0.304179
v 0.0133888 -0.0150234 -0.00756946
vn 0.620121 -0.700629 -0.352944
v 0.0129544 -0.0143507 -0.00941074
vn 0.600315 -0.670631 -0.435748
v 0.0129544 -0.0143507 -0.00941074
vn 0.600315 -0.670631 -0.435748
v 0.0139501 -0.0128568 -0.0101341
vn 0.647324 -0.600355 -0.469623
v 0.0148088 -0.0141679 -0.006517
vn 0.685057 -0.661946 -0.304179
v 0.0139501 -0.0128568 -0.0101341
vn 0.647324 -0.600355 -0.469623
v 0.0157576 -0.0127009 -0.00729076
vn 0.728502 -0.594091 -0.341087
v 0.0148088 -0.0141679 -0.006517
vn 0.685057 -0.661946 -0.304179
v 0.0139501 -0.0128568 -0.0101341
vn 0.647324 -0.600355 -0.469623
v 0.015335 -0.0120597 -0.00906587
vn 0.710235 -0.563759 -0.421596
v 0.0157576 -0.0127009 -0.00729076
vn 0.728502 -0.594091 -0.341087
v 0.00556001 -0.0152186 -0.0141619
vn 0.260307 -0.710357 -0.653937
v 0.00672645 -0.0139709 -0.0149257
vn 0.315752 -0.656112 -0.685433
v 0.00844379 -0.0136626 -0.0143182
vn 0.393619 -0.639726 -0.660163
v 0.00844379 -0.0136626 -0.0143182
vn 0.393619 -0.639726 -0.660163
v 0.00905223 -0.0146488 -0.0128875
vn 0.4224 -0.685587 -0.592915
v 0.00556001 -0.0152186 -0.0141619
vn 0.260307 -0.710357 -0.653937
v 0.00905223 -0.0146488 -0.0128875
vn 0.4224 -0.685587 -0.592915
v 0.00608058 -0.016238 -0.0127328
vn 0.285166 -0.757194 -0.587654
v 0.00556001 -0.0152186 -0.0141619
vn 0.260307 -0.710357 -0.653937
v 0.00905223 -0.0146488 -0.0128875
vn 0.4224 -0.685587 -0.592915
v 0.00785487 -0.0159733 -0.0120688
vn 0.368321 -0.743286 -0.55845
v 0.00608058 -0.016238 -0.0127328
vn 0.285166 -0.757194 -0.587654
v 0.0047636 -0.00923809 -0.0188702
vn 0.213491 -0.428284 -0.878063
v 0.00502576 -0.0106051 -0.0180663
vn 0.226577 -0.496442 -0.837979
v 0.00397464 -0.0116224 -0.0176891
vn 0.175371 -0.544755 -0.820053
v 0.00397464 -0.0116224 -0.0176891
vn 0.175371 -0.544755 -0.820053
v 0.0034255 -0.00875287 -0.0193762
vn 0.146064 -0.404197 -0.902934
v 0.0047636 -0.00923809 -0.0188702
vn 0.213491 -0.428284 -0.878063
v 0.00397464 -0.0116224 -0.0176891
vn 0.175371 -0.544755 -0.820053
v 0.00234143 -0.0112709 -0.0181949
vn 0.103471 -0.525433 -0.84452
v 0.0034255 -0.00875287 -0.0193762
vn 0.146064 -0.404197 -0.902934
v 0.00234143 -0.0112709 -0.0181949
vn 0.103471 -0.525433 -0.84452
v 0.00205791 -0.00979169 -0.0190646
vn 0.0898157 -0.454015 -0.886456
v 0.0034255 -0.00875287 -0.0193762
vn 0.146064 -0.404197 -0.902934
v -8.34201e-05 -0.0208036 -0.00551461
vn -0.00644389 -0.964285 -0.264787
v 0.00123987 -0.0203902 -0.00676609
vn 0.0561144 -0.946226 -0.318603
v 0.00297388 -0.0203902 -0.00620267
vn 0.141258 -0.946248 -0.290967
v 0.00297388 -0.0203902 -0.00620267
vn 0.141258 -0.946248 -0.290967
v 0.00330822 -0.0208041 -0.00441069
vn 0.158686 -0.964408 -0.211509
v -8.34201e-05 -0.0208036 -0.00551461
vn -0.00644389 -0.964285 -0.264787
v 0.00330822 -0.0208041 -0.00441069
vn 0.158686 -0.964408 -0.211509
v 0.000362908 -0.0211652 -0.0039335
vn 0.0165523 -0.98194 -0.188468
v -8.34201e-05 -0.0208036 -0.00551461
vn -0.00644389 -0.964285 -0.264787
v 0.00330822 -0.0208041 -0.00441069
vn 0.158686 -0.964408 -0.211509
v 0.00201843 -0.0211652 -0.00339559
vn 0.0964531 -0.981972 -0.162565
v 0.000362908 -0.0211652 -0.0039335
vn 0.0165523 -0.98194 -0.188468
v 0.00481064 -0.0173449 -0.0117814
vn 0.226123 -0.806941 -0.545632
v 0.00608058 -0.016238 -0.0127328
vn 0.285166 -0.757194 -0.587654
v 0.00785487 -0.0159733 -0.0120688
vn 0.368321 -0.743286 -0.55845
v 0.00785487 -0.0159733 -0.0120688
vn 0.368321 -0.743286 -0.55845
v 0.00836693 -0.0168594 -0.0103929
vn 0.391818 -0.784654 -0.480414
v 0.00481064 -0.0173449 -0.0117814
vn 0.226123 -0.806941 -0.545632
v 0.00836693 -0.0168594 -0.0103929
vn 0.391818 -0.784654 -0.480414
v 0.00526064 -0.0182272 -0.0101341
vn 0.247264 -0.847041 -0.470513
v 0.00481064 -0.0173449 -0.0117814
vn 0.226123 -0.806941 -0.545632
v 0.00836693 -0.0168594 -0.0103929
vn 0.391818 -0.784654 -0.480414
v 0.00704211 -0.0180047 -0.00941072
vn 0.331898 -0.836442 -0.436129
v 0.00526064 -0.0182272 -0.0101341
vn 0.247264 -0.847041 -0.470513
v 0.0110062 -0.00922918 -0.0160279
vn 0.519227 -0.425487 -0.741191
v 0.0119007 -0.0102281 -0.0147254
vn 0.556746 -0.473295 -0.682661
v 0.0111252 -0.0117791 -0.014162
vn 0.519152 -0.549074 -0.65498
v 0.0111252 -0.0117791 -0.014162
vn 0.519152 -0.549074 -0.65498
v 0.00948754 -0.0122645 -0.0149257
vn 0.445426 -0.573002 -0.687942
v 0.0110062 -0.00922918 -0.0160279
vn 0.519227 -0.425487 -0.741191
v 0.00948754 -0.0122645 -0.0149257
vn 0.445426 -0.573002 -0.687942
v 0.00954086 -0.00979169 -0.0166332
vn 0.448349 -0.454028 -0.769963
v 0.0110062 -0.00922918 -0.0160279
vn 0.519227 -0.425487 -0.741191
v 0.00948754 -0.0122645 -0.0149257
vn 0.445426 -0.573002 -0.687942
v 0.00880177 -0.0112713 -0.0160952
vn 0.413715 -0.524372 -0.744227
v 0.00954086 -0.00979169 -0.0166332
vn 0.448349 -0.454028 -0.769963
v 0.0187352 -0.010605 -0.000802926
vn 0.865872 -0.498661 -0.0400236
v 0.0180516 -0.0116223 -0.00168603
vn 0.832541 -0.547897 -0.0817626
v 0.018028 -0.0112708 -0.0033956
vn 0.835024 -0.525316 -0.163639
v 0.018028 -0.0112708 -0.0033956
vn 0.835024 -0.525316 -0.163639
v 0.0187684 -0.00979004 -0.00393351
vn 0.870013 -0.45534 -0.189061
v 0.0187352 -0.010605 -0.000802926
vn 0.865872 -0.498661 -0.0400236
v 0.0187684 -0.00979004 -0.00393351
vn 0.870013 -0.45534 -0.189061
v 0.0194187 -0.00923801 -0.00130066
vn 0.902865 -0.424681 -0.0669469
v 0.0187352 -0.010605 -0.000802926
vn 0.865872 -0.498661 -0.0400236
v 0.0187684 -0.00979004 -0.00393351
vn 0.870013 -0.45534 -0.189061
v 0.0194872 -0.00875116 -0.00272902
vn 0.905679 -0.402047 -0.134548
v 0.0194187 -0.00923801 -0.00130066
vn 0.902865 -0.424681 -0.0669469
v 0.00920391 -0.0182405 -0.00668584
vn 0.429732 -0.847348 -0.311979
v 0.0105562 -0.0170823 -0.00766952
vn 0.491129 -0.794737 -0.35663
v 0.0121975 -0.0163898 -0.00668741
vn 0.565678 -0.763289 -0.312087
v 0.0121975 -0.0163898 -0.00668741
vn 0.565678 -0.763289 -0.312087
v 0.0124698 -0.0168594 -0.00474583
vn 0.577934 -0.78493 -0.223334
v 0.00920391 -0.0182405 -0.00668584
vn 0.429732 -0.847348 -0.311979
v 0.0124698 -0.0168594 -0.00474583
vn 0.577934 -0.78493 -0.223334
v 0.00950105 -0.018694 -0.00474579
vn 0.443548 -0.867977 -0.223341
v 0.00920391 -0.0182405 -0.00668584
vn 0.429732 -0.847348 -0.311979
v 0.0124698 -0.0168594 -0.00474583
vn 0.577934 -0.78493 -0.223334
v 0.0111273 -0.0180044 -0.00378777
vn 0.517091 -0.836688 -0.180473
v 0.00950105 -0.018694 -0.00474579
vn 0.443548 -0.867977 -0.223341
v 0.0121975 -0.0163898 -0.00668741
vn 0.565678 -0.763289 -0.312087
v 0.0133888 -0.0150234 -0.00756946
vn 0.620121 -0.700629 -0.352944
v 0.0148088 -0.0141679 -0.006517
vn 0.685057 -0.661946 -0.304179
v 0.0148088 -0.0141679 -0.006517
vn 0.685057 -0.661946 -0.304179
v 0.0124698 -0.0168594 -0.00474583
vn 0.577934 -0.78493 -0.223334
v 0.0121975 -0.0163898 -0.00668741
vn 0.565678 -0.763289 -0.312087
v 0.0148088 -0.0141679 -0.006517
vn 0.685057 -0.661946 -0.304179
v 0.0150541 -0.0146488 -0.00462673
vn 0.695121 -0.684677 -0.219145
v 0.0124698 -0.0168594 -0.00474583
vn 0.577934 -0.78493 -0.223334
v 0.0150541 -0.0146488 -0.00462673
vn 0.695121 -0.684677 -0.219145
v 0.0139069 -0.015972 -0.00374089
vn 0.64358 -0.744377 -0.178069
v 0.0124698 -0.0168594 -0.00474583
vn 0.577934 -0.78493 -0.223334
v 0.0172064 -0.0129133 -0.00087043
vn 0.79578 -0.604164 -0.0414764
v 0.0162745 -0.0139703 -0.00178333
vn 0.750678 -0.655105 -0.0855604
v 0.0162275 -0.0136621 -0.0036043
vn 0.751273 -0.637167 -0.172065
v 0.0162275 -0.0136621 -0.0036043
vn 0.751273 -0.637167 -0.172065
v 0.0171271 -0.0122644 -0.00441089
vn 0.790217 -0.575747 -0.209932
v 0.0172064 -0.0129133 -0.00087043
vn 0.79578 -0.604164 -0.0414764
v 0.0171271 -0.0122644 -0.00441089
vn 0.790217 -0.575747 -0.209932
v 0.0180516 -0.0116223 -0.00168603
vn 0.832541 -0.547897 -0.0817626
v 0.0172064 -0.0129133 -0.00087043
vn 0.79578 -0.604164 -0.0414764
v 0.0171271 -0.0122644 -0.00441089
vn 0.790217 -0.575747 -0.209932
v 0.018028 -0.0112708 -0.0033956
vn 0.835024 -0.525316 -0.163639
v 0.0180516 -0.0116223 -0.00168603
vn 0.832541 -0.547897 -0.0817626
v 0.00392829 -0.0191093 -0.00906584
vn 0.185592 -0.887561 -0.421654
v 0.00526064 -0.0182272 -0.0101341
vn 0.247264 -0.847041 -0.470513
v 0.00704211 -0.0180047 -0.00941072
vn 0.331898 -0.836442 -0.436129
v 0.00704211 -0.0180047 -0.00941072
vn 0.331898 -0.836442 -0.436129
v 0.00744951 -0.018694 -0.00756945
vn 0.350226 -0.867749 -0.352637
v 0.00392829 -0.0191093 -0.00906584
vn 0.185592 -0.887561 -0.421654
v 0.00744951 -0.018694 -0.00756945
vn 0.350226 -0.867749 -0.352637
v 0.00431212 -0.0197745 -0.0072901
vn 0.204063 -0.917219 -0.342151
v 0.00392829 -0.0191093 -0.00906584
vn 0.185592 -0.887561 -0.421654
v 0.00744951 -0.018694 -0.00756945
vn 0.350226 -0.867749 -0.352637
v 0.00605043 -0.0195817 -0.0065155
vn 0.286546 -0.908848 -0.303129
v 0.00431212 -0.0197745 -0.0072901
vn 0.204063 -0.917219 -0.342151
v 0.0133765 -0.00955597 -0.0138752
vn 0.625855 -0.44125 -0.643121
v 0.0141559 -0.0104711 -0.0123593
vn 0.660359 -0.483634 -0.574478
v 0.0133622 -0.0120598 -0.0117814
vn 0.620696 -0.56318 -0.545495
v 0.0133622 -0.0120598 -0.0117814
vn 0.620696 -0.56318 -0.545495
v 0.0119007 -0.0102281 -0.0147254
vn 0.556746 -0.473295 -0.682661
v 0.0133765 -0.00955597 -0.0138752
vn 0.625855 -0.44125 -0.643121
v 0.0133622 -0.0120598 -0.0117814
vn 0.620696 -0.56318 -0.545495
v 0.0118042 -0.0127006 -0.0127328
vn 0.550838 -0.593255 -0.587049
v 0.0119007 -0.0102281 -0.0147254
vn 0.556746 -0.473295 -0.682661
v 0.0118042 -0.0127006 -0.0127328
vn 0.550838 -0.593255 -0.587049
v 0.0111252 -0.0117791 -0.014162
vn 0.519152 -0.549074 -0.65498
v 0.0119007 -0.0102281 -0.0147254
vn 0.556746 -0.473295 -0.682661
v 0.0080674 -0.0195815 -0.00373933
vn 0.377667 -0.908791 -0.177391
v 0.00950105 -0.018694 -0.00474579
vn 0.443548 -0.867977 -0.223341
v 0.0111273 -0.0180044 -0.00378777
vn 0.517091 -0.836688 -0.180473
v 0.0111273 -0.0180044 -0.00378777
vn 0.517091 -0.836688 -0.180473
v 0.0112654 -0.0182261 -0.00187159
vn 0.523595 -0.847148 -0.0904888
v 0.0080674 -0.0195815 -0.00373933
vn 0.377667 -0.908791 -0.177391
v 0.0112654 -0.0182261 -0.00187159
vn 0.523595 -0.847148 -0.0904888
v 0.00826762 -0.0197737 -0.00184837
vn 0.38797 -0.917262 -0.090052
v 0.0080674 -0.0195815 -0.00373933
vn 0.377667 -0.908791 -0.177391
v 0.0112654 -0.0182261 -0.00187159
vn 0.523595 -0.847148 -0.0904888
v 0.00983701 -0.0191089 -0.000932968
vn 0.458655 -0.887365 -0.0471137
v 0.00826762 -0.0197737 -0.00184837
vn 0.38797 -0.917262 -0.090052
v 0.0111273 -0.0180044 -0.00378777
vn 0.517091 -0.836688 -0.180473
v 0.0124698 -0.0168594 -0.00474583
vn 0.577934 -0.78493 -0.223334
v 0.0139069 -0.015972 -0.00374089
vn 0.64358 -0.744377 -0.178069
v 0.0139069 -0.015972 -0.00374089
vn 0.64358 -0.744377 -0.178069
v 0.0112654 -0.0182261 -0.00187159
vn 0.523595 -0.847148 -0.0904888
v 0.0111273 -0.0180044 -0.00378777
vn 0.517091 -0.836688 -0.180473
v 0.0139069 -0.015972 -0.00374089
vn 0.64358 -0.744377 -0.178069
v 0.0139887 -0.0162379 -0.00184837
vn 0.646038 -0.758065 -0.0892879
v 0.0112654 -0.0182261 -0.00187159
vn 0.523595 -0.847148 -0.0904888
v 0.0139887 -0.0162379 -0.00184837
vn 0.646038 -0.758065 -0.0892879
v 0.0126914 -0.0173448 -0.000934581
vn 0.588546 -0.807086 -0.0471755
v 0.0112654 -0.0182261 -0.00187159
vn 0.523595 -0.847148 -0.0904888
v 0.0151877 -0.0152179 -0.000910026
vn 0.703221 -0.709577 -0.044496
v 0.0139887 -0.0162379 -0.00184837
vn 0.646038 -0.758065 -0.0892879
v 0.0139069 -0.015972 -0.00374089
vn 0.64358 -0.744377 -0.178069
v 0.0139069 -0.015972 -0.00374089
vn 0.64358 -0.744377 -0.178069
v 0.0150541 -0.0146488 -0.00462673
vn 0.695121 -0.684677 -0.219145
v 0.0151877 -0.0152179 -0.000910026
vn 0.703221 -0.709577 -0.044496
v 0.0150541 -0.0146488 -0.00462673
vn 0.695121 -0.684677 -0.219145
v 0.0162745 -0.0139703 -0.00178333
vn 0.750678 -0.655105 -0.0855604
v 0.0151877 -0.0152179 -0.000910026
vn 0.703221 -0.709577 -0.044496
v 0.0150541 -0.0146488 -0.00462673
vn 0.695121 -0.684677 -0.219145
v 0.0162275 -0.0136621 -0.0036043
vn 0.751273 -0.637167 -0.172065
v 0.0162745 -0.0139703 -0.00178333
vn 0.750678 -0.655105 -0.0855604
v 0.0162268 -0.0136625 0.00360597
vn 0.751263 -0.637162 0.172128
v 0.0162739 -0.013971 0.00178392
vn 0.750678 -0.655101 0.0855949
v 0.0172064 -0.0129133 0.00087043
vn 0.795777 -0.604167 0.0414864
v 0.0172064 -0.0129133 0.00087043
vn 0.795777 -0.604167 0.0414864
v 0.0171276 -0.0122636 0.00441135
vn 0.790255 -0.57569 0.20995
v 0.0162268 -0.0136625 0.00360597
vn 0.751263 -0.637162 0.172128
v 0.0172064 -0.0129133 0.00087043
vn 0.795777 -0.604167 0.0414864
v 0.0180522 -0.0116215 0.00168652
vn 0.832563 -0.547857 0.0818034
v 0.0171276 -0.0122636 0.00441135
vn 0.790255 -0.57569 0.20995
v 0.0180522 -0.0116215 0.00168652
vn 0.832563 -0.547857 0.0818034
v 0.0180274 -0.0112712 0.00339731
vn 0.834996 -0.525341 0.163707
v 0.0171276 -0.0122636 0.00441135
vn 0.790255 -0.57569 0.20995
v 0.00297388 -0.0203902 -0.00620267
vn 0.141258 -0.946248 -0.290967
v 0.00431212 -0.0197745 -0.0072901
vn 0.204063 -0.917219 -0.342151
v 0.00605043 -0.0195817 -0.0065155
vn 0.286546 -0.908848 -0.303129
v 0.00605043 -0.0195817 -0.0065155
vn 0.286546 -0.908848 -0.303129
v 0.00636801 -0.0200166 -0.00462661
vn 0.301487 -0.927965 -0.219059
v 0.00297388 -0.0203902 -0.00620267
vn 0.141258 -0.946248 -0.290967
v 0.00636801 -0.0200166 -0.00462661
vn 0.301487 -0.927965 -0.219059
v 0.00330822 -0.0208041 -0.00441069
vn 0.158686 -0.964408 -0.211509
v 0.00297388 -0.0203902 -0.00620267
vn 0.141258 -0.946248 -0.290967
v 0.00636801 -0.0200166 -0.00462661
vn 0.301487 -0.927965 -0.219059
v 0.00496252 -0.0206242 -0.00360429
vn 0.235955 -0.956922 -0.169188
v 0.00330822 -0.0208041 -0.00441069
vn 0.158686 -0.964408 -0.211509
v 0.015335 -0.0120597 -0.00906587
vn 0.710235 -0.563759 -0.421596
v 0.0139501 -0.0128568 -0.0101341
vn 0.647324 -0.600355 -0.469623
v 0.0133622 -0.0120598 -0.0117814
vn 0.620696 -0.56318 -0.545495
v 0.0133622 -0.0120598 -0.0117814
vn 0.620696 -0.56318 -0.545495
v 0.0141559 -0.0104711 -0.0123593
vn 0.660359 -0.483634 -0.574478
v 0.015335 -0.0120597 -0.00906587
vn 0.710235 -0.563759 -0.421596
v 0.0141559 -0.0104711 -0.0123593
vn 0.660359 -0.483634 -0.574478
v 0.0161289 -0.0104711 -0.00964384
vn 0.750318 -0.483568 -0.450761
v 0.015335 -0.0120597 -0.00906587
vn 0.710235 -0.563759 -0.421596
v 0.0141559 -0.0104711 -0.0123593
vn 0.660359 -0.483634 -0.574478
v 0.0155422 -0.00967267 -0.0112909
vn 0.723704 -0.447022 -0.525761
v 0.0161289 -0.0104711 -0.00964384
vn 0.750318 -0.483568 -0.450761
v 0.018028 -0.0112708 -0.0033956
vn 0.835024 -0.525316 -0.163639
v 0.0171271 -0.0122644 -0.00441089
vn 0.790217 -0.575747 -0.209932
v 0.0169079 -0.0117776 -0.0062041
vn 0.782638 -0.549954 -0.291597
v 0.0169079 -0.0117776 -0.0062041
vn 0.782638 -0.549954 -0.291597
v 0.017682 -0.0102294 -0.00676654
vn 0.820784 -0.473659 -0.319313
v 0.018028 -0.0112708 -0.0033956
vn 0.835024 -0.525316 -0.163639
v 0.017682 -0.0102294 -0.00676654
vn 0.820784 -0.473659 -0.319313
v 0.0187684 -0.00979004 -0.00393351
vn 0.870013 -0.45534 -0.189061
v 0.018028 -0.0112708 -0.0033956
vn 0.835024 -0.525316 -0.163639
v 0.017682 -0.0102294 -0.00676654
vn 0.820784 -0.473659 -0.319313
v 0.0186452 -0.00922891 -0.00551288
vn 0.865034 -0.426284 -0.264571
v 0.0187684 -0.00979004 -0.00393351
vn 0.870013 -0.45534 -0.189061
v 0.00201843 -0.0211652 -0.00339559
vn 0.0964531 -0.981972 -0.162565
v 0.00330822 -0.0208041 -0.00441069
vn 0.158686 -0.964408 -0.211509
v 0.00496252 -0.0206242 -0.00360429
vn 0.235955 -0.956922 -0.169188
v 0.00496252 -0.0206242 -0.00360429
vn 0.235955 -0.956922 -0.169188
v 0.00521896 -0.0208036 -0.00178342
vn 0.24961 -0.964273 -0.0887226
v 0.00201843 -0.0211652 -0.00339559
vn 0.0964531 -0.981972 -0.162565
v 0.00521896 -0.0208036 -0.00178342
vn 0.24961 -0.964273 -0.0887226
v 0.00232044 -0.0213438 -0.00168589
vn 0.114156 -0.98968 -0.0866082
v 0.00201843 -0.0211652 -0.00339559
vn 0.0964531 -0.981972 -0.162565
v 0.00521896 -0.0208036 -0.00178342
vn 0.24961 -0.964273 -0.0887226
v 0.00385498 -0.0211649 -0.000870428
vn 0.185474 -0.981785 -0.0411975
v 0.00232044 -0.0213438 -0.00168589
vn 0.114156 -0.98968 -0.0866082
v 0.0148083 -0.0141687 0.00651656
vn 0.685032 -0.661962 0.304199
v 0.0150547 -0.014648 0.00462722
vn 0.695152 -0.684641 0.219157
v 0.0162268 -0.0136625 0.00360597
vn 0.751263 -0.637162 0.172128
v 0.0162268 -0.0136625 0.00360597
vn 0.751263 -0.637162 0.172128
v 0.0157576 -0.0127009 0.00729076
vn 0.728484 -0.594097 0.341115
v 0.0148083 -0.0141687 0.00651656
vn 0.685032 -0.661962 0.304199
v 0.0162268 -0.0136625 0.00360597
vn 0.751263 -0.637162 0.172128
v 0.0171276 -0.0122636 0.00441135
vn 0.790255 -0.57569 0.20995
v 0.0157576 -0.0127009 0.00729076
vn 0.728484 -0.594097 0.341115
v 0.0171276 -0.0122636 0.00441135
vn 0.790255 -0.57569 0.20995
v 0.0169067 -0.0117791 0.00620437
vn 0.782573 -0.550041 0.291606
v 0.0157576 -0.0127009 0.00729076
vn 0.728484 -0.594097 0.341115
v 0.0169079 -0.0117776 -0.0062041
vn 0.782638 -0.549954 -0.291597
v 0.0157576 -0.0127009 -0.00729076
vn 0.728502 -0.594091 -0.341087
v 0.015335 -0.0120597 -0.00906587
vn 0.710235 -0.563759 -0.421596
v 0.015335 -0.0120597 -0.00906587
vn 0.710235 -0.563759 -0.421596
v 0.0161289 -0.0104711 -0.00964384
vn 0.750318 -0.483568 -0.450761
v 0.0169079 -0.0117776 -0.0062041
vn 0.782638 -0.549954 -0.291597
v 0.0161289 -0.0104711 -0.00964384
vn 0.750318 -0.483568 -0.450761
v 0.017682 -0.0102294 -0.00676654
vn 0.820784 -0.473659 -0.319313
v 0.0169079 -0.0117776 -0.0062041
vn 0.782638 -0.549954 -0.291597
v 0.0161289 -0.0104711 -0.00964384
vn 0.750318 -0.483568 -0.450761
v 0.0173307 -0.00955444 -0.0084337
vn 0.80466 -0.441519 -0.396967
v 0.017682 -0.0102294 -0.00676654
vn 0.820784 -0.473659 -0.319313
v 0.0180274 -0.0112712 0.00339731
vn 0.834996 -0.525341 0.163707
v 0.0180522 -0.0116215 0.00168652
vn 0.832563 -0.547857 0.0818034
v 0.0187348 -0.0106057 0.000804633
vn 0.86586 -0.498678 0.0400979
v 0.0187348 -0.0106057 0.000804633
vn 0.86586 -0.498678 0.0400979
v 0.0187684 -0.00979004 0.00393351
vn 0.870016 -0.45533 0.189067
v 0.0180274 -0.0112712 0.00339731
vn 0.834996 -0.525341 0.163707
v 0.0187348 -0.0106057 0.000804633
vn 0.86586 -0.498678 0.0400979
v 0.0194192 -0.00923672 0.00130192
vn 0.902911 -0.424572 0.0670043
v 0.0187684 -0.00979004 0.00393351
vn 0.870016 -0.45533 0.189067
v 0.0194192 -0.00923672 0.00130192
vn 0.902911 -0.424572 0.0670043
v 0.0194864 -0.00875279 0.00272961
vn 0.905637 -0.402131 0.134583
v 0.0187684 -0.00979004 0.00393351
vn 0.870016 -0.45533 0.189067
v 0.00950183 -0.0186935 0.00474637
vn 0.443586 -0.867967 0.223306
v 0.0111279 -0.0180037 0.00378939
vn 0.517117 -0.836656 0.180547
v 0.0124705 -0.0168587 0.00474636
vn 0.577955 -0.784913 0.223339
v 0.0124705 -0.0168587 0.00474636
vn 0.577955 -0.784913 0.223339
v 0.0121985 -0.0163897 0.00668587
vn 0.565703 -0.763322 0.311961
v 0.00950183 -0.0186935 0.00474637
vn 0.443586 -0.867967 0.223306
v 0.0121985 -0.0163897 0.00668587
vn 0.565703 -0.763322 0.311961
v 0.00920391 -0.0182405 0.00668588
vn 0.429742 -0.84735 0.311961
v 0.00950183 -0.0186935 0.00474637
vn 0.443586 -0.867967 0.223306
v 0.0121985 -0.0163897 0.00668587
vn 0.565703 -0.763322 0.311961
v 0.0105567 -0.0170813 0.00767106
vn 0.491132 -0.794697 0.356715
v 0.00920391 -0.0182405 0.00668588
vn 0.429742 -0.84735 0.311961
v 0.00636883 -0.0200162 0.00462724
vn 0.301517 -0.927954 0.219062
v 0.00806635 -0.0195817 0.00374092
vn 0.377632 -0.908793 0.177451
v 0.00950183 -0.0186935 0.00474637
vn 0.443586 -0.867967 0.223306
v 0.00950183 -0.0186935 0.00474637
vn 0.443586 -0.867967 0.223306
v 0.00605044 -0.0195817 0.00651555
vn 0.286553 -0.90885 0.303115
v 0.00636883 -0.0200162 0.00462724
vn 0.301517 -0.927954 0.219062
v 0.00950183 -0.0186935 0.00474637
vn 0.443586 -0.867967 0.223306
v 0.00920391 -0.0182405 0.00668588
vn 0.429742 -0.84735 0.311961
v 0.00605044 -0.0195817 0.00651555
vn 0.286553 -0.90885 0.303115
v 0.00920391 -0.0182405 0.00668588
vn 0.429742 -0.84735 0.311961
v 0.00745027 -0.0186935 0.00757007
vn 0.350254 -0.867717 0.35269
v 0.00605044 -0.0195817 0.00651555
vn 0.286553 -0.90885 0.303115
v 0.00330887 -0.0208036 0.0044124
vn 0.158691 -0.964385 0.211608
v 0.00496141 -0.0206242 0.00360586
vn 0.235936 -0.956914 0.169261
v 0.00636883 -0.0200162 0.00462724
vn 0.301517 -0.927954 0.219062
v 0.00636883 -0.0200162 0.00462724
vn 0.301517 -0.927954 0.219062
v 0.00297388 -0.0203902 0.00620268
vn 0.141257 -0.946256 0.290941
v 0.00330887 -0.0208036 0.0044124
vn 0.158691 -0.964385 0.211608
v 0.00636883 -0.0200162 0.00462724
vn 0.301517 -0.927954 0.219062
v 0.00605044 -0.0195817 0.00651555
vn 0.286553 -0.90885 0.303115
v 0.00297388 -0.0203902 0.00620268
vn 0.141257 -0.946256 0.290941
v 0.00605044 -0.0195817 0.00651555
vn 0.286553 -0.90885 0.303115
v 0.00431291 -0.0197741 0.00729077
vn 0.204096 -0.917192 0.342205
v 0.00297388 -0.0203902 0.00620268
vn 0.141257 -0.946256 0.290941
v 0.0126914 -0.0173448 -0.000934581
vn 0.588546 -0.807086 -0.0471755
v 0.0139887 -0.0162379 -0.00184837
vn 0.646038 -0.758065 -0.0892879
v 0.0151877 -0.0152179 -0.000910026
vn 0.703221 -0.709577 -0.044496
v 0.0151877 -0.0152179 -0.000910026
vn 0.703221 -0.709577 -0.044496
v 0.0126914 -0.0173448 0.000934585
vn 0.588541 -0.807089 0.0471876
v 0.0126914 -0.0173448 -0.000934581
vn 0.588546 -0.807086 -0.0471755
v 0.0151877 -0.0152179 -0.000910026
vn 0.703221 -0.709577 -0.044496
v 0.015187 -0.0152185 0.000911665
vn 0.703181 -0.709614 0.0445582
v 0.0126914 -0.0173448 0.000934585
vn 0.588541 -0.807089 0.0471876
v 0.015187 -0.0152185 0.000911665
vn 0.703181 -0.709614 0.0445582
v 0.0139894 -0.0162373 0.00184888
vn 0.64605 -0.758051 0.0893141
v 0.0126914 -0.0173448 0.000934585
vn 0.588541 -0.807089 0.0471876
v 0.0061448 -0.0129134 -0.0160952
vn 0.284838 -0.604985 -0.743546
v 0.00672645 -0.0139709 -0.0149257
vn 0.315752 -0.656112 -0.685433
v 0.00556001 -0.0152186 -0.0141619
vn 0.260307 -0.710357 -0.653937
v 0.00556001 -0.0152186 -0.0141619
vn 0.260307 -0.710357 -0.653937
v 0.00448913 -0.0129134 -0.0166332
vn 0.206572 -0.60499 -0.76897
v 0.0061448 -0.0129134 -0.0160952
vn 0.284838 -0.604985 -0.743546
v 0.00556001 -0.0152186 -0.0141619
vn 0.260307 -0.710357 -0.653937
v 0.00382591 -0.0152186 -0.0147254
vn 0.174366 -0.710537 -0.681713
v 0.00448913 -0.0129134 -0.0166332
vn 0.206572 -0.60499 -0.76897
v 0.00382591 -0.0152186 -0.0147254
vn 0.174366 -0.710537 -0.681713
v 0.00333248 -0.0139718 -0.0160279
vn 0.147666 -0.654515 -0.741489
v 0.00448913 -0.0129134 -0.0166332
vn 0.206572 -0.60499 -0.76897
v 0.00983701 -0.0191089 -0.000932968
vn 0.458655 -0.887365 -0.0471137
v 0.0112654 -0.0182261 -0.00187159
vn 0.523595 -0.847148 -0.0904888
v 0.0126914 -0.0173448 -0.000934581
vn 0.588546 -0.807086 -0.0471755
v 0.0126914 -0.0173448 -0.000934581
vn 0.588546 -0.807086 -0.0471755
v 0.0126914 -0.0173448 0.000934585
vn 0.588541 -0.807089 0.0471876
v 0.00983701 -0.0191089 -0.000932968
vn 0.458655 -0.887365 -0.0471137
v 0.0126914 -0.0173448 0.000934585
vn 0.588541 -0.807089 0.0471876
v 0.00983612 -0.0191093 0.000934572
vn 0.458613 -0.887382 0.0471949
v 0.00983701 -0.0191089 -0.000932968
vn 0.458655 -0.887365 -0.0471137
v 0.0126914 -0.0173448 0.000934585
vn 0.588541 -0.807089 0.0471876
v 0.0112646 -0.0182266 0.00187212
vn 0.523562 -0.847168 0.0904949
v 0.00983612 -0.0191093 0.000934572
vn 0.458613 -0.887382 0.0471949
v 0.00681813 -0.0203902 -0.000911615
vn 0.321171 -0.945954 -0.0449425
v 0.00826762 -0.0197737 -0.00184837
vn 0.38797 -0.917262 -0.090052
v 0.00983701 -0.0191089 -0.000932968
vn 0.458655 -0.887365 -0.0471137
v 0.00983701 -0.0191089 -0.000932968
vn 0.458655 -0.887365 -0.0471137
v 0.00983612 -0.0191093 0.000934572
vn 0.458613 -0.887382 0.0471949
v 0.00681813 -0.0203902 -0.000911615
vn 0.321171 -0.945954 -0.0449425
v 0.00983612 -0.0191093 0.000934572
vn 0.458613 -0.887382 0.0471949
v 0.00681813 -0.0203902 0.000911624
vn 0.321169 -0.945955 0.044949
v 0.00681813 -0.0203902 -0.000911615
vn 0.321171 -0.945954 -0.0449425
v 0.00983612 -0.0191093 0.000934572
vn 0.458613 -0.887382 0.0471949
v 0.00826762 -0.0197737 0.00184838
vn 0.387955 -0.917266 0.0900744
v 0.00681813 -0.0203902 0.000911624
vn 0.321169 -0.945955 0.044949
v 0.0113376 -0.0150235 0.0103929
vn 0.526581 -0.701346 0.480443
v 0.0129533 -0.0143507 0.00941227
vn 0.600293 -0.670613 0.435806
v 0.013949 -0.0128568 0.0101357
vn 0.647284 -0.600358 0.469673
v 0.013949 -0.0128568 0.0101357
vn 0.647284 -0.600358 0.469673
v 0.013361 -0.0120597 0.0117829
vn 0.620639 -0.563177 0.545563
v 0.0113376 -0.0150235 0.0103929
vn 0.526581 -0.701346 0.480443
v 0.013361 -0.0120597 0.0117829
vn 0.620639 -0.563177 0.545563
v 0.0107739 -0.0141692 0.0120689
vn 0.500659 -0.662884 0.556709
v 0.0113376 -0.0150235 0.0103929
vn 0.526581 -0.701346 0.480443
v 0.013361 -0.0120597 0.0117829
vn 0.620639 -0.563177 0.545563
v 0.0118029 -0.0127004 0.0127342
vn 0.550743 -0.593248 0.587145
v 0.0107739 -0.0141692 0.0120689
vn 0.500659 -0.662884 0.556709
v 0.0139069 -0.015972 0.00374091
vn 0.643578 -0.744382 0.178055
v 0.0139894 -0.0162373 0.00184888
vn 0.64605 -0.758051 0.0893141
v 0.015187 -0.0152185 0.000911665
vn 0.703181 -0.709614 0.0445582
v 0.015187 -0.0152185 0.000911665
vn 0.703181 -0.709614 0.0445582
v 0.0150547 -0.014648 0.00462722
vn 0.695152 -0.684641 0.219157
v 0.0139069 -0.015972 0.00374091
vn 0.643578 -0.744382 0.178055
v 0.015187 -0.0152185 0.000911665
vn 0.703181 -0.709614 0.0445582
v 0.0162739 -0.013971 0.00178392
vn 0.750678 -0.655101 0.0855949
v 0.0150547 -0.014648 0.00462722
vn 0.695152 -0.684641 0.219157
v 0.0162739 -0.013971 0.00178392
vn 0.750678 -0.655101 0.0855949
v 0.0162268 -0.0136625 0.00360597
vn 0.751263 -0.637162 0.172128
v 0.0150547 -0.014648 0.00462722
vn 0.695152 -0.684641 0.219157
v 0.00655452 -0.0106057 -0.0175692
vn 0.309308 -0.496456 -0.811085
v 0.00718334 -0.0116214 -0.0166471
vn 0.339209 -0.543737 -0.767651
v 0.0061448 -0.0129134 -0.0160952
vn 0.284838 -0.604985 -0.743546
v 0.0061448 -0.0129134 -0.0160952
vn 0.284838 -0.604985 -0.743546
v 0.00502576 -0.0106051 -0.0180663
vn 0.226577 -0.496442 -0.837979
v 0.00655452 -0.0106057 -0.0175692
vn 0.309308 -0.496456 -0.811085
v 0.0061448 -0.0129134 -0.0160952
vn 0.284838 -0.604985 -0.743546
v 0.00448913 -0.0129134 -0.0166332
vn 0.206572 -0.60499 -0.76897
v 0.00502576 -0.0106051 -0.0180663
vn 0.226577 -0.496442 -0.837979
v 0.00448913 -0.0129134 -0.0166332
vn 0.206572 -0.60499 -0.76897
v 0.00397464 -0.0116224 -0.0176891
vn 0.175371 -0.544755 -0.820053
v 0.00502576 -0.0106051 -0.0180663
vn 0.226577 -0.496442 -0.837979
v 0.00385498 -0.0211649 -0.000870428
vn 0.185474 -0.981785 -0.0411975
v 0.00521896 -0.0208036 -0.00178342
vn 0.24961 -0.964273 -0.0887226
v 0.00681813 -0.0203902 -0.000911615
vn 0.321171 -0.945954 -0.0449425
v 0.00681813 -0.0203902 -0.000911615
vn 0.321171 -0.945954 -0.0449425
v 0.00681813 -0.0203902 0.000911624
vn 0.321169 -0.945955 0.044949
v 0.00385498 -0.0211649 -0.000870428
vn 0.185474 -0.981785 -0.0411975
v 0.00681813 -0.0203902 0.000911624
vn 0.321169 -0.945955 0.044949
v 0.00385498 -0.0211649 0.000870436
vn 0.185478 -0.981787 0.0411401
v 0.00385498 -0.0211649 -0.000870428
vn 0.185474 -0.981785 -0.0411975
v 0.00681813 -0.0203902 0.000911624
vn 0.321169 -0.945955 0.044949
v 0.00521802 -0.0208038 0.00178393
vn 0.2496 -0.964272 0.088764
v 0.00385498 -0.0211649 0.000870436
vn 0.185478 -0.981787 0.0411401
v 0.0105567 -0.0170813 0.00767106
vn 0.491132 -0.794697 0.356715
v 0.0121985 -0.0163897 0.00668587
vn 0.565703 -0.763322 0.311961
v 0.013388 -0.0150238 0.00757005
vn 0.620106 -0.700592 0.353043
v 0.013388 -0.0150238 0.00757005
vn 0.620106 -0.700592 0.353043
v 0.0129533 -0.0143507 0.00941227
vn 0.600293 -0.670613 0.435806
v 0.0105567 -0.0170813 0.00767106
vn 0.491132 -0.794697 0.356715
v 0.0129533 -0.0143507 0.00941227
vn 0.600293 -0.670613 0.435806
v 0.0101298 -0.0163887 0.00953544
vn 0.47157 -0.762986 0.442126
v 0.0105567 -0.0170813 0.00767106
vn 0.491132 -0.794697 0.356715
v 0.0129533 -0.0143507 0.00941227
vn 0.600293 -0.670613 0.435806
v 0.0113376 -0.0150235 0.0103929
vn 0.526581 -0.701346 0.480443
v 0.0101298 -0.0163887 0.00953544
vn 0.47157 -0.762986 0.442126
v 0.0112646 -0.0182266 0.00187212
vn 0.523562 -0.847168 0.0904949
v 0.0126914 -0.0173448 0.000934585
vn 0.588541 -0.807089 0.0471876
v 0.0139894 -0.0162373 0.00184888
vn 0.64605 -0.758051 0.0893141
v 0.0139894 -0.0162373 0.00184888
vn 0.64605 -0.758051 0.0893141
v 0.0139069 -0.015972 0.00374091
vn 0.643578 -0.744382 0.178055
v 0.0112646 -0.0182266 0.00187212
vn 0.523562 -0.847168 0.0904949
v 0.0139069 -0.015972 0.00374091
vn 0.643578 -0.744382 0.178055
v 0.0111279 -0.0180037 0.00378939
vn 0.517117 -0.836656 0.180547
v 0.0112646 -0.0182266 0.00187212
vn 0.523562 -0.847168 0.0904949
v 0.0139069 -0.015972 0.00374091
vn 0.643578 -0.744382 0.178055
v 0.0124705 -0.0168587 0.00474636
vn 0.577955 -0.784913 0.223339
v 0.0111279 -0.0180037 0.00378939
vn 0.517117 -0.836656 0.180547
v 0.0169067 -0.0117791 0.00620437
vn 0.782573 -0.550041 0.291606
v 0.0171276 -0.0122636 0.00441135
vn 0.790255 -0.57569 0.20995
v 0.0180274 -0.0112712 0.00339731
vn 0.834996 -0.525341 0.163707
v 0.0180274 -0.0112712 0.00339731
vn 0.834996 -0.525341 0.163707
v 0.0176824 -0.0102284 0.00676683
vn 0.820794 -0.473633 0.319324
v 0.0169067 -0.0117791 0.00620437
vn 0.782573 -0.550041 0.291606
v 0.0180274 -0.0112712 0.00339731
vn 0.834996 -0.525341 0.163707
v 0.0187684 -0.00979004 0.00393351
vn 0.870016 -0.45533 0.189067
v 0.0176824 -0.0102284 0.00676683
vn 0.820794 -0.473633 0.319324
v 0.0187684 -0.00979004 0.00393351
vn 0.870016 -0.45533 0.189067
v 0.0186455 -0.00922756 0.00551409
vn 0.865058 -0.42621 0.264611
v 0.0176824 -0.0102284 0.00676683
vn 0.820794 -0.473633 0.319324
v 0.00836736 -0.0168583 0.0103944
vn 0.39183 -0.78461 0.480475
v 0.0101298 -0.0163887 0.00953544
vn 0.47157 -0.762986 0.442126
v 0.0113376 -0.0150235 0.0103929
vn 0.526581 -0.701346 0.480443
v 0.0113376 -0.0150235 0.0103929
vn 0.526581 -0.701346 0.480443
v 0.0107739 -0.0141692 0.0120689
vn 0.500659 -0.662884 0.556709
v 0.00836736 -0.0168583 0.0103944
vn 0.39183 -0.78461 0.480475
v 0.0107739 -0.0141692 0.0120689
vn 0.500659 -0.662884 0.556709
v 0.00785358 -0.0159729 0.0120702
vn 0.368261 -0.743267 0.558514
v 0.00836736 -0.0168583 0.0103944
vn 0.39183 -0.78461 0.480475
v 0.0107739 -0.0141692 0.0120689
vn 0.500659 -0.662884 0.556709
v 0.00905223 -0.0146488 0.0128875
vn 0.422422 -0.685588 0.592899
v 0.00785358 -0.0159729 0.0120702
vn 0.368261 -0.743267 0.558514
v 0.00844242 -0.0136622 0.0143194
vn 0.393577 -0.63971 0.660203
v 0.0094877 -0.012263 0.0149269
vn 0.445445 -0.57296 0.687965
v 0.00880177 -0.0112713 0.0160952
vn 0.413686 -0.52436 0.744252
v 0.00880177 -0.0112713 0.0160952
vn 0.413686 -0.52436 0.744252
v 0.00718233 -0.0116215 0.0166474
vn 0.33917 -0.543729 0.767674
v 0.00844242 -0.0136622 0.0143194
vn 0.393577 -0.63971 0.660203
v 0.00718233 -0.0116215 0.0166474
vn 0.33917 -0.543729 0.767674
v 0.00672646 -0.0139709 0.0149257
vn 0.315736 -0.656117 0.685435
v 0.00844242 -0.0136622 0.0143194
vn 0.393577 -0.63971 0.660203
v 0.00718233 -0.0116215 0.0166474
vn 0.33917 -0.543729 0.767674
v 0.00614339 -0.0129127 0.0160963
vn 0.28477 -0.604978 0.743578
v 0.00672646 -0.0139709 0.0149257
vn 0.315736 -0.656117 0.685435
v 0.00826762 -0.0197737 0.00184838
vn 0.387955 -0.917266 0.0900744
v 0.00983612 -0.0191093 0.000934572
vn 0.458613 -0.887382 0.0471949
v 0.0112646 -0.0182266 0.00187212
vn 0.523562 -0.847168 0.0904949
v 0.0112646 -0.0182266 0.00187212
vn 0.523562 -0.847168 0.0904949
v 0.00806635 -0.0195817 0.00374092
vn 0.377632 -0.908793 0.177451
v 0.00826762 -0.0197737 0.00184838
vn 0.387955 -0.917266 0.0900744
v 0.0112646 -0.0182266 0.00187212
vn 0.523562 -0.847168 0.0904949
v 0.0111279 -0.0180037 0.00378939
vn 0.517117 -0.836656 0.180547
v 0.00806635 -0.0195817 0.00374092
vn 0.377632 -0.908793 0.177451
v 0.0111279 -0.0180037 0.00378939
vn 0.517117 -0.836656 0.180547
v 0.00950183 -0.0186935 0.00474637
vn 0.443586 -0.867967 0.223306
v 0.00806635 -0.0195817 0.00374092
vn 0.377632 -0.908793 0.177451
v 0.0153352 -0.0120584 0.00906721
vn 0.710239 -0.563713 0.42165
v 0.0157576 -0.0127009 0.00729076
vn 0.728484 -0.594097 0.341115
v 0.0169067 -0.0117791 0.00620437
vn 0.782573 -0.550041 0.291606
v 0.0169067 -0.0117791 0.00620437
vn 0.782573 -0.550041 0.291606
v 0.0161289 -0.0104711 0.00964384
vn 0.750342 -0.483519 0.450773
v 0.0153352 -0.0120584 0.00906721
vn 0.710239 -0.563713 0.42165
v 0.0169067 -0.0117791 0.00620437
vn 0.782573 -0.550041 0.291606
v 0.0176824 -0.0102284 0.00676683
vn 0.820794 -0.473633 0.319324
v 0.0161289 -0.0104711 0.00964384
vn 0.750342 -0.483519 0.450773
v 0.0176824 -0.0102284 0.00676683
vn 0.820794 -0.473633 0.319324
v 0.0173307 -0.00955444 0.0084337
vn 0.804647 -0.441525 0.396986
v 0.0161289 -0.0104711 0.00964384
vn 0.750342 -0.483519 0.450773
v 0.00526139 -0.0182266 0.0101347
vn 0.247284 -0.847031 0.47052
v 0.00704089 -0.0180044 0.00941216
vn 0.331855 -0.83643 0.436185
v 0.00836736 -0.0168583 0.0103944
vn 0.39183 -0.78461 0.480475
v 0.00836736 -0.0168583 0.0103944
vn 0.39183 -0.78461 0.480475
v 0.00481064 -0.0173448 0.0117814
vn 0.226109 -0.806942 0.545636
v 0.00526139 -0.0182266 0.0101347
vn 0.247284 -0.847031 0.47052
v 0.00836736 -0.0168583 0.0103944
vn 0.39183 -0.78461 0.480475
v 0.00785358 -0.0159729 0.0120702
vn 0.368261 -0.743267 0.558514
v 0.00481064 -0.0173448 0.0117814
vn 0.226109 -0.806942 0.545636
v 0.00785358 -0.0159729 0.0120702
vn 0.368261 -0.743267 0.558514
v 0.00608098 -0.0162367 0.0127342
vn 0.285161 -0.757134 0.587734
v 0.00481064 -0.0173448 0.0117814
vn 0.226109 -0.806942 0.545636
v 0.00608098 -0.0162367 0.0127342
vn 0.285161 -0.757134 0.587734
v 0.00785358 -0.0159729 0.0120702
vn 0.368261 -0.743267 0.558514
v 0.00905223 -0.0146488 0.0128875
vn 0.422422 -0.685588 0.592899
v 0.00905223 -0.0146488 0.0128875
vn 0.422422 -0.685588 0.592899
v 0.00556001 -0.0152185 0.014162
vn 0.260298 -0.710353 0.653945
v 0.00608098 -0.0162367 0.0127342
vn 0.285161 -0.757134 0.587734
v 0.00905223 -0.0146488 0.0128875
vn 0.422422 -0.685588 0.592899
v 0.00844242 -0.0136622 0.0143194
vn 0.393577 -0.63971 0.660203
v 0.00556001 -0.0152185 0.014162
vn 0.260298 -0.710353 0.653945
v 0.00844242 -0.0136622 0.0143194
vn 0.393577 -0.63971 0.660203
v 0.00672646 -0.0139709 0.0149257
vn 0.315736 -0.656117 0.685435
v 0.00556001 -0.0152185 0.014162
vn 0.260298 -0.710353 0.653945
v 0.00521802 -0.0208038 0.00178393
vn 0.2496 -0.964272 0.088764
v 0.00681813 -0.0203902 0.000911624
vn 0.321169 -0.945955 0.044949
v 0.00826762 -0.0197737 0.00184838
vn 0.387955 -0.917266 0.0900744
v 0.00826762 -0.0197737 0.00184838
vn 0.387955 -0.917266 0.0900744
v 0.00496141 -0.0206242 0.00360586
vn 0.235936 -0.956914 0.169261
v 0.00521802 -0.0208038 0.00178393
vn 0.2496 -0.964272 0.088764
v 0.00826762 -0.0197737 0.00184838
vn 0.387955 -0.917266 0.0900744
v 0.00806635 -0.0195817 0.00374092
vn 0.377632 -0.908793 0.177451
v 0.00496141 -0.0206242 0.00360586
vn 0.235936 -0.956914 0.169261
v 0.00806635 -0.0195817 0.00374092
vn 0.377632 -0.908793 0.177451
v 0.00636883 -0.0200162 0.00462724
vn 0.301517 -0.927954 0.219062
v 0.00496141 -0.0206242 0.00360586
vn 0.235936 -0.956914 0.169261
v 0.013361 -0.0120597 0.0117829
vn 0.620639 -0.563177 0.545563
v 0.013949 -0.0128568 0.0101357
vn 0.647284 -0.600358 0.469673
v 0.0153352 -0.0120584 0.00906721
vn 0.710239 -0.563713 0.42165
v 0.0153352 -0.0120584 0.00906721
vn 0.710239 -0.563713 0.42165
v 0.0141572 -0.0104697 0.0123591
vn 0.660442 -0.483555 0.574448
v 0.013361 -0.0120597 0.0117829
vn 0.620639 -0.563177 0.545563
v 0.0153352 -0.0120584 0.00906721
vn 0.710239 -0.563713 0.42165
v 0.0161289 -0.0104711 0.00964384
vn 0.750342 -0.483519 0.450773
v 0.0141572 -0.0104697 0.0123591
vn 0.660442 -0.483555 0.574448
v 0.0161289 -0.0104711 0.00964384
vn 0.750342 -0.483519 0.450773
v 0.0155411 -0.00967267 0.0112924
vn 0.72367 -0.447021 0.525808
v 0.0141572 -0.0104697 0.0123591
vn 0.660442 -0.483555 0.574448
v 0.0111238 -0.0117789 0.0141633
vn 0.519072 -0.549093 0.655028
v 0.0118998 -0.0102285 0.0147259
vn 0.556713 -0.473295 0.682687
v 0.0110047 -0.00922897 0.0160291
vn 0.519154 -0.425478 0.741248
v 0.0110047 -0.00922897 0.0160291
vn 0.519154 -0.425478 0.741248
v 0.0094877 -0.012263 0.0149269
vn 0.445445 -0.57296 0.687965
v 0.0111238 -0.0117789 0.0141633
vn 0.519072 -0.549093 0.655028
v 0.0110047 -0.00922897 0.0160291
vn 0.519154 -0.425478 0.741248
v 0.00954126 -0.00979075 0.0166336
vn 0.44835 -0.453981 0.769989
v 0.0094877 -0.012263 0.0149269
vn 0.445445 -0.57296 0.687965
v 0.00954126 -0.00979075 0.0166336
vn 0.44835 -0.453981 0.769989
v 0.00880177 -0.0112713 0.0160952
vn 0.413686 -0.52436 0.744252
v 0.0094877 -0.012263 0.0149269
vn 0.445445 -0.57296 0.687965
v -0.0142136 -0.0139718 -0.00812226
vn -0.658668 -0.655268 -0.369839
v -0.012822 -0.015218 -0.00819077
vn -0.59465 -0.710337 -0.37658
v -0.0124035 -0.016238 -0.00672687
vn -0.576349 -0.757149 -0.307486
v -0.0124035 -0.016238 -0.00672687
vn -0.576349 -0.757149 -0.307486
v -0.0152473 -0.0136626 -0.00662047
vn -0.70781 -0.638373 -0.302465
v -0.0142136 -0.0139718 -0.00812226
vn -0.658668 -0.655268 -0.369839
v -0.0124035 -0.016238 -0.00672687
vn -0.576349 -0.757149 -0.307486
v -0.0134486 -0.0159733 -0.00514684
vn -0.625316 -0.74418 -0.234897
v -0.0152473 -0.0136626 -0.00662047
vn -0.70781 -0.638373 -0.302465
v -0.0134486 -0.0159733 -0.00514684
vn -0.625316 -0.74418 -0.234897
v -0.0148993 -0.0146481 -0.00510534
vn -0.691207 -0.68456 -0.231538
v -0.0152473 -0.0136626 -0.00662047
vn -0.70781 -0.638373 -0.302465
v 0.013361 -0.0120597 0.0117829
vn 0.620639 -0.563177 0.545563
v 0.0141572 -0.0104697 0.0123591
vn 0.660442 -0.483555 0.574448
v 0.0133765 -0.00955597 0.0138752
vn 0.625849 -0.441236 0.643136
v 0.0133765 -0.00955597 0.0138752
vn 0.625849 -0.441236 0.643136
v 0.0118998 -0.0102285 0.0147259
vn 0.556713 -0.473295 0.682687
v 0.013361 -0.0120597 0.0117829
vn 0.620639 -0.563177 0.545563
v 0.0118998 -0.0102285 0.0147259
vn 0.556713 -0.473295 0.682687
v 0.0118029 -0.0127004 0.0127342
vn 0.550743 -0.593248 0.587145
v 0.013361 -0.0120597 0.0117829
vn 0.620639 -0.563177 0.545563
v 0.0118998 -0.0102285 0.0147259
vn 0.556713 -0.473295 0.682687
v 0.0111238 -0.0117789 0.0141633
vn 0.519072 -0.549093 0.655028
v 0.0118029 -0.0127004 0.0127342
vn 0.550743 -0.593248 0.587145
v 0.00397331 -0.0116214 0.0176901
vn 0.175288 -0.544705 0.820104
v 0.00502576 -0.0106051 0.0180663
vn 0.226605 -0.496437 0.837974
v 0.0047636 -0.00923809 0.0188702
vn 0.213489 -0.428279 0.878066
v 0.0047636 -0.00923809 0.0188702
vn 0.213489 -0.428279 0.878066
v 0.00342635 -0.00875222 0.0193763
vn 0.14614 -0.404139 0.902948
v 0.00397331 -0.0116214 0.0176901
vn 0.175288 -0.544705 0.820104
v 0.00342635 -0.00875222 0.0193763
vn 0.14614 -0.404139 0.902948
v 0.00234143 -0.0112709 0.0181949
vn 0.103486 -0.525442 0.844512
v 0.00397331 -0.0116214 0.0176901
vn 0.175288 -0.544705 0.820104
v 0.00342635 -0.00875222 0.0193763
vn 0.14614 -0.404139 0.902948
v 0.00205791 -0.00979169 0.0190646
vn 0.0898398 -0.454013 0.886454
v 0.00234143 -0.0112709 0.0181949
vn 0.103486 -0.525442 0.844512
v -0.0134486 -0.0159733 -0.00514684
vn -0.625316 -0.74418 -0.234897
v -0.0124035 -0.016238 -0.00672687
vn -0.576349 -0.757149 -0.307486
v -0.0108169 -0.0173448 -0.00670364
vn -0.503785 -0.807123 -0.307822
v -0.0108169 -0.0173448 -0.00670364
vn -0.503785 -0.807123 -0.307822
v -0.0102127 -0.0182271 -0.00510646
vn -0.476996 -0.846789 -0.23542
v -0.0134486 -0.0159733 -0.00514684
vn -0.625316 -0.74418 -0.234897
v -0.0102127 -0.0182271 -0.00510646
vn -0.476996 -0.846789 -0.23542
v -0.0128778 -0.0168594 -0.00349003
vn -0.599052 -0.784794 -0.158854
v -0.0134486 -0.0159733 -0.00514684
vn -0.625316 -0.74418 -0.234897
v -0.0102127 -0.0182271 -0.00510646
vn -0.476996 -0.846789 -0.23542
v -0.0112287 -0.0180047 -0.00347415
vn -0.524777 -0.836515 -0.157646
v -0.0128778 -0.0168594 -0.00349003
vn -0.599052 -0.784794 -0.158854
v -0.0148993 -0.0146481 -0.00510534
vn -0.691207 -0.68456 -0.231538
v -0.0134486 -0.0159733 -0.00514684
vn -0.625316 -0.74418 -0.234897
v -0.0128778 -0.0168594 -0.00349003
vn -0.599052 -0.784794 -0.158854
v -0.0128778 -0.0168594 -0.00349003
vn -0.599052 -0.784794 -0.158854
v -0.01581 -0.014169 -0.00343294
vn -0.73298 -0.661987 -0.156566
v -0.0148993 -0.0146481 -0.00510534
vn -0.691207 -0.68456 -0.231538
v -0.0128778 -0.0168594 -0.00349003
vn -0.599052 -0.784794 -0.158854
v -0.0137988 -0.0163898 -0.00175923
vn -0.641071 -0.763296 -0.0800474
v -0.01581 -0.014169 -0.00343294
vn -0.73298 -0.661987 -0.156566
v -0.0137988 -0.0163898 -0.00175923
vn -0.641071 -0.763296 -0.0800474
v -0.0152799 -0.0150246 -0.00174493
vn -0.709149 -0.70063 -0.0789001
v -0.01581 -0.014169 -0.00343294
vn -0.73298 -0.661987 -0.156566
v -0.0152799 -0.0150246 -0.00174493
vn -0.709149 -0.70063 -0.0789001
v -0.0137988 -0.0163898 -0.00175923
vn -0.641071 -0.763296 -0.0800474
v -0.0130495 -0.0170813 9.48286e-07
vn -0.606965 -0.794729 0.000125713
v -0.0130495 -0.0170813 9.48286e-07
vn -0.606965 -0.794729 0.000125713
v -0.0160118 -0.0143507 9.44865e-07
vn -0.741897 -0.670514 2.06629e-05
v -0.0152799 -0.0150246 -0.00174493
vn -0.709149 -0.70063 -0.0789001
v -0.0130495 -0.0170813 9.48286e-07
vn -0.606965 -0.794729 0.000125713
v -0.0152799 -0.0150246 0.00174494
vn -0.709138 -0.700643 0.0788839
v -0.0160118 -0.0143507 9.44865e-07
vn -0.741897 -0.670514 2.06629e-05
v -0.0130495 -0.0170813 9.48286e-07
vn -0.606965 -0.794729 0.000125713
v -0.0137987 -0.0163897 0.00176112
vn -0.641044 -0.763309 0.0801425
v -0.0152799 -0.0150246 0.00174494
vn -0.709138 -0.700643 0.0788839
v -0.01581 -0.014169 0.00343295
vn -0.732989 -0.66197 0.156596
v -0.0152799 -0.0150246 0.00174494
vn -0.709138 -0.700643 0.0788839
v -0.0137987 -0.0163897 0.00176112
vn -0.641044 -0.763309 0.0801425
v -0.0137987 -0.0163897 0.00176112
vn -0.641044 -0.763309 0.0801425
v -0.0128778 -0.0168594 0.00349005
vn -0.599034 -0.784811 0.158839
v -0.01581 -0.014169 0.00343295
vn -0.732989 -0.66197 0.156596
v -0.0128778 -0.0168594 0.00349005
vn -0.599034 -0.784811 0.158839
v -0.0148985 -0.0146488 0.00510538
vn -0.691201 -0.684571 0.231524
v -0.01581 -0.014169 0.00343295
vn -0.732989 -0.66197 0.156596
v -0.0128778 -0.0168594 0.00349005
vn -0.599034 -0.784811 0.158839
v -0.0134484 -0.0159729 0.00514867
vn -0.625281 -0.744183 0.234981
v -0.0148985 -0.0146488 0.00510538
vn -0.691201 -0.684571 0.231524
v -0.0152469 -0.0136622 0.00662224
vn -0.707806 -0.638346 0.302531
v -0.0148985 -0.0146488 0.00510538
vn -0.691201 -0.684571 0.231524
v -0.0134484 -0.0159729 0.00514867
vn -0.625281 -0.744183 0.234981
v -0.0134484 -0.0159729 0.00514867
vn -0.625281 -0.744183 0.234981
v -0.0124044 -0.0162373 0.0067269
vn -0.576198 -0.757187 0.307673
v -0.0152469 -0.0136622 0.00662224
vn -0.707806 -0.638346 0.302531
v -0.0124044 -0.0162373 0.0067269
vn -0.576198 -0.757187 0.307673
v -0.0142146 -0.0139703 0.00812306
vn -0.658719 -0.655184 0.369896
v -0.0152469 -0.0136622 0.00662224
vn -0.707806 -0.638346 0.302531
v -0.0124044 -0.0162373 0.0067269
vn -0.576198 -0.757187 0.307673
v -0.012822 -0.015218 0.00819077
vn -0.594622 -0.710363 0.376576
v -0.0142146 -0.0139703 0.00812306
vn -0.658719 -0.655184 0.369896
v -0.0173247 -0.0117791 -0.004918
vn -0.80452 -0.550038 -0.224069
v -0.0170329 -0.0127018 -0.00336369
vn -0.789828 -0.594141 -0.152207
v -0.0177352 -0.0120598 -0.0016773
vn -0.822387 -0.563788 -0.0763089
v -0.0177352 -0.0120598 -0.0016773
vn -0.822387 -0.563788 -0.0763089
v -0.018717 -0.0104711 -0.00167823
vn -0.871987 -0.48354 -0.0763454
v -0.0173247 -0.0117791 -0.004918
vn -0.80452 -0.550038 -0.224069
v -0.018717 -0.0104711 -0.00167823
vn -0.871987 -0.48354 -0.0763454
v -0.0182823 -0.0102294 -0.00491888
vn -0.851711 -0.473675 -0.224098
v -0.0173247 -0.0117791 -0.004918
vn -0.80452 -0.550038 -0.224069
v -0.018717 -0.0104711 -0.00167823
vn -0.871987 -0.48354 -0.0763454
v -0.0189775 -0.00955595 -0.00336271
vn -0.884282 -0.441607 -0.151752
v -0.0182823 -0.0102294 -0.00491888
vn -0.851711 -0.473675 -0.224098
v 0.0162739 -0.013971 0.00178392
vn 0.750678 -0.655101 0.0855949
v 0.015187 -0.0152185 0.000911665
vn 0.703181 -0.709614 0.0445582
v 0.0151877 -0.0152179 -0.000910026
vn 0.703221 -0.709577 -0.044496
v 0.0151877 -0.0152179 -0.000910026
vn 0.703221 -0.709577 -0.044496
v 0.0162745 -0.0139703 -0.00178333
vn 0.750678 -0.655105 -0.0855604
v 0.0162739 -0.013971 0.00178392
vn 0.750678 -0.655101 0.0855949
v 0.0162745 -0.0139703 -0.00178333
vn 0.750678 -0.655105 -0.0855604
v 0.0172064 -0.0129133 0.00087043
vn 0.795777 -0.604167 0.0414864
v 0.0162739 -0.013971 0.00178392
vn 0.750678 -0.655101 0.0855949
v 0.0162745 -0.0139703 -0.00178333
vn 0.750678 -0.655105 -0.0855604
v 0.0172064 -0.0129133 -0.00087043
vn 0.79578 -0.604164 -0.0414764
v 0.0172064 -0.0129133 0.00087043
vn 0.795777 -0.604167 0.0414864
v -0.0177352 -0.0120598 -0.0016773
vn -0.822387 -0.563788 -0.0763089
v -0.0172426 -0.0128568 9.49228e-07
vn -0.799593 -0.600542 3.60399e-05
v -0.0177351 -0.0120597 0.00167919
vn -0.822385 -0.563779 0.0763935
v -0.0177351 -0.0120597 0.00167919
vn -0.822385 -0.563779 0.0763935
v -0.018717 -0.0104711 -0.00167823
vn -0.871987 -0.48354 -0.0763454
v -0.0177352 -0.0120598 -0.0016773
vn -0.822387 -0.563788 -0.0763089
v -0.0177351 -0.0120597 0.00167919
vn -0.822385 -0.563779 0.0763935
v -0.0187176 -0.0104702 0.00167825
vn -0.872021 -0.483477 0.076357
v -0.018717 -0.0104711 -0.00167823
vn -0.871987 -0.48354 -0.0763454
v -0.0187176 -0.0104702 0.00167825
vn -0.872021 -0.483477 0.076357
v -0.0192105 -0.00967265 9.45546e-07
vn -0.894532 -0.447003 3.06394e-05
v -0.018717 -0.0104711 -0.00167823
vn -0.871987 -0.48354 -0.0763454
v -0.0177351 -0.0120597 0.00167919
vn -0.822385 -0.563779 0.0763935
v -0.0170337 -0.0127004 0.00336458
vn -0.789858 -0.594087 0.152268
v -0.0173247 -0.0117791 0.004918
vn -0.804522 -0.550028 0.224085
v -0.0173247 -0.0117791 0.004918
vn -0.804522 -0.550028 0.224085
v -0.0187176 -0.0104702 0.00167825
vn -0.872021 -0.483477 0.076357
v -0.0177351 -0.0120597 0.00167919
vn -0.822385 -0.563779 0.0763935
v -0.0173247 -0.0117791 0.004918
vn -0.804522 -0.550028 0.224085
v -0.0182829 -0.0102285 0.00491892
vn -0.851741 -0.473613 0.224117
v -0.0187176 -0.0104702 0.00167825
vn -0.872021 -0.483477 0.076357
v -0.0182829 -0.0102285 0.00491892
vn -0.851741 -0.473613 0.224117
v -0.0189772 -0.00955583 0.00336457
vn -0.884271 -0.4416 0.151837
v -0.0187176 -0.0104702 0.00167825
vn -0.872021 -0.483477 0.076357
v -0.0112287 -0.0180047 -0.00347415
vn -0.524777 -0.836515 -0.157646
v -0.0102127 -0.0182271 -0.00510646
vn -0.476996 -0.846789 -0.23542
v -0.00850688 -0.0191093 -0.00502536
vn -0.398192 -0.887496 -0.231935
v -0.00850688 -0.0191093 -0.00502536
vn -0.398192 -0.887496 -0.231935
v -0.00777364 -0.0197745 -0.00336317
vn -0.366409 -0.91716 -0.156722
v -0.0112287 -0.0180047 -0.00347415
vn -0.524777 -0.836515 -0.157646
v -0.00777364 -0.0197745 -0.00336317
vn -0.366409 -0.91716 -0.156722
v -0.010476 -0.018694 -0.00174509
vn -0.490646 -0.867718 -0.0795779
v -0.0112287 -0.0180047 -0.00347415
vn -0.524777 -0.836515 -0.157646
v -0.00777364 -0.0197745 -0.00336317
vn -0.366409 -0.91716 -0.156722
v -0.00872465 -0.0195817 -0.00171478
vn -0.410427 -0.908619 -0.0772112
v -0.010476 -0.018694 -0.00174509
vn -0.490646 -0.867718 -0.0795779
v -0.0152473 -0.0136626 -0.00662047
vn -0.70781 -0.638373 -0.302465
v -0.0148993 -0.0146481 -0.00510534
vn -0.691207 -0.68456 -0.231538
v -0.01581 -0.014169 -0.00343294
vn -0.73298 -0.661987 -0.156566
v -0.01581 -0.014169 -0.00343294
vn -0.73298 -0.661987 -0.156566
v -0.0170329 -0.0127018 -0.00336369
vn -0.789828 -0.594141 -0.152207
v -0.0152473 -0.0136626 -0.00662047
vn -0.70781 -0.638373 -0.302465
v -0.0170329 -0.0127018 -0.00336369
vn -0.789828 -0.594141 -0.152207
v -0.0164494 -0.0122636 -0.00649838
vn -0.762755 -0.57566 -0.294651
v -0.0152473 -0.0136626 -0.00662047
vn -0.70781 -0.638373 -0.302465
v -0.0170329 -0.0127018 -0.00336369
vn -0.789828 -0.594141 -0.152207
v -0.0173247 -0.0117791 -0.004918
vn -0.80452 -0.550038 -0.224069
v -0.0164494 -0.0122636 -0.00649838
vn -0.762755 -0.57566 -0.294651
v 0.0180522 -0.0116215 0.00168652
vn 0.832563 -0.547857 0.0818034
v 0.0172064 -0.0129133 0.00087043
vn 0.795777 -0.604167 0.0414864
v 0.0172064 -0.0129133 -0.00087043
vn 0.79578 -0.604164 -0.0414764
v 0.0172064 -0.0129133 -0.00087043
vn 0.79578 -0.604164 -0.0414764
v 0.0180516 -0.0116223 -0.00168603
vn 0.832541 -0.547897 -0.0817626
v 0.0180522 -0.0116215 0.00168652
vn 0.832563 -0.547857 0.0818034
v 0.0180516 -0.0116223 -0.00168603
vn 0.832541 -0.547897 -0.0817626
v 0.0187352 -0.010605 -0.000802926
vn 0.865872 -0.498661 -0.0400236
v 0.0180522 -0.0116215 0.00168652
vn 0.832563 -0.547857 0.0818034
v 0.0187352 -0.010605 -0.000802926
vn 0.865872 -0.498661 -0.0400236
v 0.0187348 -0.0106057 0.000804633
vn 0.86586 -0.498678 0.0400979
v 0.0180522 -0.0116215 0.00168652
vn 0.832563 -0.547857 0.0818034
v -0.0173247 -0.0117791 0.004918
vn -0.804522 -0.550028 0.224085
v -0.0164488 -0.0122644 0.00649846
vn -0.762708 -0.575728 0.29464
v -0.0165809 -0.0112708 0.00784939
vn -0.771732 -0.525324 0.35842
v -0.0165809 -0.0112708 0.00784939
vn -0.771732 -0.525324 0.35842
v -0.0182829 -0.0102285 0.00491892
vn -0.851741 -0.473613 0.224117
v -0.0173247 -0.0117791 0.004918
vn -0.804522 -0.550028 0.224085
v -0.0165809 -0.0112708 0.00784939
vn -0.771732 -0.525324 0.35842
v -0.0174961 -0.00979073 0.00784852
vn -0.814992 -0.455347 0.358395
v -0.0182829 -0.0102285 0.00491892
vn -0.851741 -0.473613 0.224117
v -0.0174961 -0.00979073 0.00784852
vn -0.814992 -0.455347 0.358395
v -0.0183247 -0.00922894 0.00649926
vn -0.855359 -0.426239 0.294415
v -0.0182829 -0.0102285 0.00491892
vn -0.851741 -0.473613 0.224117
v -0.0137988 -0.0163898 -0.00175923
vn -0.641071 -0.763296 -0.0800474
v -0.0128778 -0.0168594 -0.00349003
vn -0.599052 -0.784794 -0.158854
v -0.0112287 -0.0180047 -0.00347415
vn -0.524777 -0.836515 -0.157646
v -0.0112287 -0.0180047 -0.00347415
vn -0.524777 -0.836515 -0.157646
v -0.010476 -0.018694 -0.00174509
vn -0.490646 -0.867718 -0.0795779
v -0.0137988 -0.0163898 -0.00175923
vn -0.641071 -0.763296 -0.0800474
v -0.010476 -0.018694 -0.00174509
vn -0.490646 -0.867718 -0.0795779
v -0.0130495 -0.0170813 9.48286e-07
vn -0.606965 -0.794729 0.000125713
v -0.0137988 -0.0163898 -0.00175923
vn -0.641071 -0.763296 -0.0800474
v -0.010476 -0.018694 -0.00174509
vn -0.490646 -0.867718 -0.0795779
v -0.011376 -0.0182405 9.52201e-07
vn -0.531297 -0.847186 0.000106318
v -0.0130495 -0.0170813 9.48286e-07
vn -0.606965 -0.794729 0.000125713
v -0.00872465 -0.0195817 -0.00171478
vn -0.410427 -0.908619 -0.0772112
v -0.00777364 -0.0197745 -0.00336317
vn -0.366409 -0.91716 -0.156722
v -0.0060518 -0.0203902 -0.00327002
vn -0.285599 -0.946053 -0.153026
v -0.0060518 -0.0203902 -0.00327002
vn -0.285599 -0.946053 -0.153026
v -0.00526897 -0.0208041 -0.00162378
vn -0.252332 -0.964562 -0.0771293
v -0.00872465 -0.0195817 -0.00171478
vn -0.410427 -0.908619 -0.0772112
v -0.00526897 -0.0208041 -0.00162378
vn -0.252332 -0.964562 -0.0771293
v -0.00787232 -0.0200162 1.53467e-08
vn -0.372605 -0.92799 0.000578862
v -0.00872465 -0.0195817 -0.00171478
vn -0.410427 -0.908619 -0.0772112
v -0.00526897 -0.0208041 -0.00162378
vn -0.252332 -0.964562 -0.0771293
v -0.00613334 -0.0206242 9.67122e-07
vn -0.291533 -0.95656 0.000620908
v -0.00787232 -0.0200162 1.53467e-08
vn -0.372605 -0.92799 0.000578862
v -0.01581 -0.014169 -0.00343294
vn -0.73298 -0.661987 -0.156566
v -0.0152799 -0.0150246 -0.00174493
vn -0.709149 -0.70063 -0.0789001
v -0.0160118 -0.0143507 9.44865e-07
vn -0.741897 -0.670514 2.06629e-05
v -0.0160118 -0.0143507 9.44865e-07
vn -0.741897 -0.670514 2.06629e-05
v -0.0172426 -0.0128568 9.49228e-07
vn -0.799593 -0.600542 3.60399e-05
v -0.01581 -0.014169 -0.00343294
vn -0.73298 -0.661987 -0.156566
v -0.0172426 -0.0128568 9.49228e-07
vn -0.799593 -0.600542 3.60399e-05
v -0.0170329 -0.0127018 -0.00336369
vn -0.789828 -0.594141 -0.152207
v -0.01581 -0.014169 -0.00343294
vn -0.73298 -0.661987 -0.156566
v -0.0172426 -0.0128568 9.49228e-07
vn -0.799593 -0.600542 3.60399e-05
v -0.0177352 -0.0120598 -0.0016773
vn -0.822387 -0.563788 -0.0763089
v -0.0170329 -0.0127018 -0.00336369
vn -0.789828 -0.594141 -0.152207
v -0.0134086 -0.0129134 -0.0108177
vn -0.620455 -0.603631 -0.500665
v -0.0121166 -0.0139709 -0.0110095
vn -0.556116 -0.654817 -0.511809
v -0.0117522 -0.015218 -0.00966323
vn -0.541916 -0.710328 -0.449178
v -0.0117522 -0.015218 -0.00966323
vn -0.541916 -0.710328 -0.449178
v -0.0144319 -0.0129133 -0.00940935
vn -0.668975 -0.603283 -0.434191
v -0.0134086 -0.0129134 -0.0108177
vn -0.620455 -0.603631 -0.500665
v -0.0117522 -0.015218 -0.00966323
vn -0.541916 -0.710328 -0.449178
v -0.012822 -0.015218 -0.00819077
vn -0.59465 -0.710337 -0.37658
v -0.0144319 -0.0129133 -0.00940935
vn -0.668975 -0.603283 -0.434191
v -0.012822 -0.015218 -0.00819077
vn -0.59465 -0.710337 -0.37658
v -0.0142136 -0.0139718 -0.00812226
vn -0.658668 -0.655268 -0.369839
v -0.0144319 -0.0129133 -0.00940935
vn -0.668975 -0.603283 -0.434191
v -0.00362885 -0.0211652 -0.00156067
vn -0.174147 -0.981744 -0.0764932
v -0.00260568 -0.0211652 -0.00296893
vn -0.12348 -0.98206 -0.142515
v -0.000886337 -0.0213438 -0.00272783
vn -0.0441315 -0.989363 -0.138609
v -0.000886337 -0.0213438 -0.00272783
vn -0.0441315 -0.989363 -0.138609
v -0.00042164 -0.0215 -0.00130066
vn -0.0208018 -0.99744 -0.0684098
v -0.00362885 -0.0211652 -0.00156067
vn -0.174147 -0.981744 -0.0764932
v -0.00042164 -0.0215 -0.00130066
vn -0.0208018 -0.99744 -0.0684098
v -0.0028693 -0.0213436 3.82169e-09
vn -0.142022 -0.989862 -0.00153964
v -0.00362885 -0.0211652 -0.00156067
vn -0.174147 -0.981744 -0.0764932
v -0.00042164 -0.0215 -0.00130066
vn -0.0208018 -0.99744 -0.0684098
v -0.0013673 -0.0215 9.29717e-07
vn -0.0710633 -0.99747 -0.00209697
v -0.0028693 -0.0213436 3.82169e-09
vn -0.142022 -0.989862 -0.00153964
v -0.0137987 -0.0163897 0.00176112
vn -0.641044 -0.763309 0.0801425
v -0.0130495 -0.0170813 9.48286e-07
vn -0.606965 -0.794729 0.000125713
v -0.011376 -0.0182405 9.52201e-07
vn -0.531297 -0.847186 0.000106318
v -0.011376 -0.0182405 9.52201e-07
vn -0.531297 -0.847186 0.000106318
v -0.010477 -0.0186935 0.00174514
vn -0.490689 -0.867696 0.079551
v -0.0137987 -0.0163897 0.00176112
vn -0.641044 -0.763309 0.0801425
v -0.010477 -0.0186935 0.00174514
vn -0.490689 -0.867696 0.079551
v -0.0112286 -0.0180044 0.00347602
vn -0.524781 -0.83649 0.157764
v -0.0137987 -0.0163897 0.00176112
vn -0.641044 -0.763309 0.0801425
v -0.0112286 -0.0180044 0.00347602
vn -0.524781 -0.83649 0.157764
v -0.0128778 -0.0168594 0.00349005
vn -0.599034 -0.784811 0.158839
v -0.0137987 -0.0163897 0.00176112
vn -0.641044 -0.763309 0.0801425
v -0.011376 -0.0182405 9.52201e-07
vn -0.531297 -0.847186 0.000106318
v -0.010476 -0.018694 -0.00174509
vn -0.490646 -0.867718 -0.0795779
v -0.00872465 -0.0195817 -0.00171478
vn -0.410427 -0.908619 -0.0772112
v -0.00872465 -0.0195817 -0.00171478
vn -0.410427 -0.908619 -0.0772112
v -0.00787232 -0.0200162 1.53467e-08
vn -0.372605 -0.92799 0.000578862
v -0.011376 -0.0182405 9.52201e-07
vn -0.531297 -0.847186 0.000106318
v -0.00787232 -0.0200162 1.53467e-08
vn -0.372605 -0.92799 0.000578862
v -0.0087246 -0.0195815 0.00171669
vn -0.410311 -0.908672 0.0772012
v -0.011376 -0.0182405 9.52201e-07
vn -0.531297 -0.847186 0.000106318
v -0.0087246 -0.0195815 0.00171669
vn -0.410311 -0.908672 0.0772012
v -0.010477 -0.0186935 0.00174514
vn -0.490689 -0.867696 0.079551
v -0.011376 -0.0182405 9.52201e-07
vn -0.531297 -0.847186 0.000106318
v -0.00613334 -0.0206242 9.67122e-07
vn -0.291533 -0.95656 0.000620908
v -0.00526897 -0.0208041 -0.00162378
vn -0.252332 -0.964562 -0.0771293
v -0.00362885 -0.0211652 -0.00156067
vn -0.174147 -0.981744 -0.0764932
v -0.00362885 -0.0211652 -0.00156067
vn -0.174147 -0.981744 -0.0764932
v -0.0028693 -0.0213436 3.82169e-09
vn -0.142022 -0.989862 -0.00153964
v -0.00613334 -0.0206242 9.67122e-07
vn -0.291533 -0.95656 0.000620908
v -0.0028693 -0.0213436 3.82169e-09
vn -0.142022 -0.989862 -0.00153964
v -0.00362873 -0.0211651 0.00156256
vn -0.17453 -0.98165 0.0768252
v -0.00613334 -0.0206242 9.67122e-07
vn -0.291533 -0.95656 0.000620908
v -0.00362873 -0.0211651 0.00156256
vn -0.17453 -0.98165 0.0768252
v -0.00527003 -0.0208038 0.00162383
vn -0.252521 -0.964521 0.0770196
v -0.00613334 -0.0206242 9.67122e-07
vn -0.291533 -0.95656 0.000620908
v -0.0160118 -0.0143507 9.44865e-07
vn -0.741897 -0.670514 2.06629e-05
v -0.0152799 -0.0150246 0.00174494
vn -0.709138 -0.700643 0.0788839
v -0.01581 -0.014169 0.00343295
vn -0.732989 -0.66197 0.156596
v -0.01581 -0.014169 0.00343295
vn -0.732989 -0.66197 0.156596
v -0.0172426 -0.0128568 9.49228e-07
vn -0.799593 -0.600542 3.60399e-05
v -0.0160118 -0.0143507 9.44865e-07
vn -0.741897 -0.670514 2.06629e-05
v -0.01581 -0.014169 0.00343295
vn -0.732989 -0.66197 0.156596
v -0.0170337 -0.0127004 0.00336458
vn -0.789858 -0.594087 0.152268
v -0.0172426 -0.0128568 9.49228e-07
vn -0.799593 -0.600542 3.60399e-05
v -0.0170337 -0.0127004 0.00336458
vn -0.789858 -0.594087 0.152268
v -0.0177351 -0.0120597 0.00167919
vn -0.822385 -0.563779 0.0763935
v -0.0172426 -0.0128568 9.49228e-07
vn -0.799593 -0.600542 3.60399e-05
v -0.0117522 -0.015218 -0.00966323
vn -0.541916 -0.710328 -0.449178
v -0.0102306 -0.016238 -0.00971761
vn -0.470939 -0.757425 -0.452244
v -0.00971981 -0.0173444 -0.00821499
vn -0.448935 -0.807082 -0.383505
v -0.00971981 -0.0173444 -0.00821499
vn -0.448935 -0.807082 -0.383505
v -0.012822 -0.015218 -0.00819077
vn -0.59465 -0.710337 -0.37658
v -0.0117522 -0.015218 -0.00966323
vn -0.541916 -0.710328 -0.449178
v -0.00971981 -0.0173444 -0.00821499
vn -0.448935 -0.807082 -0.383505
v -0.0108169 -0.0173448 -0.00670364
vn -0.503785 -0.807123 -0.307822
v -0.012822 -0.015218 -0.00819077
vn -0.59465 -0.710337 -0.37658
v -0.0108169 -0.0173448 -0.00670364
vn -0.503785 -0.807123 -0.307822
v -0.0124035 -0.016238 -0.00672687
vn -0.576349 -0.757149 -0.307486
v -0.012822 -0.015218 -0.00819077
vn -0.59465 -0.710337 -0.37658
v -0.0128778 -0.0168594 0.00349005
vn -0.599034 -0.784811 0.158839
v -0.0112286 -0.0180044 0.00347602
vn -0.524781 -0.83649 0.157764
v -0.0102127 -0.0182271 0.00510648
vn -0.476988 -0.846797 0.235408
v -0.0102127 -0.0182271 0.00510648
vn -0.476988 -0.846797 0.235408
v -0.0134484 -0.0159729 0.00514867
vn -0.625281 -0.744183 0.234981
v -0.0128778 -0.0168594 0.00349005
vn -0.599034 -0.784811 0.158839
v -0.0102127 -0.0182271 0.00510648
vn -0.476988 -0.846797 0.235408
v -0.0108166 -0.0173443 0.00670542
vn -0.50388 -0.806955 0.308105
v -0.0134484 -0.0159729 0.00514867
vn -0.625281 -0.744183 0.234981
v -0.0108166 -0.0173443 0.00670542
vn -0.50388 -0.806955 0.308105
v -0.0124044 -0.0162373 0.0067269
vn -0.576198 -0.757187 0.307673
v -0.0134484 -0.0159729 0.00514867
vn -0.625281 -0.744183 0.234981
v -0.010477 -0.0186935 0.00174514
vn -0.490689 -0.867696 0.079551
v -0.0087246 -0.0195815 0.00171669
vn -0.410311 -0.908672 0.0772012
v -0.00777466 -0.0197741 0.00336324
vn -0.366429 -0.917152 0.156719
v -0.00777466 -0.0197741 0.00336324
vn -0.366429 -0.917152 0.156719
v -0.0112286 -0.0180044 0.00347602
vn -0.524781 -0.83649 0.157764
v -0.010477 -0.0186935 0.00174514
vn -0.490689 -0.867696 0.079551
v -0.00777466 -0.0197741 0.00336324
vn -0.366429 -0.917152 0.156719
v -0.00850667 -0.0191089 0.00502718
vn -0.398185 -0.887468 0.232053
v -0.0112286 -0.0180044 0.00347602
vn -0.524781 -0.83649 0.157764
v -0.00850667 -0.0191089 0.00502718
vn -0.398185 -0.887468 0.232053
v -0.0102127 -0.0182271 0.00510648
vn -0.476988 -0.846797 0.235408
v -0.0112286 -0.0180044 0.00347602
vn -0.524781 -0.83649 0.157764
v -0.0087246 -0.0195815 0.00171669
vn -0.410311 -0.908672 0.0772012
v -0.00787232 -0.0200162 1.53467e-08
vn -0.372605 -0.92799 0.000578862
v -0.00613334 -0.0206242 9.67122e-07
vn -0.291533 -0.95656 0.000620908
v -0.00613334 -0.0206242 9.67122e-07
vn -0.291533 -0.95656 0.000620908
v -0.00527003 -0.0208038 0.00162383
vn -0.252521 -0.964521 0.0770196
v -0.0087246 -0.0195815 0.00171669
vn -0.410311 -0.908672 0.0772012
v -0.00527003 -0.0208038 0.00162383
vn -0.252521 -0.964521 0.0770196
v -0.00605165 -0.02039 0.00327188
vn -0.285612 -0.946027 0.153161
v -0.0087246 -0.0195815 0.00171669
vn -0.410311 -0.908672 0.0772012
v -0.00605165 -0.02039 0.00327188
vn -0.285612 -0.946027 0.153161
v -0.00777466 -0.0197741 0.00336324
vn -0.366429 -0.917152 0.156719
v -0.0087246 -0.0195815 0.00171669
vn -0.410311 -0.908672 0.0772012
v 0.00333116 -0.0139709 0.0160289
vn 0.147595 -0.654468 0.741544
v 0.00449088 -0.0129127 0.0166332
vn 0.206673 -0.604975 0.768955
v 0.00397331 -0.0116214 0.0176901
vn 0.175288 -0.544705 0.820104
v 0.00397331 -0.0116214 0.0176901
vn 0.175288 -0.544705 0.820104
v 0.00234143 -0.0112709 0.0181949
vn 0.103486 -0.525442 0.844512
v 0.00333116 -0.0139709 0.0160289
vn 0.147595 -0.654468 0.741544
v 0.00234143 -0.0112709 0.0181949
vn 0.103486 -0.525442 0.844512
v 0.00158475 -0.0136626 0.0165468
vn 0.0708658 -0.63902 0.765919
v 0.00333116 -0.0139709 0.0160289
vn 0.147595 -0.654468 0.741544
v 0.00234143 -0.0112709 0.0181949
vn 0.103486 -0.525442 0.844512
v 0.00109612 -0.0122634 0.0176527
vn 0.0433859 -0.573253 0.818229
v 0.00158475 -0.0136626 0.0165468
vn 0.0708658 -0.63902 0.765919
v -0.01581 -0.014169 0.00343295
vn -0.732989 -0.66197 0.156596
v -0.0148985 -0.0146488 0.00510538
vn -0.691201 -0.684571 0.231524
v -0.0152469 -0.0136622 0.00662224
vn -0.707806 -0.638346 0.302531
v -0.0152469 -0.0136622 0.00662224
vn -0.707806 -0.638346 0.302531
v -0.0170337 -0.0127004 0.00336458
vn -0.789858 -0.594087 0.152268
v -0.01581 -0.014169 0.00343295
vn -0.732989 -0.66197 0.156596
v -0.0152469 -0.0136622 0.00662224
vn -0.707806 -0.638346 0.302531
v -0.0164488 -0.0122644 0.00649846
vn -0.762708 -0.575728 0.29464
v -0.0170337 -0.0127004 0.00336458
vn -0.789858 -0.594087 0.152268
v -0.0164488 -0.0122644 0.00649846
vn -0.762708 -0.575728 0.29464
v -0.0173247 -0.0117791 0.004918
vn -0.804522 -0.550028 0.224085
v -0.0170337 -0.0127004 0.00336458
vn -0.789858 -0.594087 0.152268
v -0.0108169 -0.0173448 -0.00670364
vn -0.503785 -0.807123 -0.307822
v -0.00971981 -0.0173444 -0.00821499
vn -0.448935 -0.807082 -0.383505
v -0.00801215 -0.0182265 -0.00813649
vn -0.370167 -0.847611 -0.380174
v -0.00801215 -0.0182265 -0.00813649
vn -0.370167 -0.847611 -0.380174
v -0.00740823 -0.0191093 -0.00653752
vn -0.343287 -0.887487 -0.307442
v -0.0108169 -0.0173448 -0.00670364
vn -0.503785 -0.807123 -0.307822
v -0.00740823 -0.0191093 -0.00653752
vn -0.343287 -0.887487 -0.307442
v -0.0102127 -0.0182271 -0.00510646
vn -0.476996 -0.846789 -0.23542
v -0.0108169 -0.0173448 -0.00670364
vn -0.503785 -0.807123 -0.307822
v -0.00740823 -0.0191093 -0.00653752
vn -0.343287 -0.887487 -0.307442
v -0.00850688 -0.0191093 -0.00502536
vn -0.398192 -0.887496 -0.231935
v -0.0102127 -0.0182271 -0.00510646
vn -0.476996 -0.846789 -0.23542
v -0.0060518 -0.0203902 -0.00327002
vn -0.285599 -0.946053 -0.153026
v -0.00498184 -0.02039 -0.00474433
vn -0.232345 -0.946236 -0.225061
v -0.00317254 -0.0208041 -0.00450928
vn -0.150082 -0.964213 -0.218559
v -0.00317254 -0.0208041 -0.00450928
vn -0.150082 -0.964213 -0.218559
v -0.00260568 -0.0211652 -0.00296893
vn -0.12348 -0.98206 -0.142515
v -0.0060518 -0.0203902 -0.00327002
vn -0.285599 -0.946053 -0.153026
v -0.00260568 -0.0211652 -0.00296893
vn -0.12348 -0.98206 -0.142515
v -0.00526897 -0.0208041 -0.00162378
vn -0.252332 -0.964562 -0.0771293
v -0.0060518 -0.0203902 -0.00327002
vn -0.285599 -0.946053 -0.153026
v -0.00260568 -0.0211652 -0.00296893
vn -0.12348 -0.98206 -0.142515
v -0.00362885 -0.0211652 -0.00156067
vn -0.174147 -0.981744 -0.0764932
v -0.00526897 -0.0208041 -0.00162378
vn -0.252332 -0.964562 -0.0771293
v -0.0152469 -0.0136622 0.00662224
vn -0.707806 -0.638346 0.302531
v -0.0142146 -0.0139703 0.00812306
vn -0.658719 -0.655184 0.369896
v -0.0144314 -0.0129127 0.00941103
vn -0.668951 -0.60326 0.43426
v -0.0144314 -0.0129127 0.00941103
vn -0.668951 -0.60326 0.43426
v -0.0164488 -0.0122644 0.00649846
vn -0.762708 -0.575728 0.29464
v -0.0152469 -0.0136622 0.00662224
vn -0.707806 -0.638346 0.302531
v -0.0144314 -0.0129127 0.00941103
vn -0.668951 -0.60326 0.43426
v -0.0155951 -0.0116223 0.00924635
vn -0.721598 -0.547914 0.423185
v -0.0164488 -0.0122644 0.00649846
vn -0.762708 -0.575728 0.29464
v -0.0155951 -0.0116223 0.00924635
vn -0.721598 -0.547914 0.423185
v -0.0165809 -0.0112708 0.00784939
vn -0.771732 -0.525324 0.35842
v -0.0164488 -0.0122644 0.00649846
vn -0.762708 -0.575728 0.29464
v 0.000250259 -0.0146479 0.0157479
vn 0.00644298 -0.68473 0.728768
v 0.00158475 -0.0136626 0.0165468
vn 0.0708658 -0.63902 0.765919
v 0.00109612 -0.0122634 0.0176527
vn 0.0433859 -0.573253 0.818229
v 0.00109612 -0.0122634 0.0176527
vn 0.0433859 -0.573253 0.818229
v -0.000675546 -0.0117786 0.0179969
vn -0.034802 -0.549512 0.834761
v 0.000250259 -0.0146479 0.0157479
vn 0.00644298 -0.68473 0.728768
v -0.000675546 -0.0117786 0.0179969
vn -0.034802 -0.549512 0.834761
v -0.00162252 -0.0141692 0.0160966
vn -0.0768918 -0.662547 0.745063
v 0.000250259 -0.0146479 0.0157479
vn 0.00644298 -0.68473 0.728768
v -0.000675546 -0.0117786 0.0179969
vn -0.034802 -0.549512 0.834761
v -0.00206445 -0.0127018 0.0172386
vn -0.100096 -0.59278 0.79912
v -0.00162252 -0.0141692 0.0160966
vn -0.0768918 -0.662547 0.745063
v -0.00850688 -0.0191093 -0.00502536
vn -0.398192 -0.887496 -0.231935
v -0.00740823 -0.0191093 -0.00653752
vn -0.343287 -0.887487 -0.307442
v -0.0056008 -0.0197745 -0.00635383
vn -0.260642 -0.91749 -0.300464
v -0.0056008 -0.0197745 -0.00635383
vn -0.260642 -0.91749 -0.300464
v -0.00498184 -0.02039 -0.00474433
vn -0.232345 -0.946236 -0.225061
v -0.00850688 -0.0191093 -0.00502536
vn -0.398192 -0.887496 -0.231935
v -0.00498184 -0.02039 -0.00474433
vn -0.232345 -0.946236 -0.225061
v -0.00777364 -0.0197745 -0.00336317
vn -0.366409 -0.91716 -0.156722
v -0.00850688 -0.0191093 -0.00502536
vn -0.398192 -0.887496 -0.231935
v -0.00498184 -0.02039 -0.00474433
vn -0.232345 -0.946236 -0.225061
v -0.0060518 -0.0203902 -0.00327002
vn -0.285599 -0.946053 -0.153026
v -0.00777364 -0.0197745 -0.00336317
vn -0.366409 -0.91716 -0.156722
v -0.00306175 -0.0150234 0.0150725
vn -0.143808 -0.701487 0.698022
v -0.00162252 -0.0141692 0.0160966
vn -0.0768918 -0.662547 0.745063
v -0.00206445 -0.0127018 0.0172386
vn -0.100096 -0.59278 0.79912
v -0.00206445 -0.0127018 0.0172386
vn -0.100096 -0.59278 0.79912
v -0.00388351 -0.0120597 0.0173859
vn -0.18132 -0.562946 0.806359
v -0.00306175 -0.0150234 0.0150725
vn -0.143808 -0.701487 0.698022
v -0.00388351 -0.0120597 0.0173859
vn -0.18132 -0.562946 0.806359
v -0.00494814 -0.0143504 0.0152285
vn -0.229485 -0.671069 0.704985
v -0.00306175 -0.0150234 0.0150725
vn -0.143808 -0.701487 0.698022
v -0.00388351 -0.0120597 0.0173859
vn -0.18132 -0.562946 0.806359
v -0.00532743 -0.0128569 0.0163989
vn -0.247569 -0.599977 0.760747
v -0.00494814 -0.0143504 0.0152285
vn -0.229485 -0.671069 0.704985
v -0.00259047 -0.0163887 0.0136684
vn -0.122177 -0.76309 0.634638
v -0.000660288 -0.0168594 0.013326
vn -0.0346277 -0.784908 0.618644
v 0.000739822 -0.0159728 0.0143814
vn 0.029702 -0.743376 0.668214
v 0.000739822 -0.0159728 0.0143814
vn 0.029702 -0.743376 0.668214
v -0.00306175 -0.0150234 0.0150725
vn -0.143808 -0.701487 0.698022
v -0.00259047 -0.0163887 0.0136684
vn -0.122177 -0.76309 0.634638
v 0.000739822 -0.0159728 0.0143814
vn 0.029702 -0.743376 0.668214
v 0.000250259 -0.0146479 0.0157479
vn 0.00644298 -0.68473 0.728768
v -0.00306175 -0.0150234 0.0150725
vn -0.143808 -0.701487 0.698022
v 0.000250259 -0.0146479 0.0157479
vn 0.00644298 -0.68473 0.728768
v -0.00162252 -0.0141692 0.0160966
vn -0.0768918 -0.662547 0.745063
v -0.00306175 -0.0150234 0.0150725
vn -0.143808 -0.701487 0.698022
v -0.00351633 -0.0182405 0.0108189
vn -0.164063 -0.847606 0.504625
v -0.00157895 -0.0186933 0.0105036
vn -0.0762702 -0.867878 0.490887
v -0.000165019 -0.0180043 0.0117533
vn -0.0123374 -0.836845 0.5473
v -0.000165019 -0.0180043 0.0117533
vn -0.0123374 -0.836845 0.5473
v -0.00403171 -0.0170813 0.012411
vn -0.18765 -0.794558 0.577464
v -0.00351633 -0.0182405 0.0108189
vn -0.164063 -0.847606 0.504625
v -0.000165019 -0.0180043 0.0117533
vn -0.0123374 -0.836845 0.5473
v -0.000660288 -0.0168594 0.013326
vn -0.0346277 -0.784908 0.618644
v -0.00403171 -0.0170813 0.012411
vn -0.18765 -0.794558 0.577464
v -0.000660288 -0.0168594 0.013326
vn -0.0346277 -0.784908 0.618644
v -0.00259047 -0.0163887 0.0136684
vn -0.122177 -0.76309 0.634638
v -0.00403171 -0.0170813 0.012411
vn -0.18765 -0.794558 0.577464
v -0.00432804 -0.0195814 0.00776783
vn -0.200459 -0.909122 0.365122
v -0.00243378 -0.020016 0.00748714
vn -0.115428 -0.928018 0.354201
v -0.00106449 -0.0195814 0.00882823
vn -0.0526952 -0.909286 0.412822
v -0.00106449 -0.0195814 0.00882823
vn -0.0526952 -0.909286 0.412822
v -0.00489662 -0.0186933 0.00942563
vn -0.227087 -0.868024 0.441548
v -0.00432804 -0.0195814 0.00776783
vn -0.200459 -0.909122 0.365122
v -0.00106449 -0.0195814 0.00882823
vn -0.0526952 -0.909286 0.412822
v -0.00157895 -0.0186933 0.0105036
vn -0.0762702 -0.867878 0.490887
v -0.00489662 -0.0186933 0.00942563
vn -0.227087 -0.868024 0.441548
v -0.00157895 -0.0186933 0.0105036
vn -0.0762702 -0.867878 0.490887
v -0.00351633 -0.0182405 0.0108189
vn -0.164063 -0.847606 0.504625
v -0.00489662 -0.0186933 0.00942563
vn -0.227087 -0.868024 0.441548
v -0.00498118 -0.02039 0.00474518
vn -0.232315 -0.946239 0.225083
v -0.00317218 -0.0208037 0.00451105
vn -0.150065 -0.964196 0.218648
v -0.00189444 -0.0206242 0.00583341
vn -0.0895057 -0.957362 0.274674
v -0.00189444 -0.0206242 0.00583341
vn -0.0895057 -0.957362 0.274674
v -0.00560048 -0.019774 0.00635559
vn -0.260649 -0.917453 0.300571
v -0.00498118 -0.02039 0.00474518
vn -0.232315 -0.946239 0.225083
v -0.00189444 -0.0206242 0.00583341
vn -0.0895057 -0.957362 0.274674
v -0.00243378 -0.020016 0.00748714
vn -0.115428 -0.928018 0.354201
v -0.00560048 -0.019774 0.00635559
vn -0.260649 -0.917453 0.300571
v -0.00243378 -0.020016 0.00748714
vn -0.115428 -0.928018 0.354201
v -0.00432804 -0.0195814 0.00776783
vn -0.200459 -0.909122 0.365122
v -0.00560048 -0.019774 0.00635559
vn -0.260649 -0.917453 0.300571
v 0.00303293 -0.0173449 0.012359
vn 0.137999 -0.806975 0.574236
v 0.00481064 -0.0173448 0.0117814
vn 0.226109 -0.806942 0.545636
v 0.00608098 -0.0162367 0.0127342
vn 0.285161 -0.757134 0.587734
v 0.00608098 -0.0162367 0.0127342
vn 0.285161 -0.757134 0.587734
v 0.00256522 -0.0162368 0.0138765
vn 0.115335 -0.756827 0.643359
v 0.00303293 -0.0173449 0.012359
vn 0.137999 -0.806975 0.574236
v 0.00608098 -0.0162367 0.0127342
vn 0.285161 -0.757134 0.587734
v 0.00556001 -0.0152185 0.014162
vn 0.260298 -0.710353 0.653945
v 0.00256522 -0.0162368 0.0138765
vn 0.115335 -0.756827 0.643359
v 0.00556001 -0.0152185 0.014162
vn 0.260298 -0.710353 0.653945
v 0.0038259 -0.0152186 0.0147254
vn 0.1744 -0.710531 0.681711
v 0.00256522 -0.0162368 0.0138765
vn 0.115335 -0.756827 0.643359
v -0.0165809 -0.0112708 -0.00784939
vn -0.771726 -0.525338 -0.358412
v -0.0164494 -0.0122636 -0.00649838
vn -0.762755 -0.57566 -0.294651
v -0.0173247 -0.0117791 -0.004918
vn -0.80452 -0.550038 -0.224069
v -0.0173247 -0.0117791 -0.004918
vn -0.80452 -0.550038 -0.224069
v -0.0182823 -0.0102294 -0.00491888
vn -0.851711 -0.473675 -0.224098
v -0.0165809 -0.0112708 -0.00784939
vn -0.771726 -0.525338 -0.358412
v -0.0182823 -0.0102294 -0.00491888
vn -0.851711 -0.473675 -0.224098
v -0.0174956 -0.00979167 -0.00784847
vn -0.814985 -0.455373 -0.358378
v -0.0165809 -0.0112708 -0.00784939
vn -0.771726 -0.525338 -0.358412
v -0.0182823 -0.0102294 -0.00491888
vn -0.851711 -0.473675 -0.224098
v -0.0183252 -0.00922916 -0.00649748
vn -0.855368 -0.426261 -0.294359
v -0.0174956 -0.00979167 -0.00784847
vn -0.814985 -0.455373 -0.358378
v 0.00215138 -0.0191089 0.0096441
vn 0.0974882 -0.887545 0.450288
v 0.00392705 -0.019109 0.0090672
vn 0.185543 -0.887545 0.421709
v 0.00526139 -0.0182266 0.0101347
vn 0.247284 -0.847031 0.47052
v 0.00526139 -0.0182266 0.0101347
vn 0.247284 -0.847031 0.47052
v 0.00169933 -0.0182265 0.011292
vn 0.0762629 -0.847423 0.525412
v 0.00215138 -0.0191089 0.0096441
vn 0.0974882 -0.887545 0.450288
v 0.00526139 -0.0182266 0.0101347
vn 0.247284 -0.847031 0.47052
v 0.00481064 -0.0173448 0.0117814
vn 0.226109 -0.806942 0.545636
v 0.00169933 -0.0182265 0.011292
vn 0.0762629 -0.847423 0.525412
v 0.00481064 -0.0173448 0.0117814
vn 0.226109 -0.806942 0.545636
v 0.00303293 -0.0173449 0.012359
vn 0.137999 -0.806975 0.574236
v 0.00169933 -0.0182265 0.011292
vn 0.0762629 -0.847423 0.525412
v 0.00256522 -0.0162368 0.0138765
vn 0.115335 -0.756827 0.643359
v 0.0038259 -0.0152186 0.0147254
vn 0.1744 -0.710531 0.681711
v 0.00333116 -0.0139709 0.0160289
vn 0.147595 -0.654468 0.741544
v 0.00333116 -0.0139709 0.0160289
vn 0.147595 -0.654468 0.741544
v 0.00158475 -0.0136626 0.0165468
vn 0.0708658 -0.63902 0.765919
v 0.00256522 -0.0162368 0.0138765
vn 0.115335 -0.756827 0.643359
v 0.00158475 -0.0136626 0.0165468
vn 0.0708658 -0.63902 0.765919
v 0.000739822 -0.0159728 0.0143814
vn 0.029702 -0.743376 0.668214
v 0.00256522 -0.0162368 0.0138765
vn 0.115335 -0.756827 0.643359
v 0.00158475 -0.0136626 0.0165468
vn 0.0708658 -0.63902 0.765919
v 0.000250259 -0.0146479 0.0157479
vn 0.00644298 -0.68473 0.728768
v 0.000739822 -0.0159728 0.0143814
vn 0.029702 -0.743376 0.668214
v -0.0156297 -0.0106057 -0.0103609
vn -0.724068 -0.498674 -0.476498
v -0.0155951 -0.0116224 -0.00924635
vn -0.721581 -0.547932 -0.423191
v -0.0165809 -0.0112708 -0.00784939
vn -0.771726 -0.525338 -0.358412
v -0.0165809 -0.0112708 -0.00784939
vn -0.771726 -0.525338 -0.358412
v -0.0174956 -0.00979167 -0.00784847
vn -0.814985 -0.455373 -0.358378
v -0.0156297 -0.0106057 -0.0103609
vn -0.724068 -0.498674 -0.476498
v -0.0174956 -0.00979167 -0.00784847
vn -0.814985 -0.455373 -0.358378
v -0.0164758 -0.00923679 -0.0103609
vn -0.769842 -0.424573 -0.47653
v -0.0156297 -0.0106057 -0.0103609
vn -0.724068 -0.498674 -0.476498
v -0.0174956 -0.00979167 -0.00784847
vn -0.814985 -0.455373 -0.358378
v -0.0173686 -0.00875256 -0.00924706
vn -0.811763 -0.402106 -0.4235
v -0.0164758 -0.00923679 -0.0103609
vn -0.769842 -0.424573 -0.47653
v 0.0003629 -0.0211652 0.0039335
vn 0.01657 -0.981937 0.18848
v 0.00201843 -0.0211652 0.0033956
vn 0.0964464 -0.981971 0.162575
v 0.00330887 -0.0208036 0.0044124
vn 0.158691 -0.964385 0.211608
v 0.00330887 -0.0208036 0.0044124
vn 0.158691 -0.964385 0.211608
v -8.52588e-05 -0.0208037 0.00551406
vn -0.00650182 -0.96428 0.264806
v 0.0003629 -0.0211652 0.0039335
vn 0.01657 -0.981937 0.18848
v 0.00330887 -0.0208036 0.0044124
vn 0.158691 -0.964385 0.211608
v 0.00297388 -0.0203902 0.00620268
vn 0.141257 -0.946256 0.290941
v -8.52588e-05 -0.0208037 0.00551406
vn -0.00650182 -0.96428 0.264806
v 0.00297388 -0.0203902 0.00620268
vn 0.141257 -0.946256 0.290941
v 0.00124167 -0.02039 0.0067665
vn 0.0561725 -0.946219 0.318614
v -8.52588e-05 -0.0208037 0.00551406
vn -0.00650182 -0.96428 0.264806
v -0.0059383 -0.0163895 0.0125798
vn -0.273919 -0.763289 0.585114
v -0.00403171 -0.0170813 0.012411
vn -0.18765 -0.794558 0.577464
v -0.00259047 -0.0163887 0.0136684
vn -0.122177 -0.76309 0.634638
v -0.00259047 -0.0163887 0.0136684
vn -0.122177 -0.76309 0.634638
v -0.00638085 -0.0150235 0.0139942
vn -0.293796 -0.701199 0.649618
v -0.0059383 -0.0163895 0.0125798
vn -0.273919 -0.763289 0.585114
v -0.00259047 -0.0163887 0.0136684
vn -0.122177 -0.76309 0.634638
v -0.00306175 -0.0150234 0.0150725
vn -0.143808 -0.701487 0.698022
v -0.00638085 -0.0150235 0.0139942
vn -0.293796 -0.701199 0.649618
v -0.00306175 -0.0150234 0.0150725
vn -0.143808 -0.701487 0.698022
v -0.00494814 -0.0143504 0.0152285
vn -0.229485 -0.671069 0.704985
v -0.00638085 -0.0150235 0.0139942
vn -0.293796 -0.701199 0.649618
v -0.00945973 -0.0146481 0.0125924
vn -0.434036 -0.684113 0.586176
v -0.0081489 -0.0141692 0.0139761
vn -0.376595 -0.661527 0.648504
v -0.00846262 -0.0127018 0.0151597
vn -0.38902 -0.593749 0.704362
v -0.00846262 -0.0127018 0.0151597
vn -0.38902 -0.593749 0.704362
v -0.010031 -0.0117791 0.0149569
vn -0.4624 -0.550073 0.695418
v -0.00945973 -0.0146481 0.0125924
vn -0.434036 -0.684113 0.586176
v -0.010031 -0.0117791 0.0149569
vn -0.4624 -0.550073 0.695418
v -0.0110082 -0.0136626 0.0124551
vn -0.505228 -0.638677 0.580376
v -0.00945973 -0.0146481 0.0125924
vn -0.434036 -0.684113 0.586176
v -0.010031 -0.0117791 0.0149569
vn -0.4624 -0.550073 0.695418
v -0.0112636 -0.0122636 0.0136361
vn -0.514657 -0.574486 0.63647
v -0.0110082 -0.0136626 0.0124551
vn -0.505228 -0.638677 0.580376
v -0.000165019 -0.0180043 0.0117533
vn -0.0123374 -0.836845 0.5473
v 0.00169933 -0.0182265 0.011292
vn 0.0762629 -0.847423 0.525412
v 0.00303293 -0.0173449 0.012359
vn 0.137999 -0.806975 0.574236
v 0.00303293 -0.0173449 0.012359
vn 0.137999 -0.806975 0.574236
v -0.000660288 -0.0168594 0.013326
vn -0.0346277 -0.784908 0.618644
v -0.000165019 -0.0180043 0.0117533
vn -0.0123374 -0.836845 0.5473
v 0.00303293 -0.0173449 0.012359
vn 0.137999 -0.806975 0.574236
v 0.00256522 -0.0162368 0.0138765
vn 0.115335 -0.756827 0.643359
v -0.000660288 -0.0168594 0.013326
vn -0.0346277 -0.784908 0.618644
v 0.00256522 -0.0162368 0.0138765
vn 0.115335 -0.756827 0.643359
v 0.000739822 -0.0159728 0.0143814
vn 0.029702 -0.743376 0.668214
v -0.000660288 -0.0168594 0.013326
vn -0.0346277 -0.784908 0.618644
v 0.00109612 -0.0122634 0.0176527
vn 0.0433859 -0.573253 0.818229
v 0.00234143 -0.0112709 0.0181949
vn 0.103486 -0.525442 0.844512
v 0.00205791 -0.00979169 0.0190646
vn 0.0898398 -0.454013 0.886454
v 0.00205791 -0.00979169 0.0190646
vn 0.0898398 -0.454013 0.886454
v 0.000517522 -0.0092286 0.0194364
vn 0.0156284 -0.425457 0.904844
v 0.00109612 -0.0122634 0.0176527
vn 0.0433859 -0.573253 0.818229
v 0.000517522 -0.0092286 0.0194364
vn 0.0156284 -0.425457 0.904844
v -0.000675546 -0.0117786 0.0179969
vn -0.034802 -0.549512 0.834761
v 0.00109612 -0.0122634 0.0176527
vn 0.0433859 -0.573253 0.818229
v 0.000517522 -0.0092286 0.0194364
vn 0.0156284 -0.425457 0.904844
v -0.000972579 -0.0102281 0.0189082
vn -0.0493386 -0.473367 0.879482
v -0.000675546 -0.0117786 0.0179969
vn -0.034802 -0.549512 0.834761
v -0.00362873 -0.0211651 0.00156256
vn -0.17453 -0.98165 0.0768252
v -0.0028693 -0.0213436 3.82169e-09
vn -0.142022 -0.989862 -0.00153964
v -0.0013673 -0.0215 9.29717e-07
vn -0.0710633 -0.99747 -0.00209697
v -0.0013673 -0.0215 9.29717e-07
vn -0.0710633 -0.99747 -0.00209697
v -0.000422695 -0.0215 0.0013009
vn -0.0203913 -0.997434 0.0686304
v -0.00362873 -0.0211651 0.00156256
vn -0.17453 -0.98165 0.0768252
v -0.000422695 -0.0215 0.0013009
vn -0.0203913 -0.997434 0.0686304
v -0.000886346 -0.0213438 0.00272782
vn -0.0441276 -0.989361 0.138631
v -0.00362873 -0.0211651 0.00156256
vn -0.17453 -0.98165 0.0768252
v -0.000886346 -0.0213438 0.00272782
vn -0.0441276 -0.989361 0.138631
v -0.00260675 -0.0211651 0.00296907
vn -0.12352 -0.982052 0.142536
v -0.00362873 -0.0211651 0.00156256
vn -0.17453 -0.98165 0.0768252
v -0.00677508 -0.0180043 0.00960558
vn -0.311816 -0.836758 0.450118
v -0.00489662 -0.0186933 0.00942563
vn -0.227087 -0.868024 0.441548
v -0.00351633 -0.0182405 0.0108189
vn -0.164063 -0.847606 0.504625
v -0.00351633 -0.0182405 0.0108189
vn -0.164063 -0.847606 0.504625
v -0.00729835 -0.0168585 0.0111706
vn -0.335613 -0.784936 0.520806
v -0.00677508 -0.0180043 0.00960558
vn -0.311816 -0.836758 0.450118
v -0.00351633 -0.0182405 0.0108189
vn -0.164063 -0.847606 0.504625
v -0.00403171 -0.0170813 0.012411
vn -0.18765 -0.794558 0.577464
v -0.00729835 -0.0168585 0.0111706
vn -0.335613 -0.784936 0.520806
v -0.00403171 -0.0170813 0.012411
vn -0.18765 -0.794558 0.577464
v -0.0059383 -0.0163895 0.0125798
vn -0.273919 -0.763289 0.585114
v -0.00729835 -0.0168585 0.0111706
vn -0.335613 -0.784936 0.520806
v -0.00905092 -0.0159733 0.0111999
vn -0.415999 -0.743867 0.523074
v -0.00729835 -0.0168585 0.0111706
vn -0.335613 -0.784936 0.520806
v -0.0059383 -0.0163895 0.0125798
vn -0.273919 -0.763289 0.585114
v -0.0059383 -0.0163895 0.0125798
vn -0.273919 -0.763289 0.585114
v -0.00945973 -0.0146481 0.0125924
vn -0.434036 -0.684113 0.586176
v -0.00905092 -0.0159733 0.0111999
vn -0.415999 -0.743867 0.523074
v -0.0059383 -0.0163895 0.0125798
vn -0.273919 -0.763289 0.585114
v -0.00638085 -0.0150235 0.0139942
vn -0.293796 -0.701199 0.649618
v -0.00945973 -0.0146481 0.0125924
vn -0.434036 -0.684113 0.586176
v -0.00638085 -0.0150235 0.0139942
vn -0.293796 -0.701199 0.649618
v -0.0081489 -0.0141692 0.0139761
vn -0.376595 -0.661527 0.648504
v -0.00945973 -0.0146481 0.0125924
vn -0.434036 -0.684113 0.586176
v -0.00106449 -0.0195814 0.00882823
vn -0.0526952 -0.909286 0.412822
v 0.000795052 -0.019774 0.00843364
vn 0.0345533 -0.91736 0.396556
v 0.00215138 -0.0191089 0.0096441
vn 0.0974882 -0.887545 0.450288
v 0.00215138 -0.0191089 0.0096441
vn 0.0974882 -0.887545 0.450288
v -0.00157895 -0.0186933 0.0105036
vn -0.0762702 -0.867878 0.490887
v -0.00106449 -0.0195814 0.00882823
vn -0.0526952 -0.909286 0.412822
v 0.00215138 -0.0191089 0.0096441
vn 0.0974882 -0.887545 0.450288
v 0.00169933 -0.0182265 0.011292
vn 0.0762629 -0.847423 0.525412
v -0.00157895 -0.0186933 0.0105036
vn -0.0762702 -0.867878 0.490887
v 0.00169933 -0.0182265 0.011292
vn 0.0762629 -0.847423 0.525412
v -0.000165019 -0.0180043 0.0117533
vn -0.0123374 -0.836845 0.5473
v -0.00157895 -0.0186933 0.0105036
vn -0.0762702 -0.867878 0.490887
v -0.00206445 -0.0127018 0.0172386
vn -0.100096 -0.59278 0.79912
v -0.000675546 -0.0117786 0.0179969
vn -0.034802 -0.549512 0.834761
v -0.000972579 -0.0102281 0.0189082
vn -0.0493386 -0.473367 0.879482
v -0.000972579 -0.0102281 0.0189082
vn -0.0493386 -0.473367 0.879482
v -0.00266443 -0.00955587 0.0190881
vn -0.128396 -0.441218 0.888167
v -0.00206445 -0.0127018 0.0172386
vn -0.100096 -0.59278 0.79912
v -0.00266443 -0.00955587 0.0190881
vn -0.128396 -0.441218 0.888167
v -0.00388351 -0.0120597 0.0173859
vn -0.18132 -0.562946 0.806359
v -0.00206445 -0.0127018 0.0172386
vn -0.100096 -0.59278 0.79912
v -0.00266443 -0.00955587 0.0190881
vn -0.128396 -0.441218 0.888167
v -0.00418785 -0.0104711 0.0183195
vn -0.196423 -0.484141 0.852657
v -0.00388351 -0.0120597 0.0173859
vn -0.18132 -0.562946 0.806359
v -0.00971919 -0.0173443 0.00821587
vn -0.448982 -0.807038 0.383542
v -0.00801252 -0.0182271 0.00813477
vn -0.370148 -0.84768 0.380039
v -0.00677508 -0.0180043 0.00960558
vn -0.311816 -0.836758 0.450118
v -0.00677508 -0.0180043 0.00960558
vn -0.311816 -0.836758 0.450118
v -0.0102309 -0.0162373 0.00971844
vn -0.470952 -0.757394 0.452281
v -0.00971919 -0.0173443 0.00821587
vn -0.448982 -0.807038 0.383542
v -0.00677508 -0.0180043 0.00960558
vn -0.311816 -0.836758 0.450118
v -0.00729835 -0.0168585 0.0111706
vn -0.335613 -0.784936 0.520806
v -0.0102309 -0.0162373 0.00971844
vn -0.470952 -0.757394 0.452281
v -0.00729835 -0.0168585 0.0111706
vn -0.335613 -0.784936 0.520806
v -0.00905092 -0.0159733 0.0111999
vn -0.415999 -0.743867 0.523074
v -0.0102309 -0.0162373 0.00971844
vn -0.470952 -0.757394 0.452281
v -0.0121167 -0.0139709 0.0110095
vn -0.556134 -0.654804 0.511807
v -0.0117507 -0.0152185 0.00966416
vn -0.54187 -0.710338 0.449218
v -0.0102309 -0.0162373 0.00971844
vn -0.470952 -0.757394 0.452281
v -0.0102309 -0.0162373 0.00971844
vn -0.470952 -0.757394 0.452281
v -0.00905092 -0.0159733 0.0111999
vn -0.415999 -0.743867 0.523074
v -0.0121167 -0.0139709 0.0110095
vn -0.556134 -0.654804 0.511807
v -0.00905092 -0.0159733 0.0111999
vn -0.415999 -0.743867 0.523074
v -0.0110082 -0.0136626 0.0124551
vn -0.505228 -0.638677 0.580376
v -0.0121167 -0.0139709 0.0110095
vn -0.556134 -0.654804 0.511807
v -0.00905092 -0.0159733 0.0111999
vn -0.415999 -0.743867 0.523074
v -0.00945973 -0.0146481 0.0125924
vn -0.434036 -0.684113 0.586176
v -0.0110082 -0.0136626 0.0124551
vn -0.505228 -0.638677 0.580376
v -0.00189444 -0.0206242 0.00583341
vn -0.0895057 -0.957362 0.274674
v -8.52588e-05 -0.0208037 0.00551406
vn -0.00650182 -0.96428 0.264806
v 0.00124167 -0.02039 0.0067665
vn 0.0561725 -0.946219 0.318614
v 0.00124167 -0.02039 0.0067665
vn 0.0561725 -0.946219 0.318614
v -0.00243378 -0.020016 0.00748714
vn -0.115428 -0.928018 0.354201
v -0.00189444 -0.0206242 0.00583341
vn -0.0895057 -0.957362 0.274674
v 0.00124167 -0.02039 0.0067665
vn 0.0561725 -0.946219 0.318614
v 0.000795052 -0.019774 0.00843364
vn 0.0345533 -0.91736 0.396556
v -0.00243378 -0.020016 0.00748714
vn -0.115428 -0.928018 0.354201
v 0.000795052 -0.019774 0.00843364
vn 0.0345533 -0.91736 0.396556
v -0.00106449 -0.0195814 0.00882823
vn -0.0526952 -0.909286 0.412822
v -0.00243378 -0.020016 0.00748714
vn -0.115428 -0.928018 0.354201
v -0.00532743 -0.0128569 0.0163989
vn -0.247569 -0.599977 0.760747
v -0.00388351 -0.0120597 0.0173859
vn -0.18132 -0.562946 0.806359
v -0.00418785 -0.0104711 0.0183195
vn -0.196423 -0.484141 0.852657
v -0.00418785 -0.0104711 0.0183195
vn -0.196423 -0.484141 0.852657
v -0.00593735 -0.00967269 0.0182699
vn -0.276043 -0.447249 0.850746
v -0.00532743 -0.0128569 0.0163989
vn -0.247569 -0.599977 0.760747
v -0.00593735 -0.00967269 0.0182699
vn -0.276043 -0.447249 0.850746
v -0.00707693 -0.0120584 0.0163493
vn -0.327229 -0.563083 0.758853
v -0.00532743 -0.0128569 0.0163989
vn -0.247569 -0.599977 0.760747
v -0.00593735 -0.00967269 0.0182699
vn -0.276043 -0.447249 0.850746
v -0.00738025 -0.0104702 0.0172828
vn -0.342236 -0.484339 0.805165
v -0.00707693 -0.0120584 0.0163493
vn -0.327229 -0.563083 0.758853
v -0.00527003 -0.0208038 0.00162383
vn -0.252521 -0.964521 0.0770196
v -0.00362873 -0.0211651 0.00156256
vn -0.17453 -0.98165 0.0768252
v -0.00260675 -0.0211651 0.00296907
vn -0.12352 -0.982052 0.142536
v -0.00260675 -0.0211651 0.00296907
vn -0.12352 -0.982052 0.142536
v -0.00605165 -0.02039 0.00327188
vn -0.285612 -0.946027 0.153161
v -0.00527003 -0.0208038 0.00162383
vn -0.252521 -0.964521 0.0770196
v -0.00260675 -0.0211651 0.00296907
vn -0.12352 -0.982052 0.142536
v -0.00317218 -0.0208037 0.00451105
vn -0.150065 -0.964196 0.218648
v -0.00605165 -0.02039 0.00327188
vn -0.285612 -0.946027 0.153161
v -0.00317218 -0.0208037 0.00451105
vn -0.150065 -0.964196 0.218648
v -0.00498118 -0.02039 0.00474518
vn -0.232315 -0.946239 0.225083
v -0.00605165 -0.02039 0.00327188
vn -0.285612 -0.946027 0.153161
v -0.00777466 -0.0197741 0.00336324
vn -0.366429 -0.917152 0.156719
v -0.00605165 -0.02039 0.00327188
vn -0.285612 -0.946027 0.153161
v -0.00498118 -0.02039 0.00474518
vn -0.232315 -0.946239 0.225083
v -0.00498118 -0.02039 0.00474518
vn -0.232315 -0.946239 0.225083
v -0.00850667 -0.0191089 0.00502718
vn -0.398185 -0.887468 0.232053
v -0.00777466 -0.0197741 0.00336324
vn -0.366429 -0.917152 0.156719
v -0.00498118 -0.02039 0.00474518
vn -0.232315 -0.946239 0.225083
v -0.00560048 -0.019774 0.00635559
vn -0.260649 -0.917453 0.300571
v -0.00850667 -0.0191089 0.00502718
vn -0.398185 -0.887468 0.232053
v -0.00560048 -0.019774 0.00635559
vn -0.260649 -0.917453 0.300571
v -0.00740825 -0.0191093 0.00653753
vn -0.34326 -0.887507 0.307414
v -0.00850667 -0.0191089 0.00502718
vn -0.398185 -0.887468 0.232053
v -0.0102127 -0.0182271 0.00510648
vn -0.476988 -0.846797 0.235408
v -0.00850667 -0.0191089 0.00502718
vn -0.398185 -0.887468 0.232053
v -0.00740825 -0.0191093 0.00653753
vn -0.34326 -0.887507 0.307414
v -0.00740825 -0.0191093 0.00653753
vn -0.34326 -0.887507 0.307414
v -0.0108166 -0.0173443 0.00670542
vn -0.50388 -0.806955 0.308105
v -0.0102127 -0.0182271 0.00510648
vn -0.476988 -0.846797 0.235408
v -0.00740825 -0.0191093 0.00653753
vn -0.34326 -0.887507 0.307414
v -0.00801252 -0.0182271 0.00813477
vn -0.370148 -0.84768 0.380039
v -0.0108166 -0.0173443 0.00670542
vn -0.50388 -0.806955 0.308105
v -0.00801252 -0.0182271 0.00813477
vn -0.370148 -0.84768 0.380039
v -0.00971919 -0.0173443 0.00821587
vn -0.448982 -0.807038 0.383542
v -0.0108166 -0.0173443 0.00670542
vn -0.50388 -0.806955 0.308105
v -0.0124044 -0.0162373 0.0067269
vn -0.576198 -0.757187 0.307673
v -0.0108166 -0.0173443 0.00670542
vn -0.50388 -0.806955 0.308105
v -0.00971919 -0.0173443 0.00821587
vn -0.448982 -0.807038 0.383542
v -0.00971919 -0.0173443 0.00821587
vn -0.448982 -0.807038 0.383542
v -0.012822 -0.015218 0.00819077
vn -0.594622 -0.710363 0.376576
v -0.0124044 -0.0162373 0.0067269
vn -0.576198 -0.757187 0.307673
v -0.00971919 -0.0173443 0.00821587
vn -0.448982 -0.807038 0.383542
v -0.0117507 -0.0152185 0.00966416
vn -0.54187 -0.710338 0.449218
v -0.012822 -0.015218 0.00819077
vn -0.594622 -0.710363 0.376576
v -0.00971919 -0.0173443 0.00821587
vn -0.448982 -0.807038 0.383542
v -0.0102309 -0.0162373 0.00971844
vn -0.470952 -0.757394 0.452281
v -0.0117507 -0.0152185 0.00966416
vn -0.54187 -0.710338 0.449218
v -0.0144314 -0.0129127 0.00941103
vn -0.668951 -0.60326 0.43426
v -0.0142146 -0.0139703 0.00812306
vn -0.658719 -0.655184 0.369896
v -0.012822 -0.015218 0.00819077
vn -0.594622 -0.710363 0.376576
v -0.012822 -0.015218 0.00819077
vn -0.594622 -0.710363 0.376576
v -0.0117507 -0.0152185 0.00966416
vn -0.54187 -0.710338 0.449218
v -0.0144314 -0.0129127 0.00941103
vn -0.668951 -0.60326 0.43426
v -0.0117507 -0.0152185 0.00966416
vn -0.54187 -0.710338 0.449218
v -0.0134086 -0.0129133 0.0108177
vn -0.620425 -0.603654 0.500674
v -0.0144314 -0.0129127 0.00941103
vn -0.668951 -0.60326 0.43426
v -0.0117507 -0.0152185 0.00966416
vn -0.54187 -0.710338 0.449218
v -0.0121167 -0.0139709 0.0110095
vn -0.556134 -0.654804 0.511807
v -0.0134086 -0.0129133 0.0108177
vn -0.620425 -0.603654 0.500674
v -0.0146838 -0.0106057 0.0116629
vn -0.676933 -0.498678 0.54137
v -0.0136132 -0.0116215 0.0119751
vn -0.626658 -0.546514 0.555537
v -0.0125886 -0.0112697 0.013345
vn -0.5785 -0.525296 0.62402
v -0.0125886 -0.0112697 0.013345
vn -0.5785 -0.525296 0.62402
v -0.0128711 -0.00979075 0.0142143
vn -0.592296 -0.454499 0.665294
v -0.0146838 -0.0106057 0.0116629
vn -0.676933 -0.498678 0.54137
v -0.0128711 -0.00979075 0.0142143
vn -0.592296 -0.454499 0.665294
v -0.0149453 -0.0092368 0.0124675
vn -0.691078 -0.424622 0.5849
v -0.0146838 -0.0106057 0.0116629
vn -0.676933 -0.498678 0.54137
v -0.0128711 -0.00979075 0.0142143
vn -0.592296 -0.454499 0.665294
v -0.0141614 -0.00875123 0.013662
vn -0.652426 -0.401799 0.642571
v -0.0149453 -0.0092368 0.0124675
vn -0.691078 -0.424622 0.5849
v -0.00260675 -0.0211651 0.00296907
vn -0.12352 -0.982052 0.142536
v -0.000886346 -0.0213438 0.00272782
vn -0.0441276 -0.989361 0.138631
v 0.0003629 -0.0211652 0.0039335
vn 0.01657 -0.981937 0.18848
v 0.0003629 -0.0211652 0.0039335
vn 0.01657 -0.981937 0.18848
v -0.00317218 -0.0208037 0.00451105
vn -0.150065 -0.964196 0.218648
v -0.00260675 -0.0211651 0.00296907
vn -0.12352 -0.982052 0.142536
v 0.0003629 -0.0211652 0.0039335
vn 0.01657 -0.981937 0.18848
v -8.52588e-05 -0.0208037 0.00551406
vn -0.00650182 -0.96428 0.264806
v -0.00317218 -0.0208037 0.00451105
vn -0.150065 -0.964196 0.218648
v -8.52588e-05 -0.0208037 0.00551406
vn -0.00650182 -0.96428 0.264806
v -0.00189444 -0.0206242 0.00583341
vn -0.0895057 -0.957362 0.274674
v -0.00317218 -0.0208037 0.00451105
vn -0.150065 -0.964196 0.218648
v -0.0112636 -0.0122636 0.0136361
vn -0.514657 -0.574486 0.63647
v -0.010031 -0.0117791 0.0149569
vn -0.4624 -0.550073 0.695418
v -0.0103273 -0.0102281 0.0158686
vn -0.476941 -0.473945 0.740205
v -0.0103273 -0.0102281 0.0158686
vn -0.476941 -0.473945 0.740205
v -0.0118424 -0.00922918 0.0154204
vn -0.543827 -0.427705 0.722026
v -0.0112636 -0.0122636 0.0136361
vn -0.514657 -0.574486 0.63647
v -0.0118424 -0.00922918 0.0154204
vn -0.543827 -0.427705 0.722026
v -0.0125886 -0.0112697 0.013345
vn -0.5785 -0.525296 0.62402
v -0.0112636 -0.0122636 0.0136361
vn -0.514657 -0.574486 0.63647
v -0.0118424 -0.00922918 0.0154204
vn -0.543827 -0.427705 0.722026
v -0.0128711 -0.00979075 0.0142143
vn -0.592296 -0.454499 0.665294
v -0.0125886 -0.0112697 0.013345
vn -0.5785 -0.525296 0.62402
v -0.00846262 -0.0127018 0.0151597
vn -0.38902 -0.593749 0.704362
v -0.00707693 -0.0120584 0.0163493
vn -0.327229 -0.563083 0.758853
v -0.00738025 -0.0104702 0.0172828
vn -0.342236 -0.484339 0.805165
v -0.00738025 -0.0104702 0.0172828
vn -0.342236 -0.484339 0.805165
v -0.0090626 -0.00955598 0.0170095
vn -0.417394 -0.442421 0.793754
v -0.00846262 -0.0127018 0.0151597
vn -0.38902 -0.593749 0.704362
v -0.0090626 -0.00955598 0.0170095
vn -0.417394 -0.442421 0.793754
v -0.010031 -0.0117791 0.0149569
vn -0.4624 -0.550073 0.695418
v -0.00846262 -0.0127018 0.0151597
vn -0.38902 -0.593749 0.704362
v -0.0090626 -0.00955598 0.0170095
vn -0.417394 -0.442421 0.793754
v -0.0103273 -0.0102281 0.0158686
vn -0.476941 -0.473945 0.740205
v -0.010031 -0.0117791 0.0149569
vn -0.4624 -0.550073 0.695418
v 0.00556001 -0.0152185 0.014162
vn 0.260298 -0.710353 0.653945
v 0.00672646 -0.0139709 0.0149257
vn 0.315736 -0.656117 0.685435
v 0.00614339 -0.0129127 0.0160963
vn 0.28477 -0.604978 0.743578
v 0.00614339 -0.0129127 0.0160963
vn 0.28477 -0.604978 0.743578
v 0.00449088 -0.0129127 0.0166332
vn 0.206673 -0.604975 0.768955
v 0.00556001 -0.0152185 0.014162
vn 0.260298 -0.710353 0.653945
v 0.00449088 -0.0129127 0.0166332
vn 0.206673 -0.604975 0.768955
v 0.0038259 -0.0152186 0.0147254
vn 0.1744 -0.710531 0.681711
v 0.00556001 -0.0152185 0.014162
vn 0.260298 -0.710353 0.653945
v 0.00449088 -0.0129127 0.0166332
vn 0.206673 -0.604975 0.768955
v 0.00333116 -0.0139709 0.0160289
vn 0.147595 -0.654468 0.741544
v 0.0038259 -0.0152186 0.0147254
vn 0.1744 -0.710531 0.681711
v -0.0013673 -0.0215 9.29717e-07
vn -0.0710633 -0.99747 -0.00209697
v -0.00042164 -0.0215 -0.00130066
vn -0.0208018 -0.99744 -0.0684098
v 0.00110748 -0.0214999 -0.000804632
vn 0.0563054 -0.997465 -0.0435204
v 0.00110748 -0.0214999 -0.000804632
vn 0.0563054 -0.997465 -0.0435204
v 0.00110748 -0.0214999 0.000804632
vn 0.0563018 -0.997464 0.0435331
v -0.0013673 -0.0215 9.29717e-07
vn -0.0710633 -0.99747 -0.00209697
v 0.00110748 -0.0214999 0.000804632
vn 0.0563018 -0.997464 0.0435331
v -0.000422695 -0.0215 0.0013009
vn -0.0203913 -0.997434 0.0686304
v -0.0013673 -0.0215 9.29717e-07
vn -0.0710633 -0.99747 -0.00209697
vt 0.510024 0.593593
vt 0.494089 0.602109
vt 0.481402 0.592882
vt 0.481402 0.592882
vt 0.510031 0.575441
vt 0.510024 0.593593
vt 0.481402 0.592882
vt 0.481417 0.576088
vt 0.510031 0.575441
vt 0.481417 0.576088
vt 0.494092 0.566899
vt 0.510031 0.575441
vt 0.0725795 0.85224
vt 0.0551051 0.84299
vt 0.0546714 0.823265
vt 0.0546714 0.823265
vt 0.0719827 0.812274
vt 0.0725795 0.85224
vt 0.0719827 0.812274
vt 0.0901975 0.841746
vt 0.0725795 0.85224
vt 0.0719827 0.812274
vt 0.0900379 0.821481
vt 0.0901975 0.841746
vt 0.0551051 0.84299
vt 0.0392918 0.85365
vt 0.0236265 0.845227
vt 0.0236265 0.845227
vt 0.0546714 0.823265
vt 0.0551051 0.84299
vt 0.0236265 0.845227
vt 0.0229202 0.82653
vt 0.0546714 0.823265
vt 0.0229202 0.82653
vt 0.0381897 0.815174
vt 0.0546714 0.823265
vt 0.551418 0.91868
vt 0.541547 0.905095
vt 0.546393 0.89018
vt 0.546393 0.89018
vt 0.564353 0.887681
vt 0.551418 0.91868
vt 0.564353 0.887681
vt 0.567099 0.91868
vt 0.551418 0.91868
vt 0.564353 0.887681
vt 0.575022 0.90238
vt 0.567099 0.91868
vt 0.144829 0.970286
vt 0.126774 0.961069
vt 0.126614 0.940816
vt 0.126614 0.940816
vt 0.144222 0.930305
vt 0.144829 0.970286
vt 0.144222 0.930305
vt 0.162139 0.959295
vt 0.144829 0.970286
vt 0.144222 0.930305
vt 0.161687 0.939571
vt 0.162139 0.959295
vt 0.489188 0.69707
vt 0.470709 0.700849
vt 0.459766 0.685908
vt 0.459766 0.685908
vt 0.467276 0.668542
vt 0.489188 0.69707
vt 0.467276 0.668542
vt 0.496329 0.678439
vt 0.489188 0.69707
vt 0.467276 0.668542
vt 0.485287 0.664867
vt 0.496329 0.678439
vt 0.470434 0.754234
vt 0.452624 0.759111
vt 0.440013 0.743994
vt 0.440013 0.743994
vt 0.44593 0.723994
vt 0.470434 0.754234
vt 0.44593 0.723994
vt 0.476045 0.734918
vt 0.470434 0.754234
vt 0.44593 0.723994
vt 0.464106 0.719784
vt 0.476045 0.734918
vt 0.490562 0.799297
vt 0.478183 0.786874
vt 0.482863 0.768435
vt 0.482863 0.768435
vt 0.507772 0.795778
vt 0.490562 0.799297
vt 0.482863 0.768435
vt 0.500885 0.76476
vt 0.507772 0.795778
vt 0.500885 0.76476
vt 0.513464 0.77967
vt 0.507772 0.795778
vt 0.847718 0.374025
vt 0.828682 0.376304
vt 0.818499 0.359483
vt 0.818499 0.359483
vt 0.856594 0.355534
vt 0.847718 0.374025
vt 0.818499 0.359483
vt 0.846909 0.338991
vt 0.856594 0.355534
vt 0.818499 0.359483
vt 0.82785 0.340652
vt 0.846909 0.338991
vt 0.0392843 0.928914
vt 0.0236289 0.937321
vt 0.0101771 0.926735
vt 0.0101771 0.926735
vt 0.0405766 0.909898
vt 0.0392843 0.928914
vt 0.0101771 0.926735
vt 0.0119056 0.908877
vt 0.0405766 0.909898
vt 0.0119056 0.908877
vt 0.0264938 0.900364
vt 0.0405766 0.909898
vt 0.299926 0.00575137
vt 0.305111 0.0235593
vt 0.291102 0.0358697
vt 0.291102 0.0358697
vt 0.272393 0.0296268
vt 0.299926 0.00575137
vt 0.272393 0.0296268
vt 0.281741 0.000254631
vt 0.299926 0.00575137
vt 0.272393 0.0296268
vt 0.26818 0.0117572
vt 0.281741 0.000254631
vt 0.600207 0.751518
vt 0.592033 0.769849
vt 0.572235 0.772653
vt 0.572235 0.772653
vt 0.559879 0.757173
vt 0.600207 0.751518
vt 0.559879 0.757173
vt 0.588266 0.735419
vt 0.600207 0.751518
vt 0.559879 0.757173
vt 0.567729 0.738246
vt 0.588266 0.735419
vt 0.217395 0.101109
vt 0.203171 0.114335
vt 0.184606 0.109835
vt 0.184606 0.109835
vt 0.21348 0.082392
vt 0.217395 0.101109
vt 0.184606 0.109835
vt 0.179735 0.0912539
vt 0.21348 0.082392
vt 0.179735 0.0912539
vt 0.194399 0.0770966
vt 0.21348 0.082392
vt 0.441079 0.848875
vt 0.459395 0.839668
vt 0.473997 0.850668
vt 0.473997 0.850668
vt 0.437966 0.869139
vt 0.441079 0.848875
vt 0.473997 0.850668
vt 0.470683 0.870383
vt 0.437966 0.869139
vt 0.470683 0.870383
vt 0.452947 0.879644
vt 0.437966 0.869139
vt 0.855523 0.617534
vt 0.862299 0.599269
vt 0.881703 0.595887
vt 0.881703 0.595887
vt 0.895086 0.610668
vt 0.855523 0.617534
vt 0.895086 0.610668
vt 0.868538 0.632979
vt 0.855523 0.617534
vt 0.895086 0.610668
vt 0.888705 0.629551
vt 0.868538 0.632979
vt 0.931318 0.555259
vt 0.944435 0.567889
vt 0.939824 0.584829
vt 0.939824 0.584829
vt 0.913341 0.558161
vt 0.931318 0.555259
vt 0.939824 0.584829
vt 0.920905 0.588561
vt 0.913341 0.558161
vt 0.920905 0.588561
vt 0.907472 0.574707
vt 0.913341 0.558161
vt 0.12529 0.660311
vt 0.127518 0.641271
vt 0.143659 0.635722
vt 0.143659 0.635722
vt 0.156967 0.648034
vt 0.12529 0.660311
vt 0.156967 0.648034
vt 0.139755 0.672892
vt 0.12529 0.660311
vt 0.156967 0.648034
vt 0.15544 0.666117
vt 0.139755 0.672892
vt 0.0917087 0.65411
vt 0.0946386 0.634543
vt 0.112697 0.628587
vt 0.112697 0.628587
vt 0.127518 0.641271
vt 0.0917087 0.65411
vt 0.127518 0.641271
vt 0.107492 0.667209
vt 0.0917087 0.65411
vt 0.127518 0.641271
vt 0.12529 0.660311
vt 0.107492 0.667209
vt 0.575271 0.160553
vt 0.558111 0.152881
vt 0.555564 0.134292
vt 0.555564 0.134292
vt 0.570854 0.122645
vt 0.575271 0.160553
vt 0.570854 0.122645
vt 0.590994 0.149722
vt 0.575271 0.160553
vt 0.570854 0.122645
vt 0.58907 0.130414
vt 0.590994 0.149722
vt 0.0121892 0.704135
vt 0.0148659 0.683575
vt 0.03357 0.676145
vt 0.03357 0.676145
vt 0.0280206 0.717531
vt 0.0121892 0.704135
vt 0.03357 0.676145
vt 0.0497084 0.689604
vt 0.0280206 0.717531
vt 0.0497084 0.689604
vt 0.0468363 0.71042
vt 0.0280206 0.717531
vt 0.0221013 0.64267
vt 0.0264092 0.623325
vt 0.0451022 0.61635
vt 0.0451022 0.61635
vt 0.0370959 0.655425
vt 0.0221013 0.64267
vt 0.0451022 0.61635
vt 0.0601422 0.628399
vt 0.0370959 0.655425
vt 0.0601422 0.628399
vt 0.0564633 0.648097
vt 0.0370959 0.655425
vt 0.11705 0.719757
vt 0.12001 0.700005
vt 0.137365 0.692235
vt 0.137365 0.692235
vt 0.152312 0.702954
vt 0.11705 0.719757
vt 0.152312 0.702954
vt 0.132372 0.730757
vt 0.11705 0.719757
vt 0.152312 0.702954
vt 0.150354 0.72174
vt 0.132372 0.730757
vt 0.310072 0.293122
vt 0.290768 0.293539
vt 0.28027 0.276172
vt 0.28027 0.276172
vt 0.318288 0.275945
vt 0.310072 0.293122
vt 0.28027 0.276172
vt 0.289368 0.259358
vt 0.318288 0.275945
vt 0.289368 0.259358
vt 0.308061 0.259594
vt 0.318288 0.275945
vt 0.28027 0.276172
vt 0.259927 0.276184
vt 0.249607 0.259103
vt 0.249607 0.259103
vt 0.289368 0.259358
vt 0.28027 0.276172
vt 0.249607 0.259103
vt 0.259492 0.242877
vt 0.289368 0.259358
vt 0.259492 0.242877
vt 0.278862 0.243188
vt 0.289368 0.259358
vt 0.907238 0.39973
vt 0.92066 0.413574
vt 0.914892 0.431799
vt 0.914892 0.431799
vt 0.888097 0.403072
vt 0.907238 0.39973
vt 0.914892 0.431799
vt 0.894838 0.435658
vt 0.888097 0.403072
vt 0.894838 0.435658
vt 0.881462 0.420868
vt 0.888097 0.403072
vt 0.249558 0.29387
vt 0.228587 0.293746
vt 0.218775 0.276114
vt 0.218775 0.276114
vt 0.259927 0.276184
vt 0.249558 0.29387
vt 0.218775 0.276114
vt 0.229405 0.259102
vt 0.259927 0.276184
vt 0.229405 0.259102
vt 0.249607 0.259103
vt 0.259927 0.276184
vt 0.850324 0.408833
vt 0.8621 0.424235
vt 0.85537 0.442489
vt 0.85537 0.442489
vt 0.831785 0.411626
vt 0.850324 0.408833
vt 0.85537 0.442489
vt 0.836815 0.445274
vt 0.831785 0.411626
vt 0.836815 0.445274
vt 0.825053 0.429861
vt 0.831785 0.411626
vt 0.902134 0.368838
vt 0.9131 0.383182
vt 0.907238 0.39973
vt 0.907238 0.39973
vt 0.884764 0.370322
vt 0.902134 0.368838
vt 0.907238 0.39973
vt 0.888097 0.403072
vt 0.884764 0.370322
vt 0.888097 0.403072
vt 0.876629 0.388055
vt 0.884764 0.370322
vt 0.367185 0.0870023
vt 0.363252 0.105708
vt 0.344193 0.110969
vt 0.344193 0.110969
vt 0.353001 0.0737562
vt 0.367185 0.0870023
vt 0.344193 0.110969
vt 0.32956 0.0967933
vt 0.353001 0.0737562
vt 0.32956 0.0967933
vt 0.334441 0.078217
vt 0.353001 0.0737562
vt 0.470336 0.051848
vt 0.466371 0.0319206
vt 0.482103 0.0176715
vt 0.482103 0.0176715
vt 0.489839 0.0573146
vt 0.470336 0.051848
vt 0.482103 0.0176715
vt 0.501523 0.0234295
vt 0.489839 0.0573146
vt 0.501523 0.0234295
vt 0.505295 0.043146
vt 0.489839 0.0573146
vt 0.505469 0.538438
vt 0.491494 0.549037
vt 0.474781 0.543394
vt 0.474781 0.543394
vt 0.503188 0.519697
vt 0.505469 0.538438
vt 0.474781 0.543394
vt 0.471231 0.526857
vt 0.503188 0.519697
vt 0.471231 0.526857
vt 0.485691 0.513779
vt 0.503188 0.519697
vt 0.218775 0.276114
vt 0.198923 0.276014
vt 0.189741 0.258996
vt 0.189741 0.258996
vt 0.229405 0.259102
vt 0.218775 0.276114
vt 0.189741 0.258996
vt 0.200376 0.241974
vt 0.229405 0.259102
vt 0.200376 0.241974
vt 0.220233 0.242083
vt 0.229405 0.259102
vt 0.524389 0.137154
vt 0.507224 0.131251
vt 0.502955 0.114316
vt 0.502955 0.114316
vt 0.517115 0.101061
vt 0.524389 0.137154
vt 0.517115 0.101061
vt 0.538167 0.126416
vt 0.524389 0.137154
vt 0.517115 0.101061
vt 0.535107 0.107259
vt 0.538167 0.126416
vt 0.724339 0.49031
vt 0.744851 0.489859
vt 0.755505 0.507154
vt 0.755505 0.507154
vt 0.745103 0.5252
vt 0.724339 0.49031
vt 0.745103 0.5252
vt 0.713954 0.507777
vt 0.724339 0.49031
vt 0.745103 0.5252
vt 0.724079 0.525359
vt 0.713954 0.507777
vt 0.670061 0.461787
vt 0.687553 0.461757
vt 0.695577 0.475834
vt 0.695577 0.475834
vt 0.685427 0.492304
vt 0.670061 0.461787
vt 0.685427 0.492304
vt 0.659736 0.475876
vt 0.670061 0.461787
vt 0.685427 0.492304
vt 0.667122 0.492325
vt 0.659736 0.475876
vt 0.268611 0.630369
vt 0.287006 0.638396
vt 0.289951 0.658173
vt 0.289951 0.658173
vt 0.252627 0.642437
vt 0.268611 0.630369
vt 0.289951 0.658173
vt 0.2746 0.670655
vt 0.252627 0.642437
vt 0.2746 0.670655
vt 0.255599 0.662953
vt 0.252627 0.642437
vt 0.441062 0.0383454
vt 0.439112 0.057645
vt 0.420898 0.0654174
vt 0.420898 0.0654174
vt 0.425328 0.0275106
vt 0.441062 0.0383454
vt 0.420898 0.0654174
vt 0.405627 0.0537636
vt 0.425328 0.0275106
vt 0.405627 0.0537636
vt 0.40815 0.035184
vt 0.425328 0.0275106
vt 0.682874 0.784099
vt 0.66791 0.77372
vt 0.667097 0.756007
vt 0.667097 0.756007
vt 0.68197 0.747619
vt 0.682874 0.784099
vt 0.68197 0.747619
vt 0.698376 0.776807
vt 0.682874 0.784099
vt 0.68197 0.747619
vt 0.69814 0.758114
vt 0.698376 0.776807
vt 0.785206 0.440039
vt 0.774876 0.454137
vt 0.757384 0.454116
vt 0.757384 0.454116
vt 0.777822 0.423512
vt 0.785206 0.440039
vt 0.757384 0.454116
vt 0.749349 0.439986
vt 0.777822 0.423512
vt 0.749349 0.439986
vt 0.759522 0.423489
vt 0.777822 0.423512
vt 0.662262 0.112414
vt 0.679412 0.124574
vt 0.677445 0.14547
vt 0.677445 0.14547
vt 0.658189 0.153898
vt 0.662262 0.112414
vt 0.658189 0.153898
vt 0.643331 0.120862
vt 0.662262 0.112414
vt 0.658189 0.153898
vt 0.641226 0.14145
vt 0.643331 0.120862
vt 0.079134 0.621926
vt 0.0830563 0.603499
vt 0.102409 0.598036
vt 0.102409 0.598036
vt 0.116527 0.610592
vt 0.079134 0.621926
vt 0.116527 0.610592
vt 0.0946386 0.634543
vt 0.079134 0.621926
vt 0.116527 0.610592
vt 0.112697 0.628587
vt 0.0946386 0.634543
vt 0.481402 0.592882
vt 0.465972 0.598048
vt 0.456421 0.584443
vt 0.456421 0.584443
vt 0.481417 0.576088
vt 0.481402 0.592882
vt 0.456421 0.584443
vt 0.46598 0.570885
vt 0.481417 0.576088
vt 0.678352 0.932528
vt 0.661232 0.94306
vt 0.644008 0.93264
vt 0.644008 0.93264
vt 0.678106 0.911284
vt 0.678352 0.932528
vt 0.644008 0.93264
vt 0.643593 0.911689
vt 0.678106 0.911284
vt 0.643593 0.911689
vt 0.660577 0.900883
vt 0.678106 0.911284
vt 0.891492 0.763565
vt 0.89726 0.781802
vt 0.883122 0.796375
vt 0.883122 0.796375
vt 0.863721 0.791845
vt 0.891492 0.763565
vt 0.863721 0.791845
vt 0.872589 0.75984
vt 0.891492 0.763565
vt 0.863721 0.791845
vt 0.858904 0.773467
vt 0.872589 0.75984
vt 0.314779 0.597901
vt 0.333473 0.607177
vt 0.335968 0.626692
vt 0.335968 0.626692
vt 0.299317 0.608371
vt 0.314779 0.597901
vt 0.335968 0.626692
vt 0.320293 0.636435
vt 0.299317 0.608371
vt 0.320293 0.636435
vt 0.302313 0.62743
vt 0.299317 0.608371
vt 0.983647 0.726444
vt 0.96455 0.724117
vt 0.955708 0.705629
vt 0.955708 0.705629
vt 0.965461 0.689106
vt 0.983647 0.726444
vt 0.965461 0.689106
vt 0.993906 0.709673
vt 0.983647 0.726444
vt 0.965461 0.689106
vt 0.984569 0.690823
vt 0.993906 0.709673
vt 0.393531 0.945327
vt 0.401599 0.961826
vt 0.390249 0.977087
vt 0.390249 0.977087
vt 0.371546 0.97639
vt 0.393531 0.945327
vt 0.371546 0.97639
vt 0.3738 0.944884
vt 0.393531 0.945327
vt 0.371546 0.97639
vt 0.363129 0.960716
vt 0.3738 0.944884
vt 0.393748 0.00841671
vt 0.393627 0.0254636
vt 0.377461 0.033404
vt 0.377461 0.033404
vt 0.377685 0.000368416
vt 0.393748 0.00841671
vt 0.377461 0.033404
vt 0.364744 0.0246696
vt 0.377685 0.000368416
vt 0.364744 0.0246696
vt 0.364836 0.00891399
vt 0.377685 0.000368416
vt 0.375048 0.873397
vt 0.395306 0.873227
vt 0.405558 0.891618
vt 0.405558 0.891618
vt 0.365043 0.891609
vt 0.375048 0.873397
vt 0.405558 0.891618
vt 0.395307 0.909989
vt 0.365043 0.891609
vt 0.395307 0.909989
vt 0.375042 0.90983
vt 0.365043 0.891609
vt 0.344806 0.856502
vt 0.364553 0.855779
vt 0.375048 0.873397
vt 0.375048 0.873397
vt 0.335247 0.874093
vt 0.344806 0.856502
vt 0.375048 0.873397
vt 0.365043 0.891609
vt 0.335247 0.874093
vt 0.365043 0.891609
vt 0.345049 0.891609
vt 0.335247 0.874093
vt 0.474806 0.62552
vt 0.471258 0.641968
vt 0.453441 0.645262
vt 0.453441 0.645262
vt 0.440069 0.631432
vt 0.474806 0.62552
vt 0.440069 0.631432
vt 0.461718 0.612928
vt 0.474806 0.62552
vt 0.440069 0.631432
vt 0.444832 0.615383
vt 0.461718 0.612928
vt 0.343111 0.795105
vt 0.360966 0.793402
vt 0.37155 0.806836
vt 0.37155 0.806836
vt 0.334593 0.809684
vt 0.343111 0.795105
vt 0.37155 0.806836
vt 0.363127 0.822502
vt 0.334593 0.809684
vt 0.363127 0.822502
vt 0.344123 0.823794
vt 0.334593 0.809684
vt 0.316011 0.84027
vt 0.335024 0.84026
vt 0.344806 0.856502
vt 0.344806 0.856502
vt 0.306201 0.856502
vt 0.316011 0.84027
vt 0.344806 0.856502
vt 0.335247 0.874093
vt 0.306201 0.856502
vt 0.335247 0.874093
vt 0.315761 0.874093
vt 0.306201 0.856502
vt 0.9836 0.201306
vt 0.991651 0.220476
vt 0.980505 0.23663
vt 0.980505 0.23663
vt 0.96195 0.233843
vt 0.9836 0.201306
vt 0.96195 0.233843
vt 0.96457 0.199018
vt 0.9836 0.201306
vt 0.96195 0.233843
vt 0.954116 0.21538
vt 0.96457 0.199018
vt 0.902453 0.177477
vt 0.910901 0.161943
vt 0.9283 0.162158
vt 0.9283 0.162158
vt 0.937066 0.179151
vt 0.902453 0.177477
vt 0.937066 0.179151
vt 0.910142 0.193847
vt 0.902453 0.177477
vt 0.937066 0.179151
vt 0.927524 0.195313
vt 0.910142 0.193847
vt 0.230888 0.821633
vt 0.249419 0.821409
vt 0.257495 0.837882
vt 0.257495 0.837882
vt 0.219738 0.838303
vt 0.230888 0.821633
vt 0.0247862 0.386997
vt 0.0439543 0.37972
vt 0.0551485 0.409355
vt 0.0439543 0.37972
vt 0.0593797 0.391172
vt 0.0551485 0.409355
vt 0.877197 0.163772
vt 0.886714 0.177084
vt 0.876575 0.190344
vt 0.876575 0.190344
vt 0.86118 0.16878
vt 0.877197 0.163772
vt 0.876575 0.190344
vt 0.860808 0.185206
vt 0.86118 0.16878
vt 0.364836 0.00891399
vt 0.364744 0.0246696
vt 0.348864 0.0301143
vt 0.348864 0.0301143
vt 0.349048 0.00463688
vt 0.364836 0.00891399
vt 0.348864 0.0301143
vt 0.33917 0.0177306
vt 0.349048 0.00463688
vt 0.494089 0.602109
vt 0.491518 0.619934
vt 0.474806 0.62552
vt 0.474806 0.62552
vt 0.461718 0.612928
vt 0.494089 0.602109
vt 0.461718 0.612928
vt 0.481402 0.592882
vt 0.494089 0.602109
vt 0.461718 0.612928
vt 0.465972 0.598048
vt 0.481402 0.592882
vt 0.877183 0.688771
vt 0.886661 0.7021
vt 0.8765 0.715327
vt 0.8765 0.715327
vt 0.860754 0.7102
vt 0.877183 0.688771
vt 0.860754 0.7102
vt 0.861179 0.693781
vt 0.877183 0.688771
vt 0.267628 0.488713
vt 0.254053 0.49857
vt 0.24047 0.488721
vt 0.24047 0.488721
vt 0.245655 0.472764
vt 0.267628 0.488713
vt 0.245655 0.472764
vt 0.262432 0.472745
vt 0.267628 0.488713
vt 0.317117 0.783463
vt 0.333906 0.783471
vt 0.343111 0.795105
vt 0.343111 0.795105
vt 0.307913 0.795097
vt 0.317117 0.783463
vt 0.343111 0.795105
vt 0.334593 0.809684
vt 0.307913 0.795097
vt 0.334593 0.809684
vt 0.316425 0.809684
vt 0.307913 0.795097
vt 0.935248 0.513765
vt 0.951247 0.518782
vt 0.951674 0.535189
vt 0.951674 0.535189
vt 0.925768 0.527069
vt 0.935248 0.513765
vt 0.951674 0.535189
vt 0.935926 0.540314
vt 0.925768 0.527069
vt 0.869967 0.137571
vt 0.882509 0.149534
vt 0.877197 0.163772
vt 0.877197 0.163772
vt 0.852638 0.142992
vt 0.869967 0.137571
vt 0.877197 0.163772
vt 0.86118 0.16878
vt 0.852638 0.142992
vt 0.86118 0.16878
vt 0.848923 0.160066
vt 0.852638 0.142992
vt 0.546394 0.94716
vt 0.541562 0.932259
vt 0.551418 0.91868
vt 0.551418 0.91868
vt 0.564358 0.949669
vt 0.546394 0.94716
vt 0.551418 0.91868
vt 0.567099 0.91868
vt 0.564358 0.949669
vt 0.567099 0.91868
vt 0.575021 0.934979
vt 0.564358 0.949669
vt 0.0415962 0.0448647
vt 0.0239774 0.0485484
vt 0.0133998 0.0351736
vt 0.0133998 0.0351736
vt 0.0211071 0.0189576
vt 0.0415962 0.0448647
vt 0.778808 0.855644
vt 0.806786 0.856973
vt 0.809543 0.872207
vt 0.778808 0.855644
vt 0.792129 0.849083
vt 0.806786 0.856973
vt 0.0450123 0.245323
vt 0.0393686 0.228608
vt 0.0519499 0.215508
vt 0.0519499 0.215508
vt 0.0668645 0.219787
vt 0.0450123 0.245323
vt 0.0668645 0.219787
vt 0.0628933 0.247894
vt 0.0450123 0.245323
vt 0.0668645 0.219787
vt 0.0720837 0.235219
vt 0.0628933 0.247894
vt 0.979319 0.343751
vt 0.979731 0.361505
vt 0.964174 0.369513
vt 0.964174 0.369513
vt 0.95148 0.360202
vt 0.979319 0.343751
vt 0.95148 0.360202
vt 0.963375 0.335077
vt 0.979319 0.343751
vt 0.95148 0.360202
vt 0.951107 0.343786
vt 0.963375 0.335077
vt 0.848923 0.160066
vt 0.86118 0.16878
vt 0.860808 0.185206
vt 0.860808 0.185206
vt 0.83297 0.168721
vt 0.848923 0.160066
vt 0.860808 0.185206
vt 0.848115 0.194516
vt 0.83297 0.168721
vt 0.848115 0.194516
vt 0.832557 0.186498
vt 0.83297 0.168721
vt 0.468662 0.424952
vt 0.484106 0.415732
vt 0.498414 0.424952
vt 0.278715 0.212457
vt 0.311533 0.215789
vt 0.304974 0.229129
vt 0.278715 0.212457
vt 0.303629 0.201139
vt 0.311533 0.215789
vt 0.476521 0.139585
vt 0.494128 0.143244
vt 0.498821 0.157948
vt 0.900605 0.14754
vt 0.910901 0.161943
vt 0.902453 0.177477
vt 0.902453 0.177477
vt 0.882509 0.149534
vt 0.900605 0.14754
vt 0.902453 0.177477
vt 0.877197 0.163772
vt 0.882509 0.149534
vt 0.902453 0.177477
vt 0.886714 0.177084
vt 0.877197 0.163772
vt 0.792129 0.849083
vt 0.778808 0.855644
vt 0.763824 0.845286
vt 0.763824 0.845286
vt 0.765456 0.828517
vt 0.792129 0.849083
vt 0.765456 0.828517
vt 0.793637 0.833582
vt 0.792129 0.849083
vt 0.765456 0.828517
vt 0.78196 0.823159
vt 0.793637 0.833582
vt 0.0714175 0.263861
vt 0.0628933 0.247894
vt 0.0720837 0.235219
vt 0.0720837 0.235219
vt 0.0888596 0.235234
vt 0.0714175 0.263861
vt 0.0888596 0.235234
vt 0.0895694 0.263856
vt 0.0714175 0.263861
vt 0.0888596 0.235234
vt 0.0980858 0.247922
vt 0.0895694 0.263856
vt 0.959644 0.318014
vt 0.963375 0.335077
vt 0.951107 0.343786
vt 0.951107 0.343786
vt 0.9351 0.338777
vt 0.959644 0.318014
vt 0.9351 0.338777
vt 0.942331 0.312578
vt 0.959644 0.318014
vt 0.9351 0.338777
vt 0.929789 0.324539
vt 0.942331 0.312578
vt 0.332083 0.242474
vt 0.31533 0.244093
vt 0.304974 0.229129
vt 0.304974 0.229129
vt 0.337469 0.225976
vt 0.332083 0.242474
vt 0.304974 0.229129
vt 0.311533 0.215789
vt 0.337469 0.225976
vt 0.311533 0.215789
vt 0.327018 0.214294
vt 0.337469 0.225976
vt 0.911774 0.497567
vt 0.92989 0.49956
vt 0.935248 0.513765
vt 0.935248 0.513765
vt 0.925768 0.527069
vt 0.911774 0.497567
vt 0.925768 0.527069
vt 0.901535 0.511974
vt 0.911774 0.497567
vt 0.925768 0.527069
vt 0.910007 0.527491
vt 0.901535 0.511974
vt 0.525596 0.91029
vt 0.512909 0.901073
vt 0.51608 0.88323
vt 0.51608 0.88323
vt 0.533358 0.877615
vt 0.525596 0.91029
vt 0.533358 0.877615
vt 0.541547 0.905095
vt 0.525596 0.91029
vt 0.533358 0.877615
vt 0.546393 0.89018
vt 0.541547 0.905095
vt 0.0980858 0.247922
vt 0.0888596 0.235234
vt 0.0940276 0.219808
vt 0.0940276 0.219808
vt 0.108903 0.215535
vt 0.0980858 0.247922
vt 0.108903 0.215535
vt 0.121502 0.22863
vt 0.0980858 0.247922
vt 0.121502 0.22863
vt 0.115909 0.245332
vt 0.0980858 0.247922
vt 0.176225 0.909895
vt 0.159731 0.900792
vt 0.15973 0.881762
vt 0.15973 0.881762
vt 0.176234 0.872664
vt 0.176225 0.909895
vt 0.176234 0.872664
vt 0.190316 0.900344
vt 0.176225 0.909895
vt 0.176234 0.872664
vt 0.190316 0.882209
vt 0.190316 0.900344
vt 0.125917 0.881529
vt 0.1084 0.871727
vt 0.1084 0.851733
vt 0.1084 0.851733
vt 0.126612 0.841729
vt 0.125917 0.881529
vt 0.126612 0.841729
vt 0.143508 0.871969
vt 0.125917 0.881529
vt 0.126612 0.841729
vt 0.14422 0.852249
vt 0.143508 0.871969
vt 0.14422 0.852249
vt 0.126612 0.841729
vt 0.126771 0.821486
vt 0.126771 0.821486
vt 0.144825 0.812257
vt 0.14422 0.852249
vt 0.144825 0.812257
vt 0.161685 0.842971
vt 0.14422 0.852249
vt 0.144825 0.812257
vt 0.162137 0.823258
vt 0.161685 0.842971
vt 0.126771 0.821486
vt 0.108399 0.811214
vt 0.108399 0.791761
vt 0.108399 0.791761
vt 0.126613 0.78279
vt 0.126771 0.821486
vt 0.126613 0.78279
vt 0.144825 0.812257
vt 0.126771 0.821486
vt 0.126613 0.78279
vt 0.144678 0.793042
vt 0.144825 0.812257
vt 0.818499 0.534608
vt 0.827858 0.51577
vt 0.846944 0.51406
vt 0.846944 0.51406
vt 0.828769 0.551391
vt 0.818499 0.534608
vt 0.846944 0.51406
vt 0.856698 0.530577
vt 0.828769 0.551391
vt 0.856698 0.530577
vt 0.847856 0.54909
vt 0.828769 0.551391
vt 0.856586 0.496795
vt 0.875131 0.496311
vt 0.884102 0.512177
vt 0.884102 0.512177
vt 0.875377 0.529187
vt 0.856586 0.496795
vt 0.875377 0.529187
vt 0.846944 0.51406
vt 0.856586 0.496795
vt 0.875377 0.529187
vt 0.856698 0.530577
vt 0.846944 0.51406
vt 0.143508 0.910574
vt 0.125927 0.901032
vt 0.125917 0.881529
vt 0.125917 0.881529
vt 0.143508 0.871969
vt 0.143508 0.910574
vt 0.143508 0.871969
vt 0.159731 0.900792
vt 0.143508 0.910574
vt 0.143508 0.871969
vt 0.15973 0.881762
vt 0.159731 0.900792
vt 0.108401 0.910818
vt 0.090885 0.901016
vt 0.0908846 0.881541
vt 0.0908846 0.881541
vt 0.1084 0.871727
vt 0.108401 0.910818
vt 0.1084 0.871727
vt 0.125927 0.901032
vt 0.108401 0.910818
vt 0.1084 0.871727
vt 0.125917 0.881529
vt 0.125927 0.901032
vt 0.0908846 0.881541
vt 0.0733033 0.871987
vt 0.0725795 0.85224
vt 0.0725795 0.85224
vt 0.0901975 0.841746
vt 0.0908846 0.881541
vt 0.0901975 0.841746
vt 0.1084 0.871727
vt 0.0908846 0.881541
vt 0.0901975 0.841746
vt 0.1084 0.851733
vt 0.1084 0.871727
vt 0.177508 0.853647
vt 0.161685 0.842971
vt 0.162137 0.823258
vt 0.162137 0.823258
vt 0.178618 0.815189
vt 0.177508 0.853647
vt 0.178618 0.815189
vt 0.193181 0.845241
vt 0.177508 0.853647
vt 0.178618 0.815189
vt 0.19387 0.82652
vt 0.193181 0.845241
vt 0.0732939 0.910587
vt 0.0570619 0.900777
vt 0.0570615 0.881781
vt 0.0570615 0.881781
vt 0.0733033 0.871987
vt 0.0732939 0.910587
vt 0.0733033 0.871987
vt 0.090885 0.901016
vt 0.0732939 0.910587
vt 0.0733033 0.871987
vt 0.0908846 0.881541
vt 0.090885 0.901016
vt 0.1084 0.851733
vt 0.0901975 0.841746
vt 0.0900379 0.821481
vt 0.0900379 0.821481
vt 0.108399 0.811214
vt 0.1084 0.851733
vt 0.108399 0.811214
vt 0.126612 0.841729
vt 0.1084 0.851733
vt 0.108399 0.811214
vt 0.126771 0.821486
vt 0.126612 0.841729
vt 0.0570615 0.881781
vt 0.0405853 0.872666
vt 0.0392918 0.85365
vt 0.0392918 0.85365
vt 0.0551051 0.84299
vt 0.0570615 0.881781
vt 0.0551051 0.84299
vt 0.0733033 0.871987
vt 0.0570615 0.881781
vt 0.0551051 0.84299
vt 0.0725795 0.85224
vt 0.0733033 0.871987
vt 0.162137 0.823258
vt 0.144825 0.812257
vt 0.144678 0.793042
vt 0.144678 0.793042
vt 0.161706 0.785506
vt 0.162137 0.823258
vt 0.161706 0.785506
vt 0.178618 0.815189
vt 0.162137 0.823258
vt 0.161706 0.785506
vt 0.178366 0.796638
vt 0.178618 0.815189
vt 0.0570619 0.900777
vt 0.0405766 0.909898
vt 0.0264938 0.900364
vt 0.0264938 0.900364
vt 0.0570615 0.881781
vt 0.0570619 0.900777
vt 0.0264938 0.900364
vt 0.0264844 0.882201
vt 0.0570615 0.881781
vt 0.0264844 0.882201
vt 0.0405853 0.872666
vt 0.0570615 0.881781
vt 0.0900379 0.821481
vt 0.0719827 0.812274
vt 0.0721192 0.793043
vt 0.0721192 0.793043
vt 0.108399 0.811214
vt 0.0900379 0.821481
vt 0.0721192 0.793043
vt 0.0901848 0.782791
vt 0.108399 0.811214
vt 0.0901848 0.782791
vt 0.108399 0.791761
vt 0.108399 0.811214
vt 0.0405853 0.872666
vt 0.0264844 0.882201
vt 0.0119049 0.873683
vt 0.0119049 0.873683
vt 0.0392918 0.85365
vt 0.0405853 0.872666
vt 0.0119049 0.873683
vt 0.0101847 0.855828
vt 0.0392918 0.85365
vt 0.0101847 0.855828
vt 0.0236265 0.845227
vt 0.0392918 0.85365
vt 0.8207 0.570593
vt 0.828769 0.551391
vt 0.847856 0.54909
vt 0.847856 0.54909
vt 0.831887 0.586718
vt 0.8207 0.570593
vt 0.847856 0.54909
vt 0.858358 0.565434
vt 0.831887 0.586718
vt 0.858358 0.565434
vt 0.850496 0.583881
vt 0.831887 0.586718
vt 0.190316 0.882209
vt 0.176234 0.872664
vt 0.177508 0.853647
vt 0.177508 0.853647
vt 0.193181 0.845241
vt 0.190316 0.882209
vt 0.193181 0.845241
vt 0.204905 0.873662
vt 0.190316 0.882209
vt 0.193181 0.845241
vt 0.206615 0.855825
vt 0.204905 0.873662
vt 0.129382 0.749783
vt 0.132372 0.730757
vt 0.150354 0.72174
vt 0.150354 0.72174
vt 0.166019 0.731487
vt 0.129382 0.749783
vt 0.166019 0.731487
vt 0.144826 0.760252
vt 0.129382 0.749783
vt 0.166019 0.731487
vt 0.163527 0.75098
vt 0.144826 0.760252
vt 0.0546714 0.823265
vt 0.0381897 0.815174
vt 0.0384226 0.796647
vt 0.0384226 0.796647
vt 0.0719827 0.812274
vt 0.0546714 0.823265
vt 0.110996 0.757817
vt 0.129382 0.749783
vt 0.141307 0.779143
vt 0.129382 0.749783
vt 0.144826 0.760252
vt 0.141307 0.779143
vt 0.193183 0.937311
vt 0.1775 0.928912
vt 0.176225 0.909895
vt 0.176225 0.909895
vt 0.190316 0.900344
vt 0.193183 0.937311
vt 0.190316 0.900344
vt 0.206625 0.926731
vt 0.193183 0.937311
vt 0.190316 0.900344
vt 0.204896 0.908873
vt 0.206625 0.926731
vt 0.856698 0.530577
vt 0.875377 0.529187
vt 0.88495 0.545342
vt 0.88495 0.545342
vt 0.876838 0.563078
vt 0.856698 0.530577
vt 0.876838 0.563078
vt 0.847856 0.54909
vt 0.856698 0.530577
vt 0.876838 0.563078
vt 0.858358 0.565434
vt 0.847856 0.54909
vt 0.884102 0.512177
vt 0.901535 0.511974
vt 0.910007 0.527491
vt 0.910007 0.527491
vt 0.902349 0.54383
vt 0.884102 0.512177
vt 0.902349 0.54383
vt 0.875377 0.529187
vt 0.884102 0.512177
vt 0.902349 0.54383
vt 0.88495 0.545342
vt 0.875377 0.529187
vt 0.178621 0.967364
vt 0.162139 0.959295
vt 0.161687 0.939571
vt 0.161687 0.939571
vt 0.1775 0.928912
vt 0.178621 0.967364
vt 0.1775 0.928912
vt 0.19389 0.956028
vt 0.178621 0.967364
vt 0.1775 0.928912
vt 0.193183 0.937311
vt 0.19389 0.956028
vt 0.275368 0.160591
vt 0.275401 0.178416
vt 0.258318 0.187825
vt 0.258318 0.187825
vt 0.243733 0.179643
vt 0.275368 0.160591
vt 0.243733 0.179643
vt 0.258243 0.152911
vt 0.275368 0.160591
vt 0.243733 0.179643
vt 0.243701 0.162626
vt 0.258243 0.152911
vt 0.464106 0.719784
vt 0.44593 0.723994
vt 0.434478 0.708569
vt 0.434478 0.708569
vt 0.441755 0.689401
vt 0.464106 0.719784
vt 0.162139 0.959295
vt 0.17837 0.985913
vt 0.1617 0.997063
vt 0.162139 0.959295
vt 0.178621 0.967364
vt 0.17837 0.985913
vt 0.108403 0.971331
vt 0.0900408 0.961075
vt 0.0901801 0.940811
vt 0.0901801 0.940811
vt 0.108402 0.930811
vt 0.108403 0.971331
vt 0.108402 0.930811
vt 0.126774 0.961069
vt 0.108403 0.971331
vt 0.108402 0.930811
vt 0.126614 0.940816
vt 0.126774 0.961069
vt 0.0719764 0.970298
vt 0.0546649 0.959297
vt 0.0551165 0.939574
vt 0.0551165 0.939574
vt 0.0725815 0.930307
vt 0.0719764 0.970298
vt 0.0725815 0.930307
vt 0.0900408 0.961075
vt 0.0719764 0.970298
vt 0.0725815 0.930307
vt 0.0901801 0.940811
vt 0.0900408 0.961075
vt 0.0546649 0.959297
vt 0.0381928 0.967384
vt 0.0229231 0.956018
vt 0.0229231 0.956018
vt 0.0551165 0.939574
vt 0.0546649 0.959297
vt 0.0229231 0.956018
vt 0.0236289 0.937321
vt 0.0551165 0.939574
vt 0.0236289 0.937321
vt 0.0392843 0.928914
vt 0.0551165 0.939574
vt 0.494503 0.731143
vt 0.476045 0.734918
vt 0.464106 0.719784
vt 0.464106 0.719784
vt 0.470709 0.700849
vt 0.494503 0.731143
vt 0.470709 0.700849
vt 0.501112 0.712216
vt 0.494503 0.731143
vt 0.470709 0.700849
vt 0.489188 0.69707
vt 0.501112 0.712216
vt 0.161687 0.939571
vt 0.144222 0.930305
vt 0.143508 0.910574
vt 0.143508 0.910574
vt 0.159731 0.900792
vt 0.161687 0.939571
vt 0.159731 0.900792
vt 0.1775 0.928912
vt 0.161687 0.939571
vt 0.159731 0.900792
vt 0.176225 0.909895
vt 0.1775 0.928912
vt 0.482863 0.768435
vt 0.470434 0.754234
vt 0.476045 0.734918
vt 0.476045 0.734918
vt 0.500885 0.76476
vt 0.482863 0.768435
vt 0.476045 0.734918
vt 0.494503 0.731143
vt 0.500885 0.76476
vt 0.494503 0.731143
vt 0.506995 0.746748
vt 0.500885 0.76476
vt 0.126627 0.999749
vt 0.108413 0.990799
vt 0.108403 0.971331
vt 0.108403 0.971331
vt 0.126774 0.961069
vt 0.126627 0.999749
vt 0.126774 0.961069
vt 0.144683 0.989512
vt 0.126627 0.999749
vt 0.126774 0.961069
vt 0.144829 0.970286
vt 0.144683 0.989512
vt 0.875222 0.35416
vt 0.856594 0.355534
vt 0.846909 0.338991
vt 0.846909 0.338991
vt 0.883978 0.337148
vt 0.875222 0.35416
vt 0.846909 0.338991
vt 0.856583 0.321707
vt 0.883978 0.337148
vt 0.856583 0.321707
vt 0.875074 0.321258
vt 0.883978 0.337148
vt 0.126614 0.940816
vt 0.108402 0.930811
vt 0.108401 0.910818
vt 0.108401 0.910818
vt 0.125927 0.901032
vt 0.126614 0.940816
vt 0.125927 0.901032
vt 0.144222 0.930305
vt 0.126614 0.940816
vt 0.125927 0.901032
vt 0.143508 0.910574
vt 0.144222 0.930305
vt 0.0901891 0.999755
vt 0.0721328 0.989499
vt 0.0719764 0.970298
vt 0.0719764 0.970298
vt 0.0900408 0.961075
vt 0.0901891 0.999755
vt 0.0900408 0.961075
vt 0.108413 0.990799
vt 0.0901891 0.999755
vt 0.0900408 0.961075
vt 0.108403 0.971331
vt 0.108413 0.990799
vt 0.902134 0.368838
vt 0.884764 0.370322
vt 0.875222 0.35416
vt 0.875222 0.35416
vt 0.909836 0.352487
vt 0.902134 0.368838
vt 0.875222 0.35416
vt 0.883978 0.337148
vt 0.909836 0.352487
vt 0.883978 0.337148
vt 0.901394 0.336963
vt 0.909836 0.352487
vt 0.0901801 0.940811
vt 0.0725815 0.930307
vt 0.0732939 0.910587
vt 0.0732939 0.910587
vt 0.090885 0.901016
vt 0.0901801 0.940811
vt 0.090885 0.901016
vt 0.108402 0.930811
vt 0.0901801 0.940811
vt 0.090885 0.901016
vt 0.108401 0.910818
vt 0.108402 0.930811
vt 0.204896 0.908873
vt 0.190316 0.900344
vt 0.190316 0.882209
vt 0.190316 0.882209
vt 0.204905 0.873662
vt 0.204896 0.908873
vt 0.204905 0.873662
vt 0.216546 0.899656
vt 0.204896 0.908873
vt 0.204905 0.873662
vt 0.216547 0.882884
vt 0.216546 0.899656
vt 0.334578 0.973524
vt 0.343113 0.988113
vt 0.333891 0.999755
vt 0.333891 0.999755
vt 0.31713 0.999755
vt 0.334578 0.973524
vt 0.31713 0.999755
vt 0.316443 0.973524
vt 0.334578 0.973524
vt 0.31713 0.999755
vt 0.307897 0.988114
vt 0.316443 0.973524
vt 0.0721328 0.989499
vt 0.0551059 0.997065
vt 0.0384357 0.985917
vt 0.0384357 0.985917
vt 0.0719764 0.970298
vt 0.0721328 0.989499
vt 0.0384357 0.985917
vt 0.0381928 0.967384
vt 0.0719764 0.970298
vt 0.0381928 0.967384
vt 0.0546649 0.959297
vt 0.0719764 0.970298
vt 0.847718 0.374025
vt 0.858177 0.390397
vt 0.850324 0.408833
vt 0.850324 0.408833
vt 0.828682 0.376304
vt 0.847718 0.374025
vt 0.850324 0.408833
vt 0.831785 0.411626
vt 0.828682 0.376304
vt 0.831785 0.411626
vt 0.820616 0.395486
vt 0.828682 0.376304
vt 0.875222 0.35416
vt 0.884764 0.370322
vt 0.876629 0.388055
vt 0.876629 0.388055
vt 0.856594 0.355534
vt 0.875222 0.35416
vt 0.876629 0.388055
vt 0.858177 0.390397
vt 0.856594 0.355534
vt 0.858177 0.390397
vt 0.847718 0.374025
vt 0.856594 0.355534
vt 0.255756 0.134346
vt 0.258243 0.152911
vt 0.243701 0.162626
vt 0.243701 0.162626
vt 0.227566 0.154672
vt 0.255756 0.134346
vt 0.227566 0.154672
vt 0.238389 0.126451
vt 0.255756 0.134346
vt 0.227566 0.154672
vt 0.224608 0.137179
vt 0.238389 0.126451
vt 0.0725815 0.930307
vt 0.0551165 0.939574
vt 0.0392843 0.928914
vt 0.0392843 0.928914
vt 0.0732939 0.910587
vt 0.0725815 0.930307
vt 0.0392843 0.928914
vt 0.0405766 0.909898
vt 0.0732939 0.910587
vt 0.0405766 0.909898
vt 0.0570619 0.900777
vt 0.0732939 0.910587
vt 0.15973 0.881762
vt 0.143508 0.871969
vt 0.14422 0.852249
vt 0.14422 0.852249
vt 0.161685 0.842971
vt 0.15973 0.881762
vt 0.161685 0.842971
vt 0.176234 0.872664
vt 0.15973 0.881762
vt 0.161685 0.842971
vt 0.177508 0.853647
vt 0.176234 0.872664
vt 0.268232 0.102522
vt 0.271049 0.1227
vt 0.255756 0.134346
vt 0.255756 0.134346
vt 0.238389 0.126451
vt 0.268232 0.102522
vt 0.238389 0.126451
vt 0.235374 0.107291
vt 0.268232 0.102522
vt 0.235374 0.107291
vt 0.24996 0.0949547
vt 0.268232 0.102522
vt 0.494092 0.566899
vt 0.481417 0.576088
vt 0.46598 0.570885
vt 0.46598 0.570885
vt 0.491494 0.549037
vt 0.494092 0.566899
vt 0.46598 0.570885
vt 0.461705 0.555951
vt 0.491494 0.549037
vt 0.461705 0.555951
vt 0.474781 0.543394
vt 0.491494 0.549037
vt 0.238389 0.126451
vt 0.224608 0.137179
vt 0.207428 0.131263
vt 0.207428 0.131263
vt 0.235374 0.107291
vt 0.238389 0.126451
vt 0.207428 0.131263
vt 0.203171 0.114335
vt 0.235374 0.107291
vt 0.203171 0.114335
vt 0.217395 0.101109
vt 0.235374 0.107291
vt 0.364822 0.354856
vt 0.354394 0.34316
vt 0.359756 0.326676
vt 0.359756 0.326676
vt 0.376519 0.325055
vt 0.364822 0.354856
vt 0.376519 0.325055
vt 0.380315 0.35334
vt 0.364822 0.354856
vt 0.376519 0.325055
vt 0.386891 0.34001
vt 0.380315 0.35334
vt 0.283773 0.0895555
vt 0.268232 0.102522
vt 0.24996 0.0949547
vt 0.24996 0.0949547
vt 0.28033 0.06889
vt 0.283773 0.0895555
vt 0.24996 0.0949547
vt 0.246734 0.0750269
vt 0.28033 0.06889
vt 0.246734 0.0750269
vt 0.261577 0.0619137
vt 0.28033 0.06889
vt 0.302508 0.0972571
vt 0.305111 0.117991
vt 0.289201 0.130486
vt 0.289201 0.130486
vt 0.271049 0.1227
vt 0.302508 0.0972571
vt 0.271049 0.1227
vt 0.283773 0.0895555
vt 0.302508 0.0972571
vt 0.271049 0.1227
vt 0.268232 0.102522
vt 0.283773 0.0895555
vt 0.554672 0.721768
vt 0.533869 0.72481
vt 0.520842 0.708684
vt 0.520842 0.708684
vt 0.528336 0.689374
vt 0.554672 0.721768
vt 0.528336 0.689374
vt 0.562412 0.70226
vt 0.554672 0.721768
vt 0.528336 0.689374
vt 0.549087 0.686004
vt 0.562412 0.70226
vt 0.539557 0.759862
vt 0.526588 0.743964
vt 0.533869 0.72481
vt 0.533869 0.72481
vt 0.559879 0.757173
vt 0.539557 0.759862
vt 0.533869 0.72481
vt 0.554672 0.721768
vt 0.559879 0.757173
vt 0.554672 0.721768
vt 0.567729 0.738246
vt 0.559879 0.757173
vt 0.572235 0.772653
vt 0.56435 0.789943
vt 0.544971 0.792171
vt 0.544971 0.792171
vt 0.532509 0.777625
vt 0.572235 0.772653
vt 0.532509 0.777625
vt 0.559879 0.757173
vt 0.572235 0.772653
vt 0.532509 0.777625
vt 0.539557 0.759862
vt 0.559879 0.757173
vt 0.24996 0.0949547
vt 0.235374 0.107291
vt 0.217395 0.101109
vt 0.217395 0.101109
vt 0.246734 0.0750269
vt 0.24996 0.0949547
vt 0.217395 0.101109
vt 0.21348 0.082392
vt 0.246734 0.0750269
vt 0.21348 0.082392
vt 0.228301 0.0686894
vt 0.246734 0.0750269
vt 0.261577 0.0619137
vt 0.246734 0.0750269
vt 0.228301 0.0686894
vt 0.228301 0.0686894
vt 0.257926 0.0424324
vt 0.261577 0.0619137
vt 0.228301 0.0686894
vt 0.224638 0.0491933
vt 0.257926 0.0424324
vt 0.224638 0.0491933
vt 0.239481 0.0360805
vt 0.257926 0.0424324
vt 0.295423 0.0556808
vt 0.28033 0.06889
vt 0.261577 0.0619137
vt 0.261577 0.0619137
vt 0.291102 0.0358697
vt 0.295423 0.0556808
vt 0.261577 0.0619137
vt 0.257926 0.0424324
vt 0.291102 0.0358697
vt 0.257926 0.0424324
vt 0.272393 0.0296268
vt 0.291102 0.0358697
vt 0.289201 0.130486
vt 0.291081 0.149757
vt 0.275368 0.160591
vt 0.275368 0.160591
vt 0.258243 0.152911
vt 0.289201 0.130486
vt 0.258243 0.152911
vt 0.271049 0.1227
vt 0.289201 0.130486
vt 0.258243 0.152911
vt 0.255756 0.134346
vt 0.271049 0.1227
vt 0.272393 0.0296268
vt 0.257926 0.0424324
vt 0.239481 0.0360805
vt 0.239481 0.0360805
vt 0.26818 0.0117572
vt 0.272393 0.0296268
vt 0.239481 0.0360805
vt 0.250188 0.00556129
vt 0.26818 0.0117572
vt 0.239481 0.0360805
vt 0.235895 0.0170676
vt 0.250188 0.00556129
vt 0.583235 0.699566
vt 0.562412 0.70226
vt 0.549087 0.686004
vt 0.549087 0.686004
vt 0.556663 0.667371
vt 0.583235 0.699566
vt 0.556663 0.667371
vt 0.577249 0.664867
vt 0.583235 0.699566
vt 0.577249 0.664867
vt 0.590504 0.680816
vt 0.583235 0.699566
vt 0.520842 0.708684
vt 0.501112 0.712216
vt 0.489188 0.69707
vt 0.489188 0.69707
vt 0.496329 0.678439
vt 0.520842 0.708684
vt 0.496329 0.678439
vt 0.528336 0.689374
vt 0.520842 0.708684
vt 0.496329 0.678439
vt 0.515702 0.674278
vt 0.528336 0.689374
vt 0.121502 0.22863
vt 0.137955 0.225061
vt 0.151014 0.239537
vt 0.151014 0.239537
vt 0.145164 0.25704
vt 0.121502 0.22863
vt 0.145164 0.25704
vt 0.115909 0.245332
vt 0.121502 0.22863
vt 0.145164 0.25704
vt 0.126499 0.259312
vt 0.115909 0.245332
vt 0.567729 0.738246
vt 0.554672 0.721768
vt 0.562412 0.70226
vt 0.562412 0.70226
vt 0.588266 0.735419
vt 0.567729 0.738246
vt 0.562412 0.70226
vt 0.583235 0.699566
vt 0.588266 0.735419
vt 0.583235 0.699566
vt 0.596037 0.716256
vt 0.588266 0.735419
vt 0.615582 0.71391
vt 0.596037 0.716256
vt 0.583235 0.699566
vt 0.583235 0.699566
vt 0.590504 0.680816
vt 0.615582 0.71391
vt 0.590504 0.680816
vt 0.622411 0.695501
vt 0.615582 0.71391
vt 0.590504 0.680816
vt 0.610145 0.679057
vt 0.622411 0.695501
vt 0.108903 0.215535
vt 0.111368 0.198636
vt 0.127414 0.193893
vt 0.127414 0.193893
vt 0.121502 0.22863
vt 0.108903 0.215535
vt 0.127414 0.193893
vt 0.141244 0.207265
vt 0.121502 0.22863
vt 0.141244 0.207265
vt 0.137955 0.225061
vt 0.121502 0.22863
vt 0.526588 0.743964
vt 0.506995 0.746748
vt 0.494503 0.731143
vt 0.494503 0.731143
vt 0.501112 0.712216
vt 0.526588 0.743964
vt 0.501112 0.712216
vt 0.533869 0.72481
vt 0.526588 0.743964
vt 0.501112 0.712216
vt 0.520842 0.708684
vt 0.533869 0.72481
vt 0.243701 0.162626
vt 0.243733 0.179643
vt 0.227644 0.187695
vt 0.227644 0.187695
vt 0.214834 0.17914
vt 0.243701 0.162626
vt 0.214834 0.17914
vt 0.227566 0.154672
vt 0.243701 0.162626
vt 0.214834 0.17914
vt 0.214796 0.163399
vt 0.227566 0.154672
vt 0.0264938 0.900364
vt 0.0119056 0.908877
vt 0.000245116 0.899676
vt 0.000245116 0.899676
vt 0.0264844 0.882201
vt 0.0264938 0.900364
vt 0.000245116 0.899676
vt 0.00026197 0.882882
vt 0.0264844 0.882201
vt 0.00026197 0.882882
vt 0.0119049 0.873683
vt 0.0264844 0.882201
vt 0.626848 0.73023
vt 0.619267 0.748679
vt 0.600207 0.751518
vt 0.600207 0.751518
vt 0.615582 0.71391
vt 0.626848 0.73023
vt 0.600207 0.751518
vt 0.588266 0.735419
vt 0.615582 0.71391
vt 0.588266 0.735419
vt 0.596037 0.716256
vt 0.615582 0.71391
vt 0.847531 0.965753
vt 0.866402 0.968205
vt 0.875037 0.984991
vt 0.875037 0.984991
vt 0.836349 0.979581
vt 0.847531 0.965753
vt 0.875037 0.984991
vt 0.863954 0.999755
vt 0.836349 0.979581
vt 0.863954 0.999755
vt 0.844175 0.996835
vt 0.836349 0.979581
vt 0.207428 0.131263
vt 0.19429 0.143213
vt 0.176651 0.139536
vt 0.176651 0.139536
vt 0.203171 0.114335
vt 0.207428 0.131263
vt 0.176651 0.139536
vt 0.17117 0.122937
vt 0.203171 0.114335
vt 0.17117 0.122937
vt 0.184606 0.109835
vt 0.203171 0.114335
vt 0.513464 0.77967
vt 0.500885 0.76476
vt 0.506995 0.746748
vt 0.506995 0.746748
vt 0.532509 0.777625
vt 0.513464 0.77967
vt 0.506995 0.746748
vt 0.526588 0.743964
vt 0.532509 0.777625
vt 0.526588 0.743964
vt 0.539557 0.759862
vt 0.532509 0.777625
vt 0.544971 0.792171
vt 0.538071 0.807801
vt 0.519992 0.809173
vt 0.519992 0.809173
vt 0.507772 0.795778
vt 0.544971 0.792171
vt 0.507772 0.795778
vt 0.532509 0.777625
vt 0.544971 0.792171
vt 0.507772 0.795778
vt 0.513464 0.77967
vt 0.532509 0.777625
vt 0.184606 0.109835
vt 0.17117 0.122937
vt 0.152917 0.118423
vt 0.152917 0.118423
vt 0.179735 0.0912539
vt 0.184606 0.109835
vt 0.44133 0.342881
vt 0.460417 0.343732
vt 0.457033 0.377343
vt 0.460417 0.343732
vt 0.46868 0.361154
vt 0.457033 0.377343
vt 0.285049 0.5115
vt 0.270363 0.522167
vt 0.25406 0.514252
vt 0.25406 0.514252
vt 0.254053 0.49857
vt 0.285049 0.5115
vt 0.254053 0.49857
vt 0.282532 0.493538
vt 0.285049 0.5115
vt 0.254053 0.49857
vt 0.267628 0.488713
vt 0.282532 0.493538
vt 0.413145 0.356691
vt 0.404594 0.340842
vt 0.412997 0.32596
vt 0.412997 0.32596
vt 0.430519 0.358473
vt 0.413145 0.356691
vt 0.412997 0.32596
vt 0.432373 0.326261
vt 0.430519 0.358473
vt 0.432373 0.326261
vt 0.44133 0.342881
vt 0.430519 0.358473
vt 0.46868 0.361154
vt 0.460417 0.343732
vt 0.471613 0.327084
vt 0.471613 0.327084
vt 0.488933 0.361807
vt 0.46868 0.361154
vt 0.471613 0.327084
vt 0.491471 0.327154
vt 0.488933 0.361807
vt 0.491471 0.327154
vt 0.50049 0.344465
vt 0.488933 0.361807
vt 0.194399 0.0770966
vt 0.179735 0.0912539
vt 0.160586 0.0861855
vt 0.160586 0.0861855
vt 0.190089 0.0573047
vt 0.194399 0.0770966
vt 0.160586 0.0861855
vt 0.155697 0.0665494
vt 0.190089 0.0573047
vt 0.155697 0.0665494
vt 0.170541 0.0518026
vt 0.190089 0.0573047
vt 0.205541 0.0431352
vt 0.190089 0.0573047
vt 0.170541 0.0518026
vt 0.170541 0.0518026
vt 0.201746 0.0234107
vt 0.205541 0.0431352
vt 0.170541 0.0518026
vt 0.166539 0.0318528
vt 0.201746 0.0234107
vt 0.166539 0.0318528
vt 0.182281 0.017617
vt 0.201746 0.0234107
vt 0.148421 0.290241
vt 0.159378 0.30672
vt 0.150152 0.325631
vt 0.150152 0.325631
vt 0.128746 0.292288
vt 0.148421 0.290241
vt 0.150152 0.325631
vt 0.129944 0.327422
vt 0.128746 0.292288
vt 0.129944 0.327422
vt 0.119482 0.310594
vt 0.128746 0.292288
vt 0.0900094 0.295831
vt 0.0991118 0.278594
vt 0.118098 0.276486
vt 0.118098 0.276486
vt 0.128746 0.292288
vt 0.0900094 0.295831
vt 0.128746 0.292288
vt 0.0997641 0.312081
vt 0.0900094 0.295831
vt 0.128746 0.292288
vt 0.119482 0.310594
vt 0.0997641 0.312081
vt 0.44133 0.342881
vt 0.432373 0.326261
vt 0.442258 0.310035
vt 0.442258 0.310035
vt 0.460417 0.343732
vt 0.44133 0.342881
vt 0.442258 0.310035
vt 0.462448 0.310036
vt 0.460417 0.343732
vt 0.462448 0.310036
vt 0.471613 0.327084
vt 0.460417 0.343732
vt 0.471613 0.327084
vt 0.462448 0.310036
vt 0.473083 0.293033
vt 0.473083 0.293033
vt 0.491471 0.327154
vt 0.471613 0.327084
vt 0.473083 0.293033
vt 0.492923 0.293133
vt 0.491471 0.327154
vt 0.492923 0.293133
vt 0.502106 0.310151
vt 0.491471 0.327154
vt 0.50049 0.344465
vt 0.491471 0.327154
vt 0.502106 0.310151
vt 0.502106 0.310151
vt 0.520619 0.344212
vt 0.50049 0.344465
vt 0.502106 0.310151
vt 0.521498 0.309833
vt 0.520619 0.344212
vt 0.521498 0.309833
vt 0.531002 0.326546
vt 0.520619 0.344212
vt 0.502106 0.310151
vt 0.492923 0.293133
vt 0.503338 0.276118
vt 0.503338 0.276118
vt 0.521498 0.309833
vt 0.502106 0.310151
vt 0.503338 0.276118
vt 0.521696 0.27668
vt 0.521498 0.309833
vt 0.521696 0.27668
vt 0.530653 0.29328
vt 0.521498 0.309833
vt 0.497498 0.379229
vt 0.488933 0.361807
vt 0.50049 0.344465
vt 0.50049 0.344465
vt 0.517882 0.379147
vt 0.497498 0.379229
vt 0.50049 0.344465
vt 0.520619 0.344212
vt 0.517882 0.379147
vt 0.520619 0.344212
vt 0.529445 0.36149
vt 0.517882 0.379147
vt 0.485352 0.881052
vt 0.470683 0.870383
vt 0.473997 0.850668
vt 0.473997 0.850668
vt 0.492121 0.842581
vt 0.485352 0.881052
vt 0.492121 0.842581
vt 0.502618 0.872635
vt 0.485352 0.881052
vt 0.492121 0.842581
vt 0.506107 0.853932
vt 0.502618 0.872635
vt 0.228301 0.0686894
vt 0.21348 0.082392
vt 0.194399 0.0770966
vt 0.194399 0.0770966
vt 0.224638 0.0491933
vt 0.228301 0.0686894
vt 0.194399 0.0770966
vt 0.190089 0.0573047
vt 0.224638 0.0491933
vt 0.190089 0.0573047
vt 0.205541 0.0431352
vt 0.224638 0.0491933
vt 0.51608 0.88323
vt 0.502618 0.872635
vt 0.506107 0.853932
vt 0.506107 0.853932
vt 0.524186 0.848047
vt 0.51608 0.88323
vt 0.524186 0.848047
vt 0.533358 0.877615
vt 0.51608 0.88323
vt 0.524186 0.848047
vt 0.538021 0.861132
vt 0.533358 0.877615
vt 0.150152 0.325631
vt 0.160353 0.342356
vt 0.150079 0.360758
vt 0.150079 0.360758
vt 0.129944 0.327422
vt 0.150152 0.325631
vt 0.150079 0.360758
vt 0.129856 0.362256
vt 0.129944 0.327422
vt 0.129856 0.362256
vt 0.119921 0.345665
vt 0.129944 0.327422
vt 0.496912 0.909586
vt 0.482695 0.900058
vt 0.485352 0.881052
vt 0.485352 0.881052
vt 0.502618 0.872635
vt 0.496912 0.909586
vt 0.502618 0.872635
vt 0.512909 0.901073
vt 0.496912 0.909586
vt 0.502618 0.872635
vt 0.51608 0.88323
vt 0.512909 0.901073
vt 0.239481 0.0360805
vt 0.224638 0.0491933
vt 0.205541 0.0431352
vt 0.205541 0.0431352
vt 0.235895 0.0170676
vt 0.239481 0.0360805
vt 0.205541 0.0431352
vt 0.201746 0.0234107
vt 0.235895 0.0170676
vt 0.201746 0.0234107
vt 0.217289 0.010441
vt 0.235895 0.0170676
vt 0.910007 0.527491
vt 0.925768 0.527069
vt 0.935926 0.540314
vt 0.935926 0.540314
vt 0.931318 0.555259
vt 0.910007 0.527491
vt 0.931318 0.555259
vt 0.913341 0.558161
vt 0.910007 0.527491
vt 0.913341 0.558161
vt 0.902349 0.54383
vt 0.910007 0.527491
vt 0.929789 0.324539
vt 0.9351 0.338777
vt 0.925575 0.352095
vt 0.925575 0.352095
vt 0.909836 0.352487
vt 0.929789 0.324539
vt 0.909836 0.352487
vt 0.901394 0.336963
vt 0.929789 0.324539
vt 0.901394 0.336963
vt 0.911692 0.322543
vt 0.929789 0.324539
vt 0.0901874 0.329703
vt 0.0997641 0.312081
vt 0.119482 0.310594
vt 0.119482 0.310594
vt 0.129944 0.327422
vt 0.0901874 0.329703
vt 0.129944 0.327422
vt 0.0999413 0.346447
vt 0.0901874 0.329703
vt 0.129944 0.327422
vt 0.119921 0.345665
vt 0.0999413 0.346447
vt 0.0901026 0.363206
vt 0.0999413 0.346447
vt 0.119921 0.345665
vt 0.119921 0.345665
vt 0.129856 0.362256
vt 0.0901026 0.363206
vt 0.129856 0.362256
vt 0.0995947 0.379229
vt 0.0901026 0.363206
vt 0.129856 0.362256
vt 0.119309 0.379106
vt 0.0995947 0.379229
vt 0.465975 0.909173
vt 0.450857 0.89938
vt 0.452947 0.879644
vt 0.452947 0.879644
vt 0.470683 0.870383
vt 0.465975 0.909173
vt 0.470683 0.870383
vt 0.482695 0.900058
vt 0.465975 0.909173
vt 0.470683 0.870383
vt 0.485352 0.881052
vt 0.482695 0.900058
vt 0.386891 0.34001
vt 0.376519 0.325055
vt 0.383788 0.309554
vt 0.383788 0.309554
vt 0.404594 0.340842
vt 0.386891 0.34001
vt 0.383788 0.309554
vt 0.402486 0.30978
vt 0.404594 0.340842
vt 0.402486 0.30978
vt 0.412997 0.32596
vt 0.404594 0.340842
vt 0.126499 0.259312
vt 0.145164 0.25704
vt 0.156492 0.272204
vt 0.156492 0.272204
vt 0.148421 0.290241
vt 0.126499 0.259312
vt 0.148421 0.290241
vt 0.118098 0.276486
vt 0.126499 0.259312
vt 0.148421 0.290241
vt 0.128746 0.292288
vt 0.118098 0.276486
vt 0.0980858 0.247922
vt 0.115909 0.245332
vt 0.126499 0.259312
vt 0.126499 0.259312
vt 0.118098 0.276486
vt 0.0980858 0.247922
vt 0.118098 0.276486
vt 0.0895694 0.263856
vt 0.0980858 0.247922
vt 0.118098 0.276486
vt 0.0991118 0.278594
vt 0.0895694 0.263856
vt 0.383788 0.309554
vt 0.373566 0.293193
vt 0.381793 0.276035
vt 0.381793 0.276035
vt 0.402486 0.30978
vt 0.383788 0.309554
vt 0.381793 0.276035
vt 0.40108 0.275609
vt 0.402486 0.30978
vt 0.40108 0.275609
vt 0.411578 0.292976
vt 0.402486 0.30978
vt 0.526225 0.417596
vt 0.513362 0.424952
vt 0.498905 0.417596
vt 0.861179 0.693781
vt 0.870053 0.662603
vt 0.882546 0.674569
vt 0.861179 0.693781
vt 0.848952 0.685055
vt 0.870053 0.662603
vt 0.848952 0.685055
vt 0.852723 0.66801
vt 0.870053 0.662603
vt 0.381793 0.276035
vt 0.372084 0.259224
vt 0.381261 0.241421
vt 0.381261 0.241421
vt 0.40108 0.275609
vt 0.381793 0.276035
vt 0.381261 0.241421
vt 0.400784 0.240271
vt 0.40108 0.275609
vt 0.400784 0.240271
vt 0.410933 0.257645
vt 0.40108 0.275609
vt 0.411578 0.292976
vt 0.40108 0.275609
vt 0.410933 0.257645
vt 0.410933 0.257645
vt 0.431926 0.292973
vt 0.411578 0.292976
vt 0.410933 0.257645
vt 0.431796 0.257313
vt 0.431926 0.292973
vt 0.431796 0.257313
vt 0.442307 0.275287
vt 0.431926 0.292973
vt 0.442307 0.275287
vt 0.431796 0.257313
vt 0.442533 0.239308
vt 0.442533 0.239308
vt 0.46326 0.275382
vt 0.442307 0.275287
vt 0.442533 0.239308
vt 0.463754 0.239573
vt 0.46326 0.275382
vt 0.463754 0.239573
vt 0.473993 0.257692
vt 0.46326 0.275382
vt 0.473993 0.257692
vt 0.463754 0.239573
vt 0.474309 0.222453
vt 0.474309 0.222453
vt 0.494249 0.258346
vt 0.473993 0.257692
vt 0.474309 0.222453
vt 0.49456 0.22372
vt 0.494249 0.258346
vt 0.49456 0.22372
vt 0.504287 0.241496
vt 0.494249 0.258346
vt 0.570258 0.871606
vt 0.556918 0.857786
vt 0.562533 0.840537
vt 0.562533 0.840537
vt 0.582307 0.837597
vt 0.570258 0.871606
vt 0.582307 0.837597
vt 0.589143 0.869152
vt 0.570258 0.871606
vt 0.582307 0.837597
vt 0.595602 0.852354
vt 0.589143 0.869152
vt 0.412997 0.32596
vt 0.402486 0.30978
vt 0.411578 0.292976
vt 0.411578 0.292976
vt 0.432373 0.326261
vt 0.412997 0.32596
vt 0.411578 0.292976
vt 0.431926 0.292973
vt 0.432373 0.326261
vt 0.431926 0.292973
vt 0.442258 0.310035
vt 0.432373 0.326261
vt 0.227566 0.154672
vt 0.214796 0.163399
vt 0.198935 0.157929
vt 0.198935 0.157929
vt 0.224608 0.137179
vt 0.227566 0.154672
vt 0.198935 0.157929
vt 0.19429 0.143213
vt 0.224608 0.137179
vt 0.19429 0.143213
vt 0.207428 0.131263
vt 0.224608 0.137179
vt 0.410933 0.257645
vt 0.400784 0.240271
vt 0.411249 0.22241
vt 0.411249 0.22241
vt 0.431796 0.257313
vt 0.410933 0.257645
vt 0.411249 0.22241
vt 0.432115 0.22177
vt 0.431796 0.257313
vt 0.432115 0.22177
vt 0.442533 0.239308
vt 0.431796 0.257313
vt 0.907472 0.574707
vt 0.920905 0.588561
vt 0.915146 0.606783
vt 0.915146 0.606783
vt 0.888355 0.578078
vt 0.907472 0.574707
vt 0.915146 0.606783
vt 0.895086 0.610668
vt 0.888355 0.578078
vt 0.895086 0.610668
vt 0.881703 0.595887
vt 0.888355 0.578078
vt 0.442258 0.310035
vt 0.431926 0.292973
vt 0.442307 0.275287
vt 0.442307 0.275287
vt 0.462448 0.310036
vt 0.442258 0.310035
vt 0.442307 0.275287
vt 0.46326 0.275382
vt 0.462448 0.310036
vt 0.46326 0.275382
vt 0.473083 0.293033
vt 0.462448 0.310036
vt 0.359756 0.326676
vt 0.349434 0.312896
vt 0.356004 0.294902
vt 0.356004 0.294902
vt 0.373566 0.293193
vt 0.359756 0.326676
vt 0.373566 0.293193
vt 0.376519 0.325055
vt 0.359756 0.326676
vt 0.373566 0.293193
vt 0.383788 0.309554
vt 0.376519 0.325055
vt 0.442533 0.239308
vt 0.432115 0.22177
vt 0.442939 0.204813
vt 0.442939 0.204813
vt 0.46389 0.205211
vt 0.442533 0.239308
vt 0.46389 0.205211
vt 0.463754 0.239573
vt 0.442533 0.239308
vt 0.46389 0.205211
vt 0.474309 0.222453
vt 0.463754 0.239573
vt 0.888705 0.629551
vt 0.895086 0.610668
vt 0.915146 0.606783
vt 0.915146 0.606783
vt 0.929247 0.621368
vt 0.888705 0.629551
vt 0.929247 0.621368
vt 0.902955 0.644708
vt 0.888705 0.629551
vt 0.929247 0.621368
vt 0.923454 0.640422
vt 0.902955 0.644708
vt 0.473083 0.293033
vt 0.46326 0.275382
vt 0.473993 0.257692
vt 0.473993 0.257692
vt 0.492923 0.293133
vt 0.473083 0.293033
vt 0.473993 0.257692
vt 0.494249 0.258346
vt 0.492923 0.293133
vt 0.494249 0.258346
vt 0.503338 0.276118
vt 0.492923 0.293133
vt 0.356004 0.294902
vt 0.346171 0.27951
vt 0.35408 0.260975
vt 0.35408 0.260975
vt 0.372084 0.259224
vt 0.356004 0.294902
vt 0.372084 0.259224
vt 0.373566 0.293193
vt 0.356004 0.294902
vt 0.372084 0.259224
vt 0.381793 0.276035
vt 0.373566 0.293193
vt 0.214796 0.163399
vt 0.214834 0.17914
vt 0.198999 0.183396
vt 0.198999 0.183396
vt 0.189158 0.170294
vt 0.214796 0.163399
vt 0.189158 0.170294
vt 0.198935 0.157929
vt 0.214796 0.163399
vt 0.474309 0.222453
vt 0.46389 0.205211
vt 0.474008 0.189919
vt 0.474008 0.189919
vt 0.493834 0.191619
vt 0.474309 0.222453
vt 0.493834 0.191619
vt 0.49456 0.22372
vt 0.474309 0.222453
vt 0.493834 0.191619
vt 0.503948 0.208205
vt 0.49456 0.22372
vt 0.948666 0.61682
vt 0.962367 0.630595
vt 0.957221 0.649353
vt 0.957221 0.649353
vt 0.929247 0.621368
vt 0.948666 0.61682
vt 0.957221 0.649353
vt 0.937748 0.654616
vt 0.929247 0.621368
vt 0.937748 0.654616
vt 0.923454 0.640422
vt 0.929247 0.621368
vt 0.939824 0.584829
vt 0.953472 0.598469
vt 0.948666 0.61682
vt 0.948666 0.61682
vt 0.920905 0.588561
vt 0.939824 0.584829
vt 0.948666 0.61682
vt 0.929247 0.621368
vt 0.920905 0.588561
vt 0.929247 0.621368
vt 0.915146 0.606783
vt 0.920905 0.588561
vt 0.503338 0.276118
vt 0.494249 0.258346
vt 0.504287 0.241496
vt 0.504287 0.241496
vt 0.521696 0.27668
vt 0.503338 0.276118
vt 0.504287 0.241496
vt 0.522724 0.243032
vt 0.521696 0.27668
vt 0.522724 0.243032
vt 0.531002 0.260433
vt 0.521696 0.27668
vt 0.825141 0.604958
vt 0.831887 0.586718
vt 0.850496 0.583881
vt 0.850496 0.583881
vt 0.836943 0.620346
vt 0.825141 0.604958
vt 0.850496 0.583881
vt 0.862299 0.599269
vt 0.836943 0.620346
vt 0.862299 0.599269
vt 0.855523 0.617534
vt 0.836943 0.620346
vt 0.88495 0.545342
vt 0.902349 0.54383
vt 0.913341 0.558161
vt 0.913341 0.558161
vt 0.907472 0.574707
vt 0.88495 0.545342
vt 0.907472 0.574707
vt 0.876838 0.563078
vt 0.88495 0.545342
vt 0.907472 0.574707
vt 0.888355 0.578078
vt 0.876838 0.563078
vt 0.546393 0.89018
vt 0.533358 0.877615
vt 0.538021 0.861132
vt 0.538021 0.861132
vt 0.556918 0.857786
vt 0.546393 0.89018
vt 0.556918 0.857786
vt 0.564353 0.887681
vt 0.546393 0.89018
vt 0.556918 0.857786
vt 0.570258 0.871606
vt 0.564353 0.887681
vt 0.104652 0.687505
vt 0.107492 0.667209
vt 0.12529 0.660311
vt 0.12529 0.660311
vt 0.139755 0.672892
vt 0.104652 0.687505
vt 0.139755 0.672892
vt 0.12001 0.700005
vt 0.104652 0.687505
vt 0.139755 0.672892
vt 0.137365 0.692235
vt 0.12001 0.700005
vt 0.850496 0.583881
vt 0.858358 0.565434
vt 0.876838 0.563078
vt 0.876838 0.563078
vt 0.862299 0.599269
vt 0.850496 0.583881
vt 0.876838 0.563078
vt 0.888355 0.578078
vt 0.862299 0.599269
vt 0.888355 0.578078
vt 0.881703 0.595887
vt 0.862299 0.599269
vt 0.348864 0.0301143
vt 0.344164 0.0448499
vt 0.326582 0.0484961
vt 0.651221 0.747472
vt 0.65457 0.780301
vt 0.639923 0.772396
vt 0.651221 0.747472
vt 0.667097 0.756007
vt 0.65457 0.780301
vt 0.667097 0.756007
vt 0.66791 0.77372
vt 0.65457 0.780301
vt 0.0826713 0.715718
vt 0.0856616 0.695204
vt 0.104652 0.687505
vt 0.104652 0.687505
vt 0.12001 0.700005
vt 0.0826713 0.715718
vt 0.12001 0.700005
vt 0.0986643 0.727791
vt 0.0826713 0.715718
vt 0.12001 0.700005
vt 0.11705 0.719757
vt 0.0986643 0.727791
vt 0.0692698 0.682012
vt 0.0724778 0.661234
vt 0.0917087 0.65411
vt 0.0917087 0.65411
vt 0.107492 0.667209
vt 0.0692698 0.682012
vt 0.107492 0.667209
vt 0.0856616 0.695204
vt 0.0692698 0.682012
vt 0.107492 0.667209
vt 0.104652 0.687505
vt 0.0856616 0.695204
vt 0.03357 0.676145
vt 0.0370959 0.655425
vt 0.0564633 0.648097
vt 0.0564633 0.648097
vt 0.0724778 0.661234
vt 0.03357 0.676145
vt 0.0724778 0.661234
vt 0.0497084 0.689604
vt 0.03357 0.676145
vt 0.0724778 0.661234
vt 0.0692698 0.682012
vt 0.0497084 0.689604
vt 0.000245093 0.670347
vt 0.00393761 0.650185
vt 0.0221013 0.64267
vt 0.0221013 0.64267
vt 0.0370959 0.655425
vt 0.000245093 0.670347
vt 0.0370959 0.655425
vt 0.0148659 0.683575
vt 0.000245093 0.670347
vt 0.0370959 0.655425
vt 0.03357 0.676145
vt 0.0148659 0.683575
vt 0.56799 0.0117385
vt 0.581602 0.000245035
vt 0.599847 0.0057255
vt 0.599847 0.0057255
vt 0.604982 0.0235049
vt 0.56799 0.0117385
vt 0.604982 0.0235049
vt 0.572179 0.0295811
vt 0.56799 0.0117385
vt 0.469137 0.484906
vt 0.450823 0.494095
vt 0.434478 0.484906
vt 0.0609334 0.742866
vt 0.0634224 0.723366
vt 0.0826713 0.715718
vt 0.0826713 0.715718
vt 0.0771615 0.754273
vt 0.0609334 0.742866
vt 0.0826713 0.715718
vt 0.0986643 0.727791
vt 0.0771615 0.754273
vt 0.0986643 0.727791
vt 0.0956709 0.74684
vt 0.0771615 0.754273
vt 0.38822 0.368009
vt 0.380315 0.35334
vt 0.386891 0.34001
vt 0.386891 0.34001
vt 0.403454 0.370766
vt 0.38822 0.368009
vt 0.173783 0.169129
vt 0.166091 0.152906
vt 0.19429 0.143213
vt 0.166091 0.152906
vt 0.176651 0.139536
vt 0.19429 0.143213
vt 0.0468363 0.71042
vt 0.0497084 0.689604
vt 0.0692698 0.682012
vt 0.0692698 0.682012
vt 0.0856616 0.695204
vt 0.0468363 0.71042
vt 0.0856616 0.695204
vt 0.0634224 0.723366
vt 0.0468363 0.71042
vt 0.0856616 0.695204
vt 0.0826713 0.715718
vt 0.0634224 0.723366
vt 0.0564633 0.648097
vt 0.0601422 0.628399
vt 0.079134 0.621926
vt 0.079134 0.621926
vt 0.0946386 0.634543
vt 0.0564633 0.648097
vt 0.0946386 0.634543
vt 0.0724778 0.661234
vt 0.0564633 0.648097
vt 0.0946386 0.634543
vt 0.0917087 0.65411
vt 0.0724778 0.661234
vt 0.137365 0.692235
vt 0.139755 0.672892
vt 0.15544 0.666117
vt 0.15544 0.666117
vt 0.169712 0.676328
vt 0.137365 0.692235
vt 0.169712 0.676328
vt 0.152312 0.702954
vt 0.137365 0.692235
vt 0.169712 0.676328
vt 0.169016 0.693852
vt 0.152312 0.702954
vt 0.58907 0.130414
vt 0.570854 0.122645
vt 0.567996 0.102451
vt 0.567996 0.102451
vt 0.583554 0.0894796
vt 0.58907 0.130414
vt 0.583554 0.0894796
vt 0.604982 0.117939
vt 0.58907 0.130414
vt 0.583554 0.0894796
vt 0.602346 0.0971814
vt 0.604982 0.117939
vt 0.54359 0.162603
vt 0.527422 0.154666
vt 0.524389 0.137154
vt 0.524389 0.137154
vt 0.538167 0.126416
vt 0.54359 0.162603
vt 0.538167 0.126416
vt 0.558111 0.152881
vt 0.54359 0.162603
vt 0.538167 0.126416
vt 0.555564 0.134292
vt 0.558111 0.152881
vt 0.580096 0.0688182
vt 0.561312 0.0618506
vt 0.557671 0.0423821
vt 0.557671 0.0423821
vt 0.572179 0.0295811
vt 0.580096 0.0688182
vt 0.572179 0.0295811
vt 0.595222 0.0556098
vt 0.580096 0.0688182
vt 0.572179 0.0295811
vt 0.590939 0.0358127
vt 0.595222 0.0556098
vt 0.567996 0.102451
vt 0.549693 0.0948919
vt 0.546446 0.0749865
vt 0.546446 0.0749865
vt 0.561312 0.0618506
vt 0.567996 0.102451
vt 0.561312 0.0618506
vt 0.583554 0.0894796
vt 0.567996 0.102451
vt 0.561312 0.0618506
vt 0.580096 0.0688182
vt 0.583554 0.0894796
vt 0.555564 0.134292
vt 0.538167 0.126416
vt 0.535107 0.107259
vt 0.535107 0.107259
vt 0.549693 0.0948919
vt 0.555564 0.134292
vt 0.549693 0.0948919
vt 0.570854 0.122645
vt 0.555564 0.134292
vt 0.549693 0.0948919
vt 0.567996 0.102451
vt 0.570854 0.122645
vt 0.308061 0.259594
vt 0.289368 0.259358
vt 0.278862 0.243188
vt 0.278862 0.243188
vt 0.31533 0.244093
vt 0.308061 0.259594
vt 0.278862 0.243188
vt 0.287261 0.228315
vt 0.31533 0.244093
vt 0.287261 0.228315
vt 0.304974 0.229129
vt 0.31533 0.244093
vt 0.628158 0.0193831
vt 0.640844 0.0318077
vt 0.63665 0.0503849
vt 0.63665 0.0503849
vt 0.610248 0.0255274
vt 0.628158 0.0193831
vt 0.63665 0.0503849
vt 0.619118 0.0573825
vt 0.610248 0.0255274
vt 0.619118 0.0573825
vt 0.605472 0.0449651
vt 0.610248 0.0255274
vt 0.0956709 0.74684
vt 0.0986643 0.727791
vt 0.11705 0.719757
vt 0.11705 0.719757
vt 0.132372 0.730757
vt 0.0956709 0.74684
vt 0.132372 0.730757
vt 0.110996 0.757817
vt 0.0956709 0.74684
vt 0.132372 0.730757
vt 0.129382 0.749783
vt 0.110996 0.757817
vt 0.474781 0.543394
vt 0.461705 0.555951
vt 0.444799 0.553417
vt 0.444799 0.553417
vt 0.440053 0.537277
vt 0.474781 0.543394
vt 0.440053 0.537277
vt 0.471231 0.526857
vt 0.474781 0.543394
vt 0.440053 0.537277
vt 0.453406 0.523491
vt 0.471231 0.526857
vt 0.1075 0.775982
vt 0.0896542 0.7823
vt 0.074695 0.771596
vt 0.074695 0.771596
vt 0.110996 0.757817
vt 0.1075 0.775982
vt 0.074695 0.771596
vt 0.0771615 0.754273
vt 0.110996 0.757817
vt 0.0771615 0.754273
vt 0.0956709 0.74684
vt 0.110996 0.757817
vt 0.498986 0.183437
vt 0.489124 0.170333
vt 0.498821 0.157948
vt 0.498821 0.157948
vt 0.514811 0.179166
vt 0.498986 0.183437
vt 0.498821 0.157948
vt 0.514687 0.163404
vt 0.514811 0.179166
vt 0.310571 0.327738
vt 0.291064 0.328877
vt 0.280927 0.311503
vt 0.280927 0.311503
vt 0.319764 0.309905
vt 0.310571 0.327738
vt 0.280927 0.311503
vt 0.290768 0.293539
vt 0.319764 0.309905
vt 0.290768 0.293539
vt 0.310072 0.293122
vt 0.319764 0.309905
vt 0.280927 0.311503
vt 0.260051 0.311835
vt 0.249558 0.29387
vt 0.249558 0.29387
vt 0.290768 0.293539
vt 0.280927 0.311503
vt 0.249558 0.29387
vt 0.259927 0.276184
vt 0.290768 0.293539
vt 0.259927 0.276184
vt 0.28027 0.276172
vt 0.290768 0.293539
vt 0.249326 0.32984
vt 0.228087 0.329583
vt 0.21787 0.311465
vt 0.21787 0.311465
vt 0.260051 0.311835
vt 0.249326 0.32984
vt 0.21787 0.311465
vt 0.228587 0.293746
vt 0.260051 0.311835
vt 0.228587 0.293746
vt 0.249558 0.29387
vt 0.260051 0.311835
vt 0.228087 0.329583
vt 0.217554 0.346704
vt 0.197287 0.345446
vt 0.197287 0.345446
vt 0.187559 0.327651
vt 0.228087 0.329583
vt 0.187559 0.327651
vt 0.197597 0.3108
vt 0.228087 0.329583
vt 0.197597 0.3108
vt 0.21787 0.311465
vt 0.228087 0.329583
vt 0.335143 0.529444
vt 0.320399 0.542727
vt 0.303597 0.536274
vt 0.303597 0.536274
vt 0.301136 0.517391
vt 0.335143 0.529444
vt 0.301136 0.517391
vt 0.332201 0.509653
vt 0.335143 0.529444
vt 0.301136 0.517391
vt 0.314944 0.504064
vt 0.332201 0.509653
vt 0.558353 0.187825
vt 0.543694 0.179651
vt 0.54359 0.162603
vt 0.54359 0.162603
vt 0.5754 0.178407
vt 0.558353 0.187825
vt 0.54359 0.162603
vt 0.558111 0.152881
vt 0.5754 0.178407
vt 0.558111 0.152881
vt 0.575271 0.160553
vt 0.5754 0.178407
vt 0.881462 0.420868
vt 0.894838 0.435658
vt 0.888485 0.454524
vt 0.888485 0.454524
vt 0.8621 0.424235
vt 0.881462 0.420868
vt 0.888485 0.454524
vt 0.868361 0.457934
vt 0.8621 0.424235
vt 0.868361 0.457934
vt 0.85537 0.442489
vt 0.8621 0.424235
vt 0.52764 0.187717
vt 0.514811 0.179166
vt 0.514687 0.163404
vt 0.514687 0.163404
vt 0.543694 0.179651
vt 0.52764 0.187717
vt 0.514687 0.163404
vt 0.527422 0.154666
vt 0.543694 0.179651
vt 0.527422 0.154666
vt 0.54359 0.162603
vt 0.543694 0.179651
vt 0.28061 0.346738
vt 0.259732 0.347377
vt 0.249326 0.32984
vt 0.249326 0.32984
vt 0.291064 0.328877
vt 0.28061 0.346738
vt 0.249326 0.32984
vt 0.260051 0.311835
vt 0.291064 0.328877
vt 0.260051 0.311835
vt 0.280927 0.311503
vt 0.291064 0.328877
vt 0.335844 0.274227
vt 0.318288 0.275945
vt 0.308061 0.259594
vt 0.308061 0.259594
vt 0.342422 0.256261
vt 0.335844 0.274227
vt 0.308061 0.259594
vt 0.31533 0.244093
vt 0.342422 0.256261
vt 0.31533 0.244093
vt 0.332083 0.242474
vt 0.342422 0.256261
vt 0.248925 0.364344
vt 0.227957 0.363936
vt 0.217554 0.346704
vt 0.217554 0.346704
vt 0.259732 0.347377
vt 0.248925 0.364344
vt 0.217554 0.346704
vt 0.228087 0.329583
vt 0.259732 0.347377
vt 0.228087 0.329583
vt 0.249326 0.32984
vt 0.259732 0.347377
vt 0.914892 0.431799
vt 0.929022 0.446372
vt 0.923238 0.465404
vt 0.923238 0.465404
vt 0.894838 0.435658
vt 0.914892 0.431799
vt 0.923238 0.465404
vt 0.902758 0.46969
vt 0.894838 0.435658
vt 0.902758 0.46969
vt 0.888485 0.454524
vt 0.894838 0.435658
vt 0.931078 0.380271
vt 0.944196 0.392927
vt 0.939565 0.409856
vt 0.939565 0.409856
vt 0.9131 0.383182
vt 0.931078 0.380271
vt 0.939565 0.409856
vt 0.92066 0.413574
vt 0.9131 0.383182
vt 0.92066 0.413574
vt 0.907238 0.39973
vt 0.9131 0.383182
vt 0.21787 0.311465
vt 0.197597 0.3108
vt 0.188524 0.293039
vt 0.188524 0.293039
vt 0.228587 0.293746
vt 0.21787 0.311465
vt 0.188524 0.293039
vt 0.198923 0.276014
vt 0.228587 0.293746
vt 0.198923 0.276014
vt 0.218775 0.276114
vt 0.228587 0.293746
vt 0.337769 0.308173
vt 0.319764 0.309905
vt 0.310072 0.293122
vt 0.310072 0.293122
vt 0.34568 0.289658
vt 0.337769 0.308173
vt 0.310072 0.293122
vt 0.318288 0.275945
vt 0.34568 0.289658
vt 0.318288 0.275945
vt 0.335844 0.274227
vt 0.34568 0.289658
vt 0.227957 0.363936
vt 0.21785 0.379229
vt 0.198012 0.377528
vt 0.198012 0.377528
vt 0.187898 0.360942
vt 0.227957 0.363936
vt 0.187898 0.360942
vt 0.217554 0.346704
vt 0.227957 0.363936
vt 0.187898 0.360942
vt 0.197287 0.345446
vt 0.217554 0.346704
vt 0.948436 0.441847
vt 0.962188 0.455602
vt 0.957048 0.474349
vt 0.957048 0.474349
vt 0.929022 0.446372
vt 0.948436 0.441847
vt 0.957048 0.474349
vt 0.937574 0.479609
vt 0.929022 0.446372
vt 0.937574 0.479609
vt 0.923238 0.465404
vt 0.929022 0.446372
vt 0.939565 0.409856
vt 0.95325 0.423491
vt 0.948436 0.441847
vt 0.948436 0.441847
vt 0.92066 0.413574
vt 0.939565 0.409856
vt 0.948436 0.441847
vt 0.929022 0.446372
vt 0.92066 0.413574
vt 0.929022 0.446372
vt 0.914892 0.431799
vt 0.92066 0.413574
vt 0.989685 0.316924
vt 0.992944 0.335138
vt 0.979319 0.343751
vt 0.979319 0.343751
vt 0.963375 0.335077
vt 0.989685 0.316924
vt 0.539585 0.837013
vt 0.565697 0.821618
vt 0.574413 0.837107
vt 0.539585 0.837013
vt 0.548168 0.822155
vt 0.565697 0.821618
vt 0.197597 0.3108
vt 0.187559 0.327651
vt 0.169122 0.326134
vt 0.169122 0.326134
vt 0.160844 0.308714
vt 0.197597 0.3108
vt 0.160844 0.308714
vt 0.188524 0.293039
vt 0.197597 0.3108
vt 0.160844 0.308714
vt 0.17015 0.292486
vt 0.188524 0.293039
vt 0.314944 0.504064
vt 0.301136 0.517391
vt 0.285049 0.5115
vt 0.285049 0.5115
vt 0.282532 0.493538
vt 0.314944 0.504064
vt 0.282532 0.493538
vt 0.311596 0.48515
vt 0.314944 0.504064
vt 0.282532 0.493538
vt 0.29511 0.480494
vt 0.311596 0.48515
vt 0.603354 0.818902
vt 0.593326 0.836206
vt 0.574413 0.837107
vt 0.574413 0.837107
vt 0.565697 0.821618
vt 0.603354 0.818902
vt 0.565697 0.821618
vt 0.593732 0.80316
vt 0.603354 0.818902
vt 0.565697 0.821618
vt 0.574943 0.804967
vt 0.593732 0.80316
vt 0.876629 0.388055
vt 0.888097 0.403072
vt 0.881462 0.420868
vt 0.881462 0.420868
vt 0.858177 0.390397
vt 0.876629 0.388055
vt 0.881462 0.420868
vt 0.8621 0.424235
vt 0.858177 0.390397
vt 0.8621 0.424235
vt 0.850324 0.408833
vt 0.858177 0.390397
vt 0.951107 0.343786
vt 0.95148 0.360202
vt 0.935716 0.365342
vt 0.935716 0.365342
vt 0.925575 0.352095
vt 0.951107 0.343786
vt 0.925575 0.352095
vt 0.9351 0.338777
vt 0.951107 0.343786
vt 0.935953 0.954905
vt 0.956659 0.95506
vt 0.966041 0.972348
vt 0.966041 0.972348
vt 0.955041 0.988835
vt 0.935953 0.954905
vt 0.955041 0.988835
vt 0.925401 0.971947
vt 0.935953 0.954905
vt 0.955041 0.988835
vt 0.93509 0.988612
vt 0.925401 0.971947
vt 0.967426 0.93699
vt 0.98754 0.93683
vt 0.996412 0.954424
vt 0.996412 0.954424
vt 0.985676 0.971905
vt 0.967426 0.93699
vt 0.985676 0.971905
vt 0.956659 0.95506
vt 0.967426 0.93699
vt 0.985676 0.971905
vt 0.966041 0.972348
vt 0.956659 0.95506
vt 0.967408 0.900247
vt 0.987538 0.900396
vt 0.997467 0.918603
vt 0.997467 0.918603
vt 0.98754 0.93683
vt 0.967408 0.900247
vt 0.98754 0.93683
vt 0.957238 0.918624
vt 0.967408 0.900247
vt 0.98754 0.93683
vt 0.967426 0.93699
vt 0.957238 0.918624
vt 0.965987 0.864891
vt 0.985623 0.865333
vt 0.996376 0.882783
vt 0.996376 0.882783
vt 0.987538 0.900396
vt 0.965987 0.864891
vt 0.987538 0.900396
vt 0.956629 0.882198
vt 0.965987 0.864891
vt 0.987538 0.900396
vt 0.967408 0.900247
vt 0.956629 0.882198
vt 0.286468 0.747565
vt 0.304965 0.752101
vt 0.310401 0.769023
vt 0.310401 0.769023
vt 0.296878 0.7823
vt 0.286468 0.747565
vt 0.296878 0.7823
vt 0.272362 0.760125
vt 0.286468 0.747565
vt 0.296878 0.7823
vt 0.277375 0.777876
vt 0.272362 0.760125
vt 0.905253 0.936558
vt 0.925759 0.936854
vt 0.935953 0.954905
vt 0.935953 0.954905
vt 0.895464 0.953758
vt 0.905253 0.936558
vt 0.935953 0.954905
vt 0.925401 0.971947
vt 0.895464 0.953758
vt 0.925401 0.971947
vt 0.905365 0.971111
vt 0.895464 0.953758
vt 0.638815 0.579533
vt 0.657075 0.578776
vt 0.667163 0.595003
vt 0.667163 0.595003
vt 0.65979 0.611524
vt 0.638815 0.579533
vt 0.65979 0.611524
vt 0.631382 0.597045
vt 0.638815 0.579533
vt 0.65979 0.611524
vt 0.642287 0.612851
vt 0.631382 0.597045
vt 0.935716 0.365342
vt 0.931078 0.380271
vt 0.9131 0.383182
vt 0.9131 0.383182
vt 0.925575 0.352095
vt 0.935716 0.365342
vt 0.9131 0.383182
vt 0.902134 0.368838
vt 0.925575 0.352095
vt 0.902134 0.368838
vt 0.909836 0.352487
vt 0.925575 0.352095
vt 0.93625 0.918635
vt 0.957238 0.918624
vt 0.967426 0.93699
vt 0.967426 0.93699
vt 0.925759 0.936854
vt 0.93625 0.918635
vt 0.967426 0.93699
vt 0.956659 0.95506
vt 0.925759 0.936854
vt 0.956659 0.95506
vt 0.935953 0.954905
vt 0.925759 0.936854
vt 0.876157 0.918665
vt 0.895267 0.918655
vt 0.905253 0.936558
vt 0.905253 0.936558
vt 0.867225 0.935627
vt 0.876157 0.918665
vt 0.905253 0.936558
vt 0.895464 0.953758
vt 0.867225 0.935627
vt 0.895464 0.953758
vt 0.876469 0.952805
vt 0.867225 0.935627
vt 0.637561 0.543702
vt 0.656079 0.543668
vt 0.665534 0.561168
vt 0.665534 0.561168
vt 0.657075 0.578776
vt 0.637561 0.543702
vt 0.657075 0.578776
vt 0.628698 0.561951
vt 0.637561 0.543702
vt 0.657075 0.578776
vt 0.638815 0.579533
vt 0.628698 0.561951
vt 0.574943 0.804967
vt 0.565697 0.821618
vt 0.548168 0.822155
vt 0.548168 0.822155
vt 0.538071 0.807801
vt 0.574943 0.804967
vt 0.538071 0.807801
vt 0.56435 0.789943
vt 0.574943 0.804967
vt 0.538071 0.807801
vt 0.544971 0.792171
vt 0.56435 0.789943
vt 0.935917 0.882364
vt 0.956629 0.882198
vt 0.967408 0.900247
vt 0.967408 0.900247
vt 0.925725 0.900436
vt 0.935917 0.882364
vt 0.967408 0.900247
vt 0.957238 0.918624
vt 0.925725 0.900436
vt 0.957238 0.918624
vt 0.93625 0.918635
vt 0.925725 0.900436
vt 0.905236 0.900743
vt 0.925725 0.900436
vt 0.93625 0.918635
vt 0.93625 0.918635
vt 0.895267 0.918655
vt 0.905236 0.900743
vt 0.93625 0.918635
vt 0.925759 0.936854
vt 0.895267 0.918655
vt 0.925759 0.936854
vt 0.905253 0.936558
vt 0.895267 0.918655
vt 0.850152 0.902379
vt 0.867224 0.901721
vt 0.876157 0.918665
vt 0.876157 0.918665
vt 0.842216 0.918682
vt 0.850152 0.902379
vt 0.876157 0.918665
vt 0.867225 0.935627
vt 0.842216 0.918682
vt 0.867225 0.935627
vt 0.850184 0.934988
vt 0.842216 0.918682
vt 0.638786 0.507892
vt 0.657047 0.508562
vt 0.665504 0.526127
vt 0.665504 0.526127
vt 0.628698 0.525517
vt 0.638786 0.507892
vt 0.665504 0.526127
vt 0.656079 0.543668
vt 0.628698 0.525517
vt 0.656079 0.543668
vt 0.637561 0.543702
vt 0.628698 0.525517
vt 0.602892 0.785251
vt 0.593732 0.80316
vt 0.574943 0.804967
vt 0.574943 0.804967
vt 0.56435 0.789943
vt 0.602892 0.785251
vt 0.56435 0.789943
vt 0.592033 0.769849
vt 0.602892 0.785251
vt 0.56435 0.789943
vt 0.572235 0.772653
vt 0.592033 0.769849
vt 0.93502 0.848658
vt 0.954966 0.848424
vt 0.965987 0.864891
vt 0.965987 0.864891
vt 0.956629 0.882198
vt 0.93502 0.848658
vt 0.956629 0.882198
vt 0.925366 0.865361
vt 0.93502 0.848658
vt 0.956629 0.882198
vt 0.935917 0.882364
vt 0.925366 0.865361
vt 0.905313 0.86619
vt 0.925366 0.865361
vt 0.935917 0.882364
vt 0.935917 0.882364
vt 0.895424 0.883562
vt 0.905313 0.86619
vt 0.935917 0.882364
vt 0.925725 0.900436
vt 0.895424 0.883562
vt 0.925725 0.900436
vt 0.905236 0.900743
vt 0.895424 0.883562
vt 0.876435 0.884525
vt 0.895424 0.883562
vt 0.905236 0.900743
vt 0.905236 0.900743
vt 0.867224 0.901721
vt 0.876435 0.884525
vt 0.905236 0.900743
vt 0.895267 0.918655
vt 0.867224 0.901721
vt 0.895267 0.918655
vt 0.876157 0.918665
vt 0.867224 0.901721
vt 0.0344129 0.259298
vt 0.0450123 0.245323
vt 0.0628933 0.247894
vt 0.0628933 0.247894
vt 0.0714175 0.263861
vt 0.0344129 0.259298
vt 0.0714175 0.263861
vt 0.0428461 0.276457
vt 0.0344129 0.259298
vt 0.0714175 0.263861
vt 0.0618686 0.278574
vt 0.0428461 0.276457
vt 0.642232 0.474635
vt 0.659736 0.475876
vt 0.667122 0.492325
vt 0.667122 0.492325
vt 0.631337 0.490474
vt 0.642232 0.474635
vt 0.667122 0.492325
vt 0.657047 0.508562
vt 0.631337 0.490474
vt 0.657047 0.508562
vt 0.638786 0.507892
vt 0.631337 0.490474
vt 0.434478 0.484416
vt 0.452167 0.47497
vt 0.468971 0.484416
vt 0.93509 0.988612
vt 0.895056 0.9869
vt 0.905365 0.971111
vt 0.602892 0.785251
vt 0.592033 0.769849
vt 0.619267 0.748679
vt 0.592033 0.769849
vt 0.600207 0.751518
vt 0.619267 0.748679
vt 0.317251 0.739633
vt 0.333987 0.74342
vt 0.339653 0.759098
vt 0.339653 0.759098
vt 0.328254 0.772359
vt 0.317251 0.739633
vt 0.328254 0.772359
vt 0.304965 0.752101
vt 0.317251 0.739633
vt 0.434477 0.424952
vt 0.450934 0.416508
vt 0.468172 0.424952
vt 0.0321533 0.292274
vt 0.0428461 0.276457
vt 0.0618686 0.278574
vt 0.0618686 0.278574
vt 0.0709799 0.295846
vt 0.0321533 0.292274
vt 0.0709799 0.295846
vt 0.0414113 0.310565
vt 0.0321533 0.292274
vt 0.0709799 0.295846
vt 0.0611654 0.312081
vt 0.0414113 0.310565
vt 0.876469 0.952805
vt 0.895464 0.953758
vt 0.905365 0.971111
vt 0.905365 0.971111
vt 0.866402 0.968205
vt 0.876469 0.952805
vt 0.905365 0.971111
vt 0.895056 0.9869
vt 0.866402 0.968205
vt 0.895056 0.9869
vt 0.875037 0.984991
vt 0.866402 0.968205
vt 0.0720837 0.235219
vt 0.0668645 0.219787
vt 0.0804263 0.210258
vt 0.0804263 0.210258
vt 0.0940276 0.219808
vt 0.0720837 0.235219
vt 0.0940276 0.219808
vt 0.0888596 0.235234
vt 0.0720837 0.235219
vt 0.0308638 0.327408
vt 0.0414113 0.310565
vt 0.0611654 0.312081
vt 0.0611654 0.312081
vt 0.0706958 0.329708
vt 0.0308638 0.327408
vt 0.0706958 0.329708
vt 0.0408386 0.345636
vt 0.0308638 0.327408
vt 0.0706958 0.329708
vt 0.0608572 0.346447
vt 0.0408386 0.345636
vt 0.00137283 0.306703
vt 0.0124065 0.290208
vt 0.0321533 0.292274
vt 0.0321533 0.292274
vt 0.0414113 0.310565
vt 0.00137283 0.306703
vt 0.0414113 0.310565
vt 0.010576 0.325606
vt 0.00137283 0.306703
vt 0.0414113 0.310565
vt 0.0308638 0.327408
vt 0.010576 0.325606
vt 0.339921 0.130772
vt 0.355342 0.144929
vt 0.351574 0.164646
vt 0.351574 0.164646
vt 0.332167 0.170393
vt 0.339921 0.130772
vt 0.332167 0.170393
vt 0.320394 0.136218
vt 0.339921 0.130772
vt 0.332167 0.170393
vt 0.316432 0.156146
vt 0.320394 0.136218
vt 0.344193 0.110969
vt 0.339921 0.130772
vt 0.320394 0.136218
vt 0.320394 0.136218
vt 0.32956 0.0967933
vt 0.344193 0.110969
vt 0.320394 0.136218
vt 0.310457 0.10183
vt 0.32956 0.0967933
vt 0.320394 0.136218
vt 0.305601 0.121457
vt 0.310457 0.10183
vt 0.468433 0.464738
vt 0.45188 0.47448
vt 0.434478 0.464738
vt 0.310457 0.10183
vt 0.321079 0.065114
vt 0.334441 0.078217
vt 0.646775 0.691934
vt 0.664178 0.700199
vt 0.649428 0.730082
vt 0.664178 0.700199
vt 0.665049 0.719285
vt 0.649428 0.730082
vt 0.850184 0.934988
vt 0.867225 0.935627
vt 0.876469 0.952805
vt 0.876469 0.952805
vt 0.840574 0.949673
vt 0.850184 0.934988
vt 0.876469 0.952805
vt 0.866402 0.968205
vt 0.840574 0.949673
vt 0.866402 0.968205
vt 0.847531 0.965753
vt 0.840574 0.949673
vt 0.0307757 0.362241
vt 0.0408386 0.345636
vt 0.0608572 0.346447
vt 0.0608572 0.346447
vt 0.0706112 0.36321
vt 0.0307757 0.362241
vt 0.0706112 0.36321
vt 0.0412374 0.379078
vt 0.0307757 0.362241
vt 0.0706112 0.36321
vt 0.0609956 0.379229
vt 0.0412374 0.379078
vt 0.00429994 0.272156
vt 0.0156727 0.257017
vt 0.0344129 0.259298
vt 0.0344129 0.259298
vt 0.0428461 0.276457
vt 0.00429994 0.272156
vt 0.0428461 0.276457
vt 0.0124065 0.290208
vt 0.00429994 0.272156
vt 0.0428461 0.276457
vt 0.0321533 0.292274
vt 0.0124065 0.290208
vt 0.827382 0.91869
vt 0.842216 0.918682
vt 0.850184 0.934988
vt 0.850184 0.934988
vt 0.818499 0.932279
vt 0.827382 0.91869
vt 0.850184 0.934988
vt 0.840574 0.949673
vt 0.818499 0.932279
vt 0.111368 0.198636
vt 0.108903 0.215535
vt 0.0940276 0.219808
vt 0.000245136 0.342326
vt 0.010576 0.325606
vt 0.0308638 0.327408
vt 0.0308638 0.327408
vt 0.0408386 0.345636
vt 0.000245136 0.342326
vt 0.0408386 0.345636
vt 0.0104927 0.360735
vt 0.000245136 0.342326
vt 0.0408386 0.345636
vt 0.0307757 0.362241
vt 0.0104927 0.360735
vt 0.470678 0.966978
vt 0.452941 0.957717
vt 0.450868 0.93798
vt 0.450868 0.93798
vt 0.465986 0.928186
vt 0.470678 0.966978
vt 0.465986 0.928186
vt 0.485365 0.956306
vt 0.470678 0.966978
vt 0.465986 0.928186
vt 0.482688 0.937301
vt 0.485365 0.956306
vt 0.374426 0.138912
vt 0.389289 0.152016
vt 0.385752 0.171004
vt 0.385752 0.171004
vt 0.367156 0.177612
vt 0.374426 0.138912
vt 0.367156 0.177612
vt 0.355342 0.144929
vt 0.374426 0.138912
vt 0.367156 0.177612
vt 0.351574 0.164646
vt 0.355342 0.144929
vt 0.0618686 0.278574
vt 0.0714175 0.263861
vt 0.0895694 0.263856
vt 0.0895694 0.263856
vt 0.0991118 0.278594
vt 0.0618686 0.278574
vt 0.0991118 0.278594
vt 0.0709799 0.295846
vt 0.0618686 0.278574
vt 0.0991118 0.278594
vt 0.0900094 0.295831
vt 0.0709799 0.295846
vt 0.646102 0.671683
vt 0.628698 0.663116
vt 0.628779 0.642732
vt 0.628779 0.642732
vt 0.646437 0.631147
vt 0.646102 0.671683
vt 0.646437 0.631147
vt 0.663463 0.660124
vt 0.646102 0.671683
vt 0.646437 0.631147
vt 0.663697 0.639995
vt 0.663463 0.660124
vt 0.459392 0.997693
vt 0.441088 0.988465
vt 0.437978 0.968222
vt 0.437978 0.968222
vt 0.452941 0.957717
vt 0.459392 0.997693
vt 0.452941 0.957717
vt 0.474012 0.986691
vt 0.459392 0.997693
vt 0.452941 0.957717
vt 0.470678 0.966978
vt 0.474012 0.986691
vt 0.502613 0.964724
vt 0.485365 0.956306
vt 0.482688 0.937301
vt 0.482688 0.937301
vt 0.496931 0.927755
vt 0.502613 0.964724
vt 0.496931 0.927755
vt 0.516094 0.954126
vt 0.502613 0.964724
vt 0.496931 0.927755
vt 0.512921 0.936284
vt 0.516094 0.954126
vt 0.378075 0.119428
vt 0.374426 0.138912
vt 0.355342 0.144929
vt 0.355342 0.144929
vt 0.363252 0.105708
vt 0.378075 0.119428
vt 0.355342 0.144929
vt 0.339921 0.130772
vt 0.363252 0.105708
vt 0.339921 0.130772
vt 0.344193 0.110969
vt 0.363252 0.105708
vt 0.0611654 0.312081
vt 0.0709799 0.295846
vt 0.0900094 0.295831
vt 0.0900094 0.295831
vt 0.0997641 0.312081
vt 0.0611654 0.312081
vt 0.0997641 0.312081
vt 0.0706958 0.329708
vt 0.0611654 0.312081
vt 0.0997641 0.312081
vt 0.0901874 0.329703
vt 0.0706958 0.329708
vt 0.664178 0.700199
vt 0.646775 0.691934
vt 0.646102 0.671683
vt 0.646102 0.671683
vt 0.663463 0.660124
vt 0.664178 0.700199
vt 0.663463 0.660124
vt 0.680845 0.688979
vt 0.664178 0.700199
vt 0.663463 0.660124
vt 0.680756 0.669144
vt 0.680845 0.688979
vt 0.680756 0.669144
vt 0.663463 0.660124
vt 0.663697 0.639995
vt 0.663697 0.639995
vt 0.681381 0.629611
vt 0.680756 0.669144
vt 0.681381 0.629611
vt 0.697778 0.658508
vt 0.680756 0.669144
vt 0.681381 0.629611
vt 0.698094 0.639116
vt 0.697778 0.658508
vt 0.492136 0.994777
vt 0.474012 0.986691
vt 0.470678 0.966978
vt 0.470678 0.966978
vt 0.485365 0.956306
vt 0.492136 0.994777
vt 0.485365 0.956306
vt 0.506103 0.983427
vt 0.492136 0.994777
vt 0.485365 0.956306
vt 0.502613 0.964724
vt 0.506103 0.983427
vt 0.575021 0.934979
vt 0.567099 0.91868
vt 0.575022 0.90238
vt 0.575022 0.90238
vt 0.592156 0.935628
vt 0.575021 0.934979
vt 0.575022 0.90238
vt 0.592156 0.901731
vt 0.592156 0.935628
vt 0.592156 0.901731
vt 0.601162 0.91868
vt 0.592156 0.935628
vt 0.0608572 0.346447
vt 0.0706958 0.329708
vt 0.0901874 0.329703
vt 0.0901874 0.329703
vt 0.0999413 0.346447
vt 0.0608572 0.346447
vt 0.0999413 0.346447
vt 0.0706112 0.36321
vt 0.0608572 0.346447
vt 0.0999413 0.346447
vt 0.0901026 0.363206
vt 0.0706112 0.36321
vt 0.357289 0.0568139
vt 0.353001 0.0737562
vt 0.334441 0.078217
vt 0.334441 0.078217
vt 0.344164 0.0448499
vt 0.357289 0.0568139
vt 0.334441 0.078217
vt 0.321079 0.065114
vt 0.344164 0.0448499
vt 0.321079 0.065114
vt 0.326582 0.0484961
vt 0.344164 0.0448499
vt 0.601162 0.91868
vt 0.592156 0.901731
vt 0.60031 0.884539
vt 0.60031 0.884539
vt 0.619317 0.918679
vt 0.601162 0.91868
vt 0.60031 0.884539
vt 0.618292 0.883567
vt 0.619317 0.918679
vt 0.618292 0.883567
vt 0.628208 0.900772
vt 0.619317 0.918679
vt 0.450868 0.93798
vt 0.434487 0.928426
vt 0.434478 0.908934
vt 0.434478 0.908934
vt 0.450857 0.89938
vt 0.450868 0.93798
vt 0.450857 0.89938
vt 0.465986 0.928186
vt 0.450868 0.93798
vt 0.450857 0.89938
vt 0.465975 0.909173
vt 0.465986 0.928186
vt 0.541562 0.932259
vt 0.525588 0.927068
vt 0.525596 0.91029
vt 0.525596 0.91029
vt 0.541547 0.905095
vt 0.541562 0.932259
vt 0.541547 0.905095
vt 0.551418 0.91868
vt 0.541562 0.932259
vt 0.668689 0.335869
vt 0.658053 0.353925
vt 0.63831 0.354257
vt 0.63831 0.354257
vt 0.629652 0.337075
vt 0.668689 0.335869
vt 0.629652 0.337075
vt 0.659327 0.318866
vt 0.668689 0.335869
vt 0.629652 0.337075
vt 0.639974 0.319727
vt 0.659327 0.318866
vt 0.638311 0.390072
vt 0.628698 0.372177
vt 0.63831 0.354257
vt 0.63831 0.354257
vt 0.658037 0.390344
vt 0.638311 0.390072
vt 0.63831 0.354257
vt 0.658053 0.353925
vt 0.658037 0.390344
vt 0.658053 0.353925
vt 0.668155 0.372127
vt 0.658037 0.390344
vt 0.69986 0.390475
vt 0.689468 0.408553
vt 0.66869 0.40841
vt 0.66869 0.40841
vt 0.658037 0.390344
vt 0.69986 0.390475
vt 0.658037 0.390344
vt 0.689184 0.372104
vt 0.69986 0.390475
vt 0.658037 0.390344
vt 0.668155 0.372127
vt 0.689184 0.372104
vt 0.730985 0.407947
vt 0.720593 0.425414
vt 0.700097 0.425867
vt 0.700097 0.425867
vt 0.720884 0.390326
vt 0.730985 0.407947
vt 0.700097 0.425867
vt 0.689468 0.408553
vt 0.720884 0.390326
vt 0.689468 0.408553
vt 0.69986 0.390475
vt 0.720884 0.390326
vt 0.759522 0.423489
vt 0.749349 0.439986
vt 0.73024 0.441269
vt 0.73024 0.441269
vt 0.720593 0.425414
vt 0.759522 0.423489
vt 0.720593 0.425414
vt 0.750745 0.407235
vt 0.759522 0.423489
vt 0.720593 0.425414
vt 0.730985 0.407947
vt 0.750745 0.407235
vt 0.482688 0.937301
vt 0.465986 0.928186
vt 0.465975 0.909173
vt 0.465975 0.909173
vt 0.482695 0.900058
vt 0.482688 0.937301
vt 0.482695 0.900058
vt 0.496931 0.927755
vt 0.482688 0.937301
vt 0.482695 0.900058
vt 0.496912 0.909586
vt 0.496931 0.927755
vt 0.700095 0.318411
vt 0.689466 0.3357
vt 0.668689 0.335869
vt 0.668689 0.335869
vt 0.690196 0.301943
vt 0.700095 0.318411
vt 0.668689 0.335869
vt 0.659327 0.318866
vt 0.690196 0.301943
vt 0.659327 0.318866
vt 0.670204 0.302188
vt 0.690196 0.301943
vt 0.60031 0.952819
vt 0.592156 0.935628
vt 0.601162 0.91868
vt 0.601162 0.91868
vt 0.618298 0.953783
vt 0.60031 0.952819
vt 0.601162 0.91868
vt 0.619317 0.918679
vt 0.618298 0.953783
vt 0.619317 0.918679
vt 0.628208 0.936587
vt 0.618298 0.953783
vt 0.512921 0.936284
vt 0.496931 0.927755
vt 0.496912 0.909586
vt 0.496912 0.909586
vt 0.512909 0.901073
vt 0.512921 0.936284
vt 0.512909 0.901073
vt 0.525588 0.927068
vt 0.512921 0.936284
vt 0.512909 0.901073
vt 0.525596 0.91029
vt 0.525588 0.927068
vt 0.699842 0.353742
vt 0.689184 0.372104
vt 0.668155 0.372127
vt 0.668155 0.372127
vt 0.658053 0.353925
vt 0.699842 0.353742
vt 0.658053 0.353925
vt 0.689466 0.3357
vt 0.699842 0.353742
vt 0.658053 0.353925
vt 0.668689 0.335869
vt 0.689466 0.3357
vt 0.730238 0.303052
vt 0.720608 0.318853
vt 0.700095 0.318411
vt 0.700095 0.318411
vt 0.720112 0.2874
vt 0.730238 0.303052
vt 0.700095 0.318411
vt 0.690196 0.301943
vt 0.720112 0.2874
vt 0.690196 0.301943
vt 0.700616 0.286704
vt 0.720112 0.2874
vt 0.639977 0.424648
vt 0.629659 0.407291
vt 0.638311 0.390072
vt 0.638311 0.390072
vt 0.659313 0.425451
vt 0.639977 0.424648
vt 0.638311 0.390072
vt 0.658037 0.390344
vt 0.659313 0.425451
vt 0.658037 0.390344
vt 0.66869 0.40841
vt 0.659313 0.425451
vt 0.575022 0.90238
vt 0.564353 0.887681
vt 0.570258 0.871606
vt 0.570258 0.871606
vt 0.589143 0.869152
vt 0.575022 0.90238
vt 0.589143 0.869152
vt 0.592156 0.901731
vt 0.575022 0.90238
vt 0.589143 0.869152
vt 0.60031 0.884539
vt 0.592156 0.901731
vt 0.731251 0.372114
vt 0.720884 0.390326
vt 0.69986 0.390475
vt 0.69986 0.390475
vt 0.720883 0.353902
vt 0.731251 0.372114
vt 0.69986 0.390475
vt 0.689184 0.372104
vt 0.720883 0.353902
vt 0.689184 0.372104
vt 0.699842 0.353742
vt 0.720883 0.353902
vt 0.730983 0.336305
vt 0.720883 0.353902
vt 0.699842 0.353742
vt 0.699842 0.353742
vt 0.720608 0.318853
vt 0.730983 0.336305
vt 0.699842 0.353742
vt 0.689466 0.3357
vt 0.720608 0.318853
vt 0.689466 0.3357
vt 0.700095 0.318411
vt 0.720608 0.318853
vt 0.979858 0.536478
vt 0.993897 0.546546
vt 0.991543 0.565535
vt 0.991543 0.565535
vt 0.964339 0.544474
vt 0.979858 0.536478
vt 0.991543 0.565535
vt 0.97476 0.57344
vt 0.964339 0.544474
vt 0.97476 0.57344
vt 0.961454 0.562341
vt 0.964339 0.544474
vt 0.67019 0.442151
vt 0.659313 0.425451
vt 0.66869 0.40841
vt 0.66869 0.40841
vt 0.690198 0.442363
vt 0.67019 0.442151
vt 0.66869 0.40841
vt 0.689468 0.408553
vt 0.690198 0.442363
vt 0.689468 0.408553
vt 0.700097 0.425867
vt 0.690198 0.442363
vt 0.60031 0.884539
vt 0.589143 0.869152
vt 0.595602 0.852354
vt 0.595602 0.852354
vt 0.614484 0.850444
vt 0.60031 0.884539
vt 0.614484 0.850444
vt 0.618292 0.883567
vt 0.60031 0.884539
vt 0.614484 0.850444
vt 0.625934 0.866219
vt 0.618292 0.883567
vt 0.760676 0.389653
vt 0.750745 0.407235
vt 0.730985 0.407947
vt 0.730985 0.407947
vt 0.720884 0.390326
vt 0.760676 0.389653
vt 0.720884 0.390326
vt 0.75126 0.372126
vt 0.760676 0.389653
vt 0.720884 0.390326
vt 0.731251 0.372114
vt 0.75126 0.372126
vt 0.760675 0.354621
vt 0.75126 0.372126
vt 0.731251 0.372114
vt 0.731251 0.372114
vt 0.75076 0.337031
vt 0.760675 0.354621
vt 0.731251 0.372114
vt 0.720883 0.353902
vt 0.75076 0.337031
vt 0.720883 0.353902
vt 0.730983 0.336305
vt 0.75076 0.337031
vt 0.759503 0.320801
vt 0.75076 0.337031
vt 0.730983 0.336305
vt 0.730983 0.336305
vt 0.749346 0.304336
vt 0.759503 0.320801
vt 0.730983 0.336305
vt 0.720608 0.318853
vt 0.749346 0.304336
vt 0.720608 0.318853
vt 0.730238 0.303052
vt 0.749346 0.304336
vt 0.494128 0.143244
vt 0.476521 0.139585
vt 0.471022 0.122989
vt 0.471022 0.122989
vt 0.484391 0.109847
vt 0.494128 0.143244
vt 0.484391 0.109847
vt 0.507224 0.131251
vt 0.494128 0.143244
vt 0.484391 0.109847
vt 0.502955 0.114316
vt 0.507224 0.131251
vt 0.73024 0.441269
vt 0.720115 0.456947
vt 0.70062 0.457663
vt 0.70062 0.457663
vt 0.720593 0.425414
vt 0.73024 0.441269
vt 0.70062 0.457663
vt 0.690198 0.442363
vt 0.720593 0.425414
vt 0.690198 0.442363
vt 0.700097 0.425867
vt 0.720593 0.425414
vt 0.98067 0.624609
vt 0.993897 0.637387
vt 0.988737 0.656159
vt 0.988737 0.656159
vt 0.962367 0.630595
vt 0.98067 0.624609
vt 0.988737 0.656159
vt 0.970443 0.662113
vt 0.962367 0.630595
vt 0.970443 0.662113
vt 0.957221 0.649353
vt 0.962367 0.630595
vt 0.832557 0.186498
vt 0.848115 0.194516
vt 0.851035 0.21237
vt 0.851035 0.21237
vt 0.837713 0.223469
vt 0.832557 0.186498
vt 0.837713 0.223469
vt 0.818499 0.196566
vt 0.832557 0.186498
vt 0.837713 0.223469
vt 0.820901 0.215558
vt 0.818499 0.196566
vt 0.250518 0.226266
vt 0.23143 0.225415
vt 0.223167 0.207993
vt 0.223167 0.207993
vt 0.261347 0.210667
vt 0.250518 0.226266
vt 0.460402 0.0862377
vt 0.484391 0.109847
vt 0.471022 0.122989
vt 0.468433 0.454522
vt 0.45104 0.464248
vt 0.434477 0.454522
vt 0.971331 0.592647
vt 0.984879 0.605035
vt 0.98067 0.624609
vt 0.98067 0.624609
vt 0.953472 0.598469
vt 0.971331 0.592647
vt 0.98067 0.624609
vt 0.962367 0.630595
vt 0.953472 0.598469
vt 0.962367 0.630595
vt 0.948666 0.61682
vt 0.953472 0.598469
vt 0.942365 0.487594
vt 0.959682 0.493001
vt 0.963478 0.510061
vt 0.963478 0.510061
vt 0.951247 0.518782
vt 0.942365 0.487594
vt 0.951247 0.518782
vt 0.92989 0.49956
vt 0.942365 0.487594
vt 0.526224 0.409751
vt 0.511769 0.417105
vt 0.498904 0.409751
vt 0.220233 0.242083
vt 0.200376 0.241974
vt 0.191357 0.224681
vt 0.191357 0.224681
vt 0.23143 0.225415
vt 0.220233 0.242083
vt 0.191357 0.224681
vt 0.202915 0.207321
vt 0.23143 0.225415
vt 0.202915 0.207321
vt 0.223167 0.207993
vt 0.23143 0.225415
vt 0.460402 0.0862377
vt 0.455544 0.0666108
vt 0.470336 0.051848
vt 0.470336 0.051848
vt 0.479489 0.0912764
vt 0.460402 0.0862377
vt 0.470336 0.051848
vt 0.489839 0.0573146
vt 0.479489 0.0912764
vt 0.489839 0.0573146
vt 0.494138 0.0770931
vt 0.479489 0.0912764
vt 0.571777 0.5146
vt 0.573578 0.534888
vt 0.556754 0.545435
vt 0.556754 0.545435
vt 0.552862 0.505382
vt 0.571777 0.5146
vt 0.556754 0.545435
vt 0.538444 0.536178
vt 0.552862 0.505382
vt 0.538444 0.536178
vt 0.536387 0.516425
vt 0.552862 0.505382
vt 0.556754 0.545435
vt 0.55827 0.565189
vt 0.542015 0.575004
vt 0.542015 0.575004
vt 0.538444 0.536178
vt 0.556754 0.545435
vt 0.542015 0.575004
vt 0.524764 0.565892
vt 0.538444 0.536178
vt 0.524764 0.565892
vt 0.522647 0.546869
vt 0.538444 0.536178
vt 0.535107 0.107259
vt 0.517115 0.101061
vt 0.513201 0.0823627
vt 0.513201 0.0823627
vt 0.527994 0.0686516
vt 0.535107 0.107259
vt 0.527994 0.0686516
vt 0.549693 0.0948919
vt 0.535107 0.107259
vt 0.527994 0.0686516
vt 0.546446 0.0749865
vt 0.549693 0.0948919
vt 0.961454 0.562341
vt 0.97476 0.57344
vt 0.971331 0.592647
vt 0.971331 0.592647
vt 0.944435 0.567889
vt 0.961454 0.562341
vt 0.971331 0.592647
vt 0.953472 0.598469
vt 0.944435 0.567889
vt 0.953472 0.598469
vt 0.939824 0.584829
vt 0.944435 0.567889
vt 0.546446 0.0749865
vt 0.527994 0.0686516
vt 0.524342 0.0491681
vt 0.524342 0.0491681
vt 0.53922 0.0360471
vt 0.546446 0.0749865
vt 0.53922 0.0360471
vt 0.561312 0.0618506
vt 0.546446 0.0749865
vt 0.53922 0.0360471
vt 0.557671 0.0423821
vt 0.561312 0.0618506
vt 0.53922 0.0360471
vt 0.535679 0.0170591
vt 0.55 0.00555241
vt 0.55 0.00555241
vt 0.557671 0.0423821
vt 0.53922 0.0360471
vt 0.55 0.00555241
vt 0.56799 0.0117385
vt 0.557671 0.0423821
vt 0.56799 0.0117385
vt 0.572179 0.0295811
vt 0.557671 0.0423821
vt 0.189741 0.258996
vt 0.170348 0.259313
vt 0.160844 0.2426
vt 0.160844 0.2426
vt 0.200376 0.241974
vt 0.189741 0.258996
vt 0.160844 0.2426
vt 0.171228 0.224916
vt 0.200376 0.241974
vt 0.171228 0.224916
vt 0.191357 0.224681
vt 0.200376 0.241974
vt 0.502955 0.114316
vt 0.484391 0.109847
vt 0.479489 0.0912764
vt 0.479489 0.0912764
vt 0.494138 0.0770931
vt 0.502955 0.114316
vt 0.494138 0.0770931
vt 0.517115 0.101061
vt 0.502955 0.114316
vt 0.494138 0.0770931
vt 0.513201 0.0823627
vt 0.517115 0.101061
vt 0.951674 0.535189
vt 0.964339 0.544474
vt 0.961454 0.562341
vt 0.961454 0.562341
vt 0.935926 0.540314
vt 0.951674 0.535189
vt 0.961454 0.562341
vt 0.944435 0.567889
vt 0.935926 0.540314
vt 0.944435 0.567889
vt 0.931318 0.555259
vt 0.935926 0.540314
vt 0.191357 0.224681
vt 0.171228 0.224916
vt 0.1624 0.207675
vt 0.1624 0.207675
vt 0.202915 0.207321
vt 0.191357 0.224681
vt 0.1624 0.207675
vt 0.173965 0.189999
vt 0.202915 0.207321
vt 0.173965 0.189999
vt 0.194348 0.189917
vt 0.202915 0.207321
vt 0.318781 0.453232
vt 0.300076 0.449751
vt 0.291652 0.432489
vt 0.291652 0.432489
vt 0.330127 0.439242
vt 0.318781 0.453232
vt 0.291652 0.432489
vt 0.302316 0.417797
vt 0.330127 0.439242
vt 0.302316 0.417797
vt 0.322031 0.421121
vt 0.330127 0.439242
vt 0.513201 0.0823627
vt 0.494138 0.0770931
vt 0.489839 0.0573146
vt 0.489839 0.0573146
vt 0.505295 0.043146
vt 0.513201 0.0823627
vt 0.505295 0.043146
vt 0.527994 0.0686516
vt 0.513201 0.0823627
vt 0.505295 0.043146
vt 0.524342 0.0491681
vt 0.527994 0.0686516
vt 0.278862 0.243188
vt 0.259492 0.242877
vt 0.250518 0.226266
vt 0.250518 0.226266
vt 0.287261 0.228315
vt 0.278862 0.243188
vt 0.250518 0.226266
vt 0.261347 0.210667
vt 0.287261 0.228315
vt 0.261347 0.210667
vt 0.278715 0.212457
vt 0.287261 0.228315
vt 0.29511 0.480494
vt 0.282532 0.493538
vt 0.267628 0.488713
vt 0.267628 0.488713
vt 0.262432 0.472745
vt 0.29511 0.480494
vt 0.262432 0.472745
vt 0.289488 0.463217
vt 0.29511 0.480494
vt 0.262432 0.472745
vt 0.271643 0.460054
vt 0.289488 0.463217
vt 0.606923 0.514496
vt 0.608412 0.5348
vt 0.591825 0.544863
vt 0.591825 0.544863
vt 0.588498 0.504269
vt 0.606923 0.514496
vt 0.591825 0.544863
vt 0.573578 0.534888
vt 0.588498 0.504269
vt 0.573578 0.534888
vt 0.571777 0.5146
vt 0.588498 0.504269
vt 0.322031 0.421121
vt 0.302316 0.417797
vt 0.293046 0.400083
vt 0.293046 0.400083
vt 0.333026 0.406496
vt 0.322031 0.421121
vt 0.293046 0.400083
vt 0.303544 0.385098
vt 0.333026 0.406496
vt 0.303544 0.385098
vt 0.32381 0.388219
vt 0.333026 0.406496
vt 0.289488 0.463217
vt 0.271643 0.460054
vt 0.263106 0.444069
vt 0.263106 0.444069
vt 0.300076 0.449751
vt 0.289488 0.463217
vt 0.263106 0.444069
vt 0.272646 0.429821
vt 0.300076 0.449751
vt 0.272646 0.429821
vt 0.291652 0.432489
vt 0.300076 0.449751
vt 0.505295 0.043146
vt 0.501523 0.0234295
vt 0.517083 0.010455
vt 0.517083 0.010455
vt 0.524342 0.0491681
vt 0.505295 0.043146
vt 0.517083 0.010455
vt 0.535679 0.0170591
vt 0.524342 0.0491681
vt 0.535679 0.0170591
vt 0.53922 0.0360471
vt 0.524342 0.0491681
vt 0.249607 0.259103
vt 0.229405 0.259102
vt 0.220233 0.242083
vt 0.220233 0.242083
vt 0.259492 0.242877
vt 0.249607 0.259103
vt 0.220233 0.242083
vt 0.23143 0.225415
vt 0.259492 0.242877
vt 0.23143 0.225415
vt 0.250518 0.226266
vt 0.259492 0.242877
vt 0.591825 0.544863
vt 0.592617 0.564881
vt 0.575877 0.57472
vt 0.575877 0.57472
vt 0.573578 0.534888
vt 0.591825 0.544863
vt 0.575877 0.57472
vt 0.55827 0.565189
vt 0.573578 0.534888
vt 0.55827 0.565189
vt 0.556754 0.545435
vt 0.573578 0.534888
vt 0.625266 0.545263
vt 0.625417 0.565021
vt 0.60938 0.574636
vt 0.60938 0.574636
vt 0.608412 0.5348
vt 0.625266 0.545263
vt 0.60938 0.574636
vt 0.592617 0.564881
vt 0.608412 0.5348
vt 0.592617 0.564881
vt 0.591825 0.544863
vt 0.608412 0.5348
vt 0.291652 0.432489
vt 0.272646 0.429821
vt 0.263522 0.413124
vt 0.263522 0.413124
vt 0.302316 0.417797
vt 0.291652 0.432489
vt 0.263522 0.413124
vt 0.273308 0.39802
vt 0.302316 0.417797
vt 0.273308 0.39802
vt 0.293046 0.400083
vt 0.302316 0.417797
vt 0.993789 0.371563
vt 0.991394 0.390573
vt 0.974575 0.398466
vt 0.974575 0.398466
vt 0.979731 0.361505
vt 0.993789 0.371563
vt 0.974575 0.398466
vt 0.961252 0.387378
vt 0.979731 0.361505
vt 0.961252 0.387378
vt 0.964174 0.369513
vt 0.979731 0.361505
vt 0.536387 0.516425
vt 0.538444 0.536178
vt 0.522647 0.546869
vt 0.522647 0.546869
vt 0.518336 0.508318
vt 0.536387 0.516425
vt 0.522647 0.546869
vt 0.505469 0.538438
vt 0.518336 0.508318
vt 0.505469 0.538438
vt 0.503188 0.519697
vt 0.518336 0.508318
vt 0.32467 0.471328
vt 0.311596 0.48515
vt 0.29511 0.480494
vt 0.29511 0.480494
vt 0.289488 0.463217
vt 0.32467 0.471328
vt 0.289488 0.463217
vt 0.300076 0.449751
vt 0.32467 0.471328
vt 0.300076 0.449751
vt 0.318781 0.453232
vt 0.32467 0.471328
vt 0.522647 0.546869
vt 0.524764 0.565892
vt 0.510031 0.575441
vt 0.510031 0.575441
vt 0.505469 0.538438
vt 0.522647 0.546869
vt 0.510031 0.575441
vt 0.494092 0.566899
vt 0.505469 0.538438
vt 0.494092 0.566899
vt 0.491494 0.549037
vt 0.505469 0.538438
vt 0.694223 0.578714
vt 0.713984 0.579417
vt 0.724383 0.596881
vt 0.724383 0.596881
vt 0.685486 0.594973
vt 0.694223 0.578714
vt 0.724383 0.596881
vt 0.714759 0.612731
vt 0.685486 0.594973
vt 0.714759 0.612731
vt 0.695633 0.611465
vt 0.685486 0.594973
vt 0.188524 0.293039
vt 0.17015 0.292486
vt 0.161193 0.275866
vt 0.161193 0.275866
vt 0.198923 0.276014
vt 0.188524 0.293039
vt 0.161193 0.275866
vt 0.170348 0.259313
vt 0.198923 0.276014
vt 0.170348 0.259313
vt 0.189741 0.258996
vt 0.198923 0.276014
vt 0.69371 0.543596
vt 0.713702 0.543585
vt 0.724094 0.561783
vt 0.724094 0.561783
vt 0.713984 0.579417
vt 0.69371 0.543596
vt 0.713984 0.579417
vt 0.684285 0.561137
vt 0.69371 0.543596
vt 0.713984 0.579417
vt 0.694223 0.578714
vt 0.684285 0.561137
vt 0.724094 0.561783
vt 0.745135 0.561933
vt 0.755519 0.579996
vt 0.755519 0.579996
vt 0.74489 0.597325
vt 0.724094 0.561783
vt 0.74489 0.597325
vt 0.713984 0.579417
vt 0.724094 0.561783
vt 0.74489 0.597325
vt 0.724383 0.596881
vt 0.713984 0.579417
vt 0.755769 0.543557
vt 0.776799 0.543571
vt 0.786925 0.561783
vt 0.786925 0.561783
vt 0.745135 0.561933
vt 0.755769 0.543557
vt 0.786925 0.561783
vt 0.776296 0.579844
vt 0.745135 0.561933
vt 0.776296 0.579844
vt 0.755519 0.579996
vt 0.745135 0.561933
vt 0.786925 0.561783
vt 0.776799 0.543571
vt 0.786909 0.525355
vt 0.786909 0.525355
vt 0.806651 0.525678
vt 0.786925 0.561783
vt 0.806651 0.525678
vt 0.806651 0.561503
vt 0.786925 0.561783
vt 0.806651 0.525678
vt 0.816272 0.543593
vt 0.806651 0.561503
vt 0.254083 0.566469
vt 0.236179 0.575368
vt 0.218979 0.565465
vt 0.218979 0.565465
vt 0.219943 0.547494
vt 0.254083 0.566469
vt 0.219943 0.547494
vt 0.254085 0.54833
vt 0.254083 0.566469
vt 0.219943 0.547494
vt 0.237123 0.539316
vt 0.254085 0.54833
vt 0.971117 0.417668
vt 0.984718 0.430054
vt 0.980503 0.449644
vt 0.980503 0.449644
vt 0.95325 0.423491
vt 0.971117 0.417668
vt 0.980503 0.449644
vt 0.962188 0.455602
vt 0.95325 0.423491
vt 0.962188 0.455602
vt 0.948436 0.441847
vt 0.95325 0.423491
vt 0.962188 0.455602
vt 0.980503 0.449644
vt 0.993789 0.462398
vt 0.993789 0.462398
vt 0.988654 0.481135
vt 0.962188 0.455602
vt 0.988654 0.481135
vt 0.957048 0.474349
vt 0.962188 0.455602
vt 0.988654 0.481135
vt 0.970335 0.487103
vt 0.957048 0.474349
vt 0.322316 0.561608
vt 0.306557 0.573079
vt 0.289186 0.565436
vt 0.289186 0.565436
vt 0.288225 0.547464
vt 0.322316 0.561608
vt 0.288225 0.547464
vt 0.320399 0.542727
vt 0.322316 0.561608
vt 0.288225 0.547464
vt 0.303597 0.536274
vt 0.320399 0.542727
vt 0.694194 0.508501
vt 0.713954 0.507777
vt 0.724079 0.525359
vt 0.724079 0.525359
vt 0.713702 0.543585
vt 0.694194 0.508501
vt 0.713702 0.543585
vt 0.684287 0.526095
vt 0.694194 0.508501
vt 0.713702 0.543585
vt 0.69371 0.543596
vt 0.684287 0.526095
vt 0.724383 0.596881
vt 0.74489 0.597325
vt 0.754785 0.613816
vt 0.754785 0.613816
vt 0.74437 0.629121
vt 0.724383 0.596881
vt 0.74437 0.629121
vt 0.714759 0.612731
vt 0.724383 0.596881
vt 0.74437 0.629121
vt 0.724874 0.628413
vt 0.714759 0.612731
vt 0.514687 0.163404
vt 0.498821 0.157948
vt 0.494128 0.143244
vt 0.494128 0.143244
vt 0.507224 0.131251
vt 0.514687 0.163404
vt 0.507224 0.131251
vt 0.527422 0.154666
vt 0.514687 0.163404
vt 0.507224 0.131251
vt 0.524389 0.137154
vt 0.527422 0.154666
vt 0.303597 0.536274
vt 0.288225 0.547464
vt 0.271019 0.539302
vt 0.271019 0.539302
vt 0.270363 0.522167
vt 0.303597 0.536274
vt 0.270363 0.522167
vt 0.301136 0.517391
vt 0.303597 0.536274
vt 0.270363 0.522167
vt 0.285049 0.5115
vt 0.301136 0.517391
vt 0.724079 0.525359
vt 0.745103 0.5252
vt 0.755769 0.543557
vt 0.755769 0.543557
vt 0.745135 0.561933
vt 0.724079 0.525359
vt 0.745135 0.561933
vt 0.713702 0.543585
vt 0.724079 0.525359
vt 0.745135 0.561933
vt 0.724094 0.561783
vt 0.713702 0.543585
vt 0.695577 0.475834
vt 0.714702 0.474514
vt 0.724339 0.49031
vt 0.724339 0.49031
vt 0.713954 0.507777
vt 0.695577 0.475834
vt 0.713954 0.507777
vt 0.685427 0.492304
vt 0.695577 0.475834
vt 0.713954 0.507777
vt 0.694194 0.508501
vt 0.685427 0.492304
vt 0.754785 0.613816
vt 0.74489 0.597325
vt 0.755519 0.579996
vt 0.755519 0.579996
vt 0.776296 0.579844
vt 0.754785 0.613816
vt 0.776296 0.579844
vt 0.774805 0.613596
vt 0.754785 0.613816
vt 0.776296 0.579844
vt 0.785663 0.596892
vt 0.774805 0.613596
vt 0.667163 0.595003
vt 0.685486 0.594973
vt 0.695633 0.611465
vt 0.695633 0.611465
vt 0.687615 0.625599
vt 0.667163 0.595003
vt 0.687615 0.625599
vt 0.65979 0.611524
vt 0.667163 0.595003
vt 0.687615 0.625599
vt 0.670144 0.625627
vt 0.65979 0.611524
vt 0.861179 0.693781
vt 0.860754 0.7102
vt 0.848049 0.719486
vt 0.848049 0.719486
vt 0.832551 0.711483
vt 0.861179 0.693781
vt 0.832551 0.711483
vt 0.848952 0.685055
vt 0.861179 0.693781
vt 0.832551 0.711483
vt 0.833011 0.693718
vt 0.848952 0.685055
vt 0.755505 0.507154
vt 0.776265 0.507304
vt 0.786909 0.525355
vt 0.786909 0.525355
vt 0.776799 0.543571
vt 0.755505 0.507154
vt 0.776799 0.543571
vt 0.745103 0.5252
vt 0.755505 0.507154
vt 0.776799 0.543571
vt 0.755769 0.543557
vt 0.745103 0.5252
vt 0.848049 0.719486
vt 0.850935 0.737337
vt 0.837644 0.748429
vt 0.837644 0.748429
vt 0.820876 0.740534
vt 0.848049 0.719486
vt 0.820876 0.740534
vt 0.832551 0.711483
vt 0.848049 0.719486
vt 0.820876 0.740534
vt 0.818499 0.721531
vt 0.832551 0.711483
vt 0.785663 0.596892
vt 0.776296 0.579844
vt 0.786925 0.561783
vt 0.786925 0.561783
vt 0.806651 0.561503
vt 0.785663 0.596892
vt 0.806651 0.561503
vt 0.805 0.596079
vt 0.785663 0.596892
vt 0.806651 0.561503
vt 0.815326 0.578707
vt 0.805 0.596079
vt 0.665534 0.561168
vt 0.684285 0.561137
vt 0.694223 0.578714
vt 0.694223 0.578714
vt 0.685486 0.594973
vt 0.665534 0.561168
vt 0.685486 0.594973
vt 0.657075 0.578776
vt 0.665534 0.561168
vt 0.685486 0.594973
vt 0.667163 0.595003
vt 0.657075 0.578776
vt 0.785618 0.490296
vt 0.804971 0.491149
vt 0.815296 0.508502
vt 0.815296 0.508502
vt 0.776265 0.507304
vt 0.785618 0.490296
vt 0.815296 0.508502
vt 0.806651 0.525678
vt 0.776265 0.507304
vt 0.806651 0.525678
vt 0.786909 0.525355
vt 0.776265 0.507304
vt 0.754727 0.473415
vt 0.774751 0.473633
vt 0.785618 0.490296
vt 0.785618 0.490296
vt 0.776265 0.507304
vt 0.754727 0.473415
vt 0.776265 0.507304
vt 0.744851 0.489859
vt 0.754727 0.473415
vt 0.776265 0.507304
vt 0.755505 0.507154
vt 0.744851 0.489859
vt 0.724803 0.458867
vt 0.744315 0.458153
vt 0.754727 0.473415
vt 0.754727 0.473415
vt 0.744851 0.489859
vt 0.724803 0.458867
vt 0.744851 0.489859
vt 0.714702 0.474514
vt 0.724803 0.458867
vt 0.744851 0.489859
vt 0.724339 0.49031
vt 0.714702 0.474514
vt 0.0228551 0.225034
vt 0.0194645 0.207234
vt 0.0332774 0.193867
vt 0.0332774 0.193867
vt 0.0393686 0.228608
vt 0.0228551 0.225034
vt 0.0332774 0.193867
vt 0.04939 0.198625
vt 0.0393686 0.228608
vt 0.04939 0.198625
vt 0.0519499 0.215508
vt 0.0393686 0.228608
vt 0.289186 0.565436
vt 0.272004 0.575368
vt 0.254083 0.566469
vt 0.254083 0.566469
vt 0.254085 0.54833
vt 0.289186 0.565436
vt 0.254085 0.54833
vt 0.288225 0.547464
vt 0.289186 0.565436
vt 0.254085 0.54833
vt 0.271019 0.539302
vt 0.288225 0.547464
vt 0.665504 0.526127
vt 0.684287 0.526095
vt 0.69371 0.543596
vt 0.69371 0.543596
vt 0.684285 0.561137
vt 0.665504 0.526127
vt 0.684285 0.561137
vt 0.656079 0.543668
vt 0.665504 0.526127
vt 0.684285 0.561137
vt 0.665534 0.561168
vt 0.656079 0.543668
vt 0.271019 0.539302
vt 0.254085 0.54833
vt 0.237123 0.539316
vt 0.237123 0.539316
vt 0.237764 0.52218
vt 0.271019 0.539302
vt 0.237764 0.52218
vt 0.270363 0.522167
vt 0.271019 0.539302
vt 0.237764 0.52218
vt 0.25406 0.514252
vt 0.270363 0.522167
vt 0.469137 0.494585
vt 0.452802 0.503779
vt 0.434478 0.494585
vt 0.455054 0.164547
vt 0.418063 0.17632
vt 0.42225 0.158477
vt 0.455054 0.164547
vt 0.449915 0.182321
vt 0.418063 0.17632
vt 0.449915 0.182321
vt 0.431694 0.187825
vt 0.418063 0.17632
vt 0.667122 0.492325
vt 0.685427 0.492304
vt 0.694194 0.508501
vt 0.694194 0.508501
vt 0.684287 0.526095
vt 0.667122 0.492325
vt 0.684287 0.526095
vt 0.657047 0.508562
vt 0.667122 0.492325
vt 0.684287 0.526095
vt 0.665504 0.526127
vt 0.657047 0.508562
vt 0.445277 0.132448
vt 0.441001 0.152235
vt 0.42225 0.158477
vt 0.42225 0.158477
vt 0.430149 0.119242
vt 0.445277 0.132448
vt 0.42225 0.158477
vt 0.407731 0.145671
vt 0.430149 0.119242
vt 0.407731 0.145671
vt 0.411368 0.126202
vt 0.430149 0.119242
vt 0.184815 0.674589
vt 0.203528 0.682011
vt 0.207046 0.702738
vt 0.207046 0.702738
vt 0.192042 0.71549
vt 0.184815 0.674589
vt 0.192042 0.71549
vt 0.170202 0.687812
vt 0.184815 0.674589
vt 0.192042 0.71549
vt 0.173898 0.707984
vt 0.170202 0.687812
vt 0.219669 0.668574
vt 0.239208 0.676146
vt 0.242449 0.696935
vt 0.242449 0.696935
vt 0.203528 0.682011
vt 0.219669 0.668574
vt 0.242449 0.696935
vt 0.226409 0.710095
vt 0.203528 0.682011
vt 0.226409 0.710095
vt 0.207046 0.702738
vt 0.203528 0.682011
vt 0.255599 0.662953
vt 0.2746 0.670655
vt 0.277442 0.690951
vt 0.277442 0.690951
vt 0.239208 0.676146
vt 0.255599 0.662953
vt 0.277442 0.690951
vt 0.261659 0.704051
vt 0.239208 0.676146
vt 0.261659 0.704051
vt 0.242449 0.696935
vt 0.239208 0.676146
vt 0.289951 0.658173
vt 0.307314 0.665923
vt 0.309699 0.685296
vt 0.309699 0.685296
vt 0.2746 0.670655
vt 0.289951 0.658173
vt 0.309699 0.685296
vt 0.295261 0.697856
vt 0.2746 0.670655
vt 0.295261 0.697856
vt 0.277442 0.690951
vt 0.2746 0.670655
vt 0.874977 0.852349
vt 0.894978 0.850431
vt 0.905313 0.86619
vt 0.905313 0.86619
vt 0.866369 0.869143
vt 0.874977 0.852349
vt 0.905313 0.86619
vt 0.895424 0.883562
vt 0.866369 0.869143
vt 0.895424 0.883562
vt 0.876435 0.884525
vt 0.866369 0.869143
vt 0.974575 0.398466
vt 0.971117 0.417668
vt 0.95325 0.423491
vt 0.95325 0.423491
vt 0.961252 0.387378
vt 0.974575 0.398466
vt 0.95325 0.423491
vt 0.939565 0.409856
vt 0.961252 0.387378
vt 0.939565 0.409856
vt 0.944196 0.392927
vt 0.961252 0.387378
vt 0.434478 0.443955
vt 0.452101 0.434362
vt 0.468316 0.443955
vt 0.253009 0.754663
vt 0.215038 0.741827
vt 0.230094 0.729764
vt 0.93502 0.848658
vt 0.925366 0.865361
vt 0.894978 0.850431
vt 0.468335 0.444445
vt 0.450703 0.454032
vt 0.434477 0.444445
vt 0.264592 0.723629
vt 0.282642 0.729591
vt 0.286468 0.747565
vt 0.286468 0.747565
vt 0.249086 0.736236
vt 0.264592 0.723629
vt 0.286468 0.747565
vt 0.272362 0.760125
vt 0.249086 0.736236
vt 0.272362 0.760125
vt 0.253009 0.754663
vt 0.249086 0.736236
vt 0.433625 0.0985721
vt 0.430149 0.119242
vt 0.411368 0.126202
vt 0.411368 0.126202
vt 0.418033 0.0856155
vt 0.433625 0.0985721
vt 0.411368 0.126202
vt 0.396513 0.113105
vt 0.418033 0.0856155
vt 0.396513 0.113105
vt 0.399744 0.0931622
vt 0.418033 0.0856155
vt 0.844086 0.840547
vt 0.863863 0.837607
vt 0.874977 0.852349
vt 0.874977 0.852349
vt 0.866369 0.869143
vt 0.844086 0.840547
vt 0.866369 0.869143
vt 0.836293 0.857798
vt 0.844086 0.840547
vt 0.866369 0.869143
vt 0.847489 0.871614
vt 0.836293 0.857798
vt 0.964174 0.369513
vt 0.961252 0.387378
vt 0.944196 0.392927
vt 0.944196 0.392927
vt 0.95148 0.360202
vt 0.964174 0.369513
vt 0.944196 0.392927
vt 0.931078 0.380271
vt 0.95148 0.360202
vt 0.931078 0.380271
vt 0.935716 0.365342
vt 0.95148 0.360202
vt 0.297459 0.716884
vt 0.313604 0.722455
vt 0.317251 0.739633
vt 0.317251 0.739633
vt 0.282642 0.729591
vt 0.297459 0.716884
vt 0.317251 0.739633
vt 0.304965 0.752101
vt 0.282642 0.729591
vt 0.304965 0.752101
vt 0.286468 0.747565
vt 0.282642 0.729591
vt 0.197988 0.64064
vt 0.216797 0.647769
vt 0.219669 0.668574
vt 0.219669 0.668574
vt 0.203528 0.682011
vt 0.197988 0.64064
vt 0.203528 0.682011
vt 0.182137 0.65403
vt 0.197988 0.64064
vt 0.203528 0.682011
vt 0.184815 0.674589
vt 0.182137 0.65403
vt 0.420898 0.0654174
vt 0.418033 0.0856155
vt 0.399744 0.0931622
vt 0.399744 0.0931622
vt 0.405627 0.0537636
vt 0.420898 0.0654174
vt 0.399744 0.0931622
vt 0.385161 0.0808268
vt 0.405627 0.0537636
vt 0.385161 0.0808268
vt 0.388217 0.0616693
vt 0.405627 0.0537636
vt 0.207046 0.702738
vt 0.226409 0.710095
vt 0.230094 0.729764
vt 0.230094 0.729764
vt 0.192042 0.71549
vt 0.207046 0.702738
vt 0.230094 0.729764
vt 0.215038 0.741827
vt 0.192042 0.71549
vt 0.215038 0.741827
vt 0.196371 0.734844
vt 0.192042 0.71549
vt 0.0156727 0.257017
vt 0.0097616 0.239511
vt 0.0228551 0.225034
vt 0.0228551 0.225034
vt 0.0393686 0.228608
vt 0.0156727 0.257017
vt 0.0393686 0.228608
vt 0.0344129 0.259298
vt 0.0156727 0.257017
vt 0.0393686 0.228608
vt 0.0450123 0.245323
vt 0.0344129 0.259298
vt 0.377461 0.033404
vt 0.374451 0.050918
vt 0.357289 0.0568139
vt 0.357289 0.0568139
vt 0.364744 0.0246696
vt 0.377461 0.033404
vt 0.357289 0.0568139
vt 0.344164 0.0448499
vt 0.364744 0.0246696
vt 0.344164 0.0448499
vt 0.348864 0.0301143
vt 0.364744 0.0246696
vt 0.233382 0.634822
vt 0.252627 0.642437
vt 0.255599 0.662953
vt 0.255599 0.662953
vt 0.216797 0.647769
vt 0.233382 0.634822
vt 0.255599 0.662953
vt 0.239208 0.676146
vt 0.216797 0.647769
vt 0.239208 0.676146
vt 0.219669 0.668574
vt 0.216797 0.647769
vt 0.455054 0.070127
vt 0.452421 0.0908851
vt 0.433625 0.0985721
vt 0.433625 0.0985721
vt 0.439112 0.057645
vt 0.455054 0.070127
vt 0.433625 0.0985721
vt 0.418033 0.0856155
vt 0.439112 0.057645
vt 0.418033 0.0856155
vt 0.420898 0.0654174
vt 0.439112 0.057645
vt 0.40815 0.035184
vt 0.405627 0.0537636
vt 0.388217 0.0616693
vt 0.388217 0.0616693
vt 0.393627 0.0254636
vt 0.40815 0.035184
vt 0.388217 0.0616693
vt 0.374451 0.050918
vt 0.393627 0.0254636
vt 0.374451 0.050918
vt 0.377461 0.033404
vt 0.393627 0.0254636
vt 0.242449 0.696935
vt 0.261659 0.704051
vt 0.264592 0.723629
vt 0.264592 0.723629
vt 0.226409 0.710095
vt 0.242449 0.696935
vt 0.264592 0.723629
vt 0.249086 0.736236
vt 0.226409 0.710095
vt 0.249086 0.736236
vt 0.230094 0.729764
vt 0.226409 0.710095
vt 0.407731 0.145671
vt 0.42225 0.158477
vt 0.418063 0.17632
vt 0.418063 0.17632
vt 0.400065 0.182502
vt 0.407731 0.145671
vt 0.400065 0.182502
vt 0.389289 0.152016
vt 0.407731 0.145671
vt 0.400065 0.182502
vt 0.385752 0.171004
vt 0.389289 0.152016
vt 0.24712 0.603913
vt 0.26562 0.611342
vt 0.268611 0.630369
vt 0.268611 0.630369
vt 0.252627 0.642437
vt 0.24712 0.603913
vt 0.252627 0.642437
vt 0.230879 0.615296
vt 0.24712 0.603913
vt 0.252627 0.642437
vt 0.233382 0.634822
vt 0.230879 0.615296
vt 0.538019 0.976228
vt 0.533355 0.959744
vt 0.546394 0.94716
vt 0.546394 0.94716
vt 0.556935 0.979567
vt 0.538019 0.976228
vt 0.546394 0.94716
vt 0.564358 0.949669
vt 0.556935 0.979567
vt 0.564358 0.949669
vt 0.570256 0.965753
vt 0.556935 0.979567
vt 0.277442 0.690951
vt 0.295261 0.697856
vt 0.297459 0.716884
vt 0.297459 0.716884
vt 0.261659 0.704051
vt 0.277442 0.690951
vt 0.297459 0.716884
vt 0.282642 0.729591
vt 0.261659 0.704051
vt 0.282642 0.729591
vt 0.264592 0.723629
vt 0.261659 0.704051
vt 0.411368 0.126202
vt 0.407731 0.145671
vt 0.389289 0.152016
vt 0.389289 0.152016
vt 0.396513 0.113105
vt 0.411368 0.126202
vt 0.389289 0.152016
vt 0.374426 0.138912
vt 0.396513 0.113105
vt 0.374426 0.138912
vt 0.378075 0.119428
vt 0.396513 0.113105
vt 0.388217 0.0616693
vt 0.385161 0.0808268
vt 0.367185 0.0870023
vt 0.367185 0.0870023
vt 0.374451 0.050918
vt 0.388217 0.0616693
vt 0.367185 0.0870023
vt 0.353001 0.0737562
vt 0.374451 0.050918
vt 0.353001 0.0737562
vt 0.357289 0.0568139
vt 0.374451 0.050918
vt 0.309699 0.685296
vt 0.325383 0.69207
vt 0.326909 0.71012
vt 0.326909 0.71012
vt 0.295261 0.697856
vt 0.309699 0.685296
vt 0.326909 0.71012
vt 0.313604 0.722455
vt 0.295261 0.697856
vt 0.313604 0.722455
vt 0.297459 0.716884
vt 0.295261 0.697856
vt 0.562532 0.996822
vt 0.556935 0.979567
vt 0.570256 0.965753
vt 0.570256 0.965753
vt 0.582324 0.999755
vt 0.562532 0.996822
vt 0.570256 0.965753
vt 0.589127 0.968195
vt 0.582324 0.999755
vt 0.589127 0.968195
vt 0.595602 0.985005
vt 0.582324 0.999755
vt 0.399744 0.0931622
vt 0.396513 0.113105
vt 0.378075 0.119428
vt 0.378075 0.119428
vt 0.385161 0.0808268
vt 0.399744 0.0931622
vt 0.378075 0.119428
vt 0.363252 0.105708
vt 0.385161 0.0808268
vt 0.363252 0.105708
vt 0.367185 0.0870023
vt 0.385161 0.0808268
vt 0.785458 0.686306
vt 0.78421 0.666055
vt 0.799706 0.656666
vt 0.799706 0.656666
vt 0.8027 0.696715
vt 0.785458 0.686306
vt 0.799706 0.656666
vt 0.816292 0.666781
vt 0.8027 0.696715
vt 0.816292 0.666781
vt 0.817992 0.686607
vt 0.8027 0.696715
vt 0.768347 0.696855
vt 0.750219 0.686622
vt 0.749553 0.666349
vt 0.749553 0.666349
vt 0.766414 0.656327
vt 0.768347 0.696855
vt 0.766414 0.656327
vt 0.785458 0.686306
vt 0.768347 0.696855
vt 0.766414 0.656327
vt 0.78421 0.666055
vt 0.785458 0.686306
vt 0.750588 0.728803
vt 0.732623 0.718309
vt 0.732528 0.697343
vt 0.732528 0.697343
vt 0.750219 0.686622
vt 0.750588 0.728803
vt 0.750219 0.686622
vt 0.768603 0.718083
vt 0.750588 0.728803
vt 0.750219 0.686622
vt 0.768347 0.696855
vt 0.768603 0.718083
vt 0.732292 0.759519
vt 0.714954 0.749038
vt 0.714967 0.728673
vt 0.714967 0.728673
vt 0.732623 0.718309
vt 0.732292 0.759519
vt 0.732623 0.718309
vt 0.750265 0.749683
vt 0.732292 0.759519
vt 0.732623 0.718309
vt 0.750588 0.728803
vt 0.750265 0.749683
vt 0.714727 0.787034
vt 0.698376 0.776807
vt 0.69814 0.758114
vt 0.69814 0.758114
vt 0.714954 0.749038
vt 0.714727 0.787034
vt 0.714954 0.749038
vt 0.731874 0.778823
vt 0.714727 0.787034
vt 0.714954 0.749038
vt 0.732292 0.759519
vt 0.731874 0.778823
vt 0.714797 0.667691
vt 0.697778 0.658508
vt 0.698094 0.639116
vt 0.698094 0.639116
vt 0.714629 0.62996
vt 0.714797 0.667691
vt 0.714629 0.62996
vt 0.731792 0.657276
vt 0.714797 0.667691
vt 0.714629 0.62996
vt 0.731249 0.638917
vt 0.731792 0.657276
vt 0.847489 0.871614
vt 0.866369 0.869143
vt 0.876435 0.884525
vt 0.876435 0.884525
vt 0.840542 0.887693
vt 0.847489 0.871614
vt 0.876435 0.884525
vt 0.867224 0.901721
vt 0.840542 0.887693
vt 0.867224 0.901721
vt 0.850152 0.902379
vt 0.840542 0.887693
vt 0.697884 0.69815
vt 0.680845 0.688979
vt 0.680756 0.669144
vt 0.680756 0.669144
vt 0.697778 0.658508
vt 0.697884 0.69815
vt 0.697778 0.658508
vt 0.714877 0.687532
vt 0.697884 0.69815
vt 0.697778 0.658508
vt 0.714797 0.667691
vt 0.714877 0.687532
vt 0.68164 0.728226
vt 0.665049 0.719285
vt 0.664178 0.700199
vt 0.664178 0.700199
vt 0.680845 0.688979
vt 0.68164 0.728226
vt 0.680845 0.688979
vt 0.697885 0.718352
vt 0.68164 0.728226
vt 0.680845 0.688979
vt 0.697884 0.69815
vt 0.697885 0.718352
vt 0.883264 0.271363
vt 0.889051 0.290406
vt 0.874711 0.304601
vt 0.874711 0.304601
vt 0.855237 0.299341
vt 0.883264 0.271363
vt 0.855237 0.299341
vt 0.863853 0.266849
vt 0.883264 0.271363
vt 0.855237 0.299341
vt 0.850101 0.280604
vt 0.863853 0.266849
vt 0.749553 0.666349
vt 0.731792 0.657276
vt 0.731249 0.638917
vt 0.731249 0.638917
vt 0.747477 0.629611
vt 0.749553 0.666349
vt 0.747477 0.629611
vt 0.764898 0.637889
vt 0.749553 0.666349
vt 0.764898 0.637889
vt 0.766414 0.656327
vt 0.749553 0.666349
vt 0.0519499 0.215508
vt 0.04939 0.198625
vt 0.0640622 0.188315
vt 0.850152 0.902379
vt 0.818499 0.905115
vt 0.823569 0.890218
vt 0.850152 0.902379
vt 0.842216 0.918682
vt 0.818499 0.905115
vt 0.842216 0.918682
vt 0.827382 0.91869
vt 0.818499 0.905115
vt 0.651221 0.747472
vt 0.649428 0.730082
vt 0.665049 0.719285
vt 0.665049 0.719285
vt 0.667097 0.756007
vt 0.651221 0.747472
vt 0.665049 0.719285
vt 0.68197 0.747619
vt 0.667097 0.756007
vt 0.665049 0.719285
vt 0.68164 0.728226
vt 0.68197 0.747619
vt 0.786141 0.72849
vt 0.768603 0.718083
vt 0.768347 0.696855
vt 0.768347 0.696855
vt 0.785458 0.686306
vt 0.786141 0.72849
vt 0.785458 0.686306
vt 0.803098 0.717677
vt 0.786141 0.72849
vt 0.785458 0.686306
vt 0.8027 0.696715
vt 0.803098 0.717677
vt 0.891635 0.238557
vt 0.897402 0.256782
vt 0.883264 0.271363
vt 0.883264 0.271363
vt 0.863853 0.266849
vt 0.891635 0.238557
vt 0.863853 0.266849
vt 0.872722 0.234847
vt 0.891635 0.238557
vt 0.863853 0.266849
vt 0.85904 0.248493
vt 0.872722 0.234847
vt 0.732528 0.697343
vt 0.714877 0.687532
vt 0.714797 0.667691
vt 0.714797 0.667691
vt 0.731792 0.657276
vt 0.732528 0.697343
vt 0.731792 0.657276
vt 0.750219 0.686622
vt 0.732528 0.697343
vt 0.731792 0.657276
vt 0.749553 0.666349
vt 0.750219 0.686622
vt 0.570256 0.965753
vt 0.564358 0.949669
vt 0.575021 0.934979
vt 0.575021 0.934979
vt 0.589127 0.968195
vt 0.570256 0.965753
vt 0.575021 0.934979
vt 0.592156 0.935628
vt 0.589127 0.968195
vt 0.592156 0.935628
vt 0.60031 0.952819
vt 0.589127 0.968195
vt 0.860808 0.185206
vt 0.876575 0.190344
vt 0.881194 0.205278
vt 0.881194 0.205278
vt 0.868091 0.217918
vt 0.860808 0.185206
vt 0.868091 0.217918
vt 0.848115 0.194516
vt 0.860808 0.185206
vt 0.868091 0.217918
vt 0.851035 0.21237
vt 0.848115 0.194516
vt 0.767658 0.759832
vt 0.750265 0.749683
vt 0.750588 0.728803
vt 0.750588 0.728803
vt 0.768603 0.718083
vt 0.767658 0.759832
vt 0.768603 0.718083
vt 0.7855 0.749368
vt 0.767658 0.759832
vt 0.768603 0.718083
vt 0.786141 0.72849
vt 0.7855 0.749368
vt 0.917434 0.260667
vt 0.923801 0.279515
vt 0.909528 0.294682
vt 0.909528 0.294682
vt 0.889051 0.290406
vt 0.917434 0.260667
vt 0.889051 0.290406
vt 0.897402 0.256782
vt 0.917434 0.260667
vt 0.889051 0.290406
vt 0.883264 0.271363
vt 0.897402 0.256782
vt 0.899188 0.208172
vt 0.905057 0.224713
vt 0.891635 0.238557
vt 0.891635 0.238557
vt 0.872722 0.234847
vt 0.899188 0.208172
vt 0.872722 0.234847
vt 0.881194 0.205278
vt 0.899188 0.208172
vt 0.872722 0.234847
vt 0.868091 0.217918
vt 0.881194 0.205278
vt 0.714967 0.728673
vt 0.697885 0.718352
vt 0.697884 0.69815
vt 0.697884 0.69815
vt 0.714877 0.687532
vt 0.714967 0.728673
vt 0.714877 0.687532
vt 0.732623 0.718309
vt 0.714967 0.728673
vt 0.714877 0.687532
vt 0.732528 0.697343
vt 0.732623 0.718309
vt 0.595602 0.985005
vt 0.589127 0.968195
vt 0.60031 0.952819
vt 0.60031 0.952819
vt 0.614484 0.986915
vt 0.595602 0.985005
vt 0.60031 0.952819
vt 0.618298 0.953783
vt 0.614484 0.986915
vt 0.618298 0.953783
vt 0.625934 0.97114
vt 0.614484 0.986915
vt 0.748685 0.788532
vt 0.731874 0.778823
vt 0.732292 0.759519
vt 0.732292 0.759519
vt 0.750265 0.749683
vt 0.748685 0.788532
vt 0.750265 0.749683
vt 0.766518 0.779339
vt 0.748685 0.788532
vt 0.750265 0.749683
vt 0.767658 0.759832
vt 0.766518 0.779339
vt 0.950187 0.249227
vt 0.956909 0.267461
vt 0.943918 0.282906
vt 0.943918 0.282906
vt 0.923801 0.279515
vt 0.950187 0.249227
vt 0.923801 0.279515
vt 0.930825 0.24586
vt 0.950187 0.249227
vt 0.923801 0.279515
vt 0.917434 0.260667
vt 0.930825 0.24586
vt 0.924176 0.228081
vt 0.930825 0.24586
vt 0.917434 0.260667
vt 0.917434 0.260667
vt 0.897402 0.256782
vt 0.924176 0.228081
vt 0.897402 0.256782
vt 0.905057 0.224713
vt 0.924176 0.228081
vt 0.897402 0.256782
vt 0.891635 0.238557
vt 0.905057 0.224713
vt 0.434478 0.433872
vt 0.451745 0.425442
vt 0.468193 0.433872
vt 0.158294 0.585791
vt 0.147302 0.618554
vt 0.134991 0.606063
vt 0.158294 0.585791
vt 0.169712 0.599059
vt 0.147302 0.618554
vt 0.169712 0.599059
vt 0.164047 0.614736
vt 0.147302 0.618554
vt 0.69814 0.758114
vt 0.68197 0.747619
vt 0.68164 0.728226
vt 0.68164 0.728226
vt 0.697885 0.718352
vt 0.69814 0.758114
vt 0.697885 0.718352
vt 0.714954 0.749038
vt 0.69814 0.758114
vt 0.697885 0.718352
vt 0.714967 0.728673
vt 0.714954 0.749038
vt 0.855237 0.299341
vt 0.841958 0.312088
vt 0.823635 0.306136
vt 0.823635 0.306136
vt 0.850101 0.280604
vt 0.855237 0.299341
vt 0.823635 0.306136
vt 0.818499 0.287399
vt 0.850101 0.280604
vt 0.818499 0.287399
vt 0.831783 0.274635
vt 0.850101 0.280604
vt 0.851035 0.21237
vt 0.868091 0.217918
vt 0.872722 0.234847
vt 0.872722 0.234847
vt 0.85904 0.248493
vt 0.851035 0.21237
vt 0.85904 0.248493
vt 0.837713 0.223469
vt 0.851035 0.21237
vt 0.85904 0.248493
vt 0.841172 0.242671
vt 0.837713 0.223469
vt 0.102409 0.598036
vt 0.107414 0.580278
vt 0.126935 0.575858
vt 0.126935 0.575858
vt 0.116527 0.610592
vt 0.102409 0.598036
vt 0.126935 0.575858
vt 0.140459 0.589135
vt 0.116527 0.610592
vt 0.140459 0.589135
vt 0.134991 0.606063
vt 0.116527 0.610592
vt 0.85904 0.248493
vt 0.863853 0.266849
vt 0.850101 0.280604
vt 0.850101 0.280604
vt 0.831783 0.274635
vt 0.85904 0.248493
vt 0.831783 0.274635
vt 0.841172 0.242671
vt 0.85904 0.248493
vt 0.831783 0.274635
vt 0.82757 0.255056
vt 0.841172 0.242671
vt 0.627357 0.108763
vt 0.643331 0.120862
vt 0.641226 0.14145
vt 0.641226 0.14145
vt 0.623131 0.149173
vt 0.627357 0.108763
vt 0.623131 0.149173
vt 0.609845 0.116832
vt 0.627357 0.108763
vt 0.623131 0.149173
vt 0.607753 0.136669
vt 0.609845 0.116832
vt 0.641226 0.14145
vt 0.658189 0.153898
vt 0.656473 0.173939
vt 0.656473 0.173939
vt 0.638102 0.181112
vt 0.641226 0.14145
vt 0.638102 0.181112
vt 0.623131 0.149173
vt 0.641226 0.14145
vt 0.638102 0.181112
vt 0.62173 0.16878
vt 0.623131 0.149173
vt 0.677445 0.14547
vt 0.694782 0.157325
vt 0.692737 0.177351
vt 0.692737 0.177351
vt 0.658189 0.153898
vt 0.677445 0.14547
vt 0.692737 0.177351
vt 0.673675 0.185522
vt 0.658189 0.153898
vt 0.673675 0.185522
vt 0.656473 0.173939
vt 0.658189 0.153898
vt 0.713767 0.148294
vt 0.730105 0.159246
vt 0.727832 0.178764
vt 0.727832 0.178764
vt 0.694782 0.157325
vt 0.713767 0.148294
vt 0.727832 0.178764
vt 0.709428 0.187825
vt 0.694782 0.157325
vt 0.709428 0.187825
vt 0.692737 0.177351
vt 0.694782 0.157325
vt 0.138537 0.538967
vt 0.140353 0.520183
vt 0.156994 0.510931
vt 0.156994 0.510931
vt 0.154289 0.548594
vt 0.138537 0.538967
vt 0.156994 0.510931
vt 0.172502 0.519646
vt 0.154289 0.548594
vt 0.172502 0.519646
vt 0.171602 0.538559
vt 0.154289 0.548594
vt 0.787908 0.337076
vt 0.779458 0.354644
vt 0.760675 0.354621
vt 0.760675 0.354621
vt 0.777826 0.320843
vt 0.787908 0.337076
vt 0.760675 0.354621
vt 0.75076 0.337031
vt 0.777826 0.320843
vt 0.75076 0.337031
vt 0.759503 0.320801
vt 0.777826 0.320843
vt 0.524202 0.989308
vt 0.506103 0.983427
vt 0.502613 0.964724
vt 0.502613 0.964724
vt 0.516094 0.954126
vt 0.524202 0.989308
vt 0.516094 0.954126
vt 0.538019 0.976228
vt 0.524202 0.989308
vt 0.516094 0.954126
vt 0.533355 0.959744
vt 0.538019 0.976228
vt 0.788874 0.372172
vt 0.779459 0.389676
vt 0.760676 0.389653
vt 0.760676 0.389653
vt 0.779458 0.354644
vt 0.788874 0.372172
vt 0.760676 0.389653
vt 0.75126 0.372126
vt 0.779458 0.354644
vt 0.75126 0.372126
vt 0.760675 0.354621
vt 0.779458 0.354644
vt 0.787909 0.40729
vt 0.777822 0.423512
vt 0.759522 0.423489
vt 0.759522 0.423489
vt 0.779459 0.389676
vt 0.787909 0.40729
vt 0.759522 0.423489
vt 0.750745 0.407235
vt 0.779459 0.389676
vt 0.750745 0.407235
vt 0.760676 0.389653
vt 0.779459 0.389676
vt 0.648288 0.0806614
vt 0.664489 0.0920271
vt 0.662262 0.112414
vt 0.662262 0.112414
vt 0.643331 0.120862
vt 0.648288 0.0806614
vt 0.643331 0.120862
vt 0.630079 0.0888835
vt 0.648288 0.0806614
vt 0.643331 0.120862
vt 0.627357 0.108763
vt 0.630079 0.0888835
vt 0.813594 0.318968
vt 0.806152 0.336389
vt 0.787908 0.337076
vt 0.787908 0.337076
vt 0.777826 0.320843
vt 0.813594 0.318968
vt 0.777826 0.320843
vt 0.802692 0.303134
vt 0.813594 0.318968
vt 0.777826 0.320843
vt 0.785205 0.30439
vt 0.802692 0.303134
vt 0.533355 0.959744
vt 0.516094 0.954126
vt 0.512921 0.936284
vt 0.512921 0.936284
vt 0.525588 0.927068
vt 0.533355 0.959744
vt 0.525588 0.927068
vt 0.541562 0.932259
vt 0.533355 0.959744
vt 0.541562 0.932259
vt 0.546394 0.94716
vt 0.533355 0.959744
vt 0.669007 0.0542721
vt 0.685045 0.0647457
vt 0.683245 0.0837542
vt 0.683245 0.0837542
vt 0.664489 0.0920271
vt 0.669007 0.0542721
vt 0.664489 0.0920271
vt 0.651027 0.0618399
vt 0.669007 0.0542721
vt 0.664489 0.0920271
vt 0.648288 0.0806614
vt 0.651027 0.0618399
vt 0.816263 0.35402
vt 0.807408 0.372208
vt 0.788874 0.372172
vt 0.788874 0.372172
vt 0.806152 0.336389
vt 0.816263 0.35402
vt 0.788874 0.372172
vt 0.779458 0.354644
vt 0.806152 0.336389
vt 0.779458 0.354644
vt 0.787908 0.337076
vt 0.806152 0.336389
vt 0.112697 0.628587
vt 0.116527 0.610592
vt 0.134991 0.606063
vt 0.134991 0.606063
vt 0.147302 0.618554
vt 0.112697 0.628587
vt 0.147302 0.618554
vt 0.127518 0.641271
vt 0.112697 0.628587
vt 0.147302 0.618554
vt 0.143659 0.635722
vt 0.127518 0.641271
vt 0.676924 0.00606138
vt 0.689605 0.0162002
vt 0.688218 0.0309374
vt 0.688218 0.0309374
vt 0.671242 0.0373508
vt 0.676924 0.00606138
vt 0.671242 0.0373508
vt 0.6616 0.00971514
vt 0.676924 0.00606138
vt 0.434477 0.568079
vt 0.444799 0.553417
vt 0.461705 0.555951
vt 0.69853 0.115827
vt 0.715541 0.127674
vt 0.713767 0.148294
vt 0.713767 0.148294
vt 0.679412 0.124574
vt 0.69853 0.115827
vt 0.713767 0.148294
vt 0.694782 0.157325
vt 0.679412 0.124574
vt 0.694782 0.157325
vt 0.677445 0.14547
vt 0.679412 0.124574
vt 0.683245 0.0837542
vt 0.700147 0.095383
vt 0.69853 0.115827
vt 0.69853 0.115827
vt 0.679412 0.124574
vt 0.683245 0.0837542
vt 0.679412 0.124574
vt 0.664489 0.0920271
vt 0.683245 0.0837542
vt 0.679412 0.124574
vt 0.662262 0.112414
vt 0.664489 0.0920271
vt 0.688218 0.0309374
vt 0.703709 0.04039
vt 0.702755 0.0574484
vt 0.702755 0.0574484
vt 0.685045 0.0647457
vt 0.688218 0.0309374
vt 0.685045 0.0647457
vt 0.671242 0.0373508
vt 0.688218 0.0309374
vt 0.685045 0.0647457
vt 0.669007 0.0542721
vt 0.671242 0.0373508
vt 0.816263 0.390444
vt 0.806154 0.408029
vt 0.787909 0.40729
vt 0.787909 0.40729
vt 0.807408 0.372208
vt 0.816263 0.390444
vt 0.787909 0.40729
vt 0.779459 0.389676
vt 0.807408 0.372208
vt 0.779459 0.389676
vt 0.788874 0.372172
vt 0.807408 0.372208
vt 0.733493 0.118757
vt 0.749183 0.129946
vt 0.747555 0.149826
vt 0.747555 0.149826
vt 0.715541 0.127674
vt 0.733493 0.118757
vt 0.747555 0.149826
vt 0.730105 0.159246
vt 0.715541 0.127674
vt 0.730105 0.159246
vt 0.713767 0.148294
vt 0.715541 0.127674
vt 0.718185 0.0872399
vt 0.734539 0.0987146
vt 0.733493 0.118757
vt 0.733493 0.118757
vt 0.715541 0.127674
vt 0.718185 0.0872399
vt 0.715541 0.127674
vt 0.700147 0.095383
vt 0.718185 0.0872399
vt 0.715541 0.127674
vt 0.69853 0.115827
vt 0.700147 0.095383
vt 0.702755 0.0574484
vt 0.719006 0.0682376
vt 0.718185 0.0872399
vt 0.718185 0.0872399
vt 0.700147 0.095383
vt 0.702755 0.0574484
vt 0.700147 0.095383
vt 0.685045 0.0647457
vt 0.702755 0.0574484
vt 0.700147 0.095383
vt 0.683245 0.0837542
vt 0.685045 0.0647457
vt 0.510024 0.593593
vt 0.524761 0.603135
vt 0.522653 0.622121
vt 0.522653 0.622121
vt 0.494089 0.602109
vt 0.510024 0.593593
vt 0.522653 0.622121
vt 0.50551 0.630508
vt 0.494089 0.602109
vt 0.50551 0.630508
vt 0.491518 0.619934
vt 0.494089 0.602109
vt 0.813594 0.425538
vt 0.802695 0.441348
vt 0.785206 0.440039
vt 0.785206 0.440039
vt 0.806154 0.408029
vt 0.813594 0.425538
vt 0.785206 0.440039
vt 0.777822 0.423512
vt 0.806154 0.408029
vt 0.777822 0.423512
vt 0.787909 0.40729
vt 0.806154 0.408029
vt 0.615322 0.0771374
vt 0.630079 0.0888835
vt 0.627357 0.108763
vt 0.0680079 0.591443
vt 0.0830563 0.603499
vt 0.0451022 0.61635
vt 0.0830563 0.603499
vt 0.0601422 0.628399
vt 0.0451022 0.61635
vt 0.0830563 0.603499
vt 0.079134 0.621926
vt 0.0601422 0.628399
vt 0.657527 0.0264
vt 0.671242 0.0373508
vt 0.669007 0.0542721
vt 0.669007 0.0542721
vt 0.651027 0.0618399
vt 0.657527 0.0264
vt 0.651027 0.0618399
vt 0.640844 0.0318077
vt 0.657527 0.0264
vt 0.651027 0.0618399
vt 0.63665 0.0503849
vt 0.640844 0.0318077
vt 0.156994 0.510931
vt 0.15753 0.493424
vt 0.172387 0.484819
vt 0.172387 0.484819
vt 0.172502 0.519646
vt 0.156994 0.510931
vt 0.848923 0.160066
vt 0.83297 0.168721
vt 0.822601 0.141927
vt 0.83297 0.168721
vt 0.819353 0.160125
vt 0.822601 0.141927
vt 0.558268 0.603788
vt 0.556761 0.623505
vt 0.538475 0.63277
vt 0.538475 0.63277
vt 0.542029 0.594016
vt 0.558268 0.603788
vt 0.538475 0.63277
vt 0.522653 0.622121
vt 0.542029 0.594016
vt 0.522653 0.622121
vt 0.524761 0.603135
vt 0.542029 0.594016
vt 0.63665 0.0503849
vt 0.651027 0.0618399
vt 0.648288 0.0806614
vt 0.648288 0.0806614
vt 0.630079 0.0888835
vt 0.63665 0.0503849
vt 0.630079 0.0888835
vt 0.619118 0.0573825
vt 0.63665 0.0503849
vt 0.630079 0.0888835
vt 0.615322 0.0771374
vt 0.619118 0.0573825
vt 0.592635 0.603965
vt 0.591852 0.623945
vt 0.573609 0.633967
vt 0.573609 0.633967
vt 0.575872 0.594211
vt 0.592635 0.603965
vt 0.573609 0.633967
vt 0.556761 0.623505
vt 0.575872 0.594211
vt 0.556761 0.623505
vt 0.558268 0.603788
vt 0.575872 0.594211
vt 0.556761 0.623505
vt 0.573609 0.633967
vt 0.571817 0.654175
vt 0.571817 0.654175
vt 0.538475 0.63277
vt 0.556761 0.623505
vt 0.571817 0.654175
vt 0.536427 0.652445
vt 0.538475 0.63277
vt 0.571817 0.654175
vt 0.552918 0.663386
vt 0.536427 0.652445
vt 0.0490532 0.164679
vt 0.029601 0.170461
vt 0.0138581 0.156227
vt 0.0138581 0.156227
vt 0.0178579 0.136277
vt 0.0490532 0.164679
vt 0.0178579 0.136277
vt 0.052859 0.144941
vt 0.0490532 0.164679
vt 0.0178579 0.136277
vt 0.0374242 0.130778
vt 0.052859 0.144941
vt 0.0374242 0.130778
vt 0.0178579 0.136277
vt 0.00303081 0.121537
vt 0.00303081 0.121537
vt 0.00791691 0.101901
vt 0.0374242 0.130778
vt 0.00791691 0.101901
vt 0.0417318 0.110985
vt 0.0374242 0.130778
vt 0.00791691 0.101901
vt 0.0270473 0.0968251
vt 0.0417318 0.110985
vt 0.816121 0.925786
vt 0.799951 0.937432
vt 0.78253 0.929169
vt 0.78253 0.929169
vt 0.781678 0.910082
vt 0.816121 0.925786
vt 0.000245117 0.0696641
vt 0.0319167 0.0782431
vt 0.0270473 0.0968251
vt 0.000245117 0.0696641
vt 0.0184835 0.0651614
vt 0.0319167 0.0782431
vt 0.785205 0.30439
vt 0.777826 0.320843
vt 0.759503 0.320801
vt 0.759503 0.320801
vt 0.774857 0.290297
vt 0.785205 0.30439
vt 0.759503 0.320801
vt 0.749346 0.304336
vt 0.774857 0.290297
vt 0.749346 0.304336
vt 0.75738 0.290266
vt 0.774857 0.290297
vt 0.625417 0.603619
vt 0.625275 0.623334
vt 0.608443 0.63388
vt 0.608443 0.63388
vt 0.609375 0.594127
vt 0.625417 0.603619
vt 0.608443 0.63388
vt 0.591852 0.623945
vt 0.609375 0.594127
vt 0.591852 0.623945
vt 0.592635 0.603965
vt 0.609375 0.594127
vt 0.522653 0.622121
vt 0.538475 0.63277
vt 0.536427 0.652445
vt 0.536427 0.652445
vt 0.50551 0.630508
vt 0.522653 0.622121
vt 0.536427 0.652445
vt 0.518371 0.660514
vt 0.50551 0.630508
vt 0.518371 0.660514
vt 0.503206 0.649186
vt 0.50551 0.630508
vt 0.963478 0.510061
vt 0.979415 0.518729
vt 0.979858 0.536478
vt 0.979858 0.536478
vt 0.951247 0.518782
vt 0.963478 0.510061
vt 0.979858 0.536478
vt 0.964339 0.544474
vt 0.951247 0.518782
vt 0.964339 0.544474
vt 0.951674 0.535189
vt 0.951247 0.518782
vt 0.573609 0.633967
vt 0.591852 0.623945
vt 0.608443 0.63388
vt 0.608443 0.63388
vt 0.606955 0.654087
vt 0.573609 0.633967
vt 0.606955 0.654087
vt 0.571817 0.654175
vt 0.573609 0.633967
vt 0.606955 0.654087
vt 0.588542 0.664377
vt 0.571817 0.654175
vt 0.235402 0.429848
vt 0.216398 0.432534
vt 0.20572 0.417851
vt 0.20572 0.417851
vt 0.244509 0.413124
vt 0.235402 0.429848
vt 0.20572 0.417851
vt 0.214973 0.40011
vt 0.244509 0.413124
vt 0.214973 0.40011
vt 0.234709 0.398029
vt 0.244509 0.413124
vt 0.0832344 0.171008
vt 0.0646102 0.177634
vt 0.0490532 0.164679
vt 0.0490532 0.164679
vt 0.052859 0.144941
vt 0.0832344 0.171008
vt 0.052859 0.144941
vt 0.0868187 0.151995
vt 0.0832344 0.171008
vt 0.052859 0.144941
vt 0.0719423 0.138895
vt 0.0868187 0.151995
vt 0.542015 0.575004
vt 0.542029 0.594016
vt 0.524761 0.603135
vt 0.524761 0.603135
vt 0.524764 0.565892
vt 0.542015 0.575004
vt 0.524761 0.603135
vt 0.510024 0.593593
vt 0.524764 0.565892
vt 0.510024 0.593593
vt 0.510031 0.575441
vt 0.524764 0.565892
vt 0.817927 0.986635
vt 0.80026 0.998214
vt 0.78301 0.989371
vt 0.78301 0.989371
vt 0.783263 0.969242
vt 0.817927 0.986635
vt 0.783263 0.969242
vt 0.818009 0.966251
vt 0.817927 0.986635
vt 0.783263 0.969242
vt 0.800605 0.957685
vt 0.818009 0.966251
vt 0.204462 0.385153
vt 0.214973 0.40011
vt 0.20572 0.417851
vt 0.20572 0.417851
vt 0.186007 0.421175
vt 0.204462 0.385153
vt 0.186007 0.421175
vt 0.184215 0.388281
vt 0.204462 0.385153
vt 0.186007 0.421175
vt 0.175001 0.406578
vt 0.184215 0.388281
vt 0.236432 0.460081
vt 0.218589 0.463242
vt 0.207988 0.449785
vt 0.207988 0.449785
vt 0.244954 0.444088
vt 0.236432 0.460081
vt 0.207988 0.449785
vt 0.216398 0.432534
vt 0.244954 0.444088
vt 0.216398 0.432534
vt 0.235402 0.429848
vt 0.244954 0.444088
vt 0.0719423 0.138895
vt 0.052859 0.144941
vt 0.0374242 0.130778
vt 0.0374242 0.130778
vt 0.0417318 0.110985
vt 0.0719423 0.138895
vt 0.0417318 0.110985
vt 0.0756028 0.119398
vt 0.0719423 0.138895
vt 0.0417318 0.110985
vt 0.0607932 0.105683
vt 0.0756028 0.119398
vt 0.575877 0.57472
vt 0.575872 0.594211
vt 0.558268 0.603788
vt 0.558268 0.603788
vt 0.55827 0.565189
vt 0.575877 0.57472
vt 0.558268 0.603788
vt 0.542029 0.594016
vt 0.55827 0.565189
vt 0.542029 0.594016
vt 0.542015 0.575004
vt 0.55827 0.565189
vt 0.800605 0.957685
vt 0.783263 0.969242
vt 0.765952 0.960223
vt 0.765952 0.960223
vt 0.765872 0.940382
vt 0.800605 0.957685
vt 0.765872 0.940382
vt 0.799951 0.937432
vt 0.800605 0.957685
vt 0.765872 0.940382
vt 0.78253 0.929169
vt 0.799951 0.937432
vt 0.78301 0.989371
vt 0.765345 0.999755
vt 0.748613 0.99025
vt 0.748613 0.99025
vt 0.748949 0.970858
vt 0.78301 0.989371
vt 0.748949 0.970858
vt 0.783263 0.969242
vt 0.78301 0.989371
vt 0.748949 0.970858
vt 0.765952 0.960223
vt 0.783263 0.969242
vt 0.207988 0.449785
vt 0.189286 0.453283
vt 0.177931 0.439321
vt 0.177931 0.439321
vt 0.216398 0.432534
vt 0.207988 0.449785
vt 0.177931 0.439321
vt 0.186007 0.421175
vt 0.216398 0.432534
vt 0.186007 0.421175
vt 0.20572 0.417851
vt 0.216398 0.432534
vt 0.223069 0.511524
vt 0.206988 0.517429
vt 0.193168 0.504113
vt 0.193168 0.504113
vt 0.225577 0.493577
vt 0.223069 0.511524
vt 0.193168 0.504113
vt 0.196505 0.485215
vt 0.225577 0.493577
vt 0.196505 0.485215
vt 0.212982 0.480525
vt 0.225577 0.493577
vt 0.0607932 0.105683
vt 0.0417318 0.110985
vt 0.0270473 0.0968251
vt 0.0270473 0.0968251
vt 0.0319167 0.0782431
vt 0.0607932 0.105683
vt 0.0319167 0.0782431
vt 0.0647113 0.0869838
vt 0.0607932 0.105683
vt 0.0319167 0.0782431
vt 0.0504999 0.0737463
vt 0.0647113 0.0869838
vt 0.60938 0.574636
vt 0.609375 0.594127
vt 0.592635 0.603965
vt 0.592635 0.603965
vt 0.592617 0.564881
vt 0.60938 0.574636
vt 0.592635 0.603965
vt 0.575872 0.594211
vt 0.592617 0.564881
vt 0.575872 0.594211
vt 0.575877 0.57472
vt 0.592617 0.564881
vt 0.0504999 0.0737463
vt 0.0319167 0.0782431
vt 0.0184835 0.0651614
vt 0.0184835 0.0651614
vt 0.0239774 0.0485484
vt 0.0504999 0.0737463
vt 0.0239774 0.0485484
vt 0.0547358 0.0568125
vt 0.0504999 0.0737463
vt 0.0239774 0.0485484
vt 0.0415962 0.0448647
vt 0.0547358 0.0568125
vt 0.204543 0.536315
vt 0.187754 0.5428
vt 0.172992 0.529511
vt 0.172992 0.529511
vt 0.206988 0.517429
vt 0.204543 0.536315
vt 0.172992 0.529511
vt 0.175916 0.509717
vt 0.206988 0.517429
vt 0.175916 0.509717
vt 0.193168 0.504113
vt 0.206988 0.517429
vt 0.263522 0.413124
vt 0.244509 0.413124
vt 0.234709 0.398029
vt 0.234709 0.398029
vt 0.273308 0.39802
vt 0.263522 0.413124
vt 0.234709 0.398029
vt 0.244255 0.381627
vt 0.273308 0.39802
vt 0.244255 0.381627
vt 0.263747 0.381626
vt 0.273308 0.39802
vt 0.25406 0.514252
vt 0.237764 0.52218
vt 0.223069 0.511524
vt 0.223069 0.511524
vt 0.225577 0.493577
vt 0.25406 0.514252
vt 0.225577 0.493577
vt 0.254053 0.49857
vt 0.25406 0.514252
vt 0.225577 0.493577
vt 0.24047 0.488721
vt 0.254053 0.49857
vt 0.662498 0.963311
vt 0.646983 0.972699
vt 0.630415 0.962584
vt 0.630415 0.962584
vt 0.661232 0.94306
vt 0.662498 0.963311
vt 0.630415 0.962584
vt 0.628698 0.942758
vt 0.661232 0.94306
vt 0.628698 0.942758
vt 0.644008 0.93264
vt 0.661232 0.94306
vt 0.697144 0.963001
vt 0.680293 0.973039
vt 0.662498 0.963311
vt 0.662498 0.963311
vt 0.661232 0.94306
vt 0.697144 0.963001
vt 0.661232 0.94306
vt 0.696489 0.942745
vt 0.697144 0.963001
vt 0.661232 0.94306
vt 0.678352 0.932528
vt 0.696489 0.942745
vt 0.71418 0.932012
vt 0.696489 0.942745
vt 0.678352 0.932528
vt 0.678352 0.932528
vt 0.678106 0.911284
vt 0.71418 0.932012
vt 0.678106 0.911284
vt 0.714085 0.911059
vt 0.71418 0.932012
vt 0.678106 0.911284
vt 0.696111 0.900548
vt 0.714085 0.911059
vt 0.731752 0.900679
vt 0.714085 0.911059
vt 0.696111 0.900548
vt 0.696111 0.900548
vt 0.696443 0.879685
vt 0.731752 0.900679
vt 0.696443 0.879685
vt 0.731774 0.880331
vt 0.731752 0.900679
vt 0.696443 0.879685
vt 0.714407 0.869833
vt 0.731774 0.880331
vt 0.748578 0.871238
vt 0.731774 0.880331
vt 0.714407 0.869833
vt 0.714407 0.869833
vt 0.714815 0.850545
vt 0.748578 0.871238
vt 0.714815 0.850545
vt 0.748323 0.852556
vt 0.748578 0.871238
vt 0.714815 0.850545
vt 0.732002 0.842336
vt 0.748323 0.852556
vt 0.748613 0.99025
vt 0.732078 0.999406
vt 0.715458 0.990449
vt 0.715458 0.990449
vt 0.714915 0.972091
vt 0.748613 0.99025
vt 0.714915 0.972091
vt 0.748949 0.970858
vt 0.748613 0.99025
vt 0.714915 0.972091
vt 0.731911 0.961676
vt 0.748949 0.970858
vt 0.263106 0.444069
vt 0.244954 0.444088
vt 0.235402 0.429848
vt 0.235402 0.429848
vt 0.272646 0.429821
vt 0.263106 0.444069
vt 0.235402 0.429848
vt 0.244509 0.413124
vt 0.272646 0.429821
vt 0.244509 0.413124
vt 0.263522 0.413124
vt 0.272646 0.429821
vt 0.765952 0.960223
vt 0.748949 0.970858
vt 0.731911 0.961676
vt 0.731911 0.961676
vt 0.731831 0.941835
vt 0.765952 0.960223
vt 0.731831 0.941835
vt 0.765872 0.940382
vt 0.765952 0.960223
vt 0.731831 0.941835
vt 0.748834 0.9312
vt 0.765872 0.940382
vt 0.78253 0.929169
vt 0.765872 0.940382
vt 0.748834 0.9312
vt 0.748834 0.9312
vt 0.748833 0.91101
vt 0.78253 0.929169
vt 0.748833 0.91101
vt 0.781678 0.910082
vt 0.78253 0.929169
vt 0.748833 0.91101
vt 0.765059 0.901125
vt 0.781678 0.910082
vt 0.883122 0.796375
vt 0.888928 0.815426
vt 0.874644 0.829629
vt 0.874644 0.829629
vt 0.855158 0.824346
vt 0.883122 0.796375
vt 0.855158 0.824346
vt 0.863721 0.791845
vt 0.883122 0.796375
vt 0.855158 0.824346
vt 0.850017 0.805587
vt 0.863721 0.791845
vt 0.715458 0.990449
vt 0.69921 0.999755
vt 0.68181 0.991476
vt 0.68181 0.991476
vt 0.680293 0.973039
vt 0.715458 0.990449
vt 0.680293 0.973039
vt 0.714915 0.972091
vt 0.715458 0.990449
vt 0.680293 0.973039
vt 0.697144 0.963001
vt 0.714915 0.972091
vt 0.262432 0.472745
vt 0.245655 0.472764
vt 0.236432 0.460081
vt 0.236432 0.460081
vt 0.271643 0.460054
vt 0.262432 0.472745
vt 0.236432 0.460081
vt 0.244954 0.444088
vt 0.271643 0.460054
vt 0.244954 0.444088
vt 0.263106 0.444069
vt 0.271643 0.460054
vt 0.797261 0.899288
vt 0.781678 0.910082
vt 0.765059 0.901125
vt 0.765059 0.901125
vt 0.764758 0.88175
vt 0.797261 0.899288
vt 0.764758 0.88175
vt 0.795488 0.881897
vt 0.797261 0.899288
vt 0.764758 0.88175
vt 0.779621 0.873346
vt 0.795488 0.881897
vt 0.731911 0.961676
vt 0.714915 0.972091
vt 0.697144 0.963001
vt 0.697144 0.963001
vt 0.696489 0.942745
vt 0.731911 0.961676
vt 0.696489 0.942745
vt 0.731831 0.941835
vt 0.731911 0.961676
vt 0.696489 0.942745
vt 0.71418 0.932012
vt 0.731831 0.941835
vt 0.237123 0.539316
vt 0.219943 0.547494
vt 0.204543 0.536315
vt 0.204543 0.536315
vt 0.206988 0.517429
vt 0.237123 0.539316
vt 0.206988 0.517429
vt 0.237764 0.52218
vt 0.237123 0.539316
vt 0.206988 0.517429
vt 0.223069 0.511524
vt 0.237764 0.52218
vt 0.8765 0.715327
vt 0.881104 0.730272
vt 0.867983 0.7429
vt 0.867983 0.7429
vt 0.850935 0.737337
vt 0.8765 0.715327
vt 0.850935 0.737337
vt 0.860754 0.7102
vt 0.8765 0.715327
vt 0.850935 0.737337
vt 0.848049 0.719486
vt 0.860754 0.7102
vt 0.696111 0.900548
vt 0.678106 0.911284
vt 0.660577 0.900883
vt 0.660577 0.900883
vt 0.661208 0.88
vt 0.696111 0.900548
vt 0.661208 0.88
vt 0.696443 0.879685
vt 0.696111 0.900548
vt 0.661208 0.88
vt 0.679051 0.869536
vt 0.696443 0.879685
vt 0.909434 0.819749
vt 0.888928 0.815426
vt 0.883122 0.796375
vt 0.883122 0.796375
vt 0.923693 0.804577
vt 0.909434 0.819749
vt 0.883122 0.796375
vt 0.89726 0.781802
vt 0.923693 0.804577
vt 0.89726 0.781802
vt 0.917288 0.785697
vt 0.923693 0.804577
vt 0.899076 0.733199
vt 0.90491 0.749721
vt 0.891492 0.763565
vt 0.891492 0.763565
vt 0.872589 0.75984
vt 0.899076 0.733199
vt 0.872589 0.75984
vt 0.881104 0.730272
vt 0.899076 0.733199
vt 0.872589 0.75984
vt 0.867983 0.7429
vt 0.881104 0.730272
vt 0.748834 0.9312
vt 0.731831 0.941835
vt 0.71418 0.932012
vt 0.71418 0.932012
vt 0.714085 0.911059
vt 0.748834 0.9312
vt 0.714085 0.911059
vt 0.748833 0.91101
vt 0.748834 0.9312
vt 0.714085 0.911059
vt 0.731752 0.900679
vt 0.748833 0.91101
vt 0.218979 0.565465
vt 0.201625 0.573109
vt 0.185846 0.561665
vt 0.185846 0.561665
vt 0.219943 0.547494
vt 0.218979 0.565465
vt 0.185846 0.561665
vt 0.187754 0.5428
vt 0.219943 0.547494
vt 0.187754 0.5428
vt 0.204543 0.536315
vt 0.219943 0.547494
vt 0.714407 0.869833
vt 0.696443 0.879685
vt 0.679051 0.869536
vt 0.679051 0.869536
vt 0.68019 0.85003
vt 0.714407 0.869833
vt 0.68019 0.85003
vt 0.714815 0.850545
vt 0.714407 0.869833
vt 0.68019 0.85003
vt 0.698024 0.840837
vt 0.714815 0.850545
vt 0.943845 0.808
vt 0.923693 0.804577
vt 0.917288 0.785697
vt 0.917288 0.785697
vt 0.956847 0.792566
vt 0.943845 0.808
vt 0.917288 0.785697
vt 0.930706 0.770915
vt 0.956847 0.792566
vt 0.930706 0.770915
vt 0.950106 0.774323
vt 0.956847 0.792566
vt 0.924059 0.753105
vt 0.930706 0.770915
vt 0.917288 0.785697
vt 0.917288 0.785697
vt 0.89726 0.781802
vt 0.924059 0.753105
vt 0.89726 0.781802
vt 0.90491 0.749721
vt 0.924059 0.753105
vt 0.89726 0.781802
vt 0.891492 0.763565
vt 0.90491 0.749721
vt 0.937045 0.704225
vt 0.927452 0.720366
vt 0.910073 0.718871
vt 0.910073 0.718871
vt 0.92831 0.687221
vt 0.937045 0.704225
vt 0.910073 0.718871
vt 0.9024 0.702508
vt 0.92831 0.687221
vt 0.9024 0.702508
vt 0.910898 0.686994
vt 0.92831 0.687221
vt 0.765059 0.901125
vt 0.748833 0.91101
vt 0.731752 0.900679
vt 0.731752 0.900679
vt 0.731774 0.880331
vt 0.765059 0.901125
vt 0.731774 0.880331
vt 0.764758 0.88175
vt 0.765059 0.901125
vt 0.731774 0.880331
vt 0.748578 0.871238
vt 0.764758 0.88175
vt 0.850017 0.805587
vt 0.855158 0.824346
vt 0.841946 0.837117
vt 0.841946 0.837117
vt 0.823654 0.831157
vt 0.850017 0.805587
vt 0.823654 0.831157
vt 0.831725 0.799628
vt 0.850017 0.805587
vt 0.823654 0.831157
vt 0.818499 0.812384
vt 0.831725 0.799628
vt 0.867983 0.7429
vt 0.872589 0.75984
vt 0.858904 0.773467
vt 0.858904 0.773467
vt 0.841079 0.767651
vt 0.867983 0.7429
vt 0.841079 0.767651
vt 0.850935 0.737337
vt 0.867983 0.7429
vt 0.841079 0.767651
vt 0.837644 0.748429
vt 0.850935 0.737337
vt 0.779621 0.873346
vt 0.764758 0.88175
vt 0.748578 0.871238
vt 0.748578 0.871238
vt 0.748323 0.852556
vt 0.779621 0.873346
vt 0.748323 0.852556
vt 0.778808 0.855644
vt 0.779621 0.873346
vt 0.748323 0.852556
vt 0.763824 0.845286
vt 0.778808 0.855644
vt 0.965461 0.689106
vt 0.955708 0.705629
vt 0.937045 0.704225
vt 0.937045 0.704225
vt 0.95583 0.671829
vt 0.965461 0.689106
vt 0.937045 0.704225
vt 0.92831 0.687221
vt 0.95583 0.671829
vt 0.92831 0.687221
vt 0.937302 0.671349
vt 0.95583 0.671829
vt 0.858904 0.773467
vt 0.863721 0.791845
vt 0.850017 0.805587
vt 0.850017 0.805587
vt 0.831725 0.799628
vt 0.858904 0.773467
vt 0.831725 0.799628
vt 0.841079 0.767651
vt 0.858904 0.773467
vt 0.831725 0.799628
vt 0.827496 0.780024
vt 0.841079 0.767651
vt 0.910898 0.686994
vt 0.9024 0.702508
vt 0.886661 0.7021
vt 0.886661 0.7021
vt 0.90063 0.672586
vt 0.910898 0.686994
vt 0.886661 0.7021
vt 0.877183 0.688771
vt 0.90063 0.672586
vt 0.877183 0.688771
vt 0.882546 0.674569
vt 0.90063 0.672586
vt 0.404519 0.855182
vt 0.423746 0.855347
vt 0.433987 0.873393
vt 0.433987 0.873393
vt 0.425032 0.891598
vt 0.404519 0.855182
vt 0.425032 0.891598
vt 0.395306 0.873227
vt 0.404519 0.855182
vt 0.425032 0.891598
vt 0.405558 0.891618
vt 0.395306 0.873227
vt 0.373804 0.838324
vt 0.393512 0.837881
vt 0.404519 0.855182
vt 0.404519 0.855182
vt 0.364553 0.855779
vt 0.373804 0.838324
vt 0.404519 0.855182
vt 0.395306 0.873227
vt 0.364553 0.855779
vt 0.395306 0.873227
vt 0.375048 0.873397
vt 0.364553 0.855779
vt 0.344123 0.823794
vt 0.363127 0.822502
vt 0.373804 0.838324
vt 0.373804 0.838324
vt 0.335024 0.84026
vt 0.344123 0.823794
vt 0.373804 0.838324
vt 0.364553 0.855779
vt 0.335024 0.84026
vt 0.364553 0.855779
vt 0.344806 0.856502
vt 0.335024 0.84026
vt 0.950106 0.774323
vt 0.930706 0.770915
vt 0.924059 0.753105
vt 0.924059 0.753105
vt 0.961913 0.758938
vt 0.950106 0.774323
vt 0.924059 0.753105
vt 0.935573 0.738117
vt 0.961913 0.758938
vt 0.935573 0.738117
vt 0.954053 0.740478
vt 0.961913 0.758938
vt 0.212982 0.480525
vt 0.196505 0.485215
vt 0.183414 0.471385
vt 0.183414 0.471385
vt 0.218589 0.463242
vt 0.212982 0.480525
vt 0.183414 0.471385
vt 0.189286 0.453283
vt 0.218589 0.463242
vt 0.189286 0.453283
vt 0.207988 0.449785
vt 0.218589 0.463242
vt 0.975457 0.795389
vt 0.956847 0.792566
vt 0.950106 0.774323
vt 0.950106 0.774323
vt 0.961913 0.758938
vt 0.975457 0.795389
vt 0.961913 0.758938
vt 0.987261 0.780023
vt 0.975457 0.795389
vt 0.961913 0.758938
vt 0.980502 0.761758
vt 0.987261 0.780023
vt 0.732002 0.842336
vt 0.714815 0.850545
vt 0.698024 0.840837
vt 0.698024 0.840837
vt 0.699784 0.822848
vt 0.732002 0.842336
vt 0.699784 0.822848
vt 0.733711 0.824774
vt 0.732002 0.842336
vt 0.699784 0.822848
vt 0.718279 0.814937
vt 0.733711 0.824774
vt 0.311246 0.579041
vt 0.314779 0.597901
vt 0.299317 0.608371
vt 0.299317 0.608371
vt 0.280941 0.600343
vt 0.311246 0.579041
vt 0.420132 0.961584
vt 0.393531 0.945327
vt 0.40453 0.928034
vt 0.420132 0.961584
vt 0.401599 0.961826
vt 0.393531 0.945327
vt 0.96455 0.724117
vt 0.954053 0.740478
vt 0.935573 0.738117
vt 0.935573 0.738117
vt 0.955708 0.705629
vt 0.96455 0.724117
vt 0.935573 0.738117
vt 0.927452 0.720366
vt 0.955708 0.705629
vt 0.927452 0.720366
vt 0.937045 0.704225
vt 0.955708 0.705629
vt 0.24047 0.488721
vt 0.225577 0.493577
vt 0.212982 0.480525
vt 0.212982 0.480525
vt 0.245655 0.472764
vt 0.24047 0.488721
vt 0.212982 0.480525
vt 0.218589 0.463242
vt 0.245655 0.472764
vt 0.218589 0.463242
vt 0.236432 0.460081
vt 0.245655 0.472764
vt 0.763824 0.845286
vt 0.748323 0.852556
vt 0.732002 0.842336
vt 0.732002 0.842336
vt 0.733711 0.824774
vt 0.763824 0.845286
vt 0.733711 0.824774
vt 0.765456 0.828517
vt 0.763824 0.845286
vt 0.733711 0.824774
vt 0.751676 0.818195
vt 0.765456 0.828517
vt 0.405558 0.891618
vt 0.425032 0.891598
vt 0.433987 0.909821
vt 0.433987 0.909821
vt 0.423731 0.927878
vt 0.405558 0.891618
vt 0.423731 0.927878
vt 0.395307 0.909989
vt 0.405558 0.891618
vt 0.423731 0.927878
vt 0.40453 0.928034
vt 0.395307 0.909989
vt 0.980502 0.761758
vt 0.961913 0.758938
vt 0.954053 0.740478
vt 0.954053 0.740478
vt 0.96455 0.724117
vt 0.980502 0.761758
vt 0.96455 0.724117
vt 0.991701 0.745628
vt 0.980502 0.761758
vt 0.96455 0.724117
vt 0.983647 0.726444
vt 0.991701 0.745628
vt 0.322261 0.655203
vt 0.338976 0.664321
vt 0.339653 0.681824
vt 0.339653 0.681824
vt 0.307314 0.665923
vt 0.322261 0.655203
vt 0.339653 0.681824
vt 0.325383 0.69207
vt 0.307314 0.665923
vt 0.325383 0.69207
vt 0.309699 0.685296
vt 0.307314 0.665923
vt 0.375042 0.90983
vt 0.395307 0.909989
vt 0.40453 0.928034
vt 0.40453 0.928034
vt 0.393531 0.945327
vt 0.375042 0.90983
vt 0.393531 0.945327
vt 0.364538 0.927429
vt 0.375042 0.90983
vt 0.393531 0.945327
vt 0.3738 0.944884
vt 0.364538 0.927429
vt 0.363129 0.960716
vt 0.371546 0.97639
vt 0.360969 0.989815
vt 0.360969 0.989815
vt 0.343113 0.988113
vt 0.363129 0.960716
vt 0.343113 0.988113
vt 0.344141 0.959434
vt 0.363129 0.960716
vt 0.343113 0.988113
vt 0.334578 0.973524
vt 0.344141 0.959434
vt 0.401614 0.821399
vt 0.42013 0.821631
vt 0.431286 0.83831
vt 0.431286 0.83831
vt 0.393512 0.837881
vt 0.401614 0.821399
vt 0.431286 0.83831
vt 0.423746 0.855347
vt 0.393512 0.837881
vt 0.423746 0.855347
vt 0.404519 0.855182
vt 0.393512 0.837881
vt 0.302313 0.62743
vt 0.320293 0.636435
vt 0.322261 0.655203
vt 0.322261 0.655203
vt 0.287006 0.638396
vt 0.302313 0.62743
vt 0.322261 0.655203
vt 0.307314 0.665923
vt 0.287006 0.638396
vt 0.307314 0.665923
vt 0.289951 0.658173
vt 0.287006 0.638396
vt 0.345049 0.891609
vt 0.365043 0.891609
vt 0.375042 0.90983
vt 0.375042 0.90983
vt 0.335264 0.909115
vt 0.345049 0.891609
vt 0.375042 0.90983
vt 0.364538 0.927429
vt 0.335264 0.909115
vt 0.364538 0.927429
vt 0.344801 0.926726
vt 0.335264 0.909115
vt 0.344801 0.926726
vt 0.364538 0.927429
vt 0.3738 0.944884
vt 0.3738 0.944884
vt 0.335025 0.942939
vt 0.344801 0.926726
vt 0.3738 0.944884
vt 0.363129 0.960716
vt 0.335025 0.942939
vt 0.363129 0.960716
vt 0.344141 0.959434
vt 0.335025 0.942939
vt 0.37155 0.806836
vt 0.390247 0.806129
vt 0.401614 0.821399
vt 0.401614 0.821399
vt 0.363127 0.822502
vt 0.37155 0.806836
vt 0.401614 0.821399
vt 0.393512 0.837881
vt 0.363127 0.822502
vt 0.393512 0.837881
vt 0.373804 0.838324
vt 0.363127 0.822502
vt 0.280941 0.600343
vt 0.299317 0.608371
vt 0.302313 0.62743
vt 0.302313 0.62743
vt 0.26562 0.611342
vt 0.280941 0.600343
vt 0.302313 0.62743
vt 0.287006 0.638396
vt 0.26562 0.611342
vt 0.287006 0.638396
vt 0.268611 0.630369
vt 0.26562 0.611342
vt 0.425434 0.009655
vt 0.425328 0.0275106
vt 0.40815 0.035184
vt 0.40815 0.035184
vt 0.408377 0.000245571
vt 0.425434 0.009655
vt 0.40815 0.035184
vt 0.393627 0.0254636
vt 0.408377 0.000245571
vt 0.393627 0.0254636
vt 0.393748 0.00841671
vt 0.408377 0.000245571
vt 0.129052 0.187825
vt 0.115489 0.176325
vt 0.119713 0.15844
vt 0.119713 0.15844
vt 0.147258 0.182318
vt 0.129052 0.187825
vt 0.119713 0.15844
vt 0.13844 0.152198
vt 0.147258 0.182318
vt 0.13844 0.152198
vt 0.152427 0.164524
vt 0.147258 0.182318
vt 0.280941 0.600343
vt 0.26562 0.611342
vt 0.24712 0.603913
vt 0.24712 0.603913
vt 0.244651 0.58658
vt 0.280941 0.600343
vt 0.244651 0.58658
vt 0.277433 0.582175
vt 0.280941 0.600343
vt 0.244651 0.58658
vt 0.259597 0.575862
vt 0.277433 0.582175
vt 0.66476 0.806208
vt 0.653053 0.795782
vt 0.65457 0.780301
vt 0.65457 0.780301
vt 0.66791 0.77372
vt 0.66476 0.806208
vt 0.66791 0.77372
vt 0.681234 0.800849
vt 0.66476 0.806208
vt 0.66791 0.77372
vt 0.682874 0.784099
vt 0.681234 0.800849
vt 0.13844 0.152198
vt 0.119713 0.15844
vt 0.105244 0.145637
vt 0.105244 0.145637
vt 0.108892 0.126155
vt 0.13844 0.152198
vt 0.108892 0.126155
vt 0.142727 0.132398
vt 0.13844 0.152198
vt 0.108892 0.126155
vt 0.127644 0.119176
vt 0.142727 0.132398
vt 0.0308766 0.567667
vt 0.0144537 0.555384
vt 0.016183 0.535754
vt 0.016183 0.535754
vt 0.0492856 0.560839
vt 0.0308766 0.567667
vt 0.016183 0.535754
vt 0.0349524 0.528478
vt 0.0492856 0.560839
vt 0.0349524 0.528478
vt 0.0516221 0.541288
vt 0.0492856 0.560839
vt 0.0516221 0.541288
vt 0.0349524 0.528478
vt 0.0376566 0.507651
vt 0.0376566 0.507651
vt 0.0708167 0.533503
vt 0.0516221 0.541288
vt 0.0376566 0.507651
vt 0.0736234 0.512964
vt 0.0708167 0.533503
vt 0.0376566 0.507651
vt 0.057146 0.499907
vt 0.0736234 0.512964
vt 0.0925702 0.505116
vt 0.0736234 0.512964
vt 0.057146 0.499907
vt 0.057146 0.499907
vt 0.0601876 0.479104
vt 0.0925702 0.505116
vt 0.0601876 0.479104
vt 0.0952392 0.484791
vt 0.0925702 0.505116
vt 0.0601876 0.479104
vt 0.0793606 0.471826
vt 0.0952392 0.484791
vt 0.113002 0.477743
vt 0.0952392 0.484791
vt 0.0793606 0.471826
vt 0.0793606 0.471826
vt 0.0821337 0.452237
vt 0.113002 0.477743
vt 0.0821337 0.452237
vt 0.115065 0.458701
vt 0.113002 0.477743
vt 0.0821337 0.452237
vt 0.100136 0.446119
vt 0.115065 0.458701
vt 0.735269 0.0596656
vt 0.751186 0.0698116
vt 0.75121 0.089927
vt 0.75121 0.089927
vt 0.734539 0.0987146
vt 0.735269 0.0596656
vt 0.734539 0.0987146
vt 0.719006 0.0682376
vt 0.735269 0.0596656
vt 0.734539 0.0987146
vt 0.718185 0.0872399
vt 0.719006 0.0682376
vt 0.927452 0.720366
vt 0.935573 0.738117
vt 0.924059 0.753105
vt 0.924059 0.753105
vt 0.90491 0.749721
vt 0.927452 0.720366
vt 0.90491 0.749721
vt 0.910073 0.718871
vt 0.927452 0.720366
vt 0.90491 0.749721
vt 0.899076 0.733199
vt 0.910073 0.718871
vt 0.75121 0.089927
vt 0.7669 0.101127
vt 0.765864 0.121154
vt 0.765864 0.121154
vt 0.734539 0.0987146
vt 0.75121 0.089927
vt 0.105227 0.537268
vt 0.120638 0.548133
vt 0.0994687 0.575368
vt 0.749183 0.129946
vt 0.733493 0.118757
vt 0.734539 0.0987146
vt 0.105227 0.537268
vt 0.108038 0.517488
vt 0.125309 0.5096
vt 0.125309 0.5096
vt 0.120638 0.548133
vt 0.105227 0.537268
vt 0.125309 0.5096
vt 0.140353 0.520183
vt 0.120638 0.548133
vt 0.140353 0.520183
vt 0.138537 0.538967
vt 0.120638 0.548133
vt 0.127644 0.119176
vt 0.108892 0.126155
vt 0.094047 0.113044
vt 0.094047 0.113044
vt 0.0972708 0.0931158
vt 0.127644 0.119176
vt 0.0972708 0.0931158
vt 0.131085 0.0985104
vt 0.127644 0.119176
vt 0.0972708 0.0931158
vt 0.115542 0.0855458
vt 0.131085 0.0985104
vt 0.749397 0.0307927
vt 0.765837 0.0401767
vt 0.7669 0.0601418
vt 0.7669 0.0601418
vt 0.751186 0.0698116
vt 0.749397 0.0307927
vt 0.751186 0.0698116
vt 0.734587 0.0406376
vt 0.749397 0.0307927
vt 0.751186 0.0698116
vt 0.735269 0.0596656
vt 0.734587 0.0406376
vt 0.9024 0.702508
vt 0.910073 0.718871
vt 0.899076 0.733199
vt 0.899076 0.733199
vt 0.881104 0.730272
vt 0.9024 0.702508
vt 0.881104 0.730272
vt 0.8765 0.715327
vt 0.9024 0.702508
vt 0.8765 0.715327
vt 0.886661 0.7021
vt 0.9024 0.702508
vt 0.125309 0.5096
vt 0.127549 0.490204
vt 0.143177 0.483304
vt 0.143177 0.483304
vt 0.140353 0.520183
vt 0.125309 0.5096
vt 0.143177 0.483304
vt 0.15753 0.493424
vt 0.140353 0.520183
vt 0.15753 0.493424
vt 0.156994 0.510931
vt 0.140353 0.520183
vt 0.0349524 0.528478
vt 0.016183 0.535754
vt 0.000245128 0.522485
vt 0.000245128 0.522485
vt 0.002749 0.501898
vt 0.0349524 0.528478
vt 0.002749 0.501898
vt 0.0376566 0.507651
vt 0.0349524 0.528478
vt 0.002749 0.501898
vt 0.0214009 0.494326
vt 0.0376566 0.507651
vt 0.115542 0.0855458
vt 0.0972708 0.0931158
vt 0.0826836 0.0807813
vt 0.0826836 0.0807813
vt 0.0856949 0.0616212
vt 0.115542 0.0855458
vt 0.0856949 0.0616212
vt 0.118365 0.065375
vt 0.115542 0.0855458
vt 0.0856949 0.0616212
vt 0.10308 0.0537266
vt 0.118365 0.065375
vt 0.0492856 0.560839
vt 0.0516221 0.541288
vt 0.0708167 0.533503
vt 0.0708167 0.533503
vt 0.0869159 0.545444
vt 0.0492856 0.560839
vt 0.0869159 0.545444
vt 0.0656078 0.572084
vt 0.0492856 0.560839
vt 0.0869159 0.545444
vt 0.0840664 0.564509
vt 0.0656078 0.572084
vt 0.491518 0.619934
vt 0.50551 0.630508
vt 0.503206 0.649186
vt 0.503206 0.649186
vt 0.474806 0.62552
vt 0.491518 0.619934
vt 0.503206 0.649186
vt 0.485735 0.655026
vt 0.474806 0.62552
vt 0.485735 0.655026
vt 0.471258 0.641968
vt 0.474806 0.62552
vt 0.0719127 0.0508948
vt 0.0547358 0.0568125
vt 0.0415962 0.0448647
vt 0.0415962 0.0448647
vt 0.0462407 0.0301477
vt 0.0719127 0.0508948
vt 0.0462407 0.0301477
vt 0.0748772 0.0334084
vt 0.0719127 0.0508948
vt 0.0462407 0.0301477
vt 0.0621164 0.0246783
vt 0.0748772 0.0334084
vt 0.057146 0.499907
vt 0.0376566 0.507651
vt 0.0214009 0.494326
vt 0.0214009 0.494326
vt 0.0247608 0.473579
vt 0.057146 0.499907
vt 0.0247608 0.473579
vt 0.044062 0.466078
vt 0.057146 0.499907
vt 0.044062 0.466078
vt 0.0601876 0.479104
vt 0.057146 0.499907
vt 0.149836 0.090809
vt 0.131085 0.0985104
vt 0.115542 0.0855458
vt 0.115542 0.0855458
vt 0.118365 0.065375
vt 0.149836 0.090809
vt 0.118365 0.065375
vt 0.136515 0.0575857
vt 0.149836 0.090809
vt 0.136515 0.0575857
vt 0.152427 0.0700784
vt 0.149836 0.090809
vt 0.10308 0.0537266
vt 0.0856949 0.0616212
vt 0.0719127 0.0508948
vt 0.0719127 0.0508948
vt 0.0748772 0.0334084
vt 0.10308 0.0537266
vt 0.0748772 0.0334084
vt 0.0910017 0.0254459
vt 0.10308 0.0537266
vt 0.0910017 0.0254459
vt 0.105554 0.0351656
vt 0.10308 0.0537266
vt 0.0708167 0.533503
vt 0.0736234 0.512964
vt 0.0925702 0.505116
vt 0.0925702 0.505116
vt 0.0869159 0.545444
vt 0.0708167 0.533503
vt 0.0925702 0.505116
vt 0.108038 0.517488
vt 0.0869159 0.545444
vt 0.108038 0.517488
vt 0.105227 0.537268
vt 0.0869159 0.545444
vt 0.0975291 0.182512
vt 0.0832344 0.171008
vt 0.0868187 0.151995
vt 0.0868187 0.151995
vt 0.115489 0.176325
vt 0.0975291 0.182512
vt 0.0868187 0.151995
vt 0.105244 0.145637
vt 0.115489 0.176325
vt 0.105244 0.145637
vt 0.119713 0.15844
vt 0.115489 0.176325
vt 0.0601876 0.479104
vt 0.044062 0.466078
vt 0.047581 0.446362
vt 0.047581 0.446362
vt 0.0793606 0.471826
vt 0.0601876 0.479104
vt 0.047581 0.446362
vt 0.0665286 0.439745
vt 0.0793606 0.471826
vt 0.0665286 0.439745
vt 0.0821337 0.452237
vt 0.0793606 0.471826
vt 0.0247608 0.473579
vt 0.00966479 0.460945
vt 0.0138255 0.441572
vt 0.0138255 0.441572
vt 0.044062 0.466078
vt 0.0247608 0.473579
vt 0.0138255 0.441572
vt 0.0324474 0.434424
vt 0.044062 0.466078
vt 0.0324474 0.434424
vt 0.047581 0.446362
vt 0.044062 0.466078
vt 0.136515 0.0575857
vt 0.118365 0.065375
vt 0.10308 0.0537266
vt 0.10308 0.0537266
vt 0.105554 0.0351656
vt 0.136515 0.0575857
vt 0.105554 0.0351656
vt 0.122668 0.0274765
vt 0.136515 0.0575857
vt 0.122668 0.0274765
vt 0.138393 0.0383145
vt 0.136515 0.0575857
vt 0.30688 0.959434
vt 0.316443 0.973524
vt 0.307897 0.988114
vt 0.307897 0.988114
vt 0.29007 0.989823
vt 0.30688 0.959434
vt 0.29007 0.989823
vt 0.287874 0.960708
vt 0.30688 0.959434
vt 0.29007 0.989823
vt 0.279458 0.976383
vt 0.287874 0.960708
vt 0.0925702 0.505116
vt 0.0952392 0.484791
vt 0.113002 0.477743
vt 0.113002 0.477743
vt 0.108038 0.517488
vt 0.0925702 0.505116
vt 0.113002 0.477743
vt 0.127549 0.490204
vt 0.108038 0.517488
vt 0.127549 0.490204
vt 0.125309 0.5096
vt 0.108038 0.517488
vt 0.105244 0.145637
vt 0.0868187 0.151995
vt 0.0719423 0.138895
vt 0.0719423 0.138895
vt 0.0756028 0.119398
vt 0.105244 0.145637
vt 0.0756028 0.119398
vt 0.108892 0.126155
vt 0.105244 0.145637
vt 0.0756028 0.119398
vt 0.094047 0.113044
vt 0.108892 0.126155
vt 0.0826836 0.0807813
vt 0.0647113 0.0869838
vt 0.0504999 0.0737463
vt 0.0504999 0.0737463
vt 0.0547358 0.0568125
vt 0.0826836 0.0807813
vt 0.0547358 0.0568125
vt 0.0856949 0.0616212
vt 0.0826836 0.0807813
vt 0.0547358 0.0568125
vt 0.0719127 0.0508948
vt 0.0856949 0.0616212
vt 0.113002 0.477743
vt 0.115065 0.458701
vt 0.131155 0.453005
vt 0.131155 0.453005
vt 0.127549 0.490204
vt 0.113002 0.477743
vt 0.131155 0.453005
vt 0.14455 0.465224
vt 0.127549 0.490204
vt 0.14455 0.465224
vt 0.143177 0.483304
vt 0.127549 0.490204
vt 0.277205 0.944895
vt 0.287874 0.960708
vt 0.279458 0.976383
vt 0.279458 0.976383
vt 0.260762 0.977089
vt 0.277205 0.944895
vt 0.260762 0.977089
vt 0.25749 0.945328
vt 0.277205 0.944895
vt 0.260762 0.977089
vt 0.24942 0.96181
vt 0.25749 0.945328
vt 0.094047 0.113044
vt 0.0756028 0.119398
vt 0.0607932 0.105683
vt 0.0607932 0.105683
vt 0.0647113 0.0869838
vt 0.094047 0.113044
vt 0.0647113 0.0869838
vt 0.0972708 0.0931158
vt 0.094047 0.113044
vt 0.0647113 0.0869838
vt 0.0826836 0.0807813
vt 0.0972708 0.0931158
vt 0.246507 0.928045
vt 0.25749 0.945328
vt 0.24942 0.96181
vt 0.24942 0.96181
vt 0.230889 0.961586
vt 0.246507 0.928045
vt 0.230889 0.961586
vt 0.227279 0.92788
vt 0.246507 0.928045
vt 0.230889 0.961586
vt 0.219739 0.944917
vt 0.227279 0.92788
vt 0.255713 0.909991
vt 0.275977 0.909812
vt 0.286471 0.92743
vt 0.286471 0.92743
vt 0.246507 0.928045
vt 0.255713 0.909991
vt 0.286471 0.92743
vt 0.277205 0.944895
vt 0.246507 0.928045
vt 0.277205 0.944895
vt 0.25749 0.945328
vt 0.246507 0.928045
vt 0.255713 0.873229
vt 0.27596 0.873397
vt 0.285965 0.891609
vt 0.285965 0.891609
vt 0.245462 0.89162
vt 0.255713 0.873229
vt 0.285965 0.891609
vt 0.275977 0.909812
vt 0.245462 0.89162
vt 0.275977 0.909812
vt 0.255713 0.909991
vt 0.245462 0.89162
vt 0.257495 0.837882
vt 0.277203 0.838324
vt 0.28647 0.855789
vt 0.28647 0.855789
vt 0.246505 0.855193
vt 0.257495 0.837882
vt 0.28647 0.855789
vt 0.27596 0.873397
vt 0.246505 0.855193
vt 0.27596 0.873397
vt 0.255713 0.873229
vt 0.246505 0.855193
vt 0.26076 0.80613
vt 0.279472 0.806846
vt 0.28789 0.822502
vt 0.28789 0.822502
vt 0.249419 0.821409
vt 0.26076 0.80613
vt 0.28789 0.822502
vt 0.277203 0.838324
vt 0.249419 0.821409
vt 0.277203 0.838324
vt 0.257495 0.837882
vt 0.249419 0.821409
vt 0.315755 0.909115
vt 0.335264 0.909115
vt 0.344801 0.926726
vt 0.344801 0.926726
vt 0.306219 0.926726
vt 0.315755 0.909115
vt 0.344801 0.926726
vt 0.335025 0.942939
vt 0.306219 0.926726
vt 0.335025 0.942939
vt 0.315995 0.942939
vt 0.306219 0.926726
vt 0.719224 0.0321899
vt 0.734587 0.0406376
vt 0.735269 0.0596656
vt 0.735269 0.0596656
vt 0.719006 0.0682376
vt 0.719224 0.0321899
vt 0.719006 0.0682376
vt 0.703709 0.04039
vt 0.719224 0.0321899
vt 0.719006 0.0682376
vt 0.702755 0.0574484
vt 0.703709 0.04039
vt 0.315761 0.874093
vt 0.335247 0.874093
vt 0.345049 0.891609
vt 0.345049 0.891609
vt 0.305959 0.891609
vt 0.315761 0.874093
vt 0.345049 0.891609
vt 0.335264 0.909115
vt 0.305959 0.891609
vt 0.335264 0.909115
vt 0.315755 0.909115
vt 0.305959 0.891609
vt 0.306219 0.926726
vt 0.315995 0.942939
vt 0.30688 0.959434
vt 0.30688 0.959434
vt 0.287874 0.960708
vt 0.306219 0.926726
vt 0.287874 0.960708
vt 0.286471 0.92743
vt 0.306219 0.926726
vt 0.287874 0.960708
vt 0.277205 0.944895
vt 0.286471 0.92743
vt 0.465972 0.598048
vt 0.461718 0.612928
vt 0.444832 0.615383
vt 0.719224 0.0321899
vt 0.703709 0.04039
vt 0.703967 0.00862044
vt 0.703709 0.04039
vt 0.689605 0.0162002
vt 0.703967 0.00862044
vt 0.703709 0.04039
vt 0.688218 0.0309374
vt 0.689605 0.0162002
vt 0.316425 0.809684
vt 0.334593 0.809684
vt 0.344123 0.823794
vt 0.344123 0.823794
vt 0.306879 0.823784
vt 0.316425 0.809684
vt 0.344123 0.823794
vt 0.335024 0.84026
vt 0.306879 0.823784
vt 0.335024 0.84026
vt 0.316011 0.84027
vt 0.306879 0.823784
vt 0.225992 0.89161
vt 0.245462 0.89162
vt 0.255713 0.909991
vt 0.255713 0.909991
vt 0.217038 0.909834
vt 0.225992 0.89161
vt 0.255713 0.909991
vt 0.246507 0.928045
vt 0.217038 0.909834
vt 0.246507 0.928045
vt 0.227279 0.92788
vt 0.217038 0.909834
vt 0.955695 0.180526
vt 0.96457 0.199018
vt 0.954116 0.21538
vt 0.954116 0.21538
vt 0.935663 0.213057
vt 0.955695 0.180526
vt 0.935663 0.213057
vt 0.937066 0.179151
vt 0.955695 0.180526
vt 0.935663 0.213057
vt 0.927524 0.195313
vt 0.937066 0.179151
vt 0.285965 0.891609
vt 0.305959 0.891609
vt 0.315755 0.909115
vt 0.315755 0.909115
vt 0.275977 0.909812
vt 0.285965 0.891609
vt 0.315755 0.909115
vt 0.306219 0.926726
vt 0.275977 0.909812
vt 0.306219 0.926726
vt 0.286471 0.92743
vt 0.275977 0.909812
vt 0.695043 0.811171
vt 0.681234 0.800849
vt 0.682874 0.784099
vt 0.682874 0.784099
vt 0.698376 0.776807
vt 0.695043 0.811171
vt 0.698376 0.776807
vt 0.713009 0.804591
vt 0.695043 0.811171
vt 0.698376 0.776807
vt 0.714727 0.787034
vt 0.713009 0.804591
vt 0.0910017 0.0254459
vt 0.0748772 0.0334084
vt 0.0621164 0.0246783
vt 0.0621164 0.0246783
vt 0.0621508 0.00895548
vt 0.0910017 0.0254459
vt 0.0621508 0.00895548
vt 0.0749423 0.000410914
vt 0.0910017 0.0254459
vt 0.0749423 0.000410914
vt 0.0910393 0.00843459
vt 0.0910017 0.0254459
vt 0.227278 0.85534
vt 0.246505 0.855193
vt 0.255713 0.873229
vt 0.255713 0.873229
vt 0.217037 0.873406
vt 0.227278 0.85534
vt 0.255713 0.873229
vt 0.245462 0.89162
vt 0.217037 0.873406
vt 0.245462 0.89162
vt 0.225992 0.89161
vt 0.217037 0.873406
vt 0.965385 0.163975
vt 0.984429 0.165664
vt 0.993784 0.184486
vt 0.993784 0.184486
vt 0.955695 0.180526
vt 0.965385 0.163975
vt 0.993784 0.184486
vt 0.9836 0.201306
vt 0.955695 0.180526
vt 0.9836 0.201306
vt 0.96457 0.199018
vt 0.955695 0.180526
vt 0.28647 0.855789
vt 0.306201 0.856502
vt 0.315761 0.874093
vt 0.315761 0.874093
vt 0.27596 0.873397
vt 0.28647 0.855789
vt 0.315761 0.874093
vt 0.305959 0.891609
vt 0.27596 0.873397
vt 0.305959 0.891609
vt 0.285965 0.891609
vt 0.27596 0.873397
vt 0.728418 0.814446
vt 0.713009 0.804591
vt 0.714727 0.787034
vt 0.714727 0.787034
vt 0.731874 0.778823
vt 0.728418 0.814446
vt 0.731874 0.778823
vt 0.746925 0.80652
vt 0.728418 0.814446
vt 0.731874 0.778823
vt 0.748685 0.788532
vt 0.746925 0.80652
vt 0.0703032 0.421287
vt 0.0551485 0.409355
vt 0.0593797 0.391172
vt 0.0593797 0.391172
vt 0.0896094 0.415679
vt 0.0703032 0.421287
vt 0.0593797 0.391172
vt 0.0793901 0.385252
vt 0.0896094 0.415679
vt 0.0793901 0.385252
vt 0.0944746 0.397871
vt 0.0896094 0.415679
vt 0.9283 0.162158
vt 0.937216 0.146249
vt 0.955707 0.146699
vt 0.955707 0.146699
vt 0.965385 0.163975
vt 0.9283 0.162158
vt 0.965385 0.163975
vt 0.937066 0.179151
vt 0.9283 0.162158
vt 0.965385 0.163975
vt 0.955695 0.180526
vt 0.937066 0.179151
vt 0.28789 0.822502
vt 0.306879 0.823784
vt 0.316011 0.84027
vt 0.316011 0.84027
vt 0.277203 0.838324
vt 0.28789 0.822502
vt 0.316011 0.84027
vt 0.306201 0.856502
vt 0.277203 0.838324
vt 0.306201 0.856502
vt 0.28647 0.855789
vt 0.277203 0.838324
vt 0.980505 0.23663
vt 0.987237 0.254865
vt 0.975465 0.270247
vt 0.975465 0.270247
vt 0.956909 0.267461
vt 0.980505 0.23663
vt 0.956909 0.267461
vt 0.96195 0.233843
vt 0.980505 0.23663
vt 0.956909 0.267461
vt 0.950187 0.249227
vt 0.96195 0.233843
vt 0.105554 0.0351656
vt 0.0910017 0.0254459
vt 0.0910393 0.00843459
vt 0.0910393 0.00843459
vt 0.122668 0.0274765
vt 0.105554 0.0351656
vt 0.0910393 0.00843459
vt 0.105631 0.000245988
vt 0.122668 0.0274765
vt 0.105631 0.000245988
vt 0.122708 0.00965768
vt 0.122668 0.0274765
vt 0.0138255 0.441572
vt 0.00024514 0.430523
vt 0.00392653 0.412518
vt 0.00392653 0.412518
vt 0.0324474 0.434424
vt 0.0138255 0.441572
vt 0.00392653 0.412518
vt 0.0213031 0.405004
vt 0.0324474 0.434424
vt 0.0213031 0.405004
vt 0.0362135 0.415959
vt 0.0324474 0.434424
vt 0.047581 0.446362
vt 0.0324474 0.434424
vt 0.0362135 0.415959
vt 0.0362135 0.415959
vt 0.0665286 0.439745
vt 0.047581 0.446362
vt 0.0362135 0.415959
vt 0.0551485 0.409355
vt 0.0665286 0.439745
vt 0.0551485 0.409355
vt 0.0703032 0.421287
vt 0.0665286 0.439745
vt 0.0821337 0.452237
vt 0.0665286 0.439745
vt 0.0703032 0.421287
vt 0.0703032 0.421287
vt 0.100136 0.446119
vt 0.0821337 0.452237
vt 0.0703032 0.421287
vt 0.10381 0.428107
vt 0.100136 0.446119
vt 0.0703032 0.421287
vt 0.0896094 0.415679
vt 0.10381 0.428107
vt 0.131155 0.453005
vt 0.115065 0.458701
vt 0.100136 0.446119
vt 0.100136 0.446119
vt 0.10381 0.428107
vt 0.131155 0.453005
vt 0.10381 0.428107
vt 0.134662 0.435808
vt 0.131155 0.453005
vt 0.10381 0.428107
vt 0.122271 0.423422
vt 0.134662 0.435808
vt 0.886714 0.177084
vt 0.902453 0.177477
vt 0.910142 0.193847
vt 0.910142 0.193847
vt 0.899188 0.208172
vt 0.886714 0.177084
vt 0.899188 0.208172
vt 0.876575 0.190344
vt 0.886714 0.177084
vt 0.899188 0.208172
vt 0.881194 0.205278
vt 0.876575 0.190344
vt 0.290057 0.793394
vt 0.307913 0.795097
vt 0.316425 0.809684
vt 0.316425 0.809684
vt 0.279472 0.806846
vt 0.290057 0.793394
vt 0.316425 0.809684
vt 0.306879 0.823784
vt 0.279472 0.806846
vt 0.306879 0.823784
vt 0.28789 0.822502
vt 0.279472 0.806846
vt 0.927524 0.195313
vt 0.935663 0.213057
vt 0.924176 0.228081
vt 0.924176 0.228081
vt 0.905057 0.224713
vt 0.927524 0.195313
vt 0.905057 0.224713
vt 0.910142 0.193847
vt 0.927524 0.195313
vt 0.905057 0.224713
vt 0.899188 0.208172
vt 0.910142 0.193847
vt 0.954116 0.21538
vt 0.96195 0.233843
vt 0.950187 0.249227
vt 0.950187 0.249227
vt 0.930825 0.24586
vt 0.954116 0.21538
vt 0.930825 0.24586
vt 0.935663 0.213057
vt 0.954116 0.21538
vt 0.930825 0.24586
vt 0.924176 0.228081
vt 0.935663 0.213057
vt 0.335025 0.942939
vt 0.344141 0.959434
vt 0.334578 0.973524
vt 0.334578 0.973524
vt 0.316443 0.973524
vt 0.335025 0.942939
vt 0.316443 0.973524
vt 0.315995 0.942939
vt 0.335025 0.942939
vt 0.316443 0.973524
vt 0.30688 0.959434
vt 0.315995 0.942939
vt 0.0621164 0.0246783
vt 0.0462407 0.0301477
vt 0.0364658 0.0178011
vt 0.0364658 0.0178011
vt 0.046302 0.00468844
vt 0.0621164 0.0246783
vt 0.046302 0.00468844
vt 0.0621508 0.00895548
vt 0.0621164 0.0246783
usemtl cb364832b9994b768dba6245e6b3f51b_visual_0
f 1/1/1 2/2/2 3/3/3
f 4/4/4 5/5/5 6/6/6
f 7/7/7 8/8/8 9/9/9
f 10/10/10 11/11/11 12/12/12
f 13/13/13 14/14/14 15/15/15
f 16/16/16 17/17/17 18/18/18
f 19/19/19 20/20/20 21/21/21
f 22/22/22 23/23/23 24/24/24
f 25/25/25 26/26/26 27/27/27
f 28/28/28 29/29/29 30/30/30
f 31/31/31 32/32/32 33/33/33
f 34/34/34 35/35/35 36/36/36
f 37/37/37 38/38/38 39/39/39
f 40/40/40 41/41/41 42/42/42
f 43/43/43 44/44/44 45/45/45
f 46/46/46 47/47/47 48/48/48
f 49/49/49 50/50/50 51/51/51
f 52/52/52 53/53/53 54/54/54
f 55/55/55 56/56/56 57/57/57
f 58/58/58 59/59/59 60/60/60
f 61/61/61 62/62/62 63/63/63
f 64/64/64 65/65/65 66/66/66
f 67/67/67 68/68/68 69/69/69
f 70/70/70 71/71/71 72/72/72
f 73/73/73 74/74/74 75/75/75
f 76/76/76 77/77/77 78/78/78
f 79/79/79 80/80/80 81/81/81
f 82/82/82 83/83/83 84/84/84
f 85/85/85 86/86/86 87/87/87
f 88/88/88 89/89/89 90/90/90
f 91/91/91 92/92/92 93/93/93
f 94/94/94 95/95/95 96/96/96
f 97/97/97 98/98/98 99/99/99
f 100/100/100 101/101/101 102/102/102
f 103/103/103 104/104/104 105/105/105
f 106/106/106 107/107/107 108/108/108
f 109/109/109 110/110/110 111/111/111
f 112/112/112 113/113/113 114/114/114
f 115/115/115 116/116/116 117/117/117
f 118/118/118 119/119/119 120/120/120
f 121/121/121 122/122/122 123/123/123
f 124/124/124 125/125/125 126/126/126
f 127/127/127 128/128/128 129/129/129
f 130/130/130 131/131/131 132/132/132
f 133/133/133 134/134/134 135/135/135
f 136/136/136 137/137/137 138/138/138
f 139/139/139 140/140/140 141/141/141
f 142/142/142 143/143/143 144/144/144
f 145/145/145 146/146/146 147/147/147
f 148/148/148 149/149/149 150/150/150
f 151/151/151 152/152/152 153/153/153
f 154/154/154 155/155/155 156/156/156
f 157/157/157 158/158/158 159/159/159
f 160/160/160 161/161/161 162/162/162
f 163/163/163 164/164/164 165/165/165
f 166/166/166 167/167/167 168/168/168
f 169/169/169 170/170/170 171/171/171
f 172/172/172 173/173/173 174/174/174
f 175/175/175 176/176/176 177/177/177
f 178/178/178 179/179/179 180/180/180
f 181/181/181 182/182/182 183/183/183
f 184/184/184 185/185/185 186/186/186
f 187/187/187 188/188/188 189/189/189
f 190/190/190 191/191/191 192/192/192
f 193/193/193 194/194/194 195/195/195
f 196/196/196 197/197/197 198/198/198
f 199/199/199 200/200/200 201/201/201
f 202/202/202 203/203/203 204/204/204
f 205/205/205 206/206/206 207/207/207
f 208/208/208 209/209/209 210/210/210
f 211/211/211 212/212/212 213/213/213
f 214/214/214 215/215/215 216/216/216
f 217/217/217 218/218/218 219/219/219
f 220/220/220 221/221/221 222/222/222
f 223/223/223 224/224/224 225/225/225
f 226/226/226 227/227/227 228/228/228
f 229/229/229 230/230/230 231/231/231
f 232/232/232 233/233/233 234/234/234
f 235/235/235 236/236/236 237/237/237
f 238/238/238 239/239/239 240/240/240
f 241/241/241 242/242/242 243/243/243
f 244/244/244 245/245/245 246/246/246
f 247/247/247 248/248/248 249/249/249
f 250/250/250 251/251/251 252/252/252
f 253/253/253 254/254/254 255/255/255
f 256/256/256 257/257/257 258/258/258
f 259/259/259 260/260/260 261/261/261
f 262/262/262 263/263/263 264/264/264
f 265/265/265 266/266/266 267/267/267
f 268/268/268 269/269/269 270/270/270
f 271/271/271 272/272/272 273/273/273
f 274/274/274 275/275/275 276/276/276
f 277/277/277 278/278/278 279/279/279
f 280/280/280 281/281/281 282/282/282
f 283/283/283 284/284/284 285/285/285
f 286/286/286 287/287/287 288/288/288
f 289/289/289 290/290/290 291/291/291
f 292/292/292 293/293/293 294/294/294
f 295/295/295 296/296/296 297/297/297
f 298/298/298 299/299/299 300/300/300
f 301/301/301 302/302/302 303/303/303
f 304/304/304 305/305/305 306/306/306
f 307/307/307 308/308/308 309/309/309
f 310/310/310 311/311/311 312/312/312
f 313/313/313 314/314/314 315/315/315
f 316/316/316 317/317/317 318/318/318
f 319/319/319 320/320/320 321/321/321
f 322/322/322 323/323/323 324/324/324
f 325/325/325 326/326/326 327/327/327
f 328/328/328 329/329/329 330/330/330
f 331/331/331 332/332/332 333/333/333
f 334/334/334 335/335/335 336/336/336
f 337/337/337 338/338/338 339/339/339
f 340/340/340 341/341/341 342/342/342
f 343/343/343 344/344/344 345/345/345
f 346/346/346 347/347/347 348/348/348
f 349/349/349 350/350/350 351/351/351
f 352/352/352 353/353/353 354/354/354
f 355/355/355 356/356/356 357/357/357
f 358/358/358 359/359/359 360/360/360
f 361/361/361 362/362/362 363/363/363
f 364/364/364 365/365/365 366/366/366
f 367/367/367 368/368/368 369/369/369
f 370/370/370 371/371/371 372/372/372
f 373/373/373 374/374/374 375/375/375
f 376/376/376 377/377/377 378/378/378
f 379/379/379 380/380/380 381/381/381
f 382/382/382 383/383/383 384/384/384
f 385/385/385 386/386/386 387/387/387
f 388/388/388 389/389/389 390/390/390
f 391/391/391 392/392/392 393/393/393
f 394/394/394 395/395/395 396/396/396
f 397/397/397 398/398/398 399/399/399
f 400/400/400 401/401/401 402/402/402
f 403/403/403 404/404/404 405/405/405
f 406/406/406 407/407/407 408/408/408
f 409/409/409 410/410/410 411/411/411
f 412/412/412 413/413/413 414/414/414
f 415/415/415 416/416/416 417/417/417
f 418/418/418 419/419/419 420/420/420
f 421/421/421 422/422/422 423/423/423
f 424/424/424 425/425/425 426/426/426
f 427/427/427 428/428/428 429/429/429
f 430/430/430 431/431/431 432/432/432
f 433/433/433 434/434/434 435/435/435
f 436/436/436 437/437/437 438/438/438
f 439/439/439 440/440/440 441/441/441
f 442/442/442 443/443/443 444/444/444
f 445/445/445 446/446/446 447/447/447
f 448/448/448 449/449/449 450/450/450
f 451/451/451 452/452/452 453/453/453
f 454/454/454 455/455/455 456/456/456
f 457/457/457 458/458/458 459/459/459
f 460/460/460 461/461/461 462/462/462
f 463/463/463 464/464/464 465/465/465
f 466/466/466 467/467/467 468/468/468
f 469/469/469 470/470/470 471/471/471
f 472/472/472 473/473/473 474/474/474
f 475/475/475 476/476/476 477/477/477
f 478/478/478 479/479/479 480/480/480
f 481/481/481 482/482/482 483/483/483
f 484/484/484 485/485/485 486/486/486
f 487/487/487 488/488/488 489/489/489
f 490/490/490 491/491/491 492/492/492
f 493/493/493 494/494/494 495/495/495
f 496/496/496 497/497/497 498/498/498
f 499/499/499 500/500/500 501/501/501
f 502/502/502 503/503/503 504/504/504
f 505/505/505 506/506/506 507/507/507
f 508/508/508 509/509/509 510/510/510
f 511/511/511 512/512/512 513/513/513
f 514/514/514 515/515/515 516/516/516
f 517/517/517 518/518/518 519/519/519
f 520/520/520 521/521/521 522/522/522
f 523/523/523 524/524/524 525/525/525
f 526/526/526 527/527/527 528/528/528
f 529/529/529 530/530/530 531/531/531
f 532/532/532 533/533/533 534/534/534
f 535/535/535 536/536/536 537/537/537
f 538/538/538 539/539/539 540/540/540
f 541/541/541 542/542/542 543/543/543
f 544/544/544 545/545/545 546/546/546
f 547/547/547 548/548/548 549/549/549
f 550/550/550 551/551/551 552/552/552
f 553/553/553 554/554/554 555/555/555
f 556/556/556 557/557/557 558/558/558
f 559/559/559 560/560/560 561/561/561
f 562/562/562 563/563/563 564/564/564
f 565/565/565 566/566/566 567/567/567
f 568/568/568 569/569/569 570/570/570
f 571/571/571 572/572/572 573/573/573
f 574/574/574 575/575/575 576/576/576
f 577/577/577 578/578/578 579/579/579
f 580/580/580 581/581/581 582/582/582
f 583/583/583 584/584/584 585/585/585
f 586/586/586 587/587/587 588/588/588
f 589/589/589 590/590/590 591/591/591
f 592/592/592 593/593/593 594/594/594
f 595/595/595 596/596/596 597/597/597
f 598/598/598 599/599/599 600/600/600
f 601/601/601 602/602/602 603/603/603
f 604/604/604 605/605/605 606/606/606
f 607/607/607 608/608/608 609/609/609
f 610/610/610 611/611/611 612/612/612
f 613/613/613 614/614/614 615/615/615
f 616/616/616 617/617/617 618/618/618
f 619/619/619 620/620/620 621/621/621
f 622/622/622 623/623/623 624/624/624
f 625/625/625 626/626/626 627/627/627
f 628/628/628 629/629/629 630/630/630
f 631/631/631 632/632/632 633/633/633
f 634/634/634 635/635/635 636/636/636
f 637/637/637 638/638/638 639/639/639
f 640/640/640 641/641/641 642/642/642
f 643/643/643 644/644/644 645/645/645
f 646/646/646 647/647/647 648/648/648
f 649/649/649 650/650/650 651/651/651
f 652/652/652 653/653/653 654/654/654
f 655/655/655 656/656/656 657/657/657
f 658/658/658 659/659/659 660/660/660
f 661/661/661 662/662/662 663/663/663
f 664/664/664 665/665/665 666/666/666
f 667/667/667 668/668/668 669/669/669
f 670/670/670 671/671/671 672/672/672
f 673/673/673 674/674/674 675/675/675
f 676/676/676 677/677/677 678/678/678
f 679/679/679 680/680/680 681/681/681
f 682/682/682 683/683/683 684/684/684
f 685/685/685 686/686/686 687/687/687
f 688/688/688 689/689/689 690/690/690
f 691/691/691 692/692/692 693/693/693
f 694/694/694 695/695/695 696/696/696
f 697/697/697 698/698/698 699/699/699
f 700/700/700 701/701/701 702/702/702
f 703/703/703 704/704/704 705/705/705
f 706/706/706 707/707/707 708/708/708
f 709/709/709 710/710/710 711/711/711
f 712/712/712 713/713/713 714/714/714
f 715/715/715 716/716/716 717/717/717
f 718/718/718 719/719/719 720/720/720
f 721/721/721 722/722/722 723/723/723
f 724/724/724 725/725/725 726/726/726
f 727/727/727 728/728/728 729/729/729
f 730/730/730 731/731/731 732/732/732
f 733/733/733 734/734/734 735/735/735
f 736/736/736 737/737/737 738/738/738
f 739/739/739 740/740/740 741/741/741
f 742/742/742 743/743/743 744/744/744
f 745/745/745 746/746/746 747/747/747
f 748/748/748 749/749/749 750/750/750
f 751/751/751 752/752/752 753/753/753
f 754/754/754 755/755/755 756/756/756
f 757/757/757 758/758/758 759/759/759
f 760/760/760 761/761/761 762/762/762
f 763/763/763 764/764/764 765/765/765
f 766/766/766 767/767/767 768/768/768
f 769/769/769 770/770/770 771/771/771
f 772/772/772 773/773/773 774/774/774
f 775/775/775 776/776/776 777/777/777
f 778/778/778 779/779/779 780/780/780
f 781/781/781 782/782/782 783/783/783
f 784/784/784 785/785/785 786/786/786
f 787/787/787 788/788/788 789/789/789
f 790/790/790 791/791/791 792/792/792
f 793/793/793 794/794/794 795/795/795
f 796/796/796 797/797/797 798/798/798
f 799/799/799 800/800/800 801/801/801
f 802/802/802 803/803/803 804/804/804
f 805/805/805 806/806/806 807/807/807
f 808/808/808 809/809/809 810/810/810
f 811/811/811 812/812/812 813/813/813
f 814/814/814 815/815/815 816/816/816
f 817/817/817 818/818/818 819/819/819
f 820/820/820 821/821/821 822/822/822
f 823/823/823 824/824/824 825/825/825
f 826/826/826 827/827/827 828/828/828
f 829/829/829 830/830/830 831/831/831
f 832/832/832 833/833/833 834/834/834
f 835/835/835 836/836/836 837/837/837
f 838/838/838 839/839/839 840/840/840
f 841/841/841 842/842/842 843/843/843
f 844/844/844 845/845/845 846/846/846
f 847/847/847 848/848/848 849/849/849
f 850/850/850 851/851/851 852/852/852
f 853/853/853 854/854/854 855/855/855
f 856/856/856 857/857/857 858/858/858
f 859/859/859 860/860/860 861/861/861
f 862/862/862 863/863/863 864/864/864
f 865/865/865 866/866/866 867/867/867
f 868/868/868 869/869/869 870/870/870
f 871/871/871 872/872/872 873/873/873
f 874/874/874 875/875/875 876/876/876
f 877/877/877 878/878/878 879/879/879
f 880/880/880 881/881/881 882/882/882
f 883/883/883 884/884/884 885/885/885
f 886/886/886 887/887/887 888/888/888
f 889/889/889 890/890/890 891/891/891
f 892/892/892 893/893/893 894/894/894
f 895/895/895 896/896/896 897/897/897
f 898/898/898 899/899/899 900/900/900
f 901/901/901 902/902/902 903/903/903
f 904/904/904 905/905/905 906/906/906
f 907/907/907 908/908/908 909/909/909
f 910/910/910 911/911/911 912/912/912
f 913/913/913 914/914/914 915/915/915
f 916/916/916 917/917/917 918/918/918
f 919/919/919 920/920/920 921/921/921
f 922/922/922 923/923/923 924/924/924
f 925/925/925 926/926/926 927/927/927
f 928/928/928 929/929/929 930/930/930
f 931/931/931 932/932/932 933/933/933
f 934/934/934 935/935/935 936/936/936
f 937/937/937 938/938/938 939/939/939
f 940/940/940 941/941/941 942/942/942
f 943/943/943 944/944/944 945/945/945
f 946/946/946 947/947/947 948/948/948
f 949/949/949 950/950/950 951/951/951
f 952/952/952 953/953/953 954/954/954
f 955/955/955 956/956/956 957/957/957
f 958/958/958 959/959/959 960/960/960
f 961/961/961 962/962/962 963/963/963
f 964/964/964 965/965/965 966/966/966
f 967/967/967 968/968/968 969/969/969
f 970/970/970 971/971/971 972/972/972
f 973/973/973 974/974/974 975/975/975
f 976/976/976 977/977/977 978/978/978
f 979/979/979 980/980/980 981/981/981
f 982/982/982 983/983/983 984/984/984
f 985/985/985 986/986/986 987/987/987
f 988/988/988 989/989/989 990/990/990
f 991/991/991 992/992/992 993/993/993
f 994/994/994 995/995/995 996/996/996
f 997/997/997 998/998/998 999/999/999
f 1000/1000/1000 1001/1001/1001 1002/1002/1002
f 1003/1003/1003 1004/1004/1004 1005/1005/1005
f 1006/1006/1006 1007/1007/1007 1008/1008/1008
f 1009/1009/1009 1010/1010/1010 1011/1011/1011
f 1012/1012/1012 1013/1013/1013 1014/1014/1014
f 1015/1015/1015 1016/1016/1016 1017/1017/1017
f 1018/1018/1018 1019/1019/1019 1020/1020/1020
f 1021/1021/1021 1022/1022/1022 1023/1023/1023
f 1024/1024/1024 1025/1025/1025 1026/1026/1026
f 1027/1027/1027 1028/1028/1028 1029/1029/1029
f 1030/1030/1030 1031/1031/1031 1032/1032/1032
f 1033/1033/1033 1034/1034/1034 1035/1035/1035
f 1036/1036/1036 1037/1037/1037 1038/1038/1038
f 1039/1039/1039 1040/1040/1040 1041/1041/1041
f 1042/1042/1042 1043/1043/1043 1044/1044/1044
f 1045/1045/1045 1046/1046/1046 1047/1047/1047
f 1048/1048/1048 1049/1049/1049 1050/1050/1050
f 1051/1051/1051 1052/1052/1052 1053/1053/1053
f 1054/1054/1054 1055/1055/1055 1056/1056/1056
f 1057/1057/1057 1058/1058/1058 1059/1059/1059
f 1060/1060/1060 1061/1061/1061 1062/1062/1062
f 1063/1063/1063 1064/1064/1064 1065/1065/1065
f 1066/1066/1066 1067/1067/1067 1068/1068/1068
f 1069/1069/1069 1070/1070/1070 1071/1071/1071
f 1072/1072/1072 1073/1073/1073 1074/1074/1074
f 1075/1075/1075 1076/1076/1076 1077/1077/1077
f 1078/1078/1078 1079/1079/1079 1080/1080/1080
f 1081/1081/1081 1082/1082/1082 1083/1083/1083
f 1084/1084/1084 1085/1085/1085 1086/1086/1086
f 1087/1087/1087 1088/1088/1088 1089/1089/1089
f 1090/1090/1090 1091/1091/1091 1092/1092/1092
f 1093/1093/1093 1094/1094/1094 1095/1095/1095
f 1096/1096/1096 1097/1097/1097 1098/1098/1098
f 1099/1099/1099 1100/1100/1100 1101/1101/1101
f 1102/1102/1102 1103/1103/1103 1104/1104/1104
f 1105/1105/1105 1106/1106/1106 1107/1107/1107
f 1108/1108/1108 1109/1109/1109 1110/1110/1110
f 1111/1111/1111 1112/1112/1112 1113/1113/1113
f 1114/1114/1114 1115/1115/1115 1116/1116/1116
f 1117/1117/1117 1118/1118/1118 1119/1119/1119
f 1120/1120/1120 1121/1121/1121 1122/1122/1122
f 1123/1123/1123 1124/1124/1124 1125/1125/1125
f 1126/1126/1126 1127/1127/1127 1128/1128/1128
f 1129/1129/1129 1130/1130/1130 1131/1131/1131
f 1132/1132/1132 1133/1133/1133 1134/1134/1134
f 1135/1135/1135 1136/1136/1136 1137/1137/1137
f 1138/1138/1138 1139/1139/1139 1140/1140/1140
f 1141/1141/1141 1142/1142/1142 1143/1143/1143
f 1144/1144/1144 1145/1145/1145 1146/1146/1146
f 1147/1147/1147 1148/1148/1148 1149/1149/1149
f 1150/1150/1150 1151/1151/1151 1152/1152/1152
f 1153/1153/1153 1154/1154/1154 1155/1155/1155
f 1156/1156/1156 1157/1157/1157 1158/1158/1158
f 1159/1159/1159 1160/1160/1160 1161/1161/1161
f 1162/1162/1162 1163/1163/1163 1164/1164/1164
f 1165/1165/1165 1166/1166/1166 1167/1167/1167
f 1168/1168/1168 1169/1169/1169 1170/1170/1170
f 1171/1171/1171 1172/1172/1172 1173/1173/1173
f 1174/1174/1174 1175/1175/1175 1176/1176/1176
f 1177/1177/1177 1178/1178/1178 1179/1179/1179
f 1180/1180/1180 1181/1181/1181 1182/1182/1182
f 1183/1183/1183 1184/1184/1184 1185/1185/1185
f 1186/1186/1186 1187/1187/1187 1188/1188/1188
f 1189/1189/1189 1190/1190/1190 1191/1191/1191
f 1192/1192/1192 1193/1193/1193 1194/1194/1194
f 1195/1195/1195 1196/1196/1196 1197/1197/1197
f 1198/1198/1198 1199/1199/1199 1200/1200/1200
f 1201/1201/1201 1202/1202/1202 1203/1203/1203
f 1204/1204/1204 1205/1205/1205 1206/1206/1206
f 1207/1207/1207 1208/1208/1208 1209/1209/1209
f 1210/1210/1210 1211/1211/1211 1212/1212/1212
f 1213/1213/1213 1214/1214/1214 1215/1215/1215
f 1216/1216/1216 1217/1217/1217 1218/1218/1218
f 1219/1219/1219 1220/1220/1220 1221/1221/1221
f 1222/1222/1222 1223/1223/1223 1224/1224/1224
f 1225/1225/1225 1226/1226/1226 1227/1227/1227
f 1228/1228/1228 1229/1229/1229 1230/1230/1230
f 1231/1231/1231 1232/1232/1232 1233/1233/1233
f 1234/1234/1234 1235/1235/1235 1236/1236/1236
f 1237/1237/1237 1238/1238/1238 1239/1239/1239
f 1240/1240/1240 1241/1241/1241 1242/1242/1242
f 1243/1243/1243 1244/1244/1244 1245/1245/1245
f 1246/1246/1246 1247/1247/1247 1248/1248/1248
f 1249/1249/1249 1250/1250/1250 1251/1251/1251
f 1252/1252/1252 1253/1253/1253 1254/1254/1254
f 1255/1255/1255 1256/1256/1256 1257/1257/1257
f 1258/1258/1258 1259/1259/1259 1260/1260/1260
f 1261/1261/1261 1262/1262/1262 1263/1263/1263
f 1264/1264/1264 1265/1265/1265 1266/1266/1266
f 1267/1267/1267 1268/1268/1268 1269/1269/1269
f 1270/1270/1270 1271/1271/1271 1272/1272/1272
f 1273/1273/1273 1274/1274/1274 1275/1275/1275
f 1276/1276/1276 1277/1277/1277 1278/1278/1278
f 1279/1279/1279 1280/1280/1280 1281/1281/1281
f 1282/1282/1282 1283/1283/1283 1284/1284/1284
f 1285/1285/1285 1286/1286/1286 1287/1287/1287
f 1288/1288/1288 1289/1289/1289 1290/1290/1290
f 1291/1291/1291 1292/1292/1292 1293/1293/1293
f 1294/1294/1294 1295/1295/1295 1296/1296/1296
f 1297/1297/1297 1298/1298/1298 1299/1299/1299
f 1300/1300/1300 1301/1301/1301 1302/1302/1302
f 1303/1303/1303 1304/1304/1304 1305/1305/1305
f 1306/1306/1306 1307/1307/1307 1308/1308/1308
f 1309/1309/1309 1310/1310/1310 1311/1311/1311
f 1312/1312/1312 1313/1313/1313 1314/1314/1314
f 1315/1315/1315 1316/1316/1316 1317/1317/1317
f 1318/1318/1318 1319/1319/1319 1320/1320/1320
f 1321/1321/1321 1322/1322/1322 1323/1323/1323
f 1324/1324/1324 1325/1325/1325 1326/1326/1326
f 1327/1327/1327 1328/1328/1328 1329/1329/1329
f 1330/1330/1330 1331/1331/1331 1332/1332/1332
f 1333/1333/1333 1334/1334/1334 1335/1335/1335
f 1336/1336/1336 1337/1337/1337 1338/1338/1338
f 1339/1339/1339 1340/1340/1340 1341/1341/1341
f 1342/1342/1342 1343/1343/1343 1344/1344/1344
f 1345/1345/1345 1346/1346/1346 1347/1347/1347
f 1348/1348/1348 1349/1349/1349 1350/1350/1350
f 1351/1351/1351 1352/1352/1352 1353/1353/1353
f 1354/1354/1354 1355/1355/1355 1356/1356/1356
f 1357/1357/1357 1358/1358/1358 1359/1359/1359
f 1360/1360/1360 1361/1361/1361 1362/1362/1362
f 1363/1363/1363 1364/1364/1364 1365/1365/1365
f 1366/1366/1366 1367/1367/1367 1368/1368/1368
f 1369/1369/1369 1370/1370/1370 1371/1371/1371
f 1372/1372/1372 1373/1373/1373 1374/1374/1374
f 1375/1375/1375 1376/1376/1376 1377/1377/1377
f 1378/1378/1378 1379/1379/1379 1380/1380/1380
f 1381/1381/1381 1382/1382/1382 1383/1383/1383
f 1384/1384/1384 1385/1385/1385 1386/1386/1386
f 1387/1387/1387 1388/1388/1388 1389/1389/1389
f 1390/1390/1390 1391/1391/1391 1392/1392/1392
f 1393/1393/1393 1394/1394/1394 1395/1395/1395
f 1396/1396/1396 1397/1397/1397 1398/1398/1398
f 1399/1399/1399 1400/1400/1400 1401/1401/1401
f 1402/1402/1402 1403/1403/1403 1404/1404/1404
f 1405/1405/1405 1406/1406/1406 1407/1407/1407
f 1408/1408/1408 1409/1409/1409 1410/1410/1410
f 1411/1411/1411 1412/1412/1412 1413/1413/1413
f 1414/1414/1414 1415/1415/1415 1416/1416/1416
f 1417/1417/1417 1418/1418/1418 1419/1419/1419
f 1420/1420/1420 1421/1421/1421 1422/1422/1422
f 1423/1423/1423 1424/1424/1424 1425/1425/1425
f 1426/1426/1426 1427/1427/1427 1428/1428/1428
f 1429/1429/1429 1430/1430/1430 1431/1431/1431
f 1432/1432/1432 1433/1433/1433 1434/1434/1434
f 1435/1435/1435 1436/1436/1436 1437/1437/1437
f 1438/1438/1438 1439/1439/1439 1440/1440/1440
f 1441/1441/1441 1442/1442/1442 1443/1443/1443
f 1444/1444/1444 1445/1445/1445 1446/1446/1446
f 1447/1447/1447 1448/1448/1448 1449/1449/1449
f 1450/1450/1450 1451/1451/1451 1452/1452/1452
f 1453/1453/1453 1454/1454/1454 1455/1455/1455
f 1456/1456/1456 1457/1457/1457 1458/1458/1458
f 1459/1459/1459 1460/1460/1460 1461/1461/1461
f 1462/1462/1462 1463/1463/1463 1464/1464/1464
f 1465/1465/1465 1466/1466/1466 1467/1467/1467
f 1468/1468/1468 1469/1469/1469 1470/1470/1470
f 1471/1471/1471 1472/1472/1472 1473/1473/1473
f 1474/1474/1474 1475/1475/1475 1476/1476/1476
f 1477/1477/1477 1478/1478/1478 1479/1479/1479
f 1480/1480/1480 1481/1481/1481 1482/1482/1482
f 1483/1483/1483 1484/1484/1484 1485/1485/1485
f 1486/1486/1486 1487/1487/1487 1488/1488/1488
f 1489/1489/1489 1490/1490/1490 1491/1491/1491
f 1492/1492/1492 1493/1493/1493 1494/1494/1494
f 1495/1495/1495 1496/1496/1496 1497/1497/1497
f 1498/1498/1498 1499/1499/1499 1500/1500/1500
f 1501/1501/1501 1502/1502/1502 1503/1503/1503
f 1504/1504/1504 1505/1505/1505 1506/1506/1506
f 1507/1507/1507 1508/1508/1508 1509/1509/1509
f 1510/1510/1510 1511/1511/1511 1512/1512/1512
f 1513/1513/1513 1514/1514/1514 1515/1515/1515
f 1516/1516/1516 1517/1517/1517 1518/1518/1518
f 1519/1519/1519 1520/1520/1520 1521/1521/1521
f 1522/1522/1522 1523/1523/1523 1524/1524/1524
f 1525/1525/1525 1526/1526/1526 1527/1527/1527
f 1528/1528/1528 1529/1529/1529 1530/1530/1530
f 1531/1531/1531 1532/1532/1532 1533/1533/1533
f 1534/1534/1534 1535/1535/1535 1536/1536/1536
f 1537/1537/1537 1538/1538/1538 1539/1539/1539
f 1540/1540/1540 1541/1541/1541 1542/1542/1542
f 1543/1543/1543 1544/1544/1544 1545/1545/1545
f 1546/1546/1546 1547/1547/1547 1548/1548/1548
f 1549/1549/1549 1550/1550/1550 1551/1551/1551
f 1552/1552/1552 1553/1553/1553 1554/1554/1554
f 1555/1555/1555 1556/1556/1556 1557/1557/1557
f 1558/1558/1558 1559/1559/1559 1560/1560/1560
f 1561/1561/1561 1562/1562/1562 1563/1563/1563
f 1564/1564/1564 1565/1565/1565 1566/1566/1566
f 1567/1567/1567 1568/1568/1568 1569/1569/1569
f 1570/1570/1570 1571/1571/1571 1572/1572/1572
f 1573/1573/1573 1574/1574/1574 1575/1575/1575
f 1576/1576/1576 1577/1577/1577 1578/1578/1578
f 1579/1579/1579 1580/1580/1580 1581/1581/1581
f 1582/1582/1582 1583/1583/1583 1584/1584/1584
f 1585/1585/1585 1586/1586/1586 1587/1587/1587
f 1588/1588/1588 1589/1589/1589 1590/1590/1590
f 1591/1591/1591 1592/1592/1592 1593/1593/1593
f 1594/1594/1594 1595/1595/1595 1596/1596/1596
f 1597/1597/1597 1598/1598/1598 1599/1599/1599
f 1600/1600/1600 1601/1601/1601 1602/1602/1602
f 1603/1603/1603 1604/1604/1604 1605/1605/1605
f 1606/1606/1606 1607/1607/1607 1608/1608/1608
f 1609/1609/1609 1610/1610/1610 1611/1611/1611
f 1612/1612/1612 1613/1613/1613 1614/1614/1614
f 1615/1615/1615 1616/1616/1616 1617/1617/1617
f 1618/1618/1618 1619/1619/1619 1620/1620/1620
f 1621/1621/1621 1622/1622/1622 1623/1623/1623
f 1624/1624/1624 1625/1625/1625 1626/1626/1626
f 1627/1627/1627 1628/1628/1628 1629/1629/1629
f 1630/1630/1630 1631/1631/1631 1632/1632/1632
f 1633/1633/1633 1634/1634/1634 1635/1635/1635
f 1636/1636/1636 1637/1637/1637 1638/1638/1638
f 1639/1639/1639 1640/1640/1640 1641/1641/1641
f 1642/1642/1642 1643/1643/1643 1644/1644/1644
f 1645/1645/1645 1646/1646/1646 1647/1647/1647
f 1648/1648/1648 1649/1649/1649 1650/1650/1650
f 1651/1651/1651 1652/1652/1652 1653/1653/1653
f 1654/1654/1654 1655/1655/1655 1656/1656/1656
f 1657/1657/1657 1658/1658/1658 1659/1659/1659
f 1660/1660/1660 1661/1661/1661 1662/1662/1662
f 1663/1663/1663 1664/1664/1664 1665/1665/1665
f 1666/1666/1666 1667/1667/1667 1668/1668/1668
f 1669/1669/1669 1670/1670/1670 1671/1671/1671
f 1672/1672/1672 1673/1673/1673 1674/1674/1674
f 1675/1675/1675 1676/1676/1676 1677/1677/1677
f 1678/1678/1678 1679/1679/1679 1680/1680/1680
f 1681/1681/1681 1682/1682/1682 1683/1683/1683
f 1684/1684/1684 1685/1685/1685 1686/1686/1686
f 1687/1687/1687 1688/1688/1688 1689/1689/1689
f 1690/1690/1690 1691/1691/1691 1692/1692/1692
f 1693/1693/1693 1694/1694/1694 1695/1695/1695
f 1696/1696/1696 1697/1697/1697 1698/1698/1698
f 1699/1699/1699 1700/1700/1700 1701/1701/1701
f 1702/1702/1702 1703/1703/1703 1704/1704/1704
f 1705/1705/1705 1706/1706/1706 1707/1707/1707
f 1708/1708/1708 1709/1709/1709 1710/1710/1710
f 1711/1711/1711 1712/1712/1712 1713/1713/1713
f 1714/1714/1714 1715/1715/1715 1716/1716/1716
f 1717/1717/1717 1718/1718/1718 1719/1719/1719
f 1720/1720/1720 1721/1721/1721 1722/1722/1722
f 1723/1723/1723 1724/1724/1724 1725/1725/1725
f 1726/1726/1726 1727/1727/1727 1728/1728/1728
f 1729/1729/1729 1730/1730/1730 1731/1731/1731
f 1732/1732/1732 1733/1733/1733 1734/1734/1734
f 1735/1735/1735 1736/1736/1736 1737/1737/1737
f 1738/1738/1738 1739/1739/1739 1740/1740/1740
f 1741/1741/1741 1742/1742/1742 1743/1743/1743
f 1744/1744/1744 1745/1745/1745 1746/1746/1746
f 1747/1747/1747 1748/1748/1748 1749/1749/1749
f 1750/1750/1750 1751/1751/1751 1752/1752/1752
f 1753/1753/1753 1754/1754/1754 1755/1755/1755
f 1756/1756/1756 1757/1757/1757 1758/1758/1758
f 1759/1759/1759 1760/1760/1760 1761/1761/1761
f 1762/1762/1762 1763/1763/1763 1764/1764/1764
f 1765/1765/1765 1766/1766/1766 1767/1767/1767
f 1768/1768/1768 1769/1769/1769 1770/1770/1770
f 1771/1771/1771 1772/1772/1772 1773/1773/1773
f 1774/1774/1774 1775/1775/1775 1776/1776/1776
f 1777/1777/1777 1778/1778/1778 1779/1779/1779
f 1780/1780/1780 1781/1781/1781 1782/1782/1782
f 1783/1783/1783 1784/1784/1784 1785/1785/1785
f 1786/1786/1786 1787/1787/1787 1788/1788/1788
f 1789/1789/1789 1790/1790/1790 1791/1791/1791
f 1792/1792/1792 1793/1793/1793 1794/1794/1794
f 1795/1795/1795 1796/1796/1796 1797/1797/1797
f 1798/1798/1798 1799/1799/1799 1800/1800/1800
f 1801/1801/1801 1802/1802/1802 1803/1803/1803
f 1804/1804/1804 1805/1805/1805 1806/1806/1806
f 1807/1807/1807 1808/1808/1808 1809/1809/1809
f 1810/1810/1810 1811/1811/1811 1812/1812/1812
f 1813/1813/1813 1814/1814/1814 1815/1815/1815
f 1816/1816/1816 1817/1817/1817 1818/1818/1818
f 1819/1819/1819 1820/1820/1820 1821/1821/1821
f 1822/1822/1822 1823/1823/1823 1824/1824/1824
f 1825/1825/1825 1826/1826/1826 1827/1827/1827
f 1828/1828/1828 1829/1829/1829 1830/1830/1830
f 1831/1831/1831 1832/1832/1832 1833/1833/1833
f 1834/1834/1834 1835/1835/1835 1836/1836/1836
f 1837/1837/1837 1838/1838/1838 1839/1839/1839
f 1840/1840/1840 1841/1841/1841 1842/1842/1842
f 1843/1843/1843 1844/1844/1844 1845/1845/1845
f 1846/1846/1846 1847/1847/1847 1848/1848/1848
f 1849/1849/1849 1850/1850/1850 1851/1851/1851
f 1852/1852/1852 1853/1853/1853 1854/1854/1854
f 1855/1855/1855 1856/1856/1856 1857/1857/1857
f 1858/1858/1858 1859/1859/1859 1860/1860/1860
f 1861/1861/1861 1862/1862/1862 1863/1863/1863
f 1864/1864/1864 1865/1865/1865 1866/1866/1866
f 1867/1867/1867 1868/1868/1868 1869/1869/1869
f 1870/1870/1870 1871/1871/1871 1872/1872/1872
f 1873/1873/1873 1874/1874/1874 1875/1875/1875
f 1876/1876/1876 1877/1877/1877 1878/1878/1878
f 1879/1879/1879 1880/1880/1880 1881/1881/1881
f 1882/1882/1882 1883/1883/1883 1884/1884/1884
f 1885/1885/1885 1886/1886/1886 1887/1887/1887
f 1888/1888/1888 1889/1889/1889 1890/1890/1890
f 1891/1891/1891 1892/1892/1892 1893/1893/1893
f 1894/1894/1894 1895/1895/1895 1896/1896/1896
f 1897/1897/1897 1898/1898/1898 1899/1899/1899
f 1900/1900/1900 1901/1901/1901 1902/1902/1902
f 1903/1903/1903 1904/1904/1904 1905/1905/1905
f 1906/1906/1906 1907/1907/1907 1908/1908/1908
f 1909/1909/1909 1910/1910/1910 1911/1911/1911
f 1912/1912/1912 1913/1913/1913 1914/1914/1914
f 1915/1915/1915 1916/1916/1916 1917/1917/1917
f 1918/1918/1918 1919/1919/1919 1920/1920/1920
f 1921/1921/1921 1922/1922/1922 1923/1923/1923
f 1924/1924/1924 1925/1925/1925 1926/1926/1926
f 1927/1927/1927 1928/1928/1928 1929/1929/1929
f 1930/1930/1930 1931/1931/1931 1932/1932/1932
f 1933/1933/1933 1934/1934/1934 1935/1935/1935
f 1936/1936/1936 1937/1937/1937 1938/1938/1938
f 1939/1939/1939 1940/1940/1940 1941/1941/1941
f 1942/1942/1942 1943/1943/1943 1944/1944/1944
f 1945/1945/1945 1946/1946/1946 1947/1947/1947
f 1948/1948/1948 1949/1949/1949 1950/1950/1950
f 1951/1951/1951 1952/1952/1952 1953/1953/1953
f 1954/1954/1954 1955/1955/1955 1956/1956/1956
f 1957/1957/1957 1958/1958/1958 1959/1959/1959
f 1960/1960/1960 1961/1961/1961 1962/1962/1962
f 1963/1963/1963 1964/1964/1964 1965/1965/1965
f 1966/1966/1966 1967/1967/1967 1968/1968/1968
f 1969/1969/1969 1970/1970/1970 1971/1971/1971
f 1972/1972/1972 1973/1973/1973 1974/1974/1974
f 1975/1975/1975 1976/1976/1976 1977/1977/1977
f 1978/1978/1978 1979/1979/1979 1980/1980/1980
f 1981/1981/1981 1982/1982/1982 1983/1983/1983
f 1984/1984/1984 1985/1985/1985 1986/1986/1986
f 1987/1987/1987 1988/1988/1988 1989/1989/1989
f 1990/1990/1990 1991/1991/1991 1992/1992/1992
f 1993/1993/1993 1994/1994/1994 1995/1995/1995
f 1996/1996/1996 1997/1997/1997 1998/1998/1998
f 1999/1999/1999 2000/2000/2000 2001/2001/2001
f 2002/2002/2002 2003/2003/2003 2004/2004/2004
f 2005/2005/2005 2006/2006/2006 2007/2007/2007
f 2008/2008/2008 2009/2009/2009 2010/2010/2010
f 2011/2011/2011 2012/2012/2012 2013/2013/2013
f 2014/2014/2014 2015/2015/2015 2016/2016/2016
f 2017/2017/2017 2018/2018/2018 2019/2019/2019
f 2020/2020/2020 2021/2021/2021 2022/2022/2022
f 2023/2023/2023 2024/2024/2024 2025/2025/2025
f 2026/2026/2026 2027/2027/2027 2028/2028/2028
f 2029/2029/2029 2030/2030/2030 2031/2031/2031
f 2032/2032/2032 2033/2033/2033 2034/2034/2034
f 2035/2035/2035 2036/2036/2036 2037/2037/2037
f 2038/2038/2038 2039/2039/2039 2040/2040/2040
f 2041/2041/2041 2042/2042/2042 2043/2043/2043
f 2044/2044/2044 2045/2045/2045 2046/2046/2046
f 2047/2047/2047 2048/2048/2048 2049/2049/2049
f 2050/2050/2050 2051/2051/2051 2052/2052/2052
f 2053/2053/2053 2054/2054/2054 2055/2055/2055
f 2056/2056/2056 2057/2057/2057 2058/2058/2058
f 2059/2059/2059 2060/2060/2060 2061/2061/2061
f 2062/2062/2062 2063/2063/2063 2064/2064/2064
f 2065/2065/2065 2066/2066/2066 2067/2067/2067
f 2068/2068/2068 2069/2069/2069 2070/2070/2070
f 2071/2071/2071 2072/2072/2072 2073/2073/2073
f 2074/2074/2074 2075/2075/2075 2076/2076/2076
f 2077/2077/2077 2078/2078/2078 2079/2079/2079
f 2080/2080/2080 2081/2081/2081 2082/2082/2082
f 2083/2083/2083 2084/2084/2084 2085/2085/2085
f 2086/2086/2086 2087/2087/2087 2088/2088/2088
f 2089/2089/2089 2090/2090/2090 2091/2091/2091
f 2092/2092/2092 2093/2093/2093 2094/2094/2094
f 2095/2095/2095 2096/2096/2096 2097/2097/2097
f 2098/2098/2098 2099/2099/2099 2100/2100/2100
f 2101/2101/2101 2102/2102/2102 2103/2103/2103
f 2104/2104/2104 2105/2105/2105 2106/2106/2106
f 2107/2107/2107 2108/2108/2108 2109/2109/2109
f 2110/2110/2110 2111/2111/2111 2112/2112/2112
f 2113/2113/2113 2114/2114/2114 2115/2115/2115
f 2116/2116/2116 2117/2117/2117 2118/2118/2118
f 2119/2119/2119 2120/2120/2120 2121/2121/2121
f 2122/2122/2122 2123/2123/2123 2124/2124/2124
f 2125/2125/2125 2126/2126/2126 2127/2127/2127
f 2128/2128/2128 2129/2129/2129 2130/2130/2130
f 2131/2131/2131 2132/2132/2132 2133/2133/2133
f 2134/2134/2134 2135/2135/2135 2136/2136/2136
f 2137/2137/2137 2138/2138/2138 2139/2139/2139
f 2140/2140/2140 2141/2141/2141 2142/2142/2142
f 2143/2143/2143 2144/2144/2144 2145/2145/2145
f 2146/2146/2146 2147/2147/2147 2148/2148/2148
f 2149/2149/2149 2150/2150/2150 2151/2151/2151
f 2152/2152/2152 2153/2153/2153 2154/2154/2154
f 2155/2155/2155 2156/2156/2156 2157/2157/2157
f 2158/2158/2158 2159/2159/2159 2160/2160/2160
f 2161/2161/2161 2162/2162/2162 2163/2163/2163
f 2164/2164/2164 2165/2165/2165 2166/2166/2166
f 2167/2167/2167 2168/2168/2168 2169/2169/2169
f 2170/2170/2170 2171/2171/2171 2172/2172/2172
f 2173/2173/2173 2174/2174/2174 2175/2175/2175
f 2176/2176/2176 2177/2177/2177 2178/2178/2178
f 2179/2179/2179 2180/2180/2180 2181/2181/2181
f 2182/2182/2182 2183/2183/2183 2184/2184/2184
f 2185/2185/2185 2186/2186/2186 2187/2187/2187
f 2188/2188/2188 2189/2189/2189 2190/2190/2190
f 2191/2191/2191 2192/2192/2192 2193/2193/2193
f 2194/2194/2194 2195/2195/2195 2196/2196/2196
f 2197/2197/2197 2198/2198/2198 2199/2199/2199
f 2200/2200/2200 2201/2201/2201 2202/2202/2202
f 2203/2203/2203 2204/2204/2204 2205/2205/2205
f 2206/2206/2206 2207/2207/2207 2208/2208/2208
f 2209/2209/2209 2210/2210/2210 2211/2211/2211
f 2212/2212/2212 2213/2213/2213 2214/2214/2214
f 2215/2215/2215 2216/2216/2216 2217/2217/2217
f 2218/2218/2218 2219/2219/2219 2220/2220/2220
f 2221/2221/2221 2222/2222/2222 2223/2223/2223
f 2224/2224/2224 2225/2225/2225 2226/2226/2226
f 2227/2227/2227 2228/2228/2228 2229/2229/2229
f 2230/2230/2230 2231/2231/2231 2232/2232/2232
f 2233/2233/2233 2234/2234/2234 2235/2235/2235
f 2236/2236/2236 2237/2237/2237 2238/2238/2238
f 2239/2239/2239 2240/2240/2240 2241/2241/2241
f 2242/2242/2242 2243/2243/2243 2244/2244/2244
f 2245/2245/2245 2246/2246/2246 2247/2247/2247
f 2248/2248/2248 2249/2249/2249 2250/2250/2250
f 2251/2251/2251 2252/2252/2252 2253/2253/2253
f 2254/2254/2254 2255/2255/2255 2256/2256/2256
f 2257/2257/2257 2258/2258/2258 2259/2259/2259
f 2260/2260/2260 2261/2261/2261 2262/2262/2262
f 2263/2263/2263 2264/2264/2264 2265/2265/2265
f 2266/2266/2266 2267/2267/2267 2268/2268/2268
f 2269/2269/2269 2270/2270/2270 2271/2271/2271
f 2272/2272/2272 2273/2273/2273 2274/2274/2274
f 2275/2275/2275 2276/2276/2276 2277/2277/2277
f 2278/2278/2278 2279/2279/2279 2280/2280/2280
f 2281/2281/2281 2282/2282/2282 2283/2283/2283
f 2284/2284/2284 2285/2285/2285 2286/2286/2286
f 2287/2287/2287 2288/2288/2288 2289/2289/2289
f 2290/2290/2290 2291/2291/2291 2292/2292/2292
f 2293/2293/2293 2294/2294/2294 2295/2295/2295
f 2296/2296/2296 2297/2297/2297 2298/2298/2298
f 2299/2299/2299 2300/2300/2300 2301/2301/2301
f 2302/2302/2302 2303/2303/2303 2304/2304/2304
f 2305/2305/2305 2306/2306/2306 2307/2307/2307
f 2308/2308/2308 2309/2309/2309 2310/2310/2310
f 2311/2311/2311 2312/2312/2312 2313/2313/2313
f 2314/2314/2314 2315/2315/2315 2316/2316/2316
f 2317/2317/2317 2318/2318/2318 2319/2319/2319
f 2320/2320/2320 2321/2321/2321 2322/2322/2322
f 2323/2323/2323 2324/2324/2324 2325/2325/2325
f 2326/2326/2326 2327/2327/2327 2328/2328/2328
f 2329/2329/2329 2330/2330/2330 2331/2331/2331
f 2332/2332/2332 2333/2333/2333 2334/2334/2334
f 2335/2335/2335 2336/2336/2336 2337/2337/2337
f 2338/2338/2338 2339/2339/2339 2340/2340/2340
f 2341/2341/2341 2342/2342/2342 2343/2343/2343
f 2344/2344/2344 2345/2345/2345 2346/2346/2346
f 2347/2347/2347 2348/2348/2348 2349/2349/2349
f 2350/2350/2350 2351/2351/2351 2352/2352/2352
f 2353/2353/2353 2354/2354/2354 2355/2355/2355
f 2356/2356/2356 2357/2357/2357 2358/2358/2358
f 2359/2359/2359 2360/2360/2360 2361/2361/2361
f 2362/2362/2362 2363/2363/2363 2364/2364/2364
f 2365/2365/2365 2366/2366/2366 2367/2367/2367
f 2368/2368/2368 2369/2369/2369 2370/2370/2370
f 2371/2371/2371 2372/2372/2372 2373/2373/2373
f 2374/2374/2374 2375/2375/2375 2376/2376/2376
f 2377/2377/2377 2378/2378/2378 2379/2379/2379
f 2380/2380/2380 2381/2381/2381 2382/2382/2382
f 2383/2383/2383 2384/2384/2384 2385/2385/2385
f 2386/2386/2386 2387/2387/2387 2388/2388/2388
f 2389/2389/2389 2390/2390/2390 2391/2391/2391
f 2392/2392/2392 2393/2393/2393 2394/2394/2394
f 2395/2395/2395 2396/2396/2396 2397/2397/2397
f 2398/2398/2398 2399/2399/2399 2400/2400/2400
f 2401/2401/2401 2402/2402/2402 2403/2403/2403
f 2404/2404/2404 2405/2405/2405 2406/2406/2406
f 2407/2407/2407 2408/2408/2408 2409/2409/2409
f 2410/2410/2410 2411/2411/2411 2412/2412/2412
f 2413/2413/2413 2414/2414/2414 2415/2415/2415
f 2416/2416/2416 2417/2417/2417 2418/2418/2418
f 2419/2419/2419 2420/2420/2420 2421/2421/2421
f 2422/2422/2422 2423/2423/2423 2424/2424/2424
f 2425/2425/2425 2426/2426/2426 2427/2427/2427
f 2428/2428/2428 2429/2429/2429 2430/2430/2430
f 2431/2431/2431 2432/2432/2432 2433/2433/2433
f 2434/2434/2434 2435/2435/2435 2436/2436/2436
f 2437/2437/2437 2438/2438/2438 2439/2439/2439
f 2440/2440/2440 2441/2441/2441 2442/2442/2442
f 2443/2443/2443 2444/2444/2444 2445/2445/2445
f 2446/2446/2446 2447/2447/2447 2448/2448/2448
f 2449/2449/2449 2450/2450/2450 2451/2451/2451
f 2452/2452/2452 2453/2453/2453 2454/2454/2454
f 2455/2455/2455 2456/2456/2456 2457/2457/2457
f 2458/2458/2458 2459/2459/2459 2460/2460/2460
f 2461/2461/2461 2462/2462/2462 2463/2463/2463
f 2464/2464/2464 2465/2465/2465 2466/2466/2466
f 2467/2467/2467 2468/2468/2468 2469/2469/2469
f 2470/2470/2470 2471/2471/2471 2472/2472/2472
f 2473/2473/2473 2474/2474/2474 2475/2475/2475
f 2476/2476/2476 2477/2477/2477 2478/2478/2478
f 2479/2479/2479 2480/2480/2480 2481/2481/2481
f 2482/2482/2482 2483/2483/2483 2484/2484/2484
f 2485/2485/2485 2486/2486/2486 2487/2487/2487
f 2488/2488/2488 2489/2489/2489 2490/2490/2490
f 2491/2491/2491 2492/2492/2492 2493/2493/2493
f 2494/2494/2494 2495/2495/2495 2496/2496/2496
f 2497/2497/2497 2498/2498/2498 2499/2499/2499
f 2500/2500/2500 2501/2501/2501 2502/2502/2502
f 2503/2503/2503 2504/2504/2504 2505/2505/2505
f 2506/2506/2506 2507/2507/2507 2508/2508/2508
f 2509/2509/2509 2510/2510/2510 2511/2511/2511
f 2512/2512/2512 2513/2513/2513 2514/2514/2514
f 2515/2515/2515 2516/2516/2516 2517/2517/2517
f 2518/2518/2518 2519/2519/2519 2520/2520/2520
f 2521/2521/2521 2522/2522/2522 2523/2523/2523
f 2524/2524/2524 2525/2525/2525 2526/2526/2526
f 2527/2527/2527 2528/2528/2528 2529/2529/2529
f 2530/2530/2530 2531/2531/2531 2532/2532/2532
f 2533/2533/2533 2534/2534/2534 2535/2535/2535
f 2536/2536/2536 2537/2537/2537 2538/2538/2538
f 2539/2539/2539 2540/2540/2540 2541/2541/2541
f 2542/2542/2542 2543/2543/2543 2544/2544/2544
f 2545/2545/2545 2546/2546/2546 2547/2547/2547
f 2548/2548/2548 2549/2549/2549 2550/2550/2550
f 2551/2551/2551 2552/2552/2552 2553/2553/2553
f 2554/2554/2554 2555/2555/2555 2556/2556/2556
f 2557/2557/2557 2558/2558/2558 2559/2559/2559
f 2560/2560/2560 2561/2561/2561 2562/2562/2562
f 2563/2563/2563 2564/2564/2564 2565/2565/2565
f 2566/2566/2566 2567/2567/2567 2568/2568/2568
f 2569/2569/2569 2570/2570/2570 2571/2571/2571
f 2572/2572/2572 2573/2573/2573 2574/2574/2574
f 2575/2575/2575 2576/2576/2576 2577/2577/2577
f 2578/2578/2578 2579/2579/2579 2580/2580/2580
f 2581/2581/2581 2582/2582/2582 2583/2583/2583
f 2584/2584/2584 2585/2585/2585 2586/2586/2586
f 2587/2587/2587 2588/2588/2588 2589/2589/2589
f 2590/2590/2590 2591/2591/2591 2592/2592/2592
f 2593/2593/2593 2594/2594/2594 2595/2595/2595
f 2596/2596/2596 2597/2597/2597 2598/2598/2598
f 2599/2599/2599 2600/2600/2600 2601/2601/2601
f 2602/2602/2602 2603/2603/2603 2604/2604/2604
f 2605/2605/2605 2606/2606/2606 2607/2607/2607
f 2608/2608/2608 2609/2609/2609 2610/2610/2610
f 2611/2611/2611 2612/2612/2612 2613/2613/2613
f 2614/2614/2614 2615/2615/2615 2616/2616/2616
f 2617/2617/2617 2618/2618/2618 2619/2619/2619
f 2620/2620/2620 2621/2621/2621 2622/2622/2622
f 2623/2623/2623 2624/2624/2624 2625/2625/2625
f 2626/2626/2626 2627/2627/2627 2628/2628/2628
f 2629/2629/2629 2630/2630/2630 2631/2631/2631
f 2632/2632/2632 2633/2633/2633 2634/2634/2634
f 2635/2635/2635 2636/2636/2636 2637/2637/2637
f 2638/2638/2638 2639/2639/2639 2640/2640/2640
f 2641/2641/2641 2642/2642/2642 2643/2643/2643
f 2644/2644/2644 2645/2645/2645 2646/2646/2646
f 2647/2647/2647 2648/2648/2648 2649/2649/2649
f 2650/2650/2650 2651/2651/2651 2652/2652/2652
f 2653/2653/2653 2654/2654/2654 2655/2655/2655
f 2656/2656/2656 2657/2657/2657 2658/2658/2658
f 2659/2659/2659 2660/2660/2660 2661/2661/2661
f 2662/2662/2662 2663/2663/2663 2664/2664/2664
f 2665/2665/2665 2666/2666/2666 2667/2667/2667
f 2668/2668/2668 2669/2669/2669 2670/2670/2670
f 2671/2671/2671 2672/2672/2672 2673/2673/2673
f 2674/2674/2674 2675/2675/2675 2676/2676/2676
f 2677/2677/2677 2678/2678/2678 2679/2679/2679
f 2680/2680/2680 2681/2681/2681 2682/2682/2682
f 2683/2683/2683 2684/2684/2684 2685/2685/2685
f 2686/2686/2686 2687/2687/2687 2688/2688/2688
f 2689/2689/2689 2690/2690/2690 2691/2691/2691
f 2692/2692/2692 2693/2693/2693 2694/2694/2694
f 2695/2695/2695 2696/2696/2696 2697/2697/2697
f 2698/2698/2698 2699/2699/2699 2700/2700/2700
f 2701/2701/2701 2702/2702/2702 2703/2703/2703
f 2704/2704/2704 2705/2705/2705 2706/2706/2706
f 2707/2707/2707 2708/2708/2708 2709/2709/2709
f 2710/2710/2710 2711/2711/2711 2712/2712/2712
f 2713/2713/2713 2714/2714/2714 2715/2715/2715
f 2716/2716/2716 2717/2717/2717 2718/2718/2718
f 2719/2719/2719 2720/2720/2720 2721/2721/2721
f 2722/2722/2722 2723/2723/2723 2724/2724/2724
f 2725/2725/2725 2726/2726/2726 2727/2727/2727
f 2728/2728/2728 2729/2729/2729 2730/2730/2730
f 2731/2731/2731 2732/2732/2732 2733/2733/2733
f 2734/2734/2734 2735/2735/2735 2736/2736/2736
f 2737/2737/2737 2738/2738/2738 2739/2739/2739
f 2740/2740/2740 2741/2741/2741 2742/2742/2742
f 2743/2743/2743 2744/2744/2744 2745/2745/2745
f 2746/2746/2746 2747/2747/2747 2748/2748/2748
f 2749/2749/2749 2750/2750/2750 2751/2751/2751
f 2752/2752/2752 2753/2753/2753 2754/2754/2754
f 2755/2755/2755 2756/2756/2756 2757/2757/2757
f 2758/2758/2758 2759/2759/2759 2760/2760/2760
f 2761/2761/2761 2762/2762/2762 2763/2763/2763
f 2764/2764/2764 2765/2765/2765 2766/2766/2766
f 2767/2767/2767 2768/2768/2768 2769/2769/2769
f 2770/2770/2770 2771/2771/2771 2772/2772/2772
f 2773/2773/2773 2774/2774/2774 2775/2775/2775
f 2776/2776/2776 2777/2777/2777 2778/2778/2778
f 2779/2779/2779 2780/2780/2780 2781/2781/2781
f 2782/2782/2782 2783/2783/2783 2784/2784/2784
f 2785/2785/2785 2786/2786/2786 2787/2787/2787
f 2788/2788/2788 2789/2789/2789 2790/2790/2790
f 2791/2791/2791 2792/2792/2792 2793/2793/2793
f 2794/2794/2794 2795/2795/2795 2796/2796/2796
f 2797/2797/2797 2798/2798/2798 2799/2799/2799
f 2800/2800/2800 2801/2801/2801 2802/2802/2802
f 2803/2803/2803 2804/2804/2804 2805/2805/2805
f 2806/2806/2806 2807/2807/2807 2808/2808/2808
f 2809/2809/2809 2810/2810/2810 2811/2811/2811
f 2812/2812/2812 2813/2813/2813 2814/2814/2814
f 2815/2815/2815 2816/2816/2816 2817/2817/2817
f 2818/2818/2818 2819/2819/2819 2820/2820/2820
f 2821/2821/2821 2822/2822/2822 2823/2823/2823
f 2824/2824/2824 2825/2825/2825 2826/2826/2826
f 2827/2827/2827 2828/2828/2828 2829/2829/2829
f 2830/2830/2830 2831/2831/2831 2832/2832/2832
f 2833/2833/2833 2834/2834/2834 2835/2835/2835
f 2836/2836/2836 2837/2837/2837 2838/2838/2838
f 2839/2839/2839 2840/2840/2840 2841/2841/2841
f 2842/2842/2842 2843/2843/2843 2844/2844/2844
f 2845/2845/2845 2846/2846/2846 2847/2847/2847
f 2848/2848/2848 2849/2849/2849 2850/2850/2850
f 2851/2851/2851 2852/2852/2852 2853/2853/2853
f 2854/2854/2854 2855/2855/2855 2856/2856/2856
f 2857/2857/2857 2858/2858/2858 2859/2859/2859
f 2860/2860/2860 2861/2861/2861 2862/2862/2862
f 2863/2863/2863 2864/2864/2864 2865/2865/2865
f 2866/2866/2866 2867/2867/2867 2868/2868/2868
f 2869/2869/2869 2870/2870/2870 2871/2871/2871
f 2872/2872/2872 2873/2873/2873 2874/2874/2874
f 2875/2875/2875 2876/2876/2876 2877/2877/2877
f 2878/2878/2878 2879/2879/2879 2880/2880/2880
f 2881/2881/2881 2882/2882/2882 2883/2883/2883
f 2884/2884/2884 2885/2885/2885 2886/2886/2886
f 2887/2887/2887 2888/2888/2888 2889/2889/2889
f 2890/2890/2890 2891/2891/2891 2892/2892/2892
f 2893/2893/2893 2894/2894/2894 2895/2895/2895
f 2896/2896/2896 2897/2897/2897 2898/2898/2898
f 2899/2899/2899 2900/2900/2900 2901/2901/2901
f 2902/2902/2902 2903/2903/2903 2904/2904/2904
f 2905/2905/2905 2906/2906/2906 2907/2907/2907
f 2908/2908/2908 2909/2909/2909 2910/2910/2910
f 2911/2911/2911 2912/2912/2912 2913/2913/2913
f 2914/2914/2914 2915/2915/2915 2916/2916/2916
f 2917/2917/2917 2918/2918/2918 2919/2919/2919
f 2920/2920/2920 2921/2921/2921 2922/2922/2922
f 2923/2923/2923 2924/2924/2924 2925/2925/2925
f 2926/2926/2926 2927/2927/2927 2928/2928/2928
f 2929/2929/2929 2930/2930/2930 2931/2931/2931
f 2932/2932/2932 2933/2933/2933 2934/2934/2934
f 2935/2935/2935 2936/2936/2936 2937/2937/2937
f 2938/2938/2938 2939/2939/2939 2940/2940/2940
f 2941/2941/2941 2942/2942/2942 2943/2943/2943
f 2944/2944/2944 2945/2945/2945 2946/2946/2946
f 2947/2947/2947 2948/2948/2948 2949/2949/2949
f 2950/2950/2950 2951/2951/2951 2952/2952/2952
f 2953/2953/2953 2954/2954/2954 2955/2955/2955
f 2956/2956/2956 2957/2957/2957 2958/2958/2958
f 2959/2959/2959 2960/2960/2960 2961/2961/2961
f 2962/2962/2962 2963/2963/2963 2964/2964/2964
f 2965/2965/2965 2966/2966/2966 2967/2967/2967
f 2968/2968/2968 2969/2969/2969 2970/2970/2970
f 2971/2971/2971 2972/2972/2972 2973/2973/2973
f 2974/2974/2974 2975/2975/2975 2976/2976/2976
f 2977/2977/2977 2978/2978/2978 2979/2979/2979
f 2980/2980/2980 2981/2981/2981 2982/2982/2982
f 2983/2983/2983 2984/2984/2984 2985/2985/2985
f 2986/2986/2986 2987/2987/2987 2988/2988/2988
f 2989/2989/2989 2990/2990/2990 2991/2991/2991
f 2992/2992/2992 2993/2993/2993 2994/2994/2994
f 2995/2995/2995 2996/2996/2996 2997/2997/2997
f 2998/2998/2998 2999/2999/2999 3000/3000/3000
f 3001/3001/3001 3002/3002/3002 3003/3003/3003
f 3004/3004/3004 3005/3005/3005 3006/3006/3006
f 3007/3007/3007 3008/3008/3008 3009/3009/3009
f 3010/3010/3010 3011/3011/3011 3012/3012/3012
f 3013/3013/3013 3014/3014/3014 3015/3015/3015
f 3016/3016/3016 3017/3017/3017 3018/3018/3018
f 3019/3019/3019 3020/3020/3020 3021/3021/3021
f 3022/3022/3022 3023/3023/3023 3024/3024/3024
f 3025/3025/3025 3026/3026/3026 3027/3027/3027
f 3028/3028/3028 3029/3029/3029 3030/3030/3030
f 3031/3031/3031 3032/3032/3032 3033/3033/3033
f 3034/3034/3034 3035/3035/3035 3036/3036/3036
f 3037/3037/3037 3038/3038/3038 3039/3039/3039
f 3040/3040/3040 3041/3041/3041 3042/3042/3042
f 3043/3043/3043 3044/3044/3044 3045/3045/3045
f 3046/3046/3046 3047/3047/3047 3048/3048/3048
f 3049/3049/3049 3050/3050/3050 3051/3051/3051
f 3052/3052/3052 3053/3053/3053 3054/3054/3054
f 3055/3055/3055 3056/3056/3056 3057/3057/3057
f 3058/3058/3058 3059/3059/3059 3060/3060/3060
f 3061/3061/3061 3062/3062/3062 3063/3063/3063
f 3064/3064/3064 3065/3065/3065 3066/3066/3066
f 3067/3067/3067 3068/3068/3068 3069/3069/3069
f 3070/3070/3070 3071/3071/3071 3072/3072/3072
f 3073/3073/3073 3074/3074/3074 3075/3075/3075
f 3076/3076/3076 3077/3077/3077 3078/3078/3078
f 3079/3079/3079 3080/3080/3080 3081/3081/3081
f 3082/3082/3082 3083/3083/3083 3084/3084/3084
f 3085/3085/3085 3086/3086/3086 3087/3087/3087
f 3088/3088/3088 3089/3089/3089 3090/3090/3090
f 3091/3091/3091 3092/3092/3092 3093/3093/3093
f 3094/3094/3094 3095/3095/3095 3096/3096/3096
f 3097/3097/3097 3098/3098/3098 3099/3099/3099
f 3100/3100/3100 3101/3101/3101 3102/3102/3102
f 3103/3103/3103 3104/3104/3104 3105/3105/3105
f 3106/3106/3106 3107/3107/3107 3108/3108/3108
f 3109/3109/3109 3110/3110/3110 3111/3111/3111
f 3112/3112/3112 3113/3113/3113 3114/3114/3114
f 3115/3115/3115 3116/3116/3116 3117/3117/3117
f 3118/3118/3118 3119/3119/3119 3120/3120/3120
f 3121/3121/3121 3122/3122/3122 3123/3123/3123
f 3124/3124/3124 3125/3125/3125 3126/3126/3126
f 3127/3127/3127 3128/3128/3128 3129/3129/3129
f 3130/3130/3130 3131/3131/3131 3132/3132/3132
f 3133/3133/3133 3134/3134/3134 3135/3135/3135
f 3136/3136/3136 3137/3137/3137 3138/3138/3138
f 3139/3139/3139 3140/3140/3140 3141/3141/3141
f 3142/3142/3142 3143/3143/3143 3144/3144/3144
f 3145/3145/3145 3146/3146/3146 3147/3147/3147
f 3148/3148/3148 3149/3149/3149 3150/3150/3150
f 3151/3151/3151 3152/3152/3152 3153/3153/3153
f 3154/3154/3154 3155/3155/3155 3156/3156/3156
f 3157/3157/3157 3158/3158/3158 3159/3159/3159
f 3160/3160/3160 3161/3161/3161 3162/3162/3162
f 3163/3163/3163 3164/3164/3164 3165/3165/3165
f 3166/3166/3166 3167/3167/3167 3168/3168/3168
f 3169/3169/3169 3170/3170/3170 3171/3171/3171
f 3172/3172/3172 3173/3173/3173 3174/3174/3174
f 3175/3175/3175 3176/3176/3176 3177/3177/3177
f 3178/3178/3178 3179/3179/3179 3180/3180/3180
f 3181/3181/3181 3182/3182/3182 3183/3183/3183
f 3184/3184/3184 3185/3185/3185 3186/3186/3186
f 3187/3187/3187 3188/3188/3188 3189/3189/3189
f 3190/3190/3190 3191/3191/3191 3192/3192/3192
f 3193/3193/3193 3194/3194/3194 3195/3195/3195
f 3196/3196/3196 3197/3197/3197 3198/3198/3198
f 3199/3199/3199 3200/3200/3200 3201/3201/3201
f 3202/3202/3202 3203/3203/3203 3204/3204/3204
f 3205/3205/3205 3206/3206/3206 3207/3207/3207
f 3208/3208/3208 3209/3209/3209 3210/3210/3210
f 3211/3211/3211 3212/3212/3212 3213/3213/3213
f 3214/3214/3214 3215/3215/3215 3216/3216/3216
f 3217/3217/3217 3218/3218/3218 3219/3219/3219
f 3220/3220/3220 3221/3221/3221 3222/3222/3222
f 3223/3223/3223 3224/3224/3224 3225/3225/3225
f 3226/3226/3226 3227/3227/3227 3228/3228/3228
f 3229/3229/3229 3230/3230/3230 3231/3231/3231
f 3232/3232/3232 3233/3233/3233 3234/3234/3234
f 3235/3235/3235 3236/3236/3236 3237/3237/3237
f 3238/3238/3238 3239/3239/3239 3240/3240/3240
f 3241/3241/3241 3242/3242/3242 3243/3243/3243
f 3244/3244/3244 3245/3245/3245 3246/3246/3246
f 3247/3247/3247 3248/3248/3248 3249/3249/3249
f 3250/3250/3250 3251/3251/3251 3252/3252/3252
f 3253/3253/3253 3254/3254/3254 3255/3255/3255
f 3256/3256/3256 3257/3257/3257 3258/3258/3258
f 3259/3259/3259 3260/3260/3260 3261/3261/3261
f 3262/3262/3262 3263/3263/3263 3264/3264/3264
f 3265/3265/3265 3266/3266/3266 3267/3267/3267
f 3268/3268/3268 3269/3269/3269 3270/3270/3270
f 3271/3271/3271 3272/3272/3272 3273/3273/3273
f 3274/3274/3274 3275/3275/3275 3276/3276/3276
f 3277/3277/3277 3278/3278/3278 3279/3279/3279
f 3280/3280/3280 3281/3281/3281 3282/3282/3282
f 3283/3283/3283 3284/3284/3284 3285/3285/3285
f 3286/3286/3286 3287/3287/3287 3288/3288/3288
f 3289/3289/3289 3290/3290/3290 3291/3291/3291
f 3292/3292/3292 3293/3293/3293 3294/3294/3294
f 3295/3295/3295 3296/3296/3296 3297/3297/3297
f 3298/3298/3298 3299/3299/3299 3300/3300/3300
f 3301/3301/3301 3302/3302/3302 3303/3303/3303
f 3304/3304/3304 3305/3305/3305 3306/3306/3306
f 3307/3307/3307 3308/3308/3308 3309/3309/3309
f 3310/3310/3310 3311/3311/3311 3312/3312/3312
f 3313/3313/3313 3314/3314/3314 3315/3315/3315
f 3316/3316/3316 3317/3317/3317 3318/3318/3318
f 3319/3319/3319 3320/3320/3320 3321/3321/3321
f 3322/3322/3322 3323/3323/3323 3324/3324/3324
f 3325/3325/3325 3326/3326/3326 3327/3327/3327
f 3328/3328/3328 3329/3329/3329 3330/3330/3330
f 3331/3331/3331 3332/3332/3332 3333/3333/3333
f 3334/3334/3334 3335/3335/3335 3336/3336/3336
f 3337/3337/3337 3338/3338/3338 3339/3339/3339
f 3340/3340/3340 3341/3341/3341 3342/3342/3342
f 3343/3343/3343 3344/3344/3344 3345/3345/3345
f 3346/3346/3346 3347/3347/3347 3348/3348/3348
f 3349/3349/3349 3350/3350/3350 3351/3351/3351
f 3352/3352/3352 3353/3353/3353 3354/3354/3354
f 3355/3355/3355 3356/3356/3356 3357/3357/3357
f 3358/3358/3358 3359/3359/3359 3360/3360/3360
f 3361/3361/3361 3362/3362/3362 3363/3363/3363
f 3364/3364/3364 3365/3365/3365 3366/3366/3366
f 3367/3367/3367 3368/3368/3368 3369/3369/3369
f 3370/3370/3370 3371/3371/3371 3372/3372/3372
f 3373/3373/3373 3374/3374/3374 3375/3375/3375
f 3376/3376/3376 3377/3377/3377 3378/3378/3378
f 3379/3379/3379 3380/3380/3380 3381/3381/3381
f 3382/3382/3382 3383/3383/3383 3384/3384/3384
f 3385/3385/3385 3386/3386/3386 3387/3387/3387
f 3388/3388/3388 3389/3389/3389 3390/3390/3390
f 3391/3391/3391 3392/3392/3392 3393/3393/3393
f 3394/3394/3394 3395/3395/3395 3396/3396/3396
f 3397/3397/3397 3398/3398/3398 3399/3399/3399
f 3400/3400/3400 3401/3401/3401 3402/3402/3402
f 3403/3403/3403 3404/3404/3404 3405/3405/3405
f 3406/3406/3406 3407/3407/3407 3408/3408/3408
f 3409/3409/3409 3410/3410/3410 3411/3411/3411
f 3412/3412/3412 3413/3413/3413 3414/3414/3414
f 3415/3415/3415 3416/3416/3416 3417/3417/3417
f 3418/3418/3418 3419/3419/3419 3420/3420/3420
f 3421/3421/3421 3422/3422/3422 3423/3423/3423
f 3424/3424/3424 3425/3425/3425 3426/3426/3426
f 3427/3427/3427 3428/3428/3428 3429/3429/3429
f 3430/3430/3430 3431/3431/3431 3432/3432/3432
f 3433/3433/3433 3434/3434/3434 3435/3435/3435
f 3436/3436/3436 3437/3437/3437 3438/3438/3438
f 3439/3439/3439 3440/3440/3440 3441/3441/3441
f 3442/3442/3442 3443/3443/3443 3444/3444/3444
f 3445/3445/3445 3446/3446/3446 3447/3447/3447
f 3448/3448/3448 3449/3449/3449 3450/3450/3450
f 3451/3451/3451 3452/3452/3452 3453/3453/3453
f 3454/3454/3454 3455/3455/3455 3456/3456/3456
f 3457/3457/3457 3458/3458/3458 3459/3459/3459
f 3460/3460/3460 3461/3461/3461 3462/3462/3462
f 3463/3463/3463 3464/3464/3464 3465/3465/3465
f 3466/3466/3466 3467/3467/3467 3468/3468/3468
f 3469/3469/3469 3470/3470/3470 3471/3471/3471
f 3472/3472/3472 3473/3473/3473 3474/3474/3474
f 3475/3475/3475 3476/3476/3476 3477/3477/3477
f 3478/3478/3478 3479/3479/3479 3480/3480/3480
f 3481/3481/3481 3482/3482/3482 3483/3483/3483
f 3484/3484/3484 3485/3485/3485 3486/3486/3486
f 3487/3487/3487 3488/3488/3488 3489/3489/3489
f 3490/3490/3490 3491/3491/3491 3492/3492/3492
f 3493/3493/3493 3494/3494/3494 3495/3495/3495
f 3496/3496/3496 3497/3497/3497 3498/3498/3498
f 3499/3499/3499 3500/3500/3500 3501/3501/3501
f 3502/3502/3502 3503/3503/3503 3504/3504/3504
f 3505/3505/3505 3506/3506/3506 3507/3507/3507
f 3508/3508/3508 3509/3509/3509 3510/3510/3510
f 3511/3511/3511 3512/3512/3512 3513/3513/3513
f 3514/3514/3514 3515/3515/3515 3516/3516/3516
f 3517/3517/3517 3518/3518/3518 3519/3519/3519
f 3520/3520/3520 3521/3521/3521 3522/3522/3522
f 3523/3523/3523 3524/3524/3524 3525/3525/3525
f 3526/3526/3526 3527/3527/3527 3528/3528/3528
f 3529/3529/3529 3530/3530/3530 3531/3531/3531
f 3532/3532/3532 3533/3533/3533 3534/3534/3534
f 3535/3535/3535 3536/3536/3536 3537/3537/3537
f 3538/3538/3538 3539/3539/3539 3540/3540/3540
f 3541/3541/3541 3542/3542/3542 3543/3543/3543
f 3544/3544/3544 3545/3545/3545 3546/3546/3546
f 3547/3547/3547 3548/3548/3548 3549/3549/3549
f 3550/3550/3550 3551/3551/3551 3552/3552/3552
f 3553/3553/3553 3554/3554/3554 3555/3555/3555
f 3556/3556/3556 3557/3557/3557 3558/3558/3558
f 3559/3559/3559 3560/3560/3560 3561/3561/3561
f 3562/3562/3562 3563/3563/3563 3564/3564/3564
f 3565/3565/3565 3566/3566/3566 3567/3567/3567
f 3568/3568/3568 3569/3569/3569 3570/3570/3570
f 3571/3571/3571 3572/3572/3572 3573/3573/3573
f 3574/3574/3574 3575/3575/3575 3576/3576/3576
f 3577/3577/3577 3578/3578/3578 3579/3579/3579
f 3580/3580/3580 3581/3581/3581 3582/3582/3582
f 3583/3583/3583 3584/3584/3584 3585/3585/3585
f 3586/3586/3586 3587/3587/3587 3588/3588/3588
f 3589/3589/3589 3590/3590/3590 3591/3591/3591
f 3592/3592/3592 3593/3593/3593 3594/3594/3594
f 3595/3595/3595 3596/3596/3596 3597/3597/3597
f 3598/3598/3598 3599/3599/3599 3600/3600/3600
f 3601/3601/3601 3602/3602/3602 3603/3603/3603
f 3604/3604/3604 3605/3605/3605 3606/3606/3606
f 3607/3607/3607 3608/3608/3608 3609/3609/3609
f 3610/3610/3610 3611/3611/3611 3612/3612/3612
f 3613/3613/3613 3614/3614/3614 3615/3615/3615
f 3616/3616/3616 3617/3617/3617 3618/3618/3618
f 3619/3619/3619 3620/3620/3620 3621/3621/3621
f 3622/3622/3622 3623/3623/3623 3624/3624/3624
f 3625/3625/3625 3626/3626/3626 3627/3627/3627
f 3628/3628/3628 3629/3629/3629 3630/3630/3630
f 3631/3631/3631 3632/3632/3632 3633/3633/3633
f 3634/3634/3634 3635/3635/3635 3636/3636/3636
f 3637/3637/3637 3638/3638/3638 3639/3639/3639
f 3640/3640/3640 3641/3641/3641 3642/3642/3642
f 3643/3643/3643 3644/3644/3644 3645/3645/3645
f 3646/3646/3646 3647/3647/3647 3648/3648/3648
f 3649/3649/3649 3650/3650/3650 3651/3651/3651
f 3652/3652/3652 3653/3653/3653 3654/3654/3654
f 3655/3655/3655 3656/3656/3656 3657/3657/3657
f 3658/3658/3658 3659/3659/3659 3660/3660/3660
f 3661/3661/3661 3662/3662/3662 3663/3663/3663
f 3664/3664/3664 3665/3665/3665 3666/3666/3666
f 3667/3667/3667 3668/3668/3668 3669/3669/3669
f 3670/3670/3670 3671/3671/3671 3672/3672/3672
f 3673/3673/3673 3674/3674/3674 3675/3675/3675
f 3676/3676/3676 3677/3677/3677 3678/3678/3678
f 3679/3679/3679 3680/3680/3680 3681/3681/3681
f 3682/3682/3682 3683/3683/3683 3684/3684/3684
f 3685/3685/3685 3686/3686/3686 3687/3687/3687
f 3688/3688/3688 3689/3689/3689 3690/3690/3690
f 3691/3691/3691 3692/3692/3692 3693/3693/3693
f 3694/3694/3694 3695/3695/3695 3696/3696/3696
f 3697/3697/3697 3698/3698/3698 3699/3699/3699
f 3700/3700/3700 3701/3701/3701 3702/3702/3702
f 3703/3703/3703 3704/3704/3704 3705/3705/3705
f 3706/3706/3706 3707/3707/3707 3708/3708/3708
f 3709/3709/3709 3710/3710/3710 3711/3711/3711
f 3712/3712/3712 3713/3713/3713 3714/3714/3714
f 3715/3715/3715 3716/3716/3716 3717/3717/3717
f 3718/3718/3718 3719/3719/3719 3720/3720/3720
f 3721/3721/3721 3722/3722/3722 3723/3723/3723
f 3724/3724/3724 3725/3725/3725 3726/3726/3726
f 3727/3727/3727 3728/3728/3728 3729/3729/3729
f 3730/3730/3730 3731/3731/3731 3732/3732/3732
f 3733/3733/3733 3734/3734/3734 3735/3735/3735
f 3736/3736/3736 3737/3737/3737 3738/3738/3738
f 3739/3739/3739 3740/3740/3740 3741/3741/3741
f 3742/3742/3742 3743/3743/3743 3744/3744/3744
f 3745/3745/3745 3746/3746/3746 3747/3747/3747
f 3748/3748/3748 3749/3749/3749 3750/3750/3750
f 3751/3751/3751 3752/3752/3752 3753/3753/3753
f 3754/3754/3754 3755/3755/3755 3756/3756/3756
f 3757/3757/3757 3758/3758/3758 3759/3759/3759
f 3760/3760/3760 3761/3761/3761 3762/3762/3762
f 3763/3763/3763 3764/3764/3764 3765/3765/3765
f 3766/3766/3766 3767/3767/3767 3768/3768/3768
f 3769/3769/3769 3770/3770/3770 3771/3771/3771
f 3772/3772/3772 3773/3773/3773 3774/3774/3774
f 3775/3775/3775 3776/3776/3776 3777/3777/3777
f 3778/3778/3778 3779/3779/3779 3780/3780/3780
f 3781/3781/3781 3782/3782/3782 3783/3783/3783
f 3784/3784/3784 3785/3785/3785 3786/3786/3786
f 3787/3787/3787 3788/3788/3788 3789/3789/3789
f 3790/3790/3790 3791/3791/3791 3792/3792/3792
f 3793/3793/3793 3794/3794/3794 3795/3795/3795
f 3796/3796/3796 3797/3797/3797 3798/3798/3798
f 3799/3799/3799 3800/3800/3800 3801/3801/3801
f 3802/3802/3802 3803/3803/3803 3804/3804/3804
f 3805/3805/3805 3806/3806/3806 3807/3807/3807
f 3808/3808/3808 3809/3809/3809 3810/3810/3810
f 3811/3811/3811 3812/3812/3812 3813/3813/3813
f 3814/3814/3814 3815/3815/3815 3816/3816/3816
f 3817/3817/3817 3818/3818/3818 3819/3819/3819
f 3820/3820/3820 3821/3821/3821 3822/3822/3822
f 3823/3823/3823 3824/3824/3824 3825/3825/3825
f 3826/3826/3826 3827/3827/3827 3828/3828/3828
f 3829/3829/3829 3830/3830/3830 3831/3831/3831
f 3832/3832/3832 3833/3833/3833 3834/3834/3834
f 3835/3835/3835 3836/3836/3836 3837/3837/3837
f 3838/3838/3838 3839/3839/3839 3840/3840/3840
f 3841/3841/3841 3842/3842/3842 3843/3843/3843
f 3844/3844/3844 3845/3845/3845 3846/3846/3846
f 3847/3847/3847 3848/3848/3848 3849/3849/3849
f 3850/3850/3850 3851/3851/3851 3852/3852/3852
f 3853/3853/3853 3854/3854/3854 3855/3855/3855
f 3856/3856/3856 3857/3857/3857 3858/3858/3858
f 3859/3859/3859 3860/3860/3860 3861/3861/3861
f 3862/3862/3862 3863/3863/3863 3864/3864/3864
f 3865/3865/3865 3866/3866/3866 3867/3867/3867
f 3868/3868/3868 3869/3869/3869 3870/3870/3870
f 3871/3871/3871 3872/3872/3872 3873/3873/3873
f 3874/3874/3874 3875/3875/3875 3876/3876/3876
f 3877/3877/3877 3878/3878/3878 3879/3879/3879
f 3880/3880/3880 3881/3881/3881 3882/3882/3882
f 3883/3883/3883 3884/3884/3884 3885/3885/3885
f 3886/3886/3886 3887/3887/3887 3888/3888/3888
f 3889/3889/3889 3890/3890/3890 3891/3891/3891
f 3892/3892/3892 3893/3893/3893 3894/3894/3894
f 3895/3895/3895 3896/3896/3896 3897/3897/3897
f 3898/3898/3898 3899/3899/3899 3900/3900/3900
f 3901/3901/3901 3902/3902/3902 3903/3903/3903
f 3904/3904/3904 3905/3905/3905 3906/3906/3906
f 3907/3907/3907 3908/3908/3908 3909/3909/3909
f 3910/3910/3910 3911/3911/3911 3912/3912/3912
f 3913/3913/3913 3914/3914/3914 3915/3915/3915
f 3916/3916/3916 3917/3917/3917 3918/3918/3918
f 3919/3919/3919 3920/3920/3920 3921/3921/3921
f 3922/3922/3922 3923/3923/3923 3924/3924/3924
f 3925/3925/3925 3926/3926/3926 3927/3927/3927
f 3928/3928/3928 3929/3929/3929 3930/3930/3930
f 3931/3931/3931 3932/3932/3932 3933/3933/3933
f 3934/3934/3934 3935/3935/3935 3936/3936/3936
f 3937/3937/3937 3938/3938/3938 3939/3939/3939
f 3940/3940/3940 3941/3941/3941 3942/3942/3942
f 3943/3943/3943 3944/3944/3944 3945/3945/3945
f 3946/3946/3946 3947/3947/3947 3948/3948/3948
f 3949/3949/3949 3950/3950/3950 3951/3951/3951
f 3952/3952/3952 3953/3953/3953 3954/3954/3954
f 3955/3955/3955 3956/3956/3956 3957/3957/3957
f 3958/3958/3958 3959/3959/3959 3960/3960/3960
f 3961/3961/3961 3962/3962/3962 3963/3963/3963
f 3964/3964/3964 3965/3965/3965 3966/3966/3966
f 3967/3967/3967 3968/3968/3968 3969/3969/3969
f 3970/3970/3970 3971/3971/3971 3972/3972/3972
f 3973/3973/3973 3974/3974/3974 3975/3975/3975
f 3976/3976/3976 3977/3977/3977 3978/3978/3978
f 3979/3979/3979 3980/3980/3980 3981/3981/3981
f 3982/3982/3982 3983/3983/3983 3984/3984/3984
f 3985/3985/3985 3986/3986/3986 3987/3987/3987
f 3988/3988/3988 3989/3989/3989 3990/3990/3990
f 3991/3991/3991 3992/3992/3992 3993/3993/3993
f 3994/3994/3994 3995/3995/3995 3996/3996/3996
f 3997/3997/3997 3998/3998/3998 3999/3999/3999
f 4000/4000/4000 4001/4001/4001 4002/4002/4002
f 4003/4003/4003 4004/4004/4004 4005/4005/4005
f 4006/4006/4006 4007/4007/4007 4008/4008/4008
f 4009/4009/4009 4010/4010/4010 4011/4011/4011
f 4012/4012/4012 4013/4013/4013 4014/4014/4014
f 4015/4015/4015 4016/4016/4016 4017/4017/4017
f 4018/4018/4018 4019/4019/4019 4020/4020/4020
f 4021/4021/4021 4022/4022/4022 4023/4023/4023
f 4024/4024/4024 4025/4025/4025 4026/4026/4026
f 4027/4027/4027 4028/4028/4028 4029/4029/4029
f 4030/4030/4030 4031/4031/4031 4032/4032/4032
f 4033/4033/4033 4034/4034/4034 4035/4035/4035
f 4036/4036/4036 4037/4037/4037 4038/4038/4038
f 4039/4039/4039 4040/4040/4040 4041/4041/4041
f 4042/4042/4042 4043/4043/4043 4044/4044/4044
f 4045/4045/4045 4046/4046/4046 4047/4047/4047
f 4048/4048/4048 4049/4049/4049 4050/4050/4050
f 4051/4051/4051 4052/4052/4052 4053/4053/4053
f 4054/4054/4054 4055/4055/4055 4056/4056/4056
f 4057/4057/4057 4058/4058/4058 4059/4059/4059
f 4060/4060/4060 4061/4061/4061 4062/4062/4062
f 4063/4063/4063 4064/4064/4064 4065/4065/4065
f 4066/4066/4066 4067/4067/4067 4068/4068/4068
f 4069/4069/4069 4070/4070/4070 4071/4071/4071
f 4072/4072/4072 4073/4073/4073 4074/4074/4074
f 4075/4075/4075 4076/4076/4076 4077/4077/4077
f 4078/4078/4078 4079/4079/4079 4080/4080/4080
f 4081/4081/4081 4082/4082/4082 4083/4083/4083
f 4084/4084/4084 4085/4085/4085 4086/4086/4086
f 4087/4087/4087 4088/4088/4088 4089/4089/4089
f 4090/4090/4090 4091/4091/4091 4092/4092/4092
f 4093/4093/4093 4094/4094/4094 4095/4095/4095
f 4096/4096/4096 4097/4097/4097 4098/4098/4098
f 4099/4099/4099 4100/4100/4100 4101/4101/4101
f 4102/4102/4102 4103/4103/4103 4104/4104/4104
f 4105/4105/4105 4106/4106/4106 4107/4107/4107
f 4108/4108/4108 4109/4109/4109 4110/4110/4110
f 4111/4111/4111 4112/4112/4112 4113/4113/4113
f 4114/4114/4114 4115/4115/4115 4116/4116/4116
f 4117/4117/4117 4118/4118/4118 4119/4119/4119
f 4120/4120/4120 4121/4121/4121 4122/4122/4122
f 4123/4123/4123 4124/4124/4124 4125/4125/4125
f 4126/4126/4126 4127/4127/4127 4128/4128/4128
f 4129/4129/4129 4130/4130/4130 4131/4131/4131
f 4132/4132/4132 4133/4133/4133 4134/4134/4134
f 4135/4135/4135 4136/4136/4136 4137/4137/4137
f 4138/4138/4138 4139/4139/4139 4140/4140/4140
f 4141/4141/4141 4142/4142/4142 4143/4143/4143
f 4144/4144/4144 4145/4145/4145 4146/4146/4146
f 4147/4147/4147 4148/4148/4148 4149/4149/4149
f 4150/4150/4150 4151/4151/4151 4152/4152/4152
f 4153/4153/4153 4154/4154/4154 4155/4155/4155
f 4156/4156/4156 4157/4157/4157 4158/4158/4158
f 4159/4159/4159 4160/4160/4160 4161/4161/4161
f 4162/4162/4162 4163/4163/4163 4164/4164/4164
f 4165/4165/4165 4166/4166/4166 4167/4167/4167
f 4168/4168/4168 4169/4169/4169 4170/4170/4170
f 4171/4171/4171 4172/4172/4172 4173/4173/4173
f 4174/4174/4174 4175/4175/4175 4176/4176/4176
f 4177/4177/4177 4178/4178/4178 4179/4179/4179
f 4180/4180/4180 4181/4181/4181 4182/4182/4182
f 4183/4183/4183 4184/4184/4184 4185/4185/4185
f 4186/4186/4186 4187/4187/4187 4188/4188/4188
f 4189/4189/4189 4190/4190/4190 4191/4191/4191
f 4192/4192/4192 4193/4193/4193 4194/4194/4194
f 4195/4195/4195 4196/4196/4196 4197/4197/4197
f 4198/4198/4198 4199/4199/4199 4200/4200/4200
f 4201/4201/4201 4202/4202/4202 4203/4203/4203
f 4204/4204/4204 4205/4205/4205 4206/4206/4206
f 4207/4207/4207 4208/4208/4208 4209/4209/4209
f 4210/4210/4210 4211/4211/4211 4212/4212/4212
f 4213/4213/4213 4214/4214/4214 4215/4215/4215
f 4216/4216/4216 4217/4217/4217 4218/4218/4218
f 4219/4219/4219 4220/4220/4220 4221/4221/4221
f 4222/4222/4222 4223/4223/4223 4224/4224/4224
f 4225/4225/4225 4226/4226/4226 4227/4227/4227
f 4228/4228/4228 4229/4229/4229 4230/4230/4230
f 4231/4231/4231 4232/4232/4232 4233/4233/4233
f 4234/4234/4234 4235/4235/4235 4236/4236/4236
f 4237/4237/4237 4238/4238/4238 4239/4239/4239
f 4240/4240/4240 4241/4241/4241 4242/4242/4242
f 4243/4243/4243 4244/4244/4244 4245/4245/4245
f 4246/4246/4246 4247/4247/4247 4248/4248/4248
f 4249/4249/4249 4250/4250/4250 4251/4251/4251
f 4252/4252/4252 4253/4253/4253 4254/4254/4254
f 4255/4255/4255 4256/4256/4256 4257/4257/4257
f 4258/4258/4258 4259/4259/4259 4260/4260/4260
f 4261/4261/4261 4262/4262/4262 4263/4263/4263
f 4264/4264/4264 4265/4265/4265 4266/4266/4266
f 4267/4267/4267 4268/4268/4268 4269/4269/4269
f 4270/4270/4270 4271/4271/4271 4272/4272/4272
f 4273/4273/4273 4274/4274/4274 4275/4275/4275
f 4276/4276/4276 4277/4277/4277 4278/4278/4278
f 4279/4279/4279 4280/4280/4280 4281/4281/4281
f 4282/4282/4282 4283/4283/4283 4284/4284/4284
f 4285/4285/4285 4286/4286/4286 4287/4287/4287
f 4288/4288/4288 4289/4289/4289 4290/4290/4290
f 4291/4291/4291 4292/4292/4292 4293/4293/4293
f 4294/4294/4294 4295/4295/4295 4296/4296/4296
f 4297/4297/4297 4298/4298/4298 4299/4299/4299
f 4300/4300/4300 4301/4301/4301 4302/4302/4302
f 4303/4303/4303 4304/4304/4304 4305/4305/4305
f 4306/4306/4306 4307/4307/4307 4308/4308/4308
f 4309/4309/4309 4310/4310/4310 4311/4311/4311
f 4312/4312/4312 4313/4313/4313 4314/4314/4314
f 4315/4315/4315 4316/4316/4316 4317/4317/4317
f 4318/4318/4318 4319/4319/4319 4320/4320/4320
f 4321/4321/4321 4322/4322/4322 4323/4323/4323
f 4324/4324/4324 4325/4325/4325 4326/4326/4326
f 4327/4327/4327 4328/4328/4328 4329/4329/4329
f 4330/4330/4330 4331/4331/4331 4332/4332/4332
f 4333/4333/4333 4334/4334/4334 4335/4335/4335
f 4336/4336/4336 4337/4337/4337 4338/4338/4338
f 4339/4339/4339 4340/4340/4340 4341/4341/4341
f 4342/4342/4342 4343/4343/4343 4344/4344/4344
f 4345/4345/4345 4346/4346/4346 4347/4347/4347
f 4348/4348/4348 4349/4349/4349 4350/4350/4350
f 4351/4351/4351 4352/4352/4352 4353/4353/4353
f 4354/4354/4354 4355/4355/4355 4356/4356/4356
f 4357/4357/4357 4358/4358/4358 4359/4359/4359
f 4360/4360/4360 4361/4361/4361 4362/4362/4362
f 4363/4363/4363 4364/4364/4364 4365/4365/4365
f 4366/4366/4366 4367/4367/4367 4368/4368/4368
f 4369/4369/4369 4370/4370/4370 4371/4371/4371
f 4372/4372/4372 4373/4373/4373 4374/4374/4374
f 4375/4375/4375 4376/4376/4376 4377/4377/4377
f 4378/4378/4378 4379/4379/4379 4380/4380/4380
f 4381/4381/4381 4382/4382/4382 4383/4383/4383
f 4384/4384/4384 4385/4385/4385 4386/4386/4386
f 4387/4387/4387 4388/4388/4388 4389/4389/4389
f 4390/4390/4390 4391/4391/4391 4392/4392/4392
f 4393/4393/4393 4394/4394/4394 4395/4395/4395
f 4396/4396/4396 4397/4397/4397 4398/4398/4398
f 4399/4399/4399 4400/4400/4400 4401/4401/4401
f 4402/4402/4402 4403/4403/4403 4404/4404/4404
f 4405/4405/4405 4406/4406/4406 4407/4407/4407
f 4408/4408/4408 4409/4409/4409 4410/4410/4410
f 4411/4411/4411 4412/4412/4412 4413/4413/4413
f 4414/4414/4414 4415/4415/4415 4416/4416/4416
f 4417/4417/4417 4418/4418/4418 4419/4419/4419
f 4420/4420/4420 4421/4421/4421 4422/4422/4422
f 4423/4423/4423 4424/4424/4424 4425/4425/4425
f 4426/4426/4426 4427/4427/4427 4428/4428/4428
f 4429/4429/4429 4430/4430/4430 4431/4431/4431
f 4432/4432/4432 4433/4433/4433 4434/4434/4434
f 4435/4435/4435 4436/4436/4436 4437/4437/4437
f 4438/4438/4438 4439/4439/4439 4440/4440/4440
f 4441/4441/4441 4442/4442/4442 4443/4443/4443
f 4444/4444/4444 4445/4445/4445 4446/4446/4446
f 4447/4447/4447 4448/4448/4448 4449/4449/4449
f 4450/4450/4450 4451/4451/4451 4452/4452/4452
f 4453/4453/4453 4454/4454/4454 4455/4455/4455
f 4456/4456/4456 4457/4457/4457 4458/4458/4458
f 4459/4459/4459 4460/4460/4460 4461/4461/4461
f 4462/4462/4462 4463/4463/4463 4464/4464/4464
f 4465/4465/4465 4466/4466/4466 4467/4467/4467
f 4468/4468/4468 4469/4469/4469 4470/4470/4470
f 4471/4471/4471 4472/4472/4472 4473/4473/4473
f 4474/4474/4474 4475/4475/4475 4476/4476/4476
f 4477/4477/4477 4478/4478/4478 4479/4479/4479
f 4480/4480/4480 4481/4481/4481 4482/4482/4482
f 4483/4483/4483 4484/4484/4484 4485/4485/4485
f 4486/4486/4486 4487/4487/4487 4488/4488/4488
f 4489/4489/4489 4490/4490/4490 4491/4491/4491
f 4492/4492/4492 4493/4493/4493 4494/4494/4494
f 4495/4495/4495 4496/4496/4496 4497/4497/4497
f 4498/4498/4498 4499/4499/4499 4500/4500/4500
f 4501/4501/4501 4502/4502/4502 4503/4503/4503
f 4504/4504/4504 4505/4505/4505 4506/4506/4506
f 4507/4507/4507 4508/4508/4508 4509/4509/4509
f 4510/4510/4510 4511/4511/4511 4512/4512/4512
f 4513/4513/4513 4514/4514/4514 4515/4515/4515
f 4516/4516/4516 4517/4517/4517 4518/4518/4518
f 4519/4519/4519 4520/4520/4520 4521/4521/4521
f 4522/4522/4522 4523/4523/4523 4524/4524/4524
f 4525/4525/4525 4526/4526/4526 4527/4527/4527
f 4528/4528/4528 4529/4529/4529 4530/4530/4530
f 4531/4531/4531 4532/4532/4532 4533/4533/4533
f 4534/4534/4534 4535/4535/4535 4536/4536/4536
f 4537/4537/4537 4538/4538/4538 4539/4539/4539
f 4540/4540/4540 4541/4541/4541 4542/4542/4542
f 4543/4543/4543 4544/4544/4544 4545/4545/4545
f 4546/4546/4546 4547/4547/4547 4548/4548/4548
f 4549/4549/4549 4550/4550/4550 4551/4551/4551
f 4552/4552/4552 4553/4553/4553 4554/4554/4554
f 4555/4555/4555 4556/4556/4556 4557/4557/4557
f 4558/4558/4558 4559/4559/4559 4560/4560/4560
f 4561/4561/4561 4562/4562/4562 4563/4563/4563
f 4564/4564/4564 4565/4565/4565 4566/4566/4566
f 4567/4567/4567 4568/4568/4568 4569/4569/4569
f 4570/4570/4570 4571/4571/4571 4572/4572/4572
f 4573/4573/4573 4574/4574/4574 4575/4575/4575
f 4576/4576/4576 4577/4577/4577 4578/4578/4578
f 4579/4579/4579 4580/4580/4580 4581/4581/4581
f 4582/4582/4582 4583/4583/4583 4584/4584/4584
f 4585/4585/4585 4586/4586/4586 4587/4587/4587
f 4588/4588/4588 4589/4589/4589 4590/4590/4590
f 4591/4591/4591 4592/4592/4592 4593/4593/4593
f 4594/4594/4594 4595/4595/4595 4596/4596/4596
f 4597/4597/4597 4598/4598/4598 4599/4599/4599
f 4600/4600/4600 4601/4601/4601 4602/4602/4602
f 4603/4603/4603 4604/4604/4604 4605/4605/4605
f 4606/4606/4606 4607/4607/4607 4608/4608/4608
f 4609/4609/4609 4610/4610/4610 4611/4611/4611
f 4612/4612/4612 4613/4613/4613 4614/4614/4614
f 4615/4615/4615 4616/4616/4616 4617/4617/4617
f 4618/4618/4618 4619/4619/4619 4620/4620/4620
f 4621/4621/4621 4622/4622/4622 4623/4623/4623
f 4624/4624/4624 4625/4625/4625 4626/4626/4626
f 4627/4627/4627 4628/4628/4628 4629/4629/4629
f 4630/4630/4630 4631/4631/4631 4632/4632/4632
f 4633/4633/4633 4634/4634/4634 4635/4635/4635
f 4636/4636/4636 4637/4637/4637 4638/4638/4638
f 4639/4639/4639 4640/4640/4640 4641/4641/4641
f 4642/4642/4642 4643/4643/4643 4644/4644/4644
f 4645/4645/4645 4646/4646/4646 4647/4647/4647
f 4648/4648/4648 4649/4649/4649 4650/4650/4650
f 4651/4651/4651 4652/4652/4652 4653/4653/4653
f 4654/4654/4654 4655/4655/4655 4656/4656/4656
f 4657/4657/4657 4658/4658/4658 4659/4659/4659
f 4660/4660/4660 4661/4661/4661 4662/4662/4662
f 4663/4663/4663 4664/4664/4664 4665/4665/4665
f 4666/4666/4666 4667/4667/4667 4668/4668/4668
f 4669/4669/4669 4670/4670/4670 4671/4671/4671
f 4672/4672/4672 4673/4673/4673 4674/4674/4674
f 4675/4675/4675 4676/4676/4676 4677/4677/4677
f 4678/4678/4678 4679/4679/4679 4680/4680/4680
f 4681/4681/4681 4682/4682/4682 4683/4683/4683
f 4684/4684/4684 4685/4685/4685 4686/4686/4686
f 4687/4687/4687 4688/4688/4688 4689/4689/4689
f 4690/4690/4690 4691/4691/4691 4692/4692/4692
f 4693/4693/4693 4694/4694/4694 4695/4695/4695
f 4696/4696/4696 4697/4697/4697 4698/4698/4698
f 4699/4699/4699 4700/4700/4700 4701/4701/4701
f 4702/4702/4702 4703/4703/4703 4704/4704/4704
f 4705/4705/4705 4706/4706/4706 4707/4707/4707
f 4708/4708/4708 4709/4709/4709 4710/4710/4710
f 4711/4711/4711 4712/4712/4712 4713/4713/4713
f 4714/4714/4714 4715/4715/4715 4716/4716/4716
f 4717/4717/4717 4718/4718/4718 4719/4719/4719
f 4720/4720/4720 4721/4721/4721 4722/4722/4722
f 4723/4723/4723 4724/4724/4724 4725/4725/4725
f 4726/4726/4726 4727/4727/4727 4728/4728/4728
f 4729/4729/4729 4730/4730/4730 4731/4731/4731
f 4732/4732/4732 4733/4733/4733 4734/4734/4734
f 4735/4735/4735 4736/4736/4736 4737/4737/4737
f 4738/4738/4738 4739/4739/4739 4740/4740/4740
f 4741/4741/4741 4742/4742/4742 4743/4743/4743
f 4744/4744/4744 4745/4745/4745 4746/4746/4746
f 4747/4747/4747 4748/4748/4748 4749/4749/4749
f 4750/4750/4750 4751/4751/4751 4752/4752/4752
f 4753/4753/4753 4754/4754/4754 4755/4755/4755
f 4756/4756/4756 4757/4757/4757 4758/4758/4758
f 4759/4759/4759 4760/4760/4760 4761/4761/4761
f 4762/4762/4762 4763/4763/4763 4764/4764/4764
f 4765/4765/4765 4766/4766/4766 4767/4767/4767
f 4768/4768/4768 4769/4769/4769 4770/4770/4770
f 4771/4771/4771 4772/4772/4772 4773/4773/4773
f 4774/4774/4774 4775/4775/4775 4776/4776/4776
f 4777/4777/4777 4778/4778/4778 4779/4779/4779
f 4780/4780/4780 4781/4781/4781 4782/4782/4782
f 4783/4783/4783 4784/4784/4784 4785/4785/4785
f 4786/4786/4786 4787/4787/4787 4788/4788/4788
f 4789/4789/4789 4790/4790/4790 4791/4791/4791
f 4792/4792/4792 4793/4793/4793 4794/4794/4794
f 4795/4795/4795 4796/4796/4796 4797/4797/4797
f 4798/4798/4798 4799/4799/4799 4800/4800/4800
f 4801/4801/4801 4802/4802/4802 4803/4803/4803
f 4804/4804/4804 4805/4805/4805 4806/4806/4806
f 4807/4807/4807 4808/4808/4808 4809/4809/4809
f 4810/4810/4810 4811/4811/4811 4812/4812/4812
f 4813/4813/4813 4814/4814/4814 4815/4815/4815
f 4816/4816/4816 4817/4817/4817 4818/4818/4818
f 4819/4819/4819 4820/4820/4820 4821/4821/4821
f 4822/4822/4822 4823/4823/4823 4824/4824/4824
f 4825/4825/4825 4826/4826/4826 4827/4827/4827
f 4828/4828/4828 4829/4829/4829 4830/4830/4830
f 4831/4831/4831 4832/4832/4832 4833/4833/4833
f 4834/4834/4834 4835/4835/4835 4836/4836/4836
f 4837/4837/4837 4838/4838/4838 4839/4839/4839
f 4840/4840/4840 4841/4841/4841 4842/4842/4842
f 4843/4843/4843 4844/4844/4844 4845/4845/4845
f 4846/4846/4846 4847/4847/4847 4848/4848/4848
f 4849/4849/4849 4850/4850/4850 4851/4851/4851
f 4852/4852/4852 4853/4853/4853 4854/4854/4854
f 4855/4855/4855 4856/4856/4856 4857/4857/4857
f 4858/4858/4858 4859/4859/4859 4860/4860/4860
f 4861/4861/4861 4862/4862/4862 4863/4863/4863
f 4864/4864/4864 4865/4865/4865 4866/4866/4866
f 4867/4867/4867 4868/4868/4868 4869/4869/4869
f 4870/4870/4870 4871/4871/4871 4872/4872/4872
f 4873/4873/4873 4874/4874/4874 4875/4875/4875
f 4876/4876/4876 4877/4877/4877 4878/4878/4878
f 4879/4879/4879 4880/4880/4880 4881/4881/4881
f 4882/4882/4882 4883/4883/4883 4884/4884/4884
f 4885/4885/4885 4886/4886/4886 4887/4887/4887
f 4888/4888/4888 4889/4889/4889 4890/4890/4890
f 4891/4891/4891 4892/4892/4892 4893/4893/4893
f 4894/4894/4894 4895/4895/4895 4896/4896/4896
f 4897/4897/4897 4898/4898/4898 4899/4899/4899
f 4900/4900/4900 4901/4901/4901 4902/4902/4902
f 4903/4903/4903 4904/4904/4904 4905/4905/4905
f 4906/4906/4906 4907/4907/4907 4908/4908/4908
f 4909/4909/4909 4910/4910/4910 4911/4911/4911
f 4912/4912/4912 4913/4913/4913 4914/4914/4914
f 4915/4915/4915 4916/4916/4916 4917/4917/4917
f 4918/4918/4918 4919/4919/4919 4920/4920/4920
f 4921/4921/4921 4922/4922/4922 4923/4923/4923
f 4924/4924/4924 4925/4925/4925 4926/4926/4926
f 4927/4927/4927 4928/4928/4928 4929/4929/4929
f 4930/4930/4930 4931/4931/4931 4932/4932/4932
f 4933/4933/4933 4934/4934/4934 4935/4935/4935
f 4936/4936/4936 4937/4937/4937 4938/4938/4938
f 4939/4939/4939 4940/4940/4940 4941/4941/4941
f 4942/4942/4942 4943/4943/4943 4944/4944/4944
f 4945/4945/4945 4946/4946/4946 4947/4947/4947
f 4948/4948/4948 4949/4949/4949 4950/4950/4950
f 4951/4951/4951 4952/4952/4952 4953/4953/4953
f 4954/4954/4954 4955/4955/4955 4956/4956/4956
f 4957/4957/4957 4958/4958/4958 4959/4959/4959
f 4960/4960/4960 4961/4961/4961 4962/4962/4962
f 4963/4963/4963 4964/4964/4964 4965/4965/4965
f 4966/4966/4966 4967/4967/4967 4968/4968/4968
f 4969/4969/4969 4970/4970/4970 4971/4971/4971
f 4972/4972/4972 4973/4973/4973 4974/4974/4974
f 4975/4975/4975 4976/4976/4976 4977/4977/4977
f 4978/4978/4978 4979/4979/4979 4980/4980/4980
f 4981/4981/4981 4982/4982/4982 4983/4983/4983
f 4984/4984/4984 4985/4985/4985 4986/4986/4986
f 4987/4987/4987 4988/4988/4988 4989/4989/4989
f 4990/4990/4990 4991/4991/4991 4992/4992/4992
f 4993/4993/4993 4994/4994/4994 4995/4995/4995
f 4996/4996/4996 4997/4997/4997 4998/4998/4998
f 4999/4999/4999 5000/5000/5000 5001/5001/5001
f 5002/5002/5002 5003/5003/5003 5004/5004/5004
f 5005/5005/5005 5006/5006/5006 5007/5007/5007
f 5008/5008/5008 5009/5009/5009 5010/5010/5010
f 5011/5011/5011 5012/5012/5012 5013/5013/5013
f 5014/5014/5014 5015/5015/5015 5016/5016/5016
f 5017/5017/5017 5018/5018/5018 5019/5019/5019
f 5020/5020/5020 5021/5021/5021 5022/5022/5022
f 5023/5023/5023 5024/5024/5024 5025/5025/5025
f 5026/5026/5026 5027/5027/5027 5028/5028/5028
f 5029/5029/5029 5030/5030/5030 5031/5031/5031
f 5032/5032/5032 5033/5033/5033 5034/5034/5034
f 5035/5035/5035 5036/5036/5036 5037/5037/5037
f 5038/5038/5038 5039/5039/5039 5040/5040/5040
f 5041/5041/5041 5042/5042/5042 5043/5043/5043
f 5044/5044/5044 5045/5045/5045 5046/5046/5046
f 5047/5047/5047 5048/5048/5048 5049/5049/5049
f 5050/5050/5050 5051/5051/5051 5052/5052/5052
f 5053/5053/5053 5054/5054/5054 5055/5055/5055
f 5056/5056/5056 5057/5057/5057 5058/5058/5058
f 5059/5059/5059 5060/5060/5060 5061/5061/5061
f 5062/5062/5062 5063/5063/5063 5064/5064/5064
f 5065/5065/5065 5066/5066/5066 5067/5067/5067
f 5068/5068/5068 5069/5069/5069 5070/5070/5070
f 5071/5071/5071 5072/5072/5072 5073/5073/5073
f 5074/5074/5074 5075/5075/5075 5076/5076/5076
f 5077/5077/5077 5078/5078/5078 5079/5079/5079
f 5080/5080/5080 5081/5081/5081 5082/5082/5082
f 5083/5083/5083 5084/5084/5084 5085/5085/5085
f 5086/5086/5086 5087/5087/5087 5088/5088/5088
f 5089/5089/5089 5090/5090/5090 5091/5091/5091
f 5092/5092/5092 5093/5093/5093 5094/5094/5094
f 5095/5095/5095 5096/5096/5096 5097/5097/5097
f 5098/5098/5098 5099/5099/5099 5100/5100/5100
f 5101/5101/5101 5102/5102/5102 5103/5103/5103
f 5104/5104/5104 5105/5105/5105 5106/5106/5106
f 5107/5107/5107 5108/5108/5108 5109/5109/5109
f 5110/5110/5110 5111/5111/5111 5112/5112/5112
f 5113/5113/5113 5114/5114/5114 5115/5115/5115
f 5116/5116/5116 5117/5117/5117 5118/5118/5118
f 5119/5119/5119 5120/5120/5120 5121/5121/5121
f 5122/5122/5122 5123/5123/5123 5124/5124/5124
f 5125/5125/5125 5126/5126/5126 5127/5127/5127
f 5128/5128/5128 5129/5129/5129 5130/5130/5130
f 5131/5131/5131 5132/5132/5132 5133/5133/5133
f 5134/5134/5134 5135/5135/5135 5136/5136/5136
f 5137/5137/5137 5138/5138/5138 5139/5139/5139
f 5140/5140/5140 5141/5141/5141 5142/5142/5142
f 5143/5143/5143 5144/5144/5144 5145/5145/5145
f 5146/5146/5146 5147/5147/5147 5148/5148/5148
f 5149/5149/5149 5150/5150/5150 5151/5151/5151
f 5152/5152/5152 5153/5153/5153 5154/5154/5154
f 5155/5155/5155 5156/5156/5156 5157/5157/5157
f 5158/5158/5158 5159/5159/5159 5160/5160/5160
f 5161/5161/5161 5162/5162/5162 5163/5163/5163
f 5164/5164/5164 5165/5165/5165 5166/5166/5166
f 5167/5167/5167 5168/5168/5168 5169/5169/5169
f 5170/5170/5170 5171/5171/5171 5172/5172/5172
f 5173/5173/5173 5174/5174/5174 5175/5175/5175
f 5176/5176/5176 5177/5177/5177 5178/5178/5178
f 5179/5179/5179 5180/5180/5180 5181/5181/5181
f 5182/5182/5182 5183/5183/5183 5184/5184/5184
f 5185/5185/5185 5186/5186/5186 5187/5187/5187
f 5188/5188/5188 5189/5189/5189 5190/5190/5190
f 5191/5191/5191 5192/5192/5192 5193/5193/5193
f 5194/5194/5194 5195/5195/5195 5196/5196/5196
f 5197/5197/5197 5198/5198/5198 5199/5199/5199
f 5200/5200/5200 5201/5201/5201 5202/5202/5202
f 5203/5203/5203 5204/5204/5204 5205/5205/5205
f 5206/5206/5206 5207/5207/5207 5208/5208/5208
f 5209/5209/5209 5210/5210/5210 5211/5211/5211
f 5212/5212/5212 5213/5213/5213 5214/5214/5214
f 5215/5215/5215 5216/5216/5216 5217/5217/5217
f 5218/5218/5218 5219/5219/5219 5220/5220/5220
f 5221/5221/5221 5222/5222/5222 5223/5223/5223
f 5224/5224/5224 5225/5225/5225 5226/5226/5226
f 5227/5227/5227 5228/5228/5228 5229/5229/5229
f 5230/5230/5230 5231/5231/5231 5232/5232/5232
f 5233/5233/5233 5234/5234/5234 5235/5235/5235
f 5236/5236/5236 5237/5237/5237 5238/5238/5238
f 5239/5239/5239 5240/5240/5240 5241/5241/5241
f 5242/5242/5242 5243/5243/5243 5244/5244/5244
f 5245/5245/5245 5246/5246/5246 5247/5247/5247
f 5248/5248/5248 5249/5249/5249 5250/5250/5250
f 5251/5251/5251 5252/5252/5252 5253/5253/5253
f 5254/5254/5254 5255/5255/5255 5256/5256/5256
f 5257/5257/5257 5258/5258/5258 5259/5259/5259
f 5260/5260/5260 5261/5261/5261 5262/5262/5262
f 5263/5263/5263 5264/5264/5264 5265/5265/5265
f 5266/5266/5266 5267/5267/5267 5268/5268/5268
f 5269/5269/5269 5270/5270/5270 5271/5271/5271
f 5272/5272/5272 5273/5273/5273 5274/5274/5274
f 5275/5275/5275 5276/5276/5276 5277/5277/5277
f 5278/5278/5278 5279/5279/5279 5280/5280/5280
f 5281/5281/5281 5282/5282/5282 5283/5283/5283
f 5284/5284/5284 5285/5285/5285 5286/5286/5286
f 5287/5287/5287 5288/5288/5288 5289/5289/5289
f 5290/5290/5290 5291/5291/5291 5292/5292/5292
f 5293/5293/5293 5294/5294/5294 5295/5295/5295
f 5296/5296/5296 5297/5297/5297 5298/5298/5298
f 5299/5299/5299 5300/5300/5300 5301/5301/5301
f 5302/5302/5302 5303/5303/5303 5304/5304/5304
f 5305/5305/5305 5306/5306/5306 5307/5307/5307
f 5308/5308/5308 5309/5309/5309 5310/5310/5310
f 5311/5311/5311 5312/5312/5312 5313/5313/5313
f 5314/5314/5314 5315/5315/5315 5316/5316/5316
f 5317/5317/5317 5318/5318/5318 5319/5319/5319
f 5320/5320/5320 5321/5321/5321 5322/5322/5322
f 5323/5323/5323 5324/5324/5324 5325/5325/5325
f 5326/5326/5326 5327/5327/5327 5328/5328/5328
f 5329/5329/5329 5330/5330/5330 5331/5331/5331
f 5332/5332/5332 5333/5333/5333 5334/5334/5334
f 5335/5335/5335 5336/5336/5336 5337/5337/5337
f 5338/5338/5338 5339/5339/5339 5340/5340/5340
f 5341/5341/5341 5342/5342/5342 5343/5343/5343
f 5344/5344/5344 5345/5345/5345 5346/5346/5346
f 5347/5347/5347 5348/5348/5348 5349/5349/5349
f 5350/5350/5350 5351/5351/5351 5352/5352/5352
f 5353/5353/5353 5354/5354/5354 5355/5355/5355
f 5356/5356/5356 5357/5357/5357 5358/5358/5358
f 5359/5359/5359 5360/5360/5360 5361/5361/5361
f 5362/5362/5362 5363/5363/5363 5364/5364/5364
f 5365/5365/5365 5366/5366/5366 5367/5367/5367
f 5368/5368/5368 5369/5369/5369 5370/5370/5370
f 5371/5371/5371 5372/5372/5372 5373/5373/5373
f 5374/5374/5374 5375/5375/5375 5376/5376/5376
f 5377/5377/5377 5378/5378/5378 5379/5379/5379
f 5380/5380/5380 5381/5381/5381 5382/5382/5382
f 5383/5383/5383 5384/5384/5384 5385/5385/5385
f 5386/5386/5386 5387/5387/5387 5388/5388/5388
f 5389/5389/5389 5390/5390/5390 5391/5391/5391
f 5392/5392/5392 5393/5393/5393 5394/5394/5394
f 5395/5395/5395 5396/5396/5396 5397/5397/5397
f 5398/5398/5398 5399/5399/5399 5400/5400/5400
f 5401/5401/5401 5402/5402/5402 5403/5403/5403
f 5404/5404/5404 5405/5405/5405 5406/5406/5406
f 5407/5407/5407 5408/5408/5408 5409/5409/5409
f 5410/5410/5410 5411/5411/5411 5412/5412/5412
f 5413/5413/5413 5414/5414/5414 5415/5415/5415
f 5416/5416/5416 5417/5417/5417 5418/5418/5418
f 5419/5419/5419 5420/5420/5420 5421/5421/5421
f 5422/5422/5422 5423/5423/5423 5424/5424/5424
f 5425/5425/5425 5426/5426/5426 5427/5427/5427
f 5428/5428/5428 5429/5429/5429 5430/5430/5430
f 5431/5431/5431 5432/5432/5432 5433/5433/5433
f 5434/5434/5434 5435/5435/5435 5436/5436/5436
f 5437/5437/5437 5438/5438/5438 5439/5439/5439
f 5440/5440/5440 5441/5441/5441 5442/5442/5442
f 5443/5443/5443 5444/5444/5444 5445/5445/5445
f 5446/5446/5446 5447/5447/5447 5448/5448/5448
f 5449/5449/5449 5450/5450/5450 5451/5451/5451
f 5452/5452/5452 5453/5453/5453 5454/5454/5454
f 5455/5455/5455 5456/5456/5456 5457/5457/5457
f 5458/5458/5458 5459/5459/5459 5460/5460/5460
f 5461/5461/5461 5462/5462/5462 5463/5463/5463
f 5464/5464/5464 5465/5465/5465 5466/5466/5466
f 5467/5467/5467 5468/5468/5468 5469/5469/5469
f 5470/5470/5470 5471/5471/5471 5472/5472/5472
f 5473/5473/5473 5474/5474/5474 5475/5475/5475
f 5476/5476/5476 5477/5477/5477 5478/5478/5478
f 5479/5479/5479 5480/5480/5480 5481/5481/5481
f 5482/5482/5482 5483/5483/5483 5484/5484/5484
f 5485/5485/5485 5486/5486/5486 5487/5487/5487
f 5488/5488/5488 5489/5489/5489 5490/5490/5490
f 5491/5491/5491 5492/5492/5492 5493/5493/5493
f 5494/5494/5494 5495/5495/5495 5496/5496/5496
f 5497/5497/5497 5498/5498/5498 5499/5499/5499
f 5500/5500/5500 5501/5501/5501 5502/5502/5502
f 5503/5503/5503 5504/5504/5504 5505/5505/5505
f 5506/5506/5506 5507/5507/5507 5508/5508/5508
f 5509/5509/5509 5510/5510/5510 5511/5511/5511
f 5512/5512/5512 5513/5513/5513 5514/5514/5514
f 5515/5515/5515 5516/5516/5516 5517/5517/5517
f 5518/5518/5518 5519/5519/5519 5520/5520/5520
f 5521/5521/5521 5522/5522/5522 5523/5523/5523
f 5524/5524/5524 5525/5525/5525 5526/5526/5526
f 5527/5527/5527 5528/5528/5528 5529/5529/5529
f 5530/5530/5530 5531/5531/5531 5532/5532/5532
f 5533/5533/5533 5534/5534/5534 5535/5535/5535
f 5536/5536/5536 5537/5537/5537 5538/5538/5538
f 5539/5539/5539 5540/5540/5540 5541/5541/5541
f 5542/5542/5542 5543/5543/5543 5544/5544/5544
f 5545/5545/5545 5546/5546/5546 5547/5547/5547
f 5548/5548/5548 5549/5549/5549 5550/5550/5550
f 5551/5551/5551 5552/5552/5552 5553/5553/5553
f 5554/5554/5554 5555/5555/5555 5556/5556/5556
f 5557/5557/5557 5558/5558/5558 5559/5559/5559
f 5560/5560/5560 5561/5561/5561 5562/5562/5562
f 5563/5563/5563 5564/5564/5564 5565/5565/5565
f 5566/5566/5566 5567/5567/5567 5568/5568/5568
f 5569/5569/5569 5570/5570/5570 5571/5571/5571
f 5572/5572/5572 5573/5573/5573 5574/5574/5574
f 5575/5575/5575 5576/5576/5576 5577/5577/5577
f 5578/5578/5578 5579/5579/5579 5580/5580/5580
f 5581/5581/5581 5582/5582/5582 5583/5583/5583
f 5584/5584/5584 5585/5585/5585 5586/5586/5586
f 5587/5587/5587 5588/5588/5588 5589/5589/5589
f 5590/5590/5590 5591/5591/5591 5592/5592/5592
f 5593/5593/5593 5594/5594/5594 5595/5595/5595
f 5596/5596/5596 5597/5597/5597 5598/5598/5598
f 5599/5599/5599 5600/5600/5600 5601/5601/5601
f 5602/5602/5602 5603/5603/5603 5604/5604/5604
f 5605/5605/5605 5606/5606/5606 5607/5607/5607
f 5608/5608/5608 5609/5609/5609 5610/5610/5610
f 5611/5611/5611 5612/5612/5612 5613/5613/5613
f 5614/5614/5614 5615/5615/5615 5616/5616/5616
f 5617/5617/5617 5618/5618/5618 5619/5619/5619
f 5620/5620/5620 5621/5621/5621 5622/5622/5622
f 5623/5623/5623 5624/5624/5624 5625/5625/5625
f 5626/5626/5626 5627/5627/5627 5628/5628/5628
f 5629/5629/5629 5630/5630/5630 5631/5631/5631
f 5632/5632/5632 5633/5633/5633 5634/5634/5634
f 5635/5635/5635 5636/5636/5636 5637/5637/5637
f 5638/5638/5638 5639/5639/5639 5640/5640/5640
f 5641/5641/5641 5642/5642/5642 5643/5643/5643
f 5644/5644/5644 5645/5645/5645 5646/5646/5646
f 5647/5647/5647 5648/5648/5648 5649/5649/5649
f 5650/5650/5650 5651/5651/5651 5652/5652/5652
f 5653/5653/5653 5654/5654/5654 5655/5655/5655
f 5656/5656/5656 5657/5657/5657 5658/5658/5658
f 5659/5659/5659 5660/5660/5660 5661/5661/5661
f 5662/5662/5662 5663/5663/5663 5664/5664/5664
f 5665/5665/5665 5666/5666/5666 5667/5667/5667
f 5668/5668/5668 5669/5669/5669 5670/5670/5670
f 5671/5671/5671 5672/5672/5672 5673/5673/5673
f 5674/5674/5674 5675/5675/5675 5676/5676/5676
f 5677/5677/5677 5678/5678/5678 5679/5679/5679
f 5680/5680/5680 5681/5681/5681 5682/5682/5682
f 5683/5683/5683 5684/5684/5684 5685/5685/5685
f 5686/5686/5686 5687/5687/5687 5688/5688/5688
f 5689/5689/5689 5690/5690/5690 5691/5691/5691
f 5692/5692/5692 5693/5693/5693 5694/5694/5694
f 5695/5695/5695 5696/5696/5696 5697/5697/5697
f 5698/5698/5698 5699/5699/5699 5700/5700/5700
f 5701/5701/5701 5702/5702/5702 5703/5703/5703
f 5704/5704/5704 5705/5705/5705 5706/5706/5706
f 5707/5707/5707 5708/5708/5708 5709/5709/5709
f 5710/5710/5710 5711/5711/5711 5712/5712/5712
f 5713/5713/5713 5714/5714/5714 5715/5715/5715
f 5716/5716/5716 5717/5717/5717 5718/5718/5718
f 5719/5719/5719 5720/5720/5720 5721/5721/5721
f 5722/5722/5722 5723/5723/5723 5724/5724/5724
f 5725/5725/5725 5726/5726/5726 5727/5727/5727
f 5728/5728/5728 5729/5729/5729 5730/5730/5730
f 5731/5731/5731 5732/5732/5732 5733/5733/5733
f 5734/5734/5734 5735/5735/5735 5736/5736/5736
f 5737/5737/5737 5738/5738/5738 5739/5739/5739
f 5740/5740/5740 5741/5741/5741 5742/5742/5742
f 5743/5743/5743 5744/5744/5744 5745/5745/5745
f 5746/5746/5746 5747/5747/5747 5748/5748/5748
f 5749/5749/5749 5750/5750/5750 5751/5751/5751
f 5752/5752/5752 5753/5753/5753 5754/5754/5754
f 5755/5755/5755 5756/5756/5756 5757/5757/5757
f 5758/5758/5758 5759/5759/5759 5760/5760/5760
f 5761/5761/5761 5762/5762/5762 5763/5763/5763
f 5764/5764/5764 5765/5765/5765 5766/5766/5766
f 5767/5767/5767 5768/5768/5768 5769/5769/5769
f 5770/5770/5770 5771/5771/5771 5772/5772/5772
f 5773/5773/5773 5774/5774/5774 5775/5775/5775
f 5776/5776/5776 5777/5777/5777 5778/5778/5778
f 5779/5779/5779 5780/5780/5780 5781/5781/5781
f 5782/5782/5782 5783/5783/5783 5784/5784/5784
f 5785/5785/5785 5786/5786/5786 5787/5787/5787
f 5788/5788/5788 5789/5789/5789 5790/5790/5790
f 5791/5791/5791 5792/5792/5792 5793/5793/5793
f 5794/5794/5794 5795/5795/5795 5796/5796/5796
f 5797/5797/5797 5798/5798/5798 5799/5799/5799
f 5800/5800/5800 5801/5801/5801 5802/5802/5802
f 5803/5803/5803 5804/5804/5804 5805/5805/5805
f 5806/5806/5806 5807/5807/5807 5808/5808/5808
f 5809/5809/5809 5810/5810/5810 5811/5811/5811
f 5812/5812/5812 5813/5813/5813 5814/5814/5814
f 5815/5815/5815 5816/5816/5816 5817/5817/5817
f 5818/5818/5818 5819/5819/5819 5820/5820/5820
f 5821/5821/5821 5822/5822/5822 5823/5823/5823
f 5824/5824/5824 5825/5825/5825 5826/5826/5826
f 5827/5827/5827 5828/5828/5828 5829/5829/5829
f 5830/5830/5830 5831/5831/5831 5832/5832/5832
f 5833/5833/5833 5834/5834/5834 5835/5835/5835
f 5836/5836/5836 5837/5837/5837 5838/5838/5838
f 5839/5839/5839 5840/5840/5840 5841/5841/5841
f 5842/5842/5842 5843/5843/5843 5844/5844/5844
f 5845/5845/5845 5846/5846/5846 5847/5847/5847
f 5848/5848/5848 5849/5849/5849 5850/5850/5850
f 5851/5851/5851 5852/5852/5852 5853/5853/5853
f 5854/5854/5854 5855/5855/5855 5856/5856/5856
f 5857/5857/5857 5858/5858/5858 5859/5859/5859
f 5860/5860/5860 5861/5861/5861 5862/5862/5862
f 5863/5863/5863 5864/5864/5864 5865/5865/5865
f 5866/5866/5866 5867/5867/5867 5868/5868/5868
f 5869/5869/5869 5870/5870/5870 5871/5871/5871
f 5872/5872/5872 5873/5873/5873 5874/5874/5874
f 5875/5875/5875 5876/5876/5876 5877/5877/5877
f 5878/5878/5878 5879/5879/5879 5880/5880/5880
f 5881/5881/5881 5882/5882/5882 5883/5883/5883
f 5884/5884/5884 5885/5885/5885 5886/5886/5886
f 5887/5887/5887 5888/5888/5888 5889/5889/5889
f 5890/5890/5890 5891/5891/5891 5892/5892/5892
f 5893/5893/5893 5894/5894/5894 5895/5895/5895
f 5896/5896/5896 5897/5897/5897 5898/5898/5898
f 5899/5899/5899 5900/5900/5900 5901/5901/5901
f 5902/5902/5902 5903/5903/5903 5904/5904/5904
f 5905/5905/5905 5906/5906/5906 5907/5907/5907
f 5908/5908/5908 5909/5909/5909 5910/5910/5910
f 5911/5911/5911 5912/5912/5912 5913/5913/5913
f 5914/5914/5914 5915/5915/5915 5916/5916/5916
f 5917/5917/5917 5918/5918/5918 5919/5919/5919
f 5920/5920/5920 5921/5921/5921 5922/5922/5922
f 5923/5923/5923 5924/5924/5924 5925/5925/5925
f 5926/5926/5926 5927/5927/5927 5928/5928/5928
f 5929/5929/5929 5930/5930/5930 5931/5931/5931
f 5932/5932/5932 5933/5933/5933 5934/5934/5934
f 5935/5935/5935 5936/5936/5936 5937/5937/5937
f 5938/5938/5938 5939/5939/5939 5940/5940/5940
f 5941/5941/5941 5942/5942/5942 5943/5943/5943
f 5944/5944/5944 5945/5945/5945 5946/5946/5946
f 5947/5947/5947 5948/5948/5948 5949/5949/5949
f 5950/5950/5950 5951/5951/5951 5952/5952/5952
f 5953/5953/5953 5954/5954/5954 5955/5955/5955
f 5956/5956/5956 5957/5957/5957 5958/5958/5958
f 5959/5959/5959 5960/5960/5960 5961/5961/5961
f 5962/5962/5962 5963/5963/5963 5964/5964/5964
f 5965/5965/5965 5966/5966/5966 5967/5967/5967
f 5968/5968/5968 5969/5969/5969 5970/5970/5970
f 5971/5971/5971 5972/5972/5972 5973/5973/5973
f 5974/5974/5974 5975/5975/5975 5976/5976/5976
f 5977/5977/5977 5978/5978/5978 5979/5979/5979
f 5980/5980/5980 5981/5981/5981 5982/5982/5982
f 5983/5983/5983 5984/5984/5984 5985/5985/5985
f 5986/5986/5986 5987/5987/5987 5988/5988/5988
f 5989/5989/5989 5990/5990/5990 5991/5991/5991
f 5992/5992/5992 5993/5993/5993 5994/5994/5994
f 5995/5995/5995 5996/5996/5996 5997/5997/5997
f 5998/5998/5998 5999/5999/5999 6000/6000/6000
f 6001/6001/6001 6002/6002/6002 6003/6003/6003
f 6004/6004/6004 6005/6005/6005 6006/6006/6006
f 6007/6007/6007 6008/6008/6008 6009/6009/6009
f 6010/6010/6010 6011/6011/6011 6012/6012/6012
f 6013/6013/6013 6014/6014/6014 6015/6015/6015
f 6016/6016/6016 6017/6017/6017 6018/6018/6018
f 6019/6019/6019 6020/6020/6020 6021/6021/6021
f 6022/6022/6022 6023/6023/6023 6024/6024/6024
f 6025/6025/6025 6026/6026/6026 6027/6027/6027
f 6028/6028/6028 6029/6029/6029 6030/6030/6030
f 6031/6031/6031 6032/6032/6032 6033/6033/6033
f 6034/6034/6034 6035/6035/6035 6036/6036/6036
f 6037/6037/6037 6038/6038/6038 6039/6039/6039
f 6040/6040/6040 6041/6041/6041 6042/6042/6042
f 6043/6043/6043 6044/6044/6044 6045/6045/6045
f 6046/6046/6046 6047/6047/6047 6048/6048/6048
f 6049/6049/6049 6050/6050/6050 6051/6051/6051
f 6052/6052/6052 6053/6053/6053 6054/6054/6054
f 6055/6055/6055 6056/6056/6056 6057/6057/6057
f 6058/6058/6058 6059/6059/6059 6060/6060/6060
f 6061/6061/6061 6062/6062/6062 6063/6063/6063
f 6064/6064/6064 6065/6065/6065 6066/6066/6066
f 6067/6067/6067 6068/6068/6068 6069/6069/6069
f 6070/6070/6070 6071/6071/6071 6072/6072/6072
f 6073/6073/6073 6074/6074/6074 6075/6075/6075
f 6076/6076/6076 6077/6077/6077 6078/6078/6078
f 6079/6079/6079 6080/6080/6080 6081/6081/6081
f 6082/6082/6082 6083/6083/6083 6084/6084/6084
f 6085/6085/6085 6086/6086/6086 6087/6087/6087
f 6088/6088/6088 6089/6089/6089 6090/6090/6090
f 6091/6091/6091 6092/6092/6092 6093/6093/6093
f 6094/6094/6094 6095/6095/6095 6096/6096/6096
f 6097/6097/6097 6098/6098/6098 6099/6099/6099
f 6100/6100/6100 6101/6101/6101 6102/6102/6102
f 6103/6103/6103 6104/6104/6104 6105/6105/6105
f 6106/6106/6106 6107/6107/6107 6108/6108/6108
f 6109/6109/6109 6110/6110/6110 6111/6111/6111
f 6112/6112/6112 6113/6113/6113 6114/6114/6114
f 6115/6115/6115 6116/6116/6116 6117/6117/6117
f 6118/6118/6118 6119/6119/6119 6120/6120/6120
f 6121/6121/6121 6122/6122/6122 6123/6123/6123
f 6124/6124/6124 6125/6125/6125 6126/6126/6126
f 6127/6127/6127 6128/6128/6128 6129/6129/6129
f 6130/6130/6130 6131/6131/6131 6132/6132/6132
f 6133/6133/6133 6134/6134/6134 6135/6135/6135
f 6136/6136/6136 6137/6137/6137 6138/6138/6138
f 6139/6139/6139 6140/6140/6140 6141/6141/6141
f 6142/6142/6142 6143/6143/6143 6144/6144/6144
f 6145/6145/6145 6146/6146/6146 6147/6147/6147
f 6148/6148/6148 6149/6149/6149 6150/6150/6150
f 6151/6151/6151 6152/6152/6152 6153/6153/6153
f 6154/6154/6154 6155/6155/6155 6156/6156/6156
f 6157/6157/6157 6158/6158/6158 6159/6159/6159
f 6160/6160/6160 6161/6161/6161 6162/6162/6162
f 6163/6163/6163 6164/6164/6164 6165/6165/6165
f 6166/6166/6166 6167/6167/6167 6168/6168/6168
f 6169/6169/6169 6170/6170/6170 6171/6171/6171
f 6172/6172/6172 6173/6173/6173 6174/6174/6174
f 6175/6175/6175 6176/6176/6176 6177/6177/6177
f 6178/6178/6178 6179/6179/6179 6180/6180/6180
f 6181/6181/6181 6182/6182/6182 6183/6183/6183
f 6184/6184/6184 6185/6185/6185 6186/6186/6186
f 6187/6187/6187 6188/6188/6188 6189/6189/6189
f 6190/6190/6190 6191/6191/6191 6192/6192/6192
f 6193/6193/6193 6194/6194/6194 6195/6195/6195
f 6196/6196/6196 6197/6197/6197 6198/6198/6198
f 6199/6199/6199 6200/6200/6200 6201/6201/6201
f 6202/6202/6202 6203/6203/6203 6204/6204/6204
f 6205/6205/6205 6206/6206/6206 6207/6207/6207
f 6208/6208/6208 6209/6209/6209 6210/6210/6210
f 6211/6211/6211 6212/6212/6212 6213/6213/6213
f 6214/6214/6214 6215/6215/6215 6216/6216/6216
f 6217/6217/6217 6218/6218/6218 6219/6219/6219
f 6220/6220/6220 6221/6221/6221 6222/6222/6222
f 6223/6223/6223 6224/6224/6224 6225/6225/6225
f 6226/6226/6226 6227/6227/6227 6228/6228/6228
f 6229/6229/6229 6230/6230/6230 6231/6231/6231
f 6232/6232/6232 6233/6233/6233 6234/6234/6234
f 6235/6235/6235 6236/6236/6236 6237/6237/6237
f 6238/6238/6238 6239/6239/6239 6240/6240/6240
f 6241/6241/6241 6242/6242/6242 6243/6243/6243
f 6244/6244/6244 6245/6245/6245 6246/6246/6246
f 6247/6247/6247 6248/6248/6248 6249/6249/6249
f 6250/6250/6250 6251/6251/6251 6252/6252/6252
f 6253/6253/6253 6254/6254/6254 6255/6255/6255
f 6256/6256/6256 6257/6257/6257 6258/6258/6258
f 6259/6259/6259 6260/6260/6260 6261/6261/6261
f 6262/6262/6262 6263/6263/6263 6264/6264/6264
f 6265/6265/6265 6266/6266/6266 6267/6267/6267
f 6268/6268/6268 6269/6269/6269 6270/6270/6270
f 6271/6271/6271 6272/6272/6272 6273/6273/6273
f 6274/6274/6274 6275/6275/6275 6276/6276/6276
f 6277/6277/6277 6278/6278/6278 6279/6279/6279
f 6280/6280/6280 6281/6281/6281 6282/6282/6282
f 6283/6283/6283 6284/6284/6284 6285/6285/6285
f 6286/6286/6286 6287/6287/6287 6288/6288/6288
f 6289/6289/6289 6290/6290/6290 6291/6291/6291
f 6292/6292/6292 6293/6293/6293 6294/6294/6294
f 6295/6295/6295 6296/6296/6296 6297/6297/6297
f 6298/6298/6298 6299/6299/6299 6300/6300/6300
f 6301/6301/6301 6302/6302/6302 6303/6303/6303
f 6304/6304/6304 6305/6305/6305 6306/6306/6306
f 6307/6307/6307 6308/6308/6308 6309/6309/6309
f 6310/6310/6310 6311/6311/6311 6312/6312/6312
f 6313/6313/6313 6314/6314/6314 6315/6315/6315
f 6316/6316/6316 6317/6317/6317 6318/6318/6318
f 6319/6319/6319 6320/6320/6320 6321/6321/6321
f 6322/6322/6322 6323/6323/6323 6324/6324/6324
f 6325/6325/6325 6326/6326/6326 6327/6327/6327
f 6328/6328/6328 6329/6329/6329 6330/6330/6330
f 6331/6331/6331 6332/6332/6332 6333/6333/6333
f 6334/6334/6334 6335/6335/6335 6336/6336/6336
f 6337/6337/6337 6338/6338/6338 6339/6339/6339
f 6340/6340/6340 6341/6341/6341 6342/6342/6342
f 6343/6343/6343 6344/6344/6344 6345/6345/6345
f 6346/6346/6346 6347/6347/6347 6348/6348/6348
f 6349/6349/6349 6350/6350/6350 6351/6351/6351
f 6352/6352/6352 6353/6353/6353 6354/6354/6354
f 6355/6355/6355 6356/6356/6356 6357/6357/6357
f 6358/6358/6358 6359/6359/6359 6360/6360/6360
f 6361/6361/6361 6362/6362/6362 6363/6363/6363
f 6364/6364/6364 6365/6365/6365 6366/6366/6366
f 6367/6367/6367 6368/6368/6368 6369/6369/6369
f 6370/6370/6370 6371/6371/6371 6372/6372/6372
f 6373/6373/6373 6374/6374/6374 6375/6375/6375
f 6376/6376/6376 6377/6377/6377 6378/6378/6378
f 6379/6379/6379 6380/6380/6380 6381/6381/6381
f 6382/6382/6382 6383/6383/6383 6384/6384/6384
f 6385/6385/6385 6386/6386/6386 6387/6387/6387
f 6388/6388/6388 6389/6389/6389 6390/6390/6390
f 6391/6391/6391 6392/6392/6392 6393/6393/6393
f 6394/6394/6394 6395/6395/6395 6396/6396/6396
f 6397/6397/6397 6398/6398/6398 6399/6399/6399
f 6400/6400/6400 6401/6401/6401 6402/6402/6402
f 6403/6403/6403 6404/6404/6404 6405/6405/6405
f 6406/6406/6406 6407/6407/6407 6408/6408/6408
f 6409/6409/6409 6410/6410/6410 6411/6411/6411
f 6412/6412/6412 6413/6413/6413 6414/6414/6414
f 6415/6415/6415 6416/6416/6416 6417/6417/6417
f 6418/6418/6418 6419/6419/6419 6420/6420/6420
f 6421/6421/6421 6422/6422/6422 6423/6423/6423
f 6424/6424/6424 6425/6425/6425 6426/6426/6426
f 6427/6427/6427 6428/6428/6428 6429/6429/6429
f 6430/6430/6430 6431/6431/6431 6432/6432/6432
f 6433/6433/6433 6434/6434/6434 6435/6435/6435
f 6436/6436/6436 6437/6437/6437 6438/6438/6438
f 6439/6439/6439 6440/6440/6440 6441/6441/6441
f 6442/6442/6442 6443/6443/6443 6444/6444/6444
f 6445/6445/6445 6446/6446/6446 6447/6447/6447
f 6448/6448/6448 6449/6449/6449 6450/6450/6450
f 6451/6451/6451 6452/6452/6452 6453/6453/6453
f 6454/6454/6454 6455/6455/6455 6456/6456/6456
f 6457/6457/6457 6458/6458/6458 6459/6459/6459
f 6460/6460/6460 6461/6461/6461 6462/6462/6462
f 6463/6463/6463 6464/6464/6464 6465/6465/6465
f 6466/6466/6466 6467/6467/6467 6468/6468/6468
f 6469/6469/6469 6470/6470/6470 6471/6471/6471
f 6472/6472/6472 6473/6473/6473 6474/6474/6474
f 6475/6475/6475 6476/6476/6476 6477/6477/6477
f 6478/6478/6478 6479/6479/6479 6480/6480/6480
f 6481/6481/6481 6482/6482/6482 6483/6483/6483
f 6484/6484/6484 6485/6485/6485 6486/6486/6486
f 6487/6487/6487 6488/6488/6488 6489/6489/6489
f 6490/6490/6490 6491/6491/6491 6492/6492/6492
f 6493/6493/6493 6494/6494/6494 6495/6495/6495
f 6496/6496/6496 6497/6497/6497 6498/6498/6498
f 6499/6499/6499 6500/6500/6500 6501/6501/6501
f 6502/6502/6502 6503/6503/6503 6504/6504/6504
f 6505/6505/6505 6506/6506/6506 6507/6507/6507
f 6508/6508/6508 6509/6509/6509 6510/6510/6510
f 6511/6511/6511 6512/6512/6512 6513/6513/6513
f 6514/6514/6514 6515/6515/6515 6516/6516/6516
f 6517/6517/6517 6518/6518/6518 6519/6519/6519
f 6520/6520/6520 6521/6521/6521 6522/6522/6522
f 6523/6523/6523 6524/6524/6524 6525/6525/6525
f 6526/6526/6526 6527/6527/6527 6528/6528/6528
f 6529/6529/6529 6530/6530/6530 6531/6531/6531
f 6532/6532/6532 6533/6533/6533 6534/6534/6534
f 6535/6535/6535 6536/6536/6536 6537/6537/6537
f 6538/6538/6538 6539/6539/6539 6540/6540/6540
f 6541/6541/6541 6542/6542/6542 6543/6543/6543
f 6544/6544/6544 6545/6545/6545 6546/6546/6546
f 6547/6547/6547 6548/6548/6548 6549/6549/6549
f 6550/6550/6550 6551/6551/6551 6552/6552/6552
f 6553/6553/6553 6554/6554/6554 6555/6555/6555
f 6556/6556/6556 6557/6557/6557 6558/6558/6558
f 6559/6559/6559 6560/6560/6560 6561/6561/6561
f 6562/6562/6562 6563/6563/6563 6564/6564/6564
f 6565/6565/6565 6566/6566/6566 6567/6567/6567
f 6568/6568/6568 6569/6569/6569 6570/6570/6570
f 6571/6571/6571 6572/6572/6572 6573/6573/6573
f 6574/6574/6574 6575/6575/6575 6576/6576/6576
f 6577/6577/6577 6578/6578/6578 6579/6579/6579
f 6580/6580/6580 6581/6581/6581 6582/6582/6582
f 6583/6583/6583 6584/6584/6584 6585/6585/6585
f 6586/6586/6586 6587/6587/6587 6588/6588/6588
f 6589/6589/6589 6590/6590/6590 6591/6591/6591
f 6592/6592/6592 6593/6593/6593 6594/6594/6594
f 6595/6595/6595 6596/6596/6596 6597/6597/6597
f 6598/6598/6598 6599/6599/6599 6600/6600/6600
f 6601/6601/6601 6602/6602/6602 6603/6603/6603
f 6604/6604/6604 6605/6605/6605 6606/6606/6606
f 6607/6607/6607 6608/6608/6608 6609/6609/6609
f 6610/6610/6610 6611/6611/6611 6612/6612/6612
f 6613/6613/6613 6614/6614/6614 6615/6615/6615
f 6616/6616/6616 6617/6617/6617 6618/6618/6618
f 6619/6619/6619 6620/6620/6620 6621/6621/6621
f 6622/6622/6622 6623/6623/6623 6624/6624/6624
f 6625/6625/6625 6626/6626/6626 6627/6627/6627
f 6628/6628/6628 6629/6629/6629 6630/6630/6630
f 6631/6631/6631 6632/6632/6632 6633/6633/6633
f 6634/6634/6634 6635/6635/6635 6636/6636/6636
f 6637/6637/6637 6638/6638/6638 6639/6639/6639
f 6640/6640/6640 6641/6641/6641 6642/6642/6642
f 6643/6643/6643 6644/6644/6644 6645/6645/6645
f 6646/6646/6646 6647/6647/6647 6648/6648/6648
f 6649/6649/6649 6650/6650/6650 6651/6651/6651
f 6652/6652/6652 6653/6653/6653 6654/6654/6654
f 6655/6655/6655 6656/6656/6656 6657/6657/6657
f 6658/6658/6658 6659/6659/6659 6660/6660/6660
f 6661/6661/6661 6662/6662/6662 6663/6663/6663
f 6664/6664/6664 6665/6665/6665 6666/6666/6666
f 6667/6667/6667 6668/6668/6668 6669/6669/6669
f 6670/6670/6670 6671/6671/6671 6672/6672/6672
f 6673/6673/6673 6674/6674/6674 6675/6675/6675
f 6676/6676/6676 6677/6677/6677 6678/6678/6678
f 6679/6679/6679 6680/6680/6680 6681/6681/6681
f 6682/6682/6682 6683/6683/6683 6684/6684/6684
f 6685/6685/6685 6686/6686/6686 6687/6687/6687
f 6688/6688/6688 6689/6689/6689 6690/6690/6690
f 6691/6691/6691 6692/6692/6692 6693/6693/6693
f 6694/6694/6694 6695/6695/6695 6696/6696/6696
f 6697/6697/6697 6698/6698/6698 6699/6699/6699
f 6700/6700/6700 6701/6701/6701 6702/6702/6702
f 6703/6703/6703 6704/6704/6704 6705/6705/6705
f 6706/6706/6706 6707/6707/6707 6708/6708/6708
f 6709/6709/6709 6710/6710/6710 6711/6711/6711
f 6712/6712/6712 6713/6713/6713 6714/6714/6714
f 6715/6715/6715 6716/6716/6716 6717/6717/6717
f 6718/6718/6718 6719/6719/6719 6720/6720/6720
f 6721/6721/6721 6722/6722/6722 6723/6723/6723
f 6724/6724/6724 6725/6725/6725 6726/6726/6726
f 6727/6727/6727 6728/6728/6728 6729/6729/6729
f 6730/6730/6730 6731/6731/6731 6732/6732/6732
f 6733/6733/6733 6734/6734/6734 6735/6735/6735
f 6736/6736/6736 6737/6737/6737 6738/6738/6738
f 6739/6739/6739 6740/6740/6740 6741/6741/6741
f 6742/6742/6742 6743/6743/6743 6744/6744/6744
f 6745/6745/6745 6746/6746/6746 6747/6747/6747
f 6748/6748/6748 6749/6749/6749 6750/6750/6750
f 6751/6751/6751 6752/6752/6752 6753/6753/6753
f 6754/6754/6754 6755/6755/6755 6756/6756/6756
f 6757/6757/6757 6758/6758/6758 6759/6759/6759
f 6760/6760/6760 6761/6761/6761 6762/6762/6762
f 6763/6763/6763 6764/6764/6764 6765/6765/6765
f 6766/6766/6766 6767/6767/6767 6768/6768/6768
f 6769/6769/6769 6770/6770/6770 6771/6771/6771
f 6772/6772/6772 6773/6773/6773 6774/6774/6774
f 6775/6775/6775 6776/6776/6776 6777/6777/6777
f 6778/6778/6778 6779/6779/6779 6780/6780/6780
f 6781/6781/6781 6782/6782/6782 6783/6783/6783
f 6784/6784/6784 6785/6785/6785 6786/6786/6786
f 6787/6787/6787 6788/6788/6788 6789/6789/6789
f 6790/6790/6790 6791/6791/6791 6792/6792/6792
f 6793/6793/6793 6794/6794/6794 6795/6795/6795
f 6796/6796/6796 6797/6797/6797 6798/6798/6798
f 6799/6799/6799 6800/6800/6800 6801/6801/6801
f 6802/6802/6802 6803/6803/6803 6804/6804/6804
f 6805/6805/6805 6806/6806/6806 6807/6807/6807
f 6808/6808/6808 6809/6809/6809 6810/6810/6810
f 6811/6811/6811 6812/6812/6812 6813/6813/6813
f 6814/6814/6814 6815/6815/6815 6816/6816/6816
f 6817/6817/6817 6818/6818/6818 6819/6819/6819
f 6820/6820/6820 6821/6821/6821 6822/6822/6822
f 6823/6823/6823 6824/6824/6824 6825/6825/6825
f 6826/6826/6826 6827/6827/6827 6828/6828/6828
f 6829/6829/6829 6830/6830/6830 6831/6831/6831
f 6832/6832/6832 6833/6833/6833 6834/6834/6834
f 6835/6835/6835 6836/6836/6836 6837/6837/6837
f 6838/6838/6838 6839/6839/6839 6840/6840/6840
f 6841/6841/6841 6842/6842/6842 6843/6843/6843
f 6844/6844/6844 6845/6845/6845 6846/6846/6846
f 6847/6847/6847 6848/6848/6848 6849/6849/6849
f 6850/6850/6850 6851/6851/6851 6852/6852/6852
f 6853/6853/6853 6854/6854/6854 6855/6855/6855
f 6856/6856/6856 6857/6857/6857 6858/6858/6858
f 6859/6859/6859 6860/6860/6860 6861/6861/6861
f 6862/6862/6862 6863/6863/6863 6864/6864/6864
f 6865/6865/6865 6866/6866/6866 6867/6867/6867
f 6868/6868/6868 6869/6869/6869 6870/6870/6870
f 6871/6871/6871 6872/6872/6872 6873/6873/6873
f 6874/6874/6874 6875/6875/6875 6876/6876/6876
f 6877/6877/6877 6878/6878/6878 6879/6879/6879
f 6880/6880/6880 6881/6881/6881 6882/6882/6882
f 6883/6883/6883 6884/6884/6884 6885/6885/6885
f 6886/6886/6886 6887/6887/6887 6888/6888/6888
f 6889/6889/6889 6890/6890/6890 6891/6891/6891
f 6892/6892/6892 6893/6893/6893 6894/6894/6894
f 6895/6895/6895 6896/6896/6896 6897/6897/6897
f 6898/6898/6898 6899/6899/6899 6900/6900/6900
f 6901/6901/6901 6902/6902/6902 6903/6903/6903
f 6904/6904/6904 6905/6905/6905 6906/6906/6906
f 6907/6907/6907 6908/6908/6908 6909/6909/6909
f 6910/6910/6910 6911/6911/6911 6912/6912/6912
f 6913/6913/6913 6914/6914/6914 6915/6915/6915
f 6916/6916/6916 6917/6917/6917 6918/6918/6918
f 6919/6919/6919 6920/6920/6920 6921/6921/6921
f 6922/6922/6922 6923/6923/6923 6924/6924/6924
f 6925/6925/6925 6926/6926/6926 6927/6927/6927
f 6928/6928/6928 6929/6929/6929 6930/6930/6930
f 6931/6931/6931 6932/6932/6932 6933/6933/6933
f 6934/6934/6934 6935/6935/6935 6936/6936/6936
f 6937/6937/6937 6938/6938/6938 6939/6939/6939
f 6940/6940/6940 6941/6941/6941 6942/6942/6942
f 6943/6943/6943 6944/6944/6944 6945/6945/6945
f 6946/6946/6946 6947/6947/6947 6948/6948/6948
f 6949/6949/6949 6950/6950/6950 6951/6951/6951
f 6952/6952/6952 6953/6953/6953 6954/6954/6954
f 6955/6955/6955 6956/6956/6956 6957/6957/6957
f 6958/6958/6958 6959/6959/6959 6960/6960/6960
f 6961/6961/6961 6962/6962/6962 6963/6963/6963
f 6964/6964/6964 6965/6965/6965 6966/6966/6966
f 6967/6967/6967 6968/6968/6968 6969/6969/6969
f 6970/6970/6970 6971/6971/6971 6972/6972/6972
f 6973/6973/6973 6974/6974/6974 6975/6975/6975
f 6976/6976/6976 6977/6977/6977 6978/6978/6978
f 6979/6979/6979 6980/6980/6980 6981/6981/6981
f 6982/6982/6982 6983/6983/6983 6984/6984/6984
f 6985/6985/6985 6986/6986/6986 6987/6987/6987
f 6988/6988/6988 6989/6989/6989 6990/6990/6990
f 6991/6991/6991 6992/6992/6992 6993/6993/6993
f 6994/6994/6994 6995/6995/6995 6996/6996/6996
f 6997/6997/6997 6998/6998/6998 6999/6999/6999
f 7000/7000/7000 7001/7001/7001 7002/7002/7002
f 7003/7003/7003 7004/7004/7004 7005/7005/7005
f 7006/7006/7006 7007/7007/7007 7008/7008/7008
f 7009/7009/7009 7010/7010/7010 7011/7011/7011
f 7012/7012/7012 7013/7013/7013 7014/7014/7014
f 7015/7015/7015 7016/7016/7016 7017/7017/7017
f 7018/7018/7018 7019/7019/7019 7020/7020/7020
f 7021/7021/7021 7022/7022/7022 7023/7023/7023
f 7024/7024/7024 7025/7025/7025 7026/7026/7026
f 7027/7027/7027 7028/7028/7028 7029/7029/7029
f 7030/7030/7030 7031/7031/7031 7032/7032/7032
f 7033/7033/7033 7034/7034/7034 7035/7035/7035
f 7036/7036/7036 7037/7037/7037 7038/7038/7038
f 7039/7039/7039 7040/7040/7040 7041/7041/7041
f 7042/7042/7042 7043/7043/7043 7044/7044/7044
f 7045/7045/7045 7046/7046/7046 7047/7047/7047
f 7048/7048/7048 7049/7049/7049 7050/7050/7050
f 7051/7051/7051 7052/7052/7052 7053/7053/7053
f 7054/7054/7054 7055/7055/7055 7056/7056/7056
f 7057/7057/7057 7058/7058/7058 7059/7059/7059
f 7060/7060/7060 7061/7061/7061 7062/7062/7062
f 7063/7063/7063 7064/7064/7064 7065/7065/7065
f 7066/7066/7066 7067/7067/7067 7068/7068/7068
f 7069/7069/7069 7070/7070/7070 7071/7071/7071
f 7072/7072/7072 7073/7073/7073 7074/7074/7074
f 7075/7075/7075 7076/7076/7076 7077/7077/7077
f 7078/7078/7078 7079/7079/7079 7080/7080/7080
f 7081/7081/7081 7082/7082/7082 7083/7083/7083
f 7084/7084/7084 7085/7085/7085 7086/7086/7086
f 7087/7087/7087 7088/7088/7088 7089/7089/7089
f 7090/7090/7090 7091/7091/7091 7092/7092/7092
f 7093/7093/7093 7094/7094/7094 7095/7095/7095
f 7096/7096/7096 7097/7097/7097 7098/7098/7098
f 7099/7099/7099 7100/7100/7100 7101/7101/7101
f 7102/7102/7102 7103/7103/7103 7104/7104/7104
f 7105/7105/7105 7106/7106/7106 7107/7107/7107
f 7108/7108/7108 7109/7109/7109 7110/7110/7110
f 7111/7111/7111 7112/7112/7112 7113/7113/7113
f 7114/7114/7114 7115/7115/7115 7116/7116/7116
f 7117/7117/7117 7118/7118/7118 7119/7119/7119
f 7120/7120/7120 7121/7121/7121 7122/7122/7122
f 7123/7123/7123 7124/7124/7124 7125/7125/7125
f 7126/7126/7126 7127/7127/7127 7128/7128/7128
f 7129/7129/7129 7130/7130/7130 7131/7131/7131
f 7132/7132/7132 7133/7133/7133 7134/7134/7134
f 7135/7135/7135 7136/7136/7136 7137/7137/7137
f 7138/7138/7138 7139/7139/7139 7140/7140/7140
f 7141/7141/7141 7142/7142/7142 7143/7143/7143
f 7144/7144/7144 7145/7145/7145 7146/7146/7146
f 7147/7147/7147 7148/7148/7148 7149/7149/7149
f 7150/7150/7150 7151/7151/7151 7152/7152/7152
f 7153/7153/7153 7154/7154/7154 7155/7155/7155
f 7156/7156/7156 7157/7157/7157 7158/7158/7158
f 7159/7159/7159 7160/7160/7160 7161/7161/7161
f 7162/7162/7162 7163/7163/7163 7164/7164/7164
f 7165/7165/7165 7166/7166/7166 7167/7167/7167
f 7168/7168/7168 7169/7169/7169 7170/7170/7170
f 7171/7171/7171 7172/7172/7172 7173/7173/7173
f 7174/7174/7174 7175/7175/7175 7176/7176/7176
f 7177/7177/7177 7178/7178/7178 7179/7179/7179
f 7180/7180/7180 7181/7181/7181 7182/7182/7182
f 7183/7183/7183 7184/7184/7184 7185/7185/7185
f 7186/7186/7186 7187/7187/7187 7188/7188/7188
f 7189/7189/7189 7190/7190/7190 7191/7191/7191
f 7192/7192/7192 7193/7193/7193 7194/7194/7194
f 7195/7195/7195 7196/7196/7196 7197/7197/7197
f 7198/7198/7198 7199/7199/7199 7200/7200/7200
f 7201/7201/7201 7202/7202/7202 7203/7203/7203
f 7204/7204/7204 7205/7205/7205 7206/7206/7206
f 7207/7207/7207 7208/7208/7208 7209/7209/7209
f 7210/7210/7210 7211/7211/7211 7212/7212/7212
f 7213/7213/7213 7214/7214/7214 7215/7215/7215
f 7216/7216/7216 7217/7217/7217 7218/7218/7218
f 7219/7219/7219 7220/7220/7220 7221/7221/7221
f 7222/7222/7222 7223/7223/7223 7224/7224/7224
f 7225/7225/7225 7226/7226/7226 7227/7227/7227
f 7228/7228/7228 7229/7229/7229 7230/7230/7230
f 7231/7231/7231 7232/7232/7232 7233/7233/7233
f 7234/7234/7234 7235/7235/7235 7236/7236/7236
f 7237/7237/7237 7238/7238/7238 7239/7239/7239
f 7240/7240/7240 7241/7241/7241 7242/7242/7242
f 7243/7243/7243 7244/7244/7244 7245/7245/7245
f 7246/7246/7246 7247/7247/7247 7248/7248/7248
f 7249/7249/7249 7250/7250/7250 7251/7251/7251
f 7252/7252/7252 7253/7253/7253 7254/7254/7254
f 7255/7255/7255 7256/7256/7256 7257/7257/7257
f 7258/7258/7258 7259/7259/7259 7260/7260/7260
f 7261/7261/7261 7262/7262/7262 7263/7263/7263
f 7264/7264/7264 7265/7265/7265 7266/7266/7266
f 7267/7267/7267 7268/7268/7268 7269/7269/7269
f 7270/7270/7270 7271/7271/7271 7272/7272/7272
f 7273/7273/7273 7274/7274/7274 7275/7275/7275
f 7276/7276/7276 7277/7277/7277 7278/7278/7278
f 7279/7279/7279 7280/7280/7280 7281/7281/7281
f 7282/7282/7282 7283/7283/7283 7284/7284/7284
f 7285/7285/7285 7286/7286/7286 7287/7287/7287
f 7288/7288/7288 7289/7289/7289 7290/7290/7290
f 7291/7291/7291 7292/7292/7292 7293/7293/7293
f 7294/7294/7294 7295/7295/7295 7296/7296/7296
f 7297/7297/7297 7298/7298/7298 7299/7299/7299
f 7300/7300/7300 7301/7301/7301 7302/7302/7302
f 7303/7303/7303 7304/7304/7304 7305/7305/7305
f 7306/7306/7306 7307/7307/7307 7308/7308/7308
f 7309/7309/7309 7310/7310/7310 7311/7311/7311
f 7312/7312/7312 7313/7313/7313 7314/7314/7314
f 7315/7315/7315 7316/7316/7316 7317/7317/7317
f 7318/7318/7318 7319/7319/7319 7320/7320/7320
f 7321/7321/7321 7322/7322/7322 7323/7323/7323
f 7324/7324/7324 7325/7325/7325 7326/7326/7326
f 7327/7327/7327 7328/7328/7328 7329/7329/7329
f 7330/7330/7330 7331/7331/7331 7332/7332/7332
f 7333/7333/7333 7334/7334/7334 7335/7335/7335
f 7336/7336/7336 7337/7337/7337 7338/7338/7338
f 7339/7339/7339 7340/7340/7340 7341/7341/7341
f 7342/7342/7342 7343/7343/7343 7344/7344/7344
f 7345/7345/7345 7346/7346/7346 7347/7347/7347
f 7348/7348/7348 7349/7349/7349 7350/7350/7350
f 7351/7351/7351 7352/7352/7352 7353/7353/7353
f 7354/7354/7354 7355/7355/7355 7356/7356/7356
f 7357/7357/7357 7358/7358/7358 7359/7359/7359
f 7360/7360/7360 7361/7361/7361 7362/7362/7362
f 7363/7363/7363 7364/7364/7364 7365/7365/7365
f 7366/7366/7366 7367/7367/7367 7368/7368/7368
f 7369/7369/7369 7370/7370/7370 7371/7371/7371
f 7372/7372/7372 7373/7373/7373 7374/7374/7374
f 7375/7375/7375 7376/7376/7376 7377/7377/7377
f 7378/7378/7378 7379/7379/7379 7380/7380/7380
f 7381/7381/7381 7382/7382/7382 7383/7383/7383
f 7384/7384/7384 7385/7385/7385 7386/7386/7386
f 7387/7387/7387 7388/7388/7388 7389/7389/7389
f 7390/7390/7390 7391/7391/7391 7392/7392/7392
f 7393/7393/7393 7394/7394/7394 7395/7395/7395
f 7396/7396/7396 7397/7397/7397 7398/7398/7398
f 7399/7399/7399 7400/7400/7400 7401/7401/7401
f 7402/7402/7402 7403/7403/7403 7404/7404/7404
f 7405/7405/7405 7406/7406/7406 7407/7407/7407
f 7408/7408/7408 7409/7409/7409 7410/7410/7410
f 7411/7411/7411 7412/7412/7412 7413/7413/7413
f 7414/7414/7414 7415/7415/7415 7416/7416/7416
f 7417/7417/7417 7418/7418/7418 7419/7419/7419
f 7420/7420/7420 7421/7421/7421 7422/7422/7422
f 7423/7423/7423 7424/7424/7424 7425/7425/7425
f 7426/7426/7426 7427/7427/7427 7428/7428/7428
f 7429/7429/7429 7430/7430/7430 7431/7431/7431
f 7432/7432/7432 7433/7433/7433 7434/7434/7434
f 7435/7435/7435 7436/7436/7436 7437/7437/7437
f 7438/7438/7438 7439/7439/7439 7440/7440/7440
f 7441/7441/7441 7442/7442/7442 7443/7443/7443
f 7444/7444/7444 7445/7445/7445 7446/7446/7446
f 7447/7447/7447 7448/7448/7448 7449/7449/7449
f 7450/7450/7450 7451/7451/7451 7452/7452/7452
f 7453/7453/7453 7454/7454/7454 7455/7455/7455
f 7456/7456/7456 7457/7457/7457 7458/7458/7458
f 7459/7459/7459 7460/7460/7460 7461/7461/7461
f 7462/7462/7462 7463/7463/7463 7464/7464/7464
f 7465/7465/7465 7466/7466/7466 7467/7467/7467
f 7468/7468/7468 7469/7469/7469 7470/7470/7470
f 7471/7471/7471 7472/7472/7472 7473/7473/7473
f 7474/7474/7474 7475/7475/7475 7476/7476/7476
f 7477/7477/7477 7478/7478/7478 7479/7479/7479
f 7480/7480/7480 7481/7481/7481 7482/7482/7482
f 7483/7483/7483 7484/7484/7484 7485/7485/7485
f 7486/7486/7486 7487/7487/7487 7488/7488/7488
f 7489/7489/7489 7490/7490/7490 7491/7491/7491
f 7492/7492/7492 7493/7493/7493 7494/7494/7494
f 7495/7495/7495 7496/7496/7496 7497/7497/7497
f 7498/7498/7498 7499/7499/7499 7500/7500/7500
f 7501/7501/7501 7502/7502/7502 7503/7503/7503
f 7504/7504/7504 7505/7505/7505 7506/7506/7506
f 7507/7507/7507 7508/7508/7508 7509/7509/7509
f 7510/7510/7510 7511/7511/7511 7512/7512/7512
f 7513/7513/7513 7514/7514/7514 7515/7515/7515
f 7516/7516/7516 7517/7517/7517 7518/7518/7518
f 7519/7519/7519 7520/7520/7520 7521/7521/7521
f 7522/7522/7522 7523/7523/7523 7524/7524/7524
f 7525/7525/7525 7526/7526/7526 7527/7527/7527
f 7528/7528/7528 7529/7529/7529 7530/7530/7530
f 7531/7531/7531 7532/7532/7532 7533/7533/7533
f 7534/7534/7534 7535/7535/7535 7536/7536/7536
f 7537/7537/7537 7538/7538/7538 7539/7539/7539
f 7540/7540/7540 7541/7541/7541 7542/7542/7542
f 7543/7543/7543 7544/7544/7544 7545/7545/7545
f 7546/7546/7546 7547/7547/7547 7548/7548/7548
f 7549/7549/7549 7550/7550/7550 7551/7551/7551
f 7552/7552/7552 7553/7553/7553 7554/7554/7554
f 7555/7555/7555 7556/7556/7556 7557/7557/7557
f 7558/7558/7558 7559/7559/7559 7560/7560/7560
f 7561/7561/7561 7562/7562/7562 7563/7563/7563
f 7564/7564/7564 7565/7565/7565 7566/7566/7566
f 7567/7567/7567 7568/7568/7568 7569/7569/7569
f 7570/7570/7570 7571/7571/7571 7572/7572/7572
f 7573/7573/7573 7574/7574/7574 7575/7575/7575
f 7576/7576/7576 7577/7577/7577 7578/7578/7578
f 7579/7579/7579 7580/7580/7580 7581/7581/7581
f 7582/7582/7582 7583/7583/7583 7584/7584/7584
f 7585/7585/7585 7586/7586/7586 7587/7587/7587
f 7588/7588/7588 7589/7589/7589 7590/7590/7590
f 7591/7591/7591 7592/7592/7592 7593/7593/7593
f 7594/7594/7594 7595/7595/7595 7596/7596/7596
f 7597/7597/7597 7598/7598/7598 7599/7599/7599
f 7600/7600/7600 7601/7601/7601 7602/7602/7602
f 7603/7603/7603 7604/7604/7604 7605/7605/7605
f 7606/7606/7606 7607/7607/7607 7608/7608/7608
f 7609/7609/7609 7610/7610/7610 7611/7611/7611
f 7612/7612/7612 7613/7613/7613 7614/7614/7614
f 7615/7615/7615 7616/7616/7616 7617/7617/7617
f 7618/7618/7618 7619/7619/7619 7620/7620/7620
f 7621/7621/7621 7622/7622/7622 7623/7623/7623
f 7624/7624/7624 7625/7625/7625 7626/7626/7626
f 7627/7627/7627 7628/7628/7628 7629/7629/7629
f 7630/7630/7630 7631/7631/7631 7632/7632/7632
f 7633/7633/7633 7634/7634/7634 7635/7635/7635
f 7636/7636/7636 7637/7637/7637 7638/7638/7638
f 7639/7639/7639 7640/7640/7640 7641/7641/7641
f 7642/7642/7642 7643/7643/7643 7644/7644/7644
f 7645/7645/7645 7646/7646/7646 7647/7647/7647
f 7648/7648/7648 7649/7649/7649 7650/7650/7650
f 7651/7651/7651 7652/7652/7652 7653/7653/7653
f 7654/7654/7654 7655/7655/7655 7656/7656/7656
f 7657/7657/7657 7658/7658/7658 7659/7659/7659
f 7660/7660/7660 7661/7661/7661 7662/7662/7662
f 7663/7663/7663 7664/7664/7664 7665/7665/7665
f 7666/7666/7666 7667/7667/7667 7668/7668/7668
