# Created by Open3D 
# object name: 4eb3ba34f50b4348b74a3f9a78793397_visual
# number of vertices: 9192
# number of triangles: 3064
mtllib banana_4eb3ba34_visual.mtl
v 0.0705755 -0.0568704 -0.0527251
vn 0.572351 -0.819941 0.0105878
v 0.0730601 -0.0621317 -0.0529578
vn 0.756694 -0.152055 -0.635841
v 0.0693705 -0.0595976 -0.0519786
vn 0.635654 -0.591633 -0.495897
v 0.0705755 -0.0568704 -0.0527251
vn 0.572351 -0.819941 0.0105878
v 0.0727138 -0.0600027 -0.0541565
vn -0.368264 0.873776 -0.317644
v 0.0730601 -0.0621317 -0.0529578
vn 0.756694 -0.152055 -0.635841
v 0.0727138 -0.0600027 -0.0541565
vn -0.368264 0.873776 -0.317644
v 0.0695146 -0.0582399 -0.0489386
vn 0.625814 -0.723119 -0.292329
v 0.0730601 -0.0621317 -0.0529578
vn 0.756694 -0.152055 -0.635841
v 0.0727138 -0.0600027 -0.0541565
vn -0.368264 0.873776 -0.317644
v 0.0699409 -0.0568884 -0.0507921
vn 0.394506 -0.815428 -0.423607
v 0.0695146 -0.0582399 -0.0489386
vn 0.625814 -0.723119 -0.292329
v 0.0699409 -0.0568884 -0.0507921
vn 0.394506 -0.815428 -0.423607
v 0.0729154 -0.0594887 -0.0510547
vn 0.797826 -0.575997 -0.178048
v 0.0695146 -0.0582399 -0.0489386
vn 0.625814 -0.723119 -0.292329
v 0.0699409 -0.0568884 -0.0507921
vn 0.394506 -0.815428 -0.423607
v 0.0723829 -0.0586947 -0.0523986
vn 0.657635 -0.640104 -0.397218
v 0.0729154 -0.0594887 -0.0510547
vn 0.797826 -0.575997 -0.178048
v 0.0723829 -0.0586947 -0.0523986
vn 0.657635 -0.640104 -0.397218
v 0.0721095 -0.0582614 -0.0513195
vn 0.711476 0.65955 0.242477
v 0.0729154 -0.0594887 -0.0510547
vn 0.797826 -0.575997 -0.178048
v 0.0723829 -0.0586947 -0.0523986
vn 0.657635 -0.640104 -0.397218
v 0.0719148 -0.0579404 -0.0524603
vn 0.651754 0.75198 -0.098706
v 0.0721095 -0.0582614 -0.0513195
vn 0.711476 0.65955 0.242477
v 0.0719148 -0.0579404 -0.0524603
vn 0.651754 0.75198 -0.098706
v 0.0665487 -0.0549898 -0.0486551
vn -0.129469 0.988354 -0.079962
v 0.0721095 -0.0582614 -0.0513195
vn 0.711476 0.65955 0.242477
v 0.0719148 -0.0579404 -0.0524603
vn 0.651754 0.75198 -0.098706
v 0.0673655 -0.0546856 -0.0496368
vn -0.165535 0.960844 -0.222211
v 0.0665487 -0.0549898 -0.0486551
vn -0.129469 0.988354 -0.079962
v 0.0673655 -0.0546856 -0.0496368
vn -0.165535 0.960844 -0.222211
v 0.070841 -0.0567282 -0.053116
vn -0.753081 0.522101 -0.400349
v 0.0665487 -0.0549898 -0.0486551
vn -0.129469 0.988354 -0.079962
v 0.0673655 -0.0546856 -0.0496368
vn -0.165535 0.960844 -0.222211
v 0.0710956 -0.0567753 -0.053609
vn 0.550314 0.68532 -0.476959
v 0.070841 -0.0567282 -0.053116
vn -0.753081 0.522101 -0.400349
v 0.0710956 -0.0567753 -0.053609
vn 0.550314 0.68532 -0.476959
v 0.0648808 -0.0549661 -0.0508773
vn 0.0602671 0.951863 0.30054
v 0.070841 -0.0567282 -0.053116
vn -0.753081 0.522101 -0.400349
v 0.0710956 -0.0567753 -0.053609
vn 0.550314 0.68532 -0.476959
v 0.0660544 -0.0546645 -0.0513843
vn 0.0533829 0.974896 0.216168
v 0.0648808 -0.0549661 -0.0508773
vn 0.0602671 0.951863 0.30054
v 0.0660544 -0.0546645 -0.0513843
vn 0.0533829 0.974896 0.216168
v 0.070467 -0.0573825 -0.0551483
vn -0.153312 0.659408 -0.735987
v 0.0648808 -0.0549661 -0.0508773
vn 0.0602671 0.951863 0.30054
v 0.0660544 -0.0546645 -0.0513843
vn 0.0533829 0.974896 0.216168
v 0.0709451 -0.0573303 -0.0551451
vn 0.471631 0.78741 -0.396926
v 0.070467 -0.0573825 -0.0551483
vn -0.153312 0.659408 -0.735987
v 0.0709451 -0.0573303 -0.0551451
vn 0.471631 0.78741 -0.396926
v 0.0704227 -0.0591026 -0.0564452
vn 0.482587 -0.52314 -0.702449
v 0.070467 -0.0573825 -0.0551483
vn -0.153312 0.659408 -0.735987
v 0.0709451 -0.0573303 -0.0551451
vn 0.471631 0.78741 -0.396926
v 0.0711557 -0.0584216 -0.0560433
vn 0.553928 -0.380626 -0.740464
v 0.0704227 -0.0591026 -0.0564452
vn 0.482587 -0.52314 -0.702449
v 0.0711557 -0.0584216 -0.0560433
vn 0.553928 -0.380626 -0.740464
v 0.0658753 -0.0582028 -0.0535742
vn 0.491628 -0.748937 -0.444291
v 0.0704227 -0.0591026 -0.0564452
vn 0.482587 -0.52314 -0.702449
v 0.0711557 -0.0584216 -0.0560433
vn 0.553928 -0.380626 -0.740464
v 0.0676971 -0.0564839 -0.0534397
vn 0.569403 -0.77599 -0.27133
v 0.0658753 -0.0582028 -0.0535742
vn 0.491628 -0.748937 -0.444291
v 0.0676971 -0.0564839 -0.0534397
vn 0.569403 -0.77599 -0.27133
v 0.071323 -0.0623262 -0.0561393
vn 0.721095 -0.28388 -0.632008
v 0.0658753 -0.0582028 -0.0535742
vn 0.491628 -0.748937 -0.444291
v 0.0676971 -0.0564839 -0.0534397
vn 0.569403 -0.77599 -0.27133
v 0.0720541 -0.0600799 -0.0561112
vn 0.76944 0.0807852 -0.63359
v 0.071323 -0.0623262 -0.0561393
vn 0.721095 -0.28388 -0.632008
v 0.0720541 -0.0600799 -0.0561112
vn 0.76944 0.0807852 -0.63359
v 0.0693705 -0.0595976 -0.0519786
vn 0.635654 -0.591633 -0.495897
v 0.071323 -0.0623262 -0.0561393
vn 0.721095 -0.28388 -0.632008
v 0.0720541 -0.0600799 -0.0561112
vn 0.76944 0.0807852 -0.63359
v 0.0705755 -0.0568704 -0.0527251
vn 0.572351 -0.819941 0.0105878
v 0.0693705 -0.0595976 -0.0519786
vn 0.635654 -0.591633 -0.495897
v 0.0693705 -0.0595976 -0.0519786
vn 0.635654 -0.591633 -0.495897
v 0.0712204 -0.0685949 -0.0494423
vn 0.768865 -0.494011 -0.405956
v 0.065468 -0.0664382 -0.0497035
vn 0.60663 -0.695971 -0.384218
v 0.0693705 -0.0595976 -0.0519786
vn 0.635654 -0.591633 -0.495897
v 0.0730601 -0.0621317 -0.0529578
vn 0.756694 -0.152055 -0.635841
v 0.0712204 -0.0685949 -0.0494423
vn 0.768865 -0.494011 -0.405956
v 0.0730601 -0.0621317 -0.0529578
vn 0.756694 -0.152055 -0.635841
v 0.0679767 -0.0623697 -0.0446256
vn 0.648263 -0.754131 -0.105077
v 0.0712204 -0.0685949 -0.0494423
vn 0.768865 -0.494011 -0.405956
v 0.0730601 -0.0621317 -0.0529578
vn 0.756694 -0.152055 -0.635841
v 0.0695146 -0.0582399 -0.0489386
vn 0.625814 -0.723119 -0.292329
v 0.0679767 -0.0623697 -0.0446256
vn 0.648263 -0.754131 -0.105077
v 0.0695146 -0.0582399 -0.0489386
vn 0.625814 -0.723119 -0.292329
v 0.0713613 -0.0620351 -0.0467244
vn 0.818961 -0.526232 -0.228874
v 0.0679767 -0.0623697 -0.0446256
vn 0.648263 -0.754131 -0.105077
v 0.0695146 -0.0582399 -0.0489386
vn 0.625814 -0.723119 -0.292329
v 0.0729154 -0.0594887 -0.0510547
vn 0.797826 -0.575997 -0.178048
v 0.0713613 -0.0620351 -0.0467244
vn 0.818961 -0.526232 -0.228874
v 0.0729154 -0.0594887 -0.0510547
vn 0.797826 -0.575997 -0.178048
v 0.0701718 -0.0592894 -0.0476116
vn 0.637803 0.558127 0.530755
v 0.0713613 -0.0620351 -0.0467244
vn 0.818961 -0.526232 -0.228874
v 0.0729154 -0.0594887 -0.0510547
vn 0.797826 -0.575997 -0.178048
v 0.0721095 -0.0582614 -0.0513195
vn 0.711476 0.65955 0.242477
v 0.0701718 -0.0592894 -0.0476116
vn 0.637803 0.558127 0.530755
v 0.0721095 -0.0582614 -0.0513195
vn 0.711476 0.65955 0.242477
v 0.0646399 -0.0552446 -0.0462273
vn 0.021414 0.997364 0.0693251
v 0.0701718 -0.0592894 -0.0476116
vn 0.637803 0.558127 0.530755
v 0.0721095 -0.0582614 -0.0513195
vn 0.711476 0.65955 0.242477
v 0.0665487 -0.0549898 -0.0486551
vn -0.129469 0.988354 -0.079962
v 0.0646399 -0.0552446 -0.0462273
vn 0.021414 0.997364 0.0693251
v 0.0665487 -0.0549898 -0.0486551
vn -0.129469 0.988354 -0.079962
v 0.0673475 -0.0571661 -0.0510197
vn -0.111376 0.988999 0.0973434
v 0.0646399 -0.0552446 -0.0462273
vn 0.021414 0.997364 0.0693251
v 0.0665487 -0.0549898 -0.0486551
vn -0.129469 0.988354 -0.079962
v 0.070841 -0.0567282 -0.053116
vn -0.753081 0.522101 -0.400349
v 0.0673475 -0.0571661 -0.0510197
vn -0.111376 0.988999 0.0973434
v 0.070841 -0.0567282 -0.053116
vn -0.753081 0.522101 -0.400349
v 0.0620139 -0.0552072 -0.0497258
vn -0.0113216 0.989154 0.146447
v 0.0673475 -0.0571661 -0.0510197
vn -0.111376 0.988999 0.0973434
v 0.070841 -0.0567282 -0.053116
vn -0.753081 0.522101 -0.400349
v 0.0648808 -0.0549661 -0.0508773
vn 0.0602671 0.951863 0.30054
v 0.0620139 -0.0552072 -0.0497258
vn -0.0113216 0.989154 0.146447
v 0.0648808 -0.0549661 -0.0508773
vn 0.0602671 0.951863 0.30054
v 0.064803 -0.0591531 -0.0546149
vn -0.303953 0.559667 -0.770964
v 0.0620139 -0.0552072 -0.0497258
vn -0.0113216 0.989154 0.146447
v 0.0648808 -0.0549661 -0.0508773
vn 0.0602671 0.951863 0.30054
v 0.070467 -0.0573825 -0.0551483
vn -0.153312 0.659408 -0.735987
v 0.064803 -0.0591531 -0.0546149
vn -0.303953 0.559667 -0.770964
v 0.070467 -0.0573825 -0.0551483
vn -0.153312 0.659408 -0.735987
v 0.0642918 -0.0619149 -0.0561202
vn 0.156629 -0.55941 -0.813958
v 0.064803 -0.0591531 -0.0546149
vn -0.303953 0.559667 -0.770964
v 0.070467 -0.0573825 -0.0551483
vn -0.153312 0.659408 -0.735987
v 0.0704227 -0.0591026 -0.0564452
vn 0.482587 -0.52314 -0.702449
v 0.0642918 -0.0619149 -0.0561202
vn 0.156629 -0.55941 -0.813958
v 0.0704227 -0.0591026 -0.0564452
vn 0.482587 -0.52314 -0.702449
v 0.0613312 -0.0622687 -0.0534831
vn 0.426166 -0.757967 -0.493831
v 0.0642918 -0.0619149 -0.0561202
vn 0.156629 -0.55941 -0.813958
v 0.0704227 -0.0591026 -0.0564452
vn 0.482587 -0.52314 -0.702449
v 0.0658753 -0.0582028 -0.0535742
vn 0.491628 -0.748937 -0.444291
v 0.0613312 -0.0622687 -0.0534831
vn 0.426166 -0.757967 -0.493831
v 0.0658753 -0.0582028 -0.0535742
vn 0.491628 -0.748937 -0.444291
v 0.0668018 -0.068532 -0.055329
vn 0.520933 -0.508714 -0.685448
v 0.0613312 -0.0622687 -0.0534831
vn 0.426166 -0.757967 -0.493831
v 0.0658753 -0.0582028 -0.0535742
vn 0.491628 -0.748937 -0.444291
v 0.071323 -0.0623262 -0.0561393
vn 0.721095 -0.28388 -0.632008
v 0.0668018 -0.068532 -0.055329
vn 0.520933 -0.508714 -0.685448
v 0.071323 -0.0623262 -0.0561393
vn 0.721095 -0.28388 -0.632008
v 0.065468 -0.0664382 -0.0497035
vn 0.60663 -0.695971 -0.384218
v 0.0668018 -0.068532 -0.055329
vn 0.520933 -0.508714 -0.685448
v 0.071323 -0.0623262 -0.0561393
vn 0.721095 -0.28388 -0.632008
v 0.0693705 -0.0595976 -0.0519786
vn 0.635654 -0.591633 -0.495897
v 0.065468 -0.0664382 -0.0497035
vn 0.60663 -0.695971 -0.384218
v 0.065468 -0.0664382 -0.0497035
vn 0.60663 -0.695971 -0.384218
v 0.065046 -0.0779667 -0.0419455
vn 0.716534 -0.673908 -0.180075
v 0.058047 -0.0763044 -0.0442389
vn 0.500798 -0.795863 -0.340298
v 0.065468 -0.0664382 -0.0497035
vn 0.60663 -0.695971 -0.384218
v 0.0712204 -0.0685949 -0.0494423
vn 0.768865 -0.494011 -0.405956
v 0.065046 -0.0779667 -0.0419455
vn 0.716534 -0.673908 -0.180075
v 0.0712204 -0.0685949 -0.0494423
vn 0.768865 -0.494011 -0.405956
v 0.0634676 -0.0687007 -0.0370902
vn 0.803404 -0.512417 0.303266
v 0.065046 -0.0779667 -0.0419455
vn 0.716534 -0.673908 -0.180075
v 0.0712204 -0.0685949 -0.0494423
vn 0.768865 -0.494011 -0.405956
v 0.0679767 -0.0623697 -0.0446256
vn 0.648263 -0.754131 -0.105077
v 0.0634676 -0.0687007 -0.0370902
vn 0.803404 -0.512417 0.303266
v 0.0679767 -0.0623697 -0.0446256
vn 0.648263 -0.754131 -0.105077
v 0.0673765 -0.0659543 -0.039399
vn 0.895177 -0.421915 0.143684
v 0.0634676 -0.0687007 -0.0370902
vn 0.803404 -0.512417 0.303266
v 0.0679767 -0.0623697 -0.0446256
vn 0.648263 -0.754131 -0.105077
v 0.0713613 -0.0620351 -0.0467244
vn 0.818961 -0.526232 -0.228874
v 0.0673765 -0.0659543 -0.039399
vn 0.895177 -0.421915 0.143684
v 0.0713613 -0.0620351 -0.0467244
vn 0.818961 -0.526232 -0.228874
v 0.0663828 -0.0610782 -0.0416358
vn 0.618932 0.52126 0.587547
v 0.0673765 -0.0659543 -0.039399
vn 0.895177 -0.421915 0.143684
v 0.0713613 -0.0620351 -0.0467244
vn 0.818961 -0.526232 -0.228874
v 0.0701718 -0.0592894 -0.0476116
vn 0.637803 0.558127 0.530755
v 0.0663828 -0.0610782 -0.0416358
vn 0.618932 0.52126 0.587547
v 0.0701718 -0.0592894 -0.0476116
vn 0.637803 0.558127 0.530755
v 0.0609834 -0.0558346 -0.0420392
vn 0.110632 0.977922 0.177284
v 0.0663828 -0.0610782 -0.0416358
vn 0.618932 0.52126 0.587547
v 0.0701718 -0.0592894 -0.0476116
vn 0.637803 0.558127 0.530755
v 0.0646399 -0.0552446 -0.0462273
vn 0.021414 0.997364 0.0693251
v 0.0609834 -0.0558346 -0.0420392
vn 0.110632 0.977922 0.177284
v 0.0646399 -0.0552446 -0.0462273
vn 0.021414 0.997364 0.0693251
v 0.0629992 -0.0574426 -0.0477543
vn -0.137517 0.990366 -0.0162641
v 0.0609834 -0.0558346 -0.0420392
vn 0.110632 0.977922 0.177284
v 0.0646399 -0.0552446 -0.0462273
vn 0.021414 0.997364 0.0693251
v 0.0673475 -0.0571661 -0.0510197
vn -0.111376 0.988999 0.0973434
v 0.0629992 -0.0574426 -0.0477543
vn -0.137517 0.990366 -0.0162641
v 0.0673475 -0.0571661 -0.0510197
vn -0.111376 0.988999 0.0973434
v 0.0569653 -0.0557773 -0.0473924
vn -0.111584 0.993051 -0.0373941
v 0.0629992 -0.0574426 -0.0477543
vn -0.137517 0.990366 -0.0162641
v 0.0673475 -0.0571661 -0.0510197
vn -0.111376 0.988999 0.0973434
v 0.0620139 -0.0552072 -0.0497258
vn -0.0113216 0.989154 0.146447
v 0.0569653 -0.0557773 -0.0473924
vn -0.111584 0.993051 -0.0373941
v 0.0620139 -0.0552072 -0.0497258
vn -0.0113216 0.989154 0.146447
v 0.0580324 -0.0609593 -0.0527609
vn -0.383014 0.520954 -0.762829
v 0.0569653 -0.0557773 -0.0473924
vn -0.111584 0.993051 -0.0373941
v 0.0620139 -0.0552072 -0.0497258
vn -0.0113216 0.989154 0.146447
v 0.064803 -0.0591531 -0.0546149
vn -0.303953 0.559667 -0.770964
v 0.0580324 -0.0609593 -0.0527609
vn -0.383014 0.520954 -0.762829
v 0.064803 -0.0591531 -0.0546149
vn -0.303953 0.559667 -0.770964
v 0.0561123 -0.0657939 -0.0544062
vn -0.0932131 -0.311184 -0.945767
v 0.0580324 -0.0609593 -0.0527609
vn -0.383014 0.520954 -0.762829
v 0.064803 -0.0591531 -0.0546149
vn -0.303953 0.559667 -0.770964
v 0.0642918 -0.0619149 -0.0561202
vn 0.156629 -0.55941 -0.813958
v 0.0561123 -0.0657939 -0.0544062
vn -0.0932131 -0.311184 -0.945767
v 0.0642918 -0.0619149 -0.0561202
vn 0.156629 -0.55941 -0.813958
v 0.0527754 -0.0685484 -0.0513352
vn 0.0531237 -0.594902 -0.802041
v 0.0561123 -0.0657939 -0.0544062
vn -0.0932131 -0.311184 -0.945767
v 0.0642918 -0.0619149 -0.0561202
vn 0.156629 -0.55941 -0.813958
v 0.0613312 -0.0622687 -0.0534831
vn 0.426166 -0.757967 -0.493831
v 0.0527754 -0.0685484 -0.0513352
vn 0.0531237 -0.594902 -0.802041
v 0.0613312 -0.0622687 -0.0534831
vn 0.426166 -0.757967 -0.493831
v 0.0577831 -0.0778632 -0.0516218
vn 0.316631 -0.664021 -0.677364
v 0.0527754 -0.0685484 -0.0513352
vn 0.0531237 -0.594902 -0.802041
v 0.0613312 -0.0622687 -0.0534831
vn 0.426166 -0.757967 -0.493831
v 0.0668018 -0.068532 -0.055329
vn 0.520933 -0.508714 -0.685448
v 0.0577831 -0.0778632 -0.0516218
vn 0.316631 -0.664021 -0.677364
v 0.0668018 -0.068532 -0.055329
vn 0.520933 -0.508714 -0.685448
v 0.058047 -0.0763044 -0.0442389
vn 0.500798 -0.795863 -0.340298
v 0.0577831 -0.0778632 -0.0516218
vn 0.316631 -0.664021 -0.677364
v 0.0668018 -0.068532 -0.055329
vn 0.520933 -0.508714 -0.685448
v 0.065468 -0.0664382 -0.0497035
vn 0.60663 -0.695971 -0.384218
v 0.058047 -0.0763044 -0.0442389
vn 0.500798 -0.795863 -0.340298
v 0.058047 -0.0763044 -0.0442389
vn 0.500798 -0.795863 -0.340298
v 0.0542601 -0.0879499 -0.0311193
vn 0.636823 -0.770976 0.0072736
v 0.0457062 -0.0871897 -0.0350924
vn 0.370016 -0.890346 -0.265277
v 0.058047 -0.0763044 -0.0442389
vn 0.500798 -0.795863 -0.340298
v 0.065046 -0.0779667 -0.0419455
vn 0.716534 -0.673908 -0.180075
v 0.0542601 -0.0879499 -0.0311193
vn 0.636823 -0.770976 0.0072736
v 0.065046 -0.0779667 -0.0419455
vn 0.716534 -0.673908 -0.180075
v 0.0552533 -0.075789 -0.0267448
vn 0.781874 -0.370046 0.501735
v 0.0542601 -0.0879499 -0.0311193
vn 0.636823 -0.770976 0.0072736
v 0.065046 -0.0779667 -0.0419455
vn 0.716534 -0.673908 -0.180075
v 0.0634676 -0.0687007 -0.0370902
vn 0.803404 -0.512417 0.303266
v 0.0552533 -0.075789 -0.0267448
vn 0.781874 -0.370046 0.501735
v 0.0634676 -0.0687007 -0.0370902
vn 0.803404 -0.512417 0.303266
v 0.0603942 -0.0704931 -0.0297452
vn 0.842153 -0.173551 0.510547
v 0.0552533 -0.075789 -0.0267448
vn 0.781874 -0.370046 0.501735
v 0.0634676 -0.0687007 -0.0370902
vn 0.803404 -0.512417 0.303266
v 0.0673765 -0.0659543 -0.039399
vn 0.895177 -0.421915 0.143684
v 0.0603942 -0.0704931 -0.0297452
vn 0.842153 -0.173551 0.510547
v 0.0673765 -0.0659543 -0.039399
vn 0.895177 -0.421915 0.143684
v 0.0601643 -0.0633984 -0.0335044
vn 0.601899 0.49629 0.625631
v 0.0603942 -0.0704931 -0.0297452
vn 0.842153 -0.173551 0.510547
v 0.0673765 -0.0659543 -0.039399
vn 0.895177 -0.421915 0.143684
v 0.0663828 -0.0610782 -0.0416358
vn 0.618932 0.52126 0.587547
v 0.0601643 -0.0633984 -0.0335044
vn 0.601899 0.49629 0.625631
v 0.0663828 -0.0610782 -0.0416358
vn 0.618932 0.52126 0.587547
v 0.0552099 -0.0567185 -0.0359878
vn 0.181195 0.949881 0.254745
v 0.0601643 -0.0633984 -0.0335044
vn 0.601899 0.49629 0.625631
v 0.0663828 -0.0610782 -0.0416358
vn 0.618932 0.52126 0.587547
v 0.0609834 -0.0558346 -0.0420392
vn 0.110632 0.977922 0.177284
v 0.0552099 -0.0567185 -0.0359878
vn 0.181195 0.949881 0.254745
v 0.0609834 -0.0558346 -0.0420392
vn 0.110632 0.977922 0.177284
v 0.0564965 -0.0579235 -0.0428785
vn -0.0998435 0.994914 0.0133297
v 0.0552099 -0.0567185 -0.0359878
vn 0.181195 0.949881 0.254745
v 0.0609834 -0.0558346 -0.0420392
vn 0.110632 0.977922 0.177284
v 0.0629992 -0.0574426 -0.0477543
vn -0.137517 0.990366 -0.0162641
v 0.0564965 -0.0579235 -0.0428785
vn -0.0998435 0.994914 0.0133297
v 0.0629992 -0.0574426 -0.0477543
vn -0.137517 0.990366 -0.0162641
v 0.0495334 -0.0566376 -0.0435505
vn -0.175698 0.967824 -0.18013
v 0.0564965 -0.0579235 -0.0428785
vn -0.0998435 0.994914 0.0133297
v 0.0629992 -0.0574426 -0.0477543
vn -0.137517 0.990366 -0.0162641
v 0.0569653 -0.0557773 -0.0473924
vn -0.111584 0.993051 -0.0373941
v 0.0495334 -0.0566376 -0.0435505
vn -0.175698 0.967824 -0.18013
v 0.0569653 -0.0557773 -0.0473924
vn -0.111584 0.993051 -0.0373941
v 0.0484643 -0.0632318 -0.0490921
vn -0.423785 0.499658 -0.755479
v 0.0495334 -0.0566376 -0.0435505
vn -0.175698 0.967824 -0.18013
v 0.0569653 -0.0557773 -0.0473924
vn -0.111584 0.993051 -0.0373941
v 0.0580324 -0.0609593 -0.0527609
vn -0.383014 0.520954 -0.762829
v 0.0484643 -0.0632318 -0.0490921
vn -0.423785 0.499658 -0.755479
v 0.0580324 -0.0609593 -0.0527609
vn -0.383014 0.520954 -0.762829
v 0.0448463 -0.0702716 -0.0504593
vn -0.31029 -0.105109 -0.944813
v 0.0484643 -0.0632318 -0.0490921
vn -0.423785 0.499658 -0.755479
v 0.0580324 -0.0609593 -0.0527609
vn -0.383014 0.520954 -0.762829
v 0.0561123 -0.0657939 -0.0544062
vn -0.0932131 -0.311184 -0.945767
v 0.0448463 -0.0702716 -0.0504593
vn -0.31029 -0.105109 -0.944813
v 0.0561123 -0.0657939 -0.0544062
vn -0.0932131 -0.311184 -0.945767
v 0.0404752 -0.0755785 -0.0464334
vn -0.256565 -0.369534 -0.893095
v 0.0448463 -0.0702716 -0.0504593
vn -0.31029 -0.105109 -0.944813
v 0.0561123 -0.0657939 -0.0544062
vn -0.0932131 -0.311184 -0.945767
v 0.0527754 -0.0685484 -0.0513352
vn 0.0531237 -0.594902 -0.802041
v 0.0404752 -0.0755785 -0.0464334
vn -0.256565 -0.369534 -0.893095
v 0.0527754 -0.0685484 -0.0513352
vn 0.0531237 -0.594902 -0.802041
v 0.0442731 -0.0878076 -0.0444248
vn 0.125421 -0.757317 -0.64089
v 0.0404752 -0.0755785 -0.0464334
vn -0.256565 -0.369534 -0.893095
v 0.0527754 -0.0685484 -0.0513352
vn 0.0531237 -0.594902 -0.802041
v 0.0577831 -0.0778632 -0.0516218
vn 0.316631 -0.664021 -0.677364
v 0.0442731 -0.0878076 -0.0444248
vn 0.125421 -0.757317 -0.64089
v 0.0577831 -0.0778632 -0.0516218
vn 0.316631 -0.664021 -0.677364
v 0.0457062 -0.0871897 -0.0350924
vn 0.370016 -0.890346 -0.265277
v 0.0442731 -0.0878076 -0.0444248
vn 0.125421 -0.757317 -0.64089
v 0.0577831 -0.0778632 -0.0516218
vn 0.316631 -0.664021 -0.677364
v 0.058047 -0.0763044 -0.0442389
vn 0.500798 -0.795863 -0.340298
v 0.0457062 -0.0871897 -0.0350924
vn 0.370016 -0.890346 -0.265277
v 0.0457062 -0.0871897 -0.0350924
vn 0.370016 -0.890346 -0.265277
v 0.0401914 -0.0959722 -0.0183876
vn 0.529708 -0.831813 0.165825
v 0.0303044 -0.0957721 -0.0236237
vn 0.196577 -0.966187 -0.166851
v 0.0457062 -0.0871897 -0.0350924
vn 0.370016 -0.890346 -0.265277
v 0.0542601 -0.0879499 -0.0311193
vn 0.636823 -0.770976 0.0072736
v 0.0401914 -0.0959722 -0.0183876
vn 0.529708 -0.831813 0.165825
v 0.0542601 -0.0879499 -0.0311193
vn 0.636823 -0.770976 0.0072736
v 0.0439443 -0.0819353 -0.0146189
vn 0.722603 -0.370914 0.583325
v 0.0401914 -0.0959722 -0.0183876
vn 0.529708 -0.831813 0.165825
v 0.0542601 -0.0879499 -0.0311193
vn 0.636823 -0.770976 0.0072736
v 0.0552533 -0.075789 -0.0267448
vn 0.781874 -0.370046 0.501735
v 0.0439443 -0.0819353 -0.0146189
vn 0.722603 -0.370914 0.583325
v 0.0552533 -0.075789 -0.0267448
vn 0.781874 -0.370046 0.501735
v 0.0503587 -0.0748745 -0.0178043
vn 0.768999 -0.0820654 0.63396
v 0.0439443 -0.0819353 -0.0146189
vn 0.722603 -0.370914 0.583325
v 0.0552533 -0.075789 -0.0267448
vn 0.781874 -0.370046 0.501735
v 0.0603942 -0.0704931 -0.0297452
vn 0.842153 -0.173551 0.510547
v 0.0503587 -0.0748745 -0.0178043
vn 0.768999 -0.0820654 0.63396
v 0.0603942 -0.0704931 -0.0297452
vn 0.842153 -0.173551 0.510547
v 0.051596 -0.0656022 -0.0236568
vn 0.601017 0.48208 0.637477
v 0.0503587 -0.0748745 -0.0178043
vn 0.768999 -0.0820654 0.63396
v 0.0603942 -0.0704931 -0.0297452
vn 0.842153 -0.173551 0.510547
v 0.0601643 -0.0633984 -0.0335044
vn 0.601899 0.49629 0.625631
v 0.051596 -0.0656022 -0.0236568
vn 0.601017 0.48208 0.637477
v 0.0601643 -0.0633984 -0.0335044
vn 0.601899 0.49629 0.625631
v 0.0472956 -0.0575607 -0.0282194
vn 0.248184 0.922592 0.295345
v 0.051596 -0.0656022 -0.0236568
vn 0.601017 0.48208 0.637477
v 0.0601643 -0.0633984 -0.0335044
vn 0.601899 0.49629 0.625631
v 0.0552099 -0.0567185 -0.0359878
vn 0.181195 0.949881 0.254745
v 0.0472956 -0.0575607 -0.0282194
vn 0.248184 0.922592 0.295345
v 0.0552099 -0.0567185 -0.0359878
vn 0.181195 0.949881 0.254745
v 0.0478402 -0.058337 -0.0363856
vn -0.0498132 0.998704 0.0104578
v 0.0472956 -0.0575607 -0.0282194
vn 0.248184 0.922592 0.295345
v 0.0552099 -0.0567185 -0.0359878
vn 0.181195 0.949881 0.254745
v 0.0564965 -0.0579235 -0.0428785
vn -0.0998435 0.994914 0.0133297
v 0.0478402 -0.058337 -0.0363856
vn -0.0498132 0.998704 0.0104578
v 0.0564965 -0.0579235 -0.0428785
vn -0.0998435 0.994914 0.0133297
v 0.0398553 -0.0574547 -0.038132
vn -0.19901 0.937957 -0.283958
v 0.0478402 -0.058337 -0.0363856
vn -0.0498132 0.998704 0.0104578
v 0.0564965 -0.0579235 -0.0428785
vn -0.0998435 0.994914 0.0133297
v 0.0495334 -0.0566376 -0.0435505
vn -0.175698 0.967824 -0.18013
v 0.0398553 -0.0574547 -0.038132
vn -0.19901 0.937957 -0.283958
v 0.0495334 -0.0566376 -0.0435505
vn -0.175698 0.967824 -0.18013
v 0.0365932 -0.0653885 -0.0436447
vn -0.43719 0.487908 -0.75552
v 0.0398553 -0.0574547 -0.038132
vn -0.19901 0.937957 -0.283958
v 0.0495334 -0.0566376 -0.0435505
vn -0.175698 0.967824 -0.18013
v 0.0484643 -0.0632318 -0.0490921
vn -0.423785 0.499658 -0.755479
v 0.0365932 -0.0653885 -0.0436447
vn -0.43719 0.487908 -0.75552
v 0.0484643 -0.0632318 -0.0490921
vn -0.423785 0.499658 -0.755479
v 0.0305333 -0.0745921 -0.0442174
vn -0.400319 -0.058749 -0.914491
v 0.0365932 -0.0653885 -0.0436447
vn -0.43719 0.487908 -0.75552
v 0.0484643 -0.0632318 -0.0490921
vn -0.423785 0.499658 -0.755479
v 0.0448463 -0.0702716 -0.0504593
vn -0.31029 -0.105109 -0.944813
v 0.0305333 -0.0745921 -0.0442174
vn -0.400319 -0.058749 -0.914491
v 0.0448463 -0.0702716 -0.0504593
vn -0.31029 -0.105109 -0.944813
v 0.0256106 -0.0816741 -0.0390446
vn -0.364323 -0.357036 -0.860112
v 0.0305333 -0.0745921 -0.0442174
vn -0.400319 -0.058749 -0.914491
v 0.0448463 -0.0702716 -0.0504593
vn -0.31029 -0.105109 -0.944813
v 0.0404752 -0.0755785 -0.0464334
vn -0.256565 -0.369534 -0.893095
v 0.0256106 -0.0816741 -0.0390446
vn -0.364323 -0.357036 -0.860112
v 0.0404752 -0.0755785 -0.0464334
vn -0.256565 -0.369534 -0.893095
v 0.0280367 -0.0957991 -0.0345811
vn -0.0499877 -0.819188 -0.571342
v 0.0256106 -0.0816741 -0.0390446
vn -0.364323 -0.357036 -0.860112
v 0.0404752 -0.0755785 -0.0464334
vn -0.256565 -0.369534 -0.893095
v 0.0442731 -0.0878076 -0.0444248
vn 0.125421 -0.757317 -0.64089
v 0.0280367 -0.0957991 -0.0345811
vn -0.0499877 -0.819188 -0.571342
v 0.0442731 -0.0878076 -0.0444248
vn 0.125421 -0.757317 -0.64089
v 0.0303044 -0.0957721 -0.0236237
vn 0.196577 -0.966187 -0.166851
v 0.0280367 -0.0957991 -0.0345811
vn -0.0499877 -0.819188 -0.571342
v 0.0442731 -0.0878076 -0.0444248
vn 0.125421 -0.757317 -0.64089
v 0.0457062 -0.0871897 -0.0350924
vn 0.370016 -0.890346 -0.265277
v 0.0303044 -0.0957721 -0.0236237
vn 0.196577 -0.966187 -0.166851
v 0.0303044 -0.0957721 -0.0236237
vn 0.196577 -0.966187 -0.166851
v 0.0253114 -0.1 -0.00588545
vn 0.365126 -0.882355 0.296871
v 0.0161397 -0.098695 -0.013023
vn 0.0319154 -0.998382 -0.0470565
v 0.0303044 -0.0957721 -0.0236237
vn 0.196577 -0.966187 -0.166851
v 0.0401914 -0.0959722 -0.0183876
vn 0.529708 -0.831813 0.165825
v 0.0253114 -0.1 -0.00588545
vn 0.365126 -0.882355 0.296871
v 0.0401914 -0.0959722 -0.0183876
vn 0.529708 -0.831813 0.165825
v 0.0308046 -0.0858169 -0.00194321
vn 0.649661 -0.397816 0.647829
v 0.0253114 -0.1 -0.00588545
vn 0.365126 -0.882355 0.296871
v 0.0401914 -0.0959722 -0.0183876
vn 0.529708 -0.831813 0.165825
v 0.0439443 -0.0819353 -0.0146189
vn 0.722603 -0.370914 0.583325
v 0.0308046 -0.0858169 -0.00194321
vn 0.649661 -0.397816 0.647829
v 0.0439443 -0.0819353 -0.0146189
vn 0.722603 -0.370914 0.583325
v 0.0382611 -0.0778137 -0.00499593
vn 0.721221 -0.0674797 0.689411
v 0.0308046 -0.0858169 -0.00194321
vn 0.649661 -0.397816 0.647829
v 0.0439443 -0.0819353 -0.0146189
vn 0.722603 -0.370914 0.583325
v 0.0503587 -0.0748745 -0.0178043
vn 0.768999 -0.0820654 0.63396
v 0.0382611 -0.0778137 -0.00499593
vn 0.721221 -0.0674797 0.689411
v 0.0503587 -0.0748745 -0.0178043
vn 0.768999 -0.0820654 0.63396
v 0.0409445 -0.0670511 -0.0124043
vn 0.611565 0.469049 0.637166
v 0.0382611 -0.0778137 -0.00499593
vn 0.721221 -0.0674797 0.689411
v 0.0503587 -0.0748745 -0.0178043
vn 0.768999 -0.0820654 0.63396
v 0.051596 -0.0656022 -0.0236568
vn 0.601017 0.48208 0.637477
v 0.0409445 -0.0670511 -0.0124043
vn 0.611565 0.469049 0.637166
v 0.051596 -0.0656022 -0.0236568
vn 0.601017 0.48208 0.637477
v 0.0375726 -0.0578823 -0.0191322
vn 0.314585 0.898285 0.306791
v 0.0409445 -0.0670511 -0.0124043
vn 0.611565 0.469049 0.637166
v 0.051596 -0.0656022 -0.0236568
vn 0.601017 0.48208 0.637477
v 0.0472956 -0.0575607 -0.0282194
vn 0.248184 0.922592 0.295345
v 0.0375726 -0.0578823 -0.0191322
vn 0.314585 0.898285 0.306791
v 0.0472956 -0.0575607 -0.0282194
vn 0.248184 0.922592 0.295345
v 0.0373765 -0.0582629 -0.0285309
vn 0.00665131 0.999885 -0.0136239
v 0.0375726 -0.0578823 -0.0191322
vn 0.314585 0.898285 0.306791
v 0.0472956 -0.0575607 -0.0282194
vn 0.248184 0.922592 0.295345
v 0.0478402 -0.058337 -0.0363856
vn -0.0498132 0.998704 0.0104578
v 0.0373765 -0.0582629 -0.0285309
vn 0.00665131 0.999885 -0.0136239
v 0.0478402 -0.058337 -0.0363856
vn -0.0498132 0.998704 0.0104578
v 0.0284111 -0.0577518 -0.0313378
vn -0.193282 0.910739 -0.364961
v 0.0373765 -0.0582629 -0.0285309
vn 0.00665131 0.999885 -0.0136239
v 0.0478402 -0.058337 -0.0363856
vn -0.0498132 0.998704 0.0104578
v 0.0398553 -0.0574547 -0.038132
vn -0.19901 0.937957 -0.283958
v 0.0284111 -0.0577518 -0.0313378
vn -0.193282 0.910739 -0.364961
v 0.0398553 -0.0574547 -0.038132
vn -0.19901 0.937957 -0.283958
v 0.0227991 -0.0667927 -0.0365791
vn -0.434711 0.474379 -0.7655
v 0.0284111 -0.0577518 -0.0313378
vn -0.193282 0.910739 -0.364961
v 0.0398553 -0.0574547 -0.038132
vn -0.19901 0.937957 -0.283958
v 0.0365932 -0.0653885 -0.0436447
vn -0.43719 0.487908 -0.75552
v 0.0227991 -0.0667927 -0.0365791
vn -0.434711 0.474379 -0.7655
v 0.0365932 -0.0653885 -0.0436447
vn -0.43719 0.487908 -0.75552
v 0.014826 -0.0774799 -0.0362181
vn -0.458953 -0.0560659 -0.88669
v 0.0227991 -0.0667927 -0.0365791
vn -0.434711 0.474379 -0.7655
v 0.0365932 -0.0653885 -0.0436447
vn -0.43719 0.487908 -0.75552
v 0.0305333 -0.0745921 -0.0442174
vn -0.400319 -0.058749 -0.914491
v 0.014826 -0.0774799 -0.0362181
vn -0.458953 -0.0560659 -0.88669
v 0.0305333 -0.0745921 -0.0442174
vn -0.400319 -0.058749 -0.914491
v 0.00973005 -0.0855167 -0.0300205
vn -0.450287 -0.378519 -0.808681
v 0.014826 -0.0774799 -0.0362181
vn -0.458953 -0.0560659 -0.88669
v 0.0305333 -0.0745921 -0.0442174
vn -0.400319 -0.058749 -0.914491
v 0.0256106 -0.0816741 -0.0390446
vn -0.364323 -0.357036 -0.860112
v 0.00973005 -0.0855167 -0.0300205
vn -0.450287 -0.378519 -0.808681
v 0.0256106 -0.0816741 -0.0390446
vn -0.364323 -0.357036 -0.860112
v 0.0118352 -0.0998081 -0.0238396
vn -0.195585 -0.870976 -0.450719
v 0.00973005 -0.0855167 -0.0300205
vn -0.450287 -0.378519 -0.808681
v 0.0256106 -0.0816741 -0.0390446
vn -0.364323 -0.357036 -0.860112
v 0.0280367 -0.0957991 -0.0345811
vn -0.0499877 -0.819188 -0.571342
v 0.0118352 -0.0998081 -0.0238396
vn -0.195585 -0.870976 -0.450719
v 0.0280367 -0.0957991 -0.0345811
vn -0.0499877 -0.819188 -0.571342
v 0.0161397 -0.098695 -0.013023
vn 0.0319154 -0.998382 -0.0470565
v 0.0118352 -0.0998081 -0.0238396
vn -0.195585 -0.870976 -0.450719
v 0.0280367 -0.0957991 -0.0345811
vn -0.0499877 -0.819188 -0.571342
v 0.0303044 -0.0957721 -0.0236237
vn 0.196577 -0.966187 -0.166851
v 0.0161397 -0.098695 -0.013023
vn 0.0319154 -0.998382 -0.0470565
v 0.0161397 -0.098695 -0.013023
vn 0.0319154 -0.998382 -0.0470565
v 0.0113997 -0.0998674 0.00518645
vn 0.18014 -0.894141 0.409954
v 0.00304936 -0.0979887 -0.00318995
vn -0.134467 -0.987386 0.0835857
v 0.0161397 -0.098695 -0.013023
vn 0.0319154 -0.998382 -0.0470565
v 0.0253114 -0.1 -0.00588545
vn 0.365126 -0.882355 0.296871
v 0.0113997 -0.0998674 0.00518645
vn 0.18014 -0.894141 0.409954
v 0.0253114 -0.1 -0.00588545
vn 0.365126 -0.882355 0.296871
v 0.017734 -0.0864384 0.00956464
vn 0.552103 -0.433056 0.712492
v 0.0113997 -0.0998674 0.00518645
vn 0.18014 -0.894141 0.409954
v 0.0253114 -0.1 -0.00588545
vn 0.365126 -0.882355 0.296871
v 0.0308046 -0.0858169 -0.00194321
vn 0.649661 -0.397816 0.647829
v 0.017734 -0.0864384 0.00956464
vn 0.552103 -0.433056 0.712492
v 0.0308046 -0.0858169 -0.00194321
vn 0.649661 -0.397816 0.647829
v 0.0254075 -0.0784927 0.00742923
vn 0.678406 -0.0785952 0.730471
v 0.017734 -0.0864384 0.00956464
vn 0.552103 -0.433056 0.712492
v 0.0308046 -0.0858169 -0.00194321
vn 0.649661 -0.397816 0.647829
v 0.0382611 -0.0778137 -0.00499593
vn 0.721221 -0.0674797 0.689411
v 0.0254075 -0.0784927 0.00742923
vn 0.678406 -0.0785952 0.730471
v 0.0382611 -0.0778137 -0.00499593
vn 0.721221 -0.0674797 0.689411
v 0.0290409 -0.0670934 -0.000646676
vn 0.631374 0.452531 0.629748
v 0.0254075 -0.0784927 0.00742923
vn 0.678406 -0.0785952 0.730471
v 0.0382611 -0.0778137 -0.00499593
vn 0.721221 -0.0674797 0.689411
v 0.0409445 -0.0670511 -0.0124043
vn 0.611565 0.469049 0.637166
v 0.0290409 -0.0670934 -0.000646676
vn 0.631374 0.452531 0.629748
v 0.0409445 -0.0670511 -0.0124043
vn 0.611565 0.469049 0.637166
v 0.026853 -0.0572055 -0.00951104
vn 0.382592 0.874995 0.296661
v 0.0290409 -0.0670934 -0.000646676
vn 0.631374 0.452531 0.629748
v 0.0409445 -0.0670511 -0.0124043
vn 0.611565 0.469049 0.637166
v 0.0375726 -0.0578823 -0.0191322
vn 0.314585 0.898285 0.306791
v 0.026853 -0.0572055 -0.00951104
vn 0.382592 0.874995 0.296661
v 0.0375726 -0.0578823 -0.0191322
vn 0.314585 0.898285 0.306791
v 0.0257331 -0.0572696 -0.0197808
vn 0.0727764 0.995978 -0.0522589
v 0.026853 -0.0572055 -0.00951104
vn 0.382592 0.874995 0.296661
v 0.0375726 -0.0578823 -0.0191322
vn 0.314585 0.898285 0.306791
v 0.0373765 -0.0582629 -0.0285309
vn 0.00665131 0.999885 -0.0136239
v 0.0257331 -0.0572696 -0.0197808
vn 0.0727764 0.995978 -0.0522589
v 0.0373765 -0.0582629 -0.0285309
vn 0.00665131 0.999885 -0.0136239
v 0.0161861 -0.0570536 -0.0237223
vn -0.16588 0.885204 -0.434624
v 0.0257331 -0.0572696 -0.0197808
vn 0.0727764 0.995978 -0.0522589
v 0.0373765 -0.0582629 -0.0285309
vn 0.00665131 0.999885 -0.0136239
v 0.0284111 -0.0577518 -0.0313378
vn -0.193282 0.910739 -0.364961
v 0.0161861 -0.0570536 -0.0237223
vn -0.16588 0.885204 -0.434624
v 0.0284111 -0.0577518 -0.0313378
vn -0.193282 0.910739 -0.364961
v 0.00818473 -0.0667964 -0.0284331
vn -0.423263 0.458153 -0.781629
v 0.0161861 -0.0570536 -0.0237223
vn -0.16588 0.885204 -0.434624
v 0.0284111 -0.0577518 -0.0313378
vn -0.193282 0.910739 -0.364961
v 0.0227991 -0.0667927 -0.0365791
vn -0.434711 0.474379 -0.7655
v 0.00818473 -0.0667964 -0.0284331
vn -0.423263 0.458153 -0.781629
v 0.0227991 -0.0667927 -0.0365791
vn -0.434711 0.474379 -0.7655
v -0.000701206 -0.0781209 -0.0273549
vn -0.508969 -0.0767293 -0.857358
v 0.00818473 -0.0667964 -0.0284331
vn -0.423263 0.458153 -0.781629
v 0.0227991 -0.0667927 -0.0365791
vn -0.434711 0.474379 -0.7655
v 0.014826 -0.0774799 -0.0362181
vn -0.458953 -0.0560659 -0.88669
v -0.000701206 -0.0781209 -0.0273549
vn -0.508969 -0.0767293 -0.857358
v 0.014826 -0.0774799 -0.0362181
vn -0.458953 -0.0560659 -0.88669
v -0.00497647 -0.086115 -0.0206922
vn -0.543104 -0.407089 -0.734381
v -0.000701206 -0.0781209 -0.0273549
vn -0.508969 -0.0767293 -0.857358
v 0.014826 -0.0774799 -0.0362181
vn -0.458953 -0.0560659 -0.88669
v 0.00973005 -0.0855167 -0.0300205
vn -0.450287 -0.378519 -0.808681
v -0.00497647 -0.086115 -0.0206922
vn -0.543104 -0.407089 -0.734381
v 0.00973005 -0.0855167 -0.0300205
vn -0.450287 -0.378519 -0.808681
v -0.00267997 -0.0996669 -0.0135717
vn -0.351754 -0.883597 -0.309071
v -0.00497647 -0.086115 -0.0206922
vn -0.543104 -0.407089 -0.734381
v 0.00973005 -0.0855167 -0.0300205
vn -0.450287 -0.378519 -0.808681
v 0.0118352 -0.0998081 -0.0238396
vn -0.195585 -0.870976 -0.450719
v -0.00267997 -0.0996669 -0.0135717
vn -0.351754 -0.883597 -0.309071
v 0.0118352 -0.0998081 -0.0238396
vn -0.195585 -0.870976 -0.450719
v 0.00304936 -0.0979887 -0.00318995
vn -0.134467 -0.987386 0.0835857
v -0.00267997 -0.0996669 -0.0135717
vn -0.351754 -0.883597 -0.309071
v 0.0118352 -0.0998081 -0.0238396
vn -0.195585 -0.870976 -0.450719
v 0.0161397 -0.098695 -0.013023
vn 0.0319154 -0.998382 -0.0470565
v 0.00304936 -0.0979887 -0.00318995
vn -0.134467 -0.987386 0.0835857
v 0.00304936 -0.0979887 -0.00318995
vn -0.134467 -0.987386 0.0835857
v -0.000325583 -0.0960802 0.0140726
vn 0.0278634 -0.859971 0.509582
v -0.00824276 -0.0941713 0.00532662
vn -0.267517 -0.944803 0.189163
v 0.00304936 -0.0979887 -0.00318995
vn -0.134467 -0.987386 0.0835857
v 0.0113997 -0.0998674 0.00518645
vn 0.18014 -0.894141 0.409954
v -0.000325583 -0.0960802 0.0140726
vn 0.0278634 -0.859971 0.509582
v 0.0113997 -0.0998674 0.00518645
vn 0.18014 -0.894141 0.409954
v 0.00634498 -0.0837505 0.0187238
vn 0.425938 -0.459518 0.779371
v -0.000325583 -0.0960802 0.0140726
vn 0.0278634 -0.859971 0.509582
v 0.0113997 -0.0998674 0.00518645
vn 0.18014 -0.894141 0.409954
v 0.017734 -0.0864384 0.00956464
vn 0.552103 -0.433056 0.712492
v 0.00634498 -0.0837505 0.0187238
vn 0.425938 -0.459518 0.779371
v 0.017734 -0.0864384 0.00956464
vn 0.552103 -0.433056 0.712492
v 0.0130993 -0.076603 0.0184282
vn 0.619824 -0.109779 0.777025
v 0.00634498 -0.0837505 0.0187238
vn 0.425938 -0.459518 0.779371
v 0.017734 -0.0864384 0.00956464
vn 0.552103 -0.433056 0.712492
v 0.0254075 -0.0784927 0.00742923
vn 0.678406 -0.0785952 0.730471
v 0.0130993 -0.076603 0.0184282
vn 0.619824 -0.109779 0.777025
v 0.0254075 -0.0784927 0.00742923
vn 0.678406 -0.0785952 0.730471
v 0.017038 -0.0652955 0.0105227
vn 0.658237 0.43186 0.61662
v 0.0130993 -0.076603 0.0184282
vn 0.619824 -0.109779 0.777025
v 0.0254075 -0.0784927 0.00742923
vn 0.678406 -0.0785952 0.730471
v 0.0290409 -0.0670934 -0.000646676
vn 0.631374 0.452531 0.629748
v 0.017038 -0.0652955 0.0105227
vn 0.658237 0.43186 0.61662
v 0.0290409 -0.0670934 -0.000646676
vn 0.631374 0.452531 0.629748
v 0.0158683 -0.0552096 3.95904e-05
vn 0.457127 0.847574 0.269544
v 0.017038 -0.0652955 0.0105227
vn 0.658237 0.43186 0.61662
v 0.0290409 -0.0670934 -0.000646676
vn 0.631374 0.452531 0.629748
v 0.026853 -0.0572055 -0.00951104
vn 0.382592 0.874995 0.296661
v 0.0158683 -0.0552096 3.95904e-05
vn 0.457127 0.847574 0.269544
v 0.026853 -0.0572055 -0.00951104
vn 0.382592 0.874995 0.296661
v 0.0137498 -0.0550299 -0.0107623
vn 0.150763 0.983072 -0.104114
v 0.0158683 -0.0552096 3.95904e-05
vn 0.457127 0.847574 0.269544
v 0.026853 -0.0572055 -0.00951104
vn 0.382592 0.874995 0.296661
v 0.0257331 -0.0572696 -0.0197808
vn 0.0727764 0.995978 -0.0522589
v 0.0137498 -0.0550299 -0.0107623
vn 0.150763 0.983072 -0.104114
v 0.0257331 -0.0572696 -0.0197808
vn 0.0727764 0.995978 -0.0522589
v 0.00396833 -0.0550401 -0.0158146
vn -0.119673 0.856274 -0.502467
v 0.0137498 -0.0550299 -0.0107623
vn 0.150763 0.983072 -0.104114
v 0.0257331 -0.0572696 -0.0197808
vn 0.0727764 0.995978 -0.0522589
v 0.0161861 -0.0570536 -0.0237223
vn -0.16588 0.885204 -0.434624
v 0.00396833 -0.0550401 -0.0158146
vn -0.119673 0.856274 -0.502467
v 0.0161861 -0.0570536 -0.0237223
vn -0.16588 0.885204 -0.434624
v -0.0058737 -0.0649692 -0.0200023
vn -0.40487 0.437589 -0.802868
v 0.00396833 -0.0550401 -0.0158146
vn -0.119673 0.856274 -0.502467
v 0.0161861 -0.0570536 -0.0237223
vn -0.16588 0.885204 -0.434624
v 0.00818473 -0.0667964 -0.0284331
vn -0.423263 0.458153 -0.781629
v -0.0058737 -0.0649692 -0.0200023
vn -0.40487 0.437589 -0.802868
v 0.00818473 -0.0667964 -0.0284331
vn -0.423263 0.458153 -0.781629
v -0.0146803 -0.0762073 -0.0185822
vn -0.567584 -0.113893 -0.815399
v -0.0058737 -0.0649692 -0.0200023
vn -0.40487 0.437589 -0.802868
v 0.00818473 -0.0667964 -0.0284331
vn -0.423263 0.458153 -0.781629
v -0.000701206 -0.0781209 -0.0273549
vn -0.508969 -0.0767293 -0.857358
v -0.0146803 -0.0762073 -0.0185822
vn -0.567584 -0.113893 -0.815399
v -0.000701206 -0.0781209 -0.0273549
vn -0.508969 -0.0767293 -0.857358
v -0.0169242 -0.083419 -0.0122774
vn -0.62856 -0.437752 -0.642873
v -0.0146803 -0.0762073 -0.0185822
vn -0.567584 -0.113893 -0.815399
v -0.000701206 -0.0781209 -0.0273549
vn -0.508969 -0.0767293 -0.857358
v -0.00497647 -0.086115 -0.0206922
vn -0.543104 -0.407089 -0.734381
v -0.0169242 -0.083419 -0.0122774
vn -0.62856 -0.437752 -0.642873
v -0.00497647 -0.086115 -0.0206922
vn -0.543104 -0.407089 -0.734381
v -0.0144483 -0.095879 -0.00474281
vn -0.48488 -0.853208 -0.192166
v -0.0169242 -0.083419 -0.0122774
vn -0.62856 -0.437752 -0.642873
v -0.00497647 -0.086115 -0.0206922
vn -0.543104 -0.407089 -0.734381
v -0.00267997 -0.0996669 -0.0135717
vn -0.351754 -0.883597 -0.309071
v -0.0144483 -0.095879 -0.00474281
vn -0.48488 -0.853208 -0.192166
v -0.00267997 -0.0996669 -0.0135717
vn -0.351754 -0.883597 -0.309071
v -0.00824276 -0.0941713 0.00532662
vn -0.267517 -0.944803 0.189163
v -0.0144483 -0.095879 -0.00474281
vn -0.48488 -0.853208 -0.192166
v -0.00267997 -0.0996669 -0.0135717
vn -0.351754 -0.883597 -0.309071
v 0.00304936 -0.0979887 -0.00318995
vn -0.134467 -0.987386 0.0835857
v -0.00824276 -0.0941713 0.00532662
vn -0.267517 -0.944803 0.189163
v -0.00824276 -0.0941713 0.00532662
vn -0.267517 -0.944803 0.189163
v -0.0113489 -0.0903137 0.0224083
vn -0.0601552 -0.812027 0.580512
v -0.0190176 -0.0885348 0.0134744
vn -0.363807 -0.893422 0.263519
v -0.00824276 -0.0941713 0.00532662
vn -0.267517 -0.944803 0.189163
v -0.000325583 -0.0960802 0.0140726
vn 0.0278634 -0.859971 0.509582
v -0.0113489 -0.0903137 0.0224083
vn -0.0601552 -0.812027 0.580512
v -0.000325583 -0.0960802 0.0140726
vn 0.0278634 -0.859971 0.509582
v -0.00335238 -0.0786776 0.0260567
vn 0.342553 -0.44826 0.825664
v -0.0113489 -0.0903137 0.0224083
vn -0.0601552 -0.812027 0.580512
v -0.000325583 -0.0960802 0.0140726
vn 0.0278634 -0.859971 0.509582
v 0.00634498 -0.0837505 0.0187238
vn 0.425938 -0.459518 0.779371
v -0.00335238 -0.0786776 0.0260567
vn 0.342553 -0.44826 0.825664
v 0.00634498 -0.0837505 0.0187238
vn 0.425938 -0.459518 0.779371
v 0.00305137 -0.0721648 0.0265026
vn 0.56158 -0.120293 0.818631
v -0.00335238 -0.0786776 0.0260567
vn 0.342553 -0.44826 0.825664
v 0.00634498 -0.0837505 0.0187238
vn 0.425938 -0.459518 0.779371
v 0.0130993 -0.076603 0.0184282
vn 0.619824 -0.109779 0.777025
v 0.00305137 -0.0721648 0.0265026
vn 0.56158 -0.120293 0.818631
v 0.0130993 -0.076603 0.0184282
vn 0.619824 -0.109779 0.777025
v 0.00625998 -0.0615624 0.0199357
vn 0.69225 0.4057 0.596822
v 0.00305137 -0.0721648 0.0265026
vn 0.56158 -0.120293 0.818631
v 0.0130993 -0.076603 0.0184282
vn 0.619824 -0.109779 0.777025
v 0.017038 -0.0652955 0.0105227
vn 0.658237 0.43186 0.61662
v 0.00625998 -0.0615624 0.0199357
vn 0.69225 0.4057 0.596822
v 0.017038 -0.0652955 0.0105227
vn 0.658237 0.43186 0.61662
v 0.00550605 -0.0517756 0.00879312
vn 0.543614 0.809078 0.223332
v 0.00625998 -0.0615624 0.0199357
vn 0.69225 0.4057 0.596822
v 0.017038 -0.0652955 0.0105227
vn 0.658237 0.43186 0.61662
v 0.0158683 -0.0552096 3.95904e-05
vn 0.457127 0.847574 0.269544
v 0.00550605 -0.0517756 0.00879312
vn 0.543614 0.809078 0.223332
v 0.0158683 -0.0552096 3.95904e-05
vn 0.457127 0.847574 0.269544
v 0.00238372 -0.0514053 -0.00219232
vn 0.246153 0.954049 -0.170879
v 0.00550605 -0.0517756 0.00879312
vn 0.543614 0.809078 0.223332
v 0.0158683 -0.0552096 3.95904e-05
vn 0.457127 0.847574 0.269544
v 0.0137498 -0.0550299 -0.0107623
vn 0.150763 0.983072 -0.104114
v 0.00238372 -0.0514053 -0.00219232
vn 0.246153 0.954049 -0.170879
v 0.0137498 -0.0550299 -0.0107623
vn 0.150763 0.983072 -0.104114
v -0.00729551 -0.0515933 -0.0082622
vn -0.0504944 0.816584 -0.575014
v 0.00238372 -0.0514053 -0.00219232
vn 0.246153 0.954049 -0.170879
v 0.0137498 -0.0550299 -0.0107623
vn 0.150763 0.983072 -0.104114
v 0.00396833 -0.0550401 -0.0158146
vn -0.119673 0.856274 -0.502467
v -0.00729551 -0.0515933 -0.0082622
vn -0.0504944 0.816584 -0.575014
v 0.00396833 -0.0550401 -0.0158146
vn -0.119673 0.856274 -0.502467
v -0.0178838 -0.0612186 -0.0122307
vn -0.377406 0.40992 -0.830379
v -0.00729551 -0.0515933 -0.0082622
vn -0.0504944 0.816584 -0.575014
v 0.00396833 -0.0550401 -0.0158146
vn -0.119673 0.856274 -0.502467
v -0.0058737 -0.0649692 -0.0200023
vn -0.40487 0.437589 -0.802868
v -0.0178838 -0.0612186 -0.0122307
vn -0.377406 0.40992 -0.830379
v -0.0058737 -0.0649692 -0.0200023
vn -0.40487 0.437589 -0.802868
v -0.025194 -0.0717626 -0.0111283
vn -0.623013 -0.115533 -0.773632
v -0.0178838 -0.0612186 -0.0122307
vn -0.377406 0.40992 -0.830379
v -0.0058737 -0.0649692 -0.0200023
vn -0.40487 0.437589 -0.802868
v -0.0146803 -0.0762073 -0.0185822
vn -0.567584 -0.113893 -0.815399
v -0.025194 -0.0717626 -0.0111283
vn -0.623013 -0.115533 -0.773632
v -0.0146803 -0.0762073 -0.0185822
vn -0.567584 -0.113893 -0.815399
v -0.0266215 -0.0783462 -0.00494441
vn -0.696725 -0.431943 -0.572713
v -0.025194 -0.0717626 -0.0111283
vn -0.623013 -0.115533 -0.773632
v -0.0146803 -0.0762073 -0.0185822
vn -0.567584 -0.113893 -0.815399
v -0.0169242 -0.083419 -0.0122774
vn -0.62856 -0.437752 -0.642873
v -0.0266215 -0.0783462 -0.00494441
vn -0.696725 -0.431943 -0.572713
v -0.0169242 -0.083419 -0.0122774
vn -0.62856 -0.437752 -0.642873
v -0.0254716 -0.0901125 0.00359283
vn -0.582511 -0.804587 -0.115415
v -0.0266215 -0.0783462 -0.00494441
vn -0.696725 -0.431943 -0.572713
v -0.0169242 -0.083419 -0.0122774
vn -0.62856 -0.437752 -0.642873
v -0.0144483 -0.095879 -0.00474281
vn -0.48488 -0.853208 -0.192166
v -0.0254716 -0.0901125 0.00359283
vn -0.582511 -0.804587 -0.115415
v -0.0144483 -0.095879 -0.00474281
vn -0.48488 -0.853208 -0.192166
v -0.0190176 -0.0885348 0.0134744
vn -0.363807 -0.893422 0.263519
v -0.0254716 -0.0901125 0.00359283
vn -0.582511 -0.804587 -0.115415
v -0.0144483 -0.095879 -0.00474281
vn -0.48488 -0.853208 -0.192166
v -0.00824276 -0.0941713 0.00532662
vn -0.267517 -0.944803 0.189163
v -0.0190176 -0.0885348 0.0134744
vn -0.363807 -0.893422 0.263519
v -0.0190176 -0.0885348 0.0134744
vn -0.363807 -0.893422 0.263519
v -0.0216667 -0.0827927 0.0302331
vn -0.138716 -0.751503 0.644981
v -0.0291028 -0.0811833 0.0211228
vn -0.453209 -0.827541 0.331327
v -0.0190176 -0.0885348 0.0134744
vn -0.363807 -0.893422 0.263519
v -0.0113489 -0.0903137 0.0224083
vn -0.0601552 -0.812027 0.580512
v -0.0216667 -0.0827927 0.0302331
vn -0.138716 -0.751503 0.644981
v -0.0113489 -0.0903137 0.0224083
vn -0.0601552 -0.812027 0.580512
v -0.012429 -0.0720613 0.0329403
vn 0.299054 -0.41514 0.859201
v -0.0216667 -0.0827927 0.0302331
vn -0.138716 -0.751503 0.644981
v -0.0113489 -0.0903137 0.0224083
vn -0.0601552 -0.812027 0.580512
v -0.00335238 -0.0786776 0.0260567
vn 0.342553 -0.44826 0.825664
v -0.012429 -0.0720613 0.0329403
vn 0.299054 -0.41514 0.859201
v -0.00335238 -0.0786776 0.0260567
vn 0.342553 -0.44826 0.825664
v -0.00543011 -0.0659824 0.0329348
vn 0.544031 -0.10709 0.832203
v -0.012429 -0.0720613 0.0329403
vn 0.299054 -0.41514 0.859201
v -0.00335238 -0.0786776 0.0260567
vn 0.342553 -0.44826 0.825664
v 0.00305137 -0.0721648 0.0265026
vn 0.56158 -0.120293 0.818631
v -0.00543011 -0.0659824 0.0329348
vn 0.544031 -0.10709 0.832203
v 0.00305137 -0.0721648 0.0265026
vn 0.56158 -0.120293 0.818631
v -0.00202488 -0.056192 0.0265422
vn 0.736224 0.381196 0.559163
v -0.00543011 -0.0659824 0.0329348
vn 0.544031 -0.10709 0.832203
v 0.00305137 -0.0721648 0.0265026
vn 0.56158 -0.120293 0.818631
v 0.00625998 -0.0615624 0.0199357
vn 0.69225 0.4057 0.596822
v -0.00202488 -0.056192 0.0265422
vn 0.736224 0.381196 0.559163
v 0.00625998 -0.0615624 0.0199357
vn 0.69225 0.4057 0.596822
v -0.00326832 -0.0470334 0.0159674
vn 0.650245 0.745925 0.144145
v -0.00202488 -0.056192 0.0265422
vn 0.736224 0.381196 0.559163
v 0.00625998 -0.0615624 0.0199357
vn 0.69225 0.4057 0.596822
v 0.00550605 -0.0517756 0.00879312
vn 0.543614 0.809078 0.223332
v -0.00326832 -0.0470334 0.0159674
vn 0.650245 0.745925 0.144145
v 0.00550605 -0.0517756 0.00879312
vn 0.543614 0.809078 0.223332
v -0.00740171 -0.0464915 0.00520505
vn 0.370009 0.892304 -0.258624
v -0.00326832 -0.0470334 0.0159674
vn 0.650245 0.745925 0.144145
v 0.00550605 -0.0517756 0.00879312
vn 0.543614 0.809078 0.223332
v 0.00238372 -0.0514053 -0.00219232
vn 0.246153 0.954049 -0.170879
v -0.00740171 -0.0464915 0.00520505
vn 0.370009 0.892304 -0.258624
v 0.00238372 -0.0514053 -0.00219232
vn 0.246153 0.954049 -0.170879
v -0.0165861 -0.0468437 -0.00177564
vn 0.0503987 0.752732 -0.656396
v -0.00740171 -0.0464915 0.00520505
vn 0.370009 0.892304 -0.258624
v 0.00238372 -0.0514053 -0.00219232
vn 0.246153 0.954049 -0.170879
v -0.00729551 -0.0515933 -0.0082622
vn -0.0504944 0.816584 -0.575014
v -0.0165861 -0.0468437 -0.00177564
vn 0.0503987 0.752732 -0.656396
v -0.00729551 -0.0515933 -0.0082622
vn -0.0504944 0.816584 -0.575014
v -0.0264861 -0.0558436 -0.00604705
vn -0.332826 0.391026 -0.858094
v -0.0165861 -0.0468437 -0.00177564
vn 0.0503987 0.752732 -0.656396
v -0.00729551 -0.0515933 -0.0082622
vn -0.0504944 0.816584 -0.575014
v -0.0178838 -0.0612186 -0.0122307
vn -0.377406 0.40992 -0.830379
v -0.0264861 -0.0558436 -0.00604705
vn -0.332826 0.391026 -0.858094
v -0.0178838 -0.0612186 -0.0122307
vn -0.377406 0.40992 -0.830379
v -0.0336755 -0.0655801 -0.0046961
vn -0.647355 -0.08989 -0.756869
v -0.0264861 -0.0558436 -0.00604705
vn -0.332826 0.391026 -0.858094
v -0.0178838 -0.0612186 -0.0122307
vn -0.377406 0.40992 -0.830379
v -0.025194 -0.0717626 -0.0111283
vn -0.623013 -0.115533 -0.773632
v -0.0336755 -0.0655801 -0.0046961
vn -0.647355 -0.08989 -0.756869
v -0.025194 -0.0717626 -0.0111283
vn -0.623013 -0.115533 -0.773632
v -0.0356982 -0.0717299 0.00193918
vn -0.745681 -0.40026 -0.532684
v -0.0336755 -0.0655801 -0.0046961
vn -0.647355 -0.08989 -0.756869
v -0.025194 -0.0717626 -0.0111283
vn -0.623013 -0.115533 -0.773632
v -0.0266215 -0.0783462 -0.00494441
vn -0.696725 -0.431943 -0.572713
v -0.0356982 -0.0717299 0.00193918
vn -0.745681 -0.40026 -0.532684
v -0.0266215 -0.0783462 -0.00494441
vn -0.696725 -0.431943 -0.572713
v -0.0357894 -0.0825916 0.0114177
vn -0.665734 -0.743997 -0.0571567
v -0.0356982 -0.0717299 0.00193918
vn -0.745681 -0.40026 -0.532684
v -0.0266215 -0.0783462 -0.00494441
vn -0.696725 -0.431943 -0.572713
v -0.0254716 -0.0901125 0.00359283
vn -0.582511 -0.804587 -0.115415
v -0.0357894 -0.0825916 0.0114177
vn -0.665734 -0.743997 -0.0571567
v -0.0254716 -0.0901125 0.00359283
vn -0.582511 -0.804587 -0.115415
v -0.0291028 -0.0811833 0.0211228
vn -0.453209 -0.827541 0.331327
v -0.0357894 -0.0825916 0.0114177
vn -0.665734 -0.743997 -0.0571567
v -0.0254716 -0.0901125 0.00359283
vn -0.582511 -0.804587 -0.115415
v -0.0190176 -0.0885348 0.0134744
vn -0.363807 -0.893422 0.263519
v -0.0291028 -0.0811833 0.0211228
vn -0.453209 -0.827541 0.331327
v -0.0291028 -0.0811833 0.0211228
vn -0.453209 -0.827541 0.331327
v -0.0311023 -0.073646 0.0374132
vn -0.210582 -0.678508 0.703763
v -0.0383258 -0.0722428 0.0281411
vn -0.53489 -0.747702 0.39349
v -0.0291028 -0.0811833 0.0211228
vn -0.453209 -0.827541 0.331327
v -0.0216667 -0.0827927 0.0302331
vn -0.138716 -0.751503 0.644981
v -0.0311023 -0.073646 0.0374132
vn -0.210582 -0.678508 0.703763
v -0.0216667 -0.0827927 0.0302331
vn -0.138716 -0.751503 0.644981
v -0.0207297 -0.0640148 0.0392568
vn 0.259256 -0.375442 0.889848
v -0.0311023 -0.073646 0.0374132
vn -0.210582 -0.678508 0.703763
v -0.0216667 -0.0827927 0.0302331
vn -0.138716 -0.751503 0.644981
v -0.012429 -0.0720613 0.0329403
vn 0.299054 -0.41514 0.859201
v -0.0207297 -0.0640148 0.0392568
vn 0.259256 -0.375442 0.889848
v -0.012429 -0.0720613 0.0329403
vn 0.299054 -0.41514 0.859201
v -0.0131865 -0.0584635 0.038837
vn 0.536313 -0.0948238 0.838676
v -0.0207297 -0.0640148 0.0392568
vn 0.259256 -0.375442 0.889848
v -0.012429 -0.0720613 0.0329403
vn 0.299054 -0.41514 0.859201
v -0.00543011 -0.0659824 0.0329348
vn 0.544031 -0.10709 0.832203
v -0.0131865 -0.0584635 0.038837
vn 0.536313 -0.0948238 0.838676
v -0.00543011 -0.0659824 0.0329348
vn 0.544031 -0.10709 0.832203
v -0.00881171 -0.049613 0.0317067
vn 0.780592 0.349274 0.518347
v -0.0131865 -0.0584635 0.038837
vn 0.536313 -0.0948238 0.838676
v -0.00543011 -0.0659824 0.0329348
vn 0.544031 -0.10709 0.832203
v -0.00202488 -0.056192 0.0265422
vn 0.736224 0.381196 0.559163
v -0.00881171 -0.049613 0.0317067
vn 0.780592 0.349274 0.518347
v -0.00202488 -0.056192 0.0265422
vn 0.736224 0.381196 0.559163
v -0.00967092 -0.0413501 0.0209554
vn 0.750169 0.6594 0.049372
v -0.00881171 -0.049613 0.0317067
vn 0.780592 0.349274 0.518347
v -0.00202488 -0.056192 0.0265422
vn 0.736224 0.381196 0.559163
v -0.00326832 -0.0470334 0.0159674
vn 0.650245 0.745925 0.144145
v -0.00967092 -0.0413501 0.0209554
vn 0.750169 0.6594 0.049372
v -0.00326832 -0.0470334 0.0159674
vn 0.650245 0.745925 0.144145
v -0.0147474 -0.0406209 0.0107814
vn 0.507626 0.780767 -0.364306
v -0.00967092 -0.0413501 0.0209554
vn 0.750169 0.6594 0.049372
v -0.00326832 -0.0470334 0.0159674
vn 0.650245 0.745925 0.144145
v -0.00740171 -0.0464915 0.00520505
vn 0.370009 0.892304 -0.258624
v -0.0147474 -0.0406209 0.0107814
vn 0.507626 0.780767 -0.364306
v -0.00740171 -0.0464915 0.00520505
vn 0.370009 0.892304 -0.258624
v -0.0231054 -0.0411587 0.00305691
vn 0.162298 0.671776 -0.722756
v -0.0147474 -0.0406209 0.0107814
vn 0.507626 0.780767 -0.364306
v -0.00740171 -0.0464915 0.00520505
vn 0.370009 0.892304 -0.258624
v -0.0165861 -0.0468437 -0.00177564
vn 0.0503987 0.752732 -0.656396
v -0.0231054 -0.0411587 0.00305691
vn 0.162298 0.671776 -0.722756
v -0.0165861 -0.0468437 -0.00177564
vn 0.0503987 0.752732 -0.656396
v -0.0332729 -0.0492646 -0.000882589
vn -0.279568 0.363986 -0.888457
v -0.0231054 -0.0411587 0.00305691
vn 0.162298 0.671776 -0.722756
v -0.0165861 -0.0468437 -0.00177564
vn 0.0503987 0.752732 -0.656396
v -0.0264861 -0.0558436 -0.00604705
vn -0.332826 0.391026 -0.858094
v -0.0332729 -0.0492646 -0.000882589
vn -0.279568 0.363986 -0.888457
v -0.0264861 -0.0558436 -0.00604705
vn -0.332826 0.391026 -0.858094
v -0.0414319 -0.0580612 0.00120613
vn -0.656414 -0.0778366 -0.750375
v -0.0332729 -0.0492646 -0.000882589
vn -0.279568 0.363986 -0.888457
v -0.0264861 -0.0558436 -0.00604705
vn -0.332826 0.391026 -0.858094
v -0.0336755 -0.0655801 -0.0046961
vn -0.647355 -0.08989 -0.756869
v -0.0414319 -0.0580612 0.00120613
vn -0.656414 -0.0778366 -0.750375
v -0.0336755 -0.0655801 -0.0046961
vn -0.647355 -0.08989 -0.756869
v -0.0439989 -0.0636834 0.00825561
vn -0.785816 -0.360557 -0.502485
v -0.0414319 -0.0580612 0.00120613
vn -0.656414 -0.0778366 -0.750375
v -0.0336755 -0.0655801 -0.0046961
vn -0.647355 -0.08989 -0.756869
v -0.0356982 -0.0717299 0.00193918
vn -0.745681 -0.40026 -0.532684
v -0.0439989 -0.0636834 0.00825561
vn -0.785816 -0.360557 -0.502485
v -0.0356982 -0.0717299 0.00193918
vn -0.745681 -0.40026 -0.532684
v -0.045225 -0.0734448 0.0185978
vn -0.741497 -0.670947 -0.0035679
v -0.0439989 -0.0636834 0.00825561
vn -0.785816 -0.360557 -0.502485
v -0.0356982 -0.0717299 0.00193918
vn -0.745681 -0.40026 -0.532684
v -0.0357894 -0.0825916 0.0114177
vn -0.665734 -0.743997 -0.0571567
v -0.045225 -0.0734448 0.0185978
vn -0.741497 -0.670947 -0.0035679
v -0.0357894 -0.0825916 0.0114177
vn -0.665734 -0.743997 -0.0571567
v -0.0383258 -0.0722428 0.0281411
vn -0.53489 -0.747702 0.39349
v -0.045225 -0.0734448 0.0185978
vn -0.741497 -0.670947 -0.0035679
v -0.0357894 -0.0825916 0.0114177
vn -0.665734 -0.743997 -0.0571567
v -0.0291028 -0.0811833 0.0211228
vn -0.453209 -0.827541 0.331327
v -0.0383258 -0.0722428 0.0281411
vn -0.53489 -0.747702 0.39349
v -0.0383258 -0.0722428 0.0281411
vn -0.53489 -0.747702 0.39349
v -0.0394945 -0.0630298 0.0438258
vn -0.274597 -0.594283 0.755926
v -0.0465288 -0.0618659 0.0344091
vn -0.607493 -0.655267 0.448973
v -0.0383258 -0.0722428 0.0281411
vn -0.53489 -0.747702 0.39349
v -0.0311023 -0.073646 0.0374132
vn -0.210582 -0.678508 0.703763
v -0.0394945 -0.0630298 0.0438258
vn -0.274597 -0.594283 0.755926
v -0.0311023 -0.073646 0.0374132
vn -0.210582 -0.678508 0.703763
v -0.0281124 -0.0546757 0.044898
vn 0.223819 -0.329752 0.917152
v -0.0394945 -0.0630298 0.0438258
vn -0.274597 -0.594283 0.755926
v -0.0311023 -0.073646 0.0374132
vn -0.210582 -0.678508 0.703763
v -0.0207297 -0.0640148 0.0392568
vn 0.259256 -0.375442 0.889848
v -0.0281124 -0.0546757 0.044898
vn 0.223819 -0.329752 0.917152
v -0.0207297 -0.0640148 0.0392568
vn 0.259256 -0.375442 0.889848
v -0.0200851 -0.0497368 0.0441083
vn 0.529682 -0.0822159 0.844202
v -0.0281124 -0.0546757 0.044898
vn 0.223819 -0.329752 0.917152
v -0.0207297 -0.0640148 0.0392568
vn 0.259256 -0.375442 0.889848
v -0.0131865 -0.0584635 0.038837
vn 0.536313 -0.0948238 0.838676
v -0.0200851 -0.0497368 0.0441083
vn 0.529682 -0.0822159 0.844202
v -0.0131865 -0.0584635 0.038837
vn 0.536313 -0.0948238 0.838676
v -0.014848 -0.0419771 0.0363191
vn 0.816372 0.3069 0.489233
v -0.0200851 -0.0497368 0.0441083
vn 0.529682 -0.0822159 0.844202
v -0.0131865 -0.0584635 0.038837
vn 0.536313 -0.0948238 0.838676
v -0.00881171 -0.049613 0.0317067
vn 0.780592 0.349274 0.518347
v -0.014848 -0.0419771 0.0363191
vn 0.816372 0.3069 0.489233
v -0.00881171 -0.049613 0.0317067
vn 0.780592 0.349274 0.518347
v -0.0148125 -0.0348459 0.0248842
vn 0.821444 0.57022 -0.0089214
v -0.014848 -0.0419771 0.0363191
vn 0.816372 0.3069 0.489233
v -0.00881171 -0.049613 0.0317067
vn 0.780592 0.349274 0.518347
v -0.00967092 -0.0413501 0.0209554
vn 0.750169 0.6594 0.049372
v -0.0148125 -0.0348459 0.0248842
vn 0.821444 0.57022 -0.0089214
v -0.00967092 -0.0413501 0.0209554
vn 0.750169 0.6594 0.049372
v -0.0199494 -0.0340701 0.014756
vn 0.604478 0.659698 -0.446547
v -0.0148125 -0.0348459 0.0248842
vn 0.821444 0.57022 -0.0089214
v -0.00967092 -0.0413501 0.0209554
vn 0.750169 0.6594 0.049372
v -0.0147474 -0.0406209 0.0107814
vn 0.507626 0.780767 -0.364306
v -0.0199494 -0.0340701 0.014756
vn 0.604478 0.659698 -0.446547
v -0.0147474 -0.0406209 0.0107814
vn 0.507626 0.780767 -0.364306
v -0.028247 -0.0346546 0.00698569
vn 0.243645 0.578793 -0.778226
v -0.0199494 -0.0340701 0.014756
vn 0.604478 0.659698 -0.446547
v -0.0147474 -0.0406209 0.0107814
vn 0.507626 0.780767 -0.364306
v -0.0231054 -0.0411587 0.00305691
vn 0.162298 0.671776 -0.722756
v -0.028247 -0.0346546 0.00698569
vn 0.243645 0.578793 -0.778226
v -0.0231054 -0.0411587 0.00305691
vn 0.162298 0.671776 -0.722756
v -0.0393092 -0.0416287 0.00372981
vn -0.238548 0.321925 -0.91622
v -0.028247 -0.0346546 0.00698569
vn 0.243645 0.578793 -0.778226
v -0.0231054 -0.0411587 0.00305691
vn 0.162298 0.671776 -0.722756
v -0.0332729 -0.0492646 -0.000882589
vn -0.279568 0.363986 -0.888457
v -0.0393092 -0.0416287 0.00372981
vn -0.238548 0.321925 -0.91622
v -0.0332729 -0.0492646 -0.000882589
vn -0.279568 0.363986 -0.888457
v -0.0483305 -0.0493345 0.00647745
vn -0.663443 -0.0652228 -0.745379
v -0.0393092 -0.0416287 0.00372981
vn -0.238548 0.321925 -0.91622
v -0.0332729 -0.0492646 -0.000882589
vn -0.279568 0.363986 -0.888457
v -0.0414319 -0.0580612 0.00120613
vn -0.656414 -0.0778366 -0.750375
v -0.0483305 -0.0493345 0.00647745
vn -0.663443 -0.0652228 -0.745379
v -0.0414319 -0.0580612 0.00120613
vn -0.656414 -0.0778366 -0.750375
v -0.0513816 -0.0543443 0.0138968
vn -0.821462 -0.314865 -0.475458
v -0.0483305 -0.0493345 0.00647745
vn -0.663443 -0.0652228 -0.745379
v -0.0414319 -0.0580612 0.00120613
vn -0.656414 -0.0778366 -0.750375
v -0.0439989 -0.0636834 0.00825561
vn -0.785816 -0.360557 -0.502485
v -0.0513816 -0.0543443 0.0138968
vn -0.821462 -0.314865 -0.475458
v -0.0439989 -0.0636834 0.00825561
vn -0.785816 -0.360557 -0.502485
v -0.0536172 -0.0628287 0.0250104
vn -0.808598 -0.586678 0.0444851
v -0.0513816 -0.0543443 0.0138968
vn -0.821462 -0.314865 -0.475458
v -0.0439989 -0.0636834 0.00825561
vn -0.785816 -0.360557 -0.502485
v -0.045225 -0.0734448 0.0185978
vn -0.741497 -0.670947 -0.0035679
v -0.0536172 -0.0628287 0.0250104
vn -0.808598 -0.586678 0.0444851
v -0.045225 -0.0734448 0.0185978
vn -0.741497 -0.670947 -0.0035679
v -0.0465288 -0.0618659 0.0344091
vn -0.607493 -0.655267 0.448973
v -0.0536172 -0.0628287 0.0250104
vn -0.808598 -0.586678 0.0444851
v -0.045225 -0.0734448 0.0185978
vn -0.741497 -0.670947 -0.0035679
v -0.0383258 -0.0722428 0.0281411
vn -0.53489 -0.747702 0.39349
v -0.0465288 -0.0618659 0.0344091
vn -0.607493 -0.655267 0.448973
v -0.0465288 -0.0618659 0.0344091
vn -0.607493 -0.655267 0.448973
v -0.0466995 -0.0511261 0.0493611
vn -0.329737 -0.500236 0.800648
v -0.0535714 -0.0502306 0.0398196
vn -0.669811 -0.551805 0.496855
v -0.0465288 -0.0618659 0.0344091
vn -0.607493 -0.655267 0.448973
v -0.0394945 -0.0630298 0.0438258
vn -0.274597 -0.594283 0.755926
v -0.0466995 -0.0511261 0.0493611
vn -0.329737 -0.500236 0.800648
v -0.0394945 -0.0630298 0.0438258
vn -0.274597 -0.594283 0.755926
v -0.0344508 -0.0442038 0.0497674
vn 0.193345 -0.278769 0.940694
v -0.0466995 -0.0511261 0.0493611
vn -0.329737 -0.500236 0.800648
v -0.0394945 -0.0630298 0.0438258
vn -0.274597 -0.594283 0.755926
v -0.0281124 -0.0546757 0.044898
vn 0.223819 -0.329752 0.917152
v -0.0344508 -0.0442038 0.0497674
vn 0.193345 -0.278769 0.940694
v -0.0281124 -0.0546757 0.044898
vn 0.223819 -0.329752 0.917152
v -0.0260078 -0.0399516 0.0486585
vn 0.524027 -0.0693296 0.848875
v -0.0344508 -0.0442038 0.0497674
vn 0.193345 -0.278769 0.940694
v -0.0281124 -0.0546757 0.044898
vn 0.223819 -0.329752 0.917152
v -0.0200851 -0.0497368 0.0441083
vn 0.529682 -0.0822159 0.844202
v -0.0260078 -0.0399516 0.0486585
vn 0.524027 -0.0693296 0.848875
v -0.0200851 -0.0497368 0.0441083
vn 0.529682 -0.0822159 0.844202
v -0.0200303 -0.033415 0.0403005
vn 0.847455 0.255432 0.465376
v -0.0260078 -0.0399516 0.0486585
vn 0.524027 -0.0693296 0.848875
v -0.0200851 -0.0497368 0.0441083
vn 0.529682 -0.0822159 0.844202
v -0.014848 -0.0419771 0.0363191
vn 0.816372 0.3069 0.489233
v -0.0200303 -0.033415 0.0403005
vn 0.847455 0.255432 0.465376
v -0.014848 -0.0419771 0.0363191
vn 0.816372 0.3069 0.489233
v -0.0192268 -0.0275529 0.0282755
vn 0.886627 0.459943 -0.0484237
v -0.0200303 -0.033415 0.0403005
vn 0.847455 0.255432 0.465376
v -0.014848 -0.0419771 0.0363191
vn 0.816372 0.3069 0.489233
v -0.0148125 -0.0348459 0.0248842
vn 0.821444 0.57022 -0.0089214
v -0.0192268 -0.0275529 0.0282755
vn 0.886627 0.459943 -0.0484237
v -0.0148125 -0.0348459 0.0248842
vn 0.821444 0.57022 -0.0089214
v -0.0243919 -0.0267009 0.0181693
vn 0.680308 0.525418 -0.510996
v -0.0192268 -0.0275529 0.0282755
vn 0.886627 0.459943 -0.0484237
v -0.0148125 -0.0348459 0.0248842
vn 0.821444 0.57022 -0.0089214
v -0.0199494 -0.0340701 0.014756
vn 0.604478 0.659698 -0.446547
v -0.0243919 -0.0267009 0.0181693
vn 0.680308 0.525418 -0.510996
v -0.0199494 -0.0340701 0.014756
vn 0.604478 0.659698 -0.446547
v -0.0326612 -0.0273616 0.010377
vn 0.298007 0.475153 -0.827902
v -0.0243919 -0.0267009 0.0181693
vn 0.680308 0.525418 -0.510996
v -0.0199494 -0.0340701 0.014756
vn 0.604478 0.659698 -0.446547
v -0.028247 -0.0346546 0.00698569
vn 0.243645 0.578793 -0.778226
v -0.0326612 -0.0273616 0.010377
vn 0.298007 0.475153 -0.827902
v -0.028247 -0.0346546 0.00698569
vn 0.243645 0.578793 -0.778226
v -0.0444915 -0.0330666 0.00771117
vn -0.206504 0.273077 -0.939566
v -0.0326612 -0.0273616 0.010377
vn 0.298007 0.475153 -0.827902
v -0.028247 -0.0346546 0.00698569
vn 0.243645 0.578793 -0.778226
v -0.0393092 -0.0416287 0.00372981
vn -0.238548 0.321925 -0.91622
v -0.0444915 -0.0330666 0.00771117
vn -0.206504 0.273077 -0.939566
v -0.0393092 -0.0416287 0.00372981
vn -0.238548 0.321925 -0.91622
v -0.0542531 -0.0395494 0.0110276
vn -0.669376 -0.0523323 -0.741078
v -0.0444915 -0.0330666 0.00771117
vn -0.206504 0.273077 -0.939566
v -0.0393092 -0.0416287 0.00372981
vn -0.238548 0.321925 -0.91622
v -0.0483305 -0.0493345 0.00647745
vn -0.663443 -0.0652228 -0.745379
v -0.0542531 -0.0395494 0.0110276
vn -0.669376 -0.0523323 -0.741078
v -0.0483305 -0.0493345 0.00647745
vn -0.663443 -0.0652228 -0.745379
v -0.0577199 -0.0438724 0.0187663
vn -0.852054 -0.26388 -0.452074
v -0.0542531 -0.0395494 0.0110276
vn -0.669376 -0.0523323 -0.741078
v -0.0483305 -0.0493345 0.00647745
vn -0.663443 -0.0652228 -0.745379
v -0.0513816 -0.0543443 0.0138968
vn -0.821462 -0.314865 -0.475458
v -0.0577199 -0.0438724 0.0187663
vn -0.852054 -0.26388 -0.452074
v -0.0513816 -0.0543443 0.0138968
vn -0.821462 -0.314865 -0.475458
v -0.0608222 -0.050925 0.0305456
vn -0.865974 -0.492599 0.0862276
v -0.0577199 -0.0438724 0.0187663
vn -0.852054 -0.26388 -0.452074
v -0.0513816 -0.0543443 0.0138968
vn -0.821462 -0.314865 -0.475458
v -0.0536172 -0.0628287 0.0250104
vn -0.808598 -0.586678 0.0444851
v -0.0608222 -0.050925 0.0305456
vn -0.865974 -0.492599 0.0862276
v -0.0536172 -0.0628287 0.0250104
vn -0.808598 -0.586678 0.0444851
v -0.0535714 -0.0502306 0.0398196
vn -0.669811 -0.551805 0.496855
v -0.0608222 -0.050925 0.0305456
vn -0.865974 -0.492599 0.0862276
v -0.0536172 -0.0628287 0.0250104
vn -0.808598 -0.586678 0.0444851
v -0.0465288 -0.0618659 0.0344091
vn -0.607493 -0.655267 0.448973
v -0.0535714 -0.0502306 0.0398196
vn -0.669811 -0.551805 0.496855
v -0.0535714 -0.0502306 0.0398196
vn -0.669811 -0.551805 0.496855
v -0.0525941 -0.0381385 0.0539243
vn -0.375118 -0.397915 0.837228
v -0.0593331 -0.0375357 0.04428
vn -0.72081 -0.439058 0.53634
v -0.0535714 -0.0502306 0.0398196
vn -0.669811 -0.551805 0.496855
v -0.0466995 -0.0511261 0.0493611
vn -0.329737 -0.500236 0.800648
v -0.0525941 -0.0381385 0.0539243
vn -0.375118 -0.397915 0.837228
v -0.0466995 -0.0511261 0.0493611
vn -0.329737 -0.500236 0.800648
v -0.0396363 -0.0327784 0.0537818
vn 0.168361 -0.223295 0.960101
v -0.0525941 -0.0381385 0.0539243
vn -0.375118 -0.397915 0.837228
v -0.0466995 -0.0511261 0.0493611
vn -0.329737 -0.500236 0.800648
v -0.0344508 -0.0442038 0.0497674
vn 0.193345 -0.278769 0.940694
v -0.0396363 -0.0327784 0.0537818
vn 0.168361 -0.223295 0.960101
v -0.0344508 -0.0442038 0.0497674
vn 0.193345 -0.278769 0.940694
v -0.0308533 -0.0292754 0.0524096
vn 0.519557 -0.0552852 0.852645
v -0.0396363 -0.0327784 0.0537818
vn 0.168361 -0.223295 0.960101
v -0.0344508 -0.0442038 0.0497674
vn 0.193345 -0.278769 0.940694
v -0.0260078 -0.0399516 0.0486585
vn 0.524027 -0.0693296 0.848875
v -0.0308533 -0.0292754 0.0524096
vn 0.519557 -0.0552852 0.852645
v -0.0260078 -0.0399516 0.0486585
vn 0.524027 -0.0693296 0.848875
v -0.0242701 -0.0240734 0.0435827
vn 0.869465 0.193668 0.454449
v -0.0308533 -0.0292754 0.0524096
vn 0.519557 -0.0552852 0.852645
v -0.0260078 -0.0399516 0.0486585
vn 0.524027 -0.0693296 0.848875
v -0.0200303 -0.033415 0.0403005
vn 0.847455 0.255432 0.465376
v -0.0242701 -0.0240734 0.0435827
vn 0.869465 0.193668 0.454449
v -0.0200303 -0.033415 0.0403005
vn 0.847455 0.255432 0.465376
v -0.0228596 -0.0188704 0.0309919
vn 0.943388 0.323755 -0.072129
v -0.0242701 -0.0240734 0.0435827
vn 0.869465 0.193668 0.454449
v -0.0200303 -0.033415 0.0403005
vn 0.847455 0.255432 0.465376
v -0.0192268 -0.0275529 0.0282755
vn 0.886627 0.459943 -0.0484237
v -0.0228596 -0.0188704 0.0309919
vn 0.943388 0.323755 -0.072129
v -0.0192268 -0.0275529 0.0282755
vn 0.886627 0.459943 -0.0484237
v -0.0279972 -0.0170588 0.0209785
vn 0.74748 0.346924 -0.566496
v -0.0228596 -0.0188704 0.0309919
vn 0.943388 0.323755 -0.072129
v -0.0192268 -0.0275529 0.0282755
vn 0.886627 0.459943 -0.0484237
v -0.0243919 -0.0267009 0.0181693
vn 0.680308 0.525418 -0.510996
v -0.0279972 -0.0170588 0.0209785
vn 0.74748 0.346924 -0.566496
v -0.0243919 -0.0267009 0.0181693
vn 0.680308 0.525418 -0.510996
v -0.036195 -0.0186805 0.0132253
vn 0.336425 0.332738 -0.880967
v -0.0279972 -0.0170588 0.0209785
vn 0.74748 0.346924 -0.566496
v -0.0243919 -0.0267009 0.0181693
vn 0.680308 0.525418 -0.510996
v -0.0326612 -0.0273616 0.010377
vn 0.298007 0.475153 -0.827902
v -0.036195 -0.0186805 0.0132253
vn 0.336425 0.332738 -0.880967
v -0.0326612 -0.0273616 0.010377
vn 0.298007 0.475153 -0.827902
v -0.0487314 -0.023725 0.0109934
vn -0.185434 0.211746 -0.959572
v -0.036195 -0.0186805 0.0132253
vn 0.336425 0.332738 -0.880967
v -0.0326612 -0.0273616 0.010377
vn 0.298007 0.475153 -0.827902
v -0.0444915 -0.0330666 0.00771117
vn -0.206504 0.273077 -0.939566
v -0.0487314 -0.023725 0.0109934
vn -0.185434 0.211746 -0.959572
v -0.0444915 -0.0330666 0.00771117
vn -0.206504 0.273077 -0.939566
v -0.0590986 -0.0288732 0.0147787
vn -0.674314 -0.0391795 -0.737405
v -0.0487314 -0.023725 0.0109934
vn -0.185434 0.211746 -0.959572
v -0.0444915 -0.0330666 0.00771117
vn -0.206504 0.273077 -0.939566
v -0.0542531 -0.0395494 0.0110276
vn -0.669376 -0.0523323 -0.741078
v -0.0590986 -0.0288732 0.0147787
vn -0.674314 -0.0391795 -0.737405
v -0.0542531 -0.0395494 0.0110276
vn -0.669376 -0.0523323 -0.741078
v -0.0629055 -0.032447 0.0227806
vn -0.877096 -0.208405 -0.432746
v -0.0590986 -0.0288732 0.0147787
vn -0.674314 -0.0391795 -0.737405
v -0.0542531 -0.0395494 0.0110276
vn -0.669376 -0.0523323 -0.741078
v -0.0577199 -0.0438724 0.0187663
vn -0.852054 -0.26388 -0.452074
v -0.0629055 -0.032447 0.0227806
vn -0.877096 -0.208405 -0.432746
v -0.0577199 -0.0438724 0.0187663
vn -0.852054 -0.26388 -0.452074
v -0.0667168 -0.0379373 0.0351089
vn -0.912722 -0.390258 0.120986
v -0.0629055 -0.032447 0.0227806
vn -0.877096 -0.208405 -0.432746
v -0.0577199 -0.0438724 0.0187663
vn -0.852054 -0.26388 -0.452074
v -0.0608222 -0.050925 0.0305456
vn -0.865974 -0.492599 0.0862276
v -0.0667168 -0.0379373 0.0351089
vn -0.912722 -0.390258 0.120986
v -0.0608222 -0.050925 0.0305456
vn -0.865974 -0.492599 0.0862276
v -0.0593331 -0.0375357 0.04428
vn -0.72081 -0.439058 0.53634
v -0.0667168 -0.0379373 0.0351089
vn -0.912722 -0.390258 0.120986
v -0.0608222 -0.050925 0.0305456
vn -0.865974 -0.492599 0.0862276
v -0.0535714 -0.0502306 0.0398196
vn -0.669811 -0.551805 0.496855
v -0.0593331 -0.0375357 0.04428
vn -0.72081 -0.439058 0.53634
v -0.0593331 -0.0375357 0.04428
vn -0.72081 -0.439058 0.53634
v -0.0570774 -0.0242889 0.0574375
vn -0.410011 -0.288993 0.865086
v -0.0637153 -0.0239983 0.047714
vn -0.759644 -0.31892 0.566772
v -0.0593331 -0.0375357 0.04428
vn -0.72081 -0.439058 0.53634
v -0.0525941 -0.0381385 0.0539243
vn -0.375118 -0.397915 0.837228
v -0.0570774 -0.0242889 0.0574375
vn -0.410011 -0.288993 0.865086
v -0.0525941 -0.0381385 0.0539243
vn -0.375118 -0.397915 0.837228
v -0.0435803 -0.0205948 0.0568724
vn 0.153546 -0.156721 0.975634
v -0.0570774 -0.0242889 0.0574375
vn -0.410011 -0.288993 0.865086
v -0.0525941 -0.0381385 0.0539243
vn -0.375118 -0.397915 0.837228
v -0.0396363 -0.0327784 0.0537818
vn 0.168361 -0.223295 0.960101
v -0.0435803 -0.0205948 0.0568724
vn 0.153546 -0.156721 0.975634
v -0.0396363 -0.0327784 0.0537818
vn 0.168361 -0.223295 0.960101
v -0.0345387 -0.0178908 0.0552975
vn 0.510091 -0.0260164 0.859727
v -0.0435803 -0.0205948 0.0568724
vn 0.153546 -0.156721 0.975634
v -0.0396363 -0.0327784 0.0537818
vn 0.168361 -0.223295 0.960101
v -0.0308533 -0.0292754 0.0524096
vn 0.519557 -0.0552852 0.852645
v -0.0345387 -0.0178908 0.0552975
vn 0.510091 -0.0260164 0.859727
v -0.0308533 -0.0292754 0.0524096
vn 0.519557 -0.0552852 0.852645
v -0.0274816 -0.0130394 0.0458305
vn 0.884136 0.137398 0.446571
v -0.0345387 -0.0178908 0.0552975
vn 0.510091 -0.0260164 0.859727
v -0.0308533 -0.0292754 0.0524096
vn 0.519557 -0.0552852 0.852645
v -0.0242701 -0.0240734 0.0435827
vn 0.869465 0.193668 0.454449
v -0.0274816 -0.0130394 0.0458305
vn 0.884136 0.137398 0.446571
v -0.0242701 -0.0240734 0.0435827
vn 0.869465 0.193668 0.454449
v -0.0255913 -0.00751482 0.0327073
vn 0.976875 0.19136 -0.0953766
v -0.0274816 -0.0130394 0.0458305
vn 0.884136 0.137398 0.446571
v -0.0242701 -0.0240734 0.0435827
vn 0.869465 0.193668 0.454449
v -0.0228596 -0.0188704 0.0309919
vn 0.943388 0.323755 -0.072129
v -0.0255913 -0.00751482 0.0327073
vn 0.976875 0.19136 -0.0953766
v -0.0228596 -0.0188704 0.0309919
vn 0.943388 0.323755 -0.072129
v -0.0305343 -0.00488634 0.0230129
vn 0.784009 0.189199 -0.591214
v -0.0255913 -0.00751482 0.0327073
vn 0.976875 0.19136 -0.0953766
v -0.0228596 -0.0188704 0.0309919
vn 0.943388 0.323755 -0.072129
v -0.0279972 -0.0170588 0.0209785
vn 0.74748 0.346924 -0.566496
v -0.0305343 -0.00488634 0.0230129
vn 0.784009 0.189199 -0.591214
v -0.0279972 -0.0170588 0.0209785
vn 0.74748 0.346924 -0.566496
v -0.0384885 -0.00733113 0.0155245
vn 0.36596 0.196945 -0.909553
v -0.0305343 -0.00488634 0.0230129
vn 0.784009 0.189199 -0.591214
v -0.0279972 -0.0170588 0.0209785
vn 0.74748 0.346924 -0.566496
v -0.036195 -0.0186805 0.0132253
vn 0.336425 0.332738 -0.880967
v -0.0384885 -0.00733113 0.0155245
vn 0.36596 0.196945 -0.909553
v -0.036195 -0.0186805 0.0132253
vn 0.336425 0.332738 -0.880967
v -0.0516734 -0.0126948 0.0136002
vn -0.169534 0.149976 -0.974046
v -0.0384885 -0.00733113 0.0155245
vn 0.36596 0.196945 -0.909553
v -0.036195 -0.0186805 0.0132253
vn 0.336425 0.332738 -0.880967
v -0.0487314 -0.023725 0.0109934
vn -0.185434 0.211746 -0.959572
v -0.0516734 -0.0126948 0.0136002
vn -0.169534 0.149976 -0.974046
v -0.0487314 -0.023725 0.0109934
vn -0.185434 0.211746 -0.959572
v -0.0627841 -0.0174885 0.0176666
vn -0.67825 -0.0169037 -0.734637
v -0.0516734 -0.0126948 0.0136002
vn -0.169534 0.149976 -0.974046
v -0.0487314 -0.023725 0.0109934
vn -0.185434 0.211746 -0.959572
v -0.0590986 -0.0288732 0.0147787
vn -0.674314 -0.0391795 -0.737405
v -0.0627841 -0.0174885 0.0176666
vn -0.67825 -0.0169037 -0.734637
v -0.0590986 -0.0288732 0.0147787
vn -0.674314 -0.0391795 -0.737405
v -0.0668495 -0.0202634 0.0258713
vn -0.896176 -0.149335 -0.417812
v -0.0627841 -0.0174885 0.0176666
vn -0.67825 -0.0169037 -0.734637
v -0.0590986 -0.0288732 0.0147787
vn -0.674314 -0.0391795 -0.737405
v -0.0629055 -0.032447 0.0227806
vn -0.877096 -0.208405 -0.432746
v -0.0668495 -0.0202634 0.0258713
vn -0.896176 -0.149335 -0.417812
v -0.0629055 -0.032447 0.0227806
vn -0.877096 -0.208405 -0.432746
v -0.0712001 -0.0240878 0.0386221
vn -0.948098 -0.28133 0.148201
v -0.0668495 -0.0202634 0.0258713
vn -0.896176 -0.149335 -0.417812
v -0.0629055 -0.032447 0.0227806
vn -0.877096 -0.208405 -0.432746
v -0.0667168 -0.0379373 0.0351089
vn -0.912722 -0.390258 0.120986
v -0.0712001 -0.0240878 0.0386221
vn -0.948098 -0.28133 0.148201
v -0.0667168 -0.0379373 0.0351089
vn -0.912722 -0.390258 0.120986
v -0.0637153 -0.0239983 0.047714
vn -0.759644 -0.31892 0.566772
v -0.0712001 -0.0240878 0.0386221
vn -0.948098 -0.28133 0.148201
v -0.0667168 -0.0379373 0.0351089
vn -0.912722 -0.390258 0.120986
v -0.0593331 -0.0375357 0.04428
vn -0.72081 -0.439058 0.53634
v -0.0637153 -0.0239983 0.047714
vn -0.759644 -0.31892 0.566772
v -0.0637153 -0.0239983 0.047714
vn -0.759644 -0.31892 0.566772
v -0.0600728 -0.00981474 0.0598405
vn -0.430236 -0.162528 0.887965
v -0.0666431 -0.00985038 0.0500628
vn -0.785149 -0.191717 0.588886
v -0.0637153 -0.0239983 0.047714
vn -0.759644 -0.31892 0.566772
v -0.0570774 -0.0242889 0.0574375
vn -0.410011 -0.288993 0.865086
v -0.0600728 -0.00981474 0.0598405
vn -0.430236 -0.162528 0.887965
v -0.0570774 -0.0242889 0.0574375
vn -0.410011 -0.288993 0.865086
v -0.0462154 -0.00786169 0.0589863
vn 0.162997 -0.0628888 0.98462
v -0.0600728 -0.00981474 0.0598405
vn -0.430236 -0.162528 0.887965
v -0.0570774 -0.0242889 0.0574375
vn -0.410011 -0.288993 0.865086
v -0.0435803 -0.0205948 0.0568724
vn 0.153546 -0.156721 0.975634
v -0.0462154 -0.00786169 0.0589863
vn 0.162997 -0.0628888 0.98462
v -0.0435803 -0.0205948 0.0568724
vn 0.153546 -0.156721 0.975634
v -0.036851 -0.00474369 0.0567619
vn 0.523826 0.0322463 0.851215
v -0.0462154 -0.00786169 0.0589863
vn 0.162997 -0.0628888 0.98462
v -0.0435803 -0.0205948 0.0568724
vn 0.153546 -0.156721 0.975634
v -0.0345387 -0.0178908 0.0552975
vn 0.510091 -0.0260164 0.859727
v -0.036851 -0.00474369 0.0567619
vn 0.523826 0.0322463 0.851215
v -0.0345387 -0.0178908 0.0552975
vn 0.510091 -0.0260164 0.859727
v -0.0294686 0.000973724 0.0463825
vn 0.900525 0.0911533 0.425142
v -0.036851 -0.00474369 0.0567619
vn 0.523826 0.0322463 0.851215
v -0.0345387 -0.0178908 0.0552975
vn 0.510091 -0.0260164 0.859727
v -0.0274816 -0.0130394 0.0458305
vn 0.884136 0.137398 0.446571
v -0.0294686 0.000973724 0.0463825
vn 0.900525 0.0911533 0.425142
v -0.0274816 -0.0130394 0.0458305
vn 0.884136 0.137398 0.446571
v -0.0272574 0.00561573 0.0333012
vn 0.989304 0.08858 -0.115896
v -0.0294686 0.000973724 0.0463825
vn 0.900525 0.0911533 0.425142
v -0.0274816 -0.0130394 0.0458305
vn 0.884136 0.137398 0.446571
v -0.0255913 -0.00751482 0.0327073
vn 0.976875 0.19136 -0.0953766
v -0.0272574 0.00561573 0.0333012
vn 0.989304 0.08858 -0.115896
v -0.0255913 -0.00751482 0.0327073
vn 0.976875 0.19136 -0.0953766
v -0.0318766 0.00885088 0.0241673
vn 0.797518 0.0676802 -0.599487
v -0.0272574 0.00561573 0.0333012
vn 0.989304 0.08858 -0.115896
v -0.0255913 -0.00751482 0.0327073
vn 0.976875 0.19136 -0.0953766
v -0.0305343 -0.00488634 0.0230129
vn 0.784009 0.189199 -0.591214
v -0.0318766 0.00885088 0.0241673
vn 0.797518 0.0676802 -0.599487
v -0.0305343 -0.00488634 0.0230129
vn 0.784009 0.189199 -0.591214
v -0.0393894 0.00578852 0.017138
vn 0.388361 0.0951351 -0.916583
v -0.0318766 0.00885088 0.0241673
vn 0.797518 0.0676802 -0.599487
v -0.0305343 -0.00488634 0.0230129
vn 0.784009 0.189199 -0.591214
v -0.0384885 -0.00733113 0.0155245
vn 0.36596 0.196945 -0.909553
v -0.0393894 0.00578852 0.017138
vn 0.388361 0.0951351 -0.916583
v -0.0384885 -0.00733113 0.0155245
vn 0.36596 0.196945 -0.909553
v -0.0526146 0.00130339 0.0155455
vn -0.146904 0.103403 -0.983731
v -0.0393894 0.00578852 0.017138
vn 0.388361 0.0951351 -0.916583
v -0.0384885 -0.00733113 0.0155245
vn 0.36596 0.196945 -0.909553
v -0.0516734 -0.0126948 0.0136002
vn -0.169534 0.149976 -0.974046
v -0.0526146 0.00130339 0.0155455
vn -0.146904 0.103403 -0.983731
v -0.0516734 -0.0126948 0.0136002
vn -0.169534 0.149976 -0.974046
v -0.064701 -0.00434703 0.0196577
vn -0.660314 0.0438938 -0.749706
v -0.0526146 0.00130339 0.0155455
vn -0.146904 0.103403 -0.983731
v -0.0516734 -0.0126948 0.0136002
vn -0.169534 0.149976 -0.974046
v -0.0627841 -0.0174885 0.0176666
vn -0.67825 -0.0169037 -0.734637
v -0.064701 -0.00434703 0.0196577
vn -0.660314 0.0438938 -0.749706
v -0.0627841 -0.0174885 0.0176666
vn -0.67825 -0.0169037 -0.734637
v -0.0694845 -0.00753026 0.0279852
vn -0.902367 -0.058443 -0.426988
v -0.064701 -0.00434703 0.0196577
vn -0.660314 0.0438938 -0.749706
v -0.0627841 -0.0174885 0.0176666
vn -0.67825 -0.0169037 -0.734637
v -0.0668495 -0.0202634 0.0258713
vn -0.896176 -0.149335 -0.417812
v -0.0694845 -0.00753026 0.0279852
vn -0.902367 -0.058443 -0.426988
v -0.0668495 -0.0202634 0.0258713
vn -0.896176 -0.149335 -0.417812
v -0.0741955 -0.0096136 0.0410251
vn -0.972209 -0.16407 0.167009
v -0.0694845 -0.00753026 0.0279852
vn -0.902367 -0.058443 -0.426988
v -0.0668495 -0.0202634 0.0258713
vn -0.896176 -0.149335 -0.417812
v -0.0712001 -0.0240878 0.0386221
vn -0.948098 -0.28133 0.148201
v -0.0741955 -0.0096136 0.0410251
vn -0.972209 -0.16407 0.167009
v -0.0712001 -0.0240878 0.0386221
vn -0.948098 -0.28133 0.148201
v -0.0666431 -0.00985038 0.0500628
vn -0.785149 -0.191717 0.588886
v -0.0741955 -0.0096136 0.0410251
vn -0.972209 -0.16407 0.167009
v -0.0712001 -0.0240878 0.0386221
vn -0.948098 -0.28133 0.148201
v -0.0637153 -0.0239983 0.047714
vn -0.759644 -0.31892 0.566772
v -0.0666431 -0.00985038 0.0500628
vn -0.785149 -0.191717 0.588886
v -0.0666431 -0.00985038 0.0500628
vn -0.785149 -0.191717 0.588886
v -0.0614378 0.00523874 0.060988
vn -0.422311 0.00556237 0.906434
v -0.0680598 0.00467776 0.0512815
vn -0.796459 -0.0212929 0.604318
v -0.0666431 -0.00985038 0.0500628
vn -0.785149 -0.191717 0.588886
v -0.0600728 -0.00981474 0.0598405
vn -0.430236 -0.162528 0.887965
v -0.0614378 0.00523874 0.060988
vn -0.422311 0.00556237 0.906434
v -0.0600728 -0.00981474 0.0598405
vn -0.430236 -0.162528 0.887965
v -0.0470466 0.00671029 0.0592721
vn 0.206105 0.0492054 0.977292
v -0.0614378 0.00523874 0.060988
vn -0.422311 0.00556237 0.906434
v -0.0600728 -0.00981474 0.0598405
vn -0.430236 -0.162528 0.887965
v -0.0462154 -0.00786169 0.0589863
vn 0.162997 -0.0628888 0.98462
v -0.0470466 0.00671029 0.0592721
vn 0.206105 0.0492054 0.977292
v -0.0462154 -0.00786169 0.0589863
vn 0.162997 -0.0628888 0.98462
v -0.0374331 0.0111614 0.0558916
vn 0.560744 0.0901795 0.823064
v -0.0470466 0.00671029 0.0592721
vn 0.206105 0.0492054 0.977292
v -0.0462154 -0.00786169 0.0589863
vn 0.162997 -0.0628888 0.98462
v -0.036851 -0.00474369 0.0567619
vn 0.523826 0.0322463 0.851215
v -0.0374331 0.0111614 0.0558916
vn 0.560744 0.0901795 0.823064
v -0.036851 -0.00474369 0.0567619
vn 0.523826 0.0322463 0.851215
v -0.0301452 0.0165209 0.0452393
vn 0.91195 0.0551077 0.406583
v -0.0374331 0.0111614 0.0558916
vn 0.560744 0.0901795 0.823064
v -0.036851 -0.00474369 0.0567619
vn 0.523826 0.0322463 0.851215
v -0.0294686 0.000973724 0.0463825
vn 0.900525 0.0911533 0.425142
v -0.0301452 0.0165209 0.0452393
vn 0.91195 0.0551077 0.406583
v -0.0294686 0.000973724 0.0463825
vn 0.900525 0.0911533 0.425142
v -0.0278628 0.0194388 0.0328132
vn 0.99056 0.00681235 -0.136908
v -0.0301452 0.0165209 0.0452393
vn 0.91195 0.0551077 0.406583
v -0.0294686 0.000973724 0.0463825
vn 0.900525 0.0911533 0.425142
v -0.0272574 0.00561573 0.0333012
vn 0.989304 0.08858 -0.115896
v -0.0278628 0.0194388 0.0328132
vn 0.99056 0.00681235 -0.136908
v -0.0272574 0.00561573 0.0333012
vn 0.989304 0.08858 -0.115896
v -0.0320712 0.0231052 0.0244657
vn 0.800106 -0.0299873 -0.599109
v -0.0278628 0.0194388 0.0328132
vn 0.99056 0.00681235 -0.136908
v -0.0272574 0.00561573 0.0333012
vn 0.989304 0.08858 -0.115896
v -0.0318766 0.00885088 0.0241673
vn 0.797518 0.0676802 -0.599487
v -0.0320712 0.0231052 0.0244657
vn 0.800106 -0.0299873 -0.599109
v -0.0318766 0.00885088 0.0241673
vn 0.797518 0.0676802 -0.599487
v -0.0389481 0.0195967 0.0180445
vn 0.407256 0.0137052 -0.913211
v -0.0320712 0.0231052 0.0244657
vn 0.800106 -0.0299873 -0.599109
v -0.0318766 0.00885088 0.0241673
vn 0.797518 0.0676802 -0.599487
v -0.0393894 0.00578852 0.017138
vn 0.388361 0.0951351 -0.916583
v -0.0389481 0.0195967 0.0180445
vn 0.407256 0.0137052 -0.913211
v -0.0393894 0.00578852 0.017138
vn 0.388361 0.0951351 -0.916583
v -0.0515464 0.0168257 0.0167269
vn -0.12726 0.0659014 -0.989678
v -0.0389481 0.0195967 0.0180445
vn 0.407256 0.0137052 -0.913211
v -0.0393894 0.00578852 0.017138
vn 0.388361 0.0951351 -0.916583
v -0.0526146 0.00130339 0.0155455
vn -0.146904 0.103403 -0.983731
v -0.0515464 0.0168257 0.0167269
vn -0.12726 0.0659014 -0.989678
v -0.0526146 0.00130339 0.0155455
vn -0.146904 0.103403 -0.983731
v -0.0638648 0.0115379 0.0206771
vn -0.624457 0.104791 -0.773998
v -0.0515464 0.0168257 0.0167269
vn -0.12726 0.0659014 -0.989678
v -0.0526146 0.00130339 0.0155455
vn -0.146904 0.103403 -0.983731
v -0.064701 -0.00434703 0.0196577
vn -0.660314 0.0438938 -0.749706
v -0.0638648 0.0115379 0.0206771
vn -0.624457 0.104791 -0.773998
v -0.064701 -0.00434703 0.0196577
vn -0.660314 0.0438938 -0.749706
v -0.0698416 0.00703495 0.0289028
vn -0.881806 0.0692468 -0.466501
v -0.0638648 0.0115379 0.0206771
vn -0.624457 0.104791 -0.773998
v -0.064701 -0.00434703 0.0196577
vn -0.660314 0.0438938 -0.749706
v -0.0694845 -0.00753026 0.0279852
vn -0.902367 -0.058443 -0.426988
v -0.0698416 0.00703495 0.0289028
vn -0.881806 0.0692468 -0.466501
v -0.0694845 -0.00753026 0.0279852
vn -0.902367 -0.058443 -0.426988
v -0.075524 0.00543936 0.0422212
vn -0.987074 0.00905294 0.160006
v -0.0698416 0.00703495 0.0289028
vn -0.881806 0.0692468 -0.466501
v -0.0694845 -0.00753026 0.0279852
vn -0.902367 -0.058443 -0.426988
v -0.0741955 -0.0096136 0.0410251
vn -0.972209 -0.16407 0.167009
v -0.075524 0.00543936 0.0422212
vn -0.987074 0.00905294 0.160006
v -0.0741955 -0.0096136 0.0410251
vn -0.972209 -0.16407 0.167009
v -0.0680598 0.00467776 0.0512815
vn -0.796459 -0.0212929 0.604318
v -0.075524 0.00543936 0.0422212
vn -0.987074 0.00905294 0.160006
v -0.0741955 -0.0096136 0.0410251
vn -0.972209 -0.16407 0.167009
v -0.0666431 -0.00985038 0.0500628
vn -0.785149 -0.191717 0.588886
v -0.0680598 0.00467776 0.0512815
vn -0.796459 -0.0212929 0.604318
v -0.0680598 0.00467776 0.0512815
vn -0.796459 -0.0212929 0.604318
v -0.0600557 0.0224677 0.0596013
vn -0.37611 0.200116 0.904707
v -0.0669397 0.0207398 0.0506125
vn -0.780071 0.179289 0.599454
v -0.0680598 0.00467776 0.0512815
vn -0.796459 -0.0212929 0.604318
v -0.0614378 0.00523874 0.060988
vn -0.422311 0.00556237 0.906434
v -0.0600557 0.0224677 0.0596013
vn -0.37611 0.200116 0.904707
v -0.0614378 0.00523874 0.060988
vn -0.422311 0.00556237 0.906434
v -0.0456425 0.0232416 0.0569487
vn 0.245904 0.157835 0.956357
v -0.0600557 0.0224677 0.0596013
vn -0.37611 0.200116 0.904707
v -0.0614378 0.00523874 0.060988
vn -0.422311 0.00556237 0.906434
v -0.0470466 0.00671029 0.0592721
vn 0.206105 0.0492054 0.977292
v -0.0456425 0.0232416 0.0569487
vn 0.245904 0.157835 0.956357
v -0.0470466 0.00671029 0.0592721
vn 0.206105 0.0492054 0.977292
v -0.0364002 0.0278798 0.0529315
vn 0.586068 0.13463 0.798999
v -0.0456425 0.0232416 0.0569487
vn 0.245904 0.157835 0.956357
v -0.0470466 0.00671029 0.0592721
vn 0.206105 0.0492054 0.977292
v -0.0374331 0.0111614 0.0558916
vn 0.560744 0.0901795 0.823064
v -0.0364002 0.0278798 0.0529315
vn 0.586068 0.13463 0.798999
v -0.0374331 0.0111614 0.0558916
vn 0.560744 0.0901795 0.823064
v -0.0296698 0.0321043 0.0426526
vn 0.920455 0.0260489 0.38998
v -0.0364002 0.0278798 0.0529315
vn 0.586068 0.13463 0.798999
v -0.0374331 0.0111614 0.0558916
vn 0.560744 0.0901795 0.823064
v -0.0301452 0.0165209 0.0452393
vn 0.91195 0.0551077 0.406583
v -0.0296698 0.0321043 0.0426526
vn 0.920455 0.0260489 0.38998
v -0.0301452 0.0165209 0.0452393
vn 0.91195 0.0551077 0.406583
v -0.0275701 0.0329806 0.0314074
vn 0.985102 -0.0609156 -0.16082
v -0.0296698 0.0321043 0.0426526
vn 0.920455 0.0260489 0.38998
v -0.0301452 0.0165209 0.0452393
vn 0.91195 0.0551077 0.406583
v -0.0278628 0.0194388 0.0328132
vn 0.99056 0.00681235 -0.136908
v -0.0275701 0.0329806 0.0314074
vn 0.985102 -0.0609156 -0.16082
v -0.0278628 0.0194388 0.0328132
vn 0.99056 0.00681235 -0.136908
v -0.0313241 0.0368635 0.0240521
vn 0.797361 -0.109909 -0.593409
v -0.0275701 0.0329806 0.0314074
vn 0.985102 -0.0609156 -0.16082
v -0.0278628 0.0194388 0.0328132
vn 0.99056 0.00681235 -0.136908
v -0.0320712 0.0231052 0.0244657
vn 0.800106 -0.0299873 -0.599109
v -0.0313241 0.0368635 0.0240521
vn 0.797361 -0.109909 -0.593409
v -0.0320712 0.0231052 0.0244657
vn 0.800106 -0.0299873 -0.599109
v -0.0373775 0.0331202 0.0183411
vn 0.426145 -0.0533396 -0.903081
v -0.0313241 0.0368635 0.0240521
vn 0.797361 -0.109909 -0.593409
v -0.0320712 0.0231052 0.0244657
vn 0.800106 -0.0299873 -0.599109
v -0.0389481 0.0195967 0.0180445
vn 0.407256 0.0137052 -0.913211
v -0.0373775 0.0331202 0.0183411
vn 0.426145 -0.0533396 -0.903081
v -0.0389481 0.0195967 0.0180445
vn 0.407256 0.0137052 -0.913211
v -0.04877 0.0323764 0.0172057
vn -0.110085 0.0360704 -0.993267
v -0.0373775 0.0331202 0.0183411
vn 0.426145 -0.0533396 -0.903081
v -0.0389481 0.0195967 0.0180445
vn 0.407256 0.0137052 -0.913211
v -0.0515464 0.0168257 0.0167269
vn -0.12726 0.0659014 -0.989678
v -0.04877 0.0323764 0.0172057
vn -0.110085 0.0360704 -0.993267
v -0.0515464 0.0168257 0.0167269
vn -0.12726 0.0659014 -0.989678
v -0.0605625 0.028224 0.0207404
vn -0.59864 0.149493 -0.786945
v -0.04877 0.0323764 0.0172057
vn -0.110085 0.0360704 -0.993267
v -0.0515464 0.0168257 0.0167269
vn -0.12726 0.0659014 -0.989678
v -0.0638648 0.0115379 0.0206771
vn -0.624457 0.104791 -0.773998
v -0.0605625 0.028224 0.0207404
vn -0.59864 0.149493 -0.786945
v -0.0638648 0.0115379 0.0206771
vn -0.624457 0.104791 -0.773998
v -0.0670488 0.0235465 0.0284293
vn -0.846772 0.176221 -0.501919
v -0.0605625 0.028224 0.0207404
vn -0.59864 0.149493 -0.786945
v -0.0638648 0.0115379 0.0206771
vn -0.624457 0.104791 -0.773998
v -0.0698416 0.00703495 0.0289028
vn -0.881806 0.0692468 -0.466501
v -0.0670488 0.0235465 0.0284293
vn -0.846772 0.176221 -0.501919
v -0.0698416 0.00703495 0.0289028
vn -0.881806 0.0692468 -0.466501
v -0.0736297 0.022661 0.0415169
vn -0.97092 0.208948 0.116857
v -0.0670488 0.0235465 0.0284293
vn -0.846772 0.176221 -0.501919
v -0.0698416 0.00703495 0.0289028
vn -0.881806 0.0692468 -0.466501
v -0.075524 0.00543936 0.0422212
vn -0.987074 0.00905294 0.160006
v -0.0736297 0.022661 0.0415169
vn -0.97092 0.208948 0.116857
v -0.075524 0.00543936 0.0422212
vn -0.987074 0.00905294 0.160006
v -0.0669397 0.0207398 0.0506125
vn -0.780071 0.179289 0.599454
v -0.0736297 0.022661 0.0415169
vn -0.97092 0.208948 0.116857
v -0.075524 0.00543936 0.0422212
vn -0.987074 0.00905294 0.160006
v -0.0680598 0.00467776 0.0512815
vn -0.796459 -0.0212929 0.604318
v -0.0669397 0.0207398 0.0506125
vn -0.780071 0.179289 0.599454
v -0.0669397 0.0207398 0.0506125
vn -0.780071 0.179289 0.599454
v -0.0557923 0.0405757 0.0554264
vn -0.307764 0.371045 0.876132
v -0.0630225 0.0374745 0.0478511
vn -0.736141 0.372051 0.565398
v -0.0669397 0.0207398 0.0506125
vn -0.780071 0.179289 0.599454
v -0.0600557 0.0224677 0.0596013
vn -0.37611 0.200116 0.904707
v -0.0557923 0.0405757 0.0554264
vn -0.307764 0.371045 0.876132
v -0.0600557 0.0224677 0.0596013
vn -0.37611 0.200116 0.904707
v -0.042241 0.0400235 0.0521518
vn 0.280674 0.246331 0.927655
v -0.0557923 0.0405757 0.0554264
vn -0.307764 0.371045 0.876132
v -0.0600557 0.0224677 0.0596013
vn -0.37611 0.200116 0.904707
v -0.0456425 0.0232416 0.0569487
vn 0.245904 0.157835 0.956357
v -0.042241 0.0400235 0.0521518
vn 0.280674 0.246331 0.927655
v -0.0456425 0.0232416 0.0569487
vn 0.245904 0.157835 0.956357
v -0.0340923 0.0440128 0.0481804
vn 0.600731 0.179188 0.779111
v -0.042241 0.0400235 0.0521518
vn 0.280674 0.246331 0.927655
v -0.0456425 0.0232416 0.0569487
vn 0.245904 0.157835 0.956357
v -0.0364002 0.0278798 0.0529315
vn 0.586068 0.13463 0.798999
v -0.0340923 0.0440128 0.0481804
vn 0.600731 0.179188 0.779111
v -0.0364002 0.0278798 0.0529315
vn 0.586068 0.13463 0.798999
v -0.0283904 0.0464172 0.039067
vn 0.927204 0.00451132 0.374529
v -0.0340923 0.0440128 0.0481804
vn 0.600731 0.179188 0.779111
v -0.0364002 0.0278798 0.0529315
vn 0.586068 0.13463 0.798999
v -0.0296698 0.0321043 0.0426526
vn 0.920455 0.0260489 0.38998
v -0.0283904 0.0464172 0.039067
vn 0.927204 0.00451132 0.374529
v -0.0296698 0.0321043 0.0426526
vn 0.920455 0.0260489 0.38998
v -0.026662 0.0454568 0.0293376
vn 0.974296 -0.118153 -0.191799
v -0.0283904 0.0464172 0.039067
vn 0.927204 0.00451132 0.374529
v -0.0296698 0.0321043 0.0426526
vn 0.920455 0.0260489 0.38998
v -0.0275701 0.0329806 0.0314074
vn 0.985102 -0.0609156 -0.16082
v -0.026662 0.0454568 0.0293376
vn 0.974296 -0.118153 -0.191799
v -0.0275701 0.0329806 0.0314074
vn 0.985102 -0.0609156 -0.16082
v -0.0299565 0.0492581 0.0231581
vn 0.792475 -0.174549 -0.584394
v -0.026662 0.0454568 0.0293376
vn 0.974296 -0.118153 -0.191799
v -0.0275701 0.0329806 0.0314074
vn 0.985102 -0.0609156 -0.16082
v -0.0313241 0.0368635 0.0240521
vn 0.797361 -0.109909 -0.593409
v -0.0299565 0.0492581 0.0231581
vn 0.792475 -0.174549 -0.584394
v -0.0313241 0.0368635 0.0240521
vn 0.797361 -0.109909 -0.593409
v -0.0350085 0.0455757 0.0182177
vn 0.449311 -0.108698 -0.886738
v -0.0299565 0.0492581 0.0231581
vn 0.792475 -0.174549 -0.584394
v -0.0313241 0.0368635 0.0240521
vn 0.797361 -0.109909 -0.593409
v -0.0373775 0.0331202 0.0183411
vn 0.426145 -0.0533396 -0.903081
v -0.0350085 0.0455757 0.0182177
vn 0.449311 -0.108698 -0.886738
v -0.0373775 0.0331202 0.0183411
vn 0.426145 -0.0533396 -0.903081
v -0.044823 0.0466512 0.017174
vn -0.0952694 0.0148987 -0.99534
v -0.0350085 0.0455757 0.0182177
vn 0.449311 -0.108698 -0.886738
v -0.0373775 0.0331202 0.0183411
vn 0.426145 -0.0533396 -0.903081
v -0.04877 0.0323764 0.0172057
vn -0.110085 0.0360704 -0.993267
v -0.044823 0.0466512 0.017174
vn -0.0952694 0.0148987 -0.99534
v -0.04877 0.0323764 0.0172057
vn -0.110085 0.0360704 -0.993267
v -0.0551906 0.0443133 0.0200715
vn -0.578123 0.196435 -0.791951
v -0.044823 0.0466512 0.017174
vn -0.0952694 0.0148987 -0.99534
v -0.04877 0.0323764 0.0172057
vn -0.110085 0.0360704 -0.993267
v -0.0605625 0.028224 0.0207404
vn -0.59864 0.149493 -0.786945
v -0.0551906 0.0443133 0.0200715
vn -0.578123 0.196435 -0.791951
v -0.0605625 0.028224 0.0207404
vn -0.59864 0.149493 -0.786945
v -0.0613208 0.0402952 0.0267321
vn -0.807336 0.263774 -0.527855
v -0.0551906 0.0443133 0.0200715
vn -0.578123 0.196435 -0.791951
v -0.0605625 0.028224 0.0207404
vn -0.59864 0.149493 -0.786945
v -0.0670488 0.0235465 0.0284293
vn -0.846772 0.176221 -0.501919
v -0.0613208 0.0402952 0.0267321
vn -0.807336 0.263774 -0.527855
v -0.0670488 0.0235465 0.0284293
vn -0.846772 0.176221 -0.501919
v -0.0682444 0.0407531 0.0388366
vn -0.915195 0.397002 0.0693435
v -0.0613208 0.0402952 0.0267321
vn -0.807336 0.263774 -0.527855
v -0.0670488 0.0235465 0.0284293
vn -0.846772 0.176221 -0.501919
v -0.0736297 0.022661 0.0415169
vn -0.97092 0.208948 0.116857
v -0.0682444 0.0407531 0.0388366
vn -0.915195 0.397002 0.0693435
v -0.0736297 0.022661 0.0415169
vn -0.97092 0.208948 0.116857
v -0.0630225 0.0374745 0.0478511
vn -0.736141 0.372051 0.565398
v -0.0682444 0.0407531 0.0388366
vn -0.915195 0.397002 0.0693435
v -0.0736297 0.022661 0.0415169
vn -0.97092 0.208948 0.116857
v -0.0669397 0.0207398 0.0506125
vn -0.780071 0.179289 0.599454
v -0.0630225 0.0374745 0.0478511
vn -0.736141 0.372051 0.565398
v -0.0630225 0.0374745 0.0478511
vn -0.736141 0.372051 0.565398
v -0.049025 0.057741 0.0486142
vn -0.263744 0.532919 0.804013
v -0.0549298 0.0547701 0.0419617
vn -0.669933 0.552827 0.495553
v -0.0630225 0.0374745 0.0478511
vn -0.736141 0.372051 0.565398
v -0.0557923 0.0405757 0.0554264
vn -0.307764 0.371045 0.876132
v -0.049025 0.057741 0.0486142
vn -0.263744 0.532919 0.804013
v -0.0557923 0.0405757 0.0554264
vn -0.307764 0.371045 0.876132
v -0.0376364 0.0549896 0.0457123
vn 0.30507 0.32901 0.893691
v -0.049025 0.057741 0.0486142
vn -0.263744 0.532919 0.804013
v -0.0557923 0.0405757 0.0554264
vn -0.307764 0.371045 0.876132
v -0.042241 0.0400235 0.0521518
vn 0.280674 0.246331 0.927655
v -0.0376364 0.0549896 0.0457123
vn 0.30507 0.32901 0.893691
v -0.042241 0.0400235 0.0521518
vn 0.280674 0.246331 0.927655
v -0.0311204 0.0581112 0.0423188
vn 0.605489 0.231539 0.761428
v -0.0376364 0.0549896 0.0457123
vn 0.30507 0.32901 0.893691
v -0.042241 0.0400235 0.0521518
vn 0.280674 0.246331 0.927655
v -0.0340923 0.0440128 0.0481804
vn 0.600731 0.179188 0.779111
v -0.0311204 0.0581112 0.0423188
vn 0.605489 0.231539 0.761428
v -0.0340923 0.0440128 0.0481804
vn 0.600731 0.179188 0.779111
v -0.0267476 0.0584917 0.0350432
vn 0.932769 -0.00518054 0.360437
v -0.0311204 0.0581112 0.0423188
vn 0.605489 0.231539 0.761428
v -0.0340923 0.0440128 0.0481804
vn 0.600731 0.179188 0.779111
v -0.0283904 0.0464172 0.039067
vn 0.927204 0.00451132 0.374529
v -0.0267476 0.0584917 0.0350432
vn 0.932769 -0.00518054 0.360437
v -0.0283904 0.0464172 0.039067
vn 0.927204 0.00451132 0.374529
v -0.0254962 0.0559551 0.0270155
vn 0.958033 -0.166667 -0.233226
v -0.0267476 0.0584917 0.0350432
vn 0.932769 -0.00518054 0.360437
v -0.0283904 0.0464172 0.039067
vn 0.927204 0.00451132 0.374529
v -0.026662 0.0454568 0.0293376
vn 0.974296 -0.118153 -0.191799
v -0.0254962 0.0559551 0.0270155
vn 0.958033 -0.166667 -0.233226
v -0.026662 0.0454568 0.0293376
vn 0.974296 -0.118153 -0.191799
v -0.0283366 0.0596572 0.0220533
vn 0.788224 -0.22635 -0.572249
v -0.0254962 0.0559551 0.0270155
vn 0.958033 -0.166667 -0.233226
v -0.026662 0.0454568 0.0293376
vn 0.974296 -0.118153 -0.191799
v -0.0299565 0.0492581 0.0231581
vn 0.792475 -0.174549 -0.584394
v -0.0283366 0.0596572 0.0220533
vn 0.788224 -0.22635 -0.572249
v -0.0299565 0.0492581 0.0231581
vn 0.792475 -0.174549 -0.584394
v -0.0323455 0.0560527 0.0178902
vn 0.479204 -0.152645 -0.864328
v -0.0283366 0.0596572 0.0220533
vn 0.788224 -0.22635 -0.572249
v -0.0299565 0.0492581 0.0231581
vn 0.792475 -0.174549 -0.584394
v -0.0350085 0.0455757 0.0182177
vn 0.449311 -0.108698 -0.886738
v -0.0323455 0.0560527 0.0178902
vn 0.479204 -0.152645 -0.864328
v -0.0350085 0.0455757 0.0182177
vn 0.449311 -0.108698 -0.886738
v -0.0403768 0.0586858 0.0168853
vn -0.0796976 0.00373175 -0.996812
v -0.0323455 0.0560527 0.0178902
vn 0.479204 -0.152645 -0.864328
v -0.0350085 0.0455757 0.0182177
vn 0.449311 -0.108698 -0.886738
v -0.044823 0.0466512 0.017174
vn -0.0952694 0.0148987 -0.99534
v -0.0403768 0.0586858 0.0168853
vn -0.0796976 0.00373175 -0.996812
v -0.044823 0.0466512 0.017174
vn -0.0952694 0.0148987 -0.99534
v -0.0485878 0.05836 0.0190473
vn -0.56546 0.26238 -0.781928
v -0.0403768 0.0586858 0.0168853
vn -0.0796976 0.00373175 -0.996812
v -0.044823 0.0466512 0.017174
vn -0.0952694 0.0148987 -0.99534
v -0.0551906 0.0443133 0.0200715
vn -0.578123 0.196435 -0.791951
v -0.0485878 0.05836 0.0190473
vn -0.56546 0.26238 -0.781928
v -0.0551906 0.0443133 0.0200715
vn -0.578123 0.196435 -0.791951
v -0.0536981 0.0552184 0.0243135
vn -0.765744 0.343465 -0.543753
v -0.0485878 0.05836 0.0190473
vn -0.56546 0.26238 -0.781928
v -0.0551906 0.0443133 0.0200715
vn -0.578123 0.196435 -0.791951
v -0.0613208 0.0402952 0.0267321
vn -0.807336 0.263774 -0.527855
v -0.0536981 0.0552184 0.0243135
vn -0.765744 0.343465 -0.543753
v -0.0613208 0.0402952 0.0267321
vn -0.807336 0.263774 -0.527855
v -0.0596372 0.0578921 0.0344757
vn -0.829666 0.555173 0.0586312
v -0.0536981 0.0552184 0.0243135
vn -0.765744 0.343465 -0.543753
v -0.0613208 0.0402952 0.0267321
vn -0.807336 0.263774 -0.527855
v -0.0682444 0.0407531 0.0388366
vn -0.915195 0.397002 0.0693435
v -0.0596372 0.0578921 0.0344757
vn -0.829666 0.555173 0.0586312
v -0.0682444 0.0407531 0.0388366
vn -0.915195 0.397002 0.0693435
v -0.0549298 0.0547701 0.0419617
vn -0.669933 0.552827 0.495553
v -0.0596372 0.0578921 0.0344757
vn -0.829666 0.555173 0.0586312
v -0.0682444 0.0407531 0.0388366
vn -0.915195 0.397002 0.0693435
v -0.0630225 0.0374745 0.0478511
vn -0.736141 0.372051 0.565398
v -0.0549298 0.0547701 0.0419617
vn -0.669933 0.552827 0.495553
v -0.0549298 0.0547701 0.0419617
vn -0.669933 0.552827 0.495553
v -0.0413188 0.0714185 0.0405679
vn -0.228047 0.674334 0.702331
v -0.0454414 0.0684757 0.0349863
vn -0.593612 0.680136 0.430162
v -0.0549298 0.0547701 0.0419617
vn -0.669933 0.552827 0.495553
v -0.049025 0.057741 0.0486142
vn -0.263744 0.532919 0.804013
v -0.0413188 0.0714185 0.0405679
vn -0.228047 0.674334 0.702331
v -0.049025 0.057741 0.0486142
vn -0.263744 0.532919 0.804013
v -0.0327714 0.0667863 0.0385746
vn 0.283874 0.42052 0.86173
v -0.0413188 0.0714185 0.0405679
vn -0.228047 0.674334 0.702331
v -0.049025 0.057741 0.0486142
vn -0.263744 0.532919 0.804013
v -0.0376364 0.0549896 0.0457123
vn 0.30507 0.32901 0.893691
v -0.0327714 0.0667863 0.0385746
vn 0.283874 0.42052 0.86173
v -0.0376364 0.0549896 0.0457123
vn 0.30507 0.32901 0.893691
v -0.0282294 0.0689047 0.0364774
vn 0.570954 0.30774 0.761123
v -0.0327714 0.0667863 0.0385746
vn 0.283874 0.42052 0.86173
v -0.0376364 0.0549896 0.0457123
vn 0.30507 0.32901 0.893691
v -0.0311204 0.0581112 0.0423188
vn 0.605489 0.231539 0.761428
v -0.0282294 0.0689047 0.0364774
vn 0.570954 0.30774 0.761123
v -0.0311204 0.0581112 0.0423188
vn 0.605489 0.231539 0.761428
v -0.0251641 0.0680386 0.0309994
vn 0.939861 -0.0476999 0.33821
v -0.0282294 0.0689047 0.0364774
vn 0.570954 0.30774 0.761123
v -0.0311204 0.0581112 0.0423188
vn 0.605489 0.231539 0.761428
v -0.0267476 0.0584917 0.0350432
vn 0.932769 -0.00518054 0.360437
v -0.0251641 0.0680386 0.0309994
vn 0.939861 -0.0476999 0.33821
v -0.0267476 0.0584917 0.0350432
vn 0.932769 -0.00518054 0.360437
v -0.0243847 0.0640825 0.0248019
vn 0.933388 -0.218127 -0.28497
v -0.0251641 0.0680386 0.0309994
vn 0.939861 -0.0476999 0.33821
v -0.0267476 0.0584917 0.0350432
vn 0.932769 -0.00518054 0.360437
v -0.0254962 0.0559551 0.0270155
vn 0.958033 -0.166667 -0.233226
v -0.0243847 0.0640825 0.0248019
vn 0.933388 -0.218127 -0.28497
v -0.0254962 0.0559551 0.0270155
vn 0.958033 -0.166667 -0.233226
v -0.0267932 0.0677247 0.0209811
vn 0.75151 -0.323131 -0.575169
v -0.0243847 0.0640825 0.0248019
vn 0.933388 -0.218127 -0.28497
v -0.0254962 0.0559551 0.0270155
vn 0.958033 -0.166667 -0.233226
v -0.0283366 0.0596572 0.0220533
vn 0.788224 -0.22635 -0.572249
v -0.0267932 0.0677247 0.0209811
vn 0.75151 -0.323131 -0.575169
v -0.0283366 0.0596572 0.0220533
vn 0.788224 -0.22635 -0.572249
v -0.0298263 0.06416 0.0175522
vn 0.516668 -0.188752 -0.835121
v -0.0267932 0.0677247 0.0209811
vn 0.75151 -0.323131 -0.575169
v -0.0283366 0.0596572 0.0220533
vn 0.788224 -0.22635 -0.572249
v -0.0323455 0.0560527 0.0178902
vn 0.479204 -0.152645 -0.864328
v -0.0298263 0.06416 0.0175522
vn 0.516668 -0.188752 -0.835121
v -0.0323455 0.0560527 0.0178902
vn 0.479204 -0.152645 -0.864328
v -0.0359525 0.068191 0.0166273
vn -0.0597649 0.00506436 -0.9982
v -0.0298263 0.06416 0.0175522
vn 0.516668 -0.188752 -0.835121
v -0.0323455 0.0560527 0.0178902
vn 0.479204 -0.152645 -0.864328
v -0.0403768 0.0586858 0.0168853
vn -0.0796976 0.00373175 -0.996812
v -0.0359525 0.068191 0.0166273
vn -0.0597649 0.00506436 -0.9982
v -0.0403768 0.0586858 0.0168853
vn -0.0796976 0.00373175 -0.996812
v -0.0420608 0.0691017 0.01805
vn -0.568786 0.386506 -0.726014
v -0.0359525 0.068191 0.0166273
vn -0.0597649 0.00506436 -0.9982
v -0.0403768 0.0586858 0.0168853
vn -0.0796976 0.00373175 -0.996812
v -0.0485878 0.05836 0.0190473
vn -0.56546 0.26238 -0.781928
v -0.0420608 0.0691017 0.01805
vn -0.568786 0.386506 -0.726014
v -0.0485878 0.05836 0.0190473
vn -0.56546 0.26238 -0.781928
v -0.0453649 0.0669656 0.0217965
vn -0.72847 0.434664 -0.529528
v -0.0420608 0.0691017 0.01805
vn -0.568786 0.386506 -0.726014
v -0.0485878 0.05836 0.0190473
vn -0.56546 0.26238 -0.781928
v -0.0536981 0.0552184 0.0243135
vn -0.765744 0.343465 -0.543753
v -0.0453649 0.0669656 0.0217965
vn -0.72847 0.434664 -0.529528
v -0.0536981 0.0552184 0.0243135
vn -0.765744 0.343465 -0.543753
v -0.0496187 0.0715367 0.02951
vn -0.719276 0.692678 0.0532881
v -0.0453649 0.0669656 0.0217965
vn -0.72847 0.434664 -0.529528
v -0.0536981 0.0552184 0.0243135
vn -0.765744 0.343465 -0.543753
v -0.0596372 0.0578921 0.0344757
vn -0.829666 0.555173 0.0586312
v -0.0496187 0.0715367 0.02951
vn -0.719276 0.692678 0.0532881
v -0.0596372 0.0578921 0.0344757
vn -0.829666 0.555173 0.0586312
v -0.0454414 0.0684757 0.0349863
vn -0.593612 0.680136 0.430162
v -0.0496187 0.0715367 0.02951
vn -0.719276 0.692678 0.0532881
v -0.0596372 0.0578921 0.0344757
vn -0.829666 0.555173 0.0586312
v -0.0549298 0.0547701 0.0419617
vn -0.669933 0.552827 0.495553
v -0.0454414 0.0684757 0.0349863
vn -0.593612 0.680136 0.430162
v -0.0454414 0.0684757 0.0349863
vn -0.593612 0.680136 0.430162
v -0.0344055 0.0802239 0.0329358
vn -0.194257 0.800802 0.566551
v -0.0370952 0.0773923 0.0290093
vn -0.526199 0.767722 0.365674
v -0.0454414 0.0684757 0.0349863
vn -0.593612 0.680136 0.430162
v -0.0413188 0.0714185 0.0405679
vn -0.228047 0.674334 0.702331
v -0.0344055 0.0802239 0.0329358
vn -0.194257 0.800802 0.566551
v -0.0413188 0.0714185 0.0405679
vn -0.228047 0.674334 0.702331
v -0.0287307 0.0752786 0.0324173
vn 0.251805 0.51383 0.820105
v -0.0344055 0.0802239 0.0329358
vn -0.194257 0.800802 0.566551
v -0.0413188 0.0714185 0.0405679
vn -0.228047 0.674334 0.702331
v -0.0327714 0.0667863 0.0385746
vn 0.283874 0.42052 0.86173
v -0.0287307 0.0752786 0.0324173
vn 0.251805 0.51383 0.820105
v -0.0327714 0.0667863 0.0385746
vn 0.283874 0.42052 0.86173
v -0.0261517 0.076799 0.0311572
vn 0.359746 0.546674 0.756128
v -0.0287307 0.0752786 0.0324173
vn 0.251805 0.51383 0.820105
v -0.0327714 0.0667863 0.0385746
vn 0.283874 0.42052 0.86173
v -0.0282294 0.0689047 0.0364774
vn 0.570954 0.30774 0.761123
v -0.0261517 0.076799 0.0311572
vn 0.359746 0.546674 0.756128
v -0.0282294 0.0689047 0.0364774
vn 0.570954 0.30774 0.761123
v -0.0236351 0.0760134 0.0284721
vn 0.880301 0.0558202 0.47112
v -0.0261517 0.076799 0.0311572
vn 0.359746 0.546674 0.756128
v -0.0282294 0.0689047 0.0364774
vn 0.570954 0.30774 0.761123
v -0.0251641 0.0680386 0.0309994
vn 0.939861 -0.0476999 0.33821
v -0.0236351 0.0760134 0.0284721
vn 0.880301 0.0558202 0.47112
v -0.0251641 0.0680386 0.0309994
vn 0.939861 -0.0476999 0.33821
v -0.0234566 0.0698073 0.0229896
vn 0.918726 -0.288094 -0.270082
v -0.0236351 0.0760134 0.0284721
vn 0.880301 0.0558202 0.47112
v -0.0251641 0.0680386 0.0309994
vn 0.939861 -0.0476999 0.33821
v -0.0243847 0.0640825 0.0248019
vn 0.933388 -0.218127 -0.28497
v -0.0234566 0.0698073 0.0229896
vn 0.918726 -0.288094 -0.270082
v -0.0243847 0.0640825 0.0248019
vn 0.933388 -0.218127 -0.28497
v -0.0245183 0.07367 0.0200244
vn 0.707235 -0.404037 -0.580149
v -0.0234566 0.0698073 0.0229896
vn 0.918726 -0.288094 -0.270082
v -0.0243847 0.0640825 0.0248019
vn 0.933388 -0.218127 -0.28497
v -0.0267932 0.0677247 0.0209811
vn 0.75151 -0.323131 -0.575169
v -0.0245183 0.07367 0.0200244
vn 0.707235 -0.404037 -0.580149
v -0.0267932 0.0677247 0.0209811
vn 0.75151 -0.323131 -0.575169
v -0.0277579 0.0698576 0.0172913
vn 0.513348 -0.281897 -0.81056
v -0.0245183 0.07367 0.0200244
vn 0.707235 -0.404037 -0.580149
v -0.0267932 0.0677247 0.0209811
vn 0.75151 -0.323131 -0.575169
v -0.0298263 0.06416 0.0175522
vn 0.516668 -0.188752 -0.835121
v -0.0277579 0.0698576 0.0172913
vn 0.513348 -0.281897 -0.81056
v -0.0298263 0.06416 0.0175522
vn 0.516668 -0.188752 -0.835121
v -0.0323079 0.0750887 0.0164732
vn -0.127632 -0.0273954 -0.991443
v -0.0277579 0.0698576 0.0172913
vn 0.513348 -0.281897 -0.81056
v -0.0298263 0.06416 0.0175522
vn 0.516668 -0.188752 -0.835121
v -0.0359525 0.068191 0.0166273
vn -0.0597649 0.00506436 -0.9982
v -0.0323079 0.0750887 0.0164732
vn -0.127632 -0.0273954 -0.991443
v -0.0359525 0.068191 0.0166273
vn -0.0597649 0.00506436 -0.9982
v -0.0361749 0.0766137 0.0174291
vn -0.603152 0.587836 -0.539126
v -0.0323079 0.0750887 0.0164732
vn -0.127632 -0.0273954 -0.991443
v -0.0359525 0.068191 0.0166273
vn -0.0597649 0.00506436 -0.9982
v -0.0420608 0.0691017 0.01805
vn -0.568786 0.386506 -0.726014
v -0.0361749 0.0766137 0.0174291
vn -0.603152 0.587836 -0.539126
v -0.0420608 0.0691017 0.01805
vn -0.568786 0.386506 -0.726014
v -0.0378178 0.0747741 0.019796
vn -0.714018 0.563928 -0.414927
v -0.0361749 0.0766137 0.0174291
vn -0.603152 0.587836 -0.539126
v -0.0420608 0.0691017 0.01805
vn -0.568786 0.386506 -0.726014
v -0.0453649 0.0669656 0.0217965
vn -0.72847 0.434664 -0.529528
v -0.0378178 0.0747741 0.019796
vn -0.714018 0.563928 -0.414927
v -0.0453649 0.0669656 0.0217965
vn -0.72847 0.434664 -0.529528
v -0.0402975 0.0803372 0.0251223
vn -0.593958 0.804282 0.0185332
v -0.0378178 0.0747741 0.019796
vn -0.714018 0.563928 -0.414927
v -0.0453649 0.0669656 0.0217965
vn -0.72847 0.434664 -0.529528
v -0.0496187 0.0715367 0.02951
vn -0.719276 0.692678 0.0532881
v -0.0402975 0.0803372 0.0251223
vn -0.593958 0.804282 0.0185332
v -0.0496187 0.0715367 0.02951
vn -0.719276 0.692678 0.0532881
v -0.0370952 0.0773923 0.0290093
vn -0.526199 0.767722 0.365674
v -0.0402975 0.0803372 0.0251223
vn -0.593958 0.804282 0.0185332
v -0.0496187 0.0715367 0.02951
vn -0.719276 0.692678 0.0532881
v -0.0454414 0.0684757 0.0349863
vn -0.593612 0.680136 0.430162
v -0.0370952 0.0773923 0.0290093
vn -0.526199 0.767722 0.365674
v -0.0370952 0.0773923 0.0290093
vn -0.526199 0.767722 0.365674
v -0.0298891 0.0844775 0.0268974
vn -0.191127 0.897614 0.39719
v -0.0314202 0.0824334 0.0247573
vn -0.475987 0.829276 0.292809
v -0.0370952 0.0773923 0.0290093
vn -0.526199 0.767722 0.365674
v -0.0344055 0.0802239 0.0329358
vn -0.194257 0.800802 0.566551
v -0.0298891 0.0844775 0.0268974
vn -0.191127 0.897614 0.39719
v -0.0344055 0.0802239 0.0329358
vn -0.194257 0.800802 0.566551
v -0.0255811 0.080486 0.0275281
vn 0.30517 0.612514 0.729177
v -0.0298891 0.0844775 0.0268974
vn -0.191127 0.897614 0.39719
v -0.0344055 0.0802239 0.0329358
vn -0.194257 0.800802 0.566551
v -0.0287307 0.0752786 0.0324173
vn 0.251805 0.51383 0.820105
v -0.0255811 0.080486 0.0275281
vn 0.30517 0.612514 0.729177
v -0.0287307 0.0752786 0.0324173
vn 0.251805 0.51383 0.820105
v -0.0235892 0.0819623 0.0258684
vn 0.257357 0.721955 0.642299
v -0.0255811 0.080486 0.0275281
vn 0.30517 0.612514 0.729177
v -0.0287307 0.0752786 0.0324173
vn 0.251805 0.51383 0.820105
v -0.0261517 0.076799 0.0311572
vn 0.359746 0.546674 0.756128
v -0.0235892 0.0819623 0.0258684
vn 0.257357 0.721955 0.642299
v -0.0261517 0.076799 0.0311572
vn 0.359746 0.546674 0.756128
v -0.0196202 0.0853916 0.0196026
vn 0.54345 0.747248 0.38247
v -0.0235892 0.0819623 0.0258684
vn 0.257357 0.721955 0.642299
v -0.0261517 0.076799 0.0311572
vn 0.359746 0.546674 0.756128
v -0.0236351 0.0760134 0.0284721
vn 0.880301 0.0558202 0.47112
v -0.0196202 0.0853916 0.0196026
vn 0.54345 0.747248 0.38247
v -0.0236351 0.0760134 0.0284721
vn 0.880301 0.0558202 0.47112
v -0.0219239 0.0740241 0.0220151
vn 0.927609 -0.333193 -0.168889
v -0.0196202 0.0853916 0.0196026
vn 0.54345 0.747248 0.38247
v -0.0236351 0.0760134 0.0284721
vn 0.880301 0.0558202 0.47112
v -0.0234566 0.0698073 0.0229896
vn 0.918726 -0.288094 -0.270082
v -0.0219239 0.0740241 0.0220151
vn 0.927609 -0.333193 -0.168889
v -0.0234566 0.0698073 0.0229896
vn 0.918726 -0.288094 -0.270082
v -0.0206172 0.0860128 0.016034
vn 0.224036 0.660412 -0.716703
v -0.0219239 0.0740241 0.0220151
vn 0.927609 -0.333193 -0.168889
v -0.0234566 0.0698073 0.0229896
vn 0.918726 -0.288094 -0.270082
v -0.0245183 0.07367 0.0200244
vn 0.707235 -0.404037 -0.580149
v -0.0206172 0.0860128 0.016034
vn 0.224036 0.660412 -0.716703
v -0.0245183 0.07367 0.0200244
vn 0.707235 -0.404037 -0.580149
v -0.0260537 0.0736537 0.0167306
vn 0.521528 -0.3521 -0.777196
v -0.0206172 0.0860128 0.016034
vn 0.224036 0.660412 -0.716703
v -0.0245183 0.07367 0.0200244
vn 0.707235 -0.404037 -0.580149
v -0.0277579 0.0698576 0.0172913
vn 0.513348 -0.281897 -0.81056
v -0.0260537 0.0736537 0.0167306
vn 0.521528 -0.3521 -0.777196
v -0.0277579 0.0698576 0.0172913
vn 0.513348 -0.281897 -0.81056
v -0.0288758 0.0797542 0.0153633
vn -0.149845 -0.0531555 -0.98728
v -0.0260537 0.0736537 0.0167306
vn 0.521528 -0.3521 -0.777196
v -0.0277579 0.0698576 0.0172913
vn 0.513348 -0.281897 -0.81056
v -0.0323079 0.0750887 0.0164732
vn -0.127632 -0.0273954 -0.991443
v -0.0288758 0.0797542 0.0153633
vn -0.149845 -0.0531555 -0.98728
v -0.0323079 0.0750887 0.0164732
vn -0.127632 -0.0273954 -0.991443
v -0.0319179 0.0811612 0.0168664
vn -0.799226 0.529074 -0.285163
v -0.0288758 0.0797542 0.0153633
vn -0.149845 -0.0531555 -0.98728
v -0.0323079 0.0750887 0.0164732
vn -0.127632 -0.0273954 -0.991443
v -0.0361749 0.0766137 0.0174291
vn -0.603152 0.587836 -0.539126
v -0.0319179 0.0811612 0.0168664
vn -0.799226 0.529074 -0.285163
v -0.0361749 0.0766137 0.0174291
vn -0.603152 0.587836 -0.539126
v -0.0324498 0.0791817 0.0182732
vn -0.754105 0.65098 -0.0868929
v -0.0319179 0.0811612 0.0168664
vn -0.799226 0.529074 -0.285163
v -0.0361749 0.0766137 0.0174291
vn -0.603152 0.587836 -0.539126
v -0.0378178 0.0747741 0.019796
vn -0.714018 0.563928 -0.414927
v -0.0324498 0.0791817 0.0182732
vn -0.754105 0.65098 -0.0868929
v -0.0378178 0.0747741 0.019796
vn -0.714018 0.563928 -0.414927
v -0.0337371 0.0845653 0.0221528
vn -0.498656 0.866701 -0.0131419
v -0.0324498 0.0791817 0.0182732
vn -0.754105 0.65098 -0.0868929
v -0.0378178 0.0747741 0.019796
vn -0.714018 0.563928 -0.414927
v -0.0402975 0.0803372 0.0251223
vn -0.593958 0.804282 0.0185332
v -0.0337371 0.0845653 0.0221528
vn -0.498656 0.866701 -0.0131419
v -0.0402975 0.0803372 0.0251223
vn -0.593958 0.804282 0.0185332
v -0.0314202 0.0824334 0.0247573
vn -0.475987 0.829276 0.292809
v -0.0337371 0.0845653 0.0221528
vn -0.498656 0.866701 -0.0131419
v -0.0402975 0.0803372 0.0251223
vn -0.593958 0.804282 0.0185332
v -0.0370952 0.0773923 0.0290093
vn -0.526199 0.767722 0.365674
v -0.0314202 0.0824334 0.0247573
vn -0.475987 0.829276 0.292809
v -0.0314202 0.0824334 0.0247573
vn -0.475987 0.829276 0.292809
v -0.0264988 0.087176 0.0234456
vn 0.0112419 0.8763 0.481634
v -0.0249855 0.0873053 0.0192856
vn -0.00669432 0.998924 -0.0458913
v -0.0314202 0.0824334 0.0247573
vn -0.475987 0.829276 0.292809
v -0.0298891 0.0844775 0.0268974
vn -0.191127 0.897614 0.39719
v -0.0264988 0.087176 0.0234456
vn 0.0112419 0.8763 0.481634
v -0.0298891 0.0844775 0.0268974
vn -0.191127 0.897614 0.39719
v -0.0209587 0.0860951 0.0186432
vn -0.358591 -0.194618 0.912982
v -0.0264988 0.087176 0.0234456
vn 0.0112419 0.8763 0.481634
v -0.0298891 0.0844775 0.0268974
vn -0.191127 0.897614 0.39719
v -0.0255811 0.080486 0.0275281
vn 0.30517 0.612514 0.729177
v -0.0209587 0.0860951 0.0186432
vn -0.358591 -0.194618 0.912982
v -0.0255811 0.080486 0.0275281
vn 0.30517 0.612514 0.729177
v -0.0207692 0.0859864 0.018927
vn 0.261123 0.865472 0.42752
v -0.0209587 0.0860951 0.0186432
vn -0.358591 -0.194618 0.912982
v -0.0255811 0.080486 0.0275281
vn 0.30517 0.612514 0.729177
v -0.0235892 0.0819623 0.0258684
vn 0.257357 0.721955 0.642299
v -0.0207692 0.0859864 0.018927
vn 0.261123 0.865472 0.42752
v -0.0235892 0.0819623 0.0258684
vn 0.257357 0.721955 0.642299
v -0.0201574 0.0857518 0.0185749
vn 0.568793 0.649475 -0.504635
v -0.0207692 0.0859864 0.018927
vn 0.261123 0.865472 0.42752
v -0.0235892 0.0819623 0.0258684
vn 0.257357 0.721955 0.642299
v -0.0196202 0.0853916 0.0196026
vn 0.54345 0.747248 0.38247
v -0.0201574 0.0857518 0.0185749
vn 0.568793 0.649475 -0.504635
v -0.0196202 0.0853916 0.0196026
vn 0.54345 0.747248 0.38247
v -0.0183597 0.0835691 0.019218
vn 0.99656 -0.0696674 0.044875
v -0.0201574 0.0857518 0.0185749
vn 0.568793 0.649475 -0.504635
v -0.0196202 0.0853916 0.0196026
vn 0.54345 0.747248 0.38247
v -0.0219239 0.0740241 0.0220151
vn 0.927609 -0.333193 -0.168889
v -0.0183597 0.0835691 0.019218
vn 0.99656 -0.0696674 0.044875
v -0.0219239 0.0740241 0.0220151
vn 0.927609 -0.333193 -0.168889
v -0.0206801 0.0860615 0.0166649
vn -0.116027 0.814304 -0.568724
v -0.0183597 0.0835691 0.019218
vn 0.99656 -0.0696674 0.044875
v -0.0219239 0.0740241 0.0220151
vn 0.927609 -0.333193 -0.168889
v -0.0206172 0.0860128 0.016034
vn 0.224036 0.660412 -0.716703
v -0.0206801 0.0860615 0.0166649
vn -0.116027 0.814304 -0.568724
v -0.0206172 0.0860128 0.016034
vn 0.224036 0.660412 -0.716703
v -0.0240733 0.076445 0.0154335
vn 0.558201 -0.577885 -0.595366
v -0.0206801 0.0860615 0.0166649
vn -0.116027 0.814304 -0.568724
v -0.0206172 0.0860128 0.016034
vn 0.224036 0.660412 -0.716703
v -0.0260537 0.0736537 0.0167306
vn 0.521528 -0.3521 -0.777196
v -0.0240733 0.076445 0.0154335
vn 0.558201 -0.577885 -0.595366
v -0.0260537 0.0736537 0.0167306
vn 0.521528 -0.3521 -0.777196
v -0.0246693 0.086904 0.0147418
vn 0.262588 0.562585 -0.78393
v -0.0240733 0.076445 0.0154335
vn 0.558201 -0.577885 -0.595366
v -0.0260537 0.0736537 0.0167306
vn 0.521528 -0.3521 -0.777196
v -0.0288758 0.0797542 0.0153633
vn -0.149845 -0.0531555 -0.98728
v -0.0246693 0.086904 0.0147418
vn 0.262588 0.562585 -0.78393
v -0.0288758 0.0797542 0.0153633
vn -0.149845 -0.0531555 -0.98728
v -0.0278072 0.0872493 0.0155084
vn -0.579176 0.755826 -0.305422
v -0.0246693 0.086904 0.0147418
vn 0.262588 0.562585 -0.78393
v -0.0288758 0.0797542 0.0153633
vn -0.149845 -0.0531555 -0.98728
v -0.0319179 0.0811612 0.0168664
vn -0.799226 0.529074 -0.285163
v -0.0278072 0.0872493 0.0155084
vn -0.579176 0.755826 -0.305422
v -0.0319179 0.0811612 0.0168664
vn -0.799226 0.529074 -0.285163
v -0.0275542 0.0869208 0.0159668
vn -0.512488 0.77573 0.368239
v -0.0278072 0.0872493 0.0155084
vn -0.579176 0.755826 -0.305422
v -0.0319179 0.0811612 0.0168664
vn -0.799226 0.529074 -0.285163
v -0.0324498 0.0791817 0.0182732
vn -0.754105 0.65098 -0.0868929
v -0.0275542 0.0869208 0.0159668
vn -0.512488 0.77573 0.368239
v -0.0324498 0.0791817 0.0182732
vn -0.754105 0.65098 -0.0868929
v -0.0299269 0.0871007 0.0204376
vn -0.419901 0.836224 0.352722
v -0.0275542 0.0869208 0.0159668
vn -0.512488 0.77573 0.368239
v -0.0324498 0.0791817 0.0182732
vn -0.754105 0.65098 -0.0868929
v -0.0337371 0.0845653 0.0221528
vn -0.498656 0.866701 -0.0131419
v -0.0299269 0.0871007 0.0204376
vn -0.419901 0.836224 0.352722
v -0.0337371 0.0845653 0.0221528
vn -0.498656 0.866701 -0.0131419
v -0.0249855 0.0873053 0.0192856
vn -0.00669432 0.998924 -0.0458913
v -0.0299269 0.0871007 0.0204376
vn -0.419901 0.836224 0.352722
v -0.0337371 0.0845653 0.0221528
vn -0.498656 0.866701 -0.0131419
v -0.0314202 0.0824334 0.0247573
vn -0.475987 0.829276 0.292809
v -0.0249855 0.0873053 0.0192856
vn -0.00669432 0.998924 -0.0458913
v 0.0723829 -0.0586947 -0.0523986
vn 0.657635 -0.640104 -0.397218
v 0.0717182 -0.0581966 -0.0539484
vn 0.724057 0.64852 -0.234869
v 0.0719148 -0.0579404 -0.0524603
vn 0.651754 0.75198 -0.098706
v 0.0723829 -0.0586947 -0.0523986
vn 0.657635 -0.640104 -0.397218
v 0.0717532 -0.0582849 -0.0539725
vn 0.707867 -0.597053 -0.377427
v 0.0717182 -0.0581966 -0.0539484
vn 0.724057 0.64852 -0.234869
v 0.0676971 -0.0564839 -0.0534397
vn 0.569403 -0.77599 -0.27133
v 0.0717421 -0.0584338 -0.0543135
vn 0.945671 0.0754516 0.31625
v 0.0720541 -0.0600799 -0.0561112
vn 0.76944 0.0807852 -0.63359
v 0.0676971 -0.0564839 -0.0534397
vn 0.569403 -0.77599 -0.27133
v 0.0680182 -0.0559734 -0.0518603
vn 0.636124 -0.428142 -0.641904
v 0.0717421 -0.0584338 -0.0543135
vn 0.945671 0.0754516 0.31625
v 0.0705755 -0.0568704 -0.0527251
vn 0.572351 -0.819941 0.0105878
v 0.0717837 -0.0584361 -0.0541432
vn -0.272169 -0.317371 0.908405
v 0.0727138 -0.0600027 -0.0541565
vn -0.368264 0.873776 -0.317644
v 0.0705755 -0.0568704 -0.0527251
vn 0.572351 -0.819941 0.0105878
v 0.068217 -0.0560761 -0.0517909
vn 0.179592 0.980749 0.076671
v 0.0717837 -0.0584361 -0.0541432
vn -0.272169 -0.317371 0.908405
v 0.0660544 -0.0546645 -0.0513843
vn 0.0533829 0.974896 0.216168
v 0.0716456 -0.0581769 -0.0542259
vn 0.795736 0.604512 -0.0370058
v 0.0709451 -0.0573303 -0.0551451
vn 0.471631 0.78741 -0.396926
v 0.0660544 -0.0546645 -0.0513843
vn 0.0533829 0.974896 0.216168
v 0.0675454 -0.0560311 -0.0513608
vn 0.253959 0.431631 -0.865563
v 0.0716456 -0.0581769 -0.0542259
vn 0.795736 0.604512 -0.0370058
v 0.0719148 -0.0579404 -0.0524603
vn 0.651754 0.75198 -0.098706
v 0.0676748 -0.0560435 -0.0512007
vn 0.951532 0.16663 0.258499
v 0.0673655 -0.0546856 -0.0496368
vn -0.165535 0.960844 -0.222211
v 0.0719148 -0.0579404 -0.0524603
vn 0.651754 0.75198 -0.098706
v 0.0717182 -0.0581966 -0.0539484
vn 0.724057 0.64852 -0.234869
v 0.0676748 -0.0560435 -0.0512007
vn 0.951532 0.16663 0.258499
v 0.0720541 -0.0600799 -0.0561112
vn 0.76944 0.0807852 -0.63359
v 0.068217 -0.0560761 -0.0517909
vn 0.179592 0.980749 0.076671
v 0.0705755 -0.0568704 -0.0527251
vn 0.572351 -0.819941 0.0105878
v 0.0720541 -0.0600799 -0.0561112
vn 0.76944 0.0807852 -0.63359
v 0.0717421 -0.0584338 -0.0543135
vn 0.945671 0.0754516 0.31625
v 0.068217 -0.0560761 -0.0517909
vn 0.179592 0.980749 0.076671
v 0.0727138 -0.0600027 -0.0541565
vn -0.368264 0.873776 -0.317644
v 0.0682416 -0.0560148 -0.0516018
vn 0.853332 -0.415893 -0.314415
v 0.0699409 -0.0568884 -0.0507921
vn 0.394506 -0.815428 -0.423607
v 0.0727138 -0.0600027 -0.0541565
vn -0.368264 0.873776 -0.317644
v 0.0717837 -0.0584361 -0.0541432
vn -0.272169 -0.317371 0.908405
v 0.0682416 -0.0560148 -0.0516018
vn 0.853332 -0.415893 -0.314415
v 0.0709451 -0.0573303 -0.0551451
vn 0.471631 0.78741 -0.396926
v 0.0716696 -0.0582688 -0.0543003
vn 0.828671 -0.535358 -0.163392
v 0.0711557 -0.0584216 -0.0560433
vn 0.553928 -0.380626 -0.740464
v 0.0709451 -0.0573303 -0.0551451
vn 0.471631 0.78741 -0.396926
v 0.0716456 -0.0581769 -0.0542259
vn 0.795736 0.604512 -0.0370058
v 0.0716696 -0.0582688 -0.0543003
vn 0.828671 -0.535358 -0.163392
v 0.0673655 -0.0546856 -0.0496368
vn -0.165535 0.960844 -0.222211
v 0.0716525 -0.0580975 -0.0540407
vn 0.73771 -0.3558 -0.573751
v 0.0710956 -0.0567753 -0.053609
vn 0.550314 0.68532 -0.476959
v 0.0673655 -0.0546856 -0.0496368
vn -0.165535 0.960844 -0.222211
v 0.0676748 -0.0560435 -0.0512007
vn 0.951532 0.16663 0.258499
v 0.0716525 -0.0580975 -0.0540407
vn 0.73771 -0.3558 -0.573751
v 0.0699409 -0.0568884 -0.0507921
vn 0.394506 -0.815428 -0.423607
v 0.0717532 -0.0582849 -0.0539725
vn 0.707867 -0.597053 -0.377427
v 0.0723829 -0.0586947 -0.0523986
vn 0.657635 -0.640104 -0.397218
v 0.0699409 -0.0568884 -0.0507921
vn 0.394506 -0.815428 -0.423607
v 0.0682416 -0.0560148 -0.0516018
vn 0.853332 -0.415893 -0.314415
v 0.0717532 -0.0582849 -0.0539725
vn 0.707867 -0.597053 -0.377427
v 0.0711557 -0.0584216 -0.0560433
vn 0.553928 -0.380626 -0.740464
v 0.0680182 -0.0559734 -0.0518603
vn 0.636124 -0.428142 -0.641904
v 0.0676971 -0.0564839 -0.0534397
vn 0.569403 -0.77599 -0.27133
v 0.0711557 -0.0584216 -0.0560433
vn 0.553928 -0.380626 -0.740464
v 0.0716696 -0.0582688 -0.0543003
vn 0.828671 -0.535358 -0.163392
v 0.0680182 -0.0559734 -0.0518603
vn 0.636124 -0.428142 -0.641904
v 0.0710956 -0.0567753 -0.053609
vn 0.550314 0.68532 -0.476959
v 0.0675454 -0.0560311 -0.0513608
vn 0.253959 0.431631 -0.865563
v 0.0660544 -0.0546645 -0.0513843
vn 0.0533829 0.974896 0.216168
v 0.0710956 -0.0567753 -0.053609
vn 0.550314 0.68532 -0.476959
v 0.0716525 -0.0580975 -0.0540407
vn 0.73771 -0.3558 -0.573751
v 0.0675454 -0.0560311 -0.0513608
vn 0.253959 0.431631 -0.865563
v -0.021037 0.0861557 0.018301
vn 0.479338 -0.207641 0.852714
v -0.020243 0.0858797 0.0171666
vn -0.929928 0.362361 0.0626781
v -0.0203999 0.0859493 0.0167482
vn -0.362308 0.126839 0.923388
v -0.021037 0.0861557 0.018301
vn 0.479338 -0.207641 0.852714
v -0.0208537 0.0860859 0.0181953
vn -0.476226 0.231034 -0.848429
v -0.020243 0.0858797 0.0171666
vn -0.929928 0.362361 0.0626781
v -0.0209894 0.0860967 0.0187723
vn -0.713337 0.262994 0.649603
v -0.0203197 0.0858335 0.0184669
vn 0.893717 -0.346105 -0.285449
v -0.0211127 0.086173 0.018493
vn -0.533467 0.364836 -0.76309
v -0.0209894 0.0860967 0.0187723
vn -0.713337 0.262994 0.649603
v -0.0204593 0.0858569 0.0188604
vn 0.851049 -0.301871 -0.429639
v -0.0203197 0.0858335 0.0184669
vn 0.893717 -0.346105 -0.285449
v -0.0257685 0.0874142 0.0191073
vn 0.765233 -0.174924 -0.619532
v -0.0213221 0.0862987 0.017867
vn 0.444445 -0.111138 0.888885
v -0.0221193 0.0866056 0.0178128
vn -0.0271527 0.848124 -0.529102
v -0.0257685 0.0874142 0.0191073
vn 0.765233 -0.174924 -0.619532
v -0.0236725 0.0870813 0.0181305
vn -0.22727 -0.96676 -0.117149
v -0.0213221 0.0862987 0.017867
vn 0.444445 -0.111138 0.888885
v -0.0250877 0.0872222 0.0159011
vn -0.254321 -0.0318254 0.966596
v -0.0245918 0.0871761 0.0161115
vn -0.21941 -0.839556 -0.496995
v -0.0265471 0.0874021 0.0161213
vn 0.137112 0.691489 0.709255
v -0.0250877 0.0872222 0.0159011
vn -0.254321 -0.0318254 0.966596
v -0.0231245 0.0868875 0.0164213
vn 0.305525 -0.211056 0.928499
v -0.0245918 0.0871761 0.0161115
vn -0.21941 -0.839556 -0.496995
v -0.0217279 0.0864186 0.0185699
vn 0.0364928 0.0184925 -0.999163
v -0.0208537 0.0860859 0.0181953
vn -0.476226 0.231034 -0.848429
v -0.021037 0.0861557 0.018301
vn 0.479338 -0.207641 0.852714
v -0.0217279 0.0864186 0.0185699
vn 0.0364928 0.0184925 -0.999163
v -0.0211075 0.0861794 0.0183812
vn -0.264051 0.155345 -0.951916
v -0.0208537 0.0860859 0.0181953
vn -0.476226 0.231034 -0.848429
v -0.0211127 0.086173 0.018493
vn -0.533467 0.364836 -0.76309
v -0.0236211 0.086964 0.0197976
vn -0.0161674 0.989682 -0.142366
v -0.025813 0.0871991 0.0218816
vn 0.839931 -0.32192 0.436902
v -0.0211127 0.086173 0.018493
vn -0.533467 0.364836 -0.76309
v -0.0203197 0.0858335 0.0184669
vn 0.893717 -0.346105 -0.285449
v -0.0236211 0.086964 0.0197976
vn -0.0161674 0.989682 -0.142366
v -0.0225214 0.0867288 0.0166748
vn -0.0747587 -0.0186738 0.997027
v -0.0236725 0.0870813 0.0181305
vn -0.22727 -0.96676 -0.117149
v -0.0257685 0.0874142 0.0191073
vn 0.765233 -0.174924 -0.619532
v -0.0225214 0.0867288 0.0166748
vn -0.0747587 -0.0186738 0.997027
v -0.0215676 0.0864112 0.0171214
vn -0.150648 -0.016006 0.988458
v -0.0236725 0.0870813 0.0181305
vn -0.22727 -0.96676 -0.117149
v -0.0265471 0.0874021 0.0161213
vn 0.137112 0.691489 0.709255
v -0.0229086 0.0867987 0.0161195
vn 0.278719 0.161976 -0.946615
v -0.0238883 0.0870169 0.0159354
vn 0.43016 0.859807 -0.275125
v -0.0265471 0.0874021 0.0161213
vn 0.137112 0.691489 0.709255
v -0.0245918 0.0871761 0.0161115
vn -0.21941 -0.839556 -0.496995
v -0.0229086 0.0867987 0.0161195
vn 0.278719 0.161976 -0.946615
v -0.0210032 0.0861604 0.0180156
vn -0.242901 -0.0826324 0.966525
v -0.0211075 0.0861794 0.0183812
vn -0.264051 0.155345 -0.951916
v -0.0217279 0.0864186 0.0185699
vn 0.0364928 0.0184925 -0.999163
v -0.0210032 0.0861604 0.0180156
vn -0.242901 -0.0826324 0.966525
v -0.020541 0.0859641 0.0180356
vn -0.389771 0.0747873 0.91787
v -0.0211075 0.0861794 0.0183812
vn -0.264051 0.155345 -0.951916
v -0.025813 0.0871991 0.0218816
vn 0.839931 -0.32192 0.436902
v -0.0220952 0.0865858 0.0181109
vn 0.316388 0.947558 0.0450832
v -0.0238157 0.087106 0.0185056
vn 0.231592 0.966777 -0.108203
v -0.025813 0.0871991 0.0218816
vn 0.839931 -0.32192 0.436902
v -0.0236211 0.086964 0.0197976
vn -0.0161674 0.989682 -0.142366
v -0.0220952 0.0865858 0.0181109
vn 0.316388 0.947558 0.0450832
v -0.0241883 0.0872046 0.0176215
vn 0.959539 -0.265851 -0.092781
v -0.0215676 0.0864112 0.0171214
vn -0.150648 -0.016006 0.988458
v -0.0225214 0.0867288 0.0166748
vn -0.0747587 -0.0186738 0.997027
v -0.0241883 0.0872046 0.0176215
vn 0.959539 -0.265851 -0.092781
v -0.0230227 0.0869048 0.0173288
vn -0.0989674 0.389662 -0.915625
v -0.0215676 0.0864112 0.0171214
vn -0.150648 -0.016006 0.988458
v -0.0238883 0.0870169 0.0159354
vn 0.43016 0.859807 -0.275125
v -0.0214401 0.0863559 0.0166674
vn 0.513961 0.686648 -0.514158
v -0.0226739 0.0802429 0.0150528
vn 0.6672 -0.236277 -0.706412
v -0.0238883 0.0870169 0.0159354
vn 0.43016 0.859807 -0.275125
v -0.0229086 0.0867987 0.0161195
vn 0.278719 0.161976 -0.946615
v -0.0214401 0.0863559 0.0166674
vn 0.513961 0.686648 -0.514158
v -0.0238157 0.087106 0.0185056
vn 0.231592 0.966777 -0.108203
v -0.0264988 0.087176 0.0234456
vn 0.0112419 0.8763 0.481634
v -0.025813 0.0871991 0.0218816
vn 0.839931 -0.32192 0.436902
v -0.0238157 0.087106 0.0185056
vn 0.231592 0.966777 -0.108203
v -0.0249855 0.0873053 0.0192856
vn -0.00669432 0.998924 -0.0458913
v -0.0264988 0.087176 0.0234456
vn 0.0112419 0.8763 0.481634
v -0.025813 0.0871991 0.0218816
vn 0.839931 -0.32192 0.436902
v -0.0209587 0.0860951 0.0186432
vn -0.358591 -0.194618 0.912982
v -0.0211127 0.086173 0.018493
vn -0.533467 0.364836 -0.76309
v -0.025813 0.0871991 0.0218816
vn 0.839931 -0.32192 0.436902
v -0.0264988 0.087176 0.0234456
vn 0.0112419 0.8763 0.481634
v -0.0209587 0.0860951 0.0186432
vn -0.358591 -0.194618 0.912982
v -0.0211127 0.086173 0.018493
vn -0.533467 0.364836 -0.76309
v -0.0207692 0.0859864 0.018927
vn 0.261123 0.865472 0.42752
v -0.0209894 0.0860967 0.0187723
vn -0.713337 0.262994 0.649603
v -0.0211127 0.086173 0.018493
vn -0.533467 0.364836 -0.76309
v -0.0209587 0.0860951 0.0186432
vn -0.358591 -0.194618 0.912982
v -0.0207692 0.0859864 0.018927
vn 0.261123 0.865472 0.42752
v -0.0209894 0.0860967 0.0187723
vn -0.713337 0.262994 0.649603
v -0.0201574 0.0857518 0.0185749
vn 0.568793 0.649475 -0.504635
v -0.0204241 0.0858767 0.0184946
vn 0.838846 -0.522272 -0.153527
v -0.0209894 0.0860967 0.0187723
vn -0.713337 0.262994 0.649603
v -0.0207692 0.0859864 0.018927
vn 0.261123 0.865472 0.42752
v -0.0201574 0.0857518 0.0185749
vn 0.568793 0.649475 -0.504635
v -0.0204241 0.0858767 0.0184946
vn 0.838846 -0.522272 -0.153527
v -0.0183597 0.0835691 0.019218
vn 0.99656 -0.0696674 0.044875
v -0.0193211 0.0855017 0.0169463
vn 0.670966 0.0981573 -0.734963
v -0.0204241 0.0858767 0.0184946
vn 0.838846 -0.522272 -0.153527
v -0.0201574 0.0857518 0.0185749
vn 0.568793 0.649475 -0.504635
v -0.0183597 0.0835691 0.019218
vn 0.99656 -0.0696674 0.044875
v -0.0193211 0.0855017 0.0169463
vn 0.670966 0.0981573 -0.734963
v -0.0206801 0.0860615 0.0166649
vn -0.116027 0.814304 -0.568724
v -0.0207131 0.0860757 0.0170819
vn -0.438094 0.89842 0.0302578
v -0.0193211 0.0855017 0.0169463
vn 0.670966 0.0981573 -0.734963
v -0.0183597 0.0835691 0.019218
vn 0.99656 -0.0696674 0.044875
v -0.0206801 0.0860615 0.0166649
vn -0.116027 0.814304 -0.568724
v -0.0207131 0.0860757 0.0170819
vn -0.438094 0.89842 0.0302578
v -0.0240733 0.076445 0.0154335
vn 0.558201 -0.577885 -0.595366
v -0.0226739 0.0802429 0.0150528
vn 0.6672 -0.236277 -0.706412
v -0.0207131 0.0860757 0.0170819
vn -0.438094 0.89842 0.0302578
v -0.0206801 0.0860615 0.0166649
vn -0.116027 0.814304 -0.568724
v -0.0240733 0.076445 0.0154335
vn 0.558201 -0.577885 -0.595366
v -0.0226739 0.0802429 0.0150528
vn 0.6672 -0.236277 -0.706412
v -0.0246693 0.086904 0.0147418
vn 0.262588 0.562585 -0.78393
v -0.0238883 0.0870169 0.0159354
vn 0.43016 0.859807 -0.275125
v -0.0226739 0.0802429 0.0150528
vn 0.6672 -0.236277 -0.706412
v -0.0240733 0.076445 0.0154335
vn 0.558201 -0.577885 -0.595366
v -0.0246693 0.086904 0.0147418
vn 0.262588 0.562585 -0.78393
v -0.0238883 0.0870169 0.0159354
vn 0.43016 0.859807 -0.275125
v -0.0278072 0.0872493 0.0155084
vn -0.579176 0.755826 -0.305422
v -0.0265471 0.0874021 0.0161213
vn 0.137112 0.691489 0.709255
v -0.0238883 0.0870169 0.0159354
vn 0.43016 0.859807 -0.275125
v -0.0246693 0.086904 0.0147418
vn 0.262588 0.562585 -0.78393
v -0.0278072 0.0872493 0.0155084
vn -0.579176 0.755826 -0.305422
v -0.0265471 0.0874021 0.0161213
vn 0.137112 0.691489 0.709255
v -0.0275542 0.0869208 0.0159668
vn -0.512488 0.77573 0.368239
v -0.0250877 0.0872222 0.0159011
vn -0.254321 -0.0318254 0.966596
v -0.0265471 0.0874021 0.0161213
vn 0.137112 0.691489 0.709255
v -0.0278072 0.0872493 0.0155084
vn -0.579176 0.755826 -0.305422
v -0.0275542 0.0869208 0.0159668
vn -0.512488 0.77573 0.368239
v -0.0250877 0.0872222 0.0159011
vn -0.254321 -0.0318254 0.966596
v -0.0299269 0.0871007 0.0204376
vn -0.419901 0.836224 0.352722
v -0.0287373 0.0873 0.0200635
vn -0.0149413 0.928163 0.371874
v -0.0250877 0.0872222 0.0159011
vn -0.254321 -0.0318254 0.966596
v -0.0275542 0.0869208 0.0159668
vn -0.512488 0.77573 0.368239
v -0.0299269 0.0871007 0.0204376
vn -0.419901 0.836224 0.352722
v -0.0287373 0.0873 0.0200635
vn -0.0149413 0.928163 0.371874
v -0.0249855 0.0873053 0.0192856
vn -0.00669432 0.998924 -0.0458913
v -0.0238157 0.087106 0.0185056
vn 0.231592 0.966777 -0.108203
v -0.0287373 0.0873 0.0200635
vn -0.0149413 0.928163 0.371874
v -0.0299269 0.0871007 0.0204376
vn -0.419901 0.836224 0.352722
v -0.0249855 0.0873053 0.0192856
vn -0.00669432 0.998924 -0.0458913
v -0.0246494 0.0872187 0.0196685
vn 0.941515 -0.336961 -0.00248062
v -0.0216349 0.08643 0.0176426
vn 0.313593 0.947535 -0.0619451
v -0.0221193 0.0866056 0.0178128
vn -0.0271527 0.848124 -0.529102
v -0.0246494 0.0872187 0.0196685
vn 0.941515 -0.336961 -0.00248062
v -0.0240334 0.0871294 0.0190752
vn -0.659844 0.156527 -0.734918
v -0.0216349 0.08643 0.0176426
vn 0.313593 0.947535 -0.0619451
v -0.0210032 0.0861604 0.0180156
vn -0.242901 -0.0826324 0.966525
v -0.0240334 0.0871294 0.0190752
vn -0.659844 0.156527 -0.734918
v -0.0246494 0.0872187 0.0196685
vn 0.941515 -0.336961 -0.00248062
v -0.0210032 0.0861604 0.0180156
vn -0.242901 -0.0826324 0.966525
v -0.0210032 0.0861733 0.0177777
vn -0.0553619 0.99567 0.0746804
v -0.0240334 0.0871294 0.0190752
vn -0.659844 0.156527 -0.734918
v -0.0217279 0.0864186 0.0185699
vn 0.0364928 0.0184925 -0.999163
v -0.0210032 0.0861733 0.0177777
vn -0.0553619 0.99567 0.0746804
v -0.0210032 0.0861604 0.0180156
vn -0.242901 -0.0826324 0.966525
v -0.0217279 0.0864186 0.0185699
vn 0.0364928 0.0184925 -0.999163
v -0.0221819 0.086597 0.0184942
vn -0.339681 -0.940481 -0.0106335
v -0.0210032 0.0861733 0.0177777
vn -0.0553619 0.99567 0.0746804
v -0.021037 0.0861557 0.018301
vn 0.479338 -0.207641 0.852714
v -0.0221819 0.086597 0.0184942
vn -0.339681 -0.940481 -0.0106335
v -0.0217279 0.0864186 0.0185699
vn 0.0364928 0.0184925 -0.999163
v -0.021037 0.0861557 0.018301
vn 0.479338 -0.207641 0.852714
v -0.0214754 0.0863409 0.0182278
vn 0.376628 0.922775 0.0814757
v -0.0221819 0.086597 0.0184942
vn -0.339681 -0.940481 -0.0106335
v -0.0203999 0.0859493 0.0167482
vn -0.362308 0.126839 0.923388
v -0.0214754 0.0863409 0.0182278
vn 0.376628 0.922775 0.0814757
v -0.021037 0.0861557 0.018301
vn 0.479338 -0.207641 0.852714
v -0.0203999 0.0859493 0.0167482
vn -0.362308 0.126839 0.923388
v -0.0206931 0.0860686 0.0168905
vn 0.131082 -0.687213 0.714532
v -0.0214754 0.0863409 0.0182278
vn 0.376628 0.922775 0.0814757
v -0.0209874 0.0861722 0.0176588
vn -0.620992 0.224319 -0.751032
v -0.0206931 0.0860686 0.0168905
vn 0.131082 -0.687213 0.714532
v -0.0203999 0.0859493 0.0167482
vn -0.362308 0.126839 0.923388
v -0.0209874 0.0861722 0.0176588
vn -0.620992 0.224319 -0.751032
v -0.0212911 0.0862879 0.0178307
vn 0.363553 0.929038 -0.0686792
v -0.0206931 0.0860686 0.0168905
vn 0.131082 -0.687213 0.714532
v -0.021083 0.0861345 0.0154767
vn 0.344016 -0.0869865 0.934926
v -0.0212911 0.0862879 0.0178307
vn 0.363553 0.929038 -0.0686792
v -0.0209874 0.0861722 0.0176588
vn -0.620992 0.224319 -0.751032
v -0.021083 0.0861345 0.0154767
vn 0.344016 -0.0869865 0.934926
v -0.0211615 0.0862296 0.0161923
vn 0.73083 0.682518 -0.00747821
v -0.0212911 0.0862879 0.0178307
vn 0.363553 0.929038 -0.0686792
v -0.0226022 0.0867761 0.0174376
vn 0.299604 0.954043 0.00632638
v -0.0211615 0.0862296 0.0161923
vn 0.73083 0.682518 -0.00747821
v -0.021083 0.0861345 0.0154767
vn 0.344016 -0.0869865 0.934926
v -0.0226022 0.0867761 0.0174376
vn 0.299604 0.954043 0.00632638
v -0.0223476 0.0866878 0.0177549
vn 0.311866 0.950123 -0.00227328
v -0.0211615 0.0862296 0.0161923
vn 0.73083 0.682518 -0.00747821
v -0.0241883 0.0872046 0.0176215
vn 0.959539 -0.265851 -0.092781
v -0.0223476 0.0866878 0.0177549
vn 0.311866 0.950123 -0.00227328
v -0.0226022 0.0867761 0.0174376
vn 0.299604 0.954043 0.00632638
v -0.0241883 0.0872046 0.0176215
vn 0.959539 -0.265851 -0.092781
v -0.0232715 0.0869763 0.017936
vn 0.308368 0.808772 -0.500796
v -0.0223476 0.0866878 0.0177549
vn 0.311866 0.950123 -0.00227328
v -0.0225214 0.0867288 0.0166748
vn -0.0747587 -0.0186738 0.997027
v -0.0232715 0.0869763 0.017936
vn 0.308368 0.808772 -0.500796
v -0.0241883 0.0872046 0.0176215
vn 0.959539 -0.265851 -0.092781
v -0.0225214 0.0867288 0.0166748
vn -0.0747587 -0.0186738 0.997027
v -0.0218731 0.0865214 0.01696
vn -0.757967 0.0484362 0.650493
v -0.0232715 0.0869763 0.017936
vn 0.308368 0.808772 -0.500796
v -0.0257685 0.0874142 0.0191073
vn 0.765233 -0.174924 -0.619532
v -0.0218731 0.0865214 0.01696
vn -0.757967 0.0484362 0.650493
v -0.0225214 0.0867288 0.0166748
vn -0.0747587 -0.0186738 0.997027
v -0.0257685 0.0874142 0.0191073
vn 0.765233 -0.174924 -0.619532
v -0.0245765 0.0872628 0.0187688
vn 0.293045 0.513043 0.806791
v -0.0218731 0.0865214 0.01696
vn -0.757967 0.0484362 0.650493
v -0.0221193 0.0866056 0.0178128
vn -0.0271527 0.848124 -0.529102
v -0.0245765 0.0872628 0.0187688
vn 0.293045 0.513043 0.806791
v -0.0257685 0.0874142 0.0191073
vn 0.765233 -0.174924 -0.619532
v -0.0221193 0.0866056 0.0178128
vn -0.0271527 0.848124 -0.529102
v -0.0216349 0.08643 0.0176426
vn 0.313593 0.947535 -0.0619451
v -0.0245765 0.0872628 0.0187688
vn 0.293045 0.513043 0.806791
v -0.020856 0.0861201 0.0163153
vn -0.96346 0.23468 0.129116
v -0.02182 0.0864898 0.0179543
vn 0.172999 -0.083664 0.981362
v -0.0222073 0.0866431 0.01729
vn -0.315473 -0.948605 0.0250225
v -0.020856 0.0861201 0.0163153
vn -0.96346 0.23468 0.129116
v -0.020747 0.0860832 0.0173874
vn -0.919298 0.34266 -0.193584
v -0.02182 0.0864898 0.0179543
vn 0.172999 -0.083664 0.981362
v -0.0206912 0.0860619 0.017331
vn 0.331779 0.933373 -0.136883
v -0.020654 0.0860436 0.0174248
vn 0.41213 0.910897 0.0203977
v -0.0203152 0.0858749 0.0179199
vn 0.393287 0.917399 0.0608618
v -0.0206912 0.0860619 0.017331
vn 0.331779 0.933373 -0.136883
v -0.0216435 0.0864219 0.0179531
vn 0.288723 -0.0864956 0.953497
v -0.020654 0.0860436 0.0174248
vn 0.41213 0.910897 0.0203977
v -0.0210466 0.086194 0.0177127
vn -0.366933 0.129105 -0.921245
v -0.020747 0.0860832 0.0173874
vn -0.919298 0.34266 -0.193584
v -0.020856 0.0861201 0.0163153
vn -0.96346 0.23468 0.129116
v -0.0210466 0.086194 0.0177127
vn -0.366933 0.129105 -0.921245
v -0.0217153 0.0864488 0.0179754
vn -0.772355 0.284744 0.567793
v -0.020747 0.0860832 0.0173874
vn -0.919298 0.34266 -0.193584
v -0.0203152 0.0858749 0.0179199
vn 0.393287 0.917399 0.0608618
v -0.0216117 0.0864055 0.0180379
vn 0.37415 0.925811 0.053711
v -0.0201942 0.085781 0.0184378
vn -0.67147 0.232297 0.70368
v -0.0203152 0.0858749 0.0179199
vn 0.393287 0.917399 0.0608618
v -0.020654 0.0860436 0.0174248
vn 0.41213 0.910897 0.0203977
v -0.0216117 0.0864055 0.0180379
vn 0.37415 0.925811 0.053711
v -0.0220952 0.0865858 0.0181109
vn 0.316388 0.947558 0.0450832
v -0.0220105 0.0865589 0.0180099
vn 0.278222 0.952888 -0.12082
v -0.0261736 0.0874777 0.0182568
vn -0.388191 0.705263 -0.593222
v -0.0220952 0.0865858 0.0181109
vn 0.316388 0.947558 0.0450832
v -0.0208225 0.0861087 0.017554
vn 0.538618 -0.226231 0.81161
v -0.0220105 0.0865589 0.0180099
vn 0.278222 0.952888 -0.12082
v -0.020243 0.0858797 0.0171666
vn -0.929928 0.362361 0.0626781
v -0.0217153 0.0864488 0.0179754
vn -0.772355 0.284744 0.567793
v -0.0210466 0.086194 0.0177127
vn -0.366933 0.129105 -0.921245
v -0.020243 0.0858797 0.0171666
vn -0.929928 0.362361 0.0626781
v -0.0206972 0.0860609 0.0174416
vn -0.327807 -0.941971 0.0723375
v -0.0217153 0.0864488 0.0179754
vn -0.772355 0.284744 0.567793
v -0.0201942 0.085781 0.0184378
vn -0.67147 0.232297 0.70368
v -0.0216697 0.0864265 0.0180719
vn -0.381884 0.11657 0.916829
v -0.0204593 0.0858569 0.0188604
vn 0.851049 -0.301871 -0.429639
v -0.0201942 0.085781 0.0184378
vn -0.67147 0.232297 0.70368
v -0.0216117 0.0864055 0.0180379
vn 0.37415 0.925811 0.053711
v -0.0216697 0.0864265 0.0180719
vn -0.381884 0.11657 0.916829
v -0.0261736 0.0874777 0.0182568
vn -0.388191 0.705263 -0.593222
v -0.0208703 0.0861327 0.0174295
vn -0.937688 0.296413 0.18133
v -0.0231245 0.0868875 0.0164213
vn 0.305525 -0.211056 0.928499
v -0.0261736 0.0874777 0.0182568
vn -0.388191 0.705263 -0.593222
v -0.0220105 0.0865589 0.0180099
vn 0.278222 0.952888 -0.12082
v -0.0208703 0.0861327 0.0174295
vn -0.937688 0.296413 0.18133
v -0.0208537 0.0860859 0.0181953
vn -0.476226 0.231034 -0.848429
v -0.0206972 0.0860609 0.0174416
vn -0.327807 -0.941971 0.0723375
v -0.020243 0.0858797 0.0171666
vn -0.929928 0.362361 0.0626781
v -0.0208537 0.0860859 0.0181953
vn -0.476226 0.231034 -0.848429
v -0.021697 0.0864396 0.0180216
vn -0.490424 0.245574 -0.836168
v -0.0206972 0.0860609 0.0174416
vn -0.327807 -0.941971 0.0723375
v -0.0204593 0.0858569 0.0188604
vn 0.851049 -0.301871 -0.429639
v -0.0207136 0.086062 0.0175913
vn -0.924986 0.377156 0.0464186
v -0.0203197 0.0858335 0.0184669
vn 0.893717 -0.346105 -0.285449
v -0.0204593 0.0858569 0.0188604
vn 0.851049 -0.301871 -0.429639
v -0.0216697 0.0864265 0.0180719
vn -0.381884 0.11657 0.916829
v -0.0207136 0.086062 0.0175913
vn -0.924986 0.377156 0.0464186
v -0.0236725 0.0870813 0.0181305
vn -0.22727 -0.96676 -0.117149
v -0.0207921 0.0860975 0.0175171
vn 0.837989 -0.306473 -0.451496
v -0.0213221 0.0862987 0.017867
vn 0.444445 -0.111138 0.888885
v -0.0236725 0.0870813 0.0181305
vn -0.22727 -0.96676 -0.117149
v -0.0219109 0.0865219 0.0180062
vn -0.197545 -0.0299958 -0.979835
v -0.0207921 0.0860975 0.0175171
vn 0.837989 -0.306473 -0.451496
v -0.0231245 0.0868875 0.0164213
vn 0.305525 -0.211056 0.928499
v -0.0219414 0.0865365 0.0179266
vn 0.0386222 -0.114417 -0.992682
v -0.0245918 0.0871761 0.0161115
vn -0.21941 -0.839556 -0.496995
v -0.0231245 0.0868875 0.0164213
vn 0.305525 -0.211056 0.928499
v -0.0208703 0.0861327 0.0174295
vn -0.937688 0.296413 0.18133
v -0.0219414 0.0865365 0.0179266
vn 0.0386222 -0.114417 -0.992682
v -0.0287373 0.0873 0.0200635
vn -0.0149413 0.928163 0.371874
v -0.0231245 0.0868875 0.0164213
vn 0.305525 -0.211056 0.928499
v -0.0250877 0.0872222 0.0159011
vn -0.254321 -0.0318254 0.966596
v -0.0287373 0.0873 0.0200635
vn -0.0149413 0.928163 0.371874
v -0.0261736 0.0874777 0.0182568
vn -0.388191 0.705263 -0.593222
v -0.0231245 0.0868875 0.0164213
vn 0.305525 -0.211056 0.928499
v -0.0204241 0.0858767 0.0184946
vn 0.838846 -0.522272 -0.153527
v -0.0204593 0.0858569 0.0188604
vn 0.851049 -0.301871 -0.429639
v -0.0209894 0.0860967 0.0187723
vn -0.713337 0.262994 0.649603
v -0.0204241 0.0858767 0.0184946
vn 0.838846 -0.522272 -0.153527
v -0.0201942 0.085781 0.0184378
vn -0.67147 0.232297 0.70368
v -0.0204593 0.0858569 0.0188604
vn 0.851049 -0.301871 -0.429639
v -0.0203999 0.0859493 0.0167482
vn -0.362308 0.126839 0.923388
v -0.0210466 0.086194 0.0177127
vn -0.366933 0.129105 -0.921245
v -0.0209874 0.0861722 0.0176588
vn -0.620992 0.224319 -0.751032
v -0.0203999 0.0859493 0.0167482
vn -0.362308 0.126839 0.923388
v -0.020243 0.0858797 0.0171666
vn -0.929928 0.362361 0.0626781
v -0.0210466 0.086194 0.0177127
vn -0.366933 0.129105 -0.921245
v -0.0238157 0.087106 0.0185056
vn 0.231592 0.966777 -0.108203
v -0.0261736 0.0874777 0.0182568
vn -0.388191 0.705263 -0.593222
v -0.0287373 0.0873 0.0200635
vn -0.0149413 0.928163 0.371874
v -0.0238157 0.087106 0.0185056
vn 0.231592 0.966777 -0.108203
v -0.0220952 0.0865858 0.0181109
vn 0.316388 0.947558 0.0450832
v -0.0261736 0.0874777 0.0182568
vn -0.388191 0.705263 -0.593222
v -0.0193211 0.0855017 0.0169463
vn 0.670966 0.0981573 -0.734963
v -0.0201942 0.085781 0.0184378
vn -0.67147 0.232297 0.70368
v -0.0204241 0.0858767 0.0184946
vn 0.838846 -0.522272 -0.153527
v -0.0193211 0.0855017 0.0169463
vn 0.670966 0.0981573 -0.734963
v -0.0203152 0.0858749 0.0179199
vn 0.393287 0.917399 0.0608618
v -0.0201942 0.085781 0.0184378
vn -0.67147 0.232297 0.70368
v -0.0209874 0.0861722 0.0176588
vn -0.620992 0.224319 -0.751032
v -0.020856 0.0861201 0.0163153
vn -0.96346 0.23468 0.129116
v -0.021083 0.0861345 0.0154767
vn 0.344016 -0.0869865 0.934926
v -0.0209874 0.0861722 0.0176588
vn -0.620992 0.224319 -0.751032
v -0.0210466 0.086194 0.0177127
vn -0.366933 0.129105 -0.921245
v -0.020856 0.0861201 0.0163153
vn -0.96346 0.23468 0.129116
v -0.0207131 0.0860757 0.0170819
vn -0.438094 0.89842 0.0302578
v -0.0203152 0.0858749 0.0179199
vn 0.393287 0.917399 0.0608618
v -0.0193211 0.0855017 0.0169463
vn 0.670966 0.0981573 -0.734963
v -0.0207131 0.0860757 0.0170819
vn -0.438094 0.89842 0.0302578
v -0.0206912 0.0860619 0.017331
vn 0.331779 0.933373 -0.136883
v -0.0203152 0.0858749 0.0179199
vn 0.393287 0.917399 0.0608618
v -0.021083 0.0861345 0.0154767
vn 0.344016 -0.0869865 0.934926
v -0.0222073 0.0866431 0.01729
vn -0.315473 -0.948605 0.0250225
v -0.0226022 0.0867761 0.0174376
vn 0.299604 0.954043 0.00632638
v -0.021083 0.0861345 0.0154767
vn 0.344016 -0.0869865 0.934926
v -0.020856 0.0861201 0.0163153
vn -0.96346 0.23468 0.129116
v -0.0222073 0.0866431 0.01729
vn -0.315473 -0.948605 0.0250225
v -0.0221193 0.0866056 0.0178128
vn -0.0271527 0.848124 -0.529102
v -0.0224424 0.0866827 0.0186228
vn -0.370275 -0.881059 -0.294332
v -0.0246494 0.0872187 0.0196685
vn 0.941515 -0.336961 -0.00248062
v -0.0221193 0.0866056 0.0178128
vn -0.0271527 0.848124 -0.529102
v -0.0213221 0.0862987 0.017867
vn 0.444445 -0.111138 0.888885
v -0.0224424 0.0866827 0.0186228
vn -0.370275 -0.881059 -0.294332
v -0.0226739 0.0802429 0.0150528
vn 0.6672 -0.236277 -0.706412
v -0.0206912 0.0860619 0.017331
vn 0.331779 0.933373 -0.136883
v -0.0207131 0.0860757 0.0170819
vn -0.438094 0.89842 0.0302578
v -0.0226739 0.0802429 0.0150528
vn 0.6672 -0.236277 -0.706412
v -0.0214401 0.0863559 0.0166674
vn 0.513961 0.686648 -0.514158
v -0.0206912 0.0860619 0.017331
vn 0.331779 0.933373 -0.136883
v -0.0226022 0.0867761 0.0174376
vn 0.299604 0.954043 0.00632638
v -0.0230227 0.0869048 0.0173288
vn -0.0989674 0.389662 -0.915625
v -0.0241883 0.0872046 0.0176215
vn 0.959539 -0.265851 -0.092781
v -0.0226022 0.0867761 0.0174376
vn 0.299604 0.954043 0.00632638
v -0.0222073 0.0866431 0.01729
vn -0.315473 -0.948605 0.0250225
v -0.0230227 0.0869048 0.0173288
vn -0.0989674 0.389662 -0.915625
v -0.0246494 0.0872187 0.0196685
vn 0.941515 -0.336961 -0.00248062
v -0.020541 0.0859641 0.0180356
vn -0.389771 0.0747873 0.91787
v -0.0210032 0.0861604 0.0180156
vn -0.242901 -0.0826324 0.966525
v -0.0246494 0.0872187 0.0196685
vn 0.941515 -0.336961 -0.00248062
v -0.0224424 0.0866827 0.0186228
vn -0.370275 -0.881059 -0.294332
v -0.020541 0.0859641 0.0180356
vn -0.389771 0.0747873 0.91787
v -0.0216435 0.0864219 0.0179531
vn 0.288723 -0.0864956 0.953497
v -0.0206972 0.0860609 0.0174416
vn -0.327807 -0.941971 0.0723375
v -0.020654 0.0860436 0.0174248
vn 0.41213 0.910897 0.0203977
v -0.0216435 0.0864219 0.0179531
vn 0.288723 -0.0864956 0.953497
v -0.0217153 0.0864488 0.0179754
vn -0.772355 0.284744 0.567793
v -0.0206972 0.0860609 0.0174416
vn -0.327807 -0.941971 0.0723375
v -0.0216697 0.0864265 0.0180719
vn -0.381884 0.11657 0.916829
v -0.0207337 0.0860726 0.0175375
vn 0.54023 -0.162981 -0.825584
v -0.0207136 0.086062 0.0175913
vn -0.924986 0.377156 0.0464186
v -0.0216697 0.0864265 0.0180719
vn -0.381884 0.11657 0.916829
v -0.0217287 0.0864509 0.0180401
vn 0.902961 -0.416098 0.107348
v -0.0207337 0.0860726 0.0175375
vn 0.54023 -0.162981 -0.825584
v -0.0208703 0.0861327 0.0174295
vn -0.937688 0.296413 0.18133
v -0.0218737 0.0865098 0.0179624
vn -0.174149 0.0298858 -0.984266
v -0.0219414 0.0865365 0.0179266
vn 0.0386222 -0.114417 -0.992682
v -0.0208703 0.0861327 0.0174295
vn -0.937688 0.296413 0.18133
v -0.0208178 0.0861105 0.0174495
vn -0.934775 0.354974 0.013734
v -0.0218737 0.0865098 0.0179624
vn -0.174149 0.0298858 -0.984266
v -0.0207476 0.0860853 0.0173205
vn -0.913014 0.33378 -0.234511
v -0.0217153 0.0864488 0.0179754
vn -0.772355 0.284744 0.567793
v -0.0216435 0.0864219 0.0179531
vn 0.288723 -0.0864956 0.953497
v -0.0207476 0.0860853 0.0173205
vn -0.913014 0.33378 -0.234511
v -0.020747 0.0860832 0.0173874
vn -0.919298 0.34266 -0.193584
v -0.0217153 0.0864488 0.0179754
vn -0.772355 0.284744 0.567793
v -0.0216117 0.0864055 0.0180379
vn 0.37415 0.925811 0.053711
v -0.0217287 0.0864509 0.0180401
vn 0.902961 -0.416098 0.107348
v -0.0216697 0.0864265 0.0180719
vn -0.381884 0.11657 0.916829
v -0.0216117 0.0864055 0.0180379
vn 0.37415 0.925811 0.053711
v -0.021697 0.0864396 0.0180216
vn -0.490424 0.245574 -0.836168
v -0.0217287 0.0864509 0.0180401
vn 0.902961 -0.416098 0.107348
v -0.0220105 0.0865589 0.0180099
vn 0.278222 0.952888 -0.12082
v -0.0208178 0.0861105 0.0174495
vn -0.934775 0.354974 0.013734
v -0.0208703 0.0861327 0.0174295
vn -0.937688 0.296413 0.18133
v -0.0220105 0.0865589 0.0180099
vn 0.278222 0.952888 -0.12082
v -0.0219109 0.0865219 0.0180062
vn -0.197545 -0.0299958 -0.979835
v -0.0208178 0.0861105 0.0174495
vn -0.934775 0.354974 0.013734
v -0.0218662 0.0865016 0.0180821
vn -0.519089 0.37684 -0.767162
v -0.0207921 0.0860975 0.0175171
vn 0.837989 -0.306473 -0.451496
v -0.0208225 0.0861087 0.017554
vn 0.538618 -0.226231 0.81161
v -0.0218662 0.0865016 0.0180821
vn -0.519089 0.37684 -0.767162
v -0.0218358 0.0864918 0.0180449
vn -0.568273 0.326813 -0.755155
v -0.0207921 0.0860975 0.0175171
vn 0.837989 -0.306473 -0.451496
v -0.0218382 0.0864984 0.0179122
vn 0.339604 0.940553 -0.00538129
v -0.020747 0.0860832 0.0173874
vn -0.919298 0.34266 -0.193584
v -0.0207476 0.0860853 0.0173205
vn -0.913014 0.33378 -0.234511
v -0.0218382 0.0864984 0.0179122
vn 0.339604 0.940553 -0.00538129
v -0.02182 0.0864898 0.0179543
vn 0.172999 -0.083664 0.981362
v -0.020747 0.0860832 0.0173874
vn -0.919298 0.34266 -0.193584
v -0.020654 0.0860436 0.0174248
vn 0.41213 0.910897 0.0203977
v -0.021697 0.0864396 0.0180216
vn -0.490424 0.245574 -0.836168
v -0.0216117 0.0864055 0.0180379
vn 0.37415 0.925811 0.053711
v -0.020654 0.0860436 0.0174248
vn 0.41213 0.910897 0.0203977
v -0.0206972 0.0860609 0.0174416
vn -0.327807 -0.941971 0.0723375
v -0.021697 0.0864396 0.0180216
vn -0.490424 0.245574 -0.836168
v -0.0208225 0.0861087 0.017554
vn 0.538618 -0.226231 0.81161
v -0.0219109 0.0865219 0.0180062
vn -0.197545 -0.0299958 -0.979835
v -0.0220105 0.0865589 0.0180099
vn 0.278222 0.952888 -0.12082
v -0.0208225 0.0861087 0.017554
vn 0.538618 -0.226231 0.81161
v -0.0207921 0.0860975 0.0175171
vn 0.837989 -0.306473 -0.451496
v -0.0219109 0.0865219 0.0180062
vn -0.197545 -0.0299958 -0.979835
v -0.0207136 0.086062 0.0175913
vn -0.924986 0.377156 0.0464186
v -0.0218358 0.0864918 0.0180449
vn -0.568273 0.326813 -0.755155
v -0.0218662 0.0865016 0.0180821
vn -0.519089 0.37684 -0.767162
v -0.0207136 0.086062 0.0175913
vn -0.924986 0.377156 0.0464186
v -0.0207337 0.0860726 0.0175375
vn 0.54023 -0.162981 -0.825584
v -0.0218358 0.0864918 0.0180449
vn -0.568273 0.326813 -0.755155
v -0.0219414 0.0865365 0.0179266
vn 0.0386222 -0.114417 -0.992682
v -0.02182 0.0864898 0.0179543
vn 0.172999 -0.083664 0.981362
v -0.0218382 0.0864984 0.0179122
vn 0.339604 0.940553 -0.00538129
v -0.0219414 0.0865365 0.0179266
vn 0.0386222 -0.114417 -0.992682
v -0.0218737 0.0865098 0.0179624
vn -0.174149 0.0298858 -0.984266
v -0.02182 0.0864898 0.0179543
vn 0.172999 -0.083664 0.981362
v -0.0213221 0.0862987 0.017867
vn 0.444445 -0.111138 0.888885
v -0.0218358 0.0864918 0.0180449
vn -0.568273 0.326813 -0.755155
v -0.0224424 0.0866827 0.0186228
vn -0.370275 -0.881059 -0.294332
v -0.0213221 0.0862987 0.017867
vn 0.444445 -0.111138 0.888885
v -0.0207921 0.0860975 0.0175171
vn 0.837989 -0.306473 -0.451496
v -0.0218358 0.0864918 0.0180449
vn -0.568273 0.326813 -0.755155
v -0.0214401 0.0863559 0.0166674
vn 0.513961 0.686648 -0.514158
v -0.0216435 0.0864219 0.0179531
vn 0.288723 -0.0864956 0.953497
v -0.0206912 0.0860619 0.017331
vn 0.331779 0.933373 -0.136883
v -0.0214401 0.0863559 0.0166674
vn 0.513961 0.686648 -0.514158
v -0.0207476 0.0860853 0.0173205
vn -0.913014 0.33378 -0.234511
v -0.0216435 0.0864219 0.0179531
vn 0.288723 -0.0864956 0.953497
v -0.0222073 0.0866431 0.01729
vn -0.315473 -0.948605 0.0250225
v -0.0218737 0.0865098 0.0179624
vn -0.174149 0.0298858 -0.984266
v -0.0230227 0.0869048 0.0173288
vn -0.0989674 0.389662 -0.915625
v -0.0222073 0.0866431 0.01729
vn -0.315473 -0.948605 0.0250225
v -0.02182 0.0864898 0.0179543
vn 0.172999 -0.083664 0.981362
v -0.0218737 0.0865098 0.0179624
vn -0.174149 0.0298858 -0.984266
v -0.0224424 0.0866827 0.0186228
vn -0.370275 -0.881059 -0.294332
v -0.0207337 0.0860726 0.0175375
vn 0.54023 -0.162981 -0.825584
v -0.020541 0.0859641 0.0180356
vn -0.389771 0.0747873 0.91787
v -0.0224424 0.0866827 0.0186228
vn -0.370275 -0.881059 -0.294332
v -0.0218358 0.0864918 0.0180449
vn -0.568273 0.326813 -0.755155
v -0.0207337 0.0860726 0.0175375
vn 0.54023 -0.162981 -0.825584
v -0.0229086 0.0867987 0.0161195
vn 0.278719 0.161976 -0.946615
v -0.0207476 0.0860853 0.0173205
vn -0.913014 0.33378 -0.234511
v -0.0214401 0.0863559 0.0166674
vn 0.513961 0.686648 -0.514158
v -0.0229086 0.0867987 0.0161195
vn 0.278719 0.161976 -0.946615
v -0.0218382 0.0864984 0.0179122
vn 0.339604 0.940553 -0.00538129
v -0.0207476 0.0860853 0.0173205
vn -0.913014 0.33378 -0.234511
v -0.0230227 0.0869048 0.0173288
vn -0.0989674 0.389662 -0.915625
v -0.0208178 0.0861105 0.0174495
vn -0.934775 0.354974 0.013734
v -0.0215676 0.0864112 0.0171214
vn -0.150648 -0.016006 0.988458
v -0.0230227 0.0869048 0.0173288
vn -0.0989674 0.389662 -0.915625
v -0.0218737 0.0865098 0.0179624
vn -0.174149 0.0298858 -0.984266
v -0.0208178 0.0861105 0.0174495
vn -0.934775 0.354974 0.013734
v -0.0236211 0.086964 0.0197976
vn -0.0161674 0.989682 -0.142366
v -0.0208225 0.0861087 0.017554
vn 0.538618 -0.226231 0.81161
v -0.0220952 0.0865858 0.0181109
vn 0.316388 0.947558 0.0450832
v -0.0236211 0.086964 0.0197976
vn -0.0161674 0.989682 -0.142366
v -0.0218662 0.0865016 0.0180821
vn -0.519089 0.37684 -0.767162
v -0.0208225 0.0861087 0.017554
vn 0.538618 -0.226231 0.81161
v -0.020541 0.0859641 0.0180356
vn -0.389771 0.0747873 0.91787
v -0.0217287 0.0864509 0.0180401
vn 0.902961 -0.416098 0.107348
v -0.0211075 0.0861794 0.0183812
vn -0.264051 0.155345 -0.951916
v -0.020541 0.0859641 0.0180356
vn -0.389771 0.0747873 0.91787
v -0.0207337 0.0860726 0.0175375
vn 0.54023 -0.162981 -0.825584
v -0.0217287 0.0864509 0.0180401
vn 0.902961 -0.416098 0.107348
v -0.0245918 0.0871761 0.0161115
vn -0.21941 -0.839556 -0.496995
v -0.0218382 0.0864984 0.0179122
vn 0.339604 0.940553 -0.00538129
v -0.0229086 0.0867987 0.0161195
vn 0.278719 0.161976 -0.946615
v -0.0245918 0.0871761 0.0161115
vn -0.21941 -0.839556 -0.496995
v -0.0219414 0.0865365 0.0179266
vn 0.0386222 -0.114417 -0.992682
v -0.0218382 0.0864984 0.0179122
vn 0.339604 0.940553 -0.00538129
v -0.0215676 0.0864112 0.0171214
vn -0.150648 -0.016006 0.988458
v -0.0219109 0.0865219 0.0180062
vn -0.197545 -0.0299958 -0.979835
v -0.0236725 0.0870813 0.0181305
vn -0.22727 -0.96676 -0.117149
v -0.0215676 0.0864112 0.0171214
vn -0.150648 -0.016006 0.988458
v -0.0208178 0.0861105 0.0174495
vn -0.934775 0.354974 0.013734
v -0.0219109 0.0865219 0.0180062
vn -0.197545 -0.0299958 -0.979835
v -0.0203197 0.0858335 0.0184669
vn 0.893717 -0.346105 -0.285449
v -0.0218662 0.0865016 0.0180821
vn -0.519089 0.37684 -0.767162
v -0.0236211 0.086964 0.0197976
vn -0.0161674 0.989682 -0.142366
v -0.0203197 0.0858335 0.0184669
vn 0.893717 -0.346105 -0.285449
v -0.0207136 0.086062 0.0175913
vn -0.924986 0.377156 0.0464186
v -0.0218662 0.0865016 0.0180821
vn -0.519089 0.37684 -0.767162
v -0.0211075 0.0861794 0.0183812
vn -0.264051 0.155345 -0.951916
v -0.021697 0.0864396 0.0180216
vn -0.490424 0.245574 -0.836168
v -0.0208537 0.0860859 0.0181953
vn -0.476226 0.231034 -0.848429
v -0.0211075 0.0861794 0.0183812
vn -0.264051 0.155345 -0.951916
v -0.0217287 0.0864509 0.0180401
vn 0.902961 -0.416098 0.107348
v -0.021697 0.0864396 0.0180216
vn -0.490424 0.245574 -0.836168
v -0.0122998 0.0873312 0.00907401
vn 0.392314 -0.733845 -0.554582
v -0.0115826 0.0868876 0.010535
vn 0.782311 -0.495404 -0.377576
v -0.0118156 0.0866382 0.0106184
vn 0.487703 -0.776845 -0.398318
v -0.0118156 0.0866382 0.0106184
vn 0.487703 -0.776845 -0.398318
v -0.0115826 0.0868876 0.010535
vn 0.782311 -0.495404 -0.377576
v -0.0112597 0.0864385 0.0122038
vn 0.834939 -0.506784 -0.214586
v -0.0191767 0.082809 0.0123493
vn 0.25419 -0.800301 -0.543053
v -0.0122998 0.0873312 0.00907401
vn 0.392314 -0.733845 -0.554582
v -0.0118156 0.0866382 0.0106184
vn 0.487703 -0.776845 -0.398318
v -0.0187736 0.0822476 0.0136076
vn 0.366121 -0.842243 -0.395704
v -0.0118156 0.0866382 0.0106184
vn 0.487703 -0.776845 -0.398318
v -0.0114949 0.0861877 0.0122884
vn 0.564016 -0.793906 -0.227154
v -0.0118156 0.0866382 0.0106184
vn 0.487703 -0.776845 -0.398318
v -0.0112597 0.0864385 0.0122038
vn 0.834939 -0.506784 -0.214586
v -0.0114949 0.0861877 0.0122884
vn 0.564016 -0.793906 -0.227154
v -0.0191767 0.082809 0.0123493
vn 0.25419 -0.800301 -0.543053
v -0.0118156 0.0866382 0.0106184
vn 0.487703 -0.776845 -0.398318
v -0.0187736 0.0822476 0.0136076
vn 0.366121 -0.842243 -0.395704
v -0.0197003 0.0835449 0.0112434
vn 0.130877 -0.733291 -0.667199
v -0.0122998 0.0873312 0.00907401
vn 0.392314 -0.733845 -0.554582
v -0.0191767 0.082809 0.0123493
vn 0.25419 -0.800301 -0.543053
v -0.0191767 0.082809 0.0123493
vn 0.25419 -0.800301 -0.543053
v -0.0187736 0.0822476 0.0136076
vn 0.366121 -0.842243 -0.395704
v -0.0248462 0.0773752 0.0181135
vn 0.477017 -0.797799 -0.368742
v -0.0197003 0.0835449 0.0112434
vn 0.130877 -0.733291 -0.667199
v -0.0191767 0.082809 0.0123493
vn 0.25419 -0.800301 -0.543053
v -0.0255429 0.0774636 0.0173006
vn 0.353597 -0.777915 -0.51944
v -0.0191767 0.082809 0.0123493
vn 0.25419 -0.800301 -0.543053
v -0.0248462 0.0773752 0.0181135
vn 0.477017 -0.797799 -0.368742
v -0.0255429 0.0774636 0.0173006
vn 0.353597 -0.777915 -0.51944
v -0.0248462 0.0773752 0.0181135
vn 0.477017 -0.797799 -0.368742
v -0.0269135 0.075977 0.0183136
vn 0.302134 -0.825413 -0.476874
v -0.0255429 0.0774636 0.0173006
vn 0.353597 -0.777915 -0.51944
v -0.0197003 0.0835449 0.0112434
vn 0.130877 -0.733291 -0.667199
v -0.0255429 0.0774636 0.0173006
vn 0.353597 -0.777915 -0.51944
v -0.0263226 0.0777074 0.0166032
vn 0.215126 -0.729607 -0.649149
v -0.0255429 0.0774636 0.0173006
vn 0.353597 -0.777915 -0.51944
v -0.0276933 0.0762206 0.0176161
vn 0.161315 -0.781391 -0.602832
v -0.0263226 0.0777074 0.0166032
vn 0.215126 -0.729607 -0.649149
v -0.0255429 0.0774636 0.0173006
vn 0.353597 -0.777915 -0.51944
v -0.0269135 0.075977 0.0183136
vn 0.302134 -0.825413 -0.476874
v -0.0276933 0.0762206 0.0176161
vn 0.161315 -0.781391 -0.602832
v -0.0263226 0.0777074 0.0166032
vn 0.215126 -0.729607 -0.649149
v -0.0285263 0.0766104 0.0170609
vn 0.0109492 -0.711024 -0.703083
v -0.0271557 0.0780971 0.016048
vn 0.0669155 -0.654865 -0.752777
v -0.0263226 0.0777074 0.0166032
vn 0.215126 -0.729607 -0.649149
v -0.0276933 0.0762206 0.0176161
vn 0.161315 -0.781391 -0.602832
v -0.0285263 0.0766104 0.0170609
vn 0.0109492 -0.711024 -0.703083
v -0.0203242 0.0844274 0.0103326
vn 0.000470416 -0.644311 -0.764763
v -0.0197003 0.0835449 0.0112434
vn 0.130877 -0.733291 -0.667199
v -0.0263226 0.0777074 0.0166032
vn 0.215126 -0.729607 -0.649149
v -0.0203242 0.0844274 0.0103326
vn 0.000470416 -0.644311 -0.764763
v -0.0263226 0.0777074 0.0166032
vn 0.215126 -0.729607 -0.649149
v -0.0271557 0.0780971 0.016048
vn 0.0669155 -0.654865 -0.752777
v -0.0203242 0.0844274 0.0103326
vn 0.000470416 -0.644311 -0.764763
v -0.0129297 0.0882398 0.00771442
vn 0.280324 -0.666152 -0.691129
v -0.0197003 0.0835449 0.0112434
vn 0.130877 -0.733291 -0.667199
v -0.0210245 0.0854223 0.00965181
vn -0.132779 -0.536893 -0.833136
v -0.0136817 0.0893294 0.00659231
vn 0.154962 -0.575373 -0.803077
v -0.0203242 0.0844274 0.0103326
vn 0.000470416 -0.644311 -0.764763
v -0.0203242 0.0844274 0.0103326
vn 0.000470416 -0.644311 -0.764763
v -0.0136817 0.0893294 0.00659231
vn 0.154962 -0.575373 -0.803077
v -0.0129297 0.0882398 0.00771442
vn 0.280324 -0.666152 -0.691129
v -0.0210245 0.0854223 0.00965181
vn -0.132779 -0.536893 -0.833136
v -0.0203242 0.0844274 0.0103326
vn 0.000470416 -0.644311 -0.764763
v -0.0271557 0.0780971 0.016048
vn 0.0669155 -0.654865 -0.752777
v -0.0210245 0.0854223 0.00965181
vn -0.132779 -0.536893 -0.833136
v -0.0271557 0.0780971 0.016048
vn 0.0669155 -0.654865 -0.752777
v -0.0280098 0.0786177 0.0156564
vn -0.0854296 -0.556664 -0.826333
v -0.0217743 0.0864916 0.00922713
vn -0.264773 -0.414821 -0.870528
v -0.0210245 0.0854223 0.00965181
vn -0.132779 -0.536893 -0.833136
v -0.0280098 0.0786177 0.0156564
vn -0.0854296 -0.556664 -0.826333
v -0.0217743 0.0864916 0.00922713
vn -0.264773 -0.414821 -0.870528
v -0.0145278 0.0905575 0.00575123
vn 0.0205477 -0.463637 -0.885787
v -0.0210245 0.0854223 0.00965181
vn -0.132779 -0.536893 -0.833136
v -0.0210245 0.0854223 0.00965181
vn -0.132779 -0.536893 -0.833136
v -0.0145278 0.0905575 0.00575123
vn 0.0205477 -0.463637 -0.885787
v -0.0136817 0.0893294 0.00659231
vn 0.154962 -0.575373 -0.803077
v -0.0271557 0.0780971 0.016048
vn 0.0669155 -0.654865 -0.752777
v -0.0293805 0.0771309 0.0166692
vn -0.143246 -0.617069 -0.773761
v -0.0280098 0.0786177 0.0156564
vn -0.0854296 -0.556664 -0.826333
v -0.0280098 0.0786177 0.0156564
vn -0.0854296 -0.556664 -0.826333
v -0.0293805 0.0771309 0.0166692
vn -0.143246 -0.617069 -0.773761
v -0.0302228 0.0777625 0.0164562
vn -0.295352 -0.503018 -0.812244
v -0.0217743 0.0864916 0.00922713
vn -0.264773 -0.414821 -0.870528
v -0.0280098 0.0786177 0.0156564
vn -0.0854296 -0.556664 -0.826333
v -0.0288522 0.0792493 0.0154433
vn -0.23615 -0.438907 -0.866945
v -0.0280098 0.0786177 0.0156564
vn -0.0854296 -0.556664 -0.826333
v -0.0302228 0.0777625 0.0164562
vn -0.295352 -0.503018 -0.812244
v -0.0288522 0.0792493 0.0154433
vn -0.23615 -0.438907 -0.866945
v -0.0288522 0.0792493 0.0154433
vn -0.23615 -0.438907 -0.866945
v -0.0302228 0.0777625 0.0164562
vn -0.295352 -0.503018 -0.812244
v -0.0310213 0.0784807 0.01643
vn -0.43949 -0.373374 -0.81697
v -0.0293805 0.0771309 0.0166692
vn -0.143246 -0.617069 -0.773761
v -0.0308038 0.0771925 0.0172252
vn -0.490249 -0.690277 -0.53214
v -0.0302228 0.0777625 0.0164562
vn -0.295352 -0.503018 -0.812244
v -0.0302228 0.0777625 0.0164562
vn -0.295352 -0.503018 -0.812244
v -0.0315547 0.077868 0.0172006
vn -0.615348 -0.577755 -0.536233
v -0.0310213 0.0784807 0.01643
vn -0.43949 -0.373374 -0.81697
v -0.0302228 0.0777625 0.0164562
vn -0.295352 -0.503018 -0.812244
v -0.0308038 0.0771925 0.0172252
vn -0.490249 -0.690277 -0.53214
v -0.0315547 0.077868 0.0172006
vn -0.615348 -0.577755 -0.536233
v -0.0308038 0.0771925 0.0172252
vn -0.490249 -0.690277 -0.53214
v -0.0317755 0.0775315 0.0184356
vn -0.700481 -0.700572 -0.136105
v -0.0315547 0.077868 0.0172006
vn -0.615348 -0.577755 -0.536233
v -0.0293805 0.0771309 0.0166692
vn -0.143246 -0.617069 -0.773761
v -0.0300116 0.0765985 0.0174256
vn -0.358224 -0.789282 -0.498708
v -0.0308038 0.0771925 0.0172252
vn -0.490249 -0.690277 -0.53214
v -0.0300116 0.0765985 0.0174256
vn -0.358224 -0.789282 -0.498708
v -0.03116 0.0769777 0.0184558
vn -0.617927 -0.774838 -0.133386
v -0.0308038 0.0771925 0.0172252
vn -0.490249 -0.690277 -0.53214
v -0.0308038 0.0771925 0.0172252
vn -0.490249 -0.690277 -0.53214
v -0.03116 0.0769777 0.0184558
vn -0.617927 -0.774838 -0.133386
v -0.0317755 0.0775315 0.0184356
vn -0.700481 -0.700572 -0.136105
v -0.0315547 0.077868 0.0172006
vn -0.615348 -0.577755 -0.536233
v -0.0317755 0.0775315 0.0184356
vn -0.700481 -0.700572 -0.136105
v -0.0323335 0.0781308 0.0185601
vn -0.775287 -0.620223 -0.119386
v -0.0317755 0.0775315 0.0184356
vn -0.700481 -0.700572 -0.136105
v -0.0316501 0.0775224 0.0199468
vn -0.680351 -0.709142 0.185038
v -0.0320245 0.0779246 0.0200305
vn -0.716725 -0.670068 0.193168
v -0.03116 0.0769777 0.0184558
vn -0.617927 -0.774838 -0.133386
v -0.0316501 0.0775224 0.0199468
vn -0.680351 -0.709142 0.185038
v -0.0317755 0.0775315 0.0184356
vn -0.700481 -0.700572 -0.136105
v -0.0317755 0.0775315 0.0184356
vn -0.700481 -0.700572 -0.136105
v -0.0320245 0.0779246 0.0200305
vn -0.716725 -0.670068 0.193168
v -0.0323335 0.0781308 0.0185601
vn -0.775287 -0.620223 -0.119386
v -0.0323335 0.0781308 0.0185601
vn -0.775287 -0.620223 -0.119386
v -0.0320245 0.0779246 0.0200305
vn -0.716725 -0.670068 0.193168
v -0.0323458 0.0783418 0.020208
vn -0.74786 -0.62964 0.210377
v -0.0316501 0.0775224 0.0199468
vn -0.680351 -0.709142 0.185038
v -0.0313553 0.0780118 0.0215397
vn -0.638062 -0.665261 0.387691
v -0.0320245 0.0779246 0.0200305
vn -0.716725 -0.670068 0.193168
v -0.0320245 0.0779246 0.0200305
vn -0.716725 -0.670068 0.193168
v -0.0313553 0.0780118 0.0215397
vn -0.638062 -0.665261 0.387691
v -0.0314908 0.0781877 0.0216146
vn -0.645762 -0.65528 0.391918
v -0.0320245 0.0779246 0.0200305
vn -0.716725 -0.670068 0.193168
v -0.0314908 0.0781877 0.0216146
vn -0.645762 -0.65528 0.391918
v -0.0323458 0.0783418 0.020208
vn -0.74786 -0.62964 0.210377
v -0.0299474 0.0779917 0.0234154
vn -0.557263 -0.666452 0.495278
v -0.0314908 0.0781877 0.0216146
vn -0.645762 -0.65528 0.391918
v -0.0313553 0.0780118 0.0215397
vn -0.638062 -0.665261 0.387691
v -0.0299474 0.0779917 0.0234154
vn -0.557263 -0.666452 0.495278
v -0.0300554 0.0781673 0.023527
vn -0.563417 -0.656438 0.501648
v -0.0314908 0.0781877 0.0216146
vn -0.645762 -0.65528 0.391918
v -0.0323458 0.0783418 0.020208
vn -0.74786 -0.62964 0.210377
v -0.0314908 0.0781877 0.0216146
vn -0.645762 -0.65528 0.391918
v -0.0315988 0.0783633 0.0217262
vn -0.651998 -0.645143 0.398357
v -0.0300554 0.0781673 0.023527
vn -0.563417 -0.656438 0.501648
v -0.0315988 0.0783633 0.0217262
vn -0.651998 -0.645143 0.398357
v -0.0314908 0.0781877 0.0216146
vn -0.645762 -0.65528 0.391918
v -0.0300554 0.0781673 0.023527
vn -0.563417 -0.656438 0.501648
v -0.030191 0.0783433 0.0236019
vn -0.571176 -0.64637 0.505928
v -0.0315988 0.0783633 0.0217262
vn -0.651998 -0.645143 0.398357
v -0.030191 0.0783433 0.0236019
vn -0.571176 -0.64637 0.505928
v -0.031675 0.0785317 0.0218703
vn -0.656378 -0.635446 0.406664
v -0.0315988 0.0783633 0.0217262
vn -0.651998 -0.645143 0.398357
v -0.0326019 0.0787581 0.0204727
vn -0.772698 -0.589244 0.23607
v -0.0315988 0.0783633 0.0217262
vn -0.651998 -0.645143 0.398357
v -0.031675 0.0785317 0.0218703
vn -0.656378 -0.635446 0.406664
v -0.0323458 0.0783418 0.020208
vn -0.74786 -0.62964 0.210377
v -0.0315988 0.0783633 0.0217262
vn -0.651998 -0.645143 0.398357
v -0.0326019 0.0787581 0.0204727
vn -0.772698 -0.589244 0.23607
v -0.0328124 0.0787526 0.0188247
vn -0.839456 -0.536908 -0.0839209
v -0.0323458 0.0783418 0.020208
vn -0.74786 -0.62964 0.210377
v -0.0326019 0.0787581 0.0204727
vn -0.772698 -0.589244 0.23607
v -0.0331938 0.079373 0.0192192
vn -0.890596 -0.453733 -0.031052
v -0.0326019 0.0787581 0.0204727
vn -0.772698 -0.589244 0.23607
v -0.0327826 0.0791575 0.0208143
vn -0.790301 -0.550353 0.269326
v -0.0326019 0.0787581 0.0204727
vn -0.772698 -0.589244 0.23607
v -0.031675 0.0785317 0.0218703
vn -0.656378 -0.635446 0.406664
v -0.0327826 0.0791575 0.0208143
vn -0.790301 -0.550353 0.269326
v -0.0328124 0.0787526 0.0188247
vn -0.839456 -0.536908 -0.0839209
v -0.0326019 0.0787581 0.0204727
vn -0.772698 -0.589244 0.23607
v -0.0331938 0.079373 0.0192192
vn -0.890596 -0.453733 -0.031052
v -0.0322353 0.078599 0.0173526
vn -0.728743 -0.455985 -0.510893
v -0.0328124 0.0787526 0.0188247
vn -0.839456 -0.536908 -0.0839209
v -0.0328195 0.0793575 0.0176753
vn -0.826066 -0.329626 -0.457124
v -0.0322353 0.078599 0.0173526
vn -0.728743 -0.455985 -0.510893
v -0.0323335 0.0781308 0.0185601
vn -0.775287 -0.620223 -0.119386
v -0.0328124 0.0787526 0.0188247
vn -0.839456 -0.536908 -0.0839209
v -0.0323335 0.0781308 0.0185601
vn -0.775287 -0.620223 -0.119386
v -0.0323458 0.0783418 0.020208
vn -0.74786 -0.62964 0.210377
v -0.0328124 0.0787526 0.0188247
vn -0.839456 -0.536908 -0.0839209
v -0.0328195 0.0793575 0.0176753
vn -0.826066 -0.329626 -0.457124
v -0.0328124 0.0787526 0.0188247
vn -0.839456 -0.536908 -0.0839209
v -0.0331938 0.079373 0.0192192
vn -0.890596 -0.453733 -0.031052
v -0.031745 0.079258 0.0165916
vn -0.570147 -0.233069 -0.787789
v -0.0328195 0.0793575 0.0176753
vn -0.826066 -0.329626 -0.457124
v -0.0323661 0.0800644 0.0169347
vn -0.682278 -0.087448 -0.725844
v -0.031745 0.079258 0.0165916
vn -0.570147 -0.233069 -0.787789
v -0.0322353 0.078599 0.0173526
vn -0.728743 -0.455985 -0.510893
v -0.0328195 0.0793575 0.0176753
vn -0.826066 -0.329626 -0.457124
v -0.0323661 0.0800644 0.0169347
vn -0.682278 -0.087448 -0.725844
v -0.0328195 0.0793575 0.0176753
vn -0.826066 -0.329626 -0.457124
v -0.0332848 0.0801142 0.0181564
vn -0.903603 -0.203484 -0.376957
v -0.0328195 0.0793575 0.0176753
vn -0.826066 -0.329626 -0.457124
v -0.0331938 0.079373 0.0192192
vn -0.890596 -0.453733 -0.031052
v -0.0332848 0.0801142 0.0181564
vn -0.903603 -0.203484 -0.376957
v -0.0332848 0.0801142 0.0181564
vn -0.903603 -0.203484 -0.376957
v -0.0331938 0.079373 0.0192192
vn -0.890596 -0.453733 -0.031052
v -0.0334631 0.0799681 0.0197283
vn -0.926721 -0.373901 0.037229
v -0.0332848 0.0801142 0.0181564
vn -0.903603 -0.203484 -0.376957
v -0.0334631 0.0799681 0.0197283
vn -0.926721 -0.373901 0.037229
v -0.0336132 0.0808402 0.0187775
vn -0.958326 -0.0825467 -0.27349
v -0.0328608 0.0808691 0.0174463
vn -0.771599 0.0578285 -0.633476
v -0.0332848 0.0801142 0.0181564
vn -0.903603 -0.203484 -0.376957
v -0.0336132 0.0808402 0.0187775
vn -0.958326 -0.0825467 -0.27349
v -0.0323661 0.0800644 0.0169347
vn -0.682278 -0.087448 -0.725844
v -0.0332848 0.0801142 0.0181564
vn -0.903603 -0.203484 -0.376957
v -0.0328608 0.0808691 0.0174463
vn -0.771599 0.0578285 -0.633476
v -0.0309954 0.0815512 0.0159219
vn -0.622917 -0.0166512 -0.782111
v -0.0328608 0.0808691 0.0174463
vn -0.771599 0.0578285 -0.633476
v -0.0314901 0.0823559 0.0164335
vn -0.713643 0.128919 -0.688545
v -0.0309954 0.0815512 0.0159219
vn -0.622917 -0.0166512 -0.782111
v -0.0323661 0.0800644 0.0169347
vn -0.682278 -0.087448 -0.725844
v -0.0328608 0.0808691 0.0174463
vn -0.771599 0.0578285 -0.633476
v -0.0314901 0.0823559 0.0164335
vn -0.713643 0.128919 -0.688545
v -0.0328608 0.0808691 0.0174463
vn -0.771599 0.0578285 -0.633476
v -0.0332101 0.0816411 0.0181067
vn -0.834662 0.197164 -0.514262
v -0.0328608 0.0808691 0.0174463
vn -0.771599 0.0578285 -0.633476
v -0.0336132 0.0808402 0.0187775
vn -0.958326 -0.0825467 -0.27349
v -0.0332101 0.0816411 0.0181067
vn -0.834662 0.197164 -0.514262
v -0.0332101 0.0816411 0.0181067
vn -0.834662 0.197164 -0.514262
v -0.0336132 0.0808402 0.0187775
vn -0.958326 -0.0825467 -0.27349
v -0.0337924 0.0815076 0.0195146
vn -0.988164 0.0285901 -0.150713
v -0.0318394 0.0831277 0.0170938
vn -0.778828 0.267628 -0.567276
v -0.0332101 0.0816411 0.0181067
vn -0.834662 0.197164 -0.514262
v -0.0334006 0.0823506 0.0188904
vn -0.869045 0.325255 -0.372786
v -0.0314901 0.0823559 0.0164335
vn -0.713643 0.128919 -0.688545
v -0.0332101 0.0816411 0.0181067
vn -0.834662 0.197164 -0.514262
v -0.0318394 0.0831277 0.0170938
vn -0.778828 0.267628 -0.567276
v -0.0332101 0.0816411 0.0181067
vn -0.834662 0.197164 -0.514262
v -0.0337924 0.0815076 0.0195146
vn -0.988164 0.0285901 -0.150713
v -0.0334006 0.0823506 0.0188904
vn -0.869045 0.325255 -0.372786
v -0.0334006 0.0823506 0.0188904
vn -0.869045 0.325255 -0.372786
v -0.0338153 0.0820905 0.0203393
vn -0.991977 0.125718 -0.0132623
v -0.0334249 0.0829705 0.0197674
vn -0.873435 0.437177 -0.214445
v -0.0334006 0.0823506 0.0188904
vn -0.869045 0.325255 -0.372786
v -0.0337924 0.0815076 0.0195146
vn -0.988164 0.0285901 -0.150713
v -0.0338153 0.0820905 0.0203393
vn -0.991977 0.125718 -0.0132623
v -0.0320299 0.0838373 0.0178775
vn -0.81593 0.394169 -0.422953
v -0.0334006 0.0823506 0.0188904
vn -0.869045 0.325255 -0.372786
v -0.0334249 0.0829705 0.0197674
vn -0.873435 0.437177 -0.214445
v -0.0318394 0.0831277 0.0170938
vn -0.778828 0.267628 -0.567276
v -0.0334006 0.0823506 0.0188904
vn -0.869045 0.325255 -0.372786
v -0.0320299 0.0838373 0.0178775
vn -0.81593 0.394169 -0.422953
v -0.0260277 0.0926461 0.0134844
vn -0.828901 0.472593 -0.299298
v -0.0257052 0.0921673 0.0122384
vn -0.808966 0.374099 -0.453458
v -0.0320299 0.0838373 0.0178775
vn -0.81593 0.394169 -0.422953
v -0.0257052 0.0921673 0.0122384
vn -0.808966 0.374099 -0.453458
v -0.0318394 0.0831277 0.0170938
vn -0.778828 0.267628 -0.567276
v -0.0320299 0.0838373 0.0178775
vn -0.81593 0.394169 -0.422953
v -0.0260277 0.0926461 0.0134844
vn -0.828901 0.472593 -0.299298
v -0.0320299 0.0838373 0.0178775
vn -0.81593 0.394169 -0.422953
v -0.0320542 0.0844572 0.0187545
vn -0.823453 0.503729 -0.261117
v -0.0320299 0.0838373 0.0178775
vn -0.81593 0.394169 -0.422953
v -0.0334249 0.0829705 0.0197674
vn -0.873435 0.437177 -0.214445
v -0.0320542 0.0844572 0.0187545
vn -0.823453 0.503729 -0.261117
v -0.0260277 0.0926461 0.0134844
vn -0.828901 0.472593 -0.299298
v -0.0202547 0.0988337 0.00891546
vn -0.706817 0.515934 -0.483965
v -0.0257052 0.0921673 0.0122384
vn -0.808966 0.374099 -0.453458
v -0.0262073 0.0929216 0.0148393
vn -0.823729 0.551354 -0.132207
v -0.0260277 0.0926461 0.0134844
vn -0.828901 0.472593 -0.299298
v -0.0320542 0.0844572 0.0187545
vn -0.823453 0.503729 -0.261117
v -0.0260277 0.0926461 0.0134844
vn -0.828901 0.472593 -0.299298
v -0.0206588 0.0994096 0.0104477
vn -0.724778 0.612927 -0.31467
v -0.0202547 0.0988337 0.00891546
vn -0.706817 0.515934 -0.483965
v -0.0262073 0.0929216 0.0148393
vn -0.823729 0.551354 -0.132207
v -0.0206588 0.0994096 0.0104477
vn -0.724778 0.612927 -0.31467
v -0.0260277 0.0926461 0.0134844
vn -0.828901 0.472593 -0.299298
v -0.0262073 0.0929216 0.0148393
vn -0.823729 0.551354 -0.132207
v -0.0208886 0.0997349 0.0121129
vn -0.716784 0.684111 -0.134958
v -0.0206588 0.0994096 0.0104477
vn -0.724778 0.612927 -0.31467
v -0.0208886 0.0997349 0.0121129
vn -0.716784 0.684111 -0.134958
v -0.0204053 0.0995928 0.0103515
vn -0.372996 0.869945 -0.322599
v -0.0206588 0.0994096 0.0104477
vn -0.724778 0.612927 -0.31467
v -0.0206588 0.0994096 0.0104477
vn -0.724778 0.612927 -0.31467
v -0.0204053 0.0995928 0.0103515
vn -0.372996 0.869945 -0.322599
v -0.0200062 0.0990149 0.00882682
vn -0.364973 0.783947 -0.502216
v -0.0206588 0.0994096 0.0104477
vn -0.724778 0.612927 -0.31467
v -0.0200062 0.0990149 0.00882682
vn -0.364973 0.783947 -0.502216
v -0.0202547 0.0988337 0.00891546
vn -0.706817 0.515934 -0.483965
v -0.0204053 0.0995928 0.0103515
vn -0.372996 0.869945 -0.322599
v -0.0197025 0.0990361 0.0088211
vn 0.187387 0.903993 -0.384295
v -0.0200062 0.0990149 0.00882682
vn -0.364973 0.783947 -0.502216
v -0.0200062 0.0990149 0.00882682
vn -0.364973 0.783947 -0.502216
v -0.0197025 0.0990361 0.0088211
vn 0.187387 0.903993 -0.384295
v -0.0191637 0.0982521 0.00752905
vn 0.21516 0.829187 -0.515902
v -0.0200062 0.0990149 0.00882682
vn -0.364973 0.783947 -0.502216
v -0.0191637 0.0982521 0.00752905
vn 0.21516 0.829187 -0.515902
v -0.0194495 0.0982105 0.00749567
vn -0.328457 0.66796 -0.667792
v -0.0202547 0.0988337 0.00891546
vn -0.706817 0.515934 -0.483965
v -0.0200062 0.0990149 0.00882682
vn -0.364973 0.783947 -0.502216
v -0.0194495 0.0982105 0.00749567
vn -0.328457 0.66796 -0.667792
v -0.0196926 0.0980284 0.00757572
vn -0.662165 0.396704 -0.635739
v -0.0194495 0.0982105 0.00749567
vn -0.328457 0.66796 -0.667792
v -0.0187572 0.0972109 0.00640884
vn -0.261193 0.527546 -0.808377
v -0.0194495 0.0982105 0.00749567
vn -0.328457 0.66796 -0.667792
v -0.018495 0.0972829 0.00647786
vn 0.266422 0.730345 -0.62898
v -0.0187572 0.0972109 0.00640884
vn -0.261193 0.527546 -0.808377
v -0.0194495 0.0982105 0.00749567
vn -0.328457 0.66796 -0.667792
v -0.0191637 0.0982521 0.00752905
vn 0.21516 0.829187 -0.515902
v -0.018495 0.0972829 0.00647786
vn 0.266422 0.730345 -0.62898
v -0.0202547 0.0988337 0.00891546
vn -0.706817 0.515934 -0.483965
v -0.0194495 0.0982105 0.00749567
vn -0.328457 0.66796 -0.667792
v -0.0196926 0.0980284 0.00757572
vn -0.662165 0.396704 -0.635739
v -0.0187572 0.0972109 0.00640884
vn -0.261193 0.527546 -0.808377
v -0.018495 0.0972829 0.00647786
vn 0.266422 0.730345 -0.62898
v -0.0177219 0.0961653 0.0057042
vn 0.340754 0.613955 -0.712002
v -0.018495 0.0972829 0.00647786
vn 0.266422 0.730345 -0.62898
v -0.0175194 0.0961759 0.00594858
vn 0.678521 0.650795 -0.340699
v -0.0177219 0.0961653 0.0057042
vn 0.340754 0.613955 -0.712002
v -0.018495 0.0972829 0.00647786
vn 0.266422 0.730345 -0.62898
v -0.0182474 0.0972291 0.0066773
vn 0.64282 0.704137 -0.301618
v -0.0175194 0.0961759 0.00594858
vn 0.678521 0.650795 -0.340699
v -0.0191637 0.0982521 0.00752905
vn 0.21516 0.829187 -0.515902
v -0.0182474 0.0972291 0.0066773
vn 0.64282 0.704137 -0.301618
v -0.018495 0.0972829 0.00647786
vn 0.266422 0.730345 -0.62898
v -0.0182474 0.0972291 0.0066773
vn 0.64282 0.704137 -0.301618
v -0.0173794 0.0960846 0.0063034
vn 0.798274 0.596629 -0.0824132
v -0.0175194 0.0961759 0.00594858
vn 0.678521 0.650795 -0.340699
v -0.0182474 0.0972291 0.0066773
vn 0.64282 0.704137 -0.301618
v -0.0180521 0.0970579 0.0069767
vn 0.79011 0.608512 -0.0737536
v -0.0173794 0.0960846 0.0063034
vn 0.798274 0.596629 -0.0824132
v -0.0188788 0.0981467 0.00767073
vn 0.615758 0.747767 -0.248366
v -0.0180521 0.0970579 0.0069767
vn 0.79011 0.608512 -0.0737536
v -0.0182474 0.0972291 0.0066773
vn 0.64282 0.704137 -0.301618
v -0.0191637 0.0982521 0.00752905
vn 0.21516 0.829187 -0.515902
v -0.0188788 0.0981467 0.00767073
vn 0.615758 0.747767 -0.248366
v -0.0182474 0.0972291 0.0066773
vn 0.64282 0.704137 -0.301618
v -0.01939 0.0988945 0.00889913
vn 0.598158 0.779395 -0.186415
v -0.0186383 0.0979105 0.0078992
vn 0.783525 0.618252 -0.0620793
v -0.0188788 0.0981467 0.00767073
vn 0.615758 0.747767 -0.248366
v -0.0188788 0.0981467 0.00767073
vn 0.615758 0.747767 -0.248366
v -0.0186383 0.0979105 0.0078992
vn 0.783525 0.618252 -0.0620793
v -0.0180521 0.0970579 0.0069767
vn 0.79011 0.608512 -0.0737536
v -0.0197025 0.0990361 0.0088211
vn 0.187387 0.903993 -0.384295
v -0.0188788 0.0981467 0.00767073
vn 0.615758 0.747767 -0.248366
v -0.0191637 0.0982521 0.00752905
vn 0.21516 0.829187 -0.515902
v -0.0197025 0.0990361 0.0088211
vn 0.187387 0.903993 -0.384295
v -0.01939 0.0988945 0.00889913
vn 0.598158 0.779395 -0.186415
v -0.0188788 0.0981467 0.00767073
vn 0.615758 0.747767 -0.248366
v -0.01939 0.0988945 0.00889913
vn 0.598158 0.779395 -0.186415
v -0.0191163 0.0986111 0.00904897
vn 0.7788 0.625405 -0.0483731
v -0.0186383 0.0979105 0.0078992
vn 0.783525 0.618252 -0.0620793
v -0.0200892 0.0996034 0.010307
vn 0.18006 0.952507 -0.24558
v -0.01939 0.0988945 0.00889913
vn 0.598158 0.779395 -0.186415
v -0.0197025 0.0990361 0.0088211
vn 0.187387 0.903993 -0.384295
v -0.0200892 0.0996034 0.010307
vn 0.18006 0.952507 -0.24558
v -0.0197586 0.0994399 0.0103211
vn 0.589338 0.798747 -0.121175
v -0.01939 0.0988945 0.00889913
vn 0.598158 0.779395 -0.186415
v -0.0197586 0.0994399 0.0103211
vn 0.589338 0.798747 -0.121175
v -0.0191163 0.0986111 0.00904897
vn 0.7788 0.625405 -0.0483731
v -0.01939 0.0988945 0.00889913
vn 0.598158 0.779395 -0.186415
v -0.0203071 0.0999296 0.0119302
vn 0.189071 0.975955 -0.10846
v -0.0199664 0.0997566 0.0118833
vn 0.587702 0.807092 -0.0566448
v -0.0197586 0.0994399 0.0103211
vn 0.589338 0.798747 -0.121175
v -0.0199664 0.0997566 0.0118833
vn 0.587702 0.807092 -0.0566448
v -0.0194637 0.0991271 0.0103914
vn 0.775769 0.630107 -0.0338703
v -0.0197586 0.0994399 0.0103211
vn 0.589338 0.798747 -0.121175
v -0.0203071 0.0999296 0.0119302
vn 0.189071 0.975955 -0.10846
v -0.0197586 0.0994399 0.0103211
vn 0.589338 0.798747 -0.121175
v -0.0200892 0.0996034 0.010307
vn 0.18006 0.952507 -0.24558
v -0.0197586 0.0994399 0.0103211
vn 0.589338 0.798747 -0.121175
v -0.0194637 0.0991271 0.0103914
vn 0.775769 0.630107 -0.0338703
v -0.0191163 0.0986111 0.00904897
vn 0.7788 0.625405 -0.0483731
v -0.0191163 0.0986111 0.00904897
vn 0.7788 0.625405 -0.0483731
v -0.0194637 0.0991271 0.0103914
vn 0.775769 0.630107 -0.0338703
v -0.0167546 0.0953836 0.0209838
vn 0.800335 0.596065 0.064575
v -0.0194637 0.0991271 0.0103914
vn 0.775769 0.630107 -0.0338703
v -0.0175226 0.0964748 0.0202371
vn 0.793133 0.606452 0.0561799
v -0.0167546 0.0953836 0.0209838
vn 0.800335 0.596065 0.064575
v -0.0199664 0.0997566 0.0118833
vn 0.587702 0.807092 -0.0566448
v -0.0196607 0.0994292 0.0118773
vn 0.774472 0.632321 -0.0190591
v -0.0194637 0.0991271 0.0103914
vn 0.775769 0.630107 -0.0338703
v -0.0194637 0.0991271 0.0103914
vn 0.775769 0.630107 -0.0338703
v -0.0196607 0.0994292 0.0118773
vn 0.774472 0.632321 -0.0190591
v -0.0175226 0.0964748 0.0202371
vn 0.793133 0.606452 0.0561799
v -0.0169338 0.0955282 0.0213797
vn 0.710937 0.647006 0.275593
v -0.0167546 0.0953836 0.0209838
vn 0.800335 0.596065 0.064575
v -0.0175226 0.0964748 0.0202371
vn 0.793133 0.606452 0.0561799
v -0.0169338 0.0955282 0.0213797
vn 0.710937 0.647006 0.275593
v -0.0175226 0.0964748 0.0202371
vn 0.793133 0.606452 0.0561799
v -0.0177411 0.096675 0.020595
vn 0.681389 0.689445 0.245713
v -0.0177411 0.096675 0.020595
vn 0.681389 0.689445 0.245713
v -0.0175226 0.0964748 0.0202371
vn 0.793133 0.606452 0.0561799
v -0.0182163 0.0974557 0.0192246
vn 0.787059 0.615149 0.0461477
v -0.0196607 0.0994292 0.0118773
vn 0.774472 0.632321 -0.0190591
v -0.0182163 0.0974557 0.0192246
vn 0.787059 0.615149 0.0461477
v -0.0175226 0.0964748 0.0202371
vn 0.793133 0.606452 0.0561799
v -0.0162881 0.0942812 0.0222355
vn 0.580623 0.564338 0.586856
v -0.0169338 0.0955282 0.0213797
vn 0.710937 0.647006 0.275593
v -0.0171815 0.0955536 0.0217299
vn 0.511519 0.658038 0.55257
v -0.0162881 0.0942812 0.0222355
vn 0.580623 0.564338 0.586856
v -0.0160784 0.0943087 0.0218641
vn 0.743833 0.599093 0.296309
v -0.0169338 0.0955282 0.0213797
vn 0.710937 0.647006 0.275593
v -0.0160784 0.0943087 0.0218641
vn 0.743833 0.599093 0.296309
v -0.0167546 0.0953836 0.0209838
vn 0.800335 0.596065 0.064575
v -0.0169338 0.0955282 0.0213797
vn 0.710937 0.647006 0.275593
v -0.0171815 0.0955536 0.0217299
vn 0.511519 0.658038 0.55257
v -0.0169338 0.0955282 0.0213797
vn 0.710937 0.647006 0.275593
v -0.0177411 0.096675 0.020595
vn 0.681389 0.689445 0.245713
v -0.0165439 0.0941529 0.0224988
vn 0.303973 0.441104 0.844409
v -0.0162881 0.0942812 0.0222355
vn 0.580623 0.564338 0.586856
v -0.0171815 0.0955536 0.0217299
vn 0.511519 0.658038 0.55257
v -0.0165439 0.0941529 0.0224988
vn 0.303973 0.441104 0.844409
v -0.0171815 0.0955536 0.0217299
vn 0.511519 0.658038 0.55257
v -0.0174601 0.0954558 0.021981
vn 0.193358 0.568887 0.799362
v -0.0174601 0.0954558 0.021981
vn 0.193358 0.568887 0.799362
v -0.0171815 0.0955536 0.0217299
vn 0.511519 0.658038 0.55257
v -0.0180198 0.0967436 0.0209154
vn 0.446499 0.742278 0.499662
v -0.0171815 0.0955536 0.0217299
vn 0.511519 0.658038 0.55257
v -0.0177411 0.096675 0.020595
vn 0.681389 0.689445 0.245713
v -0.0180198 0.0967436 0.0209154
vn 0.446499 0.742278 0.499662
v -0.0156036 0.0928113 0.022684
vn 0.415316 0.302794 0.857804
v -0.0162881 0.0942812 0.0222355
vn 0.580623 0.564338 0.586856
v -0.0165439 0.0941529 0.0224988
vn 0.303973 0.441104 0.844409
v -0.0158614 0.0925971 0.0227999
vn 0.165259 0.128052 0.977902
v -0.0165439 0.0941529 0.0224988
vn 0.303973 0.441104 0.844409
v -0.0168071 0.0939437 0.0226141
vn 0.030651 0.27793 0.960112
v -0.0168071 0.0939437 0.0226141
vn 0.030651 0.27793 0.960112
v -0.0165439 0.0941529 0.0224988
vn 0.303973 0.441104 0.844409
v -0.0174601 0.0954558 0.021981
vn 0.193358 0.568887 0.799362
v -0.0158614 0.0925971 0.0227999
vn 0.165259 0.128052 0.977902
v -0.0156036 0.0928113 0.022684
vn 0.415316 0.302794 0.857804
v -0.0165439 0.0941529 0.0224988
vn 0.303973 0.441104 0.844409
v -0.0213167 0.086024 0.0234341
vn 0.288182 -0.0337712 0.95698
v -0.0149274 0.0912608 0.0226453
vn 0.294006 -0.0301546 0.955328
v -0.0158614 0.0925971 0.0227999
vn 0.165259 0.128052 0.977902
v -0.0149274 0.0912608 0.0226453
vn 0.294006 -0.0301546 0.955328
v -0.0156036 0.0928113 0.022684
vn 0.415316 0.302794 0.857804
v -0.0158614 0.0925971 0.0227999
vn 0.165259 0.128052 0.977902
v -0.0220781 0.0871173 0.0235603
vn 0.151018 0.119873 0.981236
v -0.0158614 0.0925971 0.0227999
vn 0.165259 0.128052 0.977902
v -0.0168071 0.0939437 0.0226141
vn 0.030651 0.27793 0.960112
v -0.0213167 0.086024 0.0234341
vn 0.288182 -0.0337712 0.95698
v -0.0158614 0.0925971 0.0227999
vn 0.165259 0.128052 0.977902
v -0.0220781 0.0871173 0.0235603
vn 0.151018 0.119873 0.981236
v -0.0205934 0.0849819 0.0230345
vn 0.407663 -0.191529 0.89282
v -0.0213167 0.086024 0.0234341
vn 0.288182 -0.0337712 0.95698
v -0.0250378 0.0822639 0.0250298
vn 0.432121 0.0803109 0.898232
v -0.0205934 0.0849819 0.0230345
vn 0.407663 -0.191529 0.89282
v -0.0149274 0.0912608 0.0226453
vn 0.294006 -0.0301546 0.955328
v -0.0213167 0.086024 0.0234341
vn 0.288182 -0.0337712 0.95698
v -0.0213167 0.086024 0.0234341
vn 0.288182 -0.0337712 0.95698
v -0.0257614 0.0830412 0.0251914
vn 0.300137 0.221162 0.927904
v -0.0250378 0.0822639 0.0250298
vn 0.432121 0.0803109 0.898232
v -0.0213167 0.086024 0.0234341
vn 0.288182 -0.0337712 0.95698
v -0.0220781 0.0871173 0.0235603
vn 0.151018 0.119873 0.981236
v -0.0257614 0.0830412 0.0251914
vn 0.300137 0.221162 0.927904
v -0.0250378 0.0822639 0.0250298
vn 0.432121 0.0803109 0.898232
v -0.0257873 0.0799707 0.0256995
vn 0.505431 -0.104363 0.856532
v -0.0244166 0.0814575 0.0246866
vn 0.545304 -0.0658604 0.835647
v -0.0250378 0.0822639 0.0250298
vn 0.432121 0.0803109 0.898232
v -0.0264085 0.0807772 0.0260427
vn 0.393272 0.0412164 0.918498
v -0.0257873 0.0799707 0.0256995
vn 0.505431 -0.104363 0.856532
v -0.0205934 0.0849819 0.0230345
vn 0.407663 -0.191529 0.89282
v -0.0250378 0.0822639 0.0250298
vn 0.432121 0.0803109 0.898232
v -0.0244166 0.0814575 0.0246866
vn 0.545304 -0.0658604 0.835647
v -0.0257614 0.0830412 0.0251914
vn 0.300137 0.221162 0.927904
v -0.0264085 0.0807772 0.0260427
vn 0.393272 0.0412164 0.918498
v -0.0250378 0.0822639 0.0250298
vn 0.432121 0.0803109 0.898232
v -0.0264085 0.0807772 0.0260427
vn 0.393272 0.0412164 0.918498
v -0.0266322 0.0792693 0.0259185
vn 0.204779 -0.344278 0.916263
v -0.0257873 0.0799707 0.0256995
vn 0.505431 -0.104363 0.856532
v -0.0264085 0.0807772 0.0260427
vn 0.393272 0.0412164 0.918498
v -0.0272165 0.0800278 0.0262412
vn 0.107461 -0.217914 0.970034
v -0.0266322 0.0792693 0.0259185
vn 0.204779 -0.344278 0.916263
v -0.0271321 0.0815545 0.0262043
vn 0.262642 0.181566 0.947657
v -0.0272165 0.0800278 0.0262412
vn 0.107461 -0.217914 0.970034
v -0.0264085 0.0807772 0.0260427
vn 0.393272 0.0412164 0.918498
v -0.0257614 0.0830412 0.0251914
vn 0.300137 0.221162 0.927904
v -0.0271321 0.0815545 0.0262043
vn 0.262642 0.181566 0.947657
v -0.0264085 0.0807772 0.0260427
vn 0.393272 0.0412164 0.918498
v -0.0271321 0.0815545 0.0262043
vn 0.262642 0.181566 0.947657
v -0.027897 0.0807588 0.0263932
vn -0.00591022 -0.0961139 0.995353
v -0.0272165 0.0800278 0.0262412
vn 0.107461 -0.217914 0.970034
v -0.0279305 0.0822726 0.026178
vn 0.118502 0.311222 0.94292
v -0.027897 0.0807588 0.0263932
vn -0.00591022 -0.0961139 0.995353
v -0.0271321 0.0815545 0.0262043
vn 0.262642 0.181566 0.947657
v -0.0265598 0.0837594 0.0251651
vn 0.154598 0.351528 0.923324
v -0.0271321 0.0815545 0.0262043
vn 0.262642 0.181566 0.947657
v -0.0257614 0.0830412 0.0251914
vn 0.300137 0.221162 0.927904
v -0.0265598 0.0837594 0.0251651
vn 0.154598 0.351528 0.923324
v -0.0279305 0.0822726 0.026178
vn 0.118502 0.311222 0.94292
v -0.0271321 0.0815545 0.0262043
vn 0.262642 0.181566 0.947657
v -0.0274023 0.0843909 0.0249521
vn 0.00141804 0.466658 0.884437
v -0.0279305 0.0822726 0.026178
vn 0.118502 0.311222 0.94292
v -0.0265598 0.0837594 0.0251651
vn 0.154598 0.351528 0.923324
v -0.0274023 0.0843909 0.0249521
vn 0.00141804 0.466658 0.884437
v -0.028773 0.0829042 0.025965
vn -0.0335752 0.425244 0.904456
v -0.0279305 0.0822726 0.026178
vn 0.118502 0.311222 0.94292
v -0.028773 0.0829042 0.025965
vn -0.0335752 0.425244 0.904456
v -0.0286479 0.0814343 0.0263685
vn -0.131044 0.0164104 0.991241
v -0.0279305 0.0822726 0.026178
vn 0.118502 0.311222 0.94292
v -0.0279305 0.0822726 0.026178
vn 0.118502 0.311222 0.94292
v -0.0286479 0.0814343 0.0263685
vn -0.131044 0.0164104 0.991241
v -0.027897 0.0807588 0.0263932
vn -0.00591022 -0.0961139 0.995353
v -0.0286479 0.0814343 0.0263685
vn -0.131044 0.0164104 0.991241
v -0.0287769 0.0799013 0.0259717
vn -0.298453 -0.382846 0.874274
v -0.027897 0.0807588 0.0263932
vn -0.00591022 -0.0961139 0.995353
v -0.0286479 0.0814343 0.0263685
vn -0.131044 0.0164104 0.991241
v -0.0293925 0.0804552 0.0259514
vn -0.380964 -0.308616 0.871563
v -0.0287769 0.0799013 0.0259717
vn -0.298453 -0.382846 0.874274
v -0.0294402 0.0820283 0.0261682
vn -0.263017 0.115388 0.957866
v -0.0293925 0.0804552 0.0259514
vn -0.380964 -0.308616 0.871563
v -0.0286479 0.0814343 0.0263685
vn -0.131044 0.0164104 0.991241
v -0.028773 0.0829042 0.025965
vn -0.0335752 0.425244 0.904456
v -0.0294402 0.0820283 0.0261682
vn -0.263017 0.115388 0.957866
v -0.0286479 0.0814343 0.0263685
vn -0.131044 0.0164104 0.991241
v -0.0294402 0.0820283 0.0261682
vn -0.263017 0.115388 0.957866
v -0.0300421 0.080942 0.0257872
vn -0.468027 -0.243367 0.849543
v -0.0293925 0.0804552 0.0259514
vn -0.380964 -0.308616 0.871563
v -0.0302435 0.0825179 0.0257998
vn -0.396899 0.196967 0.89648
v -0.0300421 0.080942 0.0257872
vn -0.468027 -0.243367 0.849543
v -0.0294402 0.0820283 0.0261682
vn -0.263017 0.115388 0.957866
v -0.0296271 0.0834248 0.0255733
vn -0.187793 0.519234 0.833745
v -0.0294402 0.0820283 0.0261682
vn -0.263017 0.115388 0.957866
v -0.028773 0.0829042 0.025965
vn -0.0335752 0.425244 0.904456
v -0.0296271 0.0834248 0.0255733
vn -0.187793 0.519234 0.833745
v -0.0302435 0.0825179 0.0257998
vn -0.396899 0.196967 0.89648
v -0.0294402 0.0820283 0.0261682
vn -0.263017 0.115388 0.957866
v -0.0302435 0.0825179 0.0257998
vn -0.396899 0.196967 0.89648
v -0.0307006 0.0813435 0.0254853
vn -0.556362 -0.189509 0.809042
v -0.0300421 0.080942 0.0257872
vn -0.468027 -0.243367 0.849543
v -0.03046 0.0838145 0.0250181
vn -0.338183 0.589569 0.733512
v -0.0302435 0.0825179 0.0257998
vn -0.396899 0.196967 0.89648
v -0.0296271 0.0834248 0.0255733
vn -0.187793 0.519234 0.833745
v -0.03046 0.0838145 0.0250181
vn -0.338183 0.589569 0.733512
v -0.0310269 0.0828843 0.0252776
vn -0.527437 0.25802 0.809467
v -0.0302435 0.0825179 0.0257998
vn -0.396899 0.196967 0.89648
v -0.0310269 0.0828843 0.0252776
vn -0.527437 0.25802 0.809467
v -0.0307006 0.0813435 0.0254853
vn -0.556362 -0.189509 0.809042
v -0.0302435 0.0825179 0.0257998
vn -0.396899 0.196967 0.89648
v -0.0310269 0.0828843 0.0252776
vn -0.527437 0.25802 0.809467
v -0.0313428 0.0816439 0.0250572
vn -0.642439 -0.149228 0.751667
v -0.0307006 0.0813435 0.0254853
vn -0.556362 -0.189509 0.809042
v -0.0317602 0.0831136 0.0246217
vn -0.649585 0.296206 0.700215
v -0.0313428 0.0816439 0.0250572
vn -0.642439 -0.149228 0.751667
v -0.0310269 0.0828843 0.0252776
vn -0.527437 0.25802 0.809467
v -0.0312398 0.0840583 0.0243207
vn -0.47896 0.633563 0.607614
v -0.0317602 0.0831136 0.0246217
vn -0.649585 0.296206 0.700215
v -0.0310269 0.0828843 0.0252776
vn -0.527437 0.25802 0.809467
v -0.0312398 0.0840583 0.0243207
vn -0.47896 0.633563 0.607614
v -0.0310269 0.0828843 0.0252776
vn -0.527437 0.25802 0.809467
v -0.03046 0.0838145 0.0250181
vn -0.338183 0.589569 0.733512
v -0.0298692 0.0855449 0.0233078
vn -0.44322 0.682372 0.581312
v -0.0312398 0.0840583 0.0243207
vn -0.47896 0.633563 0.607614
v -0.03046 0.0838145 0.0250181
vn -0.338183 0.589569 0.733512
v -0.0305659 0.0856334 0.0224949
vn -0.567112 0.701933 0.430899
v -0.0312398 0.0840583 0.0243207
vn -0.47896 0.633563 0.607614
v -0.0298692 0.0855449 0.0233078
vn -0.44322 0.682372 0.581312
v -0.0319365 0.0841467 0.0235078
vn -0.604732 0.649542 0.460862
v -0.0317602 0.0831136 0.0246217
vn -0.649585 0.296206 0.700215
v -0.0312398 0.0840583 0.0243207
vn -0.47896 0.633563 0.607614
v -0.0305659 0.0856334 0.0224949
vn -0.567112 0.701933 0.430899
v -0.0319365 0.0841467 0.0235078
vn -0.604732 0.649542 0.460862
v -0.0312398 0.0840583 0.0243207
vn -0.47896 0.633563 0.607614
v -0.0319365 0.0841467 0.0235078
vn -0.604732 0.649542 0.460862
v -0.0324155 0.0831968 0.0238572
vn -0.75875 0.310057 0.572855
v -0.0317602 0.0831136 0.0246217
vn -0.649585 0.296206 0.700215
v -0.0325233 0.0840765 0.0226108
vn -0.710665 0.636878 0.298903
v -0.0324155 0.0831968 0.0238572
vn -0.75875 0.310057 0.572855
v -0.0319365 0.0841467 0.0235078
vn -0.604732 0.649542 0.460862
v -0.0311526 0.0855632 0.0215979
vn -0.670446 0.693075 0.264858
v -0.0325233 0.0840765 0.0226108
vn -0.710665 0.636878 0.298903
v -0.0319365 0.0841467 0.0235078
vn -0.604732 0.649542 0.460862
v -0.0311526 0.0855632 0.0215979
vn -0.670446 0.693075 0.264858
v -0.0319365 0.0841467 0.0235078
vn -0.604732 0.649542 0.460862
v -0.0305659 0.0856334 0.0224949
vn -0.567112 0.701933 0.430899
v -0.0261164 0.0928286 0.0176652
vn -0.737298 0.639085 0.219002
v -0.0316069 0.085337 0.0206511
vn -0.74939 0.656035 0.0896216
v -0.0311526 0.0855632 0.0215979
vn -0.670446 0.693075 0.264858
v -0.0316069 0.085337 0.0206511
vn -0.74939 0.656035 0.0896216
v -0.0325233 0.0840765 0.0226108
vn -0.710665 0.636878 0.298903
v -0.0311526 0.0855632 0.0215979
vn -0.670446 0.693075 0.264858
v -0.0258491 0.0924637 0.0190277
vn -0.657309 0.643988 0.391439
v -0.0311526 0.0855632 0.0215979
vn -0.670446 0.693075 0.264858
v -0.0305659 0.0856334 0.0224949
vn -0.567112 0.701933 0.430899
v -0.0258491 0.0924637 0.0190277
vn -0.657309 0.643988 0.391439
v -0.0261164 0.0928286 0.0176652
vn -0.737298 0.639085 0.219002
v -0.0311526 0.0855632 0.0215979
vn -0.670446 0.693075 0.264858
v -0.0254461 0.0919025 0.020286
vn -0.554966 0.62115 0.55334
v -0.0258491 0.0924637 0.0190277
vn -0.657309 0.643988 0.391439
v -0.0305659 0.0856334 0.0224949
vn -0.567112 0.701933 0.430899
v -0.0254461 0.0919025 0.020286
vn -0.554966 0.62115 0.55334
v -0.0204755 0.099142 0.0172522
vn -0.555038 0.729038 0.400545
v -0.0258491 0.0924637 0.0190277
vn -0.657309 0.643988 0.391439
v -0.0258491 0.0924637 0.0190277
vn -0.657309 0.643988 0.391439
v -0.0207955 0.0995976 0.0155819
vn -0.629795 0.742375 0.228557
v -0.0261164 0.0928286 0.0176652
vn -0.737298 0.639085 0.219002
v -0.0258491 0.0924637 0.0190277
vn -0.657309 0.643988 0.391439
v -0.0204755 0.099142 0.0172522
vn -0.555038 0.729038 0.400545
v -0.0207955 0.0995976 0.0155819
vn -0.629795 0.742375 0.228557
v -0.0254461 0.0919025 0.020286
vn -0.554966 0.62115 0.55334
v -0.0199871 0.0984491 0.0187936
vn -0.462334 0.688219 0.559109
v -0.0204755 0.099142 0.0172522
vn -0.555038 0.729038 0.400545
v -0.0204755 0.099142 0.0172522
vn -0.555038 0.729038 0.400545
v -0.0205308 0.0997936 0.0154733
vn -0.261746 0.941707 0.211368
v -0.0207955 0.0995976 0.0155819
vn -0.629795 0.742375 0.228557
v -0.0204755 0.099142 0.0172522
vn -0.555038 0.729038 0.400545
v -0.0202083 0.0993415 0.0171424
vn -0.190965 0.910055 0.367875
v -0.0205308 0.0997936 0.0154733
vn -0.261746 0.941707 0.211368
v -0.0199871 0.0984491 0.0187936
vn -0.462334 0.688219 0.559109
v -0.0202083 0.0993415 0.0171424
vn -0.190965 0.910055 0.367875
v -0.0204755 0.099142 0.0172522
vn -0.555038 0.729038 0.400545
v -0.019718 0.0986511 0.0186831
vn -0.107832 0.854831 0.50758
v -0.0198828 0.0993681 0.0169736
vn 0.284484 0.925296 0.250793
v -0.0202083 0.0993415 0.0171424
vn -0.190965 0.910055 0.367875
v -0.0202083 0.0993415 0.0171424
vn -0.190965 0.910055 0.367875
v -0.0198828 0.0993681 0.0169736
vn 0.284484 0.925296 0.250793
v -0.0202028 0.0998106 0.0153308
vn 0.243621 0.959418 0.14201
v -0.0202083 0.0993415 0.0171424
vn -0.190965 0.910055 0.367875
v -0.0202028 0.0998106 0.0153308
vn 0.243621 0.959418 0.14201
v -0.0205308 0.0997936 0.0154733
vn -0.261746 0.941707 0.211368
v -0.0199871 0.0984491 0.0187936
vn -0.462334 0.688219 0.559109
v -0.019718 0.0986511 0.0186831
vn -0.107832 0.854831 0.50758
v -0.0202083 0.0993415 0.0171424
vn -0.190965 0.910055 0.367875
v -0.0193489 0.0975455 0.0201474
vn -0.354294 0.62084 0.699309
v -0.019079 0.0977489 0.0200362
vn -0.0148808 0.778167 0.627881
v -0.019718 0.0986511 0.0186831
vn -0.107832 0.854831 0.50758
v -0.019079 0.0977489 0.0200362
vn -0.0148808 0.778167 0.627881
v -0.0193985 0.0986899 0.0184905
vn 0.332424 0.876877 0.347249
v -0.019718 0.0986511 0.0186831
vn -0.107832 0.854831 0.50758
v -0.0193489 0.0975455 0.0201474
vn -0.354294 0.62084 0.699309
v -0.019718 0.0986511 0.0186831
vn -0.107832 0.854831 0.50758
v -0.0199871 0.0984491 0.0187936
vn -0.462334 0.688219 0.559109
v -0.019718 0.0986511 0.0186831
vn -0.107832 0.854831 0.50758
v -0.0193985 0.0986899 0.0184905
vn 0.332424 0.876877 0.347249
v -0.0198828 0.0993681 0.0169736
vn 0.284484 0.925296 0.250793
v -0.0187689 0.0978032 0.0198217
vn 0.386662 0.815535 0.430576
v -0.0190773 0.0985601 0.0182452
vn 0.633473 0.755927 0.165188
v -0.0193985 0.0986899 0.0184905
vn 0.332424 0.876877 0.347249
v -0.0193985 0.0986899 0.0184905
vn 0.332424 0.876877 0.347249
v -0.0190773 0.0985601 0.0182452
vn 0.633473 0.755927 0.165188
v -0.019549 0.0992178 0.0167716
vn 0.615449 0.779521 0.116491
v -0.019079 0.0977489 0.0200362
vn -0.0148808 0.778167 0.627881
v -0.0187689 0.0978032 0.0198217
vn 0.386662 0.815535 0.430576
v -0.0193985 0.0986899 0.0184905
vn 0.332424 0.876877 0.347249
v -0.0193985 0.0986899 0.0184905
vn 0.332424 0.876877 0.347249
v -0.019549 0.0992178 0.0167716
vn 0.615449 0.779521 0.116491
v -0.0198828 0.0993681 0.0169736
vn 0.284484 0.925296 0.250793
v -0.0183164 0.0966699 0.0211497
vn 0.0862096 0.682143 0.726119
v -0.0180198 0.0967436 0.0209154
vn 0.446499 0.742278 0.499662
v -0.0187689 0.0978032 0.0198217
vn 0.386662 0.815535 0.430576
v -0.0180198 0.0967436 0.0209154
vn 0.446499 0.742278 0.499662
v -0.018466 0.0977002 0.0195368
vn 0.655596 0.72577 0.208451
v -0.0187689 0.0978032 0.0198217
vn 0.386662 0.815535 0.430576
v -0.0183164 0.0966699 0.0211497
vn 0.0862096 0.682143 0.726119
v -0.0187689 0.0978032 0.0198217
vn 0.386662 0.815535 0.430576
v -0.019079 0.0977489 0.0200362
vn -0.0148808 0.778167 0.627881
v -0.0187689 0.0978032 0.0198217
vn 0.386662 0.815535 0.430576
v -0.018466 0.0977002 0.0195368
vn 0.655596 0.72577 0.208451
v -0.0190773 0.0985601 0.0182452
vn 0.633473 0.755927 0.165188
v -0.0180198 0.0967436 0.0209154
vn 0.446499 0.742278 0.499662
v -0.0177411 0.096675 0.020595
vn 0.681389 0.689445 0.245713
v -0.018466 0.0977002 0.0195368
vn 0.655596 0.72577 0.208451
v -0.018466 0.0977002 0.0195368
vn 0.655596 0.72577 0.208451
v -0.0188034 0.0982811 0.0179845
vn 0.782219 0.622031 0.0347971
v -0.0190773 0.0985601 0.0182452
vn 0.633473 0.755927 0.165188
v -0.018466 0.0977002 0.0195368
vn 0.655596 0.72577 0.208451
v -0.0182163 0.0974557 0.0192246
vn 0.787059 0.615149 0.0461477
v -0.0188034 0.0982811 0.0179845
vn 0.782219 0.622031 0.0347971
v -0.0177411 0.096675 0.020595
vn 0.681389 0.689445 0.245713
v -0.0182163 0.0974557 0.0192246
vn 0.787059 0.615149 0.0461477
v -0.018466 0.0977002 0.0195368
vn 0.655596 0.72577 0.208451
v -0.019694 0.0994978 0.0134466
vn 0.774506 0.632549 -0.00464267
v -0.0188034 0.0982811 0.0179845
vn 0.782219 0.622031 0.0347971
v -0.0182163 0.0974557 0.0192246
vn 0.787059 0.615149 0.0461477
v -0.019694 0.0994978 0.0134466
vn 0.774506 0.632549 -0.00464267
v -0.0195583 0.0993243 0.0150326
vn 0.775849 0.630851 0.00927378
v -0.0188034 0.0982811 0.0179845
vn 0.782219 0.622031 0.0347971
v -0.0195583 0.0993243 0.0150326
vn 0.775849 0.630851 0.00927378
v -0.0192574 0.0989133 0.0165672
vn 0.778429 0.62733 0.0224774
v -0.0188034 0.0982811 0.0179845
vn 0.782219 0.622031 0.0347971
v -0.0190773 0.0985601 0.0182452
vn 0.633473 0.755927 0.165188
v -0.0188034 0.0982811 0.0179845
vn 0.782219 0.622031 0.0347971
v -0.0192574 0.0989133 0.0165672
vn 0.778429 0.62733 0.0224774
v -0.0198614 0.0996457 0.0151761
vn 0.601589 0.796317 0.0630029
v -0.019694 0.0994978 0.0134466
vn 0.774506 0.632549 -0.00464267
v -0.0200019 0.0998272 0.013524
vn 0.592189 0.805782 0.00514913
v -0.0200019 0.0998272 0.013524
vn 0.592189 0.805782 0.00514913
v -0.019694 0.0994978 0.0134466
vn 0.774506 0.632549 -0.00464267
v -0.0196607 0.0994292 0.0118773
vn 0.774472 0.632321 -0.0190591
v -0.0196607 0.0994292 0.0118773
vn 0.774472 0.632321 -0.0190591
v -0.019694 0.0994978 0.0134466
vn 0.774506 0.632549 -0.00464267
v -0.0182163 0.0974557 0.0192246
vn 0.787059 0.615149 0.0461477
v -0.0198614 0.0996457 0.0151761
vn 0.601589 0.796317 0.0630029
v -0.0195583 0.0993243 0.0150326
vn 0.775849 0.630851 0.00927378
v -0.019694 0.0994978 0.0134466
vn 0.774506 0.632549 -0.00464267
v -0.0198828 0.0993681 0.0169736
vn 0.284484 0.925296 0.250793
v -0.019549 0.0992178 0.0167716
vn 0.615449 0.779521 0.116491
v -0.0198614 0.0996457 0.0151761
vn 0.601589 0.796317 0.0630029
v -0.019549 0.0992178 0.0167716
vn 0.615449 0.779521 0.116491
v -0.0195583 0.0993243 0.0150326
vn 0.775849 0.630851 0.00927378
v -0.0198614 0.0996457 0.0151761
vn 0.601589 0.796317 0.0630029
v -0.0198828 0.0993681 0.0169736
vn 0.284484 0.925296 0.250793
v -0.0198614 0.0996457 0.0151761
vn 0.601589 0.796317 0.0630029
v -0.0202028 0.0998106 0.0153308
vn 0.243621 0.959418 0.14201
v -0.0202028 0.0998106 0.0153308
vn 0.243621 0.959418 0.14201
v -0.0198614 0.0996457 0.0151761
vn 0.601589 0.796317 0.0630029
v -0.0200019 0.0998272 0.013524
vn 0.592189 0.805782 0.00514913
v -0.0203458 0.1 0.0136271
vn 0.211401 0.977157 0.0217714
v -0.0200019 0.0998272 0.013524
vn 0.592189 0.805782 0.00514913
v -0.0199664 0.0997566 0.0118833
vn 0.587702 0.807092 -0.0566448
v -0.0200019 0.0998272 0.013524
vn 0.592189 0.805782 0.00514913
v -0.0196607 0.0994292 0.0118773
vn 0.774472 0.632321 -0.0190591
v -0.0199664 0.0997566 0.0118833
vn 0.587702 0.807092 -0.0566448
v -0.0202028 0.0998106 0.0153308
vn 0.243621 0.959418 0.14201
v -0.0200019 0.0998272 0.013524
vn 0.592189 0.805782 0.00514913
v -0.0203458 0.1 0.0136271
vn 0.211401 0.977157 0.0217714
v -0.0206734 0.0999898 0.0137405
vn -0.317799 0.947269 0.0410552
v -0.0203458 0.1 0.0136271
vn 0.211401 0.977157 0.0217714
v -0.0203071 0.0999296 0.0119302
vn 0.189071 0.975955 -0.10846
v -0.0203458 0.1 0.0136271
vn 0.211401 0.977157 0.0217714
v -0.0199664 0.0997566 0.0118833
vn 0.587702 0.807092 -0.0566448
v -0.0203071 0.0999296 0.0119302
vn 0.189071 0.975955 -0.10846
v -0.0205308 0.0997936 0.0154733
vn -0.261746 0.941707 0.211368
v -0.0203458 0.1 0.0136271
vn 0.211401 0.977157 0.0217714
v -0.0206734 0.0999898 0.0137405
vn -0.317799 0.947269 0.0410552
v -0.0205308 0.0997936 0.0154733
vn -0.261746 0.941707 0.211368
v -0.0202028 0.0998106 0.0153308
vn 0.243621 0.959418 0.14201
v -0.0203458 0.1 0.0136271
vn 0.211401 0.977157 0.0217714
v -0.0206734 0.0999898 0.0137405
vn -0.317799 0.947269 0.0410552
v -0.0203071 0.0999296 0.0119302
vn 0.189071 0.975955 -0.10846
v -0.0206309 0.0999219 0.0120108
vn -0.355925 0.924137 -0.13888
v -0.0207955 0.0995976 0.0155819
vn -0.629795 0.742375 0.228557
v -0.0206734 0.0999898 0.0137405
vn -0.317799 0.947269 0.0410552
v -0.0209348 0.099798 0.0138466
vn -0.684635 0.727292 0.0481777
v -0.0209348 0.099798 0.0138466
vn -0.684635 0.727292 0.0481777
v -0.0206734 0.0999898 0.0137405
vn -0.317799 0.947269 0.0410552
v -0.0206309 0.0999219 0.0120108
vn -0.355925 0.924137 -0.13888
v -0.0207955 0.0995976 0.0155819
vn -0.629795 0.742375 0.228557
v -0.0205308 0.0997936 0.0154733
vn -0.261746 0.941707 0.211368
v -0.0206734 0.0999898 0.0137405
vn -0.317799 0.947269 0.0410552
v -0.0206309 0.0999219 0.0120108
vn -0.355925 0.924137 -0.13888
v -0.0203071 0.0999296 0.0119302
vn 0.189071 0.975955 -0.10846
v -0.0200892 0.0996034 0.010307
vn 0.18006 0.952507 -0.24558
v -0.0208886 0.0997349 0.0121129
vn -0.716784 0.684111 -0.134958
v -0.0206309 0.0999219 0.0120108
vn -0.355925 0.924137 -0.13888
v -0.0204053 0.0995928 0.0103515
vn -0.372996 0.869945 -0.322599
v -0.0206309 0.0999219 0.0120108
vn -0.355925 0.924137 -0.13888
v -0.0200892 0.0996034 0.010307
vn 0.18006 0.952507 -0.24558
v -0.0204053 0.0995928 0.0103515
vn -0.372996 0.869945 -0.322599
v -0.0209348 0.099798 0.0138466
vn -0.684635 0.727292 0.0481777
v -0.0206309 0.0999219 0.0120108
vn -0.355925 0.924137 -0.13888
v -0.0208886 0.0997349 0.0121129
vn -0.716784 0.684111 -0.134958
v -0.0261164 0.0928286 0.0176652
vn -0.737298 0.639085 0.219002
v -0.0209348 0.099798 0.0138466
vn -0.684635 0.727292 0.0481777
v -0.0262373 0.0929832 0.0162509
vn -0.7931 0.607611 0.0424376
v -0.0261164 0.0928286 0.0176652
vn -0.737298 0.639085 0.219002
v -0.0207955 0.0995976 0.0155819
vn -0.629795 0.742375 0.228557
v -0.0209348 0.099798 0.0138466
vn -0.684635 0.727292 0.0481777
v -0.0262373 0.0929832 0.0162509
vn -0.7931 0.607611 0.0424376
v -0.0209348 0.099798 0.0138466
vn -0.684635 0.727292 0.0481777
v -0.0208886 0.0997349 0.0121129
vn -0.716784 0.684111 -0.134958
v -0.0262373 0.0929832 0.0162509
vn -0.7931 0.607611 0.0424376
v -0.0262073 0.0929216 0.0148393
vn -0.823729 0.551354 -0.132207
v -0.0319114 0.0849636 0.019691
vn -0.801017 0.592137 -0.0880145
v -0.0262373 0.0929832 0.0162509
vn -0.7931 0.607611 0.0424376
v -0.0208886 0.0997349 0.0121129
vn -0.716784 0.684111 -0.134958
v -0.0262073 0.0929216 0.0148393
vn -0.823729 0.551354 -0.132207
v -0.0261164 0.0928286 0.0176652
vn -0.737298 0.639085 0.219002
v -0.0262373 0.0929832 0.0162509
vn -0.7931 0.607611 0.0424376
v -0.0316069 0.085337 0.0206511
vn -0.74939 0.656035 0.0896216
v -0.0262373 0.0929832 0.0162509
vn -0.7931 0.607611 0.0424376
v -0.0319114 0.0849636 0.019691
vn -0.801017 0.592137 -0.0880145
v -0.0316069 0.085337 0.0206511
vn -0.74939 0.656035 0.0896216
v -0.0319114 0.0849636 0.019691
vn -0.801017 0.592137 -0.0880145
v -0.0332821 0.0834769 0.0207039
vn -0.847651 0.528614 -0.0453392
v -0.0329776 0.0838504 0.021664
vn -0.792691 0.596038 0.127984
v -0.0320542 0.0844572 0.0187545
vn -0.823453 0.503729 -0.261117
v -0.0332821 0.0834769 0.0207039
vn -0.847651 0.528614 -0.0453392
v -0.0319114 0.0849636 0.019691
vn -0.801017 0.592137 -0.0880145
v -0.0319114 0.0849636 0.019691
vn -0.801017 0.592137 -0.0880145
v -0.0329776 0.0838504 0.021664
vn -0.792691 0.596038 0.127984
v -0.0316069 0.085337 0.0206511
vn -0.74939 0.656035 0.0896216
v -0.0262073 0.0929216 0.0148393
vn -0.823729 0.551354 -0.132207
v -0.0320542 0.0844572 0.0187545
vn -0.823453 0.503729 -0.261117
v -0.0319114 0.0849636 0.019691
vn -0.801017 0.592137 -0.0880145
v -0.0329776 0.0838504 0.021664
vn -0.792691 0.596038 0.127984
v -0.0329673 0.0831308 0.0230136
vn -0.850711 0.299073 0.432256
v -0.0325233 0.0840765 0.0226108
vn -0.710665 0.636878 0.298903
v -0.0329776 0.0838504 0.021664
vn -0.792691 0.596038 0.127984
v -0.0333946 0.082918 0.0221231
vn -0.921894 0.263626 0.283925
v -0.0329673 0.0831308 0.0230136
vn -0.850711 0.299073 0.432256
v -0.0332821 0.0834769 0.0207039
vn -0.847651 0.528614 -0.0453392
v -0.0333946 0.082918 0.0221231
vn -0.921894 0.263626 0.283925
v -0.0329776 0.0838504 0.021664
vn -0.792691 0.596038 0.127984
v -0.0316069 0.085337 0.0206511
vn -0.74939 0.656035 0.0896216
v -0.0329776 0.0838504 0.021664
vn -0.792691 0.596038 0.127984
v -0.0325233 0.0840765 0.0226108
vn -0.710665 0.636878 0.298903
v -0.0332821 0.0834769 0.0207039
vn -0.847651 0.528614 -0.0453392
v -0.0336809 0.0825669 0.0212202
vn -0.969591 0.205112 0.133502
v -0.0333946 0.082918 0.0221231
vn -0.921894 0.263626 0.283925
v -0.0333946 0.082918 0.0221231
vn -0.921894 0.263626 0.283925
v -0.0329336 0.081846 0.023201
vn -0.855716 -0.122131 0.502827
v -0.0329673 0.0831308 0.0230136
vn -0.850711 0.299073 0.432256
v -0.0333946 0.082918 0.0221231
vn -0.921894 0.263626 0.283925
v -0.033284 0.0816716 0.022471
vn -0.902692 -0.145504 0.404938
v -0.0329336 0.081846 0.023201
vn -0.855716 -0.122131 0.502827
v -0.0336809 0.0825669 0.0212202
vn -0.969591 0.205112 0.133502
v -0.033284 0.0816716 0.022471
vn -0.902692 -0.145504 0.404938
v -0.0333946 0.082918 0.0221231
vn -0.921894 0.263626 0.283925
v -0.0334249 0.0829705 0.0197674
vn -0.873435 0.437177 -0.214445
v -0.0336809 0.0825669 0.0212202
vn -0.969591 0.205112 0.133502
v -0.0332821 0.0834769 0.0207039
vn -0.847651 0.528614 -0.0453392
v -0.0334249 0.0829705 0.0197674
vn -0.873435 0.437177 -0.214445
v -0.0338153 0.0820905 0.0203393
vn -0.991977 0.125718 -0.0132623
v -0.0336809 0.0825669 0.0212202
vn -0.969591 0.205112 0.133502
v -0.0336809 0.0825669 0.0212202
vn -0.969591 0.205112 0.133502
v -0.0335186 0.0813836 0.0217308
vn -0.934156 -0.184165 0.305672
v -0.033284 0.0816716 0.022471
vn -0.902692 -0.145504 0.404938
v -0.0338153 0.0820905 0.0203393
vn -0.991977 0.125718 -0.0132623
v -0.0335186 0.0813836 0.0217308
vn -0.934156 -0.184165 0.305672
v -0.0336809 0.0825669 0.0212202
vn -0.969591 0.205112 0.133502
v -0.0338153 0.0820905 0.0203393
vn -0.991977 0.125718 -0.0132623
v -0.0336287 0.0809932 0.0210087
vn -0.948917 -0.236473 0.208894
v -0.0335186 0.0813836 0.0217308
vn -0.934156 -0.184165 0.305672
v -0.0336287 0.0809932 0.0210087
vn -0.948917 -0.236473 0.208894
v -0.0328198 0.0801073 0.0221581
vn -0.79391 -0.458153 0.399752
v -0.0335186 0.0813836 0.0217308
vn -0.934156 -0.184165 0.305672
v -0.0335186 0.0813836 0.0217308
vn -0.934156 -0.184165 0.305672
v -0.0326623 0.0803006 0.0226549
vn -0.778617 -0.439415 0.447963
v -0.033284 0.0816716 0.022471
vn -0.902692 -0.145504 0.404938
v -0.0335186 0.0813836 0.0217308
vn -0.934156 -0.184165 0.305672
v -0.0328198 0.0801073 0.0221581
vn -0.79391 -0.458153 0.399752
v -0.0326623 0.0803006 0.0226549
vn -0.778617 -0.439415 0.447963
v -0.0336287 0.0809932 0.0210087
vn -0.948917 -0.236473 0.208894
v -0.0328937 0.0798453 0.0216736
vn -0.801074 -0.483636 0.35267
v -0.0328198 0.0801073 0.0221581
vn -0.79391 -0.458153 0.399752
v -0.0328198 0.0801073 0.0221581
vn -0.79391 -0.458153 0.399752
v -0.0316243 0.0790138 0.0226465
vn -0.653445 -0.607781 0.451233
v -0.0326623 0.0803006 0.0226549
vn -0.778617 -0.439415 0.447963
v -0.0328198 0.0801073 0.0221581
vn -0.79391 -0.458153 0.399752
v -0.0316907 0.0789323 0.022437
vn -0.657247 -0.612534 0.439123
v -0.0316243 0.0790138 0.0226465
vn -0.653445 -0.607781 0.451233
v -0.0328937 0.0798453 0.0216736
vn -0.801074 -0.483636 0.35267
v -0.0316907 0.0789323 0.022437
vn -0.657247 -0.612534 0.439123
v -0.0328198 0.0801073 0.0221581
vn -0.79391 -0.458153 0.399752
v -0.0328937 0.0798453 0.0216736
vn -0.801074 -0.483636 0.35267
v -0.0317218 0.0788218 0.0222327
vn -0.659003 -0.618928 0.427368
v -0.0316907 0.0789323 0.022437
vn -0.657247 -0.612534 0.439123
v -0.0307069 0.0788074 0.0235849
vn -0.600878 -0.619634 0.504975
v -0.0316907 0.0789323 0.022437
vn -0.657247 -0.612534 0.439123
v -0.0317218 0.0788218 0.0222327
vn -0.659003 -0.618928 0.427368
v -0.0307069 0.0788074 0.0235849
vn -0.600878 -0.619634 0.504975
v -0.0308932 0.078921 0.0234995
vn -0.6116 -0.613031 0.500138
v -0.0316907 0.0789323 0.022437
vn -0.657247 -0.612534 0.439123
v -0.0308932 0.078921 0.0234995
vn -0.6116 -0.613031 0.500138
v -0.0316243 0.0790138 0.0226465
vn -0.653445 -0.607781 0.451233
v -0.0316907 0.0789323 0.022437
vn -0.657247 -0.612534 0.439123
v -0.0309287 0.0800804 0.0246774
vn -0.610303 -0.460774 0.644373
v -0.0308932 0.078921 0.0234995
vn -0.6116 -0.613031 0.500138
v -0.0307069 0.0788074 0.0235849
vn -0.600878 -0.619634 0.504975
v -0.0313597 0.080282 0.0243902
vn -0.652137 -0.441223 0.616474
v -0.0308932 0.078921 0.0234995
vn -0.6116 -0.613031 0.500138
v -0.0309287 0.0800804 0.0246774
vn -0.610303 -0.460774 0.644373
v -0.0313597 0.080282 0.0243902
vn -0.652137 -0.441223 0.616474
v -0.0310749 0.079006 0.0233783
vn -0.621931 -0.608225 0.493218
v -0.0308932 0.078921 0.0234995
vn -0.6116 -0.613031 0.500138
v -0.0308932 0.078921 0.0234995
vn -0.6116 -0.613031 0.500138
v -0.0310749 0.079006 0.0233783
vn -0.621931 -0.608225 0.493218
v -0.0316243 0.0790138 0.0226465
vn -0.653445 -0.607781 0.451233
v -0.0317631 0.0804081 0.0240293
vn -0.69131 -0.428975 0.581439
v -0.0310749 0.079006 0.0233783
vn -0.621931 -0.608225 0.493218
v -0.0313597 0.080282 0.0243902
vn -0.652137 -0.441223 0.616474
v -0.0317631 0.0804081 0.0240293
vn -0.69131 -0.428975 0.581439
v -0.0312451 0.0790591 0.0232262
vn -0.631368 -0.605726 0.484221
v -0.0310749 0.079006 0.0233783
vn -0.621931 -0.608225 0.493218
v -0.0310749 0.079006 0.0233783
vn -0.621931 -0.608225 0.493218
v -0.0315252 0.0790632 0.0228531
vn -0.647857 -0.604842 0.463084
v -0.0316243 0.0790138 0.0226465
vn -0.653445 -0.607781 0.451233
v -0.0310749 0.079006 0.0233783
vn -0.621931 -0.608225 0.493218
v -0.0312451 0.0790591 0.0232262
vn -0.631368 -0.605726 0.484221
v -0.0315252 0.0790632 0.0228531
vn -0.647857 -0.604842 0.463084
v -0.0321236 0.0804539 0.0236088
vn -0.726272 -0.42451 0.540667
v -0.0312451 0.0790591 0.0232262
vn -0.631368 -0.605726 0.484221
v -0.0317631 0.0804081 0.0240293
vn -0.69131 -0.428975 0.581439
v -0.0321236 0.0804539 0.0236088
vn -0.726272 -0.42451 0.540667
v -0.0313971 0.0790784 0.0230488
vn -0.640351 -0.604237 0.474182
v -0.0312451 0.0790591 0.0232262
vn -0.631368 -0.605726 0.484221
v -0.0312451 0.0790591 0.0232262
vn -0.631368 -0.605726 0.484221
v -0.0313971 0.0790784 0.0230488
vn -0.640351 -0.604237 0.474182
v -0.0315252 0.0790632 0.0228531
vn -0.647857 -0.604842 0.463084
v -0.0324272 0.0804175 0.0231447
vn -0.755755 -0.428051 0.495587
v -0.0315252 0.0790632 0.0228531
vn -0.647857 -0.604842 0.463084
v -0.0313971 0.0790784 0.0230488
vn -0.640351 -0.604237 0.474182
v -0.0324272 0.0804175 0.0231447
vn -0.755755 -0.428051 0.495587
v -0.0313971 0.0790784 0.0230488
vn -0.640351 -0.604237 0.474182
v -0.0321236 0.0804539 0.0236088
vn -0.726272 -0.42451 0.540667
v -0.033284 0.0816716 0.022471
vn -0.902692 -0.145504 0.404938
v -0.0326623 0.0803006 0.0226549
vn -0.778617 -0.439415 0.447963
v -0.0324272 0.0804175 0.0231447
vn -0.755755 -0.428051 0.495587
v -0.0326623 0.0803006 0.0226549
vn -0.778617 -0.439415 0.447963
v -0.0315252 0.0790632 0.0228531
vn -0.647857 -0.604842 0.463084
v -0.0324272 0.0804175 0.0231447
vn -0.755755 -0.428051 0.495587
v -0.0329336 0.081846 0.023201
vn -0.855716 -0.122131 0.502827
v -0.0324272 0.0804175 0.0231447
vn -0.755755 -0.428051 0.495587
v -0.0321236 0.0804539 0.0236088
vn -0.726272 -0.42451 0.540667
v -0.033284 0.0816716 0.022471
vn -0.902692 -0.145504 0.404938
v -0.0324272 0.0804175 0.0231447
vn -0.755755 -0.428051 0.495587
v -0.0329336 0.081846 0.023201
vn -0.855716 -0.122131 0.502827
v -0.0329336 0.081846 0.023201
vn -0.855716 -0.122131 0.502827
v -0.0321236 0.0804539 0.0236088
vn -0.726272 -0.42451 0.540667
v -0.0324812 0.0819001 0.0238927
vn -0.795068 -0.114903 0.595536
v -0.0324812 0.0819001 0.0238927
vn -0.795068 -0.114903 0.595536
v -0.0321236 0.0804539 0.0236088
vn -0.726272 -0.42451 0.540667
v -0.0317631 0.0804081 0.0240293
vn -0.69131 -0.428975 0.581439
v -0.0329673 0.0831308 0.0230136
vn -0.850711 0.299073 0.432256
v -0.0329336 0.081846 0.023201
vn -0.855716 -0.122131 0.502827
v -0.0324812 0.0819001 0.0238927
vn -0.795068 -0.114903 0.595536
v -0.0324812 0.0819001 0.0238927
vn -0.795068 -0.114903 0.595536
v -0.0317631 0.0804081 0.0240293
vn -0.69131 -0.428975 0.581439
v -0.0319441 0.0818318 0.0245194
vn -0.723041 -0.124054 0.679575
v -0.0324155 0.0831968 0.0238572
vn -0.75875 0.310057 0.572855
v -0.0324812 0.0819001 0.0238927
vn -0.795068 -0.114903 0.595536
v -0.0319441 0.0818318 0.0245194
vn -0.723041 -0.124054 0.679575
v -0.0329673 0.0831308 0.0230136
vn -0.850711 0.299073 0.432256
v -0.0324812 0.0819001 0.0238927
vn -0.795068 -0.114903 0.595536
v -0.0324155 0.0831968 0.0238572
vn -0.75875 0.310057 0.572855
v -0.0317602 0.0831136 0.0246217
vn -0.649585 0.296206 0.700215
v -0.0319441 0.0818318 0.0245194
vn -0.723041 -0.124054 0.679575
v -0.0313428 0.0816439 0.0250572
vn -0.642439 -0.149228 0.751667
v -0.0319441 0.0818318 0.0245194
vn -0.723041 -0.124054 0.679575
v -0.0313597 0.080282 0.0243902
vn -0.652137 -0.441223 0.616474
v -0.0313428 0.0816439 0.0250572
vn -0.642439 -0.149228 0.751667
v -0.0319441 0.0818318 0.0245194
vn -0.723041 -0.124054 0.679575
v -0.0317631 0.0804081 0.0240293
vn -0.69131 -0.428975 0.581439
v -0.0313597 0.080282 0.0243902
vn -0.652137 -0.441223 0.616474
v -0.0324155 0.0831968 0.0238572
vn -0.75875 0.310057 0.572855
v -0.0319441 0.0818318 0.0245194
vn -0.723041 -0.124054 0.679575
v -0.0317602 0.0831136 0.0246217
vn -0.649585 0.296206 0.700215
v -0.0326623 0.0803006 0.0226549
vn -0.778617 -0.439415 0.447963
v -0.0316243 0.0790138 0.0226465
vn -0.653445 -0.607781 0.451233
v -0.0315252 0.0790632 0.0228531
vn -0.647857 -0.604842 0.463084
v -0.0313428 0.0816439 0.0250572
vn -0.642439 -0.149228 0.751667
v -0.0313597 0.080282 0.0243902
vn -0.652137 -0.441223 0.616474
v -0.0309287 0.0800804 0.0246774
vn -0.610303 -0.460774 0.644373
v -0.0307006 0.0813435 0.0254853
vn -0.556362 -0.189509 0.809042
v -0.0309287 0.0800804 0.0246774
vn -0.610303 -0.460774 0.644373
v -0.0304868 0.079811 0.0248801
vn -0.567371 -0.486955 0.664052
v -0.0313428 0.0816439 0.0250572
vn -0.642439 -0.149228 0.751667
v -0.0309287 0.0800804 0.0246774
vn -0.610303 -0.460774 0.644373
v -0.0307006 0.0813435 0.0254853
vn -0.556362 -0.189509 0.809042
v -0.0309287 0.0800804 0.0246774
vn -0.610303 -0.460774 0.644373
v -0.0307069 0.0788074 0.0235849
vn -0.600878 -0.619634 0.504975
v -0.0304868 0.079811 0.0248801
vn -0.567371 -0.486955 0.664052
v -0.0300421 0.080942 0.0257872
vn -0.468027 -0.243367 0.849543
v -0.0304868 0.079811 0.0248801
vn -0.567371 -0.486955 0.664052
v -0.030051 0.0794843 0.0249903
vn -0.52506 -0.518646 0.674773
v -0.0304868 0.079811 0.0248801
vn -0.567371 -0.486955 0.664052
v -0.0305231 0.0786695 0.0236314
vn -0.590258 -0.627618 0.507633
v -0.030051 0.0794843 0.0249903
vn -0.52506 -0.518646 0.674773
v -0.0304868 0.079811 0.0248801
vn -0.567371 -0.486955 0.664052
v -0.0307069 0.0788074 0.0235849
vn -0.600878 -0.619634 0.504975
v -0.0305231 0.0786695 0.0236314
vn -0.590258 -0.627618 0.507633
v -0.0307006 0.0813435 0.0254853
vn -0.556362 -0.189509 0.809042
v -0.0304868 0.079811 0.0248801
vn -0.567371 -0.486955 0.664052
v -0.0300421 0.080942 0.0257872
vn -0.468027 -0.243367 0.849543
v -0.0303488 0.0785128 0.0236371
vn -0.580285 -0.636595 0.507953
v -0.0305231 0.0786695 0.0236314
vn -0.590258 -0.627618 0.507633
v -0.0317166 0.0786866 0.0220413
vn -0.658733 -0.626643 0.416402
v -0.0305231 0.0786695 0.0236314
vn -0.590258 -0.627618 0.507633
v -0.0317218 0.0788218 0.0222327
vn -0.659003 -0.618928 0.427368
v -0.0317166 0.0786866 0.0220413
vn -0.658733 -0.626643 0.416402
v -0.0305231 0.0786695 0.0236314
vn -0.590258 -0.627618 0.507633
v -0.0307069 0.0788074 0.0235849
vn -0.600878 -0.619634 0.504975
v -0.0317218 0.0788218 0.0222327
vn -0.659003 -0.618928 0.427368
v -0.030051 0.0794843 0.0249903
vn -0.52506 -0.518646 0.674773
v -0.0305231 0.0786695 0.0236314
vn -0.590258 -0.627618 0.507633
v -0.0303488 0.0785128 0.0236371
vn -0.580285 -0.636595 0.507953
v -0.029638 0.0791126 0.0250039
vn -0.484958 -0.554746 0.676071
v -0.0303488 0.0785128 0.0236371
vn -0.580285 -0.636595 0.507953
v -0.030191 0.0783433 0.0236019
vn -0.571176 -0.64637 0.505928
v -0.030191 0.0783433 0.0236019
vn -0.571176 -0.64637 0.505928
v -0.0303488 0.0785128 0.0236371
vn -0.580285 -0.636595 0.507953
v -0.031675 0.0785317 0.0218703
vn -0.656378 -0.635446 0.406664
v -0.0303488 0.0785128 0.0236371
vn -0.580285 -0.636595 0.507953
v -0.0317166 0.0786866 0.0220413
vn -0.658733 -0.626643 0.416402
v -0.031675 0.0785317 0.0218703
vn -0.656378 -0.635446 0.406664
v -0.030051 0.0794843 0.0249903
vn -0.52506 -0.518646 0.674773
v -0.0303488 0.0785128 0.0236371
vn -0.580285 -0.636595 0.507953
v -0.029638 0.0791126 0.0250039
vn -0.484958 -0.554746 0.676071
v -0.0293925 0.0804552 0.0259514
vn -0.380964 -0.308616 0.871563
v -0.029638 0.0791126 0.0250039
vn -0.484958 -0.554746 0.676071
v -0.0287769 0.0799013 0.0259717
vn -0.298453 -0.382846 0.874274
v -0.0293925 0.0804552 0.0259514
vn -0.380964 -0.308616 0.871563
v -0.030051 0.0794843 0.0249903
vn -0.52506 -0.518646 0.674773
v -0.029638 0.0791126 0.0250039
vn -0.484958 -0.554746 0.676071
v -0.0287769 0.0799013 0.0259717
vn -0.298453 -0.382846 0.874274
v -0.029638 0.0791126 0.0250039
vn -0.484958 -0.554746 0.676071
v -0.0292635 0.0787106 0.0249203
vn -0.448572 -0.593828 0.667945
v -0.029638 0.0791126 0.0250039
vn -0.484958 -0.554746 0.676071
v -0.030191 0.0783433 0.0236019
vn -0.571176 -0.64637 0.505928
v -0.0292635 0.0787106 0.0249203
vn -0.448572 -0.593828 0.667945
v -0.0292635 0.0787106 0.0249203
vn -0.448572 -0.593828 0.667945
v -0.0300554 0.0781673 0.023527
vn -0.563417 -0.656438 0.501648
v -0.0289421 0.0782933 0.0247428
vn -0.417374 -0.634331 0.65071
v -0.0292635 0.0787106 0.0249203
vn -0.448572 -0.593828 0.667945
v -0.030191 0.0783433 0.0236019
vn -0.571176 -0.64637 0.505928
v -0.0300554 0.0781673 0.023527
vn -0.563417 -0.656438 0.501648
v -0.028219 0.0793021 0.0258471
vn -0.22361 -0.463218 0.857571
v -0.0292635 0.0787106 0.0249203
vn -0.448572 -0.593828 0.667945
v -0.0289421 0.0782933 0.0247428
vn -0.417374 -0.634331 0.65071
v -0.0287769 0.0799013 0.0259717
vn -0.298453 -0.382846 0.874274
v -0.0292635 0.0787106 0.0249203
vn -0.448572 -0.593828 0.667945
v -0.028219 0.0793021 0.0258471
vn -0.22361 -0.463218 0.857571
v -0.028219 0.0793021 0.0258471
vn -0.22361 -0.463218 0.857571
v -0.0289421 0.0782933 0.0247428
vn -0.417374 -0.634331 0.65071
v -0.0277401 0.0786804 0.0255825
vn -0.159416 -0.546568 0.822101
v -0.0272165 0.0800278 0.0262412
vn 0.107461 -0.217914 0.970034
v -0.028219 0.0793021 0.0258471
vn -0.22361 -0.463218 0.857571
v -0.0277401 0.0786804 0.0255825
vn -0.159416 -0.546568 0.822101
v -0.027897 0.0807588 0.0263932
vn -0.00591022 -0.0961139 0.995353
v -0.028219 0.0793021 0.0258471
vn -0.22361 -0.463218 0.857571
v -0.0272165 0.0800278 0.0262412
vn 0.107461 -0.217914 0.970034
v -0.027897 0.0807588 0.0263932
vn -0.00591022 -0.0961139 0.995353
v -0.0287769 0.0799013 0.0259717
vn -0.298453 -0.382846 0.874274
v -0.028219 0.0793021 0.0258471
vn -0.22361 -0.463218 0.857571
v -0.0277401 0.0786804 0.0255825
vn -0.159416 -0.546568 0.822101
v -0.0289421 0.0782933 0.0247428
vn -0.417374 -0.634331 0.65071
v -0.0286862 0.077877 0.0244781
vn -0.392518 -0.67477 0.624992
v -0.0272165 0.0800278 0.0262412
vn 0.107461 -0.217914 0.970034
v -0.0277401 0.0786804 0.0255825
vn -0.159416 -0.546568 0.822101
v -0.0266322 0.0792693 0.0259185
vn 0.204779 -0.344278 0.916263
v -0.0266322 0.0792693 0.0259185
vn 0.204779 -0.344278 0.916263
v -0.0277401 0.0786804 0.0255825
vn -0.159416 -0.546568 0.822101
v -0.0273587 0.0780599 0.0251881
vn -0.108309 -0.629739 0.769219
v -0.0277401 0.0786804 0.0255825
vn -0.159416 -0.546568 0.822101
v -0.0286862 0.077877 0.0244781
vn -0.392518 -0.67477 0.624992
v -0.0273587 0.0780599 0.0251881
vn -0.108309 -0.629739 0.769219
v -0.0286862 0.077877 0.0244781
vn -0.392518 -0.67477 0.624992
v -0.0298712 0.0778233 0.0232713
vn -0.552895 -0.676123 0.486996
v -0.0285055 0.0774777 0.0241364
vn -0.375004 -0.713518 0.591831
v -0.0286862 0.077877 0.0244781
vn -0.392518 -0.67477 0.624992
v -0.0299474 0.0779917 0.0234154
vn -0.557263 -0.666452 0.495278
v -0.0298712 0.0778233 0.0232713
vn -0.552895 -0.676123 0.486996
v -0.0273587 0.0780599 0.0251881
vn -0.108309 -0.629739 0.769219
v -0.0286862 0.077877 0.0244781
vn -0.392518 -0.67477 0.624992
v -0.0285055 0.0774777 0.0241364
vn -0.375004 -0.713518 0.591831
v -0.0289421 0.0782933 0.0247428
vn -0.417374 -0.634331 0.65071
v -0.0299474 0.0779917 0.0234154
vn -0.557263 -0.666452 0.495278
v -0.0286862 0.077877 0.0244781
vn -0.392518 -0.67477 0.624992
v -0.0270894 0.0774647 0.0246789
vn -0.0721819 -0.709582 0.700916
v -0.0285055 0.0774777 0.0241364
vn -0.375004 -0.713518 0.591831
v -0.0284069 0.0771105 0.0237309
vn -0.365402 -0.749165 0.552479
v -0.0285055 0.0774777 0.0241364
vn -0.375004 -0.713518 0.591831
v -0.0298296 0.0776684 0.0231003
vn -0.55046 -0.685041 0.477193
v -0.0284069 0.0771105 0.0237309
vn -0.365402 -0.749165 0.552479
v -0.0273587 0.0780599 0.0251881
vn -0.108309 -0.629739 0.769219
v -0.0285055 0.0774777 0.0241364
vn -0.375004 -0.713518 0.591831
v -0.0270894 0.0774647 0.0246789
vn -0.0721819 -0.709582 0.700916
v -0.0285055 0.0774777 0.0241364
vn -0.375004 -0.713518 0.591831
v -0.0298712 0.0778233 0.0232713
vn -0.552895 -0.676123 0.486996
v -0.0298296 0.0776684 0.0231003
vn -0.55046 -0.685041 0.477193
v -0.0284069 0.0771105 0.0237309
vn -0.365402 -0.749165 0.552479
v -0.0298296 0.0776684 0.0231003
vn -0.55046 -0.685041 0.477193
v -0.0298244 0.0775332 0.022909
vn -0.55019 -0.692789 0.466191
v -0.0298244 0.0775332 0.022909
vn -0.55019 -0.692789 0.466191
v -0.0298296 0.0776684 0.0231003
vn -0.55046 -0.685041 0.477193
v -0.0310232 0.0776855 0.0215102
vn -0.618819 -0.68419 0.385935
v -0.0298296 0.0776684 0.0231003
vn -0.55046 -0.685041 0.477193
v -0.0311974 0.0778421 0.0215044
vn -0.628967 -0.675033 0.385657
v -0.0310232 0.0776855 0.0215102
vn -0.618819 -0.68419 0.385935
v -0.0298296 0.0776684 0.0231003
vn -0.55046 -0.685041 0.477193
v -0.0298712 0.0778233 0.0232713
vn -0.552895 -0.676123 0.486996
v -0.0311974 0.0778421 0.0215044
vn -0.628967 -0.675033 0.385657
v -0.0298712 0.0778233 0.0232713
vn -0.552895 -0.676123 0.486996
v -0.0313553 0.0780118 0.0215397
vn -0.638062 -0.665261 0.387691
v -0.0311974 0.0778421 0.0215044
vn -0.628967 -0.675033 0.385657
v -0.0316501 0.0775224 0.0199468
vn -0.680351 -0.709142 0.185038
v -0.0311974 0.0778421 0.0215044
vn -0.628967 -0.675033 0.385657
v -0.0313553 0.0780118 0.0215397
vn -0.638062 -0.665261 0.387691
v -0.031237 0.0771508 0.0199604
vn -0.640175 -0.745277 0.186381
v -0.0310232 0.0776855 0.0215102
vn -0.618819 -0.68419 0.385935
v -0.0311974 0.0778421 0.0215044
vn -0.628967 -0.675033 0.385657
v -0.031237 0.0771508 0.0199604
vn -0.640175 -0.745277 0.186381
v -0.0311974 0.0778421 0.0215044
vn -0.628967 -0.675033 0.385657
v -0.0316501 0.0775224 0.0199468
vn -0.680351 -0.709142 0.185038
v -0.03116 0.0769777 0.0184558
vn -0.617927 -0.774838 -0.133386
v -0.031237 0.0771508 0.0199604
vn -0.640175 -0.745277 0.186381
v -0.0316501 0.0775224 0.0199468
vn -0.680351 -0.709142 0.185038
v -0.0305104 0.0764909 0.01862
vn -0.530806 -0.840151 -0.11132
v -0.0308011 0.0768241 0.0200706
vn -0.597867 -0.776995 0.197061
v -0.031237 0.0771508 0.0199604
vn -0.640175 -0.745277 0.186381
v -0.0308011 0.0768241 0.0200706
vn -0.597867 -0.776995 0.197061
v -0.0310232 0.0776855 0.0215102
vn -0.618819 -0.68419 0.385935
v -0.031237 0.0771508 0.0199604
vn -0.640175 -0.745277 0.186381
v -0.0305104 0.0764909 0.01862
vn -0.530806 -0.840151 -0.11132
v -0.031237 0.0771508 0.0199604
vn -0.640175 -0.745277 0.186381
v -0.03116 0.0769777 0.0184558
vn -0.617927 -0.774838 -0.133386
v -0.0300116 0.0765985 0.0174256
vn -0.358224 -0.789282 -0.498708
v -0.0305104 0.0764909 0.01862
vn -0.530806 -0.840151 -0.11132
v -0.03116 0.0769777 0.0184558
vn -0.617927 -0.774838 -0.133386
v -0.0292082 0.0761089 0.017794
vn -0.224387 -0.870841 -0.437362
v -0.0305104 0.0764909 0.01862
vn -0.530806 -0.840151 -0.11132
v -0.0300116 0.0765985 0.0174256
vn -0.358224 -0.789282 -0.498708
v -0.0292082 0.0761089 0.017794
vn -0.224387 -0.870841 -0.437362
v -0.0298519 0.0760895 0.018922
vn -0.442572 -0.893927 -0.0708798
v -0.0305104 0.0764909 0.01862
vn -0.530806 -0.840151 -0.11132
v -0.0298519 0.0760895 0.018922
vn -0.442572 -0.893927 -0.0708798
v -0.0308011 0.0768241 0.0200706
vn -0.597867 -0.776995 0.197061
v -0.0305104 0.0764909 0.01862
vn -0.530806 -0.840151 -0.11132
v -0.0276933 0.0762206 0.0176161
vn 0.161315 -0.781391 -0.602832
v -0.0284249 0.0757425 0.0183161
vn -0.0938795 -0.931902 -0.35035
v -0.0292082 0.0761089 0.017794
vn -0.224387 -0.870841 -0.437362
v -0.0284249 0.0757425 0.0183161
vn -0.0938795 -0.931902 -0.35035
v -0.0298519 0.0760895 0.018922
vn -0.442572 -0.893927 -0.0708798
v -0.0292082 0.0761089 0.017794
vn -0.224387 -0.870841 -0.437362
v -0.0285263 0.0766104 0.0170609
vn 0.0109492 -0.711024 -0.703083
v -0.0292082 0.0761089 0.017794
vn -0.224387 -0.870841 -0.437362
v -0.0300116 0.0765985 0.0174256
vn -0.358224 -0.789282 -0.498708
v -0.0276933 0.0762206 0.0176161
vn 0.161315 -0.781391 -0.602832
v -0.0292082 0.0761089 0.017794
vn -0.224387 -0.870841 -0.437362
v -0.0285263 0.0766104 0.0170609
vn 0.0109492 -0.711024 -0.703083
v -0.0284249 0.0757425 0.0183161
vn -0.0938795 -0.931902 -0.35035
v -0.0292096 0.075789 0.0193501
vn -0.356483 -0.934204 -0.013526
v -0.0298519 0.0760895 0.018922
vn -0.442572 -0.893927 -0.0708798
v -0.0276915 0.0755132 0.0189721
vn 0.0283414 -0.970087 -0.241096
v -0.0292096 0.075789 0.0193501
vn -0.356483 -0.934204 -0.013526
v -0.0284249 0.0757425 0.0183161
vn -0.0938795 -0.931902 -0.35035
v -0.0269135 0.075977 0.0183136
vn 0.302134 -0.825413 -0.476874
v -0.0284249 0.0757425 0.0183161
vn -0.0938795 -0.931902 -0.35035
v -0.0276933 0.0762206 0.0176161
vn 0.161315 -0.781391 -0.602832
v -0.0269135 0.075977 0.0183136
vn 0.302134 -0.825413 -0.476874
v -0.0276915 0.0755132 0.0189721
vn 0.0283414 -0.970087 -0.241096
v -0.0284249 0.0757425 0.0183161
vn -0.0938795 -0.931902 -0.35035
v -0.0262169 0.0758885 0.0191264
vn 0.427876 -0.841361 -0.330202
v -0.0276915 0.0755132 0.0189721
vn 0.0283414 -0.970087 -0.241096
v -0.0269135 0.075977 0.0183136
vn 0.302134 -0.825413 -0.476874
v -0.0262169 0.0758885 0.0191264
vn 0.427876 -0.841361 -0.330202
v -0.0270362 0.07543 0.0197366
vn 0.137515 -0.983947 -0.113743
v -0.0276915 0.0755132 0.0189721
vn 0.0283414 -0.970087 -0.241096
v -0.0270362 0.07543 0.0197366
vn 0.137515 -0.983947 -0.113743
v -0.0286085 0.075601 0.0198878
vn -0.275861 -0.95941 0.0585957
v -0.0276915 0.0755132 0.0189721
vn 0.0283414 -0.970087 -0.241096
v -0.0276915 0.0755132 0.0189721
vn 0.0283414 -0.970087 -0.241096
v -0.0286085 0.075601 0.0198878
vn -0.275861 -0.95941 0.0585957
v -0.0292096 0.075789 0.0193501
vn -0.356483 -0.934204 -0.013526
v -0.0270362 0.07543 0.0197366
vn 0.137515 -0.983947 -0.113743
v -0.0280713 0.0755328 0.0205146
vn -0.203817 -0.968559 0.142662
v -0.0286085 0.075601 0.0198878
vn -0.275861 -0.95941 0.0585957
v -0.0280713 0.0755328 0.0205146
vn -0.203817 -0.968559 0.142662
v -0.0295248 0.0762271 0.0209214
vn -0.473989 -0.834927 0.279698
v -0.0286085 0.075601 0.0198878
vn -0.275861 -0.95941 0.0585957
v -0.0286085 0.075601 0.0198878
vn -0.275861 -0.95941 0.0585957
v -0.0299282 0.0763532 0.0205605
vn -0.513111 -0.822711 0.244669
v -0.0292096 0.075789 0.0193501
vn -0.356483 -0.934204 -0.013526
v -0.0286085 0.075601 0.0198878
vn -0.275861 -0.95941 0.0585957
v -0.0295248 0.0762271 0.0209214
vn -0.473989 -0.834927 0.279698
v -0.0299282 0.0763532 0.0205605
vn -0.513111 -0.822711 0.244669
v -0.0295248 0.0762271 0.0209214
vn -0.473989 -0.834927 0.279698
v -0.0304712 0.0773491 0.0217633
vn -0.587212 -0.703467 0.400395
v -0.0299282 0.0763532 0.0205605
vn -0.513111 -0.822711 0.244669
v -0.0292096 0.075789 0.0193501
vn -0.356483 -0.934204 -0.013526
v -0.0299282 0.0763532 0.0205605
vn -0.513111 -0.822711 0.244669
v -0.0303593 0.0765548 0.0202733
vn -0.554962 -0.803135 0.216776
v -0.0299282 0.0763532 0.0205605
vn -0.513111 -0.822711 0.244669
v -0.030653 0.0774341 0.0216421
vn -0.597801 -0.698402 0.393533
v -0.0303593 0.0765548 0.0202733
vn -0.554962 -0.803135 0.216776
v -0.0299282 0.0763532 0.0205605
vn -0.513111 -0.822711 0.244669
v -0.0304712 0.0773491 0.0217633
vn -0.587212 -0.703467 0.400395
v -0.030653 0.0774341 0.0216421
vn -0.597801 -0.698402 0.393533
v -0.0299219 0.0773412 0.0224951
vn -0.555782 -0.703739 0.442558
v -0.0298555 0.0774227 0.0227046
vn -0.551969 -0.6991 0.45452
v -0.030653 0.0774341 0.0216421
vn -0.597801 -0.698402 0.393533
v -0.0298555 0.0774227 0.0227046
vn -0.551969 -0.6991 0.45452
v -0.0308393 0.0775477 0.0215566
vn -0.608439 -0.69196 0.388578
v -0.030653 0.0774341 0.0216421
vn -0.597801 -0.698402 0.393533
v -0.0303593 0.0765548 0.0202733
vn -0.554962 -0.803135 0.216776
v -0.030653 0.0774341 0.0216421
vn -0.597801 -0.698402 0.393533
v -0.0308393 0.0775477 0.0215566
vn -0.608439 -0.69196 0.388578
v -0.0299219 0.0773412 0.0224951
vn -0.555782 -0.703739 0.442558
v -0.030653 0.0774341 0.0216421
vn -0.597801 -0.698402 0.393533
v -0.0304712 0.0773491 0.0217633
vn -0.587212 -0.703467 0.400395
v -0.0286257 0.0763346 0.0222959
vn -0.386644 -0.824495 0.413175
v -0.0299219 0.0773412 0.0224951
vn -0.555782 -0.703739 0.442558
v -0.0300211 0.0772918 0.0222885
vn -0.561599 -0.706485 0.430679
v -0.0284683 0.0765278 0.0227927
vn -0.371372 -0.80573 0.461393
v -0.0299219 0.0773412 0.0224951
vn -0.555782 -0.703739 0.442558
v -0.0286257 0.0763346 0.0222959
vn -0.386644 -0.824495 0.413175
v -0.0300211 0.0772918 0.0222885
vn -0.561599 -0.706485 0.430679
v -0.0299219 0.0773412 0.0224951
vn -0.555782 -0.703739 0.442558
v -0.0304712 0.0773491 0.0217633
vn -0.587212 -0.703467 0.400395
v -0.0284683 0.0765278 0.0227927
vn -0.371372 -0.80573 0.461393
v -0.0298555 0.0774227 0.0227046
vn -0.551969 -0.6991 0.45452
v -0.0299219 0.0773412 0.0224951
vn -0.555782 -0.703739 0.442558
v -0.0270338 0.0760493 0.0226764
vn -0.0647205 -0.899321 0.432474
v -0.0284683 0.0765278 0.0227927
vn -0.371372 -0.80573 0.461393
v -0.0286257 0.0763346 0.0222959
vn -0.386644 -0.824495 0.413175
v -0.0269238 0.0764397 0.0233985
vn -0.0499999 -0.846963 0.529295
v -0.0284683 0.0765278 0.0227927
vn -0.371372 -0.80573 0.461393
v -0.0270338 0.0760493 0.0226764
vn -0.0647205 -0.899321 0.432474
v -0.0269238 0.0764397 0.0233985
vn -0.0499999 -0.846963 0.529295
v -0.0283944 0.0767899 0.0232772
vn -0.364194 -0.780279 0.508456
v -0.0284683 0.0765278 0.0227927
vn -0.371372 -0.80573 0.461393
v -0.0283944 0.0767899 0.0232772
vn -0.364194 -0.780279 0.508456
v -0.0298555 0.0774227 0.0227046
vn -0.551969 -0.6991 0.45452
v -0.0284683 0.0765278 0.0227927
vn -0.371372 -0.80573 0.461393
v -0.0256365 0.0765363 0.0232544
vn 0.370734 -0.799647 0.472358
v -0.0269238 0.0764397 0.0233985
vn -0.0499999 -0.846963 0.529295
v -0.0270338 0.0760493 0.0226764
vn -0.0647205 -0.899321 0.432474
v -0.0256593 0.0771192 0.0240792
vn 0.366886 -0.702508 0.609817
v -0.0269238 0.0764397 0.0233985
vn -0.0499999 -0.846963 0.529295
v -0.0256365 0.0765363 0.0232544
vn 0.370734 -0.799647 0.472358
v -0.0256593 0.0771192 0.0240792
vn 0.366886 -0.702508 0.609817
v -0.0269425 0.0769178 0.0240746
vn -0.0525061 -0.782898 0.61993
v -0.0269238 0.0764397 0.0233985
vn -0.0499999 -0.846963 0.529295
v -0.0269425 0.0769178 0.0240746
vn -0.0525061 -0.782898 0.61993
v -0.0283944 0.0767899 0.0232772
vn -0.364194 -0.780279 0.508456
v -0.0269238 0.0764397 0.0233985
vn -0.0499999 -0.846963 0.529295
v -0.0269425 0.0769178 0.0240746
vn -0.0525061 -0.782898 0.61993
v -0.0284069 0.0771105 0.0237309
vn -0.365402 -0.749165 0.552479
v -0.0283944 0.0767899 0.0232772
vn -0.364194 -0.780279 0.508456
v -0.0258385 0.0777866 0.0248163
vn 0.337029 -0.591333 0.732623
v -0.0269425 0.0769178 0.0240746
vn -0.0525061 -0.782898 0.61993
v -0.0256593 0.0771192 0.0240792
vn 0.366886 -0.702508 0.609817
v -0.0258385 0.0777866 0.0248163
vn 0.337029 -0.591333 0.732623
v -0.0270894 0.0774647 0.0246789
vn -0.0721819 -0.709582 0.700916
v -0.0269425 0.0769178 0.0240746
vn -0.0525061 -0.782898 0.61993
v -0.0270894 0.0774647 0.0246789
vn -0.0721819 -0.709582 0.700916
v -0.0284069 0.0771105 0.0237309
vn -0.365402 -0.749165 0.552479
v -0.0269425 0.0769178 0.0240746
vn -0.0525061 -0.782898 0.61993
v -0.0249433 0.0783942 0.0245276
vn 0.657824 -0.38901 0.644933
v -0.0258385 0.0777866 0.0248163
vn 0.337029 -0.591333 0.732623
v -0.0256593 0.0771192 0.0240792
vn 0.366886 -0.702508 0.609817
v -0.0252925 0.0791661 0.0251879
vn 0.594755 -0.24965 0.764161
v -0.0258385 0.0777866 0.0248163
vn 0.337029 -0.591333 0.732623
v -0.0249433 0.0783942 0.0245276
vn 0.657824 -0.38901 0.644933
v -0.0252925 0.0791661 0.0251879
vn 0.594755 -0.24965 0.764161
v -0.0261669 0.0785125 0.0254373
vn 0.28232 -0.470366 0.836093
v -0.0258385 0.0777866 0.0248163
vn 0.337029 -0.591333 0.732623
v -0.0261669 0.0785125 0.0254373
vn 0.28232 -0.470366 0.836093
v -0.0270894 0.0774647 0.0246789
vn -0.0721819 -0.709582 0.700916
v -0.0258385 0.0777866 0.0248163
vn 0.337029 -0.591333 0.732623
v -0.0257873 0.0799707 0.0256995
vn 0.505431 -0.104363 0.856532
v -0.0261669 0.0785125 0.0254373
vn 0.28232 -0.470366 0.836093
v -0.0252925 0.0791661 0.0251879
vn 0.594755 -0.24965 0.764161
v -0.0261669 0.0785125 0.0254373
vn 0.28232 -0.470366 0.836093
v -0.0273587 0.0780599 0.0251881
vn -0.108309 -0.629739 0.769219
v -0.0270894 0.0774647 0.0246789
vn -0.0721819 -0.709582 0.700916
v -0.0266322 0.0792693 0.0259185
vn 0.204779 -0.344278 0.916263
v -0.0273587 0.0780599 0.0251881
vn -0.108309 -0.629739 0.769219
v -0.0261669 0.0785125 0.0254373
vn 0.28232 -0.470366 0.836093
v -0.0257873 0.0799707 0.0256995
vn 0.505431 -0.104363 0.856532
v -0.0266322 0.0792693 0.0259185
vn 0.204779 -0.344278 0.916263
v -0.0261669 0.0785125 0.0254373
vn 0.28232 -0.470366 0.836093
v -0.0244166 0.0814575 0.0246866
vn 0.545304 -0.0658604 0.835647
v -0.0252925 0.0791661 0.0251879
vn 0.594755 -0.24965 0.764161
v -0.0239219 0.0806528 0.024175
vn 0.63536 -0.211916 0.74257
v -0.0239219 0.0806528 0.024175
vn 0.63536 -0.211916 0.74257
v -0.0252925 0.0791661 0.0251879
vn 0.594755 -0.24965 0.764161
v -0.0249433 0.0783942 0.0245276
vn 0.657824 -0.38901 0.644933
v -0.0244166 0.0814575 0.0246866
vn 0.545304 -0.0658604 0.835647
v -0.0257873 0.0799707 0.0256995
vn 0.505431 -0.104363 0.856532
v -0.0252925 0.0791661 0.0251879
vn 0.594755 -0.24965 0.764161
v -0.0199363 0.084031 0.0223767
vn 0.503552 -0.345985 0.791663
v -0.0244166 0.0814575 0.0246866
vn 0.545304 -0.0658604 0.835647
v -0.0239219 0.0806528 0.024175
vn 0.63536 -0.211916 0.74257
v -0.0193703 0.0832078 0.0214861
vn 0.571467 -0.489861 0.658378
v -0.0239219 0.0806528 0.024175
vn 0.63536 -0.211916 0.74257
v -0.0235726 0.0798808 0.0235147
vn 0.698954 -0.352186 0.622437
v -0.0239219 0.0806528 0.024175
vn 0.63536 -0.211916 0.74257
v -0.0249433 0.0783942 0.0245276
vn 0.657824 -0.38901 0.644933
v -0.0235726 0.0798808 0.0235147
vn 0.698954 -0.352186 0.622437
v -0.0193703 0.0832078 0.0214861
vn 0.571467 -0.489861 0.658378
v -0.0199363 0.084031 0.0223767
vn 0.503552 -0.345985 0.791663
v -0.0239219 0.0806528 0.024175
vn 0.63536 -0.211916 0.74257
v -0.0189175 0.0825441 0.0203969
vn 0.608819 -0.616304 0.49951
v -0.0193703 0.0832078 0.0214861
vn 0.571467 -0.489861 0.658378
v -0.0235726 0.0798808 0.0235147
vn 0.698954 -0.352186 0.622437
v -0.0193703 0.0832078 0.0214861
vn 0.571467 -0.489861 0.658378
v -0.0132379 0.0888214 0.0213511
vn 0.508764 -0.340258 0.790812
v -0.0199363 0.084031 0.0223767
vn 0.503552 -0.345985 0.791663
v -0.0193703 0.0832078 0.0214861
vn 0.571467 -0.489861 0.658378
v -0.0125475 0.0878123 0.0202614
vn 0.584166 -0.476464 0.657064
v -0.0132379 0.0888214 0.0213511
vn 0.508764 -0.340258 0.790812
v -0.0189175 0.0825441 0.0203969
vn 0.608819 -0.616304 0.49951
v -0.0125475 0.0878123 0.0202614
vn 0.584166 -0.476464 0.657064
v -0.0193703 0.0832078 0.0214861
vn 0.571467 -0.489861 0.658378
v -0.018595 0.0820652 0.0191509
vn 0.614851 -0.719508 0.322905
v -0.0189175 0.0825441 0.0203969
vn 0.608819 -0.616304 0.49951
v -0.0233822 0.0791713 0.022731
vn 0.73386 -0.481007 0.479668
v -0.018595 0.0820652 0.0191509
vn 0.614851 -0.719508 0.322905
v -0.0119965 0.086998 0.018929
vn 0.633153 -0.592067 0.498572
v -0.0189175 0.0825441 0.0203969
vn 0.608819 -0.616304 0.49951
v -0.0189175 0.0825441 0.0203969
vn 0.608819 -0.616304 0.49951
v -0.0119965 0.086998 0.018929
vn 0.633153 -0.592067 0.498572
v -0.0125475 0.0878123 0.0202614
vn 0.584166 -0.476464 0.657064
v -0.0189175 0.0825441 0.0203969
vn 0.608819 -0.616304 0.49951
v -0.0235726 0.0798808 0.0235147
vn 0.698954 -0.352186 0.622437
v -0.0233822 0.0791713 0.022731
vn 0.73386 -0.481007 0.479668
v -0.018595 0.0820652 0.0191509
vn 0.614851 -0.719508 0.322905
v -0.0233822 0.0791713 0.022731
vn 0.73386 -0.481007 0.479668
v -0.0233579 0.0785514 0.021854
vn 0.738977 -0.593149 0.319511
v -0.0233822 0.0791713 0.022731
vn 0.73386 -0.481007 0.479668
v -0.0247286 0.0770648 0.0228669
vn 0.696591 -0.629009 0.345122
v -0.0233579 0.0785514 0.021854
vn 0.738977 -0.593149 0.319511
v -0.0233822 0.0791713 0.022731
vn 0.73386 -0.481007 0.479668
v -0.0247529 0.0776846 0.0237439
vn 0.692211 -0.517097 0.503443
v -0.0247286 0.0770648 0.0228669
vn 0.696591 -0.629009 0.345122
v -0.0235726 0.0798808 0.0235147
vn 0.698954 -0.352186 0.622437
v -0.0247529 0.0776846 0.0237439
vn 0.692211 -0.517097 0.503443
v -0.0233822 0.0791713 0.022731
vn 0.73386 -0.481007 0.479668
v -0.0247286 0.0770648 0.0228669
vn 0.696591 -0.629009 0.345122
v -0.0257708 0.0760601 0.0223737
vn 0.348342 -0.878982 0.32565
v -0.0248714 0.0765584 0.0219304
vn 0.6708 -0.720435 0.176071
v -0.0247286 0.0770648 0.0228669
vn 0.696591 -0.629009 0.345122
v -0.0256365 0.0765363 0.0232544
vn 0.370734 -0.799647 0.472358
v -0.0257708 0.0760601 0.0223737
vn 0.348342 -0.878982 0.32565
v -0.0233579 0.0785514 0.021854
vn 0.738977 -0.593149 0.319511
v -0.0247286 0.0770648 0.0228669
vn 0.696591 -0.629009 0.345122
v -0.0248714 0.0765584 0.0219304
vn 0.6708 -0.720435 0.176071
v -0.0247529 0.0776846 0.0237439
vn 0.692211 -0.517097 0.503443
v -0.0256365 0.0765363 0.0232544
vn 0.370734 -0.799647 0.472358
v -0.0247286 0.0770648 0.0228669
vn 0.696591 -0.629009 0.345122
v -0.0248714 0.0765584 0.0219304
vn 0.6708 -0.720435 0.176071
v -0.0260571 0.0757087 0.0214707
vn 0.300624 -0.93751 0.175214
v -0.0251757 0.0761849 0.0209703
vn 0.615846 -0.787862 0.00276617
v -0.0248714 0.0765584 0.0219304
vn 0.6708 -0.720435 0.176071
v -0.0257708 0.0760601 0.0223737
vn 0.348342 -0.878982 0.32565
v -0.0260571 0.0757087 0.0214707
vn 0.300624 -0.93751 0.175214
v -0.0235007 0.078045 0.0209174
vn 0.714295 -0.684025 0.147962
v -0.0248714 0.0765584 0.0219304
vn 0.6708 -0.720435 0.176071
v -0.0251757 0.0761849 0.0209703
vn 0.615846 -0.787862 0.00276617
v -0.0233579 0.0785514 0.021854
vn 0.738977 -0.593149 0.319511
v -0.0248714 0.0765584 0.0219304
vn 0.6708 -0.720435 0.176071
v -0.0235007 0.078045 0.0209174
vn 0.714295 -0.684025 0.147962
v -0.023805 0.0776715 0.0199573
vn 0.660853 -0.749975 -0.0284747
v -0.0251757 0.0761849 0.0209703
vn 0.615846 -0.787862 0.00276617
v -0.02563 0.0759586 0.0200235
vn 0.533798 -0.828711 -0.168222
v -0.0251757 0.0761849 0.0209703
vn 0.615846 -0.787862 0.00276617
v -0.0264844 0.0754961 0.0205803
vn 0.229425 -0.972955 0.0268655
v -0.02563 0.0759586 0.0200235
vn 0.533798 -0.828711 -0.168222
v -0.0235007 0.078045 0.0209174
vn 0.714295 -0.684025 0.147962
v -0.0251757 0.0761849 0.0209703
vn 0.615846 -0.787862 0.00276617
v -0.023805 0.0776715 0.0199573
vn 0.660853 -0.749975 -0.0284747
v -0.0251757 0.0761849 0.0209703
vn 0.615846 -0.787862 0.00276617
v -0.0260571 0.0757087 0.0214707
vn 0.300624 -0.93751 0.175214
v -0.0264844 0.0754961 0.0205803
vn 0.229425 -0.972955 0.0268655
v -0.02563 0.0759586 0.0200235
vn 0.533798 -0.828711 -0.168222
v -0.0264844 0.0754961 0.0205803
vn 0.229425 -0.972955 0.0268655
v -0.0270362 0.07543 0.0197366
vn 0.137515 -0.983947 -0.113743
v -0.0264844 0.0754961 0.0205803
vn 0.229425 -0.972955 0.0268655
v -0.0280713 0.0755328 0.0205146
vn -0.203817 -0.968559 0.142662
v -0.0270362 0.07543 0.0197366
vn 0.137515 -0.983947 -0.113743
v -0.0260571 0.0757087 0.0214707
vn 0.300624 -0.93751 0.175214
v -0.0276189 0.0755869 0.0212062
vn -0.143165 -0.961306 0.235361
v -0.0264844 0.0754961 0.0205803
vn 0.229425 -0.972955 0.0268655
v -0.0264844 0.0754961 0.0205803
vn 0.229425 -0.972955 0.0268655
v -0.0276189 0.0755869 0.0212062
vn -0.143165 -0.961306 0.235361
v -0.0280713 0.0755328 0.0205146
vn -0.203817 -0.968559 0.142662
v -0.0276189 0.0755869 0.0212062
vn -0.143165 -0.961306 0.235361
v -0.0291643 0.0761813 0.021342
vn -0.439006 -0.839395 0.320453
v -0.0280713 0.0755328 0.0205146
vn -0.203817 -0.968559 0.142662
v -0.0260571 0.0757087 0.0214707
vn 0.300624 -0.93751 0.175214
v -0.0272685 0.0757613 0.0219362
vn -0.0961854 -0.937916 0.333258
v -0.0276189 0.0755869 0.0212062
vn -0.143165 -0.961306 0.235361
v -0.0272685 0.0757613 0.0219362
vn -0.0961854 -0.937916 0.333258
v -0.0288608 0.0762175 0.0218061
vn -0.409525 -0.835873 0.36552
v -0.0276189 0.0755869 0.0212062
vn -0.143165 -0.961306 0.235361
v -0.0276189 0.0755869 0.0212062
vn -0.143165 -0.961306 0.235361
v -0.0288608 0.0762175 0.0218061
vn -0.409525 -0.835873 0.36552
v -0.0291643 0.0761813 0.021342
vn -0.439006 -0.839395 0.320453
v -0.0288608 0.0762175 0.0218061
vn -0.409525 -0.835873 0.36552
v -0.0301491 0.0772766 0.0220928
vn -0.568674 -0.707862 0.418976
v -0.0291643 0.0761813 0.021342
vn -0.439006 -0.839395 0.320453
v -0.0272685 0.0757613 0.0219362
vn -0.0961854 -0.937916 0.333258
v -0.0286257 0.0763346 0.0222959
vn -0.386644 -0.824495 0.413175
v -0.0288608 0.0762175 0.0218061
vn -0.409525 -0.835873 0.36552
v -0.0286257 0.0763346 0.0222959
vn -0.386644 -0.824495 0.413175
v -0.0300211 0.0772918 0.0222885
vn -0.561599 -0.706485 0.430679
v -0.0288608 0.0762175 0.0218061
vn -0.409525 -0.835873 0.36552
v -0.0288608 0.0762175 0.0218061
vn -0.409525 -0.835873 0.36552
v -0.0300211 0.0772918 0.0222885
vn -0.561599 -0.706485 0.430679
v -0.0301491 0.0772766 0.0220928
vn -0.568674 -0.707862 0.418976
v -0.0291643 0.0761813 0.021342
vn -0.439006 -0.839395 0.320453
v -0.0301491 0.0772766 0.0220928
vn -0.568674 -0.707862 0.418976
v -0.0303011 0.0772959 0.0219155
vn -0.577505 -0.706437 0.409187
v -0.0303011 0.0772959 0.0219155
vn -0.577505 -0.706437 0.409187
v -0.0301491 0.0772766 0.0220928
vn -0.568674 -0.707862 0.418976
v -0.0300211 0.0772918 0.0222885
vn -0.561599 -0.706485 0.430679
v -0.0291643 0.0761813 0.021342
vn -0.439006 -0.839395 0.320453
v -0.0303011 0.0772959 0.0219155
vn -0.577505 -0.706437 0.409187
v -0.0295248 0.0762271 0.0209214
vn -0.473989 -0.834927 0.279698
v -0.0295248 0.0762271 0.0209214
vn -0.473989 -0.834927 0.279698
v -0.0303011 0.0772959 0.0219155
vn -0.577505 -0.706437 0.409187
v -0.0304712 0.0773491 0.0217633
vn -0.587212 -0.703467 0.400395
v -0.0300211 0.0772918 0.0222885
vn -0.561599 -0.706485 0.430679
v -0.0304712 0.0773491 0.0217633
vn -0.587212 -0.703467 0.400395
v -0.0303011 0.0772959 0.0219155
vn -0.577505 -0.706437 0.409187
v -0.0280713 0.0755328 0.0205146
vn -0.203817 -0.968559 0.142662
v -0.0291643 0.0761813 0.021342
vn -0.439006 -0.839395 0.320453
v -0.0295248 0.0762271 0.0209214
vn -0.473989 -0.834927 0.279698
v -0.0257708 0.0760601 0.0223737
vn 0.348342 -0.878982 0.32565
v -0.0272685 0.0757613 0.0219362
vn -0.0961854 -0.937916 0.333258
v -0.0260571 0.0757087 0.0214707
vn 0.300624 -0.93751 0.175214
v -0.0257708 0.0760601 0.0223737
vn 0.348342 -0.878982 0.32565
v -0.0270338 0.0760493 0.0226764
vn -0.0647205 -0.899321 0.432474
v -0.0272685 0.0757613 0.0219362
vn -0.0961854 -0.937916 0.333258
v -0.0270338 0.0760493 0.0226764
vn -0.0647205 -0.899321 0.432474
v -0.0286257 0.0763346 0.0222959
vn -0.386644 -0.824495 0.413175
v -0.0272685 0.0757613 0.0219362
vn -0.0961854 -0.937916 0.333258
v -0.0185064 0.0818827 0.01497
vn 0.4624 -0.856487 -0.229382
v -0.0183854 0.0817281 0.0163843
vn 0.538594 -0.841104 -0.0496016
v -0.023805 0.0776715 0.0199573
vn 0.660853 -0.749975 -0.0284747
v -0.0183854 0.0817281 0.0163843
vn 0.538594 -0.841104 -0.0496016
v -0.0235007 0.078045 0.0209174
vn 0.714295 -0.684025 0.147962
v -0.023805 0.0776715 0.0199573
vn 0.660853 -0.749975 -0.0284747
v -0.0185064 0.0818827 0.01497
vn 0.4624 -0.856487 -0.229382
v -0.023805 0.0776715 0.0199573
vn 0.660853 -0.749975 -0.0284747
v -0.0242595 0.0774454 0.0190106
vn 0.580727 -0.788383 -0.202998
v -0.023805 0.0776715 0.0199573
vn 0.660853 -0.749975 -0.0284747
v -0.02563 0.0759586 0.0200235
vn 0.533798 -0.828711 -0.168222
v -0.0242595 0.0774454 0.0190106
vn 0.580727 -0.788383 -0.202998
v -0.0187736 0.0822476 0.0136076
vn 0.366121 -0.842243 -0.395704
v -0.0114949 0.0861877 0.0122884
vn 0.564016 -0.793906 -0.227154
v -0.0185064 0.0818827 0.01497
vn 0.4624 -0.856487 -0.229382
v -0.0185064 0.0818827 0.01497
vn 0.4624 -0.856487 -0.229382
v -0.0114949 0.0861877 0.0122884
vn 0.564016 -0.793906 -0.227154
v -0.0113501 0.0859965 0.0140201
vn 0.618769 -0.784219 -0.046104
v -0.0185064 0.0818827 0.01497
vn 0.4624 -0.856487 -0.229382
v -0.0113501 0.0859965 0.0140201
vn 0.618769 -0.784219 -0.046104
v -0.0183854 0.0817281 0.0163843
vn 0.538594 -0.841104 -0.0496016
v -0.0187736 0.0822476 0.0136076
vn 0.366121 -0.842243 -0.395704
v -0.0185064 0.0818827 0.01497
vn 0.4624 -0.856487 -0.229382
v -0.0242595 0.0774454 0.0190106
vn 0.580727 -0.788383 -0.202998
v -0.0114949 0.0861877 0.0122884
vn 0.564016 -0.793906 -0.227154
v -0.0111137 0.0862482 0.0139345
vn 0.867252 -0.495572 -0.047773
v -0.0113501 0.0859965 0.0140201
vn 0.618769 -0.784219 -0.046104
v -0.0113501 0.0859965 0.0140201
vn 0.618769 -0.784219 -0.046104
v -0.0111137 0.0862482 0.0139345
vn 0.867252 -0.495572 -0.047773
v -0.0111505 0.0863234 0.0156603
vn 0.878734 -0.46221 0.119115
v -0.0183854 0.0817281 0.0163843
vn 0.538594 -0.841104 -0.0496016
v -0.0113501 0.0859965 0.0140201
vn 0.618769 -0.784219 -0.046104
v -0.011387 0.0860717 0.0157476
vn 0.649771 -0.747224 0.139476
v -0.0113501 0.0859965 0.0140201
vn 0.618769 -0.784219 -0.046104
v -0.0111505 0.0863234 0.0156603
vn 0.878734 -0.46221 0.119115
v -0.011387 0.0860717 0.0157476
vn 0.649771 -0.747224 0.139476
v -0.011387 0.0860717 0.0157476
vn 0.649771 -0.747224 0.139476
v -0.0111505 0.0863234 0.0156603
vn 0.878734 -0.46221 0.119115
v -0.0113688 0.0866607 0.0173148
vn 0.869075 -0.406588 0.281771
v -0.0111137 0.0862482 0.0139345
vn 0.867252 -0.495572 -0.047773
v -0.0110552 0.0866878 0.0155804
vn 0.99558 -0.0504856 0.0791944
v -0.0111505 0.0863234 0.0156603
vn 0.878734 -0.46221 0.119115
v -0.0111505 0.0863234 0.0156603
vn 0.878734 -0.46221 0.119115
v -0.0110552 0.0866878 0.0155804
vn 0.99558 -0.0504856 0.0791944
v -0.0112697 0.0870179 0.0172013
vn 0.980992 -0.0199757 0.193017
v -0.0111505 0.0863234 0.0156603
vn 0.878734 -0.46221 0.119115
v -0.0112697 0.0870179 0.0172013
vn 0.980992 -0.0199757 0.193017
v -0.0113688 0.0866607 0.0173148
vn 0.869075 -0.406588 0.281771
v -0.0110552 0.0866878 0.0155804
vn 0.99558 -0.0504856 0.0791944
v -0.0113229 0.0874271 0.0170817
vn 0.947569 0.305284 0.0944131
v -0.0112697 0.0870179 0.0172013
vn 0.980992 -0.0199757 0.193017
v -0.0112697 0.0870179 0.0172013
vn 0.980992 -0.0199757 0.193017
v -0.0113229 0.0874271 0.0170817
vn 0.947569 0.305284 0.0944131
v -0.0116905 0.0879735 0.018503
vn 0.933499 0.325193 0.151095
v -0.0113688 0.0866607 0.0173148
vn 0.869075 -0.406588 0.281771
v -0.0112697 0.0870179 0.0172013
vn 0.980992 -0.0199757 0.193017
v -0.0116527 0.0875885 0.0186848
vn 0.953079 0.0265446 0.301555
v -0.0112697 0.0870179 0.0172013
vn 0.980992 -0.0199757 0.193017
v -0.0116905 0.0879735 0.018503
vn 0.933499 0.325193 0.151095
v -0.0116527 0.0875885 0.0186848
vn 0.953079 0.0265446 0.301555
v -0.0113229 0.0874271 0.0170817
vn 0.947569 0.305284 0.0944131
v -0.0118678 0.0883421 0.0183167
vn 0.856976 0.514261 0.0335831
v -0.0116905 0.0879735 0.018503
vn 0.933499 0.325193 0.151095
v -0.0116905 0.0879735 0.018503
vn 0.933499 0.325193 0.151095
v -0.0118678 0.0883421 0.0183167
vn 0.856976 0.514261 0.0335831
v -0.0123458 0.0890428 0.0194665
vn 0.851993 0.521389 0.0475552
v -0.0116527 0.0875885 0.0186848
vn 0.953079 0.0265446 0.301555
v -0.0116905 0.0879735 0.018503
vn 0.933499 0.325193 0.151095
v -0.0122009 0.0887219 0.0197308
vn 0.912561 0.35462 0.203661
v -0.0116905 0.0879735 0.018503
vn 0.933499 0.325193 0.151095
v -0.0123458 0.0890428 0.0194665
vn 0.851993 0.521389 0.0475552
v -0.0122009 0.0887219 0.0197308
vn 0.912561 0.35462 0.203661
v -0.0122009 0.0887219 0.0197308
vn 0.912561 0.35462 0.203661
v -0.0123458 0.0890428 0.0194665
vn 0.851993 0.521389 0.0475552
v -0.012932 0.0898954 0.0203889
vn 0.845135 0.531236 0.0594495
v -0.0158504 0.0938854 0.00576368
vn 0.817053 0.569843 -0.0877699
v -0.0123458 0.0890428 0.0194665
vn 0.851993 0.521389 0.0475552
v -0.0118678 0.0883421 0.0183167
vn 0.856976 0.514261 0.0335831
v -0.0158504 0.0938854 0.00576368
vn 0.817053 0.569843 -0.0877699
v -0.0166391 0.0950178 0.00589434
vn 0.807495 0.583408 -0.0871064
v -0.0123458 0.0890428 0.0194665
vn 0.851993 0.521389 0.0475552
v -0.0166391 0.0950178 0.00589434
vn 0.807495 0.583408 -0.0871064
v -0.012932 0.0898954 0.0203889
vn 0.845135 0.531236 0.0594495
v -0.0123458 0.0890428 0.0194665
vn 0.851993 0.521389 0.0475552
v -0.0167184 0.0950214 0.00550601
vn 0.720499 0.591981 -0.361165
v -0.0158504 0.0938854 0.00576368
vn 0.817053 0.569843 -0.0877699
v -0.0158696 0.0938017 0.00536552
vn 0.764822 0.532688 -0.362341
v -0.0158696 0.0938017 0.00536552
vn 0.764822 0.532688 -0.362341
v -0.0158504 0.0938854 0.00576368
vn 0.817053 0.569843 -0.0877699
v -0.0150372 0.0927216 0.00592432
vn 0.826256 0.556907 -0.0845871
v -0.0150372 0.0927216 0.00592432
vn 0.826256 0.556907 -0.0845871
v -0.0158504 0.0938854 0.00576368
vn 0.817053 0.569843 -0.0877699
v -0.0118678 0.0883421 0.0183167
vn 0.856976 0.514261 0.0335831
v -0.0167184 0.0950214 0.00550601
vn 0.720499 0.591981 -0.361165
v -0.0166391 0.0950178 0.00589434
vn 0.807495 0.583408 -0.0871064
v -0.0158504 0.0938854 0.00576368
vn 0.817053 0.569843 -0.0877699
v -0.0168721 0.0949395 0.00523463
vn 0.433185 0.489761 -0.756627
v -0.0167184 0.0950214 0.00550601
vn 0.720499 0.591981 -0.361165
v -0.0158696 0.0938017 0.00536552
vn 0.764822 0.532688 -0.362341
v -0.0177219 0.0961653 0.0057042
vn 0.340754 0.613955 -0.712002
v -0.0167184 0.0950214 0.00550601
vn 0.720499 0.591981 -0.361165
v -0.0168721 0.0949395 0.00523463
vn 0.433185 0.489761 -0.756627
v -0.0175194 0.0961759 0.00594858
vn 0.678521 0.650795 -0.340699
v -0.0166391 0.0950178 0.00589434
vn 0.807495 0.583408 -0.0871064
v -0.0167184 0.0950214 0.00550601
vn 0.720499 0.591981 -0.361165
v -0.0177219 0.0961653 0.0057042
vn 0.340754 0.613955 -0.712002
v -0.0175194 0.0961759 0.00594858
vn 0.678521 0.650795 -0.340699
v -0.0167184 0.0950214 0.00550601
vn 0.720499 0.591981 -0.361165
v -0.0168721 0.0949395 0.00523463
vn 0.433185 0.489761 -0.756627
v -0.0158696 0.0938017 0.00536552
vn 0.764822 0.532688 -0.362341
v -0.0159755 0.0936488 0.00508681
vn 0.534807 0.36785 -0.760702
v -0.0179562 0.0960543 0.0056074
vn -0.163788 0.371543 -0.913854
v -0.0177219 0.0961653 0.0057042
vn 0.340754 0.613955 -0.712002
v -0.0168721 0.0949395 0.00523463
vn 0.433185 0.489761 -0.756627
v -0.0179562 0.0960543 0.0056074
vn -0.163788 0.371543 -0.913854
v -0.0168721 0.0949395 0.00523463
vn 0.433185 0.489761 -0.756627
v -0.0170767 0.0947846 0.00512156
vn -0.0414432 0.210241 -0.976771
v -0.0170767 0.0947846 0.00512156
vn -0.0414432 0.210241 -0.976771
v -0.0168721 0.0949395 0.00523463
vn 0.433185 0.489761 -0.756627
v -0.0159755 0.0936488 0.00508681
vn 0.534807 0.36785 -0.760702
v -0.0173015 0.0945803 0.00518409
vn -0.383562 -0.040911 -0.922609
v -0.0170767 0.0947846 0.00512156
vn -0.0414432 0.210241 -0.976771
v -0.0161522 0.0934498 0.00496993
vn 0.0968753 0.0534799 -0.993859
v -0.0170767 0.0947846 0.00512156
vn -0.0414432 0.210241 -0.976771
v -0.0159755 0.0936488 0.00508681
vn 0.534807 0.36785 -0.760702
v -0.0161522 0.0934498 0.00496993
vn 0.0968753 0.0534799 -0.993859
v -0.0181866 0.0958599 0.00567302
vn -0.497596 0.111768 -0.860178
v -0.0170767 0.0947846 0.00512156
vn -0.0414432 0.210241 -0.976771
v -0.0173015 0.0945803 0.00518409
vn -0.383562 -0.040911 -0.922609
v -0.0181866 0.0958599 0.00567302
vn -0.497596 0.111768 -0.860178
v -0.0179562 0.0960543 0.0056074
vn -0.163788 0.371543 -0.913854
v -0.0170767 0.0947846 0.00512156
vn -0.0414432 0.210241 -0.976771
v -0.0246865 0.0906804 0.0102585
vn -0.698422 0.131593 -0.703484
v -0.0181866 0.0958599 0.00567302
vn -0.497596 0.111768 -0.860178
v -0.0240293 0.0897294 0.00960079
vn -0.611884 -0.00430297 -0.790936
v -0.0240293 0.0897294 0.00960079
vn -0.611884 -0.00430297 -0.790936
v -0.0181866 0.0958599 0.00567302
vn -0.497596 0.111768 -0.860178
v -0.0173015 0.0945803 0.00518409
vn -0.383562 -0.040911 -0.922609
v -0.0189941 0.0970243 0.00648073
vn -0.591743 0.259865 -0.763092
v -0.0179562 0.0960543 0.0056074
vn -0.163788 0.371543 -0.913854
v -0.0181866 0.0958599 0.00567302
vn -0.497596 0.111768 -0.860178
v -0.0246865 0.0906804 0.0102585
vn -0.698422 0.131593 -0.703484
v -0.0189941 0.0970243 0.00648073
vn -0.591743 0.259865 -0.763092
v -0.0181866 0.0958599 0.00567302
vn -0.497596 0.111768 -0.860178
v -0.0196926 0.0980284 0.00757572
vn -0.662165 0.396704 -0.635739
v -0.0187572 0.0972109 0.00640884
vn -0.261193 0.527546 -0.808377
v -0.0189941 0.0970243 0.00648073
vn -0.591743 0.259865 -0.763092
v -0.0189941 0.0970243 0.00648073
vn -0.591743 0.259865 -0.763092
v -0.0187572 0.0972109 0.00640884
vn -0.261193 0.527546 -0.808377
v -0.0179562 0.0960543 0.0056074
vn -0.163788 0.371543 -0.913854
v -0.0252524 0.0915035 0.0111491
vn -0.764917 0.259168 -0.58969
v -0.0189941 0.0970243 0.00648073
vn -0.591743 0.259865 -0.763092
v -0.0246865 0.0906804 0.0102585
vn -0.698422 0.131593 -0.703484
v -0.0252524 0.0915035 0.0111491
vn -0.764917 0.259168 -0.58969
v -0.0196926 0.0980284 0.00757572
vn -0.662165 0.396704 -0.635739
v -0.0189941 0.0970243 0.00648073
vn -0.591743 0.259865 -0.763092
v -0.0257052 0.0921673 0.0122384
vn -0.808966 0.374099 -0.453458
v -0.0196926 0.0980284 0.00757572
vn -0.662165 0.396704 -0.635739
v -0.0252524 0.0915035 0.0111491
vn -0.764917 0.259168 -0.58969
v -0.0257052 0.0921673 0.0122384
vn -0.808966 0.374099 -0.453458
v -0.0252524 0.0915035 0.0111491
vn -0.764917 0.259168 -0.58969
v -0.0318394 0.0831277 0.0170938
vn -0.778828 0.267628 -0.567276
v -0.0252524 0.0915035 0.0111491
vn -0.764917 0.259168 -0.58969
v -0.0246865 0.0906804 0.0102585
vn -0.698422 0.131593 -0.703484
v -0.0314901 0.0823559 0.0164335
vn -0.713643 0.128919 -0.688545
v -0.0252524 0.0915035 0.0111491
vn -0.764917 0.259168 -0.58969
v -0.0314901 0.0823559 0.0164335
vn -0.713643 0.128919 -0.688545
v -0.0318394 0.0831277 0.0170938
vn -0.778828 0.267628 -0.567276
v -0.0246865 0.0906804 0.0102585
vn -0.698422 0.131593 -0.703484
v -0.0240293 0.0897294 0.00960079
vn -0.611884 -0.00430297 -0.790936
v -0.0309954 0.0815512 0.0159219
vn -0.622917 -0.0166512 -0.782111
v -0.0246865 0.0906804 0.0102585
vn -0.698422 0.131593 -0.703484
v -0.0309954 0.0815512 0.0159219
vn -0.622917 -0.0166512 -0.782111
v -0.0314901 0.0823559 0.0164335
vn -0.713643 0.128919 -0.688545
v -0.0240293 0.0897294 0.00960079
vn -0.611884 -0.00430297 -0.790936
v -0.0303743 0.0807446 0.0155787
vn -0.510106 -0.163565 -0.844416
v -0.0309954 0.0815512 0.0159219
vn -0.622917 -0.0166512 -0.782111
v -0.0240293 0.0897294 0.00960079
vn -0.611884 -0.00430297 -0.790936
v -0.0233061 0.0886873 0.00920114
vn -0.508331 -0.143877 -0.849058
v -0.0303743 0.0807446 0.0155787
vn -0.510106 -0.163565 -0.844416
v -0.0240293 0.0897294 0.00960079
vn -0.611884 -0.00430297 -0.790936
v -0.0173015 0.0945803 0.00518409
vn -0.383562 -0.040911 -0.922609
v -0.0233061 0.0886873 0.00920114
vn -0.508331 -0.143877 -0.849058
v -0.0233061 0.0886873 0.00920114
vn -0.508331 -0.143877 -0.849058
v -0.0296506 0.0799674 0.0154171
vn -0.379523 -0.306161 -0.873057
v -0.0303743 0.0807446 0.0155787
vn -0.510106 -0.163565 -0.844416
v -0.0233061 0.0886873 0.00920114
vn -0.508331 -0.143877 -0.849058
v -0.0225446 0.087594 0.00907496
vn -0.391311 -0.282313 -0.875885
v -0.0296506 0.0799674 0.0154171
vn -0.379523 -0.306161 -0.873057
v -0.0233061 0.0886873 0.00920114
vn -0.508331 -0.143877 -0.849058
v -0.0163727 0.0932351 0.00503263
vn -0.254916 -0.191566 -0.947798
v -0.0225446 0.087594 0.00907496
vn -0.391311 -0.282313 -0.875885
v -0.0233061 0.0886873 0.00920114
vn -0.508331 -0.143877 -0.849058
v -0.0173015 0.0945803 0.00518409
vn -0.383562 -0.040911 -0.922609
v -0.0163727 0.0932351 0.00503263
vn -0.254916 -0.191566 -0.947798
v -0.0225446 0.087594 0.00907496
vn -0.391311 -0.282313 -0.875885
v -0.0163727 0.0932351 0.00503263
vn -0.254916 -0.191566 -0.947798
v -0.0154363 0.0918765 0.00522432
vn -0.11806 -0.33425 -0.935061
v -0.0225446 0.087594 0.00907496
vn -0.391311 -0.282313 -0.875885
v -0.0154363 0.0918765 0.00522432
vn -0.11806 -0.33425 -0.935061
v -0.0217743 0.0864916 0.00922713
vn -0.264773 -0.414821 -0.870528
v -0.0225446 0.087594 0.00907496
vn -0.391311 -0.282313 -0.875885
v -0.0288522 0.0792493 0.0154433
vn -0.23615 -0.438907 -0.866945
v -0.0296506 0.0799674 0.0154171
vn -0.379523 -0.306161 -0.873057
v -0.0225446 0.087594 0.00907496
vn -0.391311 -0.282313 -0.875885
v -0.0217743 0.0864916 0.00922713
vn -0.264773 -0.414821 -0.870528
v -0.0288522 0.0792493 0.0154433
vn -0.23615 -0.438907 -0.866945
v -0.0163727 0.0932351 0.00503263
vn -0.254916 -0.191566 -0.947798
v -0.0152176 0.0921009 0.0051587
vn 0.240453 -0.0907941 -0.966405
v -0.0154363 0.0918765 0.00522432
vn -0.11806 -0.33425 -0.935061
v -0.0154363 0.0918765 0.00522432
vn -0.11806 -0.33425 -0.935061
v -0.0152176 0.0921009 0.0051587
vn 0.240453 -0.0907941 -0.966405
v -0.0143085 0.0907899 0.00568119
vn 0.379371 -0.217064 -0.899422
v -0.0217743 0.0864916 0.00922713
vn -0.264773 -0.414821 -0.870528
v -0.0154363 0.0918765 0.00522432
vn -0.11806 -0.33425 -0.935061
v -0.0145278 0.0905575 0.00575123
vn 0.0205477 -0.463637 -0.885787
v -0.0154363 0.0918765 0.00522432
vn -0.11806 -0.33425 -0.935061
v -0.0143085 0.0907899 0.00568119
vn 0.379371 -0.217064 -0.899422
v -0.0145278 0.0905575 0.00575123
vn 0.0205477 -0.463637 -0.885787
v -0.0145278 0.0905575 0.00575123
vn 0.0205477 -0.463637 -0.885787
v -0.0143085 0.0907899 0.00568119
vn 0.379371 -0.217064 -0.899422
v -0.0134598 0.0895681 0.00651762
vn 0.506473 -0.321829 -0.799944
v -0.0143085 0.0907899 0.00568119
vn 0.379371 -0.217064 -0.899422
v -0.0133401 0.0898705 0.00659332
vn 0.808615 0.0818393 -0.582618
v -0.0134598 0.0895681 0.00651762
vn 0.506473 -0.321829 -0.799944
v -0.0152176 0.0921009 0.0051587
vn 0.240453 -0.0907941 -0.966405
v -0.0141748 0.0910639 0.00577644
vn 0.728672 0.16045 -0.665803
v -0.0143085 0.0907899 0.00568119
vn 0.379371 -0.217064 -0.899422
v -0.0143085 0.0907899 0.00568119
vn 0.379371 -0.217064 -0.899422
v -0.0141748 0.0910639 0.00577644
vn 0.728672 0.16045 -0.665803
v -0.0133401 0.0898705 0.00659332
vn 0.808615 0.0818393 -0.582618
v -0.0134598 0.0895681 0.00651762
vn 0.506473 -0.321829 -0.799944
v -0.0133401 0.0898705 0.00659332
vn 0.808615 0.0818393 -0.582618
v -0.0125942 0.0888079 0.00768927
vn 0.874007 0.0206668 -0.485474
v -0.0133401 0.0898705 0.00659332
vn 0.808615 0.0818393 -0.582618
v -0.0126167 0.089164 0.00786665
vn 0.905524 0.353639 -0.234449
v -0.0125942 0.0888079 0.00768927
vn 0.874007 0.0206668 -0.485474
v -0.0133401 0.0898705 0.00659332
vn 0.808615 0.0818393 -0.582618
v -0.0133406 0.0901901 0.00680784
vn 0.878779 0.387144 -0.279047
v -0.0126167 0.089164 0.00786665
vn 0.905524 0.353639 -0.234449
v -0.0141748 0.0910639 0.00577644
vn 0.728672 0.16045 -0.665803
v -0.0133406 0.0901901 0.00680784
vn 0.878779 0.387144 -0.279047
v -0.0133401 0.0898705 0.00659332
vn 0.808615 0.0818393 -0.582618
v -0.0133406 0.0901901 0.00680784
vn 0.878779 0.387144 -0.279047
v -0.0127679 0.0894974 0.00814101
vn 0.848096 0.526342 -0.0608077
v -0.0126167 0.089164 0.00786665
vn 0.905524 0.353639 -0.234449
v -0.0133406 0.0901901 0.00680784
vn 0.878779 0.387144 -0.279047
v -0.0134615 0.0904784 0.00712851
vn 0.841893 0.535021 -0.0704932
v -0.0127679 0.0894974 0.00814101
vn 0.848096 0.526342 -0.0608077
v -0.0141471 0.0913377 0.00602249
vn 0.84604 0.428351 -0.317384
v -0.0134615 0.0904784 0.00712851
vn 0.841893 0.535021 -0.0704932
v -0.0133406 0.0901901 0.00680784
vn 0.878779 0.387144 -0.279047
v -0.0141748 0.0910639 0.00577644
vn 0.728672 0.16045 -0.665803
v -0.0141471 0.0913377 0.00602249
vn 0.84604 0.428351 -0.317384
v -0.0133406 0.0901901 0.00680784
vn 0.878779 0.387144 -0.279047
v -0.0141471 0.0913377 0.00602249
vn 0.84604 0.428351 -0.317384
v -0.0142296 0.0915697 0.00638184
vn 0.834632 0.545164 -0.0786496
v -0.0134615 0.0904784 0.00712851
vn 0.841893 0.535021 -0.0704932
v -0.0150016 0.0925583 0.00553748
vn 0.807608 0.47717 -0.346523
v -0.0142296 0.0915697 0.00638184
vn 0.834632 0.545164 -0.0786496
v -0.0141471 0.0913377 0.00602249
vn 0.84604 0.428351 -0.317384
v -0.015065 0.0923402 0.00526867
vn 0.635854 0.256328 -0.728001
v -0.0141471 0.0913377 0.00602249
vn 0.84604 0.428351 -0.317384
v -0.0141748 0.0910639 0.00577644
vn 0.728672 0.16045 -0.665803
v -0.015065 0.0923402 0.00526867
vn 0.635854 0.256328 -0.728001
v -0.0150016 0.0925583 0.00553748
vn 0.807608 0.47717 -0.346523
v -0.0141471 0.0913377 0.00602249
vn 0.84604 0.428351 -0.317384
v -0.0158696 0.0938017 0.00536552
vn 0.764822 0.532688 -0.362341
v -0.0150372 0.0927216 0.00592432
vn 0.826256 0.556907 -0.0845871
v -0.0150016 0.0925583 0.00553748
vn 0.807608 0.47717 -0.346523
v -0.0150016 0.0925583 0.00553748
vn 0.807608 0.47717 -0.346523
v -0.0150372 0.0927216 0.00592432
vn 0.826256 0.556907 -0.0845871
v -0.0142296 0.0915697 0.00638184
vn 0.834632 0.545164 -0.0786496
v -0.0159755 0.0936488 0.00508681
vn 0.534807 0.36785 -0.760702
v -0.0150016 0.0925583 0.00553748
vn 0.807608 0.47717 -0.346523
v -0.015065 0.0923402 0.00526867
vn 0.635854 0.256328 -0.728001
v -0.0159755 0.0936488 0.00508681
vn 0.534807 0.36785 -0.760702
v -0.0158696 0.0938017 0.00536552
vn 0.764822 0.532688 -0.362341
v -0.0150016 0.0925583 0.00553748
vn 0.807608 0.47717 -0.346523
v -0.0161522 0.0934498 0.00496993
vn 0.0968753 0.0534799 -0.993859
v -0.015065 0.0923402 0.00526867
vn 0.635854 0.256328 -0.728001
v -0.0152176 0.0921009 0.0051587
vn 0.240453 -0.0907941 -0.966405
v -0.0152176 0.0921009 0.0051587
vn 0.240453 -0.0907941 -0.966405
v -0.015065 0.0923402 0.00526867
vn 0.635854 0.256328 -0.728001
v -0.0141748 0.0910639 0.00577644
vn 0.728672 0.16045 -0.665803
v -0.0161522 0.0934498 0.00496993
vn 0.0968753 0.0534799 -0.993859
v -0.0159755 0.0936488 0.00508681
vn 0.534807 0.36785 -0.760702
v -0.015065 0.0923402 0.00526867
vn 0.635854 0.256328 -0.728001
v -0.0134615 0.0904784 0.00712851
vn 0.841893 0.535021 -0.0704932
v -0.0142296 0.0915697 0.00638184
vn 0.834632 0.545164 -0.0786496
v -0.0113234 0.0875241 0.0154884
vn 0.86154 0.507675 0.00383648
v -0.0142296 0.0915697 0.00638184
vn 0.834632 0.545164 -0.0786496
v -0.0115204 0.0878263 0.0169742
vn 0.860086 0.509804 0.0187568
v -0.0113234 0.0875241 0.0154884
vn 0.86154 0.507675 0.00383648
v -0.0142296 0.0915697 0.00638184
vn 0.834632 0.545164 -0.0786496
v -0.0150372 0.0927216 0.00592432
vn 0.826256 0.556907 -0.0845871
v -0.0115204 0.0878263 0.0169742
vn 0.860086 0.509804 0.0187568
v -0.0113229 0.0874271 0.0170817
vn 0.947569 0.305284 0.0944131
v -0.0115204 0.0878263 0.0169742
vn 0.860086 0.509804 0.0187568
v -0.0118678 0.0883421 0.0183167
vn 0.856976 0.514261 0.0335831
v -0.0150372 0.0927216 0.00592432
vn 0.826256 0.556907 -0.0845871
v -0.0118678 0.0883421 0.0183167
vn 0.856976 0.514261 0.0335831
v -0.0115204 0.0878263 0.0169742
vn 0.860086 0.509804 0.0187568
v -0.011116 0.0871094 0.01552
vn 0.954992 0.294416 0.0361844
v -0.0115204 0.0878263 0.0169742
vn 0.860086 0.509804 0.0187568
v -0.0113229 0.0874271 0.0170817
vn 0.947569 0.305284 0.0944131
v -0.011116 0.0871094 0.01552
vn 0.954992 0.294416 0.0361844
v -0.0113234 0.0875241 0.0154884
vn 0.86154 0.507675 0.00383648
v -0.0115204 0.0878263 0.0169742
vn 0.860086 0.509804 0.0187568
v -0.0110552 0.0866878 0.0155804
vn 0.99558 -0.0504856 0.0791944
v -0.011116 0.0871094 0.01552
vn 0.954992 0.294416 0.0361844
v -0.0113229 0.0874271 0.0170817
vn 0.947569 0.305284 0.0944131
v -0.0110192 0.0866139 0.0138853
vn 0.997147 -0.0658543 -0.0368946
v -0.011116 0.0871094 0.01552
vn 0.954992 0.294416 0.0361844
v -0.0110552 0.0866878 0.0155804
vn 0.99558 -0.0504856 0.0791944
v -0.0110192 0.0866139 0.0138853
vn 0.997147 -0.0658543 -0.0368946
v -0.0110812 0.0870378 0.0138799
vn 0.956291 0.291605 -0.021773
v -0.011116 0.0871094 0.01552
vn 0.954992 0.294416 0.0361844
v -0.0110812 0.0870378 0.0138799
vn 0.956291 0.291605 -0.021773
v -0.0113234 0.0875241 0.0154884
vn 0.86154 0.507675 0.00383648
v -0.011116 0.0871094 0.01552
vn 0.954992 0.294416 0.0361844
v -0.011164 0.0868006 0.0121826
vn 0.985953 -0.066726 -0.153113
v -0.0110812 0.0870378 0.0138799
vn 0.956291 0.291605 -0.021773
v -0.0110192 0.0866139 0.0138853
vn 0.997147 -0.0658543 -0.0368946
v -0.0112223 0.0872186 0.012228
vn 0.951846 0.296355 -0.0785025
v -0.0112901 0.0874555 0.0139191
vn 0.86139 0.507831 -0.010764
v -0.0110812 0.0870378 0.0138799
vn 0.956291 0.291605 -0.021773
v -0.0110812 0.0870378 0.0138799
vn 0.956291 0.291605 -0.021773
v -0.0112901 0.0874555 0.0139191
vn 0.86139 0.507831 -0.010764
v -0.0113234 0.0875241 0.0154884
vn 0.86154 0.507675 0.00383648
v -0.011164 0.0868006 0.0121826
vn 0.985953 -0.066726 -0.153113
v -0.0112223 0.0872186 0.012228
vn 0.951846 0.296355 -0.0785025
v -0.0110812 0.0870378 0.0138799
vn 0.956291 0.291605 -0.021773
v -0.011484 0.0872415 0.0105399
vn 0.962003 -0.0528377 -0.26788
v -0.0112223 0.0872186 0.012228
vn 0.951846 0.296355 -0.0785025
v -0.011164 0.0868006 0.0121826
vn 0.985953 -0.066726 -0.153113
v -0.011484 0.0872415 0.0105399
vn 0.962003 -0.0528377 -0.26788
v -0.0115346 0.0876462 0.0106324
vn 0.941888 0.308352 -0.133286
v -0.0112223 0.0872186 0.012228
vn 0.951846 0.296355 -0.0785025
v -0.0115346 0.0876462 0.0106324
vn 0.941888 0.308352 -0.133286
v -0.0114258 0.087629 0.012333
vn 0.859832 0.509982 -0.0246523
v -0.0112223 0.0872186 0.012228
vn 0.951846 0.296355 -0.0785025
v -0.0112223 0.0872186 0.012228
vn 0.951846 0.296355 -0.0785025
v -0.0114258 0.087629 0.012333
vn 0.859832 0.509982 -0.0246523
v -0.0112901 0.0874555 0.0139191
vn 0.86139 0.507831 -0.010764
v -0.0120704 0.0875782 0.00899247
vn 0.709599 -0.461124 -0.532761
v -0.011484 0.0872415 0.0105399
vn 0.962003 -0.0528377 -0.26788
v -0.0115826 0.0868876 0.010535
vn 0.782311 -0.495404 -0.377576
v -0.0115826 0.0868876 0.010535
vn 0.782311 -0.495404 -0.377576
v -0.011484 0.0872415 0.0105399
vn 0.962003 -0.0528377 -0.26788
v -0.011164 0.0868006 0.0121826
vn 0.985953 -0.066726 -0.153113
v -0.0120704 0.0875782 0.00899247
vn 0.709599 -0.461124 -0.532761
v -0.0119672 0.0879197 0.00902215
vn 0.924894 -0.0240701 -0.379463
v -0.011484 0.0872415 0.0105399
vn 0.962003 -0.0528377 -0.26788
v -0.0119672 0.0879197 0.00902215
vn 0.924894 -0.0240701 -0.379463
v -0.0115346 0.0876462 0.0106324
vn 0.941888 0.308352 -0.133286
v -0.011484 0.0872415 0.0105399
vn 0.962003 -0.0528377 -0.26788
v -0.0127042 0.0884835 0.0076358
vn 0.617368 -0.403261 -0.675454
v -0.0119672 0.0879197 0.00902215
vn 0.924894 -0.0240701 -0.379463
v -0.0120704 0.0875782 0.00899247
vn 0.709599 -0.461124 -0.532761
v -0.0119672 0.0879197 0.00902215
vn 0.924894 -0.0240701 -0.379463
v -0.0120059 0.0883039 0.00915864
vn 0.926481 0.327437 -0.185522
v -0.0115346 0.0876462 0.0106324
vn 0.941888 0.308352 -0.133286
v -0.0127042 0.0884835 0.0076358
vn 0.617368 -0.403261 -0.675454
v -0.0125942 0.0888079 0.00768927
vn 0.874007 0.0206668 -0.485474
v -0.0119672 0.0879197 0.00902215
vn 0.924894 -0.0240701 -0.379463
v -0.0125942 0.0888079 0.00768927
vn 0.874007 0.0206668 -0.485474
v -0.0120059 0.0883039 0.00915864
vn 0.926481 0.327437 -0.185522
v -0.0119672 0.0879197 0.00902215
vn 0.924894 -0.0240701 -0.379463
v -0.0120059 0.0883039 0.00915864
vn 0.926481 0.327437 -0.185522
v -0.0117266 0.08804 0.0107984
vn 0.857065 0.513826 -0.0377043
v -0.0115346 0.0876462 0.0106324
vn 0.941888 0.308352 -0.133286
v -0.0125942 0.0888079 0.00768927
vn 0.874007 0.0206668 -0.485474
v -0.0126167 0.089164 0.00786665
vn 0.905524 0.353639 -0.234449
v -0.0120059 0.0883039 0.00915864
vn 0.926481 0.327437 -0.185522
v -0.0120059 0.0883039 0.00915864
vn 0.926481 0.327437 -0.185522
v -0.0121807 0.0886722 0.00938115
vn 0.853095 0.519376 -0.0497795
v -0.0117266 0.08804 0.0107984
vn 0.857065 0.513826 -0.0377043
v -0.0126167 0.089164 0.00786665
vn 0.905524 0.353639 -0.234449
v -0.0121807 0.0886722 0.00938115
vn 0.853095 0.519376 -0.0497795
v -0.0120059 0.0883039 0.00915864
vn 0.926481 0.327437 -0.185522
v -0.0114258 0.087629 0.012333
vn 0.859832 0.509982 -0.0246523
v -0.0117266 0.08804 0.0107984
vn 0.857065 0.513826 -0.0377043
v -0.0121807 0.0886722 0.00938115
vn 0.853095 0.519376 -0.0497795
v -0.0126167 0.089164 0.00786665
vn 0.905524 0.353639 -0.234449
v -0.0127679 0.0894974 0.00814101
vn 0.848096 0.526342 -0.0608077
v -0.0121807 0.0886722 0.00938115
vn 0.853095 0.519376 -0.0497795
v -0.0121807 0.0886722 0.00938115
vn 0.853095 0.519376 -0.0497795
v -0.0127679 0.0894974 0.00814101
vn 0.848096 0.526342 -0.0608077
v -0.0114258 0.087629 0.012333
vn 0.859832 0.509982 -0.0246523
v -0.0115346 0.0876462 0.0106324
vn 0.941888 0.308352 -0.133286
v -0.0117266 0.08804 0.0107984
vn 0.857065 0.513826 -0.0377043
v -0.0114258 0.087629 0.012333
vn 0.859832 0.509982 -0.0246523
v -0.0129297 0.0882398 0.00771442
vn 0.280324 -0.666152 -0.691129
v -0.0127042 0.0884835 0.0076358
vn 0.617368 -0.403261 -0.675454
v -0.0120704 0.0875782 0.00899247
vn 0.709599 -0.461124 -0.532761
v -0.0136817 0.0893294 0.00659231
vn 0.154962 -0.575373 -0.803077
v -0.0127042 0.0884835 0.0076358
vn 0.617368 -0.403261 -0.675454
v -0.0129297 0.0882398 0.00771442
vn 0.280324 -0.666152 -0.691129
v -0.0134598 0.0895681 0.00651762
vn 0.506473 -0.321829 -0.799944
v -0.0125942 0.0888079 0.00768927
vn 0.874007 0.0206668 -0.485474
v -0.0127042 0.0884835 0.0076358
vn 0.617368 -0.403261 -0.675454
v -0.0136817 0.0893294 0.00659231
vn 0.154962 -0.575373 -0.803077
v -0.0134598 0.0895681 0.00651762
vn 0.506473 -0.321829 -0.799944
v -0.0127042 0.0884835 0.0076358
vn 0.617368 -0.403261 -0.675454
v -0.0122998 0.0873312 0.00907401
vn 0.392314 -0.733845 -0.554582
v -0.0120704 0.0875782 0.00899247
vn 0.709599 -0.461124 -0.532761
v -0.0115826 0.0868876 0.010535
vn 0.782311 -0.495404 -0.377576
v -0.0129297 0.0882398 0.00771442
vn 0.280324 -0.666152 -0.691129
v -0.0120704 0.0875782 0.00899247
vn 0.709599 -0.461124 -0.532761
v -0.0122998 0.0873312 0.00907401
vn 0.392314 -0.733845 -0.554582
v -0.0127679 0.0894974 0.00814101
vn 0.848096 0.526342 -0.0608077
v -0.0112901 0.0874555 0.0139191
vn 0.86139 0.507831 -0.010764
v -0.0114258 0.087629 0.012333
vn 0.859832 0.509982 -0.0246523
v -0.0115826 0.0868876 0.010535
vn 0.782311 -0.495404 -0.377576
v -0.011164 0.0868006 0.0121826
vn 0.985953 -0.066726 -0.153113
v -0.0112597 0.0864385 0.0122038
vn 0.834939 -0.506784 -0.214586
v -0.0112597 0.0864385 0.0122038
vn 0.834939 -0.506784 -0.214586
v -0.011164 0.0868006 0.0121826
vn 0.985953 -0.066726 -0.153113
v -0.0110192 0.0866139 0.0138853
vn 0.997147 -0.0658543 -0.0368946
v -0.0127679 0.0894974 0.00814101
vn 0.848096 0.526342 -0.0608077
v -0.0134615 0.0904784 0.00712851
vn 0.841893 0.535021 -0.0704932
v -0.0112901 0.0874555 0.0139191
vn 0.86139 0.507831 -0.010764
v -0.0134615 0.0904784 0.00712851
vn 0.841893 0.535021 -0.0704932
v -0.0113234 0.0875241 0.0154884
vn 0.86154 0.507675 0.00383648
v -0.0112901 0.0874555 0.0139191
vn 0.86139 0.507831 -0.010764
v -0.0111137 0.0862482 0.0139345
vn 0.867252 -0.495572 -0.047773
v -0.0110192 0.0866139 0.0138853
vn 0.997147 -0.0658543 -0.0368946
v -0.0110552 0.0866878 0.0155804
vn 0.99558 -0.0504856 0.0791944
v -0.0112597 0.0864385 0.0122038
vn 0.834939 -0.506784 -0.214586
v -0.0110192 0.0866139 0.0138853
vn 0.997147 -0.0658543 -0.0368946
v -0.0111137 0.0862482 0.0139345
vn 0.867252 -0.495572 -0.047773
v -0.0145278 0.0905575 0.00575123
vn 0.0205477 -0.463637 -0.885787
v -0.0134598 0.0895681 0.00651762
vn 0.506473 -0.321829 -0.799944
v -0.0136817 0.0893294 0.00659231
vn 0.154962 -0.575373 -0.803077
v -0.0163727 0.0932351 0.00503263
vn -0.254916 -0.191566 -0.947798
v -0.0161522 0.0934498 0.00496993
vn 0.0968753 0.0534799 -0.993859
v -0.0152176 0.0921009 0.0051587
vn 0.240453 -0.0907941 -0.966405
v -0.0173015 0.0945803 0.00518409
vn -0.383562 -0.040911 -0.922609
v -0.0161522 0.0934498 0.00496993
vn 0.0968753 0.0534799 -0.993859
v -0.0163727 0.0932351 0.00503263
vn -0.254916 -0.191566 -0.947798
v -0.0296506 0.0799674 0.0154171
vn -0.379523 -0.306161 -0.873057
v -0.0310213 0.0784807 0.01643
vn -0.43949 -0.373374 -0.81697
v -0.031745 0.079258 0.0165916
vn -0.570147 -0.233069 -0.787789
v -0.0288522 0.0792493 0.0154433
vn -0.23615 -0.438907 -0.866945
v -0.0310213 0.0784807 0.01643
vn -0.43949 -0.373374 -0.81697
v -0.0296506 0.0799674 0.0154171
vn -0.379523 -0.306161 -0.873057
v -0.0296506 0.0799674 0.0154171
vn -0.379523 -0.306161 -0.873057
v -0.031745 0.079258 0.0165916
vn -0.570147 -0.233069 -0.787789
v -0.0303743 0.0807446 0.0155787
vn -0.510106 -0.163565 -0.844416
v -0.0303743 0.0807446 0.0155787
vn -0.510106 -0.163565 -0.844416
v -0.031745 0.079258 0.0165916
vn -0.570147 -0.233069 -0.787789
v -0.0323661 0.0800644 0.0169347
vn -0.682278 -0.087448 -0.725844
v -0.0303743 0.0807446 0.0155787
vn -0.510106 -0.163565 -0.844416
v -0.0323661 0.0800644 0.0169347
vn -0.682278 -0.087448 -0.725844
v -0.0309954 0.0815512 0.0159219
vn -0.622917 -0.0166512 -0.782111
v -0.0187572 0.0972109 0.00640884
vn -0.261193 0.527546 -0.808377
v -0.0177219 0.0961653 0.0057042
vn 0.340754 0.613955 -0.712002
v -0.0179562 0.0960543 0.0056074
vn -0.163788 0.371543 -0.913854
v -0.0122009 0.0887219 0.0197308
vn 0.912561 0.35462 0.203661
v -0.012932 0.0898954 0.0203889
vn 0.845135 0.531236 0.0594495
v -0.0128317 0.0896398 0.0207239
vn 0.885074 0.393564 0.248499
v -0.0128317 0.0896398 0.0207239
vn 0.885074 0.393564 0.248499
v -0.012932 0.0898954 0.0203889
vn 0.845135 0.531236 0.0594495
v -0.0136047 0.0908687 0.0210622
vn 0.836732 0.543353 0.0681664
v -0.0166391 0.0950178 0.00589434
vn 0.807495 0.583408 -0.0871064
v -0.0173794 0.0960846 0.0063034
vn 0.798274 0.596629 -0.0824132
v -0.012932 0.0898954 0.0203889
vn 0.845135 0.531236 0.0594495
v -0.0173794 0.0960846 0.0063034
vn 0.798274 0.596629 -0.0824132
v -0.0136047 0.0908687 0.0210622
vn 0.836732 0.543353 0.0681664
v -0.012932 0.0898954 0.0203889
vn 0.845135 0.531236 0.0594495
v -0.0128317 0.0896398 0.0207239
vn 0.885074 0.393564 0.248499
v -0.0136047 0.0908687 0.0210622
vn 0.836732 0.543353 0.0681664
v -0.0135595 0.090693 0.0214523
vn 0.852271 0.440647 0.281893
v -0.0173794 0.0960846 0.0063034
vn 0.798274 0.596629 -0.0824132
v -0.0180521 0.0970579 0.0069767
vn 0.79011 0.608512 -0.0737536
v -0.0136047 0.0908687 0.0210622
vn 0.836732 0.543353 0.0681664
v -0.0135595 0.090693 0.0214523
vn 0.852271 0.440647 0.281893
v -0.0136047 0.0908687 0.0210622
vn 0.836732 0.543353 0.0681664
v -0.0143449 0.0919354 0.0214713
vn 0.82738 0.556895 0.0728763
v -0.0180521 0.0970579 0.0069767
vn 0.79011 0.608512 -0.0737536
v -0.0143449 0.0919354 0.0214713
vn 0.82738 0.556895 0.0728763
v -0.0136047 0.0908687 0.0210622
vn 0.836732 0.543353 0.0681664
v -0.0135595 0.090693 0.0214523
vn 0.852271 0.440647 0.281893
v -0.0143449 0.0919354 0.0214713
vn 0.82738 0.556895 0.0728763
v -0.0143604 0.0918472 0.021895
vn 0.816221 0.493017 0.301195
v -0.0180521 0.0970579 0.0069767
vn 0.79011 0.608512 -0.0737536
v -0.0151336 0.0930678 0.0216019
vn 0.817806 0.570768 0.0736
v -0.0143449 0.0919354 0.0214713
vn 0.82738 0.556895 0.0728763
v -0.0143604 0.0918472 0.021895
vn 0.816221 0.493017 0.301195
v -0.0143449 0.0919354 0.0214713
vn 0.82738 0.556895 0.0728763
v -0.0151336 0.0930678 0.0216019
vn 0.817806 0.570768 0.0736
v -0.0180521 0.0970579 0.0069767
vn 0.79011 0.608512 -0.0737536
v -0.0186383 0.0979105 0.0078992
vn 0.783525 0.618252 -0.0620793
v -0.0151336 0.0930678 0.0216019
vn 0.817806 0.570768 0.0736
v -0.0186383 0.0979105 0.0078992
vn 0.783525 0.618252 -0.0620793
v -0.0159469 0.0942316 0.0214413
vn 0.808656 0.58403 0.0705943
v -0.0151336 0.0930678 0.0216019
vn 0.817806 0.570768 0.0736
v -0.0143604 0.0918472 0.021895
vn 0.816221 0.493017 0.301195
v -0.0151336 0.0930678 0.0216019
vn 0.817806 0.570768 0.0736
v -0.0152097 0.0930661 0.0220356
vn 0.77941 0.54697 0.305523
v -0.0152097 0.0930661 0.0220356
vn 0.77941 0.54697 0.305523
v -0.0151336 0.0930678 0.0216019
vn 0.817806 0.570768 0.0736
v -0.0159469 0.0942316 0.0214413
vn 0.808656 0.58403 0.0705943
v -0.0186383 0.0979105 0.0078992
vn 0.783525 0.618252 -0.0620793
v -0.0191163 0.0986111 0.00904897
vn 0.7788 0.625405 -0.0483731
v -0.0159469 0.0942316 0.0214413
vn 0.808656 0.58403 0.0705943
v -0.0191163 0.0986111 0.00904897
vn 0.7788 0.625405 -0.0483731
v -0.0167546 0.0953836 0.0209838
vn 0.800335 0.596065 0.064575
v -0.0159469 0.0942316 0.0214413
vn 0.808656 0.58403 0.0705943
v -0.0152097 0.0930661 0.0220356
vn 0.77941 0.54697 0.305523
v -0.0159469 0.0942316 0.0214413
vn 0.808656 0.58403 0.0705943
v -0.0160784 0.0943087 0.0218641
vn 0.743833 0.599093 0.296309
v -0.0160784 0.0943087 0.0218641
vn 0.743833 0.599093 0.296309
v -0.0159469 0.0942316 0.0214413
vn 0.808656 0.58403 0.0705943
v -0.0167546 0.0953836 0.0209838
vn 0.800335 0.596065 0.064575
v -0.0144767 0.091688 0.0222668
vn 0.725036 0.360186 0.587017
v -0.0143604 0.0918472 0.021895
vn 0.816221 0.493017 0.301195
v -0.0152097 0.0930661 0.0220356
vn 0.77941 0.54697 0.305523
v -0.0144767 0.091688 0.0222668
vn 0.725036 0.360186 0.587017
v -0.0152097 0.0930661 0.0220356
vn 0.77941 0.54697 0.305523
v -0.0153747 0.0929761 0.0224156
vn 0.652597 0.46366 0.59928
v -0.0153747 0.0929761 0.0224156
vn 0.652597 0.46366 0.59928
v -0.0152097 0.0930661 0.0220356
vn 0.77941 0.54697 0.305523
v -0.0160784 0.0943087 0.0218641
vn 0.743833 0.599093 0.296309
v -0.0146758 0.091482 0.0225303
vn 0.523674 0.159562 0.836843
v -0.0153747 0.0929761 0.0224156
vn 0.652597 0.46366 0.59928
v -0.0156036 0.0928113 0.022684
vn 0.415316 0.302794 0.857804
v -0.0146758 0.091482 0.0225303
vn 0.523674 0.159562 0.836843
v -0.0144767 0.091688 0.0222668
vn 0.725036 0.360186 0.587017
v -0.0153747 0.0929761 0.0224156
vn 0.652597 0.46366 0.59928
v -0.0156036 0.0928113 0.022684
vn 0.415316 0.302794 0.857804
v -0.0153747 0.0929761 0.0224156
vn 0.652597 0.46366 0.59928
v -0.0162881 0.0942812 0.0222355
vn 0.580623 0.564338 0.586856
v -0.0153747 0.0929761 0.0224156
vn 0.652597 0.46366 0.59928
v -0.0160784 0.0943087 0.0218641
vn 0.743833 0.599093 0.296309
v -0.0162881 0.0942812 0.0222355
vn 0.580623 0.564338 0.586856
v -0.0149274 0.0912608 0.0226453
vn 0.294006 -0.0301546 0.955328
v -0.0146758 0.091482 0.0225303
vn 0.523674 0.159562 0.836843
v -0.0156036 0.0928113 0.022684
vn 0.415316 0.302794 0.857804
v -0.0140414 0.0899858 0.022156
vn 0.410521 -0.188966 0.892056
v -0.0146758 0.091482 0.0225303
vn 0.523674 0.159562 0.836843
v -0.0149274 0.0912608 0.0226453
vn 0.294006 -0.0301546 0.955328
v -0.0140414 0.0899858 0.022156
vn 0.410521 -0.188966 0.892056
v -0.0137959 0.0902153 0.0220443
vn 0.624532 0.0183016 0.780785
v -0.0146758 0.091482 0.0225303
vn 0.523674 0.159562 0.836843
v -0.0137959 0.0902153 0.0220443
vn 0.624532 0.0183016 0.780785
v -0.0144767 0.091688 0.0222668
vn 0.725036 0.360186 0.587017
v -0.0146758 0.091482 0.0225303
vn 0.523674 0.159562 0.836843
v -0.0132379 0.0888214 0.0213511
vn 0.508764 -0.340258 0.790812
v -0.0137959 0.0902153 0.0220443
vn 0.624532 0.0183016 0.780785
v -0.0140414 0.0899858 0.022156
vn 0.410521 -0.188966 0.892056
v -0.0132379 0.0888214 0.0213511
vn 0.508764 -0.340258 0.790812
v -0.0129972 0.0890586 0.0212446
vn 0.713193 -0.113937 0.691645
v -0.0137959 0.0902153 0.0220443
vn 0.624532 0.0183016 0.780785
v -0.0137959 0.0902153 0.0220443
vn 0.624532 0.0183016 0.780785
v -0.0136266 0.0904636 0.0217972
vn 0.794944 0.259614 0.548329
v -0.0144767 0.091688 0.0222668
vn 0.725036 0.360186 0.587017
v -0.0129972 0.0890586 0.0212446
vn 0.713193 -0.113937 0.691645
v -0.0136266 0.0904636 0.0217972
vn 0.794944 0.259614 0.548329
v -0.0137959 0.0902153 0.0220443
vn 0.624532 0.0183016 0.780785
v -0.0125475 0.0878123 0.0202614
vn 0.584166 -0.476464 0.657064
v -0.0129972 0.0890586 0.0212446
vn 0.713193 -0.113937 0.691645
v -0.0132379 0.0888214 0.0213511
vn 0.508764 -0.340258 0.790812
v -0.0125475 0.0878123 0.0202614
vn 0.584166 -0.476464 0.657064
v -0.01231 0.088056 0.020161
vn 0.785264 -0.23116 0.574392
v -0.0129972 0.0890586 0.0212446
vn 0.713193 -0.113937 0.691645
v -0.01231 0.088056 0.020161
vn 0.785264 -0.23116 0.574392
v -0.0128546 0.0893461 0.0210243
vn 0.858411 0.167824 0.484733
v -0.0129972 0.0890586 0.0212446
vn 0.713193 -0.113937 0.691645
v -0.0129972 0.0890586 0.0212446
vn 0.713193 -0.113937 0.691645
v -0.0128546 0.0893461 0.0210243
vn 0.858411 0.167824 0.484733
v -0.0136266 0.0904636 0.0217972
vn 0.794944 0.259614 0.548329
v -0.0121882 0.0883753 0.0199747
vn 0.911852 0.0892292 0.400705
v -0.0128317 0.0896398 0.0207239
vn 0.885074 0.393564 0.248499
v -0.0128546 0.0893461 0.0210243
vn 0.858411 0.167824 0.484733
v -0.0128546 0.0893461 0.0210243
vn 0.858411 0.167824 0.484733
v -0.0128317 0.0896398 0.0207239
vn 0.885074 0.393564 0.248499
v -0.0135595 0.090693 0.0214523
vn 0.852271 0.440647 0.281893
v -0.0128546 0.0893461 0.0210243
vn 0.858411 0.167824 0.484733
v -0.0135595 0.090693 0.0214523
vn 0.852271 0.440647 0.281893
v -0.0136266 0.0904636 0.0217972
vn 0.794944 0.259614 0.548329
v -0.01231 0.088056 0.020161
vn 0.785264 -0.23116 0.574392
v -0.0121882 0.0883753 0.0199747
vn 0.911852 0.0892292 0.400705
v -0.0128546 0.0893461 0.0210243
vn 0.858411 0.167824 0.484733
v -0.0117601 0.0872461 0.0188344
vn 0.83767 -0.329503 0.435587
v -0.0121882 0.0883753 0.0199747
vn 0.911852 0.0892292 0.400705
v -0.01231 0.088056 0.020161
vn 0.785264 -0.23116 0.574392
v -0.0117601 0.0872461 0.0188344
vn 0.83767 -0.329503 0.435587
v -0.0116527 0.0875885 0.0186848
vn 0.953079 0.0265446 0.301555
v -0.0121882 0.0883753 0.0199747
vn 0.911852 0.0892292 0.400705
v -0.0116527 0.0875885 0.0186848
vn 0.953079 0.0265446 0.301555
v -0.0122009 0.0887219 0.0197308
vn 0.912561 0.35462 0.203661
v -0.0121882 0.0883753 0.0199747
vn 0.911852 0.0892292 0.400705
v -0.0121882 0.0883753 0.0199747
vn 0.911852 0.0892292 0.400705
v -0.0122009 0.0887219 0.0197308
vn 0.912561 0.35462 0.203661
v -0.0128317 0.0896398 0.0207239
vn 0.885074 0.393564 0.248499
v -0.0116049 0.08641 0.017405
vn 0.655109 -0.682851 0.323338
v -0.0117601 0.0872461 0.0188344
vn 0.83767 -0.329503 0.435587
v -0.0119965 0.086998 0.018929
vn 0.633153 -0.592067 0.498572
v -0.0119965 0.086998 0.018929
vn 0.633153 -0.592067 0.498572
v -0.0117601 0.0872461 0.0188344
vn 0.83767 -0.329503 0.435587
v -0.01231 0.088056 0.020161
vn 0.785264 -0.23116 0.574392
v -0.0113688 0.0866607 0.0173148
vn 0.869075 -0.406588 0.281771
v -0.0116527 0.0875885 0.0186848
vn 0.953079 0.0265446 0.301555
v -0.0117601 0.0872461 0.0188344
vn 0.83767 -0.329503 0.435587
v -0.0116049 0.08641 0.017405
vn 0.655109 -0.682851 0.323338
v -0.0113688 0.0866607 0.0173148
vn 0.869075 -0.406588 0.281771
v -0.0117601 0.0872461 0.0188344
vn 0.83767 -0.329503 0.435587
v -0.0184154 0.0817897 0.017796
vn 0.590598 -0.795241 0.137059
v -0.011387 0.0860717 0.0157476
vn 0.649771 -0.747224 0.139476
v -0.0116049 0.08641 0.017405
vn 0.655109 -0.682851 0.323338
v -0.011387 0.0860717 0.0157476
vn 0.649771 -0.747224 0.139476
v -0.0113688 0.0866607 0.0173148
vn 0.869075 -0.406588 0.281771
v -0.0116049 0.08641 0.017405
vn 0.655109 -0.682851 0.323338
v -0.0184154 0.0817897 0.017796
vn 0.590598 -0.795241 0.137059
v -0.0116049 0.08641 0.017405
vn 0.655109 -0.682851 0.323338
v -0.018595 0.0820652 0.0191509
vn 0.614851 -0.719508 0.322905
v -0.018595 0.0820652 0.0191509
vn 0.614851 -0.719508 0.322905
v -0.0116049 0.08641 0.017405
vn 0.655109 -0.682851 0.323338
v -0.0119965 0.086998 0.018929
vn 0.633153 -0.592067 0.498572
v -0.0183854 0.0817281 0.0163843
vn 0.538594 -0.841104 -0.0496016
v -0.0184154 0.0817897 0.017796
vn 0.590598 -0.795241 0.137059
v -0.0235007 0.078045 0.0209174
vn 0.714295 -0.684025 0.147962
v -0.0183854 0.0817281 0.0163843
vn 0.538594 -0.841104 -0.0496016
v -0.011387 0.0860717 0.0157476
vn 0.649771 -0.747224 0.139476
v -0.0184154 0.0817897 0.017796
vn 0.590598 -0.795241 0.137059
v -0.0184154 0.0817897 0.017796
vn 0.590598 -0.795241 0.137059
v -0.018595 0.0820652 0.0191509
vn 0.614851 -0.719508 0.322905
v -0.0233579 0.0785514 0.021854
vn 0.738977 -0.593149 0.319511
v -0.0184154 0.0817897 0.017796
vn 0.590598 -0.795241 0.137059
v -0.0233579 0.0785514 0.021854
vn 0.738977 -0.593149 0.319511
v -0.0235007 0.078045 0.0209174
vn 0.714295 -0.684025 0.147962
v -0.0119965 0.086998 0.018929
vn 0.633153 -0.592067 0.498572
v -0.01231 0.088056 0.020161
vn 0.785264 -0.23116 0.574392
v -0.0125475 0.0878123 0.0202614
vn 0.584166 -0.476464 0.657064
v -0.0136266 0.0904636 0.0217972
vn 0.794944 0.259614 0.548329
v -0.0135595 0.090693 0.0214523
vn 0.852271 0.440647 0.281893
v -0.0143604 0.0918472 0.021895
vn 0.816221 0.493017 0.301195
v -0.0136266 0.0904636 0.0217972
vn 0.794944 0.259614 0.548329
v -0.0143604 0.0918472 0.021895
vn 0.816221 0.493017 0.301195
v -0.0144767 0.091688 0.0222668
vn 0.725036 0.360186 0.587017
v -0.0199363 0.084031 0.0223767
vn 0.503552 -0.345985 0.791663
v -0.0140414 0.0899858 0.022156
vn 0.410521 -0.188966 0.892056
v -0.0205934 0.0849819 0.0230345
vn 0.407663 -0.191529 0.89282
v -0.0205934 0.0849819 0.0230345
vn 0.407663 -0.191529 0.89282
v -0.0140414 0.0899858 0.022156
vn 0.410521 -0.188966 0.892056
v -0.0149274 0.0912608 0.0226453
vn 0.294006 -0.0301546 0.955328
v -0.0199363 0.084031 0.0223767
vn 0.503552 -0.345985 0.791663
v -0.0132379 0.0888214 0.0213511
vn 0.508764 -0.340258 0.790812
v -0.0140414 0.0899858 0.022156
vn 0.410521 -0.188966 0.892056
v -0.0175194 0.0961759 0.00594858
vn 0.678521 0.650795 -0.340699
v -0.0173794 0.0960846 0.0063034
vn 0.798274 0.596629 -0.0824132
v -0.0166391 0.0950178 0.00589434
vn 0.807495 0.583408 -0.0871064
v -0.0114949 0.0861877 0.0122884
vn 0.564016 -0.793906 -0.227154
v -0.0112597 0.0864385 0.0122038
vn 0.834939 -0.506784 -0.214586
v -0.0111137 0.0862482 0.0139345
vn 0.867252 -0.495572 -0.047773
v -0.0187736 0.0822476 0.0136076
vn 0.366121 -0.842243 -0.395704
v -0.0242595 0.0774454 0.0190106
vn 0.580727 -0.788383 -0.202998
v -0.0248462 0.0773752 0.0181135
vn 0.477017 -0.797799 -0.368742
v -0.0242595 0.0774454 0.0190106
vn 0.580727 -0.788383 -0.202998
v -0.0262169 0.0758885 0.0191264
vn 0.427876 -0.841361 -0.330202
v -0.0248462 0.0773752 0.0181135
vn 0.477017 -0.797799 -0.368742
v -0.0242595 0.0774454 0.0190106
vn 0.580727 -0.788383 -0.202998
v -0.02563 0.0759586 0.0200235
vn 0.533798 -0.828711 -0.168222
v -0.0262169 0.0758885 0.0191264
vn 0.427876 -0.841361 -0.330202
v -0.02563 0.0759586 0.0200235
vn 0.533798 -0.828711 -0.168222
v -0.0270362 0.07543 0.0197366
vn 0.137515 -0.983947 -0.113743
v -0.0262169 0.0758885 0.0191264
vn 0.427876 -0.841361 -0.330202
v -0.0256365 0.0765363 0.0232544
vn 0.370734 -0.799647 0.472358
v -0.0270338 0.0760493 0.0226764
vn -0.0647205 -0.899321 0.432474
v -0.0257708 0.0760601 0.0223737
vn 0.348342 -0.878982 0.32565
v -0.0247529 0.0776846 0.0237439
vn 0.692211 -0.517097 0.503443
v -0.0256593 0.0771192 0.0240792
vn 0.366886 -0.702508 0.609817
v -0.0256365 0.0765363 0.0232544
vn 0.370734 -0.799647 0.472358
v -0.0249433 0.0783942 0.0245276
vn 0.657824 -0.38901 0.644933
v -0.0256593 0.0771192 0.0240792
vn 0.366886 -0.702508 0.609817
v -0.0247529 0.0776846 0.0237439
vn 0.692211 -0.517097 0.503443
v -0.0235726 0.0798808 0.0235147
vn 0.698954 -0.352186 0.622437
v -0.0249433 0.0783942 0.0245276
vn 0.657824 -0.38901 0.644933
v -0.0247529 0.0776846 0.0237439
vn 0.692211 -0.517097 0.503443
v -0.0199363 0.084031 0.0223767
vn 0.503552 -0.345985 0.791663
v -0.0205934 0.0849819 0.0230345
vn 0.407663 -0.191529 0.89282
v -0.0244166 0.0814575 0.0246866
vn 0.545304 -0.0658604 0.835647
v -0.0284069 0.0771105 0.0237309
vn -0.365402 -0.749165 0.552479
v -0.0298244 0.0775332 0.022909
vn -0.55019 -0.692789 0.466191
v -0.0283944 0.0767899 0.0232772
vn -0.364194 -0.780279 0.508456
v -0.0283944 0.0767899 0.0232772
vn -0.364194 -0.780279 0.508456
v -0.0298244 0.0775332 0.022909
vn -0.55019 -0.692789 0.466191
v -0.0298555 0.0774227 0.0227046
vn -0.551969 -0.6991 0.45452
v -0.0308011 0.0768241 0.0200706
vn -0.597867 -0.776995 0.197061
v -0.0308393 0.0775477 0.0215566
vn -0.608439 -0.69196 0.388578
v -0.0310232 0.0776855 0.0215102
vn -0.618819 -0.68419 0.385935
v -0.0303593 0.0765548 0.0202733
vn -0.554962 -0.803135 0.216776
v -0.0308393 0.0775477 0.0215566
vn -0.608439 -0.69196 0.388578
v -0.0308011 0.0768241 0.0200706
vn -0.597867 -0.776995 0.197061
v -0.0298555 0.0774227 0.0227046
vn -0.551969 -0.6991 0.45452
v -0.0298244 0.0775332 0.022909
vn -0.55019 -0.692789 0.466191
v -0.0308393 0.0775477 0.0215566
vn -0.608439 -0.69196 0.388578
v -0.0298244 0.0775332 0.022909
vn -0.55019 -0.692789 0.466191
v -0.0310232 0.0776855 0.0215102
vn -0.618819 -0.68419 0.385935
v -0.0308393 0.0775477 0.0215566
vn -0.608439 -0.69196 0.388578
v -0.0292096 0.075789 0.0193501
vn -0.356483 -0.934204 -0.013526
v -0.0303593 0.0765548 0.0202733
vn -0.554962 -0.803135 0.216776
v -0.0298519 0.0760895 0.018922
vn -0.442572 -0.893927 -0.0708798
v -0.0298519 0.0760895 0.018922
vn -0.442572 -0.893927 -0.0708798
v -0.0303593 0.0765548 0.0202733
vn -0.554962 -0.803135 0.216776
v -0.0308011 0.0768241 0.0200706
vn -0.597867 -0.776995 0.197061
v -0.0248462 0.0773752 0.0181135
vn 0.477017 -0.797799 -0.368742
v -0.0262169 0.0758885 0.0191264
vn 0.427876 -0.841361 -0.330202
v -0.0269135 0.075977 0.0183136
vn 0.302134 -0.825413 -0.476874
v -0.0298712 0.0778233 0.0232713
vn -0.552895 -0.676123 0.486996
v -0.0299474 0.0779917 0.0234154
vn -0.557263 -0.666452 0.495278
v -0.0313553 0.0780118 0.0215397
vn -0.638062 -0.665261 0.387691
v -0.0289421 0.0782933 0.0247428
vn -0.417374 -0.634331 0.65071
v -0.0300554 0.0781673 0.023527
vn -0.563417 -0.656438 0.501648
v -0.0299474 0.0779917 0.0234154
vn -0.557263 -0.666452 0.495278
v -0.032881 0.0795246 0.0212198
vn -0.799856 -0.514759 0.308633
v -0.0317166 0.0786866 0.0220413
vn -0.658733 -0.626643 0.416402
v -0.0317218 0.0788218 0.0222327
vn -0.659003 -0.618928 0.427368
v -0.0327826 0.0791575 0.0208143
vn -0.790301 -0.550353 0.269326
v -0.0317166 0.0786866 0.0220413
vn -0.658733 -0.626643 0.416402
v -0.032881 0.0795246 0.0212198
vn -0.799856 -0.514759 0.308633
v -0.0327826 0.0791575 0.0208143
vn -0.790301 -0.550353 0.269326
v -0.031675 0.0785317 0.0218703
vn -0.656378 -0.635446 0.406664
v -0.0317166 0.0786866 0.0220413
vn -0.658733 -0.626643 0.416402
v -0.0334631 0.0799681 0.0197283
vn -0.926721 -0.373901 0.037229
v -0.0327826 0.0791575 0.0208143
vn -0.790301 -0.550353 0.269326
v -0.032881 0.0795246 0.0212198
vn -0.799856 -0.514759 0.308633
v -0.032881 0.0795246 0.0212198
vn -0.799856 -0.514759 0.308633
v -0.0317218 0.0788218 0.0222327
vn -0.659003 -0.618928 0.427368
v -0.0328937 0.0798453 0.0216736
vn -0.801074 -0.483636 0.35267
v -0.0334631 0.0799681 0.0197283
vn -0.926721 -0.373901 0.037229
v -0.032881 0.0795246 0.0212198
vn -0.799856 -0.514759 0.308633
v -0.03361 0.0805153 0.0203325
vn -0.946411 -0.300552 0.118218
v -0.03361 0.0805153 0.0203325
vn -0.946411 -0.300552 0.118218
v -0.032881 0.0795246 0.0212198
vn -0.799856 -0.514759 0.308633
v -0.0328937 0.0798453 0.0216736
vn -0.801074 -0.483636 0.35267
v -0.0336132 0.0808402 0.0187775
vn -0.958326 -0.0825467 -0.27349
v -0.0334631 0.0799681 0.0197283
vn -0.926721 -0.373901 0.037229
v -0.03361 0.0805153 0.0203325
vn -0.946411 -0.300552 0.118218
v -0.03361 0.0805153 0.0203325
vn -0.946411 -0.300552 0.118218
v -0.0328937 0.0798453 0.0216736
vn -0.801074 -0.483636 0.35267
v -0.0336287 0.0809932 0.0210087
vn -0.948917 -0.236473 0.208894
v -0.0337924 0.0815076 0.0195146
vn -0.988164 0.0285901 -0.150713
v -0.03361 0.0805153 0.0203325
vn -0.946411 -0.300552 0.118218
v -0.0336287 0.0809932 0.0210087
vn -0.948917 -0.236473 0.208894
v -0.0336132 0.0808402 0.0187775
vn -0.958326 -0.0825467 -0.27349
v -0.03361 0.0805153 0.0203325
vn -0.946411 -0.300552 0.118218
v -0.0337924 0.0815076 0.0195146
vn -0.988164 0.0285901 -0.150713
v -0.0300421 0.080942 0.0257872
vn -0.468027 -0.243367 0.849543
v -0.030051 0.0794843 0.0249903
vn -0.52506 -0.518646 0.674773
v -0.0293925 0.0804552 0.0259514
vn -0.380964 -0.308616 0.871563
v -0.0337924 0.0815076 0.0195146
vn -0.988164 0.0285901 -0.150713
v -0.0336287 0.0809932 0.0210087
vn -0.948917 -0.236473 0.208894
v -0.0338153 0.0820905 0.0203393
vn -0.991977 0.125718 -0.0132623
v -0.0325233 0.0840765 0.0226108
vn -0.710665 0.636878 0.298903
v -0.0329673 0.0831308 0.0230136
vn -0.850711 0.299073 0.432256
v -0.0324155 0.0831968 0.0238572
vn -0.75875 0.310057 0.572855
v -0.0320542 0.0844572 0.0187545
vn -0.823453 0.503729 -0.261117
v -0.0334249 0.0829705 0.0197674
vn -0.873435 0.437177 -0.214445
v -0.0332821 0.0834769 0.0207039
vn -0.847651 0.528614 -0.0453392
v -0.019549 0.0992178 0.0167716
vn 0.615449 0.779521 0.116491
v -0.0192574 0.0989133 0.0165672
vn 0.778429 0.62733 0.0224774
v -0.0195583 0.0993243 0.0150326
vn 0.775849 0.630851 0.00927378
v -0.0190773 0.0985601 0.0182452
vn 0.633473 0.755927 0.165188
v -0.0192574 0.0989133 0.0165672
vn 0.778429 0.62733 0.0224774
v -0.019549 0.0992178 0.0167716
vn 0.615449 0.779521 0.116491
v -0.0174601 0.0954558 0.021981
vn 0.193358 0.568887 0.799362
v -0.0180198 0.0967436 0.0209154
vn 0.446499 0.742278 0.499662
v -0.0183164 0.0966699 0.0211497
vn 0.0862096 0.682143 0.726119
v -0.0177273 0.0952497 0.0220948
vn -0.10399 0.413009 0.904771
v -0.0183164 0.0966699 0.0211497
vn 0.0862096 0.682143 0.726119
v -0.0185857 0.0964655 0.021262
vn -0.233743 0.528391 0.81619
v -0.0185857 0.0964655 0.021262
vn -0.233743 0.528391 0.81619
v -0.0183164 0.0966699 0.0211497
vn 0.0862096 0.682143 0.726119
v -0.019079 0.0977489 0.0200362
vn -0.0148808 0.778167 0.627881
v -0.0177273 0.0952497 0.0220948
vn -0.10399 0.413009 0.904771
v -0.0174601 0.0954558 0.021981
vn 0.193358 0.568887 0.799362
v -0.0183164 0.0966699 0.0211497
vn 0.0862096 0.682143 0.726119
v -0.0228485 0.0882198 0.0234081
vn 0.0031121 0.262522 0.964921
v -0.0177273 0.0952497 0.0220948
vn -0.10399 0.413009 0.904771
v -0.0235982 0.0892891 0.0229835
vn -0.148221 0.388157 0.909596
v -0.0228485 0.0882198 0.0234081
vn 0.0031121 0.262522 0.964921
v -0.0168071 0.0939437 0.0226141
vn 0.030651 0.27793 0.960112
v -0.0177273 0.0952497 0.0220948
vn -0.10399 0.413009 0.904771
v -0.0168071 0.0939437 0.0226141
vn 0.030651 0.27793 0.960112
v -0.0174601 0.0954558 0.021981
vn 0.193358 0.568887 0.799362
v -0.0177273 0.0952497 0.0220948
vn -0.10399 0.413009 0.904771
v -0.0235982 0.0892891 0.0229835
vn -0.148221 0.388157 0.909596
v -0.0177273 0.0952497 0.0220948
vn -0.10399 0.413009 0.904771
v -0.0185857 0.0964655 0.021262
vn -0.233743 0.528391 0.81619
v -0.0228485 0.0882198 0.0234081
vn 0.0031121 0.262522 0.964921
v -0.0235982 0.0892891 0.0229835
vn -0.148221 0.388157 0.909596
v -0.0274023 0.0843909 0.0249521
vn 0.00141804 0.466658 0.884437
v -0.0235982 0.0892891 0.0229835
vn -0.148221 0.388157 0.909596
v -0.0282564 0.0849115 0.0245605
vn -0.15334 0.562425 0.812505
v -0.0274023 0.0843909 0.0249521
vn 0.00141804 0.466658 0.884437
v -0.0235982 0.0892891 0.0229835
vn -0.148221 0.388157 0.909596
v -0.0242986 0.090284 0.0223026
vn -0.295752 0.491877 0.818894
v -0.0282564 0.0849115 0.0245605
vn -0.15334 0.562425 0.812505
v -0.0235982 0.0892891 0.0229835
vn -0.148221 0.388157 0.909596
v -0.0185857 0.0964655 0.021262
vn -0.233743 0.528391 0.81619
v -0.0242986 0.090284 0.0223026
vn -0.295752 0.491877 0.818894
v -0.0242986 0.090284 0.0223026
vn -0.295752 0.491877 0.818894
v -0.0249225 0.0911665 0.0213918
vn -0.43308 0.570201 0.698077
v -0.0290894 0.0853012 0.0240053
vn -0.303496 0.635247 0.710176
v -0.0242986 0.090284 0.0223026
vn -0.295752 0.491877 0.818894
v -0.0193489 0.0975455 0.0201474
vn -0.354294 0.62084 0.699309
v -0.0249225 0.0911665 0.0213918
vn -0.43308 0.570201 0.698077
v -0.0242986 0.090284 0.0223026
vn -0.295752 0.491877 0.818894
v -0.0185857 0.0964655 0.021262
vn -0.233743 0.528391 0.81619
v -0.0193489 0.0975455 0.0201474
vn -0.354294 0.62084 0.699309
v -0.0242986 0.090284 0.0223026
vn -0.295752 0.491877 0.818894
v -0.0290894 0.0853012 0.0240053
vn -0.303496 0.635247 0.710176
v -0.0282564 0.0849115 0.0245605
vn -0.15334 0.562425 0.812505
v -0.0290894 0.0853012 0.0240053
vn -0.303496 0.635247 0.710176
v -0.0296271 0.0834248 0.0255733
vn -0.187793 0.519234 0.833745
v -0.0282564 0.0849115 0.0245605
vn -0.15334 0.562425 0.812505
v -0.0298692 0.0855449 0.0233078
vn -0.44322 0.682372 0.581312
v -0.03046 0.0838145 0.0250181
vn -0.338183 0.589569 0.733512
v -0.0290894 0.0853012 0.0240053
vn -0.303496 0.635247 0.710176
v -0.0290894 0.0853012 0.0240053
vn -0.303496 0.635247 0.710176
v -0.03046 0.0838145 0.0250181
vn -0.338183 0.589569 0.733512
v -0.0296271 0.0834248 0.0255733
vn -0.187793 0.519234 0.833745
v -0.0249225 0.0911665 0.0213918
vn -0.43308 0.570201 0.698077
v -0.0298692 0.0855449 0.0233078
vn -0.44322 0.682372 0.581312
v -0.0290894 0.0853012 0.0240053
vn -0.303496 0.635247 0.710176
v -0.0249225 0.0911665 0.0213918
vn -0.43308 0.570201 0.698077
v -0.0254461 0.0919025 0.020286
vn -0.554966 0.62115 0.55334
v -0.0298692 0.0855449 0.0233078
vn -0.44322 0.682372 0.581312
v -0.0249225 0.0911665 0.0213918
vn -0.43308 0.570201 0.698077
v -0.0199871 0.0984491 0.0187936
vn -0.462334 0.688219 0.559109
v -0.0254461 0.0919025 0.020286
vn -0.554966 0.62115 0.55334
v -0.0249225 0.0911665 0.0213918
vn -0.43308 0.570201 0.698077
v -0.0193489 0.0975455 0.0201474
vn -0.354294 0.62084 0.699309
v -0.0199871 0.0984491 0.0187936
vn -0.462334 0.688219 0.559109
v -0.0282564 0.0849115 0.0245605
vn -0.15334 0.562425 0.812505
v -0.028773 0.0829042 0.025965
vn -0.0335752 0.425244 0.904456
v -0.0274023 0.0843909 0.0249521
vn 0.00141804 0.466658 0.884437
v -0.0282564 0.0849115 0.0245605
vn -0.15334 0.562425 0.812505
v -0.0296271 0.0834248 0.0255733
vn -0.187793 0.519234 0.833745
v -0.028773 0.0829042 0.025965
vn -0.0335752 0.425244 0.904456
v -0.0228485 0.0882198 0.0234081
vn 0.0031121 0.262522 0.964921
v -0.0274023 0.0843909 0.0249521
vn 0.00141804 0.466658 0.884437
v -0.0265598 0.0837594 0.0251651
vn 0.154598 0.351528 0.923324
v -0.0220781 0.0871173 0.0235603
vn 0.151018 0.119873 0.981236
v -0.0168071 0.0939437 0.0226141
vn 0.030651 0.27793 0.960112
v -0.0228485 0.0882198 0.0234081
vn 0.0031121 0.262522 0.964921
v -0.0220781 0.0871173 0.0235603
vn 0.151018 0.119873 0.981236
v -0.0228485 0.0882198 0.0234081
vn 0.0031121 0.262522 0.964921
v -0.0265598 0.0837594 0.0251651
vn 0.154598 0.351528 0.923324
v -0.0185857 0.0964655 0.021262
vn -0.233743 0.528391 0.81619
v -0.019079 0.0977489 0.0200362
vn -0.0148808 0.778167 0.627881
v -0.0193489 0.0975455 0.0201474
vn -0.354294 0.62084 0.699309
v -0.0254461 0.0919025 0.020286
vn -0.554966 0.62115 0.55334
v -0.0305659 0.0856334 0.0224949
vn -0.567112 0.701933 0.430899
v -0.0298692 0.0855449 0.0233078
vn -0.44322 0.682372 0.581312
v -0.0220781 0.0871173 0.0235603
vn 0.151018 0.119873 0.981236
v -0.0265598 0.0837594 0.0251651
vn 0.154598 0.351528 0.923324
v -0.0257614 0.0830412 0.0251914
vn 0.300137 0.221162 0.927904
v -0.0204053 0.0995928 0.0103515
vn -0.372996 0.869945 -0.322599
v -0.0200892 0.0996034 0.010307
vn 0.18006 0.952507 -0.24558
v -0.0197025 0.0990361 0.0088211
vn 0.187387 0.903993 -0.384295
v -0.0257052 0.0921673 0.0122384
vn -0.808966 0.374099 -0.453458
v -0.0202547 0.0988337 0.00891546
vn -0.706817 0.515934 -0.483965
v -0.0196926 0.0980284 0.00757572
vn -0.662165 0.396704 -0.635739
v -0.0331938 0.079373 0.0192192
vn -0.890596 -0.453733 -0.031052
v -0.0327826 0.0791575 0.0208143
vn -0.790301 -0.550353 0.269326
v -0.0334631 0.0799681 0.0197283
vn -0.926721 -0.373901 0.037229
v -0.0310213 0.0784807 0.01643
vn -0.43949 -0.373374 -0.81697
v -0.0322353 0.078599 0.0173526
vn -0.728743 -0.455985 -0.510893
v -0.031745 0.079258 0.0165916
vn -0.570147 -0.233069 -0.787789
v -0.0310213 0.0784807 0.01643
vn -0.43949 -0.373374 -0.81697
v -0.0315547 0.077868 0.0172006
vn -0.615348 -0.577755 -0.536233
v -0.0322353 0.078599 0.0173526
vn -0.728743 -0.455985 -0.510893
v -0.0315547 0.077868 0.0172006
vn -0.615348 -0.577755 -0.536233
v -0.0323335 0.0781308 0.0185601
vn -0.775287 -0.620223 -0.119386
v -0.0322353 0.078599 0.0173526
vn -0.728743 -0.455985 -0.510893
v -0.0285263 0.0766104 0.0170609
vn 0.0109492 -0.711024 -0.703083
v -0.0300116 0.0765985 0.0174256
vn -0.358224 -0.789282 -0.498708
v -0.0293805 0.0771309 0.0166692
vn -0.143246 -0.617069 -0.773761
v -0.0271557 0.0780971 0.016048
vn 0.0669155 -0.654865 -0.752777
v -0.0285263 0.0766104 0.0170609
vn 0.0109492 -0.711024 -0.703083
v -0.0293805 0.0771309 0.0166692
vn -0.143246 -0.617069 -0.773761
v -0.0197003 0.0835449 0.0112434
vn 0.130877 -0.733291 -0.667199
v -0.0129297 0.0882398 0.00771442
vn 0.280324 -0.666152 -0.691129
v -0.0122998 0.0873312 0.00907401
vn 0.392314 -0.733845 -0.554582
v 0.0736395 -0.0622009 -0.0575295
vn 0.393155 -0.732777 -0.555398
v 0.0744833 -0.062507 -0.0561621
vn 0.825036 -0.361073 -0.434674
v 0.0743353 -0.0626642 -0.0561414
vn 0.473186 -0.791358 -0.387102
v 0.0743353 -0.0626642 -0.0561414
vn 0.473186 -0.791358 -0.387102
v 0.0744833 -0.062507 -0.0561621
vn 0.825036 -0.361073 -0.434674
v 0.0750161 -0.0627283 -0.0546484
vn 0.877497 -0.393691 -0.273872
v 0.0688953 -0.0644096 -0.0558303
vn 0.197333 -0.844048 -0.498641
v 0.0736395 -0.0622009 -0.0575295
vn 0.393155 -0.732777 -0.555398
v 0.0743353 -0.0626642 -0.0561414
vn 0.473186 -0.791358 -0.387102
v 0.069469 -0.0647861 -0.054698
vn 0.295302 -0.89139 -0.343832
v 0.0743353 -0.0626642 -0.0561414
vn 0.473186 -0.791358 -0.387102
v 0.0748665 -0.0628864 -0.054627
vn 0.532 -0.821932 -0.203482
v 0.0743353 -0.0626642 -0.0561414
vn 0.473186 -0.791358 -0.387102
v 0.0750161 -0.0627283 -0.0546484
vn 0.877497 -0.393691 -0.273872
v 0.0748665 -0.0628864 -0.054627
vn 0.532 -0.821932 -0.203482
v 0.0688953 -0.0644096 -0.0558303
vn 0.197333 -0.844048 -0.498641
v 0.0743353 -0.0626642 -0.0561414
vn 0.473186 -0.791358 -0.387102
v 0.069469 -0.0647861 -0.054698
vn 0.295302 -0.89139 -0.343832
v 0.0682077 -0.0638515 -0.0568149
vn 0.0864166 -0.770777 -0.631217
v 0.0736395 -0.0622009 -0.0575295
vn 0.393155 -0.732777 -0.555398
v 0.0688953 -0.0644096 -0.0558303
vn 0.197333 -0.844048 -0.498641
v 0.0688953 -0.0644096 -0.0558303
vn 0.197333 -0.844048 -0.498641
v 0.069469 -0.0647861 -0.054698
vn 0.295302 -0.89139 -0.343832
v 0.0656019 -0.0672661 -0.051822
vn 0.445138 -0.825667 -0.346592
v 0.0682077 -0.0638515 -0.0568149
vn 0.0864166 -0.770777 -0.631217
v 0.0688953 -0.0644096 -0.0558303
vn 0.197333 -0.844048 -0.498641
v 0.0649053 -0.0671777 -0.0526347
vn 0.324717 -0.803724 -0.498585
v 0.0688953 -0.0644096 -0.0558303
vn 0.197333 -0.844048 -0.498641
v 0.0656019 -0.0672661 -0.051822
vn 0.445138 -0.825667 -0.346592
v 0.0649053 -0.0671777 -0.0526347
vn 0.324717 -0.803724 -0.498585
v 0.0656019 -0.0672661 -0.051822
vn 0.445138 -0.825667 -0.346592
v 0.064095 -0.0680565 -0.0520361
vn 0.243281 -0.869846 -0.429165
v 0.0649053 -0.0671777 -0.0526347
vn 0.324717 -0.803724 -0.498585
v 0.0682077 -0.0638515 -0.0568149
vn 0.0864166 -0.770777 -0.631217
v 0.0649053 -0.0671777 -0.0526347
vn 0.324717 -0.803724 -0.498585
v 0.0641254 -0.066934 -0.0533323
vn 0.189216 -0.753315 -0.629852
v 0.0649053 -0.0671777 -0.0526347
vn 0.324717 -0.803724 -0.498585
v 0.0633151 -0.0678128 -0.0527334
vn 0.104807 -0.826675 -0.552833
v 0.0641254 -0.066934 -0.0533323
vn 0.189216 -0.753315 -0.629852
v 0.0649053 -0.0671777 -0.0526347
vn 0.324717 -0.803724 -0.498585
v 0.064095 -0.0680565 -0.0520361
vn 0.243281 -0.869846 -0.429165
v 0.0633151 -0.0678128 -0.0527334
vn 0.104807 -0.826675 -0.552833
v 0.0641254 -0.066934 -0.0533323
vn 0.189216 -0.753315 -0.629852
v 0.0624822 -0.0674232 -0.0532887
vn -0.0430762 -0.75748 -0.651436
v 0.0632925 -0.0665442 -0.0538874
vn 0.0438374 -0.676463 -0.73517
v 0.0641254 -0.066934 -0.0533323
vn 0.189216 -0.753315 -0.629852
v 0.0633151 -0.0678128 -0.0527334
vn 0.104807 -0.826675 -0.552833
v 0.0624822 -0.0674232 -0.0532887
vn -0.0430762 -0.75748 -0.651436
v 0.0674327 -0.0631331 -0.0576141
vn -0.0335392 -0.674909 -0.737138
v 0.0682077 -0.0638515 -0.0568149
vn 0.0864166 -0.770777 -0.631217
v 0.0641254 -0.066934 -0.0533323
vn 0.189216 -0.753315 -0.629852
v 0.0674327 -0.0631331 -0.0576141
vn -0.0335392 -0.674909 -0.737138
v 0.0641254 -0.066934 -0.0533323
vn 0.189216 -0.753315 -0.629852
v 0.0632925 -0.0665442 -0.0538874
vn 0.0438374 -0.676463 -0.73517
v 0.0674327 -0.0631331 -0.0576141
vn -0.0335392 -0.674909 -0.737138
v 0.0728053 -0.0615138 -0.058738
vn 0.294776 -0.648553 -0.701774
v 0.0682077 -0.0638515 -0.0568149
vn 0.0864166 -0.770777 -0.631217
v 0.0665999 -0.0622817 -0.058197
vn -0.158188 -0.560593 -0.812842
v 0.0718642 -0.0606293 -0.0597205
vn 0.181466 -0.542253 -0.820385
v 0.0674327 -0.0631331 -0.0576141
vn -0.0335392 -0.674909 -0.737138
v 0.0674327 -0.0631331 -0.0576141
vn -0.0335392 -0.674909 -0.737138
v 0.0718642 -0.0606293 -0.0597205
vn 0.181466 -0.542253 -0.820385
v 0.0728053 -0.0615138 -0.058738
vn 0.294776 -0.648553 -0.701774
v 0.0665999 -0.0622817 -0.058197
vn -0.158188 -0.560593 -0.812842
v 0.0674327 -0.0631331 -0.0576141
vn -0.0335392 -0.674909 -0.737138
v 0.0632925 -0.0665442 -0.0538874
vn 0.0438374 -0.676463 -0.73517
v 0.0665999 -0.0622817 -0.058197
vn -0.158188 -0.560593 -0.812842
v 0.0632925 -0.0665442 -0.0538874
vn 0.0438374 -0.676463 -0.73517
v 0.0624384 -0.0660237 -0.0542791
vn -0.105866 -0.576534 -0.810186
v 0.0657415 -0.0613304 -0.0585413
vn -0.28327 -0.432448 -0.856007
v 0.0665999 -0.0622817 -0.058197
vn -0.158188 -0.560593 -0.812842
v 0.0624384 -0.0660237 -0.0542791
vn -0.105866 -0.576534 -0.810186
v 0.0657415 -0.0613304 -0.0585413
vn -0.28327 -0.432448 -0.856007
v 0.0708518 -0.0595814 -0.0604387
vn 0.0583728 -0.417197 -0.90694
v 0.0665999 -0.0622817 -0.058197
vn -0.158188 -0.560593 -0.812842
v 0.0665999 -0.0622817 -0.058197
vn -0.158188 -0.560593 -0.812842
v 0.0708518 -0.0595814 -0.0604387
vn 0.0583728 -0.417197 -0.90694
v 0.0718642 -0.0606293 -0.0597205
vn 0.181466 -0.542253 -0.820385
v 0.0632925 -0.0665442 -0.0538874
vn 0.0438374 -0.676463 -0.73517
v 0.0616281 -0.0669025 -0.0536804
vn -0.194704 -0.665036 -0.720983
v 0.0624384 -0.0660237 -0.0542791
vn -0.105866 -0.576534 -0.810186
v 0.0624384 -0.0660237 -0.0542791
vn -0.105866 -0.576534 -0.810186
v 0.0616281 -0.0669025 -0.0536804
vn -0.194704 -0.665036 -0.720983
v 0.0607856 -0.066271 -0.0538933
vn -0.344235 -0.552966 -0.758769
v 0.0657415 -0.0613304 -0.0585413
vn -0.28327 -0.432448 -0.856007
v 0.0624384 -0.0660237 -0.0542791
vn -0.105866 -0.576534 -0.810186
v 0.0615959 -0.0653921 -0.0544923
vn -0.254474 -0.457319 -0.852116
v 0.0624384 -0.0660237 -0.0542791
vn -0.105866 -0.576534 -0.810186
v 0.0607856 -0.066271 -0.0538933
vn -0.344235 -0.552966 -0.758769
v 0.0615959 -0.0653921 -0.0544923
vn -0.254474 -0.457319 -0.852116
v 0.0615959 -0.0653921 -0.0544923
vn -0.254474 -0.457319 -0.852116
v 0.0607856 -0.066271 -0.0538933
vn -0.344235 -0.552966 -0.758769
v 0.0599873 -0.0655528 -0.0539196
vn -0.485911 -0.425531 -0.763422
v 0.0616281 -0.0669025 -0.0536804
vn -0.194704 -0.665036 -0.720983
v 0.0604701 -0.066553 -0.0533204
vn -0.565898 -0.749063 -0.344476
v 0.0607856 -0.066271 -0.0538933
vn -0.344235 -0.552966 -0.758769
v 0.0607856 -0.066271 -0.0538933
vn -0.344235 -0.552966 -0.758769
v 0.0597192 -0.0658776 -0.0533452
vn -0.672604 -0.653026 -0.348082
v 0.0599873 -0.0655528 -0.0539196
vn -0.485911 -0.425531 -0.763422
v 0.0607856 -0.066271 -0.0538933
vn -0.344235 -0.552966 -0.758769
v 0.0604701 -0.066553 -0.0533204
vn -0.565898 -0.749063 -0.344476
v 0.0597192 -0.0658776 -0.0533452
vn -0.672604 -0.653026 -0.348082
v 0.0604701 -0.066553 -0.0533204
vn -0.565898 -0.749063 -0.344476
v 0.0597234 -0.0659701 -0.0522764
vn -0.696047 -0.714667 0.0690602
v 0.0597192 -0.0658776 -0.0533452
vn -0.672604 -0.653026 -0.348082
v 0.0616281 -0.0669025 -0.0536804
vn -0.194704 -0.665036 -0.720983
v 0.0612624 -0.0671469 -0.0531202
vn -0.453385 -0.833405 -0.316035
v 0.0604701 -0.066553 -0.0533204
vn -0.565898 -0.749063 -0.344476
v 0.0612624 -0.0671469 -0.0531202
vn -0.453385 -0.833405 -0.316035
v 0.060339 -0.0665237 -0.0522564
vn -0.639801 -0.765266 0.0708688
v 0.0604701 -0.066553 -0.0533204
vn -0.565898 -0.749063 -0.344476
v 0.0604701 -0.066553 -0.0533204
vn -0.565898 -0.749063 -0.344476
v 0.060339 -0.0665237 -0.0522564
vn -0.639801 -0.765266 0.0708688
v 0.0597234 -0.0659701 -0.0522764
vn -0.696047 -0.714667 0.0690602
v 0.0597192 -0.0658776 -0.0533452
vn -0.672604 -0.653026 -0.348082
v 0.0597234 -0.0659701 -0.0522764
vn -0.696047 -0.714667 0.0690602
v 0.0591655 -0.0653707 -0.0521519
vn -0.747047 -0.659888 0.0804258
v 0.0597234 -0.0659701 -0.0522764
vn -0.696047 -0.714667 0.0690602
v 0.0599992 -0.065816 -0.0508764
vn -0.657371 -0.695328 0.290488
v 0.0596249 -0.0654138 -0.0507927
vn -0.679729 -0.671307 0.295492
v 0.060339 -0.0665237 -0.0522564
vn -0.639801 -0.765266 0.0708688
v 0.0599992 -0.065816 -0.0508764
vn -0.657371 -0.695328 0.290488
v 0.0597234 -0.0659701 -0.0522764
vn -0.696047 -0.714667 0.0690602
v 0.0597234 -0.0659701 -0.0522764
vn -0.696047 -0.714667 0.0690602
v 0.0596249 -0.0654138 -0.0507927
vn -0.679729 -0.671307 0.295492
v 0.0591655 -0.0653707 -0.0521519
vn -0.747047 -0.659888 0.0804258
v 0.0591655 -0.0653707 -0.0521519
vn -0.747047 -0.659888 0.0804258
v 0.0596249 -0.0654138 -0.0507927
vn -0.679729 -0.671307 0.295492
v 0.0593035 -0.0649966 -0.0506151
vn -0.698873 -0.646457 0.306055
v 0.0599992 -0.065816 -0.0508764
vn -0.657371 -0.695328 0.290488
v 0.0603468 -0.0652694 -0.0493224
vn -0.625522 -0.662294 0.412419
v 0.0596249 -0.0654138 -0.0507927
vn -0.679729 -0.671307 0.295492
v 0.0596249 -0.0654138 -0.0507927
vn -0.679729 -0.671307 0.295492
v 0.0603468 -0.0652694 -0.0493224
vn -0.625522 -0.662294 0.412419
v 0.0602113 -0.0650934 -0.0492475
vn -0.62989 -0.656614 0.414844
v 0.0596249 -0.0654138 -0.0507927
vn -0.679729 -0.671307 0.295492
v 0.0602113 -0.0650934 -0.0492475
vn -0.62989 -0.656614 0.414844
v 0.0593035 -0.0649966 -0.0506151
vn -0.698873 -0.646457 0.306055
v 0.0617547 -0.0652894 -0.0474467
vn -0.577511 -0.663011 0.476337
v 0.0602113 -0.0650934 -0.0492475
vn -0.62989 -0.656614 0.414844
v 0.0603468 -0.0652694 -0.0493224
vn -0.625522 -0.662294 0.412419
v 0.0617547 -0.0652894 -0.0474467
vn -0.577511 -0.663011 0.476337
v 0.0616467 -0.0651139 -0.0473352
vn -0.580995 -0.657293 0.480011
v 0.0602113 -0.0650934 -0.0492475
vn -0.62989 -0.656614 0.414844
v 0.0593035 -0.0649966 -0.0506151
vn -0.698873 -0.646457 0.306055
v 0.0602113 -0.0650934 -0.0492475
vn -0.62989 -0.656614 0.414844
v 0.0601033 -0.0649179 -0.0491359
vn -0.633731 -0.650382 0.418794
v 0.0616467 -0.0651139 -0.0473352
vn -0.580995 -0.657293 0.480011
v 0.0601033 -0.0649179 -0.0491359
vn -0.633731 -0.650382 0.418794
v 0.0602113 -0.0650934 -0.0492475
vn -0.62989 -0.656614 0.414844
v 0.0616467 -0.0651139 -0.0473352
vn -0.580995 -0.657293 0.480011
v 0.0615111 -0.064938 -0.0472603
vn -0.58566 -0.651224 0.482606
v 0.0601033 -0.0649179 -0.0491359
vn -0.633731 -0.650382 0.418794
v 0.0615111 -0.064938 -0.0472603
vn -0.58566 -0.651224 0.482606
v 0.0600271 -0.0647494 -0.0489919
vn -0.636302 -0.64474 0.423593
v 0.0601033 -0.0649179 -0.0491359
vn -0.633731 -0.650382 0.418794
v 0.0590476 -0.0645803 -0.0503504
vn -0.714167 -0.621588 0.321861
v 0.0601033 -0.0649179 -0.0491359
vn -0.633731 -0.650382 0.418794
v 0.0600271 -0.0647494 -0.0489919
vn -0.636302 -0.64474 0.423593
v 0.0593035 -0.0649966 -0.0506151
vn -0.698873 -0.646457 0.306055
v 0.0601033 -0.0649179 -0.0491359
vn -0.633731 -0.650382 0.418794
v 0.0590476 -0.0645803 -0.0503504
vn -0.714167 -0.621588 0.321861
v 0.0586866 -0.0647489 -0.0518873
vn -0.790731 -0.603161 0.104598
v 0.0593035 -0.0649966 -0.0506151
vn -0.698873 -0.646457 0.306055
v 0.0590476 -0.0645803 -0.0503504
vn -0.714167 -0.621588 0.321861
v 0.0583051 -0.0641285 -0.0514929
vn -0.825543 -0.546542 0.140609
v 0.0590476 -0.0645803 -0.0503504
vn -0.714167 -0.621588 0.321861
v 0.0588668 -0.064181 -0.0500088
vn -0.724926 -0.597793 0.342236
v 0.0590476 -0.0645803 -0.0503504
vn -0.714167 -0.621588 0.321861
v 0.0600271 -0.0647494 -0.0489919
vn -0.636302 -0.64474 0.423593
v 0.0588668 -0.064181 -0.0500088
vn -0.724926 -0.597793 0.342236
v 0.0586866 -0.0647489 -0.0518873
vn -0.790731 -0.603161 0.104598
v 0.0590476 -0.0645803 -0.0503504
vn -0.714167 -0.621588 0.321861
v 0.0583051 -0.0641285 -0.0514929
vn -0.825543 -0.546542 0.140609
v 0.0590386 -0.0651466 -0.0531931
vn -0.769298 -0.549269 -0.326318
v 0.0586866 -0.0647489 -0.0518873
vn -0.790731 -0.603161 0.104598
v 0.0584545 -0.0643882 -0.0528705
vn -0.852274 -0.441473 -0.280589
v 0.0590386 -0.0651466 -0.0531931
vn -0.769298 -0.549269 -0.326318
v 0.0591655 -0.0653707 -0.0521519
vn -0.747047 -0.659888 0.0804258
v 0.0586866 -0.0647489 -0.0518873
vn -0.790731 -0.603161 0.104598
v 0.0591655 -0.0653707 -0.0521519
vn -0.747047 -0.659888 0.0804258
v 0.0593035 -0.0649966 -0.0506151
vn -0.698873 -0.646457 0.306055
v 0.0586866 -0.0647489 -0.0518873
vn -0.790731 -0.603161 0.104598
v 0.0584545 -0.0643882 -0.0528705
vn -0.852274 -0.441473 -0.280589
v 0.0586866 -0.0647489 -0.0518873
vn -0.790731 -0.603161 0.104598
v 0.0583051 -0.0641285 -0.0514929
vn -0.825543 -0.546542 0.140609
v 0.0592636 -0.0647756 -0.0537582
vn -0.614394 -0.287556 -0.734732
v 0.0584545 -0.0643882 -0.0528705
vn -0.852274 -0.441473 -0.280589
v 0.0586425 -0.063969 -0.0534148
vn -0.724628 -0.144289 -0.673866
v 0.0592636 -0.0647756 -0.0537582
vn -0.614394 -0.287556 -0.734732
v 0.0590386 -0.0651466 -0.0531931
vn -0.769298 -0.549269 -0.326318
v 0.0584545 -0.0643882 -0.0528705
vn -0.852274 -0.441473 -0.280589
v 0.0586425 -0.063969 -0.0534148
vn -0.724628 -0.144289 -0.673866
v 0.0584545 -0.0643882 -0.0528705
vn -0.852274 -0.441473 -0.280589
v 0.0579891 -0.0636314 -0.0523894
vn -0.918403 -0.333876 -0.21228
v 0.0584545 -0.0643882 -0.0528705
vn -0.852274 -0.441473 -0.280589
v 0.0583051 -0.0641285 -0.0514929
vn -0.825543 -0.546542 0.140609
v 0.0579891 -0.0636314 -0.0523894
vn -0.918403 -0.333876 -0.21228
v 0.0579891 -0.0636314 -0.0523894
vn -0.918403 -0.333876 -0.21228
v 0.0583051 -0.0641285 -0.0514929
vn -0.825543 -0.546542 0.140609
v 0.0580358 -0.0635334 -0.0509837
vn -0.850162 -0.49214 0.187141
v 0.0586425 -0.063969 -0.0534148
vn -0.724628 -0.144289 -0.673866
v 0.0579891 -0.0636314 -0.0523894
vn -0.918403 -0.333876 -0.21228
v 0.0581478 -0.0631644 -0.0529032
vn -0.812411 -0.00148293 -0.583083
v 0.0579891 -0.0636314 -0.0523894
vn -0.918403 -0.333876 -0.21228
v 0.0580358 -0.0635334 -0.0509837
vn -0.850162 -0.49214 0.187141
v 0.0576607 -0.0629054 -0.0517683
vn -0.965081 -0.23075 -0.123991
v 0.0581478 -0.0631644 -0.0529032
vn -0.812411 -0.00148293 -0.583083
v 0.0579891 -0.0636314 -0.0523894
vn -0.918403 -0.333876 -0.21228
v 0.0576607 -0.0629054 -0.0517683
vn -0.965081 -0.23075 -0.123991
v 0.0594528 -0.0630902 -0.0540137
vn -0.637957 -0.0340517 -0.769319
v 0.0581478 -0.0631644 -0.0529032
vn -0.812411 -0.00148293 -0.583083
v 0.058958 -0.0622855 -0.0535021
vn -0.728874 0.110637 -0.67565
v 0.0594528 -0.0630902 -0.0540137
vn -0.637957 -0.0340517 -0.769319
v 0.0586425 -0.063969 -0.0534148
vn -0.724628 -0.144289 -0.673866
v 0.0581478 -0.0631644 -0.0529032
vn -0.812411 -0.00148293 -0.583083
v 0.058958 -0.0622855 -0.0535021
vn -0.728874 0.110637 -0.67565
v 0.0581478 -0.0631644 -0.0529032
vn -0.812411 -0.00148293 -0.583083
v 0.0577985 -0.0623924 -0.052243
vn -0.874412 0.135487 -0.465882
v 0.0581478 -0.0631644 -0.0529032
vn -0.812411 -0.00148293 -0.583083
v 0.0576607 -0.0629054 -0.0517683
vn -0.965081 -0.23075 -0.123991
v 0.0577985 -0.0623924 -0.052243
vn -0.874412 0.135487 -0.465882
v 0.0577985 -0.0623924 -0.052243
vn -0.874412 0.135487 -0.465882
v 0.0576607 -0.0629054 -0.0517683
vn -0.965081 -0.23075 -0.123991
v 0.0574815 -0.0622381 -0.0510311
vn -0.990524 -0.135987 -0.0192173
v 0.0586088 -0.0615135 -0.0528417
vn -0.79482 0.247787 -0.553952
v 0.0577985 -0.0623924 -0.052243
vn -0.874412 0.135487 -0.465882
v 0.057608 -0.0616828 -0.0514593
vn -0.908232 0.26144 -0.326746
v 0.058958 -0.0622855 -0.0535021
vn -0.728874 0.110637 -0.67565
v 0.0577985 -0.0623924 -0.052243
vn -0.874412 0.135487 -0.465882
v 0.0586088 -0.0615135 -0.0528417
vn -0.79482 0.247787 -0.553952
v 0.0577985 -0.0623924 -0.052243
vn -0.874412 0.135487 -0.465882
v 0.0574815 -0.0622381 -0.0510311
vn -0.990524 -0.135987 -0.0192173
v 0.057608 -0.0616828 -0.0514593
vn -0.908232 0.26144 -0.326746
v 0.057608 -0.0616828 -0.0514593
vn -0.908232 0.26144 -0.326746
v 0.0574587 -0.0616549 -0.0502064
vn -0.993777 -0.053103 0.0979156
v 0.0575837 -0.0610629 -0.0505822
vn -0.912568 0.371434 -0.171044
v 0.057608 -0.0616828 -0.0514593
vn -0.908232 0.26144 -0.326746
v 0.0574815 -0.0622381 -0.0510311
vn -0.990524 -0.135987 -0.0192173
v 0.0574587 -0.0616549 -0.0502064
vn -0.993777 -0.053103 0.0979156
v 0.0584183 -0.060804 -0.052058
vn -0.833275 0.37215 -0.408849
v 0.057608 -0.0616828 -0.0514593
vn -0.908232 0.26144 -0.326746
v 0.0575837 -0.0610629 -0.0505822
vn -0.912568 0.371434 -0.171044
v 0.0586088 -0.0615135 -0.0528417
vn -0.79482 0.247787 -0.553952
v 0.057608 -0.0616828 -0.0514593
vn -0.908232 0.26144 -0.326746
v 0.0584183 -0.060804 -0.052058
vn -0.833275 0.37215 -0.408849
v 0.0615967 -0.0550579 -0.0543645
vn -0.849887 0.444723 -0.282689
v 0.0618105 -0.0556546 -0.0555301
vn -0.824517 0.353964 -0.441452
v 0.0584183 -0.060804 -0.052058
vn -0.833275 0.37215 -0.408849
v 0.0618105 -0.0556546 -0.0555301
vn -0.824517 0.353964 -0.441452
v 0.0586088 -0.0615135 -0.0528417
vn -0.79482 0.247787 -0.553952
v 0.0584183 -0.060804 -0.052058
vn -0.833275 0.37215 -0.408849
v 0.0615967 -0.0550579 -0.0543645
vn -0.849887 0.444723 -0.282689
v 0.0584183 -0.060804 -0.052058
vn -0.833275 0.37215 -0.408849
v 0.0583939 -0.0601841 -0.0511811
vn -0.842621 0.479062 -0.245946
v 0.0584183 -0.060804 -0.052058
vn -0.833275 0.37215 -0.408849
v 0.0575837 -0.0610629 -0.0505822
vn -0.912568 0.371434 -0.171044
v 0.0583939 -0.0601841 -0.0511811
vn -0.842621 0.479062 -0.245946
v 0.0615967 -0.0550579 -0.0543645
vn -0.849887 0.444723 -0.282689
v 0.0649879 -0.0514537 -0.0571733
vn -0.650287 0.560109 -0.513229
v 0.0618105 -0.0556546 -0.0555301
vn -0.824517 0.353964 -0.441452
v 0.0615495 -0.0546387 -0.0531075
vn -0.850959 0.513543 -0.110193
v 0.0615967 -0.0550579 -0.0543645
vn -0.849887 0.444723 -0.282689
v 0.0583939 -0.0601841 -0.0511811
vn -0.842621 0.479062 -0.245946
v 0.0615967 -0.0550579 -0.0543645
vn -0.849887 0.444723 -0.282689
v 0.0647209 -0.0507294 -0.0557423
vn -0.679885 0.649062 -0.341283
v 0.0649879 -0.0514537 -0.0571733
vn -0.650287 0.560109 -0.513229
v 0.0615495 -0.0546387 -0.0531075
vn -0.850959 0.513543 -0.110193
v 0.0647209 -0.0507294 -0.0557423
vn -0.679885 0.649062 -0.341283
v 0.0615967 -0.0550579 -0.0543645
vn -0.849887 0.444723 -0.282689
v 0.0615495 -0.0546387 -0.0531075
vn -0.850959 0.513543 -0.110193
v 0.0646573 -0.0502237 -0.0542
vn -0.685573 0.711124 -0.15586
v 0.0647209 -0.0507294 -0.0557423
vn -0.679885 0.649062 -0.341283
v 0.0646573 -0.0502237 -0.0542
vn -0.685573 0.711124 -0.15586
v 0.0648957 -0.0506314 -0.0557804
vn -0.196814 0.897867 -0.393826
v 0.0647209 -0.0507294 -0.0557423
vn -0.679885 0.649062 -0.341283
v 0.0647209 -0.0507294 -0.0557423
vn -0.679885 0.649062 -0.341283
v 0.0648957 -0.0506314 -0.0557804
vn -0.196814 0.897867 -0.393826
v 0.0651599 -0.0513557 -0.0572052
vn -0.179347 0.818089 -0.546411
v 0.0647209 -0.0507294 -0.0557423
vn -0.679885 0.649062 -0.341283
v 0.0651599 -0.0513557 -0.0572052
vn -0.179347 0.818089 -0.546411
v 0.0649879 -0.0514537 -0.0571733
vn -0.650287 0.560109 -0.513229
v 0.0648957 -0.0506314 -0.0557804
vn -0.196814 0.897867 -0.393826
v 0.0654138 -0.0513884 -0.0571742
vn 0.341696 0.8384 -0.424652
v 0.0651599 -0.0513557 -0.0572052
vn -0.179347 0.818089 -0.546411
v 0.0651599 -0.0513557 -0.0572052
vn -0.179347 0.818089 -0.546411
v 0.0654138 -0.0513884 -0.0571742
vn 0.341696 0.8384 -0.424652
v 0.065856 -0.0522772 -0.0583949
vn 0.359978 0.782499 -0.508047
v 0.0651599 -0.0513557 -0.0572052
vn -0.179347 0.818089 -0.546411
v 0.065856 -0.0522772 -0.0583949
vn 0.359978 0.782499 -0.508047
v 0.0656162 -0.0522689 -0.0584622
vn -0.141626 0.716589 -0.682966
v 0.0649879 -0.0514537 -0.0571733
vn -0.650287 0.560109 -0.513229
v 0.0651599 -0.0513557 -0.0572052
vn -0.179347 0.818089 -0.546411
v 0.0656162 -0.0522689 -0.0584622
vn -0.141626 0.716589 -0.682966
v 0.0654483 -0.0523697 -0.0584376
vn -0.597944 0.44742 -0.66504
v 0.0656162 -0.0522689 -0.0584622
vn -0.141626 0.716589 -0.682966
v 0.0662467 -0.0533356 -0.0595033
vn -0.0811286 0.598458 -0.797036
v 0.0656162 -0.0522689 -0.0584622
vn -0.141626 0.716589 -0.682966
v 0.0664655 -0.0533108 -0.0594022
vn 0.392766 0.715012 -0.578353
v 0.0662467 -0.0533356 -0.0595033
vn -0.0811286 0.598458 -0.797036
v 0.0656162 -0.0522689 -0.0584622
vn -0.141626 0.716589 -0.682966
v 0.065856 -0.0522772 -0.0583949
vn 0.359978 0.782499 -0.508047
v 0.0664655 -0.0533108 -0.0594022
vn 0.392766 0.715012 -0.578353
v 0.0649879 -0.0514537 -0.0571733
vn -0.650287 0.560109 -0.513229
v 0.0656162 -0.0522689 -0.0584622
vn -0.141626 0.716589 -0.682966
v 0.0654483 -0.0523697 -0.0584376
vn -0.597944 0.44742 -0.66504
v 0.0662467 -0.0533356 -0.0595033
vn -0.0811286 0.598458 -0.797036
v 0.0664655 -0.0533108 -0.0594022
vn 0.392766 0.715012 -0.578353
v 0.0672188 -0.0544499 -0.0601614
vn 0.439935 0.639398 -0.630577
v 0.0664655 -0.0533108 -0.0594022
vn 0.392766 0.715012 -0.578353
v 0.0674163 -0.0544447 -0.0599132
vn 0.651791 0.654652 -0.382883
v 0.0672188 -0.0544499 -0.0601614
vn 0.439935 0.639398 -0.630577
v 0.0664655 -0.0533108 -0.0594022
vn 0.392766 0.715012 -0.578353
v 0.0667069 -0.0533713 -0.0591982
vn 0.631098 0.686938 -0.360321
v 0.0674163 -0.0544447 -0.0599132
vn 0.651791 0.654652 -0.382883
v 0.065856 -0.0522772 -0.0583949
vn 0.359978 0.782499 -0.508047
v 0.0667069 -0.0533713 -0.0591982
vn 0.631098 0.686938 -0.360321
v 0.0664655 -0.0533108 -0.0594022
vn 0.392766 0.715012 -0.578353
v 0.0667069 -0.0533713 -0.0591982
vn 0.631098 0.686938 -0.360321
v 0.0675894 -0.0545 -0.059583
vn 0.739915 0.63311 -0.227368
v 0.0674163 -0.0544447 -0.0599132
vn 0.651791 0.654652 -0.382883
v 0.066131 -0.0523933 -0.0582459
vn 0.616628 0.71513 -0.329179
v 0.066934 -0.0535079 -0.0589223
vn 0.735061 0.640513 -0.222324
v 0.0667069 -0.0533713 -0.0591982
vn 0.631098 0.686938 -0.360321
v 0.0667069 -0.0533713 -0.0591982
vn 0.631098 0.686938 -0.360321
v 0.066934 -0.0535079 -0.0589223
vn 0.735061 0.640513 -0.222324
v 0.0675894 -0.0545 -0.059583
vn 0.739915 0.63311 -0.227368
v 0.065856 -0.0522772 -0.0583949
vn 0.359978 0.782499 -0.508047
v 0.066131 -0.0523933 -0.0582459
vn 0.616628 0.71513 -0.329179
v 0.0667069 -0.0533713 -0.0591982
vn 0.631098 0.686938 -0.360321
v 0.0657111 -0.0515467 -0.0570851
vn 0.608172 0.737952 -0.292496
v 0.0663993 -0.0525996 -0.058038
vn 0.731596 0.64693 -0.215056
v 0.066131 -0.0523933 -0.0582459
vn 0.616628 0.71513 -0.329179
v 0.066131 -0.0523933 -0.0582459
vn 0.616628 0.71513 -0.329179
v 0.0663993 -0.0525996 -0.058038
vn 0.731596 0.64693 -0.215056
v 0.066934 -0.0535079 -0.0589223
vn 0.735061 0.640513 -0.222324
v 0.0654138 -0.0513884 -0.0571742
vn 0.341696 0.8384 -0.424652
v 0.066131 -0.0523933 -0.0582459
vn 0.616628 0.71513 -0.329179
v 0.065856 -0.0522772 -0.0583949
vn 0.359978 0.782499 -0.508047
v 0.0654138 -0.0513884 -0.0571742
vn 0.341696 0.8384 -0.424652
v 0.0657111 -0.0515467 -0.0570851
vn 0.608172 0.737952 -0.292496
v 0.066131 -0.0523933 -0.0582459
vn 0.616628 0.71513 -0.329179
v 0.0657111 -0.0515467 -0.0570851
vn 0.608172 0.737952 -0.292496
v 0.0660065 -0.0518063 -0.0569511
vn 0.729422 0.652118 -0.206606
v 0.0663993 -0.0525996 -0.058038
vn 0.731596 0.64693 -0.215056
v 0.0651576 -0.0506796 -0.0557847
vn 0.335602 0.88088 -0.333798
v 0.0657111 -0.0515467 -0.0570851
vn 0.608172 0.737952 -0.292496
v 0.0654138 -0.0513884 -0.0571742
vn 0.341696 0.8384 -0.424652
v 0.0651576 -0.0506796 -0.0557847
vn 0.335602 0.88088 -0.333798
v 0.0654669 -0.0508662 -0.0557549
vn 0.605175 0.754906 -0.252746
v 0.0657111 -0.0515467 -0.0570851
vn 0.608172 0.737952 -0.292496
v 0.0654669 -0.0508662 -0.0557549
vn 0.605175 0.754906 -0.252746
v 0.0660065 -0.0518063 -0.0569511
vn 0.729422 0.652118 -0.206606
v 0.0657111 -0.0515467 -0.0570851
vn 0.608172 0.737952 -0.292496
v 0.0650996 -0.0501801 -0.0542796
vn 0.339832 0.909539 -0.239277
v 0.065412 -0.0503837 -0.0543058
vn 0.606998 0.766012 -0.211611
v 0.0654669 -0.0508662 -0.0557549
vn 0.605175 0.754906 -0.252746
v 0.065412 -0.0503837 -0.0543058
vn 0.606998 0.766012 -0.211611
v 0.0657762 -0.0511636 -0.0556953
vn 0.728689 0.655842 -0.197187
v 0.0654669 -0.0508662 -0.0557549
vn 0.605175 0.754906 -0.252746
v 0.0650996 -0.0501801 -0.0542796
vn 0.339832 0.909539 -0.239277
v 0.0654669 -0.0508662 -0.0557549
vn 0.605175 0.754906 -0.252746
v 0.0651576 -0.0506796 -0.0557847
vn 0.335602 0.88088 -0.333798
v 0.0654669 -0.0508662 -0.0557549
vn 0.605175 0.754906 -0.252746
v 0.0657762 -0.0511636 -0.0556953
vn 0.728689 0.655842 -0.197187
v 0.0660065 -0.0518063 -0.0569511
vn 0.729422 0.652118 -0.206606
v 0.0660065 -0.0518063 -0.0569511
vn 0.729422 0.652118 -0.206606
v 0.0657762 -0.0511636 -0.0556953
vn 0.728689 0.655842 -0.197187
v 0.0707886 -0.0544368 -0.0457504
vn 0.762771 0.634738 -0.123644
v 0.0657762 -0.0511636 -0.0556953
vn 0.728689 0.655842 -0.197187
v 0.0698637 -0.0534118 -0.0461214
vn 0.75589 0.641977 -0.128437
v 0.0707886 -0.0544368 -0.0457504
vn 0.762771 0.634738 -0.123644
v 0.0657762 -0.0511636 -0.0556953
vn 0.728689 0.655842 -0.197187
v 0.0689504 -0.0524782 -0.0467608
vn 0.749587 0.648058 -0.134683
v 0.0698637 -0.0534118 -0.0461214
vn 0.75589 0.641977 -0.128437
v 0.065412 -0.0503837 -0.0543058
vn 0.606998 0.766012 -0.211611
v 0.0657245 -0.0507036 -0.0543168
vn 0.72887 0.658429 -0.187673
v 0.0657762 -0.0511636 -0.0556953
vn 0.728689 0.655842 -0.197187
v 0.0657762 -0.0511636 -0.0556953
vn 0.728689 0.655842 -0.197187
v 0.0657245 -0.0507036 -0.0543168
vn 0.72887 0.658429 -0.187673
v 0.0689504 -0.0524782 -0.0467608
vn 0.749587 0.648058 -0.134683
v 0.0697318 -0.0532159 -0.0457604
vn 0.719025 0.693656 0.0429542
v 0.0698637 -0.0534118 -0.0461214
vn 0.75589 0.641977 -0.128437
v 0.0689504 -0.0524782 -0.0467608
vn 0.749587 0.648058 -0.134683
v 0.0697318 -0.0532159 -0.0457604
vn 0.719025 0.693656 0.0429542
v 0.0689504 -0.0524782 -0.0467608
vn 0.749587 0.648058 -0.134683
v 0.0687718 -0.0522348 -0.0464325
vn 0.693196 0.720585 0.0153984
v 0.0687718 -0.0522348 -0.0464325
vn 0.693196 0.720585 0.0153984
v 0.0689504 -0.0524782 -0.0467608
vn 0.749587 0.648058 -0.134683
v 0.0680889 -0.0516795 -0.0476492
vn 0.744046 0.652831 -0.142154
v 0.0657245 -0.0507036 -0.0543168
vn 0.72887 0.658429 -0.187673
v 0.0680889 -0.0516795 -0.0476492
vn 0.744046 0.652831 -0.142154
v 0.0689504 -0.0524782 -0.0467608
vn 0.749587 0.648058 -0.134683
v 0.0705787 -0.0542449 -0.0450533
vn 0.649477 0.6494 0.395549
v 0.0697318 -0.0532159 -0.0457604
vn 0.719025 0.693656 0.0429542
v 0.069556 -0.0531124 -0.0454633
vn 0.588496 0.728671 0.350301
v 0.0705787 -0.0542449 -0.0450533
vn 0.649477 0.6494 0.395549
v 0.0707111 -0.0543009 -0.0453677
vn 0.747397 0.661296 0.0639184
v 0.0697318 -0.0532159 -0.0457604
vn 0.719025 0.693656 0.0429542
v 0.0707111 -0.0543009 -0.0453677
vn 0.747397 0.661296 0.0639184
v 0.0698637 -0.0534118 -0.0461214
vn 0.75589 0.641977 -0.128437
v 0.0697318 -0.0532159 -0.0457604
vn 0.719025 0.693656 0.0429542
v 0.069556 -0.0531124 -0.0454633
vn 0.588496 0.728671 0.350301
v 0.0697318 -0.0532159 -0.0457604
vn 0.719025 0.693656 0.0429542
v 0.0687718 -0.0522348 -0.0464325
vn 0.693196 0.720585 0.0153984
v 0.0704113 -0.0542771 -0.0448554
vn 0.335365 0.47473 0.813733
v 0.0705787 -0.0542449 -0.0450533
vn 0.649477 0.6494 0.395549
v 0.069556 -0.0531124 -0.0454633
vn 0.588496 0.728671 0.350301
v 0.0704113 -0.0542771 -0.0448554
vn 0.335365 0.47473 0.813733
v 0.069556 -0.0531124 -0.0454633
vn 0.588496 0.728671 0.350301
v 0.069363 -0.0531174 -0.0452757
vn 0.235152 0.611401 0.755574
v 0.069363 -0.0531174 -0.0452757
vn 0.235152 0.611401 0.755574
v 0.069556 -0.0531124 -0.0454633
vn 0.588496 0.728671 0.350301
v 0.0685594 -0.0520943 -0.046161
vn 0.532929 0.795566 0.288203
v 0.069556 -0.0531124 -0.0454633
vn 0.588496 0.728671 0.350301
v 0.0687718 -0.0522348 -0.0464325
vn 0.693196 0.720585 0.0153984
v 0.0685594 -0.0520943 -0.046161
vn 0.532929 0.795566 0.288203
v 0.0714495 -0.0555123 -0.0447426
vn 0.438444 0.32827 0.836663
v 0.0705787 -0.0542449 -0.0450533
vn 0.649477 0.6494 0.395549
v 0.0704113 -0.0542771 -0.0448554
vn 0.335365 0.47473 0.813733
v 0.0712782 -0.055633 -0.0446906
vn 0.0644322 0.0208435 0.997704
v 0.0704113 -0.0542771 -0.0448554
vn 0.335365 0.47473 0.813733
v 0.0702345 -0.0543925 -0.0448041
vn -0.0543801 0.174944 0.983075
v 0.0702345 -0.0543925 -0.0448041
vn -0.0543801 0.174944 0.983075
v 0.0704113 -0.0542771 -0.0448554
vn 0.335365 0.47473 0.813733
v 0.069363 -0.0531174 -0.0452757
vn 0.235152 0.611401 0.755574
v 0.0712782 -0.055633 -0.0446906
vn 0.0644322 0.0208435 0.997704
v 0.0714495 -0.0555123 -0.0447426
vn 0.438444 0.32827 0.836663
v 0.0704113 -0.0542771 -0.0448554
vn 0.335365 0.47473 0.813733
v 0.0677831 -0.0600797 -0.0455051
vn 0.163803 -0.146076 0.975618
v 0.0722724 -0.056904 -0.0448897
vn 0.179465 -0.135002 0.974457
v 0.0712782 -0.055633 -0.0446906
vn 0.0644322 0.0208435 0.997704
v 0.0722724 -0.056904 -0.0448897
vn 0.179465 -0.135002 0.974457
v 0.0714495 -0.0555123 -0.0447426
vn 0.438444 0.32827 0.836663
v 0.0712782 -0.055633 -0.0446906
vn 0.0644322 0.0208435 0.997704
v 0.066972 -0.0590404 -0.045342
vn 0.0373469 0.00113998 0.999302
v 0.0712782 -0.055633 -0.0446906
vn 0.0644322 0.0208435 0.997704
v 0.0702345 -0.0543925 -0.0448041
vn -0.0543801 0.174944 0.983075
v 0.0677831 -0.0600797 -0.0455051
vn 0.163803 -0.146076 0.975618
v 0.0712782 -0.055633 -0.0446906
vn 0.0644322 0.0208435 0.997704
v 0.066972 -0.0590404 -0.045342
vn 0.0373469 0.00113998 0.999302
v 0.0685231 -0.0611037 -0.0459171
vn 0.275048 -0.295161 0.915002
v 0.0677831 -0.0600797 -0.0455051
vn 0.163803 -0.146076 0.975618
v 0.0654104 -0.0623773 -0.0449057
vn 0.393682 0.041078 0.918328
v 0.0685231 -0.0611037 -0.0459171
vn 0.275048 -0.295161 0.915002
v 0.0722724 -0.056904 -0.0448897
vn 0.179465 -0.135002 0.974457
v 0.0677831 -0.0600797 -0.0455051
vn 0.163803 -0.146076 0.975618
v 0.0677831 -0.0600797 -0.0455051
vn 0.163803 -0.146076 0.975618
v 0.0646866 -0.0616001 -0.044744
vn 0.262407 0.180656 0.947895
v 0.0654104 -0.0623773 -0.0449057
vn 0.393682 0.041078 0.918328
v 0.0677831 -0.0600797 -0.0455051
vn 0.163803 -0.146076 0.975618
v 0.066972 -0.0590404 -0.045342
vn 0.0373469 0.00113998 0.999302
v 0.0646866 -0.0616001 -0.044744
vn 0.262407 0.180656 0.947895
v 0.0654104 -0.0623773 -0.0449057
vn 0.393682 0.041078 0.918328
v 0.0652212 -0.0640627 -0.0446501
vn 0.443124 -0.160949 0.881894
v 0.0660314 -0.0631839 -0.0452488
vn 0.50625 -0.103867 0.856109
v 0.0654104 -0.0623773 -0.0449057
vn 0.393682 0.041078 0.918328
v 0.0646001 -0.0632564 -0.044307
vn 0.332825 -0.0178605 0.942819
v 0.0652212 -0.0640627 -0.0446501
vn 0.443124 -0.160949 0.881894
v 0.0685231 -0.0611037 -0.0459171
vn 0.275048 -0.295161 0.915002
v 0.0654104 -0.0623773 -0.0449057
vn 0.393682 0.041078 0.918328
v 0.0660314 -0.0631839 -0.0452488
vn 0.50625 -0.103867 0.856109
v 0.0646866 -0.0616001 -0.044744
vn 0.262407 0.180656 0.947895
v 0.0646001 -0.0632564 -0.044307
vn 0.332825 -0.0178605 0.942819
v 0.0654104 -0.0623773 -0.0449057
vn 0.393682 0.041078 0.918328
v 0.0646001 -0.0632564 -0.044307
vn 0.332825 -0.0178605 0.942819
v 0.0646417 -0.0644761 -0.0446272
vn 0.0267615 -0.453864 0.890669
v 0.0652212 -0.0640627 -0.0446501
vn 0.443124 -0.160949 0.881894
v 0.0646001 -0.0632564 -0.044307
vn 0.332825 -0.0178605 0.942819
v 0.0640576 -0.0637177 -0.0443046
vn -0.0561748 -0.346177 0.936486
v 0.0646417 -0.0644761 -0.0446272
vn 0.0267615 -0.453864 0.890669
v 0.0638764 -0.0624791 -0.0441454
vn 0.204435 0.120071 0.971488
v 0.0640576 -0.0637177 -0.0443046
vn -0.0561748 -0.346177 0.936486
v 0.0646001 -0.0632564 -0.044307
vn 0.332825 -0.0178605 0.942819
v 0.0646866 -0.0616001 -0.044744
vn 0.262407 0.180656 0.947895
v 0.0638764 -0.0624791 -0.0441454
vn 0.204435 0.120071 0.971488
v 0.0646001 -0.0632564 -0.044307
vn 0.332825 -0.0178605 0.942819
v 0.0638764 -0.0624791 -0.0441454
vn 0.204435 0.120071 0.971488
v 0.0633769 -0.0629867 -0.0441525
vn -0.15288 -0.24233 0.958073
v 0.0640576 -0.0637177 -0.0443046
vn -0.0561748 -0.346177 0.936486
v 0.063078 -0.0617608 -0.0441716
vn 0.0627183 0.247573 0.966837
v 0.0633769 -0.0629867 -0.0441525
vn -0.15288 -0.24233 0.958073
v 0.0638764 -0.0624791 -0.0441454
vn 0.204435 0.120071 0.971488
v 0.0638883 -0.060882 -0.0447703
vn 0.117652 0.310047 0.943413
v 0.0638764 -0.0624791 -0.0441454
vn 0.204435 0.120071 0.971488
v 0.0646866 -0.0616001 -0.044744
vn 0.262407 0.180656 0.947895
v 0.0638883 -0.060882 -0.0447703
vn 0.117652 0.310047 0.943413
v 0.063078 -0.0617608 -0.0441716
vn 0.0627183 0.247573 0.966837
v 0.0638764 -0.0624791 -0.0441454
vn 0.204435 0.120071 0.971488
v 0.0630458 -0.0602504 -0.0449834
vn -0.0344825 0.424688 0.904683
v 0.063078 -0.0617608 -0.0441716
vn 0.0627183 0.247573 0.966837
v 0.0638883 -0.060882 -0.0447703
vn 0.117652 0.310047 0.943413
v 0.0630458 -0.0602504 -0.0449834
vn -0.0344825 0.424688 0.904683
v 0.0622356 -0.0611292 -0.0443845
vn -0.0868432 0.359681 0.929025
v 0.063078 -0.0617608 -0.0441716
vn 0.0627183 0.247573 0.966837
v 0.0622356 -0.0611292 -0.0443845
vn -0.0868432 0.359681 0.929025
v 0.062626 -0.0623113 -0.0441773
vn -0.259649 -0.146418 0.954539
v 0.063078 -0.0617608 -0.0441716
vn 0.0627183 0.247573 0.966837
v 0.063078 -0.0617608 -0.0441716
vn 0.0627183 0.247573 0.966837
v 0.062626 -0.0623113 -0.0441773
vn -0.259649 -0.146418 0.954539
v 0.0633769 -0.0629867 -0.0441525
vn -0.15288 -0.24233 0.958073
v 0.062626 -0.0623113 -0.0441773
vn -0.259649 -0.146418 0.954539
v 0.0627221 -0.0636002 -0.0447405
vn -0.42225 -0.498215 0.757289
v 0.0633769 -0.0629867 -0.0441525
vn -0.15288 -0.24233 0.958073
v 0.062626 -0.0623113 -0.0441773
vn -0.259649 -0.146418 0.954539
v 0.0621065 -0.0630463 -0.0447607
vn -0.478347 -0.447686 0.755487
v 0.0627221 -0.0636002 -0.0447405
vn -0.42225 -0.498215 0.757289
v 0.0618337 -0.0617174 -0.0443776
vn -0.372174 -0.0620409 0.926087
v 0.0621065 -0.0630463 -0.0447607
vn -0.478347 -0.447686 0.755487
v 0.062626 -0.0623113 -0.0441773
vn -0.259649 -0.146418 0.954539
v 0.0622356 -0.0611292 -0.0443845
vn -0.0868432 0.359681 0.929025
v 0.0618337 -0.0617174 -0.0443776
vn -0.372174 -0.0620409 0.926087
v 0.062626 -0.0623113 -0.0441773
vn -0.259649 -0.146418 0.954539
v 0.0618337 -0.0617174 -0.0443776
vn -0.372174 -0.0620409 0.926087
v 0.0614569 -0.0625595 -0.0449248
vn -0.537668 -0.403196 0.740504
v 0.0621065 -0.0630463 -0.0447607
vn -0.478347 -0.447686 0.755487
v 0.0610305 -0.0612277 -0.0447459
vn -0.4863 0.0076121 0.873758
v 0.0614569 -0.0625595 -0.0449248
vn -0.537668 -0.403196 0.740504
v 0.0618337 -0.0617174 -0.0443776
vn -0.372174 -0.0620409 0.926087
v 0.0613814 -0.0606087 -0.0447762
vn -0.238509 0.452085 0.859496
v 0.0618337 -0.0617174 -0.0443776
vn -0.372174 -0.0620409 0.926087
v 0.0622356 -0.0611292 -0.0443845
vn -0.0868432 0.359681 0.929025
v 0.0613814 -0.0606087 -0.0447762
vn -0.238509 0.452085 0.859496
v 0.0610305 -0.0612277 -0.0447459
vn -0.4863 0.0076121 0.873758
v 0.0618337 -0.0617174 -0.0443776
vn -0.372174 -0.0620409 0.926087
v 0.0610305 -0.0612277 -0.0447459
vn -0.4863 0.0076121 0.873758
v 0.0607984 -0.062158 -0.0452268
vn -0.597866 -0.366493 0.712909
v 0.0614569 -0.0625595 -0.0449248
vn -0.537668 -0.403196 0.740504
v 0.0605485 -0.0602189 -0.0453315
vn -0.386272 0.521313 0.760938
v 0.060247 -0.0608612 -0.0452681
vn -0.597547 0.0596937 0.799609
v 0.0610305 -0.0612277 -0.0447459
vn -0.4863 0.0076121 0.873758
v 0.060247 -0.0608612 -0.0452681
vn -0.597547 0.0596937 0.799609
v 0.0607984 -0.062158 -0.0452268
vn -0.597866 -0.366493 0.712909
v 0.0610305 -0.0612277 -0.0447459
vn -0.4863 0.0076121 0.873758
v 0.0605485 -0.0602189 -0.0453315
vn -0.386272 0.521313 0.760938
v 0.0610305 -0.0612277 -0.0447459
vn -0.4863 0.0076121 0.873758
v 0.0613814 -0.0606087 -0.0447762
vn -0.238509 0.452085 0.859496
v 0.0607984 -0.062158 -0.0452268
vn -0.597866 -0.366493 0.712909
v 0.0611625 -0.0635275 -0.045943
vn -0.58791 -0.558768 0.584928
v 0.0614569 -0.0625595 -0.0449248
vn -0.537668 -0.403196 0.740504
v 0.0607984 -0.062158 -0.0452268
vn -0.597866 -0.366493 0.712909
v 0.0607205 -0.0632581 -0.0461457
vn -0.614364 -0.542634 0.572805
v 0.0611625 -0.0635275 -0.045943
vn -0.58791 -0.558768 0.584928
v 0.0601561 -0.0618576 -0.0456548
vn -0.656505 -0.339085 0.673812
v 0.0607205 -0.0632581 -0.0461457
vn -0.614364 -0.542634 0.572805
v 0.0607984 -0.062158 -0.0452268
vn -0.597866 -0.366493 0.712909
v 0.060247 -0.0608612 -0.0452681
vn -0.597547 0.0596937 0.799609
v 0.0601561 -0.0618576 -0.0456548
vn -0.656505 -0.339085 0.673812
v 0.0607984 -0.062158 -0.0452268
vn -0.597866 -0.366493 0.712909
v 0.0595137 -0.0606319 -0.045924
vn -0.701806 0.0922983 0.706364
v 0.0595549 -0.0616697 -0.0461927
vn -0.711472 -0.321953 0.624623
v 0.0601561 -0.0618576 -0.0456548
vn -0.656505 -0.339085 0.673812
v 0.0595549 -0.0616697 -0.0461927
vn -0.711472 -0.321953 0.624623
v 0.0602896 -0.0630564 -0.046433
vn -0.640085 -0.53063 0.555628
v 0.0601561 -0.0618576 -0.0456548
vn -0.656505 -0.339085 0.673812
v 0.0595137 -0.0606319 -0.045924
vn -0.701806 0.0922983 0.706364
v 0.0601561 -0.0618576 -0.0456548
vn -0.656505 -0.339085 0.673812
v 0.060247 -0.0608612 -0.0452681
vn -0.597547 0.0596937 0.799609
v 0.0601561 -0.0618576 -0.0456548
vn -0.656505 -0.339085 0.673812
v 0.0602896 -0.0630564 -0.046433
vn -0.640085 -0.53063 0.555628
v 0.0607205 -0.0632581 -0.0461457
vn -0.614364 -0.542634 0.572805
v 0.0602896 -0.0630564 -0.046433
vn -0.640085 -0.53063 0.555628
v 0.0606272 -0.0642751 -0.0474839
vn -0.616294 -0.627941 0.475259
v 0.0608089 -0.0643603 -0.0473626
vn -0.609653 -0.63157 0.479001
v 0.0598862 -0.0629302 -0.0467937
vn -0.664075 -0.523113 0.534188
v 0.0606272 -0.0642751 -0.0474839
vn -0.616294 -0.627941 0.475259
v 0.0602896 -0.0630564 -0.046433
vn -0.640085 -0.53063 0.555628
v 0.0595549 -0.0616697 -0.0461927
vn -0.711472 -0.321953 0.624623
v 0.0598862 -0.0629302 -0.0467937
vn -0.664075 -0.523113 0.534188
v 0.0602896 -0.0630564 -0.046433
vn -0.640085 -0.53063 0.555628
v 0.0602896 -0.0630564 -0.046433
vn -0.640085 -0.53063 0.555628
v 0.0608089 -0.0643603 -0.0473626
vn -0.609653 -0.63157 0.479001
v 0.0607205 -0.0632581 -0.0461457
vn -0.614364 -0.542634 0.572805
v 0.0607205 -0.0632581 -0.0461457
vn -0.614364 -0.542634 0.572805
v 0.0608089 -0.0643603 -0.0473626
vn -0.609653 -0.63157 0.479001
v 0.0609952 -0.0644738 -0.0472772
vn -0.60321 -0.635426 0.48205
v 0.0609952 -0.0644738 -0.0472772
vn -0.60321 -0.635426 0.48205
v 0.0608089 -0.0643603 -0.0473626
vn -0.609653 -0.63157 0.479001
v 0.0600114 -0.0643488 -0.0484252
vn -0.636868 -0.630983 0.443011
v 0.0608089 -0.0643603 -0.0473626
vn -0.609653 -0.63157 0.479001
v 0.0600778 -0.0642673 -0.0482156
vn -0.634548 -0.628408 0.449947
v 0.0600114 -0.0643488 -0.0484252
vn -0.636868 -0.630983 0.443011
v 0.0608089 -0.0643603 -0.0473626
vn -0.609653 -0.63157 0.479001
v 0.0606272 -0.0642751 -0.0474839
vn -0.616294 -0.627941 0.475259
v 0.0600778 -0.0642673 -0.0482156
vn -0.634548 -0.628408 0.449947
v 0.0606272 -0.0642751 -0.0474839
vn -0.616294 -0.627941 0.475259
v 0.0601769 -0.0642182 -0.0480092
vn -0.630747 -0.627162 0.456975
v 0.0600778 -0.0642673 -0.0482156
vn -0.634548 -0.628408 0.449947
v 0.0589871 -0.063038 -0.0481682
vn -0.717761 -0.529554 0.452096
v 0.0600778 -0.0642673 -0.0482156
vn -0.634548 -0.628408 0.449947
v 0.0601769 -0.0642182 -0.0480092
vn -0.630747 -0.627162 0.456975
v 0.0588295 -0.0632311 -0.0486651
vn -0.727175 -0.541094 0.422414
v 0.0600778 -0.0642673 -0.0482156
vn -0.634548 -0.628408 0.449947
v 0.0589871 -0.063038 -0.0481682
vn -0.717761 -0.529554 0.452096
v 0.0588295 -0.0632311 -0.0486651
vn -0.727175 -0.541094 0.422414
v 0.0600114 -0.0643488 -0.0484252
vn -0.636868 -0.630983 0.443011
v 0.0600778 -0.0642673 -0.0482156
vn -0.634548 -0.628408 0.449947
v 0.0589871 -0.063038 -0.0481682
vn -0.717761 -0.529554 0.452096
v 0.0601769 -0.0642182 -0.0480092
vn -0.630747 -0.627162 0.456975
v 0.0592221 -0.0629209 -0.0476785
vn -0.703705 -0.522515 0.481432
v 0.058215 -0.0618299 -0.0482409
vn -0.833791 -0.336509 0.437668
v 0.0589871 -0.063038 -0.0481682
vn -0.717761 -0.529554 0.452096
v 0.0592221 -0.0629209 -0.0476785
vn -0.703705 -0.522515 0.481432
v 0.0579803 -0.0621179 -0.0489812
vn -0.85525 -0.362873 0.36996
v 0.0589871 -0.063038 -0.0481682
vn -0.717761 -0.529554 0.452096
v 0.058215 -0.0618299 -0.0482409
vn -0.833791 -0.336509 0.437668
v 0.0579803 -0.0621179 -0.0489812
vn -0.85525 -0.362873 0.36996
v 0.0588295 -0.0632311 -0.0486651
vn -0.727175 -0.541094 0.422414
v 0.0589871 -0.063038 -0.0481682
vn -0.717761 -0.529554 0.452096
v 0.0578793 -0.0608276 -0.0484226
vn -0.934011 0.0644296 0.351386
v 0.058215 -0.0618299 -0.0482409
vn -0.833791 -0.336509 0.437668
v 0.0585654 -0.0616556 -0.0475111
vn -0.80179 -0.320643 0.504302
v 0.058215 -0.0618299 -0.0482409
vn -0.833791 -0.336509 0.437668
v 0.0592221 -0.0629209 -0.0476785
vn -0.703705 -0.522515 0.481432
v 0.0585654 -0.0616556 -0.0475111
vn -0.80179 -0.320643 0.504302
v 0.057593 -0.0611788 -0.0493255
vn -0.974691 0.0145169 0.223084
v 0.058215 -0.0618299 -0.0482409
vn -0.833791 -0.336509 0.437668
v 0.0578793 -0.0608276 -0.0484226
vn -0.934011 0.0644296 0.351386
v 0.057593 -0.0611788 -0.0493255
vn -0.974691 0.0145169 0.223084
v 0.0579803 -0.0621179 -0.0489812
vn -0.85525 -0.362873 0.36996
v 0.058215 -0.0618299 -0.0482409
vn -0.833791 -0.336509 0.437668
v 0.0577265 -0.0605565 -0.0496457
vn -0.887193 0.461374 -0.00478675
v 0.0578793 -0.0608276 -0.0484226
vn -0.934011 0.0644296 0.351386
v 0.0580309 -0.0601832 -0.0486856
vn -0.833163 0.527654 0.165592
v 0.0577265 -0.0605565 -0.0496457
vn -0.887193 0.461374 -0.00478675
v 0.057593 -0.0611788 -0.0493255
vn -0.974691 0.0145169 0.223084
v 0.0578793 -0.0608276 -0.0484226
vn -0.934011 0.0644296 0.351386
v 0.0580309 -0.0601832 -0.0486856
vn -0.833163 0.527654 0.165592
v 0.0578793 -0.0608276 -0.0484226
vn -0.934011 0.0644296 0.351386
v 0.0583066 -0.0606147 -0.0475321
vn -0.873298 0.0947079 0.477893
v 0.0578793 -0.0608276 -0.0484226
vn -0.934011 0.0644296 0.351386
v 0.0585654 -0.0616556 -0.0475111
vn -0.80179 -0.320643 0.504302
v 0.0583066 -0.0606147 -0.0475321
vn -0.873298 0.0947079 0.477893
v 0.0580309 -0.0601832 -0.0486856
vn -0.833163 0.527654 0.165592
v 0.0583066 -0.0606147 -0.0475321
vn -0.873298 0.0947079 0.477893
v 0.0584853 -0.0599569 -0.0477388
vn -0.75248 0.567859 0.333632
v 0.0585367 -0.0596777 -0.0502446
vn -0.822314 0.564511 -0.0716
v 0.0580309 -0.0601832 -0.0486856
vn -0.833163 0.527654 0.165592
v 0.0588412 -0.0593044 -0.0492845
vn -0.773026 0.625248 0.107217
v 0.0585367 -0.0596777 -0.0502446
vn -0.822314 0.564511 -0.0716
v 0.0577265 -0.0605565 -0.0496457
vn -0.887193 0.461374 -0.00478675
v 0.0580309 -0.0601832 -0.0486856
vn -0.833163 0.527654 0.165592
v 0.0588412 -0.0593044 -0.0492845
vn -0.773026 0.625248 0.107217
v 0.0580309 -0.0601832 -0.0486856
vn -0.833163 0.527654 0.165592
v 0.0584853 -0.0599569 -0.0477388
vn -0.75248 0.567859 0.333632
v 0.0616708 -0.0544132 -0.0518074
vn -0.827043 0.557772 0.0699356
v 0.0585367 -0.0596777 -0.0502446
vn -0.822314 0.564511 -0.0716
v 0.0588412 -0.0593044 -0.0492845
vn -0.773026 0.625248 0.107217
v 0.0619557 -0.0543901 -0.0505142
vn -0.778314 0.575523 0.250998
v 0.0588412 -0.0593044 -0.0492845
vn -0.773026 0.625248 0.107217
v 0.0592955 -0.0590781 -0.0483377
vn -0.696527 0.659131 0.283542
v 0.0588412 -0.0593044 -0.0492845
vn -0.773026 0.625248 0.107217
v 0.0584853 -0.0599569 -0.0477388
vn -0.75248 0.567859 0.333632
v 0.0592955 -0.0590781 -0.0483377
vn -0.696527 0.659131 0.283542
v 0.0619557 -0.0543901 -0.0505142
vn -0.778314 0.575523 0.250998
v 0.0616708 -0.0544132 -0.0518074
vn -0.827043 0.557772 0.0699356
v 0.0588412 -0.0593044 -0.0492845
vn -0.773026 0.625248 0.107217
v 0.0623934 -0.0545698 -0.0492778
vn -0.705858 0.56581 0.426172
v 0.0619557 -0.0543901 -0.0505142
vn -0.778314 0.575523 0.250998
v 0.0592955 -0.0590781 -0.0483377
vn -0.696527 0.659131 0.283542
v 0.0623934 -0.0545698 -0.0492778
vn -0.705858 0.56581 0.426172
v 0.0651438 -0.0499345 -0.0510216
vn -0.628979 0.743368 0.227573
v 0.0619557 -0.0543901 -0.0505142
vn -0.778314 0.575523 0.250998
v 0.0619557 -0.0543901 -0.0505142
vn -0.778314 0.575523 0.250998
v 0.0648001 -0.0499555 -0.0526059
vn -0.66859 0.742745 0.0362809
v 0.0616708 -0.0544132 -0.0518074
vn -0.827043 0.557772 0.0699356
v 0.0619557 -0.0543901 -0.0505142
vn -0.778314 0.575523 0.250998
v 0.0651438 -0.0499345 -0.0510216
vn -0.628979 0.743368 0.227573
v 0.0648001 -0.0499555 -0.0526059
vn -0.66859 0.742745 0.0362809
v 0.0651438 -0.0499345 -0.0510216
vn -0.628979 0.743368 0.227573
v 0.0649793 -0.049853 -0.0526512
vn -0.176045 0.982342 -0.0633422
v 0.0648001 -0.0499555 -0.0526059
vn -0.66859 0.742745 0.0362809
v 0.0651438 -0.0499345 -0.0510216
vn -0.628979 0.743368 0.227573
v 0.0653248 -0.0498291 -0.0510683
vn -0.140377 0.98463 0.103915
v 0.0649793 -0.049853 -0.0526512
vn -0.176045 0.982342 -0.0633422
v 0.0623934 -0.0545698 -0.0492778
vn -0.705858 0.56581 0.426172
v 0.0656752 -0.0501605 -0.0495076
vn -0.568332 0.712992 0.41066
v 0.0651438 -0.0499345 -0.0510216
vn -0.628979 0.743368 0.227573
v 0.0656752 -0.0501605 -0.0495076
vn -0.568332 0.712992 0.41066
v 0.0653248 -0.0498291 -0.0510683
vn -0.140377 0.98463 0.103915
v 0.0651438 -0.0499345 -0.0510216
vn -0.628979 0.743368 0.227573
v 0.062967 -0.0549463 -0.0481456
vn -0.611837 0.52861 0.588411
v 0.0656752 -0.0501605 -0.0495076
vn -0.568332 0.712992 0.41066
v 0.0623934 -0.0545698 -0.0492778
vn -0.705858 0.56581 0.426172
v 0.062967 -0.0549463 -0.0481456
vn -0.611837 0.52861 0.588411
v 0.0663743 -0.050625 -0.0481217
vn -0.488774 0.652872 0.578669
v 0.0656752 -0.0501605 -0.0495076
vn -0.568332 0.712992 0.41066
v 0.0656752 -0.0501605 -0.0495076
vn -0.568332 0.712992 0.41066
v 0.0658577 -0.050053 -0.0495546
vn -0.0892618 0.959912 0.265708
v 0.0653248 -0.0498291 -0.0510683
vn -0.140377 0.98463 0.103915
v 0.0663743 -0.050625 -0.0481217
vn -0.488774 0.652872 0.578669
v 0.0658577 -0.050053 -0.0495546
vn -0.0892618 0.959912 0.265708
v 0.0656752 -0.0501605 -0.0495076
vn -0.568332 0.712992 0.41066
v 0.0665579 -0.050516 -0.0481692
vn -0.0240236 0.908719 0.416717
v 0.0661112 -0.0501045 -0.0496702
vn 0.40419 0.913636 0.043586
v 0.0658577 -0.050053 -0.0495546
vn -0.0892618 0.959912 0.265708
v 0.0658577 -0.050053 -0.0495546
vn -0.0892618 0.959912 0.265708
v 0.0661112 -0.0501045 -0.0496702
vn 0.40419 0.913636 0.043586
v 0.0655849 -0.0498859 -0.0511606
vn 0.375191 0.925661 -0.0488137
v 0.0658577 -0.050053 -0.0495546
vn -0.0892618 0.959912 0.265708
v 0.0655849 -0.0498859 -0.0511606
vn 0.375191 0.925661 -0.0488137
v 0.0653248 -0.0498291 -0.0510683
vn -0.140377 0.98463 0.103915
v 0.0663743 -0.050625 -0.0481217
vn -0.488774 0.652872 0.578669
v 0.0665579 -0.050516 -0.0481692
vn -0.0240236 0.908719 0.416717
v 0.0658577 -0.050053 -0.0495546
vn -0.0892618 0.959912 0.265708
v 0.067214 -0.0513099 -0.046917
vn -0.394457 0.564605 0.725
v 0.0673979 -0.0511998 -0.0469647
vn 0.0528485 0.832017 0.552227
v 0.0665579 -0.050516 -0.0481692
vn -0.0240236 0.908719 0.416717
v 0.0673979 -0.0511998 -0.0469647
vn 0.0528485 0.832017 0.552227
v 0.0668016 -0.0505592 -0.0483058
vn 0.44006 0.8882 0.132091
v 0.0665579 -0.050516 -0.0481692
vn -0.0240236 0.908719 0.416717
v 0.067214 -0.0513099 -0.046917
vn -0.394457 0.564605 0.725
v 0.0665579 -0.050516 -0.0481692
vn -0.0240236 0.908719 0.416717
v 0.0663743 -0.050625 -0.0481217
vn -0.488774 0.652872 0.578669
v 0.0665579 -0.050516 -0.0481692
vn -0.0240236 0.908719 0.416717
v 0.0668016 -0.0505592 -0.0483058
vn 0.44006 0.8882 0.132091
v 0.0661112 -0.0501045 -0.0496702
vn 0.40419 0.913636 0.043586
v 0.0676287 -0.0512315 -0.0471206
vn 0.483289 0.848807 0.214379
v 0.0670684 -0.0507478 -0.0485108
vn 0.651058 0.757212 -0.0524705
v 0.0668016 -0.0505592 -0.0483058
vn 0.44006 0.8882 0.132091
v 0.0668016 -0.0505592 -0.0483058
vn 0.44006 0.8882 0.132091
v 0.0670684 -0.0507478 -0.0485108
vn 0.651058 0.757212 -0.0524705
v 0.0663969 -0.0503069 -0.0498367
vn 0.63498 0.767225 -0.0903685
v 0.0673979 -0.0511998 -0.0469647
vn 0.0528485 0.832017 0.552227
v 0.0676287 -0.0512315 -0.0471206
vn 0.483289 0.848807 0.214379
v 0.0668016 -0.0505592 -0.0483058
vn 0.44006 0.8882 0.132091
v 0.0668016 -0.0505592 -0.0483058
vn 0.44006 0.8882 0.132091
v 0.0663969 -0.0503069 -0.0498367
vn 0.63498 0.767225 -0.0903685
v 0.0661112 -0.0501045 -0.0496702
vn 0.40419 0.913636 0.043586
v 0.0683453 -0.0520784 -0.0459876
vn 0.140102 0.731901 0.666852
v 0.0685594 -0.0520943 -0.046161
vn 0.532929 0.795566 0.288203
v 0.0676287 -0.0512315 -0.0471206
vn 0.483289 0.848807 0.214379
v 0.0685594 -0.0520943 -0.046161
vn 0.532929 0.795566 0.288203
v 0.0678713 -0.0513998 -0.0473609
vn 0.670478 0.741738 -0.0168427
v 0.0676287 -0.0512315 -0.0471206
vn 0.483289 0.848807 0.214379
v 0.0683453 -0.0520784 -0.0459876
vn 0.140102 0.731901 0.666852
v 0.0676287 -0.0512315 -0.0471206
vn 0.483289 0.848807 0.214379
v 0.0673979 -0.0511998 -0.0469647
vn 0.0528485 0.832017 0.552227
v 0.0676287 -0.0512315 -0.0471206
vn 0.483289 0.848807 0.214379
v 0.0678713 -0.0513998 -0.0473609
vn 0.670478 0.741738 -0.0168427
v 0.0670684 -0.0507478 -0.0485108
vn 0.651058 0.757212 -0.0524705
v 0.0685594 -0.0520943 -0.046161
vn 0.532929 0.795566 0.288203
v 0.0687718 -0.0522348 -0.0464325
vn 0.693196 0.720585 0.0153984
v 0.0678713 -0.0513998 -0.0473609
vn 0.670478 0.741738 -0.0168427
v 0.0678713 -0.0513998 -0.0473609
vn 0.670478 0.741738 -0.0168427
v 0.0673178 -0.0510536 -0.0487533
vn 0.739355 0.656289 -0.150459
v 0.0670684 -0.0507478 -0.0485108
vn 0.651058 0.757212 -0.0524705
v 0.0678713 -0.0513998 -0.0473609
vn 0.670478 0.741738 -0.0168427
v 0.0680889 -0.0516795 -0.0476492
vn 0.744046 0.652831 -0.142154
v 0.0673178 -0.0510536 -0.0487533
vn 0.739355 0.656289 -0.150459
v 0.0687718 -0.0522348 -0.0464325
vn 0.693196 0.720585 0.0153984
v 0.0680889 -0.0516795 -0.0476492
vn 0.744046 0.652831 -0.142154
v 0.0678713 -0.0513998 -0.0473609
vn 0.670478 0.741738 -0.0168427
v 0.0658592 -0.0504531 -0.0528715
vn 0.730127 0.659736 -0.177942
v 0.0673178 -0.0510536 -0.0487533
vn 0.739355 0.656289 -0.150459
v 0.0680889 -0.0516795 -0.0476492
vn 0.744046 0.652831 -0.142154
v 0.0658592 -0.0504531 -0.0528715
vn 0.730127 0.659736 -0.177942
v 0.0661787 -0.0504268 -0.0514214
vn 0.732444 0.659641 -0.168521
v 0.0673178 -0.0510536 -0.0487533
vn 0.739355 0.656289 -0.150459
v 0.0661787 -0.0504268 -0.0514214
vn 0.732444 0.659641 -0.168521
v 0.0666716 -0.0506297 -0.0500288
vn 0.735337 0.658752 -0.159139
v 0.0673178 -0.0510536 -0.0487533
vn 0.739355 0.656289 -0.150459
v 0.0670684 -0.0507478 -0.0485108
vn 0.651058 0.757212 -0.0524705
v 0.0673178 -0.0510536 -0.0487533
vn 0.739355 0.656289 -0.150459
v 0.0666716 -0.0506297 -0.0500288
vn 0.735337 0.658752 -0.159139
v 0.0658848 -0.0500957 -0.0512846
vn 0.622036 0.772145 -0.12986
v 0.0658592 -0.0504531 -0.0528715
vn 0.730127 0.659736 -0.177942
v 0.0655525 -0.0501224 -0.052795
vn 0.612882 0.771577 -0.170423
v 0.0655525 -0.0501224 -0.052795
vn 0.612882 0.771577 -0.170423
v 0.0658592 -0.0504531 -0.0528715
vn 0.730127 0.659736 -0.177942
v 0.0657245 -0.0507036 -0.0543168
vn 0.72887 0.658429 -0.187673
v 0.0657245 -0.0507036 -0.0543168
vn 0.72887 0.658429 -0.187673
v 0.0658592 -0.0504531 -0.0528715
vn 0.730127 0.659736 -0.177942
v 0.0680889 -0.0516795 -0.0476492
vn 0.744046 0.652831 -0.142154
v 0.0658848 -0.0500957 -0.0512846
vn 0.622036 0.772145 -0.12986
v 0.0661787 -0.0504268 -0.0514214
vn 0.732444 0.659641 -0.168521
v 0.0658592 -0.0504531 -0.0528715
vn 0.730127 0.659736 -0.177942
v 0.0661112 -0.0501045 -0.0496702
vn 0.40419 0.913636 0.043586
v 0.0663969 -0.0503069 -0.0498367
vn 0.63498 0.767225 -0.0903685
v 0.0658848 -0.0500957 -0.0512846
vn 0.622036 0.772145 -0.12986
v 0.0663969 -0.0503069 -0.0498367
vn 0.63498 0.767225 -0.0903685
v 0.0661787 -0.0504268 -0.0514214
vn 0.732444 0.659641 -0.168521
v 0.0658848 -0.0500957 -0.0512846
vn 0.622036 0.772145 -0.12986
v 0.0661112 -0.0501045 -0.0496702
vn 0.40419 0.913636 0.043586
v 0.0658848 -0.0500957 -0.0512846
vn 0.622036 0.772145 -0.12986
v 0.0655849 -0.0498859 -0.0511606
vn 0.375191 0.925661 -0.0488137
v 0.0655849 -0.0498859 -0.0511606
vn 0.375191 0.925661 -0.0488137
v 0.0658848 -0.0500957 -0.0512846
vn 0.622036 0.772145 -0.12986
v 0.0655525 -0.0501224 -0.052795
vn 0.612882 0.771577 -0.170423
v 0.0652435 -0.0499116 -0.0527177
vn 0.353876 0.924205 -0.143586
v 0.0655525 -0.0501224 -0.052795
vn 0.612882 0.771577 -0.170423
v 0.065412 -0.0503837 -0.0543058
vn 0.606998 0.766012 -0.211611
v 0.0655525 -0.0501224 -0.052795
vn 0.612882 0.771577 -0.170423
v 0.0657245 -0.0507036 -0.0543168
vn 0.72887 0.658429 -0.187673
v 0.065412 -0.0503837 -0.0543058
vn 0.606998 0.766012 -0.211611
v 0.0655849 -0.0498859 -0.0511606
vn 0.375191 0.925661 -0.0488137
v 0.0655525 -0.0501224 -0.052795
vn 0.612882 0.771577 -0.170423
v 0.0652435 -0.0499116 -0.0527177
vn 0.353876 0.924205 -0.143586
v 0.0649793 -0.049853 -0.0526512
vn -0.176045 0.982342 -0.0633422
v 0.0652435 -0.0499116 -0.0527177
vn 0.353876 0.924205 -0.143586
v 0.0650996 -0.0501801 -0.0542796
vn 0.339832 0.909539 -0.239277
v 0.0652435 -0.0499116 -0.0527177
vn 0.353876 0.924205 -0.143586
v 0.065412 -0.0503837 -0.0543058
vn 0.606998 0.766012 -0.211611
v 0.0650996 -0.0501801 -0.0542796
vn 0.339832 0.909539 -0.239277
v 0.0653248 -0.0498291 -0.0510683
vn -0.140377 0.98463 0.103915
v 0.0652435 -0.0499116 -0.0527177
vn 0.353876 0.924205 -0.143586
v 0.0649793 -0.049853 -0.0526512
vn -0.176045 0.982342 -0.0633422
v 0.0653248 -0.0498291 -0.0510683
vn -0.140377 0.98463 0.103915
v 0.0655849 -0.0498859 -0.0511606
vn 0.375191 0.925661 -0.0488137
v 0.0652435 -0.0499116 -0.0527177
vn 0.353876 0.924205 -0.143586
v 0.0663969 -0.0503069 -0.0498367
vn 0.63498 0.767225 -0.0903685
v 0.0666716 -0.0506297 -0.0500288
vn 0.735337 0.658752 -0.159139
v 0.0661787 -0.0504268 -0.0514214
vn 0.732444 0.659641 -0.168521
v 0.0670684 -0.0507478 -0.0485108
vn 0.651058 0.757212 -0.0524705
v 0.0666716 -0.0506297 -0.0500288
vn 0.735337 0.658752 -0.159139
v 0.0663969 -0.0503069 -0.0498367
vn 0.63498 0.767225 -0.0903685
v 0.069363 -0.0531174 -0.0452757
vn 0.235152 0.611401 0.755574
v 0.0685594 -0.0520943 -0.046161
vn 0.532929 0.795566 0.288203
v 0.0683453 -0.0520784 -0.0459876
vn 0.140102 0.731901 0.666852
v 0.0691823 -0.0532299 -0.0452256
vn -0.172823 0.321007 0.931175
v 0.0683453 -0.0520784 -0.0459876
vn 0.140102 0.731901 0.666852
v 0.0681622 -0.0521895 -0.045939
vn -0.287787 0.452508 0.844047
v 0.0681622 -0.0521895 -0.045939
vn -0.287787 0.452508 0.844047
v 0.0683453 -0.0520784 -0.0459876
vn 0.140102 0.731901 0.666852
v 0.0673979 -0.0511998 -0.0469647
vn 0.0528485 0.832017 0.552227
v 0.0691823 -0.0532299 -0.0452256
vn -0.172823 0.321007 0.931175
v 0.069363 -0.0531174 -0.0452757
vn 0.235152 0.611401 0.755574
v 0.0683453 -0.0520784 -0.0459876
vn 0.140102 0.731901 0.666852
v 0.0661208 -0.0580255 -0.0454345
vn -0.0985088 0.140794 0.985126
v 0.0691823 -0.0532299 -0.0452256
vn -0.172823 0.321007 0.931175
v 0.0652623 -0.0570742 -0.0457788
vn -0.237323 0.267583 0.933851
v 0.0661208 -0.0580255 -0.0454345
vn -0.0985088 0.140794 0.985126
v 0.0702345 -0.0543925 -0.0448041
vn -0.0543801 0.174944 0.983075
v 0.0691823 -0.0532299 -0.0452256
vn -0.172823 0.321007 0.931175
v 0.0702345 -0.0543925 -0.0448041
vn -0.0543801 0.174944 0.983075
v 0.069363 -0.0531174 -0.0452757
vn 0.235152 0.611401 0.755574
v 0.0691823 -0.0532299 -0.0452256
vn -0.172823 0.321007 0.931175
v 0.0652623 -0.0570742 -0.0457788
vn -0.237323 0.267583 0.933851
v 0.0691823 -0.0532299 -0.0452256
vn -0.172823 0.321007 0.931175
v 0.0681622 -0.0521895 -0.045939
vn -0.287787 0.452508 0.844047
v 0.0661208 -0.0580255 -0.0454345
vn -0.0985088 0.140794 0.985126
v 0.0652623 -0.0570742 -0.0457788
vn -0.237323 0.267583 0.933851
v 0.0630458 -0.0602504 -0.0449834
vn -0.0344825 0.424688 0.904683
v 0.0652623 -0.0570742 -0.0457788
vn -0.237323 0.267583 0.933851
v 0.0621917 -0.0597297 -0.0453751
vn -0.187866 0.520538 0.832915
v 0.0630458 -0.0602504 -0.0449834
vn -0.0344825 0.424688 0.904683
v 0.0652623 -0.0570742 -0.0457788
vn -0.237323 0.267583 0.933851
v 0.0644296 -0.0562228 -0.0463617
vn -0.372946 0.376961 0.847827
v 0.0621917 -0.0597297 -0.0453751
vn -0.187866 0.520538 0.832915
v 0.0652623 -0.0570742 -0.0457788
vn -0.237323 0.267583 0.933851
v 0.0681622 -0.0521895 -0.045939
vn -0.287787 0.452508 0.844047
v 0.0644296 -0.0562228 -0.0463617
vn -0.372946 0.376961 0.847827
v 0.0644296 -0.0562228 -0.0463617
vn -0.372946 0.376961 0.847827
v 0.0636545 -0.0555044 -0.0471609
vn -0.499494 0.464996 0.730948
v 0.0613588 -0.0593401 -0.0459302
vn -0.33634 0.594305 0.730532
v 0.0644296 -0.0562228 -0.0463617
vn -0.372946 0.376961 0.847827
v 0.067214 -0.0513099 -0.046917
vn -0.394457 0.564605 0.725
v 0.0636545 -0.0555044 -0.0471609
vn -0.499494 0.464996 0.730948
v 0.0644296 -0.0562228 -0.0463617
vn -0.372946 0.376961 0.847827
v 0.0681622 -0.0521895 -0.045939
vn -0.287787 0.452508 0.844047
v 0.067214 -0.0513099 -0.046917
vn -0.394457 0.564605 0.725
v 0.0644296 -0.0562228 -0.0463617
vn -0.372946 0.376961 0.847827
v 0.0613588 -0.0593401 -0.0459302
vn -0.33634 0.594305 0.730532
v 0.0621917 -0.0597297 -0.0453751
vn -0.187866 0.520538 0.832915
v 0.0613588 -0.0593401 -0.0459302
vn -0.33634 0.594305 0.730532
v 0.0613814 -0.0606087 -0.0447762
vn -0.238509 0.452085 0.859496
v 0.0621917 -0.0597297 -0.0453751
vn -0.187866 0.520538 0.832915
v 0.0605789 -0.0590965 -0.0466278
vn -0.473977 0.643171 0.601395
v 0.0605485 -0.0602189 -0.0453315
vn -0.386272 0.521313 0.760938
v 0.0613588 -0.0593401 -0.0459302
vn -0.33634 0.594305 0.730532
v 0.0613588 -0.0593401 -0.0459302
vn -0.33634 0.594305 0.730532
v 0.0605485 -0.0602189 -0.0453315
vn -0.386272 0.521313 0.760938
v 0.0613814 -0.0606087 -0.0447762
vn -0.238509 0.452085 0.859496
v 0.0636545 -0.0555044 -0.0471609
vn -0.499494 0.464996 0.730948
v 0.0605789 -0.0590965 -0.0466278
vn -0.473977 0.643171 0.601395
v 0.0613588 -0.0593401 -0.0459302
vn -0.33634 0.594305 0.730532
v 0.0605789 -0.0590965 -0.0466278
vn -0.473977 0.643171 0.601395
v 0.0597687 -0.0599753 -0.0460289
vn -0.524709 0.564588 0.637119
v 0.0605485 -0.0602189 -0.0453315
vn -0.386272 0.521313 0.760938
v 0.0598823 -0.059008 -0.0474405
vn -0.595558 0.665108 0.45049
v 0.0597687 -0.0599753 -0.0460289
vn -0.524709 0.564588 0.637119
v 0.0605789 -0.0590965 -0.0466278
vn -0.473977 0.643171 0.601395
v 0.062967 -0.0549463 -0.0481456
vn -0.611837 0.52861 0.588411
v 0.0598823 -0.059008 -0.0474405
vn -0.595558 0.665108 0.45049
v 0.0605789 -0.0590965 -0.0466278
vn -0.473977 0.643171 0.601395
v 0.0636545 -0.0555044 -0.0471609
vn -0.499494 0.464996 0.730948
v 0.062967 -0.0549463 -0.0481456
vn -0.611837 0.52861 0.588411
v 0.0605789 -0.0590965 -0.0466278
vn -0.473977 0.643171 0.601395
v 0.0623934 -0.0545698 -0.0492778
vn -0.705858 0.56581 0.426172
v 0.0592955 -0.0590781 -0.0483377
vn -0.696527 0.659131 0.283542
v 0.0598823 -0.059008 -0.0474405
vn -0.595558 0.665108 0.45049
v 0.0592955 -0.0590781 -0.0483377
vn -0.696527 0.659131 0.283542
v 0.059072 -0.0598868 -0.0468419
vn -0.648371 0.580277 0.492843
v 0.0598823 -0.059008 -0.0474405
vn -0.595558 0.665108 0.45049
v 0.0598823 -0.059008 -0.0474405
vn -0.595558 0.665108 0.45049
v 0.059072 -0.0598868 -0.0468419
vn -0.648371 0.580277 0.492843
v 0.0597687 -0.0599753 -0.0460289
vn -0.524709 0.564588 0.637119
v 0.062967 -0.0549463 -0.0481456
vn -0.611837 0.52861 0.588411
v 0.0623934 -0.0545698 -0.0492778
vn -0.705858 0.56581 0.426172
v 0.0598823 -0.059008 -0.0474405
vn -0.595558 0.665108 0.45049
v 0.059072 -0.0598868 -0.0468419
vn -0.648371 0.580277 0.492843
v 0.0595137 -0.0606319 -0.045924
vn -0.701806 0.0922983 0.706364
v 0.0597687 -0.0599753 -0.0460289
vn -0.524709 0.564588 0.637119
v 0.059072 -0.0598868 -0.0468419
vn -0.648371 0.580277 0.492843
v 0.0588584 -0.0605489 -0.0466886
vn -0.794901 0.104017 0.597756
v 0.0595137 -0.0606319 -0.045924
vn -0.701806 0.0922983 0.706364
v 0.0584853 -0.0599569 -0.0477388
vn -0.75248 0.567859 0.333632
v 0.0588584 -0.0605489 -0.0466886
vn -0.794901 0.104017 0.597756
v 0.059072 -0.0598868 -0.0468419
vn -0.648371 0.580277 0.492843
v 0.0592955 -0.0590781 -0.0483377
vn -0.696527 0.659131 0.283542
v 0.0584853 -0.0599569 -0.0477388
vn -0.75248 0.567859 0.333632
v 0.059072 -0.0598868 -0.0468419
vn -0.648371 0.580277 0.492843
v 0.0584853 -0.0599569 -0.0477388
vn -0.75248 0.567859 0.333632
v 0.0583066 -0.0606147 -0.0475321
vn -0.873298 0.0947079 0.477893
v 0.0588584 -0.0605489 -0.0466886
vn -0.794901 0.104017 0.597756
v 0.0583066 -0.0606147 -0.0475321
vn -0.873298 0.0947079 0.477893
v 0.0590178 -0.0616015 -0.0468195
vn -0.76049 -0.315737 0.567419
v 0.0588584 -0.0605489 -0.0466886
vn -0.794901 0.104017 0.597756
v 0.0588584 -0.0605489 -0.0466886
vn -0.794901 0.104017 0.597756
v 0.0595549 -0.0616697 -0.0461927
vn -0.711472 -0.321953 0.624623
v 0.0595137 -0.0606319 -0.045924
vn -0.701806 0.0922983 0.706364
v 0.0588584 -0.0605489 -0.0466886
vn -0.794901 0.104017 0.597756
v 0.0590178 -0.0616015 -0.0468195
vn -0.76049 -0.315737 0.567419
v 0.0595549 -0.0616697 -0.0461927
vn -0.711472 -0.321953 0.624623
v 0.0583066 -0.0606147 -0.0475321
vn -0.873298 0.0947079 0.477893
v 0.0585654 -0.0616556 -0.0475111
vn -0.80179 -0.320643 0.504302
v 0.0590178 -0.0616015 -0.0468195
vn -0.76049 -0.315737 0.567419
v 0.0585654 -0.0616556 -0.0475111
vn -0.80179 -0.320643 0.504302
v 0.0595257 -0.0628845 -0.0472143
vn -0.68559 -0.52035 0.509119
v 0.0590178 -0.0616015 -0.0468195
vn -0.76049 -0.315737 0.567419
v 0.0590178 -0.0616015 -0.0468195
vn -0.76049 -0.315737 0.567419
v 0.0598862 -0.0629302 -0.0467937
vn -0.664075 -0.523113 0.534188
v 0.0595549 -0.0616697 -0.0461927
vn -0.711472 -0.321953 0.624623
v 0.0590178 -0.0616015 -0.0468195
vn -0.76049 -0.315737 0.567419
v 0.0595257 -0.0628845 -0.0472143
vn -0.68559 -0.52035 0.509119
v 0.0598862 -0.0629302 -0.0467937
vn -0.664075 -0.523113 0.534188
v 0.0595257 -0.0628845 -0.0472143
vn -0.68559 -0.52035 0.509119
v 0.060457 -0.064222 -0.0476361
vn -0.621363 -0.627018 0.469848
v 0.0598862 -0.0629302 -0.0467937
vn -0.664075 -0.523113 0.534188
v 0.0595257 -0.0628845 -0.0472143
vn -0.68559 -0.52035 0.509119
v 0.060305 -0.0642027 -0.0478134
vn -0.627432 -0.624997 0.464444
v 0.060457 -0.064222 -0.0476361
vn -0.621363 -0.627018 0.469848
v 0.0592221 -0.0629209 -0.0476785
vn -0.703705 -0.522515 0.481432
v 0.060305 -0.0642027 -0.0478134
vn -0.627432 -0.624997 0.464444
v 0.0595257 -0.0628845 -0.0472143
vn -0.68559 -0.52035 0.509119
v 0.0585654 -0.0616556 -0.0475111
vn -0.80179 -0.320643 0.504302
v 0.0592221 -0.0629209 -0.0476785
vn -0.703705 -0.522515 0.481432
v 0.0595257 -0.0628845 -0.0472143
vn -0.68559 -0.52035 0.509119
v 0.0592221 -0.0629209 -0.0476785
vn -0.703705 -0.522515 0.481432
v 0.0601769 -0.0642182 -0.0480092
vn -0.630747 -0.627162 0.456975
v 0.060305 -0.0642027 -0.0478134
vn -0.627432 -0.624997 0.464444
v 0.060457 -0.064222 -0.0476361
vn -0.621363 -0.627018 0.469848
v 0.060305 -0.0642027 -0.0478134
vn -0.627432 -0.624997 0.464444
v 0.0601769 -0.0642182 -0.0480092
vn -0.630747 -0.627162 0.456975
v 0.0598862 -0.0629302 -0.0467937
vn -0.664075 -0.523113 0.534188
v 0.060457 -0.064222 -0.0476361
vn -0.621363 -0.627018 0.469848
v 0.0606272 -0.0642751 -0.0474839
vn -0.616294 -0.627941 0.475259
v 0.0606272 -0.0642751 -0.0474839
vn -0.616294 -0.627941 0.475259
v 0.060457 -0.064222 -0.0476361
vn -0.621363 -0.627018 0.469848
v 0.0601769 -0.0642182 -0.0480092
vn -0.630747 -0.627162 0.456975
v 0.0597687 -0.0599753 -0.0460289
vn -0.524709 0.564588 0.637119
v 0.0595137 -0.0606319 -0.045924
vn -0.701806 0.0922983 0.706364
v 0.060247 -0.0608612 -0.0452681
vn -0.597547 0.0596937 0.799609
v 0.0597687 -0.0599753 -0.0460289
vn -0.524709 0.564588 0.637119
v 0.060247 -0.0608612 -0.0452681
vn -0.597547 0.0596937 0.799609
v 0.0605485 -0.0602189 -0.0453315
vn -0.386272 0.521313 0.760938
v 0.0636545 -0.0555044 -0.0471609
vn -0.499494 0.464996 0.730948
v 0.0663743 -0.050625 -0.0481217
vn -0.488774 0.652872 0.578669
v 0.062967 -0.0549463 -0.0481456
vn -0.611837 0.52861 0.588411
v 0.0636545 -0.0555044 -0.0471609
vn -0.499494 0.464996 0.730948
v 0.067214 -0.0513099 -0.046917
vn -0.394457 0.564605 0.725
v 0.0663743 -0.050625 -0.0481217
vn -0.488774 0.652872 0.578669
v 0.0621917 -0.0597297 -0.0453751
vn -0.187866 0.520538 0.832915
v 0.0622356 -0.0611292 -0.0443845
vn -0.0868432 0.359681 0.929025
v 0.0630458 -0.0602504 -0.0449834
vn -0.0344825 0.424688 0.904683
v 0.0621917 -0.0597297 -0.0453751
vn -0.187866 0.520538 0.832915
v 0.0613814 -0.0606087 -0.0447762
vn -0.238509 0.452085 0.859496
v 0.0622356 -0.0611292 -0.0443845
vn -0.0868432 0.359681 0.929025
v 0.0661208 -0.0580255 -0.0454345
vn -0.0985088 0.140794 0.985126
v 0.0630458 -0.0602504 -0.0449834
vn -0.0344825 0.424688 0.904683
v 0.0638883 -0.060882 -0.0447703
vn 0.117652 0.310047 0.943413
v 0.066972 -0.0590404 -0.045342
vn 0.0373469 0.00113998 0.999302
v 0.0702345 -0.0543925 -0.0448041
vn -0.0543801 0.174944 0.983075
v 0.0661208 -0.0580255 -0.0454345
vn -0.0985088 0.140794 0.985126
v 0.066972 -0.0590404 -0.045342
vn 0.0373469 0.00113998 0.999302
v 0.0661208 -0.0580255 -0.0454345
vn -0.0985088 0.140794 0.985126
v 0.0638883 -0.060882 -0.0447703
vn 0.117652 0.310047 0.943413
v 0.0681622 -0.0521895 -0.045939
vn -0.287787 0.452508 0.844047
v 0.0673979 -0.0511998 -0.0469647
vn 0.0528485 0.832017 0.552227
v 0.067214 -0.0513099 -0.046917
vn -0.394457 0.564605 0.725
v 0.0649793 -0.049853 -0.0526512
vn -0.176045 0.982342 -0.0633422
v 0.0650996 -0.0501801 -0.0542796
vn 0.339832 0.909539 -0.239277
v 0.0648346 -0.0501241 -0.0542424
vn -0.195235 0.953163 -0.231006
v 0.0648001 -0.0499555 -0.0526059
vn -0.66859 0.742745 0.0362809
v 0.0649793 -0.049853 -0.0526512
vn -0.176045 0.982342 -0.0633422
v 0.0648346 -0.0501241 -0.0542424
vn -0.195235 0.953163 -0.231006
v 0.0648346 -0.0501241 -0.0542424
vn -0.195235 0.953163 -0.231006
v 0.0650996 -0.0501801 -0.0542796
vn 0.339832 0.909539 -0.239277
v 0.0651576 -0.0506796 -0.0557847
vn 0.335602 0.88088 -0.333798
v 0.0646573 -0.0502237 -0.0542
vn -0.685573 0.711124 -0.15586
v 0.0648346 -0.0501241 -0.0542424
vn -0.195235 0.953163 -0.231006
v 0.0648957 -0.0506314 -0.0557804
vn -0.196814 0.897867 -0.393826
v 0.0648346 -0.0501241 -0.0542424
vn -0.195235 0.953163 -0.231006
v 0.0651576 -0.0506796 -0.0557847
vn 0.335602 0.88088 -0.333798
v 0.0648957 -0.0506314 -0.0557804
vn -0.196814 0.897867 -0.393826
v 0.0648001 -0.0499555 -0.0526059
vn -0.66859 0.742745 0.0362809
v 0.0648346 -0.0501241 -0.0542424
vn -0.195235 0.953163 -0.231006
v 0.0646573 -0.0502237 -0.0542
vn -0.685573 0.711124 -0.15586
v 0.0616708 -0.0544132 -0.0518074
vn -0.827043 0.557772 0.0699356
v 0.0648001 -0.0499555 -0.0526059
vn -0.66859 0.742745 0.0362809
v 0.0646573 -0.0502237 -0.0542
vn -0.685573 0.711124 -0.15586
v 0.0616708 -0.0544132 -0.0518074
vn -0.827043 0.557772 0.0699356
v 0.0615495 -0.0546387 -0.0531075
vn -0.850959 0.513543 -0.110193
v 0.0585367 -0.0596777 -0.0502446
vn -0.822314 0.564511 -0.0716
v 0.0616708 -0.0544132 -0.0518074
vn -0.827043 0.557772 0.0699356
v 0.0646573 -0.0502237 -0.0542
vn -0.685573 0.711124 -0.15586
v 0.0615495 -0.0546387 -0.0531075
vn -0.850959 0.513543 -0.110193
v 0.0583939 -0.0601841 -0.0511811
vn -0.842621 0.479062 -0.245946
v 0.0577265 -0.0605565 -0.0496457
vn -0.887193 0.461374 -0.00478675
v 0.0585367 -0.0596777 -0.0502446
vn -0.822314 0.564511 -0.0716
v 0.0615495 -0.0546387 -0.0531075
vn -0.850959 0.513543 -0.110193
v 0.0583939 -0.0601841 -0.0511811
vn -0.842621 0.479062 -0.245946
v 0.0585367 -0.0596777 -0.0502446
vn -0.822314 0.564511 -0.0716
v 0.0575837 -0.0610629 -0.0505822
vn -0.912568 0.371434 -0.171044
v 0.057593 -0.0611788 -0.0493255
vn -0.974691 0.0145169 0.223084
v 0.0577265 -0.0605565 -0.0496457
vn -0.887193 0.461374 -0.00478675
v 0.0583939 -0.0601841 -0.0511811
vn -0.842621 0.479062 -0.245946
v 0.0575837 -0.0610629 -0.0505822
vn -0.912568 0.371434 -0.171044
v 0.0577265 -0.0605565 -0.0496457
vn -0.887193 0.461374 -0.00478675
v 0.0575837 -0.0610629 -0.0505822
vn -0.912568 0.371434 -0.171044
v 0.0574587 -0.0616549 -0.0502064
vn -0.993777 -0.053103 0.0979156
v 0.057593 -0.0611788 -0.0493255
vn -0.974691 0.0145169 0.223084
v 0.0574587 -0.0616549 -0.0502064
vn -0.993777 -0.053103 0.0979156
v 0.0579803 -0.0621179 -0.0489812
vn -0.85525 -0.362873 0.36996
v 0.057593 -0.0611788 -0.0493255
vn -0.974691 0.0145169 0.223084
v 0.0574587 -0.0616549 -0.0502064
vn -0.993777 -0.053103 0.0979156
v 0.0578703 -0.0625085 -0.0497034
vn -0.865301 -0.398535 0.304012
v 0.0579803 -0.0621179 -0.0489812
vn -0.85525 -0.362873 0.36996
v 0.0578703 -0.0625085 -0.0497034
vn -0.865301 -0.398535 0.304012
v 0.0588295 -0.0632311 -0.0486651
vn -0.727175 -0.541094 0.422414
v 0.0579803 -0.0621179 -0.0489812
vn -0.85525 -0.362873 0.36996
v 0.0578703 -0.0625085 -0.0497034
vn -0.865301 -0.398535 0.304012
v 0.0587557 -0.0634931 -0.0491495
vn -0.73158 -0.556702 0.393539
v 0.0588295 -0.0632311 -0.0486651
vn -0.727175 -0.541094 0.422414
v 0.0574815 -0.0622381 -0.0510311
vn -0.990524 -0.135987 -0.0192173
v 0.0578703 -0.0625085 -0.0497034
vn -0.865301 -0.398535 0.304012
v 0.0574587 -0.0616549 -0.0502064
vn -0.993777 -0.053103 0.0979156
v 0.0574815 -0.0622381 -0.0510311
vn -0.990524 -0.135987 -0.0192173
v 0.057889 -0.0629863 -0.0503795
vn -0.863582 -0.442176 0.242295
v 0.0578703 -0.0625085 -0.0497034
vn -0.865301 -0.398535 0.304012
v 0.057889 -0.0629863 -0.0503795
vn -0.863582 -0.442176 0.242295
v 0.0587557 -0.0634931 -0.0491495
vn -0.73158 -0.556702 0.393539
v 0.0578703 -0.0625085 -0.0497034
vn -0.865301 -0.398535 0.304012
v 0.057889 -0.0629863 -0.0503795
vn -0.863582 -0.442176 0.242295
v 0.0587683 -0.0638138 -0.0496032
vn -0.730849 -0.575814 0.366467
v 0.0587557 -0.0634931 -0.0491495
vn -0.73158 -0.556702 0.393539
v 0.0587557 -0.0634931 -0.0491495
vn -0.73158 -0.556702 0.393539
v 0.0599803 -0.0644594 -0.0486295
vn -0.637911 -0.634714 0.436129
v 0.0600114 -0.0643488 -0.0484252
vn -0.636868 -0.630983 0.443011
v 0.0587683 -0.0638138 -0.0496032
vn -0.730849 -0.575814 0.366467
v 0.0599803 -0.0644594 -0.0486295
vn -0.637911 -0.634714 0.436129
v 0.0587557 -0.0634931 -0.0491495
vn -0.73158 -0.556702 0.393539
v 0.0587557 -0.0634931 -0.0491495
vn -0.73158 -0.556702 0.393539
v 0.0600114 -0.0643488 -0.0484252
vn -0.636868 -0.630983 0.443011
v 0.0588295 -0.0632311 -0.0486651
vn -0.727175 -0.541094 0.422414
v 0.0580358 -0.0635334 -0.0509837
vn -0.850162 -0.49214 0.187141
v 0.0588668 -0.064181 -0.0500088
vn -0.724926 -0.597793 0.342236
v 0.0587683 -0.0638138 -0.0496032
vn -0.730849 -0.575814 0.366467
v 0.0588668 -0.064181 -0.0500088
vn -0.724926 -0.597793 0.342236
v 0.0599855 -0.0645946 -0.0488208
vn -0.637554 -0.639696 0.429318
v 0.0587683 -0.0638138 -0.0496032
vn -0.730849 -0.575814 0.366467
v 0.0587683 -0.0638138 -0.0496032
vn -0.730849 -0.575814 0.366467
v 0.0599855 -0.0645946 -0.0488208
vn -0.637554 -0.639696 0.429318
v 0.0599803 -0.0644594 -0.0486295
vn -0.637911 -0.634714 0.436129
v 0.0580358 -0.0635334 -0.0509837
vn -0.850162 -0.49214 0.187141
v 0.0587683 -0.0638138 -0.0496032
vn -0.730849 -0.575814 0.366467
v 0.057889 -0.0629863 -0.0503795
vn -0.863582 -0.442176 0.242295
v 0.0613533 -0.0647684 -0.047225
vn -0.591116 -0.645383 0.4838
v 0.061179 -0.0646116 -0.0472307
vn -0.597126 -0.639929 0.483665
v 0.0599855 -0.0645946 -0.0488208
vn -0.637554 -0.639696 0.429318
v 0.061179 -0.0646116 -0.0472307
vn -0.597126 -0.639929 0.483665
v 0.0599803 -0.0644594 -0.0486295
vn -0.637911 -0.634714 0.436129
v 0.0599855 -0.0645946 -0.0488208
vn -0.637554 -0.639696 0.429318
v 0.0588668 -0.064181 -0.0500088
vn -0.724926 -0.597793 0.342236
v 0.0600271 -0.0647494 -0.0489919
vn -0.636302 -0.64474 0.423593
v 0.0599855 -0.0645946 -0.0488208
vn -0.637554 -0.639696 0.429318
v 0.0613533 -0.0647684 -0.047225
vn -0.591116 -0.645383 0.4838
v 0.0599855 -0.0645946 -0.0488208
vn -0.637554 -0.639696 0.429318
v 0.0600271 -0.0647494 -0.0489919
vn -0.636302 -0.64474 0.423593
v 0.0620115 -0.0642258 -0.0458193
vn -0.537186 -0.600458 0.592352
v 0.0613533 -0.0647684 -0.047225
vn -0.591116 -0.645383 0.4838
v 0.0615111 -0.064938 -0.0472603
vn -0.58566 -0.651224 0.482606
v 0.0615111 -0.064938 -0.0472603
vn -0.58566 -0.651224 0.482606
v 0.0613533 -0.0647684 -0.047225
vn -0.591116 -0.645383 0.4838
v 0.0600271 -0.0647494 -0.0489919
vn -0.636302 -0.64474 0.423593
v 0.0615983 -0.0638541 -0.0458329
vn -0.561851 -0.578267 0.59155
v 0.061179 -0.0646116 -0.0472307
vn -0.597126 -0.639929 0.483665
v 0.0613533 -0.0647684 -0.047225
vn -0.591116 -0.645383 0.4838
v 0.0615983 -0.0638541 -0.0458329
vn -0.561851 -0.578267 0.59155
v 0.0613533 -0.0647684 -0.047225
vn -0.591116 -0.645383 0.4838
v 0.0620115 -0.0642258 -0.0458193
vn -0.537186 -0.600458 0.592352
v 0.0614569 -0.0625595 -0.0449248
vn -0.537668 -0.403196 0.740504
v 0.0611625 -0.0635275 -0.045943
vn -0.58791 -0.558768 0.584928
v 0.0615983 -0.0638541 -0.0458329
vn -0.561851 -0.578267 0.59155
v 0.0611625 -0.0635275 -0.045943
vn -0.58791 -0.558768 0.584928
v 0.061179 -0.0646116 -0.0472307
vn -0.597126 -0.639929 0.483665
v 0.0615983 -0.0638541 -0.0458329
vn -0.561851 -0.578267 0.59155
v 0.0621065 -0.0630463 -0.0447607
vn -0.478347 -0.447686 0.755487
v 0.0615983 -0.0638541 -0.0458329
vn -0.561851 -0.578267 0.59155
v 0.0620115 -0.0642258 -0.0458193
vn -0.537186 -0.600458 0.592352
v 0.0614569 -0.0625595 -0.0449248
vn -0.537668 -0.403196 0.740504
v 0.0615983 -0.0638541 -0.0458329
vn -0.561851 -0.578267 0.59155
v 0.0621065 -0.0630463 -0.0447607
vn -0.478347 -0.447686 0.755487
v 0.0621065 -0.0630463 -0.0447607
vn -0.478347 -0.447686 0.755487
v 0.0620115 -0.0642258 -0.0458193
vn -0.537186 -0.600458 0.592352
v 0.0627221 -0.0636002 -0.0447405
vn -0.42225 -0.498215 0.757289
v 0.0627221 -0.0636002 -0.0447405
vn -0.42225 -0.498215 0.757289
v 0.0620115 -0.0642258 -0.0458193
vn -0.537186 -0.600458 0.592352
v 0.0623858 -0.0646278 -0.045903
vn -0.514902 -0.624425 0.587341
v 0.0620115 -0.0642258 -0.0458193
vn -0.537186 -0.600458 0.592352
v 0.0615111 -0.064938 -0.0472603
vn -0.58566 -0.651224 0.482606
v 0.0623858 -0.0646278 -0.045903
vn -0.514902 -0.624425 0.587341
v 0.0623858 -0.0646278 -0.045903
vn -0.514902 -0.624425 0.587341
v 0.0616467 -0.0651139 -0.0473352
vn -0.580995 -0.657293 0.480011
v 0.0627072 -0.065045 -0.0460804
vn -0.495839 -0.649183 0.576806
v 0.0623858 -0.0646278 -0.045903
vn -0.514902 -0.624425 0.587341
v 0.0615111 -0.064938 -0.0472603
vn -0.58566 -0.651224 0.482606
v 0.0616467 -0.0651139 -0.0473352
vn -0.580995 -0.657293 0.480011
v 0.06328 -0.0641993 -0.0448649
vn -0.371203 -0.552958 0.745953
v 0.0623858 -0.0646278 -0.045903
vn -0.514902 -0.624425 0.587341
v 0.0627072 -0.065045 -0.0460804
vn -0.495839 -0.649183 0.576806
v 0.0627221 -0.0636002 -0.0447405
vn -0.42225 -0.498215 0.757289
v 0.0623858 -0.0646278 -0.045903
vn -0.514902 -0.624425 0.587341
v 0.06328 -0.0641993 -0.0448649
vn -0.371203 -0.552958 0.745953
v 0.06328 -0.0641993 -0.0448649
vn -0.371203 -0.552958 0.745953
v 0.0627072 -0.065045 -0.0460804
vn -0.495839 -0.649183 0.576806
v 0.0637588 -0.0648211 -0.0451296
vn -0.327492 -0.609713 0.721803
v 0.0640576 -0.0637177 -0.0443046
vn -0.0561748 -0.346177 0.936486
v 0.06328 -0.0641993 -0.0448649
vn -0.371203 -0.552958 0.745953
v 0.0637588 -0.0648211 -0.0451296
vn -0.327492 -0.609713 0.721803
v 0.0633769 -0.0629867 -0.0441525
vn -0.15288 -0.24233 0.958073
v 0.06328 -0.0641993 -0.0448649
vn -0.371203 -0.552958 0.745953
v 0.0640576 -0.0637177 -0.0443046
vn -0.0561748 -0.346177 0.936486
v 0.0633769 -0.0629867 -0.0441525
vn -0.15288 -0.24233 0.958073
v 0.0627221 -0.0636002 -0.0447405
vn -0.42225 -0.498215 0.757289
v 0.06328 -0.0641993 -0.0448649
vn -0.371203 -0.552958 0.745953
v 0.0637588 -0.0648211 -0.0451296
vn -0.327492 -0.609713 0.721803
v 0.0627072 -0.065045 -0.0460804
vn -0.495839 -0.649183 0.576806
v 0.0629631 -0.0654615 -0.046345
vn -0.480501 -0.674092 0.560998
v 0.0640576 -0.0637177 -0.0443046
vn -0.0561748 -0.346177 0.936486
v 0.0637588 -0.0648211 -0.0451296
vn -0.327492 -0.609713 0.721803
v 0.0646417 -0.0644761 -0.0446272
vn 0.0267615 -0.453864 0.890669
v 0.0646417 -0.0644761 -0.0446272
vn 0.0267615 -0.453864 0.890669
v 0.0637588 -0.0648211 -0.0451296
vn -0.327492 -0.609713 0.721803
v 0.0641403 -0.0654415 -0.0455239
vn -0.292667 -0.666373 0.685779
v 0.0637588 -0.0648211 -0.0451296
vn -0.327492 -0.609713 0.721803
v 0.0629631 -0.0654615 -0.046345
vn -0.480501 -0.674092 0.560998
v 0.0641403 -0.0654415 -0.0455239
vn -0.292667 -0.666373 0.685779
v 0.0629631 -0.0654615 -0.046345
vn -0.480501 -0.674092 0.560998
v 0.0618309 -0.0654579 -0.0475908
vn -0.574871 -0.668875 0.471305
v 0.0631438 -0.0658609 -0.0466867
vn -0.469599 -0.698148 0.540432
v 0.0629631 -0.0654615 -0.046345
vn -0.480501 -0.674092 0.560998
v 0.0617547 -0.0652894 -0.0474467
vn -0.577511 -0.663011 0.476337
v 0.0618309 -0.0654579 -0.0475908
vn -0.574871 -0.668875 0.471305
v 0.0641403 -0.0654415 -0.0455239
vn -0.292667 -0.666373 0.685779
v 0.0629631 -0.0654615 -0.046345
vn -0.480501 -0.674092 0.560998
v 0.0631438 -0.0658609 -0.0466867
vn -0.469599 -0.698148 0.540432
v 0.0627072 -0.065045 -0.0460804
vn -0.495839 -0.649183 0.576806
v 0.0617547 -0.0652894 -0.0474467
vn -0.577511 -0.663011 0.476337
v 0.0629631 -0.0654615 -0.046345
vn -0.480501 -0.674092 0.560998
v 0.0644096 -0.0660368 -0.0460332
vn -0.268085 -0.720788 0.639215
v 0.0631438 -0.0658609 -0.0466867
vn -0.469599 -0.698148 0.540432
v 0.0632424 -0.0662278 -0.0470922
vn -0.463769 -0.719912 0.516377
v 0.0631438 -0.0658609 -0.0466867
vn -0.469599 -0.698148 0.540432
v 0.0618725 -0.0656127 -0.0477619
vn -0.573338 -0.674198 0.465553
v 0.0632424 -0.0662278 -0.0470922
vn -0.463769 -0.719912 0.516377
v 0.0641403 -0.0654415 -0.0455239
vn -0.292667 -0.666373 0.685779
v 0.0631438 -0.0658609 -0.0466867
vn -0.469599 -0.698148 0.540432
v 0.0644096 -0.0660368 -0.0460332
vn -0.268085 -0.720788 0.639215
v 0.0631438 -0.0658609 -0.0466867
vn -0.469599 -0.698148 0.540432
v 0.0618309 -0.0654579 -0.0475908
vn -0.574871 -0.668875 0.471305
v 0.0618725 -0.0656127 -0.0477619
vn -0.573338 -0.674198 0.465553
v 0.0632424 -0.0662278 -0.0470922
vn -0.463769 -0.719912 0.516377
v 0.0618725 -0.0656127 -0.0477619
vn -0.573338 -0.674198 0.465553
v 0.0618777 -0.0657481 -0.0479531
vn -0.573412 -0.678462 0.459225
v 0.0618777 -0.0657481 -0.0479531
vn -0.573412 -0.678462 0.459225
v 0.0618725 -0.0656127 -0.0477619
vn -0.573338 -0.674198 0.465553
v 0.0606789 -0.0655957 -0.0493519
vn -0.613925 -0.673726 0.411326
v 0.0618725 -0.0656127 -0.0477619
vn -0.573338 -0.674198 0.465553
v 0.0605047 -0.0654391 -0.0493577
vn -0.620092 -0.668127 0.411209
v 0.0606789 -0.0655957 -0.0493519
vn -0.613925 -0.673726 0.411326
v 0.0618725 -0.0656127 -0.0477619
vn -0.573338 -0.674198 0.465553
v 0.0618309 -0.0654579 -0.0475908
vn -0.574871 -0.668875 0.471305
v 0.0605047 -0.0654391 -0.0493577
vn -0.620092 -0.668127 0.411209
v 0.0618309 -0.0654579 -0.0475908
vn -0.574871 -0.668875 0.471305
v 0.0603468 -0.0652694 -0.0493224
vn -0.625522 -0.662294 0.412419
v 0.0605047 -0.0654391 -0.0493577
vn -0.620092 -0.668127 0.411209
v 0.0599992 -0.065816 -0.0508764
vn -0.657371 -0.695328 0.290488
v 0.0605047 -0.0654391 -0.0493577
vn -0.620092 -0.668127 0.411209
v 0.0603468 -0.0652694 -0.0493224
vn -0.625522 -0.662294 0.412419
v 0.0604123 -0.0661875 -0.0508628
vn -0.632708 -0.717529 0.291262
v 0.0606789 -0.0655957 -0.0493519
vn -0.613925 -0.673726 0.411326
v 0.0605047 -0.0654391 -0.0493577
vn -0.620092 -0.668127 0.411209
v 0.0604123 -0.0661875 -0.0508628
vn -0.632708 -0.717529 0.291262
v 0.0605047 -0.0654391 -0.0493577
vn -0.620092 -0.668127 0.411209
v 0.0599992 -0.065816 -0.0508764
vn -0.657371 -0.695328 0.290488
v 0.060339 -0.0665237 -0.0522564
vn -0.639801 -0.765266 0.0708688
v 0.0604123 -0.0661875 -0.0508628
vn -0.632708 -0.717529 0.291262
v 0.0599992 -0.065816 -0.0508764
vn -0.657371 -0.695328 0.290488
v 0.0609885 -0.0670108 -0.0520921
vn -0.580521 -0.809707 0.0858471
v 0.0608482 -0.0665144 -0.0507524
vn -0.606767 -0.736969 0.297843
v 0.0604123 -0.0661875 -0.0508628
vn -0.632708 -0.717529 0.291262
v 0.0608482 -0.0665144 -0.0507524
vn -0.606767 -0.736969 0.297843
v 0.0606789 -0.0655957 -0.0493519
vn -0.613925 -0.673726 0.411326
v 0.0604123 -0.0661875 -0.0508628
vn -0.632708 -0.717529 0.291262
v 0.0609885 -0.0670108 -0.0520921
vn -0.580521 -0.809707 0.0858471
v 0.0604123 -0.0661875 -0.0508628
vn -0.632708 -0.717529 0.291262
v 0.060339 -0.0665237 -0.0522564
vn -0.639801 -0.765266 0.0708688
v 0.0612624 -0.0671469 -0.0531202
vn -0.453385 -0.833405 -0.316035
v 0.0609885 -0.0670108 -0.0520921
vn -0.580521 -0.809707 0.0858471
v 0.060339 -0.0665237 -0.0522564
vn -0.639801 -0.765266 0.0708688
v 0.0620657 -0.0676366 -0.0527518
vn -0.339224 -0.902999 -0.263666
v 0.0609885 -0.0670108 -0.0520921
vn -0.580521 -0.809707 0.0858471
v 0.0612624 -0.0671469 -0.0531202
vn -0.453385 -0.833405 -0.316035
v 0.0620657 -0.0676366 -0.0527518
vn -0.339224 -0.902999 -0.263666
v 0.061647 -0.067412 -0.05179
vn -0.520297 -0.846407 0.113519
v 0.0609885 -0.0670108 -0.0520921
vn -0.580521 -0.809707 0.0858471
v 0.061647 -0.067412 -0.05179
vn -0.520297 -0.846407 0.113519
v 0.0608482 -0.0665144 -0.0507524
vn -0.606767 -0.736969 0.297843
v 0.0609885 -0.0670108 -0.0520921
vn -0.580521 -0.809707 0.0858471
v 0.0633151 -0.0678128 -0.0527334
vn 0.104807 -0.826675 -0.552833
v 0.062849 -0.0680031 -0.0522297
vn -0.227923 -0.955058 -0.189513
v 0.0620657 -0.0676366 -0.0527518
vn -0.339224 -0.902999 -0.263666
v 0.062849 -0.0680031 -0.0522297
vn -0.227923 -0.955058 -0.189513
v 0.061647 -0.067412 -0.05179
vn -0.520297 -0.846407 0.113519
v 0.0620657 -0.0676366 -0.0527518
vn -0.339224 -0.902999 -0.263666
v 0.0624822 -0.0674232 -0.0532887
vn -0.0430762 -0.75748 -0.651436
v 0.0620657 -0.0676366 -0.0527518
vn -0.339224 -0.902999 -0.263666
v 0.0612624 -0.0671469 -0.0531202
vn -0.453385 -0.833405 -0.316035
v 0.0633151 -0.0678128 -0.0527334
vn 0.104807 -0.826675 -0.552833
v 0.0620657 -0.0676366 -0.0527518
vn -0.339224 -0.902999 -0.263666
v 0.0624822 -0.0674232 -0.0532887
vn -0.0430762 -0.75748 -0.651436
v 0.062849 -0.0680031 -0.0522297
vn -0.227923 -0.955058 -0.189513
v 0.0622893 -0.0677124 -0.0513621
vn -0.461724 -0.873811 0.15253
v 0.061647 -0.067412 -0.05179
vn -0.520297 -0.846407 0.113519
v 0.0635825 -0.0682324 -0.0515738
vn -0.123637 -0.987627 -0.0964694
v 0.0622893 -0.0677124 -0.0513621
vn -0.461724 -0.873811 0.15253
v 0.062849 -0.0680031 -0.0522297
vn -0.227923 -0.955058 -0.189513
v 0.064095 -0.0680565 -0.0520361
vn 0.243281 -0.869846 -0.429165
v 0.062849 -0.0680031 -0.0522297
vn -0.227923 -0.955058 -0.189513
v 0.0633151 -0.0678128 -0.0527334
vn 0.104807 -0.826675 -0.552833
v 0.064095 -0.0680565 -0.0520361
vn 0.243281 -0.869846 -0.429165
v 0.0635825 -0.0682324 -0.0515738
vn -0.123637 -0.987627 -0.0964694
v 0.062849 -0.0680031 -0.0522297
vn -0.227923 -0.955058 -0.189513
v 0.0647917 -0.0681449 -0.0512231
vn 0.366928 -0.885554 -0.284883
v 0.0635825 -0.0682324 -0.0515738
vn -0.123637 -0.987627 -0.0964694
v 0.064095 -0.0680565 -0.0520361
vn 0.243281 -0.869846 -0.429165
v 0.0647917 -0.0681449 -0.0512231
vn 0.366928 -0.885554 -0.284883
v 0.0642377 -0.0683156 -0.0508092
vn -0.0305187 -0.999459 0.0122243
v 0.0635825 -0.0682324 -0.0515738
vn -0.123637 -0.987627 -0.0964694
v 0.0642377 -0.0683156 -0.0508092
vn -0.0305187 -0.999459 0.0122243
v 0.0628905 -0.0679005 -0.0508242
vn -0.406868 -0.890963 0.201603
v 0.0635825 -0.0682324 -0.0515738
vn -0.123637 -0.987627 -0.0964694
v 0.0635825 -0.0682324 -0.0515738
vn -0.123637 -0.987627 -0.0964694
v 0.0628905 -0.0679005 -0.0508242
vn -0.406868 -0.890963 0.201603
v 0.0622893 -0.0677124 -0.0513621
vn -0.461724 -0.873811 0.15253
v 0.0642377 -0.0683156 -0.0508092
vn -0.0305187 -0.999459 0.0122243
v 0.0634277 -0.0679687 -0.0501974
vn -0.357741 -0.897201 0.258943
v 0.0628905 -0.0679005 -0.0508242
vn -0.406868 -0.890963 0.201603
v 0.0634277 -0.0679687 -0.0501974
vn -0.357741 -0.897201 0.258943
v 0.0621245 -0.0671114 -0.0499017
vn -0.530568 -0.772624 0.348641
v 0.0628905 -0.0679005 -0.0508242
vn -0.406868 -0.890963 0.201603
v 0.0628905 -0.0679005 -0.0508242
vn -0.406868 -0.890963 0.201603
v 0.0617211 -0.0669853 -0.0502627
vn -0.554542 -0.765154 0.327143
v 0.0622893 -0.0677124 -0.0513621
vn -0.461724 -0.873811 0.15253
v 0.0628905 -0.0679005 -0.0508242
vn -0.406868 -0.890963 0.201603
v 0.0621245 -0.0671114 -0.0499017
vn -0.530568 -0.772624 0.348641
v 0.0617211 -0.0669853 -0.0502627
vn -0.554542 -0.765154 0.327143
v 0.0621245 -0.0671114 -0.0499017
vn -0.530568 -0.772624 0.348641
v 0.0612309 -0.0659322 -0.049099
vn -0.595394 -0.684978 0.419895
v 0.0617211 -0.0669853 -0.0502627
vn -0.554542 -0.765154 0.327143
v 0.0622893 -0.0677124 -0.0513621
vn -0.461724 -0.873811 0.15253
v 0.0617211 -0.0669853 -0.0502627
vn -0.554542 -0.765154 0.327143
v 0.0612901 -0.0667838 -0.0505498
vn -0.580237 -0.753133 0.310025
v 0.0617211 -0.0669853 -0.0502627
vn -0.554542 -0.765154 0.327143
v 0.0610491 -0.065847 -0.0492201
vn -0.60124 -0.682378 0.415777
v 0.0612901 -0.0667838 -0.0505498
vn -0.580237 -0.753133 0.310025
v 0.0617211 -0.0669853 -0.0502627
vn -0.554542 -0.765154 0.327143
v 0.0612309 -0.0659322 -0.049099
vn -0.595394 -0.684978 0.419895
v 0.0610491 -0.065847 -0.0492201
vn -0.60124 -0.682378 0.415777
v 0.0617802 -0.06594 -0.048367
vn -0.576591 -0.685237 0.444965
v 0.0618466 -0.0658585 -0.0481575
vn -0.574229 -0.682703 0.45186
v 0.0610491 -0.065847 -0.0492201
vn -0.60124 -0.682378 0.415777
v 0.0618466 -0.0658585 -0.0481575
vn -0.574229 -0.682703 0.45186
v 0.0608628 -0.0657336 -0.0493055
vn -0.607724 -0.678341 0.412948
v 0.0610491 -0.065847 -0.0492201
vn -0.60124 -0.682378 0.415777
v 0.0612901 -0.0667838 -0.0505498
vn -0.580237 -0.753133 0.310025
v 0.0610491 -0.065847 -0.0492201
vn -0.60124 -0.682378 0.415777
v 0.0608628 -0.0657336 -0.0493055
vn -0.607724 -0.678341 0.412948
v 0.0617802 -0.06594 -0.048367
vn -0.576591 -0.685237 0.444965
v 0.0610491 -0.065847 -0.0492201
vn -0.60124 -0.682378 0.415777
v 0.0612309 -0.0659322 -0.049099
vn -0.595394 -0.684978 0.419895
v 0.0630235 -0.0670038 -0.0485273
vn -0.476807 -0.766286 0.430652
v 0.0617802 -0.06594 -0.048367
vn -0.576591 -0.685237 0.444965
v 0.061681 -0.0659894 -0.0485735
vn -0.58029 -0.686509 0.438143
v 0.063181 -0.0668107 -0.0480304
vn -0.467458 -0.754745 0.460263
v 0.0617802 -0.06594 -0.048367
vn -0.576591 -0.685237 0.444965
v 0.0630235 -0.0670038 -0.0485273
vn -0.476807 -0.766286 0.430652
v 0.061681 -0.0659894 -0.0485735
vn -0.58029 -0.686509 0.438143
v 0.0617802 -0.06594 -0.048367
vn -0.576591 -0.685237 0.444965
v 0.0612309 -0.0659322 -0.049099
vn -0.595394 -0.684978 0.419895
v 0.063181 -0.0668107 -0.0480304
vn -0.467458 -0.754745 0.460263
v 0.0618466 -0.0658585 -0.0481575
vn -0.574229 -0.682703 0.45186
v 0.0617802 -0.06594 -0.048367
vn -0.576591 -0.685237 0.444965
v 0.0644651 -0.0674523 -0.0480356
vn -0.26294 -0.850119 0.456246
v 0.063181 -0.0668107 -0.0480304
vn -0.467458 -0.754745 0.460263
v 0.0630235 -0.0670038 -0.0485273
vn -0.476807 -0.766286 0.430652
v 0.0645752 -0.0670618 -0.0473135
vn -0.252899 -0.814353 0.522371
v 0.063181 -0.0668107 -0.0480304
vn -0.467458 -0.754745 0.460263
v 0.0644651 -0.0674523 -0.0480356
vn -0.26294 -0.850119 0.456246
v 0.0645752 -0.0670618 -0.0473135
vn -0.252899 -0.814353 0.522371
v 0.0632549 -0.0665487 -0.0475459
vn -0.463032 -0.738968 0.489416
v 0.063181 -0.0668107 -0.0480304
vn -0.467458 -0.754745 0.460263
v 0.0632549 -0.0665487 -0.0475459
vn -0.463032 -0.738968 0.489416
v 0.0618466 -0.0658585 -0.0481575
vn -0.574229 -0.682703 0.45186
v 0.063181 -0.0668107 -0.0480304
vn -0.467458 -0.754745 0.460263
v 0.0656375 -0.0672094 -0.0472913
vn 0.168303 -0.842255 0.512133
v 0.0645752 -0.0670618 -0.0473135
vn -0.252899 -0.814353 0.522371
v 0.0644651 -0.0674523 -0.0480356
vn -0.26294 -0.850119 0.456246
v 0.0656146 -0.0666262 -0.0464666
vn 0.165021 -0.759453 0.629285
v 0.0645752 -0.0670618 -0.0473135
vn -0.252899 -0.814353 0.522371
v 0.0656375 -0.0672094 -0.0472913
vn 0.168303 -0.842255 0.512133
v 0.0656146 -0.0666262 -0.0464666
vn 0.165021 -0.759453 0.629285
v 0.0645565 -0.0665838 -0.0466373
vn -0.254611 -0.770731 0.584078
v 0.0645752 -0.0670618 -0.0473135
vn -0.252899 -0.814353 0.522371
v 0.0645565 -0.0665838 -0.0466373
vn -0.254611 -0.770731 0.584078
v 0.0632549 -0.0665487 -0.0475459
vn -0.463032 -0.738968 0.489416
v 0.0645752 -0.0670618 -0.0473135
vn -0.252899 -0.814353 0.522371
v 0.0645565 -0.0665838 -0.0466373
vn -0.254611 -0.770731 0.584078
v 0.0632424 -0.0662278 -0.0470922
vn -0.463769 -0.719912 0.516377
v 0.0632549 -0.0665487 -0.0475459
vn -0.463032 -0.738968 0.489416
v 0.0654355 -0.0659591 -0.0457294
vn 0.13961 -0.664684 0.733964
v 0.0645565 -0.0665838 -0.0466373
vn -0.254611 -0.770731 0.584078
v 0.0656146 -0.0666262 -0.0464666
vn 0.165021 -0.759453 0.629285
v 0.0654355 -0.0659591 -0.0457294
vn 0.13961 -0.664684 0.733964
v 0.0644096 -0.0660368 -0.0460332
vn -0.268085 -0.720788 0.639215
v 0.0645565 -0.0665838 -0.0466373
vn -0.254611 -0.770731 0.584078
v 0.0644096 -0.0660368 -0.0460332
vn -0.268085 -0.720788 0.639215
v 0.0632424 -0.0662278 -0.0470922
vn -0.463769 -0.719912 0.516377
v 0.0645565 -0.0665838 -0.0466373
vn -0.254611 -0.770731 0.584078
v 0.0660653 -0.0656394 -0.0458219
vn 0.59292 -0.440845 0.67387
v 0.0654355 -0.0659591 -0.0457294
vn 0.13961 -0.664684 0.733964
v 0.0656146 -0.0666262 -0.0464666
vn 0.165021 -0.759453 0.629285
v 0.0657159 -0.0648674 -0.0451617
vn 0.530971 -0.303734 0.791085
v 0.0654355 -0.0659591 -0.0457294
vn 0.13961 -0.664684 0.733964
v 0.0660653 -0.0656394 -0.0458219
vn 0.59292 -0.440845 0.67387
v 0.0657159 -0.0648674 -0.0451617
vn 0.530971 -0.303734 0.791085
v 0.065107 -0.0652331 -0.0451083
vn 0.0929571 -0.561436 0.822283
v 0.0654355 -0.0659591 -0.0457294
vn 0.13961 -0.664684 0.733964
v 0.065107 -0.0652331 -0.0451083
vn 0.0929571 -0.561436 0.822283
v 0.0644096 -0.0660368 -0.0460332
vn -0.268085 -0.720788 0.639215
v 0.0654355 -0.0659591 -0.0457294
vn 0.13961 -0.664684 0.733964
v 0.0652212 -0.0640627 -0.0446501
vn 0.443124 -0.160949 0.881894
v 0.065107 -0.0652331 -0.0451083
vn 0.0929571 -0.561436 0.822283
v 0.0657159 -0.0648674 -0.0451617
vn 0.530971 -0.303734 0.791085
v 0.065107 -0.0652331 -0.0451083
vn 0.0929571 -0.561436 0.822283
v 0.0641403 -0.0654415 -0.0455239
vn -0.292667 -0.666373 0.685779
v 0.0644096 -0.0660368 -0.0460332
vn -0.268085 -0.720788 0.639215
v 0.0646417 -0.0644761 -0.0446272
vn 0.0267615 -0.453864 0.890669
v 0.0641403 -0.0654415 -0.0455239
vn -0.292667 -0.666373 0.685779
v 0.065107 -0.0652331 -0.0451083
vn 0.0929571 -0.561436 0.822283
v 0.0652212 -0.0640627 -0.0446501
vn 0.443124 -0.160949 0.881894
v 0.0646417 -0.0644761 -0.0446272
vn 0.0267615 -0.453864 0.890669
v 0.065107 -0.0652331 -0.0451083
vn 0.0929571 -0.561436 0.822283
v 0.0660314 -0.0631839 -0.0452488
vn 0.50625 -0.103867 0.856109
v 0.0657159 -0.0648674 -0.0451617
vn 0.530971 -0.303734 0.791085
v 0.0665262 -0.0639886 -0.0457604
vn 0.595727 -0.248819 0.763674
v 0.0665262 -0.0639886 -0.0457604
vn 0.595727 -0.248819 0.763674
v 0.0657159 -0.0648674 -0.0451617
vn 0.530971 -0.303734 0.791085
v 0.0660653 -0.0656394 -0.0458219
vn 0.59292 -0.440845 0.67387
v 0.0660314 -0.0631839 -0.0452488
vn 0.50625 -0.103867 0.856109
v 0.0652212 -0.0640627 -0.0446501
vn 0.443124 -0.160949 0.881894
v 0.0657159 -0.0648674 -0.0451617
vn 0.530971 -0.303734 0.791085
v 0.0691635 -0.0620729 -0.0465625
vn 0.366109 -0.440022 0.819966
v 0.0660314 -0.0631839 -0.0452488
vn 0.50625 -0.103867 0.856109
v 0.0665262 -0.0639886 -0.0457604
vn 0.595727 -0.248819 0.763674
v 0.0696797 -0.06295 -0.0474162
vn 0.433247 -0.574365 0.694552
v 0.0665262 -0.0639886 -0.0457604
vn 0.595727 -0.248819 0.763674
v 0.0668756 -0.0647606 -0.0464208
vn 0.658926 -0.38812 0.644344
v 0.0665262 -0.0639886 -0.0457604
vn 0.595727 -0.248819 0.763674
v 0.0660653 -0.0656394 -0.0458219
vn 0.59292 -0.440845 0.67387
v 0.0668756 -0.0647606 -0.0464208
vn 0.658926 -0.38812 0.644344
v 0.0696797 -0.06295 -0.0474162
vn 0.433247 -0.574365 0.694552
v 0.0691635 -0.0620729 -0.0465625
vn 0.366109 -0.440022 0.819966
v 0.0665262 -0.0639886 -0.0457604
vn 0.595727 -0.248819 0.763674
v 0.0700518 -0.0637013 -0.0484457
vn 0.474198 -0.692145 0.544124
v 0.0696797 -0.06295 -0.0474162
vn 0.433247 -0.574365 0.694552
v 0.0668756 -0.0647606 -0.0464208
vn 0.658926 -0.38812 0.644344
v 0.0696797 -0.06295 -0.0474162
vn 0.433247 -0.574365 0.694552
v 0.073962 -0.0593432 -0.0461838
vn 0.382399 -0.427532 0.819138
v 0.0691635 -0.0620729 -0.0465625
vn 0.366109 -0.440022 0.819966
v 0.0696797 -0.06295 -0.0474162
vn 0.433247 -0.574365 0.694552
v 0.074592 -0.0604175 -0.0472291
vn 0.462087 -0.55325 0.693102
v 0.073962 -0.0593432 -0.0461838
vn 0.382399 -0.427532 0.819138
v 0.0700518 -0.0637013 -0.0484457
vn 0.474198 -0.692145 0.544124
v 0.074592 -0.0604175 -0.0472291
vn 0.462087 -0.55325 0.693102
v 0.0696797 -0.06295 -0.0474162
vn 0.433247 -0.574365 0.694552
v 0.0702655 -0.064298 -0.0496113
vn 0.488139 -0.78809 0.375013
v 0.0700518 -0.0637013 -0.0484457
vn 0.474198 -0.692145 0.544124
v 0.0670659 -0.0654701 -0.0472045
vn 0.693752 -0.516024 0.502421
v 0.0702655 -0.064298 -0.0496113
vn 0.488139 -0.78809 0.375013
v 0.0750451 -0.0613383 -0.0484891
vn 0.523054 -0.658782 0.540759
v 0.0700518 -0.0637013 -0.0484457
vn 0.474198 -0.692145 0.544124
v 0.0700518 -0.0637013 -0.0484457
vn 0.474198 -0.692145 0.544124
v 0.0750451 -0.0613383 -0.0484891
vn 0.523054 -0.658782 0.540759
v 0.074592 -0.0604175 -0.0472291
vn 0.462087 -0.55325 0.693102
v 0.0700518 -0.0637013 -0.0484457
vn 0.474198 -0.692145 0.544124
v 0.0668756 -0.0647606 -0.0464208
vn 0.658926 -0.38812 0.644344
v 0.0670659 -0.0654701 -0.0472045
vn 0.693752 -0.516024 0.502421
v 0.0702655 -0.064298 -0.0496113
vn 0.488139 -0.78809 0.375013
v 0.0670659 -0.0654701 -0.0472045
vn 0.693752 -0.516024 0.502421
v 0.0670903 -0.06609 -0.0480814
vn 0.699332 -0.62716 0.342935
v 0.0670659 -0.0654701 -0.0472045
vn 0.693752 -0.516024 0.502421
v 0.06628 -0.0669688 -0.0474827
vn 0.631043 -0.676806 0.379103
v 0.0670903 -0.06609 -0.0480814
vn 0.699332 -0.62716 0.342935
v 0.0670659 -0.0654701 -0.0472045
vn 0.693752 -0.516024 0.502421
v 0.0662557 -0.0663489 -0.0466058
vn 0.626699 -0.566818 0.534758
v 0.06628 -0.0669688 -0.0474827
vn 0.631043 -0.676806 0.379103
v 0.0668756 -0.0647606 -0.0464208
vn 0.658926 -0.38812 0.644344
v 0.0662557 -0.0663489 -0.0466058
vn 0.626699 -0.566818 0.534758
v 0.0670659 -0.0654701 -0.0472045
vn 0.693752 -0.516024 0.502421
v 0.06628 -0.0669688 -0.0474827
vn 0.631043 -0.676806 0.379103
v 0.0655031 -0.0676855 -0.048172
vn 0.149152 -0.909944 0.386983
v 0.0661372 -0.0674752 -0.0484193
vn 0.605659 -0.766719 0.212885
v 0.06628 -0.0669688 -0.0474827
vn 0.631043 -0.676806 0.379103
v 0.0656375 -0.0672094 -0.0472913
vn 0.168303 -0.842255 0.512133
v 0.0655031 -0.0676855 -0.048172
vn 0.149152 -0.909944 0.386983
v 0.0670903 -0.06609 -0.0480814
vn 0.699332 -0.62716 0.342935
v 0.06628 -0.0669688 -0.0474827
vn 0.631043 -0.676806 0.379103
v 0.0661372 -0.0674752 -0.0484193
vn 0.605659 -0.766719 0.212885
v 0.0662557 -0.0663489 -0.0466058
vn 0.626699 -0.566818 0.534758
v 0.0656375 -0.0672094 -0.0472913
vn 0.168303 -0.842255 0.512133
v 0.06628 -0.0669688 -0.0474827
vn 0.631043 -0.676806 0.379103
v 0.0661372 -0.0674752 -0.0484193
vn 0.605659 -0.766719 0.212885
v 0.0652169 -0.0680369 -0.0490751
vn 0.108562 -0.959848 0.258663
v 0.0658328 -0.0678486 -0.0493794
vn 0.551731 -0.832946 0.0423611
v 0.0661372 -0.0674752 -0.0484193
vn 0.605659 -0.766719 0.212885
v 0.0655031 -0.0676855 -0.048172
vn 0.149152 -0.909944 0.386983
v 0.0652169 -0.0680369 -0.0490751
vn 0.108562 -0.959848 0.258663
v 0.0669474 -0.0665964 -0.0490179
vn 0.675727 -0.71688 0.171688
v 0.0661372 -0.0674752 -0.0484193
vn 0.605659 -0.766719 0.212885
v 0.0658328 -0.0678486 -0.0493794
vn 0.551731 -0.832946 0.0423611
v 0.0670903 -0.06609 -0.0480814
vn 0.699332 -0.62716 0.342935
v 0.0661372 -0.0674752 -0.0484193
vn 0.605659 -0.766719 0.212885
v 0.0669474 -0.0665964 -0.0490179
vn 0.675727 -0.71688 0.171688
v 0.066643 -0.0669698 -0.049978
vn 0.624012 -0.7814 -0.00478393
v 0.0658328 -0.0678486 -0.0493794
vn 0.551731 -0.832946 0.0423611
v 0.0653784 -0.0680748 -0.0503261
vn 0.471039 -0.873119 -0.125639
v 0.0658328 -0.0678486 -0.0493794
vn 0.551731 -0.832946 0.0423611
v 0.0647895 -0.0682496 -0.0499656
vn 0.0478627 -0.990079 0.13211
v 0.0653784 -0.0680748 -0.0503261
vn 0.471039 -0.873119 -0.125639
v 0.0669474 -0.0665964 -0.0490179
vn 0.675727 -0.71688 0.171688
v 0.0658328 -0.0678486 -0.0493794
vn 0.551731 -0.832946 0.0423611
v 0.066643 -0.0669698 -0.049978
vn 0.624012 -0.7814 -0.00478393
v 0.0658328 -0.0678486 -0.0493794
vn 0.551731 -0.832946 0.0423611
v 0.0652169 -0.0680369 -0.0490751
vn 0.108562 -0.959848 0.258663
v 0.0647895 -0.0682496 -0.0499656
vn 0.0478627 -0.990079 0.13211
v 0.0653784 -0.0680748 -0.0503261
vn 0.471039 -0.873119 -0.125639
v 0.0647895 -0.0682496 -0.0499656
vn 0.0478627 -0.990079 0.13211
v 0.0642377 -0.0683156 -0.0508092
vn -0.0305187 -0.999459 0.0122243
v 0.0647895 -0.0682496 -0.0499656
vn 0.0478627 -0.990079 0.13211
v 0.0634277 -0.0679687 -0.0501974
vn -0.357741 -0.897201 0.258943
v 0.0642377 -0.0683156 -0.0508092
vn -0.0305187 -0.999459 0.0122243
v 0.0652169 -0.0680369 -0.0490751
vn 0.108562 -0.959848 0.258663
v 0.0638801 -0.0679146 -0.0495057
vn -0.316394 -0.892253 0.322148
v 0.0647895 -0.0682496 -0.0499656
vn 0.0478627 -0.990079 0.13211
v 0.0647895 -0.0682496 -0.0499656
vn 0.0478627 -0.990079 0.13211
v 0.0638801 -0.0679146 -0.0495057
vn -0.316394 -0.892253 0.322148
v 0.0634277 -0.0679687 -0.0501974
vn -0.357741 -0.897201 0.258943
v 0.0638801 -0.0679146 -0.0495057
vn -0.316394 -0.892253 0.322148
v 0.062485 -0.0671572 -0.0494812
vn -0.509043 -0.775392 0.373688
v 0.0634277 -0.0679687 -0.0501974
vn -0.357741 -0.897201 0.258943
v 0.0652169 -0.0680369 -0.0490751
vn 0.108562 -0.959848 0.258663
v 0.0642304 -0.0677401 -0.0487759
vn -0.284408 -0.876323 0.388805
v 0.0638801 -0.0679146 -0.0495057
vn -0.316394 -0.892253 0.322148
v 0.0642304 -0.0677401 -0.0487759
vn -0.284408 -0.876323 0.388805
v 0.0627885 -0.0671209 -0.049017
vn -0.490879 -0.773233 0.401434
v 0.0638801 -0.0679146 -0.0495057
vn -0.316394 -0.892253 0.322148
v 0.0638801 -0.0679146 -0.0495057
vn -0.316394 -0.892253 0.322148
v 0.0627885 -0.0671209 -0.049017
vn -0.490879 -0.773233 0.401434
v 0.062485 -0.0671572 -0.0494812
vn -0.509043 -0.775392 0.373688
v 0.0627885 -0.0671209 -0.049017
vn -0.490879 -0.773233 0.401434
v 0.061553 -0.0660046 -0.0487693
vn -0.584281 -0.687619 0.431039
v 0.062485 -0.0671572 -0.0494812
vn -0.509043 -0.775392 0.373688
v 0.0642304 -0.0677401 -0.0487759
vn -0.284408 -0.876323 0.388805
v 0.0630235 -0.0670038 -0.0485273
vn -0.476807 -0.766286 0.430652
v 0.0627885 -0.0671209 -0.049017
vn -0.490879 -0.773233 0.401434
v 0.0630235 -0.0670038 -0.0485273
vn -0.476807 -0.766286 0.430652
v 0.061681 -0.0659894 -0.0485735
vn -0.58029 -0.686509 0.438143
v 0.0627885 -0.0671209 -0.049017
vn -0.490879 -0.773233 0.401434
v 0.0627885 -0.0671209 -0.049017
vn -0.490879 -0.773233 0.401434
v 0.061681 -0.0659894 -0.0485735
vn -0.58029 -0.686509 0.438143
v 0.061553 -0.0660046 -0.0487693
vn -0.584281 -0.687619 0.431039
v 0.062485 -0.0671572 -0.0494812
vn -0.509043 -0.775392 0.373688
v 0.061553 -0.0660046 -0.0487693
vn -0.584281 -0.687619 0.431039
v 0.061401 -0.0659853 -0.0489466
vn -0.589762 -0.68659 0.425177
v 0.061401 -0.0659853 -0.0489466
vn -0.589762 -0.68659 0.425177
v 0.061553 -0.0660046 -0.0487693
vn -0.584281 -0.687619 0.431039
v 0.061681 -0.0659894 -0.0485735
vn -0.58029 -0.686509 0.438143
v 0.062485 -0.0671572 -0.0494812
vn -0.509043 -0.775392 0.373688
v 0.061401 -0.0659853 -0.0489466
vn -0.589762 -0.68659 0.425177
v 0.0621245 -0.0671114 -0.0499017
vn -0.530568 -0.772624 0.348641
v 0.061681 -0.0659894 -0.0485735
vn -0.58029 -0.686509 0.438143
v 0.0612309 -0.0659322 -0.049099
vn -0.595394 -0.684978 0.419895
v 0.061401 -0.0659853 -0.0489466
vn -0.589762 -0.68659 0.425177
v 0.0621245 -0.0671114 -0.0499017
vn -0.530568 -0.772624 0.348641
v 0.061401 -0.0659853 -0.0489466
vn -0.589762 -0.68659 0.425177
v 0.0612309 -0.0659322 -0.049099
vn -0.595394 -0.684978 0.419895
v 0.0634277 -0.0679687 -0.0501974
vn -0.357741 -0.897201 0.258943
v 0.062485 -0.0671572 -0.0494812
vn -0.509043 -0.775392 0.373688
v 0.0621245 -0.0671114 -0.0499017
vn -0.530568 -0.772624 0.348641
v 0.0655031 -0.0676855 -0.048172
vn 0.149152 -0.909944 0.386983
v 0.0642304 -0.0677401 -0.0487759
vn -0.284408 -0.876323 0.388805
v 0.0652169 -0.0680369 -0.0490751
vn 0.108562 -0.959848 0.258663
v 0.0655031 -0.0676855 -0.048172
vn 0.149152 -0.909944 0.386983
v 0.0644651 -0.0674523 -0.0480356
vn -0.26294 -0.850119 0.456246
v 0.0642304 -0.0677401 -0.0487759
vn -0.284408 -0.876323 0.388805
v 0.0644651 -0.0674523 -0.0480356
vn -0.26294 -0.850119 0.456246
v 0.0630235 -0.0670038 -0.0485273
vn -0.476807 -0.766286 0.430652
v 0.0642304 -0.0677401 -0.0487759
vn -0.284408 -0.876323 0.388805
v 0.0699067 -0.0649661 -0.0534616
vn 0.376525 -0.910253 -0.172247
v 0.0701916 -0.0649427 -0.0521684
vn 0.437517 -0.89916 0.00951319
v 0.066643 -0.0669698 -0.049978
vn 0.624012 -0.7814 -0.00478393
v 0.0701916 -0.0649427 -0.0521684
vn 0.437517 -0.89916 0.00951319
v 0.0669474 -0.0665964 -0.0490179
vn 0.675727 -0.71688 0.171688
v 0.066643 -0.0669698 -0.049978
vn 0.624012 -0.7814 -0.00478393
v 0.0699067 -0.0649661 -0.0534616
vn 0.376525 -0.910253 -0.172247
v 0.066643 -0.0669698 -0.049978
vn 0.624012 -0.7814 -0.00478393
v 0.0661887 -0.067196 -0.0509248
vn 0.546193 -0.818141 -0.179773
v 0.066643 -0.0669698 -0.049978
vn 0.624012 -0.7814 -0.00478393
v 0.0653784 -0.0680748 -0.0503261
vn 0.471039 -0.873119 -0.125639
v 0.0661887 -0.067196 -0.0509248
vn 0.546193 -0.818141 -0.179773
v 0.069469 -0.0647861 -0.054698
vn 0.295302 -0.89139 -0.343832
v 0.0748665 -0.0628864 -0.054627
vn 0.532 -0.821932 -0.203482
v 0.0699067 -0.0649661 -0.0534616
vn 0.376525 -0.910253 -0.172247
v 0.0699067 -0.0649661 -0.0534616
vn 0.376525 -0.910253 -0.172247
v 0.0748665 -0.0628864 -0.054627
vn 0.532 -0.821932 -0.203482
v 0.0752128 -0.0628589 -0.0530441
vn 0.56684 -0.82375 -0.0113469
v 0.0699067 -0.0649661 -0.0534616
vn 0.376525 -0.910253 -0.172247
v 0.0752128 -0.0628589 -0.0530441
vn 0.56684 -0.82375 -0.0113469
v 0.0701916 -0.0649427 -0.0521684
vn 0.437517 -0.89916 0.00951319
v 0.069469 -0.0647861 -0.054698
vn 0.295302 -0.89139 -0.343832
v 0.0699067 -0.0649661 -0.0534616
vn 0.376525 -0.910253 -0.172247
v 0.0661887 -0.067196 -0.0509248
vn 0.546193 -0.818141 -0.179773
v 0.0748665 -0.0628864 -0.054627
vn 0.532 -0.821932 -0.203482
v 0.0753633 -0.0627006 -0.0530663
vn 0.908772 -0.404309 -0.103286
v 0.0752128 -0.0628589 -0.0530441
vn 0.56684 -0.82375 -0.0113469
v 0.0752128 -0.0628589 -0.0530441
vn 0.56684 -0.82375 -0.0113469
v 0.0753633 -0.0627006 -0.0530663
vn 0.908772 -0.404309 -0.103286
v 0.0755112 -0.0624248 -0.051477
vn 0.917699 -0.390824 0.0713165
v 0.0701916 -0.0649427 -0.0521684
vn 0.437517 -0.89916 0.00951319
v 0.0752128 -0.0628589 -0.0530441
vn 0.56684 -0.82375 -0.0113469
v 0.0753609 -0.0625831 -0.0514534
vn 0.577342 -0.796072 0.18151
v 0.0752128 -0.0628589 -0.0530441
vn 0.56684 -0.82375 -0.0113469
v 0.0755112 -0.0624248 -0.051477
vn 0.917699 -0.390824 0.0713165
v 0.0753609 -0.0625831 -0.0514534
vn 0.577342 -0.796072 0.18151
v 0.0753609 -0.0625831 -0.0514534
vn 0.577342 -0.796072 0.18151
v 0.0755112 -0.0624248 -0.051477
vn 0.917699 -0.390824 0.0713165
v 0.0754545 -0.0619124 -0.0499418
vn 0.903278 -0.353048 0.243814
v 0.0753633 -0.0627006 -0.0530663
vn 0.908772 -0.404309 -0.103286
v 0.075524 -0.0621499 -0.051496
vn 0.988667 0.13733 -0.0606478
v 0.0755112 -0.0624248 -0.051477
vn 0.917699 -0.390824 0.0713165
v 0.0755112 -0.0624248 -0.051477
vn 0.917699 -0.390824 0.0713165
v 0.075524 -0.0621499 -0.051496
vn 0.988667 0.13733 -0.0606478
v 0.0754678 -0.0616483 -0.0499921
vn 0.98718 0.153175 0.0448666
v 0.0755112 -0.0624248 -0.051477
vn 0.917699 -0.390824 0.0713165
v 0.0754678 -0.0616483 -0.0499921
vn 0.98718 0.153175 0.0448666
v 0.0754545 -0.0619124 -0.0499418
vn 0.903278 -0.353048 0.243814
v 0.075524 -0.0621499 -0.051496
vn 0.988667 0.13733 -0.0606478
v 0.0753426 -0.0613171 -0.0500586
vn 0.890926 0.445434 -0.0885369
v 0.0754678 -0.0616483 -0.0499921
vn 0.98718 0.153175 0.0448666
v 0.0754678 -0.0616483 -0.0499921
vn 0.98718 0.153175 0.0448666
v 0.0753426 -0.0613171 -0.0500586
vn 0.890926 0.445434 -0.0885369
v 0.075099 -0.0606362 -0.0487287
vn 0.887069 0.45963 -0.0429833
v 0.0754545 -0.0619124 -0.0499418
vn 0.903278 -0.353048 0.243814
v 0.0754678 -0.0616483 -0.0499921
vn 0.98718 0.153175 0.0448666
v 0.075214 -0.0609375 -0.048604
vn 0.971509 0.184359 0.148938
v 0.0754678 -0.0616483 -0.0499921
vn 0.98718 0.153175 0.0448666
v 0.075099 -0.0606362 -0.0487287
vn 0.887069 0.45963 -0.0429833
v 0.075214 -0.0609375 -0.048604
vn 0.971509 0.184359 0.148938
v 0.0753426 -0.0613171 -0.0500586
vn 0.890926 0.445434 -0.0885369
v 0.0748676 -0.0603262 -0.0488751
vn 0.794877 0.588393 -0.148206
v 0.075099 -0.0606362 -0.0487287
vn 0.887069 0.45963 -0.0429833
v 0.075099 -0.0606362 -0.0487287
vn 0.887069 0.45963 -0.0429833
v 0.0748676 -0.0603262 -0.0488751
vn 0.794877 0.588393 -0.148206
v 0.0744748 -0.0595332 -0.0477884
vn 0.792632 0.593727 -0.138649
v 0.075214 -0.0609375 -0.048604
vn 0.971509 0.184359 0.148938
v 0.075099 -0.0606362 -0.0487287
vn 0.887069 0.45963 -0.0429833
v 0.0746797 -0.0597891 -0.0475683
vn 0.8765 0.481401 -0.000360693
v 0.075099 -0.0606362 -0.0487287
vn 0.887069 0.45963 -0.0429833
v 0.0744748 -0.0595332 -0.0477884
vn 0.792632 0.593727 -0.138649
v 0.0746797 -0.0597891 -0.0475683
vn 0.8765 0.481401 -0.000360693
v 0.0746797 -0.0597891 -0.0475683
vn 0.8765 0.481401 -0.000360693
v 0.0744748 -0.0595332 -0.0477884
vn 0.792632 0.593727 -0.138649
v 0.0739403 -0.0586246 -0.0469039
vn 0.788913 0.600552 -0.130207
v 0.069187 -0.0566245 -0.0601735
vn 0.752143 0.617299 -0.230703
v 0.0744748 -0.0595332 -0.0477884
vn 0.792632 0.593727 -0.138649
v 0.0748676 -0.0603262 -0.0488751
vn 0.794877 0.588393 -0.148206
v 0.069187 -0.0566245 -0.0601735
vn 0.752143 0.617299 -0.230703
v 0.0683468 -0.0555481 -0.0600047
vn 0.74567 0.625228 -0.230358
v 0.0744748 -0.0595332 -0.0477884
vn 0.792632 0.593727 -0.138649
v 0.0683468 -0.0555481 -0.0600047
vn 0.74567 0.625228 -0.230358
v 0.0739403 -0.0586246 -0.0469039
vn 0.788913 0.600552 -0.130207
v 0.0744748 -0.0595332 -0.0477884
vn 0.792632 0.593727 -0.138649
v 0.0682359 -0.0555791 -0.0603695
vn 0.677357 0.620444 -0.395267
v 0.069187 -0.0566245 -0.0601735
vn 0.752143 0.617299 -0.230703
v 0.0691403 -0.0567383 -0.0605512
vn 0.705797 0.586341 -0.397561
v 0.0691403 -0.0567383 -0.0605512
vn 0.705797 0.586341 -0.397561
v 0.069187 -0.0566245 -0.0601735
vn 0.752143 0.617299 -0.230703
v 0.0700855 -0.057696 -0.0600758
vn 0.758824 0.609761 -0.228861
v 0.0700855 -0.057696 -0.0600758
vn 0.758824 0.609761 -0.228861
v 0.069187 -0.0566245 -0.0601735
vn 0.752143 0.617299 -0.230703
v 0.0748676 -0.0603262 -0.0488751
vn 0.794877 0.588393 -0.148206
v 0.0682359 -0.0555791 -0.0603695
vn 0.677357 0.620444 -0.395267
v 0.0683468 -0.0555481 -0.0600047
vn 0.74567 0.625228 -0.230358
v 0.069187 -0.0566245 -0.0601735
vn 0.752143 0.617299 -0.230703
v 0.0680885 -0.0556539 -0.0606456
vn 0.499824 0.560651 -0.660187
v 0.0682359 -0.0555791 -0.0603695
vn 0.677357 0.620444 -0.395267
v 0.0691403 -0.0567383 -0.0605512
vn 0.705797 0.586341 -0.397561
v 0.0672188 -0.0544499 -0.0601614
vn 0.439935 0.639398 -0.630577
v 0.0682359 -0.0555791 -0.0603695
vn 0.677357 0.620444 -0.395267
v 0.0680885 -0.0556539 -0.0606456
vn 0.499824 0.560651 -0.660187
v 0.0674163 -0.0544447 -0.0599132
vn 0.651791 0.654652 -0.382883
v 0.0683468 -0.0555481 -0.0600047
vn 0.74567 0.625228 -0.230358
v 0.0682359 -0.0555791 -0.0603695
vn 0.677357 0.620444 -0.395267
v 0.0672188 -0.0544499 -0.0601614
vn 0.439935 0.639398 -0.630577
v 0.0674163 -0.0544447 -0.0599132
vn 0.651791 0.654652 -0.382883
v 0.0682359 -0.0555791 -0.0603695
vn 0.677357 0.620444 -0.395267
v 0.0680885 -0.0556539 -0.0606456
vn 0.499824 0.560651 -0.660187
v 0.0691403 -0.0567383 -0.0605512
vn 0.705797 0.586341 -0.397561
v 0.0690442 -0.0568806 -0.0608371
vn 0.567335 0.483155 -0.666852
v 0.067027 -0.0545148 -0.0602894
vn 0.000428687 0.469027 -0.883184
v 0.0680885 -0.0556539 -0.0606456
vn 0.499824 0.560651 -0.660187
v 0.0679272 -0.0557619 -0.0607908
vn 0.100769 0.335151 -0.93676
v 0.067027 -0.0545148 -0.0602894
vn 0.000428687 0.469027 -0.883184
v 0.0672188 -0.0544499 -0.0601614
vn 0.439935 0.639398 -0.630577
v 0.0680885 -0.0556539 -0.0606456
vn 0.499824 0.560651 -0.660187
v 0.0679272 -0.0557619 -0.0607908
vn 0.100769 0.335151 -0.93676
v 0.0680885 -0.0556539 -0.0606456
vn 0.499824 0.560651 -0.660187
v 0.0690442 -0.0568806 -0.0608371
vn 0.567335 0.483155 -0.666852
v 0.0677765 -0.0558859 -0.0607829
vn -0.319484 0.021915 -0.947338
v 0.0679272 -0.0557619 -0.0607908
vn 0.100769 0.335151 -0.93676
v 0.0689134 -0.0570296 -0.060988
vn 0.21446 0.203354 -0.955329
v 0.0679272 -0.0557619 -0.0607908
vn 0.100769 0.335151 -0.93676
v 0.0690442 -0.0568806 -0.0608371
vn 0.567335 0.483155 -0.666852
v 0.0689134 -0.0570296 -0.060988
vn 0.21446 0.203354 -0.955329
v 0.0668701 -0.0546292 -0.0602782
vn -0.429403 0.172979 -0.886392
v 0.0679272 -0.0557619 -0.0607908
vn 0.100769 0.335151 -0.93676
v 0.0677765 -0.0558859 -0.0607829
vn -0.319484 0.021915 -0.947338
v 0.0668701 -0.0546292 -0.0602782
vn -0.429403 0.172979 -0.886392
v 0.067027 -0.0545148 -0.0602894
vn 0.000428687 0.469027 -0.883184
v 0.0679272 -0.0557619 -0.0607908
vn 0.100769 0.335151 -0.93676
v 0.0626988 -0.057283 -0.0574136
vn -0.707372 0.120647 -0.696469
v 0.0668701 -0.0546292 -0.0602782
vn -0.429403 0.172979 -0.886392
v 0.0633392 -0.0582522 -0.0580588
vn -0.620319 -0.0138131 -0.784228
v 0.0633392 -0.0582522 -0.0580588
vn -0.620319 -0.0138131 -0.784228
v 0.0668701 -0.0546292 -0.0602782
vn -0.429403 0.172979 -0.886392
v 0.0677765 -0.0558859 -0.0607829
vn -0.319484 0.021915 -0.947338
v 0.0660838 -0.0534419 -0.0594862
vn -0.523334 0.316823 -0.79104
v 0.067027 -0.0545148 -0.0602894
vn 0.000428687 0.469027 -0.883184
v 0.0668701 -0.0546292 -0.0602782
vn -0.429403 0.172979 -0.886392
v 0.0626988 -0.057283 -0.0574136
vn -0.707372 0.120647 -0.696469
v 0.0660838 -0.0534419 -0.0594862
vn -0.523334 0.316823 -0.79104
v 0.0668701 -0.0546292 -0.0602782
vn -0.429403 0.172979 -0.886392
v 0.0654483 -0.0523697 -0.0584376
vn -0.597944 0.44742 -0.66504
v 0.0662467 -0.0533356 -0.0595033
vn -0.0811286 0.598458 -0.797036
v 0.0660838 -0.0534419 -0.0594862
vn -0.523334 0.316823 -0.79104
v 0.0660838 -0.0534419 -0.0594862
vn -0.523334 0.316823 -0.79104
v 0.0662467 -0.0533356 -0.0595033
vn -0.0811286 0.598458 -0.797036
v 0.067027 -0.0545148 -0.0602894
vn 0.000428687 0.469027 -0.883184
v 0.0621826 -0.0564061 -0.0565596
vn -0.776327 0.244678 -0.580904
v 0.0660838 -0.0534419 -0.0594862
vn -0.523334 0.316823 -0.79104
v 0.0626988 -0.057283 -0.0574136
vn -0.707372 0.120647 -0.696469
v 0.0621826 -0.0564061 -0.0565596
vn -0.776327 0.244678 -0.580904
v 0.0654483 -0.0523697 -0.0584376
vn -0.597944 0.44742 -0.66504
v 0.0660838 -0.0534419 -0.0594862
vn -0.523334 0.316823 -0.79104
v 0.0618105 -0.0556546 -0.0555301
vn -0.824517 0.353964 -0.441452
v 0.0654483 -0.0523697 -0.0584376
vn -0.597944 0.44742 -0.66504
v 0.0621826 -0.0564061 -0.0565596
vn -0.776327 0.244678 -0.580904
v 0.0618105 -0.0556546 -0.0555301
vn -0.824517 0.353964 -0.441452
v 0.0621826 -0.0564061 -0.0565596
vn -0.776327 0.244678 -0.580904
v 0.0586088 -0.0615135 -0.0528417
vn -0.79482 0.247787 -0.553952
v 0.0621826 -0.0564061 -0.0565596
vn -0.776327 0.244678 -0.580904
v 0.0626988 -0.057283 -0.0574136
vn -0.707372 0.120647 -0.696469
v 0.058958 -0.0622855 -0.0535021
vn -0.728874 0.110637 -0.67565
v 0.0621826 -0.0564061 -0.0565596
vn -0.776327 0.244678 -0.580904
v 0.058958 -0.0622855 -0.0535021
vn -0.728874 0.110637 -0.67565
v 0.0586088 -0.0615135 -0.0528417
vn -0.79482 0.247787 -0.553952
v 0.0626988 -0.057283 -0.0574136
vn -0.707372 0.120647 -0.696469
v 0.0633392 -0.0582522 -0.0580588
vn -0.620319 -0.0138131 -0.784228
v 0.0594528 -0.0630902 -0.0540137
vn -0.637957 -0.0340517 -0.769319
v 0.0626988 -0.057283 -0.0574136
vn -0.707372 0.120647 -0.696469
v 0.0594528 -0.0630902 -0.0540137
vn -0.637957 -0.0340517 -0.769319
v 0.058958 -0.0622855 -0.0535021
vn -0.728874 0.110637 -0.67565
v 0.0633392 -0.0582522 -0.0580588
vn -0.620319 -0.0138131 -0.784228
v 0.0600738 -0.0638965 -0.0543568
vn -0.525635 -0.18058 -0.831324
v 0.0594528 -0.0630902 -0.0540137
vn -0.637957 -0.0340517 -0.769319
v 0.0633392 -0.0582522 -0.0580588
vn -0.620319 -0.0138131 -0.784228
v 0.0640791 -0.0592762 -0.058471
vn -0.518268 -0.154044 -0.84123
v 0.0600738 -0.0638965 -0.0543568
vn -0.525635 -0.18058 -0.831324
v 0.0633392 -0.0582522 -0.0580588
vn -0.620319 -0.0138131 -0.784228
v 0.0677765 -0.0558859 -0.0607829
vn -0.319484 0.021915 -0.947338
v 0.0640791 -0.0592762 -0.058471
vn -0.518268 -0.154044 -0.84123
v 0.0640791 -0.0592762 -0.058471
vn -0.518268 -0.154044 -0.84123
v 0.0607976 -0.064674 -0.0545185
vn -0.396173 -0.323568 -0.859273
v 0.0600738 -0.0638965 -0.0543568
vn -0.525635 -0.18058 -0.831324
v 0.0640791 -0.0592762 -0.058471
vn -0.518268 -0.154044 -0.84123
v 0.0648904 -0.0603155 -0.0586338
vn -0.404607 -0.295302 -0.8655
v 0.0607976 -0.064674 -0.0545185
vn -0.396173 -0.323568 -0.859273
v 0.0640791 -0.0592762 -0.058471
vn -0.518268 -0.154044 -0.84123
v 0.068768 -0.0571629 -0.0609808
vn -0.197531 -0.130046 -0.971632
v 0.0648904 -0.0603155 -0.0586338
vn -0.404607 -0.295302 -0.8655
v 0.0640791 -0.0592762 -0.058471
vn -0.518268 -0.154044 -0.84123
v 0.0677765 -0.0558859 -0.0607829
vn -0.319484 0.021915 -0.947338
v 0.068768 -0.0571629 -0.0609808
vn -0.197531 -0.130046 -0.971632
v 0.0648904 -0.0603155 -0.0586338
vn -0.404607 -0.295302 -0.8655
v 0.068768 -0.0571629 -0.0609808
vn -0.197531 -0.130046 -0.971632
v 0.0698064 -0.058411 -0.0608645
vn -0.0696056 -0.278081 -0.958032
v 0.0648904 -0.0603155 -0.0586338
vn -0.404607 -0.295302 -0.8655
v 0.0698064 -0.058411 -0.0608645
vn -0.0696056 -0.278081 -0.958032
v 0.0657415 -0.0613304 -0.0585413
vn -0.28327 -0.432448 -0.856007
v 0.0648904 -0.0603155 -0.0586338
vn -0.404607 -0.295302 -0.8655
v 0.0615959 -0.0653921 -0.0544923
vn -0.254474 -0.457319 -0.852116
v 0.0607976 -0.064674 -0.0545185
vn -0.396173 -0.323568 -0.859273
v 0.0648904 -0.0603155 -0.0586338
vn -0.404607 -0.295302 -0.8655
v 0.0657415 -0.0613304 -0.0585413
vn -0.28327 -0.432448 -0.856007
v 0.0615959 -0.0653921 -0.0544923
vn -0.254474 -0.457319 -0.852116
v 0.068768 -0.0571629 -0.0609808
vn -0.197531 -0.130046 -0.971632
v 0.0699484 -0.0582699 -0.0608733
vn 0.333564 0.0772504 -0.939557
v 0.0698064 -0.058411 -0.0608645
vn -0.0696056 -0.278081 -0.958032
v 0.0698064 -0.058411 -0.0608645
vn -0.0696056 -0.278081 -0.958032
v 0.0699484 -0.0582699 -0.0608733
vn 0.333564 0.0772504 -0.939557
v 0.0709926 -0.0594343 -0.0604506
vn 0.451865 -0.0394545 -0.891214
v 0.0657415 -0.0613304 -0.0585413
vn -0.28327 -0.432448 -0.856007
v 0.0698064 -0.058411 -0.0608645
vn -0.0696056 -0.278081 -0.958032
v 0.0708518 -0.0595814 -0.0604387
vn 0.0583728 -0.417197 -0.90694
v 0.0698064 -0.058411 -0.0608645
vn -0.0696056 -0.278081 -0.958032
v 0.0709926 -0.0594343 -0.0604506
vn 0.451865 -0.0394545 -0.891214
v 0.0708518 -0.0595814 -0.0604387
vn 0.0583728 -0.417197 -0.90694
v 0.0708518 -0.0595814 -0.0604387
vn 0.0583728 -0.417197 -0.90694
v 0.0709926 -0.0594343 -0.0604506
vn 0.451865 -0.0394545 -0.891214
v 0.0720055 -0.0604779 -0.0597358
vn 0.563943 -0.144151 -0.813135
v 0.0709926 -0.0594343 -0.0604506
vn 0.451865 -0.0394545 -0.891214
v 0.0720665 -0.0602392 -0.0596166
vn 0.770339 0.288373 -0.568699
v 0.0720055 -0.0604779 -0.0597358
vn 0.563943 -0.144151 -0.813135
v 0.0699484 -0.0582699 -0.0608733
vn 0.333564 0.0772504 -0.939557
v 0.0710721 -0.059219 -0.0603154
vn 0.706217 0.345605 -0.617911
v 0.0709926 -0.0594343 -0.0604506
vn 0.451865 -0.0394545 -0.891214
v 0.0709926 -0.0594343 -0.0604506
vn 0.451865 -0.0394545 -0.891214
v 0.0710721 -0.059219 -0.0603154
vn 0.706217 0.345605 -0.617911
v 0.0720665 -0.0602392 -0.0596166
vn 0.770339 0.288373 -0.568699
v 0.0720055 -0.0604779 -0.0597358
vn 0.563943 -0.144151 -0.813135
v 0.0720665 -0.0602392 -0.0596166
vn 0.770339 0.288373 -0.568699
v 0.072995 -0.0611037 -0.0586555
vn 0.828129 0.239398 -0.506844
v 0.0720665 -0.0602392 -0.0596166
vn 0.770339 0.288373 -0.568699
v 0.0729377 -0.0607854 -0.0584524
vn 0.814758 0.480216 -0.324902
v 0.072995 -0.0611037 -0.0586555
vn 0.828129 0.239398 -0.506844
v 0.0720665 -0.0602392 -0.0596166
vn 0.770339 0.288373 -0.568699
v 0.0720378 -0.0599502 -0.0593813
vn 0.790529 0.501286 -0.351819
v 0.0729377 -0.0607854 -0.0584524
vn 0.814758 0.480216 -0.324902
v 0.0710721 -0.059219 -0.0603154
vn 0.706217 0.345605 -0.617911
v 0.0720378 -0.0599502 -0.0593813
vn 0.790529 0.501286 -0.351819
v 0.0720665 -0.0602392 -0.0596166
vn 0.770339 0.288373 -0.568699
v 0.0720378 -0.0599502 -0.0593813
vn 0.790529 0.501286 -0.351819
v 0.0727852 -0.0604533 -0.0581773
vn 0.776928 0.592228 -0.213656
v 0.0729377 -0.0607854 -0.0584524
vn 0.814758 0.480216 -0.324902
v 0.0720378 -0.0599502 -0.0593813
vn 0.790529 0.501286 -0.351819
v 0.0719237 -0.0596546 -0.0590656
vn 0.771378 0.597154 -0.219963
v 0.0727852 -0.0604533 -0.0581773
vn 0.776928 0.592228 -0.213656
v 0.0710784 -0.0589684 -0.0600536
vn 0.763845 0.52604 -0.37393
v 0.0719237 -0.0596546 -0.0590656
vn 0.771378 0.597154 -0.219963
v 0.0720378 -0.0599502 -0.0593813
vn 0.790529 0.501286 -0.351819
v 0.0710721 -0.059219 -0.0603154
vn 0.706217 0.345605 -0.617911
v 0.0710784 -0.0589684 -0.0600536
vn 0.763845 0.52604 -0.37393
v 0.0720378 -0.0599502 -0.0593813
vn 0.790529 0.501286 -0.351819
v 0.0710784 -0.0589684 -0.0600536
vn 0.763845 0.52604 -0.37393
v 0.0710105 -0.0587209 -0.0597048
vn 0.765255 0.603095 -0.225081
v 0.0719237 -0.0596546 -0.0590656
vn 0.771378 0.597154 -0.219963
v 0.0700996 -0.0578829 -0.0604465
vn 0.735265 0.554653 -0.389547
v 0.0710105 -0.0587209 -0.0597048
vn 0.765255 0.603095 -0.225081
v 0.0710784 -0.0589684 -0.0600536
vn 0.763845 0.52604 -0.37393
v 0.0700514 -0.0580844 -0.0607267
vn 0.637558 0.410873 -0.651693
v 0.0710784 -0.0589684 -0.0600536
vn 0.763845 0.52604 -0.37393
v 0.0710721 -0.059219 -0.0603154
vn 0.706217 0.345605 -0.617911
v 0.0700514 -0.0580844 -0.0607267
vn 0.637558 0.410873 -0.651693
v 0.0700996 -0.0578829 -0.0604465
vn 0.735265 0.554653 -0.389547
v 0.0710784 -0.0589684 -0.0600536
vn 0.763845 0.52604 -0.37393
v 0.0691403 -0.0567383 -0.0605512
vn 0.705797 0.586341 -0.397561
v 0.0700855 -0.057696 -0.0600758
vn 0.758824 0.609761 -0.228861
v 0.0700996 -0.0578829 -0.0604465
vn 0.735265 0.554653 -0.389547
v 0.0700996 -0.0578829 -0.0604465
vn 0.735265 0.554653 -0.389547
v 0.0700855 -0.057696 -0.0600758
vn 0.758824 0.609761 -0.228861
v 0.0710105 -0.0587209 -0.0597048
vn 0.765255 0.603095 -0.225081
v 0.0690442 -0.0568806 -0.0608371
vn 0.567335 0.483155 -0.666852
v 0.0700996 -0.0578829 -0.0604465
vn 0.735265 0.554653 -0.389547
v 0.0700514 -0.0580844 -0.0607267
vn 0.637558 0.410873 -0.651693
v 0.0690442 -0.0568806 -0.0608371
vn 0.567335 0.483155 -0.666852
v 0.0691403 -0.0567383 -0.0605512
vn 0.705797 0.586341 -0.397561
v 0.0700996 -0.0578829 -0.0604465
vn 0.735265 0.554653 -0.389547
v 0.0689134 -0.0570296 -0.060988
vn 0.21446 0.203354 -0.955329
v 0.0700514 -0.0580844 -0.0607267
vn 0.637558 0.410873 -0.651693
v 0.0699484 -0.0582699 -0.0608733
vn 0.333564 0.0772504 -0.939557
v 0.0699484 -0.0582699 -0.0608733
vn 0.333564 0.0772504 -0.939557
v 0.0700514 -0.0580844 -0.0607267
vn 0.637558 0.410873 -0.651693
v 0.0710721 -0.059219 -0.0603154
vn 0.706217 0.345605 -0.617911
v 0.0689134 -0.0570296 -0.060988
vn 0.21446 0.203354 -0.955329
v 0.0690442 -0.0568806 -0.0608371
vn 0.567335 0.483155 -0.666852
v 0.0700514 -0.0580844 -0.0607267
vn 0.637558 0.410873 -0.651693
v 0.0719237 -0.0596546 -0.0590656
vn 0.771378 0.597154 -0.219963
v 0.0710105 -0.0587209 -0.0597048
vn 0.765255 0.603095 -0.225081
v 0.0751496 -0.0614289 -0.0515096
vn 0.794735 0.582874 -0.169277
v 0.0710105 -0.0587209 -0.0597048
vn 0.765255 0.603095 -0.225081
v 0.0750979 -0.0609692 -0.0501311
vn 0.795506 0.584796 -0.158696
v 0.0751496 -0.0614289 -0.0515096
vn 0.794735 0.582874 -0.169277
v 0.0710105 -0.0587209 -0.0597048
vn 0.765255 0.603095 -0.225081
v 0.0700855 -0.057696 -0.0600758
vn 0.758824 0.609761 -0.228861
v 0.0750979 -0.0609692 -0.0501311
vn 0.795506 0.584796 -0.158696
v 0.0753426 -0.0613171 -0.0500586
vn 0.890926 0.445434 -0.0885369
v 0.0750979 -0.0609692 -0.0501311
vn 0.795506 0.584796 -0.158696
v 0.0748676 -0.0603262 -0.0488751
vn 0.794877 0.588393 -0.148206
v 0.0700855 -0.057696 -0.0600758
vn 0.758824 0.609761 -0.228861
v 0.0748676 -0.0603262 -0.0488751
vn 0.794877 0.588393 -0.148206
v 0.0750979 -0.0609692 -0.0501311
vn 0.795506 0.584796 -0.158696
v 0.075397 -0.0618004 -0.0515075
vn 0.88877 0.43823 -0.134317
v 0.0750979 -0.0609692 -0.0501311
vn 0.795506 0.584796 -0.158696
v 0.0753426 -0.0613171 -0.0500586
vn 0.890926 0.445434 -0.0885369
v 0.075397 -0.0618004 -0.0515075
vn 0.88877 0.43823 -0.134317
v 0.0751496 -0.0614289 -0.0515096
vn 0.794735 0.582874 -0.169277
v 0.0750979 -0.0609692 -0.0501311
vn 0.795506 0.584796 -0.158696
v 0.075524 -0.0621499 -0.051496
vn 0.988667 0.13733 -0.0606478
v 0.075397 -0.0618004 -0.0515075
vn 0.88877 0.43823 -0.134317
v 0.0753426 -0.0613171 -0.0500586
vn 0.890926 0.445434 -0.0885369
v 0.0753784 -0.0624207 -0.053057
vn 0.977122 0.135729 -0.163736
v 0.075397 -0.0618004 -0.0515075
vn 0.88877 0.43823 -0.134317
v 0.075524 -0.0621499 -0.051496
vn 0.988667 0.13733 -0.0606478
v 0.0753784 -0.0624207 -0.053057
vn 0.977122 0.135729 -0.163736
v 0.0752562 -0.0620624 -0.0530179
vn 0.881588 0.436975 -0.178483
v 0.075397 -0.0618004 -0.0515075
vn 0.88877 0.43823 -0.134317
v 0.0752562 -0.0620624 -0.0530179
vn 0.881588 0.436975 -0.178483
v 0.0751496 -0.0614289 -0.0515096
vn 0.794735 0.582874 -0.169277
v 0.075397 -0.0618004 -0.0515075
vn 0.88877 0.43823 -0.134317
v 0.0750361 -0.0624484 -0.0546136
vn 0.954086 0.146212 -0.261421
v 0.0752562 -0.0620624 -0.0530179
vn 0.881588 0.436975 -0.178483
v 0.0753784 -0.0624207 -0.053057
vn 0.977122 0.135729 -0.163736
v 0.0749236 -0.0620893 -0.054528
vn 0.870026 0.44114 -0.220114
v 0.0750149 -0.0616797 -0.0529547
vn 0.792818 0.58241 -0.179551
v 0.0752562 -0.0620624 -0.0530179
vn 0.881588 0.436975 -0.178483
v 0.0752562 -0.0620624 -0.0530179
vn 0.881588 0.436975 -0.178483
v 0.0750149 -0.0616797 -0.0529547
vn 0.792818 0.58241 -0.179551
v 0.0751496 -0.0614289 -0.0515096
vn 0.794735 0.582874 -0.169277
v 0.0750361 -0.0624484 -0.0546136
vn 0.954086 0.146212 -0.261421
v 0.0749236 -0.0620893 -0.054528
vn 0.870026 0.44114 -0.220114
v 0.0752562 -0.0620624 -0.0530179
vn 0.881588 0.436975 -0.178483
v 0.0745101 -0.0622309 -0.056104
vn 0.920847 0.167738 -0.352
v 0.0749236 -0.0620893 -0.054528
vn 0.870026 0.44114 -0.220114
v 0.0750361 -0.0624484 -0.0546136
vn 0.954086 0.146212 -0.261421
v 0.0745101 -0.0622309 -0.056104
vn 0.920847 0.167738 -0.352
v 0.0744114 -0.0618786 -0.0559759
vn 0.854727 0.450072 -0.258607
v 0.0749236 -0.0620893 -0.054528
vn 0.870026 0.44114 -0.220114
v 0.0744114 -0.0618786 -0.0559759
vn 0.854727 0.450072 -0.258607
v 0.0746954 -0.0617057 -0.054405
vn 0.789953 0.583251 -0.18919
v 0.0749236 -0.0620893 -0.054528
vn 0.870026 0.44114 -0.220114
v 0.0749236 -0.0620893 -0.054528
vn 0.870026 0.44114 -0.220114
v 0.0746954 -0.0617057 -0.054405
vn 0.789953 0.583251 -0.18919
v 0.0750149 -0.0616797 -0.0529547
vn 0.792818 0.58241 -0.179551
v 0.0737852 -0.0620447 -0.0575493
vn 0.753815 -0.306786 -0.581072
v 0.0745101 -0.0622309 -0.056104
vn 0.920847 0.167738 -0.352
v 0.0744833 -0.062507 -0.0561621
vn 0.825036 -0.361073 -0.434674
v 0.0744833 -0.062507 -0.0561621
vn 0.825036 -0.361073 -0.434674
v 0.0745101 -0.0622309 -0.056104
vn 0.920847 0.167738 -0.352
v 0.0750361 -0.0624484 -0.0546136
vn 0.954086 0.146212 -0.261421
v 0.0737852 -0.0620447 -0.0575493
vn 0.753815 -0.306786 -0.581072
v 0.0738205 -0.0617765 -0.0574694
vn 0.878541 0.199162 -0.434165
v 0.0745101 -0.0622309 -0.056104
vn 0.920847 0.167738 -0.352
v 0.0738205 -0.0617765 -0.0574694
vn 0.878541 0.199162 -0.434165
v 0.0744114 -0.0618786 -0.0559759
vn 0.854727 0.450072 -0.258607
v 0.0745101 -0.0622309 -0.056104
vn 0.920847 0.167738 -0.352
v 0.0729486 -0.0613593 -0.0587559
vn 0.66596 -0.233595 -0.70847
v 0.0738205 -0.0617765 -0.0574694
vn 0.878541 0.199162 -0.434165
v 0.0737852 -0.0620447 -0.0575493
vn 0.753815 -0.306786 -0.581072
v 0.0738205 -0.0617765 -0.0574694
vn 0.878541 0.199162 -0.434165
v 0.0737402 -0.0614377 -0.057302
vn 0.836265 0.463063 -0.293655
v 0.0744114 -0.0618786 -0.0559759
vn 0.854727 0.450072 -0.258607
v 0.0729486 -0.0613593 -0.0587559
vn 0.66596 -0.233595 -0.70847
v 0.072995 -0.0611037 -0.0586555
vn 0.828129 0.239398 -0.506844
v 0.0738205 -0.0617765 -0.0574694
vn 0.878541 0.199162 -0.434165
v 0.072995 -0.0611037 -0.0586555
vn 0.828129 0.239398 -0.506844
v 0.0737402 -0.0614377 -0.057302
vn 0.836265 0.463063 -0.293655
v 0.0738205 -0.0617765 -0.0574694
vn 0.878541 0.199162 -0.434165
v 0.0737402 -0.0614377 -0.057302
vn 0.836265 0.463063 -0.293655
v 0.0742025 -0.0615031 -0.0557976
vn 0.78645 0.584962 -0.198284
v 0.0744114 -0.0618786 -0.0559759
vn 0.854727 0.450072 -0.258607
v 0.072995 -0.0611037 -0.0586555
vn 0.828129 0.239398 -0.506844
v 0.0729377 -0.0607854 -0.0584524
vn 0.814758 0.480216 -0.324902
v 0.0737402 -0.0614377 -0.057302
vn 0.836265 0.463063 -0.293655
v 0.0737402 -0.0614377 -0.057302
vn 0.836265 0.463063 -0.293655
v 0.0735564 -0.0610791 -0.0570729
vn 0.781951 0.588184 -0.206379
v 0.0742025 -0.0615031 -0.0557976
vn 0.78645 0.584962 -0.198284
v 0.0729377 -0.0607854 -0.0584524
vn 0.814758 0.480216 -0.324902
v 0.0735564 -0.0610791 -0.0570729
vn 0.781951 0.588184 -0.206379
v 0.0737402 -0.0614377 -0.057302
vn 0.836265 0.463063 -0.293655
v 0.0746954 -0.0617057 -0.054405
vn 0.789953 0.583251 -0.18919
v 0.0742025 -0.0615031 -0.0557976
vn 0.78645 0.584962 -0.198284
v 0.0735564 -0.0610791 -0.0570729
vn 0.781951 0.588184 -0.206379
v 0.0729377 -0.0607854 -0.0584524
vn 0.814758 0.480216 -0.324902
v 0.0727852 -0.0604533 -0.0581773
vn 0.776928 0.592228 -0.213656
v 0.0735564 -0.0610791 -0.0570729
vn 0.781951 0.588184 -0.206379
v 0.0735564 -0.0610791 -0.0570729
vn 0.781951 0.588184 -0.206379
v 0.0750149 -0.0616797 -0.0529547
vn 0.792818 0.58241 -0.179551
v 0.0746954 -0.0617057 -0.054405
vn 0.789953 0.583251 -0.18919
v 0.0735564 -0.0610791 -0.0570729
vn 0.781951 0.588184 -0.206379
v 0.0727852 -0.0604533 -0.0581773
vn 0.776928 0.592228 -0.213656
v 0.0750149 -0.0616797 -0.0529547
vn 0.792818 0.58241 -0.179551
v 0.0744114 -0.0618786 -0.0559759
vn 0.854727 0.450072 -0.258607
v 0.0742025 -0.0615031 -0.0557976
vn 0.78645 0.584962 -0.198284
v 0.0746954 -0.0617057 -0.054405
vn 0.789953 0.583251 -0.18919
v 0.0728053 -0.0615138 -0.058738
vn 0.294776 -0.648553 -0.701774
v 0.0729486 -0.0613593 -0.0587559
vn 0.66596 -0.233595 -0.70847
v 0.0737852 -0.0620447 -0.0575493
vn 0.753815 -0.306786 -0.581072
v 0.0718642 -0.0606293 -0.0597205
vn 0.181466 -0.542253 -0.820385
v 0.0729486 -0.0613593 -0.0587559
vn 0.66596 -0.233595 -0.70847
v 0.0728053 -0.0615138 -0.058738
vn 0.294776 -0.648553 -0.701774
v 0.0720055 -0.0604779 -0.0597358
vn 0.563943 -0.144151 -0.813135
v 0.072995 -0.0611037 -0.0586555
vn 0.828129 0.239398 -0.506844
v 0.0729486 -0.0613593 -0.0587559
vn 0.66596 -0.233595 -0.70847
v 0.0718642 -0.0606293 -0.0597205
vn 0.181466 -0.542253 -0.820385
v 0.0720055 -0.0604779 -0.0597358
vn 0.563943 -0.144151 -0.813135
v 0.0729486 -0.0613593 -0.0587559
vn 0.66596 -0.233595 -0.70847
v 0.0736395 -0.0622009 -0.0575295
vn 0.393155 -0.732777 -0.555398
v 0.0737852 -0.0620447 -0.0575493
vn 0.753815 -0.306786 -0.581072
v 0.0744833 -0.062507 -0.0561621
vn 0.825036 -0.361073 -0.434674
v 0.0728053 -0.0615138 -0.058738
vn 0.294776 -0.648553 -0.701774
v 0.0737852 -0.0620447 -0.0575493
vn 0.753815 -0.306786 -0.581072
v 0.0736395 -0.0622009 -0.0575295
vn 0.393155 -0.732777 -0.555398
v 0.0744833 -0.062507 -0.0561621
vn 0.825036 -0.361073 -0.434674
v 0.0750361 -0.0624484 -0.0546136
vn 0.954086 0.146212 -0.261421
v 0.0750161 -0.0627283 -0.0546484
vn 0.877497 -0.393691 -0.273872
v 0.0750161 -0.0627283 -0.0546484
vn 0.877497 -0.393691 -0.273872
v 0.0750361 -0.0624484 -0.0546136
vn 0.954086 0.146212 -0.261421
v 0.0753784 -0.0624207 -0.053057
vn 0.977122 0.135729 -0.163736
v 0.0727852 -0.0604533 -0.0581773
vn 0.776928 0.592228 -0.213656
v 0.0751496 -0.0614289 -0.0515096
vn 0.794735 0.582874 -0.169277
v 0.0750149 -0.0616797 -0.0529547
vn 0.792818 0.58241 -0.179551
v 0.0753633 -0.0627006 -0.0530663
vn 0.908772 -0.404309 -0.103286
v 0.0753784 -0.0624207 -0.053057
vn 0.977122 0.135729 -0.163736
v 0.075524 -0.0621499 -0.051496
vn 0.988667 0.13733 -0.0606478
v 0.0750161 -0.0627283 -0.0546484
vn 0.877497 -0.393691 -0.273872
v 0.0753784 -0.0624207 -0.053057
vn 0.977122 0.135729 -0.163736
v 0.0753633 -0.0627006 -0.0530663
vn 0.908772 -0.404309 -0.103286
v 0.0727852 -0.0604533 -0.0581773
vn 0.776928 0.592228 -0.213656
v 0.0719237 -0.0596546 -0.0590656
vn 0.771378 0.597154 -0.219963
v 0.0751496 -0.0614289 -0.0515096
vn 0.794735 0.582874 -0.169277
v 0.0708518 -0.0595814 -0.0604387
vn 0.0583728 -0.417197 -0.90694
v 0.0720055 -0.0604779 -0.0597358
vn 0.563943 -0.144151 -0.813135
v 0.0718642 -0.0606293 -0.0597205
vn 0.181466 -0.542253 -0.820385
v 0.068768 -0.0571629 -0.0609808
vn -0.197531 -0.130046 -0.971632
v 0.0689134 -0.0570296 -0.060988
vn 0.21446 0.203354 -0.955329
v 0.0699484 -0.0582699 -0.0608733
vn 0.333564 0.0772504 -0.939557
v 0.0677765 -0.0558859 -0.0607829
vn -0.319484 0.021915 -0.947338
v 0.0689134 -0.0570296 -0.060988
vn 0.21446 0.203354 -0.955329
v 0.068768 -0.0571629 -0.0609808
vn -0.197531 -0.130046 -0.971632
v 0.0607976 -0.064674 -0.0545185
vn -0.396173 -0.323568 -0.859273
v 0.0599873 -0.0655528 -0.0539196
vn -0.485911 -0.425531 -0.763422
v 0.0592636 -0.0647756 -0.0537582
vn -0.614394 -0.287556 -0.734732
v 0.0615959 -0.0653921 -0.0544923
vn -0.254474 -0.457319 -0.852116
v 0.0599873 -0.0655528 -0.0539196
vn -0.485911 -0.425531 -0.763422
v 0.0607976 -0.064674 -0.0545185
vn -0.396173 -0.323568 -0.859273
v 0.0607976 -0.064674 -0.0545185
vn -0.396173 -0.323568 -0.859273
v 0.0592636 -0.0647756 -0.0537582
vn -0.614394 -0.287556 -0.734732
v 0.0600738 -0.0638965 -0.0543568
vn -0.525635 -0.18058 -0.831324
v 0.0600738 -0.0638965 -0.0543568
vn -0.525635 -0.18058 -0.831324
v 0.0592636 -0.0647756 -0.0537582
vn -0.614394 -0.287556 -0.734732
v 0.0586425 -0.063969 -0.0534148
vn -0.724628 -0.144289 -0.673866
v 0.0600738 -0.0638965 -0.0543568
vn -0.525635 -0.18058 -0.831324
v 0.0586425 -0.063969 -0.0534148
vn -0.724628 -0.144289 -0.673866
v 0.0594528 -0.0630902 -0.0540137
vn -0.637957 -0.0340517 -0.769319
v 0.0662467 -0.0533356 -0.0595033
vn -0.0811286 0.598458 -0.797036
v 0.0672188 -0.0544499 -0.0601614
vn 0.439935 0.639398 -0.630577
v 0.067027 -0.0545148 -0.0602894
vn 0.000428687 0.469027 -0.883184
v 0.0746797 -0.0597891 -0.0475683
vn 0.8765 0.481401 -0.000360693
v 0.0739403 -0.0586246 -0.0469039
vn 0.788913 0.600552 -0.130207
v 0.0741043 -0.0588111 -0.0466161
vn 0.859066 0.510615 0.0357381
v 0.0741043 -0.0588111 -0.0466161
vn 0.859066 0.510615 0.0357381
v 0.0739403 -0.0586246 -0.0469039
vn 0.788913 0.600552 -0.130207
v 0.0732847 -0.0576328 -0.0462434
vn 0.783592 0.608707 -0.124335
v 0.0683468 -0.0555481 -0.0600047
vn 0.74567 0.625228 -0.230358
v 0.0675894 -0.0545 -0.059583
vn 0.739915 0.63311 -0.227368
v 0.0739403 -0.0586246 -0.0469039
vn 0.788913 0.600552 -0.130207
v 0.0675894 -0.0545 -0.059583
vn 0.739915 0.63311 -0.227368
v 0.0732847 -0.0576328 -0.0462434
vn 0.783592 0.608707 -0.124335
v 0.0739403 -0.0586246 -0.0469039
vn 0.788913 0.600552 -0.130207
v 0.0741043 -0.0588111 -0.0466161
vn 0.859066 0.510615 0.0357381
v 0.0732847 -0.0576328 -0.0462434
vn 0.783592 0.608707 -0.124335
v 0.073395 -0.0577377 -0.0459013
vn 0.835538 0.545956 0.0617136
v 0.073395 -0.0577377 -0.0459013
vn 0.835538 0.545956 0.0617136
v 0.0732847 -0.0576328 -0.0462434
vn 0.783592 0.608707 -0.124335
v 0.0725273 -0.0565847 -0.0458217
vn 0.777169 0.617498 -0.121261
v 0.0675894 -0.0545 -0.059583
vn 0.739915 0.63311 -0.227368
v 0.0725273 -0.0565847 -0.0458217
vn 0.777169 0.617498 -0.121261
v 0.0732847 -0.0576328 -0.0462434
vn 0.783592 0.608707 -0.124335
v 0.073395 -0.0577377 -0.0459013
vn 0.835538 0.545956 0.0617136
v 0.0725273 -0.0565847 -0.0458217
vn 0.777169 0.617498 -0.121261
v 0.0725754 -0.0566038 -0.045445
vn 0.807656 0.584867 0.0749852
v 0.0675894 -0.0545 -0.059583
vn 0.739915 0.63311 -0.227368
v 0.066934 -0.0535079 -0.0589223
vn 0.735061 0.640513 -0.222324
v 0.0725273 -0.0565847 -0.0458217
vn 0.777169 0.617498 -0.121261
v 0.066934 -0.0535079 -0.0589223
vn 0.735061 0.640513 -0.222324
v 0.0716871 -0.055508 -0.0456529
vn 0.770047 0.626387 -0.121109
v 0.0725273 -0.0565847 -0.0458217
vn 0.777169 0.617498 -0.121261
v 0.0725754 -0.0566038 -0.045445
vn 0.807656 0.584867 0.0749852
v 0.0725273 -0.0565847 -0.0458217
vn 0.777169 0.617498 -0.121261
v 0.0716871 -0.055508 -0.0456529
vn 0.770047 0.626387 -0.121109
v 0.066934 -0.0535079 -0.0589223
vn 0.735061 0.640513 -0.222324
v 0.0663993 -0.0525996 -0.058038
vn 0.731596 0.64693 -0.215056
v 0.0716871 -0.055508 -0.0456529
vn 0.770047 0.626387 -0.121109
v 0.0663993 -0.0525996 -0.058038
vn 0.731596 0.64693 -0.215056
v 0.0707886 -0.0544368 -0.0457504
vn 0.762771 0.634738 -0.123644
v 0.0716871 -0.055508 -0.0456529
vn 0.770047 0.626387 -0.121109
v 0.0725754 -0.0566038 -0.045445
vn 0.807656 0.584867 0.0749852
v 0.0716871 -0.055508 -0.0456529
vn 0.770047 0.626387 -0.121109
v 0.0716709 -0.0554448 -0.0452633
vn 0.777528 0.62431 0.0754173
v 0.0716709 -0.0554448 -0.0452633
vn 0.777528 0.62431 0.0754173
v 0.0716871 -0.055508 -0.0456529
vn 0.770047 0.626387 -0.121109
v 0.0707886 -0.0544368 -0.0457504
vn 0.762771 0.634738 -0.123644
v 0.072544 -0.056671 -0.0451358
vn 0.77924 0.468324 0.416482
v 0.0725754 -0.0566038 -0.045445
vn 0.807656 0.584867 0.0749852
v 0.0716709 -0.0554448 -0.0452633
vn 0.777528 0.62431 0.0754173
v 0.072544 -0.056671 -0.0451358
vn 0.77924 0.468324 0.416482
v 0.0716709 -0.0554448 -0.0452633
vn 0.777528 0.62431 0.0754173
v 0.0715874 -0.0554463 -0.0449438
vn 0.713932 0.560928 0.419119
v 0.0715874 -0.0554463 -0.0449438
vn 0.713932 0.560928 0.419119
v 0.0716709 -0.0554448 -0.0452633
vn 0.777528 0.62431 0.0754173
v 0.0707111 -0.0543009 -0.0453677
vn 0.747397 0.661296 0.0639184
v 0.0716709 -0.0554448 -0.0452633
vn 0.777528 0.62431 0.0754173
v 0.0707886 -0.0544368 -0.0457504
vn 0.762771 0.634738 -0.123644
v 0.0707111 -0.0543009 -0.0453677
vn 0.747397 0.661296 0.0639184
v 0.0724375 -0.0567764 -0.0449407
vn 0.541166 0.17919 0.821602
v 0.0715874 -0.0554463 -0.0449438
vn 0.713932 0.560928 0.419119
v 0.0714495 -0.0555123 -0.0447426
vn 0.438444 0.32827 0.836663
v 0.0724375 -0.0567764 -0.0449407
vn 0.541166 0.17919 0.821602
v 0.072544 -0.056671 -0.0451358
vn 0.77924 0.468324 0.416482
v 0.0715874 -0.0554463 -0.0449438
vn 0.713932 0.560928 0.419119
v 0.0714495 -0.0555123 -0.0447426
vn 0.438444 0.32827 0.836663
v 0.0715874 -0.0554463 -0.0449438
vn 0.713932 0.560928 0.419119
v 0.0705787 -0.0542449 -0.0450533
vn 0.649477 0.6494 0.395549
v 0.0715874 -0.0554463 -0.0449438
vn 0.713932 0.560928 0.419119
v 0.0707111 -0.0543009 -0.0453677
vn 0.747397 0.661296 0.0639184
v 0.0705787 -0.0542449 -0.0450533
vn 0.649477 0.6494 0.395549
v 0.0722724 -0.056904 -0.0448897
vn 0.179465 -0.135002 0.974457
v 0.0724375 -0.0567764 -0.0449407
vn 0.541166 0.17919 0.821602
v 0.0714495 -0.0555123 -0.0447426
vn 0.438444 0.32827 0.836663
v 0.0731787 -0.0581569 -0.045394
vn 0.286539 -0.286578 0.914204
v 0.0724375 -0.0567764 -0.0449407
vn 0.541166 0.17919 0.821602
v 0.0722724 -0.056904 -0.0448897
vn 0.179465 -0.135002 0.974457
v 0.0731787 -0.0581569 -0.045394
vn 0.286539 -0.286578 0.914204
v 0.0733377 -0.0580214 -0.0454416
vn 0.639886 0.0358581 0.767633
v 0.0724375 -0.0567764 -0.0449407
vn 0.541166 0.17919 0.821602
v 0.0733377 -0.0580214 -0.0454416
vn 0.639886 0.0358581 0.767633
v 0.072544 -0.056671 -0.0451358
vn 0.77924 0.468324 0.416482
v 0.0724375 -0.0567764 -0.0449407
vn 0.541166 0.17919 0.821602
v 0.073962 -0.0593432 -0.0461838
vn 0.382399 -0.427532 0.819138
v 0.0733377 -0.0580214 -0.0454416
vn 0.639886 0.0358581 0.767633
v 0.0731787 -0.0581569 -0.045394
vn 0.286539 -0.286578 0.914204
v 0.073962 -0.0593432 -0.0461838
vn 0.382399 -0.427532 0.819138
v 0.074116 -0.0591999 -0.0462265
vn 0.730169 -0.0937312 0.676807
v 0.0733377 -0.0580214 -0.0454416
vn 0.639886 0.0358581 0.767633
v 0.0733377 -0.0580214 -0.0454416
vn 0.639886 0.0358581 0.767633
v 0.0734136 -0.0578741 -0.04562
vn 0.841654 0.378552 0.38512
v 0.072544 -0.056671 -0.0451358
vn 0.77924 0.468324 0.416482
v 0.074116 -0.0591999 -0.0462265
vn 0.730169 -0.0937312 0.676807
v 0.0734136 -0.0578741 -0.04562
vn 0.841654 0.378552 0.38512
v 0.0733377 -0.0580214 -0.0454416
vn 0.639886 0.0358581 0.767633
v 0.074592 -0.0604175 -0.0472291
vn 0.462087 -0.55325 0.693102
v 0.074116 -0.0591999 -0.0462265
vn 0.730169 -0.0937312 0.676807
v 0.073962 -0.0593432 -0.0461838
vn 0.382399 -0.427532 0.819138
v 0.074592 -0.0604175 -0.0472291
vn 0.462087 -0.55325 0.693102
v 0.0747431 -0.0602678 -0.0472655
vn 0.806971 -0.203701 0.55435
v 0.074116 -0.0591999 -0.0462265
vn 0.730169 -0.0937312 0.676807
v 0.0747431 -0.0602678 -0.0472655
vn 0.806971 -0.203701 0.55435
v 0.074166 -0.059013 -0.0463782
vn 0.8969 0.29817 0.326596
v 0.074116 -0.0591999 -0.0462265
vn 0.730169 -0.0937312 0.676807
v 0.074116 -0.0591999 -0.0462265
vn 0.730169 -0.0937312 0.676807
v 0.074166 -0.059013 -0.0463782
vn 0.8969 0.29817 0.326596
v 0.0734136 -0.0578741 -0.04562
vn 0.841654 0.378552 0.38512
v 0.0747739 -0.0600473 -0.0473848
vn 0.941118 0.232853 0.245104
v 0.0741043 -0.0588111 -0.0466161
vn 0.859066 0.510615 0.0357381
v 0.074166 -0.059013 -0.0463782
vn 0.8969 0.29817 0.326596
v 0.074166 -0.059013 -0.0463782
vn 0.8969 0.29817 0.326596
v 0.0741043 -0.0588111 -0.0466161
vn 0.859066 0.510615 0.0357381
v 0.073395 -0.0577377 -0.0459013
vn 0.835538 0.545956 0.0617136
v 0.074166 -0.059013 -0.0463782
vn 0.8969 0.29817 0.326596
v 0.073395 -0.0577377 -0.0459013
vn 0.835538 0.545956 0.0617136
v 0.0734136 -0.0578741 -0.04562
vn 0.841654 0.378552 0.38512
v 0.0747431 -0.0602678 -0.0472655
vn 0.806971 -0.203701 0.55435
v 0.0747739 -0.0600473 -0.0473848
vn 0.941118 0.232853 0.245104
v 0.074166 -0.059013 -0.0463782
vn 0.8969 0.29817 0.326596
v 0.0751951 -0.0611841 -0.0485199
vn 0.865631 -0.290883 0.407517
v 0.0747739 -0.0600473 -0.0473848
vn 0.941118 0.232853 0.245104
v 0.0747431 -0.0602678 -0.0472655
vn 0.806971 -0.203701 0.55435
v 0.0751951 -0.0611841 -0.0485199
vn 0.865631 -0.290883 0.407517
v 0.075214 -0.0609375 -0.048604
vn 0.971509 0.184359 0.148938
v 0.0747739 -0.0600473 -0.0473848
vn 0.941118 0.232853 0.245104
v 0.075214 -0.0609375 -0.048604
vn 0.971509 0.184359 0.148938
v 0.0746797 -0.0597891 -0.0475683
vn 0.8765 0.481401 -0.000360693
v 0.0747739 -0.0600473 -0.0473848
vn 0.941118 0.232853 0.245104
v 0.0747739 -0.0600473 -0.0473848
vn 0.941118 0.232853 0.245104
v 0.0746797 -0.0597891 -0.0475683
vn 0.8765 0.481401 -0.000360693
v 0.0741043 -0.0588111 -0.0466161
vn 0.859066 0.510615 0.0357381
v 0.0753045 -0.0620695 -0.0499156
vn 0.562261 -0.740589 0.367954
v 0.0751951 -0.0611841 -0.0485199
vn 0.865631 -0.290883 0.407517
v 0.0750451 -0.0613383 -0.0484891
vn 0.523054 -0.658782 0.540759
v 0.0750451 -0.0613383 -0.0484891
vn 0.523054 -0.658782 0.540759
v 0.0751951 -0.0611841 -0.0485199
vn 0.865631 -0.290883 0.407517
v 0.0747431 -0.0602678 -0.0472655
vn 0.806971 -0.203701 0.55435
v 0.0754545 -0.0619124 -0.0499418
vn 0.903278 -0.353048 0.243814
v 0.075214 -0.0609375 -0.048604
vn 0.971509 0.184359 0.148938
v 0.0751951 -0.0611841 -0.0485199
vn 0.865631 -0.290883 0.407517
v 0.0753045 -0.0620695 -0.0499156
vn 0.562261 -0.740589 0.367954
v 0.0754545 -0.0619124 -0.0499418
vn 0.903278 -0.353048 0.243814
v 0.0751951 -0.0611841 -0.0485199
vn 0.865631 -0.290883 0.407517
v 0.0703127 -0.0647172 -0.0508685
vn 0.475446 -0.85801 0.194342
v 0.0753609 -0.0625831 -0.0514534
vn 0.577342 -0.796072 0.18151
v 0.0753045 -0.0620695 -0.0499156
vn 0.562261 -0.740589 0.367954
v 0.0753609 -0.0625831 -0.0514534
vn 0.577342 -0.796072 0.18151
v 0.0754545 -0.0619124 -0.0499418
vn 0.903278 -0.353048 0.243814
v 0.0753045 -0.0620695 -0.0499156
vn 0.562261 -0.740589 0.367954
v 0.0703127 -0.0647172 -0.0508685
vn 0.475446 -0.85801 0.194342
v 0.0753045 -0.0620695 -0.0499156
vn 0.562261 -0.740589 0.367954
v 0.0702655 -0.064298 -0.0496113
vn 0.488139 -0.78809 0.375013
v 0.0702655 -0.064298 -0.0496113
vn 0.488139 -0.78809 0.375013
v 0.0753045 -0.0620695 -0.0499156
vn 0.562261 -0.740589 0.367954
v 0.0750451 -0.0613383 -0.0484891
vn 0.523054 -0.658782 0.540759
v 0.0701916 -0.0649427 -0.0521684
vn 0.437517 -0.89916 0.00951319
v 0.0703127 -0.0647172 -0.0508685
vn 0.475446 -0.85801 0.194342
v 0.0669474 -0.0665964 -0.0490179
vn 0.675727 -0.71688 0.171688
v 0.0701916 -0.0649427 -0.0521684
vn 0.437517 -0.89916 0.00951319
v 0.0753609 -0.0625831 -0.0514534
vn 0.577342 -0.796072 0.18151
v 0.0703127 -0.0647172 -0.0508685
vn 0.475446 -0.85801 0.194342
v 0.0703127 -0.0647172 -0.0508685
vn 0.475446 -0.85801 0.194342
v 0.0702655 -0.064298 -0.0496113
vn 0.488139 -0.78809 0.375013
v 0.0670903 -0.06609 -0.0480814
vn 0.699332 -0.62716 0.342935
v 0.0703127 -0.0647172 -0.0508685
vn 0.475446 -0.85801 0.194342
v 0.0670903 -0.06609 -0.0480814
vn 0.699332 -0.62716 0.342935
v 0.0669474 -0.0665964 -0.0490179
vn 0.675727 -0.71688 0.171688
v 0.0750451 -0.0613383 -0.0484891
vn 0.523054 -0.658782 0.540759
v 0.0747431 -0.0602678 -0.0472655
vn 0.806971 -0.203701 0.55435
v 0.074592 -0.0604175 -0.0472291
vn 0.462087 -0.55325 0.693102
v 0.0734136 -0.0578741 -0.04562
vn 0.841654 0.378552 0.38512
v 0.073395 -0.0577377 -0.0459013
vn 0.835538 0.545956 0.0617136
v 0.0725754 -0.0566038 -0.045445
vn 0.807656 0.584867 0.0749852
v 0.0734136 -0.0578741 -0.04562
vn 0.841654 0.378552 0.38512
v 0.0725754 -0.0566038 -0.045445
vn 0.807656 0.584867 0.0749852
v 0.072544 -0.056671 -0.0451358
vn 0.77924 0.468324 0.416482
v 0.0691635 -0.0620729 -0.0465625
vn 0.366109 -0.440022 0.819966
v 0.0731787 -0.0581569 -0.045394
vn 0.286539 -0.286578 0.914204
v 0.0685231 -0.0611037 -0.0459171
vn 0.275048 -0.295161 0.915002
v 0.0685231 -0.0611037 -0.0459171
vn 0.275048 -0.295161 0.915002
v 0.0731787 -0.0581569 -0.045394
vn 0.286539 -0.286578 0.914204
v 0.0722724 -0.056904 -0.0448897
vn 0.179465 -0.135002 0.974457
v 0.0691635 -0.0620729 -0.0465625
vn 0.366109 -0.440022 0.819966
v 0.073962 -0.0593432 -0.0461838
vn 0.382399 -0.427532 0.819138
v 0.0731787 -0.0581569 -0.045394
vn 0.286539 -0.286578 0.914204
v 0.0674163 -0.0544447 -0.0599132
vn 0.651791 0.654652 -0.382883
v 0.0675894 -0.0545 -0.059583
vn 0.739915 0.63311 -0.227368
v 0.0683468 -0.0555481 -0.0600047
vn 0.74567 0.625228 -0.230358
v 0.0748665 -0.0628864 -0.054627
vn 0.532 -0.821932 -0.203482
v 0.0750161 -0.0627283 -0.0546484
vn 0.877497 -0.393691 -0.273872
v 0.0753633 -0.0627006 -0.0530663
vn 0.908772 -0.404309 -0.103286
v 0.069469 -0.0647861 -0.054698
vn 0.295302 -0.89139 -0.343832
v 0.0661887 -0.067196 -0.0509248
vn 0.546193 -0.818141 -0.179773
v 0.0656019 -0.0672661 -0.051822
vn 0.445138 -0.825667 -0.346592
v 0.0661887 -0.067196 -0.0509248
vn 0.546193 -0.818141 -0.179773
v 0.0647917 -0.0681449 -0.0512231
vn 0.366928 -0.885554 -0.284883
v 0.0656019 -0.0672661 -0.051822
vn 0.445138 -0.825667 -0.346592
v 0.0661887 -0.067196 -0.0509248
vn 0.546193 -0.818141 -0.179773
v 0.0653784 -0.0680748 -0.0503261
vn 0.471039 -0.873119 -0.125639
v 0.0647917 -0.0681449 -0.0512231
vn 0.366928 -0.885554 -0.284883
v 0.0653784 -0.0680748 -0.0503261
vn 0.471039 -0.873119 -0.125639
v 0.0642377 -0.0683156 -0.0508092
vn -0.0305187 -0.999459 0.0122243
v 0.0647917 -0.0681449 -0.0512231
vn 0.366928 -0.885554 -0.284883
v 0.0656375 -0.0672094 -0.0472913
vn 0.168303 -0.842255 0.512133
v 0.0644651 -0.0674523 -0.0480356
vn -0.26294 -0.850119 0.456246
v 0.0655031 -0.0676855 -0.048172
vn 0.149152 -0.909944 0.386983
v 0.0662557 -0.0663489 -0.0466058
vn 0.626699 -0.566818 0.534758
v 0.0656146 -0.0666262 -0.0464666
vn 0.165021 -0.759453 0.629285
v 0.0656375 -0.0672094 -0.0472913
vn 0.168303 -0.842255 0.512133
v 0.0660653 -0.0656394 -0.0458219
vn 0.59292 -0.440845 0.67387
v 0.0656146 -0.0666262 -0.0464666
vn 0.165021 -0.759453 0.629285
v 0.0662557 -0.0663489 -0.0466058
vn 0.626699 -0.566818 0.534758
v 0.0668756 -0.0647606 -0.0464208
vn 0.658926 -0.38812 0.644344
v 0.0660653 -0.0656394 -0.0458219
vn 0.59292 -0.440845 0.67387
v 0.0662557 -0.0663489 -0.0466058
vn 0.626699 -0.566818 0.534758
v 0.0691635 -0.0620729 -0.0465625
vn 0.366109 -0.440022 0.819966
v 0.0685231 -0.0611037 -0.0459171
vn 0.275048 -0.295161 0.915002
v 0.0660314 -0.0631839 -0.0452488
vn 0.50625 -0.103867 0.856109
v 0.0632424 -0.0662278 -0.0470922
vn -0.463769 -0.719912 0.516377
v 0.0618777 -0.0657481 -0.0479531
vn -0.573412 -0.678462 0.459225
v 0.0632549 -0.0665487 -0.0475459
vn -0.463032 -0.738968 0.489416
v 0.0632549 -0.0665487 -0.0475459
vn -0.463032 -0.738968 0.489416
v 0.0618777 -0.0657481 -0.0479531
vn -0.573412 -0.678462 0.459225
v 0.0618466 -0.0658585 -0.0481575
vn -0.574229 -0.682703 0.45186
v 0.0608482 -0.0665144 -0.0507524
vn -0.606767 -0.736969 0.297843
v 0.0608628 -0.0657336 -0.0493055
vn -0.607724 -0.678341 0.412948
v 0.0606789 -0.0655957 -0.0493519
vn -0.613925 -0.673726 0.411326
v 0.0612901 -0.0667838 -0.0505498
vn -0.580237 -0.753133 0.310025
v 0.0608628 -0.0657336 -0.0493055
vn -0.607724 -0.678341 0.412948
v 0.0608482 -0.0665144 -0.0507524
vn -0.606767 -0.736969 0.297843
v 0.0618466 -0.0658585 -0.0481575
vn -0.574229 -0.682703 0.45186
v 0.0618777 -0.0657481 -0.0479531
vn -0.573412 -0.678462 0.459225
v 0.0608628 -0.0657336 -0.0493055
vn -0.607724 -0.678341 0.412948
v 0.0618777 -0.0657481 -0.0479531
vn -0.573412 -0.678462 0.459225
v 0.0606789 -0.0655957 -0.0493519
vn -0.613925 -0.673726 0.411326
v 0.0608628 -0.0657336 -0.0493055
vn -0.607724 -0.678341 0.412948
v 0.0622893 -0.0677124 -0.0513621
vn -0.461724 -0.873811 0.15253
v 0.0612901 -0.0667838 -0.0505498
vn -0.580237 -0.753133 0.310025
v 0.061647 -0.067412 -0.05179
vn -0.520297 -0.846407 0.113519
v 0.061647 -0.067412 -0.05179
vn -0.520297 -0.846407 0.113519
v 0.0612901 -0.0667838 -0.0505498
vn -0.580237 -0.753133 0.310025
v 0.0608482 -0.0665144 -0.0507524
vn -0.606767 -0.736969 0.297843
v 0.0656019 -0.0672661 -0.051822
vn 0.445138 -0.825667 -0.346592
v 0.0647917 -0.0681449 -0.0512231
vn 0.366928 -0.885554 -0.284883
v 0.064095 -0.0680565 -0.0520361
vn 0.243281 -0.869846 -0.429165
v 0.0618309 -0.0654579 -0.0475908
vn -0.574871 -0.668875 0.471305
v 0.0617547 -0.0652894 -0.0474467
vn -0.577511 -0.663011 0.476337
v 0.0603468 -0.0652694 -0.0493224
vn -0.625522 -0.662294 0.412419
v 0.0627072 -0.065045 -0.0460804
vn -0.495839 -0.649183 0.576806
v 0.0616467 -0.0651139 -0.0473352
vn -0.580995 -0.657293 0.480011
v 0.0617547 -0.0652894 -0.0474467
vn -0.577511 -0.663011 0.476337
v 0.061179 -0.0646116 -0.0472307
vn -0.597126 -0.639929 0.483665
v 0.0609952 -0.0644738 -0.0472772
vn -0.60321 -0.635426 0.48205
v 0.0599803 -0.0644594 -0.0486295
vn -0.637911 -0.634714 0.436129
v 0.0611625 -0.0635275 -0.045943
vn -0.58791 -0.558768 0.584928
v 0.0609952 -0.0644738 -0.0472772
vn -0.60321 -0.635426 0.48205
v 0.061179 -0.0646116 -0.0472307
vn -0.597126 -0.639929 0.483665
v 0.0609952 -0.0644738 -0.0472772
vn -0.60321 -0.635426 0.48205
v 0.0600114 -0.0643488 -0.0484252
vn -0.636868 -0.630983 0.443011
v 0.0599803 -0.0644594 -0.0486295
vn -0.637911 -0.634714 0.436129
v 0.0576607 -0.0629054 -0.0517683
vn -0.965081 -0.23075 -0.123991
v 0.0580358 -0.0635334 -0.0509837
vn -0.850162 -0.49214 0.187141
v 0.057889 -0.0629863 -0.0503795
vn -0.863582 -0.442176 0.242295
v 0.0576607 -0.0629054 -0.0517683
vn -0.965081 -0.23075 -0.123991
v 0.057889 -0.0629863 -0.0503795
vn -0.863582 -0.442176 0.242295
v 0.0574815 -0.0622381 -0.0510311
vn -0.990524 -0.135987 -0.0192173
v 0.0607205 -0.0632581 -0.0461457
vn -0.614364 -0.542634 0.572805
v 0.0609952 -0.0644738 -0.0472772
vn -0.60321 -0.635426 0.48205
v 0.0611625 -0.0635275 -0.045943
vn -0.58791 -0.558768 0.584928
v 0.066972 -0.0590404 -0.045342
vn 0.0373469 0.00113998 0.999302
v 0.0638883 -0.060882 -0.0447703
vn 0.117652 0.310047 0.943413
v 0.0646866 -0.0616001 -0.044744
vn 0.262407 0.180656 0.947895
v 0.0707111 -0.0543009 -0.0453677
vn 0.747397 0.661296 0.0639184
v 0.0707886 -0.0544368 -0.0457504
vn 0.762771 0.634738 -0.123644
v 0.0698637 -0.0534118 -0.0461214
vn 0.75589 0.641977 -0.128437
v 0.0663993 -0.0525996 -0.058038
vn 0.731596 0.64693 -0.215056
v 0.0660065 -0.0518063 -0.0569511
vn 0.729422 0.652118 -0.206606
v 0.0707886 -0.0544368 -0.0457504
vn 0.762771 0.634738 -0.123644
v 0.0648957 -0.0506314 -0.0557804
vn -0.196814 0.897867 -0.393826
v 0.0651576 -0.0506796 -0.0557847
vn 0.335602 0.88088 -0.333798
v 0.0654138 -0.0513884 -0.0571742
vn 0.341696 0.8384 -0.424652
v 0.0618105 -0.0556546 -0.0555301
vn -0.824517 0.353964 -0.441452
v 0.0649879 -0.0514537 -0.0571733
vn -0.650287 0.560109 -0.513229
v 0.0654483 -0.0523697 -0.0584376
vn -0.597944 0.44742 -0.66504
v 0.0583051 -0.0641285 -0.0514929
vn -0.825543 -0.546542 0.140609
v 0.0588668 -0.064181 -0.0500088
vn -0.724926 -0.597793 0.342236
v 0.0580358 -0.0635334 -0.0509837
vn -0.850162 -0.49214 0.187141
v 0.0599873 -0.0655528 -0.0539196
vn -0.485911 -0.425531 -0.763422
v 0.0590386 -0.0651466 -0.0531931
vn -0.769298 -0.549269 -0.326318
v 0.0592636 -0.0647756 -0.0537582
vn -0.614394 -0.287556 -0.734732
v 0.0599873 -0.0655528 -0.0539196
vn -0.485911 -0.425531 -0.763422
v 0.0597192 -0.0658776 -0.0533452
vn -0.672604 -0.653026 -0.348082
v 0.0590386 -0.0651466 -0.0531931
vn -0.769298 -0.549269 -0.326318
v 0.0597192 -0.0658776 -0.0533452
vn -0.672604 -0.653026 -0.348082
v 0.0591655 -0.0653707 -0.0521519
vn -0.747047 -0.659888 0.0804258
v 0.0590386 -0.0651466 -0.0531931
vn -0.769298 -0.549269 -0.326318
v 0.0624822 -0.0674232 -0.0532887
vn -0.0430762 -0.75748 -0.651436
v 0.0612624 -0.0671469 -0.0531202
vn -0.453385 -0.833405 -0.316035
v 0.0616281 -0.0669025 -0.0536804
vn -0.194704 -0.665036 -0.720983
v 0.0632925 -0.0665442 -0.0538874
vn 0.0438374 -0.676463 -0.73517
v 0.0624822 -0.0674232 -0.0532887
vn -0.0430762 -0.75748 -0.651436
v 0.0616281 -0.0669025 -0.0536804
vn -0.194704 -0.665036 -0.720983
v 0.0682077 -0.0638515 -0.0568149
vn 0.0864166 -0.770777 -0.631217
v 0.0728053 -0.0615138 -0.058738
vn 0.294776 -0.648553 -0.701774
v 0.0736395 -0.0622009 -0.0575295
vn 0.393155 -0.732777 -0.555398
v 0.0705755 -0.0568704 -0.0527251
vn -0.572351 0.819941 -0.0105878
v 0.0693705 -0.0595976 -0.0519786
vn -0.635654 0.591633 0.495897
v 0.0730601 -0.0621317 -0.0529578
vn -0.756694 0.152055 0.635841
v 0.0705755 -0.0568704 -0.0527251
vn -0.572351 0.819941 -0.0105878
v 0.0730601 -0.0621317 -0.0529578
vn -0.756694 0.152055 0.635841
v 0.0727138 -0.0600027 -0.0541565
vn 0.368264 -0.873776 0.317644
v 0.0727138 -0.0600027 -0.0541565
vn 0.368264 -0.873776 0.317644
v 0.0730601 -0.0621317 -0.0529578
vn -0.756694 0.152055 0.635841
v 0.0695146 -0.0582399 -0.0489386
vn -0.625814 0.723119 0.292329
v 0.0727138 -0.0600027 -0.0541565
vn 0.368264 -0.873776 0.317644
v 0.0695146 -0.0582399 -0.0489386
vn -0.625814 0.723119 0.292329
v 0.0699409 -0.0568884 -0.0507921
vn -0.394506 0.815428 0.423607
v 0.0699409 -0.0568884 -0.0507921
vn -0.394506 0.815428 0.423607
v 0.0695146 -0.0582399 -0.0489386
vn -0.625814 0.723119 0.292329
v 0.0729154 -0.0594887 -0.0510547
vn -0.797826 0.575997 0.178048
v 0.0699409 -0.0568884 -0.0507921
vn -0.394506 0.815428 0.423607
v 0.0729154 -0.0594887 -0.0510547
vn -0.797826 0.575997 0.178048
v 0.0723829 -0.0586947 -0.0523986
vn -0.657635 0.640104 0.397218
v 0.0723829 -0.0586947 -0.0523986
vn -0.657635 0.640104 0.397218
v 0.0729154 -0.0594887 -0.0510547
vn -0.797826 0.575997 0.178048
v 0.0721095 -0.0582614 -0.0513195
vn -0.711476 -0.65955 -0.242477
v 0.0723829 -0.0586947 -0.0523986
vn -0.657635 0.640104 0.397218
v 0.0721095 -0.0582614 -0.0513195
vn -0.711476 -0.65955 -0.242477
v 0.0719148 -0.0579404 -0.0524603
vn -0.651754 -0.75198 0.098706
v 0.0719148 -0.0579404 -0.0524603
vn -0.651754 -0.75198 0.098706
v 0.0721095 -0.0582614 -0.0513195
vn -0.711476 -0.65955 -0.242477
v 0.0665487 -0.0549898 -0.0486551
vn 0.129469 -0.988354 0.079962
v 0.0719148 -0.0579404 -0.0524603
vn -0.651754 -0.75198 0.098706
v 0.0665487 -0.0549898 -0.0486551
vn 0.129469 -0.988354 0.079962
v 0.0673655 -0.0546856 -0.0496368
vn 0.165535 -0.960844 0.222211
v 0.0673655 -0.0546856 -0.0496368
vn 0.165535 -0.960844 0.222211
v 0.0665487 -0.0549898 -0.0486551
vn 0.129469 -0.988354 0.079962
v 0.070841 -0.0567282 -0.053116
vn 0.753081 -0.522101 0.400349
v 0.0673655 -0.0546856 -0.0496368
vn 0.165535 -0.960844 0.222211
v 0.070841 -0.0567282 -0.053116
vn 0.753081 -0.522101 0.400349
v 0.0710956 -0.0567753 -0.053609
vn -0.550314 -0.68532 0.476959
v 0.0710956 -0.0567753 -0.053609
vn -0.550314 -0.68532 0.476959
v 0.070841 -0.0567282 -0.053116
vn 0.753081 -0.522101 0.400349
v 0.0648808 -0.0549661 -0.0508773
vn -0.0602671 -0.951863 -0.30054
v 0.0710956 -0.0567753 -0.053609
vn -0.550314 -0.68532 0.476959
v 0.0648808 -0.0549661 -0.0508773
vn -0.0602671 -0.951863 -0.30054
v 0.0660544 -0.0546645 -0.0513843
vn -0.0533829 -0.974896 -0.216168
v 0.0660544 -0.0546645 -0.0513843
vn -0.0533829 -0.974896 -0.216168
v 0.0648808 -0.0549661 -0.0508773
vn -0.0602671 -0.951863 -0.30054
v 0.070467 -0.0573825 -0.0551483
vn 0.153312 -0.659408 0.735987
v 0.0660544 -0.0546645 -0.0513843
vn -0.0533829 -0.974896 -0.216168
v 0.070467 -0.0573825 -0.0551483
vn 0.153312 -0.659408 0.735987
v 0.0709451 -0.0573303 -0.0551451
vn -0.471631 -0.78741 0.396926
v 0.0709451 -0.0573303 -0.0551451
vn -0.471631 -0.78741 0.396926
v 0.070467 -0.0573825 -0.0551483
vn 0.153312 -0.659408 0.735987
v 0.0704227 -0.0591026 -0.0564452
vn -0.482587 0.52314 0.702449
v 0.0709451 -0.0573303 -0.0551451
vn -0.471631 -0.78741 0.396926
v 0.0704227 -0.0591026 -0.0564452
vn -0.482587 0.52314 0.702449
v 0.0711557 -0.0584216 -0.0560433
vn -0.553928 0.380626 0.740464
v 0.0711557 -0.0584216 -0.0560433
vn -0.553928 0.380626 0.740464
v 0.0704227 -0.0591026 -0.0564452
vn -0.482587 0.52314 0.702449
v 0.0658753 -0.0582028 -0.0535742
vn -0.491628 0.748937 0.444291
v 0.0711557 -0.0584216 -0.0560433
vn -0.553928 0.380626 0.740464
v 0.0658753 -0.0582028 -0.0535742
vn -0.491628 0.748937 0.444291
v 0.0676971 -0.0564839 -0.0534397
vn -0.569403 0.77599 0.27133
v 0.0676971 -0.0564839 -0.0534397
vn -0.569403 0.77599 0.27133
v 0.0658753 -0.0582028 -0.0535742
vn -0.491628 0.748937 0.444291
v 0.071323 -0.0623262 -0.0561393
vn -0.721095 0.28388 0.632008
v 0.0676971 -0.0564839 -0.0534397
vn -0.569403 0.77599 0.27133
v 0.071323 -0.0623262 -0.0561393
vn -0.721095 0.28388 0.632008
v 0.0720541 -0.0600799 -0.0561112
vn -0.76944 -0.0807852 0.63359
v 0.0720541 -0.0600799 -0.0561112
vn -0.76944 -0.0807852 0.63359
v 0.071323 -0.0623262 -0.0561393
vn -0.721095 0.28388 0.632008
v 0.0693705 -0.0595976 -0.0519786
vn -0.635654 0.591633 0.495897
v 0.0720541 -0.0600799 -0.0561112
vn -0.76944 -0.0807852 0.63359
v 0.0693705 -0.0595976 -0.0519786
vn -0.635654 0.591633 0.495897
v 0.0705755 -0.0568704 -0.0527251
vn -0.572351 0.819941 -0.0105878
v 0.0693705 -0.0595976 -0.0519786
vn -0.635654 0.591633 0.495897
v 0.065468 -0.0664382 -0.0497035
vn -0.60663 0.695971 0.384218
v 0.0712204 -0.0685949 -0.0494423
vn -0.768865 0.494011 0.405956
v 0.0693705 -0.0595976 -0.0519786
vn -0.635654 0.591633 0.495897
v 0.0712204 -0.0685949 -0.0494423
vn -0.768865 0.494011 0.405956
v 0.0730601 -0.0621317 -0.0529578
vn -0.756694 0.152055 0.635841
v 0.0730601 -0.0621317 -0.0529578
vn -0.756694 0.152055 0.635841
v 0.0712204 -0.0685949 -0.0494423
vn -0.768865 0.494011 0.405956
v 0.0679767 -0.0623697 -0.0446256
vn -0.648263 0.754131 0.105077
v 0.0730601 -0.0621317 -0.0529578
vn -0.756694 0.152055 0.635841
v 0.0679767 -0.0623697 -0.0446256
vn -0.648263 0.754131 0.105077
v 0.0695146 -0.0582399 -0.0489386
vn -0.625814 0.723119 0.292329
v 0.0695146 -0.0582399 -0.0489386
vn -0.625814 0.723119 0.292329
v 0.0679767 -0.0623697 -0.0446256
vn -0.648263 0.754131 0.105077
v 0.0713613 -0.0620351 -0.0467244
vn -0.818961 0.526232 0.228874
v 0.0695146 -0.0582399 -0.0489386
vn -0.625814 0.723119 0.292329
v 0.0713613 -0.0620351 -0.0467244
vn -0.818961 0.526232 0.228874
v 0.0729154 -0.0594887 -0.0510547
vn -0.797826 0.575997 0.178048
v 0.0729154 -0.0594887 -0.0510547
vn -0.797826 0.575997 0.178048
v 0.0713613 -0.0620351 -0.0467244
vn -0.818961 0.526232 0.228874
v 0.0701718 -0.0592894 -0.0476116
vn -0.637803 -0.558127 -0.530755
v 0.0729154 -0.0594887 -0.0510547
vn -0.797826 0.575997 0.178048
v 0.0701718 -0.0592894 -0.0476116
vn -0.637803 -0.558127 -0.530755
v 0.0721095 -0.0582614 -0.0513195
vn -0.711476 -0.65955 -0.242477
v 0.0721095 -0.0582614 -0.0513195
vn -0.711476 -0.65955 -0.242477
v 0.0701718 -0.0592894 -0.0476116
vn -0.637803 -0.558127 -0.530755
v 0.0646399 -0.0552446 -0.0462273
vn -0.021414 -0.997364 -0.0693251
v 0.0721095 -0.0582614 -0.0513195
vn -0.711476 -0.65955 -0.242477
v 0.0646399 -0.0552446 -0.0462273
vn -0.021414 -0.997364 -0.0693251
v 0.0665487 -0.0549898 -0.0486551
vn 0.129469 -0.988354 0.079962
v 0.0665487 -0.0549898 -0.0486551
vn 0.129469 -0.988354 0.079962
v 0.0646399 -0.0552446 -0.0462273
vn -0.021414 -0.997364 -0.0693251
v 0.0673475 -0.0571661 -0.0510197
vn 0.111376 -0.988999 -0.0973434
v 0.0665487 -0.0549898 -0.0486551
vn 0.129469 -0.988354 0.079962
v 0.0673475 -0.0571661 -0.0510197
vn 0.111376 -0.988999 -0.0973434
v 0.070841 -0.0567282 -0.053116
vn 0.753081 -0.522101 0.400349
v 0.070841 -0.0567282 -0.053116
vn 0.753081 -0.522101 0.400349
v 0.0673475 -0.0571661 -0.0510197
vn 0.111376 -0.988999 -0.0973434
v 0.0620139 -0.0552072 -0.0497258
vn 0.0113216 -0.989154 -0.146447
v 0.070841 -0.0567282 -0.053116
vn 0.753081 -0.522101 0.400349
v 0.0620139 -0.0552072 -0.0497258
vn 0.0113216 -0.989154 -0.146447
v 0.0648808 -0.0549661 -0.0508773
vn -0.0602671 -0.951863 -0.30054
v 0.0648808 -0.0549661 -0.0508773
vn -0.0602671 -0.951863 -0.30054
v 0.0620139 -0.0552072 -0.0497258
vn 0.0113216 -0.989154 -0.146447
v 0.064803 -0.0591531 -0.0546149
vn 0.303953 -0.559667 0.770964
v 0.0648808 -0.0549661 -0.0508773
vn -0.0602671 -0.951863 -0.30054
v 0.064803 -0.0591531 -0.0546149
vn 0.303953 -0.559667 0.770964
v 0.070467 -0.0573825 -0.0551483
vn 0.153312 -0.659408 0.735987
v 0.070467 -0.0573825 -0.0551483
vn 0.153312 -0.659408 0.735987
v 0.064803 -0.0591531 -0.0546149
vn 0.303953 -0.559667 0.770964
v 0.0642918 -0.0619149 -0.0561202
vn -0.156629 0.55941 0.813958
v 0.070467 -0.0573825 -0.0551483
vn 0.153312 -0.659408 0.735987
v 0.0642918 -0.0619149 -0.0561202
vn -0.156629 0.55941 0.813958
v 0.0704227 -0.0591026 -0.0564452
vn -0.482587 0.52314 0.702449
v 0.0704227 -0.0591026 -0.0564452
vn -0.482587 0.52314 0.702449
v 0.0642918 -0.0619149 -0.0561202
vn -0.156629 0.55941 0.813958
v 0.0613312 -0.0622687 -0.0534831
vn -0.426166 0.757967 0.493831
v 0.0704227 -0.0591026 -0.0564452
vn -0.482587 0.52314 0.702449
v 0.0613312 -0.0622687 -0.0534831
vn -0.426166 0.757967 0.493831
v 0.0658753 -0.0582028 -0.0535742
vn -0.491628 0.748937 0.444291
v 0.0658753 -0.0582028 -0.0535742
vn -0.491628 0.748937 0.444291
v 0.0613312 -0.0622687 -0.0534831
vn -0.426166 0.757967 0.493831
v 0.0668018 -0.068532 -0.055329
vn -0.520933 0.508714 0.685448
v 0.0658753 -0.0582028 -0.0535742
vn -0.491628 0.748937 0.444291
v 0.0668018 -0.068532 -0.055329
vn -0.520933 0.508714 0.685448
v 0.071323 -0.0623262 -0.0561393
vn -0.721095 0.28388 0.632008
v 0.071323 -0.0623262 -0.0561393
vn -0.721095 0.28388 0.632008
v 0.0668018 -0.068532 -0.055329
vn -0.520933 0.508714 0.685448
v 0.065468 -0.0664382 -0.0497035
vn -0.60663 0.695971 0.384218
v 0.071323 -0.0623262 -0.0561393
vn -0.721095 0.28388 0.632008
v 0.065468 -0.0664382 -0.0497035
vn -0.60663 0.695971 0.384218
v 0.0693705 -0.0595976 -0.0519786
vn -0.635654 0.591633 0.495897
v 0.065468 -0.0664382 -0.0497035
vn -0.60663 0.695971 0.384218
v 0.058047 -0.0763044 -0.0442389
vn -0.500798 0.795863 0.340298
v 0.065046 -0.0779667 -0.0419455
vn -0.716534 0.673908 0.180075
v 0.065468 -0.0664382 -0.0497035
vn -0.60663 0.695971 0.384218
v 0.065046 -0.0779667 -0.0419455
vn -0.716534 0.673908 0.180075
v 0.0712204 -0.0685949 -0.0494423
vn -0.768865 0.494011 0.405956
v 0.0712204 -0.0685949 -0.0494423
vn -0.768865 0.494011 0.405956
v 0.065046 -0.0779667 -0.0419455
vn -0.716534 0.673908 0.180075
v 0.0634676 -0.0687007 -0.0370902
vn -0.803404 0.512417 -0.303266
v 0.0712204 -0.0685949 -0.0494423
vn -0.768865 0.494011 0.405956
v 0.0634676 -0.0687007 -0.0370902
vn -0.803404 0.512417 -0.303266
v 0.0679767 -0.0623697 -0.0446256
vn -0.648263 0.754131 0.105077
v 0.0679767 -0.0623697 -0.0446256
vn -0.648263 0.754131 0.105077
v 0.0634676 -0.0687007 -0.0370902
vn -0.803404 0.512417 -0.303266
v 0.0673765 -0.0659543 -0.039399
vn -0.895177 0.421915 -0.143684
v 0.0679767 -0.0623697 -0.0446256
vn -0.648263 0.754131 0.105077
v 0.0673765 -0.0659543 -0.039399
vn -0.895177 0.421915 -0.143684
v 0.0713613 -0.0620351 -0.0467244
vn -0.818961 0.526232 0.228874
v 0.0713613 -0.0620351 -0.0467244
vn -0.818961 0.526232 0.228874
v 0.0673765 -0.0659543 -0.039399
vn -0.895177 0.421915 -0.143684
v 0.0663828 -0.0610782 -0.0416358
vn -0.618932 -0.52126 -0.587547
v 0.0713613 -0.0620351 -0.0467244
vn -0.818961 0.526232 0.228874
v 0.0663828 -0.0610782 -0.0416358
vn -0.618932 -0.52126 -0.587547
v 0.0701718 -0.0592894 -0.0476116
vn -0.637803 -0.558127 -0.530755
v 0.0701718 -0.0592894 -0.0476116
vn -0.637803 -0.558127 -0.530755
v 0.0663828 -0.0610782 -0.0416358
vn -0.618932 -0.52126 -0.587547
v 0.0609834 -0.0558346 -0.0420392
vn -0.110632 -0.977922 -0.177284
v 0.0701718 -0.0592894 -0.0476116
vn -0.637803 -0.558127 -0.530755
v 0.0609834 -0.0558346 -0.0420392
vn -0.110632 -0.977922 -0.177284
v 0.0646399 -0.0552446 -0.0462273
vn -0.021414 -0.997364 -0.0693251
v 0.0646399 -0.0552446 -0.0462273
vn -0.021414 -0.997364 -0.0693251
v 0.0609834 -0.0558346 -0.0420392
vn -0.110632 -0.977922 -0.177284
v 0.0629992 -0.0574426 -0.0477543
vn 0.137517 -0.990366 0.0162641
v 0.0646399 -0.0552446 -0.0462273
vn -0.021414 -0.997364 -0.0693251
v 0.0629992 -0.0574426 -0.0477543
vn 0.137517 -0.990366 0.0162641
v 0.0673475 -0.0571661 -0.0510197
vn 0.111376 -0.988999 -0.0973434
v 0.0673475 -0.0571661 -0.0510197
vn 0.111376 -0.988999 -0.0973434
v 0.0629992 -0.0574426 -0.0477543
vn 0.137517 -0.990366 0.0162641
v 0.0569653 -0.0557773 -0.0473924
vn 0.111584 -0.993051 0.0373941
v 0.0673475 -0.0571661 -0.0510197
vn 0.111376 -0.988999 -0.0973434
v 0.0569653 -0.0557773 -0.0473924
vn 0.111584 -0.993051 0.0373941
v 0.0620139 -0.0552072 -0.0497258
vn 0.0113216 -0.989154 -0.146447
v 0.0620139 -0.0552072 -0.0497258
vn 0.0113216 -0.989154 -0.146447
v 0.0569653 -0.0557773 -0.0473924
vn 0.111584 -0.993051 0.0373941
v 0.0580324 -0.0609593 -0.0527609
vn 0.383014 -0.520954 0.762829
v 0.0620139 -0.0552072 -0.0497258
vn 0.0113216 -0.989154 -0.146447
v 0.0580324 -0.0609593 -0.0527609
vn 0.383014 -0.520954 0.762829
v 0.064803 -0.0591531 -0.0546149
vn 0.303953 -0.559667 0.770964
v 0.064803 -0.0591531 -0.0546149
vn 0.303953 -0.559667 0.770964
v 0.0580324 -0.0609593 -0.0527609
vn 0.383014 -0.520954 0.762829
v 0.0561123 -0.0657939 -0.0544062
vn 0.0932131 0.311184 0.945767
v 0.064803 -0.0591531 -0.0546149
vn 0.303953 -0.559667 0.770964
v 0.0561123 -0.0657939 -0.0544062
vn 0.0932131 0.311184 0.945767
v 0.0642918 -0.0619149 -0.0561202
vn -0.156629 0.55941 0.813958
v 0.0642918 -0.0619149 -0.0561202
vn -0.156629 0.55941 0.813958
v 0.0561123 -0.0657939 -0.0544062
vn 0.0932131 0.311184 0.945767
v 0.0527754 -0.0685484 -0.0513352
vn -0.0531237 0.594902 0.802041
v 0.0642918 -0.0619149 -0.0561202
vn -0.156629 0.55941 0.813958
v 0.0527754 -0.0685484 -0.0513352
vn -0.0531237 0.594902 0.802041
v 0.0613312 -0.0622687 -0.0534831
vn -0.426166 0.757967 0.493831
v 0.0613312 -0.0622687 -0.0534831
vn -0.426166 0.757967 0.493831
v 0.0527754 -0.0685484 -0.0513352
vn -0.0531237 0.594902 0.802041
v 0.0577831 -0.0778632 -0.0516218
vn -0.316631 0.664021 0.677364
v 0.0613312 -0.0622687 -0.0534831
vn -0.426166 0.757967 0.493831
v 0.0577831 -0.0778632 -0.0516218
vn -0.316631 0.664021 0.677364
v 0.0668018 -0.068532 -0.055329
vn -0.520933 0.508714 0.685448
v 0.0668018 -0.068532 -0.055329
vn -0.520933 0.508714 0.685448
v 0.0577831 -0.0778632 -0.0516218
vn -0.316631 0.664021 0.677364
v 0.058047 -0.0763044 -0.0442389
vn -0.500798 0.795863 0.340298
v 0.0668018 -0.068532 -0.055329
vn -0.520933 0.508714 0.685448
v 0.058047 -0.0763044 -0.0442389
vn -0.500798 0.795863 0.340298
v 0.065468 -0.0664382 -0.0497035
vn -0.60663 0.695971 0.384218
v 0.058047 -0.0763044 -0.0442389
vn -0.500798 0.795863 0.340298
v 0.0457062 -0.0871897 -0.0350924
vn -0.370016 0.890346 0.265277
v 0.0542601 -0.0879499 -0.0311193
vn -0.636823 0.770976 -0.0072736
v 0.058047 -0.0763044 -0.0442389
vn -0.500798 0.795863 0.340298
v 0.0542601 -0.0879499 -0.0311193
vn -0.636823 0.770976 -0.0072736
v 0.065046 -0.0779667 -0.0419455
vn -0.716534 0.673908 0.180075
v 0.065046 -0.0779667 -0.0419455
vn -0.716534 0.673908 0.180075
v 0.0542601 -0.0879499 -0.0311193
vn -0.636823 0.770976 -0.0072736
v 0.0552533 -0.075789 -0.0267448
vn -0.781874 0.370046 -0.501735
v 0.065046 -0.0779667 -0.0419455
vn -0.716534 0.673908 0.180075
v 0.0552533 -0.075789 -0.0267448
vn -0.781874 0.370046 -0.501735
v 0.0634676 -0.0687007 -0.0370902
vn -0.803404 0.512417 -0.303266
v 0.0634676 -0.0687007 -0.0370902
vn -0.803404 0.512417 -0.303266
v 0.0552533 -0.075789 -0.0267448
vn -0.781874 0.370046 -0.501735
v 0.0603942 -0.0704931 -0.0297452
vn -0.842153 0.173551 -0.510547
v 0.0634676 -0.0687007 -0.0370902
vn -0.803404 0.512417 -0.303266
v 0.0603942 -0.0704931 -0.0297452
vn -0.842153 0.173551 -0.510547
v 0.0673765 -0.0659543 -0.039399
vn -0.895177 0.421915 -0.143684
v 0.0673765 -0.0659543 -0.039399
vn -0.895177 0.421915 -0.143684
v 0.0603942 -0.0704931 -0.0297452
vn -0.842153 0.173551 -0.510547
v 0.0601643 -0.0633984 -0.0335044
vn -0.601899 -0.49629 -0.625631
v 0.0673765 -0.0659543 -0.039399
vn -0.895177 0.421915 -0.143684
v 0.0601643 -0.0633984 -0.0335044
vn -0.601899 -0.49629 -0.625631
v 0.0663828 -0.0610782 -0.0416358
vn -0.618932 -0.52126 -0.587547
v 0.0663828 -0.0610782 -0.0416358
vn -0.618932 -0.52126 -0.587547
v 0.0601643 -0.0633984 -0.0335044
vn -0.601899 -0.49629 -0.625631
v 0.0552099 -0.0567185 -0.0359878
vn -0.181195 -0.949881 -0.254745
v 0.0663828 -0.0610782 -0.0416358
vn -0.618932 -0.52126 -0.587547
v 0.0552099 -0.0567185 -0.0359878
vn -0.181195 -0.949881 -0.254745
v 0.0609834 -0.0558346 -0.0420392
vn -0.110632 -0.977922 -0.177284
v 0.0609834 -0.0558346 -0.0420392
vn -0.110632 -0.977922 -0.177284
v 0.0552099 -0.0567185 -0.0359878
vn -0.181195 -0.949881 -0.254745
v 0.0564965 -0.0579235 -0.0428785
vn 0.0998435 -0.994914 -0.0133297
v 0.0609834 -0.0558346 -0.0420392
vn -0.110632 -0.977922 -0.177284
v 0.0564965 -0.0579235 -0.0428785
vn 0.0998435 -0.994914 -0.0133297
v 0.0629992 -0.0574426 -0.0477543
vn 0.137517 -0.990366 0.0162641
v 0.0629992 -0.0574426 -0.0477543
vn 0.137517 -0.990366 0.0162641
v 0.0564965 -0.0579235 -0.0428785
vn 0.0998435 -0.994914 -0.0133297
v 0.0495334 -0.0566376 -0.0435505
vn 0.175698 -0.967824 0.18013
v 0.0629992 -0.0574426 -0.0477543
vn 0.137517 -0.990366 0.0162641
v 0.0495334 -0.0566376 -0.0435505
vn 0.175698 -0.967824 0.18013
v 0.0569653 -0.0557773 -0.0473924
vn 0.111584 -0.993051 0.0373941
v 0.0569653 -0.0557773 -0.0473924
vn 0.111584 -0.993051 0.0373941
v 0.0495334 -0.0566376 -0.0435505
vn 0.175698 -0.967824 0.18013
v 0.0484643 -0.0632318 -0.0490921
vn 0.423785 -0.499658 0.755479
v 0.0569653 -0.0557773 -0.0473924
vn 0.111584 -0.993051 0.0373941
v 0.0484643 -0.0632318 -0.0490921
vn 0.423785 -0.499658 0.755479
v 0.0580324 -0.0609593 -0.0527609
vn 0.383014 -0.520954 0.762829
v 0.0580324 -0.0609593 -0.0527609
vn 0.383014 -0.520954 0.762829
v 0.0484643 -0.0632318 -0.0490921
vn 0.423785 -0.499658 0.755479
v 0.0448463 -0.0702716 -0.0504593
vn 0.31029 0.105109 0.944813
v 0.0580324 -0.0609593 -0.0527609
vn 0.383014 -0.520954 0.762829
v 0.0448463 -0.0702716 -0.0504593
vn 0.31029 0.105109 0.944813
v 0.0561123 -0.0657939 -0.0544062
vn 0.0932131 0.311184 0.945767
v 0.0561123 -0.0657939 -0.0544062
vn 0.0932131 0.311184 0.945767
v 0.0448463 -0.0702716 -0.0504593
vn 0.31029 0.105109 0.944813
v 0.0404752 -0.0755785 -0.0464334
vn 0.256565 0.369534 0.893095
v 0.0561123 -0.0657939 -0.0544062
vn 0.0932131 0.311184 0.945767
v 0.0404752 -0.0755785 -0.0464334
vn 0.256565 0.369534 0.893095
v 0.0527754 -0.0685484 -0.0513352
vn -0.0531237 0.594902 0.802041
v 0.0527754 -0.0685484 -0.0513352
vn -0.0531237 0.594902 0.802041
v 0.0404752 -0.0755785 -0.0464334
vn 0.256565 0.369534 0.893095
v 0.0442731 -0.0878076 -0.0444248
vn -0.125421 0.757317 0.64089
v 0.0527754 -0.0685484 -0.0513352
vn -0.0531237 0.594902 0.802041
v 0.0442731 -0.0878076 -0.0444248
vn -0.125421 0.757317 0.64089
v 0.0577831 -0.0778632 -0.0516218
vn -0.316631 0.664021 0.677364
v 0.0577831 -0.0778632 -0.0516218
vn -0.316631 0.664021 0.677364
v 0.0442731 -0.0878076 -0.0444248
vn -0.125421 0.757317 0.64089
v 0.0457062 -0.0871897 -0.0350924
vn -0.370016 0.890346 0.265277
v 0.0577831 -0.0778632 -0.0516218
vn -0.316631 0.664021 0.677364
v 0.0457062 -0.0871897 -0.0350924
vn -0.370016 0.890346 0.265277
v 0.058047 -0.0763044 -0.0442389
vn -0.500798 0.795863 0.340298
v 0.0457062 -0.0871897 -0.0350924
vn -0.370016 0.890346 0.265277
v 0.0303044 -0.0957721 -0.0236237
vn -0.196577 0.966187 0.166851
v 0.0401914 -0.0959722 -0.0183876
vn -0.529708 0.831813 -0.165825
v 0.0457062 -0.0871897 -0.0350924
vn -0.370016 0.890346 0.265277
v 0.0401914 -0.0959722 -0.0183876
vn -0.529708 0.831813 -0.165825
v 0.0542601 -0.0879499 -0.0311193
vn -0.636823 0.770976 -0.0072736
v 0.0542601 -0.0879499 -0.0311193
vn -0.636823 0.770976 -0.0072736
v 0.0401914 -0.0959722 -0.0183876
vn -0.529708 0.831813 -0.165825
v 0.0439443 -0.0819353 -0.0146189
vn -0.722603 0.370914 -0.583325
v 0.0542601 -0.0879499 -0.0311193
vn -0.636823 0.770976 -0.0072736
v 0.0439443 -0.0819353 -0.0146189
vn -0.722603 0.370914 -0.583325
v 0.0552533 -0.075789 -0.0267448
vn -0.781874 0.370046 -0.501735
v 0.0552533 -0.075789 -0.0267448
vn -0.781874 0.370046 -0.501735
v 0.0439443 -0.0819353 -0.0146189
vn -0.722603 0.370914 -0.583325
v 0.0503587 -0.0748745 -0.0178043
vn -0.768999 0.0820654 -0.63396
v 0.0552533 -0.075789 -0.0267448
vn -0.781874 0.370046 -0.501735
v 0.0503587 -0.0748745 -0.0178043
vn -0.768999 0.0820654 -0.63396
v 0.0603942 -0.0704931 -0.0297452
vn -0.842153 0.173551 -0.510547
v 0.0603942 -0.0704931 -0.0297452
vn -0.842153 0.173551 -0.510547
v 0.0503587 -0.0748745 -0.0178043
vn -0.768999 0.0820654 -0.63396
v 0.051596 -0.0656022 -0.0236568
vn -0.601017 -0.48208 -0.637477
v 0.0603942 -0.0704931 -0.0297452
vn -0.842153 0.173551 -0.510547
v 0.051596 -0.0656022 -0.0236568
vn -0.601017 -0.48208 -0.637477
v 0.0601643 -0.0633984 -0.0335044
vn -0.601899 -0.49629 -0.625631
v 0.0601643 -0.0633984 -0.0335044
vn -0.601899 -0.49629 -0.625631
v 0.051596 -0.0656022 -0.0236568
vn -0.601017 -0.48208 -0.637477
v 0.0472956 -0.0575607 -0.0282194
vn -0.248184 -0.922592 -0.295345
v 0.0601643 -0.0633984 -0.0335044
vn -0.601899 -0.49629 -0.625631
v 0.0472956 -0.0575607 -0.0282194
vn -0.248184 -0.922592 -0.295345
v 0.0552099 -0.0567185 -0.0359878
vn -0.181195 -0.949881 -0.254745
v 0.0552099 -0.0567185 -0.0359878
vn -0.181195 -0.949881 -0.254745
v 0.0472956 -0.0575607 -0.0282194
vn -0.248184 -0.922592 -0.295345
v 0.0478402 -0.058337 -0.0363856
vn 0.0498132 -0.998704 -0.0104578
v 0.0552099 -0.0567185 -0.0359878
vn -0.181195 -0.949881 -0.254745
v 0.0478402 -0.058337 -0.0363856
vn 0.0498132 -0.998704 -0.0104578
v 0.0564965 -0.0579235 -0.0428785
vn 0.0998435 -0.994914 -0.0133297
v 0.0564965 -0.0579235 -0.0428785
vn 0.0998435 -0.994914 -0.0133297
v 0.0478402 -0.058337 -0.0363856
vn 0.0498132 -0.998704 -0.0104578
v 0.0398553 -0.0574547 -0.038132
vn 0.19901 -0.937957 0.283958
v 0.0564965 -0.0579235 -0.0428785
vn 0.0998435 -0.994914 -0.0133297
v 0.0398553 -0.0574547 -0.038132
vn 0.19901 -0.937957 0.283958
v 0.0495334 -0.0566376 -0.0435505
vn 0.175698 -0.967824 0.18013
v 0.0495334 -0.0566376 -0.0435505
vn 0.175698 -0.967824 0.18013
v 0.0398553 -0.0574547 -0.038132
vn 0.19901 -0.937957 0.283958
v 0.0365932 -0.0653885 -0.0436447
vn 0.43719 -0.487908 0.75552
v 0.0495334 -0.0566376 -0.0435505
vn 0.175698 -0.967824 0.18013
v 0.0365932 -0.0653885 -0.0436447
vn 0.43719 -0.487908 0.75552
v 0.0484643 -0.0632318 -0.0490921
vn 0.423785 -0.499658 0.755479
v 0.0484643 -0.0632318 -0.0490921
vn 0.423785 -0.499658 0.755479
v 0.0365932 -0.0653885 -0.0436447
vn 0.43719 -0.487908 0.75552
v 0.0305333 -0.0745921 -0.0442174
vn 0.400319 0.058749 0.914491
v 0.0484643 -0.0632318 -0.0490921
vn 0.423785 -0.499658 0.755479
v 0.0305333 -0.0745921 -0.0442174
vn 0.400319 0.058749 0.914491
v 0.0448463 -0.0702716 -0.0504593
vn 0.31029 0.105109 0.944813
v 0.0448463 -0.0702716 -0.0504593
vn 0.31029 0.105109 0.944813
v 0.0305333 -0.0745921 -0.0442174
vn 0.400319 0.058749 0.914491
v 0.0256106 -0.0816741 -0.0390446
vn 0.364323 0.357036 0.860112
v 0.0448463 -0.0702716 -0.0504593
vn 0.31029 0.105109 0.944813
v 0.0256106 -0.0816741 -0.0390446
vn 0.364323 0.357036 0.860112
v 0.0404752 -0.0755785 -0.0464334
vn 0.256565 0.369534 0.893095
v 0.0404752 -0.0755785 -0.0464334
vn 0.256565 0.369534 0.893095
v 0.0256106 -0.0816741 -0.0390446
vn 0.364323 0.357036 0.860112
v 0.0280367 -0.0957991 -0.0345811
vn 0.0499877 0.819188 0.571342
v 0.0404752 -0.0755785 -0.0464334
vn 0.256565 0.369534 0.893095
v 0.0280367 -0.0957991 -0.0345811
vn 0.0499877 0.819188 0.571342
v 0.0442731 -0.0878076 -0.0444248
vn -0.125421 0.757317 0.64089
v 0.0442731 -0.0878076 -0.0444248
vn -0.125421 0.757317 0.64089
v 0.0280367 -0.0957991 -0.0345811
vn 0.0499877 0.819188 0.571342
v 0.0303044 -0.0957721 -0.0236237
vn -0.196577 0.966187 0.166851
v 0.0442731 -0.0878076 -0.0444248
vn -0.125421 0.757317 0.64089
v 0.0303044 -0.0957721 -0.0236237
vn -0.196577 0.966187 0.166851
v 0.0457062 -0.0871897 -0.0350924
vn -0.370016 0.890346 0.265277
v 0.0303044 -0.0957721 -0.0236237
vn -0.196577 0.966187 0.166851
v 0.0161397 -0.098695 -0.013023
vn -0.0319154 0.998382 0.0470565
v 0.0253114 -0.1 -0.00588545
vn -0.365126 0.882355 -0.296871
v 0.0303044 -0.0957721 -0.0236237
vn -0.196577 0.966187 0.166851
v 0.0253114 -0.1 -0.00588545
vn -0.365126 0.882355 -0.296871
v 0.0401914 -0.0959722 -0.0183876
vn -0.529708 0.831813 -0.165825
v 0.0401914 -0.0959722 -0.0183876
vn -0.529708 0.831813 -0.165825
v 0.0253114 -0.1 -0.00588545
vn -0.365126 0.882355 -0.296871
v 0.0308046 -0.0858169 -0.00194321
vn -0.649661 0.397816 -0.647829
v 0.0401914 -0.0959722 -0.0183876
vn -0.529708 0.831813 -0.165825
v 0.0308046 -0.0858169 -0.00194321
vn -0.649661 0.397816 -0.647829
v 0.0439443 -0.0819353 -0.0146189
vn -0.722603 0.370914 -0.583325
v 0.0439443 -0.0819353 -0.0146189
vn -0.722603 0.370914 -0.583325
v 0.0308046 -0.0858169 -0.00194321
vn -0.649661 0.397816 -0.647829
v 0.0382611 -0.0778137 -0.00499593
vn -0.721221 0.0674797 -0.689411
v 0.0439443 -0.0819353 -0.0146189
vn -0.722603 0.370914 -0.583325
v 0.0382611 -0.0778137 -0.00499593
vn -0.721221 0.0674797 -0.689411
v 0.0503587 -0.0748745 -0.0178043
vn -0.768999 0.0820654 -0.63396
v 0.0503587 -0.0748745 -0.0178043
vn -0.768999 0.0820654 -0.63396
v 0.0382611 -0.0778137 -0.00499593
vn -0.721221 0.0674797 -0.689411
v 0.0409445 -0.0670511 -0.0124043
vn -0.611565 -0.469049 -0.637166
v 0.0503587 -0.0748745 -0.0178043
vn -0.768999 0.0820654 -0.63396
v 0.0409445 -0.0670511 -0.0124043
vn -0.611565 -0.469049 -0.637166
v 0.051596 -0.0656022 -0.0236568
vn -0.601017 -0.48208 -0.637477
v 0.051596 -0.0656022 -0.0236568
vn -0.601017 -0.48208 -0.637477
v 0.0409445 -0.0670511 -0.0124043
vn -0.611565 -0.469049 -0.637166
v 0.0375726 -0.0578823 -0.0191322
vn -0.314585 -0.898285 -0.306791
v 0.051596 -0.0656022 -0.0236568
vn -0.601017 -0.48208 -0.637477
v 0.0375726 -0.0578823 -0.0191322
vn -0.314585 -0.898285 -0.306791
v 0.0472956 -0.0575607 -0.0282194
vn -0.248184 -0.922592 -0.295345
v 0.0472956 -0.0575607 -0.0282194
vn -0.248184 -0.922592 -0.295345
v 0.0375726 -0.0578823 -0.0191322
vn -0.314585 -0.898285 -0.306791
v 0.0373765 -0.0582629 -0.0285309
vn -0.00665131 -0.999885 0.0136239
v 0.0472956 -0.0575607 -0.0282194
vn -0.248184 -0.922592 -0.295345
v 0.0373765 -0.0582629 -0.0285309
vn -0.00665131 -0.999885 0.0136239
v 0.0478402 -0.058337 -0.0363856
vn 0.0498132 -0.998704 -0.0104578
v 0.0478402 -0.058337 -0.0363856
vn 0.0498132 -0.998704 -0.0104578
v 0.0373765 -0.0582629 -0.0285309
vn -0.00665131 -0.999885 0.0136239
v 0.0284111 -0.0577518 -0.0313378
vn 0.193282 -0.910739 0.364961
v 0.0478402 -0.058337 -0.0363856
vn 0.0498132 -0.998704 -0.0104578
v 0.0284111 -0.0577518 -0.0313378
vn 0.193282 -0.910739 0.364961
v 0.0398553 -0.0574547 -0.038132
vn 0.19901 -0.937957 0.283958
v 0.0398553 -0.0574547 -0.038132
vn 0.19901 -0.937957 0.283958
v 0.0284111 -0.0577518 -0.0313378
vn 0.193282 -0.910739 0.364961
v 0.0227991 -0.0667927 -0.0365791
vn 0.434711 -0.474379 0.7655
v 0.0398553 -0.0574547 -0.038132
vn 0.19901 -0.937957 0.283958
v 0.0227991 -0.0667927 -0.0365791
vn 0.434711 -0.474379 0.7655
v 0.0365932 -0.0653885 -0.0436447
vn 0.43719 -0.487908 0.75552
v 0.0365932 -0.0653885 -0.0436447
vn 0.43719 -0.487908 0.75552
v 0.0227991 -0.0667927 -0.0365791
vn 0.434711 -0.474379 0.7655
v 0.014826 -0.0774799 -0.0362181
vn 0.458953 0.0560659 0.88669
v 0.0365932 -0.0653885 -0.0436447
vn 0.43719 -0.487908 0.75552
v 0.014826 -0.0774799 -0.0362181
vn 0.458953 0.0560659 0.88669
v 0.0305333 -0.0745921 -0.0442174
vn 0.400319 0.058749 0.914491
v 0.0305333 -0.0745921 -0.0442174
vn 0.400319 0.058749 0.914491
v 0.014826 -0.0774799 -0.0362181
vn 0.458953 0.0560659 0.88669
v 0.00973005 -0.0855167 -0.0300205
vn 0.450287 0.378519 0.808681
v 0.0305333 -0.0745921 -0.0442174
vn 0.400319 0.058749 0.914491
v 0.00973005 -0.0855167 -0.0300205
vn 0.450287 0.378519 0.808681
v 0.0256106 -0.0816741 -0.0390446
vn 0.364323 0.357036 0.860112
v 0.0256106 -0.0816741 -0.0390446
vn 0.364323 0.357036 0.860112
v 0.00973005 -0.0855167 -0.0300205
vn 0.450287 0.378519 0.808681
v 0.0118352 -0.0998081 -0.0238396
vn 0.195585 0.870976 0.450719
v 0.0256106 -0.0816741 -0.0390446
vn 0.364323 0.357036 0.860112
v 0.0118352 -0.0998081 -0.0238396
vn 0.195585 0.870976 0.450719
v 0.0280367 -0.0957991 -0.0345811
vn 0.0499877 0.819188 0.571342
v 0.0280367 -0.0957991 -0.0345811
vn 0.0499877 0.819188 0.571342
v 0.0118352 -0.0998081 -0.0238396
vn 0.195585 0.870976 0.450719
v 0.0161397 -0.098695 -0.013023
vn -0.0319154 0.998382 0.0470565
v 0.0280367 -0.0957991 -0.0345811
vn 0.0499877 0.819188 0.571342
v 0.0161397 -0.098695 -0.013023
vn -0.0319154 0.998382 0.0470565
v 0.0303044 -0.0957721 -0.0236237
vn -0.196577 0.966187 0.166851
v 0.0161397 -0.098695 -0.013023
vn -0.0319154 0.998382 0.0470565
v 0.00304936 -0.0979887 -0.00318995
vn 0.134467 0.987386 -0.0835857
v 0.0113997 -0.0998674 0.00518645
vn -0.18014 0.894141 -0.409954
v 0.0161397 -0.098695 -0.013023
vn -0.0319154 0.998382 0.0470565
v 0.0113997 -0.0998674 0.00518645
vn -0.18014 0.894141 -0.409954
v 0.0253114 -0.1 -0.00588545
vn -0.365126 0.882355 -0.296871
v 0.0253114 -0.1 -0.00588545
vn -0.365126 0.882355 -0.296871
v 0.0113997 -0.0998674 0.00518645
vn -0.18014 0.894141 -0.409954
v 0.017734 -0.0864384 0.00956464
vn -0.552103 0.433056 -0.712492
v 0.0253114 -0.1 -0.00588545
vn -0.365126 0.882355 -0.296871
v 0.017734 -0.0864384 0.00956464
vn -0.552103 0.433056 -0.712492
v 0.0308046 -0.0858169 -0.00194321
vn -0.649661 0.397816 -0.647829
v 0.0308046 -0.0858169 -0.00194321
vn -0.649661 0.397816 -0.647829
v 0.017734 -0.0864384 0.00956464
vn -0.552103 0.433056 -0.712492
v 0.0254075 -0.0784927 0.00742923
vn -0.678406 0.0785952 -0.730471
v 0.0308046 -0.0858169 -0.00194321
vn -0.649661 0.397816 -0.647829
v 0.0254075 -0.0784927 0.00742923
vn -0.678406 0.0785952 -0.730471
v 0.0382611 -0.0778137 -0.00499593
vn -0.721221 0.0674797 -0.689411
v 0.0382611 -0.0778137 -0.00499593
vn -0.721221 0.0674797 -0.689411
v 0.0254075 -0.0784927 0.00742923
vn -0.678406 0.0785952 -0.730471
v 0.0290409 -0.0670934 -0.000646676
vn -0.631374 -0.452531 -0.629748
v 0.0382611 -0.0778137 -0.00499593
vn -0.721221 0.0674797 -0.689411
v 0.0290409 -0.0670934 -0.000646676
vn -0.631374 -0.452531 -0.629748
v 0.0409445 -0.0670511 -0.0124043
vn -0.611565 -0.469049 -0.637166
v 0.0409445 -0.0670511 -0.0124043
vn -0.611565 -0.469049 -0.637166
v 0.0290409 -0.0670934 -0.000646676
vn -0.631374 -0.452531 -0.629748
v 0.026853 -0.0572055 -0.00951104
vn -0.382592 -0.874995 -0.296661
v 0.0409445 -0.0670511 -0.0124043
vn -0.611565 -0.469049 -0.637166
v 0.026853 -0.0572055 -0.00951104
vn -0.382592 -0.874995 -0.296661
v 0.0375726 -0.0578823 -0.0191322
vn -0.314585 -0.898285 -0.306791
v 0.0375726 -0.0578823 -0.0191322
vn -0.314585 -0.898285 -0.306791
v 0.026853 -0.0572055 -0.00951104
vn -0.382592 -0.874995 -0.296661
v 0.0257331 -0.0572696 -0.0197808
vn -0.0727764 -0.995978 0.0522589
v 0.0375726 -0.0578823 -0.0191322
vn -0.314585 -0.898285 -0.306791
v 0.0257331 -0.0572696 -0.0197808
vn -0.0727764 -0.995978 0.0522589
v 0.0373765 -0.0582629 -0.0285309
vn -0.00665131 -0.999885 0.0136239
v 0.0373765 -0.0582629 -0.0285309
vn -0.00665131 -0.999885 0.0136239
v 0.0257331 -0.0572696 -0.0197808
vn -0.0727764 -0.995978 0.0522589
v 0.0161861 -0.0570536 -0.0237223
vn 0.16588 -0.885204 0.434624
v 0.0373765 -0.0582629 -0.0285309
vn -0.00665131 -0.999885 0.0136239
v 0.0161861 -0.0570536 -0.0237223
vn 0.16588 -0.885204 0.434624
v 0.0284111 -0.0577518 -0.0313378
vn 0.193282 -0.910739 0.364961
v 0.0284111 -0.0577518 -0.0313378
vn 0.193282 -0.910739 0.364961
v 0.0161861 -0.0570536 -0.0237223
vn 0.16588 -0.885204 0.434624
v 0.00818473 -0.0667964 -0.0284331
vn 0.423263 -0.458153 0.781629
v 0.0284111 -0.0577518 -0.0313378
vn 0.193282 -0.910739 0.364961
v 0.00818473 -0.0667964 -0.0284331
vn 0.423263 -0.458153 0.781629
v 0.0227991 -0.0667927 -0.0365791
vn 0.434711 -0.474379 0.7655
v 0.0227991 -0.0667927 -0.0365791
vn 0.434711 -0.474379 0.7655
v 0.00818473 -0.0667964 -0.0284331
vn 0.423263 -0.458153 0.781629
v -0.000701206 -0.0781209 -0.0273549
vn 0.508969 0.0767293 0.857358
v 0.0227991 -0.0667927 -0.0365791
vn 0.434711 -0.474379 0.7655
v -0.000701206 -0.0781209 -0.0273549
vn 0.508969 0.0767293 0.857358
v 0.014826 -0.0774799 -0.0362181
vn 0.458953 0.0560659 0.88669
v 0.014826 -0.0774799 -0.0362181
vn 0.458953 0.0560659 0.88669
v -0.000701206 -0.0781209 -0.0273549
vn 0.508969 0.0767293 0.857358
v -0.00497647 -0.086115 -0.0206922
vn 0.543104 0.407089 0.734381
v 0.014826 -0.0774799 -0.0362181
vn 0.458953 0.0560659 0.88669
v -0.00497647 -0.086115 -0.0206922
vn 0.543104 0.407089 0.734381
v 0.00973005 -0.0855167 -0.0300205
vn 0.450287 0.378519 0.808681
v 0.00973005 -0.0855167 -0.0300205
vn 0.450287 0.378519 0.808681
v -0.00497647 -0.086115 -0.0206922
vn 0.543104 0.407089 0.734381
v -0.00267997 -0.0996669 -0.0135717
vn 0.351754 0.883597 0.309071
v 0.00973005 -0.0855167 -0.0300205
vn 0.450287 0.378519 0.808681
v -0.00267997 -0.0996669 -0.0135717
vn 0.351754 0.883597 0.309071
v 0.0118352 -0.0998081 -0.0238396
vn 0.195585 0.870976 0.450719
v 0.0118352 -0.0998081 -0.0238396
vn 0.195585 0.870976 0.450719
v -0.00267997 -0.0996669 -0.0135717
vn 0.351754 0.883597 0.309071
v 0.00304936 -0.0979887 -0.00318995
vn 0.134467 0.987386 -0.0835857
v 0.0118352 -0.0998081 -0.0238396
vn 0.195585 0.870976 0.450719
v 0.00304936 -0.0979887 -0.00318995
vn 0.134467 0.987386 -0.0835857
v 0.0161397 -0.098695 -0.013023
vn -0.0319154 0.998382 0.0470565
v 0.00304936 -0.0979887 -0.00318995
vn 0.134467 0.987386 -0.0835857
v -0.00824276 -0.0941713 0.00532662
vn 0.267517 0.944803 -0.189163
v -0.000325583 -0.0960802 0.0140726
vn -0.0278634 0.859971 -0.509582
v 0.00304936 -0.0979887 -0.00318995
vn 0.134467 0.987386 -0.0835857
v -0.000325583 -0.0960802 0.0140726
vn -0.0278634 0.859971 -0.509582
v 0.0113997 -0.0998674 0.00518645
vn -0.18014 0.894141 -0.409954
v 0.0113997 -0.0998674 0.00518645
vn -0.18014 0.894141 -0.409954
v -0.000325583 -0.0960802 0.0140726
vn -0.0278634 0.859971 -0.509582
v 0.00634498 -0.0837505 0.0187238
vn -0.425938 0.459518 -0.779371
v 0.0113997 -0.0998674 0.00518645
vn -0.18014 0.894141 -0.409954
v 0.00634498 -0.0837505 0.0187238
vn -0.425938 0.459518 -0.779371
v 0.017734 -0.0864384 0.00956464
vn -0.552103 0.433056 -0.712492
v 0.017734 -0.0864384 0.00956464
vn -0.552103 0.433056 -0.712492
v 0.00634498 -0.0837505 0.0187238
vn -0.425938 0.459518 -0.779371
v 0.0130993 -0.076603 0.0184282
vn -0.619824 0.109779 -0.777025
v 0.017734 -0.0864384 0.00956464
vn -0.552103 0.433056 -0.712492
v 0.0130993 -0.076603 0.0184282
vn -0.619824 0.109779 -0.777025
v 0.0254075 -0.0784927 0.00742923
vn -0.678406 0.0785952 -0.730471
v 0.0254075 -0.0784927 0.00742923
vn -0.678406 0.0785952 -0.730471
v 0.0130993 -0.076603 0.0184282
vn -0.619824 0.109779 -0.777025
v 0.017038 -0.0652955 0.0105227
vn -0.658237 -0.43186 -0.61662
v 0.0254075 -0.0784927 0.00742923
vn -0.678406 0.0785952 -0.730471
v 0.017038 -0.0652955 0.0105227
vn -0.658237 -0.43186 -0.61662
v 0.0290409 -0.0670934 -0.000646676
vn -0.631374 -0.452531 -0.629748
v 0.0290409 -0.0670934 -0.000646676
vn -0.631374 -0.452531 -0.629748
v 0.017038 -0.0652955 0.0105227
vn -0.658237 -0.43186 -0.61662
v 0.0158683 -0.0552096 3.95904e-05
vn -0.457127 -0.847574 -0.269544
v 0.0290409 -0.0670934 -0.000646676
vn -0.631374 -0.452531 -0.629748
v 0.0158683 -0.0552096 3.95904e-05
vn -0.457127 -0.847574 -0.269544
v 0.026853 -0.0572055 -0.00951104
vn -0.382592 -0.874995 -0.296661
v 0.026853 -0.0572055 -0.00951104
vn -0.382592 -0.874995 -0.296661
v 0.0158683 -0.0552096 3.95904e-05
vn -0.457127 -0.847574 -0.269544
v 0.0137498 -0.0550299 -0.0107623
vn -0.150763 -0.983072 0.104114
v 0.026853 -0.0572055 -0.00951104
vn -0.382592 -0.874995 -0.296661
v 0.0137498 -0.0550299 -0.0107623
vn -0.150763 -0.983072 0.104114
v 0.0257331 -0.0572696 -0.0197808
vn -0.0727764 -0.995978 0.0522589
v 0.0257331 -0.0572696 -0.0197808
vn -0.0727764 -0.995978 0.0522589
v 0.0137498 -0.0550299 -0.0107623
vn -0.150763 -0.983072 0.104114
v 0.00396833 -0.0550401 -0.0158146
vn 0.119673 -0.856274 0.502467
v 0.0257331 -0.0572696 -0.0197808
vn -0.0727764 -0.995978 0.0522589
v 0.00396833 -0.0550401 -0.0158146
vn 0.119673 -0.856274 0.502467
v 0.0161861 -0.0570536 -0.0237223
vn 0.16588 -0.885204 0.434624
v 0.0161861 -0.0570536 -0.0237223
vn 0.16588 -0.885204 0.434624
v 0.00396833 -0.0550401 -0.0158146
vn 0.119673 -0.856274 0.502467
v -0.0058737 -0.0649692 -0.0200023
vn 0.40487 -0.437589 0.802868
v 0.0161861 -0.0570536 -0.0237223
vn 0.16588 -0.885204 0.434624
v -0.0058737 -0.0649692 -0.0200023
vn 0.40487 -0.437589 0.802868
v 0.00818473 -0.0667964 -0.0284331
vn 0.423263 -0.458153 0.781629
v 0.00818473 -0.0667964 -0.0284331
vn 0.423263 -0.458153 0.781629
v -0.0058737 -0.0649692 -0.0200023
vn 0.40487 -0.437589 0.802868
v -0.0146803 -0.0762073 -0.0185822
vn 0.567584 0.113893 0.815399
v 0.00818473 -0.0667964 -0.0284331
vn 0.423263 -0.458153 0.781629
v -0.0146803 -0.0762073 -0.0185822
vn 0.567584 0.113893 0.815399
v -0.000701206 -0.0781209 -0.0273549
vn 0.508969 0.0767293 0.857358
v -0.000701206 -0.0781209 -0.0273549
vn 0.508969 0.0767293 0.857358
v -0.0146803 -0.0762073 -0.0185822
vn 0.567584 0.113893 0.815399
v -0.0169242 -0.083419 -0.0122774
vn 0.62856 0.437752 0.642873
v -0.000701206 -0.0781209 -0.0273549
vn 0.508969 0.0767293 0.857358
v -0.0169242 -0.083419 -0.0122774
vn 0.62856 0.437752 0.642873
v -0.00497647 -0.086115 -0.0206922
vn 0.543104 0.407089 0.734381
v -0.00497647 -0.086115 -0.0206922
vn 0.543104 0.407089 0.734381
v -0.0169242 -0.083419 -0.0122774
vn 0.62856 0.437752 0.642873
v -0.0144483 -0.095879 -0.00474281
vn 0.48488 0.853208 0.192166
v -0.00497647 -0.086115 -0.0206922
vn 0.543104 0.407089 0.734381
v -0.0144483 -0.095879 -0.00474281
vn 0.48488 0.853208 0.192166
v -0.00267997 -0.0996669 -0.0135717
vn 0.351754 0.883597 0.309071
v -0.00267997 -0.0996669 -0.0135717
vn 0.351754 0.883597 0.309071
v -0.0144483 -0.095879 -0.00474281
vn 0.48488 0.853208 0.192166
v -0.00824276 -0.0941713 0.00532662
vn 0.267517 0.944803 -0.189163
v -0.00267997 -0.0996669 -0.0135717
vn 0.351754 0.883597 0.309071
v -0.00824276 -0.0941713 0.00532662
vn 0.267517 0.944803 -0.189163
v 0.00304936 -0.0979887 -0.00318995
vn 0.134467 0.987386 -0.0835857
v -0.00824276 -0.0941713 0.00532662
vn 0.267517 0.944803 -0.189163
v -0.0190176 -0.0885348 0.0134744
vn 0.363807 0.893422 -0.263519
v -0.0113489 -0.0903137 0.0224083
vn 0.0601552 0.812027 -0.580512
v -0.00824276 -0.0941713 0.00532662
vn 0.267517 0.944803 -0.189163
v -0.0113489 -0.0903137 0.0224083
vn 0.0601552 0.812027 -0.580512
v -0.000325583 -0.0960802 0.0140726
vn -0.0278634 0.859971 -0.509582
v -0.000325583 -0.0960802 0.0140726
vn -0.0278634 0.859971 -0.509582
v -0.0113489 -0.0903137 0.0224083
vn 0.0601552 0.812027 -0.580512
v -0.00335238 -0.0786776 0.0260567
vn -0.342553 0.44826 -0.825664
v -0.000325583 -0.0960802 0.0140726
vn -0.0278634 0.859971 -0.509582
v -0.00335238 -0.0786776 0.0260567
vn -0.342553 0.44826 -0.825664
v 0.00634498 -0.0837505 0.0187238
vn -0.425938 0.459518 -0.779371
v 0.00634498 -0.0837505 0.0187238
vn -0.425938 0.459518 -0.779371
v -0.00335238 -0.0786776 0.0260567
vn -0.342553 0.44826 -0.825664
v 0.00305137 -0.0721648 0.0265026
vn -0.56158 0.120293 -0.818631
v 0.00634498 -0.0837505 0.0187238
vn -0.425938 0.459518 -0.779371
v 0.00305137 -0.0721648 0.0265026
vn -0.56158 0.120293 -0.818631
v 0.0130993 -0.076603 0.0184282
vn -0.619824 0.109779 -0.777025
v 0.0130993 -0.076603 0.0184282
vn -0.619824 0.109779 -0.777025
v 0.00305137 -0.0721648 0.0265026
vn -0.56158 0.120293 -0.818631
v 0.00625998 -0.0615624 0.0199357
vn -0.69225 -0.4057 -0.596822
v 0.0130993 -0.076603 0.0184282
vn -0.619824 0.109779 -0.777025
v 0.00625998 -0.0615624 0.0199357
vn -0.69225 -0.4057 -0.596822
v 0.017038 -0.0652955 0.0105227
vn -0.658237 -0.43186 -0.61662
v 0.017038 -0.0652955 0.0105227
vn -0.658237 -0.43186 -0.61662
v 0.00625998 -0.0615624 0.0199357
vn -0.69225 -0.4057 -0.596822
v 0.00550605 -0.0517756 0.00879312
vn -0.543614 -0.809078 -0.223332
v 0.017038 -0.0652955 0.0105227
vn -0.658237 -0.43186 -0.61662
v 0.00550605 -0.0517756 0.00879312
vn -0.543614 -0.809078 -0.223332
v 0.0158683 -0.0552096 3.95904e-05
vn -0.457127 -0.847574 -0.269544
v 0.0158683 -0.0552096 3.95904e-05
vn -0.457127 -0.847574 -0.269544
v 0.00550605 -0.0517756 0.00879312
vn -0.543614 -0.809078 -0.223332
v 0.00238372 -0.0514053 -0.00219232
vn -0.246153 -0.954049 0.170879
v 0.0158683 -0.0552096 3.95904e-05
vn -0.457127 -0.847574 -0.269544
v 0.00238372 -0.0514053 -0.00219232
vn -0.246153 -0.954049 0.170879
v 0.0137498 -0.0550299 -0.0107623
vn -0.150763 -0.983072 0.104114
v 0.0137498 -0.0550299 -0.0107623
vn -0.150763 -0.983072 0.104114
v 0.00238372 -0.0514053 -0.00219232
vn -0.246153 -0.954049 0.170879
v -0.00729551 -0.0515933 -0.0082622
vn 0.0504944 -0.816584 0.575014
v 0.0137498 -0.0550299 -0.0107623
vn -0.150763 -0.983072 0.104114
v -0.00729551 -0.0515933 -0.0082622
vn 0.0504944 -0.816584 0.575014
v 0.00396833 -0.0550401 -0.0158146
vn 0.119673 -0.856274 0.502467
v 0.00396833 -0.0550401 -0.0158146
vn 0.119673 -0.856274 0.502467
v -0.00729551 -0.0515933 -0.0082622
vn 0.0504944 -0.816584 0.575014
v -0.0178838 -0.0612186 -0.0122307
vn 0.377406 -0.40992 0.830379
v 0.00396833 -0.0550401 -0.0158146
vn 0.119673 -0.856274 0.502467
v -0.0178838 -0.0612186 -0.0122307
vn 0.377406 -0.40992 0.830379
v -0.0058737 -0.0649692 -0.0200023
vn 0.40487 -0.437589 0.802868
v -0.0058737 -0.0649692 -0.0200023
vn 0.40487 -0.437589 0.802868
v -0.0178838 -0.0612186 -0.0122307
vn 0.377406 -0.40992 0.830379
v -0.025194 -0.0717626 -0.0111283
vn 0.623013 0.115533 0.773632
v -0.0058737 -0.0649692 -0.0200023
vn 0.40487 -0.437589 0.802868
v -0.025194 -0.0717626 -0.0111283
vn 0.623013 0.115533 0.773632
v -0.0146803 -0.0762073 -0.0185822
vn 0.567584 0.113893 0.815399
v -0.0146803 -0.0762073 -0.0185822
vn 0.567584 0.113893 0.815399
v -0.025194 -0.0717626 -0.0111283
vn 0.623013 0.115533 0.773632
v -0.0266215 -0.0783462 -0.00494441
vn 0.696725 0.431943 0.572713
v -0.0146803 -0.0762073 -0.0185822
vn 0.567584 0.113893 0.815399
v -0.0266215 -0.0783462 -0.00494441
vn 0.696725 0.431943 0.572713
v -0.0169242 -0.083419 -0.0122774
vn 0.62856 0.437752 0.642873
v -0.0169242 -0.083419 -0.0122774
vn 0.62856 0.437752 0.642873
v -0.0266215 -0.0783462 -0.00494441
vn 0.696725 0.431943 0.572713
v -0.0254716 -0.0901125 0.00359283
vn 0.582511 0.804587 0.115415
v -0.0169242 -0.083419 -0.0122774
vn 0.62856 0.437752 0.642873
v -0.0254716 -0.0901125 0.00359283
vn 0.582511 0.804587 0.115415
v -0.0144483 -0.095879 -0.00474281
vn 0.48488 0.853208 0.192166
v -0.0144483 -0.095879 -0.00474281
vn 0.48488 0.853208 0.192166
v -0.0254716 -0.0901125 0.00359283
vn 0.582511 0.804587 0.115415
v -0.0190176 -0.0885348 0.0134744
vn 0.363807 0.893422 -0.263519
v -0.0144483 -0.095879 -0.00474281
vn 0.48488 0.853208 0.192166
v -0.0190176 -0.0885348 0.0134744
vn 0.363807 0.893422 -0.263519
v -0.00824276 -0.0941713 0.00532662
vn 0.267517 0.944803 -0.189163
v -0.0190176 -0.0885348 0.0134744
vn 0.363807 0.893422 -0.263519
v -0.0291028 -0.0811833 0.0211228
vn 0.453209 0.827541 -0.331327
v -0.0216667 -0.0827927 0.0302331
vn 0.138716 0.751503 -0.644981
v -0.0190176 -0.0885348 0.0134744
vn 0.363807 0.893422 -0.263519
v -0.0216667 -0.0827927 0.0302331
vn 0.138716 0.751503 -0.644981
v -0.0113489 -0.0903137 0.0224083
vn 0.0601552 0.812027 -0.580512
v -0.0113489 -0.0903137 0.0224083
vn 0.0601552 0.812027 -0.580512
v -0.0216667 -0.0827927 0.0302331
vn 0.138716 0.751503 -0.644981
v -0.012429 -0.0720613 0.0329403
vn -0.299054 0.41514 -0.859201
v -0.0113489 -0.0903137 0.0224083
vn 0.0601552 0.812027 -0.580512
v -0.012429 -0.0720613 0.0329403
vn -0.299054 0.41514 -0.859201
v -0.00335238 -0.0786776 0.0260567
vn -0.342553 0.44826 -0.825664
v -0.00335238 -0.0786776 0.0260567
vn -0.342553 0.44826 -0.825664
v -0.012429 -0.0720613 0.0329403
vn -0.299054 0.41514 -0.859201
v -0.00543011 -0.0659824 0.0329348
vn -0.544031 0.10709 -0.832203
v -0.00335238 -0.0786776 0.0260567
vn -0.342553 0.44826 -0.825664
v -0.00543011 -0.0659824 0.0329348
vn -0.544031 0.10709 -0.832203
v 0.00305137 -0.0721648 0.0265026
vn -0.56158 0.120293 -0.818631
v 0.00305137 -0.0721648 0.0265026
vn -0.56158 0.120293 -0.818631
v -0.00543011 -0.0659824 0.0329348
vn -0.544031 0.10709 -0.832203
v -0.00202488 -0.056192 0.0265422
vn -0.736224 -0.381196 -0.559163
v 0.00305137 -0.0721648 0.0265026
vn -0.56158 0.120293 -0.818631
v -0.00202488 -0.056192 0.0265422
vn -0.736224 -0.381196 -0.559163
v 0.00625998 -0.0615624 0.0199357
vn -0.69225 -0.4057 -0.596822
v 0.00625998 -0.0615624 0.0199357
vn -0.69225 -0.4057 -0.596822
v -0.00202488 -0.056192 0.0265422
vn -0.736224 -0.381196 -0.559163
v -0.00326832 -0.0470334 0.0159674
vn -0.650245 -0.745925 -0.144145
v 0.00625998 -0.0615624 0.0199357
vn -0.69225 -0.4057 -0.596822
v -0.00326832 -0.0470334 0.0159674
vn -0.650245 -0.745925 -0.144145
v 0.00550605 -0.0517756 0.00879312
vn -0.543614 -0.809078 -0.223332
v 0.00550605 -0.0517756 0.00879312
vn -0.543614 -0.809078 -0.223332
v -0.00326832 -0.0470334 0.0159674
vn -0.650245 -0.745925 -0.144145
v -0.00740171 -0.0464915 0.00520505
vn -0.370009 -0.892304 0.258624
v 0.00550605 -0.0517756 0.00879312
vn -0.543614 -0.809078 -0.223332
v -0.00740171 -0.0464915 0.00520505
vn -0.370009 -0.892304 0.258624
v 0.00238372 -0.0514053 -0.00219232
vn -0.246153 -0.954049 0.170879
v 0.00238372 -0.0514053 -0.00219232
vn -0.246153 -0.954049 0.170879
v -0.00740171 -0.0464915 0.00520505
vn -0.370009 -0.892304 0.258624
v -0.0165861 -0.0468437 -0.00177564
vn -0.0503987 -0.752732 0.656396
v 0.00238372 -0.0514053 -0.00219232
vn -0.246153 -0.954049 0.170879
v -0.0165861 -0.0468437 -0.00177564
vn -0.0503987 -0.752732 0.656396
v -0.00729551 -0.0515933 -0.0082622
vn 0.0504944 -0.816584 0.575014
v -0.00729551 -0.0515933 -0.0082622
vn 0.0504944 -0.816584 0.575014
v -0.0165861 -0.0468437 -0.00177564
vn -0.0503987 -0.752732 0.656396
v -0.0264861 -0.0558436 -0.00604705
vn 0.332826 -0.391026 0.858094
v -0.00729551 -0.0515933 -0.0082622
vn 0.0504944 -0.816584 0.575014
v -0.0264861 -0.0558436 -0.00604705
vn 0.332826 -0.391026 0.858094
v -0.0178838 -0.0612186 -0.0122307
vn 0.377406 -0.40992 0.830379
v -0.0178838 -0.0612186 -0.0122307
vn 0.377406 -0.40992 0.830379
v -0.0264861 -0.0558436 -0.00604705
vn 0.332826 -0.391026 0.858094
v -0.0336755 -0.0655801 -0.0046961
vn 0.647355 0.08989 0.756869
v -0.0178838 -0.0612186 -0.0122307
vn 0.377406 -0.40992 0.830379
v -0.0336755 -0.0655801 -0.0046961
vn 0.647355 0.08989 0.756869
v -0.025194 -0.0717626 -0.0111283
vn 0.623013 0.115533 0.773632
v -0.025194 -0.0717626 -0.0111283
vn 0.623013 0.115533 0.773632
v -0.0336755 -0.0655801 -0.0046961
vn 0.647355 0.08989 0.756869
v -0.0356982 -0.0717299 0.00193918
vn 0.745681 0.40026 0.532684
v -0.025194 -0.0717626 -0.0111283
vn 0.623013 0.115533 0.773632
v -0.0356982 -0.0717299 0.00193918
vn 0.745681 0.40026 0.532684
v -0.0266215 -0.0783462 -0.00494441
vn 0.696725 0.431943 0.572713
v -0.0266215 -0.0783462 -0.00494441
vn 0.696725 0.431943 0.572713
v -0.0356982 -0.0717299 0.00193918
vn 0.745681 0.40026 0.532684
v -0.0357894 -0.0825916 0.0114177
vn 0.665734 0.743997 0.0571567
v -0.0266215 -0.0783462 -0.00494441
vn 0.696725 0.431943 0.572713
v -0.0357894 -0.0825916 0.0114177
vn 0.665734 0.743997 0.0571567
v -0.0254716 -0.0901125 0.00359283
vn 0.582511 0.804587 0.115415
v -0.0254716 -0.0901125 0.00359283
vn 0.582511 0.804587 0.115415
v -0.0357894 -0.0825916 0.0114177
vn 0.665734 0.743997 0.0571567
v -0.0291028 -0.0811833 0.0211228
vn 0.453209 0.827541 -0.331327
v -0.0254716 -0.0901125 0.00359283
vn 0.582511 0.804587 0.115415
v -0.0291028 -0.0811833 0.0211228
vn 0.453209 0.827541 -0.331327
v -0.0190176 -0.0885348 0.0134744
vn 0.363807 0.893422 -0.263519
v -0.0291028 -0.0811833 0.0211228
vn 0.453209 0.827541 -0.331327
v -0.0383258 -0.0722428 0.0281411
vn 0.53489 0.747702 -0.39349
v -0.0311023 -0.073646 0.0374132
vn 0.210582 0.678508 -0.703763
v -0.0291028 -0.0811833 0.0211228
vn 0.453209 0.827541 -0.331327
v -0.0311023 -0.073646 0.0374132
vn 0.210582 0.678508 -0.703763
v -0.0216667 -0.0827927 0.0302331
vn 0.138716 0.751503 -0.644981
v -0.0216667 -0.0827927 0.0302331
vn 0.138716 0.751503 -0.644981
v -0.0311023 -0.073646 0.0374132
vn 0.210582 0.678508 -0.703763
v -0.0207297 -0.0640148 0.0392568
vn -0.259256 0.375442 -0.889848
v -0.0216667 -0.0827927 0.0302331
vn 0.138716 0.751503 -0.644981
v -0.0207297 -0.0640148 0.0392568
vn -0.259256 0.375442 -0.889848
v -0.012429 -0.0720613 0.0329403
vn -0.299054 0.41514 -0.859201
v -0.012429 -0.0720613 0.0329403
vn -0.299054 0.41514 -0.859201
v -0.0207297 -0.0640148 0.0392568
vn -0.259256 0.375442 -0.889848
v -0.0131865 -0.0584635 0.038837
vn -0.536313 0.0948238 -0.838676
v -0.012429 -0.0720613 0.0329403
vn -0.299054 0.41514 -0.859201
v -0.0131865 -0.0584635 0.038837
vn -0.536313 0.0948238 -0.838676
v -0.00543011 -0.0659824 0.0329348
vn -0.544031 0.10709 -0.832203
v -0.00543011 -0.0659824 0.0329348
vn -0.544031 0.10709 -0.832203
v -0.0131865 -0.0584635 0.038837
vn -0.536313 0.0948238 -0.838676
v -0.00881171 -0.049613 0.0317067
vn -0.780592 -0.349274 -0.518347
v -0.00543011 -0.0659824 0.0329348
vn -0.544031 0.10709 -0.832203
v -0.00881171 -0.049613 0.0317067
vn -0.780592 -0.349274 -0.518347
v -0.00202488 -0.056192 0.0265422
vn -0.736224 -0.381196 -0.559163
v -0.00202488 -0.056192 0.0265422
vn -0.736224 -0.381196 -0.559163
v -0.00881171 -0.049613 0.0317067
vn -0.780592 -0.349274 -0.518347
v -0.00967092 -0.0413501 0.0209554
vn -0.750169 -0.6594 -0.049372
v -0.00202488 -0.056192 0.0265422
vn -0.736224 -0.381196 -0.559163
v -0.00967092 -0.0413501 0.0209554
vn -0.750169 -0.6594 -0.049372
v -0.00326832 -0.0470334 0.0159674
vn -0.650245 -0.745925 -0.144145
v -0.00326832 -0.0470334 0.0159674
vn -0.650245 -0.745925 -0.144145
v -0.00967092 -0.0413501 0.0209554
vn -0.750169 -0.6594 -0.049372
v -0.0147474 -0.0406209 0.0107814
vn -0.507626 -0.780767 0.364306
v -0.00326832 -0.0470334 0.0159674
vn -0.650245 -0.745925 -0.144145
v -0.0147474 -0.0406209 0.0107814
vn -0.507626 -0.780767 0.364306
v -0.00740171 -0.0464915 0.00520505
vn -0.370009 -0.892304 0.258624
v -0.00740171 -0.0464915 0.00520505
vn -0.370009 -0.892304 0.258624
v -0.0147474 -0.0406209 0.0107814
vn -0.507626 -0.780767 0.364306
v -0.0231054 -0.0411587 0.00305691
vn -0.162298 -0.671776 0.722756
v -0.00740171 -0.0464915 0.00520505
vn -0.370009 -0.892304 0.258624
v -0.0231054 -0.0411587 0.00305691
vn -0.162298 -0.671776 0.722756
v -0.0165861 -0.0468437 -0.00177564
vn -0.0503987 -0.752732 0.656396
v -0.0165861 -0.0468437 -0.00177564
vn -0.0503987 -0.752732 0.656396
v -0.0231054 -0.0411587 0.00305691
vn -0.162298 -0.671776 0.722756
v -0.0332729 -0.0492646 -0.000882589
vn 0.279568 -0.363986 0.888457
v -0.0165861 -0.0468437 -0.00177564
vn -0.0503987 -0.752732 0.656396
v -0.0332729 -0.0492646 -0.000882589
vn 0.279568 -0.363986 0.888457
v -0.0264861 -0.0558436 -0.00604705
vn 0.332826 -0.391026 0.858094
v -0.0264861 -0.0558436 -0.00604705
vn 0.332826 -0.391026 0.858094
v -0.0332729 -0.0492646 -0.000882589
vn 0.279568 -0.363986 0.888457
v -0.0414319 -0.0580612 0.00120613
vn 0.656414 0.0778366 0.750375
v -0.0264861 -0.0558436 -0.00604705
vn 0.332826 -0.391026 0.858094
v -0.0414319 -0.0580612 0.00120613
vn 0.656414 0.0778366 0.750375
v -0.0336755 -0.0655801 -0.0046961
vn 0.647355 0.08989 0.756869
v -0.0336755 -0.0655801 -0.0046961
vn 0.647355 0.08989 0.756869
v -0.0414319 -0.0580612 0.00120613
vn 0.656414 0.0778366 0.750375
v -0.0439989 -0.0636834 0.00825561
vn 0.785816 0.360557 0.502485
v -0.0336755 -0.0655801 -0.0046961
vn 0.647355 0.08989 0.756869
v -0.0439989 -0.0636834 0.00825561
vn 0.785816 0.360557 0.502485
v -0.0356982 -0.0717299 0.00193918
vn 0.745681 0.40026 0.532684
v -0.0356982 -0.0717299 0.00193918
vn 0.745681 0.40026 0.532684
v -0.0439989 -0.0636834 0.00825561
vn 0.785816 0.360557 0.502485
v -0.045225 -0.0734448 0.0185978
vn 0.741497 0.670947 0.0035679
v -0.0356982 -0.0717299 0.00193918
vn 0.745681 0.40026 0.532684
v -0.045225 -0.0734448 0.0185978
vn 0.741497 0.670947 0.0035679
v -0.0357894 -0.0825916 0.0114177
vn 0.665734 0.743997 0.0571567
v -0.0357894 -0.0825916 0.0114177
vn 0.665734 0.743997 0.0571567
v -0.045225 -0.0734448 0.0185978
vn 0.741497 0.670947 0.0035679
v -0.0383258 -0.0722428 0.0281411
vn 0.53489 0.747702 -0.39349
v -0.0357894 -0.0825916 0.0114177
vn 0.665734 0.743997 0.0571567
v -0.0383258 -0.0722428 0.0281411
vn 0.53489 0.747702 -0.39349
v -0.0291028 -0.0811833 0.0211228
vn 0.453209 0.827541 -0.331327
v -0.0383258 -0.0722428 0.0281411
vn 0.53489 0.747702 -0.39349
v -0.0465288 -0.0618659 0.0344091
vn 0.607493 0.655267 -0.448973
v -0.0394945 -0.0630298 0.0438258
vn 0.274597 0.594283 -0.755926
v -0.0383258 -0.0722428 0.0281411
vn 0.53489 0.747702 -0.39349
v -0.0394945 -0.0630298 0.0438258
vn 0.274597 0.594283 -0.755926
v -0.0311023 -0.073646 0.0374132
vn 0.210582 0.678508 -0.703763
v -0.0311023 -0.073646 0.0374132
vn 0.210582 0.678508 -0.703763
v -0.0394945 -0.0630298 0.0438258
vn 0.274597 0.594283 -0.755926
v -0.0281124 -0.0546757 0.044898
vn -0.223819 0.329752 -0.917152
v -0.0311023 -0.073646 0.0374132
vn 0.210582 0.678508 -0.703763
v -0.0281124 -0.0546757 0.044898
vn -0.223819 0.329752 -0.917152
v -0.0207297 -0.0640148 0.0392568
vn -0.259256 0.375442 -0.889848
v -0.0207297 -0.0640148 0.0392568
vn -0.259256 0.375442 -0.889848
v -0.0281124 -0.0546757 0.044898
vn -0.223819 0.329752 -0.917152
v -0.0200851 -0.0497368 0.0441083
vn -0.529682 0.0822159 -0.844202
v -0.0207297 -0.0640148 0.0392568
vn -0.259256 0.375442 -0.889848
v -0.0200851 -0.0497368 0.0441083
vn -0.529682 0.0822159 -0.844202
v -0.0131865 -0.0584635 0.038837
vn -0.536313 0.0948238 -0.838676
v -0.0131865 -0.0584635 0.038837
vn -0.536313 0.0948238 -0.838676
v -0.0200851 -0.0497368 0.0441083
vn -0.529682 0.0822159 -0.844202
v -0.014848 -0.0419771 0.0363191
vn -0.816372 -0.3069 -0.489233
v -0.0131865 -0.0584635 0.038837
vn -0.536313 0.0948238 -0.838676
v -0.014848 -0.0419771 0.0363191
vn -0.816372 -0.3069 -0.489233
v -0.00881171 -0.049613 0.0317067
vn -0.780592 -0.349274 -0.518347
v -0.00881171 -0.049613 0.0317067
vn -0.780592 -0.349274 -0.518347
v -0.014848 -0.0419771 0.0363191
vn -0.816372 -0.3069 -0.489233
v -0.0148125 -0.0348459 0.0248842
vn -0.821444 -0.57022 0.0089214
v -0.00881171 -0.049613 0.0317067
vn -0.780592 -0.349274 -0.518347
v -0.0148125 -0.0348459 0.0248842
vn -0.821444 -0.57022 0.0089214
v -0.00967092 -0.0413501 0.0209554
vn -0.750169 -0.6594 -0.049372
v -0.00967092 -0.0413501 0.0209554
vn -0.750169 -0.6594 -0.049372
v -0.0148125 -0.0348459 0.0248842
vn -0.821444 -0.57022 0.0089214
v -0.0199494 -0.0340701 0.014756
vn -0.604478 -0.659698 0.446547
v -0.00967092 -0.0413501 0.0209554
vn -0.750169 -0.6594 -0.049372
v -0.0199494 -0.0340701 0.014756
vn -0.604478 -0.659698 0.446547
v -0.0147474 -0.0406209 0.0107814
vn -0.507626 -0.780767 0.364306
v -0.0147474 -0.0406209 0.0107814
vn -0.507626 -0.780767 0.364306
v -0.0199494 -0.0340701 0.014756
vn -0.604478 -0.659698 0.446547
v -0.028247 -0.0346546 0.00698569
vn -0.243645 -0.578793 0.778226
v -0.0147474 -0.0406209 0.0107814
vn -0.507626 -0.780767 0.364306
v -0.028247 -0.0346546 0.00698569
vn -0.243645 -0.578793 0.778226
v -0.0231054 -0.0411587 0.00305691
vn -0.162298 -0.671776 0.722756
v -0.0231054 -0.0411587 0.00305691
vn -0.162298 -0.671776 0.722756
v -0.028247 -0.0346546 0.00698569
vn -0.243645 -0.578793 0.778226
v -0.0393092 -0.0416287 0.00372981
vn 0.238548 -0.321925 0.91622
v -0.0231054 -0.0411587 0.00305691
vn -0.162298 -0.671776 0.722756
v -0.0393092 -0.0416287 0.00372981
vn 0.238548 -0.321925 0.91622
v -0.0332729 -0.0492646 -0.000882589
vn 0.279568 -0.363986 0.888457
v -0.0332729 -0.0492646 -0.000882589
vn 0.279568 -0.363986 0.888457
v -0.0393092 -0.0416287 0.00372981
vn 0.238548 -0.321925 0.91622
v -0.0483305 -0.0493345 0.00647745
vn 0.663443 0.0652228 0.745379
v -0.0332729 -0.0492646 -0.000882589
vn 0.279568 -0.363986 0.888457
v -0.0483305 -0.0493345 0.00647745
vn 0.663443 0.0652228 0.745379
v -0.0414319 -0.0580612 0.00120613
vn 0.656414 0.0778366 0.750375
v -0.0414319 -0.0580612 0.00120613
vn 0.656414 0.0778366 0.750375
v -0.0483305 -0.0493345 0.00647745
vn 0.663443 0.0652228 0.745379
v -0.0513816 -0.0543443 0.0138968
vn 0.821462 0.314865 0.475458
v -0.0414319 -0.0580612 0.00120613
vn 0.656414 0.0778366 0.750375
v -0.0513816 -0.0543443 0.0138968
vn 0.821462 0.314865 0.475458
v -0.0439989 -0.0636834 0.00825561
vn 0.785816 0.360557 0.502485
v -0.0439989 -0.0636834 0.00825561
vn 0.785816 0.360557 0.502485
v -0.0513816 -0.0543443 0.0138968
vn 0.821462 0.314865 0.475458
v -0.0536172 -0.0628287 0.0250104
vn 0.808598 0.586678 -0.0444851
v -0.0439989 -0.0636834 0.00825561
vn 0.785816 0.360557 0.502485
v -0.0536172 -0.0628287 0.0250104
vn 0.808598 0.586678 -0.0444851
v -0.045225 -0.0734448 0.0185978
vn 0.741497 0.670947 0.0035679
v -0.045225 -0.0734448 0.0185978
vn 0.741497 0.670947 0.0035679
v -0.0536172 -0.0628287 0.0250104
vn 0.808598 0.586678 -0.0444851
v -0.0465288 -0.0618659 0.0344091
vn 0.607493 0.655267 -0.448973
v -0.045225 -0.0734448 0.0185978
vn 0.741497 0.670947 0.0035679
v -0.0465288 -0.0618659 0.0344091
vn 0.607493 0.655267 -0.448973
v -0.0383258 -0.0722428 0.0281411
vn 0.53489 0.747702 -0.39349
v -0.0465288 -0.0618659 0.0344091
vn 0.607493 0.655267 -0.448973
v -0.0535714 -0.0502306 0.0398196
vn 0.669811 0.551805 -0.496855
v -0.0466995 -0.0511261 0.0493611
vn 0.329737 0.500236 -0.800648
v -0.0465288 -0.0618659 0.0344091
vn 0.607493 0.655267 -0.448973
v -0.0466995 -0.0511261 0.0493611
vn 0.329737 0.500236 -0.800648
v -0.0394945 -0.0630298 0.0438258
vn 0.274597 0.594283 -0.755926
v -0.0394945 -0.0630298 0.0438258
vn 0.274597 0.594283 -0.755926
v -0.0466995 -0.0511261 0.0493611
vn 0.329737 0.500236 -0.800648
v -0.0344508 -0.0442038 0.0497674
vn -0.193345 0.278769 -0.940694
v -0.0394945 -0.0630298 0.0438258
vn 0.274597 0.594283 -0.755926
v -0.0344508 -0.0442038 0.0497674
vn -0.193345 0.278769 -0.940694
v -0.0281124 -0.0546757 0.044898
vn -0.223819 0.329752 -0.917152
v -0.0281124 -0.0546757 0.044898
vn -0.223819 0.329752 -0.917152
v -0.0344508 -0.0442038 0.0497674
vn -0.193345 0.278769 -0.940694
v -0.0260078 -0.0399516 0.0486585
vn -0.524027 0.0693296 -0.848875
v -0.0281124 -0.0546757 0.044898
vn -0.223819 0.329752 -0.917152
v -0.0260078 -0.0399516 0.0486585
vn -0.524027 0.0693296 -0.848875
v -0.0200851 -0.0497368 0.0441083
vn -0.529682 0.0822159 -0.844202
v -0.0200851 -0.0497368 0.0441083
vn -0.529682 0.0822159 -0.844202
v -0.0260078 -0.0399516 0.0486585
vn -0.524027 0.0693296 -0.848875
v -0.0200303 -0.033415 0.0403005
vn -0.847455 -0.255432 -0.465376
v -0.0200851 -0.0497368 0.0441083
vn -0.529682 0.0822159 -0.844202
v -0.0200303 -0.033415 0.0403005
vn -0.847455 -0.255432 -0.465376
v -0.014848 -0.0419771 0.0363191
vn -0.816372 -0.3069 -0.489233
v -0.014848 -0.0419771 0.0363191
vn -0.816372 -0.3069 -0.489233
v -0.0200303 -0.033415 0.0403005
vn -0.847455 -0.255432 -0.465376
v -0.0192268 -0.0275529 0.0282755
vn -0.886627 -0.459943 0.0484237
v -0.014848 -0.0419771 0.0363191
vn -0.816372 -0.3069 -0.489233
v -0.0192268 -0.0275529 0.0282755
vn -0.886627 -0.459943 0.0484237
v -0.0148125 -0.0348459 0.0248842
vn -0.821444 -0.57022 0.0089214
v -0.0148125 -0.0348459 0.0248842
vn -0.821444 -0.57022 0.0089214
v -0.0192268 -0.0275529 0.0282755
vn -0.886627 -0.459943 0.0484237
v -0.0243919 -0.0267009 0.0181693
vn -0.680308 -0.525418 0.510996
v -0.0148125 -0.0348459 0.0248842
vn -0.821444 -0.57022 0.0089214
v -0.0243919 -0.0267009 0.0181693
vn -0.680308 -0.525418 0.510996
v -0.0199494 -0.0340701 0.014756
vn -0.604478 -0.659698 0.446547
v -0.0199494 -0.0340701 0.014756
vn -0.604478 -0.659698 0.446547
v -0.0243919 -0.0267009 0.0181693
vn -0.680308 -0.525418 0.510996
v -0.0326612 -0.0273616 0.010377
vn -0.298007 -0.475153 0.827902
v -0.0199494 -0.0340701 0.014756
vn -0.604478 -0.659698 0.446547
v -0.0326612 -0.0273616 0.010377
vn -0.298007 -0.475153 0.827902
v -0.028247 -0.0346546 0.00698569
vn -0.243645 -0.578793 0.778226
v -0.028247 -0.0346546 0.00698569
vn -0.243645 -0.578793 0.778226
v -0.0326612 -0.0273616 0.010377
vn -0.298007 -0.475153 0.827902
v -0.0444915 -0.0330666 0.00771117
vn 0.206504 -0.273077 0.939566
v -0.028247 -0.0346546 0.00698569
vn -0.243645 -0.578793 0.778226
v -0.0444915 -0.0330666 0.00771117
vn 0.206504 -0.273077 0.939566
v -0.0393092 -0.0416287 0.00372981
vn 0.238548 -0.321925 0.91622
v -0.0393092 -0.0416287 0.00372981
vn 0.238548 -0.321925 0.91622
v -0.0444915 -0.0330666 0.00771117
vn 0.206504 -0.273077 0.939566
v -0.0542531 -0.0395494 0.0110276
vn 0.669376 0.0523323 0.741078
v -0.0393092 -0.0416287 0.00372981
vn 0.238548 -0.321925 0.91622
v -0.0542531 -0.0395494 0.0110276
vn 0.669376 0.0523323 0.741078
v -0.0483305 -0.0493345 0.00647745
vn 0.663443 0.0652228 0.745379
v -0.0483305 -0.0493345 0.00647745
vn 0.663443 0.0652228 0.745379
v -0.0542531 -0.0395494 0.0110276
vn 0.669376 0.0523323 0.741078
v -0.0577199 -0.0438724 0.0187663
vn 0.852054 0.26388 0.452074
v -0.0483305 -0.0493345 0.00647745
vn 0.663443 0.0652228 0.745379
v -0.0577199 -0.0438724 0.0187663
vn 0.852054 0.26388 0.452074
v -0.0513816 -0.0543443 0.0138968
vn 0.821462 0.314865 0.475458
v -0.0513816 -0.0543443 0.0138968
vn 0.821462 0.314865 0.475458
v -0.0577199 -0.0438724 0.0187663
vn 0.852054 0.26388 0.452074
v -0.0608222 -0.050925 0.0305456
vn 0.865974 0.492599 -0.0862276
v -0.0513816 -0.0543443 0.0138968
vn 0.821462 0.314865 0.475458
v -0.0608222 -0.050925 0.0305456
vn 0.865974 0.492599 -0.0862276
v -0.0536172 -0.0628287 0.0250104
vn 0.808598 0.586678 -0.0444851
v -0.0536172 -0.0628287 0.0250104
vn 0.808598 0.586678 -0.0444851
v -0.0608222 -0.050925 0.0305456
vn 0.865974 0.492599 -0.0862276
v -0.0535714 -0.0502306 0.0398196
vn 0.669811 0.551805 -0.496855
v -0.0536172 -0.0628287 0.0250104
vn 0.808598 0.586678 -0.0444851
v -0.0535714 -0.0502306 0.0398196
vn 0.669811 0.551805 -0.496855
v -0.0465288 -0.0618659 0.0344091
vn 0.607493 0.655267 -0.448973
v -0.0535714 -0.0502306 0.0398196
vn 0.669811 0.551805 -0.496855
v -0.0593331 -0.0375357 0.04428
vn 0.72081 0.439058 -0.53634
v -0.0525941 -0.0381385 0.0539243
vn 0.375118 0.397915 -0.837228
v -0.0535714 -0.0502306 0.0398196
vn 0.669811 0.551805 -0.496855
v -0.0525941 -0.0381385 0.0539243
vn 0.375118 0.397915 -0.837228
v -0.0466995 -0.0511261 0.0493611
vn 0.329737 0.500236 -0.800648
v -0.0466995 -0.0511261 0.0493611
vn 0.329737 0.500236 -0.800648
v -0.0525941 -0.0381385 0.0539243
vn 0.375118 0.397915 -0.837228
v -0.0396363 -0.0327784 0.0537818
vn -0.168361 0.223295 -0.960101
v -0.0466995 -0.0511261 0.0493611
vn 0.329737 0.500236 -0.800648
v -0.0396363 -0.0327784 0.0537818
vn -0.168361 0.223295 -0.960101
v -0.0344508 -0.0442038 0.0497674
vn -0.193345 0.278769 -0.940694
v -0.0344508 -0.0442038 0.0497674
vn -0.193345 0.278769 -0.940694
v -0.0396363 -0.0327784 0.0537818
vn -0.168361 0.223295 -0.960101
v -0.0308533 -0.0292754 0.0524096
vn -0.519557 0.0552852 -0.852645
v -0.0344508 -0.0442038 0.0497674
vn -0.193345 0.278769 -0.940694
v -0.0308533 -0.0292754 0.0524096
vn -0.519557 0.0552852 -0.852645
v -0.0260078 -0.0399516 0.0486585
vn -0.524027 0.0693296 -0.848875
v -0.0260078 -0.0399516 0.0486585
vn -0.524027 0.0693296 -0.848875
v -0.0308533 -0.0292754 0.0524096
vn -0.519557 0.0552852 -0.852645
v -0.0242701 -0.0240734 0.0435827
vn -0.869465 -0.193668 -0.454449
v -0.0260078 -0.0399516 0.0486585
vn -0.524027 0.0693296 -0.848875
v -0.0242701 -0.0240734 0.0435827
vn -0.869465 -0.193668 -0.454449
v -0.0200303 -0.033415 0.0403005
vn -0.847455 -0.255432 -0.465376
v -0.0200303 -0.033415 0.0403005
vn -0.847455 -0.255432 -0.465376
v -0.0242701 -0.0240734 0.0435827
vn -0.869465 -0.193668 -0.454449
v -0.0228596 -0.0188704 0.0309919
vn -0.943388 -0.323755 0.072129
v -0.0200303 -0.033415 0.0403005
vn -0.847455 -0.255432 -0.465376
v -0.0228596 -0.0188704 0.0309919
vn -0.943388 -0.323755 0.072129
v -0.0192268 -0.0275529 0.0282755
vn -0.886627 -0.459943 0.0484237
v -0.0192268 -0.0275529 0.0282755
vn -0.886627 -0.459943 0.0484237
v -0.0228596 -0.0188704 0.0309919
vn -0.943388 -0.323755 0.072129
v -0.0279972 -0.0170588 0.0209785
vn -0.74748 -0.346924 0.566496
v -0.0192268 -0.0275529 0.0282755
vn -0.886627 -0.459943 0.0484237
v -0.0279972 -0.0170588 0.0209785
vn -0.74748 -0.346924 0.566496
v -0.0243919 -0.0267009 0.0181693
vn -0.680308 -0.525418 0.510996
v -0.0243919 -0.0267009 0.0181693
vn -0.680308 -0.525418 0.510996
v -0.0279972 -0.0170588 0.0209785
vn -0.74748 -0.346924 0.566496
v -0.036195 -0.0186805 0.0132253
vn -0.336425 -0.332738 0.880967
v -0.0243919 -0.0267009 0.0181693
vn -0.680308 -0.525418 0.510996
v -0.036195 -0.0186805 0.0132253
vn -0.336425 -0.332738 0.880967
v -0.0326612 -0.0273616 0.010377
vn -0.298007 -0.475153 0.827902
v -0.0326612 -0.0273616 0.010377
vn -0.298007 -0.475153 0.827902
v -0.036195 -0.0186805 0.0132253
vn -0.336425 -0.332738 0.880967
v -0.0487314 -0.023725 0.0109934
vn 0.185434 -0.211746 0.959572
v -0.0326612 -0.0273616 0.010377
vn -0.298007 -0.475153 0.827902
v -0.0487314 -0.023725 0.0109934
vn 0.185434 -0.211746 0.959572
v -0.0444915 -0.0330666 0.00771117
vn 0.206504 -0.273077 0.939566
v -0.0444915 -0.0330666 0.00771117
vn 0.206504 -0.273077 0.939566
v -0.0487314 -0.023725 0.0109934
vn 0.185434 -0.211746 0.959572
v -0.0590986 -0.0288732 0.0147787
vn 0.674314 0.0391795 0.737405
v -0.0444915 -0.0330666 0.00771117
vn 0.206504 -0.273077 0.939566
v -0.0590986 -0.0288732 0.0147787
vn 0.674314 0.0391795 0.737405
v -0.0542531 -0.0395494 0.0110276
vn 0.669376 0.0523323 0.741078
v -0.0542531 -0.0395494 0.0110276
vn 0.669376 0.0523323 0.741078
v -0.0590986 -0.0288732 0.0147787
vn 0.674314 0.0391795 0.737405
v -0.0629055 -0.032447 0.0227806
vn 0.877096 0.208405 0.432746
v -0.0542531 -0.0395494 0.0110276
vn 0.669376 0.0523323 0.741078
v -0.0629055 -0.032447 0.0227806
vn 0.877096 0.208405 0.432746
v -0.0577199 -0.0438724 0.0187663
vn 0.852054 0.26388 0.452074
v -0.0577199 -0.0438724 0.0187663
vn 0.852054 0.26388 0.452074
v -0.0629055 -0.032447 0.0227806
vn 0.877096 0.208405 0.432746
v -0.0667168 -0.0379373 0.0351089
vn 0.912722 0.390258 -0.120986
v -0.0577199 -0.0438724 0.0187663
vn 0.852054 0.26388 0.452074
v -0.0667168 -0.0379373 0.0351089
vn 0.912722 0.390258 -0.120986
v -0.0608222 -0.050925 0.0305456
vn 0.865974 0.492599 -0.0862276
v -0.0608222 -0.050925 0.0305456
vn 0.865974 0.492599 -0.0862276
v -0.0667168 -0.0379373 0.0351089
vn 0.912722 0.390258 -0.120986
v -0.0593331 -0.0375357 0.04428
vn 0.72081 0.439058 -0.53634
v -0.0608222 -0.050925 0.0305456
vn 0.865974 0.492599 -0.0862276
v -0.0593331 -0.0375357 0.04428
vn 0.72081 0.439058 -0.53634
v -0.0535714 -0.0502306 0.0398196
vn 0.669811 0.551805 -0.496855
v -0.0593331 -0.0375357 0.04428
vn 0.72081 0.439058 -0.53634
v -0.0637153 -0.0239983 0.047714
vn 0.759644 0.31892 -0.566772
v -0.0570774 -0.0242889 0.0574375
vn 0.410011 0.288993 -0.865086
v -0.0593331 -0.0375357 0.04428
vn 0.72081 0.439058 -0.53634
v -0.0570774 -0.0242889 0.0574375
vn 0.410011 0.288993 -0.865086
v -0.0525941 -0.0381385 0.0539243
vn 0.375118 0.397915 -0.837228
v -0.0525941 -0.0381385 0.0539243
vn 0.375118 0.397915 -0.837228
v -0.0570774 -0.0242889 0.0574375
vn 0.410011 0.288993 -0.865086
v -0.0435803 -0.0205948 0.0568724
vn -0.153546 0.156721 -0.975634
v -0.0525941 -0.0381385 0.0539243
vn 0.375118 0.397915 -0.837228
v -0.0435803 -0.0205948 0.0568724
vn -0.153546 0.156721 -0.975634
v -0.0396363 -0.0327784 0.0537818
vn -0.168361 0.223295 -0.960101
v -0.0396363 -0.0327784 0.0537818
vn -0.168361 0.223295 -0.960101
v -0.0435803 -0.0205948 0.0568724
vn -0.153546 0.156721 -0.975634
v -0.0345387 -0.0178908 0.0552975
vn -0.510091 0.0260164 -0.859727
v -0.0396363 -0.0327784 0.0537818
vn -0.168361 0.223295 -0.960101
v -0.0345387 -0.0178908 0.0552975
vn -0.510091 0.0260164 -0.859727
v -0.0308533 -0.0292754 0.0524096
vn -0.519557 0.0552852 -0.852645
v -0.0308533 -0.0292754 0.0524096
vn -0.519557 0.0552852 -0.852645
v -0.0345387 -0.0178908 0.0552975
vn -0.510091 0.0260164 -0.859727
v -0.0274816 -0.0130394 0.0458305
vn -0.884136 -0.137398 -0.446571
v -0.0308533 -0.0292754 0.0524096
vn -0.519557 0.0552852 -0.852645
v -0.0274816 -0.0130394 0.0458305
vn -0.884136 -0.137398 -0.446571
v -0.0242701 -0.0240734 0.0435827
vn -0.869465 -0.193668 -0.454449
v -0.0242701 -0.0240734 0.0435827
vn -0.869465 -0.193668 -0.454449
v -0.0274816 -0.0130394 0.0458305
vn -0.884136 -0.137398 -0.446571
v -0.0255913 -0.00751482 0.0327073
vn -0.976875 -0.19136 0.0953766
v -0.0242701 -0.0240734 0.0435827
vn -0.869465 -0.193668 -0.454449
v -0.0255913 -0.00751482 0.0327073
vn -0.976875 -0.19136 0.0953766
v -0.0228596 -0.0188704 0.0309919
vn -0.943388 -0.323755 0.072129
v -0.0228596 -0.0188704 0.0309919
vn -0.943388 -0.323755 0.072129
v -0.0255913 -0.00751482 0.0327073
vn -0.976875 -0.19136 0.0953766
v -0.0305343 -0.00488634 0.0230129
vn -0.784009 -0.189199 0.591214
v -0.0228596 -0.0188704 0.0309919
vn -0.943388 -0.323755 0.072129
v -0.0305343 -0.00488634 0.0230129
vn -0.784009 -0.189199 0.591214
v -0.0279972 -0.0170588 0.0209785
vn -0.74748 -0.346924 0.566496
v -0.0279972 -0.0170588 0.0209785
vn -0.74748 -0.346924 0.566496
v -0.0305343 -0.00488634 0.0230129
vn -0.784009 -0.189199 0.591214
v -0.0384885 -0.00733113 0.0155245
vn -0.36596 -0.196945 0.909553
v -0.0279972 -0.0170588 0.0209785
vn -0.74748 -0.346924 0.566496
v -0.0384885 -0.00733113 0.0155245
vn -0.36596 -0.196945 0.909553
v -0.036195 -0.0186805 0.0132253
vn -0.336425 -0.332738 0.880967
v -0.036195 -0.0186805 0.0132253
vn -0.336425 -0.332738 0.880967
v -0.0384885 -0.00733113 0.0155245
vn -0.36596 -0.196945 0.909553
v -0.0516734 -0.0126948 0.0136002
vn 0.169534 -0.149976 0.974046
v -0.036195 -0.0186805 0.0132253
vn -0.336425 -0.332738 0.880967
v -0.0516734 -0.0126948 0.0136002
vn 0.169534 -0.149976 0.974046
v -0.0487314 -0.023725 0.0109934
vn 0.185434 -0.211746 0.959572
v -0.0487314 -0.023725 0.0109934
vn 0.185434 -0.211746 0.959572
v -0.0516734 -0.0126948 0.0136002
vn 0.169534 -0.149976 0.974046
v -0.0627841 -0.0174885 0.0176666
vn 0.67825 0.0169037 0.734637
v -0.0487314 -0.023725 0.0109934
vn 0.185434 -0.211746 0.959572
v -0.0627841 -0.0174885 0.0176666
vn 0.67825 0.0169037 0.734637
v -0.0590986 -0.0288732 0.0147787
vn 0.674314 0.0391795 0.737405
v -0.0590986 -0.0288732 0.0147787
vn 0.674314 0.0391795 0.737405
v -0.0627841 -0.0174885 0.0176666
vn 0.67825 0.0169037 0.734637
v -0.0668495 -0.0202634 0.0258713
vn 0.896176 0.149335 0.417812
v -0.0590986 -0.0288732 0.0147787
vn 0.674314 0.0391795 0.737405
v -0.0668495 -0.0202634 0.0258713
vn 0.896176 0.149335 0.417812
v -0.0629055 -0.032447 0.0227806
vn 0.877096 0.208405 0.432746
v -0.0629055 -0.032447 0.0227806
vn 0.877096 0.208405 0.432746
v -0.0668495 -0.0202634 0.0258713
vn 0.896176 0.149335 0.417812
v -0.0712001 -0.0240878 0.0386221
vn 0.948098 0.28133 -0.148201
v -0.0629055 -0.032447 0.0227806
vn 0.877096 0.208405 0.432746
v -0.0712001 -0.0240878 0.0386221
vn 0.948098 0.28133 -0.148201
v -0.0667168 -0.0379373 0.0351089
vn 0.912722 0.390258 -0.120986
v -0.0667168 -0.0379373 0.0351089
vn 0.912722 0.390258 -0.120986
v -0.0712001 -0.0240878 0.0386221
vn 0.948098 0.28133 -0.148201
v -0.0637153 -0.0239983 0.047714
vn 0.759644 0.31892 -0.566772
v -0.0667168 -0.0379373 0.0351089
vn 0.912722 0.390258 -0.120986
v -0.0637153 -0.0239983 0.047714
vn 0.759644 0.31892 -0.566772
v -0.0593331 -0.0375357 0.04428
vn 0.72081 0.439058 -0.53634
v -0.0637153 -0.0239983 0.047714
vn 0.759644 0.31892 -0.566772
v -0.0666431 -0.00985038 0.0500628
vn 0.785149 0.191717 -0.588886
v -0.0600728 -0.00981474 0.0598405
vn 0.430236 0.162528 -0.887965
v -0.0637153 -0.0239983 0.047714
vn 0.759644 0.31892 -0.566772
v -0.0600728 -0.00981474 0.0598405
vn 0.430236 0.162528 -0.887965
v -0.0570774 -0.0242889 0.0574375
vn 0.410011 0.288993 -0.865086
v -0.0570774 -0.0242889 0.0574375
vn 0.410011 0.288993 -0.865086
v -0.0600728 -0.00981474 0.0598405
vn 0.430236 0.162528 -0.887965
v -0.0462154 -0.00786169 0.0589863
vn -0.162997 0.0628888 -0.98462
v -0.0570774 -0.0242889 0.0574375
vn 0.410011 0.288993 -0.865086
v -0.0462154 -0.00786169 0.0589863
vn -0.162997 0.0628888 -0.98462
v -0.0435803 -0.0205948 0.0568724
vn -0.153546 0.156721 -0.975634
v -0.0435803 -0.0205948 0.0568724
vn -0.153546 0.156721 -0.975634
v -0.0462154 -0.00786169 0.0589863
vn -0.162997 0.0628888 -0.98462
v -0.036851 -0.00474369 0.0567619
vn -0.523826 -0.0322463 -0.851215
v -0.0435803 -0.0205948 0.0568724
vn -0.153546 0.156721 -0.975634
v -0.036851 -0.00474369 0.0567619
vn -0.523826 -0.0322463 -0.851215
v -0.0345387 -0.0178908 0.0552975
vn -0.510091 0.0260164 -0.859727
v -0.0345387 -0.0178908 0.0552975
vn -0.510091 0.0260164 -0.859727
v -0.036851 -0.00474369 0.0567619
vn -0.523826 -0.0322463 -0.851215
v -0.0294686 0.000973724 0.0463825
vn -0.900525 -0.0911533 -0.425142
v -0.0345387 -0.0178908 0.0552975
vn -0.510091 0.0260164 -0.859727
v -0.0294686 0.000973724 0.0463825
vn -0.900525 -0.0911533 -0.425142
v -0.0274816 -0.0130394 0.0458305
vn -0.884136 -0.137398 -0.446571
v -0.0274816 -0.0130394 0.0458305
vn -0.884136 -0.137398 -0.446571
v -0.0294686 0.000973724 0.0463825
vn -0.900525 -0.0911533 -0.425142
v -0.0272574 0.00561573 0.0333012
vn -0.989304 -0.08858 0.115896
v -0.0274816 -0.0130394 0.0458305
vn -0.884136 -0.137398 -0.446571
v -0.0272574 0.00561573 0.0333012
vn -0.989304 -0.08858 0.115896
v -0.0255913 -0.00751482 0.0327073
vn -0.976875 -0.19136 0.0953766
v -0.0255913 -0.00751482 0.0327073
vn -0.976875 -0.19136 0.0953766
v -0.0272574 0.00561573 0.0333012
vn -0.989304 -0.08858 0.115896
v -0.0318766 0.00885088 0.0241673
vn -0.797518 -0.0676802 0.599487
v -0.0255913 -0.00751482 0.0327073
vn -0.976875 -0.19136 0.0953766
v -0.0318766 0.00885088 0.0241673
vn -0.797518 -0.0676802 0.599487
v -0.0305343 -0.00488634 0.0230129
vn -0.784009 -0.189199 0.591214
v -0.0305343 -0.00488634 0.0230129
vn -0.784009 -0.189199 0.591214
v -0.0318766 0.00885088 0.0241673
vn -0.797518 -0.0676802 0.599487
v -0.0393894 0.00578852 0.017138
vn -0.388361 -0.0951351 0.916583
v -0.0305343 -0.00488634 0.0230129
vn -0.784009 -0.189199 0.591214
v -0.0393894 0.00578852 0.017138
vn -0.388361 -0.0951351 0.916583
v -0.0384885 -0.00733113 0.0155245
vn -0.36596 -0.196945 0.909553
v -0.0384885 -0.00733113 0.0155245
vn -0.36596 -0.196945 0.909553
v -0.0393894 0.00578852 0.017138
vn -0.388361 -0.0951351 0.916583
v -0.0526146 0.00130339 0.0155455
vn 0.146904 -0.103403 0.983731
v -0.0384885 -0.00733113 0.0155245
vn -0.36596 -0.196945 0.909553
v -0.0526146 0.00130339 0.0155455
vn 0.146904 -0.103403 0.983731
v -0.0516734 -0.0126948 0.0136002
vn 0.169534 -0.149976 0.974046
v -0.0516734 -0.0126948 0.0136002
vn 0.169534 -0.149976 0.974046
v -0.0526146 0.00130339 0.0155455
vn 0.146904 -0.103403 0.983731
v -0.064701 -0.00434703 0.0196577
vn 0.660314 -0.0438938 0.749706
v -0.0516734 -0.0126948 0.0136002
vn 0.169534 -0.149976 0.974046
v -0.064701 -0.00434703 0.0196577
vn 0.660314 -0.0438938 0.749706
v -0.0627841 -0.0174885 0.0176666
vn 0.67825 0.0169037 0.734637
v -0.0627841 -0.0174885 0.0176666
vn 0.67825 0.0169037 0.734637
v -0.064701 -0.00434703 0.0196577
vn 0.660314 -0.0438938 0.749706
v -0.0694845 -0.00753026 0.0279852
vn 0.902367 0.058443 0.426988
v -0.0627841 -0.0174885 0.0176666
vn 0.67825 0.0169037 0.734637
v -0.0694845 -0.00753026 0.0279852
vn 0.902367 0.058443 0.426988
v -0.0668495 -0.0202634 0.0258713
vn 0.896176 0.149335 0.417812
v -0.0668495 -0.0202634 0.0258713
vn 0.896176 0.149335 0.417812
v -0.0694845 -0.00753026 0.0279852
vn 0.902367 0.058443 0.426988
v -0.0741955 -0.0096136 0.0410251
vn 0.972209 0.16407 -0.167009
v -0.0668495 -0.0202634 0.0258713
vn 0.896176 0.149335 0.417812
v -0.0741955 -0.0096136 0.0410251
vn 0.972209 0.16407 -0.167009
v -0.0712001 -0.0240878 0.0386221
vn 0.948098 0.28133 -0.148201
v -0.0712001 -0.0240878 0.0386221
vn 0.948098 0.28133 -0.148201
v -0.0741955 -0.0096136 0.0410251
vn 0.972209 0.16407 -0.167009
v -0.0666431 -0.00985038 0.0500628
vn 0.785149 0.191717 -0.588886
v -0.0712001 -0.0240878 0.0386221
vn 0.948098 0.28133 -0.148201
v -0.0666431 -0.00985038 0.0500628
vn 0.785149 0.191717 -0.588886
v -0.0637153 -0.0239983 0.047714
vn 0.759644 0.31892 -0.566772
v -0.0666431 -0.00985038 0.0500628
vn 0.785149 0.191717 -0.588886
v -0.0680598 0.00467776 0.0512815
vn 0.796459 0.0212929 -0.604318
v -0.0614378 0.00523874 0.060988
vn 0.422311 -0.00556237 -0.906434
v -0.0666431 -0.00985038 0.0500628
vn 0.785149 0.191717 -0.588886
v -0.0614378 0.00523874 0.060988
vn 0.422311 -0.00556237 -0.906434
v -0.0600728 -0.00981474 0.0598405
vn 0.430236 0.162528 -0.887965
v -0.0600728 -0.00981474 0.0598405
vn 0.430236 0.162528 -0.887965
v -0.0614378 0.00523874 0.060988
vn 0.422311 -0.00556237 -0.906434
v -0.0470466 0.00671029 0.0592721
vn -0.206105 -0.0492054 -0.977292
v -0.0600728 -0.00981474 0.0598405
vn 0.430236 0.162528 -0.887965
v -0.0470466 0.00671029 0.0592721
vn -0.206105 -0.0492054 -0.977292
v -0.0462154 -0.00786169 0.0589863
vn -0.162997 0.0628888 -0.98462
v -0.0462154 -0.00786169 0.0589863
vn -0.162997 0.0628888 -0.98462
v -0.0470466 0.00671029 0.0592721
vn -0.206105 -0.0492054 -0.977292
v -0.0374331 0.0111614 0.0558916
vn -0.560744 -0.0901795 -0.823064
v -0.0462154 -0.00786169 0.0589863
vn -0.162997 0.0628888 -0.98462
v -0.0374331 0.0111614 0.0558916
vn -0.560744 -0.0901795 -0.823064
v -0.036851 -0.00474369 0.0567619
vn -0.523826 -0.0322463 -0.851215
v -0.036851 -0.00474369 0.0567619
vn -0.523826 -0.0322463 -0.851215
v -0.0374331 0.0111614 0.0558916
vn -0.560744 -0.0901795 -0.823064
v -0.0301452 0.0165209 0.0452393
vn -0.91195 -0.0551077 -0.406583
v -0.036851 -0.00474369 0.0567619
vn -0.523826 -0.0322463 -0.851215
v -0.0301452 0.0165209 0.0452393
vn -0.91195 -0.0551077 -0.406583
v -0.0294686 0.000973724 0.0463825
vn -0.900525 -0.0911533 -0.425142
v -0.0294686 0.000973724 0.0463825
vn -0.900525 -0.0911533 -0.425142
v -0.0301452 0.0165209 0.0452393
vn -0.91195 -0.0551077 -0.406583
v -0.0278628 0.0194388 0.0328132
vn -0.99056 -0.00681235 0.136908
v -0.0294686 0.000973724 0.0463825
vn -0.900525 -0.0911533 -0.425142
v -0.0278628 0.0194388 0.0328132
vn -0.99056 -0.00681235 0.136908
v -0.0272574 0.00561573 0.0333012
vn -0.989304 -0.08858 0.115896
v -0.0272574 0.00561573 0.0333012
vn -0.989304 -0.08858 0.115896
v -0.0278628 0.0194388 0.0328132
vn -0.99056 -0.00681235 0.136908
v -0.0320712 0.0231052 0.0244657
vn -0.800106 0.0299873 0.599109
v -0.0272574 0.00561573 0.0333012
vn -0.989304 -0.08858 0.115896
v -0.0320712 0.0231052 0.0244657
vn -0.800106 0.0299873 0.599109
v -0.0318766 0.00885088 0.0241673
vn -0.797518 -0.0676802 0.599487
v -0.0318766 0.00885088 0.0241673
vn -0.797518 -0.0676802 0.599487
v -0.0320712 0.0231052 0.0244657
vn -0.800106 0.0299873 0.599109
v -0.0389481 0.0195967 0.0180445
vn -0.407256 -0.0137052 0.913211
v -0.0318766 0.00885088 0.0241673
vn -0.797518 -0.0676802 0.599487
v -0.0389481 0.0195967 0.0180445
vn -0.407256 -0.0137052 0.913211
v -0.0393894 0.00578852 0.017138
vn -0.388361 -0.0951351 0.916583
v -0.0393894 0.00578852 0.017138
vn -0.388361 -0.0951351 0.916583
v -0.0389481 0.0195967 0.0180445
vn -0.407256 -0.0137052 0.913211
v -0.0515464 0.0168257 0.0167269
vn 0.12726 -0.0659014 0.989678
v -0.0393894 0.00578852 0.017138
vn -0.388361 -0.0951351 0.916583
v -0.0515464 0.0168257 0.0167269
vn 0.12726 -0.0659014 0.989678
v -0.0526146 0.00130339 0.0155455
vn 0.146904 -0.103403 0.983731
v -0.0526146 0.00130339 0.0155455
vn 0.146904 -0.103403 0.983731
v -0.0515464 0.0168257 0.0167269
vn 0.12726 -0.0659014 0.989678
v -0.0638648 0.0115379 0.0206771
vn 0.624457 -0.104791 0.773998
v -0.0526146 0.00130339 0.0155455
vn 0.146904 -0.103403 0.983731
v -0.0638648 0.0115379 0.0206771
vn 0.624457 -0.104791 0.773998
v -0.064701 -0.00434703 0.0196577
vn 0.660314 -0.0438938 0.749706
v -0.064701 -0.00434703 0.0196577
vn 0.660314 -0.0438938 0.749706
v -0.0638648 0.0115379 0.0206771
vn 0.624457 -0.104791 0.773998
v -0.0698416 0.00703495 0.0289028
vn 0.881806 -0.0692468 0.466501
v -0.064701 -0.00434703 0.0196577
vn 0.660314 -0.0438938 0.749706
v -0.0698416 0.00703495 0.0289028
vn 0.881806 -0.0692468 0.466501
v -0.0694845 -0.00753026 0.0279852
vn 0.902367 0.058443 0.426988
v -0.0694845 -0.00753026 0.0279852
vn 0.902367 0.058443 0.426988
v -0.0698416 0.00703495 0.0289028
vn 0.881806 -0.0692468 0.466501
v -0.075524 0.00543936 0.0422212
vn 0.987074 -0.00905294 -0.160006
v -0.0694845 -0.00753026 0.0279852
vn 0.902367 0.058443 0.426988
v -0.075524 0.00543936 0.0422212
vn 0.987074 -0.00905294 -0.160006
v -0.0741955 -0.0096136 0.0410251
vn 0.972209 0.16407 -0.167009
v -0.0741955 -0.0096136 0.0410251
vn 0.972209 0.16407 -0.167009
v -0.075524 0.00543936 0.0422212
vn 0.987074 -0.00905294 -0.160006
v -0.0680598 0.00467776 0.0512815
vn 0.796459 0.0212929 -0.604318
v -0.0741955 -0.0096136 0.0410251
vn 0.972209 0.16407 -0.167009
v -0.0680598 0.00467776 0.0512815
vn 0.796459 0.0212929 -0.604318
v -0.0666431 -0.00985038 0.0500628
vn 0.785149 0.191717 -0.588886
v -0.0680598 0.00467776 0.0512815
vn 0.796459 0.0212929 -0.604318
v -0.0669397 0.0207398 0.0506125
vn 0.780071 -0.179289 -0.599454
v -0.0600557 0.0224677 0.0596013
vn 0.37611 -0.200116 -0.904707
v -0.0680598 0.00467776 0.0512815
vn 0.796459 0.0212929 -0.604318
v -0.0600557 0.0224677 0.0596013
vn 0.37611 -0.200116 -0.904707
v -0.0614378 0.00523874 0.060988
vn 0.422311 -0.00556237 -0.906434
v -0.0614378 0.00523874 0.060988
vn 0.422311 -0.00556237 -0.906434
v -0.0600557 0.0224677 0.0596013
vn 0.37611 -0.200116 -0.904707
v -0.0456425 0.0232416 0.0569487
vn -0.245904 -0.157835 -0.956357
v -0.0614378 0.00523874 0.060988
vn 0.422311 -0.00556237 -0.906434
v -0.0456425 0.0232416 0.0569487
vn -0.245904 -0.157835 -0.956357
v -0.0470466 0.00671029 0.0592721
vn -0.206105 -0.0492054 -0.977292
v -0.0470466 0.00671029 0.0592721
vn -0.206105 -0.0492054 -0.977292
v -0.0456425 0.0232416 0.0569487
vn -0.245904 -0.157835 -0.956357
v -0.0364002 0.0278798 0.0529315
vn -0.586068 -0.13463 -0.798999
v -0.0470466 0.00671029 0.0592721
vn -0.206105 -0.0492054 -0.977292
v -0.0364002 0.0278798 0.0529315
vn -0.586068 -0.13463 -0.798999
v -0.0374331 0.0111614 0.0558916
vn -0.560744 -0.0901795 -0.823064
v -0.0374331 0.0111614 0.0558916
vn -0.560744 -0.0901795 -0.823064
v -0.0364002 0.0278798 0.0529315
vn -0.586068 -0.13463 -0.798999
v -0.0296698 0.0321043 0.0426526
vn -0.920455 -0.0260489 -0.38998
v -0.0374331 0.0111614 0.0558916
vn -0.560744 -0.0901795 -0.823064
v -0.0296698 0.0321043 0.0426526
vn -0.920455 -0.0260489 -0.38998
v -0.0301452 0.0165209 0.0452393
vn -0.91195 -0.0551077 -0.406583
v -0.0301452 0.0165209 0.0452393
vn -0.91195 -0.0551077 -0.406583
v -0.0296698 0.0321043 0.0426526
vn -0.920455 -0.0260489 -0.38998
v -0.0275701 0.0329806 0.0314074
vn -0.985102 0.0609156 0.16082
v -0.0301452 0.0165209 0.0452393
vn -0.91195 -0.0551077 -0.406583
v -0.0275701 0.0329806 0.0314074
vn -0.985102 0.0609156 0.16082
v -0.0278628 0.0194388 0.0328132
vn -0.99056 -0.00681235 0.136908
v -0.0278628 0.0194388 0.0328132
vn -0.99056 -0.00681235 0.136908
v -0.0275701 0.0329806 0.0314074
vn -0.985102 0.0609156 0.16082
v -0.0313241 0.0368635 0.0240521
vn -0.797361 0.109909 0.593409
v -0.0278628 0.0194388 0.0328132
vn -0.99056 -0.00681235 0.136908
v -0.0313241 0.0368635 0.0240521
vn -0.797361 0.109909 0.593409
v -0.0320712 0.0231052 0.0244657
vn -0.800106 0.0299873 0.599109
v -0.0320712 0.0231052 0.0244657
vn -0.800106 0.0299873 0.599109
v -0.0313241 0.0368635 0.0240521
vn -0.797361 0.109909 0.593409
v -0.0373775 0.0331202 0.0183411
vn -0.426145 0.0533396 0.903081
v -0.0320712 0.0231052 0.0244657
vn -0.800106 0.0299873 0.599109
v -0.0373775 0.0331202 0.0183411
vn -0.426145 0.0533396 0.903081
v -0.0389481 0.0195967 0.0180445
vn -0.407256 -0.0137052 0.913211
v -0.0389481 0.0195967 0.0180445
vn -0.407256 -0.0137052 0.913211
v -0.0373775 0.0331202 0.0183411
vn -0.426145 0.0533396 0.903081
v -0.04877 0.0323764 0.0172057
vn 0.110085 -0.0360704 0.993267
v -0.0389481 0.0195967 0.0180445
vn -0.407256 -0.0137052 0.913211
v -0.04877 0.0323764 0.0172057
vn 0.110085 -0.0360704 0.993267
v -0.0515464 0.0168257 0.0167269
vn 0.12726 -0.0659014 0.989678
v -0.0515464 0.0168257 0.0167269
vn 0.12726 -0.0659014 0.989678
v -0.04877 0.0323764 0.0172057
vn 0.110085 -0.0360704 0.993267
v -0.0605625 0.028224 0.0207404
vn 0.59864 -0.149493 0.786945
v -0.0515464 0.0168257 0.0167269
vn 0.12726 -0.0659014 0.989678
v -0.0605625 0.028224 0.0207404
vn 0.59864 -0.149493 0.786945
v -0.0638648 0.0115379 0.0206771
vn 0.624457 -0.104791 0.773998
v -0.0638648 0.0115379 0.0206771
vn 0.624457 -0.104791 0.773998
v -0.0605625 0.028224 0.0207404
vn 0.59864 -0.149493 0.786945
v -0.0670488 0.0235465 0.0284293
vn 0.846772 -0.176221 0.501919
v -0.0638648 0.0115379 0.0206771
vn 0.624457 -0.104791 0.773998
v -0.0670488 0.0235465 0.0284293
vn 0.846772 -0.176221 0.501919
v -0.0698416 0.00703495 0.0289028
vn 0.881806 -0.0692468 0.466501
v -0.0698416 0.00703495 0.0289028
vn 0.881806 -0.0692468 0.466501
v -0.0670488 0.0235465 0.0284293
vn 0.846772 -0.176221 0.501919
v -0.0736297 0.022661 0.0415169
vn 0.97092 -0.208948 -0.116857
v -0.0698416 0.00703495 0.0289028
vn 0.881806 -0.0692468 0.466501
v -0.0736297 0.022661 0.0415169
vn 0.97092 -0.208948 -0.116857
v -0.075524 0.00543936 0.0422212
vn 0.987074 -0.00905294 -0.160006
v -0.075524 0.00543936 0.0422212
vn 0.987074 -0.00905294 -0.160006
v -0.0736297 0.022661 0.0415169
vn 0.97092 -0.208948 -0.116857
v -0.0669397 0.0207398 0.0506125
vn 0.780071 -0.179289 -0.599454
v -0.075524 0.00543936 0.0422212
vn 0.987074 -0.00905294 -0.160006
v -0.0669397 0.0207398 0.0506125
vn 0.780071 -0.179289 -0.599454
v -0.0680598 0.00467776 0.0512815
vn 0.796459 0.0212929 -0.604318
v -0.0669397 0.0207398 0.0506125
vn 0.780071 -0.179289 -0.599454
v -0.0630225 0.0374745 0.0478511
vn 0.736141 -0.372051 -0.565398
v -0.0557923 0.0405757 0.0554264
vn 0.307764 -0.371045 -0.876132
v -0.0669397 0.0207398 0.0506125
vn 0.780071 -0.179289 -0.599454
v -0.0557923 0.0405757 0.0554264
vn 0.307764 -0.371045 -0.876132
v -0.0600557 0.0224677 0.0596013
vn 0.37611 -0.200116 -0.904707
v -0.0600557 0.0224677 0.0596013
vn 0.37611 -0.200116 -0.904707
v -0.0557923 0.0405757 0.0554264
vn 0.307764 -0.371045 -0.876132
v -0.042241 0.0400235 0.0521518
vn -0.280674 -0.246331 -0.927655
v -0.0600557 0.0224677 0.0596013
vn 0.37611 -0.200116 -0.904707
v -0.042241 0.0400235 0.0521518
vn -0.280674 -0.246331 -0.927655
v -0.0456425 0.0232416 0.0569487
vn -0.245904 -0.157835 -0.956357
v -0.0456425 0.0232416 0.0569487
vn -0.245904 -0.157835 -0.956357
v -0.042241 0.0400235 0.0521518
vn -0.280674 -0.246331 -0.927655
v -0.0340923 0.0440128 0.0481804
vn -0.600731 -0.179188 -0.779111
v -0.0456425 0.0232416 0.0569487
vn -0.245904 -0.157835 -0.956357
v -0.0340923 0.0440128 0.0481804
vn -0.600731 -0.179188 -0.779111
v -0.0364002 0.0278798 0.0529315
vn -0.586068 -0.13463 -0.798999
v -0.0364002 0.0278798 0.0529315
vn -0.586068 -0.13463 -0.798999
v -0.0340923 0.0440128 0.0481804
vn -0.600731 -0.179188 -0.779111
v -0.0283904 0.0464172 0.039067
vn -0.927204 -0.00451132 -0.374529
v -0.0364002 0.0278798 0.0529315
vn -0.586068 -0.13463 -0.798999
v -0.0283904 0.0464172 0.039067
vn -0.927204 -0.00451132 -0.374529
v -0.0296698 0.0321043 0.0426526
vn -0.920455 -0.0260489 -0.38998
v -0.0296698 0.0321043 0.0426526
vn -0.920455 -0.0260489 -0.38998
v -0.0283904 0.0464172 0.039067
vn -0.927204 -0.00451132 -0.374529
v -0.026662 0.0454568 0.0293376
vn -0.974296 0.118153 0.191799
v -0.0296698 0.0321043 0.0426526
vn -0.920455 -0.0260489 -0.38998
v -0.026662 0.0454568 0.0293376
vn -0.974296 0.118153 0.191799
v -0.0275701 0.0329806 0.0314074
vn -0.985102 0.0609156 0.16082
v -0.0275701 0.0329806 0.0314074
vn -0.985102 0.0609156 0.16082
v -0.026662 0.0454568 0.0293376
vn -0.974296 0.118153 0.191799
v -0.0299565 0.0492581 0.0231581
vn -0.792475 0.174549 0.584394
v -0.0275701 0.0329806 0.0314074
vn -0.985102 0.0609156 0.16082
v -0.0299565 0.0492581 0.0231581
vn -0.792475 0.174549 0.584394
v -0.0313241 0.0368635 0.0240521
vn -0.797361 0.109909 0.593409
v -0.0313241 0.0368635 0.0240521
vn -0.797361 0.109909 0.593409
v -0.0299565 0.0492581 0.0231581
vn -0.792475 0.174549 0.584394
v -0.0350085 0.0455757 0.0182177
vn -0.449311 0.108698 0.886738
v -0.0313241 0.0368635 0.0240521
vn -0.797361 0.109909 0.593409
v -0.0350085 0.0455757 0.0182177
vn -0.449311 0.108698 0.886738
v -0.0373775 0.0331202 0.0183411
vn -0.426145 0.0533396 0.903081
v -0.0373775 0.0331202 0.0183411
vn -0.426145 0.0533396 0.903081
v -0.0350085 0.0455757 0.0182177
vn -0.449311 0.108698 0.886738
v -0.044823 0.0466512 0.017174
vn 0.0952694 -0.0148987 0.99534
v -0.0373775 0.0331202 0.0183411
vn -0.426145 0.0533396 0.903081
v -0.044823 0.0466512 0.017174
vn 0.0952694 -0.0148987 0.99534
v -0.04877 0.0323764 0.0172057
vn 0.110085 -0.0360704 0.993267
v -0.04877 0.0323764 0.0172057
vn 0.110085 -0.0360704 0.993267
v -0.044823 0.0466512 0.017174
vn 0.0952694 -0.0148987 0.99534
v -0.0551906 0.0443133 0.0200715
vn 0.578123 -0.196435 0.791951
v -0.04877 0.0323764 0.0172057
vn 0.110085 -0.0360704 0.993267
v -0.0551906 0.0443133 0.0200715
vn 0.578123 -0.196435 0.791951
v -0.0605625 0.028224 0.0207404
vn 0.59864 -0.149493 0.786945
v -0.0605625 0.028224 0.0207404
vn 0.59864 -0.149493 0.786945
v -0.0551906 0.0443133 0.0200715
vn 0.578123 -0.196435 0.791951
v -0.0613208 0.0402952 0.0267321
vn 0.807336 -0.263774 0.527855
v -0.0605625 0.028224 0.0207404
vn 0.59864 -0.149493 0.786945
v -0.0613208 0.0402952 0.0267321
vn 0.807336 -0.263774 0.527855
v -0.0670488 0.0235465 0.0284293
vn 0.846772 -0.176221 0.501919
v -0.0670488 0.0235465 0.0284293
vn 0.846772 -0.176221 0.501919
v -0.0613208 0.0402952 0.0267321
vn 0.807336 -0.263774 0.527855
v -0.0682444 0.0407531 0.0388366
vn 0.915195 -0.397002 -0.0693435
v -0.0670488 0.0235465 0.0284293
vn 0.846772 -0.176221 0.501919
v -0.0682444 0.0407531 0.0388366
vn 0.915195 -0.397002 -0.0693435
v -0.0736297 0.022661 0.0415169
vn 0.97092 -0.208948 -0.116857
v -0.0736297 0.022661 0.0415169
vn 0.97092 -0.208948 -0.116857
v -0.0682444 0.0407531 0.0388366
vn 0.915195 -0.397002 -0.0693435
v -0.0630225 0.0374745 0.0478511
vn 0.736141 -0.372051 -0.565398
v -0.0736297 0.022661 0.0415169
vn 0.97092 -0.208948 -0.116857
v -0.0630225 0.0374745 0.0478511
vn 0.736141 -0.372051 -0.565398
v -0.0669397 0.0207398 0.0506125
vn 0.780071 -0.179289 -0.599454
v -0.0630225 0.0374745 0.0478511
vn 0.736141 -0.372051 -0.565398
v -0.0549298 0.0547701 0.0419617
vn 0.669933 -0.552827 -0.495553
v -0.049025 0.057741 0.0486142
vn 0.263744 -0.532919 -0.804013
v -0.0630225 0.0374745 0.0478511
vn 0.736141 -0.372051 -0.565398
v -0.049025 0.057741 0.0486142
vn 0.263744 -0.532919 -0.804013
v -0.0557923 0.0405757 0.0554264
vn 0.307764 -0.371045 -0.876132
v -0.0557923 0.0405757 0.0554264
vn 0.307764 -0.371045 -0.876132
v -0.049025 0.057741 0.0486142
vn 0.263744 -0.532919 -0.804013
v -0.0376364 0.0549896 0.0457123
vn -0.30507 -0.32901 -0.893691
v -0.0557923 0.0405757 0.0554264
vn 0.307764 -0.371045 -0.876132
v -0.0376364 0.0549896 0.0457123
vn -0.30507 -0.32901 -0.893691
v -0.042241 0.0400235 0.0521518
vn -0.280674 -0.246331 -0.927655
v -0.042241 0.0400235 0.0521518
vn -0.280674 -0.246331 -0.927655
v -0.0376364 0.0549896 0.0457123
vn -0.30507 -0.32901 -0.893691
v -0.0311204 0.0581112 0.0423188
vn -0.605489 -0.231539 -0.761428
v -0.042241 0.0400235 0.0521518
vn -0.280674 -0.246331 -0.927655
v -0.0311204 0.0581112 0.0423188
vn -0.605489 -0.231539 -0.761428
v -0.0340923 0.0440128 0.0481804
vn -0.600731 -0.179188 -0.779111
v -0.0340923 0.0440128 0.0481804
vn -0.600731 -0.179188 -0.779111
v -0.0311204 0.0581112 0.0423188
vn -0.605489 -0.231539 -0.761428
v -0.0267476 0.0584917 0.0350432
vn -0.932769 0.00518054 -0.360437
v -0.0340923 0.0440128 0.0481804
vn -0.600731 -0.179188 -0.779111
v -0.0267476 0.0584917 0.0350432
vn -0.932769 0.00518054 -0.360437
v -0.0283904 0.0464172 0.039067
vn -0.927204 -0.00451132 -0.374529
v -0.0283904 0.0464172 0.039067
vn -0.927204 -0.00451132 -0.374529
v -0.0267476 0.0584917 0.0350432
vn -0.932769 0.00518054 -0.360437
v -0.0254962 0.0559551 0.0270155
vn -0.958033 0.166667 0.233226
v -0.0283904 0.0464172 0.039067
vn -0.927204 -0.00451132 -0.374529
v -0.0254962 0.0559551 0.0270155
vn -0.958033 0.166667 0.233226
v -0.026662 0.0454568 0.0293376
vn -0.974296 0.118153 0.191799
v -0.026662 0.0454568 0.0293376
vn -0.974296 0.118153 0.191799
v -0.0254962 0.0559551 0.0270155
vn -0.958033 0.166667 0.233226
v -0.0283366 0.0596572 0.0220533
vn -0.788224 0.22635 0.572249
v -0.026662 0.0454568 0.0293376
vn -0.974296 0.118153 0.191799
v -0.0283366 0.0596572 0.0220533
vn -0.788224 0.22635 0.572249
v -0.0299565 0.0492581 0.0231581
vn -0.792475 0.174549 0.584394
v -0.0299565 0.0492581 0.0231581
vn -0.792475 0.174549 0.584394
v -0.0283366 0.0596572 0.0220533
vn -0.788224 0.22635 0.572249
v -0.0323455 0.0560527 0.0178902
vn -0.479204 0.152645 0.864328
v -0.0299565 0.0492581 0.0231581
vn -0.792475 0.174549 0.584394
v -0.0323455 0.0560527 0.0178902
vn -0.479204 0.152645 0.864328
v -0.0350085 0.0455757 0.0182177
vn -0.449311 0.108698 0.886738
v -0.0350085 0.0455757 0.0182177
vn -0.449311 0.108698 0.886738
v -0.0323455 0.0560527 0.0178902
vn -0.479204 0.152645 0.864328
v -0.0403768 0.0586858 0.0168853
vn 0.0796976 -0.00373175 0.996812
v -0.0350085 0.0455757 0.0182177
vn -0.449311 0.108698 0.886738
v -0.0403768 0.0586858 0.0168853
vn 0.0796976 -0.00373175 0.996812
v -0.044823 0.0466512 0.017174
vn 0.0952694 -0.0148987 0.99534
v -0.044823 0.0466512 0.017174
vn 0.0952694 -0.0148987 0.99534
v -0.0403768 0.0586858 0.0168853
vn 0.0796976 -0.00373175 0.996812
v -0.0485878 0.05836 0.0190473
vn 0.56546 -0.26238 0.781928
v -0.044823 0.0466512 0.017174
vn 0.0952694 -0.0148987 0.99534
v -0.0485878 0.05836 0.0190473
vn 0.56546 -0.26238 0.781928
v -0.0551906 0.0443133 0.0200715
vn 0.578123 -0.196435 0.791951
v -0.0551906 0.0443133 0.0200715
vn 0.578123 -0.196435 0.791951
v -0.0485878 0.05836 0.0190473
vn 0.56546 -0.26238 0.781928
v -0.0536981 0.0552184 0.0243135
vn 0.765744 -0.343465 0.543753
v -0.0551906 0.0443133 0.0200715
vn 0.578123 -0.196435 0.791951
v -0.0536981 0.0552184 0.0243135
vn 0.765744 -0.343465 0.543753
v -0.0613208 0.0402952 0.0267321
vn 0.807336 -0.263774 0.527855
v -0.0613208 0.0402952 0.0267321
vn 0.807336 -0.263774 0.527855
v -0.0536981 0.0552184 0.0243135
vn 0.765744 -0.343465 0.543753
v -0.0596372 0.0578921 0.0344757
vn 0.829666 -0.555173 -0.0586312
v -0.0613208 0.0402952 0.0267321
vn 0.807336 -0.263774 0.527855
v -0.0596372 0.0578921 0.0344757
vn 0.829666 -0.555173 -0.0586312
v -0.0682444 0.0407531 0.0388366
vn 0.915195 -0.397002 -0.0693435
v -0.0682444 0.0407531 0.0388366
vn 0.915195 -0.397002 -0.0693435
v -0.0596372 0.0578921 0.0344757
vn 0.829666 -0.555173 -0.0586312
v -0.0549298 0.0547701 0.0419617
vn 0.669933 -0.552827 -0.495553
v -0.0682444 0.0407531 0.0388366
vn 0.915195 -0.397002 -0.0693435
v -0.0549298 0.0547701 0.0419617
vn 0.669933 -0.552827 -0.495553
v -0.0630225 0.0374745 0.0478511
vn 0.736141 -0.372051 -0.565398
v -0.0549298 0.0547701 0.0419617
vn 0.669933 -0.552827 -0.495553
v -0.0454414 0.0684757 0.0349863
vn 0.593612 -0.680136 -0.430162
v -0.0413188 0.0714185 0.0405679
vn 0.228047 -0.674334 -0.702331
v -0.0549298 0.0547701 0.0419617
vn 0.669933 -0.552827 -0.495553
v -0.0413188 0.0714185 0.0405679
vn 0.228047 -0.674334 -0.702331
v -0.049025 0.057741 0.0486142
vn 0.263744 -0.532919 -0.804013
v -0.049025 0.057741 0.0486142
vn 0.263744 -0.532919 -0.804013
v -0.0413188 0.0714185 0.0405679
vn 0.228047 -0.674334 -0.702331
v -0.0327714 0.0667863 0.0385746
vn -0.283874 -0.42052 -0.86173
v -0.049025 0.057741 0.0486142
vn 0.263744 -0.532919 -0.804013
v -0.0327714 0.0667863 0.0385746
vn -0.283874 -0.42052 -0.86173
v -0.0376364 0.0549896 0.0457123
vn -0.30507 -0.32901 -0.893691
v -0.0376364 0.0549896 0.0457123
vn -0.30507 -0.32901 -0.893691
v -0.0327714 0.0667863 0.0385746
vn -0.283874 -0.42052 -0.86173
v -0.0282294 0.0689047 0.0364774
vn -0.570954 -0.30774 -0.761123
v -0.0376364 0.0549896 0.0457123
vn -0.30507 -0.32901 -0.893691
v -0.0282294 0.0689047 0.0364774
vn -0.570954 -0.30774 -0.761123
v -0.0311204 0.0581112 0.0423188
vn -0.605489 -0.231539 -0.761428
v -0.0311204 0.0581112 0.0423188
vn -0.605489 -0.231539 -0.761428
v -0.0282294 0.0689047 0.0364774
vn -0.570954 -0.30774 -0.761123
v -0.0251641 0.0680386 0.0309994
vn -0.939861 0.0476999 -0.33821
v -0.0311204 0.0581112 0.0423188
vn -0.605489 -0.231539 -0.761428
v -0.0251641 0.0680386 0.0309994
vn -0.939861 0.0476999 -0.33821
v -0.0267476 0.0584917 0.0350432
vn -0.932769 0.00518054 -0.360437
v -0.0267476 0.0584917 0.0350432
vn -0.932769 0.00518054 -0.360437
v -0.0251641 0.0680386 0.0309994
vn -0.939861 0.0476999 -0.33821
v -0.0243847 0.0640825 0.0248019
vn -0.933388 0.218127 0.28497
v -0.0267476 0.0584917 0.0350432
vn -0.932769 0.00518054 -0.360437
v -0.0243847 0.0640825 0.0248019
vn -0.933388 0.218127 0.28497
v -0.0254962 0.0559551 0.0270155
vn -0.958033 0.166667 0.233226
v -0.0254962 0.0559551 0.0270155
vn -0.958033 0.166667 0.233226
v -0.0243847 0.0640825 0.0248019
vn -0.933388 0.218127 0.28497
v -0.0267932 0.0677247 0.0209811
vn -0.75151 0.323131 0.575169
v -0.0254962 0.0559551 0.0270155
vn -0.958033 0.166667 0.233226
v -0.0267932 0.0677247 0.0209811
vn -0.75151 0.323131 0.575169
v -0.0283366 0.0596572 0.0220533
vn -0.788224 0.22635 0.572249
v -0.0283366 0.0596572 0.0220533
vn -0.788224 0.22635 0.572249
v -0.0267932 0.0677247 0.0209811
vn -0.75151 0.323131 0.575169
v -0.0298263 0.06416 0.0175522
vn -0.516668 0.188752 0.835121
v -0.0283366 0.0596572 0.0220533
vn -0.788224 0.22635 0.572249
v -0.0298263 0.06416 0.0175522
vn -0.516668 0.188752 0.835121
v -0.0323455 0.0560527 0.0178902
vn -0.479204 0.152645 0.864328
v -0.0323455 0.0560527 0.0178902
vn -0.479204 0.152645 0.864328
v -0.0298263 0.06416 0.0175522
vn -0.516668 0.188752 0.835121
v -0.0359525 0.068191 0.0166273
vn 0.0597649 -0.00506436 0.9982
v -0.0323455 0.0560527 0.0178902
vn -0.479204 0.152645 0.864328
v -0.0359525 0.068191 0.0166273
vn 0.0597649 -0.00506436 0.9982
v -0.0403768 0.0586858 0.0168853
vn 0.0796976 -0.00373175 0.996812
v -0.0403768 0.0586858 0.0168853
vn 0.0796976 -0.00373175 0.996812
v -0.0359525 0.068191 0.0166273
vn 0.0597649 -0.00506436 0.9982
v -0.0420608 0.0691017 0.01805
vn 0.568786 -0.386506 0.726014
v -0.0403768 0.0586858 0.0168853
vn 0.0796976 -0.00373175 0.996812
v -0.0420608 0.0691017 0.01805
vn 0.568786 -0.386506 0.726014
v -0.0485878 0.05836 0.0190473
vn 0.56546 -0.26238 0.781928
v -0.0485878 0.05836 0.0190473
vn 0.56546 -0.26238 0.781928
v -0.0420608 0.0691017 0.01805
vn 0.568786 -0.386506 0.726014
v -0.0453649 0.0669656 0.0217965
vn 0.72847 -0.434664 0.529528
v -0.0485878 0.05836 0.0190473
vn 0.56546 -0.26238 0.781928
v -0.0453649 0.0669656 0.0217965
vn 0.72847 -0.434664 0.529528
v -0.0536981 0.0552184 0.0243135
vn 0.765744 -0.343465 0.543753
v -0.0536981 0.0552184 0.0243135
vn 0.765744 -0.343465 0.543753
v -0.0453649 0.0669656 0.0217965
vn 0.72847 -0.434664 0.529528
v -0.0496187 0.0715367 0.02951
vn 0.719276 -0.692678 -0.0532881
v -0.0536981 0.0552184 0.0243135
vn 0.765744 -0.343465 0.543753
v -0.0496187 0.0715367 0.02951
vn 0.719276 -0.692678 -0.0532881
v -0.0596372 0.0578921 0.0344757
vn 0.829666 -0.555173 -0.0586312
v -0.0596372 0.0578921 0.0344757
vn 0.829666 -0.555173 -0.0586312
v -0.0496187 0.0715367 0.02951
vn 0.719276 -0.692678 -0.0532881
v -0.0454414 0.0684757 0.0349863
vn 0.593612 -0.680136 -0.430162
v -0.0596372 0.0578921 0.0344757
vn 0.829666 -0.555173 -0.0586312
v -0.0454414 0.0684757 0.0349863
vn 0.593612 -0.680136 -0.430162
v -0.0549298 0.0547701 0.0419617
vn 0.669933 -0.552827 -0.495553
v -0.0454414 0.0684757 0.0349863
vn 0.593612 -0.680136 -0.430162
v -0.0370952 0.0773923 0.0290093
vn 0.526199 -0.767722 -0.365674
v -0.0344055 0.0802239 0.0329358
vn 0.194257 -0.800802 -0.566551
v -0.0454414 0.0684757 0.0349863
vn 0.593612 -0.680136 -0.430162
v -0.0344055 0.0802239 0.0329358
vn 0.194257 -0.800802 -0.566551
v -0.0413188 0.0714185 0.0405679
vn 0.228047 -0.674334 -0.702331
v -0.0413188 0.0714185 0.0405679
vn 0.228047 -0.674334 -0.702331
v -0.0344055 0.0802239 0.0329358
vn 0.194257 -0.800802 -0.566551
v -0.0287307 0.0752786 0.0324173
vn -0.251805 -0.51383 -0.820105
v -0.0413188 0.0714185 0.0405679
vn 0.228047 -0.674334 -0.702331
v -0.0287307 0.0752786 0.0324173
vn -0.251805 -0.51383 -0.820105
v -0.0327714 0.0667863 0.0385746
vn -0.283874 -0.42052 -0.86173
v -0.0327714 0.0667863 0.0385746
vn -0.283874 -0.42052 -0.86173
v -0.0287307 0.0752786 0.0324173
vn -0.251805 -0.51383 -0.820105
v -0.0261517 0.076799 0.0311572
vn -0.359746 -0.546674 -0.756128
v -0.0327714 0.0667863 0.0385746
vn -0.283874 -0.42052 -0.86173
v -0.0261517 0.076799 0.0311572
vn -0.359746 -0.546674 -0.756128
v -0.0282294 0.0689047 0.0364774
vn -0.570954 -0.30774 -0.761123
v -0.0282294 0.0689047 0.0364774
vn -0.570954 -0.30774 -0.761123
v -0.0261517 0.076799 0.0311572
vn -0.359746 -0.546674 -0.756128
v -0.0236351 0.0760134 0.0284721
vn -0.880301 -0.0558202 -0.47112
v -0.0282294 0.0689047 0.0364774
vn -0.570954 -0.30774 -0.761123
v -0.0236351 0.0760134 0.0284721
vn -0.880301 -0.0558202 -0.47112
v -0.0251641 0.0680386 0.0309994
vn -0.939861 0.0476999 -0.33821
v -0.0251641 0.0680386 0.0309994
vn -0.939861 0.0476999 -0.33821
v -0.0236351 0.0760134 0.0284721
vn -0.880301 -0.0558202 -0.47112
v -0.0234566 0.0698073 0.0229896
vn -0.918726 0.288094 0.270082
v -0.0251641 0.0680386 0.0309994
vn -0.939861 0.0476999 -0.33821
v -0.0234566 0.0698073 0.0229896
vn -0.918726 0.288094 0.270082
v -0.0243847 0.0640825 0.0248019
vn -0.933388 0.218127 0.28497
v -0.0243847 0.0640825 0.0248019
vn -0.933388 0.218127 0.28497
v -0.0234566 0.0698073 0.0229896
vn -0.918726 0.288094 0.270082
v -0.0245183 0.07367 0.0200244
vn -0.707235 0.404037 0.580149
v -0.0243847 0.0640825 0.0248019
vn -0.933388 0.218127 0.28497
v -0.0245183 0.07367 0.0200244
vn -0.707235 0.404037 0.580149
v -0.0267932 0.0677247 0.0209811
vn -0.75151 0.323131 0.575169
v -0.0267932 0.0677247 0.0209811
vn -0.75151 0.323131 0.575169
v -0.0245183 0.07367 0.0200244
vn -0.707235 0.404037 0.580149
v -0.0277579 0.0698576 0.0172913
vn -0.513348 0.281897 0.81056
v -0.0267932 0.0677247 0.0209811
vn -0.75151 0.323131 0.575169
v -0.0277579 0.0698576 0.0172913
vn -0.513348 0.281897 0.81056
v -0.0298263 0.06416 0.0175522
vn -0.516668 0.188752 0.835121
v -0.0298263 0.06416 0.0175522
vn -0.516668 0.188752 0.835121
v -0.0277579 0.0698576 0.0172913
vn -0.513348 0.281897 0.81056
v -0.0323079 0.0750887 0.0164732
vn 0.127632 0.0273954 0.991443
v -0.0298263 0.06416 0.0175522
vn -0.516668 0.188752 0.835121
v -0.0323079 0.0750887 0.0164732
vn 0.127632 0.0273954 0.991443
v -0.0359525 0.068191 0.0166273
vn 0.0597649 -0.00506436 0.9982
v -0.0359525 0.068191 0.0166273
vn 0.0597649 -0.00506436 0.9982
v -0.0323079 0.0750887 0.0164732
vn 0.127632 0.0273954 0.991443
v -0.0361749 0.0766137 0.0174291
vn 0.603152 -0.587836 0.539126
v -0.0359525 0.068191 0.0166273
vn 0.0597649 -0.00506436 0.9982
v -0.0361749 0.0766137 0.0174291
vn 0.603152 -0.587836 0.539126
v -0.0420608 0.0691017 0.01805
vn 0.568786 -0.386506 0.726014
v -0.0420608 0.0691017 0.01805
vn 0.568786 -0.386506 0.726014
v -0.0361749 0.0766137 0.0174291
vn 0.603152 -0.587836 0.539126
v -0.0378178 0.0747741 0.019796
vn 0.714018 -0.563928 0.414927
v -0.0420608 0.0691017 0.01805
vn 0.568786 -0.386506 0.726014
v -0.0378178 0.0747741 0.019796
vn 0.714018 -0.563928 0.414927
v -0.0453649 0.0669656 0.0217965
vn 0.72847 -0.434664 0.529528
v -0.0453649 0.0669656 0.0217965
vn 0.72847 -0.434664 0.529528
v -0.0378178 0.0747741 0.019796
vn 0.714018 -0.563928 0.414927
v -0.0402975 0.0803372 0.0251223
vn 0.593958 -0.804282 -0.0185332
v -0.0453649 0.0669656 0.0217965
vn 0.72847 -0.434664 0.529528
v -0.0402975 0.0803372 0.0251223
vn 0.593958 -0.804282 -0.0185332
v -0.0496187 0.0715367 0.02951
vn 0.719276 -0.692678 -0.0532881
v -0.0496187 0.0715367 0.02951
vn 0.719276 -0.692678 -0.0532881
v -0.0402975 0.0803372 0.0251223
vn 0.593958 -0.804282 -0.0185332
v -0.0370952 0.0773923 0.0290093
vn 0.526199 -0.767722 -0.365674
v -0.0496187 0.0715367 0.02951
vn 0.719276 -0.692678 -0.0532881
v -0.0370952 0.0773923 0.0290093
vn 0.526199 -0.767722 -0.365674
v -0.0454414 0.0684757 0.0349863
vn 0.593612 -0.680136 -0.430162
v -0.0370952 0.0773923 0.0290093
vn 0.526199 -0.767722 -0.365674
v -0.0314202 0.0824334 0.0247573
vn 0.475987 -0.829276 -0.292809
v -0.0298891 0.0844775 0.0268974
vn 0.191127 -0.897614 -0.39719
v -0.0370952 0.0773923 0.0290093
vn 0.526199 -0.767722 -0.365674
v -0.0298891 0.0844775 0.0268974
vn 0.191127 -0.897614 -0.39719
v -0.0344055 0.0802239 0.0329358
vn 0.194257 -0.800802 -0.566551
v -0.0344055 0.0802239 0.0329358
vn 0.194257 -0.800802 -0.566551
v -0.0298891 0.0844775 0.0268974
vn 0.191127 -0.897614 -0.39719
v -0.0255811 0.080486 0.0275281
vn -0.30517 -0.612514 -0.729177
v -0.0344055 0.0802239 0.0329358
vn 0.194257 -0.800802 -0.566551
v -0.0255811 0.080486 0.0275281
vn -0.30517 -0.612514 -0.729177
v -0.0287307 0.0752786 0.0324173
vn -0.251805 -0.51383 -0.820105
v -0.0287307 0.0752786 0.0324173
vn -0.251805 -0.51383 -0.820105
v -0.0255811 0.080486 0.0275281
vn -0.30517 -0.612514 -0.729177
v -0.0235892 0.0819623 0.0258684
vn -0.257357 -0.721955 -0.642299
v -0.0287307 0.0752786 0.0324173
vn -0.251805 -0.51383 -0.820105
v -0.0235892 0.0819623 0.0258684
vn -0.257357 -0.721955 -0.642299
v -0.0261517 0.076799 0.0311572
vn -0.359746 -0.546674 -0.756128
v -0.0261517 0.076799 0.0311572
vn -0.359746 -0.546674 -0.756128
v -0.0235892 0.0819623 0.0258684
vn -0.257357 -0.721955 -0.642299
v -0.0196202 0.0853916 0.0196026
vn -0.54345 -0.747248 -0.38247
v -0.0261517 0.076799 0.0311572
vn -0.359746 -0.546674 -0.756128
v -0.0196202 0.0853916 0.0196026
vn -0.54345 -0.747248 -0.38247
v -0.0236351 0.0760134 0.0284721
vn -0.880301 -0.0558202 -0.47112
v -0.0236351 0.0760134 0.0284721
vn -0.880301 -0.0558202 -0.47112
v -0.0196202 0.0853916 0.0196026
vn -0.54345 -0.747248 -0.38247
v -0.0219239 0.0740241 0.0220151
vn -0.927609 0.333193 0.168889
v -0.0236351 0.0760134 0.0284721
vn -0.880301 -0.0558202 -0.47112
v -0.0219239 0.0740241 0.0220151
vn -0.927609 0.333193 0.168889
v -0.0234566 0.0698073 0.0229896
vn -0.918726 0.288094 0.270082
v -0.0234566 0.0698073 0.0229896
vn -0.918726 0.288094 0.270082
v -0.0219239 0.0740241 0.0220151
vn -0.927609 0.333193 0.168889
v -0.0206172 0.0860128 0.016034
vn -0.224036 -0.660412 0.716703
v -0.0234566 0.0698073 0.0229896
vn -0.918726 0.288094 0.270082
v -0.0206172 0.0860128 0.016034
vn -0.224036 -0.660412 0.716703
v -0.0245183 0.07367 0.0200244
vn -0.707235 0.404037 0.580149
v -0.0245183 0.07367 0.0200244
vn -0.707235 0.404037 0.580149
v -0.0206172 0.0860128 0.016034
vn -0.224036 -0.660412 0.716703
v -0.0260537 0.0736537 0.0167306
vn -0.521528 0.3521 0.777196
v -0.0245183 0.07367 0.0200244
vn -0.707235 0.404037 0.580149
v -0.0260537 0.0736537 0.0167306
vn -0.521528 0.3521 0.777196
v -0.0277579 0.0698576 0.0172913
vn -0.513348 0.281897 0.81056
v -0.0277579 0.0698576 0.0172913
vn -0.513348 0.281897 0.81056
v -0.0260537 0.0736537 0.0167306
vn -0.521528 0.3521 0.777196
v -0.0288758 0.0797542 0.0153633
vn 0.149845 0.0531555 0.98728
v -0.0277579 0.0698576 0.0172913
vn -0.513348 0.281897 0.81056
v -0.0288758 0.0797542 0.0153633
vn 0.149845 0.0531555 0.98728
v -0.0323079 0.0750887 0.0164732
vn 0.127632 0.0273954 0.991443
v -0.0323079 0.0750887 0.0164732
vn 0.127632 0.0273954 0.991443
v -0.0288758 0.0797542 0.0153633
vn 0.149845 0.0531555 0.98728
v -0.0319179 0.0811612 0.0168664
vn 0.799226 -0.529074 0.285163
v -0.0323079 0.0750887 0.0164732
vn 0.127632 0.0273954 0.991443
v -0.0319179 0.0811612 0.0168664
vn 0.799226 -0.529074 0.285163
v -0.0361749 0.0766137 0.0174291
vn 0.603152 -0.587836 0.539126
v -0.0361749 0.0766137 0.0174291
vn 0.603152 -0.587836 0.539126
v -0.0319179 0.0811612 0.0168664
vn 0.799226 -0.529074 0.285163
v -0.0324498 0.0791817 0.0182732
vn 0.754105 -0.65098 0.0868929
v -0.0361749 0.0766137 0.0174291
vn 0.603152 -0.587836 0.539126
v -0.0324498 0.0791817 0.0182732
vn 0.754105 -0.65098 0.0868929
v -0.0378178 0.0747741 0.019796
vn 0.714018 -0.563928 0.414927
v -0.0378178 0.0747741 0.019796
vn 0.714018 -0.563928 0.414927
v -0.0324498 0.0791817 0.0182732
vn 0.754105 -0.65098 0.0868929
v -0.0337371 0.0845653 0.0221528
vn 0.498656 -0.866701 0.0131419
v -0.0378178 0.0747741 0.019796
vn 0.714018 -0.563928 0.414927
v -0.0337371 0.0845653 0.0221528
vn 0.498656 -0.866701 0.0131419
v -0.0402975 0.0803372 0.0251223
vn 0.593958 -0.804282 -0.0185332
v -0.0402975 0.0803372 0.0251223
vn 0.593958 -0.804282 -0.0185332
v -0.0337371 0.0845653 0.0221528
vn 0.498656 -0.866701 0.0131419
v -0.0314202 0.0824334 0.0247573
vn 0.475987 -0.829276 -0.292809
v -0.0402975 0.0803372 0.0251223
vn 0.593958 -0.804282 -0.0185332
v -0.0314202 0.0824334 0.0247573
vn 0.475987 -0.829276 -0.292809
v -0.0370952 0.0773923 0.0290093
vn 0.526199 -0.767722 -0.365674
v -0.0314202 0.0824334 0.0247573
vn 0.475987 -0.829276 -0.292809
v -0.0249855 0.0873053 0.0192856
vn 0.00669432 -0.998924 0.0458913
v -0.0264988 0.087176 0.0234456
vn -0.0112419 -0.8763 -0.481634
v -0.0314202 0.0824334 0.0247573
vn 0.475987 -0.829276 -0.292809
v -0.0264988 0.087176 0.0234456
vn -0.0112419 -0.8763 -0.481634
v -0.0298891 0.0844775 0.0268974
vn 0.191127 -0.897614 -0.39719
v -0.0298891 0.0844775 0.0268974
vn 0.191127 -0.897614 -0.39719
v -0.0264988 0.087176 0.0234456
vn -0.0112419 -0.8763 -0.481634
v -0.0209587 0.0860951 0.0186432
vn 0.358591 0.194618 -0.912982
v -0.0298891 0.0844775 0.0268974
vn 0.191127 -0.897614 -0.39719
v -0.0209587 0.0860951 0.0186432
vn 0.358591 0.194618 -0.912982
v -0.0255811 0.080486 0.0275281
vn -0.30517 -0.612514 -0.729177
v -0.0255811 0.080486 0.0275281
vn -0.30517 -0.612514 -0.729177
v -0.0209587 0.0860951 0.0186432
vn 0.358591 0.194618 -0.912982
v -0.0207692 0.0859864 0.018927
vn -0.261123 -0.865472 -0.42752
v -0.0255811 0.080486 0.0275281
vn -0.30517 -0.612514 -0.729177
v -0.0207692 0.0859864 0.018927
vn -0.261123 -0.865472 -0.42752
v -0.0235892 0.0819623 0.0258684
vn -0.257357 -0.721955 -0.642299
v -0.0235892 0.0819623 0.0258684
vn -0.257357 -0.721955 -0.642299
v -0.0207692 0.0859864 0.018927
vn -0.261123 -0.865472 -0.42752
v -0.0201574 0.0857518 0.0185749
vn -0.568793 -0.649475 0.504635
v -0.0235892 0.0819623 0.0258684
vn -0.257357 -0.721955 -0.642299
v -0.0201574 0.0857518 0.0185749
vn -0.568793 -0.649475 0.504635
v -0.0196202 0.0853916 0.0196026
vn -0.54345 -0.747248 -0.38247
v -0.0196202 0.0853916 0.0196026
vn -0.54345 -0.747248 -0.38247
v -0.0201574 0.0857518 0.0185749
vn -0.568793 -0.649475 0.504635
v -0.0183597 0.0835691 0.019218
vn -0.99656 0.0696674 -0.044875
v -0.0196202 0.0853916 0.0196026
vn -0.54345 -0.747248 -0.38247
v -0.0183597 0.0835691 0.019218
vn -0.99656 0.0696674 -0.044875
v -0.0219239 0.0740241 0.0220151
vn -0.927609 0.333193 0.168889
v -0.0219239 0.0740241 0.0220151
vn -0.927609 0.333193 0.168889
v -0.0183597 0.0835691 0.019218
vn -0.99656 0.0696674 -0.044875
v -0.0206801 0.0860615 0.0166649
vn 0.116027 -0.814304 0.568724
v -0.0219239 0.0740241 0.0220151
vn -0.927609 0.333193 0.168889
v -0.0206801 0.0860615 0.0166649
vn 0.116027 -0.814304 0.568724
v -0.0206172 0.0860128 0.016034
vn -0.224036 -0.660412 0.716703
v -0.0206172 0.0860128 0.016034
vn -0.224036 -0.660412 0.716703
v -0.0206801 0.0860615 0.0166649
vn 0.116027 -0.814304 0.568724
v -0.0240733 0.076445 0.0154335
vn -0.558201 0.577885 0.595366
v -0.0206172 0.0860128 0.016034
vn -0.224036 -0.660412 0.716703
v -0.0240733 0.076445 0.0154335
vn -0.558201 0.577885 0.595366
v -0.0260537 0.0736537 0.0167306
vn -0.521528 0.3521 0.777196
v -0.0260537 0.0736537 0.0167306
vn -0.521528 0.3521 0.777196
v -0.0240733 0.076445 0.0154335
vn -0.558201 0.577885 0.595366
v -0.0246693 0.086904 0.0147418
vn -0.262588 -0.562585 0.78393
v -0.0260537 0.0736537 0.0167306
vn -0.521528 0.3521 0.777196
v -0.0246693 0.086904 0.0147418
vn -0.262588 -0.562585 0.78393
v -0.0288758 0.0797542 0.0153633
vn 0.149845 0.0531555 0.98728
v -0.0288758 0.0797542 0.0153633
vn 0.149845 0.0531555 0.98728
v -0.0246693 0.086904 0.0147418
vn -0.262588 -0.562585 0.78393
v -0.0278072 0.0872493 0.0155084
vn 0.579176 -0.755826 0.305422
v -0.0288758 0.0797542 0.0153633
vn 0.149845 0.0531555 0.98728
v -0.0278072 0.0872493 0.0155084
vn 0.579176 -0.755826 0.305422
v -0.0319179 0.0811612 0.0168664
vn 0.799226 -0.529074 0.285163
v -0.0319179 0.0811612 0.0168664
vn 0.799226 -0.529074 0.285163
v -0.0278072 0.0872493 0.0155084
vn 0.579176 -0.755826 0.305422
v -0.0275542 0.0869208 0.0159668
vn 0.512488 -0.77573 -0.368239
v -0.0319179 0.0811612 0.0168664
vn 0.799226 -0.529074 0.285163
v -0.0275542 0.0869208 0.0159668
vn 0.512488 -0.77573 -0.368239
v -0.0324498 0.0791817 0.0182732
vn 0.754105 -0.65098 0.0868929
v -0.0324498 0.0791817 0.0182732
vn 0.754105 -0.65098 0.0868929
v -0.0275542 0.0869208 0.0159668
vn 0.512488 -0.77573 -0.368239
v -0.0299269 0.0871007 0.0204376
vn 0.419901 -0.836224 -0.352722
v -0.0324498 0.0791817 0.0182732
vn 0.754105 -0.65098 0.0868929
v -0.0299269 0.0871007 0.0204376
vn 0.419901 -0.836224 -0.352722
v -0.0337371 0.0845653 0.0221528
vn 0.498656 -0.866701 0.0131419
v -0.0337371 0.0845653 0.0221528
vn 0.498656 -0.866701 0.0131419
v -0.0299269 0.0871007 0.0204376
vn 0.419901 -0.836224 -0.352722
v -0.0249855 0.0873053 0.0192856
vn 0.00669432 -0.998924 0.0458913
v -0.0337371 0.0845653 0.0221528
vn 0.498656 -0.866701 0.0131419
v -0.0249855 0.0873053 0.0192856
vn 0.00669432 -0.998924 0.0458913
v -0.0314202 0.0824334 0.0247573
vn 0.475987 -0.829276 -0.292809
v 0.0723829 -0.0586947 -0.0523986
vn -0.657635 0.640104 0.397218
v 0.0719148 -0.0579404 -0.0524603
vn -0.651754 -0.75198 0.098706
v 0.0717182 -0.0581966 -0.0539484
vn -0.724057 -0.64852 0.234869
v 0.0723829 -0.0586947 -0.0523986
vn -0.657635 0.640104 0.397218
v 0.0717182 -0.0581966 -0.0539484
vn -0.724057 -0.64852 0.234869
v 0.0717532 -0.0582849 -0.0539725
vn -0.707867 0.597053 0.377427
v 0.0676971 -0.0564839 -0.0534397
vn -0.569403 0.77599 0.27133
v 0.0720541 -0.0600799 -0.0561112
vn -0.76944 -0.0807852 0.63359
v 0.0717421 -0.0584338 -0.0543135
vn -0.945671 -0.0754516 -0.31625
v 0.0676971 -0.0564839 -0.0534397
vn -0.569403 0.77599 0.27133
v 0.0717421 -0.0584338 -0.0543135
vn -0.945671 -0.0754516 -0.31625
v 0.0680182 -0.0559734 -0.0518603
vn -0.636124 0.428142 0.641904
v 0.0705755 -0.0568704 -0.0527251
vn -0.572351 0.819941 -0.0105878
v 0.0727138 -0.0600027 -0.0541565
vn 0.368264 -0.873776 0.317644
v 0.0717837 -0.0584361 -0.0541432
vn 0.272169 0.317371 -0.908405
v 0.0705755 -0.0568704 -0.0527251
vn -0.572351 0.819941 -0.0105878
v 0.0717837 -0.0584361 -0.0541432
vn 0.272169 0.317371 -0.908405
v 0.068217 -0.0560761 -0.0517909
vn -0.179592 -0.980749 -0.076671
v 0.0660544 -0.0546645 -0.0513843
vn -0.0533829 -0.974896 -0.216168
v 0.0709451 -0.0573303 -0.0551451
vn -0.471631 -0.78741 0.396926
v 0.0716456 -0.0581769 -0.0542259
vn -0.795736 -0.604512 0.0370058
v 0.0660544 -0.0546645 -0.0513843
vn -0.0533829 -0.974896 -0.216168
v 0.0716456 -0.0581769 -0.0542259
vn -0.795736 -0.604512 0.0370058
v 0.0675454 -0.0560311 -0.0513608
vn -0.253959 -0.431631 0.865563
v 0.0719148 -0.0579404 -0.0524603
vn -0.651754 -0.75198 0.098706
v 0.0673655 -0.0546856 -0.0496368
vn 0.165535 -0.960844 0.222211
v 0.0676748 -0.0560435 -0.0512007
vn -0.951532 -0.16663 -0.258499
v 0.0719148 -0.0579404 -0.0524603
vn -0.651754 -0.75198 0.098706
v 0.0676748 -0.0560435 -0.0512007
vn -0.951532 -0.16663 -0.258499
v 0.0717182 -0.0581966 -0.0539484
vn -0.724057 -0.64852 0.234869
v 0.0720541 -0.0600799 -0.0561112
vn -0.76944 -0.0807852 0.63359
v 0.0705755 -0.0568704 -0.0527251
vn -0.572351 0.819941 -0.0105878
v 0.068217 -0.0560761 -0.0517909
vn -0.179592 -0.980749 -0.076671
v 0.0720541 -0.0600799 -0.0561112
vn -0.76944 -0.0807852 0.63359
v 0.068217 -0.0560761 -0.0517909
vn -0.179592 -0.980749 -0.076671
v 0.0717421 -0.0584338 -0.0543135
vn -0.945671 -0.0754516 -0.31625
v 0.0727138 -0.0600027 -0.0541565
vn 0.368264 -0.873776 0.317644
v 0.0699409 -0.0568884 -0.0507921
vn -0.394506 0.815428 0.423607
v 0.0682416 -0.0560148 -0.0516018
vn -0.853332 0.415893 0.314415
v 0.0727138 -0.0600027 -0.0541565
vn 0.368264 -0.873776 0.317644
v 0.0682416 -0.0560148 -0.0516018
vn -0.853332 0.415893 0.314415
v 0.0717837 -0.0584361 -0.0541432
vn 0.272169 0.317371 -0.908405
v 0.0709451 -0.0573303 -0.0551451
vn -0.471631 -0.78741 0.396926
v 0.0711557 -0.0584216 -0.0560433
vn -0.553928 0.380626 0.740464
v 0.0716696 -0.0582688 -0.0543003
vn -0.828671 0.535358 0.163392
v 0.0709451 -0.0573303 -0.0551451
vn -0.471631 -0.78741 0.396926
v 0.0716696 -0.0582688 -0.0543003
vn -0.828671 0.535358 0.163392
v 0.0716456 -0.0581769 -0.0542259
vn -0.795736 -0.604512 0.0370058
v 0.0673655 -0.0546856 -0.0496368
vn 0.165535 -0.960844 0.222211
v 0.0710956 -0.0567753 -0.053609
vn -0.550314 -0.68532 0.476959
v 0.0716525 -0.0580975 -0.0540407
vn -0.73771 0.3558 0.573751
v 0.0673655 -0.0546856 -0.0496368
vn 0.165535 -0.960844 0.222211
v 0.0716525 -0.0580975 -0.0540407
vn -0.73771 0.3558 0.573751
v 0.0676748 -0.0560435 -0.0512007
vn -0.951532 -0.16663 -0.258499
v 0.0699409 -0.0568884 -0.0507921
vn -0.394506 0.815428 0.423607
v 0.0723829 -0.0586947 -0.0523986
vn -0.657635 0.640104 0.397218
v 0.0717532 -0.0582849 -0.0539725
vn -0.707867 0.597053 0.377427
v 0.0699409 -0.0568884 -0.0507921
vn -0.394506 0.815428 0.423607
v 0.0717532 -0.0582849 -0.0539725
vn -0.707867 0.597053 0.377427
v 0.0682416 -0.0560148 -0.0516018
vn -0.853332 0.415893 0.314415
v 0.0711557 -0.0584216 -0.0560433
vn -0.553928 0.380626 0.740464
v 0.0676971 -0.0564839 -0.0534397
vn -0.569403 0.77599 0.27133
v 0.0680182 -0.0559734 -0.0518603
vn -0.636124 0.428142 0.641904
v 0.0711557 -0.0584216 -0.0560433
vn -0.553928 0.380626 0.740464
v 0.0680182 -0.0559734 -0.0518603
vn -0.636124 0.428142 0.641904
v 0.0716696 -0.0582688 -0.0543003
vn -0.828671 0.535358 0.163392
v 0.0710956 -0.0567753 -0.053609
vn -0.550314 -0.68532 0.476959
v 0.0660544 -0.0546645 -0.0513843
vn -0.0533829 -0.974896 -0.216168
v 0.0675454 -0.0560311 -0.0513608
vn -0.253959 -0.431631 0.865563
v 0.0710956 -0.0567753 -0.053609
vn -0.550314 -0.68532 0.476959
v 0.0675454 -0.0560311 -0.0513608
vn -0.253959 -0.431631 0.865563
v 0.0716525 -0.0580975 -0.0540407
vn -0.73771 0.3558 0.573751
v -0.021037 0.0861557 0.018301
vn -0.479338 0.207641 -0.852714
v -0.0203999 0.0859493 0.0167482
vn 0.362308 -0.126839 -0.923388
v -0.020243 0.0858797 0.0171666
vn 0.929928 -0.362361 -0.0626781
v -0.021037 0.0861557 0.018301
vn -0.479338 0.207641 -0.852714
v -0.020243 0.0858797 0.0171666
vn 0.929928 -0.362361 -0.0626781
v -0.0208537 0.0860859 0.0181953
vn 0.476226 -0.231034 0.848429
v -0.0209894 0.0860967 0.0187723
vn 0.713337 -0.262994 -0.649603
v -0.0211127 0.086173 0.018493
vn 0.533467 -0.364836 0.76309
v -0.0203197 0.0858335 0.0184669
vn -0.893717 0.346105 0.285449
v -0.0209894 0.0860967 0.0187723
vn 0.713337 -0.262994 -0.649603
v -0.0203197 0.0858335 0.0184669
vn -0.893717 0.346105 0.285449
v -0.0204593 0.0858569 0.0188604
vn -0.851049 0.301871 0.429639
v -0.0257685 0.0874142 0.0191073
vn -0.765233 0.174924 0.619532
v -0.0221193 0.0866056 0.0178128
vn 0.0271527 -0.848124 0.529102
v -0.0213221 0.0862987 0.017867
vn -0.444445 0.111138 -0.888885
v -0.0257685 0.0874142 0.0191073
vn -0.765233 0.174924 0.619532
v -0.0213221 0.0862987 0.017867
vn -0.444445 0.111138 -0.888885
v -0.0236725 0.0870813 0.0181305
vn 0.22727 0.96676 0.117149
v -0.0250877 0.0872222 0.0159011
vn 0.254321 0.0318254 -0.966596
v -0.0265471 0.0874021 0.0161213
vn -0.137112 -0.691489 -0.709255
v -0.0245918 0.0871761 0.0161115
vn 0.21941 0.839556 0.496995
v -0.0250877 0.0872222 0.0159011
vn 0.254321 0.0318254 -0.966596
v -0.0245918 0.0871761 0.0161115
vn 0.21941 0.839556 0.496995
v -0.0231245 0.0868875 0.0164213
vn -0.305525 0.211056 -0.928499
v -0.0217279 0.0864186 0.0185699
vn -0.0364928 -0.0184925 0.999163
v -0.021037 0.0861557 0.018301
vn -0.479338 0.207641 -0.852714
v -0.0208537 0.0860859 0.0181953
vn 0.476226 -0.231034 0.848429
v -0.0217279 0.0864186 0.0185699
vn -0.0364928 -0.0184925 0.999163
v -0.0208537 0.0860859 0.0181953
vn 0.476226 -0.231034 0.848429
v -0.0211075 0.0861794 0.0183812
vn 0.264051 -0.155345 0.951916
v -0.0211127 0.086173 0.018493
vn 0.533467 -0.364836 0.76309
v -0.025813 0.0871991 0.0218816
vn -0.839931 0.32192 -0.436902
v -0.0236211 0.086964 0.0197976
vn 0.0161674 -0.989682 0.142366
v -0.0211127 0.086173 0.018493
vn 0.533467 -0.364836 0.76309
v -0.0236211 0.086964 0.0197976
vn 0.0161674 -0.989682 0.142366
v -0.0203197 0.0858335 0.0184669
vn -0.893717 0.346105 0.285449
v -0.0225214 0.0867288 0.0166748
vn 0.0747587 0.0186738 -0.997027
v -0.0257685 0.0874142 0.0191073
vn -0.765233 0.174924 0.619532
v -0.0236725 0.0870813 0.0181305
vn 0.22727 0.96676 0.117149
v -0.0225214 0.0867288 0.0166748
vn 0.0747587 0.0186738 -0.997027
v -0.0236725 0.0870813 0.0181305
vn 0.22727 0.96676 0.117149
v -0.0215676 0.0864112 0.0171214
vn 0.150648 0.016006 -0.988458
v -0.0265471 0.0874021 0.0161213
vn -0.137112 -0.691489 -0.709255
v -0.0238883 0.0870169 0.0159354
vn -0.43016 -0.859807 0.275125
v -0.0229086 0.0867987 0.0161195
vn -0.278719 -0.161976 0.946615
v -0.0265471 0.0874021 0.0161213
vn -0.137112 -0.691489 -0.709255
v -0.0229086 0.0867987 0.0161195
vn -0.278719 -0.161976 0.946615
v -0.0245918 0.0871761 0.0161115
vn 0.21941 0.839556 0.496995
v -0.0210032 0.0861604 0.0180156
vn 0.242901 0.0826324 -0.966525
v -0.0217279 0.0864186 0.0185699
vn -0.0364928 -0.0184925 0.999163
v -0.0211075 0.0861794 0.0183812
vn 0.264051 -0.155345 0.951916
v -0.0210032 0.0861604 0.0180156
vn 0.242901 0.0826324 -0.966525
v -0.0211075 0.0861794 0.0183812
vn 0.264051 -0.155345 0.951916
v -0.020541 0.0859641 0.0180356
vn 0.389771 -0.0747873 -0.91787
v -0.025813 0.0871991 0.0218816
vn -0.839931 0.32192 -0.436902
v -0.0238157 0.087106 0.0185056
vn -0.231592 -0.966777 0.108203
v -0.0220952 0.0865858 0.0181109
vn -0.316388 -0.947558 -0.0450832
v -0.025813 0.0871991 0.0218816
vn -0.839931 0.32192 -0.436902
v -0.0220952 0.0865858 0.0181109
vn -0.316388 -0.947558 -0.0450832
v -0.0236211 0.086964 0.0197976
vn 0.0161674 -0.989682 0.142366
v -0.0241883 0.0872046 0.0176215
vn -0.959539 0.265851 0.092781
v -0.0225214 0.0867288 0.0166748
vn 0.0747587 0.0186738 -0.997027
v -0.0215676 0.0864112 0.0171214
vn 0.150648 0.016006 -0.988458
v -0.0241883 0.0872046 0.0176215
vn -0.959539 0.265851 0.092781
v -0.0215676 0.0864112 0.0171214
vn 0.150648 0.016006 -0.988458
v -0.0230227 0.0869048 0.0173288
vn 0.0989674 -0.389662 0.915625
v -0.0238883 0.0870169 0.0159354
vn -0.43016 -0.859807 0.275125
v -0.0226739 0.0802429 0.0150528
vn -0.6672 0.236277 0.706412
v -0.0214401 0.0863559 0.0166674
vn -0.513961 -0.686648 0.514158
v -0.0238883 0.0870169 0.0159354
vn -0.43016 -0.859807 0.275125
v -0.0214401 0.0863559 0.0166674
vn -0.513961 -0.686648 0.514158
v -0.0229086 0.0867987 0.0161195
vn -0.278719 -0.161976 0.946615
v -0.0238157 0.087106 0.0185056
vn -0.231592 -0.966777 0.108203
v -0.025813 0.0871991 0.0218816
vn -0.839931 0.32192 -0.436902
v -0.0264988 0.087176 0.0234456
vn -0.0112419 -0.8763 -0.481634
v -0.0238157 0.087106 0.0185056
vn -0.231592 -0.966777 0.108203
v -0.0264988 0.087176 0.0234456
vn -0.0112419 -0.8763 -0.481634
v -0.0249855 0.0873053 0.0192856
vn 0.00669432 -0.998924 0.0458913
v -0.025813 0.0871991 0.0218816
vn -0.839931 0.32192 -0.436902
v -0.0211127 0.086173 0.018493
vn 0.533467 -0.364836 0.76309
v -0.0209587 0.0860951 0.0186432
vn 0.358591 0.194618 -0.912982
v -0.025813 0.0871991 0.0218816
vn -0.839931 0.32192 -0.436902
v -0.0209587 0.0860951 0.0186432
vn 0.358591 0.194618 -0.912982
v -0.0264988 0.087176 0.0234456
vn -0.0112419 -0.8763 -0.481634
v -0.0211127 0.086173 0.018493
vn 0.533467 -0.364836 0.76309
v -0.0209894 0.0860967 0.0187723
vn 0.713337 -0.262994 -0.649603
v -0.0207692 0.0859864 0.018927
vn -0.261123 -0.865472 -0.42752
v -0.0211127 0.086173 0.018493
vn 0.533467 -0.364836 0.76309
v -0.0207692 0.0859864 0.018927
vn -0.261123 -0.865472 -0.42752
v -0.0209587 0.0860951 0.0186432
vn 0.358591 0.194618 -0.912982
v -0.0209894 0.0860967 0.0187723
vn 0.713337 -0.262994 -0.649603
v -0.0204241 0.0858767 0.0184946
vn -0.838846 0.522272 0.153527
v -0.0201574 0.0857518 0.0185749
vn -0.568793 -0.649475 0.504635
v -0.0209894 0.0860967 0.0187723
vn 0.713337 -0.262994 -0.649603
v -0.0201574 0.0857518 0.0185749
vn -0.568793 -0.649475 0.504635
v -0.0207692 0.0859864 0.018927
vn -0.261123 -0.865472 -0.42752
v -0.0204241 0.0858767 0.0184946
vn -0.838846 0.522272 0.153527
v -0.0193211 0.0855017 0.0169463
vn -0.670966 -0.0981573 0.734963
v -0.0183597 0.0835691 0.019218
vn -0.99656 0.0696674 -0.044875
v -0.0204241 0.0858767 0.0184946
vn -0.838846 0.522272 0.153527
v -0.0183597 0.0835691 0.019218
vn -0.99656 0.0696674 -0.044875
v -0.0201574 0.0857518 0.0185749
vn -0.568793 -0.649475 0.504635
v -0.0193211 0.0855017 0.0169463
vn -0.670966 -0.0981573 0.734963
v -0.0207131 0.0860757 0.0170819
vn 0.438094 -0.89842 -0.0302578
v -0.0206801 0.0860615 0.0166649
vn 0.116027 -0.814304 0.568724
v -0.0193211 0.0855017 0.0169463
vn -0.670966 -0.0981573 0.734963
v -0.0206801 0.0860615 0.0166649
vn 0.116027 -0.814304 0.568724
v -0.0183597 0.0835691 0.019218
vn -0.99656 0.0696674 -0.044875
v -0.0207131 0.0860757 0.0170819
vn 0.438094 -0.89842 -0.0302578
v -0.0226739 0.0802429 0.0150528
vn -0.6672 0.236277 0.706412
v -0.0240733 0.076445 0.0154335
vn -0.558201 0.577885 0.595366
v -0.0207131 0.0860757 0.0170819
vn 0.438094 -0.89842 -0.0302578
v -0.0240733 0.076445 0.0154335
vn -0.558201 0.577885 0.595366
v -0.0206801 0.0860615 0.0166649
vn 0.116027 -0.814304 0.568724
v -0.0226739 0.0802429 0.0150528
vn -0.6672 0.236277 0.706412
v -0.0238883 0.0870169 0.0159354
vn -0.43016 -0.859807 0.275125
v -0.0246693 0.086904 0.0147418
vn -0.262588 -0.562585 0.78393
v -0.0226739 0.0802429 0.0150528
vn -0.6672 0.236277 0.706412
v -0.0246693 0.086904 0.0147418
vn -0.262588 -0.562585 0.78393
v -0.0240733 0.076445 0.0154335
vn -0.558201 0.577885 0.595366
v -0.0238883 0.0870169 0.0159354
vn -0.43016 -0.859807 0.275125
v -0.0265471 0.0874021 0.0161213
vn -0.137112 -0.691489 -0.709255
v -0.0278072 0.0872493 0.0155084
vn 0.579176 -0.755826 0.305422
v -0.0238883 0.0870169 0.0159354
vn -0.43016 -0.859807 0.275125
v -0.0278072 0.0872493 0.0155084
vn 0.579176 -0.755826 0.305422
v -0.0246693 0.086904 0.0147418
vn -0.262588 -0.562585 0.78393
v -0.0265471 0.0874021 0.0161213
vn -0.137112 -0.691489 -0.709255
v -0.0250877 0.0872222 0.0159011
vn 0.254321 0.0318254 -0.966596
v -0.0275542 0.0869208 0.0159668
vn 0.512488 -0.77573 -0.368239
v -0.0265471 0.0874021 0.0161213
vn -0.137112 -0.691489 -0.709255
v -0.0275542 0.0869208 0.0159668
vn 0.512488 -0.77573 -0.368239
v -0.0278072 0.0872493 0.0155084
vn 0.579176 -0.755826 0.305422
v -0.0250877 0.0872222 0.0159011
vn 0.254321 0.0318254 -0.966596
v -0.0287373 0.0873 0.0200635
vn 0.0149413 -0.928163 -0.371874
v -0.0299269 0.0871007 0.0204376
vn 0.419901 -0.836224 -0.352722
v -0.0250877 0.0872222 0.0159011
vn 0.254321 0.0318254 -0.966596
v -0.0299269 0.0871007 0.0204376
vn 0.419901 -0.836224 -0.352722
v -0.0275542 0.0869208 0.0159668
vn 0.512488 -0.77573 -0.368239
v -0.0287373 0.0873 0.0200635
vn 0.0149413 -0.928163 -0.371874
v -0.0238157 0.087106 0.0185056
vn -0.231592 -0.966777 0.108203
v -0.0249855 0.0873053 0.0192856
vn 0.00669432 -0.998924 0.0458913
v -0.0287373 0.0873 0.0200635
vn 0.0149413 -0.928163 -0.371874
v -0.0249855 0.0873053 0.0192856
vn 0.00669432 -0.998924 0.0458913
v -0.0299269 0.0871007 0.0204376
vn 0.419901 -0.836224 -0.352722
v -0.0246494 0.0872187 0.0196685
vn -0.941515 0.336961 0.00248062
v -0.0221193 0.0866056 0.0178128
vn 0.0271527 -0.848124 0.529102
v -0.0216349 0.08643 0.0176426
vn -0.313593 -0.947535 0.0619451
v -0.0246494 0.0872187 0.0196685
vn -0.941515 0.336961 0.00248062
v -0.0216349 0.08643 0.0176426
vn -0.313593 -0.947535 0.0619451
v -0.0240334 0.0871294 0.0190752
vn 0.659844 -0.156527 0.734918
v -0.0210032 0.0861604 0.0180156
vn 0.242901 0.0826324 -0.966525
v -0.0246494 0.0872187 0.0196685
vn -0.941515 0.336961 0.00248062
v -0.0240334 0.0871294 0.0190752
vn 0.659844 -0.156527 0.734918
v -0.0210032 0.0861604 0.0180156
vn 0.242901 0.0826324 -0.966525
v -0.0240334 0.0871294 0.0190752
vn 0.659844 -0.156527 0.734918
v -0.0210032 0.0861733 0.0177777
vn 0.0553619 -0.99567 -0.0746804
v -0.0217279 0.0864186 0.0185699
vn -0.0364928 -0.0184925 0.999163
v -0.0210032 0.0861604 0.0180156
vn 0.242901 0.0826324 -0.966525
v -0.0210032 0.0861733 0.0177777
vn 0.0553619 -0.99567 -0.0746804
v -0.0217279 0.0864186 0.0185699
vn -0.0364928 -0.0184925 0.999163
v -0.0210032 0.0861733 0.0177777
vn 0.0553619 -0.99567 -0.0746804
v -0.0221819 0.086597 0.0184942
vn 0.339681 0.940481 0.0106335
v -0.021037 0.0861557 0.018301
vn -0.479338 0.207641 -0.852714
v -0.0217279 0.0864186 0.0185699
vn -0.0364928 -0.0184925 0.999163
v -0.0221819 0.086597 0.0184942
vn 0.339681 0.940481 0.0106335
v -0.021037 0.0861557 0.018301
vn -0.479338 0.207641 -0.852714
v -0.0221819 0.086597 0.0184942
vn 0.339681 0.940481 0.0106335
v -0.0214754 0.0863409 0.0182278
vn -0.376628 -0.922775 -0.0814757
v -0.0203999 0.0859493 0.0167482
vn 0.362308 -0.126839 -0.923388
v -0.021037 0.0861557 0.018301
vn -0.479338 0.207641 -0.852714
v -0.0214754 0.0863409 0.0182278
vn -0.376628 -0.922775 -0.0814757
v -0.0203999 0.0859493 0.0167482
vn 0.362308 -0.126839 -0.923388
v -0.0214754 0.0863409 0.0182278
vn -0.376628 -0.922775 -0.0814757
v -0.0206931 0.0860686 0.0168905
vn -0.131082 0.687213 -0.714532
v -0.0209874 0.0861722 0.0176588
vn 0.620992 -0.224319 0.751032
v -0.0203999 0.0859493 0.0167482
vn 0.362308 -0.126839 -0.923388
v -0.0206931 0.0860686 0.0168905
vn -0.131082 0.687213 -0.714532
v -0.0209874 0.0861722 0.0176588
vn 0.620992 -0.224319 0.751032
v -0.0206931 0.0860686 0.0168905
vn -0.131082 0.687213 -0.714532
v -0.0212911 0.0862879 0.0178307
vn -0.363553 -0.929038 0.0686792
v -0.021083 0.0861345 0.0154767
vn -0.344016 0.0869865 -0.934926
v -0.0209874 0.0861722 0.0176588
vn 0.620992 -0.224319 0.751032
v -0.0212911 0.0862879 0.0178307
vn -0.363553 -0.929038 0.0686792
v -0.021083 0.0861345 0.0154767
vn -0.344016 0.0869865 -0.934926
v -0.0212911 0.0862879 0.0178307
vn -0.363553 -0.929038 0.0686792
v -0.0211615 0.0862296 0.0161923
vn -0.73083 -0.682518 0.00747821
v -0.0226022 0.0867761 0.0174376
vn -0.299604 -0.954043 -0.00632638
v -0.021083 0.0861345 0.0154767
vn -0.344016 0.0869865 -0.934926
v -0.0211615 0.0862296 0.0161923
vn -0.73083 -0.682518 0.00747821
v -0.0226022 0.0867761 0.0174376
vn -0.299604 -0.954043 -0.00632638
v -0.0211615 0.0862296 0.0161923
vn -0.73083 -0.682518 0.00747821
v -0.0223476 0.0866878 0.0177549
vn -0.311866 -0.950123 0.00227328
v -0.0241883 0.0872046 0.0176215
vn -0.959539 0.265851 0.092781
v -0.0226022 0.0867761 0.0174376
vn -0.299604 -0.954043 -0.00632638
v -0.0223476 0.0866878 0.0177549
vn -0.311866 -0.950123 0.00227328
v -0.0241883 0.0872046 0.0176215
vn -0.959539 0.265851 0.092781
v -0.0223476 0.0866878 0.0177549
vn -0.311866 -0.950123 0.00227328
v -0.0232715 0.0869763 0.017936
vn -0.308368 -0.808772 0.500796
v -0.0225214 0.0867288 0.0166748
vn 0.0747587 0.0186738 -0.997027
v -0.0241883 0.0872046 0.0176215
vn -0.959539 0.265851 0.092781
v -0.0232715 0.0869763 0.017936
vn -0.308368 -0.808772 0.500796
v -0.0225214 0.0867288 0.0166748
vn 0.0747587 0.0186738 -0.997027
v -0.0232715 0.0869763 0.017936
vn -0.308368 -0.808772 0.500796
v -0.0218731 0.0865214 0.01696
vn 0.757967 -0.0484362 -0.650493
v -0.0257685 0.0874142 0.0191073
vn -0.765233 0.174924 0.619532
v -0.0225214 0.0867288 0.0166748
vn 0.0747587 0.0186738 -0.997027
v -0.0218731 0.0865214 0.01696
vn 0.757967 -0.0484362 -0.650493
v -0.0257685 0.0874142 0.0191073
vn -0.765233 0.174924 0.619532
v -0.0218731 0.0865214 0.01696
vn 0.757967 -0.0484362 -0.650493
v -0.0245765 0.0872628 0.0187688
vn -0.293045 -0.513043 -0.806791
v -0.0221193 0.0866056 0.0178128
vn 0.0271527 -0.848124 0.529102
v -0.0257685 0.0874142 0.0191073
vn -0.765233 0.174924 0.619532
v -0.0245765 0.0872628 0.0187688
vn -0.293045 -0.513043 -0.806791
v -0.0221193 0.0866056 0.0178128
vn 0.0271527 -0.848124 0.529102
v -0.0245765 0.0872628 0.0187688
vn -0.293045 -0.513043 -0.806791
v -0.0216349 0.08643 0.0176426
vn -0.313593 -0.947535 0.0619451
v -0.020856 0.0861201 0.0163153
vn 0.96346 -0.23468 -0.129116
v -0.0222073 0.0866431 0.01729
vn 0.315473 0.948605 -0.0250225
v -0.02182 0.0864898 0.0179543
vn -0.172999 0.083664 -0.981362
v -0.020856 0.0861201 0.0163153
vn 0.96346 -0.23468 -0.129116
v -0.02182 0.0864898 0.0179543
vn -0.172999 0.083664 -0.981362
v -0.020747 0.0860832 0.0173874
vn 0.919298 -0.34266 0.193584
v -0.0206912 0.0860619 0.017331
vn -0.331779 -0.933373 0.136883
v -0.0203152 0.0858749 0.0179199
vn -0.393287 -0.917399 -0.0608618
v -0.020654 0.0860436 0.0174248
vn -0.41213 -0.910897 -0.0203977
v -0.0206912 0.0860619 0.017331
vn -0.331779 -0.933373 0.136883
v -0.020654 0.0860436 0.0174248
vn -0.41213 -0.910897 -0.0203977
v -0.0216435 0.0864219 0.0179531
vn -0.288723 0.0864956 -0.953497
v -0.0210466 0.086194 0.0177127
vn 0.366933 -0.129105 0.921245
v -0.020856 0.0861201 0.0163153
vn 0.96346 -0.23468 -0.129116
v -0.020747 0.0860832 0.0173874
vn 0.919298 -0.34266 0.193584
v -0.0210466 0.086194 0.0177127
vn 0.366933 -0.129105 0.921245
v -0.020747 0.0860832 0.0173874
vn 0.919298 -0.34266 0.193584
v -0.0217153 0.0864488 0.0179754
vn 0.772355 -0.284744 -0.567793
v -0.0203152 0.0858749 0.0179199
vn -0.393287 -0.917399 -0.0608618
v -0.0201942 0.085781 0.0184378
vn 0.67147 -0.232297 -0.70368
v -0.0216117 0.0864055 0.0180379
vn -0.37415 -0.925811 -0.053711
v -0.0203152 0.0858749 0.0179199
vn -0.393287 -0.917399 -0.0608618
v -0.0216117 0.0864055 0.0180379
vn -0.37415 -0.925811 -0.053711
v -0.020654 0.0860436 0.0174248
vn -0.41213 -0.910897 -0.0203977
v -0.0220952 0.0865858 0.0181109
vn -0.316388 -0.947558 -0.0450832
v -0.0261736 0.0874777 0.0182568
vn 0.388191 -0.705263 0.593222
v -0.0220105 0.0865589 0.0180099
vn -0.278222 -0.952888 0.12082
v -0.0220952 0.0865858 0.0181109
vn -0.316388 -0.947558 -0.0450832
v -0.0220105 0.0865589 0.0180099
vn -0.278222 -0.952888 0.12082
v -0.0208225 0.0861087 0.017554
vn -0.538618 0.226231 -0.81161
v -0.020243 0.0858797 0.0171666
vn 0.929928 -0.362361 -0.0626781
v -0.0210466 0.086194 0.0177127
vn 0.366933 -0.129105 0.921245
v -0.0217153 0.0864488 0.0179754
vn 0.772355 -0.284744 -0.567793
v -0.020243 0.0858797 0.0171666
vn 0.929928 -0.362361 -0.0626781
v -0.0217153 0.0864488 0.0179754
vn 0.772355 -0.284744 -0.567793
v -0.0206972 0.0860609 0.0174416
vn 0.327807 0.941971 -0.0723375
v -0.0201942 0.085781 0.0184378
vn 0.67147 -0.232297 -0.70368
v -0.0204593 0.0858569 0.0188604
vn -0.851049 0.301871 0.429639
v -0.0216697 0.0864265 0.0180719
vn 0.381884 -0.11657 -0.916829
v -0.0201942 0.085781 0.0184378
vn 0.67147 -0.232297 -0.70368
v -0.0216697 0.0864265 0.0180719
vn 0.381884 -0.11657 -0.916829
v -0.0216117 0.0864055 0.0180379
vn -0.37415 -0.925811 -0.053711
v -0.0261736 0.0874777 0.0182568
vn 0.388191 -0.705263 0.593222
v -0.0231245 0.0868875 0.0164213
vn -0.305525 0.211056 -0.928499
v -0.0208703 0.0861327 0.0174295
vn 0.937688 -0.296413 -0.18133
v -0.0261736 0.0874777 0.0182568
vn 0.388191 -0.705263 0.593222
v -0.0208703 0.0861327 0.0174295
vn 0.937688 -0.296413 -0.18133
v -0.0220105 0.0865589 0.0180099
vn -0.278222 -0.952888 0.12082
v -0.0208537 0.0860859 0.0181953
vn 0.476226 -0.231034 0.848429
v -0.020243 0.0858797 0.0171666
vn 0.929928 -0.362361 -0.0626781
v -0.0206972 0.0860609 0.0174416
vn 0.327807 0.941971 -0.0723375
v -0.0208537 0.0860859 0.0181953
vn 0.476226 -0.231034 0.848429
v -0.0206972 0.0860609 0.0174416
vn 0.327807 0.941971 -0.0723375
v -0.021697 0.0864396 0.0180216
vn 0.490424 -0.245574 0.836168
v -0.0204593 0.0858569 0.0188604
vn -0.851049 0.301871 0.429639
v -0.0203197 0.0858335 0.0184669
vn -0.893717 0.346105 0.285449
v -0.0207136 0.086062 0.0175913
vn 0.924986 -0.377156 -0.0464186
v -0.0204593 0.0858569 0.0188604
vn -0.851049 0.301871 0.429639
v -0.0207136 0.086062 0.0175913
vn 0.924986 -0.377156 -0.0464186
v -0.0216697 0.0864265 0.0180719
vn 0.381884 -0.11657 -0.916829
v -0.0236725 0.0870813 0.0181305
vn 0.22727 0.96676 0.117149
v -0.0213221 0.0862987 0.017867
vn -0.444445 0.111138 -0.888885
v -0.0207921 0.0860975 0.0175171
vn -0.837989 0.306473 0.451496
v -0.0236725 0.0870813 0.0181305
vn 0.22727 0.96676 0.117149
v -0.0207921 0.0860975 0.0175171
vn -0.837989 0.306473 0.451496
v -0.0219109 0.0865219 0.0180062
vn 0.197545 0.0299958 0.979835
v -0.0231245 0.0868875 0.0164213
vn -0.305525 0.211056 -0.928499
v -0.0245918 0.0871761 0.0161115
vn 0.21941 0.839556 0.496995
v -0.0219414 0.0865365 0.0179266
vn -0.0386222 0.114417 0.992682
v -0.0231245 0.0868875 0.0164213
vn -0.305525 0.211056 -0.928499
v -0.0219414 0.0865365 0.0179266
vn -0.0386222 0.114417 0.992682
v -0.0208703 0.0861327 0.0174295
vn 0.937688 -0.296413 -0.18133
v -0.0287373 0.0873 0.0200635
vn 0.0149413 -0.928163 -0.371874
v -0.0250877 0.0872222 0.0159011
vn 0.254321 0.0318254 -0.966596
v -0.0231245 0.0868875 0.0164213
vn -0.305525 0.211056 -0.928499
v -0.0287373 0.0873 0.0200635
vn 0.0149413 -0.928163 -0.371874
v -0.0231245 0.0868875 0.0164213
vn -0.305525 0.211056 -0.928499
v -0.0261736 0.0874777 0.0182568
vn 0.388191 -0.705263 0.593222
v -0.0204241 0.0858767 0.0184946
vn -0.838846 0.522272 0.153527
v -0.0209894 0.0860967 0.0187723
vn 0.713337 -0.262994 -0.649603
v -0.0204593 0.0858569 0.0188604
vn -0.851049 0.301871 0.429639
v -0.0204241 0.0858767 0.0184946
vn -0.838846 0.522272 0.153527
v -0.0204593 0.0858569 0.0188604
vn -0.851049 0.301871 0.429639
v -0.0201942 0.085781 0.0184378
vn 0.67147 -0.232297 -0.70368
v -0.0203999 0.0859493 0.0167482
vn 0.362308 -0.126839 -0.923388
v -0.0209874 0.0861722 0.0176588
vn 0.620992 -0.224319 0.751032
v -0.0210466 0.086194 0.0177127
vn 0.366933 -0.129105 0.921245
v -0.0203999 0.0859493 0.0167482
vn 0.362308 -0.126839 -0.923388
v -0.0210466 0.086194 0.0177127
vn 0.366933 -0.129105 0.921245
v -0.020243 0.0858797 0.0171666
vn 0.929928 -0.362361 -0.0626781
v -0.0238157 0.087106 0.0185056
vn -0.231592 -0.966777 0.108203
v -0.0287373 0.0873 0.0200635
vn 0.0149413 -0.928163 -0.371874
v -0.0261736 0.0874777 0.0182568
vn 0.388191 -0.705263 0.593222
v -0.0238157 0.087106 0.0185056
vn -0.231592 -0.966777 0.108203
v -0.0261736 0.0874777 0.0182568
vn 0.388191 -0.705263 0.593222
v -0.0220952 0.0865858 0.0181109
vn -0.316388 -0.947558 -0.0450832
v -0.0193211 0.0855017 0.0169463
vn -0.670966 -0.0981573 0.734963
v -0.0204241 0.0858767 0.0184946
vn -0.838846 0.522272 0.153527
v -0.0201942 0.085781 0.0184378
vn 0.67147 -0.232297 -0.70368
v -0.0193211 0.0855017 0.0169463
vn -0.670966 -0.0981573 0.734963
v -0.0201942 0.085781 0.0184378
vn 0.67147 -0.232297 -0.70368
v -0.0203152 0.0858749 0.0179199
vn -0.393287 -0.917399 -0.0608618
v -0.0209874 0.0861722 0.0176588
vn 0.620992 -0.224319 0.751032
v -0.021083 0.0861345 0.0154767
vn -0.344016 0.0869865 -0.934926
v -0.020856 0.0861201 0.0163153
vn 0.96346 -0.23468 -0.129116
v -0.0209874 0.0861722 0.0176588
vn 0.620992 -0.224319 0.751032
v -0.020856 0.0861201 0.0163153
vn 0.96346 -0.23468 -0.129116
v -0.0210466 0.086194 0.0177127
vn 0.366933 -0.129105 0.921245
v -0.0207131 0.0860757 0.0170819
vn 0.438094 -0.89842 -0.0302578
v -0.0193211 0.0855017 0.0169463
vn -0.670966 -0.0981573 0.734963
v -0.0203152 0.0858749 0.0179199
vn -0.393287 -0.917399 -0.0608618
v -0.0207131 0.0860757 0.0170819
vn 0.438094 -0.89842 -0.0302578
v -0.0203152 0.0858749 0.0179199
vn -0.393287 -0.917399 -0.0608618
v -0.0206912 0.0860619 0.017331
vn -0.331779 -0.933373 0.136883
v -0.021083 0.0861345 0.0154767
vn -0.344016 0.0869865 -0.934926
v -0.0226022 0.0867761 0.0174376
vn -0.299604 -0.954043 -0.00632638
v -0.0222073 0.0866431 0.01729
vn 0.315473 0.948605 -0.0250225
v -0.021083 0.0861345 0.0154767
vn -0.344016 0.0869865 -0.934926
v -0.0222073 0.0866431 0.01729
vn 0.315473 0.948605 -0.0250225
v -0.020856 0.0861201 0.0163153
vn 0.96346 -0.23468 -0.129116
v -0.0221193 0.0866056 0.0178128
vn 0.0271527 -0.848124 0.529102
v -0.0246494 0.0872187 0.0196685
vn -0.941515 0.336961 0.00248062
v -0.0224424 0.0866827 0.0186228
vn 0.370275 0.881059 0.294332
v -0.0221193 0.0866056 0.0178128
vn 0.0271527 -0.848124 0.529102
v -0.0224424 0.0866827 0.0186228
vn 0.370275 0.881059 0.294332
v -0.0213221 0.0862987 0.017867
vn -0.444445 0.111138 -0.888885
v -0.0226739 0.0802429 0.0150528
vn -0.6672 0.236277 0.706412
v -0.0207131 0.0860757 0.0170819
vn 0.438094 -0.89842 -0.0302578
v -0.0206912 0.0860619 0.017331
vn -0.331779 -0.933373 0.136883
v -0.0226739 0.0802429 0.0150528
vn -0.6672 0.236277 0.706412
v -0.0206912 0.0860619 0.017331
vn -0.331779 -0.933373 0.136883
v -0.0214401 0.0863559 0.0166674
vn -0.513961 -0.686648 0.514158
v -0.0226022 0.0867761 0.0174376
vn -0.299604 -0.954043 -0.00632638
v -0.0241883 0.0872046 0.0176215
vn -0.959539 0.265851 0.092781
v -0.0230227 0.0869048 0.0173288
vn 0.0989674 -0.389662 0.915625
v -0.0226022 0.0867761 0.0174376
vn -0.299604 -0.954043 -0.00632638
v -0.0230227 0.0869048 0.0173288
vn 0.0989674 -0.389662 0.915625
v -0.0222073 0.0866431 0.01729
vn 0.315473 0.948605 -0.0250225
v -0.0246494 0.0872187 0.0196685
vn -0.941515 0.336961 0.00248062
v -0.0210032 0.0861604 0.0180156
vn 0.242901 0.0826324 -0.966525
v -0.020541 0.0859641 0.0180356
vn 0.389771 -0.0747873 -0.91787
v -0.0246494 0.0872187 0.0196685
vn -0.941515 0.336961 0.00248062
v -0.020541 0.0859641 0.0180356
vn 0.389771 -0.0747873 -0.91787
v -0.0224424 0.0866827 0.0186228
vn 0.370275 0.881059 0.294332
v -0.0216435 0.0864219 0.0179531
vn -0.288723 0.0864956 -0.953497
v -0.020654 0.0860436 0.0174248
vn -0.41213 -0.910897 -0.0203977
v -0.0206972 0.0860609 0.0174416
vn 0.327807 0.941971 -0.0723375
v -0.0216435 0.0864219 0.0179531
vn -0.288723 0.0864956 -0.953497
v -0.0206972 0.0860609 0.0174416
vn 0.327807 0.941971 -0.0723375
v -0.0217153 0.0864488 0.0179754
vn 0.772355 -0.284744 -0.567793
v -0.0216697 0.0864265 0.0180719
vn 0.381884 -0.11657 -0.916829
v -0.0207136 0.086062 0.0175913
vn 0.924986 -0.377156 -0.0464186
v -0.0207337 0.0860726 0.0175375
vn -0.54023 0.162981 0.825584
v -0.0216697 0.0864265 0.0180719
vn 0.381884 -0.11657 -0.916829
v -0.0207337 0.0860726 0.0175375
vn -0.54023 0.162981 0.825584
v -0.0217287 0.0864509 0.0180401
vn -0.902961 0.416098 -0.107348
v -0.0208703 0.0861327 0.0174295
vn 0.937688 -0.296413 -0.18133
v -0.0219414 0.0865365 0.0179266
vn -0.0386222 0.114417 0.992682
v -0.0218737 0.0865098 0.0179624
vn 0.174149 -0.0298858 0.984266
v -0.0208703 0.0861327 0.0174295
vn 0.937688 -0.296413 -0.18133
v -0.0218737 0.0865098 0.0179624
vn 0.174149 -0.0298858 0.984266
v -0.0208178 0.0861105 0.0174495
vn 0.934775 -0.354974 -0.013734
v -0.0207476 0.0860853 0.0173205
vn 0.913014 -0.33378 0.234511
v -0.0216435 0.0864219 0.0179531
vn -0.288723 0.0864956 -0.953497
v -0.0217153 0.0864488 0.0179754
vn 0.772355 -0.284744 -0.567793
v -0.0207476 0.0860853 0.0173205
vn 0.913014 -0.33378 0.234511
v -0.0217153 0.0864488 0.0179754
vn 0.772355 -0.284744 -0.567793
v -0.020747 0.0860832 0.0173874
vn 0.919298 -0.34266 0.193584
v -0.0216117 0.0864055 0.0180379
vn -0.37415 -0.925811 -0.053711
v -0.0216697 0.0864265 0.0180719
vn 0.381884 -0.11657 -0.916829
v -0.0217287 0.0864509 0.0180401
vn -0.902961 0.416098 -0.107348
v -0.0216117 0.0864055 0.0180379
vn -0.37415 -0.925811 -0.053711
v -0.0217287 0.0864509 0.0180401
vn -0.902961 0.416098 -0.107348
v -0.021697 0.0864396 0.0180216
vn 0.490424 -0.245574 0.836168
v -0.0220105 0.0865589 0.0180099
vn -0.278222 -0.952888 0.12082
v -0.0208703 0.0861327 0.0174295
vn 0.937688 -0.296413 -0.18133
v -0.0208178 0.0861105 0.0174495
vn 0.934775 -0.354974 -0.013734
v -0.0220105 0.0865589 0.0180099
vn -0.278222 -0.952888 0.12082
v -0.0208178 0.0861105 0.0174495
vn 0.934775 -0.354974 -0.013734
v -0.0219109 0.0865219 0.0180062
vn 0.197545 0.0299958 0.979835
v -0.0218662 0.0865016 0.0180821
vn 0.519089 -0.37684 0.767162
v -0.0208225 0.0861087 0.017554
vn -0.538618 0.226231 -0.81161
v -0.0207921 0.0860975 0.0175171
vn -0.837989 0.306473 0.451496
v -0.0218662 0.0865016 0.0180821
vn 0.519089 -0.37684 0.767162
v -0.0207921 0.0860975 0.0175171
vn -0.837989 0.306473 0.451496
v -0.0218358 0.0864918 0.0180449
vn 0.568273 -0.326813 0.755155
v -0.0218382 0.0864984 0.0179122
vn -0.339604 -0.940553 0.00538129
v -0.0207476 0.0860853 0.0173205
vn 0.913014 -0.33378 0.234511
v -0.020747 0.0860832 0.0173874
vn 0.919298 -0.34266 0.193584
v -0.0218382 0.0864984 0.0179122
vn -0.339604 -0.940553 0.00538129
v -0.020747 0.0860832 0.0173874
vn 0.919298 -0.34266 0.193584
v -0.02182 0.0864898 0.0179543
vn -0.172999 0.083664 -0.981362
v -0.020654 0.0860436 0.0174248
vn -0.41213 -0.910897 -0.0203977
v -0.0216117 0.0864055 0.0180379
vn -0.37415 -0.925811 -0.053711
v -0.021697 0.0864396 0.0180216
vn 0.490424 -0.245574 0.836168
v -0.020654 0.0860436 0.0174248
vn -0.41213 -0.910897 -0.0203977
v -0.021697 0.0864396 0.0180216
vn 0.490424 -0.245574 0.836168
v -0.0206972 0.0860609 0.0174416
vn 0.327807 0.941971 -0.0723375
v -0.0208225 0.0861087 0.017554
vn -0.538618 0.226231 -0.81161
v -0.0220105 0.0865589 0.0180099
vn -0.278222 -0.952888 0.12082
v -0.0219109 0.0865219 0.0180062
vn 0.197545 0.0299958 0.979835
v -0.0208225 0.0861087 0.017554
vn -0.538618 0.226231 -0.81161
v -0.0219109 0.0865219 0.0180062
vn 0.197545 0.0299958 0.979835
v -0.0207921 0.0860975 0.0175171
vn -0.837989 0.306473 0.451496
v -0.0207136 0.086062 0.0175913
vn 0.924986 -0.377156 -0.0464186
v -0.0218662 0.0865016 0.0180821
vn 0.519089 -0.37684 0.767162
v -0.0218358 0.0864918 0.0180449
vn 0.568273 -0.326813 0.755155
v -0.0207136 0.086062 0.0175913
vn 0.924986 -0.377156 -0.0464186
v -0.0218358 0.0864918 0.0180449
vn 0.568273 -0.326813 0.755155
v -0.0207337 0.0860726 0.0175375
vn -0.54023 0.162981 0.825584
v -0.0219414 0.0865365 0.0179266
vn -0.0386222 0.114417 0.992682
v -0.0218382 0.0864984 0.0179122
vn -0.339604 -0.940553 0.00538129
v -0.02182 0.0864898 0.0179543
vn -0.172999 0.083664 -0.981362
v -0.0219414 0.0865365 0.0179266
vn -0.0386222 0.114417 0.992682
v -0.02182 0.0864898 0.0179543
vn -0.172999 0.083664 -0.981362
v -0.0218737 0.0865098 0.0179624
vn 0.174149 -0.0298858 0.984266
v -0.0213221 0.0862987 0.017867
vn -0.444445 0.111138 -0.888885
v -0.0224424 0.0866827 0.0186228
vn 0.370275 0.881059 0.294332
v -0.0218358 0.0864918 0.0180449
vn 0.568273 -0.326813 0.755155
v -0.0213221 0.0862987 0.017867
vn -0.444445 0.111138 -0.888885
v -0.0218358 0.0864918 0.0180449
vn 0.568273 -0.326813 0.755155
v -0.0207921 0.0860975 0.0175171
vn -0.837989 0.306473 0.451496
v -0.0214401 0.0863559 0.0166674
vn -0.513961 -0.686648 0.514158
v -0.0206912 0.0860619 0.017331
vn -0.331779 -0.933373 0.136883
v -0.0216435 0.0864219 0.0179531
vn -0.288723 0.0864956 -0.953497
v -0.0214401 0.0863559 0.0166674
vn -0.513961 -0.686648 0.514158
v -0.0216435 0.0864219 0.0179531
vn -0.288723 0.0864956 -0.953497
v -0.0207476 0.0860853 0.0173205
vn 0.913014 -0.33378 0.234511
v -0.0222073 0.0866431 0.01729
vn 0.315473 0.948605 -0.0250225
v -0.0230227 0.0869048 0.0173288
vn 0.0989674 -0.389662 0.915625
v -0.0218737 0.0865098 0.0179624
vn 0.174149 -0.0298858 0.984266
v -0.0222073 0.0866431 0.01729
vn 0.315473 0.948605 -0.0250225
v -0.0218737 0.0865098 0.0179624
vn 0.174149 -0.0298858 0.984266
v -0.02182 0.0864898 0.0179543
vn -0.172999 0.083664 -0.981362
v -0.0224424 0.0866827 0.0186228
vn 0.370275 0.881059 0.294332
v -0.020541 0.0859641 0.0180356
vn 0.389771 -0.0747873 -0.91787
v -0.0207337 0.0860726 0.0175375
vn -0.54023 0.162981 0.825584
v -0.0224424 0.0866827 0.0186228
vn 0.370275 0.881059 0.294332
v -0.0207337 0.0860726 0.0175375
vn -0.54023 0.162981 0.825584
v -0.0218358 0.0864918 0.0180449
vn 0.568273 -0.326813 0.755155
v -0.0229086 0.0867987 0.0161195
vn -0.278719 -0.161976 0.946615
v -0.0214401 0.0863559 0.0166674
vn -0.513961 -0.686648 0.514158
v -0.0207476 0.0860853 0.0173205
vn 0.913014 -0.33378 0.234511
v -0.0229086 0.0867987 0.0161195
vn -0.278719 -0.161976 0.946615
v -0.0207476 0.0860853 0.0173205
vn 0.913014 -0.33378 0.234511
v -0.0218382 0.0864984 0.0179122
vn -0.339604 -0.940553 0.00538129
v -0.0230227 0.0869048 0.0173288
vn 0.0989674 -0.389662 0.915625
v -0.0215676 0.0864112 0.0171214
vn 0.150648 0.016006 -0.988458
v -0.0208178 0.0861105 0.0174495
vn 0.934775 -0.354974 -0.013734
v -0.0230227 0.0869048 0.0173288
vn 0.0989674 -0.389662 0.915625
v -0.0208178 0.0861105 0.0174495
vn 0.934775 -0.354974 -0.013734
v -0.0218737 0.0865098 0.0179624
vn 0.174149 -0.0298858 0.984266
v -0.0236211 0.086964 0.0197976
vn 0.0161674 -0.989682 0.142366
v -0.0220952 0.0865858 0.0181109
vn -0.316388 -0.947558 -0.0450832
v -0.0208225 0.0861087 0.017554
vn -0.538618 0.226231 -0.81161
v -0.0236211 0.086964 0.0197976
vn 0.0161674 -0.989682 0.142366
v -0.0208225 0.0861087 0.017554
vn -0.538618 0.226231 -0.81161
v -0.0218662 0.0865016 0.0180821
vn 0.519089 -0.37684 0.767162
v -0.020541 0.0859641 0.0180356
vn 0.389771 -0.0747873 -0.91787
v -0.0211075 0.0861794 0.0183812
vn 0.264051 -0.155345 0.951916
v -0.0217287 0.0864509 0.0180401
vn -0.902961 0.416098 -0.107348
v -0.020541 0.0859641 0.0180356
vn 0.389771 -0.0747873 -0.91787
v -0.0217287 0.0864509 0.0180401
vn -0.902961 0.416098 -0.107348
v -0.0207337 0.0860726 0.0175375
vn -0.54023 0.162981 0.825584
v -0.0245918 0.0871761 0.0161115
vn 0.21941 0.839556 0.496995
v -0.0229086 0.0867987 0.0161195
vn -0.278719 -0.161976 0.946615
v -0.0218382 0.0864984 0.0179122
vn -0.339604 -0.940553 0.00538129
v -0.0245918 0.0871761 0.0161115
vn 0.21941 0.839556 0.496995
v -0.0218382 0.0864984 0.0179122
vn -0.339604 -0.940553 0.00538129
v -0.0219414 0.0865365 0.0179266
vn -0.0386222 0.114417 0.992682
v -0.0215676 0.0864112 0.0171214
vn 0.150648 0.016006 -0.988458
v -0.0236725 0.0870813 0.0181305
vn 0.22727 0.96676 0.117149
v -0.0219109 0.0865219 0.0180062
vn 0.197545 0.0299958 0.979835
v -0.0215676 0.0864112 0.0171214
vn 0.150648 0.016006 -0.988458
v -0.0219109 0.0865219 0.0180062
vn 0.197545 0.0299958 0.979835
v -0.0208178 0.0861105 0.0174495
vn 0.934775 -0.354974 -0.013734
v -0.0203197 0.0858335 0.0184669
vn -0.893717 0.346105 0.285449
v -0.0236211 0.086964 0.0197976
vn 0.0161674 -0.989682 0.142366
v -0.0218662 0.0865016 0.0180821
vn 0.519089 -0.37684 0.767162
v -0.0203197 0.0858335 0.0184669
vn -0.893717 0.346105 0.285449
v -0.0218662 0.0865016 0.0180821
vn 0.519089 -0.37684 0.767162
v -0.0207136 0.086062 0.0175913
vn 0.924986 -0.377156 -0.0464186
v -0.0211075 0.0861794 0.0183812
vn 0.264051 -0.155345 0.951916
v -0.0208537 0.0860859 0.0181953
vn 0.476226 -0.231034 0.848429
v -0.021697 0.0864396 0.0180216
vn 0.490424 -0.245574 0.836168
v -0.0211075 0.0861794 0.0183812
vn 0.264051 -0.155345 0.951916
v -0.021697 0.0864396 0.0180216
vn 0.490424 -0.245574 0.836168
v -0.0217287 0.0864509 0.0180401
vn -0.902961 0.416098 -0.107348
vt 0.250358 0.0244527
vt 0.250358 0.00562
vt 0.258388 0.0183193
vt 0.990646 0.441171
vt 0.985922 0.428719
vt 0.990646 0.422022
vt 0.980241 0.221993
vt 0.963235 0.209991
vt 0.984617 0.215341
vt 0.980241 0.221993
vt 0.96305 0.217482
vt 0.963235 0.209991
vt 0.939962 0.0403171
vt 0.927012 0.038014
vt 0.939962 0.0325933
vt 0.635428 0.0122159
vt 0.635704 0.000728488
vt 0.641096 0.000350833
vt 0.992121 0.712905
vt 0.988852 0.710608
vt 0.992697 0.70744
vt 0.992121 0.712905
vt 0.989635 0.714527
vt 0.988852 0.710608
vt 0.213838 0.0522575
vt 0.213838 0.0763432
vt 0.210104 0.0532787
vt 0.206589 0.0524014
vt 0.209403 0.0729674
vt 0.206589 0.0763432
vt 0.640275 0.316478
vt 0.642339 0.299123
vt 0.642339 0.320358
vt 0.618714 0.367114
vt 0.618714 0.347596
vt 0.619382 0.349308
vt 0.642339 0.344013
vt 0.642339 0.366798
vt 0.641157 0.345374
vt 0.640272 0.3675
vt 0.642339 0.386606
vt 0.640272 0.390313
vt 0.640272 0.500705
vt 0.642745 0.479848
vt 0.642745 0.50434
vt 0.618714 0.575828
vt 0.623079 0.553757
vt 0.623988 0.555052
vt 0.623079 0.553757
vt 0.630327 0.551609
vt 0.623988 0.555052
vt 0.623079 0.553757
vt 0.626825 0.550781
vt 0.630327 0.551609
vt 0.990137 0.0166923
vt 0.990137 0.0354044
vt 0.986911 0.0180727
vt 0.297695 0.0276169
vt 0.29104 0.0139282
vt 0.297695 0.00920272
vt 0.238049 0.128771
vt 0.21454 0.121119
vt 0.238932 0.120666
vt 0.238049 0.128771
vt 0.217138 0.12859
vt 0.21454 0.121119
vt 0.6356 0.223829
vt 0.621137 0.216094
vt 0.638986 0.216807
vt 0.6356 0.223829
vt 0.619344 0.225884
vt 0.621137 0.216094
vt 0.940664 0.0403169
vt 0.940664 0.00920111
vt 0.957839 0.0205022
vt 0.151181 0.0450849
vt 0.139517 0.0352591
vt 0.151181 0.0134394
vt 0.984617 0.215341
vt 0.96516 0.189687
vt 0.992902 0.191349
vt 0.984617 0.215341
vt 0.963235 0.209991
vt 0.96516 0.189687
vt 0.939962 0.0325933
vt 0.929649 0.0207864
vt 0.939293 0.0119597
vt 0.939962 0.0325933
vt 0.927012 0.038014
vt 0.929649 0.0207864
vt 0.787903 0.152462
vt 0.784887 0.166881
vt 0.774876 0.164286
vt 0.787903 0.152462
vt 0.792412 0.154586
vt 0.784887 0.166881
vt 0.792412 0.154586
vt 0.798501 0.185906
vt 0.784887 0.166881
vt 0.792412 0.154586
vt 0.801691 0.176034
vt 0.798501 0.185906
vt 0.878971 0.581173
vt 0.883429 0.571023
vt 0.883429 0.590542
vt 0.820354 0.592078
vt 0.820354 0.571022
vt 0.826411 0.582858
vt 0.249012 0.0790267
vt 0.249656 0.110735
vt 0.245073 0.0918709
vt 0.640272 0.415295
vt 0.642691 0.436868
vt 0.640272 0.446656
vt 0.62064 0.579669
vt 0.636865 0.570285
vt 0.624208 0.589352
vt 0.62064 0.579669
vt 0.623988 0.555052
vt 0.636865 0.570285
vt 0.623988 0.555052
vt 0.646916 0.566909
vt 0.636865 0.570285
vt 0.623988 0.555052
vt 0.630327 0.551609
vt 0.646916 0.566909
vt 0.167911 0.0459816
vt 0.167911 0.0136703
vt 0.173729 0.0247051
vt 0.725771 0.047251
vt 0.71635 0.032417
vt 0.725771 0.0148231
vt 0.238932 0.120666
vt 0.21454 0.0952775
vt 0.242132 0.10087
vt 0.238932 0.120666
vt 0.21454 0.121119
vt 0.21454 0.0952775
vt 0.638986 0.216807
vt 0.623529 0.189313
vt 0.642989 0.19127
vt 0.638986 0.216807
vt 0.621137 0.216094
vt 0.623529 0.189313
vt 0.957839 0.14725
vt 0.930952 0.10926
vt 0.955125 0.102219
vt 0.957839 0.14725
vt 0.93958 0.152839
vt 0.930952 0.10926
vt 0.909864 0.592957
vt 0.912514 0.640709
vt 0.881417 0.624614
vt 0.992902 0.191349
vt 0.96516 0.189687
vt 0.96305 0.15354
vt 0.305937 0.108474
vt 0.298684 0.0891704
vt 0.305937 0.0738138
vt 0.305937 0.108474
vt 0.299166 0.119834
vt 0.298684 0.0891704
vt 0.774876 0.164286
vt 0.773079 0.188258
vt 0.75521 0.187853
vt 0.774876 0.164286
vt 0.784887 0.166881
vt 0.773079 0.188258
vt 0.784887 0.166881
vt 0.792966 0.203741
vt 0.773079 0.188258
vt 0.784887 0.166881
vt 0.798501 0.185906
vt 0.792966 0.203741
vt 0.305269 0.22808
vt 0.29493 0.227094
vt 0.305937 0.209394
vt 0.305269 0.22808
vt 0.296821 0.24482
vt 0.29493 0.227094
vt 0.296111 0.25029
vt 0.297166 0.285377
vt 0.290605 0.26727
vt 0.245073 0.0918709
vt 0.249656 0.110735
vt 0.245073 0.128771
vt 0.624208 0.589352
vt 0.649701 0.590692
vt 0.630419 0.606757
vt 0.624208 0.589352
vt 0.636865 0.570285
vt 0.649701 0.590692
vt 0.636865 0.570285
vt 0.667512 0.589235
vt 0.649701 0.590692
vt 0.636865 0.570285
vt 0.646916 0.566909
vt 0.667512 0.589235
vt 0.634167 0.446656
vt 0.634167 0.40118
vt 0.639571 0.417487
vt 0.213838 0.123955
vt 0.207434 0.112272
vt 0.213838 0.0770448
vt 0.963495 0.393267
vt 0.963495 0.339672
vt 0.98628 0.366585
vt 0.242132 0.10087
vt 0.21454 0.0952775
vt 0.223189 0.0510803
vt 0.939266 0.33897
vt 0.92807 0.286344
vt 0.951307 0.295979
vt 0.642989 0.19127
vt 0.623529 0.189313
vt 0.619344 0.14516
vt 0.955125 0.102219
vt 0.92807 0.051513
vt 0.957839 0.0410186
vt 0.955125 0.102219
vt 0.930952 0.10926
vt 0.92807 0.051513
vt 0.881417 0.624614
vt 0.891507 0.684149
vt 0.849346 0.674962
vt 0.881417 0.624614
vt 0.912514 0.640709
vt 0.891507 0.684149
vt 0.305937 0.361576
vt 0.296237 0.336034
vt 0.305937 0.311516
vt 0.305937 0.361576
vt 0.300537 0.378497
vt 0.296237 0.336034
vt 0.305937 0.379198
vt 0.28542 0.40398
vt 0.264207 0.38809
vt 0.75521 0.187853
vt 0.773079 0.188258
vt 0.75837 0.220028
vt 0.773079 0.188258
vt 0.785376 0.230698
vt 0.75837 0.220028
vt 0.773079 0.188258
vt 0.792966 0.203741
vt 0.785376 0.230698
vt 0.305937 0.209394
vt 0.291958 0.200566
vt 0.305937 0.181311
vt 0.305937 0.209394
vt 0.29493 0.227094
vt 0.291958 0.200566
vt 0.109422 0.0697528
vt 0.123475 0.114922
vt 0.108647 0.0966698
vt 0.290605 0.26727
vt 0.297166 0.285377
vt 0.290605 0.310815
vt 0.630419 0.606757
vt 0.665604 0.621437
vt 0.639024 0.633004
vt 0.630419 0.606757
vt 0.649701 0.590692
vt 0.665604 0.621437
vt 0.306638 0.382891
vt 0.360847 0.380748
vt 0.33931 0.395827
vt 0.649701 0.590692
vt 0.667512 0.589235
vt 0.691371 0.623257
vt 0.297868 0.310815
vt 0.297868 0.245521
vt 0.305937 0.270495
vt 0.639571 0.417487
vt 0.634167 0.40118
vt 0.634796 0.352962
vt 0.958541 0.0803626
vt 0.958541 0.0100829
vt 0.98621 0.043224
vt 0.987057 0.152839
vt 0.958541 0.134423
vt 0.987057 0.0810643
vt 0.951307 0.295979
vt 0.930725 0.223578
vt 0.959962 0.23548
vt 0.951307 0.295979
vt 0.92807 0.286344
vt 0.930725 0.223578
vt 0.762493 0.139154
vt 0.728343 0.0834436
vt 0.763026 0.0695771
vt 0.762493 0.139154
vt 0.73343 0.151761
vt 0.728343 0.0834436
vt 0.849346 0.674962
vt 0.871824 0.739147
vt 0.821645 0.737689
vt 0.849346 0.674962
vt 0.891507 0.684149
vt 0.871824 0.739147
vt 0.891507 0.684149
vt 0.897192 0.717123
vt 0.871824 0.739147
vt 0.891507 0.684149
vt 0.910333 0.665391
vt 0.897192 0.717123
vt 0.264207 0.38809
vt 0.244947 0.42203
vt 0.212587 0.404718
vt 0.264207 0.38809
vt 0.28542 0.40398
vt 0.244947 0.42203
vt 0.75837 0.220028
vt 0.776901 0.266713
vt 0.743184 0.261412
vt 0.75837 0.220028
vt 0.785376 0.230698
vt 0.776901 0.266713
vt 0.0919479 0.113607
vt 0.107551 0.132577
vt 0.0860528 0.149752
vt 0.0919479 0.113607
vt 0.108647 0.0966698
vt 0.107551 0.132577
vt 0.108647 0.0966698
vt 0.127376 0.151476
vt 0.107551 0.132577
vt 0.108647 0.0966698
vt 0.123475 0.114922
vt 0.127376 0.151476
vt 0.639024 0.633004
vt 0.682345 0.661582
vt 0.648853 0.668109
vt 0.639024 0.633004
vt 0.665604 0.621437
vt 0.682345 0.661582
vt 0.33931 0.395827
vt 0.412093 0.398414
vt 0.379377 0.414684
vt 0.33931 0.395827
vt 0.360847 0.380748
vt 0.412093 0.398414
vt 0.499073 0.00835866
vt 0.540383 0.0744557
vt 0.514142 0.0555302
vt 0.499073 0.00835866
vt 0.518624 0.024616
vt 0.540383 0.0744557
vt 0.518624 0.024616
vt 0.589893 0.0685557
vt 0.540383 0.0744557
vt 0.518624 0.024616
vt 0.5595 0.0113462
vt 0.589893 0.0685557
vt 0.959962 0.23548
vt 0.92807 0.153541
vt 0.962348 0.167332
vt 0.959962 0.23548
vt 0.930725 0.223578
vt 0.92807 0.153541
vt 0.763026 0.0695771
vt 0.728343 0.017146
vt 0.766792 0.00993401
vt 0.763026 0.0695771
vt 0.728343 0.0834436
vt 0.728343 0.017146
vt 0.821645 0.737689
vt 0.857723 0.799909
vt 0.805186 0.80207
vt 0.821645 0.737689
vt 0.871824 0.739147
vt 0.857723 0.799909
vt 0.871824 0.739147
vt 0.887153 0.775855
vt 0.857723 0.799909
vt 0.871824 0.739147
vt 0.897192 0.717123
vt 0.887153 0.775855
vt 0.212587 0.404718
vt 0.199265 0.44697
vt 0.158279 0.429525
vt 0.212587 0.404718
vt 0.244947 0.42203
vt 0.199265 0.44697
vt 0.743184 0.261412
vt 0.769194 0.310377
vt 0.729496 0.311446
vt 0.743184 0.261412
vt 0.776901 0.266713
vt 0.769194 0.310377
vt 0.0860528 0.149752
vt 0.106061 0.176174
vt 0.0798766 0.193521
vt 0.0860528 0.149752
vt 0.107551 0.132577
vt 0.106061 0.176174
vt 0.107551 0.132577
vt 0.130759 0.195643
vt 0.106061 0.176174
vt 0.107551 0.132577
vt 0.127376 0.151476
vt 0.130759 0.195643
vt 0.648853 0.668109
vt 0.69792 0.710365
vt 0.658209 0.710822
vt 0.648853 0.668109
vt 0.682345 0.661582
vt 0.69792 0.710365
vt 0.379377 0.414684
vt 0.465854 0.424148
vt 0.424509 0.440427
vt 0.379377 0.414684
vt 0.412093 0.398414
vt 0.465854 0.424148
vt 0.514142 0.0555302
vt 0.55752 0.131615
vt 0.526995 0.11075
vt 0.514142 0.0555302
vt 0.540383 0.0744557
vt 0.55752 0.131615
vt 0.540383 0.0744557
vt 0.609985 0.129919
vt 0.55752 0.131615
vt 0.540383 0.0744557
vt 0.589893 0.0685557
vt 0.609985 0.129919
vt 0.794498 0.0862194
vt 0.766792 0.00993401
vt 0.801691 0.0202234
vt 0.794498 0.0862194
vt 0.763026 0.0695771
vt 0.766792 0.00993401
vt 0.175865 0.135783
vt 0.213838 0.183239
vt 0.174876 0.1897
vt 0.175865 0.135783
vt 0.213353 0.125177
vt 0.213838 0.183239
vt 0.805186 0.80207
vt 0.852678 0.85796
vt 0.801224 0.861088
vt 0.805186 0.80207
vt 0.857723 0.799909
vt 0.852678 0.85796
vt 0.857723 0.799909
vt 0.882953 0.835604
vt 0.852678 0.85796
vt 0.857723 0.799909
vt 0.887153 0.775855
vt 0.882953 0.835604
vt 0.158279 0.429525
vt 0.152967 0.478312
vt 0.107756 0.461345
vt 0.158279 0.429525
vt 0.199265 0.44697
vt 0.152967 0.478312
vt 0.729496 0.311446
vt 0.764128 0.358251
vt 0.719829 0.366496
vt 0.729496 0.311446
vt 0.769194 0.310377
vt 0.764128 0.358251
vt 0.0798766 0.193521
vt 0.104142 0.224993
vt 0.0738887 0.24135
vt 0.0798766 0.193521
vt 0.106061 0.176174
vt 0.104142 0.224993
vt 0.106061 0.176174
vt 0.133132 0.243821
vt 0.104142 0.224993
vt 0.106061 0.176174
vt 0.130759 0.195643
vt 0.133132 0.243821
vt 0.658209 0.710822
vt 0.70968 0.764402
vt 0.665095 0.75791
vt 0.658209 0.710822
vt 0.69792 0.710365
vt 0.70968 0.764402
vt 0.424509 0.440427
vt 0.515684 0.456706
vt 0.470119 0.472495
vt 0.424509 0.440427
vt 0.465854 0.424148
vt 0.515684 0.456706
vt 0.526995 0.11075
vt 0.566185 0.188319
vt 0.534663 0.16862
vt 0.526995 0.11075
vt 0.55752 0.131615
vt 0.566185 0.188319
vt 0.55752 0.131615
vt 0.618012 0.188475
vt 0.566185 0.188319
vt 0.55752 0.131615
vt 0.609985 0.129919
vt 0.618012 0.188475
vt 0.13833 0.124657
vt 0.174876 0.1897
vt 0.135456 0.182695
vt 0.13833 0.124657
vt 0.175865 0.135783
vt 0.174876 0.1897
vt 0.174876 0.1897
vt 0.213677 0.234088
vt 0.17464 0.238718
vt 0.174876 0.1897
vt 0.213838 0.183239
vt 0.213677 0.234088
vt 0.801224 0.861088
vt 0.857435 0.90671
vt 0.808777 0.910052
vt 0.801224 0.861088
vt 0.852678 0.85796
vt 0.857435 0.90671
vt 0.852678 0.85796
vt 0.885942 0.890856
vt 0.857435 0.90671
vt 0.852678 0.85796
vt 0.882953 0.835604
vt 0.885942 0.890856
vt 0.107756 0.461345
vt 0.111218 0.514244
vt 0.0660757 0.497841
vt 0.107756 0.461345
vt 0.152967 0.478312
vt 0.111218 0.514244
vt 0.719829 0.366496
vt 0.762917 0.407397
vt 0.716164 0.421582
vt 0.719829 0.366496
vt 0.764128 0.358251
vt 0.762917 0.407397
vt 0.0738887 0.24135
vt 0.101818 0.275644
vt 0.0682615 0.290189
vt 0.0738887 0.24135
vt 0.104142 0.224993
vt 0.101818 0.275644
vt 0.104142 0.224993
vt 0.134354 0.292946
vt 0.101818 0.275644
vt 0.104142 0.224993
vt 0.133132 0.243821
vt 0.134354 0.292946
vt 0.665095 0.75791
vt 0.715463 0.818938
vt 0.668193 0.806599
vt 0.665095 0.75791
vt 0.70968 0.764402
vt 0.715463 0.818938
vt 0.470119 0.472495
vt 0.556572 0.493715
vt 0.511083 0.509014
vt 0.470119 0.472495
vt 0.515684 0.456706
vt 0.556572 0.493715
vt 0.534663 0.16862
vt 0.565161 0.238017
vt 0.535468 0.223843
vt 0.534663 0.16862
vt 0.566185 0.188319
vt 0.565161 0.238017
vt 0.566185 0.188319
vt 0.614506 0.239211
vt 0.565161 0.238017
vt 0.566185 0.188319
vt 0.618012 0.188475
vt 0.614506 0.239211
vt 0.135456 0.182695
vt 0.17464 0.238718
vt 0.135055 0.233543
vt 0.135456 0.182695
vt 0.174876 0.1897
vt 0.17464 0.238718
vt 0.17464 0.238718
vt 0.213838 0.283534
vt 0.174798 0.287049
vt 0.17464 0.238718
vt 0.213677 0.234088
vt 0.213838 0.283534
vt 0.808777 0.910052
vt 0.869625 0.947321
vt 0.822634 0.956216
vt 0.808777 0.910052
vt 0.857435 0.90671
vt 0.869625 0.947321
vt 0.857435 0.90671
vt 0.896478 0.934017
vt 0.869625 0.947321
vt 0.857435 0.90671
vt 0.885942 0.890856
vt 0.896478 0.934017
vt 0.0660757 0.497841
vt 0.0790098 0.551676
vt 0.0394083 0.53463
vt 0.0660757 0.497841
vt 0.111218 0.514244
vt 0.0790098 0.551676
vt 0.716164 0.421582
vt 0.766313 0.45411
vt 0.719558 0.47094
vt 0.716164 0.421582
vt 0.762917 0.407397
vt 0.766313 0.45411
vt 0.649502 0.0241958
vt 0.680995 0.058414
vt 0.644423 0.0696259
vt 0.649502 0.0241958
vt 0.683732 0.0106121
vt 0.680995 0.058414
vt 0.101818 0.275644
vt 0.134354 0.339232
vt 0.099184 0.32419
vt 0.101818 0.275644
vt 0.134354 0.292946
vt 0.134354 0.339232
vt 0.668193 0.806599
vt 0.713996 0.868359
vt 0.666614 0.853303
vt 0.668193 0.806599
vt 0.715463 0.818938
vt 0.713996 0.868359
vt 0.511083 0.509014
vt 0.58244 0.530725
vt 0.542474 0.546837
vt 0.511083 0.509014
vt 0.556572 0.493715
vt 0.58244 0.530725
vt 0.535468 0.223843
vt 0.556631 0.281132
vt 0.528558 0.26894
vt 0.535468 0.223843
vt 0.565161 0.238017
vt 0.556631 0.281132
vt 0.565161 0.238017
vt 0.60481 0.28822
vt 0.556631 0.281132
vt 0.565161 0.238017
vt 0.614506 0.239211
vt 0.60481 0.28822
vt 0.135055 0.233543
vt 0.174798 0.287049
vt 0.135216 0.282989
vt 0.135055 0.233543
vt 0.17464 0.238718
vt 0.174798 0.287049
vt 0.250358 0.0314912
vt 0.28957 0.0752339
vt 0.251463 0.0804419
vt 0.250358 0.0314912
vt 0.28844 0.0251542
vt 0.28957 0.0752339
vt 0.822634 0.956216
vt 0.886786 0.98553
vt 0.842142 0.999649
vt 0.822634 0.956216
vt 0.869625 0.947321
vt 0.886786 0.98553
vt 0.869625 0.947321
vt 0.912514 0.96972
vt 0.886786 0.98553
vt 0.869625 0.947321
vt 0.896478 0.934017
vt 0.912514 0.96972
vt 0.0394083 0.53463
vt 0.0602573 0.586651
vt 0.0222206 0.571966
vt 0.0394083 0.53463
vt 0.0790098 0.551676
vt 0.0602573 0.586651
vt 0.719558 0.47094
vt 0.774438 0.494221
vt 0.729878 0.508971
vt 0.719558 0.47094
vt 0.766313 0.45411
vt 0.774438 0.494221
vt 0.644423 0.0696259
vt 0.679567 0.102408
vt 0.641798 0.110548
vt 0.644423 0.0696259
vt 0.680995 0.058414
vt 0.679567 0.102408
vt 0.099184 0.32419
vt 0.133159 0.378497
vt 0.0964023 0.366587
vt 0.099184 0.32419
vt 0.134354 0.339232
vt 0.133159 0.378497
vt 0.666614 0.853303
vt 0.705196 0.907103
vt 0.660079 0.893914
vt 0.666614 0.853303
vt 0.713996 0.868359
vt 0.705196 0.907103
vt 0.542474 0.546837
vt 0.598814 0.568155
vt 0.560462 0.581971
vt 0.542474 0.546837
vt 0.58244 0.530725
vt 0.598814 0.568155
vt 0.528558 0.26894
vt 0.543193 0.322667
vt 0.516001 0.307751
vt 0.528558 0.26894
vt 0.556631 0.281132
vt 0.543193 0.322667
vt 0.556631 0.281132
vt 0.589534 0.335435
vt 0.543193 0.322667
vt 0.556631 0.281132
vt 0.60481 0.28822
vt 0.589534 0.335435
vt 0.135216 0.282989
vt 0.175344 0.333909
vt 0.135776 0.330929
vt 0.135216 0.282989
vt 0.174798 0.287049
vt 0.175344 0.333909
vt 0.251463 0.0804419
vt 0.28844 0.124677
vt 0.250358 0.128771
vt 0.251463 0.0804419
vt 0.28957 0.0752339
vt 0.28844 0.124677
vt 0.858854 0.187831
vt 0.879118 0.248757
vt 0.836636 0.22912
vt 0.858854 0.187831
vt 0.898663 0.212435
vt 0.879118 0.248757
vt 0.898663 0.212435
vt 0.909105 0.257921
vt 0.879118 0.248757
vt 0.898663 0.212435
vt 0.927368 0.22398
vt 0.909105 0.257921
vt 0.0222206 0.571966
vt 0.0494375 0.621023
vt 0.00985505 0.611248
vt 0.0222206 0.571966
vt 0.0602573 0.586651
vt 0.0494375 0.621023
vt 0.729878 0.508971
vt 0.786651 0.524255
vt 0.744504 0.540864
vt 0.729878 0.508971
vt 0.774438 0.494221
vt 0.786651 0.524255
vt 0.641798 0.110548
vt 0.679624 0.138888
vt 0.641798 0.143455
vt 0.641798 0.110548
vt 0.679567 0.102408
vt 0.679624 0.138888
vt 0.679567 0.102408
vt 0.715463 0.144459
vt 0.679624 0.138888
vt 0.679567 0.102408
vt 0.714823 0.111544
vt 0.715463 0.144459
vt 0.660079 0.893914
vt 0.691879 0.940184
vt 0.64909 0.924928
vt 0.660079 0.893914
vt 0.705196 0.907103
vt 0.691879 0.940184
vt 0.560462 0.581971
vt 0.610317 0.607512
vt 0.570527 0.616409
vt 0.560462 0.581971
vt 0.598814 0.568155
vt 0.610317 0.607512
vt 0.516001 0.307751
vt 0.525077 0.361912
vt 0.499073 0.344423
vt 0.516001 0.307751
vt 0.543193 0.322667
vt 0.525077 0.361912
vt 0.543193 0.322667
vt 0.56894 0.380046
vt 0.525077 0.361912
vt 0.543193 0.322667
vt 0.589534 0.335435
vt 0.56894 0.380046
vt 0.135776 0.330929
vt 0.176271 0.378497
vt 0.136723 0.376545
vt 0.135776 0.330929
vt 0.175344 0.333909
vt 0.176271 0.378497
vt 0.952584 0.757547
vt 0.992098 0.801346
vt 0.952698 0.804437
vt 0.952584 0.757547
vt 0.991981 0.753375
vt 0.992098 0.801346
vt 0.836636 0.22912
vt 0.864168 0.287949
vt 0.819642 0.27367
vt 0.836636 0.22912
vt 0.879118 0.248757
vt 0.864168 0.287949
vt 0.879118 0.248757
vt 0.895135 0.294542
vt 0.864168 0.287949
vt 0.879118 0.248757
vt 0.909105 0.257921
vt 0.895135 0.294542
vt 0.00985505 0.611248
vt 0.0430222 0.65651
vt 0.00252329 0.651804
vt 0.00985505 0.611248
vt 0.0494375 0.621023
vt 0.0430222 0.65651
vt 0.744504 0.540864
vt 0.801691 0.549346
vt 0.762161 0.570321
vt 0.744504 0.540864
vt 0.786651 0.524255
vt 0.801691 0.549346
vt 0.478224 0.0125782
vt 0.44772 0.0465133
vt 0.44772 0.00955343
vt 0.478224 0.0125782
vt 0.478505 0.0495945
vt 0.44772 0.0465133
vt 0.9507 0.573474
vt 0.988145 0.605164
vt 0.950695 0.60365
vt 0.9507 0.573474
vt 0.98815 0.575255
vt 0.988145 0.605164
vt 0.64909 0.924928
vt 0.675458 0.97121
vt 0.635104 0.951355
vt 0.64909 0.924928
vt 0.691879 0.940184
vt 0.675458 0.97121
vt 0.570527 0.616409
vt 0.616753 0.648124
vt 0.576159 0.651944
vt 0.570527 0.616409
vt 0.610317 0.607512
vt 0.616753 0.648124
vt 0.306638 0.0612253
vt 0.347214 0.0968875
vt 0.315969 0.100439
vt 0.306638 0.0612253
vt 0.337228 0.0549219
vt 0.347214 0.0968875
vt 0.337228 0.0549219
vt 0.393366 0.0860819
vt 0.347214 0.0968875
vt 0.337228 0.0549219
vt 0.382014 0.0383782
vt 0.393366 0.0860819
vt 0.913215 0.753352
vt 0.952698 0.804437
vt 0.913332 0.801322
vt 0.913215 0.753352
vt 0.952584 0.757547
vt 0.952698 0.804437
vt 0.952698 0.804437
vt 0.992156 0.850809
vt 0.952756 0.852785
vt 0.952698 0.804437
vt 0.992098 0.801346
vt 0.992156 0.850809
vt 0.819642 0.27367
vt 0.854069 0.329337
vt 0.808162 0.320718
vt 0.819642 0.27367
vt 0.864168 0.287949
vt 0.854069 0.329337
vt 0.864168 0.287949
vt 0.885698 0.333216
vt 0.854069 0.329337
vt 0.864168 0.287949
vt 0.895135 0.294542
vt 0.885698 0.333216
vt 0.00252329 0.651804
vt 0.0411213 0.692504
vt 0.000350809 0.692941
vt 0.00252329 0.651804
vt 0.0430222 0.65651
vt 0.0411213 0.692504
vt 0.763818 0.571023
vt 0.785646 0.620716
vt 0.746353 0.599536
vt 0.763818 0.571023
vt 0.800522 0.596429
vt 0.785646 0.620716
vt 0.913215 0.605192
vt 0.9507 0.634496
vt 0.91322 0.635759
vt 0.913215 0.605192
vt 0.950695 0.60365
vt 0.9507 0.634496
vt 0.950695 0.60365
vt 0.98815 0.635731
vt 0.9507 0.634496
vt 0.950695 0.60365
vt 0.988145 0.605164
vt 0.98815 0.635731
vt 0.635104 0.951355
vt 0.656216 0.999649
vt 0.618714 0.97558
vt 0.635104 0.951355
vt 0.675458 0.97121
vt 0.656216 0.999649
vt 0.576159 0.651944
vt 0.618012 0.689294
vt 0.57726 0.687968
vt 0.576159 0.651944
vt 0.616753 0.648124
vt 0.618012 0.689294
vt 0.315969 0.100439
vt 0.352485 0.14024
vt 0.320894 0.140949
vt 0.315969 0.100439
vt 0.347214 0.0968875
vt 0.352485 0.14024
vt 0.347214 0.0968875
vt 0.399356 0.135362
vt 0.352485 0.14024
vt 0.347214 0.0968875
vt 0.393366 0.0860819
vt 0.399356 0.135362
vt 0.913332 0.801322
vt 0.952756 0.852785
vt 0.913391 0.850785
vt 0.913332 0.801322
vt 0.952698 0.804437
vt 0.952756 0.852785
vt 0.952756 0.852785
vt 0.992156 0.900918
vt 0.952756 0.901764
vt 0.952756 0.852785
vt 0.992156 0.850809
vt 0.992156 0.900918
vt 0.808162 0.320718
vt 0.848993 0.372216
vt 0.802393 0.369459
vt 0.808162 0.320718
vt 0.854069 0.329337
vt 0.848993 0.372216
vt 0.854069 0.329337
vt 0.880956 0.373283
vt 0.848993 0.372216
vt 0.854069 0.329337
vt 0.885698 0.333216
vt 0.880956 0.373283
vt 0.000350809 0.692941
vt 0.0437673 0.72839
vt 0.00337479 0.733953
vt 0.000350809 0.692941
vt 0.0411213 0.692504
vt 0.0437673 0.72839
vt 0.746353 0.599536
vt 0.773332 0.649679
vt 0.731707 0.630675
vt 0.746353 0.599536
vt 0.785646 0.620716
vt 0.773332 0.649679
vt 0.91322 0.635759
vt 0.950722 0.670004
vt 0.913514 0.668472
vt 0.91322 0.635759
vt 0.9507 0.634496
vt 0.950722 0.670004
vt 0.9507 0.634496
vt 0.987891 0.668444
vt 0.950722 0.670004
vt 0.9507 0.634496
vt 0.98815 0.635731
vt 0.987891 0.668444
vt 0.643691 0.166989
vt 0.697827 0.175037
vt 0.656692 0.194869
vt 0.643691 0.166989
vt 0.682449 0.145161
vt 0.697827 0.175037
vt 0.57726 0.687968
vt 0.614072 0.730319
vt 0.573813 0.723865
vt 0.57726 0.687968
vt 0.618012 0.689294
vt 0.614072 0.730319
vt 0.320894 0.140949
vt 0.352949 0.184238
vt 0.321328 0.182062
vt 0.320894 0.140949
vt 0.352485 0.14024
vt 0.352949 0.184238
vt 0.352485 0.14024
vt 0.399885 0.185377
vt 0.352949 0.184238
vt 0.352485 0.14024
vt 0.399356 0.135362
vt 0.399885 0.185377
vt 0.913391 0.850785
vt 0.952756 0.901764
vt 0.913391 0.900895
vt 0.913391 0.850785
vt 0.952756 0.852785
vt 0.952756 0.901764
vt 0.952756 0.901764
vt 0.992098 0.950816
vt 0.952698 0.950538
vt 0.952756 0.901764
vt 0.992156 0.900918
vt 0.992098 0.950816
vt 0.802393 0.369459
vt 0.849029 0.41585
vt 0.802433 0.41906
vt 0.802393 0.369459
vt 0.848993 0.372216
vt 0.849029 0.41585
vt 0.848993 0.372216
vt 0.880989 0.414056
vt 0.849029 0.41585
vt 0.848993 0.372216
vt 0.880956 0.373283
vt 0.880989 0.414056
vt 0.00337479 0.733953
vt 0.0535332 0.766182
vt 0.0115435 0.774141
vt 0.00337479 0.733953
vt 0.0437673 0.72839
vt 0.0535332 0.766182
vt 0.731707 0.630675
vt 0.764576 0.687644
vt 0.720929 0.667531
vt 0.731707 0.630675
vt 0.773332 0.649679
vt 0.764576 0.687644
vt 0.913514 0.668472
vt 0.950765 0.710403
vt 0.914774 0.70647
vt 0.913514 0.668472
vt 0.950722 0.670004
vt 0.950765 0.710403
vt 0.950722 0.670004
vt 0.986708 0.706443
vt 0.950765 0.710403
vt 0.950722 0.670004
vt 0.987891 0.668444
vt 0.986708 0.706443
vt 0.656692 0.194869
vt 0.709508 0.210924
vt 0.666389 0.232007
vt 0.656692 0.194869
vt 0.697827 0.175037
vt 0.709508 0.210924
vt 0.573813 0.723865
vt 0.605001 0.770497
vt 0.563199 0.761588
vt 0.573813 0.723865
vt 0.614072 0.730319
vt 0.605001 0.770497
vt 0.321328 0.182062
vt 0.3486 0.228129
vt 0.317264 0.223075
vt 0.321328 0.182062
vt 0.352949 0.184238
vt 0.3486 0.228129
vt 0.352949 0.184238
vt 0.394941 0.235269
vt 0.3486 0.228129
vt 0.352949 0.184238
vt 0.399885 0.185377
vt 0.394941 0.235269
vt 0.913391 0.900895
vt 0.952698 0.950538
vt 0.913332 0.950793
vt 0.913391 0.900895
vt 0.952756 0.901764
vt 0.952698 0.950538
vt 0.952698 0.950538
vt 0.991981 0.999649
vt 0.952584 0.99827
vt 0.952698 0.950538
vt 0.992098 0.950816
vt 0.991981 0.999649
vt 0.802433 0.41906
vt 0.854174 0.459493
vt 0.808282 0.468671
vt 0.802433 0.41906
vt 0.849029 0.41585
vt 0.854174 0.459493
vt 0.849029 0.41585
vt 0.887873 0.458454
vt 0.854174 0.459493
vt 0.849029 0.41585
vt 0.880989 0.414056
vt 0.887873 0.458454
vt 0.0115435 0.774141
vt 0.074602 0.808403
vt 0.0284105 0.815465
vt 0.0115435 0.774141
vt 0.0535332 0.766182
vt 0.074602 0.808403
vt 0.720929 0.667531
vt 0.759988 0.731611
vt 0.716164 0.714481
vt 0.720929 0.667531
vt 0.764576 0.687644
vt 0.759988 0.731611
vt 0.000350769 0.0654522
vt 0.0342613 0.117734
vt 0.000350772 0.105894
vt 0.000350769 0.0654522
vt 0.0364794 0.0754061
vt 0.0342613 0.117734
vt 0.950765 0.710403
vt 0.98463 0.746811
vt 0.950823 0.75265
vt 0.950765 0.710403
vt 0.986708 0.706443
vt 0.98463 0.746811
vt 0.666389 0.232007
vt 0.715463 0.257269
vt 0.672096 0.275454
vt 0.666389 0.232007
vt 0.709508 0.210924
vt 0.715463 0.257269
vt 0.563199 0.761588
vt 0.587202 0.811701
vt 0.541183 0.803548
vt 0.563199 0.761588
vt 0.605001 0.770497
vt 0.587202 0.811701
vt 0.317264 0.223075
vt 0.339512 0.271162
vt 0.306638 0.266398
vt 0.317264 0.223075
vt 0.3486 0.228129
vt 0.339512 0.271162
vt 0.3486 0.228129
vt 0.38461 0.284186
vt 0.339512 0.271162
vt 0.3486 0.228129
vt 0.394941 0.235269
vt 0.38461 0.284186
vt 0.913332 0.950793
vt 0.952584 0.99827
vt 0.913215 0.999626
vt 0.913332 0.950793
vt 0.952698 0.950538
vt 0.952584 0.99827
vt 0.87469 0.0170873
vt 0.913955 0.0671649
vt 0.874676 0.065096
vt 0.87469 0.0170873
vt 0.914071 0.0173817
vt 0.913955 0.0671649
vt 0.808282 0.468671
vt 0.867769 0.50641
vt 0.820393 0.51795
vt 0.808282 0.468671
vt 0.854174 0.459493
vt 0.867769 0.50641
vt 0.854174 0.459493
vt 0.904212 0.508948
vt 0.867769 0.50641
vt 0.854174 0.459493
vt 0.887873 0.458454
vt 0.904212 0.508948
vt 0.0284105 0.815465
vt 0.104478 0.850948
vt 0.058462 0.859127
vt 0.0284105 0.815465
vt 0.074602 0.808403
vt 0.104478 0.850948
vt 0.716164 0.714481
vt 0.759563 0.777955
vt 0.717639 0.766687
vt 0.716164 0.714481
vt 0.759988 0.731611
vt 0.759563 0.777955
vt 0.000350772 0.105894
vt 0.0325159 0.163104
vt 0.00160781 0.149997
vt 0.000350772 0.105894
vt 0.0342613 0.117734
vt 0.0325159 0.163104
vt 0.0342613 0.117734
vt 0.0630185 0.150029
vt 0.0325159 0.163104
vt 0.0342613 0.117734
vt 0.06756 0.105929
vt 0.0630185 0.150029
vt 0.672096 0.275454
vt 0.715341 0.309263
vt 0.673725 0.321589
vt 0.672096 0.275454
vt 0.715463 0.257269
vt 0.715341 0.309263
vt 0.541183 0.803548
vt 0.556167 0.854996
vt 0.510354 0.845663
vt 0.541183 0.803548
vt 0.587202 0.811701
vt 0.556167 0.854996
vt 0.40087 0.050296
vt 0.444418 0.0775602
vt 0.415124 0.0998353
vt 0.306638 0.266398
vt 0.339512 0.271162
vt 0.322444 0.315846
vt 0.339512 0.271162
vt 0.368518 0.331689
vt 0.322444 0.315846
vt 0.339512 0.271162
vt 0.38461 0.284186
vt 0.368518 0.331689
vt 0.835302 0.0173817
vt 0.874676 0.065096
vt 0.83539 0.0671649
vt 0.835302 0.0173817
vt 0.87469 0.0170873
vt 0.874676 0.065096
vt 0.874676 0.065096
vt 0.91253 0.125168
vt 0.874676 0.119049
vt 0.874676 0.065096
vt 0.913955 0.0671649
vt 0.91253 0.125168
vt 0.820393 0.51795
vt 0.891617 0.556272
vt 0.844571 0.570321
vt 0.820393 0.51795
vt 0.867769 0.50641
vt 0.891617 0.556272
vt 0.867769 0.50641
vt 0.927368 0.559607
vt 0.891617 0.556272
vt 0.867769 0.50641
vt 0.904212 0.508948
vt 0.927368 0.559607
vt 0.058462 0.859127
vt 0.139596 0.890228
vt 0.0974052 0.900234
vt 0.058462 0.859127
vt 0.104478 0.850948
vt 0.139596 0.890228
vt 0.717639 0.766687
vt 0.76277 0.82341
vt 0.724599 0.819116
vt 0.717639 0.766687
vt 0.759563 0.777955
vt 0.76277 0.82341
vt 0.00160781 0.149997
vt 0.031265 0.208025
vt 0.00400845 0.194422
vt 0.00160781 0.149997
vt 0.0325159 0.163104
vt 0.031265 0.208025
vt 0.0325159 0.163104
vt 0.05834 0.19445
vt 0.031265 0.208025
vt 0.0325159 0.163104
vt 0.0630185 0.150029
vt 0.05834 0.19445
vt 0.673725 0.321589
vt 0.709761 0.361832
vt 0.671714 0.367101
vt 0.673725 0.321589
vt 0.715341 0.309263
vt 0.709761 0.361832
vt 0.510354 0.845663
vt 0.5163 0.895534
vt 0.474357 0.884384
vt 0.510354 0.845663
vt 0.556167 0.854996
vt 0.5163 0.895534
vt 0.415124 0.0998353
vt 0.451703 0.131769
vt 0.423155 0.155264
vt 0.415124 0.0998353
vt 0.444418 0.0775602
vt 0.451703 0.131769
vt 0.444418 0.0775602
vt 0.498371 0.119522
vt 0.451703 0.131769
vt 0.322444 0.315846
vt 0.368518 0.331689
vt 0.341112 0.380046
vt 0.83539 0.0671649
vt 0.874676 0.119049
vt 0.836821 0.125168
vt 0.83539 0.0671649
vt 0.874676 0.065096
vt 0.874676 0.119049
vt 0.874676 0.119049
vt 0.909423 0.187129
vt 0.874692 0.176159
vt 0.874676 0.119049
vt 0.91253 0.125168
vt 0.909423 0.187129
vt 0.216868 0.129472
vt 0.259518 0.204205
vt 0.21454 0.191619
vt 0.216868 0.129472
vt 0.262991 0.145638
vt 0.259518 0.204205
vt 0.262991 0.145638
vt 0.283248 0.227365
vt 0.259518 0.204205
vt 0.262991 0.145638
vt 0.28957 0.171528
vt 0.283248 0.227365
vt 0.0974052 0.900234
vt 0.175992 0.923682
vt 0.141456 0.935808
vt 0.0974052 0.900234
vt 0.139596 0.890228
vt 0.175992 0.923682
vt 0.724599 0.819116
vt 0.768683 0.865342
vt 0.735513 0.867367
vt 0.724599 0.819116
vt 0.76277 0.82341
vt 0.768683 0.865342
vt 0.00400845 0.194422
vt 0.0304606 0.249332
vt 0.00736799 0.236287
vt 0.00400845 0.194422
vt 0.031265 0.208025
vt 0.0304606 0.249332
vt 0.031265 0.208025
vt 0.0536064 0.236311
vt 0.0304606 0.249332
vt 0.031265 0.208025
vt 0.05834 0.19445
vt 0.0536064 0.236311
vt 0.671714 0.367101
vt 0.700132 0.410475
vt 0.666917 0.40928
vt 0.671714 0.367101
vt 0.709761 0.361832
vt 0.700132 0.410475
vt 0.474357 0.884384
vt 0.471454 0.930363
vt 0.437215 0.917199
vt 0.474357 0.884384
vt 0.5163 0.895534
vt 0.471454 0.930363
vt 0.423155 0.155264
vt 0.450763 0.190807
vt 0.425126 0.211766
vt 0.423155 0.155264
vt 0.451703 0.131769
vt 0.450763 0.190807
vt 0.451703 0.131769
vt 0.496399 0.182212
vt 0.450763 0.190807
vt 0.451703 0.131769
vt 0.498371 0.119522
vt 0.496399 0.182212
vt 0.836821 0.125168
vt 0.874692 0.176159
vt 0.839971 0.187129
vt 0.836821 0.125168
vt 0.874676 0.119049
vt 0.874692 0.176159
vt 0.802393 0.0129585
vt 0.833191 0.0875432
vt 0.805055 0.07956
vt 0.802393 0.0129585
vt 0.834601 0.0217466
vt 0.833191 0.0875432
vt 0.21454 0.191619
vt 0.262392 0.260684
vt 0.22228 0.256593
vt 0.21454 0.191619
vt 0.259518 0.204205
vt 0.262392 0.260684
vt 0.259518 0.204205
vt 0.281535 0.279321
vt 0.262392 0.260684
vt 0.259518 0.204205
vt 0.283248 0.227365
vt 0.281535 0.279321
vt 0.141456 0.935808
vt 0.209902 0.949952
vt 0.185424 0.963566
vt 0.141456 0.935808
vt 0.175992 0.923682
vt 0.209902 0.949952
vt 0.735513 0.867367
vt 0.775827 0.900673
vt 0.748367 0.908163
vt 0.735513 0.867367
vt 0.768683 0.865342
vt 0.775827 0.900673
vt 0.00736799 0.236287
vt 0.030005 0.284561
vt 0.0111859 0.272157
vt 0.00736799 0.236287
vt 0.0304606 0.249332
vt 0.030005 0.284561
vt 0.0304606 0.249332
vt 0.04913 0.272176
vt 0.030005 0.284561
vt 0.0304606 0.249332
vt 0.0536064 0.236311
vt 0.04913 0.272176
vt 0.666917 0.40928
vt 0.688375 0.451784
vt 0.66072 0.444944
vt 0.666917 0.40928
vt 0.700132 0.410475
vt 0.688375 0.451784
vt 0.437215 0.917199
vt 0.426872 0.957266
vt 0.402722 0.94281
vt 0.437215 0.917199
vt 0.471454 0.930363
vt 0.426872 0.957266
vt 0.425126 0.211766
vt 0.443098 0.24693
vt 0.422347 0.263758
vt 0.425126 0.211766
vt 0.450763 0.190807
vt 0.443098 0.24693
vt 0.450763 0.190807
vt 0.483485 0.246516
vt 0.443098 0.24693
vt 0.450763 0.190807
vt 0.496399 0.182212
vt 0.483485 0.246516
vt 0.928866 0.350481
vt 0.957536 0.40468
vt 0.92807 0.413937
vt 0.928866 0.350481
vt 0.962794 0.339672
vt 0.957536 0.40468
vt 0.805055 0.07956
vt 0.825712 0.145255
vt 0.802393 0.138098
vt 0.805055 0.07956
vt 0.833191 0.0875432
vt 0.825712 0.145255
vt 0.22228 0.256593
vt 0.26952 0.309071
vt 0.236983 0.313797
vt 0.22228 0.256593
vt 0.262392 0.260684
vt 0.26952 0.309071
vt 0.262392 0.260684
vt 0.282796 0.321502
vt 0.26952 0.309071
vt 0.262392 0.260684
vt 0.281535 0.279321
vt 0.282796 0.321502
vt 0.185424 0.963566
vt 0.239157 0.969359
vt 0.223192 0.982408
vt 0.185424 0.963566
vt 0.209902 0.949952
vt 0.239157 0.969359
vt 0.748367 0.908163
vt 0.782859 0.928065
vt 0.761546 0.940513
vt 0.748367 0.908163
vt 0.775827 0.900673
vt 0.782859 0.928065
vt 0.0111859 0.272157
vt 0.0297845 0.312238
vt 0.0149852 0.300324
vt 0.0111859 0.272157
vt 0.030005 0.284561
vt 0.0297845 0.312238
vt 0.030005 0.284561
vt 0.0451308 0.300339
vt 0.0297845 0.312238
vt 0.030005 0.284561
vt 0.04913 0.272176
vt 0.0451308 0.300339
vt 0.66072 0.444944
vt 0.676064 0.484643
vt 0.654427 0.472664
vt 0.66072 0.444944
vt 0.688375 0.451784
vt 0.676064 0.484643
vt 0.402722 0.94281
vt 0.388694 0.97527
vt 0.373045 0.961566
vt 0.402722 0.94281
vt 0.426872 0.957266
vt 0.388694 0.97527
vt 0.422347 0.263758
vt 0.431365 0.294361
vt 0.417092 0.305572
vt 0.422347 0.263758
vt 0.443098 0.24693
vt 0.431365 0.294361
vt 0.443098 0.24693
vt 0.463645 0.302145
vt 0.431365 0.294361
vt 0.443098 0.24693
vt 0.483485 0.246516
vt 0.463645 0.302145
vt 0.92807 0.413937
vt 0.956759 0.465093
vt 0.93266 0.472388
vt 0.92807 0.413937
vt 0.957536 0.40468
vt 0.956759 0.465093
vt 0.618714 0.447357
vt 0.639571 0.495546
vt 0.621825 0.490228
vt 0.802393 0.138098
vt 0.825712 0.145255
vt 0.814772 0.187129
vt 0.236983 0.313797
vt 0.276825 0.345766
vt 0.253759 0.355561
vt 0.236983 0.313797
vt 0.26952 0.309071
vt 0.276825 0.345766
vt 0.26952 0.309071
vt 0.284083 0.353857
vt 0.276825 0.345766
vt 0.26952 0.309071
vt 0.282796 0.321502
vt 0.284083 0.353857
vt 0.223192 0.982408
vt 0.261968 0.986133
vt 0.253169 0.995148
vt 0.223192 0.982408
vt 0.239157 0.969359
vt 0.261968 0.986133
vt 0.761546 0.940513
vt 0.788737 0.947382
vt 0.769898 0.967403
vt 0.761546 0.940513
vt 0.782859 0.928065
vt 0.788737 0.947382
vt 0.0149852 0.300324
vt 0.0281687 0.333624
vt 0.0181443 0.32042
vt 0.0149852 0.300324
vt 0.0297845 0.312238
vt 0.0281687 0.333624
vt 0.0297845 0.312238
vt 0.0418809 0.320379
vt 0.0281687 0.333624
vt 0.0297845 0.312238
vt 0.0451308 0.300339
vt 0.0418809 0.320379
vt 0.654427 0.472664
vt 0.665676 0.508594
vt 0.64902 0.492221
vt 0.654427 0.472664
vt 0.676064 0.484643
vt 0.665676 0.508594
vt 0.373045 0.961566
vt 0.358572 0.985862
vt 0.350391 0.974528
vt 0.373045 0.961566
vt 0.388694 0.97527
vt 0.358572 0.985862
vt 0.159955 0.0152296
vt 0.16721 0.0379844
vt 0.159955 0.0459816
vt 0.17443 0.0283414
vt 0.184868 0.0138569
vt 0.184868 0.049537
vt 0.431365 0.294361
vt 0.442668 0.342025
vt 0.419213 0.328681
vt 0.431365 0.294361
vt 0.463645 0.302145
vt 0.442668 0.342025
vt 0.93266 0.472388
vt 0.959027 0.510416
vt 0.940661 0.517024
vt 0.93266 0.472388
vt 0.956759 0.465093
vt 0.959027 0.510416
vt 0.621825 0.490228
vt 0.632332 0.522059
vt 0.621845 0.518342
vt 0.621825 0.490228
vt 0.639571 0.495546
vt 0.632332 0.522059
vt 0.974965 0.504188
vt 0.981854 0.536934
vt 0.963495 0.529842
vt 0.253759 0.355561
vt 0.276825 0.345766
vt 0.283944 0.37036
vt 0.276825 0.345766
vt 0.28957 0.378497
vt 0.283944 0.37036
vt 0.618908 0.029584
vt 0.623286 0.0392407
vt 0.618908 0.0647644
vt 0.253169 0.995148
vt 0.305937 0.996108
vt 0.278877 0.999649
vt 0.253169 0.995148
vt 0.261968 0.986133
vt 0.305937 0.996108
vt 0.769898 0.967403
vt 0.79244 0.961492
vt 0.800522 0.999649
vt 0.769898 0.967403
vt 0.788737 0.947382
vt 0.79244 0.961492
vt 0.293964 0.318793
vt 0.293964 0.378497
vt 0.290272 0.333611
vt 0.716164 0.0925136
vt 0.723028 0.107721
vt 0.716164 0.151761
vt 0.0281687 0.333624
vt 0.0402765 0.334205
vt 0.0319892 0.378497
vt 0.0281687 0.333624
vt 0.0418809 0.320379
vt 0.0402765 0.334205
vt 0.64902 0.492221
vt 0.655742 0.525111
vt 0.644451 0.505361
vt 0.64902 0.492221
vt 0.665676 0.508594
vt 0.655742 0.525111
vt 0.350391 0.974528
vt 0.338345 0.990972
vt 0.33165 0.980657
vt 0.350391 0.974528
vt 0.358572 0.985862
vt 0.338345 0.990972
vt 0.914773 0.0803403
vt 0.921335 0.0938338
vt 0.916809 0.100807
vt 0.985395 0.45096
vt 0.990867 0.441873
vt 0.990867 0.465359
vt 0.419213 0.328681
vt 0.426637 0.364098
vt 0.409365 0.349601
vt 0.419213 0.328681
vt 0.442668 0.342025
vt 0.426637 0.364098
vt 0.940661 0.517024
vt 0.961059 0.539023
vt 0.948178 0.543518
vt 0.940661 0.517024
vt 0.959027 0.510416
vt 0.961059 0.539023
vt 0.621845 0.518342
vt 0.629249 0.53977
vt 0.618714 0.55008
vt 0.621845 0.518342
vt 0.632332 0.522059
vt 0.629249 0.53977
vt 0.639571 0.226613
vt 0.639571 0.267403
vt 0.632713 0.243682
vt 0.963495 0.529842
vt 0.981854 0.536934
vt 0.963495 0.570321
vt 0.724308 0.11579
vt 0.725311 0.151141
vt 0.724308 0.151761
vt 0.724308 0.11579
vt 0.727641 0.124776
vt 0.725311 0.151141
vt 0.642317 0.447357
vt 0.642317 0.477126
vt 0.640272 0.475712
vt 0.201657 0.0513187
vt 0.20475 0.0759782
vt 0.201657 0.0784032
vt 0.135221 0.0155577
vt 0.138163 0.008627
vt 0.138163 0.0183318
vt 0.244015 0.0783251
vt 0.244015 0.0396061
vt 0.249656 0.0733522
vt 0.725771 0.0479525
vt 0.725771 0.0918121
vt 0.716164 0.0813048
vt 0.642225 0.505042
vt 0.642225 0.55008
vt 0.640272 0.549258
vt 0.0790775 0.0684593
vt 0.0824531 0.0345494
vt 0.0811017 0.0688419
vt 0.200389 0.123955
vt 0.200389 0.0791047
vt 0.20475 0.0903443
vt 0.297982 0.0759528
vt 0.297982 0.119834
vt 0.291694 0.0861371
vt 0.644451 0.505361
vt 0.655742 0.525111
vt 0.643691 0.55008
vt 0.33165 0.980657
vt 0.314937 0.999649
vt 0.306638 0.992905
vt 0.33165 0.980657
vt 0.338345 0.990972
vt 0.314937 0.999649
vt 0.916809 0.100807
vt 0.916756 0.124523
vt 0.914773 0.125106
vt 0.916809 0.100807
vt 0.921335 0.0938338
vt 0.916756 0.124523
vt 0.409365 0.349601
vt 0.417417 0.37716
vt 0.40087 0.380046
vt 0.409365 0.349601
vt 0.426637 0.364098
vt 0.417417 0.37716
vt 0.156303 0.0138914
vt 0.156303 0.0459816
vt 0.151883 0.0295914
vt 0.948178 0.543518
vt 0.961059 0.539023
vt 0.962794 0.570321
vt 0.992121 0.712905
vt 0.992386 0.718776
vt 0.989635 0.714527
vt 0.992121 0.712905
vt 0.992697 0.718701
vt 0.992386 0.718776
vt 0.839946 0.591587
vt 0.835432 0.577813
vt 0.839946 0.571023
vt 0.265372 0.0218795
vt 0.260515 0.0244528
vt 0.260515 0.00740188
vt 0.990646 0.441171
vt 0.985956 0.434567
vt 0.985922 0.428719
vt 0.292899 0.151705
vt 0.29052 0.160271
vt 0.29052 0.14393
vt 0.34856 0.0376766
vt 0.344695 0.0139291
vt 0.349098 0.0152649
vt 0.34856 0.0376766
vt 0.344695 0.032128
vt 0.344695 0.0139291
vt 0.83076 0.571023
vt 0.83473 0.586115
vt 0.83076 0.591794
vt 0.987163 0.506639
vt 0.991611 0.504188
vt 0.991611 0.522021
vt 0.0824531 0.0103118
vt 0.0824531 0.0338479
vt 0.0782161 0.0261011
vt 0.985922 0.396507
vt 0.989501 0.403915
vt 0.985922 0.420041
vt 0.992056 0.036106
vt 0.992056 0.0576531
vt 0.986911 0.0529856
vt 0.242943 0.0173482
vt 0.245809 0.022586
vt 0.242943 0.0389046
vt 0.889973 0.0163859
vt 0.890944 0.0116124
vt 0.894564 0.0163859
vt 0.889973 0.0163859
vt 0.890552 0.0116249
vt 0.890944 0.0116124
vt 0.629261 0.267403
vt 0.629261 0.243897
vt 0.632012 0.248075
vt 0.990085 0.561768
vt 0.986674 0.555646
vt 0.990085 0.538316
vt 0.635428 0.0122159
vt 0.629878 0.000350833
vt 0.635704 0.000728488
vt 0.635428 0.0122159
vt 0.629972 0.0164437
vt 0.629878 0.000350833
vt 0.623286 0.00995183
vt 0.623286 0.0288824
vt 0.619254 0.0250097
vt 0.0105013 0.00962406
vt 0.0153306 0.0130476
vt 0.0105013 0.028917
vt 0.874918 0.571035
vt 0.87827 0.584867
vt 0.874918 0.590652
vt 0.987759 0.084973
vt 0.990902 0.0810643
vt 0.990902 0.0987962
vt 0.989071 0.692133
vt 0.989732 0.687547
vt 0.991124 0.686964
vt 0.989071 0.692133
vt 0.988852 0.691433
vt 0.989732 0.687547
vt 0.190336 0.0490688
vt 0.19127 0.0466629
vt 0.19127 0.0495369
vt 0.190336 0.0490688
vt 0.18999 0.047133
vt 0.19127 0.0466629
vt 0.290354 0.227982
vt 0.290354 0.212784
vt 0.291275 0.21526
vt 0.242834 0.114009
vt 0.24426 0.121243
vt 0.242834 0.12877
vt 0.87184 0.586287
vt 0.871924 0.584479
vt 0.874217 0.590652
vt 0.87184 0.586287
vt 0.871096 0.579449
vt 0.871924 0.584479
vt 0.640345 0.277651
vt 0.640345 0.274348
vt 0.640429 0.275076
vt 0.640621 0.254582
vt 0.640381 0.252312
vt 0.640621 0.251261
vt 0.291285 0.160973
vt 0.292899 0.170588
vt 0.291285 0.18061
vt 0.20577 0.114474
vt 0.206733 0.111803
vt 0.206733 0.123955
vt 0.988851 0.609191
vt 0.990448 0.615304
vt 0.988851 0.622942
vt 0.988851 0.609191
vt 0.991918 0.607325
vt 0.990448 0.615304
vt 0.988852 0.748485
vt 0.988852 0.73624
vt 0.989444 0.739534
vt 0.619382 0.315307
vt 0.619057 0.308756
vt 0.619382 0.303012
vt 0.925842 0.0841907
vt 0.926733 0.0850939
vt 0.926182 0.0872889
vt 0.925842 0.0841907
vt 0.926733 0.0827996
vt 0.926733 0.0850939
vt 0.987759 0.134843
vt 0.987759 0.117942
vt 0.991127 0.122904
vt 0.619382 0.346895
vt 0.618879 0.337231
vt 0.619382 0.329888
vt 0.290485 0.0579162
vt 0.290485 0.0488384
vt 0.292545 0.0518615
vt 0.295535 0.321083
vt 0.295251 0.317156
vt 0.295535 0.312294
vt 0.0773874 0.0280898
vt 0.069494 0.0244742
vt 0.0773874 0.00519764
vt 0.619382 0.276937
vt 0.619011 0.273616
vt 0.619382 0.268294
vt 0.295535 0.337579
vt 0.295535 0.35596
vt 0.295047 0.350425
vt 0.335468 0.0195393
vt 0.336537 0.0241662
vt 0.330849 0.0376766
vt 0.642851 0.409822
vt 0.640272 0.391014
vt 0.641028 0.39113
vt 0.642851 0.409822
vt 0.640272 0.414593
vt 0.640272 0.391014
vt 0.640436 0.250559
vt 0.640287 0.248615
vt 0.640621 0.249523
vt 0.640436 0.250559
vt 0.640287 0.249812
vt 0.640287 0.248615
vt 0.727641 0.0698791
vt 0.726992 0.0668896
vt 0.727641 0.0676784
vt 0.727641 0.0698791
vt 0.726834 0.0693351
vt 0.726992 0.0668896
vt 0.986674 0.572404
vt 0.990399 0.56247
vt 0.993047 0.572404
vt 0.619587 0.25584
vt 0.619198 0.254911
vt 0.619587 0.245311
vt 0.900373 0.00900525
vt 0.905093 0.0106269
vt 0.904492 0.0118796
vt 0.624917 0.363362
vt 0.62773 0.353998
vt 0.62773 0.367114
vt 0.982556 0.570321
vt 0.982556 0.538316
vt 0.985973 0.550605
vt 0.0824531 0.0690513
vt 0.0811017 0.0688419
vt 0.0824531 0.0345494
vt 0.991666 0.0583547
vt 0.991666 0.0803627
vt 0.986911 0.0797735
vt 0.00999019 0.0420675
vt 0.0153307 0.0296184
vt 0.0153307 0.0647506
vt 0.989444 0.739534
vt 0.991032 0.75265
vt 0.988852 0.748485
vt 0.989444 0.739534
vt 0.993508 0.742071
vt 0.991032 0.75265
vt 0.205477 0.0839204
vt 0.206733 0.0804906
vt 0.206733 0.0887328
vt 0.918645 0.127773
vt 0.914773 0.125106
vt 0.916756 0.124523
vt 0.355374 0.0159572
vt 0.351605 0.0376766
vt 0.350418 0.0337292
vt 0.355374 0.0159572
vt 0.359786 0.0228921
vt 0.351605 0.0376766
vt 0.343993 0.0345789
vt 0.336537 0.0241662
vt 0.335468 0.0195393
vt 0.152411 0.0337845
vt 0.151883 0.0295914
vt 0.156303 0.0459816
vt 0.618919 0.289615
vt 0.618919 0.277639
vt 0.619382 0.279363
vt 0.619382 0.302311
vt 0.618809 0.299625
vt 0.619382 0.290316
vt 0.292152 0.129819
vt 0.292614 0.140757
vt 0.291504 0.143229
vt 0.292152 0.129819
vt 0.292899 0.129572
vt 0.292614 0.140757
vt 0.926182 0.0872889
vt 0.925143 0.0838064
vt 0.925842 0.0841907
vt 0.926182 0.0872889
vt 0.92516 0.0885373
vt 0.925143 0.0838064
vt 0.989071 0.692133
vt 0.991545 0.695415
vt 0.990203 0.694467
vt 0.989071 0.692133
vt 0.990379 0.693067
vt 0.991545 0.695415
vt 0.991124 0.686964
vt 0.990379 0.693067
vt 0.989071 0.692133
vt 0.991124 0.686964
vt 0.991545 0.688032
vt 0.990379 0.693067
vt 0.619369 0.135407
vt 0.618775 0.132703
vt 0.619369 0.131727
vt 0.619369 0.135407
vt 0.618812 0.136479
vt 0.618775 0.132703
vt 0.727641 0.0759637
vt 0.727641 0.0838464
vt 0.726631 0.0831797
vt 0.640272 0.347559
vt 0.640435 0.349975
vt 0.640272 0.35544
vt 0.244267 0.0888264
vt 0.242898 0.0824548
vt 0.244125 0.0803608
vt 0.244267 0.0888264
vt 0.242898 0.0890895
vt 0.242898 0.0824548
vt 0.290272 0.318091
vt 0.290272 0.311867
vt 0.291258 0.312772
vt 0.293964 0.318091
vt 0.293129 0.314936
vt 0.293964 0.311828
vt 0.922036 0.0819259
vt 0.924442 0.0862774
vt 0.922036 0.0885373
vt 0.922036 0.0819259
vt 0.923905 0.0803961
vt 0.924442 0.0862774
vt 0.290625 0.0731122
vt 0.290625 0.0586178
vt 0.292545 0.0601398
vt 0.291257 0.212082
vt 0.290301 0.20802
vt 0.291257 0.196987
vt 0.618955 0.316009
vt 0.619382 0.325061
vt 0.618955 0.329187
vt 0.640272 0.357918
vt 0.640407 0.356142
vt 0.640407 0.366798
vt 0.985395 0.466577
vt 0.988706 0.472113
vt 0.986109 0.472291
vt 0.985395 0.466577
vt 0.988745 0.467911
vt 0.988706 0.472113
vt 0.903998 0.012548
vt 0.903719 0.0127465
vt 0.901789 0.0135252
vt 0.903998 0.012548
vt 0.905882 0.0159919
vt 0.903719 0.0127465
vt 0.727641 0.0752621
vt 0.726749 0.0740589
vt 0.727641 0.0705806
vt 0.297166 0.247149
vt 0.296631 0.249588
vt 0.296822 0.24568
vt 0.901789 0.0135252
vt 0.905635 0.016174
vt 0.900483 0.0147409
vt 0.901789 0.0135252
vt 0.903719 0.0127465
vt 0.905635 0.016174
vt 0.332231 0.014482
vt 0.332257 0.014034
vt 0.341757 0.0244249
vt 0.244173 0.105976
vt 0.242881 0.101314
vt 0.24426 0.105545
vt 0.292427 0.312245
vt 0.292427 0.318091
vt 0.292117 0.315596
vt 0.640272 0.340953
vt 0.640347 0.34282
vt 0.640272 0.346857
vt 0.900483 0.0147409
vt 0.905756 0.0163714
vt 0.900557 0.0163859
vt 0.900483 0.0147409
vt 0.905635 0.016174
vt 0.905756 0.0163714
vt 0.341757 0.0244249
vt 0.330849 0.00987738
vt 0.338534 0.0128194
vt 0.341757 0.0244249
vt 0.332257 0.014034
vt 0.330849 0.00987738
vt 0.64225 0.230129
vt 0.640289 0.228463
vt 0.640272 0.226613
vt 0.64225 0.230129
vt 0.640272 0.23246
vt 0.640289 0.228463
vt 0.872854 0.011004
vt 0.869745 0.0141008
vt 0.871496 0.0113029
vt 0.872854 0.011004
vt 0.872838 0.0161516
vt 0.869745 0.0141008
vt 0.618817 0.24461
vt 0.618817 0.234308
vt 0.619587 0.236394
vt 0.206733 0.0996324
vt 0.20591 0.0936142
vt 0.206733 0.0894343
vt 0.871096 0.579449
vt 0.874217 0.573913
vt 0.871924 0.584479
vt 0.871096 0.579449
vt 0.871239 0.571023
vt 0.874217 0.573913
vt 0.350418 0.0337292
vt 0.350418 0.0112954
vt 0.355374 0.0159572
vt 0.642339 0.343311
vt 0.641053 0.332992
vt 0.642339 0.321059
vt 0.926334 0.0662012
vt 0.927128 0.0671386
vt 0.925528 0.0682402
vt 0.926334 0.0662012
vt 0.926799 0.0655014
vt 0.927128 0.0671386
vt 0.640339 0.331618
vt 0.640339 0.335525
vt 0.640273 0.335261
vt 0.290604 0.245642
vt 0.291868 0.246467
vt 0.290604 0.249588
vt 0.335468 0.0195393
vt 0.341757 0.0244249
vt 0.343993 0.0345789
vt 0.335468 0.0195393
vt 0.332231 0.014482
vt 0.341757 0.0244249
vt 0.925528 0.0598303
vt 0.926799 0.0655014
vt 0.926334 0.0662012
vt 0.900373 0.00900525
vt 0.901789 0.0135252
vt 0.900483 0.0147409
vt 0.619369 0.144459
vt 0.618729 0.139997
vt 0.619369 0.13718
vt 0.640452 0.298213
vt 0.640275 0.298422
vt 0.640275 0.293694
vt 0.904492 0.0118796
vt 0.901789 0.0135252
vt 0.900373 0.00900525
vt 0.904492 0.0118796
vt 0.903998 0.012548
vt 0.901789 0.0135252
vt 0.988852 0.635037
vt 0.989595 0.642343
vt 0.988852 0.643614
vt 0.988852 0.635037
vt 0.991176 0.636732
vt 0.989595 0.642343
vt 0.925528 0.0689418
vt 0.927061 0.071409
vt 0.925528 0.0796388
vt 0.925528 0.0567554
vt 0.927214 0.0545281
vt 0.927214 0.0591289
vt 0.295536 0.356661
vt 0.295536 0.378497
vt 0.294742 0.378227
vt 0.724523 0.0934638
vt 0.727641 0.114196
vt 0.724523 0.115088
vt 0.290284 0.137868
vt 0.290802 0.13927
vt 0.290284 0.143229
vt 0.290284 0.137868
vt 0.290627 0.136461
vt 0.290802 0.13927
vt 0.291504 0.143229
vt 0.291504 0.128275
vt 0.292152 0.129819
vt 0.295536 0.336878
vt 0.294833 0.328661
vt 0.295536 0.321784
vt 0.633427 0.446656
vt 0.633408 0.442928
vt 0.633427 0.442767
vt 0.640322 0.346598
vt 0.640272 0.346857
vt 0.640347 0.34282
vt 0.872838 0.0161516
vt 0.869629 0.0142573
vt 0.869745 0.0141008
vt 0.872838 0.0161516
vt 0.872854 0.0163859
vt 0.869629 0.0142573
vt 0.640345 0.278496
vt 0.640551 0.282419
vt 0.640345 0.282587
vt 0.640345 0.278496
vt 0.640482 0.278353
vt 0.640551 0.282419
vt 0.640347 0.336227
vt 0.640347 0.340252
vt 0.640272 0.339999
vt 0.296631 0.245562
vt 0.296822 0.24568
vt 0.296631 0.249588
vt 0.905635 0.016174
vt 0.905994 0.0163859
vt 0.905756 0.0163714
vt 0.905635 0.016174
vt 0.905928 0.0162784
vt 0.905994 0.0163859
vt 0.640452 0.292992
vt 0.64031 0.288411
vt 0.640452 0.288554
vt 0.640452 0.292992
vt 0.64031 0.29267
vt 0.64031 0.288411
vt 0.290334 0.188189
vt 0.291197 0.184081
vt 0.291227 0.184241
vt 0.290334 0.188189
vt 0.290301 0.188031
vt 0.291197 0.184081
vt 0.620296 0.356047
vt 0.623642 0.353479
vt 0.623833 0.353591
vt 0.620296 0.356047
vt 0.620206 0.35592
vt 0.623642 0.353479
vt 0.903719 0.0127465
vt 0.905928 0.0162784
vt 0.905635 0.016174
vt 0.903719 0.0127465
vt 0.903825 0.0128713
vt 0.905928 0.0162784
vt 0.640345 0.283289
vt 0.640452 0.28738
vt 0.640345 0.287709
vt 0.206633 0.0895613
vt 0.206733 0.0894343
vt 0.20591 0.0936142
vt 0.990415 0.525041
vt 0.99042 0.529278
vt 0.990342 0.529418
vt 0.990415 0.525041
vt 0.990609 0.525052
vt 0.99042 0.529278
vt 0.620083 0.356345
vt 0.620206 0.35592
vt 0.620296 0.356047
vt 0.620083 0.356345
vt 0.620094 0.356075
vt 0.620206 0.35592
vt 0.61911 0.229009
vt 0.619587 0.23085
vt 0.619088 0.233607
vt 0.61911 0.229009
vt 0.619088 0.226817
vt 0.619587 0.23085
vt 0.90744 0.01197
vt 0.905882 0.0159919
vt 0.903998 0.012548
vt 0.873555 0.0120236
vt 0.876298 0.013789
vt 0.873555 0.0163859
vt 0.925783 0.0513744
vt 0.927214 0.0493696
vt 0.927214 0.0538264
vt 0.986109 0.472291
vt 0.988706 0.472113
vt 0.988644 0.472291
vt 0.292899 0.127573
vt 0.291091 0.12088
vt 0.292899 0.120654
vt 0.292899 0.127573
vt 0.291624 0.125057
vt 0.291091 0.12088
vt 0.727641 0.084548
vt 0.727641 0.0927623
vt 0.726864 0.0897266
vt 0.623833 0.362159
vt 0.620296 0.356047
vt 0.623833 0.353591
vt 0.245809 0.0166465
vt 0.244381 0.00901133
vt 0.245809 0.0115501
vt 0.245809 0.0166465
vt 0.243178 0.0129138
vt 0.244381 0.00901133
vt 0.242881 0.113307
vt 0.242881 0.101314
vt 0.244173 0.105976
vt 0.291227 0.196285
vt 0.290334 0.188189
vt 0.291227 0.184241
vt 0.294117 0.245723
vt 0.295929 0.249588
vt 0.293937 0.248012
vt 0.294117 0.245723
vt 0.295929 0.24571
vt 0.295929 0.249588
vt 0.203465 0.012688
vt 0.203465 0.0236187
vt 0.200391 0.0174593
vt 0.621336 0.367114
vt 0.620083 0.356345
vt 0.620296 0.356047
vt 0.991918 0.607325
vt 0.993593 0.610029
vt 0.990448 0.615304
vt 0.439566 0.0472392
vt 0.441713 0.0453498
vt 0.441713 0.0495944
vt 0.987164 0.524599
vt 0.990342 0.529418
vt 0.987164 0.536838
vt 0.987164 0.524599
vt 0.990415 0.525041
vt 0.990342 0.529418
vt 0.642361 0.231203
vt 0.640272 0.23246
vt 0.64225 0.230129
vt 0.642361 0.231203
vt 0.640272 0.232586
vt 0.640272 0.23246
vt 0.447019 0.032718
vt 0.445781 0.027208
vt 0.446761 0.0268478
vt 0.989274 0.33782
vt 0.989138 0.338971
vt 0.983998 0.337016
vt 0.92672 0.158908
vt 0.925663 0.187129
vt 0.920131 0.18518
vt 0.922199 0.157346
vt 0.920131 0.18518
vt 0.914773 0.182761
vt 0.989274 0.33782
vt 0.983998 0.337016
vt 0.984133 0.335855
vt 0.92672 0.158908
vt 0.920131 0.18518
vt 0.922199 0.157346
vt 0.160773 0.0880143
vt 0.151938 0.114953
vt 0.156495 0.0862927
vt 0.92672 0.158908
vt 0.922199 0.157346
vt 0.918203 0.128881
vt 0.160773 0.0880143
vt 0.156495 0.0862927
vt 0.1557 0.0551197
vt 0.92672 0.158908
vt 0.918203 0.128881
vt 0.921747 0.128474
vt 0.152466 0.0556006
vt 0.155117 0.0476566
vt 0.1557 0.0551197
vt 0.188611 0.0495368
vt 0.185569 0.0167484
vt 0.189161 0.0167484
vt 0.1557 0.0551197
vt 0.158591 0.0472571
vt 0.159174 0.0547202
vt 0.1557 0.0551197
vt 0.155117 0.0476566
vt 0.158591 0.0472571
vt 0.159174 0.0547202
vt 0.162172 0.0469547
vt 0.162755 0.0544178
vt 0.159174 0.0547202
vt 0.158591 0.0472571
vt 0.162172 0.0469547
vt 0.165184 0.089682
vt 0.160773 0.0880143
vt 0.159174 0.0547202
vt 0.165184 0.089682
vt 0.159174 0.0547202
vt 0.162755 0.0544178
vt 0.165184 0.089682
vt 0.157169 0.117109
vt 0.160773 0.0880143
vt 0.169559 0.0912324
vt 0.162566 0.119204
vt 0.165184 0.089682
vt 0.165184 0.089682
vt 0.162566 0.119204
vt 0.157169 0.117109
vt 0.169559 0.0912324
vt 0.165184 0.089682
vt 0.162755 0.0544178
vt 0.169559 0.0912324
vt 0.162755 0.0544178
vt 0.166304 0.0542238
vt 0.926021 0.127773
vt 0.922036 0.125652
vt 0.926021 0.0892386
vt 0.173729 0.0926051
vt 0.167923 0.121157
vt 0.169559 0.0912324
vt 0.169559 0.0912324
vt 0.167923 0.121157
vt 0.162566 0.119204
vt 0.162755 0.0544178
vt 0.165722 0.0467607
vt 0.166304 0.0542238
vt 0.166304 0.0542238
vt 0.165722 0.0467607
vt 0.169103 0.0466835
vt 0.173729 0.0926051
vt 0.166304 0.0542238
vt 0.169686 0.0541463
vt 0.166304 0.0542238
vt 0.169103 0.0466835
vt 0.169686 0.0541463
vt 0.622298 0.378936
vt 0.622062 0.371909
vt 0.625601 0.37204
vt 0.618713 0.371519
vt 0.622246 0.368181
vt 0.622062 0.371909
vt 0.622062 0.371909
vt 0.625574 0.368305
vt 0.625601 0.37204
vt 0.622062 0.371909
vt 0.622246 0.368181
vt 0.625574 0.368305
vt 0.840647 0.581055
vt 0.845069 0.583901
vt 0.840939 0.584391
vt 0.618713 0.371519
vt 0.619096 0.367816
vt 0.622246 0.368181
vt 0.840939 0.577688
vt 0.84483 0.581166
vt 0.840647 0.581055
vt 0.840647 0.581055
vt 0.84483 0.581166
vt 0.845069 0.583901
vt 0.840939 0.584391
vt 0.845069 0.583901
vt 0.845777 0.586507
vt 0.845069 0.583901
vt 0.850049 0.582961
vt 0.850524 0.58471
vt 0.84483 0.581166
vt 0.850049 0.582961
vt 0.845069 0.583901
vt 0.845069 0.583901
vt 0.850524 0.58471
vt 0.845777 0.586507
vt 0.845777 0.586507
vt 0.850524 0.58471
vt 0.851295 0.586304
vt 0.277577 0.00120258
vt 0.278561 0.00662863
vt 0.275887 0.00186497
vt 0.275887 0.00186497
vt 0.278561 0.00662863
vt 0.277919 0.00704402
vt 0.275887 0.00186497
vt 0.277919 0.00704402
vt 0.274366 0.0028497
vt 0.283458 0.0127668
vt 0.277919 0.00704402
vt 0.278561 0.00662863
vt 0.283458 0.0127668
vt 0.282912 0.0133027
vt 0.277919 0.00704402
vt 0.274366 0.0028497
vt 0.277919 0.00704402
vt 0.277374 0.0075798
vt 0.282912 0.0133027
vt 0.277374 0.0075798
vt 0.277919 0.00704402
vt 0.282912 0.0133027
vt 0.28227 0.0137182
vt 0.277374 0.0075798
vt 0.28227 0.0137182
vt 0.276946 0.00821465
vt 0.277374 0.0075798
vt 0.273072 0.00411958
vt 0.277374 0.0075798
vt 0.276946 0.00821465
vt 0.274366 0.0028497
vt 0.277374 0.0075798
vt 0.273072 0.00411958
vt 0.846926 0.588884
vt 0.851295 0.586304
vt 0.852333 0.587684
vt 0.269164 0.00137937
vt 0.273072 0.00411958
vt 0.272056 0.00562614
vt 0.273072 0.00411958
vt 0.276946 0.00821465
vt 0.272056 0.00562614
vt 0.846926 0.588884
vt 0.852333 0.587684
vt 0.848472 0.59094
vt 0.9935 0.573474
vt 0.996971 0.577503
vt 0.992821 0.576673
vt 0.9935 0.573474
vt 0.997528 0.574881
vt 0.996971 0.577503
vt 0.845777 0.586507
vt 0.851295 0.586304
vt 0.846926 0.588884
vt 0.992821 0.576673
vt 0.996971 0.577503
vt 0.996687 0.58025
vt 0.629195 0.371908
vt 0.632256 0.367816
vt 0.632706 0.37152
vt 0.629195 0.371908
vt 0.628954 0.368181
vt 0.632256 0.367816
vt 0.98922 0.576282
vt 0.992821 0.576673
vt 0.992474 0.580023
vt 0.992821 0.576673
vt 0.996687 0.58025
vt 0.992474 0.580023
vt 0.992474 0.580023
vt 0.996687 0.58025
vt 0.996687 0.583014
vt 0.992474 0.580023
vt 0.996687 0.583014
vt 0.992474 0.583396
vt 0.988851 0.579844
vt 0.992474 0.580023
vt 0.992474 0.583396
vt 0.98922 0.576282
vt 0.992474 0.580023
vt 0.988851 0.579844
vt 0.146559 0.0531038
vt 0.150205 0.0459755
vt 0.150113 0.0532892
vt 0.146559 0.0531038
vt 0.146652 0.0457902
vt 0.150205 0.0459755
vt 0.628361 0.278921
vt 0.628973 0.271375
vt 0.632525 0.271654
vt 0.988851 0.579844
vt 0.992474 0.583396
vt 0.988851 0.583431
vt 0.632525 0.271654
vt 0.632857 0.268105
vt 0.636222 0.268382
vt 0.631912 0.2792
vt 0.632525 0.271654
vt 0.636104 0.271949
vt 0.628361 0.278921
vt 0.632525 0.271654
vt 0.631912 0.2792
vt 0.632525 0.271654
vt 0.636222 0.268382
vt 0.636104 0.271949
vt 0.623951 0.0718551
vt 0.628039 0.0692171
vt 0.627175 0.0728486
vt 0.623951 0.0718551
vt 0.625007 0.068283
vt 0.628039 0.0692171
vt 0.63549 0.279495
vt 0.636104 0.271949
vt 0.639571 0.272248
vt 0.631912 0.2792
vt 0.636104 0.271949
vt 0.63549 0.279495
vt 0.637725 0.317903
vt 0.633379 0.319004
vt 0.63549 0.279495
vt 0.633379 0.319004
vt 0.631912 0.2792
vt 0.63549 0.279495
vt 0.637725 0.317903
vt 0.63549 0.279495
vt 0.638957 0.279794
vt 0.63549 0.279495
vt 0.639571 0.272248
vt 0.638957 0.279794
vt 0.637725 0.317903
vt 0.634246 0.349894
vt 0.633379 0.319004
vt 0.624438 0.115483
vt 0.620071 0.116159
vt 0.626112 0.0798047
vt 0.637725 0.317903
vt 0.639571 0.348494
vt 0.634246 0.349894
vt 0.378255 0.00918788
vt 0.366344 0.0365793
vt 0.373592 0.00917804
vt 0.378255 0.00918788
vt 0.372069 0.0365415
vt 0.366344 0.0365793
vt 0.372069 0.0365415
vt 0.366047 0.0376247
vt 0.366344 0.0365793
vt 0.366344 0.0365793
vt 0.366047 0.0376247
vt 0.360488 0.0376766
vt 0.366344 0.0365793
vt 0.360488 0.0376766
vt 0.360759 0.0366487
vt 0.985144 0.509429
vt 0.982556 0.504214
vt 0.983569 0.504187
vt 0.642039 0.276474
vt 0.641131 0.276052
vt 0.641362 0.27085
vt 0.642039 0.276474
vt 0.641362 0.27085
vt 0.642266 0.271119
vt 0.634246 0.349894
vt 0.634183 0.350933
vt 0.628732 0.351846
vt 0.628768 0.350826
vt 0.628732 0.351846
vt 0.623347 0.352261
vt 0.642266 0.271119
vt 0.641439 0.265571
vt 0.642339 0.265665
vt 0.642266 0.271119
vt 0.641362 0.27085
vt 0.641439 0.265571
vt 0.634246 0.349894
vt 0.628732 0.351846
vt 0.628768 0.350826
vt 0.642339 0.265665
vt 0.641439 0.265571
vt 0.641361 0.260408
vt 0.00108029 0.0647511
vt 0.00326689 0.0601292
vt 0.00417476 0.0606781
vt 0.00108029 0.0647511
vt 0.000350975 0.0639665
vt 0.00326689 0.0601292
vt 0.624246 0.230959
vt 0.620289 0.227453
vt 0.621177 0.226861
vt 0.106394 0.0689824
vt 0.111205 0.0677477
vt 0.111326 0.0690521
vt 0.106394 0.0689824
vt 0.106648 0.0676836
vt 0.111205 0.0677477
vt 0.101525 0.0678712
vt 0.106648 0.0676836
vt 0.106394 0.0689824
vt 0.624246 0.230959
vt 0.62319 0.231327
vt 0.620289 0.227453
vt 0.0968874 0.0657383
vt 0.102125 0.0666521
vt 0.101525 0.0678712
vt 0.101525 0.0678712
vt 0.102125 0.0666521
vt 0.106648 0.0676836
vt 0.626549 0.235731
vt 0.62319 0.231327
vt 0.624246 0.230959
vt 0.626549 0.235731
vt 0.62538 0.235865
vt 0.62319 0.231327
vt 0.0968874 0.0657383
vt 0.097784 0.0646559
vt 0.102125 0.0666521
vt 0.627991 0.241001
vt 0.62538 0.235865
vt 0.626549 0.235731
vt 0.627991 0.241001
vt 0.62676 0.240909
vt 0.62538 0.235865
vt 0.0926642 0.0626417
vt 0.097784 0.0646559
vt 0.0968874 0.0657383
vt 0.628506 0.246568
vt 0.627255 0.246268
vt 0.62676 0.240909
vt 0.0890356 0.0586848
vt 0.0937955 0.0617333
vt 0.0926642 0.0626417
vt 0.628506 0.246568
vt 0.62676 0.240909
vt 0.627991 0.241001
vt 0.0926642 0.0626417
vt 0.0937955 0.0617333
vt 0.097784 0.0646559
vt 0.097784 0.0646559
vt 0.0937955 0.0617333
vt 0.0902815 0.0233381
vt 0.0937955 0.0617333
vt 0.0875694 0.0276677
vt 0.0902815 0.0233381
vt 0.0890356 0.0586848
vt 0.0903427 0.0579699
vt 0.0937955 0.0617333
vt 0.0937955 0.0617333
vt 0.0903427 0.0579699
vt 0.0875694 0.0276677
vt 0.0889984 0.0225567
vt 0.0902815 0.0233381
vt 0.0875694 0.0276677
vt 0.0889984 0.0225567
vt 0.0875694 0.0276677
vt 0.0861478 0.0271074
vt 0.0861478 0.0271074
vt 0.0875694 0.0276677
vt 0.0856758 0.0325603
vt 0.0903427 0.0579699
vt 0.0856758 0.0325603
vt 0.0875694 0.0276677
vt 0.193265 0.0283016
vt 0.19465 0.0336199
vt 0.193228 0.0337726
vt 0.193265 0.0283016
vt 0.194684 0.0283783
vt 0.19465 0.0336199
vt 0.0925887 0.0187438
vt 0.0902815 0.0233381
vt 0.0889984 0.0225567
vt 0.193228 0.0337726
vt 0.19465 0.0336199
vt 0.195491 0.0388831
vt 0.192012 0.0281442
vt 0.193265 0.0283016
vt 0.193228 0.0337726
vt 0.192012 0.0281442
vt 0.193228 0.0337726
vt 0.191971 0.0337487
vt 0.191971 0.0337487
vt 0.193228 0.0337726
vt 0.194101 0.0392346
vt 0.193228 0.0337726
vt 0.195491 0.0388831
vt 0.194101 0.0392346
vt 0.192977 0.022726
vt 0.193265 0.0283016
vt 0.192012 0.0281442
vt 0.305785 0.176412
vt 0.300581 0.178862
vt 0.300405 0.177694
vt 0.300405 0.177694
vt 0.300581 0.178862
vt 0.295291 0.18061
vt 0.305785 0.176412
vt 0.305937 0.177581
vt 0.300581 0.178862
vt 0.235723 0.0208933
vt 0.236788 0.0486555
vt 0.231337 0.04923
vt 0.236788 0.0486555
vt 0.23141 0.0503789
vt 0.231337 0.04923
vt 0.231269 0.02137
vt 0.231337 0.04923
vt 0.225983 0.0498878
vt 0.235723 0.0208933
vt 0.231337 0.04923
vt 0.231269 0.02137
vt 0.240084 0.0205065
vt 0.235723 0.0208933
vt 0.236391 0.00285321
vt 0.240084 0.0205065
vt 0.236788 0.0486555
vt 0.235723 0.0208933
vt 0.235723 0.0208933
vt 0.232797 0.00271726
vt 0.236391 0.00285321
vt 0.235723 0.0208933
vt 0.231269 0.02137
vt 0.232797 0.00271726
vt 0.853911 0.0163589
vt 0.857496 0.0089851
vt 0.857496 0.0162773
vt 0.853911 0.0163589
vt 0.853911 0.00906634
vt 0.857496 0.0089851
vt 0.240084 0.0205065
vt 0.236391 0.00285321
vt 0.239914 0.00271726
vt 0.302393 0.131738
vt 0.305937 0.124196
vt 0.30588 0.131768
vt 0.85321 0.00925189
vt 0.849228 0.00604486
vt 0.852941 0.00573581
vt 0.85321 0.00925189
vt 0.849481 0.00935131
vt 0.849228 0.00604486
vt 0.85321 0.0128477
vt 0.849481 0.00935131
vt 0.85321 0.00925189
vt 0.302393 0.131738
vt 0.302449 0.124167
vt 0.305937 0.124196
vt 0.85321 0.0128477
vt 0.849481 0.0127333
vt 0.849481 0.00935131
vt 0.852939 0.0163854
vt 0.849481 0.0127333
vt 0.85321 0.0128477
vt 0.298801 0.131711
vt 0.302449 0.124167
vt 0.302393 0.131738
vt 0.298801 0.131711
vt 0.298858 0.124139
vt 0.302449 0.124167
vt 0.295243 0.131686
vt 0.298858 0.124139
vt 0.298801 0.131711
vt 0.295243 0.131686
vt 0.295299 0.124115
vt 0.298858 0.124139
vt 0.295299 0.124115
vt 0.298936 0.120558
vt 0.298858 0.124139
vt 0.852939 0.0163854
vt 0.849227 0.0160611
vt 0.849481 0.0127333
vt 0.844782 0.0068233
vt 0.840465 0.00373775
vt 0.844782 0.00354975
vt 0.844782 0.0068233
vt 0.840465 0.0064218
vt 0.840465 0.00373775
vt 0.844269 0.0101384
vt 0.840465 0.0064218
vt 0.844782 0.0068233
vt 0.295299 0.124115
vt 0.295589 0.120535
vt 0.298936 0.120558
vt 0.844269 0.0101384
vt 0.840044 0.00913882
vt 0.840465 0.0064218
vt 0.843261 0.0133671
vt 0.840044 0.00913882
vt 0.844269 0.0101384
vt 0.188347 0.0540746
vt 0.191361 0.0503595
vt 0.191763 0.05402
vt 0.188347 0.0540746
vt 0.188149 0.0504103
vt 0.191361 0.0503595
vt 0.843261 0.0133671
vt 0.839218 0.0117866
vt 0.840044 0.00913882
vt 0.184778 0.0540708
vt 0.188149 0.0504103
vt 0.188347 0.0540746
vt 0.184778 0.0540708
vt 0.184792 0.0504067
vt 0.188149 0.0504103
vt 0.841798 0.0163862
vt 0.839218 0.0117866
vt 0.843261 0.0133671
vt 0.841798 0.0163862
vt 0.838019 0.0142611
vt 0.839218 0.0117866
vt 0.989315 0.60344
vt 0.994314 0.605148
vt 0.990224 0.606623
vt 0.181192 0.0540094
vt 0.181419 0.0503489
vt 0.184792 0.0504067
vt 0.181192 0.0540094
vt 0.184792 0.0504067
vt 0.184778 0.0540708
vt 0.181107 0.0615549
vt 0.181192 0.0540094
vt 0.184778 0.0540708
vt 0.177642 0.0614377
vt 0.181192 0.0540094
vt 0.181107 0.0615549
vt 0.177726 0.0538917
vt 0.181419 0.0503489
vt 0.181192 0.0540094
vt 0.177642 0.0614377
vt 0.177726 0.0538917
vt 0.181192 0.0540094
vt 0.177726 0.0538917
vt 0.178159 0.0502383
vt 0.181419 0.0503489
vt 0.63771 0.0744157
vt 0.641096 0.0706766
vt 0.641059 0.0744004
vt 0.17443 0.0612695
vt 0.174515 0.0537236
vt 0.177726 0.0538917
vt 0.17443 0.0612695
vt 0.177726 0.0538917
vt 0.177642 0.0614377
vt 0.633407 0.112569
vt 0.633126 0.0811104
vt 0.636647 0.0813718
vt 0.633126 0.0811104
vt 0.63771 0.0744157
vt 0.636647 0.0813718
vt 0.637666 0.110443
vt 0.636647 0.0813718
vt 0.639996 0.0813565
vt 0.637666 0.110443
vt 0.633407 0.112569
vt 0.636647 0.0813718
vt 0.179838 0.0892926
vt 0.175742 0.0914531
vt 0.177642 0.0614377
vt 0.179838 0.0892926
vt 0.179056 0.120221
vt 0.175742 0.0914531
vt 0.637666 0.110443
vt 0.635888 0.140792
vt 0.633407 0.112569
vt 0.637666 0.110443
vt 0.641096 0.138152
vt 0.635888 0.140792
vt 0.179838 0.0892926
vt 0.184065 0.117552
vt 0.179056 0.120221
vt 0.179056 0.120221
vt 0.174678 0.123955
vt 0.17443 0.122827
vt 0.179056 0.120221
vt 0.179304 0.121365
vt 0.174678 0.123955
vt 0.184065 0.117552
vt 0.179304 0.121365
vt 0.179056 0.120221
vt 0.98364 0.536838
vt 0.984094 0.531414
vt 0.985198 0.531924
vt 0.985198 0.531924
vt 0.984094 0.531414
vt 0.98504 0.526086
vt 0.985198 0.531924
vt 0.98504 0.526086
vt 0.98615 0.526512
vt 0.184065 0.117552
vt 0.184315 0.118706
vt 0.179304 0.121365
vt 0.189268 0.114919
vt 0.189516 0.116079
vt 0.184315 0.118706
vt 0.194649 0.044656
vt 0.198432 0.0492741
vt 0.197269 0.0495375
vt 0.189268 0.114919
vt 0.184315 0.118706
vt 0.184065 0.117552
vt 0.98364 0.536838
vt 0.982556 0.536252
vt 0.984094 0.531414
vt 0.195857 0.0444714
vt 0.199688 0.0486091
vt 0.198432 0.0492741
vt 0.621338 0.267403
vt 0.620289 0.266475
vt 0.623278 0.262042
vt 0.194649 0.044656
vt 0.195857 0.0444714
vt 0.198432 0.0492741
vt 0.621338 0.267403
vt 0.623278 0.262042
vt 0.624413 0.26284
vt 0.192861 0.0393237
vt 0.194101 0.0392346
vt 0.195857 0.0444714
vt 0.194101 0.0392346
vt 0.19719 0.0439501
vt 0.195857 0.0444714
vt 0.192861 0.0393237
vt 0.195857 0.0444714
vt 0.194649 0.044656
vt 0.195857 0.0444714
vt 0.19719 0.0439501
vt 0.199688 0.0486091
vt 0.194101 0.0392346
vt 0.195491 0.0388831
vt 0.19719 0.0439501
vt 0.0841689 0.0322206
vt 0.0847027 0.0378149
vt 0.0831548 0.0376934
vt 0.0841689 0.0322206
vt 0.0856758 0.0325603
vt 0.0847027 0.0378149
vt 0.0861478 0.0271074
vt 0.0856758 0.0325603
vt 0.0841689 0.0322206
vt 0.0875924 0.0535044
vt 0.0847027 0.0378149
vt 0.0856758 0.0325603
vt 0.0875924 0.0535044
vt 0.0856818 0.0485147
vt 0.0847027 0.0378149
vt 0.0856818 0.0485147
vt 0.0847029 0.04321
vt 0.0847027 0.0378149
vt 0.0831548 0.0376934
vt 0.0847027 0.0378149
vt 0.0847029 0.04321
vt 0.0841718 0.0488183
vt 0.0875924 0.0535044
vt 0.086162 0.0540155
vt 0.086162 0.0540155
vt 0.0875924 0.0535044
vt 0.0903427 0.0579699
vt 0.0903427 0.0579699
vt 0.0875924 0.0535044
vt 0.0856758 0.0325603
vt 0.0841718 0.0488183
vt 0.0856818 0.0485147
vt 0.0875924 0.0535044
vt 0.624413 0.26284
vt 0.623278 0.262042
vt 0.625487 0.257057
vt 0.0831548 0.0433026
vt 0.0856818 0.0485147
vt 0.0841718 0.0488183
vt 0.624413 0.26284
vt 0.625487 0.257057
vt 0.626686 0.257709
vt 0.626686 0.257709
vt 0.625487 0.257057
vt 0.626828 0.251726
vt 0.628068 0.252212
vt 0.626828 0.251726
vt 0.627255 0.246268
vt 0.086162 0.0540155
vt 0.0903427 0.0579699
vt 0.0890356 0.0586848
vt 0.626686 0.257709
vt 0.626828 0.251726
vt 0.628068 0.252212
vt 0.986462 0.520812
vt 0.985355 0.520479
vt 0.985031 0.514817
vt 0.628068 0.252212
vt 0.627255 0.246268
vt 0.628506 0.246568
vt 0.98615 0.526512
vt 0.985355 0.520479
vt 0.986462 0.520812
vt 0.98615 0.526512
vt 0.98504 0.526086
vt 0.985355 0.520479
vt 0.986462 0.520812
vt 0.985031 0.514817
vt 0.986121 0.515043
vt 0.383062 0.036577
vt 0.377388 0.0376231
vt 0.377714 0.0365397
vt 0.377714 0.0365397
vt 0.377388 0.0376231
vt 0.371754 0.0376056
vt 0.383062 0.036577
vt 0.382729 0.0376766
vt 0.377388 0.0376231
vt 0.986121 0.515043
vt 0.985031 0.514817
vt 0.984083 0.509324
vt 0.372069 0.0365415
vt 0.371754 0.0376056
vt 0.366047 0.0376247
vt 0.986121 0.515043
vt 0.984083 0.509324
vt 0.985144 0.509429
vt 0.377714 0.0365397
vt 0.371754 0.0376056
vt 0.372069 0.0365415
vt 0.633407 0.112569
vt 0.630422 0.142922
vt 0.628941 0.114271
vt 0.633407 0.112569
vt 0.635888 0.140792
vt 0.630422 0.142922
vt 0.628941 0.114271
vt 0.630422 0.142922
vt 0.624908 0.144459
vt 0.628941 0.114271
vt 0.624438 0.115483
vt 0.629569 0.0805811
vt 0.628941 0.114271
vt 0.624908 0.144459
vt 0.624438 0.115483
vt 0.633407 0.112569
vt 0.628941 0.114271
vt 0.633126 0.0811104
vt 0.628941 0.114271
vt 0.629569 0.0805811
vt 0.633126 0.0811104
vt 0.865359 0.0162319
vt 0.865359 0.00910342
vt 0.868927 0.00925738
vt 0.861771 0.0163161
vt 0.865359 0.00910342
vt 0.865359 0.0162319
vt 0.865359 0.0162319
vt 0.868927 0.00925738
vt 0.868927 0.0163858
vt 0.624438 0.115483
vt 0.626112 0.0798047
vt 0.629569 0.0805811
vt 0.634189 0.0741543
vt 0.637947 0.0706918
vt 0.63771 0.0744157
vt 0.634189 0.0741543
vt 0.634636 0.0704452
vt 0.637947 0.0706918
vt 0.630632 0.073625
vt 0.634636 0.0704452
vt 0.634189 0.0741543
vt 0.633126 0.0811104
vt 0.634189 0.0741543
vt 0.63771 0.0744157
vt 0.630632 0.073625
vt 0.631291 0.0699473
vt 0.634636 0.0704452
vt 0.989315 0.593448
vt 0.993189 0.597033
vt 0.988851 0.596724
vt 0.989315 0.593448
vt 0.993569 0.594347
vt 0.993189 0.597033
vt 0.990223 0.590397
vt 0.993569 0.594347
vt 0.989315 0.593448
vt 0.627175 0.0728486
vt 0.631291 0.0699473
vt 0.630632 0.073625
vt 0.627175 0.0728486
vt 0.628039 0.0692171
vt 0.631291 0.0699473
vt 0.990223 0.590397
vt 0.994314 0.591846
vt 0.993569 0.594347
vt 0.628039 0.0692171
vt 0.632159 0.0660648
vt 0.631291 0.0699473
vt 0.628039 0.0692171
vt 0.629493 0.0654662
vt 0.632159 0.0660648
vt 0.266074 0.00881511
vt 0.270999 0.0109525
vt 0.266074 0.0115619
vt 0.266074 0.0115619
vt 0.271356 0.0127695
vt 0.266605 0.0142695
vt 0.266074 0.0115619
vt 0.270999 0.0109525
vt 0.271356 0.0127695
vt 0.266074 0.00881511
vt 0.270999 0.00910938
vt 0.270999 0.0109525
vt 0.270999 0.0109525
vt 0.27665 0.0112276
vt 0.271356 0.0127695
vt 0.270999 0.0109525
vt 0.276499 0.0104612
vt 0.27665 0.0112276
vt 0.270999 0.00910938
vt 0.276499 0.0104612
vt 0.270999 0.0109525
vt 0.270999 0.00910938
vt 0.276499 0.00968421
vt 0.276499 0.0104612
vt 0.280029 0.0141091
vt 0.276499 0.0104612
vt 0.276499 0.00968421
vt 0.280029 0.0141091
vt 0.279273 0.0139382
vt 0.276499 0.0104612
vt 0.279273 0.0139382
vt 0.27665 0.0112276
vt 0.276499 0.0104612
vt 0.277576 0.019197
vt 0.279273 0.0139382
vt 0.280029 0.0141091
vt 0.275886 0.0184485
vt 0.279273 0.0139382
vt 0.277576 0.019197
vt 0.275886 0.0184485
vt 0.278561 0.0136225
vt 0.279273 0.0139382
vt 0.279273 0.0139382
vt 0.278561 0.0136225
vt 0.27665 0.0112276
vt 0.274365 0.0173854
vt 0.278561 0.0136225
vt 0.275886 0.0184485
vt 0.274365 0.0173854
vt 0.277919 0.0131742
vt 0.278561 0.0136225
vt 0.278561 0.0136225
vt 0.276945 0.0119534
vt 0.27665 0.0112276
vt 0.278561 0.0136225
vt 0.277919 0.0131742
vt 0.276945 0.0119534
vt 0.273072 0.0160488
vt 0.277919 0.0131742
vt 0.274365 0.0173854
vt 0.273072 0.0160488
vt 0.277374 0.0126104
vt 0.277919 0.0131742
vt 0.277919 0.0131742
vt 0.277374 0.0126104
vt 0.276945 0.0119534
vt 0.272055 0.01449
vt 0.276945 0.0119534
vt 0.277374 0.0126104
vt 0.272055 0.01449
vt 0.277374 0.0126104
vt 0.273072 0.0160488
vt 0.266605 0.0142695
vt 0.271356 0.0127695
vt 0.272055 0.01449
vt 0.271356 0.0127695
vt 0.276945 0.0119534
vt 0.272055 0.01449
vt 0.267648 0.0168337
vt 0.272055 0.01449
vt 0.273072 0.0160488
vt 0.266605 0.0142695
vt 0.272055 0.01449
vt 0.267648 0.0168337
vt 0.267648 0.0168337
vt 0.273072 0.0160488
vt 0.269163 0.0191566
vt 0.269163 0.0191566
vt 0.273072 0.0160488
vt 0.274365 0.0173854
vt 0.988851 0.596724
vt 0.993189 0.597033
vt 0.993189 0.599798
vt 0.269163 0.0191566
vt 0.274365 0.0173854
vt 0.27109 0.0211481
vt 0.988852 0.600097
vt 0.993189 0.599798
vt 0.993569 0.602539
vt 0.988851 0.596724
vt 0.993189 0.599798
vt 0.988852 0.600097
vt 0.989315 0.60344
vt 0.993569 0.602539
vt 0.994314 0.605148
vt 0.27109 0.0211481
vt 0.275886 0.0184485
vt 0.273356 0.0227325
vt 0.27109 0.0211481
vt 0.274365 0.0173854
vt 0.275886 0.0184485
vt 0.988852 0.600097
vt 0.993569 0.602539
vt 0.989315 0.60344
vt 0.271356 0.0127695
vt 0.27665 0.0112276
vt 0.276945 0.0119534
vt 0.273356 0.0227325
vt 0.275886 0.0184485
vt 0.277576 0.019197
vt 0.275875 0.0238482
vt 0.277576 0.019197
vt 0.27937 0.019603
vt 0.273356 0.0227325
vt 0.277576 0.019197
vt 0.275875 0.0238482
vt 0.277576 0.019197
vt 0.280029 0.0141091
vt 0.27937 0.019603
vt 0.840044 0.00913882
vt 0.835302 0.00813729
vt 0.835585 0.00631374
vt 0.27937 0.019603
vt 0.280801 0.0141293
vt 0.281199 0.0196499
vt 0.27937 0.019603
vt 0.280029 0.0141091
vt 0.280801 0.0141293
vt 0.275875 0.0238482
vt 0.27937 0.019603
vt 0.278549 0.0244527
vt 0.281558 0.0139968
vt 0.280801 0.0141293
vt 0.27665 0.00892526
vt 0.280801 0.0141293
vt 0.276499 0.00968421
vt 0.27665 0.00892526
vt 0.280801 0.0141293
vt 0.280029 0.0141091
vt 0.276499 0.00968421
vt 0.281199 0.0196499
vt 0.280801 0.0141293
vt 0.281558 0.0139968
vt 0.282993 0.0193363
vt 0.281558 0.0139968
vt 0.28227 0.0137182
vt 0.28227 0.0137182
vt 0.281558 0.0139968
vt 0.276946 0.00821465
vt 0.281558 0.0139968
vt 0.27665 0.00892526
vt 0.276946 0.00821465
vt 0.281199 0.0196499
vt 0.281558 0.0139968
vt 0.282993 0.0193363
vt 0.840465 0.0064218
vt 0.835585 0.00451255
vt 0.840465 0.00373775
vt 0.840465 0.0064218
vt 0.835585 0.00631374
vt 0.835585 0.00451255
vt 0.283948 0.0240558
vt 0.282993 0.0193363
vt 0.284683 0.0186744
vt 0.282993 0.0193363
vt 0.28227 0.0137182
vt 0.284683 0.0186744
vt 0.284683 0.0186744
vt 0.282912 0.0133027
vt 0.286204 0.0176901
vt 0.284683 0.0186744
vt 0.28227 0.0137182
vt 0.282912 0.0133027
vt 0.888452 0.588492
vt 0.88413 0.585879
vt 0.884838 0.584265
vt 0.283948 0.0240558
vt 0.284683 0.0186744
vt 0.286467 0.0230693
vt 0.888452 0.588492
vt 0.884838 0.584265
vt 0.889507 0.586086
vt 0.892335 0.590173
vt 0.888452 0.588492
vt 0.889507 0.586086
vt 0.849481 0.0127333
vt 0.845484 0.0096851
vt 0.849481 0.00935131
vt 0.849481 0.0127333
vt 0.845484 0.0124572
vt 0.845484 0.0096851
vt 0.889507 0.586086
vt 0.884838 0.584265
vt 0.885274 0.582501
vt 0.892335 0.590173
vt 0.889507 0.586086
vt 0.893621 0.587238
vt 0.893621 0.587238
vt 0.889507 0.586086
vt 0.890157 0.583458
vt 0.889507 0.586086
vt 0.885274 0.582501
vt 0.890157 0.583458
vt 0.287497 0.0164201
vt 0.283886 0.0121313
vt 0.288514 0.0149132
vt 0.287497 0.0164201
vt 0.283458 0.0127668
vt 0.283886 0.0121313
vt 0.890157 0.583458
vt 0.885274 0.582501
vt 0.885421 0.580657
vt 0.286204 0.0176901
vt 0.283458 0.0127668
vt 0.287497 0.0164201
vt 0.890376 0.580709
vt 0.885421 0.580657
vt 0.885274 0.578801
vt 0.288514 0.0149132
vt 0.284182 0.011421
vt 0.289214 0.0132282
vt 0.890157 0.583458
vt 0.885421 0.580657
vt 0.890376 0.580709
vt 0.288514 0.0149132
vt 0.283886 0.0121313
vt 0.284182 0.011421
vt 0.289214 0.0132282
vt 0.284182 0.011421
vt 0.284332 0.0106626
vt 0.284332 0.0106626
vt 0.284182 0.011421
vt 0.28003 0.00621772
vt 0.284182 0.011421
vt 0.279273 0.00634938
vt 0.28003 0.00621772
vt 0.284182 0.011421
vt 0.283886 0.0121313
vt 0.279273 0.00634938
vt 0.283886 0.0121313
vt 0.278561 0.00662863
vt 0.279273 0.00634938
vt 0.277577 0.00120258
vt 0.279273 0.00634938
vt 0.278561 0.00662863
vt 0.279371 0.000889599
vt 0.28003 0.00621772
vt 0.279273 0.00634938
vt 0.279371 0.000889599
vt 0.279273 0.00634938
vt 0.277577 0.00120258
vt 0.84483 0.581166
vt 0.849889 0.581125
vt 0.850049 0.582961
vt 0.845069 0.578407
vt 0.850049 0.579273
vt 0.849889 0.581125
vt 0.2812 0.000936449
vt 0.28003 0.00621772
vt 0.279371 0.000889599
vt 0.845069 0.578407
vt 0.849889 0.581125
vt 0.84483 0.581166
vt 0.840939 0.577688
vt 0.845069 0.578407
vt 0.84483 0.581166
vt 0.841802 0.574422
vt 0.845069 0.578407
vt 0.840939 0.577688
vt 0.841802 0.574422
vt 0.845777 0.575729
vt 0.845069 0.578407
vt 0.845777 0.575729
vt 0.850049 0.579273
vt 0.845069 0.578407
vt 0.628432 0.360332
vt 0.632137 0.360411
vt 0.63228 0.363704
vt 0.843203 0.571381
vt 0.845777 0.575729
vt 0.841802 0.574422
vt 0.628585 0.363834
vt 0.63228 0.363704
vt 0.632706 0.366789
vt 0.628432 0.360332
vt 0.63228 0.363704
vt 0.628585 0.363834
vt 0.843203 0.571381
vt 0.846926 0.573235
vt 0.845777 0.575729
vt 0.995765 0.361523
vt 0.990597 0.36027
vt 0.994472 0.358493
vt 0.628585 0.356743
vt 0.632137 0.360411
vt 0.628432 0.360332
vt 0.628585 0.356743
vt 0.632281 0.357036
vt 0.632137 0.360411
vt 0.629038 0.353205
vt 0.632281 0.357036
vt 0.628585 0.356743
vt 0.629038 0.353205
vt 0.632706 0.353708
vt 0.632281 0.357036
vt 0.996562 0.364787
vt 0.991657 0.362754
vt 0.995765 0.361523
vt 0.995765 0.361523
vt 0.991657 0.362754
vt 0.990597 0.36027
vt 0.996562 0.364787
vt 0.992309 0.365429
vt 0.991657 0.362754
vt 0.992309 0.365429
vt 0.986982 0.364485
vt 0.991657 0.362754
vt 0.848472 0.571023
vt 0.851295 0.575804
vt 0.846926 0.573235
vt 0.848472 0.571023
vt 0.852333 0.574319
vt 0.851295 0.575804
vt 0.286205 0.00315404
vt 0.282271 0.0067246
vt 0.284684 0.00209069
vt 0.846926 0.573235
vt 0.851295 0.575804
vt 0.850524 0.577477
vt 0.284684 0.00209069
vt 0.281558 0.00640833
vt 0.282994 0.00134206
vt 0.284684 0.00209069
vt 0.282271 0.0067246
vt 0.281558 0.00640833
vt 0.284182 0.00911885
vt 0.284332 0.00988537
vt 0.281558 0.00640833
vt 0.284332 0.00988537
vt 0.280801 0.00623727
vt 0.281558 0.00640833
vt 0.282994 0.00134206
vt 0.281558 0.00640833
vt 0.280801 0.00623727
vt 0.284182 0.00911885
vt 0.281558 0.00640833
vt 0.282271 0.0067246
vt 0.289214 0.00777018
vt 0.284182 0.00911885
vt 0.283887 0.00839347
vt 0.289571 0.00958681
vt 0.284182 0.00911885
vt 0.289214 0.00777018
vt 0.283887 0.00839347
vt 0.284182 0.00911885
vt 0.282271 0.0067246
vt 0.289571 0.00958681
vt 0.284332 0.00988537
vt 0.284182 0.00911885
vt 0.991657 0.373564
vt 0.986982 0.371739
vt 0.98742 0.369978
vt 0.889507 0.575272
vt 0.88413 0.575344
vt 0.888452 0.572792
vt 0.889507 0.575272
vt 0.884838 0.577008
vt 0.88413 0.575344
vt 0.289571 0.0114303
vt 0.284332 0.00988537
vt 0.289571 0.00958681
vt 0.893621 0.574047
vt 0.889507 0.575272
vt 0.888452 0.572792
vt 0.894413 0.577308
vt 0.889507 0.575272
vt 0.893621 0.574047
vt 0.894413 0.577308
vt 0.890157 0.577945
vt 0.889507 0.575272
vt 0.890157 0.577945
vt 0.884838 0.577008
vt 0.889507 0.575272
vt 0.890157 0.577945
vt 0.885274 0.578801
vt 0.884838 0.577008
vt 0.894681 0.58068
vt 0.890157 0.577945
vt 0.894413 0.577308
vt 0.894681 0.58068
vt 0.890376 0.580709
vt 0.890157 0.577945
vt 0.890376 0.580709
vt 0.885274 0.578801
vt 0.890157 0.577945
vt 0.975402 0.44585
vt 0.97537 0.442137
vt 0.978738 0.442055
vt 0.971825 0.445828
vt 0.97537 0.442137
vt 0.975402 0.44585
vt 0.971825 0.445828
vt 0.972006 0.442117
vt 0.97537 0.442137
vt 0.894413 0.584033
vt 0.890376 0.580709
vt 0.894681 0.58068
vt 0.968387 0.445699
vt 0.972006 0.442117
vt 0.971825 0.445828
vt 0.894413 0.584033
vt 0.890157 0.583458
vt 0.890376 0.580709
vt 0.893621 0.587238
vt 0.890157 0.583458
vt 0.894413 0.584033
vt 0.968387 0.445699
vt 0.968774 0.441995
vt 0.972006 0.442117
vt 0.857496 0.0162773
vt 0.861069 0.00909352
vt 0.861069 0.0163863
vt 0.971901 0.453309
vt 0.971825 0.445828
vt 0.975402 0.44585
vt 0.857496 0.0162773
vt 0.857496 0.0089851
vt 0.861069 0.00909352
vt 0.971669 0.471804
vt 0.968464 0.453179
vt 0.971901 0.453309
vt 0.976075 0.472504
vt 0.971901 0.453309
vt 0.975478 0.45333
vt 0.971901 0.453309
vt 0.975402 0.44585
vt 0.975478 0.45333
vt 0.976075 0.472504
vt 0.971669 0.471804
vt 0.971901 0.453309
vt 0.980473 0.47349
vt 0.976075 0.472504
vt 0.975478 0.45333
vt 0.976075 0.472504
vt 0.968753 0.498768
vt 0.971669 0.471804
vt 0.976075 0.472504
vt 0.974146 0.499615
vt 0.968753 0.498768
vt 0.980473 0.47349
vt 0.974146 0.499615
vt 0.976075 0.472504
vt 0.984694 0.474723
vt 0.980473 0.47349
vt 0.979059 0.453242
vt 0.971877 0.302282
vt 0.96305 0.328423
vt 0.967845 0.300923
vt 0.980473 0.47349
vt 0.979529 0.500809
vt 0.974146 0.499615
vt 0.980473 0.47349
vt 0.975478 0.45333
vt 0.979059 0.453242
vt 0.984694 0.474723
vt 0.979059 0.453242
vt 0.982505 0.453048
vt 0.979059 0.453242
vt 0.982428 0.445568
vt 0.982505 0.453048
vt 0.979059 0.453242
vt 0.978982 0.445761
vt 0.982428 0.445568
vt 0.975478 0.45333
vt 0.978982 0.445761
vt 0.979059 0.453242
vt 0.969407 0.273147
vt 0.972644 0.269207
vt 0.972879 0.272923
vt 0.969407 0.273147
vt 0.969379 0.269418
vt 0.972644 0.269207
vt 0.970231 0.280559
vt 0.969407 0.273147
vt 0.972879 0.272923
vt 0.978982 0.445761
vt 0.981979 0.441872
vt 0.982428 0.445568
vt 0.972879 0.272923
vt 0.976003 0.268872
vt 0.976451 0.272566
vt 0.972879 0.272923
vt 0.972644 0.269207
vt 0.976003 0.268872
vt 0.973702 0.280335
vt 0.972879 0.272923
vt 0.976451 0.272566
vt 0.970231 0.280559
vt 0.972879 0.272923
vt 0.973702 0.280335
vt 0.977274 0.279979
vt 0.976451 0.272566
vt 0.979985 0.272091
vt 0.976451 0.272566
vt 0.979327 0.268425
vt 0.979985 0.272091
vt 0.973702 0.280335
vt 0.976451 0.272566
vt 0.977274 0.279979
vt 0.976451 0.272566
vt 0.976003 0.268872
vt 0.979327 0.268425
vt 0.979985 0.272091
vt 0.979327 0.268425
vt 0.982488 0.267885
vt 0.99683 0.368158
vt 0.992309 0.365429
vt 0.996562 0.364787
vt 0.996561 0.371509
vt 0.99253 0.368193
vt 0.99683 0.368158
vt 0.99683 0.368158
vt 0.99253 0.368193
vt 0.992309 0.365429
vt 0.99253 0.368193
vt 0.98742 0.36628
vt 0.992309 0.365429
vt 0.996561 0.371509
vt 0.99231 0.37094
vt 0.99253 0.368193
vt 0.99231 0.37094
vt 0.987567 0.368135
vt 0.99253 0.368193
vt 0.99253 0.368193
vt 0.987567 0.368135
vt 0.98742 0.36628
vt 0.288514 0.0060491
vt 0.283458 0.00773609
vt 0.287498 0.00449061
vt 0.99231 0.37094
vt 0.98742 0.369978
vt 0.987567 0.368135
vt 0.289214 0.00777018
vt 0.283887 0.00839347
vt 0.288514 0.0060491
vt 0.288514 0.0060491
vt 0.283887 0.00839347
vt 0.283458 0.00773609
vt 0.287498 0.00449061
vt 0.283458 0.00773609
vt 0.282912 0.00717258
vt 0.282912 0.00717258
vt 0.283458 0.00773609
vt 0.283887 0.00839347
vt 0.287498 0.00449061
vt 0.282912 0.00717258
vt 0.286205 0.00315404
vt 0.286205 0.00315404
vt 0.282912 0.00717258
vt 0.282271 0.0067246
vt 0.283887 0.00839347
vt 0.282271 0.0067246
vt 0.282912 0.00717258
vt 0.992309 0.365429
vt 0.98742 0.36628
vt 0.986982 0.364485
vt 0.995765 0.37471
vt 0.99231 0.37094
vt 0.996561 0.371509
vt 0.995765 0.37471
vt 0.991657 0.373564
vt 0.99231 0.37094
vt 0.991657 0.373564
vt 0.98742 0.369978
vt 0.99231 0.37094
vt 0.985073 0.307
vt 0.980661 0.305381
vt 0.977274 0.279979
vt 0.980661 0.305381
vt 0.973702 0.280335
vt 0.977274 0.279979
vt 0.985073 0.307
vt 0.977274 0.279979
vt 0.980808 0.279504
vt 0.977274 0.279979
vt 0.979985 0.272091
vt 0.980808 0.279504
vt 0.922199 0.157346
vt 0.914773 0.182761
vt 0.917819 0.15539
vt 0.985073 0.307
vt 0.984133 0.335855
vt 0.978734 0.33386
vt 0.985073 0.307
vt 0.978734 0.33386
vt 0.980661 0.305381
vt 0.922199 0.157346
vt 0.917819 0.15539
vt 0.914773 0.128968
vt 0.984133 0.335855
vt 0.9786 0.335026
vt 0.978734 0.33386
vt 0.978734 0.33386
vt 0.9786 0.335026
vt 0.973154 0.333078
vt 0.980661 0.305381
vt 0.978734 0.33386
vt 0.973282 0.331909
vt 0.978734 0.33386
vt 0.973154 0.333078
vt 0.973282 0.331909
vt 0.973282 0.331909
vt 0.973154 0.333078
vt 0.967868 0.331244
vt 0.068677 0.0436277
vt 0.0695011 0.0491212
vt 0.0682616 0.0493086
vt 0.0682616 0.0493086
vt 0.0695011 0.0491212
vt 0.0699794 0.0546718
vt 0.0682616 0.0493086
vt 0.0699794 0.0546718
vt 0.0687507 0.0549742
vt 0.0695011 0.0491212
vt 0.0713881 0.0544692
vt 0.0699794 0.0546718
vt 0.0699794 0.0546718
vt 0.0713881 0.0544692
vt 0.0726676 0.0595503
vt 0.0687507 0.0549742
vt 0.0699794 0.0546718
vt 0.0713156 0.0599748
vt 0.0699794 0.0546718
vt 0.0726676 0.0595503
vt 0.0713156 0.0599748
vt 0.124841 0.0192625
vt 0.119731 0.0173417
vt 0.120619 0.0161677
vt 0.120619 0.0161677
vt 0.119731 0.0173417
vt 0.115389 0.0153458
vt 0.0713156 0.0599748
vt 0.0726676 0.0595503
vt 0.0746982 0.0641698
vt 0.120619 0.0161677
vt 0.115389 0.0153458
vt 0.115982 0.0140362
vt 0.115982 0.0140362
vt 0.115389 0.0153458
vt 0.110866 0.0143147
vt 0.119935 0.0650152
vt 0.115389 0.0153458
vt 0.119731 0.0173417
vt 0.119935 0.0650152
vt 0.115674 0.066854
vt 0.115389 0.0153458
vt 0.115674 0.066854
vt 0.110866 0.0143147
vt 0.115389 0.0153458
vt 0.116162 0.0680845
vt 0.119935 0.0650152
vt 0.120749 0.0661045
vt 0.120749 0.0661045
vt 0.119935 0.0650152
vt 0.123842 0.062261
vt 0.123842 0.062261
vt 0.119935 0.0650152
vt 0.119731 0.0173417
vt 0.116162 0.0680845
vt 0.115674 0.066854
vt 0.119935 0.0650152
vt 0.00648773 0.0560181
vt 0.00544587 0.0557395
vt 0.00681409 0.0509335
vt 0.00417476 0.0606781
vt 0.00544587 0.0557395
vt 0.00648773 0.0560181
vt 0.111326 0.0690521
vt 0.115674 0.066854
vt 0.116162 0.0680845
vt 0.00417476 0.0606781
vt 0.00326689 0.0601292
vt 0.00544587 0.0557395
vt 0.00648773 0.0560181
vt 0.00681409 0.0509335
vt 0.00793548 0.0509357
vt 0.642256 0.260319
vt 0.641361 0.260408
vt 0.641131 0.255545
vt 0.642256 0.260319
vt 0.641131 0.255545
vt 0.64202 0.255284
vt 0.630907 0.243192
vt 0.630028 0.243196
vt 0.630095 0.237986
vt 0.14034 0.122632
vt 0.140351 0.12367
vt 0.1351 0.123112
vt 0.630907 0.243192
vt 0.630095 0.237986
vt 0.630983 0.237809
vt 0.145785 0.122923
vt 0.140351 0.12367
vt 0.14034 0.122632
vt 0.145785 0.122923
vt 0.145758 0.123955
vt 0.140351 0.12367
vt 0.150627 0.0924856
vt 0.145785 0.122923
vt 0.146227 0.0924814
vt 0.146227 0.0924814
vt 0.145785 0.122923
vt 0.14034 0.122632
vt 0.151181 0.122919
vt 0.145758 0.123955
vt 0.145785 0.122923
vt 0.150627 0.0924856
vt 0.151181 0.122919
vt 0.145785 0.122923
vt 0.628768 0.350826
vt 0.623347 0.352261
vt 0.623348 0.351254
vt 0.151181 0.122919
vt 0.151114 0.123955
vt 0.145758 0.123955
vt 0.62891 0.319732
vt 0.623348 0.351254
vt 0.62449 0.32006
vt 0.62891 0.319732
vt 0.628768 0.350826
vt 0.623348 0.351254
vt 0.633379 0.319004
vt 0.628768 0.350826
vt 0.62891 0.319732
vt 0.633379 0.319004
vt 0.62891 0.319732
vt 0.631912 0.2792
vt 0.62891 0.319732
vt 0.62449 0.32006
vt 0.628361 0.278921
vt 0.62891 0.319732
vt 0.628361 0.278921
vt 0.631912 0.2792
vt 0.62449 0.32006
vt 0.620288 0.319975
vt 0.624972 0.278668
vt 0.62449 0.32006
vt 0.624972 0.278668
vt 0.628361 0.278921
vt 0.146227 0.0924814
vt 0.142966 0.0530998
vt 0.146559 0.0531038
vt 0.146227 0.0924814
vt 0.141786 0.0922514
vt 0.142966 0.0530998
vt 0.146227 0.0924814
vt 0.14034 0.122632
vt 0.141786 0.0922514
vt 0.630874 0.418532
vt 0.625837 0.379067
vt 0.629431 0.378936
vt 0.630874 0.418532
vt 0.626428 0.418094
vt 0.625837 0.379067
vt 0.141786 0.0922514
vt 0.135055 0.122061
vt 0.137475 0.0918055
vt 0.141786 0.0922514
vt 0.14034 0.122632
vt 0.135055 0.122061
vt 0.626428 0.418094
vt 0.625088 0.446656
vt 0.619723 0.445225
vt 0.626428 0.418094
vt 0.619723 0.445225
vt 0.622049 0.416957
vt 0.626428 0.418094
vt 0.622298 0.378936
vt 0.625837 0.379067
vt 0.626428 0.418094
vt 0.622049 0.416957
vt 0.622298 0.378936
vt 0.631987 0.237627
vt 0.630994 0.232282
vt 0.632012 0.232071
vt 0.173032 0.122889
vt 0.172942 0.123955
vt 0.167851 0.122249
vt 0.173729 0.0926051
vt 0.173032 0.122889
vt 0.167923 0.121157
vt 0.173032 0.122889
vt 0.167851 0.122249
vt 0.167923 0.121157
vt 0.167923 0.121157
vt 0.167851 0.122249
vt 0.162505 0.120321
vt 0.443568 0.0495864
vt 0.44381 0.0446045
vt 0.444919 0.0444829
vt 0.630994 0.232282
vt 0.630028 0.227296
vt 0.630938 0.226826
vt 0.443568 0.0495864
vt 0.4425 0.0495948
vt 0.44381 0.0446045
vt 0.444919 0.0444829
vt 0.44381 0.0446045
vt 0.444622 0.0391344
vt 0.00664409 0.0350703
vt 0.00335594 0.0310953
vt 0.00436278 0.0302641
vt 0.00664409 0.0350703
vt 0.00556374 0.0357444
vt 0.00335594 0.0310953
vt 0.00802489 0.0402554
vt 0.00556374 0.0357444
vt 0.00664409 0.0350703
vt 0.131362 0.0547948
vt 0.131839 0.0494376
vt 0.133341 0.0496799
vt 0.131362 0.0547948
vt 0.129945 0.0543306
vt 0.131839 0.0494376
vt 0.128512 0.0593469
vt 0.129945 0.0543306
vt 0.131362 0.0547948
vt 0.00802489 0.0402554
vt 0.00689457 0.0407395
vt 0.00556374 0.0357444
vt 0.128512 0.0593469
vt 0.127233 0.0586602
vt 0.129945 0.0543306
vt 0.124922 0.063162
vt 0.127233 0.0586602
vt 0.128512 0.0593469
vt 0.00845784 0.0456142
vt 0.00689457 0.0407395
vt 0.00802489 0.0402554
vt 0.00845784 0.0456142
vt 0.00731022 0.0458711
vt 0.00689457 0.0407395
vt 0.120749 0.0661045
vt 0.123842 0.062261
vt 0.124922 0.063162
vt 0.124922 0.063162
vt 0.123842 0.062261
vt 0.127233 0.0586602
vt 0.00793548 0.0509357
vt 0.00731022 0.0458711
vt 0.00845784 0.0456142
vt 0.00793548 0.0509357
vt 0.00681409 0.0509335
vt 0.00731022 0.0458711
vt 0.630983 0.237809
vt 0.630095 0.232618
vt 0.630994 0.232282
vt 0.630994 0.232282
vt 0.630095 0.232618
vt 0.630028 0.227296
vt 0.630983 0.237809
vt 0.630095 0.237986
vt 0.630095 0.232618
vt 0.129945 0.0543306
vt 0.127233 0.0586602
vt 0.127172 0.0240281
vt 0.127233 0.0586602
vt 0.123719 0.0202649
vt 0.127172 0.0240281
vt 0.127233 0.0586602
vt 0.123842 0.062261
vt 0.123719 0.0202649
vt 0.124841 0.0192625
vt 0.123719 0.0202649
vt 0.119731 0.0173417
vt 0.123842 0.062261
vt 0.119731 0.0173417
vt 0.123719 0.0202649
vt 0.12847 0.0232176
vt 0.123719 0.0202649
vt 0.124841 0.0192625
vt 0.12847 0.0232176
vt 0.127172 0.0240281
vt 0.123719 0.0202649
vt 0.0695011 0.0491212
vt 0.0709288 0.0491214
vt 0.0713881 0.0544692
vt 0.0699096 0.0435413
vt 0.0709288 0.0491214
vt 0.0695011 0.0491212
vt 0.0699096 0.0435413
vt 0.0713231 0.0437225
vt 0.0709288 0.0491214
vt 0.131344 0.0278848
vt 0.127172 0.0240281
vt 0.12847 0.0232176
vt 0.0711926 0.0381531
vt 0.0713231 0.0437225
vt 0.0699096 0.0435413
vt 0.133335 0.0330814
vt 0.129922 0.0284935
vt 0.131344 0.0278848
vt 0.131344 0.0278848
vt 0.129922 0.0284935
vt 0.127172 0.0240281
vt 0.0711926 0.0381531
vt 0.0725672 0.0384953
vt 0.0713231 0.0437225
vt 0.0733041 0.0331707
vt 0.0725672 0.0384953
vt 0.0711926 0.0381531
vt 0.0733041 0.0331707
vt 0.0746156 0.0336564
vt 0.0725672 0.0384953
vt 0.134352 0.0385967
vt 0.131833 0.0334831
vt 0.133335 0.0330814
vt 0.133335 0.0330814
vt 0.131833 0.0334831
vt 0.129922 0.0284935
vt 0.446048 0.0330731
vt 0.444626 0.0276276
vt 0.445781 0.027208
vt 0.445781 0.027208
vt 0.444626 0.0276276
vt 0.443816 0.0220455
vt 0.446048 0.0330731
vt 0.444899 0.0333998
vt 0.444626 0.0276276
vt 0.0761609 0.0287915
vt 0.0746156 0.0336564
vt 0.0733041 0.0331707
vt 0.445757 0.0389069
vt 0.444899 0.0333998
vt 0.446048 0.0330731
vt 0.0761609 0.0287915
vt 0.0773869 0.0294053
vt 0.0746156 0.0336564
vt 0.445757 0.0389069
vt 0.444622 0.0391344
vt 0.444899 0.0333998
vt 0.00436278 0.0302641
vt 0.000350979 0.0269876
vt 0.00126692 0.0260312
vt 0.134354 0.0442064
vt 0.132812 0.0387883
vt 0.134352 0.0385967
vt 0.00436278 0.0302641
vt 0.00335594 0.0310953
vt 0.000350979 0.0269876
vt 0.134354 0.0442064
vt 0.132812 0.0441829
vt 0.132812 0.0387883
vt 0.133341 0.0496799
vt 0.132812 0.0441829
vt 0.134354 0.0442064
vt 0.131833 0.0334831
vt 0.132812 0.0387883
vt 0.132812 0.0441829
vt 0.133341 0.0496799
vt 0.131839 0.0494376
vt 0.132812 0.0441829
vt 0.132812 0.0441829
vt 0.131839 0.0494376
vt 0.131833 0.0334831
vt 0.134352 0.0385967
vt 0.132812 0.0387883
vt 0.131833 0.0334831
vt 0.157169 0.117109
vt 0.157113 0.118248
vt 0.151882 0.116112
vt 0.162566 0.119204
vt 0.157113 0.118248
vt 0.157169 0.117109
vt 0.444919 0.0444829
vt 0.444622 0.0391344
vt 0.445757 0.0389069
vt 0.162566 0.119204
vt 0.162505 0.120321
vt 0.157113 0.118248
vt 0.447019 0.032718
vt 0.446048 0.0330731
vt 0.445781 0.027208
vt 0.157169 0.117109
vt 0.151882 0.116112
vt 0.151938 0.114953
vt 0.131839 0.0494376
vt 0.129922 0.0284935
vt 0.131833 0.0334831
vt 0.445781 0.027208
vt 0.443816 0.0220455
vt 0.444964 0.021538
vt 0.444964 0.021538
vt 0.443816 0.0220455
vt 0.4425 0.0168738
vt 0.131839 0.0494376
vt 0.129945 0.0543306
vt 0.129922 0.0284935
vt 0.129945 0.0543306
vt 0.127172 0.0240281
vt 0.129922 0.0284935
vt 0.068677 0.0436277
vt 0.0699096 0.0435413
vt 0.0695011 0.0491212
vt 0.444964 0.021538
vt 0.4425 0.0168738
vt 0.443629 0.0162818
vt 0.167923 0.121157
vt 0.162505 0.120321
vt 0.162566 0.119204
vt 0.631987 0.237627
vt 0.630983 0.237809
vt 0.630994 0.232282
vt 0.14034 0.122632
vt 0.1351 0.123112
vt 0.135055 0.122061
vt 0.139471 0.0532782
vt 0.139564 0.0459647
vt 0.143059 0.0457863
vt 0.622298 0.378936
vt 0.625601 0.37204
vt 0.625837 0.379067
vt 0.139471 0.0532782
vt 0.143059 0.0457863
vt 0.142966 0.0530998
vt 0.142966 0.0530998
vt 0.143059 0.0457863
vt 0.146652 0.0457902
vt 0.142966 0.0530998
vt 0.146652 0.0457902
vt 0.146559 0.0531038
vt 0.642339 0.265665
vt 0.641361 0.260408
vt 0.642256 0.260319
vt 0.115982 0.0140362
vt 0.110866 0.0143147
vt 0.111114 0.0129259
vt 0.111114 0.0129259
vt 0.110866 0.0143147
vt 0.106309 0.0142506
vt 0.115674 0.066854
vt 0.111205 0.0677477
vt 0.110866 0.0143147
vt 0.111205 0.0677477
vt 0.106309 0.0142506
vt 0.110866 0.0143147
vt 0.111114 0.0129259
vt 0.106309 0.0142506
vt 0.106183 0.0128564
vt 0.111205 0.0677477
vt 0.106648 0.0676836
vt 0.106309 0.0142506
vt 0.106183 0.0128564
vt 0.106309 0.0142506
vt 0.10184 0.0151439
vt 0.106648 0.0676836
vt 0.10184 0.0151439
vt 0.106309 0.0142506
vt 0.106183 0.0128564
vt 0.10184 0.0151439
vt 0.101348 0.0138233
vt 0.106648 0.0676836
vt 0.0975805 0.0169827
vt 0.10184 0.0151439
vt 0.101348 0.0138233
vt 0.10184 0.0151439
vt 0.0975805 0.0169827
vt 0.106648 0.0676836
vt 0.102125 0.0666521
vt 0.0975805 0.0169827
vt 0.102125 0.0666521
vt 0.0936728 0.0197368
vt 0.0975805 0.0169827
vt 0.101348 0.0138233
vt 0.0975805 0.0169827
vt 0.0967614 0.0158029
vt 0.0967614 0.0158029
vt 0.0975805 0.0169827
vt 0.0936728 0.0197368
vt 0.102125 0.0666521
vt 0.097784 0.0646559
vt 0.0936728 0.0197368
vt 0.097784 0.0646559
vt 0.0902815 0.0233381
vt 0.0936728 0.0197368
vt 0.0967614 0.0158029
vt 0.0936728 0.0197368
vt 0.0925887 0.0187438
vt 0.0925887 0.0187438
vt 0.0936728 0.0197368
vt 0.0902815 0.0233381
vt 0.195991 0.0181661
vt 0.197265 0.0187593
vt 0.195573 0.0233641
vt 0.195991 0.0181661
vt 0.195573 0.0233641
vt 0.194202 0.0230333
vt 0.194202 0.0230333
vt 0.195573 0.0233641
vt 0.194684 0.0283783
vt 0.827568 0.586964
vt 0.830058 0.591791
vt 0.828807 0.592149
vt 0.827568 0.586964
vt 0.828856 0.586769
vt 0.830058 0.591791
vt 0.192977 0.022726
vt 0.194202 0.0230333
vt 0.193265 0.0283016
vt 0.194202 0.0230333
vt 0.194684 0.0283783
vt 0.193265 0.0283016
vt 0.236788 0.0486555
vt 0.236829 0.0498046
vt 0.23141 0.0503789
vt 0.242126 0.0481856
vt 0.236829 0.0498046
vt 0.236788 0.0486555
vt 0.242126 0.0481856
vt 0.242132 0.0493366
vt 0.236829 0.0498046
vt 0.827113 0.58158
vt 0.828856 0.586769
vt 0.827568 0.586964
vt 0.968753 0.498768
vt 0.963495 0.49948
vt 0.963556 0.498296
vt 0.968753 0.498768
vt 0.968658 0.49995
vt 0.963495 0.49948
vt 0.827113 0.58158
vt 0.828415 0.581566
vt 0.828856 0.586769
vt 0.827456 0.576198
vt 0.828415 0.581566
vt 0.827113 0.58158
vt 0.974146 0.499615
vt 0.968658 0.49995
vt 0.968753 0.498768
vt 0.974146 0.499615
vt 0.97402 0.500796
vt 0.968658 0.49995
vt 0.828585 0.571022
vt 0.828747 0.576365
vt 0.827456 0.576198
vt 0.827456 0.576198
vt 0.828747 0.576365
vt 0.828415 0.581566
vt 0.0734509 0.0648277
vt 0.0773869 0.068166
vt 0.0762944 0.0690516
vt 0.828747 0.576365
vt 0.830058 0.576656
vt 0.829744 0.581558
vt 0.828747 0.576365
vt 0.829744 0.581558
vt 0.828415 0.581566
vt 0.828585 0.571022
vt 0.829844 0.571352
vt 0.828747 0.576365
vt 0.0701227 0.0604059
vt 0.0734509 0.0648277
vt 0.0723208 0.0653967
vt 0.0701227 0.0604059
vt 0.0713156 0.0599748
vt 0.0734509 0.0648277
vt 0.0713156 0.0599748
vt 0.0746982 0.0641698
vt 0.0734509 0.0648277
vt 0.0734509 0.0648277
vt 0.0746982 0.0641698
vt 0.0773869 0.068166
vt 0.984694 0.502306
vt 0.979378 0.501989
vt 0.979529 0.500809
vt 0.979529 0.500809
vt 0.979378 0.501989
vt 0.97402 0.500796
vt 0.0687507 0.0549742
vt 0.0713156 0.0599748
vt 0.0701227 0.0604059
vt 0.984694 0.502306
vt 0.984527 0.503486
vt 0.979378 0.501989
vt 0.976205 0.303788
vt 0.973282 0.331909
vt 0.967986 0.330075
vt 0.973282 0.331909
vt 0.967868 0.331244
vt 0.967986 0.330075
vt 0.976205 0.303788
vt 0.967986 0.330075
vt 0.971877 0.302282
vt 0.971877 0.302282
vt 0.967986 0.330075
vt 0.96305 0.328423
vt 0.980661 0.305381
vt 0.976205 0.303788
vt 0.973702 0.280335
vt 0.980661 0.305381
vt 0.973282 0.331909
vt 0.976205 0.303788
vt 0.976205 0.303788
vt 0.971877 0.302282
vt 0.970231 0.280559
vt 0.976205 0.303788
vt 0.970231 0.280559
vt 0.973702 0.280335
vt 0.979529 0.500809
vt 0.97402 0.500796
vt 0.974146 0.499615
vt 0.198562 0.0138736
vt 0.199688 0.014713
vt 0.197265 0.0187593
vt 0.198562 0.0138736
vt 0.197265 0.0187593
vt 0.195991 0.0181661
vt 0.971669 0.471804
vt 0.963556 0.498296
vt 0.967424 0.471416
vt 0.240084 0.0205065
vt 0.242126 0.0481856
vt 0.236788 0.0486555
vt 0.971669 0.471804
vt 0.968753 0.498768
vt 0.963556 0.498296
vt 0.111326 0.0690521
vt 0.111205 0.0677477
vt 0.115674 0.066854
vt 0.984133 0.335855
vt 0.983998 0.337016
vt 0.9786 0.335026
vt 0.989274 0.308584
vt 0.980808 0.279504
vt 0.984169 0.278929
vt 0.980808 0.279504
vt 0.983346 0.271516
vt 0.984169 0.278929
vt 0.980808 0.279504
vt 0.979985 0.272091
vt 0.983346 0.271516
vt 0.979985 0.272091
vt 0.982488 0.267885
vt 0.983346 0.271516
vt 0.893621 0.574047
vt 0.888452 0.572792
vt 0.892334 0.571023
vt 0.978982 0.445761
vt 0.978738 0.442055
vt 0.981979 0.441872
vt 0.975402 0.44585
vt 0.978738 0.442055
vt 0.978982 0.445761
vt 0.975478 0.45333
vt 0.975402 0.44585
vt 0.978982 0.445761
vt 0.971669 0.471804
vt 0.967424 0.471416
vt 0.968464 0.453179
vt 0.289214 0.0132282
vt 0.284332 0.0106626
vt 0.289571 0.0114303
vt 0.289571 0.0114303
vt 0.284332 0.0106626
vt 0.284332 0.00988537
vt 0.2812 0.000936449
vt 0.280801 0.00623727
vt 0.28003 0.00621772
vt 0.282994 0.00134206
vt 0.280801 0.00623727
vt 0.2812 0.000936449
vt 0.284332 0.00988537
vt 0.284332 0.0106626
vt 0.280801 0.00623727
vt 0.284332 0.0106626
vt 0.28003 0.00621772
vt 0.280801 0.00623727
vt 0.846926 0.573235
vt 0.850524 0.577477
vt 0.845777 0.575729
vt 0.845777 0.575729
vt 0.850524 0.577477
vt 0.850049 0.579273
vt 0.152466 0.0556006
vt 0.151882 0.0481377
vt 0.155117 0.0476566
vt 0.283886 0.0121313
vt 0.283458 0.0127668
vt 0.278561 0.00662863
vt 0.286204 0.0176901
vt 0.282912 0.0133027
vt 0.283458 0.0127668
vt 0.271355 0.00731122
vt 0.27665 0.00892526
vt 0.276499 0.00968421
vt 0.272056 0.00562614
vt 0.27665 0.00892526
vt 0.271355 0.00731122
vt 0.272056 0.00562614
vt 0.276946 0.00821465
vt 0.27665 0.00892526
vt 0.267649 0.00362432
vt 0.272056 0.00562614
vt 0.271355 0.00731122
vt 0.271355 0.00731122
vt 0.276499 0.00968421
vt 0.270999 0.00910938
vt 0.267649 0.00362432
vt 0.271355 0.00731122
vt 0.266606 0.00613481
vt 0.266606 0.00613481
vt 0.271355 0.00731122
vt 0.270999 0.00910938
vt 0.992474 0.583396
vt 0.996687 0.583014
vt 0.996971 0.585692
vt 0.266606 0.00613481
vt 0.270999 0.00910938
vt 0.266074 0.00881511
vt 0.992821 0.586662
vt 0.996971 0.585692
vt 0.997528 0.588179
vt 0.992474 0.583396
vt 0.996971 0.585692
vt 0.992821 0.586662
vt 0.840044 0.00913882
vt 0.835585 0.00631374
vt 0.840465 0.0064218
vt 0.992821 0.586662
vt 0.997528 0.588179
vt 0.993501 0.589696
vt 0.63771 0.0744157
vt 0.637947 0.0706918
vt 0.641096 0.0706766
vt 0.861771 0.0163161
vt 0.861771 0.00918734
vt 0.865359 0.00910342
vt 0.0831548 0.0433026
vt 0.0847029 0.04321
vt 0.0856818 0.0485147
vt 0.0831548 0.0376934
vt 0.0847029 0.04321
vt 0.0831548 0.0433026
vt 0.191971 0.0337487
vt 0.194101 0.0392346
vt 0.192861 0.0393237
vt 0.199453 0.110158
vt 0.194707 0.113587
vt 0.194463 0.112424
vt 0.194463 0.112424
vt 0.194707 0.113587
vt 0.189516 0.116079
vt 0.199453 0.110158
vt 0.199687 0.111322
vt 0.194707 0.113587
vt 0.297937 0.151671
vt 0.295097 0.179443
vt 0.2936 0.15311
vt 0.297937 0.151671
vt 0.300405 0.177694
vt 0.295097 0.179443
vt 0.300405 0.177694
vt 0.295291 0.18061
vt 0.295097 0.179443
vt 0.192414 0.0832556
vt 0.199453 0.110158
vt 0.194463 0.112424
vt 0.297937 0.151671
vt 0.2936 0.15311
vt 0.295243 0.131686
vt 0.192414 0.0832556
vt 0.188263 0.0616205
vt 0.191678 0.0615663
vt 0.192414 0.0832556
vt 0.188337 0.0851134
vt 0.188263 0.0616205
vt 0.192414 0.0832556
vt 0.194463 0.112424
vt 0.188337 0.0851134
vt 0.188337 0.0851134
vt 0.184091 0.087152
vt 0.184694 0.0616168
vt 0.188337 0.0851134
vt 0.189268 0.114919
vt 0.184091 0.087152
vt 0.188337 0.0851134
vt 0.194463 0.112424
vt 0.189268 0.114919
vt 0.188337 0.0851134
vt 0.184694 0.0616168
vt 0.188263 0.0616205
vt 0.184694 0.0616168
vt 0.188347 0.0540746
vt 0.188263 0.0616205
vt 0.181107 0.0615549
vt 0.184778 0.0540708
vt 0.184694 0.0616168
vt 0.184694 0.0616168
vt 0.184778 0.0540708
vt 0.188347 0.0540746
vt 0.184091 0.087152
vt 0.181107 0.0615549
vt 0.184694 0.0616168
vt 0.184091 0.087152
vt 0.179838 0.0892926
vt 0.181107 0.0615549
vt 0.184091 0.087152
vt 0.184065 0.117552
vt 0.179838 0.0892926
vt 0.184091 0.087152
vt 0.189268 0.114919
vt 0.184065 0.117552
vt 0.188263 0.0616205
vt 0.191763 0.05402
vt 0.191678 0.0615663
vt 0.188263 0.0616205
vt 0.188347 0.0540746
vt 0.191763 0.05402
vt 0.297937 0.151671
vt 0.295243 0.131686
vt 0.298801 0.131711
vt 0.231269 0.02137
vt 0.225983 0.0498878
vt 0.226895 0.0219184
vt 0.302332 0.150614
vt 0.297937 0.151671
vt 0.298801 0.131711
vt 0.194463 0.112424
vt 0.189516 0.116079
vt 0.189268 0.114919
vt 0.179838 0.0892926
vt 0.177642 0.0614377
vt 0.181107 0.0615549
vt 0.302332 0.150614
vt 0.298801 0.131711
vt 0.302393 0.131738
vt 0.985144 0.509429
vt 0.984083 0.509324
vt 0.982556 0.504214
vt 0.633379 0.319004
vt 0.634246 0.349894
vt 0.628768 0.350826
vt 0.269164 0.00137937
vt 0.272056 0.00562614
vt 0.267649 0.00362432
vt 0.625601 0.37204
vt 0.628954 0.368181
vt 0.629195 0.371908
vt 0.625601 0.37204
vt 0.625574 0.368305
vt 0.628954 0.368181
vt 0.840939 0.584391
vt 0.845777 0.586507
vt 0.841802 0.58757
vt 0.628585 0.363834
vt 0.632706 0.366789
vt 0.629037 0.367114
vt 0.162755 0.0544178
vt 0.162172 0.0469547
vt 0.165722 0.0467607
vt 0.160773 0.0880143
vt 0.157169 0.117109
vt 0.151938 0.114953
vt 0.203274 0.0402101
vt 0.202801 0.0347723
vt 0.203465 0.0347901
vt 0.422068 0.048887
vt 0.421959 0.0495945
vt 0.416885 0.0493326
vt 0.434512 0.0316422
vt 0.433476 0.0495942
vt 0.428062 0.0492509
vt 0.430087 0.0313802
vt 0.428062 0.0492509
vt 0.42277 0.0484169
vt 0.422068 0.048887
vt 0.416885 0.0493326
vt 0.416993 0.048618
vt 0.434512 0.0316422
vt 0.428062 0.0492509
vt 0.430087 0.0313802
vt 0.438864 0.0314866
vt 0.433476 0.0495942
vt 0.434512 0.0316422
vt 0.434512 0.0316422
vt 0.430087 0.0313802
vt 0.426173 0.0140629
vt 0.438864 0.0314866
vt 0.434512 0.0316422
vt 0.429654 0.0132875
vt 0.434512 0.0316422
vt 0.426173 0.0140629
vt 0.429654 0.0132875
vt 0.964082 0.403289
vt 0.966699 0.398245
vt 0.967285 0.402631
vt 0.438864 0.0314866
vt 0.429654 0.0132875
vt 0.433081 0.0122119
vt 0.967285 0.402631
vt 0.970146 0.397656
vt 0.970732 0.402042
vt 0.967285 0.402631
vt 0.966699 0.398245
vt 0.970146 0.397656
vt 0.970732 0.402042
vt 0.973705 0.397158
vt 0.974291 0.401544
vt 0.970732 0.402042
vt 0.970146 0.397656
vt 0.973705 0.397158
vt 0.976703 0.422054
vt 0.972316 0.421448
vt 0.970732 0.402042
vt 0.976703 0.422054
vt 0.970732 0.402042
vt 0.974291 0.401544
vt 0.976703 0.422054
vt 0.968742 0.438932
vt 0.972316 0.421448
vt 0.98106 0.422645
vt 0.974109 0.439706
vt 0.976703 0.422054
vt 0.976703 0.422054
vt 0.974109 0.439706
vt 0.968742 0.438932
vt 0.98106 0.422645
vt 0.976703 0.422054
vt 0.974291 0.401544
vt 0.98106 0.422645
vt 0.974291 0.401544
vt 0.977824 0.401156
vt 0.62802 0.0471044
vt 0.623989 0.0455948
vt 0.626996 0.0236077
vt 0.985221 0.423198
vt 0.979444 0.440462
vt 0.98106 0.422645
vt 0.98106 0.422645
vt 0.979444 0.440462
vt 0.974109 0.439706
vt 0.974291 0.401544
vt 0.977238 0.39677
vt 0.977824 0.401156
vt 0.977824 0.401156
vt 0.977238 0.39677
vt 0.980611 0.396506
vt 0.62802 0.0471044
vt 0.626996 0.0236077
vt 0.630311 0.0242203
vt 0.977824 0.401156
vt 0.980611 0.396506
vt 0.981196 0.400893
vt 0.630311 0.0242203
vt 0.630451 0.0200659
vt 0.633973 0.0204339
vt 0.627136 0.0194541
vt 0.630838 0.0177208
vt 0.630451 0.0200659
vt 0.630451 0.0200659
vt 0.63415 0.0180663
vt 0.633973 0.0204339
vt 0.630451 0.0200659
vt 0.630838 0.0177208
vt 0.63415 0.0180663
vt 0.915063 0.0259995
vt 0.919305 0.0280466
vt 0.915922 0.0292361
vt 0.627136 0.0194541
vt 0.627722 0.0171451
vt 0.630838 0.0177208
vt 0.914772 0.022634
vt 0.918601 0.0253935
vt 0.915063 0.0259995
vt 0.915063 0.0259995
vt 0.918601 0.0253935
vt 0.919305 0.0280466
vt 0.915922 0.0292361
vt 0.919305 0.0280466
vt 0.920449 0.0304927
vt 0.919305 0.0280466
vt 0.923648 0.0262663
vt 0.924416 0.0279087
vt 0.918601 0.0253935
vt 0.923648 0.0262663
vt 0.919305 0.0280466
vt 0.919305 0.0280466
vt 0.924416 0.0279087
vt 0.920449 0.0304927
vt 0.920449 0.0304927
vt 0.924416 0.0279087
vt 0.925449 0.0293469
vt 0.307463 0.024275
vt 0.312718 0.0225087
vt 0.308379 0.0258421
vt 0.308379 0.0258421
vt 0.312718 0.0225087
vt 0.313228 0.0230778
vt 0.308379 0.0258421
vt 0.313228 0.0230778
vt 0.309589 0.027192
vt 0.318023 0.0167197
vt 0.313228 0.0230778
vt 0.312718 0.0225087
vt 0.318023 0.0167197
vt 0.318637 0.0171756
vt 0.313228 0.0230778
vt 0.309589 0.027192
vt 0.313228 0.0230778
vt 0.313842 0.0235336
vt 0.318637 0.0171756
vt 0.313842 0.0235336
vt 0.313228 0.0230778
vt 0.318637 0.0171756
vt 0.319147 0.0177445
vt 0.313842 0.0235336
vt 0.319147 0.0177445
vt 0.314536 0.023859
vt 0.313842 0.0235336
vt 0.311044 0.0282727
vt 0.313842 0.0235336
vt 0.314536 0.023859
vt 0.309589 0.027192
vt 0.313842 0.0235336
vt 0.311044 0.0282727
vt 0.306638 0.0308152
vt 0.309589 0.027192
vt 0.311044 0.0282727
vt 0.308807 0.0324262
vt 0.311044 0.0282727
vt 0.312689 0.0290435
vt 0.311044 0.0282727
vt 0.314536 0.023859
vt 0.312689 0.0290435
vt 0.306638 0.0308152
vt 0.311044 0.0282727
vt 0.308807 0.0324262
vt 0.917317 0.0322209
vt 0.921989 0.0326376
vt 0.919194 0.0348362
vt 0.917317 0.0322209
vt 0.920449 0.0304927
vt 0.921989 0.0326376
vt 0.920449 0.0304927
vt 0.925449 0.0293469
vt 0.921989 0.0326376
vt 0.919194 0.0348362
vt 0.921989 0.0326376
vt 0.923864 0.0343971
vt 0.637568 0.0205439
vt 0.64085 0.0180262
vt 0.641097 0.0203907
vt 0.637568 0.0205439
vt 0.637532 0.0181692
vt 0.64085 0.0180262
vt 0.98922 0.696116
vt 0.991573 0.696449
vt 0.991227 0.699799
vt 0.919194 0.0348362
vt 0.923864 0.0343971
vt 0.921482 0.0369835
vt 0.307474 0.0353605
vt 0.308807 0.0324262
vt 0.31126 0.0335738
vt 0.98922 0.696116
vt 0.991227 0.699799
vt 0.988852 0.699679
vt 0.307474 0.0353605
vt 0.31126 0.0335738
vt 0.310466 0.0367609
vt 0.988852 0.699679
vt 0.991227 0.699799
vt 0.991227 0.703173
vt 0.989033 0.630732
vt 0.993176 0.634336
vt 0.988852 0.634286
vt 0.989033 0.630732
vt 0.993357 0.630782
vt 0.993176 0.634336
vt 0.487229 0.00681895
vt 0.487839 0.00238532
vt 0.491369 0.00286162
vt 0.988852 0.699679
vt 0.991227 0.703173
vt 0.988852 0.703265
vt 0.988852 0.703265
vt 0.991227 0.703173
vt 0.991574 0.706438
vt 0.49076 0.00729561
vt 0.491369 0.00286162
vt 0.494925 0.00335497
vt 0.487229 0.00681895
vt 0.491369 0.00286162
vt 0.49076 0.00729561
vt 0.988852 0.703265
vt 0.991574 0.706438
vt 0.98922 0.706738
vt 0.207287 0.00524634
vt 0.211249 0.00422674
vt 0.210435 0.00645947
vt 0.207287 0.00524634
vt 0.208289 0.00308472
vt 0.211249 0.00422674
vt 0.494316 0.00778812
vt 0.494925 0.00335497
vt 0.498371 0.00384617
vt 0.49076 0.00729561
vt 0.494925 0.00335497
vt 0.494316 0.00778812
vt 0.496539 0.0308102
vt 0.492219 0.0310733
vt 0.494316 0.00778812
vt 0.492219 0.0310733
vt 0.49076 0.00729561
vt 0.494316 0.00778812
vt 0.496539 0.0308102
vt 0.494316 0.00778812
vt 0.497761 0.00827956
vt 0.494316 0.00778812
vt 0.498371 0.00384617
vt 0.497761 0.00827956
vt 0.496539 0.0308102
vt 0.49308 0.0495257
vt 0.492219 0.0310733
vt 0.20842 0.0325149
vt 0.204166 0.032225
vt 0.209525 0.010519
vt 0.496539 0.0308102
vt 0.498371 0.0491729
vt 0.49308 0.0495257
vt 0.20842 0.0325149
vt 0.204166 0.0500546
vt 0.204166 0.032225
vt 0.20842 0.0325149
vt 0.209377 0.0503783
vt 0.204166 0.0500546
vt 0.64234 0.244219
vt 0.641563 0.238751
vt 0.642246 0.238781
vt 0.642246 0.238781
vt 0.641563 0.238751
vt 0.641323 0.23344
vt 0.642246 0.238781
vt 0.641323 0.23344
vt 0.641995 0.23345
vt 0.988983 0.482485
vt 0.987065 0.4776
vt 0.987915 0.477489
vt 0.987915 0.477489
vt 0.987065 0.4776
vt 0.985395 0.473232
vt 0.987915 0.477489
vt 0.985395 0.473232
vt 0.986193 0.472992
vt 0.243911 0.100612
vt 0.243258 0.100535
vt 0.243596 0.0952257
vt 0.244243 0.0952745
vt 0.243596 0.0952257
vt 0.243601 0.0898067
vt 0.243596 0.0952257
vt 0.24289 0.0897908
vt 0.243601 0.0898067
vt 0.243596 0.0952257
vt 0.242881 0.0950358
vt 0.24289 0.0897908
vt 0.243911 0.100612
vt 0.243596 0.0952257
vt 0.244243 0.0952745
vt 0.298123 0.0702615
vt 0.297593 0.0697752
vt 0.300749 0.0657276
vt 0.297593 0.0697752
vt 0.299851 0.0651636
vt 0.300749 0.0657276
vt 0.297593 0.0697752
vt 0.296876 0.0689768
vt 0.299851 0.0651636
vt 0.293755 0.0731115
vt 0.296876 0.0689768
vt 0.297593 0.0697752
vt 0.0444113 0.0647501
vt 0.0488899 0.062615
vt 0.0492466 0.0637977
vt 0.0394526 0.0647501
vt 0.0444221 0.0634956
vt 0.0444113 0.0647501
vt 0.0444113 0.0647501
vt 0.0444221 0.0634956
vt 0.0488899 0.062615
vt 0.293755 0.0731115
vt 0.293247 0.0721319
vt 0.296876 0.0689768
vt 0.0345405 0.0637786
vt 0.0398166 0.0634952
vt 0.0394526 0.0647501
vt 0.0394526 0.0647501
vt 0.0398166 0.0634952
vt 0.0444221 0.0634956
vt 0.919134 0.0413954
vt 0.914772 0.0383692
vt 0.915655 0.0376858
vt 0.919134 0.0413954
vt 0.918081 0.0418968
vt 0.914772 0.0383692
vt 0.0345405 0.0637786
vt 0.035217 0.0625865
vt 0.0398166 0.0634952
vt 0.92189 0.0457834
vt 0.918081 0.0418968
vt 0.919134 0.0413954
vt 0.92189 0.0457834
vt 0.92072 0.0460981
vt 0.918081 0.0418968
vt 0.0298631 0.0618517
vt 0.035217 0.0625865
vt 0.0345405 0.0637786
vt 0.923805 0.050683
vt 0.922565 0.0508156
vt 0.92072 0.0460981
vt 0.0256158 0.0590259
vt 0.0308012 0.0607674
vt 0.0298631 0.0618517
vt 0.923805 0.050683
vt 0.92072 0.0460981
vt 0.92189 0.0457834
vt 0.0298631 0.0618517
vt 0.0308012 0.0607674
vt 0.035217 0.0625865
vt 0.035217 0.0625865
vt 0.0308012 0.0607674
vt 0.0232605 0.0228579
vt 0.0308012 0.0607674
vt 0.0205799 0.0268098
vt 0.0232605 0.0228579
vt 0.0308012 0.0607674
vt 0.0186931 0.0312791
vt 0.0205799 0.0268098
vt 0.0256158 0.0590259
vt 0.0267591 0.0580793
vt 0.0308012 0.0607674
vt 0.0308012 0.0607674
vt 0.0267591 0.0580793
vt 0.0186931 0.0312791
vt 0.0191958 0.0264018
vt 0.0205799 0.0268098
vt 0.0186931 0.0312791
vt 0.0191958 0.0264018
vt 0.0186931 0.0312791
vt 0.0172134 0.0310996
vt 0.0172134 0.0310996
vt 0.0186931 0.0312791
vt 0.0177058 0.0360885
vt 0.0267591 0.0580793
vt 0.0177058 0.0360885
vt 0.0186931 0.0312791
vt 0.0210526 0.0217039
vt 0.0191958 0.0264018
vt 0.0180901 0.026071
vt 0.0210526 0.0217039
vt 0.0220334 0.0222184
vt 0.0191958 0.0264018
vt 0.0220334 0.0222184
vt 0.0205799 0.0268098
vt 0.0191958 0.0264018
vt 0.0180901 0.026071
vt 0.0191958 0.0264018
vt 0.0172134 0.0310996
vt 0.246519 0.0234554
vt 0.247385 0.0233488
vt 0.247378 0.0286101
vt 0.246519 0.0234554
vt 0.247378 0.0286101
vt 0.24651 0.0288455
vt 0.24651 0.0288455
vt 0.247378 0.0286101
vt 0.248143 0.0337208
vt 0.0180901 0.026071
vt 0.0172134 0.0310996
vt 0.0160322 0.0309466
vt 0.247315 0.0181007
vt 0.247385 0.0233488
vt 0.246519 0.0234554
vt 0.618879 0.256581
vt 0.619444 0.261941
vt 0.618734 0.262006
vt 0.618734 0.262006
vt 0.619444 0.261941
vt 0.619586 0.267323
vt 0.618879 0.256581
vt 0.619586 0.256542
vt 0.619444 0.261941
vt 0.39255 0.0185248
vt 0.394517 0.036563
vt 0.389089 0.0369704
vt 0.394517 0.036563
vt 0.389199 0.0376768
vt 0.389089 0.0369704
vt 0.388115 0.0188625
vt 0.389089 0.0369704
vt 0.383764 0.0372669
vt 0.39255 0.0185248
vt 0.389089 0.0369704
vt 0.388115 0.0188625
vt 0.396898 0.0181119
vt 0.39255 0.0185248
vt 0.392619 0.00734788
vt 0.396898 0.0181119
vt 0.394517 0.036563
vt 0.39255 0.0185248
vt 0.39255 0.0185248
vt 0.389023 0.00730425
vt 0.392619 0.00734788
vt 0.39255 0.0185248
vt 0.388115 0.0188625
vt 0.389023 0.00730425
vt 0.899671 0.0163703
vt 0.895265 0.0128025
vt 0.899576 0.0127864
vt 0.899671 0.0163703
vt 0.89536 0.0163862
vt 0.895265 0.0128025
vt 0.396898 0.0181119
vt 0.392619 0.00734788
vt 0.396138 0.00712115
vt 0.994492 0.344427
vt 0.997581 0.339671
vt 0.997966 0.344131
vt 0.990886 0.14236
vt 0.988258 0.139164
vt 0.990616 0.138845
vt 0.990886 0.14236
vt 0.988511 0.14247
vt 0.988258 0.139164
vt 0.990886 0.145956
vt 0.988511 0.14247
vt 0.990886 0.14236
vt 0.994492 0.344427
vt 0.994106 0.339968
vt 0.997581 0.339671
vt 0.990886 0.145956
vt 0.988511 0.145852
vt 0.988511 0.14247
vt 0.990616 0.149495
vt 0.988511 0.145852
vt 0.990886 0.145956
vt 0.990914 0.344736
vt 0.994106 0.339968
vt 0.994492 0.344427
vt 0.990914 0.344736
vt 0.990528 0.340277
vt 0.994106 0.339968
vt 0.987368 0.345045
vt 0.990528 0.340277
vt 0.990914 0.344736
vt 0.987368 0.345045
vt 0.986983 0.340586
vt 0.990528 0.340277
vt 0.990086 0.152839
vt 0.988256 0.14918
vt 0.990616 0.149495
vt 0.990616 0.149495
vt 0.988256 0.14918
vt 0.988511 0.145852
vt 0.303471 0.0145817
vt 0.299383 0.0126147
vt 0.30273 0.0113932
vt 0.303471 0.0145817
vt 0.299991 0.0152284
vt 0.299383 0.0126147
vt 0.303722 0.0179272
vt 0.299991 0.0152284
vt 0.303471 0.0145817
vt 0.990086 0.152839
vt 0.987759 0.152326
vt 0.988256 0.14918
vt 0.303722 0.0179272
vt 0.300196 0.0179706
vt 0.299991 0.0152284
vt 0.303472 0.0213001
vt 0.300196 0.0179706
vt 0.303722 0.0179272
vt 0.30567 0.0215703
vt 0.303722 0.0179272
vt 0.305937 0.017984
vt 0.30567 0.0215703
vt 0.303472 0.0213001
vt 0.303722 0.0179272
vt 0.303472 0.0213001
vt 0.299991 0.0207366
vt 0.300196 0.0179706
vt 0.292544 0.0481311
vt 0.290341 0.0481364
vt 0.290341 0.0447792
vt 0.30273 0.0245715
vt 0.299991 0.0207366
vt 0.303472 0.0213001
vt 0.304882 0.0250489
vt 0.303472 0.0213001
vt 0.30567 0.0215703
vt 0.329965 0.022313
vt 0.325363 0.0196512
vt 0.330148 0.0195777
vt 0.329965 0.022313
vt 0.325241 0.0214868
vt 0.325363 0.0196512
vt 0.329253 0.0249733
vt 0.325241 0.0214868
vt 0.329965 0.022313
vt 0.30273 0.0245715
vt 0.299383 0.0234178
vt 0.299991 0.0207366
vt 0.301527 0.0276161
vt 0.298396 0.0259141
vt 0.299383 0.0234178
vt 0.328039 0.027458
vt 0.324763 0.0232728
vt 0.329253 0.0249733
vt 0.301527 0.0276161
vt 0.299383 0.0234178
vt 0.30273 0.0245715
vt 0.329253 0.0249733
vt 0.324763 0.0232728
vt 0.325241 0.0214868
vt 0.324763 0.0232728
vt 0.319627 0.0214249
vt 0.319829 0.0206717
vt 0.323948 0.02494
vt 0.319627 0.0214249
vt 0.324763 0.0232728
vt 0.328039 0.027458
vt 0.323948 0.02494
vt 0.324763 0.0232728
vt 0.324763 0.0232728
vt 0.319829 0.0206717
vt 0.325241 0.0214868
vt 0.325241 0.0214868
vt 0.319829 0.0206717
vt 0.319881 0.0198983
vt 0.319881 0.0198983
vt 0.319829 0.0206717
vt 0.316824 0.0239512
vt 0.319829 0.0206717
vt 0.317558 0.0236833
vt 0.316824 0.0239512
vt 0.319829 0.0206717
vt 0.319627 0.0214249
vt 0.317558 0.0236833
vt 0.319627 0.0214249
vt 0.318229 0.0232792
vt 0.317558 0.0236833
vt 0.319854 0.0286282
vt 0.317558 0.0236833
vt 0.318229 0.0232792
vt 0.318115 0.0292628
vt 0.317558 0.0236833
vt 0.319854 0.0286282
vt 0.318115 0.0292628
vt 0.316824 0.0239512
vt 0.317558 0.0236833
vt 0.319854 0.0286282
vt 0.318229 0.0232792
vt 0.321446 0.0276695
vt 0.321938 0.0329555
vt 0.319854 0.0286282
vt 0.321446 0.0276695
vt 0.319346 0.0339004
vt 0.319854 0.0286282
vt 0.321938 0.0329555
vt 0.319346 0.0339004
vt 0.318115 0.0292628
vt 0.319854 0.0286282
vt 0.323492 0.0360052
vt 0.321938 0.0329555
vt 0.32431 0.0315275
vt 0.321938 0.0329555
vt 0.321446 0.0276695
vt 0.32431 0.0315275
vt 0.32033 0.0371584
vt 0.321938 0.0329555
vt 0.323492 0.0360052
vt 0.32033 0.0371584
vt 0.319346 0.0339004
vt 0.321938 0.0329555
vt 0.21383 0.00747246
vt 0.217747 0.00590503
vt 0.217343 0.00824457
vt 0.21383 0.00747246
vt 0.214443 0.00517827
vt 0.217747 0.00590503
vt 0.217343 0.00824457
vt 0.217747 0.00590503
vt 0.221033 0.00637913
vt 0.323492 0.0360052
vt 0.32431 0.0315275
vt 0.326385 0.034264
vt 0.217343 0.00824457
vt 0.221033 0.00637913
vt 0.220838 0.00874847
vt 0.624107 0.0128747
vt 0.628202 0.0164027
vt 0.623988 0.0164438
vt 0.624107 0.0128747
vt 0.628321 0.0128335
vt 0.628202 0.0164027
vt 0.216432 0.0123042
vt 0.217343 0.00824457
vt 0.220838 0.00874847
vt 0.212826 0.0323725
vt 0.212921 0.0115311
vt 0.216432 0.0123042
vt 0.217216 0.0318035
vt 0.216432 0.0123042
vt 0.219927 0.0128081
vt 0.216432 0.0123042
vt 0.220838 0.00874847
vt 0.219927 0.0128081
vt 0.217216 0.0318035
vt 0.212826 0.0323725
vt 0.216432 0.0123042
vt 0.22142 0.0308311
vt 0.217216 0.0318035
vt 0.219927 0.0128081
vt 0.22142 0.0308311
vt 0.220142 0.0494456
vt 0.217216 0.0318035
vt 0.217216 0.0318035
vt 0.214772 0.0501713
vt 0.212826 0.0323725
vt 0.217216 0.0318035
vt 0.220142 0.0494456
vt 0.214772 0.0501713
vt 0.64204 0.254582
vt 0.641564 0.249506
vt 0.642271 0.249554
vt 0.64204 0.254582
vt 0.641323 0.254531
vt 0.641564 0.249506
vt 0.22142 0.0308311
vt 0.225282 0.0482317
vt 0.220142 0.0494456
vt 0.967673 0.265107
vt 0.963297 0.267183
vt 0.96305 0.266513
vt 0.968456 0.246638
vt 0.967673 0.265107
vt 0.96436 0.247829
vt 0.968456 0.246638
vt 0.972681 0.263635
vt 0.967673 0.265107
vt 0.967673 0.265107
vt 0.967922 0.265786
vt 0.963297 0.267183
vt 0.972681 0.263635
vt 0.967922 0.265786
vt 0.967673 0.265107
vt 0.922851 0.0716925
vt 0.923882 0.0664839
vt 0.924759 0.0666779
vt 0.986256 0.503486
vt 0.985395 0.503102
vt 0.987081 0.498189
vt 0.986256 0.503486
vt 0.987081 0.498189
vt 0.987964 0.498497
vt 0.972681 0.263635
vt 0.97293 0.26432
vt 0.967922 0.265786
vt 0.977881 0.262151
vt 0.978131 0.26284
vt 0.97293 0.26432
vt 0.920068 0.0762072
vt 0.922002 0.0714235
vt 0.922851 0.0716925
vt 0.977881 0.262151
vt 0.97293 0.26432
vt 0.972681 0.263635
vt 0.922851 0.0716925
vt 0.922002 0.0714235
vt 0.923882 0.0664839
vt 0.919264 0.0758661
vt 0.920806 0.0709402
vt 0.922002 0.0714235
vt 0.922002 0.0714235
vt 0.920806 0.0709402
vt 0.922633 0.0661402
vt 0.920068 0.0762072
vt 0.919264 0.0758661
vt 0.922002 0.0714235
vt 0.922002 0.0714235
vt 0.922633 0.0661402
vt 0.923882 0.0664839
vt 0.24729 0.0340618
vt 0.248143 0.0337208
vt 0.249656 0.0384768
vt 0.915776 0.0796381
vt 0.918147 0.0752504
vt 0.919264 0.0758661
vt 0.24729 0.0340618
vt 0.249656 0.0384768
vt 0.248832 0.0389047
vt 0.919264 0.0758661
vt 0.918147 0.0752504
vt 0.920806 0.0709402
vt 0.915776 0.0796381
vt 0.914772 0.0788999
vt 0.918147 0.0752504
vt 0.0161803 0.0361254
vt 0.0176826 0.0410346
vt 0.0161549 0.0412771
vt 0.0161803 0.0361254
vt 0.0177058 0.0360885
vt 0.0176826 0.0410346
vt 0.0172134 0.0310996
vt 0.0177058 0.0360885
vt 0.0161803 0.0361254
vt 0.0232809 0.0546116
vt 0.0176826 0.0410346
vt 0.0177058 0.0360885
vt 0.0232809 0.0546116
vt 0.0205295 0.0504988
vt 0.0176826 0.0410346
vt 0.0205295 0.0504988
vt 0.0186354 0.0459094
vt 0.0176826 0.0410346
vt 0.0161549 0.0412771
vt 0.0176826 0.0410346
vt 0.0186354 0.0459094
vt 0.0191155 0.0511155
vt 0.0232809 0.0546116
vt 0.021981 0.0554001
vt 0.021981 0.0554001
vt 0.0232809 0.0546116
vt 0.0267591 0.0580793
vt 0.0267591 0.0580793
vt 0.0232809 0.0546116
vt 0.0177058 0.0360885
vt 0.0191155 0.0511155
vt 0.0205295 0.0504988
vt 0.0232809 0.0546116
vt 0.923882 0.0664839
vt 0.922633 0.0661402
vt 0.92355 0.0610461
vt 0.0171467 0.0463429
vt 0.0205295 0.0504988
vt 0.0191155 0.0511155
vt 0.923882 0.0664839
vt 0.92355 0.0610461
vt 0.924827 0.0612413
vt 0.924827 0.0612413
vt 0.92355 0.0610461
vt 0.923524 0.0558674
vt 0.9248 0.0559037
vt 0.923524 0.0558674
vt 0.922565 0.0508156
vt 0.021981 0.0554001
vt 0.0267591 0.0580793
vt 0.0256158 0.0590259
vt 0.924827 0.0612413
vt 0.923524 0.0558674
vt 0.9248 0.0559037
vt 0.98901 0.493197
vt 0.988114 0.492975
vt 0.988458 0.487666
vt 0.9248 0.0559037
vt 0.922565 0.0508156
vt 0.923805 0.050683
vt 0.987964 0.498497
vt 0.988114 0.492975
vt 0.98901 0.493197
vt 0.987964 0.498497
vt 0.987081 0.498189
vt 0.988114 0.492975
vt 0.0171467 0.0463429
vt 0.0186354 0.0459094
vt 0.0205295 0.0504988
vt 0.0161549 0.0412771
vt 0.0186354 0.0459094
vt 0.0171467 0.0463429
vt 0.24651 0.0288455
vt 0.248143 0.0337208
vt 0.24729 0.0340618
vt 0.988068 0.259375
vt 0.983321 0.261404
vt 0.983078 0.260714
vt 0.983078 0.260714
vt 0.983321 0.261404
vt 0.978131 0.26284
vt 0.988068 0.259375
vt 0.988302 0.260066
vt 0.983321 0.261404
vt 0.995985 0.375575
vt 0.992332 0.393267
vt 0.991549 0.375831
vt 0.995985 0.375575
vt 0.997759 0.392961
vt 0.992332 0.393267
vt 0.618734 0.262006
vt 0.619586 0.267323
vt 0.618873 0.267403
vt 0.991549 0.375831
vt 0.992332 0.393267
vt 0.986981 0.392948
vt 0.991217 0.356551
vt 0.986983 0.357791
vt 0.987368 0.345045
vt 0.981031 0.243161
vt 0.976879 0.230234
vt 0.980295 0.230206
vt 0.981031 0.243161
vt 0.976954 0.244259
vt 0.976879 0.230234
vt 0.991549 0.375831
vt 0.986981 0.392948
vt 0.987177 0.375575
vt 0.976954 0.244259
vt 0.972708 0.245432
vt 0.973311 0.230204
vt 0.976954 0.244259
vt 0.977881 0.262151
vt 0.972708 0.245432
vt 0.976954 0.244259
vt 0.983078 0.260714
vt 0.977881 0.262151
vt 0.976954 0.244259
vt 0.973311 0.230204
vt 0.976879 0.230234
vt 0.973311 0.230204
vt 0.976964 0.225774
vt 0.976879 0.230234
vt 0.969724 0.230114
vt 0.973394 0.225743
vt 0.973311 0.230204
vt 0.973311 0.230204
vt 0.973394 0.225743
vt 0.976964 0.225774
vt 0.972708 0.245432
vt 0.969724 0.230114
vt 0.973311 0.230204
vt 0.969724 0.230114
vt 0.969809 0.225654
vt 0.973394 0.225743
vt 0.96626 0.229971
vt 0.969809 0.225654
vt 0.969724 0.230114
vt 0.968456 0.246638
vt 0.96626 0.229971
vt 0.969724 0.230114
vt 0.972708 0.245432
vt 0.968456 0.246638
vt 0.969724 0.230114
vt 0.22142 0.0308311
vt 0.219927 0.0128081
vt 0.223269 0.0130225
vt 0.96305 0.229778
vt 0.966344 0.22551
vt 0.96626 0.229971
vt 0.96626 0.229971
vt 0.966344 0.22551
vt 0.969809 0.225654
vt 0.968456 0.246638
vt 0.96436 0.247829
vt 0.96626 0.229971
vt 0.914071 0.0128071
vt 0.911561 0.00944096
vt 0.913824 0.00922716
vt 0.914071 0.0128071
vt 0.911792 0.0128084
vt 0.911561 0.00944096
vt 0.913825 0.016386
vt 0.911792 0.0128084
vt 0.914071 0.0128071
vt 0.96305 0.229778
vt 0.963134 0.225318
vt 0.966344 0.22551
vt 0.913825 0.016386
vt 0.911562 0.0161735
vt 0.911792 0.0128084
vt 0.911562 0.0161735
vt 0.908333 0.0128077
vt 0.911792 0.0128084
vt 0.911792 0.0128084
vt 0.908142 0.0100472
vt 0.911561 0.00944096
vt 0.911792 0.0128084
vt 0.908333 0.0128077
vt 0.908142 0.0100472
vt 0.911562 0.0161735
vt 0.908142 0.0155672
vt 0.908333 0.0128077
vt 0.32431 0.0315275
vt 0.322829 0.0264247
vt 0.326369 0.0296711
vt 0.326369 0.0296711
vt 0.323948 0.02494
vt 0.328039 0.027458
vt 0.326369 0.0296711
vt 0.322829 0.0264247
vt 0.323948 0.02494
vt 0.322829 0.0264247
vt 0.319284 0.0221281
vt 0.323948 0.02494
vt 0.322829 0.0264247
vt 0.318812 0.0227545
vt 0.319284 0.0221281
vt 0.321446 0.0276695
vt 0.318812 0.0227545
vt 0.322829 0.0264247
vt 0.32431 0.0315275
vt 0.321446 0.0276695
vt 0.322829 0.0264247
vt 0.321446 0.0276695
vt 0.318229 0.0232792
vt 0.318812 0.0227545
vt 0.319284 0.0221281
vt 0.318812 0.0227545
vt 0.318229 0.0232792
vt 0.323948 0.02494
vt 0.319284 0.0221281
vt 0.319627 0.0214249
vt 0.319627 0.0214249
vt 0.319284 0.0221281
vt 0.318229 0.0232792
vt 0.913824 0.00922716
vt 0.911561 0.00944096
vt 0.910872 0.00620371
vt 0.913824 0.00922716
vt 0.910872 0.00620371
vt 0.913093 0.00578439
vt 0.972708 0.245432
vt 0.972681 0.263635
vt 0.968456 0.246638
vt 0.972708 0.245432
vt 0.977881 0.262151
vt 0.972681 0.263635
vt 0.976879 0.230234
vt 0.98038 0.225745
vt 0.980295 0.230206
vt 0.976879 0.230234
vt 0.976964 0.225774
vt 0.98038 0.225745
vt 0.991217 0.356551
vt 0.987368 0.345045
vt 0.990914 0.344736
vt 0.388115 0.0188625
vt 0.383764 0.0372669
vt 0.383764 0.0191115
vt 0.388115 0.0188625
vt 0.383764 0.0191115
vt 0.385489 0.00699103
vt 0.983078 0.260714
vt 0.978131 0.26284
vt 0.977881 0.262151
vt 0.98901 0.493197
vt 0.988458 0.487666
vt 0.989353 0.487791
vt 0.642271 0.249554
vt 0.641564 0.249506
vt 0.641645 0.244176
vt 0.989353 0.487791
vt 0.988458 0.487666
vt 0.988101 0.482474
vt 0.64234 0.244219
vt 0.641645 0.244176
vt 0.641563 0.238751
vt 0.989353 0.487791
vt 0.988101 0.482474
vt 0.988983 0.482485
vt 0.642271 0.249554
vt 0.641645 0.244176
vt 0.64234 0.244219
vt 0.212826 0.0323725
vt 0.214772 0.0501713
vt 0.209377 0.0503783
vt 0.212826 0.0323725
vt 0.20842 0.0325149
vt 0.212921 0.0115311
vt 0.212826 0.0323725
vt 0.209377 0.0503783
vt 0.20842 0.0325149
vt 0.623988 0.00928783
vt 0.628321 0.0128335
vt 0.624107 0.0128747
vt 0.20842 0.0325149
vt 0.209525 0.010519
vt 0.212921 0.0115311
vt 0.210435 0.00645947
vt 0.214443 0.00517827
vt 0.21383 0.00747246
vt 0.623988 0.00928783
vt 0.628202 0.00924671
vt 0.628321 0.0128335
vt 0.210435 0.00645947
vt 0.211249 0.00422674
vt 0.214443 0.00517827
vt 0.317019 0.0376776
vt 0.319346 0.0339004
vt 0.32033 0.0371584
vt 0.317019 0.0376776
vt 0.316632 0.0343257
vt 0.319346 0.0339004
vt 0.316632 0.0343257
vt 0.318115 0.0292628
vt 0.319346 0.0339004
vt 0.316632 0.0343257
vt 0.316295 0.0295476
vt 0.318115 0.0292628
vt 0.313689 0.0375432
vt 0.316632 0.0343257
vt 0.317019 0.0376776
vt 0.313689 0.0375432
vt 0.313902 0.0342162
vt 0.316632 0.0343257
vt 0.313902 0.0342162
vt 0.316295 0.0295476
vt 0.316632 0.0343257
vt 0.313902 0.0342162
vt 0.314462 0.029474
vt 0.316295 0.0295476
vt 0.316295 0.0295476
vt 0.316056 0.024071
vt 0.316824 0.0239512
vt 0.314462 0.029474
vt 0.316056 0.024071
vt 0.316295 0.0295476
vt 0.316295 0.0295476
vt 0.316824 0.0239512
vt 0.318115 0.0292628
vt 0.31126 0.0335738
vt 0.312689 0.0290435
vt 0.314462 0.029474
vt 0.312689 0.0290435
vt 0.315284 0.0240402
vt 0.314462 0.029474
vt 0.314462 0.029474
vt 0.315284 0.0240402
vt 0.316056 0.024071
vt 0.31126 0.0335738
vt 0.314462 0.029474
vt 0.313902 0.0342162
vt 0.319533 0.0184047
vt 0.319781 0.0191327
vt 0.315284 0.0240402
vt 0.319781 0.0191327
vt 0.316056 0.024071
vt 0.315284 0.0240402
vt 0.312689 0.0290435
vt 0.314536 0.023859
vt 0.315284 0.0240402
vt 0.319533 0.0184047
vt 0.315284 0.0240402
vt 0.314536 0.023859
vt 0.324538 0.0161132
vt 0.319533 0.0184047
vt 0.319147 0.0177445
vt 0.319147 0.0177445
vt 0.319533 0.0184047
vt 0.314536 0.023859
vt 0.325126 0.0178376
vt 0.319781 0.0191327
vt 0.319533 0.0184047
vt 0.325126 0.0178376
vt 0.319533 0.0184047
vt 0.324538 0.0161132
vt 0.330148 0.0195777
vt 0.325363 0.0196512
vt 0.325126 0.0178376
vt 0.325363 0.0196512
vt 0.319781 0.0191327
vt 0.325126 0.0178376
vt 0.329794 0.0168739
vt 0.325126 0.0178376
vt 0.324538 0.0161132
vt 0.330148 0.0195777
vt 0.325126 0.0178376
vt 0.329794 0.0168739
vt 0.329794 0.0168739
vt 0.324538 0.0161132
vt 0.328918 0.0143048
vt 0.328918 0.0143048
vt 0.324538 0.0161132
vt 0.323623 0.0145464
vt 0.324538 0.0161132
vt 0.319147 0.0177445
vt 0.323623 0.0145464
vt 0.323623 0.0145464
vt 0.318637 0.0171756
vt 0.322414 0.0131965
vt 0.323623 0.0145464
vt 0.319147 0.0177445
vt 0.318637 0.0171756
vt 0.327553 0.0119706
vt 0.323623 0.0145464
vt 0.322414 0.0131965
vt 0.328918 0.0143048
vt 0.323623 0.0145464
vt 0.327553 0.0119706
vt 0.327553 0.0119706
vt 0.322414 0.0131965
vt 0.325752 0.00995845
vt 0.00488989 0.0253294
vt 0.00205407 0.0231254
vt 0.00347489 0.0209159
vt 0.30273 0.0113932
vt 0.298396 0.0102297
vt 0.301526 0.00848395
vt 0.30273 0.0113932
vt 0.299383 0.0126147
vt 0.298396 0.0102297
vt 0.325752 0.00995845
vt 0.322414 0.0131965
vt 0.320959 0.0121144
vt 0.00488989 0.0253294
vt 0.00347489 0.0209159
vt 0.00662345 0.0226346
vt 0.00662345 0.0226346
vt 0.00347489 0.0209159
vt 0.00453199 0.0184239
vt 0.325752 0.00995845
vt 0.320959 0.0121144
vt 0.323584 0.00834709
vt 0.320959 0.0121144
vt 0.31733 0.0163943
vt 0.319313 0.011345
vt 0.320959 0.0121144
vt 0.318023 0.0167197
vt 0.31733 0.0163943
vt 0.00453199 0.0184239
vt 0.000350696 0.0167535
vt 0.000786899 0.0149549
vt 0.322414 0.0131965
vt 0.318023 0.0167197
vt 0.320959 0.0121144
vt 0.0051818 0.0157432
vt 0.000786899 0.0149549
vt 0.000934775 0.0131009
vt 0.319313 0.011345
vt 0.316581 0.0162132
vt 0.31754 0.0109148
vt 0.00453199 0.0184239
vt 0.000786899 0.0149549
vt 0.0051818 0.0157432
vt 0.319313 0.011345
vt 0.31733 0.0163943
vt 0.316581 0.0162132
vt 0.31754 0.0109148
vt 0.316581 0.0162132
vt 0.315809 0.0161812
vt 0.315809 0.0161812
vt 0.316581 0.0162132
vt 0.312084 0.0211204
vt 0.316581 0.0162132
vt 0.312332 0.0218478
vt 0.312084 0.0211204
vt 0.316581 0.0162132
vt 0.31733 0.0163943
vt 0.312332 0.0218478
vt 0.31733 0.0163943
vt 0.312718 0.0225087
vt 0.312332 0.0218478
vt 0.307463 0.024275
vt 0.312332 0.0218478
vt 0.312718 0.0225087
vt 0.306875 0.0225518
vt 0.312084 0.0211204
vt 0.312332 0.0218478
vt 0.306875 0.0225518
vt 0.312332 0.0218478
vt 0.307463 0.024275
vt 0.918601 0.0253935
vt 0.923176 0.0244864
vt 0.923648 0.0262663
vt 0.918363 0.0226332
vt 0.923016 0.0226337
vt 0.923176 0.0244864
vt 0.306638 0.0207371
vt 0.312084 0.0211204
vt 0.306875 0.0225518
vt 0.918363 0.0226332
vt 0.923176 0.0244864
vt 0.918601 0.0253935
vt 0.914772 0.022634
vt 0.918363 0.0226332
vt 0.918601 0.0253935
vt 0.915062 0.0192668
vt 0.918363 0.0226332
vt 0.914772 0.022634
vt 0.915062 0.0192668
vt 0.918601 0.0198735
vt 0.918363 0.0226332
vt 0.918601 0.0198735
vt 0.923016 0.0226337
vt 0.918363 0.0226332
vt 0.987759 0.110023
vt 0.99014 0.109914
vt 0.990424 0.113197
vt 0.915922 0.0160312
vt 0.918601 0.0198735
vt 0.915062 0.0192668
vt 0.988061 0.113516
vt 0.990424 0.113197
vt 0.990981 0.116261
vt 0.987759 0.110023
vt 0.990424 0.113197
vt 0.988061 0.113516
vt 0.915922 0.0160312
vt 0.919305 0.0172199
vt 0.918601 0.0198735
vt 0.995589 0.722394
vt 0.991058 0.721445
vt 0.994059 0.719478
vt 0.987758 0.106431
vt 0.99014 0.109914
vt 0.987759 0.110023
vt 0.987758 0.106431
vt 0.99014 0.106535
vt 0.99014 0.109914
vt 0.98806 0.102877
vt 0.99014 0.106535
vt 0.987758 0.106431
vt 0.98806 0.102877
vt 0.990424 0.103192
vt 0.99014 0.106535
vt 0.996643 0.725584
vt 0.992313 0.723836
vt 0.995589 0.722394
vt 0.995589 0.722394
vt 0.992313 0.723836
vt 0.991058 0.721445
vt 0.996643 0.725584
vt 0.993177 0.726451
vt 0.992313 0.723836
vt 0.921989 0.0126327
vt 0.924416 0.0173617
vt 0.920449 0.014775
vt 0.920449 0.014775
vt 0.923648 0.0190017
vt 0.919305 0.0172199
vt 0.920449 0.014775
vt 0.924416 0.0173617
vt 0.923648 0.0190017
vt 0.308054 0.0154486
vt 0.312237 0.0188284
vt 0.307239 0.0171161
vt 0.919305 0.0172199
vt 0.923648 0.0190017
vt 0.923176 0.0207821
vt 0.307239 0.0171161
vt 0.312036 0.0195816
vt 0.306761 0.0189009
vt 0.307239 0.0171161
vt 0.312237 0.0188284
vt 0.312036 0.0195816
vt 0.314307 0.0165694
vt 0.315041 0.0163019
vt 0.312036 0.0195816
vt 0.315041 0.0163019
vt 0.311985 0.020355
vt 0.312036 0.0195816
vt 0.306761 0.0189009
vt 0.312036 0.0195816
vt 0.311985 0.020355
vt 0.314307 0.0165694
vt 0.312036 0.0195816
vt 0.312237 0.0188284
vt 0.312147 0.0117601
vt 0.314307 0.0165694
vt 0.313637 0.016973
vt 0.313887 0.0111252
vt 0.314307 0.0165694
vt 0.312147 0.0117601
vt 0.313637 0.016973
vt 0.314307 0.0165694
vt 0.312237 0.0188284
vt 0.313887 0.0111252
vt 0.315041 0.0163019
vt 0.314307 0.0165694
vt 0.993176 0.734612
vt 0.988852 0.733091
vt 0.989148 0.7313
vt 0.0051827 0.0102371
vt 0.000350696 0.00950533
vt 0.00453213 0.00762212
vt 0.0051827 0.0102371
vt 0.000787528 0.0112598
vt 0.000350696 0.00950533
vt 0.315708 0.0108403
vt 0.315041 0.0163019
vt 0.313887 0.0111252
vt 0.00870496 0.00960857
vt 0.0051827 0.0102371
vt 0.00453213 0.00762212
vt 0.00897294 0.0129532
vt 0.0051827 0.0102371
vt 0.00870496 0.00960857
vt 0.00897294 0.0129532
vt 0.00540156 0.0129799
vt 0.0051827 0.0102371
vt 0.00540156 0.0129799
vt 0.000787528 0.0112598
vt 0.0051827 0.0102371
vt 0.00540156 0.0129799
vt 0.000934775 0.0131009
vt 0.000787528 0.0112598
vt 0.00870516 0.0163252
vt 0.00540156 0.0129799
vt 0.00897294 0.0129532
vt 0.00870516 0.0163252
vt 0.0051818 0.0157432
vt 0.00540156 0.0129799
vt 0.0051818 0.0157432
vt 0.000934775 0.0131009
vt 0.00540156 0.0129799
vt 0.859537 0.574204
vt 0.859292 0.571953
vt 0.862633 0.571532
vt 0.855976 0.574544
vt 0.859292 0.571953
vt 0.859537 0.574204
vt 0.855976 0.574544
vt 0.855942 0.572273
vt 0.859292 0.571953
vt 0.00791159 0.0195938
vt 0.0051818 0.0157432
vt 0.00870516 0.0163252
vt 0.990616 0.138845
vt 0.987759 0.13606
vt 0.990086 0.135544
vt 0.00791159 0.0195938
vt 0.00453199 0.0184239
vt 0.0051818 0.0157432
vt 0.00662345 0.0226346
vt 0.00453199 0.0184239
vt 0.00791159 0.0195938
vt 0.990616 0.138845
vt 0.988258 0.139164
vt 0.987759 0.13606
vt 0.899576 0.0127864
vt 0.895361 0.00922859
vt 0.899671 0.00921208
vt 0.856467 0.578938
vt 0.855976 0.574544
vt 0.859537 0.574204
vt 0.899576 0.0127864
vt 0.895265 0.0128025
vt 0.895361 0.00922859
vt 0.857287 0.59005
vt 0.853034 0.579157
vt 0.856467 0.578938
vt 0.861711 0.590032
vt 0.856467 0.578938
vt 0.860028 0.578599
vt 0.856467 0.578938
vt 0.859537 0.574204
vt 0.860028 0.578599
vt 0.861711 0.590032
vt 0.857287 0.59005
vt 0.856467 0.578938
vt 0.866137 0.59013
vt 0.861711 0.590032
vt 0.860028 0.578599
vt 0.802264 0.581193
vt 0.819336 0.587
vt 0.802002 0.58563
vt 0.802264 0.581193
vt 0.819652 0.581571
vt 0.819336 0.587
vt 0.802002 0.576785
vt 0.819652 0.581571
vt 0.802264 0.581193
vt 0.870394 0.590341
vt 0.866137 0.59013
vt 0.863582 0.578149
vt 0.801223 0.572575
vt 0.819322 0.576176
vt 0.802002 0.576785
vt 0.802002 0.576785
vt 0.819322 0.576176
vt 0.819652 0.581571
vt 0.866137 0.59013
vt 0.860028 0.578599
vt 0.863582 0.578149
vt 0.870394 0.590341
vt 0.863582 0.578149
vt 0.866991 0.577608
vt 0.863582 0.578149
vt 0.866499 0.573214
vt 0.866991 0.577608
vt 0.863582 0.578149
vt 0.863091 0.573755
vt 0.866499 0.573214
vt 0.860028 0.578599
vt 0.863091 0.573755
vt 0.863582 0.578149
vt 0.400993 0.0125854
vt 0.404091 0.00972241
vt 0.404418 0.0119799
vt 0.400993 0.0125854
vt 0.40087 0.0102913
vt 0.404091 0.00972241
vt 0.401958 0.0168869
vt 0.400993 0.0125854
vt 0.404418 0.0119799
vt 0.863091 0.573755
vt 0.865839 0.571023
vt 0.866499 0.573214
vt 0.404418 0.0119799
vt 0.407393 0.0090186
vt 0.407928 0.0112323
vt 0.404418 0.0119799
vt 0.404091 0.00972241
vt 0.407393 0.0090186
vt 0.405384 0.0162812
vt 0.404418 0.0119799
vt 0.407928 0.0112323
vt 0.401958 0.0168869
vt 0.404418 0.0119799
vt 0.405384 0.0162812
vt 0.408894 0.015533
vt 0.407928 0.0112323
vt 0.411388 0.0103707
vt 0.407928 0.0112323
vt 0.410648 0.00820863
vt 0.411388 0.0103707
vt 0.405384 0.0162812
vt 0.407928 0.0112323
vt 0.408894 0.015533
vt 0.407928 0.0112323
vt 0.407393 0.0090186
vt 0.410648 0.00820863
vt 0.988653 0.0994972
vt 0.990981 0.100013
vt 0.990424 0.103192
vt 0.99718 0.728922
vt 0.993177 0.726451
vt 0.996643 0.725584
vt 0.99718 0.732284
vt 0.993617 0.729189
vt 0.99718 0.728922
vt 0.99718 0.728922
vt 0.993617 0.729189
vt 0.993177 0.726451
vt 0.993617 0.729189
vt 0.988853 0.727615
vt 0.993177 0.726451
vt 0.99718 0.732284
vt 0.993617 0.731945
vt 0.993617 0.729189
vt 0.993617 0.731945
vt 0.989148 0.729452
vt 0.993617 0.729189
vt 0.993617 0.729189
vt 0.989148 0.729452
vt 0.988853 0.727615
vt 0.310556 0.0127176
vt 0.313054 0.0174987
vt 0.309174 0.0139635
vt 0.993617 0.731945
vt 0.989148 0.7313
vt 0.989148 0.729452
vt 0.312147 0.0117601
vt 0.313637 0.016973
vt 0.310556 0.0127176
vt 0.310556 0.0127176
vt 0.313637 0.016973
vt 0.313054 0.0174987
vt 0.309174 0.0139635
vt 0.313054 0.0174987
vt 0.312581 0.0181249
vt 0.312581 0.0181249
vt 0.313054 0.0174987
vt 0.313637 0.016973
vt 0.309174 0.0139635
vt 0.312581 0.0181249
vt 0.308054 0.0154486
vt 0.313637 0.016973
vt 0.312237 0.0188284
vt 0.312581 0.0181249
vt 0.308054 0.0154486
vt 0.312581 0.0181249
vt 0.312237 0.0188284
vt 0.921989 0.0126327
vt 0.925449 0.015924
vt 0.924416 0.0173617
vt 0.996642 0.735539
vt 0.993617 0.731945
vt 0.99718 0.732284
vt 0.996642 0.735539
vt 0.993176 0.734612
vt 0.993617 0.731945
vt 0.993176 0.734612
vt 0.989148 0.7313
vt 0.993617 0.731945
vt 0.417197 0.0307276
vt 0.412827 0.030475
vt 0.408894 0.015533
vt 0.412827 0.030475
vt 0.405384 0.0162812
vt 0.408894 0.015533
vt 0.417197 0.0307276
vt 0.408894 0.015533
vt 0.412354 0.014672
vt 0.408894 0.015533
vt 0.411388 0.0103707
vt 0.412354 0.014672
vt 0.430087 0.0313802
vt 0.42277 0.0484169
vt 0.425761 0.0307121
vt 0.417197 0.0307276
vt 0.416993 0.048618
vt 0.411647 0.0482993
vt 0.417197 0.0307276
vt 0.411647 0.0482993
vt 0.412827 0.030475
vt 0.430087 0.0313802
vt 0.425761 0.0307121
vt 0.42277 0.0145099
vt 0.416993 0.048618
vt 0.411541 0.0490176
vt 0.411647 0.0482993
vt 0.411647 0.0482993
vt 0.411541 0.0490176
vt 0.406132 0.0486618
vt 0.412827 0.030475
vt 0.411647 0.0482993
vt 0.406234 0.0479436
vt 0.411647 0.0482993
vt 0.406132 0.0486618
vt 0.406234 0.0479436
vt 0.406234 0.0479436
vt 0.406132 0.0486618
vt 0.40087 0.048279
vt 0.137336 0.0190335
vt 0.136674 0.024354
vt 0.135821 0.0240054
vt 0.135821 0.0240054
vt 0.136674 0.024354
vt 0.135922 0.0295426
vt 0.135821 0.0240054
vt 0.135922 0.0295426
vt 0.135055 0.0293025
vt 0.0588204 0.0180916
vt 0.053669 0.0160442
vt 0.0544126 0.0151585
vt 0.0544126 0.0151585
vt 0.053669 0.0160442
vt 0.0489914 0.0141184
vt 0.135055 0.0293025
vt 0.135922 0.0295426
vt 0.135929 0.0348306
vt 0.0544126 0.0151585
vt 0.0489914 0.0141184
vt 0.0495308 0.0131471
vt 0.053669 0.0160442
vt 0.0483218 0.0153292
vt 0.0489914 0.0141184
vt 0.0489914 0.0141184
vt 0.0483218 0.0153292
vt 0.0437223 0.0144205
vt 0.0495308 0.0131471
vt 0.0489914 0.0141184
vt 0.0440803 0.0131482
vt 0.0489914 0.0141184
vt 0.0437223 0.0144205
vt 0.0440803 0.0131482
vt 0.0440803 0.0131482
vt 0.0437223 0.0144205
vt 0.0391167 0.0144202
vt 0.0569445 0.0583496
vt 0.0437223 0.0144205
vt 0.0483218 0.0153292
vt 0.0569445 0.0583496
vt 0.053103 0.0608879
vt 0.0437223 0.0144205
vt 0.053103 0.0608879
vt 0.0391167 0.0144202
vt 0.0437223 0.0144205
vt 0.0538062 0.0619278
vt 0.0569445 0.0583496
vt 0.057942 0.0591952
vt 0.057942 0.0591952
vt 0.0569445 0.0583496
vt 0.0602785 0.0550567
vt 0.0602785 0.0550567
vt 0.0569445 0.0583496
vt 0.0483218 0.0153292
vt 0.0538062 0.0619278
vt 0.053103 0.0608879
vt 0.0569445 0.0583496
vt 0.303113 0.0611141
vt 0.302078 0.060816
vt 0.303483 0.0560719
vt 0.300749 0.0657276
vt 0.302078 0.060816
vt 0.303113 0.0611141
vt 0.0492466 0.0637977
vt 0.053103 0.0608879
vt 0.0538062 0.0619278
vt 0.300749 0.0657276
vt 0.299851 0.0651636
vt 0.302078 0.060816
vt 0.303113 0.0611141
vt 0.303483 0.0560719
vt 0.304599 0.0560964
vt 0.301391 0.0660707
vt 0.303113 0.0611141
vt 0.30384 0.0612931
vt 0.301391 0.0660707
vt 0.300749 0.0657276
vt 0.303113 0.0611141
vt 0.30384 0.0612931
vt 0.303113 0.0611141
vt 0.304599 0.0560964
vt 0.291006 0.244821
vt 0.290354 0.244819
vt 0.290591 0.239514
vt 0.30384 0.0612931
vt 0.304599 0.0560964
vt 0.305374 0.0561102
vt 0.906125 0.589173
vt 0.900711 0.589811
vt 0.900675 0.589168
vt 0.906125 0.589173
vt 0.906122 0.589813
vt 0.900711 0.589811
vt 0.910239 0.571022
vt 0.906125 0.589173
vt 0.90584 0.571067
vt 0.90584 0.571067
vt 0.906125 0.589173
vt 0.900675 0.589168
vt 0.91152 0.589113
vt 0.906122 0.589813
vt 0.906125 0.589173
vt 0.910239 0.571022
vt 0.91152 0.589113
vt 0.906125 0.589173
vt 0.244243 0.0952745
vt 0.243601 0.0898067
vt 0.244243 0.0898216
vt 0.91152 0.589113
vt 0.911478 0.589756
vt 0.906122 0.589813
vt 0.487777 0.0311102
vt 0.482247 0.0493763
vt 0.483384 0.0309203
vt 0.487777 0.0311102
vt 0.487635 0.0495948
vt 0.482247 0.0493763
vt 0.492219 0.0310733
vt 0.487635 0.0495948
vt 0.487777 0.0311102
vt 0.492219 0.0310733
vt 0.487777 0.0311102
vt 0.49076 0.00729561
vt 0.487777 0.0311102
vt 0.483384 0.0309203
vt 0.487229 0.00681895
vt 0.487777 0.0311102
vt 0.487229 0.00681895
vt 0.49076 0.00729561
vt 0.483384 0.0309203
vt 0.479207 0.0305095
vt 0.483859 0.00637847
vt 0.483384 0.0309203
vt 0.483859 0.00637847
vt 0.487229 0.00681895
vt 0.641097 0.0485255
vt 0.637429 0.0246986
vt 0.640958 0.0245457
vt 0.641097 0.0485255
vt 0.636742 0.0485982
vt 0.637429 0.0246986
vt 0.90584 0.571067
vt 0.900675 0.589168
vt 0.901395 0.571067
vt 0.636742 0.0485982
vt 0.633834 0.0245885
vt 0.637429 0.0246986
vt 0.636742 0.0485982
vt 0.632327 0.0481185
vt 0.633834 0.0245885
vt 0.901395 0.571067
vt 0.895382 0.589099
vt 0.897077 0.571022
vt 0.901395 0.571067
vt 0.900675 0.589168
vt 0.895382 0.589099
vt 0.632327 0.0481185
vt 0.629472 0.0647644
vt 0.624197 0.0635001
vt 0.632327 0.0481185
vt 0.624197 0.0635001
vt 0.62802 0.0471044
vt 0.632327 0.0481185
vt 0.630311 0.0242203
vt 0.633834 0.0245885
vt 0.632327 0.0481185
vt 0.62802 0.0471044
vt 0.630311 0.0242203
vt 0.291249 0.239481
vt 0.290592 0.234091
vt 0.291257 0.234031
vt 0.291257 0.234031
vt 0.290592 0.234091
vt 0.290354 0.228763
vt 0.985221 0.423198
vt 0.984542 0.441171
vt 0.979444 0.440462
vt 0.291257 0.234031
vt 0.290354 0.228763
vt 0.291029 0.228684
vt 0.979444 0.440462
vt 0.979375 0.441131
vt 0.974051 0.440388
vt 0.305502 0.0453233
vt 0.303331 0.0405127
vt 0.304085 0.0401356
vt 0.305937 0.0507176
vt 0.304719 0.0455934
vt 0.305502 0.0453233
vt 0.305502 0.0453233
vt 0.304719 0.0455934
vt 0.303331 0.0405127
vt 0.304085 0.0401356
vt 0.303331 0.0405127
vt 0.301026 0.0358174
vt 0.303331 0.0405127
vt 0.300024 0.0366087
vt 0.301026 0.0358174
vt 0.303331 0.0405127
vt 0.302256 0.0411513
vt 0.300024 0.0366087
vt 0.304719 0.0455934
vt 0.302256 0.0411513
vt 0.303331 0.0405127
vt 0.0663239 0.0467954
vt 0.0658341 0.0418274
vt 0.0673545 0.0417675
vt 0.0663239 0.0467954
vt 0.064847 0.0466357
vt 0.0658341 0.0418274
vt 0.0643403 0.0514941
vt 0.064847 0.0466357
vt 0.0663239 0.0467954
vt 0.304719 0.0455934
vt 0.303594 0.0460457
vt 0.302256 0.0411513
vt 0.0643403 0.0514941
vt 0.0629591 0.0511048
vt 0.064847 0.0466357
vt 0.0615027 0.0556775
vt 0.0629591 0.0511048
vt 0.0643403 0.0514941
vt 0.305145 0.0508564
vt 0.303594 0.0460457
vt 0.304719 0.0455934
vt 0.305145 0.0508564
vt 0.304001 0.0510857
vt 0.303594 0.0460457
vt 0.057942 0.0591952
vt 0.0602785 0.0550567
vt 0.0615027 0.0556775
vt 0.0615027 0.0556775
vt 0.0602785 0.0550567
vt 0.0629591 0.0511048
vt 0.304599 0.0560964
vt 0.304001 0.0510857
vt 0.305145 0.0508564
vt 0.304599 0.0560964
vt 0.303483 0.0560719
vt 0.304001 0.0510857
vt 0.305374 0.0561102
vt 0.305145 0.0508564
vt 0.305937 0.0507176
vt 0.305937 0.0507176
vt 0.305145 0.0508564
vt 0.304719 0.0455934
vt 0.305374 0.0561102
vt 0.304599 0.0560964
vt 0.305145 0.0508564
vt 0.064847 0.0466357
vt 0.0629591 0.0511048
vt 0.0567798 0.0198364
vt 0.0629591 0.0511048
vt 0.0527383 0.0171479
vt 0.0567798 0.0198364
vt 0.0629591 0.0511048
vt 0.0602785 0.0550567
vt 0.0527383 0.0171479
vt 0.053669 0.0160442
vt 0.0527383 0.0171479
vt 0.0483218 0.0153292
vt 0.0602785 0.0550567
vt 0.0483218 0.0153292
vt 0.0527383 0.0171479
vt 0.0579169 0.0188696
vt 0.0527383 0.0171479
vt 0.053669 0.0160442
vt 0.0579169 0.0188696
vt 0.0567798 0.0198364
vt 0.0527383 0.0171479
vt 0.0588204 0.0180916
vt 0.0579169 0.0188696
vt 0.053669 0.0160442
vt 0.0625781 0.0218368
vt 0.0579169 0.0188696
vt 0.0588204 0.0180916
vt 0.0625781 0.0218368
vt 0.0615518 0.0224941
vt 0.0579169 0.0188696
vt 0.0615518 0.0224941
vt 0.0567798 0.0198364
vt 0.0579169 0.0188696
vt 0.0655307 0.0262517
vt 0.0615518 0.0224941
vt 0.0625781 0.0218368
vt 0.0644164 0.0267775
vt 0.0602586 0.0233036
vt 0.0615518 0.0224941
vt 0.0615518 0.0224941
vt 0.0602586 0.0233036
vt 0.0567798 0.0198364
vt 0.0655307 0.0262517
vt 0.0644164 0.0267775
vt 0.0615518 0.0224941
vt 0.0675598 0.0311626
vt 0.0644164 0.0267775
vt 0.0655307 0.0262517
vt 0.0675598 0.0311626
vt 0.0663865 0.0315492
vt 0.0644164 0.0267775
vt 0.0663865 0.0315492
vt 0.0630094 0.0274169
vt 0.0644164 0.0267775
vt 0.0644164 0.0267775
vt 0.0630094 0.0274169
vt 0.0602586 0.0233036
vt 0.202616 0.0401916
vt 0.201896 0.0347914
vt 0.202801 0.0347723
vt 0.202801 0.0347723
vt 0.201896 0.0347914
vt 0.201507 0.029514
vt 0.202616 0.0401916
vt 0.201719 0.0401292
vt 0.201896 0.0347914
vt 0.29789 0.0316983
vt 0.293247 0.0293243
vt 0.294047 0.0283176
vt 0.20186 0.0454618
vt 0.201719 0.0401292
vt 0.202616 0.0401916
vt 0.29789 0.0316983
vt 0.296982 0.0326093
vt 0.293247 0.0293243
vt 0.20186 0.0454618
vt 0.200983 0.0453133
vt 0.201719 0.0401292
vt 0.301026 0.0358174
vt 0.296982 0.0326093
vt 0.29789 0.0316983
vt 0.0673787 0.0366156
vt 0.0649039 0.032007
vt 0.0663865 0.0315492
vt 0.301026 0.0358174
vt 0.300024 0.0366087
vt 0.296982 0.0326093
vt 0.0673787 0.0366156
vt 0.0658576 0.0368801
vt 0.0649039 0.032007
vt 0.0673545 0.0417675
vt 0.0658576 0.0368801
vt 0.0673787 0.0366156
vt 0.0630094 0.0274169
vt 0.0649039 0.032007
vt 0.0658576 0.0368801
vt 0.0673545 0.0417675
vt 0.0658341 0.0418274
vt 0.0658576 0.0368801
vt 0.0658576 0.0368801
vt 0.0602586 0.0233036
vt 0.0630094 0.0274169
vt 0.0658576 0.0368801
vt 0.0658341 0.0418274
vt 0.0602586 0.0233036
vt 0.0663865 0.0315492
vt 0.0649039 0.032007
vt 0.0630094 0.0274169
vt 0.968742 0.438932
vt 0.968689 0.439628
vt 0.963495 0.43888
vt 0.974109 0.439706
vt 0.968689 0.439628
vt 0.968742 0.438932
vt 0.200566 0.0503803
vt 0.200983 0.0453133
vt 0.20186 0.0454618
vt 0.974109 0.439706
vt 0.974051 0.440388
vt 0.968689 0.439628
vt 0.203274 0.0402101
vt 0.202616 0.0401916
vt 0.202801 0.0347723
vt 0.968742 0.438932
vt 0.963495 0.43888
vt 0.963547 0.438173
vt 0.202801 0.0347723
vt 0.201507 0.029514
vt 0.202408 0.029414
vt 0.202408 0.029414
vt 0.201507 0.029514
vt 0.200566 0.0245035
vt 0.0658341 0.0418274
vt 0.0567798 0.0198364
vt 0.0602586 0.0233036
vt 0.137336 0.0190335
vt 0.138162 0.0194716
vt 0.136674 0.024354
vt 0.202408 0.029414
vt 0.200566 0.0245035
vt 0.201455 0.0243219
vt 0.0658341 0.0418274
vt 0.064847 0.0466357
vt 0.0567798 0.0198364
vt 0.979444 0.440462
vt 0.974051 0.440388
vt 0.974109 0.439706
vt 0.291249 0.239481
vt 0.290591 0.239514
vt 0.290592 0.234091
vt 0.291006 0.244821
vt 0.290591 0.239514
vt 0.291249 0.239481
vt 0.988852 0.623644
vt 0.993175 0.623694
vt 0.993357 0.627189
vt 0.630311 0.0242203
vt 0.633973 0.0204339
vt 0.633834 0.0245885
vt 0.988852 0.623644
vt 0.993357 0.627189
vt 0.989033 0.62714
vt 0.989033 0.62714
vt 0.993357 0.627189
vt 0.993357 0.630782
vt 0.989033 0.62714
vt 0.993357 0.630782
vt 0.989033 0.630732
vt 0.298123 0.0702615
vt 0.300749 0.0657276
vt 0.301391 0.0660707
vt 0.0440803 0.0131482
vt 0.0391167 0.0144202
vt 0.0391229 0.0131473
vt 0.0391229 0.0131473
vt 0.0391167 0.0144202
vt 0.0346496 0.0153002
vt 0.053103 0.0608879
vt 0.0488899 0.062615
vt 0.0391167 0.0144202
vt 0.0488899 0.062615
vt 0.0346496 0.0153002
vt 0.0391167 0.0144202
vt 0.0391229 0.0131473
vt 0.0346496 0.0153002
vt 0.0342887 0.0140998
vt 0.0342887 0.0140998
vt 0.0346496 0.0153002
vt 0.0304364 0.0170285
vt 0.0488899 0.062615
vt 0.0304364 0.0170285
vt 0.0346496 0.0153002
vt 0.0342887 0.0140998
vt 0.0304364 0.0170285
vt 0.0297303 0.0159687
vt 0.0488899 0.062615
vt 0.0444221 0.0634956
vt 0.0304364 0.0170285
vt 0.0444221 0.0634956
vt 0.026595 0.0195656
vt 0.0304364 0.0170285
vt 0.0297303 0.0159687
vt 0.0304364 0.0170285
vt 0.026595 0.0195656
vt 0.0444221 0.0634956
vt 0.0398166 0.0634952
vt 0.026595 0.0195656
vt 0.0398166 0.0634952
vt 0.0232605 0.0228579
vt 0.026595 0.0195656
vt 0.0297303 0.0159687
vt 0.026595 0.0195656
vt 0.025595 0.018702
vt 0.025595 0.018702
vt 0.026595 0.0195656
vt 0.0232605 0.0228579
vt 0.0291644 0.0151212
vt 0.0297303 0.0159687
vt 0.025595 0.018702
vt 0.0291644 0.0151212
vt 0.025595 0.018702
vt 0.024793 0.0180106
vt 0.024793 0.0180106
vt 0.025595 0.018702
vt 0.0220334 0.0222184
vt 0.025595 0.018702
vt 0.0232605 0.0228579
vt 0.0220334 0.0222184
vt 0.248863 0.0129851
vt 0.248157 0.018142
vt 0.247315 0.0181007
vt 0.248863 0.0129851
vt 0.249656 0.013187
vt 0.248157 0.018142
vt 0.247315 0.0181007
vt 0.248157 0.018142
vt 0.247385 0.0233488
vt 0.024793 0.0180106
vt 0.0220334 0.0222184
vt 0.0210526 0.0217039
vt 0.394517 0.036563
vt 0.394595 0.0372698
vt 0.389199 0.0376768
vt 0.39984 0.03606
vt 0.394595 0.0372698
vt 0.394517 0.036563
vt 0.39984 0.03606
vt 0.399884 0.0367681
vt 0.394595 0.0372698
vt 0.205643 0.10571
vt 0.206733 0.110921
vt 0.205936 0.1111
vt 0.641416 0.293219
vt 0.642339 0.298409
vt 0.641626 0.298422
vt 0.641416 0.293219
vt 0.642132 0.29324
vt 0.642339 0.298409
vt 0.205643 0.10571
vt 0.20645 0.105713
vt 0.206733 0.110921
vt 0.205936 0.100333
vt 0.20645 0.105713
vt 0.205643 0.10571
vt 0.641343 0.287805
vt 0.642132 0.29324
vt 0.641416 0.293219
vt 0.641343 0.287805
vt 0.642061 0.287857
vt 0.642132 0.29324
vt 0.135844 0.0400482
vt 0.138162 0.0448902
vt 0.137367 0.045085
vt 0.205936 0.100333
vt 0.206733 0.100516
vt 0.20645 0.105713
vt 0.0443712 0.012128
vt 0.0391229 0.0131473
vt 0.0391298 0.0121267
vt 0.0391298 0.0121267
vt 0.0391229 0.0131473
vt 0.0342887 0.0140998
vt 0.0391298 0.0121267
vt 0.0342887 0.0140998
vt 0.0340001 0.0131382
vt 0.135844 0.0400482
vt 0.136688 0.0400112
vt 0.138162 0.0448902
vt 0.135062 0.0347198
vt 0.136688 0.0400112
vt 0.135844 0.0400482
vt 0.135062 0.0347198
vt 0.135929 0.0348306
vt 0.136688 0.0400112
vt 0.0495308 0.0131471
vt 0.0440803 0.0131482
vt 0.0443712 0.012128
vt 0.0443712 0.012128
vt 0.0440803 0.0131482
vt 0.0391229 0.0131473
vt 0.641616 0.277175
vt 0.64213 0.282464
vt 0.641409 0.282387
vt 0.641409 0.282387
vt 0.64213 0.282464
vt 0.642061 0.287857
vt 0.135055 0.0293025
vt 0.135929 0.0348306
vt 0.135062 0.0347198
vt 0.641616 0.277175
vt 0.642339 0.277269
vt 0.64213 0.282464
vt 0.408404 0.0301845
vt 0.406234 0.0479436
vt 0.400962 0.0475613
vt 0.406234 0.0479436
vt 0.40087 0.048279
vt 0.400962 0.0475613
vt 0.408404 0.0301845
vt 0.400962 0.0475613
vt 0.404094 0.0298677
vt 0.801223 0.572575
vt 0.818363 0.571022
vt 0.819322 0.576176
vt 0.412827 0.030475
vt 0.408404 0.0301845
vt 0.405384 0.0162812
vt 0.412827 0.030475
vt 0.406234 0.0479436
vt 0.408404 0.0301845
vt 0.408404 0.0301845
vt 0.404094 0.0298677
vt 0.401958 0.0168869
vt 0.408404 0.0301845
vt 0.401958 0.0168869
vt 0.405384 0.0162812
vt 0.641409 0.282387
vt 0.642061 0.287857
vt 0.641343 0.287805
vt 0.0340001 0.0131382
vt 0.0342887 0.0140998
vt 0.0297303 0.0159687
vt 0.0340001 0.0131382
vt 0.0297303 0.0159687
vt 0.0291644 0.0151212
vt 0.802002 0.58563
vt 0.818386 0.592255
vt 0.801223 0.589923
vt 0.396898 0.0181119
vt 0.39984 0.03606
vt 0.394517 0.036563
vt 0.802002 0.58563
vt 0.819336 0.587
vt 0.818386 0.592255
vt 0.0492466 0.0637977
vt 0.0488899 0.062615
vt 0.053103 0.0608879
vt 0.416993 0.048618
vt 0.416885 0.0493326
vt 0.411541 0.0490176
vt 0.421343 0.0309345
vt 0.412354 0.014672
vt 0.415633 0.0137305
vt 0.412354 0.014672
vt 0.414666 0.00942898
vt 0.415633 0.0137305
vt 0.412354 0.014672
vt 0.411388 0.0103707
vt 0.414666 0.00942898
vt 0.988653 0.0994972
vt 0.990424 0.103192
vt 0.98806 0.102877
vt 0.00870496 0.00960857
vt 0.00453213 0.00762212
vt 0.00791187 0.00641966
vt 0.863091 0.573755
vt 0.862633 0.571532
vt 0.865839 0.571023
vt 0.859537 0.574204
vt 0.862633 0.571532
vt 0.863091 0.573755
vt 0.860028 0.578599
vt 0.859537 0.574204
vt 0.863091 0.573755
vt 0.857287 0.59005
vt 0.853034 0.590184
vt 0.853034 0.579157
vt 0.31754 0.0109148
vt 0.315809 0.0161812
vt 0.315708 0.0108403
vt 0.315708 0.0108403
vt 0.315809 0.0161812
vt 0.315041 0.0163019
vt 0.306638 0.0207371
vt 0.311985 0.020355
vt 0.312084 0.0211204
vt 0.306761 0.0189009
vt 0.311985 0.020355
vt 0.306638 0.0207371
vt 0.315041 0.0163019
vt 0.315809 0.0161812
vt 0.311985 0.020355
vt 0.315809 0.0161812
vt 0.312084 0.0211204
vt 0.311985 0.020355
vt 0.919305 0.0172199
vt 0.923176 0.0207821
vt 0.918601 0.0198735
vt 0.918601 0.0198735
vt 0.923176 0.0207821
vt 0.923016 0.0226337
vt 0.964082 0.403289
vt 0.963495 0.398903
vt 0.966699 0.398245
vt 0.31733 0.0163943
vt 0.318023 0.0167197
vt 0.312718 0.0225087
vt 0.322414 0.0131965
vt 0.318637 0.0171756
vt 0.318023 0.0167197
vt 0.319781 0.0191327
vt 0.319881 0.0198983
vt 0.316056 0.024071
vt 0.325363 0.0196512
vt 0.319881 0.0198983
vt 0.319781 0.0191327
vt 0.319881 0.0198983
vt 0.316824 0.0239512
vt 0.316056 0.024071
vt 0.310466 0.0367609
vt 0.31126 0.0335738
vt 0.313902 0.0342162
vt 0.310466 0.0367609
vt 0.313902 0.0342162
vt 0.313689 0.0375432
vt 0.325241 0.0214868
vt 0.319881 0.0198983
vt 0.325363 0.0196512
vt 0.388115 0.0188625
vt 0.385489 0.00699103
vt 0.389023 0.00730425
vt 0.0220334 0.0222184
vt 0.0232605 0.0228579
vt 0.0205799 0.0268098
vt 0.0398166 0.0634952
vt 0.035217 0.0625865
vt 0.0232605 0.0228579
vt 0.988983 0.482485
vt 0.988101 0.482474
vt 0.987065 0.4776
vt 0.492219 0.0310733
vt 0.49308 0.0495257
vt 0.487635 0.0495948
vt 0.308807 0.0324262
vt 0.312689 0.0290435
vt 0.31126 0.0335738
vt 0.633973 0.0204339
vt 0.637532 0.0181692
vt 0.637568 0.0205439
vt 0.633973 0.0204339
vt 0.63415 0.0180663
vt 0.637532 0.0181692
vt 0.915922 0.0292361
vt 0.920449 0.0304927
vt 0.917317 0.0322209
vt 0.988061 0.113516
vt 0.990981 0.116261
vt 0.988653 0.116773
vt 0.974291 0.401544
vt 0.973705 0.397158
vt 0.977238 0.39677
vt 0.438864 0.0314866
vt 0.438804 0.0494332
vt 0.433476 0.0495942
vt 0.250358 0.0244527
vt 0.258388 0.0183193
vt 0.250358 0.00562
vt 0.990646 0.441171
vt 0.990646 0.422022
vt 0.985922 0.428719
vt 0.980241 0.221993
vt 0.984617 0.215341
vt 0.963235 0.209991
vt 0.980241 0.221993
vt 0.963235 0.209991
vt 0.96305 0.217482
vt 0.939962 0.0403171
vt 0.939962 0.0325933
vt 0.927012 0.038014
vt 0.635428 0.0122159
vt 0.641096 0.000350833
vt 0.635704 0.000728488
vt 0.992121 0.712905
vt 0.992697 0.70744
vt 0.988852 0.710608
vt 0.992121 0.712905
vt 0.988852 0.710608
vt 0.989635 0.714527
vt 0.213838 0.0522575
vt 0.210104 0.0532787
vt 0.213838 0.0763432
vt 0.206589 0.0524014
vt 0.206589 0.0763432
vt 0.209403 0.0729674
vt 0.640275 0.316478
vt 0.642339 0.320358
vt 0.642339 0.299123
vt 0.618714 0.367114
vt 0.619382 0.349308
vt 0.618714 0.347596
vt 0.642339 0.344013
vt 0.641157 0.345374
vt 0.642339 0.366798
vt 0.640272 0.3675
vt 0.640272 0.390313
vt 0.642339 0.386606
vt 0.640272 0.500705
vt 0.642745 0.50434
vt 0.642745 0.479848
vt 0.618714 0.575828
vt 0.623988 0.555052
vt 0.623079 0.553757
vt 0.623079 0.553757
vt 0.623988 0.555052
vt 0.630327 0.551609
vt 0.623079 0.553757
vt 0.630327 0.551609
vt 0.626825 0.550781
vt 0.990137 0.0166923
vt 0.986911 0.0180727
vt 0.990137 0.0354044
vt 0.297695 0.0276169
vt 0.297695 0.00920272
vt 0.29104 0.0139282
vt 0.238049 0.128771
vt 0.238932 0.120666
vt 0.21454 0.121119
vt 0.238049 0.128771
vt 0.21454 0.121119
vt 0.217138 0.12859
vt 0.6356 0.223829
vt 0.638986 0.216807
vt 0.621137 0.216094
vt 0.6356 0.223829
vt 0.621137 0.216094
vt 0.619344 0.225884
vt 0.940664 0.0403169
vt 0.957839 0.0205022
vt 0.940664 0.00920111
vt 0.151181 0.0450849
vt 0.151181 0.0134394
vt 0.139517 0.0352591
vt 0.984617 0.215341
vt 0.992902 0.191349
vt 0.96516 0.189687
vt 0.984617 0.215341
vt 0.96516 0.189687
vt 0.963235 0.209991
vt 0.939962 0.0325933
vt 0.939293 0.0119597
vt 0.929649 0.0207864
vt 0.939962 0.0325933
vt 0.929649 0.0207864
vt 0.927012 0.038014
vt 0.787903 0.152462
vt 0.774876 0.164286
vt 0.784887 0.166881
vt 0.787903 0.152462
vt 0.784887 0.166881
vt 0.792412 0.154586
vt 0.792412 0.154586
vt 0.784887 0.166881
vt 0.798501 0.185906
vt 0.792412 0.154586
vt 0.798501 0.185906
vt 0.801691 0.176034
vt 0.878971 0.581173
vt 0.883429 0.590542
vt 0.883429 0.571023
vt 0.820354 0.592078
vt 0.826411 0.582858
vt 0.820354 0.571022
vt 0.249012 0.0790267
vt 0.245073 0.0918709
vt 0.249656 0.110735
vt 0.640272 0.415295
vt 0.640272 0.446656
vt 0.642691 0.436868
vt 0.62064 0.579669
vt 0.624208 0.589352
vt 0.636865 0.570285
vt 0.62064 0.579669
vt 0.636865 0.570285
vt 0.623988 0.555052
vt 0.623988 0.555052
vt 0.636865 0.570285
vt 0.646916 0.566909
vt 0.623988 0.555052
vt 0.646916 0.566909
vt 0.630327 0.551609
vt 0.167911 0.0459816
vt 0.173729 0.0247051
vt 0.167911 0.0136703
vt 0.725771 0.047251
vt 0.725771 0.0148231
vt 0.71635 0.032417
vt 0.238932 0.120666
vt 0.242132 0.10087
vt 0.21454 0.0952775
vt 0.238932 0.120666
vt 0.21454 0.0952775
vt 0.21454 0.121119
vt 0.638986 0.216807
vt 0.642989 0.19127
vt 0.623529 0.189313
vt 0.638986 0.216807
vt 0.623529 0.189313
vt 0.621137 0.216094
vt 0.957839 0.14725
vt 0.955125 0.102219
vt 0.930952 0.10926
vt 0.957839 0.14725
vt 0.930952 0.10926
vt 0.93958 0.152839
vt 0.909864 0.592957
vt 0.881417 0.624614
vt 0.912514 0.640709
vt 0.992902 0.191349
vt 0.96305 0.15354
vt 0.96516 0.189687
vt 0.305937 0.108474
vt 0.305937 0.0738138
vt 0.298684 0.0891704
vt 0.305937 0.108474
vt 0.298684 0.0891704
vt 0.299166 0.119834
vt 0.774876 0.164286
vt 0.75521 0.187853
vt 0.773079 0.188258
vt 0.774876 0.164286
vt 0.773079 0.188258
vt 0.784887 0.166881
vt 0.784887 0.166881
vt 0.773079 0.188258
vt 0.792966 0.203741
vt 0.784887 0.166881
vt 0.792966 0.203741
vt 0.798501 0.185906
vt 0.305269 0.22808
vt 0.305937 0.209394
vt 0.29493 0.227094
vt 0.305269 0.22808
vt 0.29493 0.227094
vt 0.296821 0.24482
vt 0.296111 0.25029
vt 0.290605 0.26727
vt 0.297166 0.285377
vt 0.245073 0.0918709
vt 0.245073 0.128771
vt 0.249656 0.110735
vt 0.624208 0.589352
vt 0.630419 0.606757
vt 0.649701 0.590692
vt 0.624208 0.589352
vt 0.649701 0.590692
vt 0.636865 0.570285
vt 0.636865 0.570285
vt 0.649701 0.590692
vt 0.667512 0.589235
vt 0.636865 0.570285
vt 0.667512 0.589235
vt 0.646916 0.566909
vt 0.634167 0.446656
vt 0.639571 0.417487
vt 0.634167 0.40118
vt 0.213838 0.123955
vt 0.213838 0.0770448
vt 0.207434 0.112272
vt 0.963495 0.393267
vt 0.98628 0.366585
vt 0.963495 0.339672
vt 0.242132 0.10087
vt 0.223189 0.0510803
vt 0.21454 0.0952775
vt 0.939266 0.33897
vt 0.951307 0.295979
vt 0.92807 0.286344
vt 0.642989 0.19127
vt 0.619344 0.14516
vt 0.623529 0.189313
vt 0.955125 0.102219
vt 0.957839 0.0410186
vt 0.92807 0.051513
vt 0.955125 0.102219
vt 0.92807 0.051513
vt 0.930952 0.10926
vt 0.881417 0.624614
vt 0.849346 0.674962
vt 0.891507 0.684149
vt 0.881417 0.624614
vt 0.891507 0.684149
vt 0.912514 0.640709
vt 0.305937 0.361576
vt 0.305937 0.311516
vt 0.296237 0.336034
vt 0.305937 0.361576
vt 0.296237 0.336034
vt 0.300537 0.378497
vt 0.305937 0.379198
vt 0.264207 0.38809
vt 0.28542 0.40398
vt 0.75521 0.187853
vt 0.75837 0.220028
vt 0.773079 0.188258
vt 0.773079 0.188258
vt 0.75837 0.220028
vt 0.785376 0.230698
vt 0.773079 0.188258
vt 0.785376 0.230698
vt 0.792966 0.203741
vt 0.305937 0.209394
vt 0.305937 0.181311
vt 0.291958 0.200566
vt 0.305937 0.209394
vt 0.291958 0.200566
vt 0.29493 0.227094
vt 0.109422 0.0697528
vt 0.108647 0.0966698
vt 0.123475 0.114922
vt 0.290605 0.26727
vt 0.290605 0.310815
vt 0.297166 0.285377
vt 0.630419 0.606757
vt 0.639024 0.633004
vt 0.665604 0.621437
vt 0.630419 0.606757
vt 0.665604 0.621437
vt 0.649701 0.590692
vt 0.306638 0.382891
vt 0.33931 0.395827
vt 0.360847 0.380748
vt 0.649701 0.590692
vt 0.691371 0.623257
vt 0.667512 0.589235
vt 0.297868 0.310815
vt 0.305937 0.270495
vt 0.297868 0.245521
vt 0.639571 0.417487
vt 0.634796 0.352962
vt 0.634167 0.40118
vt 0.958541 0.0803626
vt 0.98621 0.043224
vt 0.958541 0.0100829
vt 0.987057 0.152839
vt 0.987057 0.0810643
vt 0.958541 0.134423
vt 0.951307 0.295979
vt 0.959962 0.23548
vt 0.930725 0.223578
vt 0.951307 0.295979
vt 0.930725 0.223578
vt 0.92807 0.286344
vt 0.762493 0.139154
vt 0.763026 0.0695771
vt 0.728343 0.0834436
vt 0.762493 0.139154
vt 0.728343 0.0834436
vt 0.73343 0.151761
vt 0.849346 0.674962
vt 0.821645 0.737689
vt 0.871824 0.739147
vt 0.849346 0.674962
vt 0.871824 0.739147
vt 0.891507 0.684149
vt 0.891507 0.684149
vt 0.871824 0.739147
vt 0.897192 0.717123
vt 0.891507 0.684149
vt 0.897192 0.717123
vt 0.910333 0.665391
vt 0.264207 0.38809
vt 0.212587 0.404718
vt 0.244947 0.42203
vt 0.264207 0.38809
vt 0.244947 0.42203
vt 0.28542 0.40398
vt 0.75837 0.220028
vt 0.743184 0.261412
vt 0.776901 0.266713
vt 0.75837 0.220028
vt 0.776901 0.266713
vt 0.785376 0.230698
vt 0.0919479 0.113607
vt 0.0860528 0.149752
vt 0.107551 0.132577
vt 0.0919479 0.113607
vt 0.107551 0.132577
vt 0.108647 0.0966698
vt 0.108647 0.0966698
vt 0.107551 0.132577
vt 0.127376 0.151476
vt 0.108647 0.0966698
vt 0.127376 0.151476
vt 0.123475 0.114922
vt 0.639024 0.633004
vt 0.648853 0.668109
vt 0.682345 0.661582
vt 0.639024 0.633004
vt 0.682345 0.661582
vt 0.665604 0.621437
vt 0.33931 0.395827
vt 0.379377 0.414684
vt 0.412093 0.398414
vt 0.33931 0.395827
vt 0.412093 0.398414
vt 0.360847 0.380748
vt 0.499073 0.00835866
vt 0.514142 0.0555302
vt 0.540383 0.0744557
vt 0.499073 0.00835866
vt 0.540383 0.0744557
vt 0.518624 0.024616
vt 0.518624 0.024616
vt 0.540383 0.0744557
vt 0.589893 0.0685557
vt 0.518624 0.024616
vt 0.589893 0.0685557
vt 0.5595 0.0113462
vt 0.959962 0.23548
vt 0.962348 0.167332
vt 0.92807 0.153541
vt 0.959962 0.23548
vt 0.92807 0.153541
vt 0.930725 0.223578
vt 0.763026 0.0695771
vt 0.766792 0.00993401
vt 0.728343 0.017146
vt 0.763026 0.0695771
vt 0.728343 0.017146
vt 0.728343 0.0834436
vt 0.821645 0.737689
vt 0.805186 0.80207
vt 0.857723 0.799909
vt 0.821645 0.737689
vt 0.857723 0.799909
vt 0.871824 0.739147
vt 0.871824 0.739147
vt 0.857723 0.799909
vt 0.887153 0.775855
vt 0.871824 0.739147
vt 0.887153 0.775855
vt 0.897192 0.717123
vt 0.212587 0.404718
vt 0.158279 0.429525
vt 0.199265 0.44697
vt 0.212587 0.404718
vt 0.199265 0.44697
vt 0.244947 0.42203
vt 0.743184 0.261412
vt 0.729496 0.311446
vt 0.769194 0.310377
vt 0.743184 0.261412
vt 0.769194 0.310377
vt 0.776901 0.266713
vt 0.0860528 0.149752
vt 0.0798766 0.193521
vt 0.106061 0.176174
vt 0.0860528 0.149752
vt 0.106061 0.176174
vt 0.107551 0.132577
vt 0.107551 0.132577
vt 0.106061 0.176174
vt 0.130759 0.195643
vt 0.107551 0.132577
vt 0.130759 0.195643
vt 0.127376 0.151476
vt 0.648853 0.668109
vt 0.658209 0.710822
vt 0.69792 0.710365
vt 0.648853 0.668109
vt 0.69792 0.710365
vt 0.682345 0.661582
vt 0.379377 0.414684
vt 0.424509 0.440427
vt 0.465854 0.424148
vt 0.379377 0.414684
vt 0.465854 0.424148
vt 0.412093 0.398414
vt 0.514142 0.0555302
vt 0.526995 0.11075
vt 0.55752 0.131615
vt 0.514142 0.0555302
vt 0.55752 0.131615
vt 0.540383 0.0744557
vt 0.540383 0.0744557
vt 0.55752 0.131615
vt 0.609985 0.129919
vt 0.540383 0.0744557
vt 0.609985 0.129919
vt 0.589893 0.0685557
vt 0.794498 0.0862194
vt 0.801691 0.0202234
vt 0.766792 0.00993401
vt 0.794498 0.0862194
vt 0.766792 0.00993401
vt 0.763026 0.0695771
vt 0.175865 0.135783
vt 0.174876 0.1897
vt 0.213838 0.183239
vt 0.175865 0.135783
vt 0.213838 0.183239
vt 0.213353 0.125177
vt 0.805186 0.80207
vt 0.801224 0.861088
vt 0.852678 0.85796
vt 0.805186 0.80207
vt 0.852678 0.85796
vt 0.857723 0.799909
vt 0.857723 0.799909
vt 0.852678 0.85796
vt 0.882953 0.835604
vt 0.857723 0.799909
vt 0.882953 0.835604
vt 0.887153 0.775855
vt 0.158279 0.429525
vt 0.107756 0.461345
vt 0.152967 0.478312
vt 0.158279 0.429525
vt 0.152967 0.478312
vt 0.199265 0.44697
vt 0.729496 0.311446
vt 0.719829 0.366496
vt 0.764128 0.358251
vt 0.729496 0.311446
vt 0.764128 0.358251
vt 0.769194 0.310377
vt 0.0798766 0.193521
vt 0.0738887 0.24135
vt 0.104142 0.224993
vt 0.0798766 0.193521
vt 0.104142 0.224993
vt 0.106061 0.176174
vt 0.106061 0.176174
vt 0.104142 0.224993
vt 0.133132 0.243821
vt 0.106061 0.176174
vt 0.133132 0.243821
vt 0.130759 0.195643
vt 0.658209 0.710822
vt 0.665095 0.75791
vt 0.70968 0.764402
vt 0.658209 0.710822
vt 0.70968 0.764402
vt 0.69792 0.710365
vt 0.424509 0.440427
vt 0.470119 0.472495
vt 0.515684 0.456706
vt 0.424509 0.440427
vt 0.515684 0.456706
vt 0.465854 0.424148
vt 0.526995 0.11075
vt 0.534663 0.16862
vt 0.566185 0.188319
vt 0.526995 0.11075
vt 0.566185 0.188319
vt 0.55752 0.131615
vt 0.55752 0.131615
vt 0.566185 0.188319
vt 0.618012 0.188475
vt 0.55752 0.131615
vt 0.618012 0.188475
vt 0.609985 0.129919
vt 0.13833 0.124657
vt 0.135456 0.182695
vt 0.174876 0.1897
vt 0.13833 0.124657
vt 0.174876 0.1897
vt 0.175865 0.135783
vt 0.174876 0.1897
vt 0.17464 0.238718
vt 0.213677 0.234088
vt 0.174876 0.1897
vt 0.213677 0.234088
vt 0.213838 0.183239
vt 0.801224 0.861088
vt 0.808777 0.910052
vt 0.857435 0.90671
vt 0.801224 0.861088
vt 0.857435 0.90671
vt 0.852678 0.85796
vt 0.852678 0.85796
vt 0.857435 0.90671
vt 0.885942 0.890856
vt 0.852678 0.85796
vt 0.885942 0.890856
vt 0.882953 0.835604
vt 0.107756 0.461345
vt 0.0660757 0.497841
vt 0.111218 0.514244
vt 0.107756 0.461345
vt 0.111218 0.514244
vt 0.152967 0.478312
vt 0.719829 0.366496
vt 0.716164 0.421582
vt 0.762917 0.407397
vt 0.719829 0.366496
vt 0.762917 0.407397
vt 0.764128 0.358251
vt 0.0738887 0.24135
vt 0.0682615 0.290189
vt 0.101818 0.275644
vt 0.0738887 0.24135
vt 0.101818 0.275644
vt 0.104142 0.224993
vt 0.104142 0.224993
vt 0.101818 0.275644
vt 0.134354 0.292946
vt 0.104142 0.224993
vt 0.134354 0.292946
vt 0.133132 0.243821
vt 0.665095 0.75791
vt 0.668193 0.806599
vt 0.715463 0.818938
vt 0.665095 0.75791
vt 0.715463 0.818938
vt 0.70968 0.764402
vt 0.470119 0.472495
vt 0.511083 0.509014
vt 0.556572 0.493715
vt 0.470119 0.472495
vt 0.556572 0.493715
vt 0.515684 0.456706
vt 0.534663 0.16862
vt 0.535468 0.223843
vt 0.565161 0.238017
vt 0.534663 0.16862
vt 0.565161 0.238017
vt 0.566185 0.188319
vt 0.566185 0.188319
vt 0.565161 0.238017
vt 0.614506 0.239211
vt 0.566185 0.188319
vt 0.614506 0.239211
vt 0.618012 0.188475
vt 0.135456 0.182695
vt 0.135055 0.233543
vt 0.17464 0.238718
vt 0.135456 0.182695
vt 0.17464 0.238718
vt 0.174876 0.1897
vt 0.17464 0.238718
vt 0.174798 0.287049
vt 0.213838 0.283534
vt 0.17464 0.238718
vt 0.213838 0.283534
vt 0.213677 0.234088
vt 0.808777 0.910052
vt 0.822634 0.956216
vt 0.869625 0.947321
vt 0.808777 0.910052
vt 0.869625 0.947321
vt 0.857435 0.90671
vt 0.857435 0.90671
vt 0.869625 0.947321
vt 0.896478 0.934017
vt 0.857435 0.90671
vt 0.896478 0.934017
vt 0.885942 0.890856
vt 0.0660757 0.497841
vt 0.0394083 0.53463
vt 0.0790098 0.551676
vt 0.0660757 0.497841
vt 0.0790098 0.551676
vt 0.111218 0.514244
vt 0.716164 0.421582
vt 0.719558 0.47094
vt 0.766313 0.45411
vt 0.716164 0.421582
vt 0.766313 0.45411
vt 0.762917 0.407397
vt 0.649502 0.0241958
vt 0.644423 0.0696259
vt 0.680995 0.058414
vt 0.649502 0.0241958
vt 0.680995 0.058414
vt 0.683732 0.0106121
vt 0.101818 0.275644
vt 0.099184 0.32419
vt 0.134354 0.339232
vt 0.101818 0.275644
vt 0.134354 0.339232
vt 0.134354 0.292946
vt 0.668193 0.806599
vt 0.666614 0.853303
vt 0.713996 0.868359
vt 0.668193 0.806599
vt 0.713996 0.868359
vt 0.715463 0.818938
vt 0.511083 0.509014
vt 0.542474 0.546837
vt 0.58244 0.530725
vt 0.511083 0.509014
vt 0.58244 0.530725
vt 0.556572 0.493715
vt 0.535468 0.223843
vt 0.528558 0.26894
vt 0.556631 0.281132
vt 0.535468 0.223843
vt 0.556631 0.281132
vt 0.565161 0.238017
vt 0.565161 0.238017
vt 0.556631 0.281132
vt 0.60481 0.28822
vt 0.565161 0.238017
vt 0.60481 0.28822
vt 0.614506 0.239211
vt 0.135055 0.233543
vt 0.135216 0.282989
vt 0.174798 0.287049
vt 0.135055 0.233543
vt 0.174798 0.287049
vt 0.17464 0.238718
vt 0.250358 0.0314912
vt 0.251463 0.0804419
vt 0.28957 0.0752339
vt 0.250358 0.0314912
vt 0.28957 0.0752339
vt 0.28844 0.0251542
vt 0.822634 0.956216
vt 0.842142 0.999649
vt 0.886786 0.98553
vt 0.822634 0.956216
vt 0.886786 0.98553
vt 0.869625 0.947321
vt 0.869625 0.947321
vt 0.886786 0.98553
vt 0.912514 0.96972
vt 0.869625 0.947321
vt 0.912514 0.96972
vt 0.896478 0.934017
vt 0.0394083 0.53463
vt 0.0222206 0.571966
vt 0.0602573 0.586651
vt 0.0394083 0.53463
vt 0.0602573 0.586651
vt 0.0790098 0.551676
vt 0.719558 0.47094
vt 0.729878 0.508971
vt 0.774438 0.494221
vt 0.719558 0.47094
vt 0.774438 0.494221
vt 0.766313 0.45411
vt 0.644423 0.0696259
vt 0.641798 0.110548
vt 0.679567 0.102408
vt 0.644423 0.0696259
vt 0.679567 0.102408
vt 0.680995 0.058414
vt 0.099184 0.32419
vt 0.0964023 0.366587
vt 0.133159 0.378497
vt 0.099184 0.32419
vt 0.133159 0.378497
vt 0.134354 0.339232
vt 0.666614 0.853303
vt 0.660079 0.893914
vt 0.705196 0.907103
vt 0.666614 0.853303
vt 0.705196 0.907103
vt 0.713996 0.868359
vt 0.542474 0.546837
vt 0.560462 0.581971
vt 0.598814 0.568155
vt 0.542474 0.546837
vt 0.598814 0.568155
vt 0.58244 0.530725
vt 0.528558 0.26894
vt 0.516001 0.307751
vt 0.543193 0.322667
vt 0.528558 0.26894
vt 0.543193 0.322667
vt 0.556631 0.281132
vt 0.556631 0.281132
vt 0.543193 0.322667
vt 0.589534 0.335435
vt 0.556631 0.281132
vt 0.589534 0.335435
vt 0.60481 0.28822
vt 0.135216 0.282989
vt 0.135776 0.330929
vt 0.175344 0.333909
vt 0.135216 0.282989
vt 0.175344 0.333909
vt 0.174798 0.287049
vt 0.251463 0.0804419
vt 0.250358 0.128771
vt 0.28844 0.124677
vt 0.251463 0.0804419
vt 0.28844 0.124677
vt 0.28957 0.0752339
vt 0.858854 0.187831
vt 0.836636 0.22912
vt 0.879118 0.248757
vt 0.858854 0.187831
vt 0.879118 0.248757
vt 0.898663 0.212435
vt 0.898663 0.212435
vt 0.879118 0.248757
vt 0.909105 0.257921
vt 0.898663 0.212435
vt 0.909105 0.257921
vt 0.927368 0.22398
vt 0.0222206 0.571966
vt 0.00985505 0.611248
vt 0.0494375 0.621023
vt 0.0222206 0.571966
vt 0.0494375 0.621023
vt 0.0602573 0.586651
vt 0.729878 0.508971
vt 0.744504 0.540864
vt 0.786651 0.524255
vt 0.729878 0.508971
vt 0.786651 0.524255
vt 0.774438 0.494221
vt 0.641798 0.110548
vt 0.641798 0.143455
vt 0.679624 0.138888
vt 0.641798 0.110548
vt 0.679624 0.138888
vt 0.679567 0.102408
vt 0.679567 0.102408
vt 0.679624 0.138888
vt 0.715463 0.144459
vt 0.679567 0.102408
vt 0.715463 0.144459
vt 0.714823 0.111544
vt 0.660079 0.893914
vt 0.64909 0.924928
vt 0.691879 0.940184
vt 0.660079 0.893914
vt 0.691879 0.940184
vt 0.705196 0.907103
vt 0.560462 0.581971
vt 0.570527 0.616409
vt 0.610317 0.607512
vt 0.560462 0.581971
vt 0.610317 0.607512
vt 0.598814 0.568155
vt 0.516001 0.307751
vt 0.499073 0.344423
vt 0.525077 0.361912
vt 0.516001 0.307751
vt 0.525077 0.361912
vt 0.543193 0.322667
vt 0.543193 0.322667
vt 0.525077 0.361912
vt 0.56894 0.380046
vt 0.543193 0.322667
vt 0.56894 0.380046
vt 0.589534 0.335435
vt 0.135776 0.330929
vt 0.136723 0.376545
vt 0.176271 0.378497
vt 0.135776 0.330929
vt 0.176271 0.378497
vt 0.175344 0.333909
vt 0.952584 0.757547
vt 0.952698 0.804437
vt 0.992098 0.801346
vt 0.952584 0.757547
vt 0.992098 0.801346
vt 0.991981 0.753375
vt 0.836636 0.22912
vt 0.819642 0.27367
vt 0.864168 0.287949
vt 0.836636 0.22912
vt 0.864168 0.287949
vt 0.879118 0.248757
vt 0.879118 0.248757
vt 0.864168 0.287949
vt 0.895135 0.294542
vt 0.879118 0.248757
vt 0.895135 0.294542
vt 0.909105 0.257921
vt 0.00985505 0.611248
vt 0.00252329 0.651804
vt 0.0430222 0.65651
vt 0.00985505 0.611248
vt 0.0430222 0.65651
vt 0.0494375 0.621023
vt 0.744504 0.540864
vt 0.762161 0.570321
vt 0.801691 0.549346
vt 0.744504 0.540864
vt 0.801691 0.549346
vt 0.786651 0.524255
vt 0.478224 0.0125782
vt 0.44772 0.00955343
vt 0.44772 0.0465133
vt 0.478224 0.0125782
vt 0.44772 0.0465133
vt 0.478505 0.0495945
vt 0.9507 0.573474
vt 0.950695 0.60365
vt 0.988145 0.605164
vt 0.9507 0.573474
vt 0.988145 0.605164
vt 0.98815 0.575255
vt 0.64909 0.924928
vt 0.635104 0.951355
vt 0.675458 0.97121
vt 0.64909 0.924928
vt 0.675458 0.97121
vt 0.691879 0.940184
vt 0.570527 0.616409
vt 0.576159 0.651944
vt 0.616753 0.648124
vt 0.570527 0.616409
vt 0.616753 0.648124
vt 0.610317 0.607512
vt 0.306638 0.0612253
vt 0.315969 0.100439
vt 0.347214 0.0968875
vt 0.306638 0.0612253
vt 0.347214 0.0968875
vt 0.337228 0.0549219
vt 0.337228 0.0549219
vt 0.347214 0.0968875
vt 0.393366 0.0860819
vt 0.337228 0.0549219
vt 0.393366 0.0860819
vt 0.382014 0.0383782
vt 0.913215 0.753352
vt 0.913332 0.801322
vt 0.952698 0.804437
vt 0.913215 0.753352
vt 0.952698 0.804437
vt 0.952584 0.757547
vt 0.952698 0.804437
vt 0.952756 0.852785
vt 0.992156 0.850809
vt 0.952698 0.804437
vt 0.992156 0.850809
vt 0.992098 0.801346
vt 0.819642 0.27367
vt 0.808162 0.320718
vt 0.854069 0.329337
vt 0.819642 0.27367
vt 0.854069 0.329337
vt 0.864168 0.287949
vt 0.864168 0.287949
vt 0.854069 0.329337
vt 0.885698 0.333216
vt 0.864168 0.287949
vt 0.885698 0.333216
vt 0.895135 0.294542
vt 0.00252329 0.651804
vt 0.000350809 0.692941
vt 0.0411213 0.692504
vt 0.00252329 0.651804
vt 0.0411213 0.692504
vt 0.0430222 0.65651
vt 0.763818 0.571023
vt 0.746353 0.599536
vt 0.785646 0.620716
vt 0.763818 0.571023
vt 0.785646 0.620716
vt 0.800522 0.596429
vt 0.913215 0.605192
vt 0.91322 0.635759
vt 0.9507 0.634496
vt 0.913215 0.605192
vt 0.9507 0.634496
vt 0.950695 0.60365
vt 0.950695 0.60365
vt 0.9507 0.634496
vt 0.98815 0.635731
vt 0.950695 0.60365
vt 0.98815 0.635731
vt 0.988145 0.605164
vt 0.635104 0.951355
vt 0.618714 0.97558
vt 0.656216 0.999649
vt 0.635104 0.951355
vt 0.656216 0.999649
vt 0.675458 0.97121
vt 0.576159 0.651944
vt 0.57726 0.687968
vt 0.618012 0.689294
vt 0.576159 0.651944
vt 0.618012 0.689294
vt 0.616753 0.648124
vt 0.315969 0.100439
vt 0.320894 0.140949
vt 0.352485 0.14024
vt 0.315969 0.100439
vt 0.352485 0.14024
vt 0.347214 0.0968875
vt 0.347214 0.0968875
vt 0.352485 0.14024
vt 0.399356 0.135362
vt 0.347214 0.0968875
vt 0.399356 0.135362
vt 0.393366 0.0860819
vt 0.913332 0.801322
vt 0.913391 0.850785
vt 0.952756 0.852785
vt 0.913332 0.801322
vt 0.952756 0.852785
vt 0.952698 0.804437
vt 0.952756 0.852785
vt 0.952756 0.901764
vt 0.992156 0.900918
vt 0.952756 0.852785
vt 0.992156 0.900918
vt 0.992156 0.850809
vt 0.808162 0.320718
vt 0.802393 0.369459
vt 0.848993 0.372216
vt 0.808162 0.320718
vt 0.848993 0.372216
vt 0.854069 0.329337
vt 0.854069 0.329337
vt 0.848993 0.372216
vt 0.880956 0.373283
vt 0.854069 0.329337
vt 0.880956 0.373283
vt 0.885698 0.333216
vt 0.000350809 0.692941
vt 0.00337479 0.733953
vt 0.0437673 0.72839
vt 0.000350809 0.692941
vt 0.0437673 0.72839
vt 0.0411213 0.692504
vt 0.746353 0.599536
vt 0.731707 0.630675
vt 0.773332 0.649679
vt 0.746353 0.599536
vt 0.773332 0.649679
vt 0.785646 0.620716
vt 0.91322 0.635759
vt 0.913514 0.668472
vt 0.950722 0.670004
vt 0.91322 0.635759
vt 0.950722 0.670004
vt 0.9507 0.634496
vt 0.9507 0.634496
vt 0.950722 0.670004
vt 0.987891 0.668444
vt 0.9507 0.634496
vt 0.987891 0.668444
vt 0.98815 0.635731
vt 0.643691 0.166989
vt 0.656692 0.194869
vt 0.697827 0.175037
vt 0.643691 0.166989
vt 0.697827 0.175037
vt 0.682449 0.145161
vt 0.57726 0.687968
vt 0.573813 0.723865
vt 0.614072 0.730319
vt 0.57726 0.687968
vt 0.614072 0.730319
vt 0.618012 0.689294
vt 0.320894 0.140949
vt 0.321328 0.182062
vt 0.352949 0.184238
vt 0.320894 0.140949
vt 0.352949 0.184238
vt 0.352485 0.14024
vt 0.352485 0.14024
vt 0.352949 0.184238
vt 0.399885 0.185377
vt 0.352485 0.14024
vt 0.399885 0.185377
vt 0.399356 0.135362
vt 0.913391 0.850785
vt 0.913391 0.900895
vt 0.952756 0.901764
vt 0.913391 0.850785
vt 0.952756 0.901764
vt 0.952756 0.852785
vt 0.952756 0.901764
vt 0.952698 0.950538
vt 0.992098 0.950816
vt 0.952756 0.901764
vt 0.992098 0.950816
vt 0.992156 0.900918
vt 0.802393 0.369459
vt 0.802433 0.41906
vt 0.849029 0.41585
vt 0.802393 0.369459
vt 0.849029 0.41585
vt 0.848993 0.372216
vt 0.848993 0.372216
vt 0.849029 0.41585
vt 0.880989 0.414056
vt 0.848993 0.372216
vt 0.880989 0.414056
vt 0.880956 0.373283
vt 0.00337479 0.733953
vt 0.0115435 0.774141
vt 0.0535332 0.766182
vt 0.00337479 0.733953
vt 0.0535332 0.766182
vt 0.0437673 0.72839
vt 0.731707 0.630675
vt 0.720929 0.667531
vt 0.764576 0.687644
vt 0.731707 0.630675
vt 0.764576 0.687644
vt 0.773332 0.649679
vt 0.913514 0.668472
vt 0.914774 0.70647
vt 0.950765 0.710403
vt 0.913514 0.668472
vt 0.950765 0.710403
vt 0.950722 0.670004
vt 0.950722 0.670004
vt 0.950765 0.710403
vt 0.986708 0.706443
vt 0.950722 0.670004
vt 0.986708 0.706443
vt 0.987891 0.668444
vt 0.656692 0.194869
vt 0.666389 0.232007
vt 0.709508 0.210924
vt 0.656692 0.194869
vt 0.709508 0.210924
vt 0.697827 0.175037
vt 0.573813 0.723865
vt 0.563199 0.761588
vt 0.605001 0.770497
vt 0.573813 0.723865
vt 0.605001 0.770497
vt 0.614072 0.730319
vt 0.321328 0.182062
vt 0.317264 0.223075
vt 0.3486 0.228129
vt 0.321328 0.182062
vt 0.3486 0.228129
vt 0.352949 0.184238
vt 0.352949 0.184238
vt 0.3486 0.228129
vt 0.394941 0.235269
vt 0.352949 0.184238
vt 0.394941 0.235269
vt 0.399885 0.185377
vt 0.913391 0.900895
vt 0.913332 0.950793
vt 0.952698 0.950538
vt 0.913391 0.900895
vt 0.952698 0.950538
vt 0.952756 0.901764
vt 0.952698 0.950538
vt 0.952584 0.99827
vt 0.991981 0.999649
vt 0.952698 0.950538
vt 0.991981 0.999649
vt 0.992098 0.950816
vt 0.802433 0.41906
vt 0.808282 0.468671
vt 0.854174 0.459493
vt 0.802433 0.41906
vt 0.854174 0.459493
vt 0.849029 0.41585
vt 0.849029 0.41585
vt 0.854174 0.459493
vt 0.887873 0.458454
vt 0.849029 0.41585
vt 0.887873 0.458454
vt 0.880989 0.414056
vt 0.0115435 0.774141
vt 0.0284105 0.815465
vt 0.074602 0.808403
vt 0.0115435 0.774141
vt 0.074602 0.808403
vt 0.0535332 0.766182
vt 0.720929 0.667531
vt 0.716164 0.714481
vt 0.759988 0.731611
vt 0.720929 0.667531
vt 0.759988 0.731611
vt 0.764576 0.687644
vt 0.000350769 0.0654522
vt 0.000350772 0.105894
vt 0.0342613 0.117734
vt 0.000350769 0.0654522
vt 0.0342613 0.117734
vt 0.0364794 0.0754061
vt 0.950765 0.710403
vt 0.950823 0.75265
vt 0.98463 0.746811
vt 0.950765 0.710403
vt 0.98463 0.746811
vt 0.986708 0.706443
vt 0.666389 0.232007
vt 0.672096 0.275454
vt 0.715463 0.257269
vt 0.666389 0.232007
vt 0.715463 0.257269
vt 0.709508 0.210924
vt 0.563199 0.761588
vt 0.541183 0.803548
vt 0.587202 0.811701
vt 0.563199 0.761588
vt 0.587202 0.811701
vt 0.605001 0.770497
vt 0.317264 0.223075
vt 0.306638 0.266398
vt 0.339512 0.271162
vt 0.317264 0.223075
vt 0.339512 0.271162
vt 0.3486 0.228129
vt 0.3486 0.228129
vt 0.339512 0.271162
vt 0.38461 0.284186
vt 0.3486 0.228129
vt 0.38461 0.284186
vt 0.394941 0.235269
vt 0.913332 0.950793
vt 0.913215 0.999626
vt 0.952584 0.99827
vt 0.913332 0.950793
vt 0.952584 0.99827
vt 0.952698 0.950538
vt 0.87469 0.0170873
vt 0.874676 0.065096
vt 0.913955 0.0671649
vt 0.87469 0.0170873
vt 0.913955 0.0671649
vt 0.914071 0.0173817
vt 0.808282 0.468671
vt 0.820393 0.51795
vt 0.867769 0.50641
vt 0.808282 0.468671
vt 0.867769 0.50641
vt 0.854174 0.459493
vt 0.854174 0.459493
vt 0.867769 0.50641
vt 0.904212 0.508948
vt 0.854174 0.459493
vt 0.904212 0.508948
vt 0.887873 0.458454
vt 0.0284105 0.815465
vt 0.058462 0.859127
vt 0.104478 0.850948
vt 0.0284105 0.815465
vt 0.104478 0.850948
vt 0.074602 0.808403
vt 0.716164 0.714481
vt 0.717639 0.766687
vt 0.759563 0.777955
vt 0.716164 0.714481
vt 0.759563 0.777955
vt 0.759988 0.731611
vt 0.000350772 0.105894
vt 0.00160781 0.149997
vt 0.0325159 0.163104
vt 0.000350772 0.105894
vt 0.0325159 0.163104
vt 0.0342613 0.117734
vt 0.0342613 0.117734
vt 0.0325159 0.163104
vt 0.0630185 0.150029
vt 0.0342613 0.117734
vt 0.0630185 0.150029
vt 0.06756 0.105929
vt 0.672096 0.275454
vt 0.673725 0.321589
vt 0.715341 0.309263
vt 0.672096 0.275454
vt 0.715341 0.309263
vt 0.715463 0.257269
vt 0.541183 0.803548
vt 0.510354 0.845663
vt 0.556167 0.854996
vt 0.541183 0.803548
vt 0.556167 0.854996
vt 0.587202 0.811701
vt 0.40087 0.050296
vt 0.415124 0.0998353
vt 0.444418 0.0775602
vt 0.306638 0.266398
vt 0.322444 0.315846
vt 0.339512 0.271162
vt 0.339512 0.271162
vt 0.322444 0.315846
vt 0.368518 0.331689
vt 0.339512 0.271162
vt 0.368518 0.331689
vt 0.38461 0.284186
vt 0.835302 0.0173817
vt 0.83539 0.0671649
vt 0.874676 0.065096
vt 0.835302 0.0173817
vt 0.874676 0.065096
vt 0.87469 0.0170873
vt 0.874676 0.065096
vt 0.874676 0.119049
vt 0.91253 0.125168
vt 0.874676 0.065096
vt 0.91253 0.125168
vt 0.913955 0.0671649
vt 0.820393 0.51795
vt 0.844571 0.570321
vt 0.891617 0.556272
vt 0.820393 0.51795
vt 0.891617 0.556272
vt 0.867769 0.50641
vt 0.867769 0.50641
vt 0.891617 0.556272
vt 0.927368 0.559607
vt 0.867769 0.50641
vt 0.927368 0.559607
vt 0.904212 0.508948
vt 0.058462 0.859127
vt 0.0974052 0.900234
vt 0.139596 0.890228
vt 0.058462 0.859127
vt 0.139596 0.890228
vt 0.104478 0.850948
vt 0.717639 0.766687
vt 0.724599 0.819116
vt 0.76277 0.82341
vt 0.717639 0.766687
vt 0.76277 0.82341
vt 0.759563 0.777955
vt 0.00160781 0.149997
vt 0.00400845 0.194422
vt 0.031265 0.208025
vt 0.00160781 0.149997
vt 0.031265 0.208025
vt 0.0325159 0.163104
vt 0.0325159 0.163104
vt 0.031265 0.208025
vt 0.05834 0.19445
vt 0.0325159 0.163104
vt 0.05834 0.19445
vt 0.0630185 0.150029
vt 0.673725 0.321589
vt 0.671714 0.367101
vt 0.709761 0.361832
vt 0.673725 0.321589
vt 0.709761 0.361832
vt 0.715341 0.309263
vt 0.510354 0.845663
vt 0.474357 0.884384
vt 0.5163 0.895534
vt 0.510354 0.845663
vt 0.5163 0.895534
vt 0.556167 0.854996
vt 0.415124 0.0998353
vt 0.423155 0.155264
vt 0.451703 0.131769
vt 0.415124 0.0998353
vt 0.451703 0.131769
vt 0.444418 0.0775602
vt 0.444418 0.0775602
vt 0.451703 0.131769
vt 0.498371 0.119522
vt 0.322444 0.315846
vt 0.341112 0.380046
vt 0.368518 0.331689
vt 0.83539 0.0671649
vt 0.836821 0.125168
vt 0.874676 0.119049
vt 0.83539 0.0671649
vt 0.874676 0.119049
vt 0.874676 0.065096
vt 0.874676 0.119049
vt 0.874692 0.176159
vt 0.909423 0.187129
vt 0.874676 0.119049
vt 0.909423 0.187129
vt 0.91253 0.125168
vt 0.216868 0.129472
vt 0.21454 0.191619
vt 0.259518 0.204205
vt 0.216868 0.129472
vt 0.259518 0.204205
vt 0.262991 0.145638
vt 0.262991 0.145638
vt 0.259518 0.204205
vt 0.283248 0.227365
vt 0.262991 0.145638
vt 0.283248 0.227365
vt 0.28957 0.171528
vt 0.0974052 0.900234
vt 0.141456 0.935808
vt 0.175992 0.923682
vt 0.0974052 0.900234
vt 0.175992 0.923682
vt 0.139596 0.890228
vt 0.724599 0.819116
vt 0.735513 0.867367
vt 0.768683 0.865342
vt 0.724599 0.819116
vt 0.768683 0.865342
vt 0.76277 0.82341
vt 0.00400845 0.194422
vt 0.00736799 0.236287
vt 0.0304606 0.249332
vt 0.00400845 0.194422
vt 0.0304606 0.249332
vt 0.031265 0.208025
vt 0.031265 0.208025
vt 0.0304606 0.249332
vt 0.0536064 0.236311
vt 0.031265 0.208025
vt 0.0536064 0.236311
vt 0.05834 0.19445
vt 0.671714 0.367101
vt 0.666917 0.40928
vt 0.700132 0.410475
vt 0.671714 0.367101
vt 0.700132 0.410475
vt 0.709761 0.361832
vt 0.474357 0.884384
vt 0.437215 0.917199
vt 0.471454 0.930363
vt 0.474357 0.884384
vt 0.471454 0.930363
vt 0.5163 0.895534
vt 0.423155 0.155264
vt 0.425126 0.211766
vt 0.450763 0.190807
vt 0.423155 0.155264
vt 0.450763 0.190807
vt 0.451703 0.131769
vt 0.451703 0.131769
vt 0.450763 0.190807
vt 0.496399 0.182212
vt 0.451703 0.131769
vt 0.496399 0.182212
vt 0.498371 0.119522
vt 0.836821 0.125168
vt 0.839971 0.187129
vt 0.874692 0.176159
vt 0.836821 0.125168
vt 0.874692 0.176159
vt 0.874676 0.119049
vt 0.802393 0.0129585
vt 0.805055 0.07956
vt 0.833191 0.0875432
vt 0.802393 0.0129585
vt 0.833191 0.0875432
vt 0.834601 0.0217466
vt 0.21454 0.191619
vt 0.22228 0.256593
vt 0.262392 0.260684
vt 0.21454 0.191619
vt 0.262392 0.260684
vt 0.259518 0.204205
vt 0.259518 0.204205
vt 0.262392 0.260684
vt 0.281535 0.279321
vt 0.259518 0.204205
vt 0.281535 0.279321
vt 0.283248 0.227365
vt 0.141456 0.935808
vt 0.185424 0.963566
vt 0.209902 0.949952
vt 0.141456 0.935808
vt 0.209902 0.949952
vt 0.175992 0.923682
vt 0.735513 0.867367
vt 0.748367 0.908163
vt 0.775827 0.900673
vt 0.735513 0.867367
vt 0.775827 0.900673
vt 0.768683 0.865342
vt 0.00736799 0.236287
vt 0.0111859 0.272157
vt 0.030005 0.284561
vt 0.00736799 0.236287
vt 0.030005 0.284561
vt 0.0304606 0.249332
vt 0.0304606 0.249332
vt 0.030005 0.284561
vt 0.04913 0.272176
vt 0.0304606 0.249332
vt 0.04913 0.272176
vt 0.0536064 0.236311
vt 0.666917 0.40928
vt 0.66072 0.444944
vt 0.688375 0.451784
vt 0.666917 0.40928
vt 0.688375 0.451784
vt 0.700132 0.410475
vt 0.437215 0.917199
vt 0.402722 0.94281
vt 0.426872 0.957266
vt 0.437215 0.917199
vt 0.426872 0.957266
vt 0.471454 0.930363
vt 0.425126 0.211766
vt 0.422347 0.263758
vt 0.443098 0.24693
vt 0.425126 0.211766
vt 0.443098 0.24693
vt 0.450763 0.190807
vt 0.450763 0.190807
vt 0.443098 0.24693
vt 0.483485 0.246516
vt 0.450763 0.190807
vt 0.483485 0.246516
vt 0.496399 0.182212
vt 0.928866 0.350481
vt 0.92807 0.413937
vt 0.957536 0.40468
vt 0.928866 0.350481
vt 0.957536 0.40468
vt 0.962794 0.339672
vt 0.805055 0.07956
vt 0.802393 0.138098
vt 0.825712 0.145255
vt 0.805055 0.07956
vt 0.825712 0.145255
vt 0.833191 0.0875432
vt 0.22228 0.256593
vt 0.236983 0.313797
vt 0.26952 0.309071
vt 0.22228 0.256593
vt 0.26952 0.309071
vt 0.262392 0.260684
vt 0.262392 0.260684
vt 0.26952 0.309071
vt 0.282796 0.321502
vt 0.262392 0.260684
vt 0.282796 0.321502
vt 0.281535 0.279321
vt 0.185424 0.963566
vt 0.223192 0.982408
vt 0.239157 0.969359
vt 0.185424 0.963566
vt 0.239157 0.969359
vt 0.209902 0.949952
vt 0.748367 0.908163
vt 0.761546 0.940513
vt 0.782859 0.928065
vt 0.748367 0.908163
vt 0.782859 0.928065
vt 0.775827 0.900673
vt 0.0111859 0.272157
vt 0.0149852 0.300324
vt 0.0297845 0.312238
vt 0.0111859 0.272157
vt 0.0297845 0.312238
vt 0.030005 0.284561
vt 0.030005 0.284561
vt 0.0297845 0.312238
vt 0.0451308 0.300339
vt 0.030005 0.284561
vt 0.0451308 0.300339
vt 0.04913 0.272176
vt 0.66072 0.444944
vt 0.654427 0.472664
vt 0.676064 0.484643
vt 0.66072 0.444944
vt 0.676064 0.484643
vt 0.688375 0.451784
vt 0.402722 0.94281
vt 0.373045 0.961566
vt 0.388694 0.97527
vt 0.402722 0.94281
vt 0.388694 0.97527
vt 0.426872 0.957266
vt 0.422347 0.263758
vt 0.417092 0.305572
vt 0.431365 0.294361
vt 0.422347 0.263758
vt 0.431365 0.294361
vt 0.443098 0.24693
vt 0.443098 0.24693
vt 0.431365 0.294361
vt 0.463645 0.302145
vt 0.443098 0.24693
vt 0.463645 0.302145
vt 0.483485 0.246516
vt 0.92807 0.413937
vt 0.93266 0.472388
vt 0.956759 0.465093
vt 0.92807 0.413937
vt 0.956759 0.465093
vt 0.957536 0.40468
vt 0.618714 0.447357
vt 0.621825 0.490228
vt 0.639571 0.495546
vt 0.802393 0.138098
vt 0.814772 0.187129
vt 0.825712 0.145255
vt 0.236983 0.313797
vt 0.253759 0.355561
vt 0.276825 0.345766
vt 0.236983 0.313797
vt 0.276825 0.345766
vt 0.26952 0.309071
vt 0.26952 0.309071
vt 0.276825 0.345766
vt 0.284083 0.353857
vt 0.26952 0.309071
vt 0.284083 0.353857
vt 0.282796 0.321502
vt 0.223192 0.982408
vt 0.253169 0.995148
vt 0.261968 0.986133
vt 0.223192 0.982408
vt 0.261968 0.986133
vt 0.239157 0.969359
vt 0.761546 0.940513
vt 0.769898 0.967403
vt 0.788737 0.947382
vt 0.761546 0.940513
vt 0.788737 0.947382
vt 0.782859 0.928065
vt 0.0149852 0.300324
vt 0.0181443 0.32042
vt 0.0281687 0.333624
vt 0.0149852 0.300324
vt 0.0281687 0.333624
vt 0.0297845 0.312238
vt 0.0297845 0.312238
vt 0.0281687 0.333624
vt 0.0418809 0.320379
vt 0.0297845 0.312238
vt 0.0418809 0.320379
vt 0.0451308 0.300339
vt 0.654427 0.472664
vt 0.64902 0.492221
vt 0.665676 0.508594
vt 0.654427 0.472664
vt 0.665676 0.508594
vt 0.676064 0.484643
vt 0.373045 0.961566
vt 0.350391 0.974528
vt 0.358572 0.985862
vt 0.373045 0.961566
vt 0.358572 0.985862
vt 0.388694 0.97527
vt 0.159955 0.0152296
vt 0.159955 0.0459816
vt 0.16721 0.0379844
vt 0.17443 0.0283414
vt 0.184868 0.049537
vt 0.184868 0.0138569
vt 0.431365 0.294361
vt 0.419213 0.328681
vt 0.442668 0.342025
vt 0.431365 0.294361
vt 0.442668 0.342025
vt 0.463645 0.302145
vt 0.93266 0.472388
vt 0.940661 0.517024
vt 0.959027 0.510416
vt 0.93266 0.472388
vt 0.959027 0.510416
vt 0.956759 0.465093
vt 0.621825 0.490228
vt 0.621845 0.518342
vt 0.632332 0.522059
vt 0.621825 0.490228
vt 0.632332 0.522059
vt 0.639571 0.495546
vt 0.974965 0.504188
vt 0.963495 0.529842
vt 0.981854 0.536934
vt 0.253759 0.355561
vt 0.283944 0.37036
vt 0.276825 0.345766
vt 0.276825 0.345766
vt 0.283944 0.37036
vt 0.28957 0.378497
vt 0.618908 0.029584
vt 0.618908 0.0647644
vt 0.623286 0.0392407
vt 0.253169 0.995148
vt 0.278877 0.999649
vt 0.305937 0.996108
vt 0.253169 0.995148
vt 0.305937 0.996108
vt 0.261968 0.986133
vt 0.769898 0.967403
vt 0.800522 0.999649
vt 0.79244 0.961492
vt 0.769898 0.967403
vt 0.79244 0.961492
vt 0.788737 0.947382
vt 0.293964 0.318793
vt 0.290272 0.333611
vt 0.293964 0.378497
vt 0.716164 0.0925136
vt 0.716164 0.151761
vt 0.723028 0.107721
vt 0.0281687 0.333624
vt 0.0319892 0.378497
vt 0.0402765 0.334205
vt 0.0281687 0.333624
vt 0.0402765 0.334205
vt 0.0418809 0.320379
vt 0.64902 0.492221
vt 0.644451 0.505361
vt 0.655742 0.525111
vt 0.64902 0.492221
vt 0.655742 0.525111
vt 0.665676 0.508594
vt 0.350391 0.974528
vt 0.33165 0.980657
vt 0.338345 0.990972
vt 0.350391 0.974528
vt 0.338345 0.990972
vt 0.358572 0.985862
vt 0.914773 0.0803403
vt 0.916809 0.100807
vt 0.921335 0.0938338
vt 0.985395 0.45096
vt 0.990867 0.465359
vt 0.990867 0.441873
vt 0.419213 0.328681
vt 0.409365 0.349601
vt 0.426637 0.364098
vt 0.419213 0.328681
vt 0.426637 0.364098
vt 0.442668 0.342025
vt 0.940661 0.517024
vt 0.948178 0.543518
vt 0.961059 0.539023
vt 0.940661 0.517024
vt 0.961059 0.539023
vt 0.959027 0.510416
vt 0.621845 0.518342
vt 0.618714 0.55008
vt 0.629249 0.53977
vt 0.621845 0.518342
vt 0.629249 0.53977
vt 0.632332 0.522059
vt 0.639571 0.226613
vt 0.632713 0.243682
vt 0.639571 0.267403
vt 0.963495 0.529842
vt 0.963495 0.570321
vt 0.981854 0.536934
vt 0.724308 0.11579
vt 0.724308 0.151761
vt 0.725311 0.151141
vt 0.724308 0.11579
vt 0.725311 0.151141
vt 0.727641 0.124776
vt 0.642317 0.447357
vt 0.640272 0.475712
vt 0.642317 0.477126
vt 0.201657 0.0513187
vt 0.201657 0.0784032
vt 0.20475 0.0759782
vt 0.135221 0.0155577
vt 0.138163 0.0183318
vt 0.138163 0.008627
vt 0.244015 0.0783251
vt 0.249656 0.0733522
vt 0.244015 0.0396061
vt 0.725771 0.0479525
vt 0.716164 0.0813048
vt 0.725771 0.0918121
vt 0.642225 0.505042
vt 0.640272 0.549258
vt 0.642225 0.55008
vt 0.0790775 0.0684593
vt 0.0811017 0.0688419
vt 0.0824531 0.0345494
vt 0.200389 0.123955
vt 0.20475 0.0903443
vt 0.200389 0.0791047
vt 0.297982 0.0759528
vt 0.291694 0.0861371
vt 0.297982 0.119834
vt 0.644451 0.505361
vt 0.643691 0.55008
vt 0.655742 0.525111
vt 0.33165 0.980657
vt 0.306638 0.992905
vt 0.314937 0.999649
vt 0.33165 0.980657
vt 0.314937 0.999649
vt 0.338345 0.990972
vt 0.916809 0.100807
vt 0.914773 0.125106
vt 0.916756 0.124523
vt 0.916809 0.100807
vt 0.916756 0.124523
vt 0.921335 0.0938338
vt 0.409365 0.349601
vt 0.40087 0.380046
vt 0.417417 0.37716
vt 0.409365 0.349601
vt 0.417417 0.37716
vt 0.426637 0.364098
vt 0.156303 0.0138914
vt 0.151883 0.0295914
vt 0.156303 0.0459816
vt 0.948178 0.543518
vt 0.962794 0.570321
vt 0.961059 0.539023
vt 0.992121 0.712905
vt 0.989635 0.714527
vt 0.992386 0.718776
vt 0.992121 0.712905
vt 0.992386 0.718776
vt 0.992697 0.718701
vt 0.839946 0.591587
vt 0.839946 0.571023
vt 0.835432 0.577813
vt 0.265372 0.0218795
vt 0.260515 0.00740188
vt 0.260515 0.0244528
vt 0.990646 0.441171
vt 0.985922 0.428719
vt 0.985956 0.434567
vt 0.292899 0.151705
vt 0.29052 0.14393
vt 0.29052 0.160271
vt 0.34856 0.0376766
vt 0.349098 0.0152649
vt 0.344695 0.0139291
vt 0.34856 0.0376766
vt 0.344695 0.0139291
vt 0.344695 0.032128
vt 0.83076 0.571023
vt 0.83076 0.591794
vt 0.83473 0.586115
vt 0.987163 0.506639
vt 0.991611 0.522021
vt 0.991611 0.504188
vt 0.0824531 0.0103118
vt 0.0782161 0.0261011
vt 0.0824531 0.0338479
vt 0.985922 0.396507
vt 0.985922 0.420041
vt 0.989501 0.403915
vt 0.992056 0.036106
vt 0.986911 0.0529856
vt 0.992056 0.0576531
vt 0.242943 0.0173482
vt 0.242943 0.0389046
vt 0.245809 0.022586
vt 0.889973 0.0163859
vt 0.894564 0.0163859
vt 0.890944 0.0116124
vt 0.889973 0.0163859
vt 0.890944 0.0116124
vt 0.890552 0.0116249
vt 0.629261 0.267403
vt 0.632012 0.248075
vt 0.629261 0.243897
vt 0.990085 0.561768
vt 0.990085 0.538316
vt 0.986674 0.555646
vt 0.635428 0.0122159
vt 0.635704 0.000728488
vt 0.629878 0.000350833
vt 0.635428 0.0122159
vt 0.629878 0.000350833
vt 0.629972 0.0164437
vt 0.623286 0.00995183
vt 0.619254 0.0250097
vt 0.623286 0.0288824
vt 0.0105013 0.00962406
vt 0.0105013 0.028917
vt 0.0153306 0.0130476
vt 0.874918 0.571035
vt 0.874918 0.590652
vt 0.87827 0.584867
vt 0.987759 0.084973
vt 0.990902 0.0987962
vt 0.990902 0.0810643
vt 0.989071 0.692133
vt 0.991124 0.686964
vt 0.989732 0.687547
vt 0.989071 0.692133
vt 0.989732 0.687547
vt 0.988852 0.691433
vt 0.190336 0.0490688
vt 0.19127 0.0495369
vt 0.19127 0.0466629
vt 0.190336 0.0490688
vt 0.19127 0.0466629
vt 0.18999 0.047133
vt 0.290354 0.227982
vt 0.291275 0.21526
vt 0.290354 0.212784
vt 0.242834 0.114009
vt 0.242834 0.12877
vt 0.24426 0.121243
vt 0.87184 0.586287
vt 0.874217 0.590652
vt 0.871924 0.584479
vt 0.87184 0.586287
vt 0.871924 0.584479
vt 0.871096 0.579449
vt 0.640345 0.277651
vt 0.640429 0.275076
vt 0.640345 0.274348
vt 0.640621 0.254582
vt 0.640621 0.251261
vt 0.640381 0.252312
vt 0.291285 0.160973
vt 0.291285 0.18061
vt 0.292899 0.170588
vt 0.20577 0.114474
vt 0.206733 0.123955
vt 0.206733 0.111803
vt 0.988851 0.609191
vt 0.988851 0.622942
vt 0.990448 0.615304
vt 0.988851 0.609191
vt 0.990448 0.615304
vt 0.991918 0.607325
vt 0.988852 0.748485
vt 0.989444 0.739534
vt 0.988852 0.73624
vt 0.619382 0.315307
vt 0.619382 0.303012
vt 0.619057 0.308756
vt 0.925842 0.0841907
vt 0.926182 0.0872889
vt 0.926733 0.0850939
vt 0.925842 0.0841907
vt 0.926733 0.0850939
vt 0.926733 0.0827996
vt 0.987759 0.134843
vt 0.991127 0.122904
vt 0.987759 0.117942
vt 0.619382 0.346895
vt 0.619382 0.329888
vt 0.618879 0.337231
vt 0.290485 0.0579162
vt 0.292545 0.0518615
vt 0.290485 0.0488384
vt 0.295535 0.321083
vt 0.295535 0.312294
vt 0.295251 0.317156
vt 0.0773874 0.0280898
vt 0.0773874 0.00519764
vt 0.069494 0.0244742
vt 0.619382 0.276937
vt 0.619382 0.268294
vt 0.619011 0.273616
vt 0.295535 0.337579
vt 0.295047 0.350425
vt 0.295535 0.35596
vt 0.335468 0.0195393
vt 0.330849 0.0376766
vt 0.336537 0.0241662
vt 0.642851 0.409822
vt 0.641028 0.39113
vt 0.640272 0.391014
vt 0.642851 0.409822
vt 0.640272 0.391014
vt 0.640272 0.414593
vt 0.640436 0.250559
vt 0.640621 0.249523
vt 0.640287 0.248615
vt 0.640436 0.250559
vt 0.640287 0.248615
vt 0.640287 0.249812
vt 0.727641 0.0698791
vt 0.727641 0.0676784
vt 0.726992 0.0668896
vt 0.727641 0.0698791
vt 0.726992 0.0668896
vt 0.726834 0.0693351
vt 0.986674 0.572404
vt 0.993047 0.572404
vt 0.990399 0.56247
vt 0.619587 0.25584
vt 0.619587 0.245311
vt 0.619198 0.254911
vt 0.900373 0.00900525
vt 0.904492 0.0118796
vt 0.905093 0.0106269
vt 0.624917 0.363362
vt 0.62773 0.367114
vt 0.62773 0.353998
vt 0.982556 0.570321
vt 0.985973 0.550605
vt 0.982556 0.538316
vt 0.0824531 0.0690513
vt 0.0824531 0.0345494
vt 0.0811017 0.0688419
vt 0.991666 0.0583547
vt 0.986911 0.0797735
vt 0.991666 0.0803627
vt 0.00999019 0.0420675
vt 0.0153307 0.0647506
vt 0.0153307 0.0296184
vt 0.989444 0.739534
vt 0.988852 0.748485
vt 0.991032 0.75265
vt 0.989444 0.739534
vt 0.991032 0.75265
vt 0.993508 0.742071
vt 0.205477 0.0839204
vt 0.206733 0.0887328
vt 0.206733 0.0804906
vt 0.918645 0.127773
vt 0.916756 0.124523
vt 0.914773 0.125106
vt 0.355374 0.0159572
vt 0.350418 0.0337292
vt 0.351605 0.0376766
vt 0.355374 0.0159572
vt 0.351605 0.0376766
vt 0.359786 0.0228921
vt 0.343993 0.0345789
vt 0.335468 0.0195393
vt 0.336537 0.0241662
vt 0.152411 0.0337845
vt 0.156303 0.0459816
vt 0.151883 0.0295914
vt 0.618919 0.289615
vt 0.619382 0.279363
vt 0.618919 0.277639
vt 0.619382 0.302311
vt 0.619382 0.290316
vt 0.618809 0.299625
vt 0.292152 0.129819
vt 0.291504 0.143229
vt 0.292614 0.140757
vt 0.292152 0.129819
vt 0.292614 0.140757
vt 0.292899 0.129572
vt 0.926182 0.0872889
vt 0.925842 0.0841907
vt 0.925143 0.0838064
vt 0.926182 0.0872889
vt 0.925143 0.0838064
vt 0.92516 0.0885373
vt 0.989071 0.692133
vt 0.990203 0.694467
vt 0.991545 0.695415
vt 0.989071 0.692133
vt 0.991545 0.695415
vt 0.990379 0.693067
vt 0.991124 0.686964
vt 0.989071 0.692133
vt 0.990379 0.693067
vt 0.991124 0.686964
vt 0.990379 0.693067
vt 0.991545 0.688032
vt 0.619369 0.135407
vt 0.619369 0.131727
vt 0.618775 0.132703
vt 0.619369 0.135407
vt 0.618775 0.132703
vt 0.618812 0.136479
vt 0.727641 0.0759637
vt 0.726631 0.0831797
vt 0.727641 0.0838464
vt 0.640272 0.347559
vt 0.640272 0.35544
vt 0.640435 0.349975
vt 0.244267 0.0888264
vt 0.244125 0.0803608
vt 0.242898 0.0824548
vt 0.244267 0.0888264
vt 0.242898 0.0824548
vt 0.242898 0.0890895
vt 0.290272 0.318091
vt 0.291258 0.312772
vt 0.290272 0.311867
vt 0.293964 0.318091
vt 0.293964 0.311828
vt 0.293129 0.314936
vt 0.922036 0.0819259
vt 0.922036 0.0885373
vt 0.924442 0.0862774
vt 0.922036 0.0819259
vt 0.924442 0.0862774
vt 0.923905 0.0803961
vt 0.290625 0.0731122
vt 0.292545 0.0601398
vt 0.290625 0.0586178
vt 0.291257 0.212082
vt 0.291257 0.196987
vt 0.290301 0.20802
vt 0.618955 0.316009
vt 0.618955 0.329187
vt 0.619382 0.325061
vt 0.640272 0.357918
vt 0.640407 0.366798
vt 0.640407 0.356142
vt 0.985395 0.466577
vt 0.986109 0.472291
vt 0.988706 0.472113
vt 0.985395 0.466577
vt 0.988706 0.472113
vt 0.988745 0.467911
vt 0.903998 0.012548
vt 0.901789 0.0135252
vt 0.903719 0.0127465
vt 0.903998 0.012548
vt 0.903719 0.0127465
vt 0.905882 0.0159919
vt 0.727641 0.0752621
vt 0.727641 0.0705806
vt 0.726749 0.0740589
vt 0.297166 0.247149
vt 0.296822 0.24568
vt 0.296631 0.249588
vt 0.901789 0.0135252
vt 0.900483 0.0147409
vt 0.905635 0.016174
vt 0.901789 0.0135252
vt 0.905635 0.016174
vt 0.903719 0.0127465
vt 0.332231 0.014482
vt 0.341757 0.0244249
vt 0.332257 0.014034
vt 0.244173 0.105976
vt 0.24426 0.105545
vt 0.242881 0.101314
vt 0.292427 0.312245
vt 0.292117 0.315596
vt 0.292427 0.318091
vt 0.640272 0.340953
vt 0.640272 0.346857
vt 0.640347 0.34282
vt 0.900483 0.0147409
vt 0.900557 0.0163859
vt 0.905756 0.0163714
vt 0.900483 0.0147409
vt 0.905756 0.0163714
vt 0.905635 0.016174
vt 0.341757 0.0244249
vt 0.338534 0.0128194
vt 0.330849 0.00987738
vt 0.341757 0.0244249
vt 0.330849 0.00987738
vt 0.332257 0.014034
vt 0.64225 0.230129
vt 0.640272 0.226613
vt 0.640289 0.228463
vt 0.64225 0.230129
vt 0.640289 0.228463
vt 0.640272 0.23246
vt 0.872854 0.011004
vt 0.871496 0.0113029
vt 0.869745 0.0141008
vt 0.872854 0.011004
vt 0.869745 0.0141008
vt 0.872838 0.0161516
vt 0.618817 0.24461
vt 0.619587 0.236394
vt 0.618817 0.234308
vt 0.206733 0.0996324
vt 0.206733 0.0894343
vt 0.20591 0.0936142
vt 0.871096 0.579449
vt 0.871924 0.584479
vt 0.874217 0.573913
vt 0.871096 0.579449
vt 0.874217 0.573913
vt 0.871239 0.571023
vt 0.350418 0.0337292
vt 0.355374 0.0159572
vt 0.350418 0.0112954
vt 0.642339 0.343311
vt 0.642339 0.321059
vt 0.641053 0.332992
vt 0.926334 0.0662012
vt 0.925528 0.0682402
vt 0.927128 0.0671386
vt 0.926334 0.0662012
vt 0.927128 0.0671386
vt 0.926799 0.0655014
vt 0.640339 0.331618
vt 0.640273 0.335261
vt 0.640339 0.335525
vt 0.290604 0.245642
vt 0.290604 0.249588
vt 0.291868 0.246467
vt 0.335468 0.0195393
vt 0.343993 0.0345789
vt 0.341757 0.0244249
vt 0.335468 0.0195393
vt 0.341757 0.0244249
vt 0.332231 0.014482
vt 0.925528 0.0598303
vt 0.926334 0.0662012
vt 0.926799 0.0655014
vt 0.900373 0.00900525
vt 0.900483 0.0147409
vt 0.901789 0.0135252
vt 0.619369 0.144459
vt 0.619369 0.13718
vt 0.618729 0.139997
vt 0.640452 0.298213
vt 0.640275 0.293694
vt 0.640275 0.298422
vt 0.904492 0.0118796
vt 0.900373 0.00900525
vt 0.901789 0.0135252
vt 0.904492 0.0118796
vt 0.901789 0.0135252
vt 0.903998 0.012548
vt 0.988852 0.635037
vt 0.988852 0.643614
vt 0.989595 0.642343
vt 0.988852 0.635037
vt 0.989595 0.642343
vt 0.991176 0.636732
vt 0.925528 0.0689418
vt 0.925528 0.0796388
vt 0.927061 0.071409
vt 0.925528 0.0567554
vt 0.927214 0.0591289
vt 0.927214 0.0545281
vt 0.295536 0.356661
vt 0.294742 0.378227
vt 0.295536 0.378497
vt 0.724523 0.0934638
vt 0.724523 0.115088
vt 0.727641 0.114196
vt 0.290284 0.137868
vt 0.290284 0.143229
vt 0.290802 0.13927
vt 0.290284 0.137868
vt 0.290802 0.13927
vt 0.290627 0.136461
vt 0.291504 0.143229
vt 0.292152 0.129819
vt 0.291504 0.128275
vt 0.295536 0.336878
vt 0.295536 0.321784
vt 0.294833 0.328661
vt 0.633427 0.446656
vt 0.633427 0.442767
vt 0.633408 0.442928
vt 0.640322 0.346598
vt 0.640347 0.34282
vt 0.640272 0.346857
vt 0.872838 0.0161516
vt 0.869745 0.0141008
vt 0.869629 0.0142573
vt 0.872838 0.0161516
vt 0.869629 0.0142573
vt 0.872854 0.0163859
vt 0.640345 0.278496
vt 0.640345 0.282587
vt 0.640551 0.282419
vt 0.640345 0.278496
vt 0.640551 0.282419
vt 0.640482 0.278353
vt 0.640347 0.336227
vt 0.640272 0.339999
vt 0.640347 0.340252
vt 0.296631 0.245562
vt 0.296631 0.249588
vt 0.296822 0.24568
vt 0.905635 0.016174
vt 0.905756 0.0163714
vt 0.905994 0.0163859
vt 0.905635 0.016174
vt 0.905994 0.0163859
vt 0.905928 0.0162784
vt 0.640452 0.292992
vt 0.640452 0.288554
vt 0.64031 0.288411
vt 0.640452 0.292992
vt 0.64031 0.288411
vt 0.64031 0.29267
vt 0.290334 0.188189
vt 0.291227 0.184241
vt 0.291197 0.184081
vt 0.290334 0.188189
vt 0.291197 0.184081
vt 0.290301 0.188031
vt 0.620296 0.356047
vt 0.623833 0.353591
vt 0.623642 0.353479
vt 0.620296 0.356047
vt 0.623642 0.353479
vt 0.620206 0.35592
vt 0.903719 0.0127465
vt 0.905635 0.016174
vt 0.905928 0.0162784
vt 0.903719 0.0127465
vt 0.905928 0.0162784
vt 0.903825 0.0128713
vt 0.640345 0.283289
vt 0.640345 0.287709
vt 0.640452 0.28738
vt 0.206633 0.0895613
vt 0.20591 0.0936142
vt 0.206733 0.0894343
vt 0.990415 0.525041
vt 0.990342 0.529418
vt 0.99042 0.529278
vt 0.990415 0.525041
vt 0.99042 0.529278
vt 0.990609 0.525052
vt 0.620083 0.356345
vt 0.620296 0.356047
vt 0.620206 0.35592
vt 0.620083 0.356345
vt 0.620206 0.35592
vt 0.620094 0.356075
vt 0.61911 0.229009
vt 0.619088 0.233607
vt 0.619587 0.23085
vt 0.61911 0.229009
vt 0.619587 0.23085
vt 0.619088 0.226817
vt 0.90744 0.01197
vt 0.903998 0.012548
vt 0.905882 0.0159919
vt 0.873555 0.0120236
vt 0.873555 0.0163859
vt 0.876298 0.013789
vt 0.925783 0.0513744
vt 0.927214 0.0538264
vt 0.927214 0.0493696
vt 0.986109 0.472291
vt 0.988644 0.472291
vt 0.988706 0.472113
vt 0.292899 0.127573
vt 0.292899 0.120654
vt 0.291091 0.12088
vt 0.292899 0.127573
vt 0.291091 0.12088
vt 0.291624 0.125057
vt 0.727641 0.084548
vt 0.726864 0.0897266
vt 0.727641 0.0927623
vt 0.623833 0.362159
vt 0.623833 0.353591
vt 0.620296 0.356047
vt 0.245809 0.0166465
vt 0.245809 0.0115501
vt 0.244381 0.00901133
vt 0.245809 0.0166465
vt 0.244381 0.00901133
vt 0.243178 0.0129138
vt 0.242881 0.113307
vt 0.244173 0.105976
vt 0.242881 0.101314
vt 0.291227 0.196285
vt 0.291227 0.184241
vt 0.290334 0.188189
vt 0.294117 0.245723
vt 0.293937 0.248012
vt 0.295929 0.249588
vt 0.294117 0.245723
vt 0.295929 0.249588
vt 0.295929 0.24571
vt 0.203465 0.012688
vt 0.200391 0.0174593
vt 0.203465 0.0236187
vt 0.621336 0.367114
vt 0.620296 0.356047
vt 0.620083 0.356345
vt 0.991918 0.607325
vt 0.990448 0.615304
vt 0.993593 0.610029
vt 0.439566 0.0472392
vt 0.441713 0.0495944
vt 0.441713 0.0453498
vt 0.987164 0.524599
vt 0.987164 0.536838
vt 0.990342 0.529418
vt 0.987164 0.524599
vt 0.990342 0.529418
vt 0.990415 0.525041
vt 0.642361 0.231203
vt 0.64225 0.230129
vt 0.640272 0.23246
vt 0.642361 0.231203
vt 0.640272 0.23246
vt 0.640272 0.232586
usemtl 4eb3ba34f50b4348b74a3f9a78793397_visual_0
f 1/1/1 2/2/2 3/3/3
f 4/4/4 5/5/5 6/6/6
f 7/7/7 8/8/8 9/9/9
f 10/10/10 11/11/11 12/12/12
f 13/13/13 14/14/14 15/15/15
f 16/16/16 17/17/17 18/18/18
f 19/19/19 20/20/20 21/21/21
f 22/22/22 23/23/23 24/24/24
f 25/25/25 26/26/26 27/27/27
f 28/28/28 29/29/29 30/30/30
f 31/31/31 32/32/32 33/33/33
f 34/34/34 35/35/35 36/36/36
f 37/37/37 38/38/38 39/39/39
f 40/40/40 41/41/41 42/42/42
f 43/43/43 44/44/44 45/45/45
f 46/46/46 47/47/47 48/48/48
f 49/49/49 50/50/50 51/51/51
f 52/52/52 53/53/53 54/54/54
f 55/55/55 56/56/56 57/57/57
f 58/58/58 59/59/59 60/60/60
f 61/61/61 62/62/62 63/63/63
f 64/64/64 65/65/65 66/66/66
f 67/67/67 68/68/68 69/69/69
f 70/70/70 71/71/71 72/72/72
f 73/73/73 74/74/74 75/75/75
f 76/76/76 77/77/77 78/78/78
f 79/79/79 80/80/80 81/81/81
f 82/82/82 83/83/83 84/84/84
f 85/85/85 86/86/86 87/87/87
f 88/88/88 89/89/89 90/90/90
f 91/91/91 92/92/92 93/93/93
f 94/94/94 95/95/95 96/96/96
f 97/97/97 98/98/98 99/99/99
f 100/100/100 101/101/101 102/102/102
f 103/103/103 104/104/104 105/105/105
f 106/106/106 107/107/107 108/108/108
f 109/109/109 110/110/110 111/111/111
f 112/112/112 113/113/113 114/114/114
f 115/115/115 116/116/116 117/117/117
f 118/118/118 119/119/119 120/120/120
f 121/121/121 122/122/122 123/123/123
f 124/124/124 125/125/125 126/126/126
f 127/127/127 128/128/128 129/129/129
f 130/130/130 131/131/131 132/132/132
f 133/133/133 134/134/134 135/135/135
f 136/136/136 137/137/137 138/138/138
f 139/139/139 140/140/140 141/141/141
f 142/142/142 143/143/143 144/144/144
f 145/145/145 146/146/146 147/147/147
f 148/148/148 149/149/149 150/150/150
f 151/151/151 152/152/152 153/153/153
f 154/154/154 155/155/155 156/156/156
f 157/157/157 158/158/158 159/159/159
f 160/160/160 161/161/161 162/162/162
f 163/163/163 164/164/164 165/165/165
f 166/166/166 167/167/167 168/168/168
f 169/169/169 170/170/170 171/171/171
f 172/172/172 173/173/173 174/174/174
f 175/175/175 176/176/176 177/177/177
f 178/178/178 179/179/179 180/180/180
f 181/181/181 182/182/182 183/183/183
f 184/184/184 185/185/185 186/186/186
f 187/187/187 188/188/188 189/189/189
f 190/190/190 191/191/191 192/192/192
f 193/193/193 194/194/194 195/195/195
f 196/196/196 197/197/197 198/198/198
f 199/199/199 200/200/200 201/201/201
f 202/202/202 203/203/203 204/204/204
f 205/205/205 206/206/206 207/207/207
f 208/208/208 209/209/209 210/210/210
f 211/211/211 212/212/212 213/213/213
f 214/214/214 215/215/215 216/216/216
f 217/217/217 218/218/218 219/219/219
f 220/220/220 221/221/221 222/222/222
f 223/223/223 224/224/224 225/225/225
f 226/226/226 227/227/227 228/228/228
f 229/229/229 230/230/230 231/231/231
f 232/232/232 233/233/233 234/234/234
f 235/235/235 236/236/236 237/237/237
f 238/238/238 239/239/239 240/240/240
f 241/241/241 242/242/242 243/243/243
f 244/244/244 245/245/245 246/246/246
f 247/247/247 248/248/248 249/249/249
f 250/250/250 251/251/251 252/252/252
f 253/253/253 254/254/254 255/255/255
f 256/256/256 257/257/257 258/258/258
f 259/259/259 260/260/260 261/261/261
f 262/262/262 263/263/263 264/264/264
f 265/265/265 266/266/266 267/267/267
f 268/268/268 269/269/269 270/270/270
f 271/271/271 272/272/272 273/273/273
f 274/274/274 275/275/275 276/276/276
f 277/277/277 278/278/278 279/279/279
f 280/280/280 281/281/281 282/282/282
f 283/283/283 284/284/284 285/285/285
f 286/286/286 287/287/287 288/288/288
f 289/289/289 290/290/290 291/291/291
f 292/292/292 293/293/293 294/294/294
f 295/295/295 296/296/296 297/297/297
f 298/298/298 299/299/299 300/300/300
f 301/301/301 302/302/302 303/303/303
f 304/304/304 305/305/305 306/306/306
f 307/307/307 308/308/308 309/309/309
f 310/310/310 311/311/311 312/312/312
f 313/313/313 314/314/314 315/315/315
f 316/316/316 317/317/317 318/318/318
f 319/319/319 320/320/320 321/321/321
f 322/322/322 323/323/323 324/324/324
f 325/325/325 326/326/326 327/327/327
f 328/328/328 329/329/329 330/330/330
f 331/331/331 332/332/332 333/333/333
f 334/334/334 335/335/335 336/336/336
f 337/337/337 338/338/338 339/339/339
f 340/340/340 341/341/341 342/342/342
f 343/343/343 344/344/344 345/345/345
f 346/346/346 347/347/347 348/348/348
f 349/349/349 350/350/350 351/351/351
f 352/352/352 353/353/353 354/354/354
f 355/355/355 356/356/356 357/357/357
f 358/358/358 359/359/359 360/360/360
f 361/361/361 362/362/362 363/363/363
f 364/364/364 365/365/365 366/366/366
f 367/367/367 368/368/368 369/369/369
f 370/370/370 371/371/371 372/372/372
f 373/373/373 374/374/374 375/375/375
f 376/376/376 377/377/377 378/378/378
f 379/379/379 380/380/380 381/381/381
f 382/382/382 383/383/383 384/384/384
f 385/385/385 386/386/386 387/387/387
f 388/388/388 389/389/389 390/390/390
f 391/391/391 392/392/392 393/393/393
f 394/394/394 395/395/395 396/396/396
f 397/397/397 398/398/398 399/399/399
f 400/400/400 401/401/401 402/402/402
f 403/403/403 404/404/404 405/405/405
f 406/406/406 407/407/407 408/408/408
f 409/409/409 410/410/410 411/411/411
f 412/412/412 413/413/413 414/414/414
f 415/415/415 416/416/416 417/417/417
f 418/418/418 419/419/419 420/420/420
f 421/421/421 422/422/422 423/423/423
f 424/424/424 425/425/425 426/426/426
f 427/427/427 428/428/428 429/429/429
f 430/430/430 431/431/431 432/432/432
f 433/433/433 434/434/434 435/435/435
f 436/436/436 437/437/437 438/438/438
f 439/439/439 440/440/440 441/441/441
f 442/442/442 443/443/443 444/444/444
f 445/445/445 446/446/446 447/447/447
f 448/448/448 449/449/449 450/450/450
f 451/451/451 452/452/452 453/453/453
f 454/454/454 455/455/455 456/456/456
f 457/457/457 458/458/458 459/459/459
f 460/460/460 461/461/461 462/462/462
f 463/463/463 464/464/464 465/465/465
f 466/466/466 467/467/467 468/468/468
f 469/469/469 470/470/470 471/471/471
f 472/472/472 473/473/473 474/474/474
f 475/475/475 476/476/476 477/477/477
f 478/478/478 479/479/479 480/480/480
f 481/481/481 482/482/482 483/483/483
f 484/484/484 485/485/485 486/486/486
f 487/487/487 488/488/488 489/489/489
f 490/490/490 491/491/491 492/492/492
f 493/493/493 494/494/494 495/495/495
f 496/496/496 497/497/497 498/498/498
f 499/499/499 500/500/500 501/501/501
f 502/502/502 503/503/503 504/504/504
f 505/505/505 506/506/506 507/507/507
f 508/508/508 509/509/509 510/510/510
f 511/511/511 512/512/512 513/513/513
f 514/514/514 515/515/515 516/516/516
f 517/517/517 518/518/518 519/519/519
f 520/520/520 521/521/521 522/522/522
f 523/523/523 524/524/524 525/525/525
f 526/526/526 527/527/527 528/528/528
f 529/529/529 530/530/530 531/531/531
f 532/532/532 533/533/533 534/534/534
f 535/535/535 536/536/536 537/537/537
f 538/538/538 539/539/539 540/540/540
f 541/541/541 542/542/542 543/543/543
f 544/544/544 545/545/545 546/546/546
f 547/547/547 548/548/548 549/549/549
f 550/550/550 551/551/551 552/552/552
f 553/553/553 554/554/554 555/555/555
f 556/556/556 557/557/557 558/558/558
f 559/559/559 560/560/560 561/561/561
f 562/562/562 563/563/563 564/564/564
f 565/565/565 566/566/566 567/567/567
f 568/568/568 569/569/569 570/570/570
f 571/571/571 572/572/572 573/573/573
f 574/574/574 575/575/575 576/576/576
f 577/577/577 578/578/578 579/579/579
f 580/580/580 581/581/581 582/582/582
f 583/583/583 584/584/584 585/585/585
f 586/586/586 587/587/587 588/588/588
f 589/589/589 590/590/590 591/591/591
f 592/592/592 593/593/593 594/594/594
f 595/595/595 596/596/596 597/597/597
f 598/598/598 599/599/599 600/600/600
f 601/601/601 602/602/602 603/603/603
f 604/604/604 605/605/605 606/606/606
f 607/607/607 608/608/608 609/609/609
f 610/610/610 611/611/611 612/612/612
f 613/613/613 614/614/614 615/615/615
f 616/616/616 617/617/617 618/618/618
f 619/619/619 620/620/620 621/621/621
f 622/622/622 623/623/623 624/624/624
f 625/625/625 626/626/626 627/627/627
f 628/628/628 629/629/629 630/630/630
f 631/631/631 632/632/632 633/633/633
f 634/634/634 635/635/635 636/636/636
f 637/637/637 638/638/638 639/639/639
f 640/640/640 641/641/641 642/642/642
f 643/643/643 644/644/644 645/645/645
f 646/646/646 647/647/647 648/648/648
f 649/649/649 650/650/650 651/651/651
f 652/652/652 653/653/653 654/654/654
f 655/655/655 656/656/656 657/657/657
f 658/658/658 659/659/659 660/660/660
f 661/661/661 662/662/662 663/663/663
f 664/664/664 665/665/665 666/666/666
f 667/667/667 668/668/668 669/669/669
f 670/670/670 671/671/671 672/672/672
f 673/673/673 674/674/674 675/675/675
f 676/676/676 677/677/677 678/678/678
f 679/679/679 680/680/680 681/681/681
f 682/682/682 683/683/683 684/684/684
f 685/685/685 686/686/686 687/687/687
f 688/688/688 689/689/689 690/690/690
f 691/691/691 692/692/692 693/693/693
f 694/694/694 695/695/695 696/696/696
f 697/697/697 698/698/698 699/699/699
f 700/700/700 701/701/701 702/702/702
f 703/703/703 704/704/704 705/705/705
f 706/706/706 707/707/707 708/708/708
f 709/709/709 710/710/710 711/711/711
f 712/712/712 713/713/713 714/714/714
f 715/715/715 716/716/716 717/717/717
f 718/718/718 719/719/719 720/720/720
f 721/721/721 722/722/722 723/723/723
f 724/724/724 725/725/725 726/726/726
f 727/727/727 728/728/728 729/729/729
f 730/730/730 731/731/731 732/732/732
f 733/733/733 734/734/734 735/735/735
f 736/736/736 737/737/737 738/738/738
f 739/739/739 740/740/740 741/741/741
f 742/742/742 743/743/743 744/744/744
f 745/745/745 746/746/746 747/747/747
f 748/748/748 749/749/749 750/750/750
f 751/751/751 752/752/752 753/753/753
f 754/754/754 755/755/755 756/756/756
f 757/757/757 758/758/758 759/759/759
f 760/760/760 761/761/761 762/762/762
f 763/763/763 764/764/764 765/765/765
f 766/766/766 767/767/767 768/768/768
f 769/769/769 770/770/770 771/771/771
f 772/772/772 773/773/773 774/774/774
f 775/775/775 776/776/776 777/777/777
f 778/778/778 779/779/779 780/780/780
f 781/781/781 782/782/782 783/783/783
f 784/784/784 785/785/785 786/786/786
f 787/787/787 788/788/788 789/789/789
f 790/790/790 791/791/791 792/792/792
f 793/793/793 794/794/794 795/795/795
f 796/796/796 797/797/797 798/798/798
f 799/799/799 800/800/800 801/801/801
f 802/802/802 803/803/803 804/804/804
f 805/805/805 806/806/806 807/807/807
f 808/808/808 809/809/809 810/810/810
f 811/811/811 812/812/812 813/813/813
f 814/814/814 815/815/815 816/816/816
f 817/817/817 818/818/818 819/819/819
f 820/820/820 821/821/821 822/822/822
f 823/823/823 824/824/824 825/825/825
f 826/826/826 827/827/827 828/828/828
f 829/829/829 830/830/830 831/831/831
f 832/832/832 833/833/833 834/834/834
f 835/835/835 836/836/836 837/837/837
f 838/838/838 839/839/839 840/840/840
f 841/841/841 842/842/842 843/843/843
f 844/844/844 845/845/845 846/846/846
f 847/847/847 848/848/848 849/849/849
f 850/850/850 851/851/851 852/852/852
f 853/853/853 854/854/854 855/855/855
f 856/856/856 857/857/857 858/858/858
f 859/859/859 860/860/860 861/861/861
f 862/862/862 863/863/863 864/864/864
f 865/865/865 866/866/866 867/867/867
f 868/868/868 869/869/869 870/870/870
f 871/871/871 872/872/872 873/873/873
f 874/874/874 875/875/875 876/876/876
f 877/877/877 878/878/878 879/879/879
f 880/880/880 881/881/881 882/882/882
f 883/883/883 884/884/884 885/885/885
f 886/886/886 887/887/887 888/888/888
f 889/889/889 890/890/890 891/891/891
f 892/892/892 893/893/893 894/894/894
f 895/895/895 896/896/896 897/897/897
f 898/898/898 899/899/899 900/900/900
f 901/901/901 902/902/902 903/903/903
f 904/904/904 905/905/905 906/906/906
f 907/907/907 908/908/908 909/909/909
f 910/910/910 911/911/911 912/912/912
f 913/913/913 914/914/914 915/915/915
f 916/916/916 917/917/917 918/918/918
f 919/919/919 920/920/920 921/921/921
f 922/922/922 923/923/923 924/924/924
f 925/925/925 926/926/926 927/927/927
f 928/928/928 929/929/929 930/930/930
f 931/931/931 932/932/932 933/933/933
f 934/934/934 935/935/935 936/936/936
f 937/937/937 938/938/938 939/939/939
f 940/940/940 941/941/941 942/942/942
f 943/943/943 944/944/944 945/945/945
f 946/946/946 947/947/947 948/948/948
f 949/949/949 950/950/950 951/951/951
f 952/952/952 953/953/953 954/954/954
f 955/955/955 956/956/956 957/957/957
f 958/958/958 959/959/959 960/960/960
f 961/961/961 962/962/962 963/963/963
f 964/964/964 965/965/965 966/966/966
f 967/967/967 968/968/968 969/969/969
f 970/970/970 971/971/971 972/972/972
f 973/973/973 974/974/974 975/975/975
f 976/976/976 977/977/977 978/978/978
f 979/979/979 980/980/980 981/981/981
f 982/982/982 983/983/983 984/984/984
f 985/985/985 986/986/986 987/987/987
f 988/988/988 989/989/989 990/990/990
f 991/991/991 992/992/992 993/993/993
f 994/994/994 995/995/995 996/996/996
f 997/997/997 998/998/998 999/999/999
f 1000/1000/1000 1001/1001/1001 1002/1002/1002
f 1003/1003/1003 1004/1004/1004 1005/1005/1005
f 1006/1006/1006 1007/1007/1007 1008/1008/1008
f 1009/1009/1009 1010/1010/1010 1011/1011/1011
f 1012/1012/1012 1013/1013/1013 1014/1014/1014
f 1015/1015/1015 1016/1016/1016 1017/1017/1017
f 1018/1018/1018 1019/1019/1019 1020/1020/1020
f 1021/1021/1021 1022/1022/1022 1023/1023/1023
f 1024/1024/1024 1025/1025/1025 1026/1026/1026
f 1027/1027/1027 1028/1028/1028 1029/1029/1029
f 1030/1030/1030 1031/1031/1031 1032/1032/1032
f 1033/1033/1033 1034/1034/1034 1035/1035/1035
f 1036/1036/1036 1037/1037/1037 1038/1038/1038
f 1039/1039/1039 1040/1040/1040 1041/1041/1041
f 1042/1042/1042 1043/1043/1043 1044/1044/1044
f 1045/1045/1045 1046/1046/1046 1047/1047/1047
f 1048/1048/1048 1049/1049/1049 1050/1050/1050
f 1051/1051/1051 1052/1052/1052 1053/1053/1053
f 1054/1054/1054 1055/1055/1055 1056/1056/1056
f 1057/1057/1057 1058/1058/1058 1059/1059/1059
f 1060/1060/1060 1061/1061/1061 1062/1062/1062
f 1063/1063/1063 1064/1064/1064 1065/1065/1065
f 1066/1066/1066 1067/1067/1067 1068/1068/1068
f 1069/1069/1069 1070/1070/1070 1071/1071/1071
f 1072/1072/1072 1073/1073/1073 1074/1074/1074
f 1075/1075/1075 1076/1076/1076 1077/1077/1077
f 1078/1078/1078 1079/1079/1079 1080/1080/1080
f 1081/1081/1081 1082/1082/1082 1083/1083/1083
f 1084/1084/1084 1085/1085/1085 1086/1086/1086
f 1087/1087/1087 1088/1088/1088 1089/1089/1089
f 1090/1090/1090 1091/1091/1091 1092/1092/1092
f 1093/1093/1093 1094/1094/1094 1095/1095/1095
f 1096/1096/1096 1097/1097/1097 1098/1098/1098
f 1099/1099/1099 1100/1100/1100 1101/1101/1101
f 1102/1102/1102 1103/1103/1103 1104/1104/1104
f 1105/1105/1105 1106/1106/1106 1107/1107/1107
f 1108/1108/1108 1109/1109/1109 1110/1110/1110
f 1111/1111/1111 1112/1112/1112 1113/1113/1113
f 1114/1114/1114 1115/1115/1115 1116/1116/1116
f 1117/1117/1117 1118/1118/1118 1119/1119/1119
f 1120/1120/1120 1121/1121/1121 1122/1122/1122
f 1123/1123/1123 1124/1124/1124 1125/1125/1125
f 1126/1126/1126 1127/1127/1127 1128/1128/1128
f 1129/1129/1129 1130/1130/1130 1131/1131/1131
f 1132/1132/1132 1133/1133/1133 1134/1134/1134
f 1135/1135/1135 1136/1136/1136 1137/1137/1137
f 1138/1138/1138 1139/1139/1139 1140/1140/1140
f 1141/1141/1141 1142/1142/1142 1143/1143/1143
f 1144/1144/1144 1145/1145/1145 1146/1146/1146
f 1147/1147/1147 1148/1148/1148 1149/1149/1149
f 1150/1150/1150 1151/1151/1151 1152/1152/1152
f 1153/1153/1153 1154/1154/1154 1155/1155/1155
f 1156/1156/1156 1157/1157/1157 1158/1158/1158
f 1159/1159/1159 1160/1160/1160 1161/1161/1161
f 1162/1162/1162 1163/1163/1163 1164/1164/1164
f 1165/1165/1165 1166/1166/1166 1167/1167/1167
f 1168/1168/1168 1169/1169/1169 1170/1170/1170
f 1171/1171/1171 1172/1172/1172 1173/1173/1173
f 1174/1174/1174 1175/1175/1175 1176/1176/1176
f 1177/1177/1177 1178/1178/1178 1179/1179/1179
f 1180/1180/1180 1181/1181/1181 1182/1182/1182
f 1183/1183/1183 1184/1184/1184 1185/1185/1185
f 1186/1186/1186 1187/1187/1187 1188/1188/1188
f 1189/1189/1189 1190/1190/1190 1191/1191/1191
f 1192/1192/1192 1193/1193/1193 1194/1194/1194
f 1195/1195/1195 1196/1196/1196 1197/1197/1197
f 1198/1198/1198 1199/1199/1199 1200/1200/1200
f 1201/1201/1201 1202/1202/1202 1203/1203/1203
f 1204/1204/1204 1205/1205/1205 1206/1206/1206
f 1207/1207/1207 1208/1208/1208 1209/1209/1209
f 1210/1210/1210 1211/1211/1211 1212/1212/1212
f 1213/1213/1213 1214/1214/1214 1215/1215/1215
f 1216/1216/1216 1217/1217/1217 1218/1218/1218
f 1219/1219/1219 1220/1220/1220 1221/1221/1221
f 1222/1222/1222 1223/1223/1223 1224/1224/1224
f 1225/1225/1225 1226/1226/1226 1227/1227/1227
f 1228/1228/1228 1229/1229/1229 1230/1230/1230
f 1231/1231/1231 1232/1232/1232 1233/1233/1233
f 1234/1234/1234 1235/1235/1235 1236/1236/1236
f 1237/1237/1237 1238/1238/1238 1239/1239/1239
f 1240/1240/1240 1241/1241/1241 1242/1242/1242
f 1243/1243/1243 1244/1244/1244 1245/1245/1245
f 1246/1246/1246 1247/1247/1247 1248/1248/1248
f 1249/1249/1249 1250/1250/1250 1251/1251/1251
f 1252/1252/1252 1253/1253/1253 1254/1254/1254
f 1255/1255/1255 1256/1256/1256 1257/1257/1257
f 1258/1258/1258 1259/1259/1259 1260/1260/1260
f 1261/1261/1261 1262/1262/1262 1263/1263/1263
f 1264/1264/1264 1265/1265/1265 1266/1266/1266
f 1267/1267/1267 1268/1268/1268 1269/1269/1269
f 1270/1270/1270 1271/1271/1271 1272/1272/1272
f 1273/1273/1273 1274/1274/1274 1275/1275/1275
f 1276/1276/1276 1277/1277/1277 1278/1278/1278
f 1279/1279/1279 1280/1280/1280 1281/1281/1281
f 1282/1282/1282 1283/1283/1283 1284/1284/1284
f 1285/1285/1285 1286/1286/1286 1287/1287/1287
f 1288/1288/1288 1289/1289/1289 1290/1290/1290
f 1291/1291/1291 1292/1292/1292 1293/1293/1293
f 1294/1294/1294 1295/1295/1295 1296/1296/1296
f 1297/1297/1297 1298/1298/1298 1299/1299/1299
f 1300/1300/1300 1301/1301/1301 1302/1302/1302
f 1303/1303/1303 1304/1304/1304 1305/1305/1305
f 1306/1306/1306 1307/1307/1307 1308/1308/1308
f 1309/1309/1309 1310/1310/1310 1311/1311/1311
f 1312/1312/1312 1313/1313/1313 1314/1314/1314
f 1315/1315/1315 1316/1316/1316 1317/1317/1317
f 1318/1318/1318 1319/1319/1319 1320/1320/1320
f 1321/1321/1321 1322/1322/1322 1323/1323/1323
f 1324/1324/1324 1325/1325/1325 1326/1326/1326
f 1327/1327/1327 1328/1328/1328 1329/1329/1329
f 1330/1330/1330 1331/1331/1331 1332/1332/1332
f 1333/1333/1333 1334/1334/1334 1335/1335/1335
f 1336/1336/1336 1337/1337/1337 1338/1338/1338
f 1339/1339/1339 1340/1340/1340 1341/1341/1341
f 1342/1342/1342 1343/1343/1343 1344/1344/1344
f 1345/1345/1345 1346/1346/1346 1347/1347/1347
f 1348/1348/1348 1349/1349/1349 1350/1350/1350
f 1351/1351/1351 1352/1352/1352 1353/1353/1353
f 1354/1354/1354 1355/1355/1355 1356/1356/1356
f 1357/1357/1357 1358/1358/1358 1359/1359/1359
f 1360/1360/1360 1361/1361/1361 1362/1362/1362
f 1363/1363/1363 1364/1364/1364 1365/1365/1365
f 1366/1366/1366 1367/1367/1367 1368/1368/1368
f 1369/1369/1369 1370/1370/1370 1371/1371/1371
f 1372/1372/1372 1373/1373/1373 1374/1374/1374
f 1375/1375/1375 1376/1376/1376 1377/1377/1377
f 1378/1378/1378 1379/1379/1379 1380/1380/1380
f 1381/1381/1381 1382/1382/1382 1383/1383/1383
f 1384/1384/1384 1385/1385/1385 1386/1386/1386
f 1387/1387/1387 1388/1388/1388 1389/1389/1389
f 1390/1390/1390 1391/1391/1391 1392/1392/1392
f 1393/1393/1393 1394/1394/1394 1395/1395/1395
f 1396/1396/1396 1397/1397/1397 1398/1398/1398
f 1399/1399/1399 1400/1400/1400 1401/1401/1401
f 1402/1402/1402 1403/1403/1403 1404/1404/1404
f 1405/1405/1405 1406/1406/1406 1407/1407/1407
f 1408/1408/1408 1409/1409/1409 1410/1410/1410
f 1411/1411/1411 1412/1412/1412 1413/1413/1413
f 1414/1414/1414 1415/1415/1415 1416/1416/1416
f 1417/1417/1417 1418/1418/1418 1419/1419/1419
f 1420/1420/1420 1421/1421/1421 1422/1422/1422
f 1423/1423/1423 1424/1424/1424 1425/1425/1425
f 1426/1426/1426 1427/1427/1427 1428/1428/1428
f 1429/1429/1429 1430/1430/1430 1431/1431/1431
f 1432/1432/1432 1433/1433/1433 1434/1434/1434
f 1435/1435/1435 1436/1436/1436 1437/1437/1437
f 1438/1438/1438 1439/1439/1439 1440/1440/1440
f 1441/1441/1441 1442/1442/1442 1443/1443/1443
f 1444/1444/1444 1445/1445/1445 1446/1446/1446
f 1447/1447/1447 1448/1448/1448 1449/1449/1449
f 1450/1450/1450 1451/1451/1451 1452/1452/1452
f 1453/1453/1453 1454/1454/1454 1455/1455/1455
f 1456/1456/1456 1457/1457/1457 1458/1458/1458
f 1459/1459/1459 1460/1460/1460 1461/1461/1461
f 1462/1462/1462 1463/1463/1463 1464/1464/1464
f 1465/1465/1465 1466/1466/1466 1467/1467/1467
f 1468/1468/1468 1469/1469/1469 1470/1470/1470
f 1471/1471/1471 1472/1472/1472 1473/1473/1473
f 1474/1474/1474 1475/1475/1475 1476/1476/1476
f 1477/1477/1477 1478/1478/1478 1479/1479/1479
f 1480/1480/1480 1481/1481/1481 1482/1482/1482
f 1483/1483/1483 1484/1484/1484 1485/1485/1485
f 1486/1486/1486 1487/1487/1487 1488/1488/1488
f 1489/1489/1489 1490/1490/1490 1491/1491/1491
f 1492/1492/1492 1493/1493/1493 1494/1494/1494
f 1495/1495/1495 1496/1496/1496 1497/1497/1497
f 1498/1498/1498 1499/1499/1499 1500/1500/1500
f 1501/1501/1501 1502/1502/1502 1503/1503/1503
f 1504/1504/1504 1505/1505/1505 1506/1506/1506
f 1507/1507/1507 1508/1508/1508 1509/1509/1509
f 1510/1510/1510 1511/1511/1511 1512/1512/1512
f 1513/1513/1513 1514/1514/1514 1515/1515/1515
f 1516/1516/1516 1517/1517/1517 1518/1518/1518
f 1519/1519/1519 1520/1520/1520 1521/1521/1521
f 1522/1522/1522 1523/1523/1523 1524/1524/1524
f 1525/1525/1525 1526/1526/1526 1527/1527/1527
f 1528/1528/1528 1529/1529/1529 1530/1530/1530
f 1531/1531/1531 1532/1532/1532 1533/1533/1533
f 1534/1534/1534 1535/1535/1535 1536/1536/1536
f 1537/1537/1537 1538/1538/1538 1539/1539/1539
f 1540/1540/1540 1541/1541/1541 1542/1542/1542
f 1543/1543/1543 1544/1544/1544 1545/1545/1545
f 1546/1546/1546 1547/1547/1547 1548/1548/1548
f 1549/1549/1549 1550/1550/1550 1551/1551/1551
f 1552/1552/1552 1553/1553/1553 1554/1554/1554
f 1555/1555/1555 1556/1556/1556 1557/1557/1557
f 1558/1558/1558 1559/1559/1559 1560/1560/1560
f 1561/1561/1561 1562/1562/1562 1563/1563/1563
f 1564/1564/1564 1565/1565/1565 1566/1566/1566
f 1567/1567/1567 1568/1568/1568 1569/1569/1569
f 1570/1570/1570 1571/1571/1571 1572/1572/1572
f 1573/1573/1573 1574/1574/1574 1575/1575/1575
f 1576/1576/1576 1577/1577/1577 1578/1578/1578
f 1579/1579/1579 1580/1580/1580 1581/1581/1581
f 1582/1582/1582 1583/1583/1583 1584/1584/1584
f 1585/1585/1585 1586/1586/1586 1587/1587/1587
f 1588/1588/1588 1589/1589/1589 1590/1590/1590
f 1591/1591/1591 1592/1592/1592 1593/1593/1593
f 1594/1594/1594 1595/1595/1595 1596/1596/1596
f 1597/1597/1597 1598/1598/1598 1599/1599/1599
f 1600/1600/1600 1601/1601/1601 1602/1602/1602
f 1603/1603/1603 1604/1604/1604 1605/1605/1605
f 1606/1606/1606 1607/1607/1607 1608/1608/1608
f 1609/1609/1609 1610/1610/1610 1611/1611/1611
f 1612/1612/1612 1613/1613/1613 1614/1614/1614
f 1615/1615/1615 1616/1616/1616 1617/1617/1617
f 1618/1618/1618 1619/1619/1619 1620/1620/1620
f 1621/1621/1621 1622/1622/1622 1623/1623/1623
f 1624/1624/1624 1625/1625/1625 1626/1626/1626
f 1627/1627/1627 1628/1628/1628 1629/1629/1629
f 1630/1630/1630 1631/1631/1631 1632/1632/1632
f 1633/1633/1633 1634/1634/1634 1635/1635/1635
f 1636/1636/1636 1637/1637/1637 1638/1638/1638
f 1639/1639/1639 1640/1640/1640 1641/1641/1641
f 1642/1642/1642 1643/1643/1643 1644/1644/1644
f 1645/1645/1645 1646/1646/1646 1647/1647/1647
f 1648/1648/1648 1649/1649/1649 1650/1650/1650
f 1651/1651/1651 1652/1652/1652 1653/1653/1653
f 1654/1654/1654 1655/1655/1655 1656/1656/1656
f 1657/1657/1657 1658/1658/1658 1659/1659/1659
f 1660/1660/1660 1661/1661/1661 1662/1662/1662
f 1663/1663/1663 1664/1664/1664 1665/1665/1665
f 1666/1666/1666 1667/1667/1667 1668/1668/1668
f 1669/1669/1669 1670/1670/1670 1671/1671/1671
f 1672/1672/1672 1673/1673/1673 1674/1674/1674
f 1675/1675/1675 1676/1676/1676 1677/1677/1677
f 1678/1678/1678 1679/1679/1679 1680/1680/1680
f 1681/1681/1681 1682/1682/1682 1683/1683/1683
f 1684/1684/1684 1685/1685/1685 1686/1686/1686
f 1687/1687/1687 1688/1688/1688 1689/1689/1689
f 1690/1690/1690 1691/1691/1691 1692/1692/1692
f 1693/1693/1693 1694/1694/1694 1695/1695/1695
f 1696/1696/1696 1697/1697/1697 1698/1698/1698
f 1699/1699/1699 1700/1700/1700 1701/1701/1701
f 1702/1702/1702 1703/1703/1703 1704/1704/1704
f 1705/1705/1705 1706/1706/1706 1707/1707/1707
f 1708/1708/1708 1709/1709/1709 1710/1710/1710
f 1711/1711/1711 1712/1712/1712 1713/1713/1713
f 1714/1714/1714 1715/1715/1715 1716/1716/1716
f 1717/1717/1717 1718/1718/1718 1719/1719/1719
f 1720/1720/1720 1721/1721/1721 1722/1722/1722
f 1723/1723/1723 1724/1724/1724 1725/1725/1725
f 1726/1726/1726 1727/1727/1727 1728/1728/1728
f 1729/1729/1729 1730/1730/1730 1731/1731/1731
f 1732/1732/1732 1733/1733/1733 1734/1734/1734
f 1735/1735/1735 1736/1736/1736 1737/1737/1737
f 1738/1738/1738 1739/1739/1739 1740/1740/1740
f 1741/1741/1741 1742/1742/1742 1743/1743/1743
f 1744/1744/1744 1745/1745/1745 1746/1746/1746
f 1747/1747/1747 1748/1748/1748 1749/1749/1749
f 1750/1750/1750 1751/1751/1751 1752/1752/1752
f 1753/1753/1753 1754/1754/1754 1755/1755/1755
f 1756/1756/1756 1757/1757/1757 1758/1758/1758
f 1759/1759/1759 1760/1760/1760 1761/1761/1761
f 1762/1762/1762 1763/1763/1763 1764/1764/1764
f 1765/1765/1765 1766/1766/1766 1767/1767/1767
f 1768/1768/1768 1769/1769/1769 1770/1770/1770
f 1771/1771/1771 1772/1772/1772 1773/1773/1773
f 1774/1774/1774 1775/1775/1775 1776/1776/1776
f 1777/1777/1777 1778/1778/1778 1779/1779/1779
f 1780/1780/1780 1781/1781/1781 1782/1782/1782
f 1783/1783/1783 1784/1784/1784 1785/1785/1785
f 1786/1786/1786 1787/1787/1787 1788/1788/1788
f 1789/1789/1789 1790/1790/1790 1791/1791/1791
f 1792/1792/1792 1793/1793/1793 1794/1794/1794
f 1795/1795/1795 1796/1796/1796 1797/1797/1797
f 1798/1798/1798 1799/1799/1799 1800/1800/1800
f 1801/1801/1801 1802/1802/1802 1803/1803/1803
f 1804/1804/1804 1805/1805/1805 1806/1806/1806
f 1807/1807/1807 1808/1808/1808 1809/1809/1809
f 1810/1810/1810 1811/1811/1811 1812/1812/1812
f 1813/1813/1813 1814/1814/1814 1815/1815/1815
f 1816/1816/1816 1817/1817/1817 1818/1818/1818
f 1819/1819/1819 1820/1820/1820 1821/1821/1821
f 1822/1822/1822 1823/1823/1823 1824/1824/1824
f 1825/1825/1825 1826/1826/1826 1827/1827/1827
f 1828/1828/1828 1829/1829/1829 1830/1830/1830
f 1831/1831/1831 1832/1832/1832 1833/1833/1833
f 1834/1834/1834 1835/1835/1835 1836/1836/1836
f 1837/1837/1837 1838/1838/1838 1839/1839/1839
f 1840/1840/1840 1841/1841/1841 1842/1842/1842
f 1843/1843/1843 1844/1844/1844 1845/1845/1845
f 1846/1846/1846 1847/1847/1847 1848/1848/1848
f 1849/1849/1849 1850/1850/1850 1851/1851/1851
f 1852/1852/1852 1853/1853/1853 1854/1854/1854
f 1855/1855/1855 1856/1856/1856 1857/1857/1857
f 1858/1858/1858 1859/1859/1859 1860/1860/1860
f 1861/1861/1861 1862/1862/1862 1863/1863/1863
f 1864/1864/1864 1865/1865/1865 1866/1866/1866
f 1867/1867/1867 1868/1868/1868 1869/1869/1869
f 1870/1870/1870 1871/1871/1871 1872/1872/1872
f 1873/1873/1873 1874/1874/1874 1875/1875/1875
f 1876/1876/1876 1877/1877/1877 1878/1878/1878
f 1879/1879/1879 1880/1880/1880 1881/1881/1881
f 1882/1882/1882 1883/1883/1883 1884/1884/1884
f 1885/1885/1885 1886/1886/1886 1887/1887/1887
f 1888/1888/1888 1889/1889/1889 1890/1890/1890
f 1891/1891/1891 1892/1892/1892 1893/1893/1893
f 1894/1894/1894 1895/1895/1895 1896/1896/1896
f 1897/1897/1897 1898/1898/1898 1899/1899/1899
f 1900/1900/1900 1901/1901/1901 1902/1902/1902
f 1903/1903/1903 1904/1904/1904 1905/1905/1905
f 1906/1906/1906 1907/1907/1907 1908/1908/1908
f 1909/1909/1909 1910/1910/1910 1911/1911/1911
f 1912/1912/1912 1913/1913/1913 1914/1914/1914
f 1915/1915/1915 1916/1916/1916 1917/1917/1917
f 1918/1918/1918 1919/1919/1919 1920/1920/1920
f 1921/1921/1921 1922/1922/1922 1923/1923/1923
f 1924/1924/1924 1925/1925/1925 1926/1926/1926
f 1927/1927/1927 1928/1928/1928 1929/1929/1929
f 1930/1930/1930 1931/1931/1931 1932/1932/1932
f 1933/1933/1933 1934/1934/1934 1935/1935/1935
f 1936/1936/1936 1937/1937/1937 1938/1938/1938
f 1939/1939/1939 1940/1940/1940 1941/1941/1941
f 1942/1942/1942 1943/1943/1943 1944/1944/1944
f 1945/1945/1945 1946/1946/1946 1947/1947/1947
f 1948/1948/1948 1949/1949/1949 1950/1950/1950
f 1951/1951/1951 1952/1952/1952 1953/1953/1953
f 1954/1954/1954 1955/1955/1955 1956/1956/1956
f 1957/1957/1957 1958/1958/1958 1959/1959/1959
f 1960/1960/1960 1961/1961/1961 1962/1962/1962
f 1963/1963/1963 1964/1964/1964 1965/1965/1965
f 1966/1966/1966 1967/1967/1967 1968/1968/1968
f 1969/1969/1969 1970/1970/1970 1971/1971/1971
f 1972/1972/1972 1973/1973/1973 1974/1974/1974
f 1975/1975/1975 1976/1976/1976 1977/1977/1977
f 1978/1978/1978 1979/1979/1979 1980/1980/1980
f 1981/1981/1981 1982/1982/1982 1983/1983/1983
f 1984/1984/1984 1985/1985/1985 1986/1986/1986
f 1987/1987/1987 1988/1988/1988 1989/1989/1989
f 1990/1990/1990 1991/1991/1991 1992/1992/1992
f 1993/1993/1993 1994/1994/1994 1995/1995/1995
f 1996/1996/1996 1997/1997/1997 1998/1998/1998
f 1999/1999/1999 2000/2000/2000 2001/2001/2001
f 2002/2002/2002 2003/2003/2003 2004/2004/2004
f 2005/2005/2005 2006/2006/2006 2007/2007/2007
f 2008/2008/2008 2009/2009/2009 2010/2010/2010
f 2011/2011/2011 2012/2012/2012 2013/2013/2013
f 2014/2014/2014 2015/2015/2015 2016/2016/2016
f 2017/2017/2017 2018/2018/2018 2019/2019/2019
f 2020/2020/2020 2021/2021/2021 2022/2022/2022
f 2023/2023/2023 2024/2024/2024 2025/2025/2025
f 2026/2026/2026 2027/2027/2027 2028/2028/2028
f 2029/2029/2029 2030/2030/2030 2031/2031/2031
f 2032/2032/2032 2033/2033/2033 2034/2034/2034
f 2035/2035/2035 2036/2036/2036 2037/2037/2037
f 2038/2038/2038 2039/2039/2039 2040/2040/2040
f 2041/2041/2041 2042/2042/2042 2043/2043/2043
f 2044/2044/2044 2045/2045/2045 2046/2046/2046
f 2047/2047/2047 2048/2048/2048 2049/2049/2049
f 2050/2050/2050 2051/2051/2051 2052/2052/2052
f 2053/2053/2053 2054/2054/2054 2055/2055/2055
f 2056/2056/2056 2057/2057/2057 2058/2058/2058
f 2059/2059/2059 2060/2060/2060 2061/2061/2061
f 2062/2062/2062 2063/2063/2063 2064/2064/2064
f 2065/2065/2065 2066/2066/2066 2067/2067/2067
f 2068/2068/2068 2069/2069/2069 2070/2070/2070
f 2071/2071/2071 2072/2072/2072 2073/2073/2073
f 2074/2074/2074 2075/2075/2075 2076/2076/2076
f 2077/2077/2077 2078/2078/2078 2079/2079/2079
f 2080/2080/2080 2081/2081/2081 2082/2082/2082
f 2083/2083/2083 2084/2084/2084 2085/2085/2085
f 2086/2086/2086 2087/2087/2087 2088/2088/2088
f 2089/2089/2089 2090/2090/2090 2091/2091/2091
f 2092/2092/2092 2093/2093/2093 2094/2094/2094
f 2095/2095/2095 2096/2096/2096 2097/2097/2097
f 2098/2098/2098 2099/2099/2099 2100/2100/2100
f 2101/2101/2101 2102/2102/2102 2103/2103/2103
f 2104/2104/2104 2105/2105/2105 2106/2106/2106
f 2107/2107/2107 2108/2108/2108 2109/2109/2109
f 2110/2110/2110 2111/2111/2111 2112/2112/2112
f 2113/2113/2113 2114/2114/2114 2115/2115/2115
f 2116/2116/2116 2117/2117/2117 2118/2118/2118
f 2119/2119/2119 2120/2120/2120 2121/2121/2121
f 2122/2122/2122 2123/2123/2123 2124/2124/2124
f 2125/2125/2125 2126/2126/2126 2127/2127/2127
f 2128/2128/2128 2129/2129/2129 2130/2130/2130
f 2131/2131/2131 2132/2132/2132 2133/2133/2133
f 2134/2134/2134 2135/2135/2135 2136/2136/2136
f 2137/2137/2137 2138/2138/2138 2139/2139/2139
f 2140/2140/2140 2141/2141/2141 2142/2142/2142
f 2143/2143/2143 2144/2144/2144 2145/2145/2145
f 2146/2146/2146 2147/2147/2147 2148/2148/2148
f 2149/2149/2149 2150/2150/2150 2151/2151/2151
f 2152/2152/2152 2153/2153/2153 2154/2154/2154
f 2155/2155/2155 2156/2156/2156 2157/2157/2157
f 2158/2158/2158 2159/2159/2159 2160/2160/2160
f 2161/2161/2161 2162/2162/2162 2163/2163/2163
f 2164/2164/2164 2165/2165/2165 2166/2166/2166
f 2167/2167/2167 2168/2168/2168 2169/2169/2169
f 2170/2170/2170 2171/2171/2171 2172/2172/2172
f 2173/2173/2173 2174/2174/2174 2175/2175/2175
f 2176/2176/2176 2177/2177/2177 2178/2178/2178
f 2179/2179/2179 2180/2180/2180 2181/2181/2181
f 2182/2182/2182 2183/2183/2183 2184/2184/2184
f 2185/2185/2185 2186/2186/2186 2187/2187/2187
f 2188/2188/2188 2189/2189/2189 2190/2190/2190
f 2191/2191/2191 2192/2192/2192 2193/2193/2193
f 2194/2194/2194 2195/2195/2195 2196/2196/2196
f 2197/2197/2197 2198/2198/2198 2199/2199/2199
f 2200/2200/2200 2201/2201/2201 2202/2202/2202
f 2203/2203/2203 2204/2204/2204 2205/2205/2205
f 2206/2206/2206 2207/2207/2207 2208/2208/2208
f 2209/2209/2209 2210/2210/2210 2211/2211/2211
f 2212/2212/2212 2213/2213/2213 2214/2214/2214
f 2215/2215/2215 2216/2216/2216 2217/2217/2217
f 2218/2218/2218 2219/2219/2219 2220/2220/2220
f 2221/2221/2221 2222/2222/2222 2223/2223/2223
f 2224/2224/2224 2225/2225/2225 2226/2226/2226
f 2227/2227/2227 2228/2228/2228 2229/2229/2229
f 2230/2230/2230 2231/2231/2231 2232/2232/2232
f 2233/2233/2233 2234/2234/2234 2235/2235/2235
f 2236/2236/2236 2237/2237/2237 2238/2238/2238
f 2239/2239/2239 2240/2240/2240 2241/2241/2241
f 2242/2242/2242 2243/2243/2243 2244/2244/2244
f 2245/2245/2245 2246/2246/2246 2247/2247/2247
f 2248/2248/2248 2249/2249/2249 2250/2250/2250
f 2251/2251/2251 2252/2252/2252 2253/2253/2253
f 2254/2254/2254 2255/2255/2255 2256/2256/2256
f 2257/2257/2257 2258/2258/2258 2259/2259/2259
f 2260/2260/2260 2261/2261/2261 2262/2262/2262
f 2263/2263/2263 2264/2264/2264 2265/2265/2265
f 2266/2266/2266 2267/2267/2267 2268/2268/2268
f 2269/2269/2269 2270/2270/2270 2271/2271/2271
f 2272/2272/2272 2273/2273/2273 2274/2274/2274
f 2275/2275/2275 2276/2276/2276 2277/2277/2277
f 2278/2278/2278 2279/2279/2279 2280/2280/2280
f 2281/2281/2281 2282/2282/2282 2283/2283/2283
f 2284/2284/2284 2285/2285/2285 2286/2286/2286
f 2287/2287/2287 2288/2288/2288 2289/2289/2289
f 2290/2290/2290 2291/2291/2291 2292/2292/2292
f 2293/2293/2293 2294/2294/2294 2295/2295/2295
f 2296/2296/2296 2297/2297/2297 2298/2298/2298
f 2299/2299/2299 2300/2300/2300 2301/2301/2301
f 2302/2302/2302 2303/2303/2303 2304/2304/2304
f 2305/2305/2305 2306/2306/2306 2307/2307/2307
f 2308/2308/2308 2309/2309/2309 2310/2310/2310
f 2311/2311/2311 2312/2312/2312 2313/2313/2313
f 2314/2314/2314 2315/2315/2315 2316/2316/2316
f 2317/2317/2317 2318/2318/2318 2319/2319/2319
f 2320/2320/2320 2321/2321/2321 2322/2322/2322
f 2323/2323/2323 2324/2324/2324 2325/2325/2325
f 2326/2326/2326 2327/2327/2327 2328/2328/2328
f 2329/2329/2329 2330/2330/2330 2331/2331/2331
f 2332/2332/2332 2333/2333/2333 2334/2334/2334
f 2335/2335/2335 2336/2336/2336 2337/2337/2337
f 2338/2338/2338 2339/2339/2339 2340/2340/2340
f 2341/2341/2341 2342/2342/2342 2343/2343/2343
f 2344/2344/2344 2345/2345/2345 2346/2346/2346
f 2347/2347/2347 2348/2348/2348 2349/2349/2349
f 2350/2350/2350 2351/2351/2351 2352/2352/2352
f 2353/2353/2353 2354/2354/2354 2355/2355/2355
f 2356/2356/2356 2357/2357/2357 2358/2358/2358
f 2359/2359/2359 2360/2360/2360 2361/2361/2361
f 2362/2362/2362 2363/2363/2363 2364/2364/2364
f 2365/2365/2365 2366/2366/2366 2367/2367/2367
f 2368/2368/2368 2369/2369/2369 2370/2370/2370
f 2371/2371/2371 2372/2372/2372 2373/2373/2373
f 2374/2374/2374 2375/2375/2375 2376/2376/2376
f 2377/2377/2377 2378/2378/2378 2379/2379/2379
f 2380/2380/2380 2381/2381/2381 2382/2382/2382
f 2383/2383/2383 2384/2384/2384 2385/2385/2385
f 2386/2386/2386 2387/2387/2387 2388/2388/2388
f 2389/2389/2389 2390/2390/2390 2391/2391/2391
f 2392/2392/2392 2393/2393/2393 2394/2394/2394
f 2395/2395/2395 2396/2396/2396 2397/2397/2397
f 2398/2398/2398 2399/2399/2399 2400/2400/2400
f 2401/2401/2401 2402/2402/2402 2403/2403/2403
f 2404/2404/2404 2405/2405/2405 2406/2406/2406
f 2407/2407/2407 2408/2408/2408 2409/2409/2409
f 2410/2410/2410 2411/2411/2411 2412/2412/2412
f 2413/2413/2413 2414/2414/2414 2415/2415/2415
f 2416/2416/2416 2417/2417/2417 2418/2418/2418
f 2419/2419/2419 2420/2420/2420 2421/2421/2421
f 2422/2422/2422 2423/2423/2423 2424/2424/2424
f 2425/2425/2425 2426/2426/2426 2427/2427/2427
f 2428/2428/2428 2429/2429/2429 2430/2430/2430
f 2431/2431/2431 2432/2432/2432 2433/2433/2433
f 2434/2434/2434 2435/2435/2435 2436/2436/2436
f 2437/2437/2437 2438/2438/2438 2439/2439/2439
f 2440/2440/2440 2441/2441/2441 2442/2442/2442
f 2443/2443/2443 2444/2444/2444 2445/2445/2445
f 2446/2446/2446 2447/2447/2447 2448/2448/2448
f 2449/2449/2449 2450/2450/2450 2451/2451/2451
f 2452/2452/2452 2453/2453/2453 2454/2454/2454
f 2455/2455/2455 2456/2456/2456 2457/2457/2457
f 2458/2458/2458 2459/2459/2459 2460/2460/2460
f 2461/2461/2461 2462/2462/2462 2463/2463/2463
f 2464/2464/2464 2465/2465/2465 2466/2466/2466
f 2467/2467/2467 2468/2468/2468 2469/2469/2469
f 2470/2470/2470 2471/2471/2471 2472/2472/2472
f 2473/2473/2473 2474/2474/2474 2475/2475/2475
f 2476/2476/2476 2477/2477/2477 2478/2478/2478
f 2479/2479/2479 2480/2480/2480 2481/2481/2481
f 2482/2482/2482 2483/2483/2483 2484/2484/2484
f 2485/2485/2485 2486/2486/2486 2487/2487/2487
f 2488/2488/2488 2489/2489/2489 2490/2490/2490
f 2491/2491/2491 2492/2492/2492 2493/2493/2493
f 2494/2494/2494 2495/2495/2495 2496/2496/2496
f 2497/2497/2497 2498/2498/2498 2499/2499/2499
f 2500/2500/2500 2501/2501/2501 2502/2502/2502
f 2503/2503/2503 2504/2504/2504 2505/2505/2505
f 2506/2506/2506 2507/2507/2507 2508/2508/2508
f 2509/2509/2509 2510/2510/2510 2511/2511/2511
f 2512/2512/2512 2513/2513/2513 2514/2514/2514
f 2515/2515/2515 2516/2516/2516 2517/2517/2517
f 2518/2518/2518 2519/2519/2519 2520/2520/2520
f 2521/2521/2521 2522/2522/2522 2523/2523/2523
f 2524/2524/2524 2525/2525/2525 2526/2526/2526
f 2527/2527/2527 2528/2528/2528 2529/2529/2529
f 2530/2530/2530 2531/2531/2531 2532/2532/2532
f 2533/2533/2533 2534/2534/2534 2535/2535/2535
f 2536/2536/2536 2537/2537/2537 2538/2538/2538
f 2539/2539/2539 2540/2540/2540 2541/2541/2541
f 2542/2542/2542 2543/2543/2543 2544/2544/2544
f 2545/2545/2545 2546/2546/2546 2547/2547/2547
f 2548/2548/2548 2549/2549/2549 2550/2550/2550
f 2551/2551/2551 2552/2552/2552 2553/2553/2553
f 2554/2554/2554 2555/2555/2555 2556/2556/2556
f 2557/2557/2557 2558/2558/2558 2559/2559/2559
f 2560/2560/2560 2561/2561/2561 2562/2562/2562
f 2563/2563/2563 2564/2564/2564 2565/2565/2565
f 2566/2566/2566 2567/2567/2567 2568/2568/2568
f 2569/2569/2569 2570/2570/2570 2571/2571/2571
f 2572/2572/2572 2573/2573/2573 2574/2574/2574
f 2575/2575/2575 2576/2576/2576 2577/2577/2577
f 2578/2578/2578 2579/2579/2579 2580/2580/2580
f 2581/2581/2581 2582/2582/2582 2583/2583/2583
f 2584/2584/2584 2585/2585/2585 2586/2586/2586
f 2587/2587/2587 2588/2588/2588 2589/2589/2589
f 2590/2590/2590 2591/2591/2591 2592/2592/2592
f 2593/2593/2593 2594/2594/2594 2595/2595/2595
f 2596/2596/2596 2597/2597/2597 2598/2598/2598
f 2599/2599/2599 2600/2600/2600 2601/2601/2601
f 2602/2602/2602 2603/2603/2603 2604/2604/2604
f 2605/2605/2605 2606/2606/2606 2607/2607/2607
f 2608/2608/2608 2609/2609/2609 2610/2610/2610
f 2611/2611/2611 2612/2612/2612 2613/2613/2613
f 2614/2614/2614 2615/2615/2615 2616/2616/2616
f 2617/2617/2617 2618/2618/2618 2619/2619/2619
f 2620/2620/2620 2621/2621/2621 2622/2622/2622
f 2623/2623/2623 2624/2624/2624 2625/2625/2625
f 2626/2626/2626 2627/2627/2627 2628/2628/2628
f 2629/2629/2629 2630/2630/2630 2631/2631/2631
f 2632/2632/2632 2633/2633/2633 2634/2634/2634
f 2635/2635/2635 2636/2636/2636 2637/2637/2637
f 2638/2638/2638 2639/2639/2639 2640/2640/2640
f 2641/2641/2641 2642/2642/2642 2643/2643/2643
f 2644/2644/2644 2645/2645/2645 2646/2646/2646
f 2647/2647/2647 2648/2648/2648 2649/2649/2649
f 2650/2650/2650 2651/2651/2651 2652/2652/2652
f 2653/2653/2653 2654/2654/2654 2655/2655/2655
f 2656/2656/2656 2657/2657/2657 2658/2658/2658
f 2659/2659/2659 2660/2660/2660 2661/2661/2661
f 2662/2662/2662 2663/2663/2663 2664/2664/2664
f 2665/2665/2665 2666/2666/2666 2667/2667/2667
f 2668/2668/2668 2669/2669/2669 2670/2670/2670
f 2671/2671/2671 2672/2672/2672 2673/2673/2673
f 2674/2674/2674 2675/2675/2675 2676/2676/2676
f 2677/2677/2677 2678/2678/2678 2679/2679/2679
f 2680/2680/2680 2681/2681/2681 2682/2682/2682
f 2683/2683/2683 2684/2684/2684 2685/2685/2685
f 2686/2686/2686 2687/2687/2687 2688/2688/2688
f 2689/2689/2689 2690/2690/2690 2691/2691/2691
f 2692/2692/2692 2693/2693/2693 2694/2694/2694
f 2695/2695/2695 2696/2696/2696 2697/2697/2697
f 2698/2698/2698 2699/2699/2699 2700/2700/2700
f 2701/2701/2701 2702/2702/2702 2703/2703/2703
f 2704/2704/2704 2705/2705/2705 2706/2706/2706
f 2707/2707/2707 2708/2708/2708 2709/2709/2709
f 2710/2710/2710 2711/2711/2711 2712/2712/2712
f 2713/2713/2713 2714/2714/2714 2715/2715/2715
f 2716/2716/2716 2717/2717/2717 2718/2718/2718
f 2719/2719/2719 2720/2720/2720 2721/2721/2721
f 2722/2722/2722 2723/2723/2723 2724/2724/2724
f 2725/2725/2725 2726/2726/2726 2727/2727/2727
f 2728/2728/2728 2729/2729/2729 2730/2730/2730
f 2731/2731/2731 2732/2732/2732 2733/2733/2733
f 2734/2734/2734 2735/2735/2735 2736/2736/2736
f 2737/2737/2737 2738/2738/2738 2739/2739/2739
f 2740/2740/2740 2741/2741/2741 2742/2742/2742
f 2743/2743/2743 2744/2744/2744 2745/2745/2745
f 2746/2746/2746 2747/2747/2747 2748/2748/2748
f 2749/2749/2749 2750/2750/2750 2751/2751/2751
f 2752/2752/2752 2753/2753/2753 2754/2754/2754
f 2755/2755/2755 2756/2756/2756 2757/2757/2757
f 2758/2758/2758 2759/2759/2759 2760/2760/2760
f 2761/2761/2761 2762/2762/2762 2763/2763/2763
f 2764/2764/2764 2765/2765/2765 2766/2766/2766
f 2767/2767/2767 2768/2768/2768 2769/2769/2769
f 2770/2770/2770 2771/2771/2771 2772/2772/2772
f 2773/2773/2773 2774/2774/2774 2775/2775/2775
f 2776/2776/2776 2777/2777/2777 2778/2778/2778
f 2779/2779/2779 2780/2780/2780 2781/2781/2781
f 2782/2782/2782 2783/2783/2783 2784/2784/2784
f 2785/2785/2785 2786/2786/2786 2787/2787/2787
f 2788/2788/2788 2789/2789/2789 2790/2790/2790
f 2791/2791/2791 2792/2792/2792 2793/2793/2793
f 2794/2794/2794 2795/2795/2795 2796/2796/2796
f 2797/2797/2797 2798/2798/2798 2799/2799/2799
f 2800/2800/2800 2801/2801/2801 2802/2802/2802
f 2803/2803/2803 2804/2804/2804 2805/2805/2805
f 2806/2806/2806 2807/2807/2807 2808/2808/2808
f 2809/2809/2809 2810/2810/2810 2811/2811/2811
f 2812/2812/2812 2813/2813/2813 2814/2814/2814
f 2815/2815/2815 2816/2816/2816 2817/2817/2817
f 2818/2818/2818 2819/2819/2819 2820/2820/2820
f 2821/2821/2821 2822/2822/2822 2823/2823/2823
f 2824/2824/2824 2825/2825/2825 2826/2826/2826
f 2827/2827/2827 2828/2828/2828 2829/2829/2829
f 2830/2830/2830 2831/2831/2831 2832/2832/2832
f 2833/2833/2833 2834/2834/2834 2835/2835/2835
f 2836/2836/2836 2837/2837/2837 2838/2838/2838
f 2839/2839/2839 2840/2840/2840 2841/2841/2841
f 2842/2842/2842 2843/2843/2843 2844/2844/2844
f 2845/2845/2845 2846/2846/2846 2847/2847/2847
f 2848/2848/2848 2849/2849/2849 2850/2850/2850
f 2851/2851/2851 2852/2852/2852 2853/2853/2853
f 2854/2854/2854 2855/2855/2855 2856/2856/2856
f 2857/2857/2857 2858/2858/2858 2859/2859/2859
f 2860/2860/2860 2861/2861/2861 2862/2862/2862
f 2863/2863/2863 2864/2864/2864 2865/2865/2865
f 2866/2866/2866 2867/2867/2867 2868/2868/2868
f 2869/2869/2869 2870/2870/2870 2871/2871/2871
f 2872/2872/2872 2873/2873/2873 2874/2874/2874
f 2875/2875/2875 2876/2876/2876 2877/2877/2877
f 2878/2878/2878 2879/2879/2879 2880/2880/2880
f 2881/2881/2881 2882/2882/2882 2883/2883/2883
f 2884/2884/2884 2885/2885/2885 2886/2886/2886
f 2887/2887/2887 2888/2888/2888 2889/2889/2889
f 2890/2890/2890 2891/2891/2891 2892/2892/2892
f 2893/2893/2893 2894/2894/2894 2895/2895/2895
f 2896/2896/2896 2897/2897/2897 2898/2898/2898
f 2899/2899/2899 2900/2900/2900 2901/2901/2901
f 2902/2902/2902 2903/2903/2903 2904/2904/2904
f 2905/2905/2905 2906/2906/2906 2907/2907/2907
f 2908/2908/2908 2909/2909/2909 2910/2910/2910
f 2911/2911/2911 2912/2912/2912 2913/2913/2913
f 2914/2914/2914 2915/2915/2915 2916/2916/2916
f 2917/2917/2917 2918/2918/2918 2919/2919/2919
f 2920/2920/2920 2921/2921/2921 2922/2922/2922
f 2923/2923/2923 2924/2924/2924 2925/2925/2925
f 2926/2926/2926 2927/2927/2927 2928/2928/2928
f 2929/2929/2929 2930/2930/2930 2931/2931/2931
f 2932/2932/2932 2933/2933/2933 2934/2934/2934
f 2935/2935/2935 2936/2936/2936 2937/2937/2937
f 2938/2938/2938 2939/2939/2939 2940/2940/2940
f 2941/2941/2941 2942/2942/2942 2943/2943/2943
f 2944/2944/2944 2945/2945/2945 2946/2946/2946
f 2947/2947/2947 2948/2948/2948 2949/2949/2949
f 2950/2950/2950 2951/2951/2951 2952/2952/2952
f 2953/2953/2953 2954/2954/2954 2955/2955/2955
f 2956/2956/2956 2957/2957/2957 2958/2958/2958
f 2959/2959/2959 2960/2960/2960 2961/2961/2961
f 2962/2962/2962 2963/2963/2963 2964/2964/2964
f 2965/2965/2965 2966/2966/2966 2967/2967/2967
f 2968/2968/2968 2969/2969/2969 2970/2970/2970
f 2971/2971/2971 2972/2972/2972 2973/2973/2973
f 2974/2974/2974 2975/2975/2975 2976/2976/2976
f 2977/2977/2977 2978/2978/2978 2979/2979/2979
f 2980/2980/2980 2981/2981/2981 2982/2982/2982
f 2983/2983/2983 2984/2984/2984 2985/2985/2985
f 2986/2986/2986 2987/2987/2987 2988/2988/2988
f 2989/2989/2989 2990/2990/2990 2991/2991/2991
f 2992/2992/2992 2993/2993/2993 2994/2994/2994
f 2995/2995/2995 2996/2996/2996 2997/2997/2997
f 2998/2998/2998 2999/2999/2999 3000/3000/3000
f 3001/3001/3001 3002/3002/3002 3003/3003/3003
f 3004/3004/3004 3005/3005/3005 3006/3006/3006
f 3007/3007/3007 3008/3008/3008 3009/3009/3009
f 3010/3010/3010 3011/3011/3011 3012/3012/3012
f 3013/3013/3013 3014/3014/3014 3015/3015/3015
f 3016/3016/3016 3017/3017/3017 3018/3018/3018
f 3019/3019/3019 3020/3020/3020 3021/3021/3021
f 3022/3022/3022 3023/3023/3023 3024/3024/3024
f 3025/3025/3025 3026/3026/3026 3027/3027/3027
f 3028/3028/3028 3029/3029/3029 3030/3030/3030
f 3031/3031/3031 3032/3032/3032 3033/3033/3033
f 3034/3034/3034 3035/3035/3035 3036/3036/3036
f 3037/3037/3037 3038/3038/3038 3039/3039/3039
f 3040/3040/3040 3041/3041/3041 3042/3042/3042
f 3043/3043/3043 3044/3044/3044 3045/3045/3045
f 3046/3046/3046 3047/3047/3047 3048/3048/3048
f 3049/3049/3049 3050/3050/3050 3051/3051/3051
f 3052/3052/3052 3053/3053/3053 3054/3054/3054
f 3055/3055/3055 3056/3056/3056 3057/3057/3057
f 3058/3058/3058 3059/3059/3059 3060/3060/3060
f 3061/3061/3061 3062/3062/3062 3063/3063/3063
f 3064/3064/3064 3065/3065/3065 3066/3066/3066
f 3067/3067/3067 3068/3068/3068 3069/3069/3069
f 3070/3070/3070 3071/3071/3071 3072/3072/3072
f 3073/3073/3073 3074/3074/3074 3075/3075/3075
f 3076/3076/3076 3077/3077/3077 3078/3078/3078
f 3079/3079/3079 3080/3080/3080 3081/3081/3081
f 3082/3082/3082 3083/3083/3083 3084/3084/3084
f 3085/3085/3085 3086/3086/3086 3087/3087/3087
f 3088/3088/3088 3089/3089/3089 3090/3090/3090
f 3091/3091/3091 3092/3092/3092 3093/3093/3093
f 3094/3094/3094 3095/3095/3095 3096/3096/3096
f 3097/3097/3097 3098/3098/3098 3099/3099/3099
f 3100/3100/3100 3101/3101/3101 3102/3102/3102
f 3103/3103/3103 3104/3104/3104 3105/3105/3105
f 3106/3106/3106 3107/3107/3107 3108/3108/3108
f 3109/3109/3109 3110/3110/3110 3111/3111/3111
f 3112/3112/3112 3113/3113/3113 3114/3114/3114
f 3115/3115/3115 3116/3116/3116 3117/3117/3117
f 3118/3118/3118 3119/3119/3119 3120/3120/3120
f 3121/3121/3121 3122/3122/3122 3123/3123/3123
f 3124/3124/3124 3125/3125/3125 3126/3126/3126
f 3127/3127/3127 3128/3128/3128 3129/3129/3129
f 3130/3130/3130 3131/3131/3131 3132/3132/3132
f 3133/3133/3133 3134/3134/3134 3135/3135/3135
f 3136/3136/3136 3137/3137/3137 3138/3138/3138
f 3139/3139/3139 3140/3140/3140 3141/3141/3141
f 3142/3142/3142 3143/3143/3143 3144/3144/3144
f 3145/3145/3145 3146/3146/3146 3147/3147/3147
f 3148/3148/3148 3149/3149/3149 3150/3150/3150
f 3151/3151/3151 3152/3152/3152 3153/3153/3153
f 3154/3154/3154 3155/3155/3155 3156/3156/3156
f 3157/3157/3157 3158/3158/3158 3159/3159/3159
f 3160/3160/3160 3161/3161/3161 3162/3162/3162
f 3163/3163/3163 3164/3164/3164 3165/3165/3165
f 3166/3166/3166 3167/3167/3167 3168/3168/3168
f 3169/3169/3169 3170/3170/3170 3171/3171/3171
f 3172/3172/3172 3173/3173/3173 3174/3174/3174
f 3175/3175/3175 3176/3176/3176 3177/3177/3177
f 3178/3178/3178 3179/3179/3179 3180/3180/3180
f 3181/3181/3181 3182/3182/3182 3183/3183/3183
f 3184/3184/3184 3185/3185/3185 3186/3186/3186
f 3187/3187/3187 3188/3188/3188 3189/3189/3189
f 3190/3190/3190 3191/3191/3191 3192/3192/3192
f 3193/3193/3193 3194/3194/3194 3195/3195/3195
f 3196/3196/3196 3197/3197/3197 3198/3198/3198
f 3199/3199/3199 3200/3200/3200 3201/3201/3201
f 3202/3202/3202 3203/3203/3203 3204/3204/3204
f 3205/3205/3205 3206/3206/3206 3207/3207/3207
f 3208/3208/3208 3209/3209/3209 3210/3210/3210
f 3211/3211/3211 3212/3212/3212 3213/3213/3213
f 3214/3214/3214 3215/3215/3215 3216/3216/3216
f 3217/3217/3217 3218/3218/3218 3219/3219/3219
f 3220/3220/3220 3221/3221/3221 3222/3222/3222
f 3223/3223/3223 3224/3224/3224 3225/3225/3225
f 3226/3226/3226 3227/3227/3227 3228/3228/3228
f 3229/3229/3229 3230/3230/3230 3231/3231/3231
f 3232/3232/3232 3233/3233/3233 3234/3234/3234
f 3235/3235/3235 3236/3236/3236 3237/3237/3237
f 3238/3238/3238 3239/3239/3239 3240/3240/3240
f 3241/3241/3241 3242/3242/3242 3243/3243/3243
f 3244/3244/3244 3245/3245/3245 3246/3246/3246
f 3247/3247/3247 3248/3248/3248 3249/3249/3249
f 3250/3250/3250 3251/3251/3251 3252/3252/3252
f 3253/3253/3253 3254/3254/3254 3255/3255/3255
f 3256/3256/3256 3257/3257/3257 3258/3258/3258
f 3259/3259/3259 3260/3260/3260 3261/3261/3261
f 3262/3262/3262 3263/3263/3263 3264/3264/3264
f 3265/3265/3265 3266/3266/3266 3267/3267/3267
f 3268/3268/3268 3269/3269/3269 3270/3270/3270
f 3271/3271/3271 3272/3272/3272 3273/3273/3273
f 3274/3274/3274 3275/3275/3275 3276/3276/3276
f 3277/3277/3277 3278/3278/3278 3279/3279/3279
f 3280/3280/3280 3281/3281/3281 3282/3282/3282
f 3283/3283/3283 3284/3284/3284 3285/3285/3285
f 3286/3286/3286 3287/3287/3287 3288/3288/3288
f 3289/3289/3289 3290/3290/3290 3291/3291/3291
f 3292/3292/3292 3293/3293/3293 3294/3294/3294
f 3295/3295/3295 3296/3296/3296 3297/3297/3297
f 3298/3298/3298 3299/3299/3299 3300/3300/3300
f 3301/3301/3301 3302/3302/3302 3303/3303/3303
f 3304/3304/3304 3305/3305/3305 3306/3306/3306
f 3307/3307/3307 3308/3308/3308 3309/3309/3309
f 3310/3310/3310 3311/3311/3311 3312/3312/3312
f 3313/3313/3313 3314/3314/3314 3315/3315/3315
f 3316/3316/3316 3317/3317/3317 3318/3318/3318
f 3319/3319/3319 3320/3320/3320 3321/3321/3321
f 3322/3322/3322 3323/3323/3323 3324/3324/3324
f 3325/3325/3325 3326/3326/3326 3327/3327/3327
f 3328/3328/3328 3329/3329/3329 3330/3330/3330
f 3331/3331/3331 3332/3332/3332 3333/3333/3333
f 3334/3334/3334 3335/3335/3335 3336/3336/3336
f 3337/3337/3337 3338/3338/3338 3339/3339/3339
f 3340/3340/3340 3341/3341/3341 3342/3342/3342
f 3343/3343/3343 3344/3344/3344 3345/3345/3345
f 3346/3346/3346 3347/3347/3347 3348/3348/3348
f 3349/3349/3349 3350/3350/3350 3351/3351/3351
f 3352/3352/3352 3353/3353/3353 3354/3354/3354
f 3355/3355/3355 3356/3356/3356 3357/3357/3357
f 3358/3358/3358 3359/3359/3359 3360/3360/3360
f 3361/3361/3361 3362/3362/3362 3363/3363/3363
f 3364/3364/3364 3365/3365/3365 3366/3366/3366
f 3367/3367/3367 3368/3368/3368 3369/3369/3369
f 3370/3370/3370 3371/3371/3371 3372/3372/3372
f 3373/3373/3373 3374/3374/3374 3375/3375/3375
f 3376/3376/3376 3377/3377/3377 3378/3378/3378
f 3379/3379/3379 3380/3380/3380 3381/3381/3381
f 3382/3382/3382 3383/3383/3383 3384/3384/3384
f 3385/3385/3385 3386/3386/3386 3387/3387/3387
f 3388/3388/3388 3389/3389/3389 3390/3390/3390
f 3391/3391/3391 3392/3392/3392 3393/3393/3393
f 3394/3394/3394 3395/3395/3395 3396/3396/3396
f 3397/3397/3397 3398/3398/3398 3399/3399/3399
f 3400/3400/3400 3401/3401/3401 3402/3402/3402
f 3403/3403/3403 3404/3404/3404 3405/3405/3405
f 3406/3406/3406 3407/3407/3407 3408/3408/3408
f 3409/3409/3409 3410/3410/3410 3411/3411/3411
f 3412/3412/3412 3413/3413/3413 3414/3414/3414
f 3415/3415/3415 3416/3416/3416 3417/3417/3417
f 3418/3418/3418 3419/3419/3419 3420/3420/3420
f 3421/3421/3421 3422/3422/3422 3423/3423/3423
f 3424/3424/3424 3425/3425/3425 3426/3426/3426
f 3427/3427/3427 3428/3428/3428 3429/3429/3429
f 3430/3430/3430 3431/3431/3431 3432/3432/3432
f 3433/3433/3433 3434/3434/3434 3435/3435/3435
f 3436/3436/3436 3437/3437/3437 3438/3438/3438
f 3439/3439/3439 3440/3440/3440 3441/3441/3441
f 3442/3442/3442 3443/3443/3443 3444/3444/3444
f 3445/3445/3445 3446/3446/3446 3447/3447/3447
f 3448/3448/3448 3449/3449/3449 3450/3450/3450
f 3451/3451/3451 3452/3452/3452 3453/3453/3453
f 3454/3454/3454 3455/3455/3455 3456/3456/3456
f 3457/3457/3457 3458/3458/3458 3459/3459/3459
f 3460/3460/3460 3461/3461/3461 3462/3462/3462
f 3463/3463/3463 3464/3464/3464 3465/3465/3465
f 3466/3466/3466 3467/3467/3467 3468/3468/3468
f 3469/3469/3469 3470/3470/3470 3471/3471/3471
f 3472/3472/3472 3473/3473/3473 3474/3474/3474
f 3475/3475/3475 3476/3476/3476 3477/3477/3477
f 3478/3478/3478 3479/3479/3479 3480/3480/3480
f 3481/3481/3481 3482/3482/3482 3483/3483/3483
f 3484/3484/3484 3485/3485/3485 3486/3486/3486
f 3487/3487/3487 3488/3488/3488 3489/3489/3489
f 3490/3490/3490 3491/3491/3491 3492/3492/3492
f 3493/3493/3493 3494/3494/3494 3495/3495/3495
f 3496/3496/3496 3497/3497/3497 3498/3498/3498
f 3499/3499/3499 3500/3500/3500 3501/3501/3501
f 3502/3502/3502 3503/3503/3503 3504/3504/3504
f 3505/3505/3505 3506/3506/3506 3507/3507/3507
f 3508/3508/3508 3509/3509/3509 3510/3510/3510
f 3511/3511/3511 3512/3512/3512 3513/3513/3513
f 3514/3514/3514 3515/3515/3515 3516/3516/3516
f 3517/3517/3517 3518/3518/3518 3519/3519/3519
f 3520/3520/3520 3521/3521/3521 3522/3522/3522
f 3523/3523/3523 3524/3524/3524 3525/3525/3525
f 3526/3526/3526 3527/3527/3527 3528/3528/3528
f 3529/3529/3529 3530/3530/3530 3531/3531/3531
f 3532/3532/3532 3533/3533/3533 3534/3534/3534
f 3535/3535/3535 3536/3536/3536 3537/3537/3537
f 3538/3538/3538 3539/3539/3539 3540/3540/3540
f 3541/3541/3541 3542/3542/3542 3543/3543/3543
f 3544/3544/3544 3545/3545/3545 3546/3546/3546
f 3547/3547/3547 3548/3548/3548 3549/3549/3549
f 3550/3550/3550 3551/3551/3551 3552/3552/3552
f 3553/3553/3553 3554/3554/3554 3555/3555/3555
f 3556/3556/3556 3557/3557/3557 3558/3558/3558
f 3559/3559/3559 3560/3560/3560 3561/3561/3561
f 3562/3562/3562 3563/3563/3563 3564/3564/3564
f 3565/3565/3565 3566/3566/3566 3567/3567/3567
f 3568/3568/3568 3569/3569/3569 3570/3570/3570
f 3571/3571/3571 3572/3572/3572 3573/3573/3573
f 3574/3574/3574 3575/3575/3575 3576/3576/3576
f 3577/3577/3577 3578/3578/3578 3579/3579/3579
f 3580/3580/3580 3581/3581/3581 3582/3582/3582
f 3583/3583/3583 3584/3584/3584 3585/3585/3585
f 3586/3586/3586 3587/3587/3587 3588/3588/3588
f 3589/3589/3589 3590/3590/3590 3591/3591/3591
f 3592/3592/3592 3593/3593/3593 3594/3594/3594
f 3595/3595/3595 3596/3596/3596 3597/3597/3597
f 3598/3598/3598 3599/3599/3599 3600/3600/3600
f 3601/3601/3601 3602/3602/3602 3603/3603/3603
f 3604/3604/3604 3605/3605/3605 3606/3606/3606
f 3607/3607/3607 3608/3608/3608 3609/3609/3609
f 3610/3610/3610 3611/3611/3611 3612/3612/3612
f 3613/3613/3613 3614/3614/3614 3615/3615/3615
f 3616/3616/3616 3617/3617/3617 3618/3618/3618
f 3619/3619/3619 3620/3620/3620 3621/3621/3621
f 3622/3622/3622 3623/3623/3623 3624/3624/3624
f 3625/3625/3625 3626/3626/3626 3627/3627/3627
f 3628/3628/3628 3629/3629/3629 3630/3630/3630
f 3631/3631/3631 3632/3632/3632 3633/3633/3633
f 3634/3634/3634 3635/3635/3635 3636/3636/3636
f 3637/3637/3637 3638/3638/3638 3639/3639/3639
f 3640/3640/3640 3641/3641/3641 3642/3642/3642
f 3643/3643/3643 3644/3644/3644 3645/3645/3645
f 3646/3646/3646 3647/3647/3647 3648/3648/3648
f 3649/3649/3649 3650/3650/3650 3651/3651/3651
f 3652/3652/3652 3653/3653/3653 3654/3654/3654
f 3655/3655/3655 3656/3656/3656 3657/3657/3657
f 3658/3658/3658 3659/3659/3659 3660/3660/3660
f 3661/3661/3661 3662/3662/3662 3663/3663/3663
f 3664/3664/3664 3665/3665/3665 3666/3666/3666
f 3667/3667/3667 3668/3668/3668 3669/3669/3669
f 3670/3670/3670 3671/3671/3671 3672/3672/3672
f 3673/3673/3673 3674/3674/3674 3675/3675/3675
f 3676/3676/3676 3677/3677/3677 3678/3678/3678
f 3679/3679/3679 3680/3680/3680 3681/3681/3681
f 3682/3682/3682 3683/3683/3683 3684/3684/3684
f 3685/3685/3685 3686/3686/3686 3687/3687/3687
f 3688/3688/3688 3689/3689/3689 3690/3690/3690
f 3691/3691/3691 3692/3692/3692 3693/3693/3693
f 3694/3694/3694 3695/3695/3695 3696/3696/3696
f 3697/3697/3697 3698/3698/3698 3699/3699/3699
f 3700/3700/3700 3701/3701/3701 3702/3702/3702
f 3703/3703/3703 3704/3704/3704 3705/3705/3705
f 3706/3706/3706 3707/3707/3707 3708/3708/3708
f 3709/3709/3709 3710/3710/3710 3711/3711/3711
f 3712/3712/3712 3713/3713/3713 3714/3714/3714
f 3715/3715/3715 3716/3716/3716 3717/3717/3717
f 3718/3718/3718 3719/3719/3719 3720/3720/3720
f 3721/3721/3721 3722/3722/3722 3723/3723/3723
f 3724/3724/3724 3725/3725/3725 3726/3726/3726
f 3727/3727/3727 3728/3728/3728 3729/3729/3729
f 3730/3730/3730 3731/3731/3731 3732/3732/3732
f 3733/3733/3733 3734/3734/3734 3735/3735/3735
f 3736/3736/3736 3737/3737/3737 3738/3738/3738
f 3739/3739/3739 3740/3740/3740 3741/3741/3741
f 3742/3742/3742 3743/3743/3743 3744/3744/3744
f 3745/3745/3745 3746/3746/3746 3747/3747/3747
f 3748/3748/3748 3749/3749/3749 3750/3750/3750
f 3751/3751/3751 3752/3752/3752 3753/3753/3753
f 3754/3754/3754 3755/3755/3755 3756/3756/3756
f 3757/3757/3757 3758/3758/3758 3759/3759/3759
f 3760/3760/3760 3761/3761/3761 3762/3762/3762
f 3763/3763/3763 3764/3764/3764 3765/3765/3765
f 3766/3766/3766 3767/3767/3767 3768/3768/3768
f 3769/3769/3769 3770/3770/3770 3771/3771/3771
f 3772/3772/3772 3773/3773/3773 3774/3774/3774
f 3775/3775/3775 3776/3776/3776 3777/3777/3777
f 3778/3778/3778 3779/3779/3779 3780/3780/3780
f 3781/3781/3781 3782/3782/3782 3783/3783/3783
f 3784/3784/3784 3785/3785/3785 3786/3786/3786
f 3787/3787/3787 3788/3788/3788 3789/3789/3789
f 3790/3790/3790 3791/3791/3791 3792/3792/3792
f 3793/3793/3793 3794/3794/3794 3795/3795/3795
f 3796/3796/3796 3797/3797/3797 3798/3798/3798
f 3799/3799/3799 3800/3800/3800 3801/3801/3801
f 3802/3802/3802 3803/3803/3803 3804/3804/3804
f 3805/3805/3805 3806/3806/3806 3807/3807/3807
f 3808/3808/3808 3809/3809/3809 3810/3810/3810
f 3811/3811/3811 3812/3812/3812 3813/3813/3813
f 3814/3814/3814 3815/3815/3815 3816/3816/3816
f 3817/3817/3817 3818/3818/3818 3819/3819/3819
f 3820/3820/3820 3821/3821/3821 3822/3822/3822
f 3823/3823/3823 3824/3824/3824 3825/3825/3825
f 3826/3826/3826 3827/3827/3827 3828/3828/3828
f 3829/3829/3829 3830/3830/3830 3831/3831/3831
f 3832/3832/3832 3833/3833/3833 3834/3834/3834
f 3835/3835/3835 3836/3836/3836 3837/3837/3837
f 3838/3838/3838 3839/3839/3839 3840/3840/3840
f 3841/3841/3841 3842/3842/3842 3843/3843/3843
f 3844/3844/3844 3845/3845/3845 3846/3846/3846
f 3847/3847/3847 3848/3848/3848 3849/3849/3849
f 3850/3850/3850 3851/3851/3851 3852/3852/3852
f 3853/3853/3853 3854/3854/3854 3855/3855/3855
f 3856/3856/3856 3857/3857/3857 3858/3858/3858
f 3859/3859/3859 3860/3860/3860 3861/3861/3861
f 3862/3862/3862 3863/3863/3863 3864/3864/3864
f 3865/3865/3865 3866/3866/3866 3867/3867/3867
f 3868/3868/3868 3869/3869/3869 3870/3870/3870
f 3871/3871/3871 3872/3872/3872 3873/3873/3873
f 3874/3874/3874 3875/3875/3875 3876/3876/3876
f 3877/3877/3877 3878/3878/3878 3879/3879/3879
f 3880/3880/3880 3881/3881/3881 3882/3882/3882
f 3883/3883/3883 3884/3884/3884 3885/3885/3885
f 3886/3886/3886 3887/3887/3887 3888/3888/3888
f 3889/3889/3889 3890/3890/3890 3891/3891/3891
f 3892/3892/3892 3893/3893/3893 3894/3894/3894
f 3895/3895/3895 3896/3896/3896 3897/3897/3897
f 3898/3898/3898 3899/3899/3899 3900/3900/3900
f 3901/3901/3901 3902/3902/3902 3903/3903/3903
f 3904/3904/3904 3905/3905/3905 3906/3906/3906
f 3907/3907/3907 3908/3908/3908 3909/3909/3909
f 3910/3910/3910 3911/3911/3911 3912/3912/3912
f 3913/3913/3913 3914/3914/3914 3915/3915/3915
f 3916/3916/3916 3917/3917/3917 3918/3918/3918
f 3919/3919/3919 3920/3920/3920 3921/3921/3921
f 3922/3922/3922 3923/3923/3923 3924/3924/3924
f 3925/3925/3925 3926/3926/3926 3927/3927/3927
f 3928/3928/3928 3929/3929/3929 3930/3930/3930
f 3931/3931/3931 3932/3932/3932 3933/3933/3933
f 3934/3934/3934 3935/3935/3935 3936/3936/3936
f 3937/3937/3937 3938/3938/3938 3939/3939/3939
f 3940/3940/3940 3941/3941/3941 3942/3942/3942
f 3943/3943/3943 3944/3944/3944 3945/3945/3945
f 3946/3946/3946 3947/3947/3947 3948/3948/3948
f 3949/3949/3949 3950/3950/3950 3951/3951/3951
f 3952/3952/3952 3953/3953/3953 3954/3954/3954
f 3955/3955/3955 3956/3956/3956 3957/3957/3957
f 3958/3958/3958 3959/3959/3959 3960/3960/3960
f 3961/3961/3961 3962/3962/3962 3963/3963/3963
f 3964/3964/3964 3965/3965/3965 3966/3966/3966
f 3967/3967/3967 3968/3968/3968 3969/3969/3969
f 3970/3970/3970 3971/3971/3971 3972/3972/3972
f 3973/3973/3973 3974/3974/3974 3975/3975/3975
f 3976/3976/3976 3977/3977/3977 3978/3978/3978
f 3979/3979/3979 3980/3980/3980 3981/3981/3981
f 3982/3982/3982 3983/3983/3983 3984/3984/3984
f 3985/3985/3985 3986/3986/3986 3987/3987/3987
f 3988/3988/3988 3989/3989/3989 3990/3990/3990
f 3991/3991/3991 3992/3992/3992 3993/3993/3993
f 3994/3994/3994 3995/3995/3995 3996/3996/3996
f 3997/3997/3997 3998/3998/3998 3999/3999/3999
f 4000/4000/4000 4001/4001/4001 4002/4002/4002
f 4003/4003/4003 4004/4004/4004 4005/4005/4005
f 4006/4006/4006 4007/4007/4007 4008/4008/4008
f 4009/4009/4009 4010/4010/4010 4011/4011/4011
f 4012/4012/4012 4013/4013/4013 4014/4014/4014
f 4015/4015/4015 4016/4016/4016 4017/4017/4017
f 4018/4018/4018 4019/4019/4019 4020/4020/4020
f 4021/4021/4021 4022/4022/4022 4023/4023/4023
f 4024/4024/4024 4025/4025/4025 4026/4026/4026
f 4027/4027/4027 4028/4028/4028 4029/4029/4029
f 4030/4030/4030 4031/4031/4031 4032/4032/4032
f 4033/4033/4033 4034/4034/4034 4035/4035/4035
f 4036/4036/4036 4037/4037/4037 4038/4038/4038
f 4039/4039/4039 4040/4040/4040 4041/4041/4041
f 4042/4042/4042 4043/4043/4043 4044/4044/4044
f 4045/4045/4045 4046/4046/4046 4047/4047/4047
f 4048/4048/4048 4049/4049/4049 4050/4050/4050
f 4051/4051/4051 4052/4052/4052 4053/4053/4053
f 4054/4054/4054 4055/4055/4055 4056/4056/4056
f 4057/4057/4057 4058/4058/4058 4059/4059/4059
f 4060/4060/4060 4061/4061/4061 4062/4062/4062
f 4063/4063/4063 4064/4064/4064 4065/4065/4065
f 4066/4066/4066 4067/4067/4067 4068/4068/4068
f 4069/4069/4069 4070/4070/4070 4071/4071/4071
f 4072/4072/4072 4073/4073/4073 4074/4074/4074
f 4075/4075/4075 4076/4076/4076 4077/4077/4077
f 4078/4078/4078 4079/4079/4079 4080/4080/4080
f 4081/4081/4081 4082/4082/4082 4083/4083/4083
f 4084/4084/4084 4085/4085/4085 4086/4086/4086
f 4087/4087/4087 4088/4088/4088 4089/4089/4089
f 4090/4090/4090 4091/4091/4091 4092/4092/4092
f 4093/4093/4093 4094/4094/4094 4095/4095/4095
f 4096/4096/4096 4097/4097/4097 4098/4098/4098
f 4099/4099/4099 4100/4100/4100 4101/4101/4101
f 4102/4102/4102 4103/4103/4103 4104/4104/4104
f 4105/4105/4105 4106/4106/4106 4107/4107/4107
f 4108/4108/4108 4109/4109/4109 4110/4110/4110
f 4111/4111/4111 4112/4112/4112 4113/4113/4113
f 4114/4114/4114 4115/4115/4115 4116/4116/4116
f 4117/4117/4117 4118/4118/4118 4119/4119/4119
f 4120/4120/4120 4121/4121/4121 4122/4122/4122
f 4123/4123/4123 4124/4124/4124 4125/4125/4125
f 4126/4126/4126 4127/4127/4127 4128/4128/4128
f 4129/4129/4129 4130/4130/4130 4131/4131/4131
f 4132/4132/4132 4133/4133/4133 4134/4134/4134
f 4135/4135/4135 4136/4136/4136 4137/4137/4137
f 4138/4138/4138 4139/4139/4139 4140/4140/4140
f 4141/4141/4141 4142/4142/4142 4143/4143/4143
f 4144/4144/4144 4145/4145/4145 4146/4146/4146
f 4147/4147/4147 4148/4148/4148 4149/4149/4149
f 4150/4150/4150 4151/4151/4151 4152/4152/4152
f 4153/4153/4153 4154/4154/4154 4155/4155/4155
f 4156/4156/4156 4157/4157/4157 4158/4158/4158
f 4159/4159/4159 4160/4160/4160 4161/4161/4161
f 4162/4162/4162 4163/4163/4163 4164/4164/4164
f 4165/4165/4165 4166/4166/4166 4167/4167/4167
f 4168/4168/4168 4169/4169/4169 4170/4170/4170
f 4171/4171/4171 4172/4172/4172 4173/4173/4173
f 4174/4174/4174 4175/4175/4175 4176/4176/4176
f 4177/4177/4177 4178/4178/4178 4179/4179/4179
f 4180/4180/4180 4181/4181/4181 4182/4182/4182
f 4183/4183/4183 4184/4184/4184 4185/4185/4185
f 4186/4186/4186 4187/4187/4187 4188/4188/4188
f 4189/4189/4189 4190/4190/4190 4191/4191/4191
f 4192/4192/4192 4193/4193/4193 4194/4194/4194
f 4195/4195/4195 4196/4196/4196 4197/4197/4197
f 4198/4198/4198 4199/4199/4199 4200/4200/4200
f 4201/4201/4201 4202/4202/4202 4203/4203/4203
f 4204/4204/4204 4205/4205/4205 4206/4206/4206
f 4207/4207/4207 4208/4208/4208 4209/4209/4209
f 4210/4210/4210 4211/4211/4211 4212/4212/4212
f 4213/4213/4213 4214/4214/4214 4215/4215/4215
f 4216/4216/4216 4217/4217/4217 4218/4218/4218
f 4219/4219/4219 4220/4220/4220 4221/4221/4221
f 4222/4222/4222 4223/4223/4223 4224/4224/4224
f 4225/4225/4225 4226/4226/4226 4227/4227/4227
f 4228/4228/4228 4229/4229/4229 4230/4230/4230
f 4231/4231/4231 4232/4232/4232 4233/4233/4233
f 4234/4234/4234 4235/4235/4235 4236/4236/4236
f 4237/4237/4237 4238/4238/4238 4239/4239/4239
f 4240/4240/4240 4241/4241/4241 4242/4242/4242
f 4243/4243/4243 4244/4244/4244 4245/4245/4245
f 4246/4246/4246 4247/4247/4247 4248/4248/4248
f 4249/4249/4249 4250/4250/4250 4251/4251/4251
f 4252/4252/4252 4253/4253/4253 4254/4254/4254
f 4255/4255/4255 4256/4256/4256 4257/4257/4257
f 4258/4258/4258 4259/4259/4259 4260/4260/4260
f 4261/4261/4261 4262/4262/4262 4263/4263/4263
f 4264/4264/4264 4265/4265/4265 4266/4266/4266
f 4267/4267/4267 4268/4268/4268 4269/4269/4269
f 4270/4270/4270 4271/4271/4271 4272/4272/4272
f 4273/4273/4273 4274/4274/4274 4275/4275/4275
f 4276/4276/4276 4277/4277/4277 4278/4278/4278
f 4279/4279/4279 4280/4280/4280 4281/4281/4281
f 4282/4282/4282 4283/4283/4283 4284/4284/4284
f 4285/4285/4285 4286/4286/4286 4287/4287/4287
f 4288/4288/4288 4289/4289/4289 4290/4290/4290
f 4291/4291/4291 4292/4292/4292 4293/4293/4293
f 4294/4294/4294 4295/4295/4295 4296/4296/4296
f 4297/4297/4297 4298/4298/4298 4299/4299/4299
f 4300/4300/4300 4301/4301/4301 4302/4302/4302
f 4303/4303/4303 4304/4304/4304 4305/4305/4305
f 4306/4306/4306 4307/4307/4307 4308/4308/4308
f 4309/4309/4309 4310/4310/4310 4311/4311/4311
f 4312/4312/4312 4313/4313/4313 4314/4314/4314
f 4315/4315/4315 4316/4316/4316 4317/4317/4317
f 4318/4318/4318 4319/4319/4319 4320/4320/4320
f 4321/4321/4321 4322/4322/4322 4323/4323/4323
f 4324/4324/4324 4325/4325/4325 4326/4326/4326
f 4327/4327/4327 4328/4328/4328 4329/4329/4329
f 4330/4330/4330 4331/4331/4331 4332/4332/4332
f 4333/4333/4333 4334/4334/4334 4335/4335/4335
f 4336/4336/4336 4337/4337/4337 4338/4338/4338
f 4339/4339/4339 4340/4340/4340 4341/4341/4341
f 4342/4342/4342 4343/4343/4343 4344/4344/4344
f 4345/4345/4345 4346/4346/4346 4347/4347/4347
f 4348/4348/4348 4349/4349/4349 4350/4350/4350
f 4351/4351/4351 4352/4352/4352 4353/4353/4353
f 4354/4354/4354 4355/4355/4355 4356/4356/4356
f 4357/4357/4357 4358/4358/4358 4359/4359/4359
f 4360/4360/4360 4361/4361/4361 4362/4362/4362
f 4363/4363/4363 4364/4364/4364 4365/4365/4365
f 4366/4366/4366 4367/4367/4367 4368/4368/4368
f 4369/4369/4369 4370/4370/4370 4371/4371/4371
f 4372/4372/4372 4373/4373/4373 4374/4374/4374
f 4375/4375/4375 4376/4376/4376 4377/4377/4377
f 4378/4378/4378 4379/4379/4379 4380/4380/4380
f 4381/4381/4381 4382/4382/4382 4383/4383/4383
f 4384/4384/4384 4385/4385/4385 4386/4386/4386
f 4387/4387/4387 4388/4388/4388 4389/4389/4389
f 4390/4390/4390 4391/4391/4391 4392/4392/4392
f 4393/4393/4393 4394/4394/4394 4395/4395/4395
f 4396/4396/4396 4397/4397/4397 4398/4398/4398
f 4399/4399/4399 4400/4400/4400 4401/4401/4401
f 4402/4402/4402 4403/4403/4403 4404/4404/4404
f 4405/4405/4405 4406/4406/4406 4407/4407/4407
f 4408/4408/4408 4409/4409/4409 4410/4410/4410
f 4411/4411/4411 4412/4412/4412 4413/4413/4413
f 4414/4414/4414 4415/4415/4415 4416/4416/4416
f 4417/4417/4417 4418/4418/4418 4419/4419/4419
f 4420/4420/4420 4421/4421/4421 4422/4422/4422
f 4423/4423/4423 4424/4424/4424 4425/4425/4425
f 4426/4426/4426 4427/4427/4427 4428/4428/4428
f 4429/4429/4429 4430/4430/4430 4431/4431/4431
f 4432/4432/4432 4433/4433/4433 4434/4434/4434
f 4435/4435/4435 4436/4436/4436 4437/4437/4437
f 4438/4438/4438 4439/4439/4439 4440/4440/4440
f 4441/4441/4441 4442/4442/4442 4443/4443/4443
f 4444/4444/4444 4445/4445/4445 4446/4446/4446
f 4447/4447/4447 4448/4448/4448 4449/4449/4449
f 4450/4450/4450 4451/4451/4451 4452/4452/4452
f 4453/4453/4453 4454/4454/4454 4455/4455/4455
f 4456/4456/4456 4457/4457/4457 4458/4458/4458
f 4459/4459/4459 4460/4460/4460 4461/4461/4461
f 4462/4462/4462 4463/4463/4463 4464/4464/4464
f 4465/4465/4465 4466/4466/4466 4467/4467/4467
f 4468/4468/4468 4469/4469/4469 4470/4470/4470
f 4471/4471/4471 4472/4472/4472 4473/4473/4473
f 4474/4474/4474 4475/4475/4475 4476/4476/4476
f 4477/4477/4477 4478/4478/4478 4479/4479/4479
f 4480/4480/4480 4481/4481/4481 4482/4482/4482
f 4483/4483/4483 4484/4484/4484 4485/4485/4485
f 4486/4486/4486 4487/4487/4487 4488/4488/4488
f 4489/4489/4489 4490/4490/4490 4491/4491/4491
f 4492/4492/4492 4493/4493/4493 4494/4494/4494
f 4495/4495/4495 4496/4496/4496 4497/4497/4497
f 4498/4498/4498 4499/4499/4499 4500/4500/4500
f 4501/4501/4501 4502/4502/4502 4503/4503/4503
f 4504/4504/4504 4505/4505/4505 4506/4506/4506
f 4507/4507/4507 4508/4508/4508 4509/4509/4509
f 4510/4510/4510 4511/4511/4511 4512/4512/4512
f 4513/4513/4513 4514/4514/4514 4515/4515/4515
f 4516/4516/4516 4517/4517/4517 4518/4518/4518
f 4519/4519/4519 4520/4520/4520 4521/4521/4521
f 4522/4522/4522 4523/4523/4523 4524/4524/4524
f 4525/4525/4525 4526/4526/4526 4527/4527/4527
f 4528/4528/4528 4529/4529/4529 4530/4530/4530
f 4531/4531/4531 4532/4532/4532 4533/4533/4533
f 4534/4534/4534 4535/4535/4535 4536/4536/4536
f 4537/4537/4537 4538/4538/4538 4539/4539/4539
f 4540/4540/4540 4541/4541/4541 4542/4542/4542
f 4543/4543/4543 4544/4544/4544 4545/4545/4545
f 4546/4546/4546 4547/4547/4547 4548/4548/4548
f 4549/4549/4549 4550/4550/4550 4551/4551/4551
f 4552/4552/4552 4553/4553/4553 4554/4554/4554
f 4555/4555/4555 4556/4556/4556 4557/4557/4557
f 4558/4558/4558 4559/4559/4559 4560/4560/4560
f 4561/4561/4561 4562/4562/4562 4563/4563/4563
f 4564/4564/4564 4565/4565/4565 4566/4566/4566
f 4567/4567/4567 4568/4568/4568 4569/4569/4569
f 4570/4570/4570 4571/4571/4571 4572/4572/4572
f 4573/4573/4573 4574/4574/4574 4575/4575/4575
f 4576/4576/4576 4577/4577/4577 4578/4578/4578
f 4579/4579/4579 4580/4580/4580 4581/4581/4581
f 4582/4582/4582 4583/4583/4583 4584/4584/4584
f 4585/4585/4585 4586/4586/4586 4587/4587/4587
f 4588/4588/4588 4589/4589/4589 4590/4590/4590
f 4591/4591/4591 4592/4592/4592 4593/4593/4593
f 4594/4594/4594 4595/4595/4595 4596/4596/4596
f 4597/4597/4597 4598/4598/4598 4599/4599/4599
f 4600/4600/4600 4601/4601/4601 4602/4602/4602
f 4603/4603/4603 4604/4604/4604 4605/4605/4605
f 4606/4606/4606 4607/4607/4607 4608/4608/4608
f 4609/4609/4609 4610/4610/4610 4611/4611/4611
f 4612/4612/4612 4613/4613/4613 4614/4614/4614
f 4615/4615/4615 4616/4616/4616 4617/4617/4617
f 4618/4618/4618 4619/4619/4619 4620/4620/4620
f 4621/4621/4621 4622/4622/4622 4623/4623/4623
f 4624/4624/4624 4625/4625/4625 4626/4626/4626
f 4627/4627/4627 4628/4628/4628 4629/4629/4629
f 4630/4630/4630 4631/4631/4631 4632/4632/4632
f 4633/4633/4633 4634/4634/4634 4635/4635/4635
f 4636/4636/4636 4637/4637/4637 4638/4638/4638
f 4639/4639/4639 4640/4640/4640 4641/4641/4641
f 4642/4642/4642 4643/4643/4643 4644/4644/4644
f 4645/4645/4645 4646/4646/4646 4647/4647/4647
f 4648/4648/4648 4649/4649/4649 4650/4650/4650
f 4651/4651/4651 4652/4652/4652 4653/4653/4653
f 4654/4654/4654 4655/4655/4655 4656/4656/4656
f 4657/4657/4657 4658/4658/4658 4659/4659/4659
f 4660/4660/4660 4661/4661/4661 4662/4662/4662
f 4663/4663/4663 4664/4664/4664 4665/4665/4665
f 4666/4666/4666 4667/4667/4667 4668/4668/4668
f 4669/4669/4669 4670/4670/4670 4671/4671/4671
f 4672/4672/4672 4673/4673/4673 4674/4674/4674
f 4675/4675/4675 4676/4676/4676 4677/4677/4677
f 4678/4678/4678 4679/4679/4679 4680/4680/4680
f 4681/4681/4681 4682/4682/4682 4683/4683/4683
f 4684/4684/4684 4685/4685/4685 4686/4686/4686
f 4687/4687/4687 4688/4688/4688 4689/4689/4689
f 4690/4690/4690 4691/4691/4691 4692/4692/4692
f 4693/4693/4693 4694/4694/4694 4695/4695/4695
f 4696/4696/4696 4697/4697/4697 4698/4698/4698
f 4699/4699/4699 4700/4700/4700 4701/4701/4701
f 4702/4702/4702 4703/4703/4703 4704/4704/4704
f 4705/4705/4705 4706/4706/4706 4707/4707/4707
f 4708/4708/4708 4709/4709/4709 4710/4710/4710
f 4711/4711/4711 4712/4712/4712 4713/4713/4713
f 4714/4714/4714 4715/4715/4715 4716/4716/4716
f 4717/4717/4717 4718/4718/4718 4719/4719/4719
f 4720/4720/4720 4721/4721/4721 4722/4722/4722
f 4723/4723/4723 4724/4724/4724 4725/4725/4725
f 4726/4726/4726 4727/4727/4727 4728/4728/4728
f 4729/4729/4729 4730/4730/4730 4731/4731/4731
f 4732/4732/4732 4733/4733/4733 4734/4734/4734
f 4735/4735/4735 4736/4736/4736 4737/4737/4737
f 4738/4738/4738 4739/4739/4739 4740/4740/4740
f 4741/4741/4741 4742/4742/4742 4743/4743/4743
f 4744/4744/4744 4745/4745/4745 4746/4746/4746
f 4747/4747/4747 4748/4748/4748 4749/4749/4749
f 4750/4750/4750 4751/4751/4751 4752/4752/4752
f 4753/4753/4753 4754/4754/4754 4755/4755/4755
f 4756/4756/4756 4757/4757/4757 4758/4758/4758
f 4759/4759/4759 4760/4760/4760 4761/4761/4761
f 4762/4762/4762 4763/4763/4763 4764/4764/4764
f 4765/4765/4765 4766/4766/4766 4767/4767/4767
f 4768/4768/4768 4769/4769/4769 4770/4770/4770
f 4771/4771/4771 4772/4772/4772 4773/4773/4773
f 4774/4774/4774 4775/4775/4775 4776/4776/4776
f 4777/4777/4777 4778/4778/4778 4779/4779/4779
f 4780/4780/4780 4781/4781/4781 4782/4782/4782
f 4783/4783/4783 4784/4784/4784 4785/4785/4785
f 4786/4786/4786 4787/4787/4787 4788/4788/4788
f 4789/4789/4789 4790/4790/4790 4791/4791/4791
f 4792/4792/4792 4793/4793/4793 4794/4794/4794
f 4795/4795/4795 4796/4796/4796 4797/4797/4797
f 4798/4798/4798 4799/4799/4799 4800/4800/4800
f 4801/4801/4801 4802/4802/4802 4803/4803/4803
f 4804/4804/4804 4805/4805/4805 4806/4806/4806
f 4807/4807/4807 4808/4808/4808 4809/4809/4809
f 4810/4810/4810 4811/4811/4811 4812/4812/4812
f 4813/4813/4813 4814/4814/4814 4815/4815/4815
f 4816/4816/4816 4817/4817/4817 4818/4818/4818
f 4819/4819/4819 4820/4820/4820 4821/4821/4821
f 4822/4822/4822 4823/4823/4823 4824/4824/4824
f 4825/4825/4825 4826/4826/4826 4827/4827/4827
f 4828/4828/4828 4829/4829/4829 4830/4830/4830
f 4831/4831/4831 4832/4832/4832 4833/4833/4833
f 4834/4834/4834 4835/4835/4835 4836/4836/4836
f 4837/4837/4837 4838/4838/4838 4839/4839/4839
f 4840/4840/4840 4841/4841/4841 4842/4842/4842
f 4843/4843/4843 4844/4844/4844 4845/4845/4845
f 4846/4846/4846 4847/4847/4847 4848/4848/4848
f 4849/4849/4849 4850/4850/4850 4851/4851/4851
f 4852/4852/4852 4853/4853/4853 4854/4854/4854
f 4855/4855/4855 4856/4856/4856 4857/4857/4857
f 4858/4858/4858 4859/4859/4859 4860/4860/4860
f 4861/4861/4861 4862/4862/4862 4863/4863/4863
f 4864/4864/4864 4865/4865/4865 4866/4866/4866
f 4867/4867/4867 4868/4868/4868 4869/4869/4869
f 4870/4870/4870 4871/4871/4871 4872/4872/4872
f 4873/4873/4873 4874/4874/4874 4875/4875/4875
f 4876/4876/4876 4877/4877/4877 4878/4878/4878
f 4879/4879/4879 4880/4880/4880 4881/4881/4881
f 4882/4882/4882 4883/4883/4883 4884/4884/4884
f 4885/4885/4885 4886/4886/4886 4887/4887/4887
f 4888/4888/4888 4889/4889/4889 4890/4890/4890
f 4891/4891/4891 4892/4892/4892 4893/4893/4893
f 4894/4894/4894 4895/4895/4895 4896/4896/4896
f 4897/4897/4897 4898/4898/4898 4899/4899/4899
f 4900/4900/4900 4901/4901/4901 4902/4902/4902
f 4903/4903/4903 4904/4904/4904 4905/4905/4905
f 4906/4906/4906 4907/4907/4907 4908/4908/4908
f 4909/4909/4909 4910/4910/4910 4911/4911/4911
f 4912/4912/4912 4913/4913/4913 4914/4914/4914
f 4915/4915/4915 4916/4916/4916 4917/4917/4917
f 4918/4918/4918 4919/4919/4919 4920/4920/4920
f 4921/4921/4921 4922/4922/4922 4923/4923/4923
f 4924/4924/4924 4925/4925/4925 4926/4926/4926
f 4927/4927/4927 4928/4928/4928 4929/4929/4929
f 4930/4930/4930 4931/4931/4931 4932/4932/4932
f 4933/4933/4933 4934/4934/4934 4935/4935/4935
f 4936/4936/4936 4937/4937/4937 4938/4938/4938
f 4939/4939/4939 4940/4940/4940 4941/4941/4941
f 4942/4942/4942 4943/4943/4943 4944/4944/4944
f 4945/4945/4945 4946/4946/4946 4947/4947/4947
f 4948/4948/4948 4949/4949/4949 4950/4950/4950
f 4951/4951/4951 4952/4952/4952 4953/4953/4953
f 4954/4954/4954 4955/4955/4955 4956/4956/4956
f 4957/4957/4957 4958/4958/4958 4959/4959/4959
f 4960/4960/4960 4961/4961/4961 4962/4962/4962
f 4963/4963/4963 4964/4964/4964 4965/4965/4965
f 4966/4966/4966 4967/4967/4967 4968/4968/4968
f 4969/4969/4969 4970/4970/4970 4971/4971/4971
f 4972/4972/4972 4973/4973/4973 4974/4974/4974
f 4975/4975/4975 4976/4976/4976 4977/4977/4977
f 4978/4978/4978 4979/4979/4979 4980/4980/4980
f 4981/4981/4981 4982/4982/4982 4983/4983/4983
f 4984/4984/4984 4985/4985/4985 4986/4986/4986
f 4987/4987/4987 4988/4988/4988 4989/4989/4989
f 4990/4990/4990 4991/4991/4991 4992/4992/4992
f 4993/4993/4993 4994/4994/4994 4995/4995/4995
f 4996/4996/4996 4997/4997/4997 4998/4998/4998
f 4999/4999/4999 5000/5000/5000 5001/5001/5001
f 5002/5002/5002 5003/5003/5003 5004/5004/5004
f 5005/5005/5005 5006/5006/5006 5007/5007/5007
f 5008/5008/5008 5009/5009/5009 5010/5010/5010
f 5011/5011/5011 5012/5012/5012 5013/5013/5013
f 5014/5014/5014 5015/5015/5015 5016/5016/5016
f 5017/5017/5017 5018/5018/5018 5019/5019/5019
f 5020/5020/5020 5021/5021/5021 5022/5022/5022
f 5023/5023/5023 5024/5024/5024 5025/5025/5025
f 5026/5026/5026 5027/5027/5027 5028/5028/5028
f 5029/5029/5029 5030/5030/5030 5031/5031/5031
f 5032/5032/5032 5033/5033/5033 5034/5034/5034
f 5035/5035/5035 5036/5036/5036 5037/5037/5037
f 5038/5038/5038 5039/5039/5039 5040/5040/5040
f 5041/5041/5041 5042/5042/5042 5043/5043/5043
f 5044/5044/5044 5045/5045/5045 5046/5046/5046
f 5047/5047/5047 5048/5048/5048 5049/5049/5049
f 5050/5050/5050 5051/5051/5051 5052/5052/5052
f 5053/5053/5053 5054/5054/5054 5055/5055/5055
f 5056/5056/5056 5057/5057/5057 5058/5058/5058
f 5059/5059/5059 5060/5060/5060 5061/5061/5061
f 5062/5062/5062 5063/5063/5063 5064/5064/5064
f 5065/5065/5065 5066/5066/5066 5067/5067/5067
f 5068/5068/5068 5069/5069/5069 5070/5070/5070
f 5071/5071/5071 5072/5072/5072 5073/5073/5073
f 5074/5074/5074 5075/5075/5075 5076/5076/5076
f 5077/5077/5077 5078/5078/5078 5079/5079/5079
f 5080/5080/5080 5081/5081/5081 5082/5082/5082
f 5083/5083/5083 5084/5084/5084 5085/5085/5085
f 5086/5086/5086 5087/5087/5087 5088/5088/5088
f 5089/5089/5089 5090/5090/5090 5091/5091/5091
f 5092/5092/5092 5093/5093/5093 5094/5094/5094
f 5095/5095/5095 5096/5096/5096 5097/5097/5097
f 5098/5098/5098 5099/5099/5099 5100/5100/5100
f 5101/5101/5101 5102/5102/5102 5103/5103/5103
f 5104/5104/5104 5105/5105/5105 5106/5106/5106
f 5107/5107/5107 5108/5108/5108 5109/5109/5109
f 5110/5110/5110 5111/5111/5111 5112/5112/5112
f 5113/5113/5113 5114/5114/5114 5115/5115/5115
f 5116/5116/5116 5117/5117/5117 5118/5118/5118
f 5119/5119/5119 5120/5120/5120 5121/5121/5121
f 5122/5122/5122 5123/5123/5123 5124/5124/5124
f 5125/5125/5125 5126/5126/5126 5127/5127/5127
f 5128/5128/5128 5129/5129/5129 5130/5130/5130
f 5131/5131/5131 5132/5132/5132 5133/5133/5133
f 5134/5134/5134 5135/5135/5135 5136/5136/5136
f 5137/5137/5137 5138/5138/5138 5139/5139/5139
f 5140/5140/5140 5141/5141/5141 5142/5142/5142
f 5143/5143/5143 5144/5144/5144 5145/5145/5145
f 5146/5146/5146 5147/5147/5147 5148/5148/5148
f 5149/5149/5149 5150/5150/5150 5151/5151/5151
f 5152/5152/5152 5153/5153/5153 5154/5154/5154
f 5155/5155/5155 5156/5156/5156 5157/5157/5157
f 5158/5158/5158 5159/5159/5159 5160/5160/5160
f 5161/5161/5161 5162/5162/5162 5163/5163/5163
f 5164/5164/5164 5165/5165/5165 5166/5166/5166
f 5167/5167/5167 5168/5168/5168 5169/5169/5169
f 5170/5170/5170 5171/5171/5171 5172/5172/5172
f 5173/5173/5173 5174/5174/5174 5175/5175/5175
f 5176/5176/5176 5177/5177/5177 5178/5178/5178
f 5179/5179/5179 5180/5180/5180 5181/5181/5181
f 5182/5182/5182 5183/5183/5183 5184/5184/5184
f 5185/5185/5185 5186/5186/5186 5187/5187/5187
f 5188/5188/5188 5189/5189/5189 5190/5190/5190
f 5191/5191/5191 5192/5192/5192 5193/5193/5193
f 5194/5194/5194 5195/5195/5195 5196/5196/5196
f 5197/5197/5197 5198/5198/5198 5199/5199/5199
f 5200/5200/5200 5201/5201/5201 5202/5202/5202
f 5203/5203/5203 5204/5204/5204 5205/5205/5205
f 5206/5206/5206 5207/5207/5207 5208/5208/5208
f 5209/5209/5209 5210/5210/5210 5211/5211/5211
f 5212/5212/5212 5213/5213/5213 5214/5214/5214
f 5215/5215/5215 5216/5216/5216 5217/5217/5217
f 5218/5218/5218 5219/5219/5219 5220/5220/5220
f 5221/5221/5221 5222/5222/5222 5223/5223/5223
f 5224/5224/5224 5225/5225/5225 5226/5226/5226
f 5227/5227/5227 5228/5228/5228 5229/5229/5229
f 5230/5230/5230 5231/5231/5231 5232/5232/5232
f 5233/5233/5233 5234/5234/5234 5235/5235/5235
f 5236/5236/5236 5237/5237/5237 5238/5238/5238
f 5239/5239/5239 5240/5240/5240 5241/5241/5241
f 5242/5242/5242 5243/5243/5243 5244/5244/5244
f 5245/5245/5245 5246/5246/5246 5247/5247/5247
f 5248/5248/5248 5249/5249/5249 5250/5250/5250
f 5251/5251/5251 5252/5252/5252 5253/5253/5253
f 5254/5254/5254 5255/5255/5255 5256/5256/5256
f 5257/5257/5257 5258/5258/5258 5259/5259/5259
f 5260/5260/5260 5261/5261/5261 5262/5262/5262
f 5263/5263/5263 5264/5264/5264 5265/5265/5265
f 5266/5266/5266 5267/5267/5267 5268/5268/5268
f 5269/5269/5269 5270/5270/5270 5271/5271/5271
f 5272/5272/5272 5273/5273/5273 5274/5274/5274
f 5275/5275/5275 5276/5276/5276 5277/5277/5277
f 5278/5278/5278 5279/5279/5279 5280/5280/5280
f 5281/5281/5281 5282/5282/5282 5283/5283/5283
f 5284/5284/5284 5285/5285/5285 5286/5286/5286
f 5287/5287/5287 5288/5288/5288 5289/5289/5289
f 5290/5290/5290 5291/5291/5291 5292/5292/5292
f 5293/5293/5293 5294/5294/5294 5295/5295/5295
f 5296/5296/5296 5297/5297/5297 5298/5298/5298
f 5299/5299/5299 5300/5300/5300 5301/5301/5301
f 5302/5302/5302 5303/5303/5303 5304/5304/5304
f 5305/5305/5305 5306/5306/5306 5307/5307/5307
f 5308/5308/5308 5309/5309/5309 5310/5310/5310
f 5311/5311/5311 5312/5312/5312 5313/5313/5313
f 5314/5314/5314 5315/5315/5315 5316/5316/5316
f 5317/5317/5317 5318/5318/5318 5319/5319/5319
f 5320/5320/5320 5321/5321/5321 5322/5322/5322
f 5323/5323/5323 5324/5324/5324 5325/5325/5325
f 5326/5326/5326 5327/5327/5327 5328/5328/5328
f 5329/5329/5329 5330/5330/5330 5331/5331/5331
f 5332/5332/5332 5333/5333/5333 5334/5334/5334
f 5335/5335/5335 5336/5336/5336 5337/5337/5337
f 5338/5338/5338 5339/5339/5339 5340/5340/5340
f 5341/5341/5341 5342/5342/5342 5343/5343/5343
f 5344/5344/5344 5345/5345/5345 5346/5346/5346
f 5347/5347/5347 5348/5348/5348 5349/5349/5349
f 5350/5350/5350 5351/5351/5351 5352/5352/5352
f 5353/5353/5353 5354/5354/5354 5355/5355/5355
f 5356/5356/5356 5357/5357/5357 5358/5358/5358
f 5359/5359/5359 5360/5360/5360 5361/5361/5361
f 5362/5362/5362 5363/5363/5363 5364/5364/5364
f 5365/5365/5365 5366/5366/5366 5367/5367/5367
f 5368/5368/5368 5369/5369/5369 5370/5370/5370
f 5371/5371/5371 5372/5372/5372 5373/5373/5373
f 5374/5374/5374 5375/5375/5375 5376/5376/5376
f 5377/5377/5377 5378/5378/5378 5379/5379/5379
f 5380/5380/5380 5381/5381/5381 5382/5382/5382
f 5383/5383/5383 5384/5384/5384 5385/5385/5385
f 5386/5386/5386 5387/5387/5387 5388/5388/5388
f 5389/5389/5389 5390/5390/5390 5391/5391/5391
f 5392/5392/5392 5393/5393/5393 5394/5394/5394
f 5395/5395/5395 5396/5396/5396 5397/5397/5397
f 5398/5398/5398 5399/5399/5399 5400/5400/5400
f 5401/5401/5401 5402/5402/5402 5403/5403/5403
f 5404/5404/5404 5405/5405/5405 5406/5406/5406
f 5407/5407/5407 5408/5408/5408 5409/5409/5409
f 5410/5410/5410 5411/5411/5411 5412/5412/5412
f 5413/5413/5413 5414/5414/5414 5415/5415/5415
f 5416/5416/5416 5417/5417/5417 5418/5418/5418
f 5419/5419/5419 5420/5420/5420 5421/5421/5421
f 5422/5422/5422 5423/5423/5423 5424/5424/5424
f 5425/5425/5425 5426/5426/5426 5427/5427/5427
f 5428/5428/5428 5429/5429/5429 5430/5430/5430
f 5431/5431/5431 5432/5432/5432 5433/5433/5433
f 5434/5434/5434 5435/5435/5435 5436/5436/5436
f 5437/5437/5437 5438/5438/5438 5439/5439/5439
f 5440/5440/5440 5441/5441/5441 5442/5442/5442
f 5443/5443/5443 5444/5444/5444 5445/5445/5445
f 5446/5446/5446 5447/5447/5447 5448/5448/5448
f 5449/5449/5449 5450/5450/5450 5451/5451/5451
f 5452/5452/5452 5453/5453/5453 5454/5454/5454
f 5455/5455/5455 5456/5456/5456 5457/5457/5457
f 5458/5458/5458 5459/5459/5459 5460/5460/5460
f 5461/5461/5461 5462/5462/5462 5463/5463/5463
f 5464/5464/5464 5465/5465/5465 5466/5466/5466
f 5467/5467/5467 5468/5468/5468 5469/5469/5469
f 5470/5470/5470 5471/5471/5471 5472/5472/5472
f 5473/5473/5473 5474/5474/5474 5475/5475/5475
f 5476/5476/5476 5477/5477/5477 5478/5478/5478
f 5479/5479/5479 5480/5480/5480 5481/5481/5481
f 5482/5482/5482 5483/5483/5483 5484/5484/5484
f 5485/5485/5485 5486/5486/5486 5487/5487/5487
f 5488/5488/5488 5489/5489/5489 5490/5490/5490
f 5491/5491/5491 5492/5492/5492 5493/5493/5493
f 5494/5494/5494 5495/5495/5495 5496/5496/5496
f 5497/5497/5497 5498/5498/5498 5499/5499/5499
f 5500/5500/5500 5501/5501/5501 5502/5502/5502
f 5503/5503/5503 5504/5504/5504 5505/5505/5505
f 5506/5506/5506 5507/5507/5507 5508/5508/5508
f 5509/5509/5509 5510/5510/5510 5511/5511/5511
f 5512/5512/5512 5513/5513/5513 5514/5514/5514
f 5515/5515/5515 5516/5516/5516 5517/5517/5517
f 5518/5518/5518 5519/5519/5519 5520/5520/5520
f 5521/5521/5521 5522/5522/5522 5523/5523/5523
f 5524/5524/5524 5525/5525/5525 5526/5526/5526
f 5527/5527/5527 5528/5528/5528 5529/5529/5529
f 5530/5530/5530 5531/5531/5531 5532/5532/5532
f 5533/5533/5533 5534/5534/5534 5535/5535/5535
f 5536/5536/5536 5537/5537/5537 5538/5538/5538
f 5539/5539/5539 5540/5540/5540 5541/5541/5541
f 5542/5542/5542 5543/5543/5543 5544/5544/5544
f 5545/5545/5545 5546/5546/5546 5547/5547/5547
f 5548/5548/5548 5549/5549/5549 5550/5550/5550
f 5551/5551/5551 5552/5552/5552 5553/5553/5553
f 5554/5554/5554 5555/5555/5555 5556/5556/5556
f 5557/5557/5557 5558/5558/5558 5559/5559/5559
f 5560/5560/5560 5561/5561/5561 5562/5562/5562
f 5563/5563/5563 5564/5564/5564 5565/5565/5565
f 5566/5566/5566 5567/5567/5567 5568/5568/5568
f 5569/5569/5569 5570/5570/5570 5571/5571/5571
f 5572/5572/5572 5573/5573/5573 5574/5574/5574
f 5575/5575/5575 5576/5576/5576 5577/5577/5577
f 5578/5578/5578 5579/5579/5579 5580/5580/5580
f 5581/5581/5581 5582/5582/5582 5583/5583/5583
f 5584/5584/5584 5585/5585/5585 5586/5586/5586
f 5587/5587/5587 5588/5588/5588 5589/5589/5589
f 5590/5590/5590 5591/5591/5591 5592/5592/5592
f 5593/5593/5593 5594/5594/5594 5595/5595/5595
f 5596/5596/5596 5597/5597/5597 5598/5598/5598
f 5599/5599/5599 5600/5600/5600 5601/5601/5601
f 5602/5602/5602 5603/5603/5603 5604/5604/5604
f 5605/5605/5605 5606/5606/5606 5607/5607/5607
f 5608/5608/5608 5609/5609/5609 5610/5610/5610
f 5611/5611/5611 5612/5612/5612 5613/5613/5613
f 5614/5614/5614 5615/5615/5615 5616/5616/5616
f 5617/5617/5617 5618/5618/5618 5619/5619/5619
f 5620/5620/5620 5621/5621/5621 5622/5622/5622
f 5623/5623/5623 5624/5624/5624 5625/5625/5625
f 5626/5626/5626 5627/5627/5627 5628/5628/5628
f 5629/5629/5629 5630/5630/5630 5631/5631/5631
f 5632/5632/5632 5633/5633/5633 5634/5634/5634
f 5635/5635/5635 5636/5636/5636 5637/5637/5637
f 5638/5638/5638 5639/5639/5639 5640/5640/5640
f 5641/5641/5641 5642/5642/5642 5643/5643/5643
f 5644/5644/5644 5645/5645/5645 5646/5646/5646
f 5647/5647/5647 5648/5648/5648 5649/5649/5649
f 5650/5650/5650 5651/5651/5651 5652/5652/5652
f 5653/5653/5653 5654/5654/5654 5655/5655/5655
f 5656/5656/5656 5657/5657/5657 5658/5658/5658
f 5659/5659/5659 5660/5660/5660 5661/5661/5661
f 5662/5662/5662 5663/5663/5663 5664/5664/5664
f 5665/5665/5665 5666/5666/5666 5667/5667/5667
f 5668/5668/5668 5669/5669/5669 5670/5670/5670
f 5671/5671/5671 5672/5672/5672 5673/5673/5673
f 5674/5674/5674 5675/5675/5675 5676/5676/5676
f 5677/5677/5677 5678/5678/5678 5679/5679/5679
f 5680/5680/5680 5681/5681/5681 5682/5682/5682
f 5683/5683/5683 5684/5684/5684 5685/5685/5685
f 5686/5686/5686 5687/5687/5687 5688/5688/5688
f 5689/5689/5689 5690/5690/5690 5691/5691/5691
f 5692/5692/5692 5693/5693/5693 5694/5694/5694
f 5695/5695/5695 5696/5696/5696 5697/5697/5697
f 5698/5698/5698 5699/5699/5699 5700/5700/5700
f 5701/5701/5701 5702/5702/5702 5703/5703/5703
f 5704/5704/5704 5705/5705/5705 5706/5706/5706
f 5707/5707/5707 5708/5708/5708 5709/5709/5709
f 5710/5710/5710 5711/5711/5711 5712/5712/5712
f 5713/5713/5713 5714/5714/5714 5715/5715/5715
f 5716/5716/5716 5717/5717/5717 5718/5718/5718
f 5719/5719/5719 5720/5720/5720 5721/5721/5721
f 5722/5722/5722 5723/5723/5723 5724/5724/5724
f 5725/5725/5725 5726/5726/5726 5727/5727/5727
f 5728/5728/5728 5729/5729/5729 5730/5730/5730
f 5731/5731/5731 5732/5732/5732 5733/5733/5733
f 5734/5734/5734 5735/5735/5735 5736/5736/5736
f 5737/5737/5737 5738/5738/5738 5739/5739/5739
f 5740/5740/5740 5741/5741/5741 5742/5742/5742
f 5743/5743/5743 5744/5744/5744 5745/5745/5745
f 5746/5746/5746 5747/5747/5747 5748/5748/5748
f 5749/5749/5749 5750/5750/5750 5751/5751/5751
f 5752/5752/5752 5753/5753/5753 5754/5754/5754
f 5755/5755/5755 5756/5756/5756 5757/5757/5757
f 5758/5758/5758 5759/5759/5759 5760/5760/5760
f 5761/5761/5761 5762/5762/5762 5763/5763/5763
f 5764/5764/5764 5765/5765/5765 5766/5766/5766
f 5767/5767/5767 5768/5768/5768 5769/5769/5769
f 5770/5770/5770 5771/5771/5771 5772/5772/5772
f 5773/5773/5773 5774/5774/5774 5775/5775/5775
f 5776/5776/5776 5777/5777/5777 5778/5778/5778
f 5779/5779/5779 5780/5780/5780 5781/5781/5781
f 5782/5782/5782 5783/5783/5783 5784/5784/5784
f 5785/5785/5785 5786/5786/5786 5787/5787/5787
f 5788/5788/5788 5789/5789/5789 5790/5790/5790
f 5791/5791/5791 5792/5792/5792 5793/5793/5793
f 5794/5794/5794 5795/5795/5795 5796/5796/5796
f 5797/5797/5797 5798/5798/5798 5799/5799/5799
f 5800/5800/5800 5801/5801/5801 5802/5802/5802
f 5803/5803/5803 5804/5804/5804 5805/5805/5805
f 5806/5806/5806 5807/5807/5807 5808/5808/5808
f 5809/5809/5809 5810/5810/5810 5811/5811/5811
f 5812/5812/5812 5813/5813/5813 5814/5814/5814
f 5815/5815/5815 5816/5816/5816 5817/5817/5817
f 5818/5818/5818 5819/5819/5819 5820/5820/5820
f 5821/5821/5821 5822/5822/5822 5823/5823/5823
f 5824/5824/5824 5825/5825/5825 5826/5826/5826
f 5827/5827/5827 5828/5828/5828 5829/5829/5829
f 5830/5830/5830 5831/5831/5831 5832/5832/5832
f 5833/5833/5833 5834/5834/5834 5835/5835/5835
f 5836/5836/5836 5837/5837/5837 5838/5838/5838
f 5839/5839/5839 5840/5840/5840 5841/5841/5841
f 5842/5842/5842 5843/5843/5843 5844/5844/5844
f 5845/5845/5845 5846/5846/5846 5847/5847/5847
f 5848/5848/5848 5849/5849/5849 5850/5850/5850
f 5851/5851/5851 5852/5852/5852 5853/5853/5853
f 5854/5854/5854 5855/5855/5855 5856/5856/5856
f 5857/5857/5857 5858/5858/5858 5859/5859/5859
f 5860/5860/5860 5861/5861/5861 5862/5862/5862
f 5863/5863/5863 5864/5864/5864 5865/5865/5865
f 5866/5866/5866 5867/5867/5867 5868/5868/5868
f 5869/5869/5869 5870/5870/5870 5871/5871/5871
f 5872/5872/5872 5873/5873/5873 5874/5874/5874
f 5875/5875/5875 5876/5876/5876 5877/5877/5877
f 5878/5878/5878 5879/5879/5879 5880/5880/5880
f 5881/5881/5881 5882/5882/5882 5883/5883/5883
f 5884/5884/5884 5885/5885/5885 5886/5886/5886
f 5887/5887/5887 5888/5888/5888 5889/5889/5889
f 5890/5890/5890 5891/5891/5891 5892/5892/5892
f 5893/5893/5893 5894/5894/5894 5895/5895/5895
f 5896/5896/5896 5897/5897/5897 5898/5898/5898
f 5899/5899/5899 5900/5900/5900 5901/5901/5901
f 5902/5902/5902 5903/5903/5903 5904/5904/5904
f 5905/5905/5905 5906/5906/5906 5907/5907/5907
f 5908/5908/5908 5909/5909/5909 5910/5910/5910
f 5911/5911/5911 5912/5912/5912 5913/5913/5913
f 5914/5914/5914 5915/5915/5915 5916/5916/5916
f 5917/5917/5917 5918/5918/5918 5919/5919/5919
f 5920/5920/5920 5921/5921/5921 5922/5922/5922
f 5923/5923/5923 5924/5924/5924 5925/5925/5925
f 5926/5926/5926 5927/5927/5927 5928/5928/5928
f 5929/5929/5929 5930/5930/5930 5931/5931/5931
f 5932/5932/5932 5933/5933/5933 5934/5934/5934
f 5935/5935/5935 5936/5936/5936 5937/5937/5937
f 5938/5938/5938 5939/5939/5939 5940/5940/5940
f 5941/5941/5941 5942/5942/5942 5943/5943/5943
f 5944/5944/5944 5945/5945/5945 5946/5946/5946
f 5947/5947/5947 5948/5948/5948 5949/5949/5949
f 5950/5950/5950 5951/5951/5951 5952/5952/5952
f 5953/5953/5953 5954/5954/5954 5955/5955/5955
f 5956/5956/5956 5957/5957/5957 5958/5958/5958
f 5959/5959/5959 5960/5960/5960 5961/5961/5961
f 5962/5962/5962 5963/5963/5963 5964/5964/5964
f 5965/5965/5965 5966/5966/5966 5967/5967/5967
f 5968/5968/5968 5969/5969/5969 5970/5970/5970
f 5971/5971/5971 5972/5972/5972 5973/5973/5973
f 5974/5974/5974 5975/5975/5975 5976/5976/5976
f 5977/5977/5977 5978/5978/5978 5979/5979/5979
f 5980/5980/5980 5981/5981/5981 5982/5982/5982
f 5983/5983/5983 5984/5984/5984 5985/5985/5985
f 5986/5986/5986 5987/5987/5987 5988/5988/5988
f 5989/5989/5989 5990/5990/5990 5991/5991/5991
f 5992/5992/5992 5993/5993/5993 5994/5994/5994
f 5995/5995/5995 5996/5996/5996 5997/5997/5997
f 5998/5998/5998 5999/5999/5999 6000/6000/6000
f 6001/6001/6001 6002/6002/6002 6003/6003/6003
f 6004/6004/6004 6005/6005/6005 6006/6006/6006
f 6007/6007/6007 6008/6008/6008 6009/6009/6009
f 6010/6010/6010 6011/6011/6011 6012/6012/6012
f 6013/6013/6013 6014/6014/6014 6015/6015/6015
f 6016/6016/6016 6017/6017/6017 6018/6018/6018
f 6019/6019/6019 6020/6020/6020 6021/6021/6021
f 6022/6022/6022 6023/6023/6023 6024/6024/6024
f 6025/6025/6025 6026/6026/6026 6027/6027/6027
f 6028/6028/6028 6029/6029/6029 6030/6030/6030
f 6031/6031/6031 6032/6032/6032 6033/6033/6033
f 6034/6034/6034 6035/6035/6035 6036/6036/6036
f 6037/6037/6037 6038/6038/6038 6039/6039/6039
f 6040/6040/6040 6041/6041/6041 6042/6042/6042
f 6043/6043/6043 6044/6044/6044 6045/6045/6045
f 6046/6046/6046 6047/6047/6047 6048/6048/6048
f 6049/6049/6049 6050/6050/6050 6051/6051/6051
f 6052/6052/6052 6053/6053/6053 6054/6054/6054
f 6055/6055/6055 6056/6056/6056 6057/6057/6057
f 6058/6058/6058 6059/6059/6059 6060/6060/6060
f 6061/6061/6061 6062/6062/6062 6063/6063/6063
f 6064/6064/6064 6065/6065/6065 6066/6066/6066
f 6067/6067/6067 6068/6068/6068 6069/6069/6069
f 6070/6070/6070 6071/6071/6071 6072/6072/6072
f 6073/6073/6073 6074/6074/6074 6075/6075/6075
f 6076/6076/6076 6077/6077/6077 6078/6078/6078
f 6079/6079/6079 6080/6080/6080 6081/6081/6081
f 6082/6082/6082 6083/6083/6083 6084/6084/6084
f 6085/6085/6085 6086/6086/6086 6087/6087/6087
f 6088/6088/6088 6089/6089/6089 6090/6090/6090
f 6091/6091/6091 6092/6092/6092 6093/6093/6093
f 6094/6094/6094 6095/6095/6095 6096/6096/6096
f 6097/6097/6097 6098/6098/6098 6099/6099/6099
f 6100/6100/6100 6101/6101/6101 6102/6102/6102
f 6103/6103/6103 6104/6104/6104 6105/6105/6105
f 6106/6106/6106 6107/6107/6107 6108/6108/6108
f 6109/6109/6109 6110/6110/6110 6111/6111/6111
f 6112/6112/6112 6113/6113/6113 6114/6114/6114
f 6115/6115/6115 6116/6116/6116 6117/6117/6117
f 6118/6118/6118 6119/6119/6119 6120/6120/6120
f 6121/6121/6121 6122/6122/6122 6123/6123/6123
f 6124/6124/6124 6125/6125/6125 6126/6126/6126
f 6127/6127/6127 6128/6128/6128 6129/6129/6129
f 6130/6130/6130 6131/6131/6131 6132/6132/6132
f 6133/6133/6133 6134/6134/6134 6135/6135/6135
f 6136/6136/6136 6137/6137/6137 6138/6138/6138
f 6139/6139/6139 6140/6140/6140 6141/6141/6141
f 6142/6142/6142 6143/6143/6143 6144/6144/6144
f 6145/6145/6145 6146/6146/6146 6147/6147/6147
f 6148/6148/6148 6149/6149/6149 6150/6150/6150
f 6151/6151/6151 6152/6152/6152 6153/6153/6153
f 6154/6154/6154 6155/6155/6155 6156/6156/6156
f 6157/6157/6157 6158/6158/6158 6159/6159/6159
f 6160/6160/6160 6161/6161/6161 6162/6162/6162
f 6163/6163/6163 6164/6164/6164 6165/6165/6165
f 6166/6166/6166 6167/6167/6167 6168/6168/6168
f 6169/6169/6169 6170/6170/6170 6171/6171/6171
f 6172/6172/6172 6173/6173/6173 6174/6174/6174
f 6175/6175/6175 6176/6176/6176 6177/6177/6177
f 6178/6178/6178 6179/6179/6179 6180/6180/6180
f 6181/6181/6181 6182/6182/6182 6183/6183/6183
f 6184/6184/6184 6185/6185/6185 6186/6186/6186
f 6187/6187/6187 6188/6188/6188 6189/6189/6189
f 6190/6190/6190 6191/6191/6191 6192/6192/6192
f 6193/6193/6193 6194/6194/6194 6195/6195/6195
f 6196/6196/6196 6197/6197/6197 6198/6198/6198
f 6199/6199/6199 6200/6200/6200 6201/6201/6201
f 6202/6202/6202 6203/6203/6203 6204/6204/6204
f 6205/6205/6205 6206/6206/6206 6207/6207/6207
f 6208/6208/6208 6209/6209/6209 6210/6210/6210
f 6211/6211/6211 6212/6212/6212 6213/6213/6213
f 6214/6214/6214 6215/6215/6215 6216/6216/6216
f 6217/6217/6217 6218/6218/6218 6219/6219/6219
f 6220/6220/6220 6221/6221/6221 6222/6222/6222
f 6223/6223/6223 6224/6224/6224 6225/6225/6225
f 6226/6226/6226 6227/6227/6227 6228/6228/6228
f 6229/6229/6229 6230/6230/6230 6231/6231/6231
f 6232/6232/6232 6233/6233/6233 6234/6234/6234
f 6235/6235/6235 6236/6236/6236 6237/6237/6237
f 6238/6238/6238 6239/6239/6239 6240/6240/6240
f 6241/6241/6241 6242/6242/6242 6243/6243/6243
f 6244/6244/6244 6245/6245/6245 6246/6246/6246
f 6247/6247/6247 6248/6248/6248 6249/6249/6249
f 6250/6250/6250 6251/6251/6251 6252/6252/6252
f 6253/6253/6253 6254/6254/6254 6255/6255/6255
f 6256/6256/6256 6257/6257/6257 6258/6258/6258
f 6259/6259/6259 6260/6260/6260 6261/6261/6261
f 6262/6262/6262 6263/6263/6263 6264/6264/6264
f 6265/6265/6265 6266/6266/6266 6267/6267/6267
f 6268/6268/6268 6269/6269/6269 6270/6270/6270
f 6271/6271/6271 6272/6272/6272 6273/6273/6273
f 6274/6274/6274 6275/6275/6275 6276/6276/6276
f 6277/6277/6277 6278/6278/6278 6279/6279/6279
f 6280/6280/6280 6281/6281/6281 6282/6282/6282
f 6283/6283/6283 6284/6284/6284 6285/6285/6285
f 6286/6286/6286 6287/6287/6287 6288/6288/6288
f 6289/6289/6289 6290/6290/6290 6291/6291/6291
f 6292/6292/6292 6293/6293/6293 6294/6294/6294
f 6295/6295/6295 6296/6296/6296 6297/6297/6297
f 6298/6298/6298 6299/6299/6299 6300/6300/6300
f 6301/6301/6301 6302/6302/6302 6303/6303/6303
f 6304/6304/6304 6305/6305/6305 6306/6306/6306
f 6307/6307/6307 6308/6308/6308 6309/6309/6309
f 6310/6310/6310 6311/6311/6311 6312/6312/6312
f 6313/6313/6313 6314/6314/6314 6315/6315/6315
f 6316/6316/6316 6317/6317/6317 6318/6318/6318
f 6319/6319/6319 6320/6320/6320 6321/6321/6321
f 6322/6322/6322 6323/6323/6323 6324/6324/6324
f 6325/6325/6325 6326/6326/6326 6327/6327/6327
f 6328/6328/6328 6329/6329/6329 6330/6330/6330
f 6331/6331/6331 6332/6332/6332 6333/6333/6333
f 6334/6334/6334 6335/6335/6335 6336/6336/6336
f 6337/6337/6337 6338/6338/6338 6339/6339/6339
f 6340/6340/6340 6341/6341/6341 6342/6342/6342
f 6343/6343/6343 6344/6344/6344 6345/6345/6345
f 6346/6346/6346 6347/6347/6347 6348/6348/6348
f 6349/6349/6349 6350/6350/6350 6351/6351/6351
f 6352/6352/6352 6353/6353/6353 6354/6354/6354
f 6355/6355/6355 6356/6356/6356 6357/6357/6357
f 6358/6358/6358 6359/6359/6359 6360/6360/6360
f 6361/6361/6361 6362/6362/6362 6363/6363/6363
f 6364/6364/6364 6365/6365/6365 6366/6366/6366
f 6367/6367/6367 6368/6368/6368 6369/6369/6369
f 6370/6370/6370 6371/6371/6371 6372/6372/6372
f 6373/6373/6373 6374/6374/6374 6375/6375/6375
f 6376/6376/6376 6377/6377/6377 6378/6378/6378
f 6379/6379/6379 6380/6380/6380 6381/6381/6381
f 6382/6382/6382 6383/6383/6383 6384/6384/6384
f 6385/6385/6385 6386/6386/6386 6387/6387/6387
f 6388/6388/6388 6389/6389/6389 6390/6390/6390
f 6391/6391/6391 6392/6392/6392 6393/6393/6393
f 6394/6394/6394 6395/6395/6395 6396/6396/6396
f 6397/6397/6397 6398/6398/6398 6399/6399/6399
f 6400/6400/6400 6401/6401/6401 6402/6402/6402
f 6403/6403/6403 6404/6404/6404 6405/6405/6405
f 6406/6406/6406 6407/6407/6407 6408/6408/6408
f 6409/6409/6409 6410/6410/6410 6411/6411/6411
f 6412/6412/6412 6413/6413/6413 6414/6414/6414
f 6415/6415/6415 6416/6416/6416 6417/6417/6417
f 6418/6418/6418 6419/6419/6419 6420/6420/6420
f 6421/6421/6421 6422/6422/6422 6423/6423/6423
f 6424/6424/6424 6425/6425/6425 6426/6426/6426
f 6427/6427/6427 6428/6428/6428 6429/6429/6429
f 6430/6430/6430 6431/6431/6431 6432/6432/6432
f 6433/6433/6433 6434/6434/6434 6435/6435/6435
f 6436/6436/6436 6437/6437/6437 6438/6438/6438
f 6439/6439/6439 6440/6440/6440 6441/6441/6441
f 6442/6442/6442 6443/6443/6443 6444/6444/6444
f 6445/6445/6445 6446/6446/6446 6447/6447/6447
f 6448/6448/6448 6449/6449/6449 6450/6450/6450
f 6451/6451/6451 6452/6452/6452 6453/6453/6453
f 6454/6454/6454 6455/6455/6455 6456/6456/6456
f 6457/6457/6457 6458/6458/6458 6459/6459/6459
f 6460/6460/6460 6461/6461/6461 6462/6462/6462
f 6463/6463/6463 6464/6464/6464 6465/6465/6465
f 6466/6466/6466 6467/6467/6467 6468/6468/6468
f 6469/6469/6469 6470/6470/6470 6471/6471/6471
f 6472/6472/6472 6473/6473/6473 6474/6474/6474
f 6475/6475/6475 6476/6476/6476 6477/6477/6477
f 6478/6478/6478 6479/6479/6479 6480/6480/6480
f 6481/6481/6481 6482/6482/6482 6483/6483/6483
f 6484/6484/6484 6485/6485/6485 6486/6486/6486
f 6487/6487/6487 6488/6488/6488 6489/6489/6489
f 6490/6490/6490 6491/6491/6491 6492/6492/6492
f 6493/6493/6493 6494/6494/6494 6495/6495/6495
f 6496/6496/6496 6497/6497/6497 6498/6498/6498
f 6499/6499/6499 6500/6500/6500 6501/6501/6501
f 6502/6502/6502 6503/6503/6503 6504/6504/6504
f 6505/6505/6505 6506/6506/6506 6507/6507/6507
f 6508/6508/6508 6509/6509/6509 6510/6510/6510
f 6511/6511/6511 6512/6512/6512 6513/6513/6513
f 6514/6514/6514 6515/6515/6515 6516/6516/6516
f 6517/6517/6517 6518/6518/6518 6519/6519/6519
f 6520/6520/6520 6521/6521/6521 6522/6522/6522
f 6523/6523/6523 6524/6524/6524 6525/6525/6525
f 6526/6526/6526 6527/6527/6527 6528/6528/6528
f 6529/6529/6529 6530/6530/6530 6531/6531/6531
f 6532/6532/6532 6533/6533/6533 6534/6534/6534
f 6535/6535/6535 6536/6536/6536 6537/6537/6537
f 6538/6538/6538 6539/6539/6539 6540/6540/6540
f 6541/6541/6541 6542/6542/6542 6543/6543/6543
f 6544/6544/6544 6545/6545/6545 6546/6546/6546
f 6547/6547/6547 6548/6548/6548 6549/6549/6549
f 6550/6550/6550 6551/6551/6551 6552/6552/6552
f 6553/6553/6553 6554/6554/6554 6555/6555/6555
f 6556/6556/6556 6557/6557/6557 6558/6558/6558
f 6559/6559/6559 6560/6560/6560 6561/6561/6561
f 6562/6562/6562 6563/6563/6563 6564/6564/6564
f 6565/6565/6565 6566/6566/6566 6567/6567/6567
f 6568/6568/6568 6569/6569/6569 6570/6570/6570
f 6571/6571/6571 6572/6572/6572 6573/6573/6573
f 6574/6574/6574 6575/6575/6575 6576/6576/6576
f 6577/6577/6577 6578/6578/6578 6579/6579/6579
f 6580/6580/6580 6581/6581/6581 6582/6582/6582
f 6583/6583/6583 6584/6584/6584 6585/6585/6585
f 6586/6586/6586 6587/6587/6587 6588/6588/6588
f 6589/6589/6589 6590/6590/6590 6591/6591/6591
f 6592/6592/6592 6593/6593/6593 6594/6594/6594
f 6595/6595/6595 6596/6596/6596 6597/6597/6597
f 6598/6598/6598 6599/6599/6599 6600/6600/6600
f 6601/6601/6601 6602/6602/6602 6603/6603/6603
f 6604/6604/6604 6605/6605/6605 6606/6606/6606
f 6607/6607/6607 6608/6608/6608 6609/6609/6609
f 6610/6610/6610 6611/6611/6611 6612/6612/6612
f 6613/6613/6613 6614/6614/6614 6615/6615/6615
f 6616/6616/6616 6617/6617/6617 6618/6618/6618
f 6619/6619/6619 6620/6620/6620 6621/6621/6621
f 6622/6622/6622 6623/6623/6623 6624/6624/6624
f 6625/6625/6625 6626/6626/6626 6627/6627/6627
f 6628/6628/6628 6629/6629/6629 6630/6630/6630
f 6631/6631/6631 6632/6632/6632 6633/6633/6633
f 6634/6634/6634 6635/6635/6635 6636/6636/6636
f 6637/6637/6637 6638/6638/6638 6639/6639/6639
f 6640/6640/6640 6641/6641/6641 6642/6642/6642
f 6643/6643/6643 6644/6644/6644 6645/6645/6645
f 6646/6646/6646 6647/6647/6647 6648/6648/6648
f 6649/6649/6649 6650/6650/6650 6651/6651/6651
f 6652/6652/6652 6653/6653/6653 6654/6654/6654
f 6655/6655/6655 6656/6656/6656 6657/6657/6657
f 6658/6658/6658 6659/6659/6659 6660/6660/6660
f 6661/6661/6661 6662/6662/6662 6663/6663/6663
f 6664/6664/6664 6665/6665/6665 6666/6666/6666
f 6667/6667/6667 6668/6668/6668 6669/6669/6669
f 6670/6670/6670 6671/6671/6671 6672/6672/6672
f 6673/6673/6673 6674/6674/6674 6675/6675/6675
f 6676/6676/6676 6677/6677/6677 6678/6678/6678
f 6679/6679/6679 6680/6680/6680 6681/6681/6681
f 6682/6682/6682 6683/6683/6683 6684/6684/6684
f 6685/6685/6685 6686/6686/6686 6687/6687/6687
f 6688/6688/6688 6689/6689/6689 6690/6690/6690
f 6691/6691/6691 6692/6692/6692 6693/6693/6693
f 6694/6694/6694 6695/6695/6695 6696/6696/6696
f 6697/6697/6697 6698/6698/6698 6699/6699/6699
f 6700/6700/6700 6701/6701/6701 6702/6702/6702
f 6703/6703/6703 6704/6704/6704 6705/6705/6705
f 6706/6706/6706 6707/6707/6707 6708/6708/6708
f 6709/6709/6709 6710/6710/6710 6711/6711/6711
f 6712/6712/6712 6713/6713/6713 6714/6714/6714
f 6715/6715/6715 6716/6716/6716 6717/6717/6717
f 6718/6718/6718 6719/6719/6719 6720/6720/6720
f 6721/6721/6721 6722/6722/6722 6723/6723/6723
f 6724/6724/6724 6725/6725/6725 6726/6726/6726
f 6727/6727/6727 6728/6728/6728 6729/6729/6729
f 6730/6730/6730 6731/6731/6731 6732/6732/6732
f 6733/6733/6733 6734/6734/6734 6735/6735/6735
f 6736/6736/6736 6737/6737/6737 6738/6738/6738
f 6739/6739/6739 6740/6740/6740 6741/6741/6741
f 6742/6742/6742 6743/6743/6743 6744/6744/6744
f 6745/6745/6745 6746/6746/6746 6747/6747/6747
f 6748/6748/6748 6749/6749/6749 6750/6750/6750
f 6751/6751/6751 6752/6752/6752 6753/6753/6753
f 6754/6754/6754 6755/6755/6755 6756/6756/6756
f 6757/6757/6757 6758/6758/6758 6759/6759/6759
f 6760/6760/6760 6761/6761/6761 6762/6762/6762
f 6763/6763/6763 6764/6764/6764 6765/6765/6765
f 6766/6766/6766 6767/6767/6767 6768/6768/6768
f 6769/6769/6769 6770/6770/6770 6771/6771/6771
f 6772/6772/6772 6773/6773/6773 6774/6774/6774
f 6775/6775/6775 6776/6776/6776 6777/6777/6777
f 6778/6778/6778 6779/6779/6779 6780/6780/6780
f 6781/6781/6781 6782/6782/6782 6783/6783/6783
f 6784/6784/6784 6785/6785/6785 6786/6786/6786
f 6787/6787/6787 6788/6788/6788 6789/6789/6789
f 6790/6790/6790 6791/6791/6791 6792/6792/6792
f 6793/6793/6793 6794/6794/6794 6795/6795/6795
f 6796/6796/6796 6797/6797/6797 6798/6798/6798
f 6799/6799/6799 6800/6800/6800 6801/6801/6801
f 6802/6802/6802 6803/6803/6803 6804/6804/6804
f 6805/6805/6805 6806/6806/6806 6807/6807/6807
f 6808/6808/6808 6809/6809/6809 6810/6810/6810
f 6811/6811/6811 6812/6812/6812 6813/6813/6813
f 6814/6814/6814 6815/6815/6815 6816/6816/6816
f 6817/6817/6817 6818/6818/6818 6819/6819/6819
f 6820/6820/6820 6821/6821/6821 6822/6822/6822
f 6823/6823/6823 6824/6824/6824 6825/6825/6825
f 6826/6826/6826 6827/6827/6827 6828/6828/6828
f 6829/6829/6829 6830/6830/6830 6831/6831/6831
f 6832/6832/6832 6833/6833/6833 6834/6834/6834
f 6835/6835/6835 6836/6836/6836 6837/6837/6837
f 6838/6838/6838 6839/6839/6839 6840/6840/6840
f 6841/6841/6841 6842/6842/6842 6843/6843/6843
f 6844/6844/6844 6845/6845/6845 6846/6846/6846
f 6847/6847/6847 6848/6848/6848 6849/6849/6849
f 6850/6850/6850 6851/6851/6851 6852/6852/6852
f 6853/6853/6853 6854/6854/6854 6855/6855/6855
f 6856/6856/6856 6857/6857/6857 6858/6858/6858
f 6859/6859/6859 6860/6860/6860 6861/6861/6861
f 6862/6862/6862 6863/6863/6863 6864/6864/6864
f 6865/6865/6865 6866/6866/6866 6867/6867/6867
f 6868/6868/6868 6869/6869/6869 6870/6870/6870
f 6871/6871/6871 6872/6872/6872 6873/6873/6873
f 6874/6874/6874 6875/6875/6875 6876/6876/6876
f 6877/6877/6877 6878/6878/6878 6879/6879/6879
f 6880/6880/6880 6881/6881/6881 6882/6882/6882
f 6883/6883/6883 6884/6884/6884 6885/6885/6885
f 6886/6886/6886 6887/6887/6887 6888/6888/6888
f 6889/6889/6889 6890/6890/6890 6891/6891/6891
f 6892/6892/6892 6893/6893/6893 6894/6894/6894
f 6895/6895/6895 6896/6896/6896 6897/6897/6897
f 6898/6898/6898 6899/6899/6899 6900/6900/6900
f 6901/6901/6901 6902/6902/6902 6903/6903/6903
f 6904/6904/6904 6905/6905/6905 6906/6906/6906
f 6907/6907/6907 6908/6908/6908 6909/6909/6909
f 6910/6910/6910 6911/6911/6911 6912/6912/6912
f 6913/6913/6913 6914/6914/6914 6915/6915/6915
f 6916/6916/6916 6917/6917/6917 6918/6918/6918
f 6919/6919/6919 6920/6920/6920 6921/6921/6921
f 6922/6922/6922 6923/6923/6923 6924/6924/6924
f 6925/6925/6925 6926/6926/6926 6927/6927/6927
f 6928/6928/6928 6929/6929/6929 6930/6930/6930
f 6931/6931/6931 6932/6932/6932 6933/6933/6933
f 6934/6934/6934 6935/6935/6935 6936/6936/6936
f 6937/6937/6937 6938/6938/6938 6939/6939/6939
f 6940/6940/6940 6941/6941/6941 6942/6942/6942
f 6943/6943/6943 6944/6944/6944 6945/6945/6945
f 6946/6946/6946 6947/6947/6947 6948/6948/6948
f 6949/6949/6949 6950/6950/6950 6951/6951/6951
f 6952/6952/6952 6953/6953/6953 6954/6954/6954
f 6955/6955/6955 6956/6956/6956 6957/6957/6957
f 6958/6958/6958 6959/6959/6959 6960/6960/6960
f 6961/6961/6961 6962/6962/6962 6963/6963/6963
f 6964/6964/6964 6965/6965/6965 6966/6966/6966
f 6967/6967/6967 6968/6968/6968 6969/6969/6969
f 6970/6970/6970 6971/6971/6971 6972/6972/6972
f 6973/6973/6973 6974/6974/6974 6975/6975/6975
f 6976/6976/6976 6977/6977/6977 6978/6978/6978
f 6979/6979/6979 6980/6980/6980 6981/6981/6981
f 6982/6982/6982 6983/6983/6983 6984/6984/6984
f 6985/6985/6985 6986/6986/6986 6987/6987/6987
f 6988/6988/6988 6989/6989/6989 6990/6990/6990
f 6991/6991/6991 6992/6992/6992 6993/6993/6993
f 6994/6994/6994 6995/6995/6995 6996/6996/6996
f 6997/6997/6997 6998/6998/6998 6999/6999/6999
f 7000/7000/7000 7001/7001/7001 7002/7002/7002
f 7003/7003/7003 7004/7004/7004 7005/7005/7005
f 7006/7006/7006 7007/7007/7007 7008/7008/7008
f 7009/7009/7009 7010/7010/7010 7011/7011/7011
f 7012/7012/7012 7013/7013/7013 7014/7014/7014
f 7015/7015/7015 7016/7016/7016 7017/7017/7017
f 7018/7018/7018 7019/7019/7019 7020/7020/7020
f 7021/7021/7021 7022/7022/7022 7023/7023/7023
f 7024/7024/7024 7025/7025/7025 7026/7026/7026
f 7027/7027/7027 7028/7028/7028 7029/7029/7029
f 7030/7030/7030 7031/7031/7031 7032/7032/7032
f 7033/7033/7033 7034/7034/7034 7035/7035/7035
f 7036/7036/7036 7037/7037/7037 7038/7038/7038
f 7039/7039/7039 7040/7040/7040 7041/7041/7041
f 7042/7042/7042 7043/7043/7043 7044/7044/7044
f 7045/7045/7045 7046/7046/7046 7047/7047/7047
f 7048/7048/7048 7049/7049/7049 7050/7050/7050
f 7051/7051/7051 7052/7052/7052 7053/7053/7053
f 7054/7054/7054 7055/7055/7055 7056/7056/7056
f 7057/7057/7057 7058/7058/7058 7059/7059/7059
f 7060/7060/7060 7061/7061/7061 7062/7062/7062
f 7063/7063/7063 7064/7064/7064 7065/7065/7065
f 7066/7066/7066 7067/7067/7067 7068/7068/7068
f 7069/7069/7069 7070/7070/7070 7071/7071/7071
f 7072/7072/7072 7073/7073/7073 7074/7074/7074
f 7075/7075/7075 7076/7076/7076 7077/7077/7077
f 7078/7078/7078 7079/7079/7079 7080/7080/7080
f 7081/7081/7081 7082/7082/7082 7083/7083/7083
f 7084/7084/7084 7085/7085/7085 7086/7086/7086
f 7087/7087/7087 7088/7088/7088 7089/7089/7089
f 7090/7090/7090 7091/7091/7091 7092/7092/7092
f 7093/7093/7093 7094/7094/7094 7095/7095/7095
f 7096/7096/7096 7097/7097/7097 7098/7098/7098
f 7099/7099/7099 7100/7100/7100 7101/7101/7101
f 7102/7102/7102 7103/7103/7103 7104/7104/7104
f 7105/7105/7105 7106/7106/7106 7107/7107/7107
f 7108/7108/7108 7109/7109/7109 7110/7110/7110
f 7111/7111/7111 7112/7112/7112 7113/7113/7113
f 7114/7114/7114 7115/7115/7115 7116/7116/7116
f 7117/7117/7117 7118/7118/7118 7119/7119/7119
f 7120/7120/7120 7121/7121/7121 7122/7122/7122
f 7123/7123/7123 7124/7124/7124 7125/7125/7125
f 7126/7126/7126 7127/7127/7127 7128/7128/7128
f 7129/7129/7129 7130/7130/7130 7131/7131/7131
f 7132/7132/7132 7133/7133/7133 7134/7134/7134
f 7135/7135/7135 7136/7136/7136 7137/7137/7137
f 7138/7138/7138 7139/7139/7139 7140/7140/7140
f 7141/7141/7141 7142/7142/7142 7143/7143/7143
f 7144/7144/7144 7145/7145/7145 7146/7146/7146
f 7147/7147/7147 7148/7148/7148 7149/7149/7149
f 7150/7150/7150 7151/7151/7151 7152/7152/7152
f 7153/7153/7153 7154/7154/7154 7155/7155/7155
f 7156/7156/7156 7157/7157/7157 7158/7158/7158
f 7159/7159/7159 7160/7160/7160 7161/7161/7161
f 7162/7162/7162 7163/7163/7163 7164/7164/7164
f 7165/7165/7165 7166/7166/7166 7167/7167/7167
f 7168/7168/7168 7169/7169/7169 7170/7170/7170
f 7171/7171/7171 7172/7172/7172 7173/7173/7173
f 7174/7174/7174 7175/7175/7175 7176/7176/7176
f 7177/7177/7177 7178/7178/7178 7179/7179/7179
f 7180/7180/7180 7181/7181/7181 7182/7182/7182
f 7183/7183/7183 7184/7184/7184 7185/7185/7185
f 7186/7186/7186 7187/7187/7187 7188/7188/7188
f 7189/7189/7189 7190/7190/7190 7191/7191/7191
f 7192/7192/7192 7193/7193/7193 7194/7194/7194
f 7195/7195/7195 7196/7196/7196 7197/7197/7197
f 7198/7198/7198 7199/7199/7199 7200/7200/7200
f 7201/7201/7201 7202/7202/7202 7203/7203/7203
f 7204/7204/7204 7205/7205/7205 7206/7206/7206
f 7207/7207/7207 7208/7208/7208 7209/7209/7209
f 7210/7210/7210 7211/7211/7211 7212/7212/7212
f 7213/7213/7213 7214/7214/7214 7215/7215/7215
f 7216/7216/7216 7217/7217/7217 7218/7218/7218
f 7219/7219/7219 7220/7220/7220 7221/7221/7221
f 7222/7222/7222 7223/7223/7223 7224/7224/7224
f 7225/7225/7225 7226/7226/7226 7227/7227/7227
f 7228/7228/7228 7229/7229/7229 7230/7230/7230
f 7231/7231/7231 7232/7232/7232 7233/7233/7233
f 7234/7234/7234 7235/7235/7235 7236/7236/7236
f 7237/7237/7237 7238/7238/7238 7239/7239/7239
f 7240/7240/7240 7241/7241/7241 7242/7242/7242
f 7243/7243/7243 7244/7244/7244 7245/7245/7245
f 7246/7246/7246 7247/7247/7247 7248/7248/7248
f 7249/7249/7249 7250/7250/7250 7251/7251/7251
f 7252/7252/7252 7253/7253/7253 7254/7254/7254
f 7255/7255/7255 7256/7256/7256 7257/7257/7257
f 7258/7258/7258 7259/7259/7259 7260/7260/7260
f 7261/7261/7261 7262/7262/7262 7263/7263/7263
f 7264/7264/7264 7265/7265/7265 7266/7266/7266
f 7267/7267/7267 7268/7268/7268 7269/7269/7269
f 7270/7270/7270 7271/7271/7271 7272/7272/7272
f 7273/7273/7273 7274/7274/7274 7275/7275/7275
f 7276/7276/7276 7277/7277/7277 7278/7278/7278
f 7279/7279/7279 7280/7280/7280 7281/7281/7281
f 7282/7282/7282 7283/7283/7283 7284/7284/7284
f 7285/7285/7285 7286/7286/7286 7287/7287/7287
f 7288/7288/7288 7289/7289/7289 7290/7290/7290
f 7291/7291/7291 7292/7292/7292 7293/7293/7293
f 7294/7294/7294 7295/7295/7295 7296/7296/7296
f 7297/7297/7297 7298/7298/7298 7299/7299/7299
f 7300/7300/7300 7301/7301/7301 7302/7302/7302
f 7303/7303/7303 7304/7304/7304 7305/7305/7305
f 7306/7306/7306 7307/7307/7307 7308/7308/7308
f 7309/7309/7309 7310/7310/7310 7311/7311/7311
f 7312/7312/7312 7313/7313/7313 7314/7314/7314
f 7315/7315/7315 7316/7316/7316 7317/7317/7317
f 7318/7318/7318 7319/7319/7319 7320/7320/7320
f 7321/7321/7321 7322/7322/7322 7323/7323/7323
f 7324/7324/7324 7325/7325/7325 7326/7326/7326
f 7327/7327/7327 7328/7328/7328 7329/7329/7329
f 7330/7330/7330 7331/7331/7331 7332/7332/7332
f 7333/7333/7333 7334/7334/7334 7335/7335/7335
f 7336/7336/7336 7337/7337/7337 7338/7338/7338
f 7339/7339/7339 7340/7340/7340 7341/7341/7341
f 7342/7342/7342 7343/7343/7343 7344/7344/7344
f 7345/7345/7345 7346/7346/7346 7347/7347/7347
f 7348/7348/7348 7349/7349/7349 7350/7350/7350
f 7351/7351/7351 7352/7352/7352 7353/7353/7353
f 7354/7354/7354 7355/7355/7355 7356/7356/7356
f 7357/7357/7357 7358/7358/7358 7359/7359/7359
f 7360/7360/7360 7361/7361/7361 7362/7362/7362
f 7363/7363/7363 7364/7364/7364 7365/7365/7365
f 7366/7366/7366 7367/7367/7367 7368/7368/7368
f 7369/7369/7369 7370/7370/7370 7371/7371/7371
f 7372/7372/7372 7373/7373/7373 7374/7374/7374
f 7375/7375/7375 7376/7376/7376 7377/7377/7377
f 7378/7378/7378 7379/7379/7379 7380/7380/7380
f 7381/7381/7381 7382/7382/7382 7383/7383/7383
f 7384/7384/7384 7385/7385/7385 7386/7386/7386
f 7387/7387/7387 7388/7388/7388 7389/7389/7389
f 7390/7390/7390 7391/7391/7391 7392/7392/7392
f 7393/7393/7393 7394/7394/7394 7395/7395/7395
f 7396/7396/7396 7397/7397/7397 7398/7398/7398
f 7399/7399/7399 7400/7400/7400 7401/7401/7401
f 7402/7402/7402 7403/7403/7403 7404/7404/7404
f 7405/7405/7405 7406/7406/7406 7407/7407/7407
f 7408/7408/7408 7409/7409/7409 7410/7410/7410
f 7411/7411/7411 7412/7412/7412 7413/7413/7413
f 7414/7414/7414 7415/7415/7415 7416/7416/7416
f 7417/7417/7417 7418/7418/7418 7419/7419/7419
f 7420/7420/7420 7421/7421/7421 7422/7422/7422
f 7423/7423/7423 7424/7424/7424 7425/7425/7425
f 7426/7426/7426 7427/7427/7427 7428/7428/7428
f 7429/7429/7429 7430/7430/7430 7431/7431/7431
f 7432/7432/7432 7433/7433/7433 7434/7434/7434
f 7435/7435/7435 7436/7436/7436 7437/7437/7437
f 7438/7438/7438 7439/7439/7439 7440/7440/7440
f 7441/7441/7441 7442/7442/7442 7443/7443/7443
f 7444/7444/7444 7445/7445/7445 7446/7446/7446
f 7447/7447/7447 7448/7448/7448 7449/7449/7449
f 7450/7450/7450 7451/7451/7451 7452/7452/7452
f 7453/7453/7453 7454/7454/7454 7455/7455/7455
f 7456/7456/7456 7457/7457/7457 7458/7458/7458
f 7459/7459/7459 7460/7460/7460 7461/7461/7461
f 7462/7462/7462 7463/7463/7463 7464/7464/7464
f 7465/7465/7465 7466/7466/7466 7467/7467/7467
f 7468/7468/7468 7469/7469/7469 7470/7470/7470
f 7471/7471/7471 7472/7472/7472 7473/7473/7473
f 7474/7474/7474 7475/7475/7475 7476/7476/7476
f 7477/7477/7477 7478/7478/7478 7479/7479/7479
f 7480/7480/7480 7481/7481/7481 7482/7482/7482
f 7483/7483/7483 7484/7484/7484 7485/7485/7485
f 7486/7486/7486 7487/7487/7487 7488/7488/7488
f 7489/7489/7489 7490/7490/7490 7491/7491/7491
f 7492/7492/7492 7493/7493/7493 7494/7494/7494
f 7495/7495/7495 7496/7496/7496 7497/7497/7497
f 7498/7498/7498 7499/7499/7499 7500/7500/7500
f 7501/7501/7501 7502/7502/7502 7503/7503/7503
f 7504/7504/7504 7505/7505/7505 7506/7506/7506
f 7507/7507/7507 7508/7508/7508 7509/7509/7509
f 7510/7510/7510 7511/7511/7511 7512/7512/7512
f 7513/7513/7513 7514/7514/7514 7515/7515/7515
f 7516/7516/7516 7517/7517/7517 7518/7518/7518
f 7519/7519/7519 7520/7520/7520 7521/7521/7521
f 7522/7522/7522 7523/7523/7523 7524/7524/7524
f 7525/7525/7525 7526/7526/7526 7527/7527/7527
f 7528/7528/7528 7529/7529/7529 7530/7530/7530
f 7531/7531/7531 7532/7532/7532 7533/7533/7533
f 7534/7534/7534 7535/7535/7535 7536/7536/7536
f 7537/7537/7537 7538/7538/7538 7539/7539/7539
f 7540/7540/7540 7541/7541/7541 7542/7542/7542
f 7543/7543/7543 7544/7544/7544 7545/7545/7545
f 7546/7546/7546 7547/7547/7547 7548/7548/7548
f 7549/7549/7549 7550/7550/7550 7551/7551/7551
f 7552/7552/7552 7553/7553/7553 7554/7554/7554
f 7555/7555/7555 7556/7556/7556 7557/7557/7557
f 7558/7558/7558 7559/7559/7559 7560/7560/7560
f 7561/7561/7561 7562/7562/7562 7563/7563/7563
f 7564/7564/7564 7565/7565/7565 7566/7566/7566
f 7567/7567/7567 7568/7568/7568 7569/7569/7569
f 7570/7570/7570 7571/7571/7571 7572/7572/7572
f 7573/7573/7573 7574/7574/7574 7575/7575/7575
f 7576/7576/7576 7577/7577/7577 7578/7578/7578
f 7579/7579/7579 7580/7580/7580 7581/7581/7581
f 7582/7582/7582 7583/7583/7583 7584/7584/7584
f 7585/7585/7585 7586/7586/7586 7587/7587/7587
f 7588/7588/7588 7589/7589/7589 7590/7590/7590
f 7591/7591/7591 7592/7592/7592 7593/7593/7593
f 7594/7594/7594 7595/7595/7595 7596/7596/7596
f 7597/7597/7597 7598/7598/7598 7599/7599/7599
f 7600/7600/7600 7601/7601/7601 7602/7602/7602
f 7603/7603/7603 7604/7604/7604 7605/7605/7605
f 7606/7606/7606 7607/7607/7607 7608/7608/7608
f 7609/7609/7609 7610/7610/7610 7611/7611/7611
f 7612/7612/7612 7613/7613/7613 7614/7614/7614
f 7615/7615/7615 7616/7616/7616 7617/7617/7617
f 7618/7618/7618 7619/7619/7619 7620/7620/7620
f 7621/7621/7621 7622/7622/7622 7623/7623/7623
f 7624/7624/7624 7625/7625/7625 7626/7626/7626
f 7627/7627/7627 7628/7628/7628 7629/7629/7629
f 7630/7630/7630 7631/7631/7631 7632/7632/7632
f 7633/7633/7633 7634/7634/7634 7635/7635/7635
f 7636/7636/7636 7637/7637/7637 7638/7638/7638
f 7639/7639/7639 7640/7640/7640 7641/7641/7641
f 7642/7642/7642 7643/7643/7643 7644/7644/7644
f 7645/7645/7645 7646/7646/7646 7647/7647/7647
f 7648/7648/7648 7649/7649/7649 7650/7650/7650
f 7651/7651/7651 7652/7652/7652 7653/7653/7653
f 7654/7654/7654 7655/7655/7655 7656/7656/7656
f 7657/7657/7657 7658/7658/7658 7659/7659/7659
f 7660/7660/7660 7661/7661/7661 7662/7662/7662
f 7663/7663/7663 7664/7664/7664 7665/7665/7665
f 7666/7666/7666 7667/7667/7667 7668/7668/7668
f 7669/7669/7669 7670/7670/7670 7671/7671/7671
f 7672/7672/7672 7673/7673/7673 7674/7674/7674
f 7675/7675/7675 7676/7676/7676 7677/7677/7677
f 7678/7678/7678 7679/7679/7679 7680/7680/7680
f 7681/7681/7681 7682/7682/7682 7683/7683/7683
f 7684/7684/7684 7685/7685/7685 7686/7686/7686
f 7687/7687/7687 7688/7688/7688 7689/7689/7689
f 7690/7690/7690 7691/7691/7691 7692/7692/7692
f 7693/7693/7693 7694/7694/7694 7695/7695/7695
f 7696/7696/7696 7697/7697/7697 7698/7698/7698
f 7699/7699/7699 7700/7700/7700 7701/7701/7701
f 7702/7702/7702 7703/7703/7703 7704/7704/7704
f 7705/7705/7705 7706/7706/7706 7707/7707/7707
f 7708/7708/7708 7709/7709/7709 7710/7710/7710
f 7711/7711/7711 7712/7712/7712 7713/7713/7713
f 7714/7714/7714 7715/7715/7715 7716/7716/7716
f 7717/7717/7717 7718/7718/7718 7719/7719/7719
f 7720/7720/7720 7721/7721/7721 7722/7722/7722
f 7723/7723/7723 7724/7724/7724 7725/7725/7725
f 7726/7726/7726 7727/7727/7727 7728/7728/7728
f 7729/7729/7729 7730/7730/7730 7731/7731/7731
f 7732/7732/7732 7733/7733/7733 7734/7734/7734
f 7735/7735/7735 7736/7736/7736 7737/7737/7737
f 7738/7738/7738 7739/7739/7739 7740/7740/7740
f 7741/7741/7741 7742/7742/7742 7743/7743/7743
f 7744/7744/7744 7745/7745/7745 7746/7746/7746
f 7747/7747/7747 7748/7748/7748 7749/7749/7749
f 7750/7750/7750 7751/7751/7751 7752/7752/7752
f 7753/7753/7753 7754/7754/7754 7755/7755/7755
f 7756/7756/7756 7757/7757/7757 7758/7758/7758
f 7759/7759/7759 7760/7760/7760 7761/7761/7761
f 7762/7762/7762 7763/7763/7763 7764/7764/7764
f 7765/7765/7765 7766/7766/7766 7767/7767/7767
f 7768/7768/7768 7769/7769/7769 7770/7770/7770
f 7771/7771/7771 7772/7772/7772 7773/7773/7773
f 7774/7774/7774 7775/7775/7775 7776/7776/7776
f 7777/7777/7777 7778/7778/7778 7779/7779/7779
f 7780/7780/7780 7781/7781/7781 7782/7782/7782
f 7783/7783/7783 7784/7784/7784 7785/7785/7785
f 7786/7786/7786 7787/7787/7787 7788/7788/7788
f 7789/7789/7789 7790/7790/7790 7791/7791/7791
f 7792/7792/7792 7793/7793/7793 7794/7794/7794
f 7795/7795/7795 7796/7796/7796 7797/7797/7797
f 7798/7798/7798 7799/7799/7799 7800/7800/7800
f 7801/7801/7801 7802/7802/7802 7803/7803/7803
f 7804/7804/7804 7805/7805/7805 7806/7806/7806
f 7807/7807/7807 7808/7808/7808 7809/7809/7809
f 7810/7810/7810 7811/7811/7811 7812/7812/7812
f 7813/7813/7813 7814/7814/7814 7815/7815/7815
f 7816/7816/7816 7817/7817/7817 7818/7818/7818
f 7819/7819/7819 7820/7820/7820 7821/7821/7821
f 7822/7822/7822 7823/7823/7823 7824/7824/7824
f 7825/7825/7825 7826/7826/7826 7827/7827/7827
f 7828/7828/7828 7829/7829/7829 7830/7830/7830
f 7831/7831/7831 7832/7832/7832 7833/7833/7833
f 7834/7834/7834 7835/7835/7835 7836/7836/7836
f 7837/7837/7837 7838/7838/7838 7839/7839/7839
f 7840/7840/7840 7841/7841/7841 7842/7842/7842
f 7843/7843/7843 7844/7844/7844 7845/7845/7845
f 7846/7846/7846 7847/7847/7847 7848/7848/7848
f 7849/7849/7849 7850/7850/7850 7851/7851/7851
f 7852/7852/7852 7853/7853/7853 7854/7854/7854
f 7855/7855/7855 7856/7856/7856 7857/7857/7857
f 7858/7858/7858 7859/7859/7859 7860/7860/7860
f 7861/7861/7861 7862/7862/7862 7863/7863/7863
f 7864/7864/7864 7865/7865/7865 7866/7866/7866
f 7867/7867/7867 7868/7868/7868 7869/7869/7869
f 7870/7870/7870 7871/7871/7871 7872/7872/7872
f 7873/7873/7873 7874/7874/7874 7875/7875/7875
f 7876/7876/7876 7877/7877/7877 7878/7878/7878
f 7879/7879/7879 7880/7880/7880 7881/7881/7881
f 7882/7882/7882 7883/7883/7883 7884/7884/7884
f 7885/7885/7885 7886/7886/7886 7887/7887/7887
f 7888/7888/7888 7889/7889/7889 7890/7890/7890
f 7891/7891/7891 7892/7892/7892 7893/7893/7893
f 7894/7894/7894 7895/7895/7895 7896/7896/7896
f 7897/7897/7897 7898/7898/7898 7899/7899/7899
f 7900/7900/7900 7901/7901/7901 7902/7902/7902
f 7903/7903/7903 7904/7904/7904 7905/7905/7905
f 7906/7906/7906 7907/7907/7907 7908/7908/7908
f 7909/7909/7909 7910/7910/7910 7911/7911/7911
f 7912/7912/7912 7913/7913/7913 7914/7914/7914
f 7915/7915/7915 7916/7916/7916 7917/7917/7917
f 7918/7918/7918 7919/7919/7919 7920/7920/7920
f 7921/7921/7921 7922/7922/7922 7923/7923/7923
f 7924/7924/7924 7925/7925/7925 7926/7926/7926
f 7927/7927/7927 7928/7928/7928 7929/7929/7929
f 7930/7930/7930 7931/7931/7931 7932/7932/7932
f 7933/7933/7933 7934/7934/7934 7935/7935/7935
f 7936/7936/7936 7937/7937/7937 7938/7938/7938
f 7939/7939/7939 7940/7940/7940 7941/7941/7941
f 7942/7942/7942 7943/7943/7943 7944/7944/7944
f 7945/7945/7945 7946/7946/7946 7947/7947/7947
f 7948/7948/7948 7949/7949/7949 7950/7950/7950
f 7951/7951/7951 7952/7952/7952 7953/7953/7953
f 7954/7954/7954 7955/7955/7955 7956/7956/7956
f 7957/7957/7957 7958/7958/7958 7959/7959/7959
f 7960/7960/7960 7961/7961/7961 7962/7962/7962
f 7963/7963/7963 7964/7964/7964 7965/7965/7965
f 7966/7966/7966 7967/7967/7967 7968/7968/7968
f 7969/7969/7969 7970/7970/7970 7971/7971/7971
f 7972/7972/7972 7973/7973/7973 7974/7974/7974
f 7975/7975/7975 7976/7976/7976 7977/7977/7977
f 7978/7978/7978 7979/7979/7979 7980/7980/7980
f 7981/7981/7981 7982/7982/7982 7983/7983/7983
f 7984/7984/7984 7985/7985/7985 7986/7986/7986
f 7987/7987/7987 7988/7988/7988 7989/7989/7989
f 7990/7990/7990 7991/7991/7991 7992/7992/7992
f 7993/7993/7993 7994/7994/7994 7995/7995/7995
f 7996/7996/7996 7997/7997/7997 7998/7998/7998
f 7999/7999/7999 8000/8000/8000 8001/8001/8001
f 8002/8002/8002 8003/8003/8003 8004/8004/8004
f 8005/8005/8005 8006/8006/8006 8007/8007/8007
f 8008/8008/8008 8009/8009/8009 8010/8010/8010
f 8011/8011/8011 8012/8012/8012 8013/8013/8013
f 8014/8014/8014 8015/8015/8015 8016/8016/8016
f 8017/8017/8017 8018/8018/8018 8019/8019/8019
f 8020/8020/8020 8021/8021/8021 8022/8022/8022
f 8023/8023/8023 8024/8024/8024 8025/8025/8025
f 8026/8026/8026 8027/8027/8027 8028/8028/8028
f 8029/8029/8029 8030/8030/8030 8031/8031/8031
f 8032/8032/8032 8033/8033/8033 8034/8034/8034
f 8035/8035/8035 8036/8036/8036 8037/8037/8037
f 8038/8038/8038 8039/8039/8039 8040/8040/8040
f 8041/8041/8041 8042/8042/8042 8043/8043/8043
f 8044/8044/8044 8045/8045/8045 8046/8046/8046
f 8047/8047/8047 8048/8048/8048 8049/8049/8049
f 8050/8050/8050 8051/8051/8051 8052/8052/8052
f 8053/8053/8053 8054/8054/8054 8055/8055/8055
f 8056/8056/8056 8057/8057/8057 8058/8058/8058
f 8059/8059/8059 8060/8060/8060 8061/8061/8061
f 8062/8062/8062 8063/8063/8063 8064/8064/8064
f 8065/8065/8065 8066/8066/8066 8067/8067/8067
f 8068/8068/8068 8069/8069/8069 8070/8070/8070
f 8071/8071/8071 8072/8072/8072 8073/8073/8073
f 8074/8074/8074 8075/8075/8075 8076/8076/8076
f 8077/8077/8077 8078/8078/8078 8079/8079/8079
f 8080/8080/8080 8081/8081/8081 8082/8082/8082
f 8083/8083/8083 8084/8084/8084 8085/8085/8085
f 8086/8086/8086 8087/8087/8087 8088/8088/8088
f 8089/8089/8089 8090/8090/8090 8091/8091/8091
f 8092/8092/8092 8093/8093/8093 8094/8094/8094
f 8095/8095/8095 8096/8096/8096 8097/8097/8097
f 8098/8098/8098 8099/8099/8099 8100/8100/8100
f 8101/8101/8101 8102/8102/8102 8103/8103/8103
f 8104/8104/8104 8105/8105/8105 8106/8106/8106
f 8107/8107/8107 8108/8108/8108 8109/8109/8109
f 8110/8110/8110 8111/8111/8111 8112/8112/8112
f 8113/8113/8113 8114/8114/8114 8115/8115/8115
f 8116/8116/8116 8117/8117/8117 8118/8118/8118
f 8119/8119/8119 8120/8120/8120 8121/8121/8121
f 8122/8122/8122 8123/8123/8123 8124/8124/8124
f 8125/8125/8125 8126/8126/8126 8127/8127/8127
f 8128/8128/8128 8129/8129/8129 8130/8130/8130
f 8131/8131/8131 8132/8132/8132 8133/8133/8133
f 8134/8134/8134 8135/8135/8135 8136/8136/8136
f 8137/8137/8137 8138/8138/8138 8139/8139/8139
f 8140/8140/8140 8141/8141/8141 8142/8142/8142
f 8143/8143/8143 8144/8144/8144 8145/8145/8145
f 8146/8146/8146 8147/8147/8147 8148/8148/8148
f 8149/8149/8149 8150/8150/8150 8151/8151/8151
f 8152/8152/8152 8153/8153/8153 8154/8154/8154
f 8155/8155/8155 8156/8156/8156 8157/8157/8157
f 8158/8158/8158 8159/8159/8159 8160/8160/8160
f 8161/8161/8161 8162/8162/8162 8163/8163/8163
f 8164/8164/8164 8165/8165/8165 8166/8166/8166
f 8167/8167/8167 8168/8168/8168 8169/8169/8169
f 8170/8170/8170 8171/8171/8171 8172/8172/8172
f 8173/8173/8173 8174/8174/8174 8175/8175/8175
f 8176/8176/8176 8177/8177/8177 8178/8178/8178
f 8179/8179/8179 8180/8180/8180 8181/8181/8181
f 8182/8182/8182 8183/8183/8183 8184/8184/8184
f 8185/8185/8185 8186/8186/8186 8187/8187/8187
f 8188/8188/8188 8189/8189/8189 8190/8190/8190
f 8191/8191/8191 8192/8192/8192 8193/8193/8193
f 8194/8194/8194 8195/8195/8195 8196/8196/8196
f 8197/8197/8197 8198/8198/8198 8199/8199/8199
f 8200/8200/8200 8201/8201/8201 8202/8202/8202
f 8203/8203/8203 8204/8204/8204 8205/8205/8205
f 8206/8206/8206 8207/8207/8207 8208/8208/8208
f 8209/8209/8209 8210/8210/8210 8211/8211/8211
f 8212/8212/8212 8213/8213/8213 8214/8214/8214
f 8215/8215/8215 8216/8216/8216 8217/8217/8217
f 8218/8218/8218 8219/8219/8219 8220/8220/8220
f 8221/8221/8221 8222/8222/8222 8223/8223/8223
f 8224/8224/8224 8225/8225/8225 8226/8226/8226
f 8227/8227/8227 8228/8228/8228 8229/8229/8229
f 8230/8230/8230 8231/8231/8231 8232/8232/8232
f 8233/8233/8233 8234/8234/8234 8235/8235/8235
f 8236/8236/8236 8237/8237/8237 8238/8238/8238
f 8239/8239/8239 8240/8240/8240 8241/8241/8241
f 8242/8242/8242 8243/8243/8243 8244/8244/8244
f 8245/8245/8245 8246/8246/8246 8247/8247/8247
f 8248/8248/8248 8249/8249/8249 8250/8250/8250
f 8251/8251/8251 8252/8252/8252 8253/8253/8253
f 8254/8254/8254 8255/8255/8255 8256/8256/8256
f 8257/8257/8257 8258/8258/8258 8259/8259/8259
f 8260/8260/8260 8261/8261/8261 8262/8262/8262
f 8263/8263/8263 8264/8264/8264 8265/8265/8265
f 8266/8266/8266 8267/8267/8267 8268/8268/8268
f 8269/8269/8269 8270/8270/8270 8271/8271/8271
f 8272/8272/8272 8273/8273/8273 8274/8274/8274
f 8275/8275/8275 8276/8276/8276 8277/8277/8277
f 8278/8278/8278 8279/8279/8279 8280/8280/8280
f 8281/8281/8281 8282/8282/8282 8283/8283/8283
f 8284/8284/8284 8285/8285/8285 8286/8286/8286
f 8287/8287/8287 8288/8288/8288 8289/8289/8289
f 8290/8290/8290 8291/8291/8291 8292/8292/8292
f 8293/8293/8293 8294/8294/8294 8295/8295/8295
f 8296/8296/8296 8297/8297/8297 8298/8298/8298
f 8299/8299/8299 8300/8300/8300 8301/8301/8301
f 8302/8302/8302 8303/8303/8303 8304/8304/8304
f 8305/8305/8305 8306/8306/8306 8307/8307/8307
f 8308/8308/8308 8309/8309/8309 8310/8310/8310
f 8311/8311/8311 8312/8312/8312 8313/8313/8313
f 8314/8314/8314 8315/8315/8315 8316/8316/8316
f 8317/8317/8317 8318/8318/8318 8319/8319/8319
f 8320/8320/8320 8321/8321/8321 8322/8322/8322
f 8323/8323/8323 8324/8324/8324 8325/8325/8325
f 8326/8326/8326 8327/8327/8327 8328/8328/8328
f 8329/8329/8329 8330/8330/8330 8331/8331/8331
f 8332/8332/8332 8333/8333/8333 8334/8334/8334
f 8335/8335/8335 8336/8336/8336 8337/8337/8337
f 8338/8338/8338 8339/8339/8339 8340/8340/8340
f 8341/8341/8341 8342/8342/8342 8343/8343/8343
f 8344/8344/8344 8345/8345/8345 8346/8346/8346
f 8347/8347/8347 8348/8348/8348 8349/8349/8349
f 8350/8350/8350 8351/8351/8351 8352/8352/8352
f 8353/8353/8353 8354/8354/8354 8355/8355/8355
f 8356/8356/8356 8357/8357/8357 8358/8358/8358
f 8359/8359/8359 8360/8360/8360 8361/8361/8361
f 8362/8362/8362 8363/8363/8363 8364/8364/8364
f 8365/8365/8365 8366/8366/8366 8367/8367/8367
f 8368/8368/8368 8369/8369/8369 8370/8370/8370
f 8371/8371/8371 8372/8372/8372 8373/8373/8373
f 8374/8374/8374 8375/8375/8375 8376/8376/8376
f 8377/8377/8377 8378/8378/8378 8379/8379/8379
f 8380/8380/8380 8381/8381/8381 8382/8382/8382
f 8383/8383/8383 8384/8384/8384 8385/8385/8385
f 8386/8386/8386 8387/8387/8387 8388/8388/8388
f 8389/8389/8389 8390/8390/8390 8391/8391/8391
f 8392/8392/8392 8393/8393/8393 8394/8394/8394
f 8395/8395/8395 8396/8396/8396 8397/8397/8397
f 8398/8398/8398 8399/8399/8399 8400/8400/8400
f 8401/8401/8401 8402/8402/8402 8403/8403/8403
f 8404/8404/8404 8405/8405/8405 8406/8406/8406
f 8407/8407/8407 8408/8408/8408 8409/8409/8409
f 8410/8410/8410 8411/8411/8411 8412/8412/8412
f 8413/8413/8413 8414/8414/8414 8415/8415/8415
f 8416/8416/8416 8417/8417/8417 8418/8418/8418
f 8419/8419/8419 8420/8420/8420 8421/8421/8421
f 8422/8422/8422 8423/8423/8423 8424/8424/8424
f 8425/8425/8425 8426/8426/8426 8427/8427/8427
f 8428/8428/8428 8429/8429/8429 8430/8430/8430
f 8431/8431/8431 8432/8432/8432 8433/8433/8433
f 8434/8434/8434 8435/8435/8435 8436/8436/8436
f 8437/8437/8437 8438/8438/8438 8439/8439/8439
f 8440/8440/8440 8441/8441/8441 8442/8442/8442
f 8443/8443/8443 8444/8444/8444 8445/8445/8445
f 8446/8446/8446 8447/8447/8447 8448/8448/8448
f 8449/8449/8449 8450/8450/8450 8451/8451/8451
f 8452/8452/8452 8453/8453/8453 8454/8454/8454
f 8455/8455/8455 8456/8456/8456 8457/8457/8457
f 8458/8458/8458 8459/8459/8459 8460/8460/8460
f 8461/8461/8461 8462/8462/8462 8463/8463/8463
f 8464/8464/8464 8465/8465/8465 8466/8466/8466
f 8467/8467/8467 8468/8468/8468 8469/8469/8469
f 8470/8470/8470 8471/8471/8471 8472/8472/8472
f 8473/8473/8473 8474/8474/8474 8475/8475/8475
f 8476/8476/8476 8477/8477/8477 8478/8478/8478
f 8479/8479/8479 8480/8480/8480 8481/8481/8481
f 8482/8482/8482 8483/8483/8483 8484/8484/8484
f 8485/8485/8485 8486/8486/8486 8487/8487/8487
f 8488/8488/8488 8489/8489/8489 8490/8490/8490
f 8491/8491/8491 8492/8492/8492 8493/8493/8493
f 8494/8494/8494 8495/8495/8495 8496/8496/8496
f 8497/8497/8497 8498/8498/8498 8499/8499/8499
f 8500/8500/8500 8501/8501/8501 8502/8502/8502
f 8503/8503/8503 8504/8504/8504 8505/8505/8505
f 8506/8506/8506 8507/8507/8507 8508/8508/8508
f 8509/8509/8509 8510/8510/8510 8511/8511/8511
f 8512/8512/8512 8513/8513/8513 8514/8514/8514
f 8515/8515/8515 8516/8516/8516 8517/8517/8517
f 8518/8518/8518 8519/8519/8519 8520/8520/8520
f 8521/8521/8521 8522/8522/8522 8523/8523/8523
f 8524/8524/8524 8525/8525/8525 8526/8526/8526
f 8527/8527/8527 8528/8528/8528 8529/8529/8529
f 8530/8530/8530 8531/8531/8531 8532/8532/8532
f 8533/8533/8533 8534/8534/8534 8535/8535/8535
f 8536/8536/8536 8537/8537/8537 8538/8538/8538
f 8539/8539/8539 8540/8540/8540 8541/8541/8541
f 8542/8542/8542 8543/8543/8543 8544/8544/8544
f 8545/8545/8545 8546/8546/8546 8547/8547/8547
f 8548/8548/8548 8549/8549/8549 8550/8550/8550
f 8551/8551/8551 8552/8552/8552 8553/8553/8553
f 8554/8554/8554 8555/8555/8555 8556/8556/8556
f 8557/8557/8557 8558/8558/8558 8559/8559/8559
f 8560/8560/8560 8561/8561/8561 8562/8562/8562
f 8563/8563/8563 8564/8564/8564 8565/8565/8565
f 8566/8566/8566 8567/8567/8567 8568/8568/8568
f 8569/8569/8569 8570/8570/8570 8571/8571/8571
f 8572/8572/8572 8573/8573/8573 8574/8574/8574
f 8575/8575/8575 8576/8576/8576 8577/8577/8577
f 8578/8578/8578 8579/8579/8579 8580/8580/8580
f 8581/8581/8581 8582/8582/8582 8583/8583/8583
f 8584/8584/8584 8585/8585/8585 8586/8586/8586
f 8587/8587/8587 8588/8588/8588 8589/8589/8589
f 8590/8590/8590 8591/8591/8591 8592/8592/8592
f 8593/8593/8593 8594/8594/8594 8595/8595/8595
f 8596/8596/8596 8597/8597/8597 8598/8598/8598
f 8599/8599/8599 8600/8600/8600 8601/8601/8601
f 8602/8602/8602 8603/8603/8603 8604/8604/8604
f 8605/8605/8605 8606/8606/8606 8607/8607/8607
f 8608/8608/8608 8609/8609/8609 8610/8610/8610
f 8611/8611/8611 8612/8612/8612 8613/8613/8613
f 8614/8614/8614 8615/8615/8615 8616/8616/8616
f 8617/8617/8617 8618/8618/8618 8619/8619/8619
f 8620/8620/8620 8621/8621/8621 8622/8622/8622
f 8623/8623/8623 8624/8624/8624 8625/8625/8625
f 8626/8626/8626 8627/8627/8627 8628/8628/8628
f 8629/8629/8629 8630/8630/8630 8631/8631/8631
f 8632/8632/8632 8633/8633/8633 8634/8634/8634
f 8635/8635/8635 8636/8636/8636 8637/8637/8637
f 8638/8638/8638 8639/8639/8639 8640/8640/8640
f 8641/8641/8641 8642/8642/8642 8643/8643/8643
f 8644/8644/8644 8645/8645/8645 8646/8646/8646
f 8647/8647/8647 8648/8648/8648 8649/8649/8649
f 8650/8650/8650 8651/8651/8651 8652/8652/8652
f 8653/8653/8653 8654/8654/8654 8655/8655/8655
f 8656/8656/8656 8657/8657/8657 8658/8658/8658
f 8659/8659/8659 8660/8660/8660 8661/8661/8661
f 8662/8662/8662 8663/8663/8663 8664/8664/8664
f 8665/8665/8665 8666/8666/8666 8667/8667/8667
f 8668/8668/8668 8669/8669/8669 8670/8670/8670
f 8671/8671/8671 8672/8672/8672 8673/8673/8673
f 8674/8674/8674 8675/8675/8675 8676/8676/8676
f 8677/8677/8677 8678/8678/8678 8679/8679/8679
f 8680/8680/8680 8681/8681/8681 8682/8682/8682
f 8683/8683/8683 8684/8684/8684 8685/8685/8685
f 8686/8686/8686 8687/8687/8687 8688/8688/8688
f 8689/8689/8689 8690/8690/8690 8691/8691/8691
f 8692/8692/8692 8693/8693/8693 8694/8694/8694
f 8695/8695/8695 8696/8696/8696 8697/8697/8697
f 8698/8698/8698 8699/8699/8699 8700/8700/8700
f 8701/8701/8701 8702/8702/8702 8703/8703/8703
f 8704/8704/8704 8705/8705/8705 8706/8706/8706
f 8707/8707/8707 8708/8708/8708 8709/8709/8709
f 8710/8710/8710 8711/8711/8711 8712/8712/8712
f 8713/8713/8713 8714/8714/8714 8715/8715/8715
f 8716/8716/8716 8717/8717/8717 8718/8718/8718
f 8719/8719/8719 8720/8720/8720 8721/8721/8721
f 8722/8722/8722 8723/8723/8723 8724/8724/8724
f 8725/8725/8725 8726/8726/8726 8727/8727/8727
f 8728/8728/8728 8729/8729/8729 8730/8730/8730
f 8731/8731/8731 8732/8732/8732 8733/8733/8733
f 8734/8734/8734 8735/8735/8735 8736/8736/8736
f 8737/8737/8737 8738/8738/8738 8739/8739/8739
f 8740/8740/8740 8741/8741/8741 8742/8742/8742
f 8743/8743/8743 8744/8744/8744 8745/8745/8745
f 8746/8746/8746 8747/8747/8747 8748/8748/8748
f 8749/8749/8749 8750/8750/8750 8751/8751/8751
f 8752/8752/8752 8753/8753/8753 8754/8754/8754
f 8755/8755/8755 8756/8756/8756 8757/8757/8757
f 8758/8758/8758 8759/8759/8759 8760/8760/8760
f 8761/8761/8761 8762/8762/8762 8763/8763/8763
f 8764/8764/8764 8765/8765/8765 8766/8766/8766
f 8767/8767/8767 8768/8768/8768 8769/8769/8769
f 8770/8770/8770 8771/8771/8771 8772/8772/8772
f 8773/8773/8773 8774/8774/8774 8775/8775/8775
f 8776/8776/8776 8777/8777/8777 8778/8778/8778
f 8779/8779/8779 8780/8780/8780 8781/8781/8781
f 8782/8782/8782 8783/8783/8783 8784/8784/8784
f 8785/8785/8785 8786/8786/8786 8787/8787/8787
f 8788/8788/8788 8789/8789/8789 8790/8790/8790
f 8791/8791/8791 8792/8792/8792 8793/8793/8793
f 8794/8794/8794 8795/8795/8795 8796/8796/8796
f 8797/8797/8797 8798/8798/8798 8799/8799/8799
f 8800/8800/8800 8801/8801/8801 8802/8802/8802
f 8803/8803/8803 8804/8804/8804 8805/8805/8805
f 8806/8806/8806 8807/8807/8807 8808/8808/8808
f 8809/8809/8809 8810/8810/8810 8811/8811/8811
f 8812/8812/8812 8813/8813/8813 8814/8814/8814
f 8815/8815/8815 8816/8816/8816 8817/8817/8817
f 8818/8818/8818 8819/8819/8819 8820/8820/8820
f 8821/8821/8821 8822/8822/8822 8823/8823/8823
f 8824/8824/8824 8825/8825/8825 8826/8826/8826
f 8827/8827/8827 8828/8828/8828 8829/8829/8829
f 8830/8830/8830 8831/8831/8831 8832/8832/8832
f 8833/8833/8833 8834/8834/8834 8835/8835/8835
f 8836/8836/8836 8837/8837/8837 8838/8838/8838
f 8839/8839/8839 8840/8840/8840 8841/8841/8841
f 8842/8842/8842 8843/8843/8843 8844/8844/8844
f 8845/8845/8845 8846/8846/8846 8847/8847/8847
f 8848/8848/8848 8849/8849/8849 8850/8850/8850
f 8851/8851/8851 8852/8852/8852 8853/8853/8853
f 8854/8854/8854 8855/8855/8855 8856/8856/8856
f 8857/8857/8857 8858/8858/8858 8859/8859/8859
f 8860/8860/8860 8861/8861/8861 8862/8862/8862
f 8863/8863/8863 8864/8864/8864 8865/8865/8865
f 8866/8866/8866 8867/8867/8867 8868/8868/8868
f 8869/8869/8869 8870/8870/8870 8871/8871/8871
f 8872/8872/8872 8873/8873/8873 8874/8874/8874
f 8875/8875/8875 8876/8876/8876 8877/8877/8877
f 8878/8878/8878 8879/8879/8879 8880/8880/8880
f 8881/8881/8881 8882/8882/8882 8883/8883/8883
f 8884/8884/8884 8885/8885/8885 8886/8886/8886
f 8887/8887/8887 8888/8888/8888 8889/8889/8889
f 8890/8890/8890 8891/8891/8891 8892/8892/8892
f 8893/8893/8893 8894/8894/8894 8895/8895/8895
f 8896/8896/8896 8897/8897/8897 8898/8898/8898
f 8899/8899/8899 8900/8900/8900 8901/8901/8901
f 8902/8902/8902 8903/8903/8903 8904/8904/8904
f 8905/8905/8905 8906/8906/8906 8907/8907/8907
f 8908/8908/8908 8909/8909/8909 8910/8910/8910
f 8911/8911/8911 8912/8912/8912 8913/8913/8913
f 8914/8914/8914 8915/8915/8915 8916/8916/8916
f 8917/8917/8917 8918/8918/8918 8919/8919/8919
f 8920/8920/8920 8921/8921/8921 8922/8922/8922
f 8923/8923/8923 8924/8924/8924 8925/8925/8925
f 8926/8926/8926 8927/8927/8927 8928/8928/8928
f 8929/8929/8929 8930/8930/8930 8931/8931/8931
f 8932/8932/8932 8933/8933/8933 8934/8934/8934
f 8935/8935/8935 8936/8936/8936 8937/8937/8937
f 8938/8938/8938 8939/8939/8939 8940/8940/8940
f 8941/8941/8941 8942/8942/8942 8943/8943/8943
f 8944/8944/8944 8945/8945/8945 8946/8946/8946
f 8947/8947/8947 8948/8948/8948 8949/8949/8949
f 8950/8950/8950 8951/8951/8951 8952/8952/8952
f 8953/8953/8953 8954/8954/8954 8955/8955/8955
f 8956/8956/8956 8957/8957/8957 8958/8958/8958
f 8959/8959/8959 8960/8960/8960 8961/8961/8961
f 8962/8962/8962 8963/8963/8963 8964/8964/8964
f 8965/8965/8965 8966/8966/8966 8967/8967/8967
f 8968/8968/8968 8969/8969/8969 8970/8970/8970
f 8971/8971/8971 8972/8972/8972 8973/8973/8973
f 8974/8974/8974 8975/8975/8975 8976/8976/8976
f 8977/8977/8977 8978/8978/8978 8979/8979/8979
f 8980/8980/8980 8981/8981/8981 8982/8982/8982
f 8983/8983/8983 8984/8984/8984 8985/8985/8985
f 8986/8986/8986 8987/8987/8987 8988/8988/8988
f 8989/8989/8989 8990/8990/8990 8991/8991/8991
f 8992/8992/8992 8993/8993/8993 8994/8994/8994
f 8995/8995/8995 8996/8996/8996 8997/8997/8997
f 8998/8998/8998 8999/8999/8999 9000/9000/9000
f 9001/9001/9001 9002/9002/9002 9003/9003/9003
f 9004/9004/9004 9005/9005/9005 9006/9006/9006
f 9007/9007/9007 9008/9008/9008 9009/9009/9009
f 9010/9010/9010 9011/9011/9011 9012/9012/9012
f 9013/9013/9013 9014/9014/9014 9015/9015/9015
f 9016/9016/9016 9017/9017/9017 9018/9018/9018
f 9019/9019/9019 9020/9020/9020 9021/9021/9021
f 9022/9022/9022 9023/9023/9023 9024/9024/9024
f 9025/9025/9025 9026/9026/9026 9027/9027/9027
f 9028/9028/9028 9029/9029/9029 9030/9030/9030
f 9031/9031/9031 9032/9032/9032 9033/9033/9033
f 9034/9034/9034 9035/9035/9035 9036/9036/9036
f 9037/9037/9037 9038/9038/9038 9039/9039/9039
f 9040/9040/9040 9041/9041/9041 9042/9042/9042
f 9043/9043/9043 9044/9044/9044 9045/9045/9045
f 9046/9046/9046 9047/9047/9047 9048/9048/9048
f 9049/9049/9049 9050/9050/9050 9051/9051/9051
f 9052/9052/9052 9053/9053/9053 9054/9054/9054
f 9055/9055/9055 9056/9056/9056 9057/9057/9057
f 9058/9058/9058 9059/9059/9059 9060/9060/9060
f 9061/9061/9061 9062/9062/9062 9063/9063/9063
f 9064/9064/9064 9065/9065/9065 9066/9066/9066
f 9067/9067/9067 9068/9068/9068 9069/9069/9069
f 9070/9070/9070 9071/9071/9071 9072/9072/9072
f 9073/9073/9073 9074/9074/9074 9075/9075/9075
f 9076/9076/9076 9077/9077/9077 9078/9078/9078
f 9079/9079/9079 9080/9080/9080 9081/9081/9081
f 9082/9082/9082 9083/9083/9083 9084/9084/9084
f 9085/9085/9085 9086/9086/9086 9087/9087/9087
f 9088/9088/9088 9089/9089/9089 9090/9090/9090
f 9091/9091/9091 9092/9092/9092 9093/9093/9093
f 9094/9094/9094 9095/9095/9095 9096/9096/9096
f 9097/9097/9097 9098/9098/9098 9099/9099/9099
f 9100/9100/9100 9101/9101/9101 9102/9102/9102
f 9103/9103/9103 9104/9104/9104 9105/9105/9105
f 9106/9106/9106 9107/9107/9107 9108/9108/9108
f 9109/9109/9109 9110/9110/9110 9111/9111/9111
f 9112/9112/9112 9113/9113/9113 9114/9114/9114
f 9115/9115/9115 9116/9116/9116 9117/9117/9117
f 9118/9118/9118 9119/9119/9119 9120/9120/9120
f 9121/9121/9121 9122/9122/9122 9123/9123/9123
f 9124/9124/9124 9125/9125/9125 9126/9126/9126
f 9127/9127/9127 9128/9128/9128 9129/9129/9129
f 9130/9130/9130 9131/9131/9131 9132/9132/9132
f 9133/9133/9133 9134/9134/9134 9135/9135/9135
f 9136/9136/9136 9137/9137/9137 9138/9138/9138
f 9139/9139/9139 9140/9140/9140 9141/9141/9141
f 9142/9142/9142 9143/9143/9143 9144/9144/9144
f 9145/9145/9145 9146/9146/9146 9147/9147/9147
f 9148/9148/9148 9149/9149/9149 9150/9150/9150
f 9151/9151/9151 9152/9152/9152 9153/9153/9153
f 9154/9154/9154 9155/9155/9155 9156/9156/9156
f 9157/9157/9157 9158/9158/9158 9159/9159/9159
f 9160/9160/9160 9161/9161/9161 9162/9162/9162
f 9163/9163/9163 9164/9164/9164 9165/9165/9165
f 9166/9166/9166 9167/9167/9167 9168/9168/9168
f 9169/9169/9169 9170/9170/9170 9171/9171/9171
f 9172/9172/9172 9173/9173/9173 9174/9174/9174
f 9175/9175/9175 9176/9176/9176 9177/9177/9177
f 9178/9178/9178 9179/9179/9179 9180/9180/9180
f 9181/9181/9181 9182/9182/9182 9183/9183/9183
f 9184/9184/9184 9185/9185/9185 9186/9186/9186
f 9187/9187/9187 9188/9188/9188 9189/9189/9189
f 9190/9190/9190 9191/9191/9191 9192/9192/9192
