# Created by Open3D 
# object name: 54a13e432b9a488ab35d1c6644d9bc0c_visual
# number of vertices: 2508
# number of triangles: 836
mtllib banana_54a13e43_visual.mtl
v -0.0461999 0.00246114 -0.0211423
vn -0.97526 0.0138072 -0.220628
v -0.0451278 0.0114483 -0.0116516
vn -0.875586 0.47444 -0.0908552
v -0.0435112 0.0116954 -0.0213167
vn -0.870185 0.451955 -0.196252
v -0.0461999 0.00246114 -0.0211423
vn -0.97526 0.0138072 -0.220628
v -0.0477929 0.00215997 -0.0116387
vn -0.99308 0.0040158 -0.117373
v -0.0451278 0.0114483 -0.0116516
vn -0.875586 0.47444 -0.0908552
v -0.0435112 0.0116954 -0.0213167
vn -0.870185 0.451955 -0.196252
v -0.0407558 0.0165991 -0.0115776
vn -0.54897 0.83504 -0.036602
v -0.0398143 0.0164711 -0.0208291
vn -0.56324 0.8169 -0.12424
v -0.0435112 0.0116954 -0.0213167
vn -0.870185 0.451955 -0.196252
v -0.0451278 0.0114483 -0.0116516
vn -0.875586 0.47444 -0.0908552
v -0.0407558 0.0165991 -0.0115776
vn -0.54897 0.83504 -0.036602
v -0.0398143 0.0164711 -0.0208291
vn -0.56324 0.8169 -0.12424
v -0.0289874 0.02 -0.0116975
vn 0.0108984 0.999821 0.0154783
v -0.0280778 0.0199385 -0.0207967
vn -0.0169832 0.99968 -0.0187482
v -0.0398143 0.0164711 -0.0208291
vn -0.56324 0.8169 -0.12424
v -0.0407558 0.0165991 -0.0115776
vn -0.54897 0.83504 -0.036602
v -0.0289874 0.02 -0.0116975
vn 0.0108984 0.999821 0.0154783
v -0.0280778 0.0199385 -0.0207967
vn -0.0169832 0.99968 -0.0187482
v -0.0170323 0.0161813 -0.0116516
vn 0.465799 0.881097 0.0818547
v -0.0156012 0.0163038 -0.0195731
vn 0.440526 0.889978 0.117796
v -0.0280778 0.0199385 -0.0207967
vn -0.0169832 0.99968 -0.0187482
v -0.0289874 0.02 -0.0116975
vn 0.0108984 0.999821 0.0154783
v -0.0170323 0.0161813 -0.0116516
vn 0.465799 0.881097 0.0818547
v -0.0156012 0.0163038 -0.0195731
vn 0.440526 0.889978 0.117796
v -0.00998515 0.0104359 -0.0116516
vn 0.82584 0.547053 0.136826
v -0.00865014 0.0107079 -0.0188076
vn 0.79775 0.559077 0.225894
v -0.0156012 0.0163038 -0.0195731
vn 0.440526 0.889978 0.117796
v -0.0170323 0.0161813 -0.0116516
vn 0.465799 0.881097 0.0818547
v -0.00998515 0.0104359 -0.0116516
vn 0.82584 0.547053 0.136826
v -0.00865014 0.0107079 -0.0188076
vn 0.79775 0.559077 0.225894
v -0.00768269 0.00150274 -0.0112496
vn 0.987122 -0.0215875 0.158508
v -0.00593673 0.00161031 -0.0187115
vn 0.961817 -0.0104744 0.273493
v -0.00865014 0.0107079 -0.0188076
vn 0.79775 0.559077 0.225894
v -0.00998515 0.0104359 -0.0116516
vn 0.82584 0.547053 0.136826
v -0.00768269 0.00150274 -0.0112496
vn 0.987122 -0.0215875 0.158508
v -0.00593673 0.00161031 -0.0187115
vn 0.961817 -0.0104744 0.273493
v -0.00986105 -0.00557372 -0.0116516
vn 0.852192 -0.506798 0.130095
v -0.00802742 -0.00536781 -0.0192395
vn 0.826564 -0.513682 0.230051
v -0.00593673 0.00161031 -0.0187115
vn 0.961817 -0.0104744 0.273493
v -0.00768269 0.00150274 -0.0112496
vn 0.987122 -0.0215875 0.158508
v -0.00986105 -0.00557372 -0.0116516
vn 0.852192 -0.506798 0.130095
v -0.00802742 -0.00536781 -0.0192395
vn 0.826564 -0.513682 0.230051
v -0.0162907 -0.0123329 -0.0116516
vn 0.487494 -0.871139 0.0588813
v -0.0155877 -0.0128429 -0.0204851
vn 0.431013 -0.894511 0.11865
v -0.00802742 -0.00536781 -0.0192395
vn 0.826564 -0.513682 0.230051
v -0.00986105 -0.00557372 -0.0116516
vn 0.852192 -0.506798 0.130095
v -0.0162907 -0.0123329 -0.0116516
vn 0.487494 -0.871139 0.0588813
v -0.0155877 -0.0128429 -0.0204851
vn 0.431013 -0.894511 0.11865
v -0.0265077 -0.0146152 -0.0116516
vn 0.0188692 -0.999817 0.00304738
v -0.0265077 -0.0147187 -0.0211423
vn -0.0517457 -0.998607 -0.0103598
v -0.0155877 -0.0128429 -0.0204851
vn 0.431013 -0.894511 0.11865
v -0.0162907 -0.0123329 -0.0116516
vn 0.487494 -0.871139 0.0588813
v -0.0265077 -0.0146152 -0.0116516
vn 0.0188692 -0.999817 0.00304738
v -0.0265077 -0.0147187 -0.0211423
vn -0.0517457 -0.998607 -0.0103598
v -0.0370339 -0.0127805 -0.0116516
vn -0.43621 -0.898589 -0.0475283
v -0.0366036 -0.0121574 -0.0211423
vn -0.4904 -0.862449 -0.125255
v -0.0265077 -0.0147187 -0.0211423
vn -0.0517457 -0.998607 -0.0103598
v -0.0265077 -0.0146152 -0.0116516
vn 0.0188692 -0.999817 0.00304738
v -0.0370339 -0.0127805 -0.0116516
vn -0.43621 -0.898589 -0.0475283
v -0.0366036 -0.0121574 -0.0211423
vn -0.4904 -0.862449 -0.125255
v -0.0457124 -0.00526424 -0.0119337
vn -0.844986 -0.525434 -0.0995823
v -0.0441415 -0.00494293 -0.0213468
vn -0.842557 -0.501434 -0.196624
v -0.0366036 -0.0121574 -0.0211423
vn -0.4904 -0.862449 -0.125255
v -0.0370339 -0.0127805 -0.0116516
vn -0.43621 -0.898589 -0.0475283
v -0.0457124 -0.00526424 -0.0119337
vn -0.844986 -0.525434 -0.0995823
v -0.0441415 -0.00494293 -0.0213468
vn -0.842557 -0.501434 -0.196624
v -0.0477929 0.00215997 -0.0116387
vn -0.99308 0.0040158 -0.117373
v -0.0461999 0.00246114 -0.0211423
vn -0.97526 0.0138072 -0.220628
v -0.0441415 -0.00494293 -0.0213468
vn -0.842557 -0.501434 -0.196624
v -0.0457124 -0.00526424 -0.0119337
vn -0.844986 -0.525434 -0.0995823
v -0.0477929 0.00215997 -0.0116387
vn -0.99308 0.0040158 -0.117373
v -0.0289874 0.02 -0.0116975
vn 0.0108984 0.999821 0.0154783
v -0.0172453 0.0155171 -0.0015092
vn 0.497103 0.866923 0.0365214
v -0.0170323 0.0161813 -0.0116516
vn 0.465799 0.881097 0.0818547
v -0.0289874 0.02 -0.0116975
vn 0.0108984 0.999821 0.0154783
v -0.0295636 0.019644 -0.0013869
vn 0.0147241 0.998991 0.0424344
v -0.0172453 0.0155171 -0.0015092
vn 0.497103 0.866923 0.0365214
v -0.0170323 0.0161813 -0.0116516
vn 0.465799 0.881097 0.0818547
v -0.0107878 0.00974125 -0.00165388
vn 0.846478 0.531439 0.0323707
v -0.00998515 0.0104359 -0.0116516
vn 0.82584 0.547053 0.136826
v -0.0170323 0.0161813 -0.0116516
vn 0.465799 0.881097 0.0818547
v -0.0172453 0.0155171 -0.0015092
vn 0.497103 0.866923 0.0365214
v -0.0107878 0.00974125 -0.00165388
vn 0.846478 0.531439 0.0323707
v -0.00998515 0.0104359 -0.0116516
vn 0.82584 0.547053 0.136826
v -0.00872028 0.00219066 -0.00170954
vn 0.99939 0.01212 0.0327679
v -0.00768269 0.00150274 -0.0112496
vn 0.987122 -0.0215875 0.158508
v -0.00998515 0.0104359 -0.0116516
vn 0.82584 0.547053 0.136826
v -0.0107878 0.00974125 -0.00165388
vn 0.846478 0.531439 0.0323707
v -0.00872028 0.00219066 -0.00170954
vn 0.99939 0.01212 0.0327679
v -0.00768269 0.00150274 -0.0112496
vn 0.987122 -0.0215875 0.158508
v -0.0107087 -0.0054505 -0.00166957
vn 0.881315 -0.472018 0.0219801
v -0.00986105 -0.00557372 -0.0116516
vn 0.852192 -0.506798 0.130095
v -0.00768269 0.00150274 -0.0112496
vn 0.987122 -0.0215875 0.158508
v -0.00872028 0.00219066 -0.00170954
vn 0.99939 0.01212 0.0327679
v -0.0107087 -0.0054505 -0.00166957
vn 0.881315 -0.472018 0.0219801
v -0.00986105 -0.00557372 -0.0116516
vn 0.852192 -0.506798 0.130095
v -0.0165287 -0.0121692 -0.0015203
vn 0.522041 -0.852911 -0.0039255
v -0.0162907 -0.0123329 -0.0116516
vn 0.487494 -0.871139 0.0588813
v -0.00986105 -0.00557372 -0.0116516
vn 0.852192 -0.506798 0.130095
v -0.0107087 -0.0054505 -0.00166957
vn 0.881315 -0.472018 0.0219801
v -0.0165287 -0.0121692 -0.0015203
vn 0.522041 -0.852911 -0.0039255
v -0.0162907 -0.0123329 -0.0116516
vn 0.487494 -0.871139 0.0588813
v -0.0264261 -0.0147424 -0.00145159
vn 0.0446946 -0.998833 -0.0182806
v -0.0265077 -0.0146152 -0.0116516
vn 0.0188692 -0.999817 0.00304738
v -0.0162907 -0.0123329 -0.0116516
vn 0.487494 -0.871139 0.0588813
v -0.0165287 -0.0121692 -0.0015203
vn 0.522041 -0.852911 -0.0039255
v -0.0264261 -0.0147424 -0.00145159
vn 0.0446946 -0.998833 -0.0182806
v -0.0265077 -0.0146152 -0.0116516
vn 0.0188692 -0.999817 0.00304738
v -0.0370181 -0.0131421 -0.00146044
vn -0.411414 -0.911342 -0.0138994
v -0.0370339 -0.0127805 -0.0116516
vn -0.43621 -0.898589 -0.0475283
v -0.0265077 -0.0146152 -0.0116516
vn 0.0188692 -0.999817 0.00304738
v -0.0264261 -0.0147424 -0.00145159
vn 0.0446946 -0.998833 -0.0182806
v -0.0370181 -0.0131421 -0.00146044
vn -0.411414 -0.911342 -0.0138994
v -0.0370339 -0.0127805 -0.0116516
vn -0.43621 -0.898589 -0.0475283
v -0.0456971 -0.0059371 -0.00137967
vn -0.816524 -0.577255 -0.00803201
v -0.0457124 -0.00526424 -0.0119337
vn -0.844986 -0.525434 -0.0995823
v -0.0370339 -0.0127805 -0.0116516
vn -0.43621 -0.898589 -0.0475283
v -0.0370181 -0.0131421 -0.00146044
vn -0.411414 -0.911342 -0.0138994
v -0.0456971 -0.0059371 -0.00137967
vn -0.816524 -0.577255 -0.00803201
v -0.0457124 -0.00526424 -0.0119337
vn -0.844986 -0.525434 -0.0995823
v -0.0484555 0.00153584 -0.00134724
vn -0.998831 -0.0477018 -0.00782142
v -0.0477929 0.00215997 -0.0116387
vn -0.99308 0.0040158 -0.117373
v -0.0457124 -0.00526424 -0.0119337
vn -0.844986 -0.525434 -0.0995823
v -0.0456971 -0.0059371 -0.00137967
vn -0.816524 -0.577255 -0.00803201
v -0.0484555 0.00153584 -0.00134724
vn -0.998831 -0.0477018 -0.00782142
v -0.0477929 0.00215997 -0.0116387
vn -0.99308 0.0040158 -0.117373
v -0.046047 0.0111132 -0.00120238
vn -0.874228 0.485514 0.000612783
v -0.0451278 0.0114483 -0.0116516
vn -0.875586 0.47444 -0.0908552
v -0.0477929 0.00215997 -0.0116387
vn -0.99308 0.0040158 -0.117373
v -0.0484555 0.00153584 -0.00134724
vn -0.998831 -0.0477018 -0.00782142
v -0.046047 0.0111132 -0.00120238
vn -0.874228 0.485514 0.000612783
v -0.0451278 0.0114483 -0.0116516
vn -0.875586 0.47444 -0.0908552
v -0.0408275 0.01657 -0.00147563
vn -0.517092 0.855585 0.0243143
v -0.0407558 0.0165991 -0.0115776
vn -0.54897 0.83504 -0.036602
v -0.0451278 0.0114483 -0.0116516
vn -0.875586 0.47444 -0.0908552
v -0.046047 0.0111132 -0.00120238
vn -0.874228 0.485514 0.000612783
v -0.0408275 0.01657 -0.00147563
vn -0.517092 0.855585 0.0243143
v -0.0407558 0.0165991 -0.0115776
vn -0.54897 0.83504 -0.036602
v -0.0295636 0.019644 -0.0013869
vn 0.0147241 0.998991 0.0424344
v -0.0289874 0.02 -0.0116975
vn 0.0108984 0.999821 0.0154783
v -0.0407558 0.0165991 -0.0115776
vn -0.54897 0.83504 -0.036602
v -0.0408275 0.01657 -0.00147563
vn -0.517092 0.855585 0.0243143
v -0.0295636 0.019644 -0.0013869
vn 0.0147241 0.998991 0.0424344
v -0.0295636 0.019644 -0.0013869
vn 0.0147241 0.998991 0.0424344
v -0.0174521 0.0153908 0.0080127
vn 0.465841 0.884856 0.00473333
v -0.0172453 0.0155171 -0.0015092
vn 0.497103 0.866923 0.0365214
v -0.0295636 0.019644 -0.0013869
vn 0.0147241 0.998991 0.0424344
v -0.029181 0.0190834 0.00799866
vn 0.0167288 0.997902 0.0625406
v -0.0174521 0.0153908 0.0080127
vn 0.465841 0.884856 0.00473333
v -0.0172453 0.0155171 -0.0015092
vn 0.497103 0.866923 0.0365214
v -0.0105315 0.00978538 0.0079196
vn 0.827657 0.558195 -0.0583331
v -0.0107878 0.00974125 -0.00165388
vn 0.846478 0.531439 0.0323707
v -0.0172453 0.0155171 -0.0015092
vn 0.497103 0.866923 0.0365214
v -0.0174521 0.0153908 0.0080127
vn 0.465841 0.884856 0.00473333
v -0.0105315 0.00978538 0.0079196
vn 0.827657 0.558195 -0.0583331
v -0.0107878 0.00974125 -0.00165388
vn 0.846478 0.531439 0.0323707
v -0.00826591 0.00200207 0.00787398
vn 0.994207 0.0139451 -0.106574
v -0.00872028 0.00219066 -0.00170954
vn 0.99939 0.01212 0.0327679
v -0.0107878 0.00974125 -0.00165388
vn 0.846478 0.531439 0.0323707
v -0.0105315 0.00978538 0.0079196
vn 0.827657 0.558195 -0.0583331
v -0.00826591 0.00200207 0.00787398
vn 0.994207 0.0139451 -0.106574
v -0.00872028 0.00219066 -0.00170954
vn 0.99939 0.01212 0.0327679
v -0.0103636 -0.00587624 0.00789315
vn 0.869859 -0.480098 -0.113365
v -0.0107087 -0.0054505 -0.00166957
vn 0.881315 -0.472018 0.0219801
v -0.00872028 0.00219066 -0.00170954
vn 0.99939 0.01212 0.0327679
v -0.00826591 0.00200207 0.00787398
vn 0.994207 0.0139451 -0.106574
v -0.0103636 -0.00587624 0.00789315
vn 0.869859 -0.480098 -0.113365
v -0.0107087 -0.0054505 -0.00166957
vn 0.881315 -0.472018 0.0219801
v -0.0164993 -0.0127135 0.00800971
vn 0.503804 -0.859624 -0.0850191
v -0.0165287 -0.0121692 -0.0015203
vn 0.522041 -0.852911 -0.0039255
v -0.0107087 -0.0054505 -0.00166957
vn 0.881315 -0.472018 0.0219801
v -0.0103636 -0.00587624 0.00789315
vn 0.869859 -0.480098 -0.113365
v -0.0164993 -0.0127135 0.00800971
vn 0.503804 -0.859624 -0.0850191
v -0.0165287 -0.0121692 -0.0015203
vn 0.522041 -0.852911 -0.0039255
v -0.0266733 -0.0151636 0.0080597
vn 0.012854 -0.998537 -0.0525172
v -0.0264261 -0.0147424 -0.00145159
vn 0.0446946 -0.998833 -0.0182806
v -0.0165287 -0.0121692 -0.0015203
vn 0.522041 -0.852911 -0.0039255
v -0.0164993 -0.0127135 0.00800971
vn 0.503804 -0.859624 -0.0850191
v -0.0266733 -0.0151636 0.0080597
vn 0.012854 -0.998537 -0.0525172
v -0.0264261 -0.0147424 -0.00145159
vn 0.0446946 -0.998833 -0.0182806
v -0.0371571 -0.0131466 0.00806318
vn -0.441745 -0.897126 0.00501241
v -0.0370181 -0.0131421 -0.00146044
vn -0.411414 -0.911342 -0.0138994
v -0.0264261 -0.0147424 -0.00145159
vn 0.0446946 -0.998833 -0.0182806
v -0.0266733 -0.0151636 0.0080597
vn 0.012854 -0.998537 -0.0525172
v -0.0371571 -0.0131466 0.00806318
vn -0.441745 -0.897126 0.00501241
v -0.0370181 -0.0131421 -0.00146044
vn -0.411414 -0.911342 -0.0138994
v -0.0455625 -0.00594007 0.00815608
vn -0.823151 -0.565652 0.0496066
v -0.0456971 -0.0059371 -0.00137967
vn -0.816524 -0.577255 -0.00803201
v -0.0370181 -0.0131421 -0.00146044
vn -0.411414 -0.911342 -0.0138994
v -0.0371571 -0.0131466 0.00806318
vn -0.441745 -0.897126 0.00501241
v -0.0455625 -0.00594007 0.00815608
vn -0.823151 -0.565652 0.0496066
v -0.0456971 -0.0059371 -0.00137967
vn -0.816524 -0.577255 -0.00803201
v -0.0481555 0.00135369 0.00819949
vn -0.996571 -0.0388924 0.0730302
v -0.0484555 0.00153584 -0.00134724
vn -0.998831 -0.0477018 -0.00782142
v -0.0456971 -0.0059371 -0.00137967
vn -0.816524 -0.577255 -0.00803201
v -0.0455625 -0.00594007 0.00815608
vn -0.823151 -0.565652 0.0496066
v -0.0481555 0.00135369 0.00819949
vn -0.996571 -0.0388924 0.0730302
v -0.0484555 0.00153584 -0.00134724
vn -0.998831 -0.0477018 -0.00782142
v -0.0457421 0.0107048 0.0083424
vn -0.867063 0.487743 0.101526
v -0.046047 0.0111132 -0.00120238
vn -0.874228 0.485514 0.000612783
v -0.0484555 0.00153584 -0.00134724
vn -0.998831 -0.0477018 -0.00782142
v -0.0481555 0.00135369 0.00819949
vn -0.996571 -0.0388924 0.0730302
v -0.0457421 0.0107048 0.0083424
vn -0.867063 0.487743 0.101526
v -0.046047 0.0111132 -0.00120238
vn -0.874228 0.485514 0.000612783
v -0.0402647 0.0162428 0.00801865
vn -0.49727 0.862967 0.0894961
v -0.0408275 0.01657 -0.00147563
vn -0.517092 0.855585 0.0243143
v -0.046047 0.0111132 -0.00120238
vn -0.874228 0.485514 0.000612783
v -0.0457421 0.0107048 0.0083424
vn -0.867063 0.487743 0.101526
v -0.0402647 0.0162428 0.00801865
vn -0.49727 0.862967 0.0894961
v -0.0408275 0.01657 -0.00147563
vn -0.517092 0.855585 0.0243143
v -0.029181 0.0190834 0.00799866
vn 0.0167288 0.997902 0.0625406
v -0.0295636 0.019644 -0.0013869
vn 0.0147241 0.998991 0.0424344
v -0.0408275 0.01657 -0.00147563
vn -0.517092 0.855585 0.0243143
v -0.0402647 0.0162428 0.00801865
vn -0.49727 0.862967 0.0894961
v -0.029181 0.0190834 0.00799866
vn 0.0167288 0.997902 0.0625406
v -0.0402647 0.0162428 0.00801865
vn -0.49727 0.862967 0.0894961
v -0.0283498 0.0183655 0.0170203
vn -0.00194154 0.996452 0.0841364
v -0.029181 0.0190834 0.00799866
vn 0.0167288 0.997902 0.0625406
v -0.0402647 0.0162428 0.00801865
vn -0.49727 0.862967 0.0894961
v -0.0393004 0.0154419 0.0171351
vn -0.509742 0.842601 0.17374
v -0.0283498 0.0183655 0.0170203
vn -0.00194154 0.996452 0.0841364
v -0.029181 0.0190834 0.00799866
vn 0.0167288 0.997902 0.0625406
v -0.0164599 0.0149939 0.0170482
vn 0.446545 0.894512 -0.0211041
v -0.0174521 0.0153908 0.0080127
vn 0.465841 0.884856 0.00473333
v -0.029181 0.0190834 0.00799866
vn 0.0167288 0.997902 0.0625406
v -0.0283498 0.0183655 0.0170203
vn -0.00194154 0.996452 0.0841364
v -0.0164599 0.0149939 0.0170482
vn 0.446545 0.894512 -0.0211041
v -0.0174521 0.0153908 0.0080127
vn 0.465841 0.884856 0.00473333
v -0.00917914 0.00942872 0.0169396
vn 0.811583 0.571643 -0.120653
v -0.0105315 0.00978538 0.0079196
vn 0.827657 0.558195 -0.0583331
v -0.0174521 0.0153908 0.0080127
vn 0.465841 0.884856 0.00473333
v -0.0164599 0.0149939 0.0170482
vn 0.446545 0.894512 -0.0211041
v -0.00917914 0.00942872 0.0169396
vn 0.811583 0.571643 -0.120653
v -0.0105315 0.00978538 0.0079196
vn 0.827657 0.558195 -0.0583331
v -0.0067202 0.00141165 0.0168736
vn 0.977789 0.0173018 -0.208874
v -0.00826591 0.00200207 0.00787398
vn 0.994207 0.0139451 -0.106574
v -0.0105315 0.00978538 0.0079196
vn 0.827657 0.558195 -0.0583331
v -0.00917914 0.00942872 0.0169396
vn 0.811583 0.571643 -0.120653
v -0.0067202 0.00141165 0.0168736
vn 0.977789 0.0173018 -0.208874
v -0.00826591 0.00200207 0.00787398
vn 0.994207 0.0139451 -0.106574
v -0.00890208 -0.0067088 0.0168876
vn 0.840148 -0.492745 -0.226615
v -0.0103636 -0.00587624 0.00789315
vn 0.869859 -0.480098 -0.113365
v -0.00826591 0.00200207 0.00787398
vn 0.994207 0.0139451 -0.106574
v -0.0067202 0.00141165 0.0168736
vn 0.977789 0.0173018 -0.208874
v -0.00890208 -0.0067088 0.0168876
vn 0.840148 -0.492745 -0.226615
v -0.0103636 -0.00587624 0.00789315
vn 0.869859 -0.480098 -0.113365
v -0.0155776 -0.0134105 0.0170312
vn 0.473531 -0.866657 -0.157077
v -0.0164993 -0.0127135 0.00800971
vn 0.503804 -0.859624 -0.0850191
v -0.0103636 -0.00587624 0.00789315
vn 0.869859 -0.480098 -0.113365
v -0.00890208 -0.0067088 0.0168876
vn 0.840148 -0.492745 -0.226615
v -0.0155776 -0.0134105 0.0170312
vn 0.473531 -0.866657 -0.157077
v -0.0164993 -0.0127135 0.00800971
vn 0.503804 -0.859624 -0.0850191
v -0.0258378 -0.0157503 0.01709
vn -0.0134877 -0.997839 -0.064311
v -0.0266733 -0.0151636 0.0080597
vn 0.012854 -0.998537 -0.0525172
v -0.0164993 -0.0127135 0.00800971
vn 0.503804 -0.859624 -0.0850191
v -0.0155776 -0.0134105 0.0170312
vn 0.473531 -0.866657 -0.157077
v -0.0258378 -0.0157503 0.01709
vn -0.0134877 -0.997839 -0.064311
v -0.0266733 -0.0151636 0.0080597
vn 0.012854 -0.998537 -0.0525172
v -0.0361346 -0.0134537 0.0170993
vn -0.461101 -0.886589 0.0366968
v -0.0371571 -0.0131466 0.00806318
vn -0.441745 -0.897126 0.00501241
v -0.0266733 -0.0151636 0.0080597
vn 0.012854 -0.998537 -0.0525172
v -0.0258378 -0.0157503 0.01709
vn -0.0134877 -0.997839 -0.064311
v -0.0361346 -0.0134537 0.0170993
vn -0.461101 -0.886589 0.0366968
v -0.0371571 -0.0131466 0.00806318
vn -0.441745 -0.897126 0.00501241
v -0.0441754 -0.00626043 0.01718
vn -0.808364 -0.570382 0.145643
v -0.0455625 -0.00594007 0.00815608
vn -0.823151 -0.565652 0.0496066
v -0.0371571 -0.0131466 0.00806318
vn -0.441745 -0.897126 0.00501241
v -0.0361346 -0.0134537 0.0170993
vn -0.461101 -0.886589 0.0366968
v -0.0441754 -0.00626043 0.01718
vn -0.808364 -0.570382 0.145643
v -0.0455625 -0.00594007 0.00815608
vn -0.823151 -0.565652 0.0496066
v -0.0471255 0.000788296 0.0171838
vn -0.980185 -0.0553922 0.190181
v -0.0481555 0.00135369 0.00819949
vn -0.996571 -0.0388924 0.0730302
v -0.0455625 -0.00594007 0.00815608
vn -0.823151 -0.565652 0.0496066
v -0.0441754 -0.00626043 0.01718
vn -0.808364 -0.570382 0.145643
v -0.0471255 0.000788296 0.0171838
vn -0.980185 -0.0553922 0.190181
v -0.0481555 0.00135369 0.00819949
vn -0.996571 -0.0388924 0.0730302
v -0.0444777 0.00993806 0.017347
vn -0.851509 0.481195 0.208287
v -0.0457421 0.0107048 0.0083424
vn -0.867063 0.487743 0.101526
v -0.0481555 0.00135369 0.00819949
vn -0.996571 -0.0388924 0.0730302
v -0.0471255 0.000788296 0.0171838
vn -0.980185 -0.0553922 0.190181
v -0.0444777 0.00993806 0.017347
vn -0.851509 0.481195 0.208287
v -0.0457421 0.0107048 0.0083424
vn -0.867063 0.487743 0.101526
v -0.0393004 0.0154419 0.0171351
vn -0.509742 0.842601 0.17374
v -0.0402647 0.0162428 0.00801865
vn -0.49727 0.862967 0.0894961
v -0.0457421 0.0107048 0.0083424
vn -0.867063 0.487743 0.101526
v -0.0444777 0.00993806 0.017347
vn -0.851509 0.481195 0.208287
v -0.0393004 0.0154419 0.0171351
vn -0.509742 0.842601 0.17374
v -0.0366036 -0.0121574 -0.0211423
vn -0.4904 -0.862449 -0.125255
v -0.0236706 -0.0147616 -0.0311372
vn -0.0757973 -0.997119 -0.00300293
v -0.0265077 -0.0147187 -0.0211423
vn -0.0517457 -0.998607 -0.0103598
v -0.0366036 -0.0121574 -0.0211423
vn -0.4904 -0.862449 -0.125255
v -0.0330828 -0.0120015 -0.0329329
vn -0.487529 -0.85653 -0.169328
v -0.0236706 -0.0147616 -0.0311372
vn -0.0757973 -0.997119 -0.00300293
v -0.0265077 -0.0147187 -0.0211423
vn -0.0517457 -0.998607 -0.0103598
v -0.0131431 -0.0131988 -0.0288377
vn 0.386327 -0.901697 0.194151
v -0.0155877 -0.0128429 -0.0204851
vn 0.431013 -0.894511 0.11865
v -0.0265077 -0.0147187 -0.0211423
vn -0.0517457 -0.998607 -0.0103598
v -0.0236706 -0.0147616 -0.0311372
vn -0.0757973 -0.997119 -0.00300293
v -0.0131431 -0.0131988 -0.0288377
vn 0.386327 -0.901697 0.194151
v -0.0155877 -0.0128429 -0.0204851
vn 0.431013 -0.894511 0.11865
v -0.00569735 -0.00561445 -0.0263672
vn 0.779418 -0.521063 0.347851
v -0.00802742 -0.00536781 -0.0192395
vn 0.826564 -0.513682 0.230051
v -0.0155877 -0.0128429 -0.0204851
vn 0.431013 -0.894511 0.11865
v -0.0131431 -0.0131988 -0.0288377
vn 0.386327 -0.901697 0.194151
v -0.00569735 -0.00561445 -0.0263672
vn 0.779418 -0.521063 0.347851
v -0.00802742 -0.00536781 -0.0192395
vn 0.826564 -0.513682 0.230051
v -0.00361737 0.001638 -0.0257713
vn 0.922485 -0.00770733 0.385956
v -0.00593673 0.00161031 -0.0187115
vn 0.961817 -0.0104744 0.273493
v -0.00802742 -0.00536781 -0.0192395
vn 0.826564 -0.513682 0.230051
v -0.00569735 -0.00561445 -0.0263672
vn 0.779418 -0.521063 0.347851
v -0.00361737 0.001638 -0.0257713
vn 0.922485 -0.00770733 0.385956
v -0.00593673 0.00161031 -0.0187115
vn 0.961817 -0.0104744 0.273493
v -0.00591063 0.0106887 -0.0266628
vn 0.769587 0.561233 0.304556
v -0.00865014 0.0107079 -0.0188076
vn 0.79775 0.559077 0.225894
v -0.00593673 0.00161031 -0.0187115
vn 0.961817 -0.0104744 0.273493
v -0.00361737 0.001638 -0.0257713
vn 0.922485 -0.00770733 0.385956
v -0.00591063 0.0106887 -0.0266628
vn 0.769587 0.561233 0.304556
v -0.00865014 0.0107079 -0.0188076
vn 0.79775 0.559077 0.225894
v -0.0124833 0.0163105 -0.0289058
vn 0.424966 0.894155 0.141034
v -0.0156012 0.0163038 -0.0195731
vn 0.440526 0.889978 0.117796
v -0.00865014 0.0107079 -0.0188076
vn 0.79775 0.559077 0.225894
v -0.00591063 0.0106887 -0.0266628
vn 0.769587 0.561233 0.304556
v -0.0124833 0.0163105 -0.0289058
vn 0.424966 0.894155 0.141034
v -0.0156012 0.0163038 -0.0195731
vn 0.440526 0.889978 0.117796
v -0.0244153 0.0196239 -0.0317538
vn -0.00724018 0.998878 -0.0468053
v -0.0280778 0.0199385 -0.0207967
vn -0.0169832 0.99968 -0.0187482
v -0.0156012 0.0163038 -0.0195731
vn 0.440526 0.889978 0.117796
v -0.0124833 0.0163105 -0.0289058
vn 0.424966 0.894155 0.141034
v -0.0244153 0.0196239 -0.0317538
vn -0.00724018 0.998878 -0.0468053
v -0.0280778 0.0199385 -0.0207967
vn -0.0169832 0.99968 -0.0187482
v -0.0359049 0.0161858 -0.0337199
vn -0.529525 0.812685 -0.243202
v -0.0398143 0.0164711 -0.0208291
vn -0.56324 0.8169 -0.12424
v -0.0280778 0.0199385 -0.0207967
vn -0.0169832 0.99968 -0.0187482
v -0.0244153 0.0196239 -0.0317538
vn -0.00724018 0.998878 -0.0468053
v -0.0359049 0.0161858 -0.0337199
vn -0.529525 0.812685 -0.243202
v -0.0398143 0.0164711 -0.0208291
vn -0.56324 0.8169 -0.12424
v -0.0396233 0.0115531 -0.0342032
vn -0.828757 0.442401 -0.3427
v -0.0435112 0.0116954 -0.0213167
vn -0.870185 0.451955 -0.196252
v -0.0398143 0.0164711 -0.0208291
vn -0.56324 0.8169 -0.12424
v -0.0359049 0.0161858 -0.0337199
vn -0.529525 0.812685 -0.243202
v -0.0396233 0.0115531 -0.0342032
vn -0.828757 0.442401 -0.3427
v -0.0435112 0.0116954 -0.0213167
vn -0.870185 0.451955 -0.196252
v -0.0422981 0.00253512 -0.0338499
vn -0.932531 0.0398137 -0.358888
v -0.0461999 0.00246114 -0.0211423
vn -0.97526 0.0138072 -0.220628
v -0.0435112 0.0116954 -0.0213167
vn -0.870185 0.451955 -0.196252
v -0.0396233 0.0115531 -0.0342032
vn -0.828757 0.442401 -0.3427
v -0.0422981 0.00253512 -0.0338499
vn -0.932531 0.0398137 -0.358888
v -0.0461999 0.00246114 -0.0211423
vn -0.97526 0.0138072 -0.220628
v -0.0409814 -0.00457998 -0.0335501
vn -0.831615 -0.465681 -0.302586
v -0.0441415 -0.00494293 -0.0213468
vn -0.842557 -0.501434 -0.196624
v -0.0461999 0.00246114 -0.0211423
vn -0.97526 0.0138072 -0.220628
v -0.0422981 0.00253512 -0.0338499
vn -0.932531 0.0398137 -0.358888
v -0.0409814 -0.00457998 -0.0335501
vn -0.831615 -0.465681 -0.302586
v -0.0441415 -0.00494293 -0.0213468
vn -0.842557 -0.501434 -0.196624
v -0.0330828 -0.0120015 -0.0329329
vn -0.487529 -0.85653 -0.169328
v -0.0366036 -0.0121574 -0.0211423
vn -0.4904 -0.862449 -0.125255
v -0.0441415 -0.00494293 -0.0213468
vn -0.842557 -0.501434 -0.196624
v -0.0409814 -0.00457998 -0.0335501
vn -0.831615 -0.465681 -0.302586
v -0.0330828 -0.0120015 -0.0329329
vn -0.487529 -0.85653 -0.169328
v -0.0330828 -0.0120015 -0.0329329
vn -0.487529 -0.85653 -0.169328
v -0.0190776 -0.0153288 -0.0418269
vn -0.0921744 -0.995147 0.0344518
v -0.0236706 -0.0147616 -0.0311372
vn -0.0757973 -0.997119 -0.00300293
v -0.0330828 -0.0120015 -0.0329329
vn -0.487529 -0.85653 -0.169328
v -0.0270998 -0.0128738 -0.045052
vn -0.470451 -0.860241 -0.196627
v -0.0190776 -0.0153288 -0.0418269
vn -0.0921744 -0.995147 0.0344518
v -0.0236706 -0.0147616 -0.0311372
vn -0.0757973 -0.997119 -0.00300293
v -0.00808398 -0.0134314 -0.0370367
vn 0.37095 -0.87739 0.304276
v -0.0131431 -0.0131988 -0.0288377
vn 0.386327 -0.901697 0.194151
v -0.0236706 -0.0147616 -0.0311372
vn -0.0757973 -0.997119 -0.00300293
v -0.0190776 -0.0153288 -0.0418269
vn -0.0921744 -0.995147 0.0344518
v -0.00808398 -0.0134314 -0.0370367
vn 0.37095 -0.87739 0.304276
v -0.0131431 -0.0131988 -0.0288377
vn 0.386327 -0.901697 0.194151
v -0.00116904 -0.00572959 -0.0345386
vn 0.727497 -0.476171 0.493973
v -0.00569735 -0.00561445 -0.0263672
vn 0.779418 -0.521063 0.347851
v -0.0131431 -0.0131988 -0.0288377
vn 0.386327 -0.901697 0.194151
v -0.00808398 -0.0134314 -0.0370367
vn 0.37095 -0.87739 0.304276
v -0.00116904 -0.00572959 -0.0345386
vn 0.727497 -0.476171 0.493973
v -0.00569735 -0.00561445 -0.0263672
vn 0.779418 -0.521063 0.347851
v 0.000609145 0.000994053 -0.034151
vn 0.860098 0.00770954 0.51007
v -0.00361737 0.001638 -0.0257713
vn 0.922485 -0.00770733 0.385956
v -0.00569735 -0.00561445 -0.0263672
vn 0.779418 -0.521063 0.347851
v -0.00116904 -0.00572959 -0.0345386
vn 0.727497 -0.476171 0.493973
v 0.000609145 0.000994053 -0.034151
vn 0.860098 0.00770954 0.51007
v -0.00361737 0.001638 -0.0257713
vn 0.922485 -0.00770733 0.385956
v -0.00110506 0.00998535 -0.0359161
vn 0.739636 0.561837 0.37051
v -0.00591063 0.0106887 -0.0266628
vn 0.769587 0.561233 0.304556
v -0.00361737 0.001638 -0.0257713
vn 0.922485 -0.00770733 0.385956
v 0.000609145 0.000994053 -0.034151
vn 0.860098 0.00770954 0.51007
v -0.00110506 0.00998535 -0.0359161
vn 0.739636 0.561837 0.37051
v -0.00591063 0.0106887 -0.0266628
vn 0.769587 0.561233 0.304556
v -0.00791132 0.0157347 -0.0389884
vn 0.409408 0.901731 0.138806
v -0.0124833 0.0163105 -0.0289058
vn 0.424966 0.894155 0.141034
v -0.00591063 0.0106887 -0.0266628
vn 0.769587 0.561233 0.304556
v -0.00110506 0.00998535 -0.0359161
vn 0.739636 0.561837 0.37051
v -0.00791132 0.0157347 -0.0389884
vn 0.409408 0.901731 0.138806
v -0.0124833 0.0163105 -0.0289058
vn 0.424966 0.894155 0.141034
v -0.018957 0.0188233 -0.0432208
vn 0.0177225 0.995789 -0.0899473
v -0.0244153 0.0196239 -0.0317538
vn -0.00724018 0.998878 -0.0468053
v -0.0124833 0.0163105 -0.0289058
vn 0.424966 0.894155 0.141034
v -0.00791132 0.0157347 -0.0389884
vn 0.409408 0.901731 0.138806
v -0.018957 0.0188233 -0.0432208
vn 0.0177225 0.995789 -0.0899473
v -0.0244153 0.0196239 -0.0317538
vn -0.00724018 0.998878 -0.0468053
v -0.0292077 0.0156702 -0.0471072
vn -0.491357 0.798606 -0.34756
v -0.0359049 0.0161858 -0.0337199
vn -0.529525 0.812685 -0.243202
v -0.0244153 0.0196239 -0.0317538
vn -0.00724018 0.998878 -0.0468053
v -0.018957 0.0188233 -0.0432208
vn 0.0177225 0.995789 -0.0899473
v -0.0292077 0.0156702 -0.0471072
vn -0.491357 0.798606 -0.34756
v -0.0359049 0.0161858 -0.0337199
vn -0.529525 0.812685 -0.243202
v -0.0333995 0.00992355 -0.0478048
vn -0.785615 0.400515 -0.47159
v -0.0396233 0.0115531 -0.0342032
vn -0.828757 0.442401 -0.3427
v -0.0359049 0.0161858 -0.0337199
vn -0.529525 0.812685 -0.243202
v -0.0292077 0.0156702 -0.0471072
vn -0.491357 0.798606 -0.34756
v -0.0333995 0.00992355 -0.0478048
vn -0.785615 0.400515 -0.47159
v -0.0396233 0.0115531 -0.0342032
vn -0.828757 0.442401 -0.3427
v -0.0356168 0.000950139 -0.0481927
vn -0.871381 -0.000659349 -0.490606
v -0.0422981 0.00253512 -0.0338499
vn -0.932531 0.0398137 -0.358888
v -0.0396233 0.0115531 -0.0342032
vn -0.828757 0.442401 -0.3427
v -0.0333995 0.00992355 -0.0478048
vn -0.785615 0.400515 -0.47159
v -0.0356168 0.000950139 -0.0481927
vn -0.871381 -0.000659349 -0.490606
v -0.0422981 0.00253512 -0.0338499
vn -0.932531 0.0398137 -0.358888
v -0.0343413 -0.00553241 -0.0474683
vn -0.776774 -0.477564 -0.410554
v -0.0409814 -0.00457998 -0.0335501
vn -0.831615 -0.465681 -0.302586
v -0.0422981 0.00253512 -0.0338499
vn -0.932531 0.0398137 -0.358888
v -0.0356168 0.000950139 -0.0481927
vn -0.871381 -0.000659349 -0.490606
v -0.0343413 -0.00553241 -0.0474683
vn -0.776774 -0.477564 -0.410554
v -0.0409814 -0.00457998 -0.0335501
vn -0.831615 -0.465681 -0.302586
v -0.0270998 -0.0128738 -0.045052
vn -0.470451 -0.860241 -0.196627
v -0.0330828 -0.0120015 -0.0329329
vn -0.487529 -0.85653 -0.169328
v -0.0409814 -0.00457998 -0.0335501
vn -0.831615 -0.465681 -0.302586
v -0.0343413 -0.00553241 -0.0474683
vn -0.776774 -0.477564 -0.410554
v -0.0270998 -0.0128738 -0.045052
vn -0.470451 -0.860241 -0.196627
v -0.0270998 -0.0128738 -0.045052
vn -0.470451 -0.860241 -0.196627
v -0.0138862 -0.0162791 -0.0502718
vn -0.114529 -0.993042 0.027395
v -0.0190776 -0.0153288 -0.0418269
vn -0.0921744 -0.995147 0.0344518
v -0.0270998 -0.0128738 -0.045052
vn -0.470451 -0.860241 -0.196627
v -0.0216688 -0.0136085 -0.0534042
vn -0.463128 -0.845812 -0.264792
v -0.0138862 -0.0162791 -0.0502718
vn -0.114529 -0.993042 0.027395
v -0.0190776 -0.0153288 -0.0418269
vn -0.0921744 -0.995147 0.0344518
v -0.0028983 -0.014506 -0.045474
vn 0.309636 -0.880981 0.357767
v -0.00808398 -0.0134314 -0.0370367
vn 0.37095 -0.87739 0.304276
v -0.0190776 -0.0153288 -0.0418269
vn -0.0921744 -0.995147 0.0344518
v -0.0138862 -0.0162791 -0.0502718
vn -0.114529 -0.993042 0.027395
v -0.0028983 -0.014506 -0.045474
vn 0.309636 -0.880981 0.357767
v -0.00808398 -0.0134314 -0.0370367
vn 0.37095 -0.87739 0.304276
v 0.00440638 -0.00698018 -0.0427534
vn 0.654853 -0.482369 0.581797
v -0.00116904 -0.00572959 -0.0345386
vn 0.727497 -0.476171 0.493973
v -0.00808398 -0.0134314 -0.0370367
vn 0.37095 -0.87739 0.304276
v -0.0028983 -0.014506 -0.045474
vn 0.309636 -0.880981 0.357767
v 0.00440638 -0.00698018 -0.0427534
vn 0.654853 -0.482369 0.581797
v -0.00116904 -0.00572959 -0.0345386
vn 0.727497 -0.476171 0.493973
v 0.00628527 -7.23376e-05 -0.042336
vn 0.785899 0.0301566 0.617619
v 0.000609145 0.000994053 -0.034151
vn 0.860098 0.00770954 0.51007
v -0.00116904 -0.00572959 -0.0345386
vn 0.727497 -0.476171 0.493973
v 0.00440638 -0.00698018 -0.0427534
vn 0.654853 -0.482369 0.581797
v 0.00628527 -7.23376e-05 -0.042336
vn 0.785899 0.0301566 0.617619
v 0.000609145 0.000994053 -0.034151
vn 0.860098 0.00770954 0.51007
v 0.00389962 0.00900383 -0.0436748
vn 0.696786 0.581295 0.420221
v -0.00110506 0.00998535 -0.0359161
vn 0.739636 0.561837 0.37051
v 0.000609145 0.000994053 -0.034151
vn 0.860098 0.00770954 0.51007
v 0.00628527 -7.23376e-05 -0.042336
vn 0.785899 0.0301566 0.617619
v 0.00389962 0.00900383 -0.0436748
vn 0.696786 0.581295 0.420221
v -0.00110506 0.00998535 -0.0359161
vn 0.739636 0.561837 0.37051
v -0.0026854 0.0147403 -0.047414
vn 0.400098 0.906405 0.135469
v -0.00791132 0.0157347 -0.0389884
vn 0.409408 0.901731 0.138806
v -0.00110506 0.00998535 -0.0359161
vn 0.739636 0.561837 0.37051
v 0.00389962 0.00900383 -0.0436748
vn 0.696786 0.581295 0.420221
v -0.0026854 0.0147403 -0.047414
vn 0.400098 0.906405 0.135469
v -0.00791132 0.0157347 -0.0389884
vn 0.409408 0.901731 0.138806
v -0.0132187 0.0174826 -0.0527772
vn 0.0391268 0.990534 -0.131571
v -0.018957 0.0188233 -0.0432208
vn 0.0177225 0.995789 -0.0899473
v -0.00791132 0.0157347 -0.0389884
vn 0.409408 0.901731 0.138806
v -0.0026854 0.0147403 -0.047414
vn 0.400098 0.906405 0.135469
v -0.0132187 0.0174826 -0.0527772
vn 0.0391268 0.990534 -0.131571
v -0.018957 0.0188233 -0.0432208
vn 0.0177225 0.995789 -0.0899473
v -0.0221774 0.0148735 -0.0566768
vn -0.419659 0.797424 -0.433591
v -0.0292077 0.0156702 -0.0471072
vn -0.491357 0.798606 -0.34756
v -0.018957 0.0188233 -0.0432208
vn 0.0177225 0.995789 -0.0899473
v -0.0132187 0.0174826 -0.0527772
vn 0.0391268 0.990534 -0.131571
v -0.0221774 0.0148735 -0.0566768
vn -0.419659 0.797424 -0.433591
v -0.0292077 0.0156702 -0.0471072
vn -0.491357 0.798606 -0.34756
v -0.0281199 0.00882249 -0.0561944
vn -0.717931 0.382319 -0.581728
v -0.0333995 0.00992355 -0.0478048
vn -0.785615 0.400515 -0.47159
v -0.0292077 0.0156702 -0.0471072
vn -0.491357 0.798606 -0.34756
v -0.0221774 0.0148735 -0.0566768
vn -0.419659 0.797424 -0.433591
v -0.0281199 0.00882249 -0.0561944
vn -0.717931 0.382319 -0.581728
v -0.0333995 0.00992355 -0.0478048
vn -0.785615 0.400515 -0.47159
v -0.0301555 -0.000118242 -0.056501
vn -0.805834 -0.0382692 -0.590904
v -0.0356168 0.000950139 -0.0481927
vn -0.871381 -0.000659349 -0.490606
v -0.0333995 0.00992355 -0.0478048
vn -0.785615 0.400515 -0.47159
v -0.0281199 0.00882249 -0.0561944
vn -0.717931 0.382319 -0.581728
v -0.0301555 -0.000118242 -0.056501
vn -0.805834 -0.0382692 -0.590904
v -0.0356168 0.000950139 -0.0481927
vn -0.871381 -0.000659349 -0.490606
v -0.0285095 -0.00631719 -0.055628
vn -0.720527 -0.496026 -0.484562
v -0.0343413 -0.00553241 -0.0474683
vn -0.776774 -0.477564 -0.410554
v -0.0356168 0.000950139 -0.0481927
vn -0.871381 -0.000659349 -0.490606
v -0.0301555 -0.000118242 -0.056501
vn -0.805834 -0.0382692 -0.590904
v -0.0285095 -0.00631719 -0.055628
vn -0.720527 -0.496026 -0.484562
v -0.0343413 -0.00553241 -0.0474683
vn -0.776774 -0.477564 -0.410554
v -0.0216688 -0.0136085 -0.0534042
vn -0.463128 -0.845812 -0.264792
v -0.0270998 -0.0128738 -0.045052
vn -0.470451 -0.860241 -0.196627
v -0.0343413 -0.00553241 -0.0474683
vn -0.776774 -0.477564 -0.410554
v -0.0285095 -0.00631719 -0.055628
vn -0.720527 -0.496026 -0.484562
v -0.0216688 -0.0136085 -0.0534042
vn -0.463128 -0.845812 -0.264792
v -0.0216688 -0.0136085 -0.0534042
vn -0.463128 -0.845812 -0.264792
v -0.00610092 -0.0172998 -0.0597029
vn -0.122194 -0.992481 0.00704623
v -0.0138862 -0.0162791 -0.0502718
vn -0.114529 -0.993042 0.027395
v -0.0216688 -0.0136085 -0.0534042
vn -0.463128 -0.845812 -0.264792
v -0.0130017 -0.0149225 -0.0635312
vn -0.427238 -0.857683 -0.28609
v -0.00610092 -0.0172998 -0.0597029
vn -0.122194 -0.992481 0.00704623
v -0.0138862 -0.0162791 -0.0502718
vn -0.114529 -0.993042 0.027395
v 0.00345382 -0.0160762 -0.0535337
vn 0.26819 -0.889485 0.369987
v -0.0028983 -0.014506 -0.045474
vn 0.309636 -0.880981 0.357767
v -0.0138862 -0.0162791 -0.0502718
vn -0.114529 -0.993042 0.027395
v -0.00610092 -0.0172998 -0.0597029
vn -0.122194 -0.992481 0.00704623
v 0.00345382 -0.0160762 -0.0535337
vn 0.26819 -0.889485 0.369987
v -0.0028983 -0.014506 -0.045474
vn 0.309636 -0.880981 0.357767
v 0.0105535 -0.00807637 -0.0496863
vn 0.593836 -0.475653 0.648932
v 0.00440638 -0.00698018 -0.0427534
vn 0.654853 -0.482369 0.581797
v -0.0028983 -0.014506 -0.045474
vn 0.309636 -0.880981 0.357767
v 0.00345382 -0.0160762 -0.0535337
vn 0.26819 -0.889485 0.369987
v 0.0105535 -0.00807637 -0.0496863
vn 0.593836 -0.475653 0.648932
v 0.00440638 -0.00698018 -0.0427534
vn 0.654853 -0.482369 0.581797
v 0.0124148 -0.00120017 -0.0491063
vn 0.72401 0.0459035 0.68826
v 0.00628527 -7.23376e-05 -0.042336
vn 0.785899 0.0301566 0.617619
v 0.00440638 -0.00698018 -0.0427534
vn 0.654853 -0.482369 0.581797
v 0.0105535 -0.00807637 -0.0496863
vn 0.593836 -0.475653 0.648932
v 0.0124148 -0.00120017 -0.0491063
vn 0.72401 0.0459035 0.68826
v 0.00628527 -7.23376e-05 -0.042336
vn 0.785899 0.0301566 0.617619
v 0.0101693 0.00705696 -0.0506184
vn 0.665011 0.579222 0.471446
v 0.00389962 0.00900383 -0.0436748
vn 0.696786 0.581295 0.420221
v 0.00628527 -7.23376e-05 -0.042336
vn 0.785899 0.0301566 0.617619
v 0.0124148 -0.00120017 -0.0491063
vn 0.72401 0.0459035 0.68826
v 0.0101693 0.00705696 -0.0506184
vn 0.665011 0.579222 0.471446
v 0.00389962 0.00900383 -0.0436748
vn 0.696786 0.581295 0.420221
v 0.00354739 0.0130108 -0.0548267
vn 0.402846 0.905893 0.130661
v -0.0026854 0.0147403 -0.047414
vn 0.400098 0.906405 0.135469
v 0.00389962 0.00900383 -0.0436748
vn 0.696786 0.581295 0.420221
v 0.0101693 0.00705696 -0.0506184
vn 0.665011 0.579222 0.471446
v 0.00354739 0.0130108 -0.0548267
vn 0.402846 0.905893 0.130661
v -0.0026854 0.0147403 -0.047414
vn 0.400098 0.906405 0.135469
v -0.00721794 0.0160316 -0.0603847
vn 0.0864823 0.978306 -0.188249
v -0.0132187 0.0174826 -0.0527772
vn 0.0391268 0.990534 -0.131571
v -0.0026854 0.0147403 -0.047414
vn 0.400098 0.906405 0.135469
v 0.00354739 0.0130108 -0.0548267
vn 0.402846 0.905893 0.130661
v -0.00721794 0.0160316 -0.0603847
vn 0.0864823 0.978306 -0.188249
v -0.0132187 0.0174826 -0.0527772
vn 0.0391268 0.990534 -0.131571
v -0.0155192 0.0134258 -0.0651906
vn -0.372404 0.763874 -0.527078
v -0.0221774 0.0148735 -0.0566768
vn -0.419659 0.797424 -0.433591
v -0.0132187 0.0174826 -0.0527772
vn 0.0391268 0.990534 -0.131571
v -0.00721794 0.0160316 -0.0603847
vn 0.0864823 0.978306 -0.188249
v -0.0155192 0.0134258 -0.0651906
vn -0.372404 0.763874 -0.527078
v -0.0221774 0.0148735 -0.0566768
vn -0.419659 0.797424 -0.433591
v -0.0194608 0.00663986 -0.066837
vn -0.650789 0.330957 -0.68333
v -0.0281199 0.00882249 -0.0561944
vn -0.717931 0.382319 -0.581728
v -0.0221774 0.0148735 -0.0566768
vn -0.419659 0.797424 -0.433591
v -0.0155192 0.0134258 -0.0651906
vn -0.372404 0.763874 -0.527078
v -0.0194608 0.00663986 -0.066837
vn -0.650789 0.330957 -0.68333
v -0.0281199 0.00882249 -0.0561944
vn -0.717931 0.382319 -0.581728
v -0.0205568 -0.00234795 -0.0676828
vn -0.72276 -0.0415035 -0.689852
v -0.0301555 -0.000118242 -0.056501
vn -0.805834 -0.0382692 -0.590904
v -0.0281199 0.00882249 -0.0561944
vn -0.717931 0.382319 -0.581728
v -0.0194608 0.00663986 -0.066837
vn -0.650789 0.330957 -0.68333
v -0.0205568 -0.00234795 -0.0676828
vn -0.72276 -0.0415035 -0.689852
v -0.0301555 -0.000118242 -0.056501
vn -0.805834 -0.0382692 -0.590904
v -0.0192753 -0.00806099 -0.0669663
vn -0.672219 -0.496629 -0.549073
v -0.0285095 -0.00631719 -0.055628
vn -0.720527 -0.496026 -0.484562
v -0.0301555 -0.000118242 -0.056501
vn -0.805834 -0.0382692 -0.590904
v -0.0205568 -0.00234795 -0.0676828
vn -0.72276 -0.0415035 -0.689852
v -0.0192753 -0.00806099 -0.0669663
vn -0.672219 -0.496629 -0.549073
v -0.0285095 -0.00631719 -0.055628
vn -0.720527 -0.496026 -0.484562
v -0.0130017 -0.0149225 -0.0635312
vn -0.427238 -0.857683 -0.28609
v -0.0216688 -0.0136085 -0.0534042
vn -0.463128 -0.845812 -0.264792
v -0.0285095 -0.00631719 -0.055628
vn -0.720527 -0.496026 -0.484562
v -0.0192753 -0.00806099 -0.0669663
vn -0.672219 -0.496629 -0.549073
v -0.0130017 -0.0149225 -0.0635312
vn -0.427238 -0.857683 -0.28609
v -0.0130017 -0.0149225 -0.0635312
vn -0.427238 -0.857683 -0.28609
v -0.00103469 -0.0178347 -0.06611
vn -0.122858 -0.990443 -0.0626696
v -0.00610092 -0.0172998 -0.0597029
vn -0.122194 -0.992481 0.00704623
v -0.0130017 -0.0149225 -0.0635312
vn -0.427238 -0.857683 -0.28609
v -0.00622948 -0.0155991 -0.070375
vn -0.373386 -0.863255 -0.339669
v -0.00103469 -0.0178347 -0.06611
vn -0.122858 -0.990443 -0.0626696
v -0.00610092 -0.0172998 -0.0597029
vn -0.122194 -0.992481 0.00704623
v 0.00762147 -0.0172061 -0.0598517
vn 0.221446 -0.931657 0.288057
v 0.00345382 -0.0160762 -0.0535337
vn 0.26819 -0.889485 0.369987
v -0.00610092 -0.0172998 -0.0597029
vn -0.122194 -0.992481 0.00704623
v -0.00103469 -0.0178347 -0.06611
vn -0.122858 -0.990443 -0.0626696
v 0.00762147 -0.0172061 -0.0598517
vn 0.221446 -0.931657 0.288057
v 0.00345382 -0.0160762 -0.0535337
vn 0.26819 -0.889485 0.369987
v 0.0149836 -0.0100349 -0.0550214
vn 0.55073 -0.546854 0.630593
v 0.0105535 -0.00807637 -0.0496863
vn 0.593836 -0.475653 0.648932
v 0.00345382 -0.0160762 -0.0535337
vn 0.26819 -0.889485 0.369987
v 0.00762147 -0.0172061 -0.0598517
vn 0.221446 -0.931657 0.288057
v 0.0149836 -0.0100349 -0.0550214
vn 0.55073 -0.546854 0.630593
v 0.0105535 -0.00807637 -0.0496863
vn 0.593836 -0.475653 0.648932
v 0.0174399 -0.0025695 -0.0539361
vn 0.712513 0.00675535 0.701626
v 0.0124148 -0.00120017 -0.0491063
vn 0.72401 0.0459035 0.68826
v 0.0105535 -0.00807637 -0.0496863
vn 0.593836 -0.475653 0.648932
v 0.0149836 -0.0100349 -0.0550214
vn 0.55073 -0.546854 0.630593
v 0.0174399 -0.0025695 -0.0539361
vn 0.712513 0.00675535 0.701626
v 0.0124148 -0.00120017 -0.0491063
vn 0.72401 0.0459035 0.68826
v 0.0151772 0.00538382 -0.0554661
vn 0.654767 0.57398 0.49176
v 0.0101693 0.00705696 -0.0506184
vn 0.665011 0.579222 0.471446
v 0.0124148 -0.00120017 -0.0491063
vn 0.72401 0.0459035 0.68826
v 0.0174399 -0.0025695 -0.0539361
vn 0.712513 0.00675535 0.701626
v 0.0151772 0.00538382 -0.0554661
vn 0.654767 0.57398 0.49176
v 0.0101693 0.00705696 -0.0506184
vn 0.665011 0.579222 0.471446
v 0.0090239 0.0116208 -0.0604335
vn 0.387242 0.911877 0.136101
v 0.00354739 0.0130108 -0.0548267
vn 0.402846 0.905893 0.130661
v 0.0101693 0.00705696 -0.0506184
vn 0.665011 0.579222 0.471446
v 0.0151772 0.00538382 -0.0554661
vn 0.654767 0.57398 0.49176
v 0.0090239 0.0116208 -0.0604335
vn 0.387242 0.911877 0.136101
v 0.00354739 0.0130108 -0.0548267
vn 0.402846 0.905893 0.130661
v -0.000897883 0.0135797 -0.0677129
vn 0.0829481 0.964171 -0.25198
v -0.00721794 0.0160316 -0.0603847
vn 0.0864823 0.978306 -0.188249
v 0.00354739 0.0130108 -0.0548267
vn 0.402846 0.905893 0.130661
v 0.0090239 0.0116208 -0.0604335
vn 0.387242 0.911877 0.136101
v -0.000897883 0.0135797 -0.0677129
vn 0.0829481 0.964171 -0.25198
v -0.00721794 0.0160316 -0.0603847
vn 0.0864823 0.978306 -0.188249
v -0.00782563 0.0107624 -0.072831
vn -0.299152 0.71157 -0.635748
v -0.0155192 0.0134258 -0.0651906
vn -0.372404 0.763874 -0.527078
v -0.00721794 0.0160316 -0.0603847
vn 0.0864823 0.978306 -0.188249
v -0.000897883 0.0135797 -0.0677129
vn 0.0829481 0.964171 -0.25198
v -0.00782563 0.0107624 -0.072831
vn -0.299152 0.71157 -0.635748
v -0.0155192 0.0134258 -0.0651906
vn -0.372404 0.763874 -0.527078
v -0.0110094 0.00362605 -0.0749852
vn -0.544369 0.280785 -0.790457
v -0.0194608 0.00663986 -0.066837
vn -0.650789 0.330957 -0.68333
v -0.0155192 0.0134258 -0.0651906
vn -0.372404 0.763874 -0.527078
v -0.00782563 0.0107624 -0.072831
vn -0.299152 0.71157 -0.635748
v -0.0110094 0.00362605 -0.0749852
vn -0.544369 0.280785 -0.790457
v -0.0194608 0.00663986 -0.066837
vn -0.650789 0.330957 -0.68333
v -0.0122743 -0.00488951 -0.0751963
vn -0.629338 -0.0818068 -0.772814
v -0.0205568 -0.00234795 -0.0676828
vn -0.72276 -0.0415035 -0.689852
v -0.0194608 0.00663986 -0.066837
vn -0.650789 0.330957 -0.68333
v -0.0110094 0.00362605 -0.0749852
vn -0.544369 0.280785 -0.790457
v -0.0122743 -0.00488951 -0.0751963
vn -0.629338 -0.0818068 -0.772814
v -0.0205568 -0.00234795 -0.0676828
vn -0.72276 -0.0415035 -0.689852
v -0.0108634 -0.010292 -0.0744417
vn -0.581368 -0.534607 -0.613357
v -0.0192753 -0.00806099 -0.0669663
vn -0.672219 -0.496629 -0.549073
v -0.0205568 -0.00234795 -0.0676828
vn -0.72276 -0.0415035 -0.689852
v -0.0122743 -0.00488951 -0.0751963
vn -0.629338 -0.0818068 -0.772814
v -0.0108634 -0.010292 -0.0744417
vn -0.581368 -0.534607 -0.613357
v -0.0192753 -0.00806099 -0.0669663
vn -0.672219 -0.496629 -0.549073
v -0.00622948 -0.0155991 -0.070375
vn -0.373386 -0.863255 -0.339669
v -0.0130017 -0.0149225 -0.0635312
vn -0.427238 -0.857683 -0.28609
v -0.0192753 -0.00806099 -0.0669663
vn -0.672219 -0.496629 -0.549073
v -0.0108634 -0.010292 -0.0744417
vn -0.581368 -0.534607 -0.613357
v -0.00622948 -0.0155991 -0.070375
vn -0.373386 -0.863255 -0.339669
v -0.00622948 -0.0155991 -0.070375
vn -0.373386 -0.863255 -0.339669
v 0.00438987 -0.017781 -0.07221
vn -0.100497 -0.97886 -0.178139
v -0.00103469 -0.0178347 -0.06611
vn -0.122858 -0.990443 -0.0626696
v -0.00622948 -0.0155991 -0.070375
vn -0.373386 -0.863255 -0.339669
v 0.000349917 -0.015401 -0.0763199
vn -0.292866 -0.842571 -0.451999
v 0.00438987 -0.017781 -0.07221
vn -0.100497 -0.97886 -0.178139
v -0.00103469 -0.0178347 -0.06611
vn -0.122858 -0.990443 -0.0626696
v 0.0114849 -0.0176203 -0.0646719
vn 0.207175 -0.953417 0.21926
v 0.00762147 -0.0172061 -0.0598517
vn 0.221446 -0.931657 0.288057
v -0.00103469 -0.0178347 -0.06611
vn -0.122858 -0.990443 -0.0626696
v 0.00438987 -0.017781 -0.07221
vn -0.100497 -0.97886 -0.178139
v 0.0114849 -0.0176203 -0.0646719
vn 0.207175 -0.953417 0.21926
v 0.00762147 -0.0172061 -0.0598517
vn 0.221446 -0.931657 0.288057
v 0.018489 -0.0112891 -0.0591026
vn 0.545902 -0.594857 0.590031
v 0.0149836 -0.0100349 -0.0550214
vn 0.55073 -0.546854 0.630593
v 0.00762147 -0.0172061 -0.0598517
vn 0.221446 -0.931657 0.288057
v 0.0114849 -0.0176203 -0.0646719
vn 0.207175 -0.953417 0.21926
v 0.018489 -0.0112891 -0.0591026
vn 0.545902 -0.594857 0.590031
v 0.0149836 -0.0100349 -0.0550214
vn 0.55073 -0.546854 0.630593
v 0.0216918 -0.00343887 -0.0583168
vn 0.740943 -0.014707 0.671406
v 0.0174399 -0.0025695 -0.0539361
vn 0.712513 0.00675535 0.701626
v 0.0149836 -0.0100349 -0.0550214
vn 0.55073 -0.546854 0.630593
v 0.018489 -0.0112891 -0.0591026
vn 0.545902 -0.594857 0.590031
v 0.0216918 -0.00343887 -0.0583168
vn 0.740943 -0.014707 0.671406
v 0.0174399 -0.0025695 -0.0539361
vn 0.712513 0.00675535 0.701626
v 0.0205904 0.00344767 -0.0604311
vn 0.679824 0.560462 0.472992
v 0.0151772 0.00538382 -0.0554661
vn 0.654767 0.57398 0.49176
v 0.0174399 -0.0025695 -0.0539361
vn 0.712513 0.00675535 0.701626
v 0.0216918 -0.00343887 -0.0583168
vn 0.740943 -0.014707 0.671406
v 0.0205904 0.00344767 -0.0604311
vn 0.679824 0.560462 0.472992
v 0.0151772 0.00538382 -0.0554661
vn 0.654767 0.57398 0.49176
v 0.0147169 0.0101029 -0.0661763
vn 0.432234 0.897782 0.0846179
v 0.0090239 0.0116208 -0.0604335
vn 0.387242 0.911877 0.136101
v 0.0151772 0.00538382 -0.0554661
vn 0.654767 0.57398 0.49176
v 0.0205904 0.00344767 -0.0604311
vn 0.679824 0.560462 0.472992
v 0.0147169 0.0101029 -0.0661763
vn 0.432234 0.897782 0.0846179
v 0.0090239 0.0116208 -0.0604335
vn 0.387242 0.911877 0.136101
v 0.00665997 0.0112571 -0.0744157
vn 0.0886768 0.932559 -0.349959
v -0.000897883 0.0135797 -0.0677129
vn 0.0829481 0.964171 -0.25198
v 0.0090239 0.0116208 -0.0604335
vn 0.387242 0.911877 0.136101
v 0.0147169 0.0101029 -0.0661763
vn 0.432234 0.897782 0.0846179
v 0.00665997 0.0112571 -0.0744157
vn 0.0886768 0.932559 -0.349959
v -0.000897883 0.0135797 -0.0677129
vn 0.0829481 0.964171 -0.25198
v 0.0010075 0.00826108 -0.0786692
vn -0.199386 0.660865 -0.723535
v -0.00782563 0.0107624 -0.072831
vn -0.299152 0.71157 -0.635748
v -0.000897883 0.0135797 -0.0677129
vn 0.0829481 0.964171 -0.25198
v 0.00665997 0.0112571 -0.0744157
vn 0.0886768 0.932559 -0.349959
v 0.0010075 0.00826108 -0.0786692
vn -0.199386 0.660865 -0.723535
v -0.00782563 0.0107624 -0.072831
vn -0.299152 0.71157 -0.635748
v -0.00252962 0.000815611 -0.0805631
vn -0.415359 0.248024 -0.875192
v -0.0110094 0.00362605 -0.0749852
vn -0.544369 0.280785 -0.790457
v -0.00782563 0.0107624 -0.072831
vn -0.299152 0.71157 -0.635748
v 0.0010075 0.00826108 -0.0786692
vn -0.199386 0.660865 -0.723535
v -0.00252962 0.000815611 -0.0805631
vn -0.415359 0.248024 -0.875192
v -0.0110094 0.00362605 -0.0749852
vn -0.544369 0.280785 -0.790457
v -0.00359975 -0.00616209 -0.0808535
vn -0.476847 -0.0701187 -0.876185
v -0.0122743 -0.00488951 -0.0751963
vn -0.629338 -0.0818068 -0.772814
v -0.0110094 0.00362605 -0.0749852
vn -0.544369 0.280785 -0.790457
v -0.00252962 0.000815611 -0.0805631
vn -0.415359 0.248024 -0.875192
v -0.00359975 -0.00616209 -0.0808535
vn -0.476847 -0.0701187 -0.876185
v -0.0122743 -0.00488951 -0.0751963
vn -0.629338 -0.0818068 -0.772814
v -0.00304658 -0.0113462 -0.0797065
vn -0.448663 -0.521779 -0.725567
v -0.0108634 -0.010292 -0.0744417
vn -0.581368 -0.534607 -0.613357
v -0.0122743 -0.00488951 -0.0751963
vn -0.629338 -0.0818068 -0.772814
v -0.00359975 -0.00616209 -0.0808535
vn -0.476847 -0.0701187 -0.876185
v -0.00304658 -0.0113462 -0.0797065
vn -0.448663 -0.521779 -0.725567
v -0.0108634 -0.010292 -0.0744417
vn -0.581368 -0.534607 -0.613357
v 0.000349917 -0.015401 -0.0763199
vn -0.292866 -0.842571 -0.451999
v -0.00622948 -0.0155991 -0.070375
vn -0.373386 -0.863255 -0.339669
v -0.0108634 -0.010292 -0.0744417
vn -0.581368 -0.534607 -0.613357
v -0.00304658 -0.0113462 -0.0797065
vn -0.448663 -0.521779 -0.725567
v 0.000349917 -0.015401 -0.0763199
vn -0.292866 -0.842571 -0.451999
v 0.000349917 -0.015401 -0.0763199
vn -0.292866 -0.842571 -0.451999
v 0.0111627 -0.017139 -0.0771055
vn -0.0248319 -0.962447 -0.270331
v 0.00438987 -0.017781 -0.07221
vn -0.100497 -0.97886 -0.178139
v 0.000349917 -0.015401 -0.0763199
vn -0.292866 -0.842571 -0.451999
v 0.00896849 -0.0151746 -0.0808532
vn -0.181119 -0.852257 -0.490768
v 0.0111627 -0.017139 -0.0771055
vn -0.0248319 -0.962447 -0.270331
v 0.00438987 -0.017781 -0.07221
vn -0.100497 -0.97886 -0.178139
v 0.0170739 -0.0175142 -0.0701669
vn 0.237657 -0.963893 0.120124
v 0.0114849 -0.0176203 -0.0646719
vn 0.207175 -0.953417 0.21926
v 0.00438987 -0.017781 -0.07221
vn -0.100497 -0.97886 -0.178139
v 0.0111627 -0.017139 -0.0771055
vn -0.0248319 -0.962447 -0.270331
v 0.0170739 -0.0175142 -0.0701669
vn 0.237657 -0.963893 0.120124
v 0.0114849 -0.0176203 -0.0646719
vn 0.207175 -0.953417 0.21926
v 0.0226957 -0.0123733 -0.0644145
vn 0.557663 -0.632537 0.537503
v 0.018489 -0.0112891 -0.0591026
vn 0.545902 -0.594857 0.590031
v 0.0114849 -0.0176203 -0.0646719
vn 0.207175 -0.953417 0.21926
v 0.0170739 -0.0175142 -0.0701669
vn 0.237657 -0.963893 0.120124
v 0.0226957 -0.0123733 -0.0644145
vn 0.557663 -0.632537 0.537503
v 0.018489 -0.0112891 -0.0591026
vn 0.545902 -0.594857 0.590031
v 0.0255902 -0.0045523 -0.062976
vn 0.778156 -0.0525546 0.625869
v 0.0216918 -0.00343887 -0.0583168
vn 0.740943 -0.014707 0.671406
v 0.018489 -0.0112891 -0.0591026
vn 0.545902 -0.594857 0.590031
v 0.0226957 -0.0123733 -0.0644145
vn 0.557663 -0.632537 0.537503
v 0.0255902 -0.0045523 -0.062976
vn 0.778156 -0.0525546 0.625869
v 0.0216918 -0.00343887 -0.0583168
vn 0.740943 -0.014707 0.671406
v 0.0247511 0.00219482 -0.0650692
vn 0.715561 0.58214 0.386117
v 0.0205904 0.00344767 -0.0604311
vn 0.679824 0.560462 0.472992
v 0.0216918 -0.00343887 -0.0583168
vn 0.740943 -0.014707 0.671406
v 0.0255902 -0.0045523 -0.062976
vn 0.778156 -0.0525546 0.625869
v 0.0247511 0.00219482 -0.0650692
vn 0.715561 0.58214 0.386117
v 0.0205904 0.00344767 -0.0604311
vn 0.679824 0.560462 0.472992
v 0.020267 0.00711724 -0.0712469
vn 0.54427 0.838146 -0.0358035
v 0.0147169 0.0101029 -0.0661763
vn 0.432234 0.897782 0.0846179
v 0.0205904 0.00344767 -0.0604311
vn 0.679824 0.560462 0.472992
v 0.0247511 0.00219482 -0.0650692
vn 0.715561 0.58214 0.386117
v 0.020267 0.00711724 -0.0712469
vn 0.54427 0.838146 -0.0358035
v 0.0147169 0.0101029 -0.0661763
vn 0.432234 0.897782 0.0846179
v 0.0133188 0.00845548 -0.0794
vn 0.173366 0.846076 -0.504083
v 0.00665997 0.0112571 -0.0744157
vn 0.0886768 0.932559 -0.349959
v 0.0147169 0.0101029 -0.0661763
vn 0.432234 0.897782 0.0846179
v 0.020267 0.00711724 -0.0712469
vn 0.54427 0.838146 -0.0358035
v 0.0133188 0.00845548 -0.0794
vn 0.173366 0.846076 -0.504083
v 0.00665997 0.0112571 -0.0744157
vn 0.0886768 0.932559 -0.349959
v 0.00940919 0.00375201 -0.0834176
vn -0.11803 0.521893 -0.844806
v 0.0010075 0.00826108 -0.0786692
vn -0.199386 0.660865 -0.723535
v 0.00665997 0.0112571 -0.0744157
vn 0.0886768 0.932559 -0.349959
v 0.0133188 0.00845548 -0.0794
vn 0.173366 0.846076 -0.504083
v 0.00940919 0.00375201 -0.0834176
vn -0.11803 0.521893 -0.844806
v 0.0010075 0.00826108 -0.0786692
vn -0.199386 0.660865 -0.723535
v 0.00707003 -0.00204161 -0.0850518
vn -0.269539 0.204691 -0.940984
v -0.00252962 0.000815611 -0.0805631
vn -0.415359 0.248024 -0.875192
v 0.0010075 0.00826108 -0.0786692
vn -0.199386 0.660865 -0.723535
v 0.00940919 0.00375201 -0.0834176
vn -0.11803 0.521893 -0.844806
v 0.00707003 -0.00204161 -0.0850518
vn -0.269539 0.204691 -0.940984
v -0.00252962 0.000815611 -0.0805631
vn -0.415359 0.248024 -0.875192
v 0.00657193 -0.00758993 -0.0852234
vn -0.330564 -0.108539 -0.937522
v -0.00359975 -0.00616209 -0.0808535
vn -0.476847 -0.0701187 -0.876185
v -0.00252962 0.000815611 -0.0805631
vn -0.415359 0.248024 -0.875192
v 0.00707003 -0.00204161 -0.0850518
vn -0.269539 0.204691 -0.940984
v 0.00657193 -0.00758993 -0.0852234
vn -0.330564 -0.108539 -0.937522
v -0.00359975 -0.00616209 -0.0808535
vn -0.476847 -0.0701187 -0.876185
v 0.00721215 -0.0123202 -0.0840129
vn -0.29965 -0.550632 -0.779111
v -0.00304658 -0.0113462 -0.0797065
vn -0.448663 -0.521779 -0.725567
v -0.00359975 -0.00616209 -0.0808535
vn -0.476847 -0.0701187 -0.876185
v 0.00657193 -0.00758993 -0.0852234
vn -0.330564 -0.108539 -0.937522
v 0.00721215 -0.0123202 -0.0840129
vn -0.29965 -0.550632 -0.779111
v -0.00304658 -0.0113462 -0.0797065
vn -0.448663 -0.521779 -0.725567
v 0.00896849 -0.0151746 -0.0808532
vn -0.181119 -0.852257 -0.490768
v 0.000349917 -0.015401 -0.0763199
vn -0.292866 -0.842571 -0.451999
v -0.00304658 -0.0113462 -0.0797065
vn -0.448663 -0.521779 -0.725567
v 0.00721215 -0.0123202 -0.0840129
vn -0.29965 -0.550632 -0.779111
v 0.00896849 -0.0151746 -0.0808532
vn -0.181119 -0.852257 -0.490768
v 0.00896849 -0.0151746 -0.0808532
vn -0.181119 -0.852257 -0.490768
v 0.016658 -0.0158862 -0.0802603
vn 0.0400651 -0.955353 -0.292737
v 0.0111627 -0.017139 -0.0771055
vn -0.0248319 -0.962447 -0.270331
v 0.00896849 -0.0151746 -0.0808532
vn -0.181119 -0.852257 -0.490768
v 0.0145679 -0.0144096 -0.0836453
vn -0.0967526 -0.82242 -0.560592
v 0.016658 -0.0158862 -0.0802603
vn 0.0400651 -0.955353 -0.292737
v 0.0111627 -0.017139 -0.0771055
vn -0.0248319 -0.962447 -0.270331
v 0.0213129 -0.0163707 -0.0747343
vn 0.230917 -0.972894 -0.0124385
v 0.0170739 -0.0175142 -0.0701669
vn 0.237657 -0.963893 0.120124
v 0.0111627 -0.017139 -0.0771055
vn -0.0248319 -0.962447 -0.270331
v 0.016658 -0.0158862 -0.0802603
vn 0.0400651 -0.955353 -0.292737
v 0.0213129 -0.0163707 -0.0747343
vn 0.230917 -0.972894 -0.0124385
v 0.0170739 -0.0175142 -0.0701669
vn 0.237657 -0.963893 0.120124
v 0.0263691 -0.0129695 -0.068998
vn 0.525426 -0.676644 0.51583
v 0.0226957 -0.0123733 -0.0644145
vn 0.557663 -0.632537 0.537503
v 0.0170739 -0.0175142 -0.0701669
vn 0.237657 -0.963893 0.120124
v 0.0213129 -0.0163707 -0.0747343
vn 0.230917 -0.972894 -0.0124385
v 0.0263691 -0.0129695 -0.068998
vn 0.525426 -0.676644 0.51583
v 0.0226957 -0.0123733 -0.0644145
vn 0.557663 -0.632537 0.537503
v 0.0294939 -0.00526984 -0.0680645
vn 0.755657 -0.0213983 0.654617
v 0.0255902 -0.0045523 -0.062976
vn 0.778156 -0.0525546 0.625869
v 0.0226957 -0.0123733 -0.0644145
vn 0.557663 -0.632537 0.537503
v 0.0263691 -0.0129695 -0.068998
vn 0.525426 -0.676644 0.51583
v 0.0294939 -0.00526984 -0.0680645
vn 0.755657 -0.0213983 0.654617
v 0.0255902 -0.0045523 -0.062976
vn 0.778156 -0.0525546 0.625869
v 0.029021 1.48212e-05 -0.0701737
vn 0.684483 0.64005 0.349025
v 0.0247511 0.00219482 -0.0650692
vn 0.715561 0.58214 0.386117
v 0.0255902 -0.0045523 -0.062976
vn 0.778156 -0.0525546 0.625869
v 0.0294939 -0.00526984 -0.0680645
vn 0.755657 -0.0213983 0.654617
v 0.029021 1.48212e-05 -0.0701737
vn 0.684483 0.64005 0.349025
v 0.0247511 0.00219482 -0.0650692
vn 0.715561 0.58214 0.386117
v 0.0249277 0.00296472 -0.0759172
vn 0.498986 0.857882 -0.122679
v 0.020267 0.00711724 -0.0712469
vn 0.54427 0.838146 -0.0358035
v 0.0247511 0.00219482 -0.0650692
vn 0.715561 0.58214 0.386117
v 0.029021 1.48212e-05 -0.0701737
vn 0.684483 0.64005 0.349025
v 0.0249277 0.00296472 -0.0759172
vn 0.498986 0.857882 -0.122679
v 0.020267 0.00711724 -0.0712469
vn 0.54427 0.838146 -0.0358035
v 0.0184465 0.00378522 -0.0832208
vn 0.230849 0.714227 -0.660748
v 0.0133188 0.00845548 -0.0794
vn 0.173366 0.846076 -0.504083
v 0.020267 0.00711724 -0.0712469
vn 0.54427 0.838146 -0.0358035
v 0.0249277 0.00296472 -0.0759172
vn 0.498986 0.857882 -0.122679
v 0.0184465 0.00378522 -0.0832208
vn 0.230849 0.714227 -0.660748
v 0.0133188 0.00845548 -0.0794
vn 0.173366 0.846076 -0.504083
v 0.0166151 0.000734965 -0.0851838
vn 0.0276199 0.425794 -0.904399
v 0.00940919 0.00375201 -0.0834176
vn -0.11803 0.521893 -0.844806
v 0.0133188 0.00845548 -0.0794
vn 0.173366 0.846076 -0.504083
v 0.0184465 0.00378522 -0.0832208
vn 0.230849 0.714227 -0.660748
v 0.0166151 0.000734965 -0.0851838
vn 0.0276199 0.425794 -0.904399
v 0.00940919 0.00375201 -0.0834176
vn -0.11803 0.521893 -0.844806
v 0.0146174 -0.00407778 -0.0866377
vn -0.075215 0.197108 -0.977492
v 0.00707003 -0.00204161 -0.0850518
vn -0.269539 0.204691 -0.940984
v 0.00940919 0.00375201 -0.0834176
vn -0.11803 0.521893 -0.844806
v 0.0166151 0.000734965 -0.0851838
vn 0.0276199 0.425794 -0.904399
v 0.0146174 -0.00407778 -0.0866377
vn -0.075215 0.197108 -0.977492
v 0.00707003 -0.00204161 -0.0850518
vn -0.269539 0.204691 -0.940984
v 0.0139017 -0.00843769 -0.0869731
vn -0.145592 -0.0978461 -0.984494
v 0.00657193 -0.00758993 -0.0852234
vn -0.330564 -0.108539 -0.937522
v 0.00707003 -0.00204161 -0.0850518
vn -0.269539 0.204691 -0.940984
v 0.0146174 -0.00407778 -0.0866377
vn -0.075215 0.197108 -0.977492
v 0.0139017 -0.00843769 -0.0869731
vn -0.145592 -0.0978461 -0.984494
v 0.00657193 -0.00758993 -0.0852234
vn -0.330564 -0.108539 -0.937522
v 0.0140671 -0.0118397 -0.0859819
vn -0.156051 -0.478082 -0.864341
v 0.00721215 -0.0123202 -0.0840129
vn -0.29965 -0.550632 -0.779111
v 0.00657193 -0.00758993 -0.0852234
vn -0.330564 -0.108539 -0.937522
v 0.0139017 -0.00843769 -0.0869731
vn -0.145592 -0.0978461 -0.984494
v 0.0140671 -0.0118397 -0.0859819
vn -0.156051 -0.478082 -0.864341
v 0.00721215 -0.0123202 -0.0840129
vn -0.29965 -0.550632 -0.779111
v 0.0145679 -0.0144096 -0.0836453
vn -0.0967526 -0.82242 -0.560592
v 0.00896849 -0.0151746 -0.0808532
vn -0.181119 -0.852257 -0.490768
v 0.00721215 -0.0123202 -0.0840129
vn -0.29965 -0.550632 -0.779111
v 0.0140671 -0.0118397 -0.0859819
vn -0.156051 -0.478082 -0.864341
v 0.0145679 -0.0144096 -0.0836453
vn -0.0967526 -0.82242 -0.560592
v 0.0145679 -0.0144096 -0.0836453
vn -0.0967526 -0.82242 -0.560592
v 0.0228867 -0.0148955 -0.0827183
vn 0.0112508 -0.973616 -0.227916
v 0.016658 -0.0158862 -0.0802603
vn 0.0400651 -0.955353 -0.292737
v 0.0145679 -0.0144096 -0.0836453
vn -0.0967526 -0.82242 -0.560592
v 0.0223405 -0.0139606 -0.0852749
vn -0.0554761 -0.795037 -0.604018
v 0.0228867 -0.0148955 -0.0827183
vn 0.0112508 -0.973616 -0.227916
v 0.016658 -0.0158862 -0.0802603
vn 0.0400651 -0.955353 -0.292737
v 0.0265296 -0.0151518 -0.0773516
vn 0.149727 -0.987122 0.0563196
v 0.0213129 -0.0163707 -0.0747343
vn 0.230917 -0.972894 -0.0124385
v 0.016658 -0.0158862 -0.0802603
vn 0.0400651 -0.955353 -0.292737
v 0.0228867 -0.0148955 -0.0827183
vn 0.0112508 -0.973616 -0.227916
v 0.0265296 -0.0151518 -0.0773516
vn 0.149727 -0.987122 0.0563196
v 0.0213129 -0.0163707 -0.0747343
vn 0.230917 -0.972894 -0.0124385
v 0.0296414 -0.0132691 -0.0721854
vn 0.435896 -0.727335 0.530074
v 0.0263691 -0.0129695 -0.068998
vn 0.525426 -0.676644 0.51583
v 0.0213129 -0.0163707 -0.0747343
vn 0.230917 -0.972894 -0.0124385
v 0.0265296 -0.0151518 -0.0773516
vn 0.149727 -0.987122 0.0563196
v 0.0296414 -0.0132691 -0.0721854
vn 0.435896 -0.727335 0.530074
v 0.0263691 -0.0129695 -0.068998
vn 0.525426 -0.676644 0.51583
v 0.0321444 -0.00606885 -0.0708484
vn 0.675095 -0.0215919 0.737414
v 0.0294939 -0.00526984 -0.0680645
vn 0.755657 -0.0213983 0.654617
v 0.0263691 -0.0129695 -0.068998
vn 0.525426 -0.676644 0.51583
v 0.0296414 -0.0132691 -0.0721854
vn 0.435896 -0.727335 0.530074
v 0.0321444 -0.00606885 -0.0708484
vn 0.675095 -0.0215919 0.737414
v 0.0294939 -0.00526984 -0.0680645
vn 0.755657 -0.0213983 0.654617
v 0.0318041 -0.00125759 -0.0727376
vn 0.621192 0.676589 0.395408
v 0.029021 1.48212e-05 -0.0701737
vn 0.684483 0.64005 0.349025
v 0.0294939 -0.00526984 -0.0680645
vn 0.755657 -0.0213983 0.654617
v 0.0321444 -0.00606885 -0.0708484
vn 0.675095 -0.0215919 0.737414
v 0.0318041 -0.00125759 -0.0727376
vn 0.621192 0.676589 0.395408
v 0.029021 1.48212e-05 -0.0701737
vn 0.684483 0.64005 0.349025
v 0.0291374 0.00059841 -0.079124
vn 0.381134 0.910884 -0.158197
v 0.0249277 0.00296472 -0.0759172
vn 0.498986 0.857882 -0.122679
v 0.029021 1.48212e-05 -0.0701737
vn 0.684483 0.64005 0.349025
v 0.0318041 -0.00125759 -0.0727376
vn 0.621192 0.676589 0.395408
v 0.0291374 0.00059841 -0.079124
vn 0.381134 0.910884 -0.158197
v 0.0249277 0.00296472 -0.0759172
vn 0.498986 0.857882 -0.122679
v 0.0263394 -0.000188811 -0.0839062
vn 0.257497 0.723617 -0.64037
v 0.0184465 0.00378522 -0.0832208
vn 0.230849 0.714227 -0.660748
v 0.0249277 0.00296472 -0.0759172
vn 0.498986 0.857882 -0.122679
v 0.0291374 0.00059841 -0.079124
vn 0.381134 0.910884 -0.158197
v 0.0263394 -0.000188811 -0.0839062
vn 0.257497 0.723617 -0.64037
v 0.0184465 0.00378522 -0.0832208
vn 0.230849 0.714227 -0.660748
v 0.0238848 -0.00345391 -0.0859358
vn 0.0894078 0.395426 -0.914136
v 0.0166151 0.000734965 -0.0851838
vn 0.0276199 0.425794 -0.904399
v 0.0184465 0.00378522 -0.0832208
vn 0.230849 0.714227 -0.660748
v 0.0263394 -0.000188811 -0.0839062
vn 0.257497 0.723617 -0.64037
v 0.0238848 -0.00345391 -0.0859358
vn 0.0894078 0.395426 -0.914136
v 0.0166151 0.000734965 -0.0851838
vn 0.0276199 0.425794 -0.904399
v 0.0225076 -0.00658918 -0.08713
vn 0.0147415 0.170196 -0.9853
v 0.0146174 -0.00407778 -0.0866377
vn -0.075215 0.197108 -0.977492
v 0.0166151 0.000734965 -0.0851838
vn 0.0276199 0.425794 -0.904399
v 0.0238848 -0.00345391 -0.0859358
vn 0.0894078 0.395426 -0.914136
v 0.0225076 -0.00658918 -0.08713
vn 0.0147415 0.170196 -0.9853
v 0.0146174 -0.00407778 -0.0866377
vn -0.075215 0.197108 -0.977492
v 0.0216254 -0.00971225 -0.0872523
vn -0.027547 -0.118499 -0.992572
v 0.0139017 -0.00843769 -0.0869731
vn -0.145592 -0.0978461 -0.984494
v 0.0146174 -0.00407778 -0.0866377
vn -0.075215 0.197108 -0.977492
v 0.0225076 -0.00658918 -0.08713
vn 0.0147415 0.170196 -0.9853
v 0.0216254 -0.00971225 -0.0872523
vn -0.027547 -0.118499 -0.992572
v 0.0139017 -0.00843769 -0.0869731
vn -0.145592 -0.0978461 -0.984494
v 0.0217884 -0.0121852 -0.0865547
vn -0.0514381 -0.436414 -0.898275
v 0.0140671 -0.0118397 -0.0859819
vn -0.156051 -0.478082 -0.864341
v 0.0139017 -0.00843769 -0.0869731
vn -0.145592 -0.0978461 -0.984494
v 0.0216254 -0.00971225 -0.0872523
vn -0.027547 -0.118499 -0.992572
v 0.0217884 -0.0121852 -0.0865547
vn -0.0514381 -0.436414 -0.898275
v 0.0140671 -0.0118397 -0.0859819
vn -0.156051 -0.478082 -0.864341
v 0.0223405 -0.0139606 -0.0852749
vn -0.0554761 -0.795037 -0.604018
v 0.0145679 -0.0144096 -0.0836453
vn -0.0967526 -0.82242 -0.560592
v 0.0140671 -0.0118397 -0.0859819
vn -0.156051 -0.478082 -0.864341
v 0.0217884 -0.0121852 -0.0865547
vn -0.0514381 -0.436414 -0.898275
v 0.0223405 -0.0139606 -0.0852749
vn -0.0554761 -0.795037 -0.604018
v 0.0223405 -0.0139606 -0.0852749
vn -0.0554761 -0.795037 -0.604018
v 0.0294175 -0.0149374 -0.0838033
vn 0.0744506 -0.969095 -0.235187
v 0.0228867 -0.0148955 -0.0827183
vn 0.0112508 -0.973616 -0.227916
v 0.0223405 -0.0139606 -0.0852749
vn -0.0554761 -0.795037 -0.604018
v 0.0290672 -0.0142691 -0.0854369
vn 0.0864744 -0.751575 -0.653955
v 0.0294175 -0.0149374 -0.0838033
vn 0.0744506 -0.969095 -0.235187
v 0.0228867 -0.0148955 -0.0827183
vn 0.0112508 -0.973616 -0.227916
v 0.0335208 -0.0149923 -0.0796471
vn 0.268559 -0.960137 0.0775388
v 0.0265296 -0.0151518 -0.0773516
vn 0.149727 -0.987122 0.0563196
v 0.0228867 -0.0148955 -0.0827183
vn 0.0112508 -0.973616 -0.227916
v 0.0294175 -0.0149374 -0.0838033
vn 0.0744506 -0.969095 -0.235187
v 0.0335208 -0.0149923 -0.0796471
vn 0.268559 -0.960137 0.0775388
v 0.0265296 -0.0151518 -0.0773516
vn 0.149727 -0.987122 0.0563196
v 0.0353015 -0.0129397 -0.0754785
vn 0.546694 -0.643771 0.535429
v 0.0296414 -0.0132691 -0.0721854
vn 0.435896 -0.727335 0.530074
v 0.0265296 -0.0151518 -0.0773516
vn 0.149727 -0.987122 0.0563196
v 0.0335208 -0.0149923 -0.0796471
vn 0.268559 -0.960137 0.0775388
v 0.0353015 -0.0129397 -0.0754785
vn 0.546694 -0.643771 0.535429
v 0.0296414 -0.0132691 -0.0721854
vn 0.435896 -0.727335 0.530074
v 0.0354281 -0.00709166 -0.0735859
vn 0.686834 -0.0395821 0.725736
v 0.0321444 -0.00606885 -0.0708484
vn 0.675095 -0.0215919 0.737414
v 0.0296414 -0.0132691 -0.0721854
vn 0.435896 -0.727335 0.530074
v 0.0353015 -0.0129397 -0.0754785
vn 0.546694 -0.643771 0.535429
v 0.0354281 -0.00709166 -0.0735859
vn 0.686834 -0.0395821 0.725736
v 0.0321444 -0.00606885 -0.0708484
vn 0.675095 -0.0215919 0.737414
v 0.0357818 -0.0031104 -0.0753224
vn 0.68009 0.603163 0.41674
v 0.0318041 -0.00125759 -0.0727376
vn 0.621192 0.676589 0.395408
v 0.0321444 -0.00606885 -0.0708484
vn 0.675095 -0.0215919 0.737414
v 0.0354281 -0.00709166 -0.0735859
vn 0.686834 -0.0395821 0.725736
v 0.0357818 -0.0031104 -0.0753224
vn 0.68009 0.603163 0.41674
v 0.0318041 -0.00125759 -0.0727376
vn 0.621192 0.676589 0.395408
v 0.0335232 -0.00128207 -0.0809431
vn 0.368435 0.891763 -0.262706
v 0.0291374 0.00059841 -0.079124
vn 0.381134 0.910884 -0.158197
v 0.0318041 -0.00125759 -0.0727376
vn 0.621192 0.676589 0.395408
v 0.0357818 -0.0031104 -0.0753224
vn 0.68009 0.603163 0.41674
v 0.0335232 -0.00128207 -0.0809431
vn 0.368435 0.891763 -0.262706
v 0.0291374 0.00059841 -0.079124
vn 0.381134 0.910884 -0.158197
v 0.0355953 -0.00423404 -0.0847544
vn 0.494404 0.652127 -0.574712
v 0.0263394 -0.000188811 -0.0839062
vn 0.257497 0.723617 -0.64037
v 0.0291374 0.00059841 -0.079124
vn 0.381134 0.910884 -0.158197
v 0.0335232 -0.00128207 -0.0809431
vn 0.368435 0.891763 -0.262706
v 0.0355953 -0.00423404 -0.0847544
vn 0.494404 0.652127 -0.574712
v 0.0263394 -0.000188811 -0.0839062
vn 0.257497 0.723617 -0.64037
v 0.0306512 -0.0057772 -0.0865445
vn 0.133299 0.403085 -0.905403
v 0.0238848 -0.00345391 -0.0859358
vn 0.0894078 0.395426 -0.914136
v 0.0263394 -0.000188811 -0.0839062
vn 0.257497 0.723617 -0.64037
v 0.0355953 -0.00423404 -0.0847544
vn 0.494404 0.652127 -0.574712
v 0.0306512 -0.0057772 -0.0865445
vn 0.133299 0.403085 -0.905403
v 0.0238848 -0.00345391 -0.0859358
vn 0.0894078 0.395426 -0.914136
v 0.0299865 -0.00768984 -0.0873247
vn 0.090025 0.130003 -0.987418
v 0.0225076 -0.00658918 -0.08713
vn 0.0147415 0.170196 -0.9853
v 0.0238848 -0.00345391 -0.0859358
vn 0.0894078 0.395426 -0.914136
v 0.0306512 -0.0057772 -0.0865445
vn 0.133299 0.403085 -0.905403
v 0.0299865 -0.00768984 -0.0873247
vn 0.090025 0.130003 -0.987418
v 0.0225076 -0.00658918 -0.08713
vn 0.0147415 0.170196 -0.9853
v 0.0291864 -0.0111656 -0.0870745
vn 0.0630642 -0.26949 -0.960936
v 0.0216254 -0.00971225 -0.0872523
vn -0.027547 -0.118499 -0.992572
v 0.0225076 -0.00658918 -0.08713
vn 0.0147415 0.170196 -0.9853
v 0.0299865 -0.00768984 -0.0873247
vn 0.090025 0.130003 -0.987418
v 0.0291864 -0.0111656 -0.0870745
vn 0.0630642 -0.26949 -0.960936
v 0.0216254 -0.00971225 -0.0872523
vn -0.027547 -0.118499 -0.992572
v 0.0290041 -0.0127092 -0.0863637
vn 0.0850062 -0.463221 -0.882157
v 0.0217884 -0.0121852 -0.0865547
vn -0.0514381 -0.436414 -0.898275
v 0.0216254 -0.00971225 -0.0872523
vn -0.027547 -0.118499 -0.992572
v 0.0291864 -0.0111656 -0.0870745
vn 0.0630642 -0.26949 -0.960936
v 0.0290041 -0.0127092 -0.0863637
vn 0.0850062 -0.463221 -0.882157
v 0.0217884 -0.0121852 -0.0865547
vn -0.0514381 -0.436414 -0.898275
v 0.0290672 -0.0142691 -0.0854369
vn 0.0864744 -0.751575 -0.653955
v 0.0223405 -0.0139606 -0.0852749
vn -0.0554761 -0.795037 -0.604018
v 0.0217884 -0.0121852 -0.0865547
vn -0.0514381 -0.436414 -0.898275
v 0.0290041 -0.0127092 -0.0863637
vn 0.0850062 -0.463221 -0.882157
v 0.0290672 -0.0142691 -0.0854369
vn 0.0864744 -0.751575 -0.653955
v 0.0290672 -0.0142691 -0.0854369
vn 0.0864744 -0.751575 -0.653955
v 0.0357011 -0.0135325 -0.0836713
vn 0.558462 -0.727713 -0.39819
v 0.0294175 -0.0149374 -0.0838033
vn 0.0744506 -0.969095 -0.235187
v 0.0290672 -0.0142691 -0.0854369
vn 0.0864744 -0.751575 -0.653955
v 0.0355372 -0.0128387 -0.0845446
vn 0.584928 -0.518709 -0.623538
v 0.0357011 -0.0135325 -0.0836713
vn 0.558462 -0.727713 -0.39819
v 0.0294175 -0.0149374 -0.0838033
vn 0.0744506 -0.969095 -0.235187
v 0.0364922 -0.0137365 -0.0809401
vn 0.643796 -0.764458 -0.0336217
v 0.0335208 -0.0149923 -0.0796471
vn 0.268559 -0.960137 0.0775388
v 0.0294175 -0.0149374 -0.0838033
vn 0.0744506 -0.969095 -0.235187
v 0.0357011 -0.0135325 -0.0836713
vn 0.558462 -0.727713 -0.39819
v 0.0364922 -0.0137365 -0.0809401
vn 0.643796 -0.764458 -0.0336217
v 0.0335208 -0.0149923 -0.0796471
vn 0.268559 -0.960137 0.0775388
v 0.0381022 -0.0112778 -0.0779711
vn 0.85012 -0.423633 0.31278
v 0.0353015 -0.0129397 -0.0754785
vn 0.546694 -0.643771 0.535429
v 0.0335208 -0.0149923 -0.0796471
vn 0.268559 -0.960137 0.0775388
v 0.0364922 -0.0137365 -0.0809401
vn 0.643796 -0.764458 -0.0336217
v 0.0381022 -0.0112778 -0.0779711
vn 0.85012 -0.423633 0.31278
v 0.0353015 -0.0129397 -0.0754785
vn 0.546694 -0.643771 0.535429
v 0.0386348 -0.00894267 -0.078066
vn 0.929456 -0.169101 0.327896
v 0.0354281 -0.00709166 -0.0735859
vn 0.686834 -0.0395821 0.725736
v 0.0353015 -0.0129397 -0.0754785
vn 0.546694 -0.643771 0.535429
v 0.0381022 -0.0112778 -0.0779711
vn 0.85012 -0.423633 0.31278
v 0.0386348 -0.00894267 -0.078066
vn 0.929456 -0.169101 0.327896
v 0.0354281 -0.00709166 -0.0735859
vn 0.686834 -0.0395821 0.725736
v 0.0396646 -0.00572443 -0.0792557
vn 0.981401 0.190595 0.0229357
v 0.0357818 -0.0031104 -0.0753224
vn 0.68009 0.603163 0.41674
v 0.0354281 -0.00709166 -0.0735859
vn 0.686834 -0.0395821 0.725736
v 0.0386348 -0.00894267 -0.078066
vn 0.929456 -0.169101 0.327896
v 0.0396646 -0.00572443 -0.0792557
vn 0.981401 0.190595 0.0229357
v 0.0357818 -0.0031104 -0.0753224
vn 0.68009 0.603163 0.41674
v 0.0379685 -0.00438414 -0.0822254
vn 0.763434 0.5147 -0.390194
v 0.0335232 -0.00128207 -0.0809431
vn 0.368435 0.891763 -0.262706
v 0.0357818 -0.0031104 -0.0753224
vn 0.68009 0.603163 0.41674
v 0.0396646 -0.00572443 -0.0792557
vn 0.981401 0.190595 0.0229357
v 0.0379685 -0.00438414 -0.0822254
vn 0.763434 0.5147 -0.390194
v 0.0335232 -0.00128207 -0.0809431
vn 0.368435 0.891763 -0.262706
v 0.0365324 -0.00517893 -0.0844863
vn 0.7547 0.351148 -0.554186
v 0.0355953 -0.00423404 -0.0847544
vn 0.494404 0.652127 -0.574712
v 0.0335232 -0.00128207 -0.0809431
vn 0.368435 0.891763 -0.262706
v 0.0379685 -0.00438414 -0.0822254
vn 0.763434 0.5147 -0.390194
v 0.0365324 -0.00517893 -0.0844863
vn 0.7547 0.351148 -0.554186
v 0.0355953 -0.00423404 -0.0847544
vn 0.494404 0.652127 -0.574712
v 0.0357952 -0.00663777 -0.0859151
vn 0.55562 0.227358 -0.799747
v 0.0306512 -0.0057772 -0.0865445
vn 0.133299 0.403085 -0.905403
v 0.0355953 -0.00423404 -0.0847544
vn 0.494404 0.652127 -0.574712
v 0.0365324 -0.00517893 -0.0844863
vn 0.7547 0.351148 -0.554186
v 0.0357952 -0.00663777 -0.0859151
vn 0.55562 0.227358 -0.799747
v 0.0306512 -0.0057772 -0.0865445
vn 0.133299 0.403085 -0.905403
v 0.0360212 -0.00837746 -0.0861627
vn 0.669485 0.0806728 -0.738432
v 0.0299865 -0.00768984 -0.0873247
vn 0.090025 0.130003 -0.987418
v 0.0306512 -0.0057772 -0.0865445
vn 0.133299 0.403085 -0.905403
v 0.0357952 -0.00663777 -0.0859151
vn 0.55562 0.227358 -0.799747
v 0.0360212 -0.00837746 -0.0861627
vn 0.669485 0.0806728 -0.738432
v 0.0299865 -0.00768984 -0.0873247
vn 0.090025 0.130003 -0.987418
v 0.0355902 -0.0104008 -0.0862277
vn 0.519704 -0.282311 -0.806355
v 0.0291864 -0.0111656 -0.0870745
vn 0.0630642 -0.26949 -0.960936
v 0.0299865 -0.00768984 -0.0873247
vn 0.090025 0.130003 -0.987418
v 0.0360212 -0.00837746 -0.0861627
vn 0.669485 0.0806728 -0.738432
v 0.0355902 -0.0104008 -0.0862277
vn 0.519704 -0.282311 -0.806355
v 0.0291864 -0.0111656 -0.0870745
vn 0.0630642 -0.26949 -0.960936
v 0.0354111 -0.0119276 -0.0853251
vn 0.530435 -0.504447 -0.681302
v 0.0290041 -0.0127092 -0.0863637
vn 0.0850062 -0.463221 -0.882157
v 0.0291864 -0.0111656 -0.0870745
vn 0.0630642 -0.26949 -0.960936
v 0.0355902 -0.0104008 -0.0862277
vn 0.519704 -0.282311 -0.806355
v 0.0354111 -0.0119276 -0.0853251
vn 0.530435 -0.504447 -0.681302
v 0.0290041 -0.0127092 -0.0863637
vn 0.0850062 -0.463221 -0.882157
v 0.0355372 -0.0128387 -0.0845446
vn 0.584928 -0.518709 -0.623538
v 0.0290672 -0.0142691 -0.0854369
vn 0.0864744 -0.751575 -0.653955
v 0.0290041 -0.0127092 -0.0863637
vn 0.0850062 -0.463221 -0.882157
v 0.0354111 -0.0119276 -0.0853251
vn 0.530435 -0.504447 -0.681302
v 0.0355372 -0.0128387 -0.0845446
vn 0.584928 -0.518709 -0.623538
v 0.0357011 -0.0135325 -0.0836713
vn 0.558462 -0.727713 -0.39819
v 0.0379063 -0.0103575 -0.0818512
vn 0.903466 -0.223815 -0.36559
v 0.0364922 -0.0137365 -0.0809401
vn 0.643796 -0.764458 -0.0336217
v 0.0357011 -0.0135325 -0.0836713
vn 0.558462 -0.727713 -0.39819
v 0.0371129 -0.0108343 -0.082735
vn 0.806103 -0.199949 -0.556973
v 0.0379063 -0.0103575 -0.0818512
vn 0.903466 -0.223815 -0.36559
v 0.0364922 -0.0137365 -0.0809401
vn 0.643796 -0.764458 -0.0336217
v 0.0383826 -0.00973415 -0.0805091
vn 0.962441 -0.181509 -0.201896
v 0.0381022 -0.0112778 -0.0779711
vn 0.85012 -0.423633 0.31278
v 0.0364922 -0.0137365 -0.0809401
vn 0.643796 -0.764458 -0.0336217
v 0.0379063 -0.0103575 -0.0818512
vn 0.903466 -0.223815 -0.36559
v 0.0383826 -0.00973415 -0.0805091
vn 0.962441 -0.181509 -0.201896
v 0.0381022 -0.0112778 -0.0779711
vn 0.85012 -0.423633 0.31278
v 0.0385968 -0.00902378 -0.0794382
vn 0.986904 -0.12873 -0.0972049
v 0.0386348 -0.00894267 -0.078066
vn 0.929456 -0.169101 0.327896
v 0.0381022 -0.0112778 -0.0779711
vn 0.85012 -0.423633 0.31278
v 0.0383826 -0.00973415 -0.0805091
vn 0.962441 -0.181509 -0.201896
v 0.0385968 -0.00902378 -0.0794382
vn 0.986904 -0.12873 -0.0972049
v 0.0386348 -0.00894267 -0.078066
vn 0.929456 -0.169101 0.327896
v 0.0387562 -0.00657645 -0.0801453
vn 0.849515 -0.461183 -0.256192
v 0.0396646 -0.00572443 -0.0792557
vn 0.981401 0.190595 0.0229357
v 0.0386348 -0.00894267 -0.078066
vn 0.929456 -0.169101 0.327896
v 0.0385968 -0.00902378 -0.0794382
vn 0.986904 -0.12873 -0.0972049
v 0.0387562 -0.00657645 -0.0801453
vn 0.849515 -0.461183 -0.256192
v 0.0396646 -0.00572443 -0.0792557
vn 0.981401 0.190595 0.0229357
v 0.0380998 -0.0070692 -0.0815602
vn 0.899604 -0.105444 -0.423785
v 0.0379685 -0.00438414 -0.0822254
vn 0.763434 0.5147 -0.390194
v 0.0396646 -0.00572443 -0.0792557
vn 0.981401 0.190595 0.0229357
v 0.0387562 -0.00657645 -0.0801453
vn 0.849515 -0.461183 -0.256192
v 0.0380998 -0.0070692 -0.0815602
vn 0.899604 -0.105444 -0.423785
v 0.0379685 -0.00438414 -0.0822254
vn 0.763434 0.5147 -0.390194
v 0.0374044 -0.00744211 -0.0829114
vn 0.878257 -0.0388141 -0.476612
v 0.0365324 -0.00517893 -0.0844863
vn 0.7547 0.351148 -0.554186
v 0.0379685 -0.00438414 -0.0822254
vn 0.763434 0.5147 -0.390194
v 0.0380998 -0.0070692 -0.0815602
vn 0.899604 -0.105444 -0.423785
v 0.0374044 -0.00744211 -0.0829114
vn 0.878257 -0.0388141 -0.476612
v 0.0365324 -0.00517893 -0.0844863
vn 0.7547 0.351148 -0.554186
v 0.0367938 -0.0081826 -0.0839157
vn 0.894794 -0.0140784 -0.446258
v 0.0357952 -0.00663777 -0.0859151
vn 0.55562 0.227358 -0.799747
v 0.0365324 -0.00517893 -0.0844863
vn 0.7547 0.351148 -0.554186
v 0.0374044 -0.00744211 -0.0829114
vn 0.878257 -0.0388141 -0.476612
v 0.0367938 -0.0081826 -0.0839157
vn 0.894794 -0.0140784 -0.446258
v 0.0357952 -0.00663777 -0.0859151
vn 0.55562 0.227358 -0.799747
v 0.0364736 -0.00889224 -0.0847965
vn 0.944353 -0.0215147 -0.32823
v 0.0360212 -0.00837746 -0.0861627
vn 0.669485 0.0806728 -0.738432
v 0.0357952 -0.00663777 -0.0859151
vn 0.55562 0.227358 -0.799747
v 0.0367938 -0.0081826 -0.0839157
vn 0.894794 -0.0140784 -0.446258
v 0.0364736 -0.00889224 -0.0847965
vn 0.944353 -0.0215147 -0.32823
v 0.0360212 -0.00837746 -0.0861627
vn 0.669485 0.0806728 -0.738432
v 0.036246 -0.00980905 -0.0853415
vn 0.919674 -0.172383 -0.352824
v 0.0355902 -0.0104008 -0.0862277
vn 0.519704 -0.282311 -0.806355
v 0.0360212 -0.00837746 -0.0861627
vn 0.669485 0.0806728 -0.738432
v 0.0364736 -0.00889224 -0.0847965
vn 0.944353 -0.0215147 -0.32823
v 0.036246 -0.00980905 -0.0853415
vn 0.919674 -0.172383 -0.352824
v 0.0355902 -0.0104008 -0.0862277
vn 0.519704 -0.282311 -0.806355
v 0.0360174 -0.0115223 -0.0845936
vn 0.77106 -0.612653 -0.17356
v 0.0354111 -0.0119276 -0.0853251
vn 0.530435 -0.504447 -0.681302
v 0.0355902 -0.0104008 -0.0862277
vn 0.519704 -0.282311 -0.806355
v 0.036246 -0.00980905 -0.0853415
vn 0.919674 -0.172383 -0.352824
v 0.0360174 -0.0115223 -0.0845936
vn 0.77106 -0.612653 -0.17356
v 0.0354111 -0.0119276 -0.0853251
vn 0.530435 -0.504447 -0.681302
v 0.0363217 -0.0112704 -0.083732
vn 0.859007 -0.208358 -0.467646
v 0.0355372 -0.0128387 -0.0845446
vn 0.584928 -0.518709 -0.623538
v 0.0354111 -0.0119276 -0.0853251
vn 0.530435 -0.504447 -0.681302
v 0.0360174 -0.0115223 -0.0845936
vn 0.77106 -0.612653 -0.17356
v 0.0363217 -0.0112704 -0.083732
vn 0.859007 -0.208358 -0.467646
v 0.0355372 -0.0128387 -0.0845446
vn 0.584928 -0.518709 -0.623538
v 0.0371129 -0.0108343 -0.082735
vn 0.806103 -0.199949 -0.556973
v 0.0357011 -0.0135325 -0.0836713
vn 0.558462 -0.727713 -0.39819
v 0.0355372 -0.0128387 -0.0845446
vn 0.584928 -0.518709 -0.623538
v 0.0363217 -0.0112704 -0.083732
vn 0.859007 -0.208358 -0.467646
v 0.0371129 -0.0108343 -0.082735
vn 0.806103 -0.199949 -0.556973
v 0.036246 -0.00980905 -0.0853415
vn 0.919674 -0.172383 -0.352824
v 0.0363217 -0.0112704 -0.083732
vn 0.859007 -0.208358 -0.467646
v 0.0360174 -0.0115223 -0.0845936
vn 0.77106 -0.612653 -0.17356
v 0.036246 -0.00980905 -0.0853415
vn 0.919674 -0.172383 -0.352824
v 0.0364736 -0.00889224 -0.0847965
vn 0.944353 -0.0215147 -0.32823
v 0.0363217 -0.0112704 -0.083732
vn 0.859007 -0.208358 -0.467646
v 0.0371129 -0.0108343 -0.082735
vn 0.806103 -0.199949 -0.556973
v 0.0364736 -0.00889224 -0.0847965
vn 0.944353 -0.0215147 -0.32823
v 0.0367938 -0.0081826 -0.0839157
vn 0.894794 -0.0140784 -0.446258
v 0.0371129 -0.0108343 -0.082735
vn 0.806103 -0.199949 -0.556973
v 0.0363217 -0.0112704 -0.083732
vn 0.859007 -0.208358 -0.467646
v 0.0364736 -0.00889224 -0.0847965
vn 0.944353 -0.0215147 -0.32823
v 0.0379063 -0.0103575 -0.0818512
vn 0.903466 -0.223815 -0.36559
v 0.0367938 -0.0081826 -0.0839157
vn 0.894794 -0.0140784 -0.446258
v 0.0374044 -0.00744211 -0.0829114
vn 0.878257 -0.0388141 -0.476612
v 0.0379063 -0.0103575 -0.0818512
vn 0.903466 -0.223815 -0.36559
v 0.0371129 -0.0108343 -0.082735
vn 0.806103 -0.199949 -0.556973
v 0.0367938 -0.0081826 -0.0839157
vn 0.894794 -0.0140784 -0.446258
v 0.0383826 -0.00973415 -0.0805091
vn 0.962441 -0.181509 -0.201896
v 0.0374044 -0.00744211 -0.0829114
vn 0.878257 -0.0388141 -0.476612
v 0.0380998 -0.0070692 -0.0815602
vn 0.899604 -0.105444 -0.423785
v 0.0383826 -0.00973415 -0.0805091
vn 0.962441 -0.181509 -0.201896
v 0.0379063 -0.0103575 -0.0818512
vn 0.903466 -0.223815 -0.36559
v 0.0374044 -0.00744211 -0.0829114
vn 0.878257 -0.0388141 -0.476612
v 0.0385968 -0.00902378 -0.0794382
vn 0.986904 -0.12873 -0.0972049
v 0.0380998 -0.0070692 -0.0815602
vn 0.899604 -0.105444 -0.423785
v 0.0387562 -0.00657645 -0.0801453
vn 0.849515 -0.461183 -0.256192
v 0.0385968 -0.00902378 -0.0794382
vn 0.986904 -0.12873 -0.0972049
v 0.0383826 -0.00973415 -0.0805091
vn 0.962441 -0.181509 -0.201896
v 0.0380998 -0.0070692 -0.0815602
vn 0.899604 -0.105444 -0.423785
v -0.0258378 -0.0157503 0.01709
vn -0.0134877 -0.997839 -0.064311
v -0.0343523 -0.0138584 0.0275359
vn -0.488669 -0.869157 0.0759476
v -0.0361346 -0.0134537 0.0170993
vn -0.461101 -0.886589 0.0366968
v -0.0258378 -0.0157503 0.01709
vn -0.0134877 -0.997839 -0.064311
v -0.0229201 -0.0163344 0.0251527
vn 0.0148255 -0.997401 -0.0705077
v -0.0343523 -0.0138584 0.0275359
vn -0.488669 -0.869157 0.0759476
v -0.0361346 -0.0134537 0.0170993
vn -0.461101 -0.886589 0.0366968
v -0.040038 -0.00794792 0.0291376
vn -0.79306 -0.57021 0.214282
v -0.0441754 -0.00626043 0.01718
vn -0.808364 -0.570382 0.145643
v -0.0361346 -0.0134537 0.0170993
vn -0.461101 -0.886589 0.0366968
v -0.0343523 -0.0138584 0.0275359
vn -0.488669 -0.869157 0.0759476
v -0.040038 -0.00794792 0.0291376
vn -0.79306 -0.57021 0.214282
v -0.0441754 -0.00626043 0.01718
vn -0.808364 -0.570382 0.145643
v -0.0433611 0.000360996 0.0308668
vn -0.946135 -0.070295 0.316049
v -0.0471255 0.000788296 0.0171838
vn -0.980185 -0.0553922 0.190181
v -0.0441754 -0.00626043 0.01718
vn -0.808364 -0.570382 0.145643
v -0.040038 -0.00794792 0.0291376
vn -0.79306 -0.57021 0.214282
v -0.0433611 0.000360996 0.0308668
vn -0.946135 -0.070295 0.316049
v -0.0471255 0.000788296 0.0171838
vn -0.980185 -0.0553922 0.190181
v -0.0411463 0.00837464 0.0308886
vn -0.821946 0.471692 0.319236
v -0.0444777 0.00993806 0.017347
vn -0.851509 0.481195 0.208287
v -0.0471255 0.000788296 0.0171838
vn -0.980185 -0.0553922 0.190181
v -0.0433611 0.000360996 0.0308668
vn -0.946135 -0.070295 0.316049
v -0.0411463 0.00837464 0.0308886
vn -0.821946 0.471692 0.319236
v -0.0444777 0.00993806 0.017347
vn -0.851509 0.481195 0.208287
v -0.0357673 0.014229 0.0300119
vn -0.494573 0.831062 0.254427
v -0.0393004 0.0154419 0.0171351
vn -0.509742 0.842601 0.17374
v -0.0444777 0.00993806 0.017347
vn -0.851509 0.481195 0.208287
v -0.0411463 0.00837464 0.0308886
vn -0.821946 0.471692 0.319236
v -0.0357673 0.014229 0.0300119
vn -0.494573 0.831062 0.254427
v -0.0393004 0.0154419 0.0171351
vn -0.509742 0.842601 0.17374
v -0.0260793 0.0173612 0.0281931
vn -0.0220399 0.991643 0.127115
v -0.0283498 0.0183655 0.0170203
vn -0.00194154 0.996452 0.0841364
v -0.0393004 0.0154419 0.0171351
vn -0.509742 0.842601 0.17374
v -0.0357673 0.014229 0.0300119
vn -0.494573 0.831062 0.254427
v -0.0260793 0.0173612 0.0281931
vn -0.0220399 0.991643 0.127115
v -0.0283498 0.0183655 0.0170203
vn -0.00194154 0.996452 0.0841364
v -0.0152698 0.0147089 0.0250702
vn 0.414583 0.909828 -0.0182784
v -0.0164599 0.0149939 0.0170482
vn 0.446545 0.894512 -0.0211041
v -0.0283498 0.0183655 0.0170203
vn -0.00194154 0.996452 0.0841364
v -0.0260793 0.0173612 0.0281931
vn -0.0220399 0.991643 0.127115
v -0.0152698 0.0147089 0.0250702
vn 0.414583 0.909828 -0.0182784
v -0.0164599 0.0149939 0.0170482
vn 0.446545 0.894512 -0.0211041
v -0.0079646 0.00927698 0.0234689
vn 0.77424 0.611617 -0.16272
v -0.00917914 0.00942872 0.0169396
vn 0.811583 0.571643 -0.120653
v -0.0164599 0.0149939 0.0170482
vn 0.446545 0.894512 -0.0211041
v -0.0152698 0.0147089 0.0250702
vn 0.414583 0.909828 -0.0182784
v -0.0079646 0.00927698 0.0234689
vn 0.77424 0.611617 -0.16272
v -0.00917914 0.00942872 0.0169396
vn 0.811583 0.571643 -0.120653
v -0.00533896 0.00118081 0.0222988
vn 0.954177 0.0483252 -0.295316
v -0.0067202 0.00141165 0.0168736
vn 0.977789 0.0173018 -0.208874
v -0.00917914 0.00942872 0.0169396
vn 0.811583 0.571643 -0.120653
v -0.0079646 0.00927698 0.0234689
vn 0.77424 0.611617 -0.16272
v -0.00533896 0.00118081 0.0222988
vn 0.954177 0.0483252 -0.295316
v -0.0067202 0.00141165 0.0168736
vn 0.977789 0.0173018 -0.208874
v -0.00763851 -0.00729023 0.0217931
vn 0.81928 -0.48599 -0.304294
v -0.00890208 -0.0067088 0.0168876
vn 0.840148 -0.492745 -0.226615
v -0.0067202 0.00141165 0.0168736
vn 0.977789 0.0173018 -0.208874
v -0.00533896 0.00118081 0.0222988
vn 0.954177 0.0483252 -0.295316
v -0.00763851 -0.00729023 0.0217931
vn 0.81928 -0.48599 -0.304294
v -0.00890208 -0.0067088 0.0168876
vn 0.840148 -0.492745 -0.226615
v -0.0140399 -0.0137226 0.0226501
vn 0.46643 -0.859127 -0.210579
v -0.0155776 -0.0134105 0.0170312
vn 0.473531 -0.866657 -0.157077
v -0.00890208 -0.0067088 0.0168876
vn 0.840148 -0.492745 -0.226615
v -0.00763851 -0.00729023 0.0217931
vn 0.81928 -0.48599 -0.304294
v -0.0140399 -0.0137226 0.0226501
vn 0.46643 -0.859127 -0.210579
v -0.0155776 -0.0134105 0.0170312
vn 0.473531 -0.866657 -0.157077
v -0.0229201 -0.0163344 0.0251527
vn 0.0148255 -0.997401 -0.0705077
v -0.0258378 -0.0157503 0.01709
vn -0.0134877 -0.997839 -0.064311
v -0.0155776 -0.0134105 0.0170312
vn 0.473531 -0.866657 -0.157077
v -0.0140399 -0.0137226 0.0226501
vn 0.46643 -0.859127 -0.210579
v -0.0229201 -0.0163344 0.0251527
vn 0.0148255 -0.997401 -0.0705077
v -0.0229201 -0.0163344 0.0251527
vn 0.0148255 -0.997401 -0.0705077
v -0.0303262 -0.0149503 0.0362786
vn -0.401779 -0.904221 0.14477
v -0.0343523 -0.0138584 0.0275359
vn -0.488669 -0.869157 0.0759476
v -0.0229201 -0.0163344 0.0251527
vn 0.0148255 -0.997401 -0.0705077
v -0.0191789 -0.0166807 0.0329864
vn 0.0402922 -0.997531 -0.0575236
v -0.0303262 -0.0149503 0.0362786
vn -0.401779 -0.904221 0.14477
v -0.0343523 -0.0138584 0.0275359
vn -0.488669 -0.869157 0.0759476
v -0.0351662 -0.00997259 0.0395694
vn -0.726245 -0.609928 0.317105
v -0.040038 -0.00794792 0.0291376
vn -0.79306 -0.57021 0.214282
v -0.0343523 -0.0138584 0.0275359
vn -0.488669 -0.869157 0.0759476
v -0.0303262 -0.0149503 0.0362786
vn -0.401779 -0.904221 0.14477
v -0.0351662 -0.00997259 0.0395694
vn -0.726245 -0.609928 0.317105
v -0.040038 -0.00794792 0.0291376
vn -0.79306 -0.57021 0.214282
v -0.038969 -0.00136612 0.0413824
vn -0.890722 -0.129858 0.435604
v -0.0433611 0.000360996 0.0308668
vn -0.946135 -0.070295 0.316049
v -0.040038 -0.00794792 0.0291376
vn -0.79306 -0.57021 0.214282
v -0.0351662 -0.00997259 0.0395694
vn -0.726245 -0.609928 0.317105
v -0.038969 -0.00136612 0.0413824
vn -0.890722 -0.129858 0.435604
v -0.0433611 0.000360996 0.0308668
vn -0.946135 -0.070295 0.316049
v -0.036994 0.00660315 0.0418032
vn -0.782325 0.427997 0.452533
v -0.0411463 0.00837464 0.0308886
vn -0.821946 0.471692 0.319236
v -0.0433611 0.000360996 0.0308668
vn -0.946135 -0.070295 0.316049
v -0.038969 -0.00136612 0.0413824
vn -0.890722 -0.129858 0.435604
v -0.036994 0.00660315 0.0418032
vn -0.782325 0.427997 0.452533
v -0.0411463 0.00837464 0.0308886
vn -0.821946 0.471692 0.319236
v -0.0315006 0.013254 0.0401267
vn -0.447172 0.825958 0.343265
v -0.0357673 0.014229 0.0300119
vn -0.494573 0.831062 0.254427
v -0.0411463 0.00837464 0.0308886
vn -0.821946 0.471692 0.319236
v -0.036994 0.00660315 0.0418032
vn -0.782325 0.427997 0.452533
v -0.0315006 0.013254 0.0401267
vn -0.447172 0.825958 0.343265
v -0.0357673 0.014229 0.0300119
vn -0.494573 0.831062 0.254427
v -0.0218715 0.0161617 0.0371988
vn 0.0371601 0.986563 0.159101
v -0.0260793 0.0173612 0.0281931
vn -0.0220399 0.991643 0.127115
v -0.0357673 0.014229 0.0300119
vn -0.494573 0.831062 0.254427
v -0.0315006 0.013254 0.0401267
vn -0.447172 0.825958 0.343265
v -0.0218715 0.0161617 0.0371988
vn 0.0371601 0.986563 0.159101
v -0.0260793 0.0173612 0.0281931
vn -0.0220399 0.991643 0.127115
v -0.0115177 0.0132289 0.033839
vn 0.437338 0.899017 -0.0224355
v -0.0152698 0.0147089 0.0250702
vn 0.414583 0.909828 -0.0182784
v -0.0260793 0.0173612 0.0281931
vn -0.0220399 0.991643 0.127115
v -0.0218715 0.0161617 0.0371988
vn 0.0371601 0.986563 0.159101
v -0.0115177 0.0132289 0.033839
vn 0.437338 0.899017 -0.0224355
v -0.0152698 0.0147089 0.0250702
vn 0.414583 0.909828 -0.0182784
v -0.00492419 0.00799696 0.031056
vn 0.764265 0.60435 -0.225077
v -0.0079646 0.00927698 0.0234689
vn 0.77424 0.611617 -0.16272
v -0.0152698 0.0147089 0.0250702
vn 0.414583 0.909828 -0.0182784
v -0.0115177 0.0132289 0.033839
vn 0.437338 0.899017 -0.0224355
v -0.00492419 0.00799696 0.031056
vn 0.764265 0.60435 -0.225077
v -0.0079646 0.00927698 0.0234689
vn 0.77424 0.611617 -0.16272
v -0.00240449 6.42483e-05 0.0295698
vn 0.919256 0.0358896 -0.392021
v -0.00533896 0.00118081 0.0222988
vn 0.954177 0.0483252 -0.295316
v -0.0079646 0.00927698 0.0234689
vn 0.77424 0.611617 -0.16272
v -0.00492419 0.00799696 0.031056
vn 0.764265 0.60435 -0.225077
v -0.00240449 6.42483e-05 0.0295698
vn 0.919256 0.0358896 -0.392021
v -0.00533896 0.00118081 0.0222988
vn 0.954177 0.0483252 -0.295316
v -0.0050632 -0.0086152 0.0295816
vn 0.7789 -0.508102 -0.367624
v -0.00763851 -0.00729023 0.0217931
vn 0.81928 -0.48599 -0.304294
v -0.00533896 0.00118081 0.0222988
vn 0.954177 0.0483252 -0.295316
v -0.00240449 6.42483e-05 0.0295698
vn 0.919256 0.0358896 -0.392021
v -0.0050632 -0.0086152 0.0295816
vn 0.7789 -0.508102 -0.367624
v -0.00763851 -0.00729023 0.0217931
vn 0.81928 -0.48599 -0.304294
v -0.0109691 -0.0144698 0.0310275
vn 0.43718 -0.866226 -0.241919
v -0.0140399 -0.0137226 0.0226501
vn 0.46643 -0.859127 -0.210579
v -0.00763851 -0.00729023 0.0217931
vn 0.81928 -0.48599 -0.304294
v -0.0050632 -0.0086152 0.0295816
vn 0.7789 -0.508102 -0.367624
v -0.0109691 -0.0144698 0.0310275
vn 0.43718 -0.866226 -0.241919
v -0.0140399 -0.0137226 0.0226501
vn 0.46643 -0.859127 -0.210579
v -0.0191789 -0.0166807 0.0329864
vn 0.0402922 -0.997531 -0.0575236
v -0.0229201 -0.0163344 0.0251527
vn 0.0148255 -0.997401 -0.0705077
v -0.0140399 -0.0137226 0.0226501
vn 0.46643 -0.859127 -0.210579
v -0.0109691 -0.0144698 0.0310275
vn 0.43718 -0.866226 -0.241919
v -0.0191789 -0.0166807 0.0329864
vn 0.0402922 -0.997531 -0.0575236
v -0.0191789 -0.0166807 0.0329864
vn 0.0402922 -0.997531 -0.0575236
v -0.0243134 -0.0151752 0.0461216
vn -0.32042 -0.914181 0.2482
v -0.0303262 -0.0149503 0.0362786
vn -0.401779 -0.904221 0.14477
v -0.0191789 -0.0166807 0.0329864
vn 0.0402922 -0.997531 -0.0575236
v -0.01532 -0.0170084 0.0414912
vn 0.0214192 -0.999756 0.00547955
v -0.0243134 -0.0151752 0.0461216
vn -0.32042 -0.914181 0.2482
v -0.0303262 -0.0149503 0.0362786
vn -0.401779 -0.904221 0.14477
v -0.0286302 -0.0112815 0.0487459
vn -0.603413 -0.674112 0.425988
v -0.0351662 -0.00997259 0.0395694
vn -0.726245 -0.609928 0.317105
v -0.0303262 -0.0149503 0.0362786
vn -0.401779 -0.904221 0.14477
v -0.0243134 -0.0151752 0.0461216
vn -0.32042 -0.914181 0.2482
v -0.0286302 -0.0112815 0.0487459
vn -0.603413 -0.674112 0.425988
v -0.0351662 -0.00997259 0.0395694
vn -0.726245 -0.609928 0.317105
v -0.0323017 -0.00383895 0.0515448
vn -0.785566 -0.224233 0.57672
v -0.038969 -0.00136612 0.0413824
vn -0.890722 -0.129858 0.435604
v -0.0351662 -0.00997259 0.0395694
vn -0.726245 -0.609928 0.317105
v -0.0286302 -0.0112815 0.0487459
vn -0.603413 -0.674112 0.425988
v -0.0323017 -0.00383895 0.0515448
vn -0.785566 -0.224233 0.57672
v -0.038969 -0.00136612 0.0413824
vn -0.890722 -0.129858 0.435604
v -0.0313645 0.00469941 0.051566
vn -0.70681 0.3643 0.606387
v -0.036994 0.00660315 0.0418032
vn -0.782325 0.427997 0.452533
v -0.038969 -0.00136612 0.0413824
vn -0.890722 -0.129858 0.435604
v -0.0323017 -0.00383895 0.0515448
vn -0.785566 -0.224233 0.57672
v -0.0313645 0.00469941 0.051566
vn -0.70681 0.3643 0.606387
v -0.036994 0.00660315 0.0418032
vn -0.782325 0.427997 0.452533
v -0.0263871 0.0112356 0.0495121
vn -0.387164 0.792513 0.471199
v -0.0315006 0.013254 0.0401267
vn -0.447172 0.825958 0.343265
v -0.036994 0.00660315 0.0418032
vn -0.782325 0.427997 0.452533
v -0.0313645 0.00469941 0.051566
vn -0.70681 0.3643 0.606387
v -0.0263871 0.0112356 0.0495121
vn -0.387164 0.792513 0.471199
v -0.0315006 0.013254 0.0401267
vn -0.447172 0.825958 0.343265
v -0.0178201 0.0140774 0.0459007
vn 0.0742268 0.965213 0.250706
v -0.0218715 0.0161617 0.0371988
vn 0.0371601 0.986563 0.159101
v -0.0315006 0.013254 0.0401267
vn -0.447172 0.825958 0.343265
v -0.0263871 0.0112356 0.0495121
vn -0.387164 0.792513 0.471199
v -0.0178201 0.0140774 0.0459007
vn 0.0742268 0.965213 0.250706
v -0.0218715 0.0161617 0.0371988
vn 0.0371601 0.986563 0.159101
v -0.00740512 0.011244 0.0412029
vn 0.461043 0.88723 0.0161982
v -0.0115177 0.0132289 0.033839
vn 0.437338 0.899017 -0.0224355
v -0.0218715 0.0161617 0.0371988
vn 0.0371601 0.986563 0.159101
v -0.0178201 0.0140774 0.0459007
vn 0.0742268 0.965213 0.250706
v -0.00740512 0.011244 0.0412029
vn 0.461043 0.88723 0.0161982
v -0.0115177 0.0132289 0.033839
vn 0.437338 0.899017 -0.0224355
v -0.00109494 0.00618882 0.0383161
vn 0.771062 0.58791 -0.244592
v -0.00492419 0.00799696 0.031056
vn 0.764265 0.60435 -0.225077
v -0.0115177 0.0132289 0.033839
vn 0.437338 0.899017 -0.0224355
v -0.00740512 0.011244 0.0412029
vn 0.461043 0.88723 0.0161982
v -0.00109494 0.00618882 0.0383161
vn 0.771062 0.58791 -0.244592
v -0.00492419 0.00799696 0.031056
vn 0.764265 0.60435 -0.225077
v 0.00120519 -0.00192395 0.0367642
vn 0.894783 -0.0160372 -0.446213
v -0.00240449 6.42483e-05 0.0295698
vn 0.919256 0.0358896 -0.392021
v -0.00492419 0.00799696 0.031056
vn 0.764265 0.60435 -0.225077
v -0.00109494 0.00618882 0.0383161
vn 0.771062 0.58791 -0.244592
v 0.00120519 -0.00192395 0.0367642
vn 0.894783 -0.0160372 -0.446213
v -0.00240449 6.42483e-05 0.0295698
vn 0.919256 0.0358896 -0.392021
v -0.00231598 -0.0100922 0.0369068
vn 0.702915 -0.577017 -0.415886
v -0.0050632 -0.0086152 0.0295816
vn 0.7789 -0.508102 -0.367624
v -0.00240449 6.42483e-05 0.0295698
vn 0.919256 0.0358896 -0.392021
v 0.00120519 -0.00192395 0.0367642
vn 0.894783 -0.0160372 -0.446213
v -0.00231598 -0.0100922 0.0369068
vn 0.702915 -0.577017 -0.415886
v -0.0050632 -0.0086152 0.0295816
vn 0.7789 -0.508102 -0.367624
v -0.00783367 -0.0150466 0.0386176
vn 0.394527 -0.890714 -0.22578
v -0.0109691 -0.0144698 0.0310275
vn 0.43718 -0.866226 -0.241919
v -0.0050632 -0.0086152 0.0295816
vn 0.7789 -0.508102 -0.367624
v -0.00231598 -0.0100922 0.0369068
vn 0.702915 -0.577017 -0.415886
v -0.00783367 -0.0150466 0.0386176
vn 0.394527 -0.890714 -0.22578
v -0.0109691 -0.0144698 0.0310275
vn 0.43718 -0.866226 -0.241919
v -0.01532 -0.0170084 0.0414912
vn 0.0214192 -0.999756 0.00547955
v -0.0191789 -0.0166807 0.0329864
vn 0.0402922 -0.997531 -0.0575236
v -0.0109691 -0.0144698 0.0310275
vn 0.43718 -0.866226 -0.241919
v -0.00783367 -0.0150466 0.0386176
vn 0.394527 -0.890714 -0.22578
v -0.01532 -0.0170084 0.0414912
vn 0.0214192 -0.999756 0.00547955
v -0.01532 -0.0170084 0.0414912
vn 0.0214192 -0.999756 0.00547955
v -0.0174114 -0.0142294 0.0545736
vn -0.225609 -0.908877 0.350775
v -0.0243134 -0.0151752 0.0461216
vn -0.32042 -0.914181 0.2482
v -0.01532 -0.0170084 0.0414912
vn 0.0214192 -0.999756 0.00547955
v -0.0100562 -0.0164762 0.0490397
vn 0.0571312 -0.993676 0.0966627
v -0.0174114 -0.0142294 0.0545736
vn -0.225609 -0.908877 0.350775
v -0.0243134 -0.0151752 0.0461216
vn -0.32042 -0.914181 0.2482
v -0.02037 -0.0117351 0.0570166
vn -0.42738 -0.739806 0.519648
v -0.0286302 -0.0112815 0.0487459
vn -0.603413 -0.674112 0.425988
v -0.0243134 -0.0151752 0.0461216
vn -0.32042 -0.914181 0.2482
v -0.0174114 -0.0142294 0.0545736
vn -0.225609 -0.908877 0.350775
v -0.02037 -0.0117351 0.0570166
vn -0.42738 -0.739806 0.519648
v -0.0286302 -0.0112815 0.0487459
vn -0.603413 -0.674112 0.425988
v -0.0240904 -0.00566787 0.0604358
vn -0.621058 -0.296523 0.725508
v -0.0323017 -0.00383895 0.0515448
vn -0.785566 -0.224233 0.57672
v -0.0286302 -0.0112815 0.0487459
vn -0.603413 -0.674112 0.425988
v -0.02037 -0.0117351 0.0570166
vn -0.42738 -0.739806 0.519648
v -0.0240904 -0.00566787 0.0604358
vn -0.621058 -0.296523 0.725508
v -0.0323017 -0.00383895 0.0515448
vn -0.785566 -0.224233 0.57672
v -0.0234251 0.00215696 0.0603094
vn -0.574067 0.306986 0.759083
v -0.0313645 0.00469941 0.051566
vn -0.70681 0.3643 0.606387
v -0.0323017 -0.00383895 0.0515448
vn -0.785566 -0.224233 0.57672
v -0.0240904 -0.00566787 0.0604358
vn -0.621058 -0.296523 0.725508
v -0.0234251 0.00215696 0.0603094
vn -0.574067 0.306986 0.759083
v -0.0313645 0.00469941 0.051566
vn -0.70681 0.3643 0.606387
v -0.0192347 0.00807173 0.058519
vn -0.292892 0.731144 0.616151
v -0.0263871 0.0112356 0.0495121
vn -0.387164 0.792513 0.471199
v -0.0313645 0.00469941 0.051566
vn -0.70681 0.3643 0.606387
v -0.0234251 0.00215696 0.0603094
vn -0.574067 0.306986 0.759083
v -0.0192347 0.00807173 0.058519
vn -0.292892 0.731144 0.616151
v -0.0263871 0.0112356 0.0495121
vn -0.387164 0.792513 0.471199
v -0.0132768 0.010774 0.0547569
vn 0.111163 0.923976 0.36594
v -0.0178201 0.0140774 0.0459007
vn 0.0742268 0.965213 0.250706
v -0.0263871 0.0112356 0.0495121
vn -0.387164 0.792513 0.471199
v -0.0192347 0.00807173 0.058519
vn -0.292892 0.731144 0.616151
v -0.0132768 0.010774 0.0547569
vn 0.111163 0.923976 0.36594
v -0.0178201 0.0140774 0.0459007
vn 0.0742268 0.965213 0.250706
v -0.00393802 0.00892425 0.0485301
vn 0.467156 0.877805 0.105942
v -0.00740512 0.011244 0.0412029
vn 0.461043 0.88723 0.0161982
v -0.0178201 0.0140774 0.0459007
vn 0.0742268 0.965213 0.250706
v -0.0132768 0.010774 0.0547569
vn 0.111163 0.923976 0.36594
v -0.00393802 0.00892425 0.0485301
vn 0.467156 0.877805 0.105942
v -0.00740512 0.011244 0.0412029
vn 0.461043 0.88723 0.0161982
v 0.00220722 0.0043048 0.0443243
vn 0.793921 0.578955 -0.185743
v -0.00109494 0.00618882 0.0383161
vn 0.771062 0.58791 -0.244592
v -0.00740512 0.011244 0.0412029
vn 0.461043 0.88723 0.0161982
v -0.00393802 0.00892425 0.0485301
vn 0.467156 0.877805 0.105942
v 0.00220722 0.0043048 0.0443243
vn 0.793921 0.578955 -0.185743
v -0.00109494 0.00618882 0.0383161
vn 0.771062 0.58791 -0.244592
v 0.00406594 -0.00307558 0.0430408
vn 0.920259 -0.00108968 -0.391308
v 0.00120519 -0.00192395 0.0367642
vn 0.894783 -0.0160372 -0.446213
v -0.00109494 0.00618882 0.0383161
vn 0.771062 0.58791 -0.244592
v 0.00220722 0.0043048 0.0443243
vn 0.793921 0.578955 -0.185743
v 0.00406594 -0.00307558 0.0430408
vn 0.920259 -0.00108968 -0.391308
v 0.00120519 -0.00192395 0.0367642
vn 0.894783 -0.0160372 -0.446213
v 0.00198017 -0.0097917 0.0435109
vn 0.753636 -0.539041 -0.376123
v -0.00231598 -0.0100922 0.0369068
vn 0.702915 -0.577017 -0.415886
v 0.00120519 -0.00192395 0.0367642
vn 0.894783 -0.0160372 -0.446213
v 0.00406594 -0.00307558 0.0430408
vn 0.920259 -0.00108968 -0.391308
v 0.00198017 -0.0097917 0.0435109
vn 0.753636 -0.539041 -0.376123
v -0.00231598 -0.0100922 0.0369068
vn 0.702915 -0.577017 -0.415886
v -0.0029284 -0.0145246 0.0456914
vn 0.426797 -0.886363 -0.179457
v -0.00783367 -0.0150466 0.0386176
vn 0.394527 -0.890714 -0.22578
v -0.00231598 -0.0100922 0.0369068
vn 0.702915 -0.577017 -0.415886
v 0.00198017 -0.0097917 0.0435109
vn 0.753636 -0.539041 -0.376123
v -0.0029284 -0.0145246 0.0456914
vn 0.426797 -0.886363 -0.179457
v -0.00783367 -0.0150466 0.0386176
vn 0.394527 -0.890714 -0.22578
v -0.0100562 -0.0164762 0.0490397
vn 0.0571312 -0.993676 0.0966627
v -0.01532 -0.0170084 0.0414912
vn 0.0214192 -0.999756 0.00547955
v -0.00783367 -0.0150466 0.0386176
vn 0.394527 -0.890714 -0.22578
v -0.0029284 -0.0145246 0.0456914
vn 0.426797 -0.886363 -0.179457
v -0.0100562 -0.0164762 0.0490397
vn 0.0571312 -0.993676 0.0966627
v -0.0029284 -0.0145246 0.0456914
vn 0.426797 -0.886363 -0.179457
v -0.0045663 -0.0149846 0.0554806
vn 0.146977 -0.966694 0.209524
v -0.0100562 -0.0164762 0.0490397
vn 0.0571312 -0.993676 0.0966627
v -0.0029284 -0.0145246 0.0456914
vn 0.426797 -0.886363 -0.179457
v 0.000921687 -0.0136084 0.0518109
vn 0.458515 -0.884863 -0.0823511
v -0.0045663 -0.0149846 0.0554806
vn 0.146977 -0.966694 0.209524
v -0.0100562 -0.0164762 0.0490397
vn 0.0571312 -0.993676 0.0966627
v -0.00923687 -0.0133652 0.0599054
vn -0.0722337 -0.89919 0.431554
v -0.0174114 -0.0142294 0.0545736
vn -0.225609 -0.908877 0.350775
v -0.0100562 -0.0164762 0.0490397
vn 0.0571312 -0.993676 0.0966627
v -0.0045663 -0.0149846 0.0554806
vn 0.146977 -0.966694 0.209524
v -0.00923687 -0.0133652 0.0599054
vn -0.0722337 -0.89919 0.431554
v -0.0174114 -0.0142294 0.0545736
vn -0.225609 -0.908877 0.350775
v -0.0122264 -0.0111302 0.0627496
vn -0.228681 -0.768411 0.597704
v -0.02037 -0.0117351 0.0570166
vn -0.42738 -0.739806 0.519648
v -0.0174114 -0.0142294 0.0545736
vn -0.225609 -0.908877 0.350775
v -0.00923687 -0.0133652 0.0599054
vn -0.0722337 -0.89919 0.431554
v -0.0122264 -0.0111302 0.0627496
vn -0.228681 -0.768411 0.597704
v -0.02037 -0.0117351 0.0570166
vn -0.42738 -0.739806 0.519648
v -0.0146244 -0.00761043 0.0651833
vn -0.369925 -0.422765 0.8273
v -0.0240904 -0.00566787 0.0604358
vn -0.621058 -0.296523 0.725508
v -0.02037 -0.0117351 0.0570166
vn -0.42738 -0.739806 0.519648
v -0.0122264 -0.0111302 0.0627496
vn -0.228681 -0.768411 0.597704
v -0.0146244 -0.00761043 0.0651833
vn -0.369925 -0.422765 0.8273
v -0.0240904 -0.00566787 0.0604358
vn -0.621058 -0.296523 0.725508
v -0.0150047 -0.0012367 0.0659729
vn -0.366429 0.121471 0.922483
v -0.0234251 0.00215696 0.0603094
vn -0.574067 0.306986 0.759083
v -0.0240904 -0.00566787 0.0604358
vn -0.621058 -0.296523 0.725508
v -0.0146244 -0.00761043 0.0651833
vn -0.369925 -0.422765 0.8273
v -0.0150047 -0.0012367 0.0659729
vn -0.366429 0.121471 0.922483
v -0.0234251 0.00215696 0.0603094
vn -0.574067 0.306986 0.759083
v -0.0120608 0.00422807 0.0647766
vn -0.153972 0.589677 0.792826
v -0.0192347 0.00807173 0.058519
vn -0.292892 0.731144 0.616151
v -0.0234251 0.00215696 0.0603094
vn -0.574067 0.306986 0.759083
v -0.0150047 -0.0012367 0.0659729
vn -0.366429 0.121471 0.922483
v -0.0120608 0.00422807 0.0647766
vn -0.153972 0.589677 0.792826
v -0.0192347 0.00807173 0.058519
vn -0.292892 0.731144 0.616151
v -0.00812828 0.00652243 0.0619033
vn 0.193194 0.838961 0.508744
v -0.0132768 0.010774 0.0547569
vn 0.111163 0.923976 0.36594
v -0.0192347 0.00807173 0.058519
vn -0.292892 0.731144 0.616151
v -0.0120608 0.00422807 0.0647766
vn -0.153972 0.589677 0.792826
v -0.00812828 0.00652243 0.0619033
vn 0.193194 0.838961 0.508744
v -0.0132768 0.010774 0.0547569
vn 0.111163 0.923976 0.36594
v 0.000575695 0.00565533 0.0542661
vn 0.541048 0.821469 0.180153
v -0.00393802 0.00892425 0.0485301
vn 0.467156 0.877805 0.105942
v -0.0132768 0.010774 0.0547569
vn 0.111163 0.923976 0.36594
v -0.00812828 0.00652243 0.0619033
vn 0.193194 0.838961 0.508744
v 0.000575695 0.00565533 0.0542661
vn 0.541048 0.821469 0.180153
v -0.00393802 0.00892425 0.0485301
vn 0.467156 0.877805 0.105942
v 0.0053331 0.00138819 0.0498954
vn 0.84477 0.509547 -0.163481
v 0.00220722 0.0043048 0.0443243
vn 0.793921 0.578955 -0.185743
v -0.00393802 0.00892425 0.0485301
vn 0.467156 0.877805 0.105942
v 0.000575695 0.00565533 0.0542661
vn 0.541048 0.821469 0.180153
v 0.0053331 0.00138819 0.0498954
vn 0.84477 0.509547 -0.163481
v 0.00220722 0.0043048 0.0443243
vn 0.793921 0.578955 -0.185743
v 0.00635446 -0.00490126 0.0485242
vn 0.921099 -0.104008 -0.375179
v 0.00406594 -0.00307558 0.0430408
vn 0.920259 -0.00108968 -0.391308
v 0.00220722 0.0043048 0.0443243
vn 0.793921 0.578955 -0.185743
v 0.0053331 0.00138819 0.0498954
vn 0.84477 0.509547 -0.163481
v 0.00635446 -0.00490126 0.0485242
vn 0.921099 -0.104008 -0.375179
v 0.00406594 -0.00307558 0.0430408
vn 0.920259 -0.00108968 -0.391308
v 0.00434279 -0.00996542 0.0495228
vn 0.749967 -0.584155 -0.310342
v 0.00198017 -0.0097917 0.0435109
vn 0.753636 -0.539041 -0.376123
v 0.00406594 -0.00307558 0.0430408
vn 0.920259 -0.00108968 -0.391308
v 0.00635446 -0.00490126 0.0485242
vn 0.921099 -0.104008 -0.375179
v 0.00434279 -0.00996542 0.0495228
vn 0.749967 -0.584155 -0.310342
v 0.00198017 -0.0097917 0.0435109
vn 0.753636 -0.539041 -0.376123
v 0.000921687 -0.0136084 0.0518109
vn 0.458515 -0.884863 -0.0823511
v -0.0029284 -0.0145246 0.0456914
vn 0.426797 -0.886363 -0.179457
v 0.00198017 -0.0097917 0.0435109
vn 0.753636 -0.539041 -0.376123
v 0.00434279 -0.00996542 0.0495228
vn 0.749967 -0.584155 -0.310342
v 0.000921687 -0.0136084 0.0518109
vn 0.458515 -0.884863 -0.0823511
v -0.0045663 -0.0149846 0.0554806
vn 0.146977 -0.966694 0.209524
v -0.00336279 -0.011867 0.0624008
vn 0.0379418 -0.881408 0.47083
v -0.00923687 -0.0133652 0.0599054
vn -0.0722337 -0.89919 0.431554
v -0.0045663 -0.0149846 0.0554806
vn 0.146977 -0.966694 0.209524
v -0.000758646 -0.0127907 0.0598056
vn 0.155779 -0.938735 0.307425
v -0.00336279 -0.011867 0.0624008
vn 0.0379418 -0.881408 0.47083
v -0.00923687 -0.0133652 0.0599054
vn -0.0722337 -0.89919 0.431554
v -0.00536389 -0.0103576 0.0646759
vn -0.0564231 -0.804735 0.590947
v -0.0122264 -0.0111302 0.0627496
vn -0.228681 -0.768411 0.597704
v -0.00923687 -0.0133652 0.0599054
vn -0.0722337 -0.89919 0.431554
v -0.00336279 -0.011867 0.0624008
vn 0.0379418 -0.881408 0.47083
v -0.00536389 -0.0103576 0.0646759
vn -0.0564231 -0.804735 0.590947
v -0.0122264 -0.0111302 0.0627496
vn -0.228681 -0.768411 0.597704
v -0.00718893 -0.00811026 0.0671661
vn -0.163082 -0.483631 0.859945
v -0.0146244 -0.00761043 0.0651833
vn -0.369925 -0.422765 0.8273
v -0.0122264 -0.0111302 0.0627496
vn -0.228681 -0.768411 0.597704
v -0.00536389 -0.0103576 0.0646759
vn -0.0564231 -0.804735 0.590947
v -0.00718893 -0.00811026 0.0671661
vn -0.163082 -0.483631 0.859945
v -0.0146244 -0.00761043 0.0651833
vn -0.369925 -0.422765 0.8273
v -0.00687027 -0.00428561 0.0678983
vn -0.158177 -0.0426859 0.986488
v -0.0150047 -0.0012367 0.0659729
vn -0.366429 0.121471 0.922483
v -0.0146244 -0.00761043 0.0651833
vn -0.369925 -0.422765 0.8273
v -0.00718893 -0.00811026 0.0671661
vn -0.163082 -0.483631 0.859945
v -0.00687027 -0.00428561 0.0678983
vn -0.158177 -0.0426859 0.986488
v -0.0150047 -0.0012367 0.0659729
vn -0.366429 0.121471 0.922483
v -0.00512026 -0.00063315 0.0678196
vn -0.0125089 0.327775 0.944673
v -0.0120608 0.00422807 0.0647766
vn -0.153972 0.589677 0.792826
v -0.0150047 -0.0012367 0.0659729
vn -0.366429 0.121471 0.922483
v -0.00687027 -0.00428561 0.0678983
vn -0.158177 -0.0426859 0.986488
v -0.00512026 -0.00063315 0.0678196
vn -0.0125089 0.327775 0.944673
v -0.0120608 0.00422807 0.0647766
vn -0.153972 0.589677 0.792826
v -0.00158633 0.00162089 0.0657708
vn 0.294287 0.736691 0.608836
v -0.00812828 0.00652243 0.0619033
vn 0.193194 0.838961 0.508744
v -0.0120608 0.00422807 0.0647766
vn -0.153972 0.589677 0.792826
v -0.00512026 -0.00063315 0.0678196
vn -0.0125089 0.327775 0.944673
v -0.00158633 0.00162089 0.0657708
vn 0.294287 0.736691 0.608836
v -0.00812828 0.00652243 0.0619033
vn 0.193194 0.838961 0.508744
v 0.00427066 0.000833428 0.0597947
vn 0.572502 0.773758 0.271182
v 0.000575695 0.00565533 0.0542661
vn 0.541048 0.821469 0.180153
v -0.00812828 0.00652243 0.0619033
vn 0.193194 0.838961 0.508744
v -0.00158633 0.00162089 0.0657708
vn 0.294287 0.736691 0.608836
v 0.00427066 0.000833428 0.0597947
vn 0.572502 0.773758 0.271182
v 0.000575695 0.00565533 0.0542661
vn 0.541048 0.821469 0.180153
v 0.0076898 -0.00152765 0.0552071
vn 0.855806 0.500329 -0.131403
v 0.0053331 0.00138819 0.0498954
vn 0.84477 0.509547 -0.163481
v 0.000575695 0.00565533 0.0542661
vn 0.541048 0.821469 0.180153
v 0.00427066 0.000833428 0.0597947
vn 0.572502 0.773758 0.271182
v 0.0076898 -0.00152765 0.0552071
vn 0.855806 0.500329 -0.131403
v 0.0053331 0.00138819 0.0498954
vn 0.84477 0.509547 -0.163481
v 0.00807356 -0.00521675 0.0543711
vn 0.904334 -0.035521 -0.425345
v 0.00635446 -0.00490126 0.0485242
vn 0.921099 -0.104008 -0.375179
v 0.0053331 0.00138819 0.0498954
vn 0.84477 0.509547 -0.163481
v 0.0076898 -0.00152765 0.0552071
vn 0.855806 0.500329 -0.131403
v 0.00807356 -0.00521675 0.0543711
vn 0.904334 -0.035521 -0.425345
v 0.00635446 -0.00490126 0.0485242
vn 0.921099 -0.104008 -0.375179
v 0.00684533 -0.00918236 0.0545718
vn 0.753059 -0.561176 -0.343488
v 0.00434279 -0.00996542 0.0495228
vn 0.749967 -0.584155 -0.310342
v 0.00635446 -0.00490126 0.0485242
vn 0.921099 -0.104008 -0.375179
v 0.00807356 -0.00521675 0.0543711
vn 0.904334 -0.035521 -0.425345
v 0.00684533 -0.00918236 0.0545718
vn 0.753059 -0.561176 -0.343488
v 0.00434279 -0.00996542 0.0495228
vn 0.749967 -0.584155 -0.310342
v 0.00371437 -0.0124217 0.0566845
vn 0.404355 -0.914023 -0.0325418
v 0.000921687 -0.0136084 0.0518109
vn 0.458515 -0.884863 -0.0823511
v 0.00434279 -0.00996542 0.0495228
vn 0.749967 -0.584155 -0.310342
v 0.00684533 -0.00918236 0.0545718
vn 0.753059 -0.561176 -0.343488
v 0.00371437 -0.0124217 0.0566845
vn 0.404355 -0.914023 -0.0325418
v 0.000921687 -0.0136084 0.0518109
vn 0.458515 -0.884863 -0.0823511
v -0.000758646 -0.0127907 0.0598056
vn 0.155779 -0.938735 0.307425
v -0.0045663 -0.0149846 0.0554806
vn 0.146977 -0.966694 0.209524
v 0.000921687 -0.0136084 0.0518109
vn 0.458515 -0.884863 -0.0823511
v 0.00371437 -0.0124217 0.0566845
vn 0.404355 -0.914023 -0.0325418
v -0.000758646 -0.0127907 0.0598056
vn 0.155779 -0.938735 0.307425
v -0.00336279 -0.011867 0.0624008
vn 0.0379418 -0.881408 0.47083
v -0.000428936 -0.00937908 0.066485
vn -0.128662 -0.835068 0.534891
v -0.00536389 -0.0103576 0.0646759
vn -0.0564231 -0.804735 0.590947
v -0.00336279 -0.011867 0.0624008
vn 0.0379418 -0.881408 0.47083
v 0.00131848 -0.0104645 0.0642688
vn -0.0778723 -0.926018 0.36936
v -0.000428936 -0.00937908 0.066485
vn -0.128662 -0.835068 0.534891
v -0.00536389 -0.0103576 0.0646759
vn -0.0564231 -0.804735 0.590947
v -0.00137246 -0.00792782 0.0680296
vn -0.177345 -0.444764 0.877914
v -0.00718893 -0.00811026 0.0671661
vn -0.163082 -0.483631 0.859945
v -0.00536389 -0.0103576 0.0646759
vn -0.0564231 -0.804735 0.590947
v -0.000428936 -0.00937908 0.066485
vn -0.128662 -0.835068 0.534891
v -0.00137246 -0.00792782 0.0680296
vn -0.177345 -0.444764 0.877914
v -0.00718893 -0.00811026 0.0671661
vn -0.163082 -0.483631 0.859945
v -0.000991439 -0.00546462 0.0682938
vn -0.141376 0.0302655 0.989493
v -0.00687027 -0.00428561 0.0678983
vn -0.158177 -0.0426859 0.986488
v -0.00718893 -0.00811026 0.0671661
vn -0.163082 -0.483631 0.859945
v -0.00137246 -0.00792782 0.0680296
vn -0.177345 -0.444764 0.877914
v -0.000991439 -0.00546462 0.0682938
vn -0.141376 0.0302655 0.989493
v -0.00687027 -0.00428561 0.0678983
vn -0.158177 -0.0426859 0.986488
v -0.00035093 -0.00290797 0.0679601
vn -0.0286725 0.274165 0.961255
v -0.00512026 -0.00063315 0.0678196
vn -0.0125089 0.327775 0.944673
v -0.00687027 -0.00428561 0.0678983
vn -0.158177 -0.0426859 0.986488
v -0.000991439 -0.00546462 0.0682938
vn -0.141376 0.0302655 0.989493
v -0.00035093 -0.00290797 0.0679601
vn -0.0286725 0.274165 0.961255
v -0.00512026 -0.00063315 0.0678196
vn -0.0125089 0.327775 0.944673
v 0.00134453 -0.000680741 0.0668117
vn 0.23132 0.715522 0.659181
v -0.00158633 0.00162089 0.0657708
vn 0.294287 0.736691 0.608836
v -0.00512026 -0.00063315 0.0678196
vn -0.0125089 0.327775 0.944673
v -0.00035093 -0.00290797 0.0679601
vn -0.0286725 0.274165 0.961255
v 0.00134453 -0.000680741 0.0668117
vn 0.23132 0.715522 0.659181
v -0.00158633 0.00162089 0.0657708
vn 0.294287 0.736691 0.608836
v 0.00578424 -0.00105384 0.0617267
vn 0.466819 0.866009 0.179188
v 0.00427066 0.000833428 0.0597947
vn 0.572502 0.773758 0.271182
v -0.00158633 0.00162089 0.0657708
vn 0.294287 0.736691 0.608836
v 0.00134453 -0.000680741 0.0668117
vn 0.23132 0.715522 0.659181
v 0.00578424 -0.00105384 0.0617267
vn 0.466819 0.866009 0.179188
v 0.00427066 0.000833428 0.0597947
vn 0.572502 0.773758 0.271182
v 0.00895237 -0.0028749 0.0580352
vn 0.717193 0.659604 -0.224849
v 0.0076898 -0.00152765 0.0552071
vn 0.855806 0.500329 -0.131403
v 0.00427066 0.000833428 0.0597947
vn 0.572502 0.773758 0.271182
v 0.00578424 -0.00105384 0.0617267
vn 0.466819 0.866009 0.179188
v 0.00895237 -0.0028749 0.0580352
vn 0.717193 0.659604 -0.224849
v 0.0076898 -0.00152765 0.0552071
vn 0.855806 0.500329 -0.131403
v 0.00971671 -0.00637873 0.0567456
vn 0.73719 -0.0387271 -0.674574
v 0.00807356 -0.00521675 0.0543711
vn 0.904334 -0.035521 -0.425345
v 0.0076898 -0.00152765 0.0552071
vn 0.855806 0.500329 -0.131403
v 0.00895237 -0.0028749 0.0580352
vn 0.717193 0.659604 -0.224849
v 0.00971671 -0.00637873 0.0567456
vn 0.73719 -0.0387271 -0.674574
v 0.00807356 -0.00521675 0.0543711
vn 0.904334 -0.035521 -0.425345
v 0.00854015 -0.00909407 0.057129
vn 0.55215 -0.596251 -0.582765
v 0.00684533 -0.00918236 0.0545718
vn 0.753059 -0.561176 -0.343488
v 0.00807356 -0.00521675 0.0543711
vn 0.904334 -0.035521 -0.425345
v 0.00971671 -0.00637873 0.0567456
vn 0.73719 -0.0387271 -0.674574
v 0.00854015 -0.00909407 0.057129
vn 0.55215 -0.596251 -0.582765
v 0.00684533 -0.00918236 0.0545718
vn 0.753059 -0.561176 -0.343488
v 0.00595711 -0.0118048 0.0598295
vn 0.160329 -0.976721 -0.142513
v 0.00371437 -0.0124217 0.0566845
vn 0.404355 -0.914023 -0.0325418
v 0.00684533 -0.00918236 0.0545718
vn 0.753059 -0.561176 -0.343488
v 0.00854015 -0.00909407 0.057129
vn 0.55215 -0.596251 -0.582765
v 0.00595711 -0.0118048 0.0598295
vn 0.160329 -0.976721 -0.142513
v 0.00371437 -0.0124217 0.0566845
vn 0.404355 -0.914023 -0.0325418
v 0.00337965 -0.0113495 0.0623393
vn -0.0479402 -0.973551 0.223383
v -0.000758646 -0.0127907 0.0598056
vn 0.155779 -0.938735 0.307425
v 0.00371437 -0.0124217 0.0566845
vn 0.404355 -0.914023 -0.0325418
v 0.00595711 -0.0118048 0.0598295
vn 0.160329 -0.976721 -0.142513
v 0.00337965 -0.0113495 0.0623393
vn -0.0479402 -0.973551 0.223383
v -0.000758646 -0.0127907 0.0598056
vn 0.155779 -0.938735 0.307425
v 0.00131848 -0.0104645 0.0642688
vn -0.0778723 -0.926018 0.36936
v -0.00336279 -0.011867 0.0624008
vn 0.0379418 -0.881408 0.47083
v -0.000758646 -0.0127907 0.0598056
vn 0.155779 -0.938735 0.307425
v 0.00337965 -0.0113495 0.0623393
vn -0.0479402 -0.973551 0.223383
v 0.00131848 -0.0104645 0.0642688
vn -0.0778723 -0.926018 0.36936
v 0.00337965 -0.0113495 0.0623393
vn -0.0479402 -0.973551 0.223383
v 0.0066527 -0.011278 0.0665315
vn -0.249695 -0.932713 0.260191
v 0.00131848 -0.0104645 0.0642688
vn -0.0778723 -0.926018 0.36936
v 0.00337965 -0.0113495 0.0623393
vn -0.0479402 -0.973551 0.223383
v 0.00780512 -0.0117931 0.0650128
vn -0.206045 -0.971012 0.121163
v 0.0066527 -0.011278 0.0665315
vn -0.249695 -0.932713 0.260191
v 0.00131848 -0.0104645 0.0642688
vn -0.0778723 -0.926018 0.36936
v 0.00535578 -0.0101057 0.0685408
vn -0.311709 -0.77424 0.550809
v -0.000428936 -0.00937908 0.066485
vn -0.128662 -0.835068 0.534891
v 0.00131848 -0.0104645 0.0642688
vn -0.0778723 -0.926018 0.36936
v 0.0066527 -0.011278 0.0665315
vn -0.249695 -0.932713 0.260191
v 0.00535578 -0.0101057 0.0685408
vn -0.311709 -0.77424 0.550809
v -0.000428936 -0.00937908 0.066485
vn -0.128662 -0.835068 0.534891
v 0.0046737 -0.00891307 0.0692246
vn -0.311002 -0.39271 0.86548
v -0.00137246 -0.00792782 0.0680296
vn -0.177345 -0.444764 0.877914
v -0.000428936 -0.00937908 0.066485
vn -0.128662 -0.835068 0.534891
v 0.00535578 -0.0101057 0.0685408
vn -0.311709 -0.77424 0.550809
v 0.0046737 -0.00891307 0.0692246
vn -0.311002 -0.39271 0.86548
v -0.00137246 -0.00792782 0.0680296
vn -0.177345 -0.444764 0.877914
v 0.00505343 -0.00660278 0.0696028
vn -0.250144 0.0497049 0.966932
v -0.000991439 -0.00546462 0.0682938
vn -0.141376 0.0302655 0.989493
v -0.00137246 -0.00792782 0.0680296
vn -0.177345 -0.444764 0.877914
v 0.0046737 -0.00891307 0.0692246
vn -0.311002 -0.39271 0.86548
v 0.00505343 -0.00660278 0.0696028
vn -0.250144 0.0497049 0.966932
v -0.000991439 -0.00546462 0.0682938
vn -0.141376 0.0302655 0.989493
v 0.00569614 -0.00446334 0.0693083
vn -0.184519 0.312304 0.93189
v -0.00035093 -0.00290797 0.0679601
vn -0.0286725 0.274165 0.961255
v -0.000991439 -0.00546462 0.0682938
vn -0.141376 0.0302655 0.989493
v 0.00505343 -0.00660278 0.0696028
vn -0.250144 0.0497049 0.966932
v 0.00569614 -0.00446334 0.0693083
vn -0.184519 0.312304 0.93189
v -0.00035093 -0.00290797 0.0679601
vn -0.0286725 0.274165 0.961255
v 0.00649891 -0.00317293 0.0688131
vn 0.0424391 0.740871 0.670305
v 0.00134453 -0.000680741 0.0668117
vn 0.23132 0.715522 0.659181
v -0.00035093 -0.00290797 0.0679601
vn -0.0286725 0.274165 0.961255
v 0.00569614 -0.00446334 0.0693083
vn -0.184519 0.312304 0.93189
v 0.00649891 -0.00317293 0.0688131
vn 0.0424391 0.740871 0.670305
v 0.00134453 -0.000680741 0.0668117
vn 0.23132 0.715522 0.659181
v 0.0101018 -0.00278946 0.065063
vn 0.296868 0.950442 0.0923481
v 0.00578424 -0.00105384 0.0617267
vn 0.466819 0.866009 0.179188
v 0.00134453 -0.000680741 0.0668117
vn 0.23132 0.715522 0.659181
v 0.00649891 -0.00317293 0.0688131
vn 0.0424391 0.740871 0.670305
v 0.0101018 -0.00278946 0.065063
vn 0.296868 0.950442 0.0923481
v 0.00578424 -0.00105384 0.0617267
vn 0.466819 0.866009 0.179188
v 0.0131852 -0.00437887 0.0610287
vn 0.557508 0.704078 -0.43984
v 0.00895237 -0.0028749 0.0580352
vn 0.717193 0.659604 -0.224849
v 0.00578424 -0.00105384 0.0617267
vn 0.466819 0.866009 0.179188
v 0.0101018 -0.00278946 0.065063
vn 0.296868 0.950442 0.0923481
v 0.0131852 -0.00437887 0.0610287
vn 0.557508 0.704078 -0.43984
v 0.00895237 -0.0028749 0.0580352
vn 0.717193 0.659604 -0.224849
v 0.0133041 -0.00744077 0.0597361
vn 0.596438 -0.000355538 -0.802659
v 0.00971671 -0.00637873 0.0567456
vn 0.73719 -0.0387271 -0.674574
v 0.00895237 -0.0028749 0.0580352
vn 0.717193 0.659604 -0.224849
v 0.0131852 -0.00437887 0.0610287
vn 0.557508 0.704078 -0.43984
v 0.0133041 -0.00744077 0.0597361
vn 0.596438 -0.000355538 -0.802659
v 0.00971671 -0.00637873 0.0567456
vn 0.73719 -0.0387271 -0.674574
v 0.0121461 -0.0102972 0.0602202
vn 0.366355 -0.604198 -0.707622
v 0.00854015 -0.00909407 0.057129
vn 0.55215 -0.596251 -0.582765
v 0.00971671 -0.00637873 0.0567456
vn 0.73719 -0.0387271 -0.674574
v 0.0133041 -0.00744077 0.0597361
vn 0.596438 -0.000355538 -0.802659
v 0.0121461 -0.0102972 0.0602202
vn 0.366355 -0.604198 -0.707622
v 0.00854015 -0.00909407 0.057129
vn 0.55215 -0.596251 -0.582765
v 0.00990929 -0.0124398 0.0624545
vn -0.00195123 -0.965507 -0.26037
v 0.00595711 -0.0118048 0.0598295
vn 0.160329 -0.976721 -0.142513
v 0.00854015 -0.00909407 0.057129
vn 0.55215 -0.596251 -0.582765
v 0.0121461 -0.0102972 0.0602202
vn 0.366355 -0.604198 -0.707622
v 0.00990929 -0.0124398 0.0624545
vn -0.00195123 -0.965507 -0.26037
v 0.00595711 -0.0118048 0.0598295
vn 0.160329 -0.976721 -0.142513
v 0.00780512 -0.0117931 0.0650128
vn -0.206045 -0.971012 0.121163
v 0.00337965 -0.0113495 0.0623393
vn -0.0479402 -0.973551 0.223383
v 0.00595711 -0.0118048 0.0598295
vn 0.160329 -0.976721 -0.142513
v 0.00990929 -0.0124398 0.0624545
vn -0.00195123 -0.965507 -0.26037
v 0.00780512 -0.0117931 0.0650128
vn -0.206045 -0.971012 0.121163
v 0.00780512 -0.0117931 0.0650128
vn -0.206045 -0.971012 0.121163
v 0.0116792 -0.0120292 0.0690227
vn -0.292519 -0.904584 0.310098
v 0.0066527 -0.011278 0.0665315
vn -0.249695 -0.932713 0.260191
v 0.00780512 -0.0117931 0.0650128
vn -0.206045 -0.971012 0.121163
v 0.012732 -0.0126967 0.0673676
vn -0.226131 -0.96566 0.12793
v 0.0116792 -0.0120292 0.0690227
vn -0.292519 -0.904584 0.310098
v 0.0066527 -0.011278 0.0665315
vn -0.249695 -0.932713 0.260191
v 0.0105093 -0.0109207 0.0704927
vn -0.361298 -0.702067 0.613649
v 0.00535578 -0.0101057 0.0685408
vn -0.311709 -0.77424 0.550809
v 0.0066527 -0.011278 0.0665315
vn -0.249695 -0.932713 0.260191
v 0.0116792 -0.0120292 0.0690227
vn -0.292519 -0.904584 0.310098
v 0.0105093 -0.0109207 0.0704927
vn -0.361298 -0.702067 0.613649
v 0.00535578 -0.0101057 0.0685408
vn -0.311709 -0.77424 0.550809
v 0.0103045 -0.00968584 0.0711393
vn -0.376797 -0.304264 0.874899
v 0.0046737 -0.00891307 0.0692246
vn -0.311002 -0.39271 0.86548
v 0.00535578 -0.0101057 0.0685408
vn -0.311709 -0.77424 0.550809
v 0.0105093 -0.0109207 0.0704927
vn -0.361298 -0.702067 0.613649
v 0.0103045 -0.00968584 0.0711393
vn -0.376797 -0.304264 0.874899
v 0.0046737 -0.00891307 0.0692246
vn -0.311002 -0.39271 0.86548
v 0.010336 -0.0077596 0.0713893
vn -0.325575 0.0608951 0.943553
v 0.00505343 -0.00660278 0.0696028
vn -0.250144 0.0497049 0.966932
v 0.0046737 -0.00891307 0.0692246
vn -0.311002 -0.39271 0.86548
v 0.0103045 -0.00968584 0.0711393
vn -0.376797 -0.304264 0.874899
v 0.010336 -0.0077596 0.0713893
vn -0.325575 0.0608951 0.943553
v 0.00505343 -0.00660278 0.0696028
vn -0.250144 0.0497049 0.966932
v 0.0109312 -0.00581667 0.0710683
vn -0.271375 0.27275 0.923018
v 0.00569614 -0.00446334 0.0693083
vn -0.184519 0.312304 0.93189
v 0.00505343 -0.00660278 0.0696028
vn -0.250144 0.0497049 0.966932
v 0.010336 -0.0077596 0.0713893
vn -0.325575 0.0608951 0.943553
v 0.0109312 -0.00581667 0.0710683
vn -0.271375 0.27275 0.923018
v 0.00569614 -0.00446334 0.0693083
vn -0.184519 0.312304 0.93189
v 0.0115009 -0.00482196 0.0709014
vn -0.0759067 0.702936 0.707191
v 0.00649891 -0.00317293 0.0688131
vn 0.0424391 0.740871 0.670305
v 0.00569614 -0.00446334 0.0693083
vn -0.184519 0.312304 0.93189
v 0.0109312 -0.00581667 0.0710683
vn -0.271375 0.27275 0.923018
v 0.0115009 -0.00482196 0.0709014
vn -0.0759067 0.702936 0.707191
v 0.00649891 -0.00317293 0.0688131
vn 0.0424391 0.740871 0.670305
v 0.0143468 -0.00395128 0.0669773
vn 0.221361 0.97501 0.0188497
v 0.0101018 -0.00278946 0.065063
vn 0.296868 0.950442 0.0923481
v 0.00649891 -0.00317293 0.0688131
vn 0.0424391 0.740871 0.670305
v 0.0115009 -0.00482196 0.0709014
vn -0.0759067 0.702936 0.707191
v 0.0143468 -0.00395128 0.0669773
vn 0.221361 0.97501 0.0188497
v 0.0101018 -0.00278946 0.065063
vn 0.296868 0.950442 0.0923481
v 0.0166571 -0.00571451 0.0630252
vn 0.485128 0.664416 -0.568509
v 0.0131852 -0.00437887 0.0610287
vn 0.557508 0.704078 -0.43984
v 0.0101018 -0.00278946 0.065063
vn 0.296868 0.950442 0.0923481
v 0.0143468 -0.00395128 0.0669773
vn 0.221361 0.97501 0.0188497
v 0.0166571 -0.00571451 0.0630252
vn 0.485128 0.664416 -0.568509
v 0.0131852 -0.00437887 0.0610287
vn 0.557508 0.704078 -0.43984
v 0.0171138 -0.00843274 0.0623542
vn 0.51531 -0.0203994 -0.856761
v 0.0133041 -0.00744077 0.0597361
vn 0.596438 -0.000355538 -0.802659
v 0.0131852 -0.00437887 0.0610287
vn 0.557508 0.704078 -0.43984
v 0.0166571 -0.00571451 0.0630252
vn 0.485128 0.664416 -0.568509
v 0.0171138 -0.00843274 0.0623542
vn 0.51531 -0.0203994 -0.856761
v 0.0133041 -0.00744077 0.0597361
vn 0.596438 -0.000355538 -0.802659
v 0.0163797 -0.0112319 0.0630476
vn 0.333843 -0.589687 -0.735403
v 0.0121461 -0.0102972 0.0602202
vn 0.366355 -0.604198 -0.707622
v 0.0133041 -0.00744077 0.0597361
vn 0.596438 -0.000355538 -0.802659
v 0.0171138 -0.00843274 0.0623542
vn 0.51531 -0.0203994 -0.856761
v 0.0163797 -0.0112319 0.0630476
vn 0.333843 -0.589687 -0.735403
v 0.0121461 -0.0102972 0.0602202
vn 0.366355 -0.604198 -0.707622
v 0.0145022 -0.0131113 0.064909
vn 0.0218213 -0.954819 -0.296386
v 0.00990929 -0.0124398 0.0624545
vn -0.00195123 -0.965507 -0.26037
v 0.0121461 -0.0102972 0.0602202
vn 0.366355 -0.604198 -0.707622
v 0.0163797 -0.0112319 0.0630476
vn 0.333843 -0.589687 -0.735403
v 0.0145022 -0.0131113 0.064909
vn 0.0218213 -0.954819 -0.296386
v 0.00990929 -0.0124398 0.0624545
vn -0.00195123 -0.965507 -0.26037
v 0.012732 -0.0126967 0.0673676
vn -0.226131 -0.96566 0.12793
v 0.00780512 -0.0117931 0.0650128
vn -0.206045 -0.971012 0.121163
v 0.00990929 -0.0124398 0.0624545
vn -0.00195123 -0.965507 -0.26037
v 0.0145022 -0.0131113 0.064909
vn 0.0218213 -0.954819 -0.296386
v 0.012732 -0.0126967 0.0673676
vn -0.226131 -0.96566 0.12793
v 0.0109312 -0.00581667 0.0710683
vn -0.271375 0.27275 0.923018
v 0.0154613 -0.00603996 0.0725121
vn -0.140642 0.691546 0.708508
v 0.0115009 -0.00482196 0.0709014
vn -0.0759067 0.702936 0.707191
v 0.0109312 -0.00581667 0.0710683
vn -0.271375 0.27275 0.923018
v 0.0150527 -0.00714341 0.0728581
vn -0.325392 0.299794 0.896796
v 0.0154613 -0.00603996 0.0725121
vn -0.140642 0.691546 0.708508
v 0.0115009 -0.00482196 0.0709014
vn -0.0759067 0.702936 0.707191
v 0.0179154 -0.0047056 0.0693842
vn 0.142301 0.983348 0.113036
v 0.0143468 -0.00395128 0.0669773
vn 0.221361 0.97501 0.0188497
v 0.0115009 -0.00482196 0.0709014
vn -0.0759067 0.702936 0.707191
v 0.0154613 -0.00603996 0.0725121
vn -0.140642 0.691546 0.708508
v 0.0179154 -0.0047056 0.0693842
vn 0.142301 0.983348 0.113036
v 0.0143468 -0.00395128 0.0669773
vn 0.221361 0.97501 0.0188497
v 0.0207345 -0.00623451 0.0655169
vn 0.409792 0.719122 -0.561191
v 0.0166571 -0.00571451 0.0630252
vn 0.485128 0.664416 -0.568509
v 0.0143468 -0.00395128 0.0669773
vn 0.221361 0.97501 0.0188497
v 0.0179154 -0.0047056 0.0693842
vn 0.142301 0.983348 0.113036
v 0.0207345 -0.00623451 0.0655169
vn 0.409792 0.719122 -0.561191
v 0.0166571 -0.00571451 0.0630252
vn 0.485128 0.664416 -0.568509
v 0.021264 -0.0090515 0.0646784
vn 0.466365 0.0186614 -0.884395
v 0.0171138 -0.00843274 0.0623542
vn 0.51531 -0.0203994 -0.856761
v 0.0166571 -0.00571451 0.0630252
vn 0.485128 0.664416 -0.568509
v 0.0207345 -0.00623451 0.0655169
vn 0.409792 0.719122 -0.561191
v 0.021264 -0.0090515 0.0646784
vn 0.466365 0.0186614 -0.884395
v 0.0171138 -0.00843274 0.0623542
vn 0.51531 -0.0203994 -0.856761
v 0.0205067 -0.0120307 0.0653168
vn 0.282184 -0.590784 -0.755875
v 0.0163797 -0.0112319 0.0630476
vn 0.333843 -0.589687 -0.735403
v 0.0171138 -0.00843274 0.0623542
vn 0.51531 -0.0203994 -0.856761
v 0.021264 -0.0090515 0.0646784
vn 0.466365 0.0186614 -0.884395
v 0.0205067 -0.0120307 0.0653168
vn 0.282184 -0.590784 -0.755875
v 0.0163797 -0.0112319 0.0630476
vn 0.333843 -0.589687 -0.735403
v 0.0184777 -0.0138424 0.0674478
vn -0.0328113 -0.963724 -0.264875
v 0.0145022 -0.0131113 0.064909
vn 0.0218213 -0.954819 -0.296386
v 0.0163797 -0.0112319 0.0630476
vn 0.333843 -0.589687 -0.735403
v 0.0205067 -0.0120307 0.0653168
vn 0.282184 -0.590784 -0.755875
v 0.0184777 -0.0138424 0.0674478
vn -0.0328113 -0.963724 -0.264875
v 0.0145022 -0.0131113 0.064909
vn 0.0218213 -0.954819 -0.296386
v 0.0170297 -0.013427 0.0695118
vn -0.236233 -0.962107 0.136173
v 0.012732 -0.0126967 0.0673676
vn -0.226131 -0.96566 0.12793
v 0.0145022 -0.0131113 0.064909
vn 0.0218213 -0.954819 -0.296386
v 0.0184777 -0.0138424 0.0674478
vn -0.0328113 -0.963724 -0.264875
v 0.0170297 -0.013427 0.0695118
vn -0.236233 -0.962107 0.136173
v 0.012732 -0.0126967 0.0673676
vn -0.226131 -0.96566 0.12793
v 0.015848 -0.0126876 0.0712485
vn -0.324259 -0.87704 0.354482
v 0.0116792 -0.0120292 0.0690227
vn -0.292519 -0.904584 0.310098
v 0.012732 -0.0126967 0.0673676
vn -0.226131 -0.96566 0.12793
v 0.0170297 -0.013427 0.0695118
vn -0.236233 -0.962107 0.136173
v 0.015848 -0.0126876 0.0712485
vn -0.324259 -0.87704 0.354482
v 0.0116792 -0.0120292 0.0690227
vn -0.292519 -0.904584 0.310098
v 0.0149287 -0.0114292 0.0726088
vn -0.425316 -0.613151 0.665697
v 0.0105093 -0.0109207 0.0704927
vn -0.361298 -0.702067 0.613649
v 0.0116792 -0.0120292 0.0690227
vn -0.292519 -0.904584 0.310098
v 0.015848 -0.0126876 0.0712485
vn -0.324259 -0.87704 0.354482
v 0.0149287 -0.0114292 0.0726088
vn -0.425316 -0.613151 0.665697
v 0.0105093 -0.0109207 0.0704927
vn -0.361298 -0.702067 0.613649
v 0.0145665 -0.0101109 0.0730216
vn -0.444248 -0.178141 0.878014
v 0.0103045 -0.00968584 0.0711393
vn -0.376797 -0.304264 0.874899
v 0.0105093 -0.0109207 0.0704927
vn -0.361298 -0.702067 0.613649
v 0.0149287 -0.0114292 0.0726088
vn -0.425316 -0.613151 0.665697
v 0.0145665 -0.0101109 0.0730216
vn -0.444248 -0.178141 0.878014
v 0.0103045 -0.00968584 0.0711393
vn -0.376797 -0.304264 0.874899
v 0.0147721 -0.00850463 0.0730602
vn -0.388625 0.115434 0.914136
v 0.010336 -0.0077596 0.0713893
vn -0.325575 0.0608951 0.943553
v 0.0103045 -0.00968584 0.0711393
vn -0.376797 -0.304264 0.874899
v 0.0145665 -0.0101109 0.0730216
vn -0.444248 -0.178141 0.878014
v 0.0147721 -0.00850463 0.0730602
vn -0.388625 0.115434 0.914136
v 0.010336 -0.0077596 0.0713893
vn -0.325575 0.0608951 0.943553
v 0.0150527 -0.00714341 0.0728581
vn -0.325392 0.299794 0.896796
v 0.0109312 -0.00581667 0.0710683
vn -0.271375 0.27275 0.923018
v 0.010336 -0.0077596 0.0713893
vn -0.325575 0.0608951 0.943553
v 0.0147721 -0.00850463 0.0730602
vn -0.388625 0.115434 0.914136
v 0.0150527 -0.00714341 0.0728581
vn -0.325392 0.299794 0.896796
v 0.0145665 -0.0101109 0.0730216
vn -0.444248 -0.178141 0.878014
v 0.0200939 -0.00958098 0.0757528
vn -0.422213 0.123389 0.898059
v 0.0147721 -0.00850463 0.0730602
vn -0.388625 0.115434 0.914136
v 0.0145665 -0.0101109 0.0730216
vn -0.444248 -0.178141 0.878014
v 0.0199085 -0.0112563 0.075609
vn -0.45033 -0.279357 0.848035
v 0.0200939 -0.00958098 0.0757528
vn -0.422213 0.123389 0.898059
v 0.0147721 -0.00850463 0.0730602
vn -0.388625 0.115434 0.914136
v 0.0204235 -0.00818819 0.0754593
vn -0.359371 0.3688 0.857227
v 0.0150527 -0.00714341 0.0728581
vn -0.325392 0.299794 0.896796
v 0.0147721 -0.00850463 0.0730602
vn -0.388625 0.115434 0.914136
v 0.0200939 -0.00958098 0.0757528
vn -0.422213 0.123389 0.898059
v 0.0204235 -0.00818819 0.0754593
vn -0.359371 0.3688 0.857227
v 0.0150527 -0.00714341 0.0728581
vn -0.325392 0.299794 0.896796
v 0.0208907 -0.00703162 0.0750054
vn -0.19848 0.72715 0.657159
v 0.0154613 -0.00603996 0.0725121
vn -0.140642 0.691546 0.708508
v 0.0150527 -0.00714341 0.0728581
vn -0.325392 0.299794 0.896796
v 0.0204235 -0.00818819 0.0754593
vn -0.359371 0.3688 0.857227
v 0.0208907 -0.00703162 0.0750054
vn -0.19848 0.72715 0.657159
v 0.0154613 -0.00603996 0.0725121
vn -0.140642 0.691546 0.708508
v 0.023436 -0.00554473 0.0717641
vn 0.0585697 0.993671 0.095853
v 0.0179154 -0.0047056 0.0693842
vn 0.142301 0.983348 0.113036
v 0.0154613 -0.00603996 0.0725121
vn -0.140642 0.691546 0.708508
v 0.0208907 -0.00703162 0.0750054
vn -0.19848 0.72715 0.657159
v 0.023436 -0.00554473 0.0717641
vn 0.0585697 0.993671 0.095853
v 0.0179154 -0.0047056 0.0693842
vn 0.142301 0.983348 0.113036
v 0.0258857 -0.00685637 0.0681012
vn 0.313779 0.718 -0.621303
v 0.0207345 -0.00623451 0.0655169
vn 0.409792 0.719122 -0.561191
v 0.0179154 -0.0047056 0.0693842
vn 0.142301 0.983348 0.113036
v 0.023436 -0.00554473 0.0717641
vn 0.0585697 0.993671 0.095853
v 0.0258857 -0.00685637 0.0681012
vn 0.313779 0.718 -0.621303
v 0.0207345 -0.00623451 0.0655169
vn 0.409792 0.719122 -0.561191
v 0.0265758 -0.00940405 0.0673653
vn 0.414719 0.085932 -0.905883
v 0.021264 -0.0090515 0.0646784
vn 0.466365 0.0186614 -0.884395
v 0.0207345 -0.00623451 0.0655169
vn 0.409792 0.719122 -0.561191
v 0.0258857 -0.00685637 0.0681012
vn 0.313779 0.718 -0.621303
v 0.0265758 -0.00940405 0.0673653
vn 0.414719 0.085932 -0.905883
v 0.021264 -0.0090515 0.0646784
vn 0.466365 0.0186614 -0.884395
v 0.0258623 -0.0130033 0.067895
vn 0.242999 -0.551891 -0.797727
v 0.0205067 -0.0120307 0.0653168
vn 0.282184 -0.590784 -0.755875
v 0.021264 -0.0090515 0.0646784
vn 0.466365 0.0186614 -0.884395
v 0.0265758 -0.00940405 0.0673653
vn 0.414719 0.085932 -0.905883
v 0.0258623 -0.0130033 0.067895
vn 0.242999 -0.551891 -0.797727
v 0.0205067 -0.0120307 0.0653168
vn 0.282184 -0.590784 -0.755875
v 0.0239337 -0.0146791 0.0699069
vn -0.0471148 -0.946333 -0.31974
v 0.0184777 -0.0138424 0.0674478
vn -0.0328113 -0.963724 -0.264875
v 0.0205067 -0.0120307 0.0653168
vn 0.282184 -0.590784 -0.755875
v 0.0258623 -0.0130033 0.067895
vn 0.242999 -0.551891 -0.797727
v 0.0239337 -0.0146791 0.0699069
vn -0.0471148 -0.946333 -0.31974
v 0.0184777 -0.0138424 0.0674478
vn -0.0328113 -0.963724 -0.264875
v 0.022508 -0.0144466 0.0718495
vn -0.245002 -0.963707 0.106027
v 0.0170297 -0.013427 0.0695118
vn -0.236233 -0.962107 0.136173
v 0.0184777 -0.0138424 0.0674478
vn -0.0328113 -0.963724 -0.264875
v 0.0239337 -0.0146791 0.0699069
vn -0.0471148 -0.946333 -0.31974
v 0.022508 -0.0144466 0.0718495
vn -0.245002 -0.963707 0.106027
v 0.0170297 -0.013427 0.0695118
vn -0.236233 -0.962107 0.136173
v 0.0213458 -0.0136905 0.0735501
vn -0.320402 -0.888428 0.328691
v 0.015848 -0.0126876 0.0712485
vn -0.324259 -0.87704 0.354482
v 0.0170297 -0.013427 0.0695118
vn -0.236233 -0.962107 0.136173
v 0.022508 -0.0144466 0.0718495
vn -0.245002 -0.963707 0.106027
v 0.0213458 -0.0136905 0.0735501
vn -0.320402 -0.888428 0.328691
v 0.015848 -0.0126876 0.0712485
vn -0.324259 -0.87704 0.354482
v 0.0203645 -0.0125466 0.0749863
vn -0.400043 -0.688543 0.604875
v 0.0149287 -0.0114292 0.0726088
vn -0.425316 -0.613151 0.665697
v 0.015848 -0.0126876 0.0712485
vn -0.324259 -0.87704 0.354482
v 0.0213458 -0.0136905 0.0735501
vn -0.320402 -0.888428 0.328691
v 0.0203645 -0.0125466 0.0749863
vn -0.400043 -0.688543 0.604875
v 0.0149287 -0.0114292 0.0726088
vn -0.425316 -0.613151 0.665697
v 0.0199085 -0.0112563 0.075609
vn -0.45033 -0.279357 0.848035
v 0.0145665 -0.0101109 0.0730216
vn -0.444248 -0.178141 0.878014
v 0.0149287 -0.0114292 0.0726088
vn -0.425316 -0.613151 0.665697
v 0.0203645 -0.0125466 0.0749863
vn -0.400043 -0.688543 0.604875
v 0.0199085 -0.0112563 0.075609
vn -0.45033 -0.279357 0.848035
v 0.0213458 -0.0136905 0.0735501
vn -0.320402 -0.888428 0.328691
v 0.0255173 -0.0129967 0.0782773
vn -0.566354 -0.512339 0.645563
v 0.0203645 -0.0125466 0.0749863
vn -0.400043 -0.688543 0.604875
v 0.0213458 -0.0136905 0.0735501
vn -0.320402 -0.888428 0.328691
v 0.0265261 -0.0146905 0.0765822
vn -0.402473 -0.847018 0.34724
v 0.0255173 -0.0129967 0.0782773
vn -0.566354 -0.512339 0.645563
v 0.0203645 -0.0125466 0.0749863
vn -0.400043 -0.688543 0.604875
v 0.0253014 -0.0114042 0.0785498
vn -0.584708 -0.0308075 0.810658
v 0.0199085 -0.0112563 0.075609
vn -0.45033 -0.279357 0.848035
v 0.0203645 -0.0125466 0.0749863
vn -0.400043 -0.688543 0.604875
v 0.0255173 -0.0129967 0.0782773
vn -0.566354 -0.512339 0.645563
v 0.0253014 -0.0114042 0.0785498
vn -0.584708 -0.0308075 0.810658
v 0.0199085 -0.0112563 0.075609
vn -0.45033 -0.279357 0.848035
v 0.0256203 -0.00973148 0.0784204
vn -0.529803 0.257894 0.80796
v 0.0200939 -0.00958098 0.0757528
vn -0.422213 0.123389 0.898059
v 0.0199085 -0.0112563 0.075609
vn -0.45033 -0.279357 0.848035
v 0.0253014 -0.0114042 0.0785498
vn -0.584708 -0.0308075 0.810658
v 0.0256203 -0.00973148 0.0784204
vn -0.529803 0.257894 0.80796
v 0.0200939 -0.00958098 0.0757528
vn -0.422213 0.123389 0.898059
v 0.0259692 -0.00839137 0.0780528
vn -0.43188 0.528412 0.730931
v 0.0204235 -0.00818819 0.0754593
vn -0.359371 0.3688 0.857227
v 0.0200939 -0.00958098 0.0757528
vn -0.422213 0.123389 0.898059
v 0.0256203 -0.00973148 0.0784204
vn -0.529803 0.257894 0.80796
v 0.0259692 -0.00839137 0.0780528
vn -0.43188 0.528412 0.730931
v 0.0204235 -0.00818819 0.0754593
vn -0.359371 0.3688 0.857227
v 0.0264458 -0.00751225 0.0774218
vn -0.242088 0.824766 0.511032
v 0.0208907 -0.00703162 0.0750054
vn -0.19848 0.72715 0.657159
v 0.0204235 -0.00818819 0.0754593
vn -0.359371 0.3688 0.857227
v 0.0259692 -0.00839137 0.0780528
vn -0.43188 0.528412 0.730931
v 0.0264458 -0.00751225 0.0774218
vn -0.242088 0.824766 0.511032
v 0.0208907 -0.00703162 0.0750054
vn -0.19848 0.72715 0.657159
v 0.0287988 -0.0061555 0.074553
vn -0.0252382 0.984385 0.174213
v 0.023436 -0.00554473 0.0717641
vn 0.0585697 0.993671 0.095853
v 0.0208907 -0.00703162 0.0750054
vn -0.19848 0.72715 0.657159
v 0.0264458 -0.00751225 0.0774218
vn -0.242088 0.824766 0.511032
v 0.0287988 -0.0061555 0.074553
vn -0.0252382 0.984385 0.174213
v 0.023436 -0.00554473 0.0717641
vn 0.0585697 0.993671 0.095853
v 0.0312284 -0.00639663 0.0705129
vn 0.333183 0.753657 -0.566561
v 0.0258857 -0.00685637 0.0681012
vn 0.313779 0.718 -0.621303
v 0.023436 -0.00554473 0.0717641
vn 0.0585697 0.993671 0.095853
v 0.0287988 -0.0061555 0.074553
vn -0.0252382 0.984385 0.174213
v 0.0312284 -0.00639663 0.0705129
vn 0.333183 0.753657 -0.566561
v 0.0258857 -0.00685637 0.0681012
vn 0.313779 0.718 -0.621303
v 0.031797 -0.00978337 0.0695944
vn 0.530571 0.109683 -0.840514
v 0.0265758 -0.00940405 0.0673653
vn 0.414719 0.085932 -0.905883
v 0.0258857 -0.00685637 0.0681012
vn 0.313779 0.718 -0.621303
v 0.0312284 -0.00639663 0.0705129
vn 0.333183 0.753657 -0.566561
v 0.031797 -0.00978337 0.0695944
vn 0.530571 0.109683 -0.840514
v 0.0265758 -0.00940405 0.0673653
vn 0.414719 0.085932 -0.905883
v 0.0313195 -0.0135297 0.0698032
vn 0.395673 -0.441131 -0.80551
v 0.0258623 -0.0130033 0.067895
vn 0.242999 -0.551891 -0.797727
v 0.0265758 -0.00940405 0.0673653
vn 0.414719 0.085932 -0.905883
v 0.031797 -0.00978337 0.0695944
vn 0.530571 0.109683 -0.840514
v 0.0313195 -0.0135297 0.0698032
vn 0.395673 -0.441131 -0.80551
v 0.0258623 -0.0130033 0.067895
vn 0.242999 -0.551891 -0.797727
v 0.0297544 -0.0156829 0.0718069
vn 0.0586166 -0.904569 -0.422278
v 0.0239337 -0.0146791 0.0699069
vn -0.0471148 -0.946333 -0.31974
v 0.0258623 -0.0130033 0.067895
vn 0.242999 -0.551891 -0.797727
v 0.0313195 -0.0135297 0.0698032
vn 0.395673 -0.441131 -0.80551
v 0.0297544 -0.0156829 0.0718069
vn 0.0586166 -0.904569 -0.422278
v 0.0239337 -0.0146791 0.0699069
vn -0.0471148 -0.946333 -0.31974
v 0.027967 -0.0158308 0.0743883
vn -0.244613 -0.96812 0.0539338
v 0.022508 -0.0144466 0.0718495
vn -0.245002 -0.963707 0.106027
v 0.0239337 -0.0146791 0.0699069
vn -0.0471148 -0.946333 -0.31974
v 0.0297544 -0.0156829 0.0718069
vn 0.0586166 -0.904569 -0.422278
v 0.027967 -0.0158308 0.0743883
vn -0.244613 -0.96812 0.0539338
v 0.022508 -0.0144466 0.0718495
vn -0.245002 -0.963707 0.106027
v 0.0265261 -0.0146905 0.0765822
vn -0.402473 -0.847018 0.34724
v 0.0213458 -0.0136905 0.0735501
vn -0.320402 -0.888428 0.328691
v 0.022508 -0.0144466 0.0718495
vn -0.245002 -0.963707 0.106027
v 0.027967 -0.0158308 0.0743883
vn -0.244613 -0.96812 0.0539338
v 0.0265261 -0.0146905 0.0765822
vn -0.402473 -0.847018 0.34724
v 0.0264458 -0.00751225 0.0774218
vn -0.242088 0.824766 0.511032
v 0.0334865 -0.00622657 0.0766813
vn -0.0659538 0.991985 0.107776
v 0.0287988 -0.0061555 0.074553
vn -0.0252382 0.984385 0.174213
v 0.0264458 -0.00751225 0.0774218
vn -0.242088 0.824766 0.511032
v 0.0312379 -0.00717533 0.0801599
vn -0.203109 0.919357 0.336942
v 0.0334865 -0.00622657 0.0766813
vn -0.0659538 0.991985 0.107776
v 0.0287988 -0.0061555 0.074553
vn -0.0252382 0.984385 0.174213
v 0.0353587 -0.00632693 0.0729657
vn 0.388414 0.701193 -0.597882
v 0.0312284 -0.00639663 0.0705129
vn 0.333183 0.753657 -0.566561
v 0.0287988 -0.0061555 0.074553
vn -0.0252382 0.984385 0.174213
v 0.0334865 -0.00622657 0.0766813
vn -0.0659538 0.991985 0.107776
v 0.0353587 -0.00632693 0.0729657
vn 0.388414 0.701193 -0.597882
v 0.0312284 -0.00639663 0.0705129
vn 0.333183 0.753657 -0.566561
v 0.0358751 -0.0108528 0.0730139
vn 0.572806 -0.00663958 -0.819664
v 0.031797 -0.00978337 0.0695944
vn 0.530571 0.109683 -0.840514
v 0.0312284 -0.00639663 0.0705129
vn 0.333183 0.753657 -0.566561
v 0.0353587 -0.00632693 0.0729657
vn 0.388414 0.701193 -0.597882
v 0.0358751 -0.0108528 0.0730139
vn 0.572806 -0.00663958 -0.819664
v 0.031797 -0.00978337 0.0695944
vn 0.530571 0.109683 -0.840514
v 0.0355761 -0.0139133 0.0731784
vn 0.513759 -0.341459 -0.787056
v 0.0313195 -0.0135297 0.0698032
vn 0.395673 -0.441131 -0.80551
v 0.031797 -0.00978337 0.0695944
vn 0.530571 0.109683 -0.840514
v 0.0358751 -0.0108528 0.0730139
vn 0.572806 -0.00663958 -0.819664
v 0.0355761 -0.0139133 0.0731784
vn 0.513759 -0.341459 -0.787056
v 0.0313195 -0.0135297 0.0698032
vn 0.395673 -0.441131 -0.80551
v 0.0344457 -0.015977 0.0741981
vn 0.192934 -0.779886 -0.595445
v 0.0297544 -0.0156829 0.0718069
vn 0.0586166 -0.904569 -0.422278
v 0.0313195 -0.0135297 0.0698032
vn 0.395673 -0.441131 -0.80551
v 0.0355761 -0.0139133 0.0731784
vn 0.513759 -0.341459 -0.787056
v 0.0344457 -0.015977 0.0741981
vn 0.192934 -0.779886 -0.595445
v 0.0297544 -0.0156829 0.0718069
vn 0.0586166 -0.904569 -0.422278
v 0.0322482 -0.0167952 0.0769329
vn -0.296923 -0.954745 0.0172738
v 0.027967 -0.0158308 0.0743883
vn -0.244613 -0.96812 0.0539338
v 0.0297544 -0.0156829 0.0718069
vn 0.0586166 -0.904569 -0.422278
v 0.0344457 -0.015977 0.0741981
vn 0.192934 -0.779886 -0.595445
v 0.0322482 -0.0167952 0.0769329
vn -0.296923 -0.954745 0.0172738
v 0.027967 -0.0158308 0.0743883
vn -0.244613 -0.96812 0.0539338
v 0.0309039 -0.0156432 0.079001
vn -0.324823 -0.888489 0.324157
v 0.0265261 -0.0146905 0.0765822
vn -0.402473 -0.847018 0.34724
v 0.027967 -0.0158308 0.0743883
vn -0.244613 -0.96812 0.0539338
v 0.0322482 -0.0167952 0.0769329
vn -0.296923 -0.954745 0.0172738
v 0.0309039 -0.0156432 0.079001
vn -0.324823 -0.888489 0.324157
v 0.0265261 -0.0146905 0.0765822
vn -0.402473 -0.847018 0.34724
v 0.0296888 -0.0144157 0.0809545
vn -0.457782 -0.708014 0.537728
v 0.0255173 -0.0129967 0.0782773
vn -0.566354 -0.512339 0.645563
v 0.0265261 -0.0146905 0.0765822
vn -0.402473 -0.847018 0.34724
v 0.0309039 -0.0156432 0.079001
vn -0.324823 -0.888489 0.324157
v 0.0296888 -0.0144157 0.0809545
vn -0.457782 -0.708014 0.537728
v 0.0255173 -0.0129967 0.0782773
vn -0.566354 -0.512339 0.645563
v 0.0292205 -0.012539 0.0818536
vn -0.581695 -0.188691 0.791219
v 0.0253014 -0.0114042 0.0785498
vn -0.584708 -0.0308075 0.810658
v 0.0255173 -0.0129967 0.0782773
vn -0.566354 -0.512339 0.645563
v 0.0296888 -0.0144157 0.0809545
vn -0.457782 -0.708014 0.537728
v 0.0292205 -0.012539 0.0818536
vn -0.581695 -0.188691 0.791219
v 0.0253014 -0.0114042 0.0785498
vn -0.584708 -0.0308075 0.810658
v 0.0296297 -0.0100996 0.081941
vn -0.514653 0.232237 0.825347
v 0.0256203 -0.00973148 0.0784204
vn -0.529803 0.257894 0.80796
v 0.0253014 -0.0114042 0.0785498
vn -0.584708 -0.0308075 0.810658
v 0.0292205 -0.012539 0.0818536
vn -0.581695 -0.188691 0.791219
v 0.0296297 -0.0100996 0.081941
vn -0.514653 0.232237 0.825347
v 0.0256203 -0.00973148 0.0784204
vn -0.529803 0.257894 0.80796
v 0.0303435 -0.00816423 0.0814656
vn -0.389398 0.625475 0.676129
v 0.0259692 -0.00839137 0.0780528
vn -0.43188 0.528412 0.730931
v 0.0256203 -0.00973148 0.0784204
vn -0.529803 0.257894 0.80796
v 0.0296297 -0.0100996 0.081941
vn -0.514653 0.232237 0.825347
v 0.0303435 -0.00816423 0.0814656
vn -0.389398 0.625475 0.676129
v 0.0259692 -0.00839137 0.0780528
vn -0.43188 0.528412 0.730931
v 0.0312379 -0.00717533 0.0801599
vn -0.203109 0.919357 0.336942
v 0.0264458 -0.00751225 0.0774218
vn -0.242088 0.824766 0.511032
v 0.0259692 -0.00839137 0.0780528
vn -0.43188 0.528412 0.730931
v 0.0303435 -0.00816423 0.0814656
vn -0.389398 0.625475 0.676129
v 0.0312379 -0.00717533 0.0801599
vn -0.203109 0.919357 0.336942
v 0.0334865 -0.00622657 0.0766813
vn -0.0659538 0.991985 0.107776
v 0.0395428 -0.00586469 0.0772538
vn 0.259522 0.863901 -0.431651
v 0.0353587 -0.00632693 0.0729657
vn 0.388414 0.701193 -0.597882
v 0.0334865 -0.00622657 0.0766813
vn -0.0659538 0.991985 0.107776
v 0.0379287 -0.00635128 0.0789347
vn -0.159588 0.972704 0.16846
v 0.0395428 -0.00586469 0.0772538
vn 0.259522 0.863901 -0.431651
v 0.0353587 -0.00632693 0.0729657
vn 0.388414 0.701193 -0.597882
v 0.0401404 -0.01148 0.075734
vn 0.409651 0.108441 -0.905774
v 0.0358751 -0.0108528 0.0730139
vn 0.572806 -0.00663958 -0.819664
v 0.0353587 -0.00632693 0.0729657
vn 0.388414 0.701193 -0.597882
v 0.0395428 -0.00586469 0.0772538
vn 0.259522 0.863901 -0.431651
v 0.0401404 -0.01148 0.075734
vn 0.409651 0.108441 -0.905774
v 0.0358751 -0.0108528 0.0730139
vn 0.572806 -0.00663958 -0.819664
v 0.0397919 -0.0147719 0.075968
vn 0.285307 -0.368317 -0.88484
v 0.0355761 -0.0139133 0.0731784
vn 0.513759 -0.341459 -0.787056
v 0.0358751 -0.0108528 0.0730139
vn 0.572806 -0.00663958 -0.819664
v 0.0401404 -0.01148 0.075734
vn 0.409651 0.108441 -0.905774
v 0.0397919 -0.0147719 0.075968
vn 0.285307 -0.368317 -0.88484
v 0.0355761 -0.0139133 0.0731784
vn 0.513759 -0.341459 -0.787056
v 0.0385967 -0.0172401 0.0770244
vn 0.310173 -0.655805 -0.688267
v 0.0344457 -0.015977 0.0741981
vn 0.192934 -0.779886 -0.595445
v 0.0355761 -0.0139133 0.0731784
vn 0.513759 -0.341459 -0.787056
v 0.0397919 -0.0147719 0.075968
vn 0.285307 -0.368317 -0.88484
v 0.0385967 -0.0172401 0.0770244
vn 0.310173 -0.655805 -0.688267
v 0.0344457 -0.015977 0.0741981
vn 0.192934 -0.779886 -0.595445
v 0.0373117 -0.02 0.0795103
vn -0.129331 -0.991601 7.91767e-05
v 0.0322482 -0.0167952 0.0769329
vn -0.296923 -0.954745 0.0172738
v 0.0344457 -0.015977 0.0741981
vn 0.192934 -0.779886 -0.595445
v 0.0385967 -0.0172401 0.0770244
vn 0.310173 -0.655805 -0.688267
v 0.0373117 -0.02 0.0795103
vn -0.129331 -0.991601 7.91767e-05
v 0.0322482 -0.0167952 0.0769329
vn -0.296923 -0.954745 0.0172738
v 0.0356675 -0.0163114 0.0814119
vn -0.441049 -0.7275 0.525566
v 0.0309039 -0.0156432 0.079001
vn -0.324823 -0.888489 0.324157
v 0.0322482 -0.0167952 0.0769329
vn -0.296923 -0.954745 0.0172738
v 0.0373117 -0.02 0.0795103
vn -0.129331 -0.991601 7.91767e-05
v 0.0356675 -0.0163114 0.0814119
vn -0.441049 -0.7275 0.525566
v 0.0309039 -0.0156432 0.079001
vn -0.324823 -0.888489 0.324157
v 0.0349819 -0.0149904 0.0834476
vn -0.311759 -0.803062 0.507837
v 0.0296888 -0.0144157 0.0809545
vn -0.457782 -0.708014 0.537728
v 0.0309039 -0.0156432 0.079001
vn -0.324823 -0.888489 0.324157
v 0.0356675 -0.0163114 0.0814119
vn -0.441049 -0.7275 0.525566
v 0.0349819 -0.0149904 0.0834476
vn -0.311759 -0.803062 0.507837
v 0.0296888 -0.0144157 0.0809545
vn -0.457782 -0.708014 0.537728
v 0.0343636 -0.0133619 0.085159
vn -0.48331 -0.266669 0.833846
v 0.0292205 -0.012539 0.0818536
vn -0.581695 -0.188691 0.791219
v 0.0296888 -0.0144157 0.0809545
vn -0.457782 -0.708014 0.537728
v 0.0349819 -0.0149904 0.0834476
vn -0.311759 -0.803062 0.507837
v 0.0343636 -0.0133619 0.085159
vn -0.48331 -0.266669 0.833846
v 0.0292205 -0.012539 0.0818536
vn -0.581695 -0.188691 0.791219
v 0.0345512 -0.0108707 0.0844773
vn -0.397595 0.360235 0.843889
v 0.0296297 -0.0100996 0.081941
vn -0.514653 0.232237 0.825347
v 0.0292205 -0.012539 0.0818536
vn -0.581695 -0.188691 0.791219
v 0.0343636 -0.0133619 0.085159
vn -0.48331 -0.266669 0.833846
v 0.0345512 -0.0108707 0.0844773
vn -0.397595 0.360235 0.843889
v 0.0296297 -0.0100996 0.081941
vn -0.514653 0.232237 0.825347
v 0.0350833 -0.00885836 0.0835574
vn -0.265848 0.560076 0.784627
v 0.0303435 -0.00816423 0.0814656
vn -0.389398 0.625475 0.676129
v 0.0296297 -0.0100996 0.081941
vn -0.514653 0.232237 0.825347
v 0.0345512 -0.0108707 0.0844773
vn -0.397595 0.360235 0.843889
v 0.0350833 -0.00885836 0.0835574
vn -0.265848 0.560076 0.784627
v 0.0303435 -0.00816423 0.0814656
vn -0.389398 0.625475 0.676129
v 0.0357609 -0.00748708 0.0825412
vn -0.174216 0.823656 0.539667
v 0.0312379 -0.00717533 0.0801599
vn -0.203109 0.919357 0.336942
v 0.0303435 -0.00816423 0.0814656
vn -0.389398 0.625475 0.676129
v 0.0350833 -0.00885836 0.0835574
vn -0.265848 0.560076 0.784627
v 0.0357609 -0.00748708 0.0825412
vn -0.174216 0.823656 0.539667
v 0.0312379 -0.00717533 0.0801599
vn -0.203109 0.919357 0.336942
v 0.0379287 -0.00635128 0.0789347
vn -0.159588 0.972704 0.16846
v 0.0334865 -0.00622657 0.0766813
vn -0.0659538 0.991985 0.107776
v 0.0312379 -0.00717533 0.0801599
vn -0.203109 0.919357 0.336942
v 0.0357609 -0.00748708 0.0825412
vn -0.174216 0.823656 0.539667
v 0.0379287 -0.00635128 0.0789347
vn -0.159588 0.972704 0.16846
v 0.0357609 -0.00748708 0.0825412
vn -0.174216 0.823656 0.539667
v 0.0416121 -0.00572233 0.0817642
vn -0.0502943 0.929468 0.365459
v 0.0379287 -0.00635128 0.0789347
vn -0.159588 0.972704 0.16846
v 0.0357609 -0.00748708 0.0825412
vn -0.174216 0.823656 0.539667
v 0.0397349 -0.00808453 0.0839449
vn -0.157344 0.735836 0.658625
v 0.0416121 -0.00572233 0.0817642
vn -0.0502943 0.929468 0.365459
v 0.0379287 -0.00635128 0.0789347
vn -0.159588 0.972704 0.16846
v 0.0427537 -0.00526761 0.0801441
vn 0.35421 0.926343 -0.128156
v 0.0395428 -0.00586469 0.0772538
vn 0.259522 0.863901 -0.431651
v 0.0379287 -0.00635128 0.0789347
vn -0.159588 0.972704 0.16846
v 0.0416121 -0.00572233 0.0817642
vn -0.0502943 0.929468 0.365459
v 0.0427537 -0.00526761 0.0801441
vn 0.35421 0.926343 -0.128156
v 0.0395428 -0.00586469 0.0772538
vn 0.259522 0.863901 -0.431651
v 0.0444912 -0.0111547 0.0773714
vn 0.422049 0.367735 -0.828641
v 0.0401404 -0.01148 0.075734
vn 0.409651 0.108441 -0.905774
v 0.0395428 -0.00586469 0.0772538
vn 0.259522 0.863901 -0.431651
v 0.0427537 -0.00526761 0.0801441
vn 0.35421 0.926343 -0.128156
v 0.0444912 -0.0111547 0.0773714
vn 0.422049 0.367735 -0.828641
v 0.0401404 -0.01148 0.075734
vn 0.409651 0.108441 -0.905774
v 0.0450581 -0.0148625 0.0761001
vn 0.410703 -0.264743 -0.872487
v 0.0397919 -0.0147719 0.075968
vn 0.285307 -0.368317 -0.88484
v 0.0401404 -0.01148 0.075734
vn 0.409651 0.108441 -0.905774
v 0.0444912 -0.0111547 0.0773714
vn 0.422049 0.367735 -0.828641
v 0.0450581 -0.0148625 0.0761001
vn 0.410703 -0.264743 -0.872487
v 0.0397919 -0.0147719 0.075968
vn 0.285307 -0.368317 -0.88484
v 0.0425577 -0.0178485 0.0789172
vn 0.210656 -0.84711 -0.487883
v 0.0385967 -0.0172401 0.0770244
vn 0.310173 -0.655805 -0.688267
v 0.0397919 -0.0147719 0.075968
vn 0.285307 -0.368317 -0.88484
v 0.0450581 -0.0148625 0.0761001
vn 0.410703 -0.264743 -0.872487
v 0.0425577 -0.0178485 0.0789172
vn 0.210656 -0.84711 -0.487883
v 0.0385967 -0.0172401 0.0770244
vn 0.310173 -0.655805 -0.688267
v 0.0407893 -0.019256 0.0818928
vn 0.0524285 -0.95793 0.282171
v 0.0373117 -0.02 0.0795103
vn -0.129331 -0.991601 7.91767e-05
v 0.0385967 -0.0172401 0.0770244
vn 0.310173 -0.655805 -0.688267
v 0.0425577 -0.0178485 0.0789172
vn 0.210656 -0.84711 -0.487883
v 0.0407893 -0.019256 0.0818928
vn 0.0524285 -0.95793 0.282171
v 0.0373117 -0.02 0.0795103
vn -0.129331 -0.991601 7.91767e-05
v 0.0392356 -0.0160558 0.0843909
vn -0.174434 -0.693806 0.698717
v 0.0356675 -0.0163114 0.0814119
vn -0.441049 -0.7275 0.525566
v 0.0373117 -0.02 0.0795103
vn -0.129331 -0.991601 7.91767e-05
v 0.0407893 -0.019256 0.0818928
vn 0.0524285 -0.95793 0.282171
v 0.0392356 -0.0160558 0.0843909
vn -0.174434 -0.693806 0.698717
v 0.0356675 -0.0163114 0.0814119
vn -0.441049 -0.7275 0.525566
v 0.0385022 -0.014443 0.0862934
vn -0.0337405 -0.712681 0.700677
v 0.0349819 -0.0149904 0.0834476
vn -0.311759 -0.803062 0.507837
v 0.0356675 -0.0163114 0.0814119
vn -0.441049 -0.7275 0.525566
v 0.0392356 -0.0160558 0.0843909
vn -0.174434 -0.693806 0.698717
v 0.0385022 -0.014443 0.0862934
vn -0.0337405 -0.712681 0.700677
v 0.0349819 -0.0149904 0.0834476
vn -0.311759 -0.803062 0.507837
v 0.0379264 -0.0133082 0.0873247
vn -0.174626 -0.180259 0.967994
v 0.0343636 -0.0133619 0.085159
vn -0.48331 -0.266669 0.833846
v 0.0349819 -0.0149904 0.0834476
vn -0.311759 -0.803062 0.507837
v 0.0385022 -0.014443 0.0862934
vn -0.0337405 -0.712681 0.700677
v 0.0379264 -0.0133082 0.0873247
vn -0.174626 -0.180259 0.967994
v 0.0343636 -0.0133619 0.085159
vn -0.48331 -0.266669 0.833846
v 0.0384937 -0.0107967 0.0863072
vn -0.101463 0.497855 0.861305
v 0.0345512 -0.0108707 0.0844773
vn -0.397595 0.360235 0.843889
v 0.0343636 -0.0133619 0.085159
vn -0.48331 -0.266669 0.833846
v 0.0379264 -0.0133082 0.0873247
vn -0.174626 -0.180259 0.967994
v 0.0384937 -0.0107967 0.0863072
vn -0.101463 0.497855 0.861305
v 0.0345512 -0.0108707 0.0844773
vn -0.397595 0.360235 0.843889
v 0.0389786 -0.00930013 0.0852303
vn -0.0258716 0.602286 0.797861
v 0.0350833 -0.00885836 0.0835574
vn -0.265848 0.560076 0.784627
v 0.0345512 -0.0108707 0.0844773
vn -0.397595 0.360235 0.843889
v 0.0384937 -0.0107967 0.0863072
vn -0.101463 0.497855 0.861305
v 0.0389786 -0.00930013 0.0852303
vn -0.0258716 0.602286 0.797861
v 0.0350833 -0.00885836 0.0835574
vn -0.265848 0.560076 0.784627
v 0.0397349 -0.00808453 0.0839449
vn -0.157344 0.735836 0.658625
v 0.0357609 -0.00748708 0.0825412
vn -0.174216 0.823656 0.539667
v 0.0350833 -0.00885836 0.0835574
vn -0.265848 0.560076 0.784627
v 0.0389786 -0.00930013 0.0852303
vn -0.0258716 0.602286 0.797861
v 0.0397349 -0.00808453 0.0839449
vn -0.157344 0.735836 0.658625
v 0.0397349 -0.00808453 0.0839449
vn -0.157344 0.735836 0.658625
v 0.0444211 -0.00656103 0.0837454
vn 0.222053 0.859291 0.460772
v 0.0416121 -0.00572233 0.0817642
vn -0.0502943 0.929468 0.365459
v 0.0397349 -0.00808453 0.0839449
vn -0.157344 0.735836 0.658625
v 0.0441577 -0.00764655 0.0844245
vn -0.0724843 0.297037 0.952111
v 0.0444211 -0.00656103 0.0837454
vn 0.222053 0.859291 0.460772
v 0.0416121 -0.00572233 0.0817642
vn -0.0502943 0.929468 0.365459
v 0.0455045 -0.00756588 0.0813946
vn 0.549378 0.784919 -0.286508
v 0.0427537 -0.00526761 0.0801441
vn 0.35421 0.926343 -0.128156
v 0.0416121 -0.00572233 0.0817642
vn -0.0502943 0.929468 0.365459
v 0.0444211 -0.00656103 0.0837454
vn 0.222053 0.859291 0.460772
v 0.0455045 -0.00756588 0.0813946
vn 0.549378 0.784919 -0.286508
v 0.0427537 -0.00526761 0.0801441
vn 0.35421 0.926343 -0.128156
v 0.0470727 -0.0108568 0.0789158
vn 0.659495 0.392809 -0.640912
v 0.0444912 -0.0111547 0.0773714
vn 0.422049 0.367735 -0.828641
v 0.0427537 -0.00526761 0.0801441
vn 0.35421 0.926343 -0.128156
v 0.0455045 -0.00756588 0.0813946
vn 0.549378 0.784919 -0.286508
v 0.0470727 -0.0108568 0.0789158
vn 0.659495 0.392809 -0.640912
v 0.0444912 -0.0111547 0.0773714
vn 0.422049 0.367735 -0.828641
v 0.0474293 -0.0144275 0.0782273
vn 0.785898 -0.226747 -0.575282
v 0.0450581 -0.0148625 0.0761001
vn 0.410703 -0.264743 -0.872487
v 0.0444912 -0.0111547 0.0773714
vn 0.422049 0.367735 -0.828641
v 0.0470727 -0.0108568 0.0789158
vn 0.659495 0.392809 -0.640912
v 0.0474293 -0.0144275 0.0782273
vn 0.785898 -0.226747 -0.575282
v 0.0450581 -0.0148625 0.0761001
vn 0.410703 -0.264743 -0.872487
v 0.0458335 -0.0169866 0.0798487
vn 0.547655 -0.790004 -0.275623
v 0.0425577 -0.0178485 0.0789172
vn 0.210656 -0.84711 -0.487883
v 0.0450581 -0.0148625 0.0761001
vn 0.410703 -0.264743 -0.872487
v 0.0474293 -0.0144275 0.0782273
vn 0.785898 -0.226747 -0.575282
v 0.0458335 -0.0169866 0.0798487
vn 0.547655 -0.790004 -0.275623
v 0.0425577 -0.0178485 0.0789172
vn 0.210656 -0.84711 -0.487883
v 0.0440809 -0.0182922 0.0827962
vn 0.326609 -0.849802 0.413718
v 0.0407893 -0.019256 0.0818928
vn 0.0524285 -0.95793 0.282171
v 0.0425577 -0.0178485 0.0789172
vn 0.210656 -0.84711 -0.487883
v 0.0458335 -0.0169866 0.0798487
vn 0.547655 -0.790004 -0.275623
v 0.0440809 -0.0182922 0.0827962
vn 0.326609 -0.849802 0.413718
v 0.0407893 -0.019256 0.0818928
vn 0.0524285 -0.95793 0.282171
v 0.0425945 -0.0150934 0.0851859
vn 0.263365 -0.422265 0.86737
v 0.0392356 -0.0160558 0.0843909
vn -0.174434 -0.693806 0.698717
v 0.0407893 -0.019256 0.0818928
vn 0.0524285 -0.95793 0.282171
v 0.0440809 -0.0182922 0.0827962
vn 0.326609 -0.849802 0.413718
v 0.0425945 -0.0150934 0.0851859
vn 0.263365 -0.422265 0.86737
v 0.0392356 -0.0160558 0.0843909
vn -0.174434 -0.693806 0.698717
v 0.0424164 -0.0133997 0.085957
vn 0.415481 -0.310436 0.854988
v 0.0385022 -0.014443 0.0862934
vn -0.0337405 -0.712681 0.700677
v 0.0392356 -0.0160558 0.0843909
vn -0.174434 -0.693806 0.698717
v 0.0425945 -0.0150934 0.0851859
vn 0.263365 -0.422265 0.86737
v 0.0424164 -0.0133997 0.085957
vn 0.415481 -0.310436 0.854988
v 0.0385022 -0.014443 0.0862934
vn -0.0337405 -0.712681 0.700677
v 0.0422522 -0.0120667 0.0863974
vn 0.367376 0.131098 0.920787
v 0.0379264 -0.0133082 0.0873247
vn -0.174626 -0.180259 0.967994
v 0.0385022 -0.014443 0.0862934
vn -0.0337405 -0.712681 0.700677
v 0.0424164 -0.0133997 0.085957
vn 0.415481 -0.310436 0.854988
v 0.0422522 -0.0120667 0.0863974
vn 0.367376 0.131098 0.920787
v 0.0379264 -0.0133082 0.0873247
vn -0.174626 -0.180259 0.967994
v 0.0426227 -0.0106307 0.0854508
vn 0.256358 0.561777 0.786566
v 0.0384937 -0.0107967 0.0863072
vn -0.101463 0.497855 0.861305
v 0.0379264 -0.0133082 0.0873247
vn -0.174626 -0.180259 0.967994
v 0.0422522 -0.0120667 0.0863974
vn 0.367376 0.131098 0.920787
v 0.0426227 -0.0106307 0.0854508
vn 0.256358 0.561777 0.786566
v 0.0384937 -0.0107967 0.0863072
vn -0.101463 0.497855 0.861305
v 0.0430306 -0.00939323 0.0835971
vn -0.0535295 0.235083 0.9705
v 0.0389786 -0.00930013 0.0852303
vn -0.0258716 0.602286 0.797861
v 0.0384937 -0.0107967 0.0863072
vn -0.101463 0.497855 0.861305
v 0.0426227 -0.0106307 0.0854508
vn 0.256358 0.561777 0.786566
v 0.0430306 -0.00939323 0.0835971
vn -0.0535295 0.235083 0.9705
v 0.0389786 -0.00930013 0.0852303
vn -0.0258716 0.602286 0.797861
v 0.0441577 -0.00764655 0.0844245
vn -0.0724843 0.297037 0.952111
v 0.0397349 -0.00808453 0.0839449
vn -0.157344 0.735836 0.658625
v 0.0389786 -0.00930013 0.0852303
vn -0.0258716 0.602286 0.797861
v 0.0430306 -0.00939323 0.0835971
vn -0.0535295 0.235083 0.9705
v 0.0441577 -0.00764655 0.0844245
vn -0.0724843 0.297037 0.952111
v 0.0441577 -0.00764655 0.0844245
vn -0.0724843 0.297037 0.952111
v 0.0473084 -0.00737482 0.0830708
vn 0.553996 0.832287 -0.0196666
v 0.0444211 -0.00656103 0.0837454
vn 0.222053 0.859291 0.460772
v 0.0441577 -0.00764655 0.0844245
vn -0.0724843 0.297037 0.952111
v 0.0459409 -0.00812547 0.0851229
vn 0.118722 0.459841 0.880029
v 0.0473084 -0.00737482 0.0830708
vn 0.553996 0.832287 -0.0196666
v 0.0444211 -0.00656103 0.0837454
vn 0.222053 0.859291 0.460772
v 0.0478046 -0.00863895 0.0816341
vn 0.714763 0.52554 -0.461434
v 0.0455045 -0.00756588 0.0813946
vn 0.549378 0.784919 -0.286508
v 0.0444211 -0.00656103 0.0837454
vn 0.222053 0.859291 0.460772
v 0.0473084 -0.00737482 0.0830708
vn 0.553996 0.832287 -0.0196666
v 0.0478046 -0.00863895 0.0816341
vn 0.714763 0.52554 -0.461434
v 0.0455045 -0.00756588 0.0813946
vn 0.549378 0.784919 -0.286508
v 0.0481376 -0.011058 0.0804945
vn 0.903046 0.245495 -0.352477
v 0.0470727 -0.0108568 0.0789158
vn 0.659495 0.392809 -0.640912
v 0.0455045 -0.00756588 0.0813946
vn 0.549378 0.784919 -0.286508
v 0.0478046 -0.00863895 0.0816341
vn 0.714763 0.52554 -0.461434
v 0.0481376 -0.011058 0.0804945
vn 0.903046 0.245495 -0.352477
v 0.0470727 -0.0108568 0.0789158
vn 0.659495 0.392809 -0.640912
v 0.0482013 -0.0140207 0.0798958
vn 0.958271 -0.224968 -0.17637
v 0.0474293 -0.0144275 0.0782273
vn 0.785898 -0.226747 -0.575282
v 0.0470727 -0.0108568 0.0789158
vn 0.659495 0.392809 -0.640912
v 0.0481376 -0.011058 0.0804945
vn 0.903046 0.245495 -0.352477
v 0.0482013 -0.0140207 0.0798958
vn 0.958271 -0.224968 -0.17637
v 0.0474293 -0.0144275 0.0782273
vn 0.785898 -0.226747 -0.575282
v 0.0464209 -0.0166638 0.0812983
vn 0.683282 -0.72783 0.0582159
v 0.0458335 -0.0169866 0.0798487
vn 0.547655 -0.790004 -0.275623
v 0.0474293 -0.0144275 0.0782273
vn 0.785898 -0.226747 -0.575282
v 0.0482013 -0.0140207 0.0798958
vn 0.958271 -0.224968 -0.17637
v 0.0464209 -0.0166638 0.0812983
vn 0.683282 -0.72783 0.0582159
v 0.0458335 -0.0169866 0.0798487
vn 0.547655 -0.790004 -0.275623
v 0.0457358 -0.0168474 0.0835222
vn 0.489746 -0.498985 0.714957
v 0.0440809 -0.0182922 0.0827962
vn 0.326609 -0.849802 0.413718
v 0.0458335 -0.0169866 0.0798487
vn 0.547655 -0.790004 -0.275623
v 0.0464209 -0.0166638 0.0812983
vn 0.683282 -0.72783 0.0582159
v 0.0457358 -0.0168474 0.0835222
vn 0.489746 -0.498985 0.714957
v 0.0440809 -0.0182922 0.0827962
vn 0.326609 -0.849802 0.413718
v 0.0443659 -0.0146595 0.083982
vn 0.478682 -0.143156 0.866239
v 0.0425945 -0.0150934 0.0851859
vn 0.263365 -0.422265 0.86737
v 0.0440809 -0.0182922 0.0827962
vn 0.326609 -0.849802 0.413718
v 0.0457358 -0.0168474 0.0835222
vn 0.489746 -0.498985 0.714957
v 0.0443659 -0.0146595 0.083982
vn 0.478682 -0.143156 0.866239
v 0.0425945 -0.0150934 0.0851859
vn 0.263365 -0.422265 0.86737
v 0.0442409 -0.0130392 0.0844015
vn 0.589956 -0.134936 0.796081
v 0.0424164 -0.0133997 0.085957
vn 0.415481 -0.310436 0.854988
v 0.0425945 -0.0150934 0.0851859
vn 0.263365 -0.422265 0.86737
v 0.0443659 -0.0146595 0.083982
vn 0.478682 -0.143156 0.866239
v 0.0442409 -0.0130392 0.0844015
vn 0.589956 -0.134936 0.796081
v 0.0424164 -0.0133997 0.085957
vn 0.415481 -0.310436 0.854988
v 0.044267 -0.0116661 0.0843784
vn 0.461287 0.0688143 0.884579
v 0.0422522 -0.0120667 0.0863974
vn 0.367376 0.131098 0.920787
v 0.0424164 -0.0133997 0.085957
vn 0.415481 -0.310436 0.854988
v 0.0442409 -0.0130392 0.0844015
vn 0.589956 -0.134936 0.796081
v 0.044267 -0.0116661 0.0843784
vn 0.461287 0.0688143 0.884579
v 0.0422522 -0.0120667 0.0863974
vn 0.367376 0.131098 0.920787
v 0.0444521 -0.0101386 0.0838235
vn 0.282922 -0.287767 0.914956
v 0.0426227 -0.0106307 0.0854508
vn 0.256358 0.561777 0.786566
v 0.0422522 -0.0120667 0.0863974
vn 0.367376 0.131098 0.920787
v 0.044267 -0.0116661 0.0843784
vn 0.461287 0.0688143 0.884579
v 0.0444521 -0.0101386 0.0838235
vn 0.282922 -0.287767 0.914956
v 0.0426227 -0.0106307 0.0854508
vn 0.256358 0.561777 0.786566
v 0.0454053 -0.00889952 0.0850676
vn -0.233157 -0.092368 0.968042
v 0.0430306 -0.00939323 0.0835971
vn -0.0535295 0.235083 0.9705
v 0.0426227 -0.0106307 0.0854508
vn 0.256358 0.561777 0.786566
v 0.0444521 -0.0101386 0.0838235
vn 0.282922 -0.287767 0.914956
v 0.0454053 -0.00889952 0.0850676
vn -0.233157 -0.092368 0.968042
v 0.0430306 -0.00939323 0.0835971
vn -0.0535295 0.235083 0.9705
v 0.0459409 -0.00812547 0.0851229
vn 0.118722 0.459841 0.880029
v 0.0441577 -0.00764655 0.0844245
vn -0.0724843 0.297037 0.952111
v 0.0430306 -0.00939323 0.0835971
vn -0.0535295 0.235083 0.9705
v 0.0454053 -0.00889952 0.0850676
vn -0.233157 -0.092368 0.968042
v 0.0459409 -0.00812547 0.0851229
vn 0.118722 0.459841 0.880029
v 0.0473084 -0.00737482 0.0830708
vn 0.553996 0.832287 -0.0196666
v 0.048412 -0.0105991 0.0829043
vn 0.934272 -0.0830522 0.346755
v 0.0478046 -0.00863895 0.0816341
vn 0.714763 0.52554 -0.461434
v 0.0473084 -0.00737482 0.0830708
vn 0.553996 0.832287 -0.0196666
v 0.0480665 -0.00928815 0.0836335
vn 0.92689 0.152324 0.343033
v 0.048412 -0.0105991 0.0829043
vn 0.934272 -0.0830522 0.346755
v 0.0478046 -0.00863895 0.0816341
vn 0.714763 0.52554 -0.461434
v 0.0484555 -0.0120207 0.0822556
vn 0.910361 -0.235556 0.340231
v 0.0481376 -0.011058 0.0804945
vn 0.903046 0.245495 -0.352477
v 0.0478046 -0.00863895 0.0816341
vn 0.714763 0.52554 -0.461434
v 0.048412 -0.0105991 0.0829043
vn 0.934272 -0.0830522 0.346755
v 0.0484555 -0.0120207 0.0822556
vn 0.910361 -0.235556 0.340231
v 0.0481376 -0.011058 0.0804945
vn 0.903046 0.245495 -0.352477
v 0.0479847 -0.0138219 0.0816741
vn 0.869183 -0.258553 0.421512
v 0.0482013 -0.0140207 0.0798958
vn 0.958271 -0.224968 -0.17637
v 0.0481376 -0.011058 0.0804945
vn 0.903046 0.245495 -0.352477
v 0.0484555 -0.0120207 0.0822556
vn 0.910361 -0.235556 0.340231
v 0.0479847 -0.0138219 0.0816741
vn 0.869183 -0.258553 0.421512
v 0.0482013 -0.0140207 0.0798958
vn 0.958271 -0.224968 -0.17637
v 0.0473314 -0.0151285 0.0818314
vn 0.824971 -0.415731 0.382872
v 0.0464209 -0.0166638 0.0812983
vn 0.683282 -0.72783 0.0582159
v 0.0482013 -0.0140207 0.0798958
vn 0.958271 -0.224968 -0.17637
v 0.0479847 -0.0138219 0.0816741
vn 0.869183 -0.258553 0.421512
v 0.0473314 -0.0151285 0.0818314
vn 0.824971 -0.415731 0.382872
v 0.0464209 -0.0166638 0.0812983
vn 0.683282 -0.72783 0.0582159
v 0.04667 -0.0152198 0.0828645
vn 0.793753 -0.105937 0.598944
v 0.0457358 -0.0168474 0.0835222
vn 0.489746 -0.498985 0.714957
v 0.0464209 -0.0166638 0.0812983
vn 0.683282 -0.72783 0.0582159
v 0.0473314 -0.0151285 0.0818314
vn 0.824971 -0.415731 0.382872
v 0.04667 -0.0152198 0.0828645
vn 0.793753 -0.105937 0.598944
v 0.0457358 -0.0168474 0.0835222
vn 0.489746 -0.498985 0.714957
v 0.0461847 -0.0142605 0.0831847
vn 0.552197 0.0821223 0.829659
v 0.0443659 -0.0146595 0.083982
vn 0.478682 -0.143156 0.866239
v 0.0457358 -0.0168474 0.0835222
vn 0.489746 -0.498985 0.714957
v 0.04667 -0.0152198 0.0828645
vn 0.793753 -0.105937 0.598944
v 0.0461847 -0.0142605 0.0831847
vn 0.552197 0.0821223 0.829659
v 0.0443659 -0.0146595 0.083982
vn 0.478682 -0.143156 0.866239
v 0.0455751 -0.0129377 0.0833231
vn 0.53675 -0.240467 0.808749
v 0.0442409 -0.0130392 0.0844015
vn 0.589956 -0.134936 0.796081
v 0.0443659 -0.0146595 0.083982
vn 0.478682 -0.143156 0.866239
v 0.0461847 -0.0142605 0.0831847
vn 0.552197 0.0821223 0.829659
v 0.0455751 -0.0129377 0.0833231
vn 0.53675 -0.240467 0.808749
v 0.0442409 -0.0130392 0.0844015
vn 0.589956 -0.134936 0.796081
v 0.0461203 -0.0116764 0.0837768
vn 0.418122 -0.481506 0.770276
v 0.044267 -0.0116661 0.0843784
vn 0.461287 0.0688143 0.884579
v 0.0442409 -0.0130392 0.0844015
vn 0.589956 -0.134936 0.796081
v 0.0455751 -0.0129377 0.0833231
vn 0.53675 -0.240467 0.808749
v 0.0461203 -0.0116764 0.0837768
vn 0.418122 -0.481506 0.770276
v 0.044267 -0.0116661 0.0843784
vn 0.461287 0.0688143 0.884579
v 0.0464496 -0.0108206 0.0843283
vn 0.233695 -0.42443 0.874783
v 0.0444521 -0.0101386 0.0838235
vn 0.282922 -0.287767 0.914956
v 0.044267 -0.0116661 0.0843784
vn 0.461287 0.0688143 0.884579
v 0.0461203 -0.0116764 0.0837768
vn 0.418122 -0.481506 0.770276
v 0.0464496 -0.0108206 0.0843283
vn 0.233695 -0.42443 0.874783
v 0.0444521 -0.0101386 0.0838235
vn 0.282922 -0.287767 0.914956
v 0.0470921 -0.00977979 0.0848392
vn 0.357528 -0.401692 0.8431
v 0.0454053 -0.00889952 0.0850676
vn -0.233157 -0.092368 0.968042
v 0.0444521 -0.0101386 0.0838235
vn 0.282922 -0.287767 0.914956
v 0.0464496 -0.0108206 0.0843283
vn 0.233695 -0.42443 0.874783
v 0.0470921 -0.00977979 0.0848392
vn 0.357528 -0.401692 0.8431
v 0.0454053 -0.00889952 0.0850676
vn -0.233157 -0.092368 0.968042
v 0.0476494 -0.00931082 0.0846489
vn 0.779275 0.0436789 0.625158
v 0.0459409 -0.00812547 0.0851229
vn 0.118722 0.459841 0.880029
v 0.0454053 -0.00889952 0.0850676
vn -0.233157 -0.092368 0.968042
v 0.0470921 -0.00977979 0.0848392
vn 0.357528 -0.401692 0.8431
v 0.0476494 -0.00931082 0.0846489
vn 0.779275 0.0436789 0.625158
v 0.0459409 -0.00812547 0.0851229
vn 0.118722 0.459841 0.880029
v 0.0480665 -0.00928815 0.0836335
vn 0.92689 0.152324 0.343033
v 0.0473084 -0.00737482 0.0830708
vn 0.553996 0.832287 -0.0196666
v 0.0459409 -0.00812547 0.0851229
vn 0.118722 0.459841 0.880029
v 0.0476494 -0.00931082 0.0846489
vn 0.779275 0.0436789 0.625158
v 0.0480665 -0.00928815 0.0836335
vn 0.92689 0.152324 0.343033
v 0.0473314 -0.0151285 0.0818314
vn 0.824971 -0.415731 0.382872
v 0.0461847 -0.0142605 0.0831847
vn 0.552197 0.0821223 0.829659
v 0.04667 -0.0152198 0.0828645
vn 0.793753 -0.105937 0.598944
v 0.0473314 -0.0151285 0.0818314
vn 0.824971 -0.415731 0.382872
v 0.0479847 -0.0138219 0.0816741
vn 0.869183 -0.258553 0.421512
v 0.0461847 -0.0142605 0.0831847
vn 0.552197 0.0821223 0.829659
v 0.0480665 -0.00928815 0.0836335
vn 0.92689 0.152324 0.343033
v 0.0470921 -0.00977979 0.0848392
vn 0.357528 -0.401692 0.8431
v 0.0464496 -0.0108206 0.0843283
vn 0.233695 -0.42443 0.874783
v 0.0480665 -0.00928815 0.0836335
vn 0.92689 0.152324 0.343033
v 0.0476494 -0.00931082 0.0846489
vn 0.779275 0.0436789 0.625158
v 0.0470921 -0.00977979 0.0848392
vn 0.357528 -0.401692 0.8431
v 0.048412 -0.0105991 0.0829043
vn 0.934272 -0.0830522 0.346755
v 0.0464496 -0.0108206 0.0843283
vn 0.233695 -0.42443 0.874783
v 0.0461203 -0.0116764 0.0837768
vn 0.418122 -0.481506 0.770276
v 0.048412 -0.0105991 0.0829043
vn 0.934272 -0.0830522 0.346755
v 0.0480665 -0.00928815 0.0836335
vn 0.92689 0.152324 0.343033
v 0.0464496 -0.0108206 0.0843283
vn 0.233695 -0.42443 0.874783
v 0.0484555 -0.0120207 0.0822556
vn 0.910361 -0.235556 0.340231
v 0.0461203 -0.0116764 0.0837768
vn 0.418122 -0.481506 0.770276
v 0.0455751 -0.0129377 0.0833231
vn 0.53675 -0.240467 0.808749
v 0.0484555 -0.0120207 0.0822556
vn 0.910361 -0.235556 0.340231
v 0.048412 -0.0105991 0.0829043
vn 0.934272 -0.0830522 0.346755
v 0.0461203 -0.0116764 0.0837768
vn 0.418122 -0.481506 0.770276
v 0.0479847 -0.0138219 0.0816741
vn 0.869183 -0.258553 0.421512
v 0.0455751 -0.0129377 0.0833231
vn 0.53675 -0.240467 0.808749
v 0.0461847 -0.0142605 0.0831847
vn 0.552197 0.0821223 0.829659
v 0.0479847 -0.0138219 0.0816741
vn 0.869183 -0.258553 0.421512
v 0.0484555 -0.0120207 0.0822556
vn 0.910361 -0.235556 0.340231
v 0.0455751 -0.0129377 0.0833231
vn 0.53675 -0.240467 0.808749
vt 0.825334 0.601794
vt 0.867317 0.563632
vt 0.868228 0.604443
vt 0.825334 0.601794
vt 0.824183 0.561641
vt 0.867317 0.563632
vt 0.360484 0.237367
vt 0.327905 0.272599
vt 0.333583 0.234254
vt 0.360484 0.237367
vt 0.357515 0.278526
vt 0.327905 0.272599
vt 0.709102 0.739012
vt 0.652962 0.772232
vt 0.654971 0.731541
vt 0.709102 0.739012
vt 0.707057 0.780418
vt 0.652962 0.772232
vt 0.595014 0.632034
vt 0.540556 0.666498
vt 0.540348 0.630861
vt 0.595014 0.632034
vt 0.593179 0.672753
vt 0.540556 0.666498
vt 0.540348 0.630861
vt 0.500293 0.661243
vt 0.500383 0.6291
vt 0.540348 0.630861
vt 0.540556 0.666498
vt 0.500293 0.661243
vt 0.757978 0.575791
vt 0.709657 0.595711
vt 0.717034 0.564791
vt 0.757978 0.575791
vt 0.749932 0.604443
vt 0.709657 0.595711
vt 0.96965 0.966796
vt 0.935822 0.999722
vt 0.937012 0.966293
vt 0.96965 0.966796
vt 0.96896 0.999587
vt 0.935822 0.999722
vt 0.00978419 0.197079
vt 0.0521548 0.155994
vt 0.057581 0.195279
vt 0.00978419 0.197079
vt 0.0109364 0.162209
vt 0.0521548 0.155994
vt 0.0942779 0.568886
vt 0.0454427 0.609104
vt 0.044721 0.566693
vt 0.0942779 0.568886
vt 0.0921376 0.608458
vt 0.0454427 0.609104
vt 0.044721 0.566693
vt 0.000277577 0.610161
vt 0.00196588 0.567781
vt 0.044721 0.566693
vt 0.0454427 0.609104
vt 0.000277577 0.610161
vt 0.83456 0.991381
vt 0.891538 0.959674
vt 0.880374 0.999722
vt 0.83456 0.991381
vt 0.841133 0.949993
vt 0.891538 0.959674
vt 0.746087 0.837036
vt 0.716211 0.883477
vt 0.712063 0.841823
vt 0.746087 0.837036
vt 0.750302 0.87828
vt 0.716211 0.883477
vt 0.593179 0.672753
vt 0.533723 0.711255
vt 0.540556 0.666498
vt 0.593179 0.672753
vt 0.588357 0.718531
vt 0.533723 0.711255
vt 0.540556 0.666498
vt 0.495558 0.705587
vt 0.500293 0.661243
vt 0.540556 0.666498
vt 0.533723 0.711255
vt 0.495558 0.705587
vt 0.939546 0.604443
vt 0.968309 0.557829
vt 0.979831 0.595972
vt 0.939546 0.604443
vt 0.933814 0.563516
vt 0.968309 0.557829
vt 0.561876 0.320911
vt 0.593741 0.277781
vt 0.595014 0.321277
vt 0.561876 0.320911
vt 0.558535 0.279695
vt 0.593741 0.277781
vt 0.0109364 0.162209
vt 0.0455383 0.111386
vt 0.0521548 0.155994
vt 0.0109364 0.162209
vt 0.00641292 0.117726
vt 0.0455383 0.111386
vt 0.0921376 0.608458
vt 0.0464108 0.654655
vt 0.0454427 0.609104
vt 0.0921376 0.608458
vt 0.0918949 0.653756
vt 0.0464108 0.654655
vt 0.0454427 0.609104
vt 0.000790066 0.655656
vt 0.000277577 0.610161
vt 0.0454427 0.609104
vt 0.0464108 0.654655
vt 0.000790066 0.655656
vt 0.841133 0.949993
vt 0.897275 0.91324
vt 0.891538 0.959674
vt 0.841133 0.949993
vt 0.84751 0.905201
vt 0.897275 0.91324
vt 0.750302 0.87828
vt 0.723025 0.926631
vt 0.716211 0.883477
vt 0.750302 0.87828
vt 0.758105 0.921262
vt 0.723025 0.926631
vt 0.824183 0.561641
vt 0.867025 0.51875
vt 0.867317 0.563632
vt 0.824183 0.561641
vt 0.822919 0.517088
vt 0.867025 0.51875
vt 0.357515 0.278526
vt 0.319914 0.312404
vt 0.327905 0.272599
vt 0.357515 0.278526
vt 0.35247 0.321276
vt 0.319914 0.312404
vt 0.707057 0.780418
vt 0.649225 0.817865
vt 0.652962 0.772232
vt 0.707057 0.780418
vt 0.700926 0.824864
vt 0.649225 0.817865
vt 0.588357 0.718531
vt 0.52865 0.753483
vt 0.533723 0.711255
vt 0.588357 0.718531
vt 0.580118 0.759735
vt 0.52865 0.753483
vt 0.533723 0.711255
vt 0.489262 0.747925
vt 0.495558 0.705587
vt 0.533723 0.711255
vt 0.52865 0.753483
vt 0.489262 0.747925
vt 0.933814 0.563516
vt 0.96215 0.516923
vt 0.968309 0.557829
vt 0.933814 0.563516
vt 0.926452 0.523038
vt 0.96215 0.516923
vt 0.558535 0.279695
vt 0.593291 0.235214
vt 0.593741 0.277781
vt 0.558535 0.279695
vt 0.556924 0.237062
vt 0.593291 0.235214
vt 0.00641292 0.117726
vt 0.0407683 0.069575
vt 0.0455383 0.111386
vt 0.00641292 0.117726
vt 0.000277587 0.0760551
vt 0.0407683 0.069575
vt 0.0918949 0.653756
vt 0.0456741 0.69713
vt 0.0464108 0.654655
vt 0.0918949 0.653756
vt 0.0922938 0.69628
vt 0.0456741 0.69713
vt 0.0464108 0.654655
vt 0.000824536 0.698216
vt 0.000790066 0.655656
vt 0.0464108 0.654655
vt 0.0456741 0.69713
vt 0.000824536 0.698216
vt 0.84751 0.905201
vt 0.903826 0.871284
vt 0.897275 0.91324
vt 0.84751 0.905201
vt 0.854952 0.863526
vt 0.903826 0.871284
vt 0.758105 0.921262
vt 0.72851 0.964996
vt 0.723025 0.926631
vt 0.758105 0.921262
vt 0.762647 0.95989
vt 0.72851 0.964996
vt 0.822919 0.517088
vt 0.86768 0.4767
vt 0.867025 0.51875
vt 0.822919 0.517088
vt 0.824542 0.475138
vt 0.86768 0.4767
vt 0.885272 0.604443
vt 0.913194 0.561347
vt 0.91881 0.600506
vt 0.885272 0.604443
vt 0.878599 0.565489
vt 0.913194 0.561347
vt 0.700926 0.824864
vt 0.642213 0.858654
vt 0.649225 0.817865
vt 0.700926 0.824864
vt 0.69281 0.866072
vt 0.642213 0.858654
vt 0.69281 0.866072
vt 0.633694 0.897459
vt 0.642213 0.858654
vt 0.69281 0.866072
vt 0.683755 0.905168
vt 0.633694 0.897459
vt 0.580118 0.759735
vt 0.51888 0.792954
vt 0.52865 0.753483
vt 0.580118 0.759735
vt 0.570077 0.799077
vt 0.51888 0.792954
vt 0.52865 0.753483
vt 0.478327 0.787197
vt 0.489262 0.747925
vt 0.52865 0.753483
vt 0.51888 0.792954
vt 0.478327 0.787197
vt 0.926452 0.523038
vt 0.959377 0.476663
vt 0.96215 0.516923
vt 0.926452 0.523038
vt 0.922451 0.483072
vt 0.959377 0.476663
vt 0.556924 0.237062
vt 0.593186 0.194332
vt 0.593291 0.235214
vt 0.556924 0.237062
vt 0.555674 0.196199
vt 0.593186 0.194332
vt 0.000277587 0.0760551
vt 0.0341005 0.0307472
vt 0.0407683 0.069575
vt 0.401984 0.321276
vt 0.409011 0.281845
vt 0.450305 0.289714
vt 0.0922938 0.69628
vt 0.0495666 0.737349
vt 0.0456741 0.69713
vt 0.0922938 0.69628
vt 0.0964883 0.736442
vt 0.0495666 0.737349
vt 0.0456741 0.69713
vt 0.00573919 0.738471
vt 0.000824536 0.698216
vt 0.0456741 0.69713
vt 0.0495666 0.737349
vt 0.00573919 0.738471
vt 0.854952 0.863526
vt 0.904937 0.830479
vt 0.903826 0.871284
vt 0.854952 0.863526
vt 0.857315 0.822972
vt 0.904937 0.830479
vt 0.762647 0.95989
vt 0.736105 0.999722
vt 0.72851 0.964996
vt 0.903826 0.871284
vt 0.904937 0.830479
vt 0.935267 0.834057
vt 0.824542 0.475138
vt 0.867819 0.435995
vt 0.86768 0.4767
vt 0.824542 0.475138
vt 0.825264 0.43482
vt 0.867819 0.435995
vt 0.878599 0.565489
vt 0.907424 0.522558
vt 0.913194 0.561347
vt 0.878599 0.565489
vt 0.873892 0.526624
vt 0.907424 0.522558
vt 0.00196588 0.567781
vt 0.0565286 0.521797
vt 0.044721 0.566693
vt 0.00196588 0.567781
vt 0.0168074 0.514824
vt 0.0565286 0.521797
vt 0.044721 0.566693
vt 0.104245 0.531331
vt 0.0942779 0.568886
vt 0.044721 0.566693
vt 0.0565286 0.521797
vt 0.104245 0.531331
vt 0.057581 0.195279
vt 0.0082487 0.230314
vt 0.00978419 0.197079
vt 0.057581 0.195279
vt 0.0568693 0.233972
vt 0.0082487 0.230314
vt 0.937012 0.966293
vt 0.970888 0.934309
vt 0.96965 0.966796
vt 0.937012 0.966293
vt 0.937079 0.933404
vt 0.970888 0.934309
vt 0.717034 0.564791
vt 0.76451 0.54072
vt 0.757978 0.575791
vt 0.717034 0.564791
vt 0.723202 0.533681
vt 0.76451 0.54072
vt 0.500383 0.6291
vt 0.534651 0.588235
vt 0.540348 0.630861
vt 0.500383 0.6291
vt 0.495112 0.593164
vt 0.534651 0.588235
vt 0.540348 0.630861
vt 0.587464 0.581854
vt 0.595014 0.632034
vt 0.540348 0.630861
vt 0.534651 0.588235
vt 0.587464 0.581854
vt 0.654971 0.731541
vt 0.700968 0.679353
vt 0.709102 0.739012
vt 0.654971 0.731541
vt 0.646687 0.680555
vt 0.700968 0.679353
vt 0.333583 0.234254
vt 0.361794 0.17866
vt 0.360484 0.237367
vt 0.333583 0.234254
vt 0.335358 0.175408
vt 0.361794 0.17866
vt 0.360484 0.237367
vt 0.400737 0.180659
vt 0.400388 0.238575
vt 0.360484 0.237367
vt 0.361794 0.17866
vt 0.400737 0.180659
vt 0.712063 0.841823
vt 0.741942 0.781507
vt 0.746087 0.837036
vt 0.712063 0.841823
vt 0.709658 0.782872
vt 0.741942 0.781507
vt 0.66897 0.524426
vt 0.690024 0.450415
vt 0.709102 0.500963
vt 0.66897 0.524426
vt 0.647471 0.473549
vt 0.690024 0.450415
vt 0.0168074 0.514824
vt 0.075669 0.473599
vt 0.0565286 0.521797
vt 0.0168074 0.514824
vt 0.0417704 0.460095
vt 0.075669 0.473599
vt 0.0565286 0.521797
vt 0.125848 0.494253
vt 0.104245 0.531331
vt 0.0565286 0.521797
vt 0.075669 0.473599
vt 0.125848 0.494253
vt 0.0568693 0.233972
vt 0.000277593 0.270033
vt 0.0082487 0.230314
vt 0.0568693 0.233972
vt 0.047669 0.274259
vt 0.000277593 0.270033
vt 0.937079 0.933404
vt 0.971468 0.892304
vt 0.970888 0.934309
vt 0.937079 0.933404
vt 0.940373 0.891785
vt 0.971468 0.892304
vt 0.723202 0.533681
vt 0.768133 0.494802
vt 0.76451 0.54072
vt 0.723202 0.533681
vt 0.726545 0.492437
vt 0.768133 0.494802
vt 0.495112 0.593164
vt 0.522675 0.541451
vt 0.534651 0.588235
vt 0.495112 0.593164
vt 0.481492 0.549907
vt 0.522675 0.541451
vt 0.534651 0.588235
vt 0.572539 0.52848
vt 0.587464 0.581854
vt 0.534651 0.588235
vt 0.522675 0.541451
vt 0.572539 0.52848
vt 0.646687 0.680555
vt 0.681493 0.615365
vt 0.700968 0.679353
vt 0.646687 0.680555
vt 0.631602 0.625837
vt 0.681493 0.615365
vt 0.335358 0.175408
vt 0.363188 0.111517
vt 0.361794 0.17866
vt 0.335358 0.175408
vt 0.331372 0.108735
vt 0.363188 0.111517
vt 0.361794 0.17866
vt 0.401429 0.109685
vt 0.400737 0.180659
vt 0.361794 0.17866
vt 0.363188 0.111517
vt 0.401429 0.109685
vt 0.709658 0.782872
vt 0.746083 0.712579
vt 0.741942 0.781507
vt 0.709658 0.782872
vt 0.716387 0.712122
vt 0.746083 0.712579
vt 0.647471 0.473549
vt 0.67912 0.391397
vt 0.690024 0.450415
vt 0.647471 0.473549
vt 0.634254 0.406438
vt 0.67912 0.391397
vt 0.0417704 0.460095
vt 0.0973346 0.435344
vt 0.075669 0.473599
vt 0.860877 0.669624
vt 0.83456 0.637698
vt 0.860877 0.611092
vt 0.075669 0.473599
vt 0.147402 0.456021
vt 0.125848 0.494253
vt 0.075669 0.473599
vt 0.0973346 0.435344
vt 0.147402 0.456021
vt 0.167148 0.274259
vt 0.214081 0.226951
vt 0.214541 0.270352
vt 0.167148 0.274259
vt 0.165877 0.231588
vt 0.214081 0.226951
vt 0.940373 0.891785
vt 0.972263 0.847772
vt 0.971468 0.892304
vt 0.940373 0.891785
vt 0.940241 0.847276
vt 0.972263 0.847772
vt 0.726545 0.492437
vt 0.768776 0.453466
vt 0.768133 0.494802
vt 0.726545 0.492437
vt 0.726799 0.447734
vt 0.768776 0.453466
vt 0.481492 0.549907
vt 0.506314 0.501569
vt 0.522675 0.541451
vt 0.481492 0.549907
vt 0.465568 0.513077
vt 0.506314 0.501569
vt 0.522675 0.541451
vt 0.55409 0.483235
vt 0.572539 0.52848
vt 0.522675 0.541451
vt 0.506314 0.501569
vt 0.55409 0.483235
vt 0.631602 0.625837
vt 0.658467 0.567819
vt 0.681493 0.615365
vt 0.631602 0.625837
vt 0.614708 0.579135
vt 0.658467 0.567819
vt 0.331372 0.108735
vt 0.360777 0.067077
vt 0.363188 0.111517
vt 0.331372 0.108735
vt 0.324435 0.056215
vt 0.360777 0.067077
vt 0.363188 0.111517
vt 0.398377 0.0652075
vt 0.401429 0.109685
vt 0.363188 0.111517
vt 0.360777 0.067077
vt 0.398377 0.0652075
vt 0.716387 0.712122
vt 0.75137 0.668612
vt 0.746083 0.712579
vt 0.716387 0.712122
vt 0.722478 0.668221
vt 0.75137 0.668612
vt 0.634254 0.406438
vt 0.675092 0.347002
vt 0.67912 0.391397
vt 0.634254 0.406438
vt 0.631762 0.361564
vt 0.675092 0.347002
vt 0.601212 0.241152
vt 0.601212 0.166273
vt 0.62583 0.215281
vt 0.064651 0.422255
vt 0.101285 0.376159
vt 0.130331 0.392459
vt 0.0973346 0.435344
vt 0.173781 0.419332
vt 0.147402 0.456021
vt 0.0973346 0.435344
vt 0.130331 0.392459
vt 0.173781 0.419332
vt 0.165877 0.231588
vt 0.217503 0.185885
vt 0.214081 0.226951
vt 0.165877 0.231588
vt 0.166726 0.185897
vt 0.217503 0.185885
vt 0.940241 0.847276
vt 0.97381 0.807758
vt 0.972263 0.847772
vt 0.940241 0.847276
vt 0.9419 0.806603
vt 0.97381 0.807758
vt 0.726799 0.447734
vt 0.763467 0.41112
vt 0.768776 0.453466
vt 0.726799 0.447734
vt 0.724899 0.406732
vt 0.763467 0.41112
vt 0.465568 0.513077
vt 0.483846 0.465461
vt 0.506314 0.501569
vt 0.465568 0.513077
vt 0.442123 0.478943
vt 0.483846 0.465461
vt 0.506314 0.501569
vt 0.533296 0.446474
vt 0.55409 0.483235
vt 0.506314 0.501569
vt 0.483846 0.465461
vt 0.533296 0.446474
vt 0.614708 0.579135
vt 0.637094 0.524981
vt 0.658467 0.567819
vt 0.614708 0.579135
vt 0.595569 0.540768
vt 0.637094 0.524981
vt 0.324435 0.056215
vt 0.355627 0.00622857
vt 0.360777 0.067077
vt 0.324435 0.056215
vt 0.319914 0.00825512
vt 0.355627 0.00622857
vt 0.360777 0.067077
vt 0.39148 0.000277638
vt 0.398377 0.0652075
vt 0.0625757 0.274259
vt 0.0581361 0.215095
vt 0.0952486 0.210807
vt 0.722478 0.668221
vt 0.762647 0.605431
vt 0.75137 0.668612
vt 0.722478 0.668221
vt 0.736288 0.604998
vt 0.762647 0.605431
vt 0.631762 0.361564
vt 0.676399 0.287159
vt 0.675092 0.347002
vt 0.631762 0.361564
vt 0.632947 0.295765
vt 0.676399 0.287159
vt 0.101285 0.376159
vt 0.151876 0.363358
vt 0.130331 0.392459
vt 0.676399 0.287159
vt 0.678798 0.244242
vt 0.707558 0.243479
vt 0.130331 0.392459
vt 0.190947 0.390649
vt 0.173781 0.419332
vt 0.130331 0.392459
vt 0.151876 0.363358
vt 0.190947 0.390649
vt 0.166726 0.185897
vt 0.215704 0.153813
vt 0.217503 0.185885
vt 0.166726 0.185897
vt 0.165498 0.152674
vt 0.215704 0.153813
vt 0.9419 0.806603
vt 0.973393 0.777576
vt 0.97381 0.807758
vt 0.9419 0.806603
vt 0.938032 0.77548
vt 0.973393 0.777576
vt 0.724899 0.406732
vt 0.757954 0.379697
vt 0.763467 0.41112
vt 0.724899 0.406732
vt 0.72065 0.375456
vt 0.757954 0.379697
vt 0.442123 0.478943
vt 0.463926 0.437806
vt 0.483846 0.465461
vt 0.442123 0.478943
vt 0.422682 0.454724
vt 0.463926 0.437806
vt 0.483846 0.465461
vt 0.508555 0.410406
vt 0.533296 0.446474
vt 0.483846 0.465461
vt 0.463926 0.437806
vt 0.508555 0.410406
vt 0.218058 0.264855
vt 0.262576 0.225172
vt 0.261462 0.274259
vt 0.218058 0.264855
vt 0.222271 0.221329
vt 0.262576 0.225172
vt 0.468774 0.313481
vt 0.515241 0.270563
vt 0.503753 0.321276
vt 0.468774 0.313481
vt 0.479196 0.266987
vt 0.515241 0.270563
vt 0.0581361 0.215095
vt 0.0965134 0.160302
vt 0.0952486 0.210807
vt 0.0581361 0.215095
vt 0.060573 0.162108
vt 0.0965134 0.160302
vt 0.0952486 0.210807
vt 0.120643 0.153095
vt 0.120643 0.203769
vt 0.0952486 0.210807
vt 0.0965134 0.160302
vt 0.120643 0.153095
vt 0.632947 0.295765
vt 0.678798 0.244242
vt 0.676399 0.287159
vt 0.632947 0.295765
vt 0.642487 0.245414
vt 0.678798 0.244242
vt 0.678798 0.244242
vt 0.70626 0.207218
vt 0.707558 0.243479
vt 0.678798 0.244242
vt 0.680137 0.205341
vt 0.70626 0.207218
vt 0.151876 0.363358
vt 0.207377 0.36875
vt 0.190947 0.390649
vt 0.151876 0.363358
vt 0.175436 0.335654
vt 0.207377 0.36875
vt 0.165498 0.152674
vt 0.215437 0.129227
vt 0.215704 0.153813
vt 0.165498 0.152674
vt 0.167882 0.125804
vt 0.215437 0.129227
vt 0.938032 0.77548
vt 0.974187 0.751012
vt 0.973393 0.777576
vt 0.938032 0.77548
vt 0.936268 0.751524
vt 0.974187 0.751012
vt 0.72065 0.375456
vt 0.751147 0.346642
vt 0.757954 0.379697
vt 0.72065 0.375456
vt 0.718613 0.348085
vt 0.751147 0.346642
vt 0.422682 0.454724
vt 0.442976 0.409406
vt 0.463926 0.437806
vt 0.422682 0.454724
vt 0.401171 0.429712
vt 0.442976 0.409406
vt 0.463926 0.437806
vt 0.479399 0.376658
vt 0.508555 0.410406
vt 0.463926 0.437806
vt 0.442976 0.409406
vt 0.479399 0.376658
vt 0.222271 0.221329
vt 0.254951 0.17744
vt 0.262576 0.225172
vt 0.222271 0.221329
vt 0.220692 0.175714
vt 0.254951 0.17744
vt 0.479196 0.266987
vt 0.522535 0.224381
vt 0.515241 0.270563
vt 0.479196 0.266987
vt 0.485098 0.219163
vt 0.522535 0.224381
vt 0.060573 0.162108
vt 0.0948829 0.113697
vt 0.0965134 0.160302
vt 0.515241 0.270563
vt 0.522535 0.224381
vt 0.552691 0.222795
vt 0.0965134 0.160302
vt 0.118555 0.110762
vt 0.120643 0.153095
vt 0.0965134 0.160302
vt 0.0948829 0.113697
vt 0.118555 0.110762
vt 0.642487 0.245414
vt 0.680137 0.205341
vt 0.678798 0.244242
vt 0.642487 0.245414
vt 0.652096 0.204867
vt 0.680137 0.205341
vt 0.680137 0.205341
vt 0.709102 0.171588
vt 0.70626 0.207218
vt 0.680137 0.205341
vt 0.689417 0.165615
vt 0.709102 0.171588
vt 0.175436 0.335654
vt 0.231741 0.34374
vt 0.207377 0.36875
vt 0.175436 0.335654
vt 0.205443 0.313273
vt 0.231741 0.34374
vt 0.167882 0.125804
vt 0.215892 0.0989903
vt 0.215437 0.129227
vt 0.167882 0.125804
vt 0.175711 0.0922853
vt 0.215892 0.0989903
vt 0.936268 0.751524
vt 0.973387 0.724019
vt 0.974187 0.751012
vt 0.936268 0.751524
vt 0.935822 0.721337
vt 0.973387 0.724019
vt 0.718613 0.348085
vt 0.747824 0.31845
vt 0.751147 0.346642
vt 0.718613 0.348085
vt 0.716102 0.320596
vt 0.747824 0.31845
vt 0.401171 0.429712
vt 0.41826 0.383435
vt 0.442976 0.409406
vt 0.401171 0.429712
vt 0.385733 0.406943
vt 0.41826 0.383435
vt 0.442976 0.409406
vt 0.45118 0.350693
vt 0.479399 0.376658
vt 0.442976 0.409406
vt 0.41826 0.383435
vt 0.45118 0.350693
vt 0.220692 0.175714
vt 0.249065 0.130455
vt 0.254951 0.17744
vt 0.220692 0.175714
vt 0.218058 0.136623
vt 0.249065 0.130455
vt 0.485098 0.219163
vt 0.527108 0.175542
vt 0.522535 0.224381
vt 0.485098 0.219163
vt 0.498322 0.173431
vt 0.527108 0.175542
vt 0.522535 0.224381
vt 0.550538 0.172959
vt 0.552691 0.222795
vt 0.522535 0.224381
vt 0.527108 0.175542
vt 0.550538 0.172959
vt 0.0948829 0.113697
vt 0.117561 0.0617462
vt 0.118555 0.110762
vt 0.0948829 0.113697
vt 0.095733 0.0645321
vt 0.117561 0.0617462
vt 0.709658 0.223929
vt 0.709658 0.168332
vt 0.730113 0.204774
vt 0.730113 0.167776
vt 0.712306 0.123931
vt 0.730113 0.113614
vt 0.68065 0.16506
vt 0.68065 0.130549
vt 0.696748 0.153847
vt 0.196884 0.296898
vt 0.221943 0.284025
vt 0.230361 0.298834
vt 0.205443 0.313273
vt 0.250941 0.323085
vt 0.231741 0.34374
vt 0.205443 0.313273
vt 0.230361 0.298834
vt 0.250941 0.323085
vt 0.175711 0.0922853
vt 0.217503 0.073189
vt 0.215892 0.0989903
vt 0.231741 0.34374
vt 0.250941 0.323085
vt 0.276038 0.348606
vt 0.935822 0.721337
vt 0.974154 0.695508
vt 0.973387 0.724019
vt 0.935822 0.721337
vt 0.936938 0.695339
vt 0.974154 0.695508
vt 0.716102 0.320596
vt 0.740976 0.287924
vt 0.747824 0.31845
vt 0.716102 0.320596
vt 0.715749 0.291757
vt 0.740976 0.287924
vt 0.385733 0.406943
vt 0.393381 0.359117
vt 0.41826 0.383435
vt 0.385733 0.406943
vt 0.367719 0.381677
vt 0.393381 0.359117
vt 0.41826 0.383435
vt 0.422782 0.329735
vt 0.45118 0.350693
vt 0.41826 0.383435
vt 0.393381 0.359117
vt 0.422782 0.329735
vt 0.218058 0.136623
vt 0.236329 0.0976507
vt 0.249065 0.130455
vt 0.468774 0.168294
vt 0.485834 0.137285
vt 0.503221 0.138895
vt 0.498322 0.173431
vt 0.527332 0.1407
vt 0.527108 0.175542
vt 0.498322 0.173431
vt 0.503221 0.138895
vt 0.527332 0.1407
vt 0.822919 0.26936
vt 0.843672 0.233664
vt 0.847489 0.266354
vt 0.822919 0.26936
vt 0.824131 0.234594
vt 0.843672 0.233664
vt 0.847489 0.266354
vt 0.858685 0.229681
vt 0.867919 0.259036
vt 0.847489 0.266354
vt 0.843672 0.233664
vt 0.858685 0.229681
vt 0.615094 0.241708
vt 0.603087 0.273682
vt 0.595569 0.24713
vt 0.615094 0.241708
vt 0.618726 0.27329
vt 0.603087 0.273682
vt 0.221943 0.284025
vt 0.258378 0.287421
vt 0.230361 0.298834
vt 0.221943 0.284025
vt 0.25645 0.276132
vt 0.258378 0.287421
vt 0.230361 0.298834
vt 0.274642 0.311067
vt 0.250941 0.323085
vt 0.230361 0.298834
vt 0.258378 0.287421
vt 0.274642 0.311067
vt 0.250941 0.323085
vt 0.290052 0.334062
vt 0.276038 0.348606
vt 0.250941 0.323085
vt 0.274642 0.311067
vt 0.290052 0.334062
vt 0.936938 0.695339
vt 0.973541 0.678634
vt 0.974154 0.695508
vt 0.936938 0.695339
vt 0.939172 0.675768
vt 0.973541 0.678634
vt 0.715749 0.291757
vt 0.736307 0.27077
vt 0.740976 0.287924
vt 0.715749 0.291757
vt 0.713441 0.274397
vt 0.736307 0.27077
vt 0.367719 0.381677
vt 0.373996 0.342209
vt 0.393381 0.359117
vt 0.367719 0.381677
vt 0.355933 0.368653
vt 0.373996 0.342209
vt 0.393381 0.359117
vt 0.384601 0.321832
vt 0.422782 0.329735
vt 0.879316 0.26936
vt 0.876258 0.243647
vt 0.898736 0.236478
vt 0.485834 0.137285
vt 0.511481 0.104965
vt 0.503221 0.138895
vt 0.485834 0.137285
vt 0.492301 0.10112
vt 0.511481 0.104965
vt 0.503221 0.138895
vt 0.52761 0.106016
vt 0.527332 0.1407
vt 0.503221 0.138895
vt 0.511481 0.104965
vt 0.52761 0.106016
vt 0.824131 0.234594
vt 0.841867 0.198742
vt 0.843672 0.233664
vt 0.824131 0.234594
vt 0.827481 0.197803
vt 0.841867 0.198742
vt 0.843672 0.233664
vt 0.852732 0.195662
vt 0.858685 0.229681
vt 0.843672 0.233664
vt 0.841867 0.198742
vt 0.852732 0.195662
vt 0.618726 0.27329
vt 0.605214 0.309126
vt 0.603087 0.273682
vt 0.618726 0.27329
vt 0.615203 0.307748
vt 0.605214 0.309126
vt 0.25645 0.276132
vt 0.287096 0.282021
vt 0.258378 0.287421
vt 0.25645 0.276132
vt 0.285908 0.274814
vt 0.287096 0.282021
vt 0.258378 0.287421
vt 0.305451 0.300239
vt 0.274642 0.311067
vt 0.258378 0.287421
vt 0.287096 0.282021
vt 0.305451 0.300239
vt 0.274642 0.311067
vt 0.315037 0.318905
vt 0.290052 0.334062
vt 0.274642 0.311067
vt 0.305451 0.300239
vt 0.315037 0.318905
vt 0.649351 0.132556
vt 0.66893 0.163584
vt 0.649351 0.16506
vt 0.649351 0.132556
vt 0.677733 0.139832
vt 0.66893 0.163584
vt 0.713441 0.274397
vt 0.728299 0.250029
vt 0.736307 0.27077
vt 0.713441 0.274397
vt 0.709657 0.255374
vt 0.728299 0.250029
vt 0.355933 0.368653
vt 0.354476 0.331579
vt 0.373996 0.342209
vt 0.355933 0.368653
vt 0.338376 0.354809
vt 0.354476 0.331579
vt 0.876258 0.243647
vt 0.875099 0.199898
vt 0.898736 0.236478
vt 0.876258 0.243647
vt 0.868474 0.222322
vt 0.875099 0.199898
vt 0.492301 0.10112
vt 0.512651 0.0747635
vt 0.511481 0.104965
vt 0.898736 0.236478
vt 0.875099 0.199898
vt 0.898736 0.206025
vt 0.511481 0.104965
vt 0.522322 0.0746054
vt 0.52761 0.106016
vt 0.511481 0.104965
vt 0.512651 0.0747635
vt 0.522322 0.0746054
vt 0.827481 0.197803
vt 0.841157 0.164329
vt 0.841867 0.198742
vt 0.827481 0.197803
vt 0.825179 0.164107
vt 0.841157 0.164329
vt 0.841867 0.198742
vt 0.848304 0.163627
vt 0.852732 0.195662
vt 0.62583 0.307883
vt 0.61646 0.340993
vt 0.609214 0.339491
vt 0.615203 0.307748
vt 0.601193 0.338948
vt 0.605214 0.309126
vt 0.615203 0.307748
vt 0.609214 0.339491
vt 0.601193 0.338948
vt 0.270799 0.245719
vt 0.270799 0.274259
vt 0.263403 0.248852
vt 0.601193 0.338948
vt 0.600471 0.367341
vt 0.595569 0.367433
vt 0.287096 0.282021
vt 0.319359 0.294329
vt 0.305451 0.300239
vt 0.287096 0.282021
vt 0.315824 0.282213
vt 0.319359 0.294329
vt 0.866795 0.109292
vt 0.866795 0.136445
vt 0.852012 0.125843
vt 0.883383 0.611092
vt 0.893028 0.623098
vt 0.883383 0.638358
vt 0.798307 0.12431
vt 0.784316 0.146153
vt 0.771006 0.12431
vt 0.798307 0.12431
vt 0.794077 0.141935
vt 0.784316 0.146153
vt 0.709657 0.255374
vt 0.718597 0.224484
vt 0.728299 0.250029
vt 0.771006 0.12431
vt 0.784316 0.146153
vt 0.772441 0.156461
vt 0.338376 0.354809
vt 0.331199 0.322799
vt 0.354476 0.331579
vt 0.338376 0.354809
vt 0.319914 0.334712
vt 0.331199 0.322799
vt 0.624244 0.425523
vt 0.624244 0.398988
vt 0.628725 0.402981
vt 0.768776 0.133038
vt 0.757884 0.112232
vt 0.768776 0.106586
vt 0.46677 0.128039
vt 0.455046 0.130412
vt 0.455046 0.109631
vt 0.600611 0.178392
vt 0.595724 0.174992
vt 0.600611 0.16741
vt 0.799011 0.133691
vt 0.808048 0.111189
vt 0.808048 0.136974
vt 0.630683 0.452789
vt 0.624244 0.430348
vt 0.630683 0.426079
vt 0.825179 0.164107
vt 0.832112 0.137
vt 0.841157 0.164329
vt 0.825179 0.164107
vt 0.822919 0.137006
vt 0.832112 0.137
vt 0.61646 0.340993
vt 0.605858 0.367402
vt 0.609214 0.339491
vt 0.61646 0.340993
vt 0.613575 0.368997
vt 0.605858 0.367402
vt 0.609214 0.339491
vt 0.600471 0.367341
vt 0.601193 0.338948
vt 0.609214 0.339491
vt 0.605858 0.367402
vt 0.600471 0.367341
vt 0.62583 0.122796
vt 0.622288 0.14114
vt 0.613831 0.126712
vt 0.77365 0.604998
vt 0.767937 0.618041
vt 0.763202 0.620916
vt 0.613831 0.126712
vt 0.617431 0.146099
vt 0.604535 0.142828
vt 0.613831 0.126712
vt 0.622288 0.14114
vt 0.617431 0.146099
vt 0.604535 0.142828
vt 0.613905 0.150673
vt 0.608229 0.152859
vt 0.604535 0.142828
vt 0.617431 0.146099
vt 0.613905 0.150673
vt 0.608229 0.152859
vt 0.620432 0.15981
vt 0.617716 0.165718
vt 0.608229 0.152859
vt 0.613905 0.150673
vt 0.620432 0.15981
vt 0.886103 0.131773
vt 0.894897 0.121626
vt 0.901014 0.131773
vt 0.630765 0.412671
vt 0.62928 0.406028
vt 0.630765 0.398988
vt 0.73119 0.131636
vt 0.738836 0.120901
vt 0.742996 0.133038
vt 0.901014 0.131773
vt 0.894897 0.121626
vt 0.900479 0.1177
vt 0.742996 0.133038
vt 0.744597 0.119915
vt 0.75164 0.129784
vt 0.742996 0.133038
vt 0.738836 0.120901
vt 0.744597 0.119915
vt 0.75164 0.129784
vt 0.749536 0.118455
vt 0.754893 0.122639
vt 0.75164 0.129784
vt 0.744597 0.119915
vt 0.749536 0.118455
vt 0.896108 0.111623
vt 0.895333 0.104567
vt 0.900664 0.103616
vt 0.896108 0.111623
vt 0.891231 0.107131
vt 0.895333 0.104567
vt 0.900664 0.103616
vt 0.895913 0.0962029
vt 0.900236 0.0956838
vt 0.900664 0.103616
vt 0.895333 0.104567
vt 0.895913 0.0962029
vt 0.677733 0.0981547
vt 0.675277 0.106293
vt 0.672472 0.0981547
vt 0.62928 0.416975
vt 0.63005 0.421407
vt 0.62928 0.425523
vt 0.631165 0.342619
vt 0.626398 0.355449
vt 0.626398 0.341327
vt 0.629112 0.327121
vt 0.631165 0.335436
vt 0.629112 0.340772
vt 0.895333 0.104567
vt 0.891736 0.0956038
vt 0.895913 0.0962029
vt 0.895333 0.104567
vt 0.891231 0.107131
vt 0.891736 0.0956038
vt 0.886103 0.0958345
vt 0.891231 0.107131
vt 0.886103 0.108265
vt 0.886103 0.0958345
vt 0.891736 0.0956038
vt 0.891231 0.107131
vt 0.738063 0.107251
vt 0.744597 0.119915
vt 0.738836 0.120901
vt 0.763202 0.620916
vt 0.767937 0.618041
vt 0.77365 0.629131
vt 0.887098 0.112178
vt 0.900479 0.1177
vt 0.894897 0.121626
vt 0.73119 0.107646
vt 0.738063 0.107251
vt 0.738836 0.120901
vt 0.613905 0.150673
vt 0.62583 0.155019
vt 0.620432 0.15981
vt 0.860983 0.0966324
vt 0.866795 0.0966324
vt 0.864596 0.108737
vt 0.0495666 0.737349
vt 0.0140339 0.78491
vt 0.00573919 0.738471
vt 0.0495666 0.737349
vt 0.0625836 0.77307
vt 0.0140339 0.78491
vt 0.857315 0.822972
vt 0.895127 0.774288
vt 0.904937 0.830479
vt 0.857315 0.822972
vt 0.857912 0.775626
vt 0.895127 0.774288
vt 0.904937 0.830479
vt 0.931635 0.770809
vt 0.935267 0.834057
vt 0.904937 0.830479
vt 0.895127 0.774288
vt 0.931635 0.770809
vt 0.825264 0.43482
vt 0.867963 0.373334
vt 0.867819 0.435995
vt 0.825264 0.43482
vt 0.830842 0.371685
vt 0.867963 0.373334
vt 0.873892 0.526624
vt 0.905346 0.463711
vt 0.907424 0.522558
vt 0.873892 0.526624
vt 0.869629 0.465203
vt 0.905346 0.463711
vt 0.683755 0.905168
vt 0.617969 0.944557
vt 0.633694 0.897459
vt 0.683755 0.905168
vt 0.661776 0.95875
vt 0.617969 0.944557
vt 0.570077 0.799077
vt 0.509285 0.8279
vt 0.51888 0.792954
vt 0.570077 0.799077
vt 0.552927 0.847247
vt 0.509285 0.8279
vt 0.51888 0.792954
vt 0.469857 0.815574
vt 0.478327 0.787197
vt 0.51888 0.792954
vt 0.509285 0.8279
vt 0.469857 0.815574
vt 0.922451 0.483072
vt 0.957675 0.45176
vt 0.959377 0.476663
vt 0.922451 0.483072
vt 0.919366 0.453825
vt 0.957675 0.45176
vt 0.555674 0.196199
vt 0.593048 0.171708
vt 0.593186 0.194332
vt 0.555674 0.196199
vt 0.553787 0.171346
vt 0.593048 0.171708
vt 0.409011 0.281845
vt 0.452099 0.264049
vt 0.450305 0.289714
vt 0.409011 0.281845
vt 0.41175 0.259406
vt 0.452099 0.264049
vt 0.0964883 0.736442
vt 0.0625836 0.77307
vt 0.0495666 0.737349
vt 0.0964883 0.736442
vt 0.103439 0.761387
vt 0.0625836 0.77307
vt 0.0625836 0.77307
vt 0.0316322 0.823529
vt 0.0140339 0.78491
vt 0.0625836 0.77307
vt 0.0793869 0.807721
vt 0.0316322 0.823529
vt 0.857912 0.775626
vt 0.880786 0.724126
vt 0.895127 0.774288
vt 0.857912 0.775626
vt 0.847847 0.733731
vt 0.880786 0.724126
vt 0.895127 0.774288
vt 0.919809 0.720727
vt 0.931635 0.770809
vt 0.895127 0.774288
vt 0.880786 0.724126
vt 0.919809 0.720727
vt 0.830842 0.371685
vt 0.867625 0.321303
vt 0.867963 0.373334
vt 0.830842 0.371685
vt 0.830895 0.321203
vt 0.867625 0.321303
vt 0.869629 0.465203
vt 0.907999 0.414725
vt 0.905346 0.463711
vt 0.869629 0.465203
vt 0.868783 0.412572
vt 0.907999 0.414725
vt 0.661776 0.95875
vt 0.595569 0.980626
vt 0.617969 0.944557
vt 0.661776 0.95875
vt 0.63816 0.999722
vt 0.595569 0.980626
vt 0.552927 0.847247
vt 0.486992 0.864615
vt 0.509285 0.8279
vt 0.552927 0.847247
vt 0.529621 0.884942
vt 0.486992 0.864615
vt 0.509285 0.8279
vt 0.451301 0.847425
vt 0.469857 0.815574
vt 0.509285 0.8279
vt 0.486992 0.864615
vt 0.451301 0.847425
vt 0.919366 0.453825
vt 0.96004 0.416448
vt 0.957675 0.45176
vt 0.919366 0.453825
vt 0.922299 0.416967
vt 0.96004 0.416448
vt 0.553787 0.171346
vt 0.593778 0.135294
vt 0.593048 0.171708
vt 0.553787 0.171346
vt 0.553246 0.137081
vt 0.593778 0.135294
vt 0.41175 0.259406
vt 0.453157 0.22419
vt 0.452099 0.264049
vt 0.41175 0.259406
vt 0.415503 0.222502
vt 0.453157 0.22419
vt 0.103439 0.761387
vt 0.0793869 0.807721
vt 0.0625836 0.77307
vt 0.103439 0.761387
vt 0.117039 0.798486
vt 0.0793869 0.807721
vt 0.0793869 0.807721
vt 0.0586831 0.866977
vt 0.0316322 0.823529
vt 0.0793869 0.807721
vt 0.0967681 0.845363
vt 0.0586831 0.866977
vt 0.847847 0.733731
vt 0.862115 0.678201
vt 0.880786 0.724126
vt 0.847847 0.733731
vt 0.83456 0.685492
vt 0.862115 0.678201
vt 0.880786 0.724126
vt 0.89803 0.670179
vt 0.919809 0.720727
vt 0.880786 0.724126
vt 0.862115 0.678201
vt 0.89803 0.670179
vt 0.830895 0.321203
vt 0.868228 0.272931
vt 0.867625 0.321303
vt 0.830895 0.321203
vt 0.83037 0.269915
vt 0.868228 0.272931
vt 0.868783 0.412572
vt 0.910136 0.366216
vt 0.907999 0.414725
vt 0.868783 0.412572
vt 0.872564 0.361705
vt 0.910136 0.366216
vt 0.273559 0.274259
vt 0.314411 0.223925
vt 0.319359 0.264592
vt 0.273559 0.274259
vt 0.271354 0.22899
vt 0.314411 0.223925
vt 0.529621 0.884942
vt 0.462888 0.894748
vt 0.486992 0.864615
vt 0.529621 0.884942
vt 0.504702 0.920988
vt 0.462888 0.894748
vt 0.486992 0.864615
vt 0.428731 0.877286
vt 0.451301 0.847425
vt 0.486992 0.864615
vt 0.462888 0.894748
vt 0.428731 0.877286
vt 0.922299 0.416967
vt 0.96693 0.380112
vt 0.96004 0.416448
vt 0.922299 0.416967
vt 0.928616 0.380091
vt 0.96693 0.380112
vt 0.553246 0.137081
vt 0.595014 0.100764
vt 0.593778 0.135294
vt 0.553246 0.137081
vt 0.55553 0.102417
vt 0.595014 0.100764
vt 0.415503 0.222502
vt 0.452699 0.187484
vt 0.453157 0.22419
vt 0.415503 0.222502
vt 0.418696 0.187062
vt 0.452699 0.187484
vt 0.117039 0.798486
vt 0.0967681 0.845363
vt 0.0793869 0.807721
vt 0.117039 0.798486
vt 0.13099 0.832078
vt 0.0967681 0.845363
vt 0.0967681 0.845363
vt 0.0903865 0.904246
vt 0.0586831 0.866977
vt 0.0967681 0.845363
vt 0.120889 0.878694
vt 0.0903865 0.904246
vt 0.763202 0.976748
vt 0.800075 0.939748
vt 0.788681 0.989385
vt 0.763202 0.976748
vt 0.781342 0.932411
vt 0.800075 0.939748
vt 0.788681 0.989385
vt 0.834005 0.948793
vt 0.825191 0.999722
vt 0.788681 0.989385
vt 0.800075 0.939748
vt 0.834005 0.948793
vt 0.769562 0.602543
vt 0.805374 0.554766
vt 0.807596 0.604443
vt 0.769562 0.602543
vt 0.770696 0.551979
vt 0.805374 0.554766
vt 0.872564 0.361705
vt 0.914676 0.314507
vt 0.910136 0.366216
vt 0.872564 0.361705
vt 0.881637 0.310121
vt 0.914676 0.314507
vt 0.271354 0.22899
vt 0.308775 0.178918
vt 0.314411 0.223925
vt 0.271354 0.22899
vt 0.275224 0.177167
vt 0.308775 0.178918
vt 0.504702 0.920988
vt 0.44021 0.924842
vt 0.462888 0.894748
vt 0.504702 0.920988
vt 0.474715 0.957012
vt 0.44021 0.924842
vt 0.462888 0.894748
vt 0.408553 0.901784
vt 0.428731 0.877286
vt 0.462888 0.894748
vt 0.44021 0.924842
vt 0.408553 0.901784
vt 0.928616 0.380091
vt 0.970137 0.349064
vt 0.96693 0.380112
vt 0.928616 0.380091
vt 0.935644 0.349228
vt 0.970137 0.349064
vt 0.55553 0.102417
vt 0.58674 0.0691714
vt 0.595014 0.100764
vt 0.55553 0.102417
vt 0.555425 0.0725716
vt 0.58674 0.0691714
vt 0.418696 0.187062
vt 0.442835 0.150229
vt 0.452699 0.187484
vt 0.418696 0.187062
vt 0.410942 0.152696
vt 0.442835 0.150229
vt 0.13099 0.832078
vt 0.120889 0.878694
vt 0.0967681 0.845363
vt 0.13099 0.832078
vt 0.153489 0.863318
vt 0.120889 0.878694
vt 0.153489 0.863318
vt 0.146606 0.907147
vt 0.120889 0.878694
vt 0.153489 0.863318
vt 0.171543 0.890419
vt 0.146606 0.907147
vt 0.120889 0.878694
vt 0.127435 0.92746
vt 0.0903865 0.904246
vt 0.120889 0.878694
vt 0.146606 0.907147
vt 0.127435 0.92746
vt 0.781342 0.932411
vt 0.807805 0.895858
vt 0.800075 0.939748
vt 0.781342 0.932411
vt 0.788722 0.889249
vt 0.807805 0.895858
vt 0.800075 0.939748
vt 0.829075 0.901158
vt 0.834005 0.948793
vt 0.800075 0.939748
vt 0.807805 0.895858
vt 0.829075 0.901158
vt 0.770696 0.551979
vt 0.797716 0.508249
vt 0.805374 0.554766
vt 0.770696 0.551979
vt 0.769332 0.503913
vt 0.797716 0.508249
vt 0.881637 0.310121
vt 0.918811 0.27315
vt 0.914676 0.314507
vt 0.805374 0.554766
vt 0.797716 0.508249
vt 0.822364 0.502269
vt 0.275224 0.177167
vt 0.306779 0.135397
vt 0.308775 0.178918
vt 0.275224 0.177167
vt 0.282995 0.131983
vt 0.306779 0.135397
vt 0.474715 0.957012
vt 0.412214 0.947066
vt 0.44021 0.924842
vt 0.474715 0.957012
vt 0.441049 0.984819
vt 0.412214 0.947066
vt 0.44021 0.924842
vt 0.386516 0.923989
vt 0.408553 0.901784
vt 0.44021 0.924842
vt 0.412214 0.947066
vt 0.386516 0.923989
vt 0.935644 0.349228
vt 0.976192 0.321954
vt 0.970137 0.349064
vt 0.935644 0.349228
vt 0.94721 0.320082
vt 0.976192 0.321954
vt 0.555425 0.0725716
vt 0.583185 0.0411649
vt 0.58674 0.0691714
vt 0.555425 0.0725716
vt 0.559107 0.0463091
vt 0.583185 0.0411649
vt 0.410942 0.152696
vt 0.434154 0.118993
vt 0.442835 0.150229
vt 0.410942 0.152696
vt 0.410114 0.124007
vt 0.434154 0.118993
vt 0.146606 0.907147
vt 0.154583 0.938254
vt 0.127435 0.92746
vt 0.146606 0.907147
vt 0.165249 0.926355
vt 0.154583 0.938254
vt 0.788722 0.889249
vt 0.806912 0.86475
vt 0.807805 0.895858
vt 0.788722 0.889249
vt 0.793042 0.86107
vt 0.806912 0.86475
vt 0.807805 0.895858
vt 0.82353 0.867427
vt 0.829075 0.901158
vt 0.807805 0.895858
vt 0.806912 0.86475
vt 0.82353 0.867427
vt 0.769332 0.503913
vt 0.789136 0.469982
vt 0.797716 0.508249
vt 0.769332 0.503913
vt 0.771698 0.470053
vt 0.789136 0.469982
vt 0.770232 0.24893
vt 0.787101 0.209258
vt 0.798307 0.245779
vt 0.770232 0.24893
vt 0.769332 0.210374
vt 0.787101 0.209258
vt 0.282995 0.131983
vt 0.314721 0.0966437
vt 0.306779 0.135397
vt 0.282995 0.131983
vt 0.29398 0.0947455
vt 0.314721 0.0966437
vt 0.441049 0.984819
vt 0.383132 0.968061
vt 0.412214 0.947066
vt 0.441049 0.984819
vt 0.402595 0.997259
vt 0.383132 0.968061
vt 0.412214 0.947066
vt 0.367364 0.945358
vt 0.386516 0.923989
vt 0.412214 0.947066
vt 0.383132 0.968061
vt 0.367364 0.945358
vt 0.94721 0.320082
vt 0.9749 0.294742
vt 0.976192 0.321954
vt 0.94721 0.320082
vt 0.958116 0.293185
vt 0.9749 0.294742
vt 0.559107 0.0463091
vt 0.575549 0.0176907
vt 0.583185 0.0411649
vt 0.559107 0.0463091
vt 0.557049 0.0193608
vt 0.575549 0.0176907
vt 0.410114 0.124007
vt 0.426739 0.0948817
vt 0.434154 0.118993
vt 0.410114 0.124007
vt 0.405001 0.099492
vt 0.426739 0.0948817
vt 0.171543 0.890419
vt 0.165249 0.926355
vt 0.146606 0.907147
vt 0.171543 0.890419
vt 0.185035 0.912069
vt 0.165249 0.926355
vt 0.793042 0.86107
vt 0.808829 0.841604
vt 0.806912 0.86475
vt 0.606603 0.10149
vt 0.610595 0.122241
vt 0.597085 0.122241
vt 0.806912 0.86475
vt 0.819077 0.842522
vt 0.82353 0.867427
vt 0.806912 0.86475
vt 0.808829 0.841604
vt 0.819077 0.842522
vt 0.771698 0.470053
vt 0.78683 0.444842
vt 0.789136 0.469982
vt 0.771698 0.470053
vt 0.775649 0.445212
vt 0.78683 0.444842
vt 0.769332 0.210374
vt 0.785471 0.18571
vt 0.787101 0.209258
vt 0.769332 0.210374
vt 0.773734 0.184106
vt 0.785471 0.18571
vt 0.29398 0.0947455
vt 0.319359 0.0811075
vt 0.314721 0.0966437
vt 0.787101 0.209258
vt 0.785471 0.18571
vt 0.798307 0.182291
vt 0.402595 0.997259
vt 0.371643 0.975223
vt 0.383132 0.968061
vt 0.402595 0.997259
vt 0.385484 0.999722
vt 0.371643 0.975223
vt 0.383132 0.968061
vt 0.357683 0.956817
vt 0.367364 0.945358
vt 0.383132 0.968061
vt 0.371643 0.975223
vt 0.357683 0.956817
vt 0.958116 0.293185
vt 0.979831 0.28188
vt 0.9749 0.294742
vt 0.958116 0.293185
vt 0.963057 0.278929
vt 0.979831 0.28188
vt 0.557049 0.0193608
vt 0.572423 0.00542802
vt 0.575549 0.0176907
vt 0.132486 0.274259
vt 0.136914 0.262105
vt 0.14919 0.264922
vt 0.405001 0.099492
vt 0.421006 0.0784253
vt 0.426739 0.0948817
vt 0.405001 0.099492
vt 0.401984 0.0861112
vt 0.421006 0.0784253
vt 0.185035 0.912069
vt 0.184698 0.937461
vt 0.165249 0.926355
vt 0.185035 0.912069
vt 0.195582 0.925989
vt 0.184698 0.937461
vt 0.165249 0.926355
vt 0.176356 0.946338
vt 0.154583 0.938254
vt 0.165249 0.926355
vt 0.184698 0.937461
vt 0.176356 0.946338
vt 0.184698 0.937461
vt 0.19948 0.955922
vt 0.176356 0.946338
vt 0.184698 0.937461
vt 0.2041 0.948992
vt 0.19948 0.955922
vt 0.79681 0.838891
vt 0.80489 0.814272
vt 0.808829 0.841604
vt 0.79681 0.838891
vt 0.793761 0.812926
vt 0.80489 0.814272
vt 0.808829 0.841604
vt 0.811529 0.81583
vt 0.819077 0.842522
vt 0.808829 0.841604
vt 0.80489 0.814272
vt 0.811529 0.81583
vt 0.775649 0.445212
vt 0.785344 0.417382
vt 0.78683 0.444842
vt 0.775649 0.445212
vt 0.774766 0.418059
vt 0.785344 0.417382
vt 0.773734 0.184106
vt 0.787769 0.158232
vt 0.785471 0.18571
vt 0.773734 0.184106
vt 0.77776 0.157334
vt 0.787769 0.158232
vt 0.595569 0.524426
vt 0.604531 0.494889
vt 0.608113 0.521345
vt 0.785471 0.18571
vt 0.787769 0.158232
vt 0.794762 0.157016
vt 0.385484 0.999722
vt 0.349786 0.987527
vt 0.371643 0.975223
vt 0.608113 0.521345
vt 0.604531 0.494889
vt 0.623689 0.486484
vt 0.371643 0.975223
vt 0.336937 0.967733
vt 0.357683 0.956817
vt 0.371643 0.975223
vt 0.349786 0.987527
vt 0.336937 0.967733
vt 0.121198 0.262851
vt 0.140402 0.241173
vt 0.136914 0.262105
vt 0.121198 0.262851
vt 0.12653 0.239357
vt 0.140402 0.241173
vt 0.136914 0.262105
vt 0.153286 0.243643
vt 0.14919 0.264922
vt 0.136914 0.262105
vt 0.140402 0.241173
vt 0.153286 0.243643
vt 0.401984 0.0861112
vt 0.413087 0.0601989
vt 0.421006 0.0784253
vt 0.80121 0.24893
vt 0.805545 0.229274
vt 0.822364 0.231995
vt 0.195582 0.925989
vt 0.2041 0.948992
vt 0.184698 0.937461
vt 0.195582 0.925989
vt 0.212757 0.937325
vt 0.2041 0.948992
vt 0.2041 0.948992
vt 0.221306 0.966559
vt 0.19948 0.955922
vt 0.457643 0.321276
vt 0.457074 0.298746
vt 0.466181 0.299518
vt 0.793761 0.812926
vt 0.801186 0.789651
vt 0.80489 0.814272
vt 0.793761 0.812926
vt 0.791956 0.78774
vt 0.801186 0.789651
vt 0.80489 0.814272
vt 0.807241 0.789387
vt 0.811529 0.81583
vt 0.80489 0.814272
vt 0.801186 0.789651
vt 0.807241 0.789387
vt 0.774766 0.418059
vt 0.783728 0.392096
vt 0.785344 0.417382
vt 0.774766 0.418059
vt 0.775077 0.391394
vt 0.783728 0.392096
vt 0.785344 0.417382
vt 0.792353 0.391592
vt 0.794872 0.41677
vt 0.785344 0.417382
vt 0.783728 0.392096
vt 0.792353 0.391592
vt 0.598115 0.496211
vt 0.602647 0.46968
vt 0.604531 0.494889
vt 0.624245 0.524426
vt 0.625046 0.50067
vt 0.630145 0.499827
vt 0.604531 0.494889
vt 0.622281 0.465079
vt 0.623689 0.486484
vt 0.604531 0.494889
vt 0.602647 0.46968
vt 0.622281 0.465079
vt 0.349786 0.987527
vt 0.319914 0.974611
vt 0.336937 0.967733
vt 0.349786 0.987527
vt 0.330524 0.993798
vt 0.319914 0.974611
vt 0.12653 0.239357
vt 0.143602 0.220304
vt 0.140402 0.241173
vt 0.12653 0.239357
vt 0.131442 0.22115
vt 0.143602 0.220304
vt 0.140402 0.241173
vt 0.156108 0.220691
vt 0.153286 0.243643
vt 0.140402 0.241173
vt 0.143602 0.220304
vt 0.156108 0.220691
vt 0.805545 0.229274
vt 0.821431 0.210036
vt 0.822364 0.231995
vt 0.805545 0.229274
vt 0.807107 0.207881
vt 0.821431 0.210036
vt 0.212757 0.937325
vt 0.22537 0.959013
vt 0.2041 0.948992
vt 0.212757 0.937325
vt 0.232722 0.947841
vt 0.22537 0.959013
vt 0.625046 0.50067
vt 0.629706 0.481592
vt 0.630145 0.499827
vt 0.625046 0.50067
vt 0.624245 0.481618
vt 0.629706 0.481592
vt 0.602647 0.46968
vt 0.61921 0.446022
vt 0.622281 0.465079
vt 0.602647 0.46968
vt 0.601522 0.449867
vt 0.61921 0.446022
vt 0.822919 0.136445
vt 0.822919 0.105774
vt 0.837098 0.119998
vt 0.851457 0.136445
vt 0.837653 0.124336
vt 0.851457 0.106792
vt 0.131442 0.22115
vt 0.145123 0.198946
vt 0.143602 0.220304
vt 0.131442 0.22115
vt 0.132506 0.199695
vt 0.145123 0.198946
vt 0.143602 0.220304
vt 0.158447 0.199504
vt 0.156108 0.220691
vt 0.143602 0.220304
vt 0.145123 0.198946
vt 0.158447 0.199504
vt 0.807107 0.207881
vt 0.822154 0.19033
vt 0.821431 0.210036
vt 0.807107 0.207881
vt 0.807022 0.187735
vt 0.822154 0.19033
vt 0.232722 0.947841
vt 0.243969 0.968163
vt 0.22537 0.959013
vt 0.232722 0.947841
vt 0.249927 0.958781
vt 0.243969 0.968163
vt 0.457074 0.298746
vt 0.46677 0.280143
vt 0.466181 0.299518
vt 0.457074 0.298746
vt 0.457022 0.279012
vt 0.46677 0.280143
vt 0.791956 0.78774
vt 0.799876 0.767683
vt 0.801186 0.789651
vt 0.791956 0.78774
vt 0.790799 0.766525
vt 0.799876 0.767683
vt 0.801186 0.789651
vt 0.805736 0.768531
vt 0.807241 0.789387
vt 0.769332 0.390935
vt 0.770387 0.368945
vt 0.776285 0.370522
vt 0.775077 0.391394
vt 0.783474 0.370699
vt 0.783728 0.392096
vt 0.775077 0.391394
vt 0.776285 0.370522
vt 0.783474 0.370699
vt 0.783728 0.392096
vt 0.78947 0.370852
vt 0.792353 0.391592
vt 0.783728 0.392096
vt 0.783474 0.370699
vt 0.78947 0.370852
vt 0.776285 0.370522
vt 0.782791 0.343643
vt 0.783474 0.370699
vt 0.776285 0.370522
vt 0.775241 0.343533
vt 0.782791 0.343643
vt 0.783474 0.370699
vt 0.788891 0.343789
vt 0.78947 0.370852
vt 0.783474 0.370699
vt 0.782791 0.343643
vt 0.788891 0.343789
vt 0.628968 0.453344
vt 0.628968 0.481037
vt 0.624244 0.454384
vt 0.596776 0.449987
vt 0.595569 0.423006
vt 0.600897 0.422867
vt 0.601522 0.449867
vt 0.619507 0.418968
vt 0.61921 0.446022
vt 0.601522 0.449867
vt 0.600897 0.422867
vt 0.619507 0.418968
vt 0.882828 0.611092
vt 0.861432 0.641376
vt 0.861432 0.616784
vt 0.882828 0.611092
vt 0.881055 0.636812
vt 0.861432 0.641376
vt 0.132506 0.199695
vt 0.145161 0.17241
vt 0.145123 0.198946
vt 0.132506 0.199695
vt 0.133797 0.173938
vt 0.145161 0.17241
vt 0.145123 0.198946
vt 0.161263 0.172897
vt 0.158447 0.199504
vt 0.145123 0.198946
vt 0.145161 0.17241
vt 0.161263 0.172897
vt 0.807022 0.187735
vt 0.819973 0.164651
vt 0.822154 0.19033
vt 0.807022 0.187735
vt 0.805764 0.162087
vt 0.819973 0.164651
vt 0.249927 0.958781
vt 0.26759 0.978051
vt 0.243969 0.968163
vt 0.249927 0.958781
vt 0.273586 0.96923
vt 0.26759 0.978051
vt 0.457022 0.279012
vt 0.464918 0.255789
vt 0.46677 0.280143
vt 0.457022 0.279012
vt 0.455306 0.254593
vt 0.464918 0.255789
vt 0.790799 0.766525
vt 0.796048 0.741028
vt 0.799876 0.767683
vt 0.790799 0.766525
vt 0.787044 0.739796
vt 0.796048 0.741028
vt 0.770387 0.368945
vt 0.775241 0.343533
vt 0.776285 0.370522
vt 0.799876 0.767683
vt 0.796048 0.741028
vt 0.802536 0.741824
vt 0.787044 0.739796
vt 0.797316 0.713786
vt 0.796048 0.741028
vt 0.787044 0.739796
vt 0.78578 0.712867
vt 0.797316 0.713786
vt 0.796048 0.741028
vt 0.803468 0.714381
vt 0.802536 0.741824
vt 0.769379 0.341983
vt 0.771748 0.314925
vt 0.778832 0.316356
vt 0.775241 0.343533
vt 0.786261 0.31643
vt 0.782791 0.343643
vt 0.775241 0.343533
vt 0.778832 0.316356
vt 0.786261 0.31643
vt 0.782791 0.343643
vt 0.792092 0.316599
vt 0.788891 0.343789
vt 0.782791 0.343643
vt 0.786261 0.31643
vt 0.792092 0.316599
vt 0.595569 0.423006
vt 0.602096 0.395938
vt 0.600897 0.422867
vt 0.595569 0.423006
vt 0.596939 0.396086
vt 0.602096 0.395938
vt 0.600897 0.422867
vt 0.618856 0.392115
vt 0.619507 0.418968
vt 0.600897 0.422867
vt 0.602096 0.395938
vt 0.618856 0.392115
vt 0.881055 0.636812
vt 0.863007 0.667354
vt 0.861432 0.641376
vt 0.753657 0.133593
vt 0.752222 0.158896
vt 0.73119 0.158582
vt 0.133797 0.173938
vt 0.145421 0.147296
vt 0.145161 0.17241
vt 0.133797 0.173938
vt 0.130256 0.148153
vt 0.145421 0.147296
vt 0.145161 0.17241
vt 0.16219 0.147616
vt 0.161263 0.172897
vt 0.145161 0.17241
vt 0.145421 0.147296
vt 0.16219 0.147616
vt 0.805764 0.162087
vt 0.816092 0.137809
vt 0.819973 0.164651
vt 0.805764 0.162087
vt 0.80121 0.137529
vt 0.816092 0.137809
vt 0.273586 0.96923
vt 0.290883 0.988805
vt 0.26759 0.978051
vt 0.273586 0.96923
vt 0.298698 0.977135
vt 0.290883 0.988805
vt 0.455306 0.254593
vt 0.466321 0.230665
vt 0.464918 0.255789
vt 0.455306 0.254593
vt 0.453712 0.228921
vt 0.466321 0.230665
vt 0.602096 0.395938
vt 0.62048 0.369552
vt 0.618856 0.392115
vt 0.768776 0.155011
vt 0.768331 0.179203
vt 0.749722 0.180867
vt 0.752222 0.158896
vt 0.73119 0.179382
vt 0.73119 0.158582
vt 0.752222 0.158896
vt 0.749722 0.180867
vt 0.73119 0.179382
vt 0.130256 0.148153
vt 0.148767 0.123489
vt 0.145421 0.147296
vt 0.130256 0.148153
vt 0.128686 0.126747
vt 0.148767 0.123489
vt 0.145421 0.147296
vt 0.16245 0.123421
vt 0.16219 0.147616
vt 0.145421 0.147296
vt 0.148767 0.123489
vt 0.16245 0.123421
vt 0.812234 0.604998
vt 0.801036 0.627299
vt 0.79737 0.605863
vt 0.812234 0.604998
vt 0.812234 0.628411
vt 0.801036 0.627299
vt 0.298698 0.977135
vt 0.309273 0.999722
vt 0.290883 0.988805
vt 0.298698 0.977135
vt 0.319359 0.987396
vt 0.309273 0.999722
vt 0.453712 0.228921
vt 0.46677 0.209528
vt 0.466321 0.230665
vt 0.453712 0.228921
vt 0.454765 0.20775
vt 0.46677 0.209528
vt 0.78578 0.712867
vt 0.795002 0.69152
vt 0.797316 0.713786
vt 0.78578 0.712867
vt 0.78396 0.690379
vt 0.795002 0.69152
vt 0.771748 0.314925
vt 0.777639 0.293775
vt 0.778832 0.316356
vt 0.797316 0.713786
vt 0.795002 0.69152
vt 0.804168 0.691914
vt 0.778832 0.316356
vt 0.788619 0.293599
vt 0.786261 0.31643
vt 0.778832 0.316356
vt 0.777639 0.293775
vt 0.788619 0.293599
vt 0.64806 0.105484
vt 0.639806 0.130027
vt 0.642044 0.105871
vt 0.64806 0.105484
vt 0.648796 0.128687
vt 0.639806 0.130027
vt 0.642044 0.105871
vt 0.631895 0.128555
vt 0.636773 0.105484
vt 0.642044 0.105871
vt 0.639806 0.130027
vt 0.631895 0.128555
vt 0.749722 0.180867
vt 0.738071 0.204931
vt 0.73119 0.179382
vt 0.749722 0.180867
vt 0.748269 0.202146
vt 0.738071 0.204931
vt 0.128686 0.126747
vt 0.150231 0.100754
vt 0.148767 0.123489
vt 0.128686 0.126747
vt 0.12502 0.100879
vt 0.150231 0.100754
vt 0.148767 0.123489
vt 0.164943 0.100646
vt 0.16245 0.123421
vt 0.148767 0.123489
vt 0.150231 0.100754
vt 0.164943 0.100646
vt 0.700703 0.16506
vt 0.697304 0.139351
vt 0.709102 0.157704
vt 0.661997 0.110951
vt 0.661997 0.132
vt 0.649351 0.130618
vt 0.808603 0.136974
vt 0.808603 0.10471
vt 0.822364 0.129475
vt 0.709102 0.157704
vt 0.697304 0.139351
vt 0.709102 0.126346
vt 0.772668 0.688965
vt 0.782531 0.666418
vt 0.78396 0.690379
vt 0.772668 0.688965
vt 0.763202 0.663027
vt 0.782531 0.666418
vt 0.78396 0.690379
vt 0.793424 0.665298
vt 0.795002 0.69152
vt 0.78396 0.690379
vt 0.782531 0.666418
vt 0.793424 0.665298
vt 0.795002 0.69152
vt 0.804295 0.664616
vt 0.804168 0.691914
vt 0.795002 0.69152
vt 0.793424 0.665298
vt 0.804295 0.664616
vt 0.777639 0.293775
vt 0.789003 0.268644
vt 0.788619 0.293599
vt 0.777639 0.293775
vt 0.77837 0.26648
vt 0.789003 0.268644
vt 0.60398 0.140061
vt 0.60398 0.165718
vt 0.596207 0.143689
vt 0.883102 0.132329
vt 0.893371 0.154925
vt 0.88445 0.157322
vt 0.875917 0.13566
vt 0.876973 0.160238
vt 0.868474 0.139393
vt 0.875917 0.13566
vt 0.88445 0.157322
vt 0.876973 0.160238
vt 0.768331 0.179203
vt 0.748269 0.202146
vt 0.749722 0.180867
vt 0.768331 0.179203
vt 0.767208 0.200847
vt 0.748269 0.202146
vt 0.767208 0.200847
vt 0.750666 0.222791
vt 0.748269 0.202146
vt 0.876973 0.160238
vt 0.882954 0.178289
vt 0.868474 0.186342
vt 0.748269 0.202146
vt 0.741783 0.223929
vt 0.738071 0.204931
vt 0.748269 0.202146
vt 0.750666 0.222791
vt 0.741783 0.223929
vt 0.12502 0.100879
vt 0.147625 0.080519
vt 0.150231 0.100754
vt 0.12502 0.100879
vt 0.121198 0.0820429
vt 0.147625 0.080519
vt 0.782039 0.627265
vt 0.796815 0.604998
vt 0.796815 0.628539
vt 0.150231 0.100754
vt 0.147625 0.080519
vt 0.164287 0.0804223
vt 0.785679 0.123643
vt 0.798307 0.104954
vt 0.798307 0.123755
vt 0.785679 0.123643
vt 0.777062 0.10182
vt 0.798307 0.104954
vt 0.664569 0.132
vt 0.664569 0.106848
vt 0.677733 0.120487
vt 0.648796 0.130582
vt 0.647234 0.1495
vt 0.631762 0.146095
vt 0.763202 0.663027
vt 0.787214 0.646248
vt 0.782531 0.666418
vt 0.763202 0.663027
vt 0.767871 0.644502
vt 0.787214 0.646248
vt 0.782531 0.666418
vt 0.798725 0.645638
vt 0.793424 0.665298
vt 0.782531 0.666418
vt 0.787214 0.646248
vt 0.798725 0.645638
vt 0.793424 0.665298
vt 0.806029 0.646064
vt 0.804295 0.664616
vt 0.793424 0.665298
vt 0.798725 0.645638
vt 0.806029 0.646064
vt 0.77837 0.26648
vt 0.792232 0.249486
vt 0.789003 0.268644
vt 0.812789 0.604998
vt 0.822162 0.62002
vt 0.812789 0.627222
vt 0.893371 0.154925
vt 0.890942 0.175129
vt 0.88445 0.157322
vt 0.893371 0.154925
vt 0.898954 0.173071
vt 0.890942 0.175129
vt 0.88445 0.157322
vt 0.882954 0.178289
vt 0.876973 0.160238
vt 0.88445 0.157322
vt 0.890942 0.175129
vt 0.882954 0.178289
vt 0.882954 0.178289
vt 0.877308 0.199343
vt 0.868474 0.186342
vt 0.882954 0.178289
vt 0.882752 0.198212
vt 0.877308 0.199343
vt 0.678385 0.125791
vt 0.678385 0.108522
vt 0.686221 0.122585
vt 0.46677 0.160865
vt 0.456835 0.149359
vt 0.46677 0.141937
vt 0.121198 0.0820429
vt 0.145507 0.0671791
vt 0.147625 0.080519
vt 0.46677 0.207195
vt 0.457166 0.194785
vt 0.464891 0.177478
vt 0.147625 0.080519
vt 0.161493 0.0665277
vt 0.164287 0.0804223
vt 0.147625 0.080519
vt 0.145507 0.0671791
vt 0.161493 0.0665277
vt 0.709102 0.12471
vt 0.695832 0.110606
vt 0.709102 0.103265
vt 0.709102 0.12471
vt 0.694822 0.125791
vt 0.695832 0.110606
vt 0.647234 0.1495
vt 0.633482 0.161745
vt 0.631762 0.146095
vt 0.647234 0.1495
vt 0.648796 0.16506
vt 0.633482 0.161745
vt 0.767871 0.644502
vt 0.788228 0.631422
vt 0.787214 0.646248
vt 0.767871 0.644502
vt 0.769285 0.629727
vt 0.788228 0.631422
vt 0.904186 0.642099
vt 0.895651 0.659731
vt 0.892569 0.642099
vt 0.787214 0.646248
vt 0.788228 0.631422
vt 0.796071 0.630882
vt 0.270799 0.176927
vt 0.270799 0.196772
vt 0.263604 0.177597
vt 0.265581 0.156929
vt 0.270799 0.174296
vt 0.265581 0.176372
vt 0.892014 0.642099
vt 0.892014 0.667354
vt 0.883383 0.650677
vt 0.624244 0.372993
vt 0.629348 0.392882
vt 0.624244 0.398433
vt 0.270799 0.197327
vt 0.270799 0.220149
vt 0.264793 0.202369
vt 0.774205 0.605042
vt 0.781484 0.622162
vt 0.774205 0.629131
vt 0.890942 0.175129
vt 0.882752 0.198212
vt 0.882954 0.178289
vt 0.26332 0.220705
vt 0.270799 0.238541
vt 0.26332 0.245164
vt 0.600603 0.205893
vt 0.600603 0.220653
vt 0.595569 0.208074
vt 0.712306 0.098168
vt 0.718747 0.104191
vt 0.712306 0.113059
vt 0.456835 0.149359
vt 0.464733 0.130967
vt 0.46677 0.141937
vt 0.600542 0.241152
vt 0.595569 0.2284
vt 0.600542 0.221208
vt 0.457166 0.194785
vt 0.456647 0.176222
vt 0.464891 0.177478
vt 0.270799 0.156374
vt 0.264657 0.147909
vt 0.270799 0.138826
vt 0.464891 0.177478
vt 0.458659 0.163161
vt 0.46677 0.16142
vt 0.464891 0.177478
vt 0.456647 0.176222
vt 0.458659 0.163161
vt 0.694822 0.125791
vt 0.689107 0.109182
vt 0.695832 0.110606
vt 0.694822 0.125791
vt 0.686776 0.124466
vt 0.689107 0.109182
vt 0.730113 0.113059
vt 0.720351 0.0998965
vt 0.730113 0.0966602
vt 0.626398 0.356004
vt 0.629348 0.362447
vt 0.626398 0.372438
vt 0.885548 0.10682
vt 0.880727 0.123214
vt 0.872254 0.11969
vt 0.264191 0.121389
vt 0.270799 0.129306
vt 0.264191 0.138271
vt 0.872254 0.11969
vt 0.878447 0.13016
vt 0.868474 0.127044
vt 0.872254 0.11969
vt 0.880727 0.123214
vt 0.878447 0.13016
vt 0.661997 0.0970926
vt 0.661997 0.110396
vt 0.656201 0.0991799
vt 0.595724 0.178947
vt 0.600603 0.188204
vt 0.595724 0.191491
vt 0.603435 0.123472
vt 0.597604 0.139505
vt 0.597604 0.128705
vt 0.603435 0.123472
vt 0.60398 0.136118
vt 0.597604 0.139505
vt 0.46677 0.0987233
vt 0.456925 0.109075
vt 0.456925 0.0966489
vt 0.801467 0.0962216
vt 0.808048 0.104602
vt 0.801467 0.110633
vt 0.776507 0.108285
vt 0.7736 0.123755
vt 0.769888 0.115761
vt 0.776507 0.108285
vt 0.776507 0.120904
vt 0.7736 0.123755
vt 0.829294 0.625688
vt 0.822717 0.611937
vt 0.831765 0.61752
vt 0.829294 0.625688
vt 0.822717 0.618785
vt 0.822717 0.611937
vt 0.831765 0.61752
vt 0.822771 0.604998
vt 0.831531 0.605482
vt 0.831765 0.61752
vt 0.822717 0.611937
vt 0.822771 0.604998
vt 0.902243 0.641351
vt 0.894755 0.630385
vt 0.902243 0.628616
vt 0.902243 0.641351
vt 0.893583 0.638991
vt 0.894755 0.630385
vt 0.270799 0.120834
vt 0.265396 0.111774
vt 0.270799 0.105656
vt 0.270799 0.120834
vt 0.263402 0.117661
vt 0.265396 0.111774
vt 0.859956 0.108665
vt 0.85242 0.103255
vt 0.859956 0.0985455
vt 0.859956 0.108665
vt 0.852012 0.108737
vt 0.85242 0.103255
vt 0.901485 0.611092
vt 0.901485 0.6229
vt 0.893583 0.619169
vt 0.73383 0.0958562
vt 0.735301 0.103846
vt 0.73119 0.106696
vt 0.880727 0.123214
vt 0.885548 0.131774
vt 0.878447 0.13016
vt 0.893583 0.619169
vt 0.901485 0.6229
vt 0.897709 0.628061
vt 0.631197 0.230439
vt 0.631197 0.241152
vt 0.626385 0.234123
vt 0.613842 0.122138
vt 0.613957 0.114535
vt 0.620269 0.113843
vt 0.892569 0.66937
vt 0.897565 0.660286
vt 0.899788 0.66937
vt 0.618588 0.122241
vt 0.620269 0.113843
vt 0.62504 0.114122
vt 0.649351 0.110396
vt 0.649351 0.0978721
vt 0.655308 0.104004
vt 0.626921 0.313867
vt 0.631165 0.322456
vt 0.626921 0.326566
vt 0.627136 0.289172
vt 0.631203 0.279705
vt 0.631203 0.288972
vt 0.627136 0.289172
vt 0.627997 0.280701
vt 0.631203 0.279705
vt 0.751505 0.106695
vt 0.745501 0.0956935
vt 0.754893 0.0956935
vt 0.631165 0.313312
vt 0.628078 0.304301
vt 0.631165 0.300711
vt 0.739998 0.106696
vt 0.73119 0.106696
vt 0.735301 0.103846
vt 0.76995 0.0992699
vt 0.776507 0.0992699
vt 0.770603 0.10773
vt 0.631165 0.300156
vt 0.627266 0.294084
vt 0.631165 0.289727
vt 0.631165 0.300156
vt 0.627136 0.297441
vt 0.627266 0.294084
vt 0.62583 0.103349
vt 0.62504 0.114122
vt 0.620269 0.113843
vt 0.686221 0.107967
vt 0.679488 0.107967
vt 0.682799 0.0983809
vt 0.619499 0.101334
vt 0.620269 0.113843
vt 0.613957 0.114535
vt 0.619499 0.101334
vt 0.62583 0.103349
vt 0.620269 0.113843
vt 0.600603 0.192046
vt 0.600603 0.205338
vt 0.595665 0.201052
vt 0.61115 0.101334
vt 0.619499 0.101334
vt 0.613957 0.114535
usemtl 54a13e432b9a488ab35d1c6644d9bc0c_visual_0
f 1/1/1 2/2/2 3/3/3
f 4/4/4 5/5/5 6/6/6
f 7/7/7 8/8/8 9/9/9
f 10/10/10 11/11/11 12/12/12
f 13/13/13 14/14/14 15/15/15
f 16/16/16 17/17/17 18/18/18
f 19/19/19 20/20/20 21/21/21
f 22/22/22 23/23/23 24/24/24
f 25/25/25 26/26/26 27/27/27
f 28/28/28 29/29/29 30/30/30
f 31/31/31 32/32/32 33/33/33
f 34/34/34 35/35/35 36/36/36
f 37/37/37 38/38/38 39/39/39
f 40/40/40 41/41/41 42/42/42
f 43/43/43 44/44/44 45/45/45
f 46/46/46 47/47/47 48/48/48
f 49/49/49 50/50/50 51/51/51
f 52/52/52 53/53/53 54/54/54
f 55/55/55 56/56/56 57/57/57
f 58/58/58 59/59/59 60/60/60
f 61/61/61 62/62/62 63/63/63
f 64/64/64 65/65/65 66/66/66
f 67/67/67 68/68/68 69/69/69
f 70/70/70 71/71/71 72/72/72
f 73/73/73 74/74/74 75/75/75
f 76/76/76 77/77/77 78/78/78
f 79/79/79 80/80/80 81/81/81
f 82/82/82 83/83/83 84/84/84
f 85/85/85 86/86/86 87/87/87
f 88/88/88 89/89/89 90/90/90
f 91/91/91 92/92/92 93/93/93
f 94/94/94 95/95/95 96/96/96
f 97/97/97 98/98/98 99/99/99
f 100/100/100 101/101/101 102/102/102
f 103/103/103 104/104/104 105/105/105
f 106/106/106 107/107/107 108/108/108
f 109/109/109 110/110/110 111/111/111
f 112/112/112 113/113/113 114/114/114
f 115/115/115 116/116/116 117/117/117
f 118/118/118 119/119/119 120/120/120
f 121/121/121 122/122/122 123/123/123
f 124/124/124 125/125/125 126/126/126
f 127/127/127 128/128/128 129/129/129
f 130/130/130 131/131/131 132/132/132
f 133/133/133 134/134/134 135/135/135
f 136/136/136 137/137/137 138/138/138
f 139/139/139 140/140/140 141/141/141
f 142/142/142 143/143/143 144/144/144
f 145/145/145 146/146/146 147/147/147
f 148/148/148 149/149/149 150/150/150
f 151/151/151 152/152/152 153/153/153
f 154/154/154 155/155/155 156/156/156
f 157/157/157 158/158/158 159/159/159
f 160/160/160 161/161/161 162/162/162
f 163/163/163 164/164/164 165/165/165
f 166/166/166 167/167/167 168/168/168
f 169/169/169 170/170/170 171/171/171
f 172/172/172 173/173/173 174/174/174
f 175/175/175 176/176/176 177/177/177
f 178/178/178 179/179/179 180/180/180
f 181/181/181 182/182/182 183/183/183
f 184/184/184 185/185/185 186/186/186
f 187/187/187 188/188/188 189/189/189
f 190/190/190 191/191/191 192/192/192
f 193/193/193 194/194/194 195/195/195
f 196/196/196 197/197/197 198/198/198
f 199/199/199 200/200/200 201/201/201
f 202/202/202 203/203/203 204/204/204
f 205/205/205 206/206/206 207/207/207
f 208/208/208 209/209/209 210/210/210
f 211/211/211 212/212/212 213/213/213
f 214/214/214 215/215/215 216/216/216
f 217/217/217 218/218/218 219/219/219
f 220/220/220 221/221/221 222/222/222
f 223/223/223 224/224/224 225/225/225
f 226/226/226 227/227/227 228/228/228
f 229/229/229 230/230/230 231/231/231
f 232/232/232 233/233/233 234/234/234
f 235/235/235 236/236/236 237/237/237
f 238/238/238 239/239/239 240/240/240
f 241/241/241 242/242/242 243/243/243
f 244/244/244 245/245/245 246/246/246
f 247/247/247 248/248/248 249/249/249
f 250/250/250 251/251/251 252/252/252
f 253/253/253 254/254/254 255/255/255
f 256/256/256 257/257/257 258/258/258
f 259/259/259 260/260/260 261/261/261
f 262/262/262 263/263/263 264/264/264
f 265/265/265 266/266/266 267/267/267
f 268/268/268 269/269/269 270/270/270
f 271/271/271 272/272/272 273/273/273
f 274/274/274 275/275/275 276/276/276
f 277/277/277 278/278/278 279/279/279
f 280/280/280 281/281/281 282/282/282
f 283/283/283 284/284/284 285/285/285
f 286/286/286 287/287/287 288/288/288
f 289/289/289 290/290/290 291/291/291
f 292/292/292 293/293/293 294/294/294
f 295/295/295 296/296/296 297/297/297
f 298/298/298 299/299/299 300/300/300
f 301/301/301 302/302/302 303/303/303
f 304/304/304 305/305/305 306/306/306
f 307/307/307 308/308/308 309/309/309
f 310/310/310 311/311/311 312/312/312
f 313/313/313 314/314/314 315/315/315
f 316/316/316 317/317/317 318/318/318
f 319/319/319 320/320/320 321/321/321
f 322/322/322 323/323/323 324/324/324
f 325/325/325 326/326/326 327/327/327
f 328/328/328 329/329/329 330/330/330
f 331/331/331 332/332/332 333/333/333
f 334/334/334 335/335/335 336/336/336
f 337/337/337 338/338/338 339/339/339
f 340/340/340 341/341/341 342/342/342
f 343/343/343 344/344/344 345/345/345
f 346/346/346 347/347/347 348/348/348
f 349/349/349 350/350/350 351/351/351
f 352/352/352 353/353/353 354/354/354
f 355/355/355 356/356/356 357/357/357
f 358/358/358 359/359/359 360/360/360
f 361/361/361 362/362/362 363/363/363
f 364/364/364 365/365/365 366/366/366
f 367/367/367 368/368/368 369/369/369
f 370/370/370 371/371/371 372/372/372
f 373/373/373 374/374/374 375/375/375
f 376/376/376 377/377/377 378/378/378
f 379/379/379 380/380/380 381/381/381
f 382/382/382 383/383/383 384/384/384
f 385/385/385 386/386/386 387/387/387
f 388/388/388 389/389/389 390/390/390
f 391/391/391 392/392/392 393/393/393
f 394/394/394 395/395/395 396/396/396
f 397/397/397 398/398/398 399/399/399
f 400/400/400 401/401/401 402/402/402
f 403/403/403 404/404/404 405/405/405
f 406/406/406 407/407/407 408/408/408
f 409/409/409 410/410/410 411/411/411
f 412/412/412 413/413/413 414/414/414
f 415/415/415 416/416/416 417/417/417
f 418/418/418 419/419/419 420/420/420
f 421/421/421 422/422/422 423/423/423
f 424/424/424 425/425/425 426/426/426
f 427/427/427 428/428/428 429/429/429
f 430/430/430 431/431/431 432/432/432
f 433/433/433 434/434/434 435/435/435
f 436/436/436 437/437/437 438/438/438
f 439/439/439 440/440/440 441/441/441
f 442/442/442 443/443/443 444/444/444
f 445/445/445 446/446/446 447/447/447
f 448/448/448 449/449/449 450/450/450
f 451/451/451 452/452/452 453/453/453
f 454/454/454 455/455/455 456/456/456
f 457/457/457 458/458/458 459/459/459
f 460/460/460 461/461/461 462/462/462
f 463/463/463 464/464/464 465/465/465
f 466/466/466 467/467/467 468/468/468
f 469/469/469 470/470/470 471/471/471
f 472/472/472 473/473/473 474/474/474
f 475/475/475 476/476/476 477/477/477
f 478/478/478 479/479/479 480/480/480
f 481/481/481 482/482/482 483/483/483
f 484/484/484 485/485/485 486/486/486
f 487/487/487 488/488/488 489/489/489
f 490/490/490 491/491/491 492/492/492
f 493/493/493 494/494/494 495/495/495
f 496/496/496 497/497/497 498/498/498
f 499/499/499 500/500/500 501/501/501
f 502/502/502 503/503/503 504/504/504
f 505/505/505 506/506/506 507/507/507
f 508/508/508 509/509/509 510/510/510
f 511/511/511 512/512/512 513/513/513
f 514/514/514 515/515/515 516/516/516
f 517/517/517 518/518/518 519/519/519
f 520/520/520 521/521/521 522/522/522
f 523/523/523 524/524/524 525/525/525
f 526/526/526 527/527/527 528/528/528
f 529/529/529 530/530/530 531/531/531
f 532/532/532 533/533/533 534/534/534
f 535/535/535 536/536/536 537/537/537
f 538/538/538 539/539/539 540/540/540
f 541/541/541 542/542/542 543/543/543
f 544/544/544 545/545/545 546/546/546
f 547/547/547 548/548/548 549/549/549
f 550/550/550 551/551/551 552/552/552
f 553/553/553 554/554/554 555/555/555
f 556/556/556 557/557/557 558/558/558
f 559/559/559 560/560/560 561/561/561
f 562/562/562 563/563/563 564/564/564
f 565/565/565 566/566/566 567/567/567
f 568/568/568 569/569/569 570/570/570
f 571/571/571 572/572/572 573/573/573
f 574/574/574 575/575/575 576/576/576
f 577/577/577 578/578/578 579/579/579
f 580/580/580 581/581/581 582/582/582
f 583/583/583 584/584/584 585/585/585
f 586/586/586 587/587/587 588/588/588
f 589/589/589 590/590/590 591/591/591
f 592/592/592 593/593/593 594/594/594
f 595/595/595 596/596/596 597/597/597
f 598/598/598 599/599/599 600/600/600
f 601/601/601 602/602/602 603/603/603
f 604/604/604 605/605/605 606/606/606
f 607/607/607 608/608/608 609/609/609
f 610/610/610 611/611/611 612/612/612
f 613/613/613 614/614/614 615/615/615
f 616/616/616 617/617/617 618/618/618
f 619/619/619 620/620/620 621/621/621
f 622/622/622 623/623/623 624/624/624
f 625/625/625 626/626/626 627/627/627
f 628/628/628 629/629/629 630/630/630
f 631/631/631 632/632/632 633/633/633
f 634/634/634 635/635/635 636/636/636
f 637/637/637 638/638/638 639/639/639
f 640/640/640 641/641/641 642/642/642
f 643/643/643 644/644/644 645/645/645
f 646/646/646 647/647/647 648/648/648
f 649/649/649 650/650/650 651/651/651
f 652/652/652 653/653/653 654/654/654
f 655/655/655 656/656/656 657/657/657
f 658/658/658 659/659/659 660/660/660
f 661/661/661 662/662/662 663/663/663
f 664/664/664 665/665/665 666/666/666
f 667/667/667 668/668/668 669/669/669
f 670/670/670 671/671/671 672/672/672
f 673/673/673 674/674/674 675/675/675
f 676/676/676 677/677/677 678/678/678
f 679/679/679 680/680/680 681/681/681
f 682/682/682 683/683/683 684/684/684
f 685/685/685 686/686/686 687/687/687
f 688/688/688 689/689/689 690/690/690
f 691/691/691 692/692/692 693/693/693
f 694/694/694 695/695/695 696/696/696
f 697/697/697 698/698/698 699/699/699
f 700/700/700 701/701/701 702/702/702
f 703/703/703 704/704/704 705/705/705
f 706/706/706 707/707/707 708/708/708
f 709/709/709 710/710/710 711/711/711
f 712/712/712 713/713/713 714/714/714
f 715/715/715 716/716/716 717/717/717
f 718/718/718 719/719/719 720/720/720
f 721/721/721 722/722/722 723/723/723
f 724/724/724 725/725/725 726/726/726
f 727/727/727 728/728/728 729/729/729
f 730/730/730 731/731/731 732/732/732
f 733/733/733 734/734/734 735/735/735
f 736/736/736 737/737/737 738/738/738
f 739/739/739 740/740/740 741/741/741
f 742/742/742 743/743/743 744/744/744
f 745/745/745 746/746/746 747/747/747
f 748/748/748 749/749/749 750/750/750
f 751/751/751 752/752/752 753/753/753
f 754/754/754 755/755/755 756/756/756
f 757/757/757 758/758/758 759/759/759
f 760/760/760 761/761/761 762/762/762
f 763/763/763 764/764/764 765/765/765
f 766/766/766 767/767/767 768/768/768
f 769/769/769 770/770/770 771/771/771
f 772/772/772 773/773/773 774/774/774
f 775/775/775 776/776/776 777/777/777
f 778/778/778 779/779/779 780/780/780
f 781/781/781 782/782/782 783/783/783
f 784/784/784 785/785/785 786/786/786
f 787/787/787 788/788/788 789/789/789
f 790/790/790 791/791/791 792/792/792
f 793/793/793 794/794/794 795/795/795
f 796/796/796 797/797/797 798/798/798
f 799/799/799 800/800/800 801/801/801
f 802/802/802 803/803/803 804/804/804
f 805/805/805 806/806/806 807/807/807
f 808/808/808 809/809/809 810/810/810
f 811/811/811 812/812/812 813/813/813
f 814/814/814 815/815/815 816/816/816
f 817/817/817 818/818/818 819/819/819
f 820/820/820 821/821/821 822/822/822
f 823/823/823 824/824/824 825/825/825
f 826/826/826 827/827/827 828/828/828
f 829/829/829 830/830/830 831/831/831
f 832/832/832 833/833/833 834/834/834
f 835/835/835 836/836/836 837/837/837
f 838/838/838 839/839/839 840/840/840
f 841/841/841 842/842/842 843/843/843
f 844/844/844 845/845/845 846/846/846
f 847/847/847 848/848/848 849/849/849
f 850/850/850 851/851/851 852/852/852
f 853/853/853 854/854/854 855/855/855
f 856/856/856 857/857/857 858/858/858
f 859/859/859 860/860/860 861/861/861
f 862/862/862 863/863/863 864/864/864
f 865/865/865 866/866/866 867/867/867
f 868/868/868 869/869/869 870/870/870
f 871/871/871 872/872/872 873/873/873
f 874/874/874 875/875/875 876/876/876
f 877/877/877 878/878/878 879/879/879
f 880/880/880 881/881/881 882/882/882
f 883/883/883 884/884/884 885/885/885
f 886/886/886 887/887/887 888/888/888
f 889/889/889 890/890/890 891/891/891
f 892/892/892 893/893/893 894/894/894
f 895/895/895 896/896/896 897/897/897
f 898/898/898 899/899/899 900/900/900
f 901/901/901 902/902/902 903/903/903
f 904/904/904 905/905/905 906/906/906
f 907/907/907 908/908/908 909/909/909
f 910/910/910 911/911/911 912/912/912
f 913/913/913 914/914/914 915/915/915
f 916/916/916 917/917/917 918/918/918
f 919/919/919 920/920/920 921/921/921
f 922/922/922 923/923/923 924/924/924
f 925/925/925 926/926/926 927/927/927
f 928/928/928 929/929/929 930/930/930
f 931/931/931 932/932/932 933/933/933
f 934/934/934 935/935/935 936/936/936
f 937/937/937 938/938/938 939/939/939
f 940/940/940 941/941/941 942/942/942
f 943/943/943 944/944/944 945/945/945
f 946/946/946 947/947/947 948/948/948
f 949/949/949 950/950/950 951/951/951
f 952/952/952 953/953/953 954/954/954
f 955/955/955 956/956/956 957/957/957
f 958/958/958 959/959/959 960/960/960
f 961/961/961 962/962/962 963/963/963
f 964/964/964 965/965/965 966/966/966
f 967/967/967 968/968/968 969/969/969
f 970/970/970 971/971/971 972/972/972
f 973/973/973 974/974/974 975/975/975
f 976/976/976 977/977/977 978/978/978
f 979/979/979 980/980/980 981/981/981
f 982/982/982 983/983/983 984/984/984
f 985/985/985 986/986/986 987/987/987
f 988/988/988 989/989/989 990/990/990
f 991/991/991 992/992/992 993/993/993
f 994/994/994 995/995/995 996/996/996
f 997/997/997 998/998/998 999/999/999
f 1000/1000/1000 1001/1001/1001 1002/1002/1002
f 1003/1003/1003 1004/1004/1004 1005/1005/1005
f 1006/1006/1006 1007/1007/1007 1008/1008/1008
f 1009/1009/1009 1010/1010/1010 1011/1011/1011
f 1012/1012/1012 1013/1013/1013 1014/1014/1014
f 1015/1015/1015 1016/1016/1016 1017/1017/1017
f 1018/1018/1018 1019/1019/1019 1020/1020/1020
f 1021/1021/1021 1022/1022/1022 1023/1023/1023
f 1024/1024/1024 1025/1025/1025 1026/1026/1026
f 1027/1027/1027 1028/1028/1028 1029/1029/1029
f 1030/1030/1030 1031/1031/1031 1032/1032/1032
f 1033/1033/1033 1034/1034/1034 1035/1035/1035
f 1036/1036/1036 1037/1037/1037 1038/1038/1038
f 1039/1039/1039 1040/1040/1040 1041/1041/1041
f 1042/1042/1042 1043/1043/1043 1044/1044/1044
f 1045/1045/1045 1046/1046/1046 1047/1047/1047
f 1048/1048/1048 1049/1049/1049 1050/1050/1050
f 1051/1051/1051 1052/1052/1052 1053/1053/1053
f 1054/1054/1054 1055/1055/1055 1056/1056/1056
f 1057/1057/1057 1058/1058/1058 1059/1059/1059
f 1060/1060/1060 1061/1061/1061 1062/1062/1062
f 1063/1063/1063 1064/1064/1064 1065/1065/1065
f 1066/1066/1066 1067/1067/1067 1068/1068/1068
f 1069/1069/1069 1070/1070/1070 1071/1071/1071
f 1072/1072/1072 1073/1073/1073 1074/1074/1074
f 1075/1075/1075 1076/1076/1076 1077/1077/1077
f 1078/1078/1078 1079/1079/1079 1080/1080/1080
f 1081/1081/1081 1082/1082/1082 1083/1083/1083
f 1084/1084/1084 1085/1085/1085 1086/1086/1086
f 1087/1087/1087 1088/1088/1088 1089/1089/1089
f 1090/1090/1090 1091/1091/1091 1092/1092/1092
f 1093/1093/1093 1094/1094/1094 1095/1095/1095
f 1096/1096/1096 1097/1097/1097 1098/1098/1098
f 1099/1099/1099 1100/1100/1100 1101/1101/1101
f 1102/1102/1102 1103/1103/1103 1104/1104/1104
f 1105/1105/1105 1106/1106/1106 1107/1107/1107
f 1108/1108/1108 1109/1109/1109 1110/1110/1110
f 1111/1111/1111 1112/1112/1112 1113/1113/1113
f 1114/1114/1114 1115/1115/1115 1116/1116/1116
f 1117/1117/1117 1118/1118/1118 1119/1119/1119
f 1120/1120/1120 1121/1121/1121 1122/1122/1122
f 1123/1123/1123 1124/1124/1124 1125/1125/1125
f 1126/1126/1126 1127/1127/1127 1128/1128/1128
f 1129/1129/1129 1130/1130/1130 1131/1131/1131
f 1132/1132/1132 1133/1133/1133 1134/1134/1134
f 1135/1135/1135 1136/1136/1136 1137/1137/1137
f 1138/1138/1138 1139/1139/1139 1140/1140/1140
f 1141/1141/1141 1142/1142/1142 1143/1143/1143
f 1144/1144/1144 1145/1145/1145 1146/1146/1146
f 1147/1147/1147 1148/1148/1148 1149/1149/1149
f 1150/1150/1150 1151/1151/1151 1152/1152/1152
f 1153/1153/1153 1154/1154/1154 1155/1155/1155
f 1156/1156/1156 1157/1157/1157 1158/1158/1158
f 1159/1159/1159 1160/1160/1160 1161/1161/1161
f 1162/1162/1162 1163/1163/1163 1164/1164/1164
f 1165/1165/1165 1166/1166/1166 1167/1167/1167
f 1168/1168/1168 1169/1169/1169 1170/1170/1170
f 1171/1171/1171 1172/1172/1172 1173/1173/1173
f 1174/1174/1174 1175/1175/1175 1176/1176/1176
f 1177/1177/1177 1178/1178/1178 1179/1179/1179
f 1180/1180/1180 1181/1181/1181 1182/1182/1182
f 1183/1183/1183 1184/1184/1184 1185/1185/1185
f 1186/1186/1186 1187/1187/1187 1188/1188/1188
f 1189/1189/1189 1190/1190/1190 1191/1191/1191
f 1192/1192/1192 1193/1193/1193 1194/1194/1194
f 1195/1195/1195 1196/1196/1196 1197/1197/1197
f 1198/1198/1198 1199/1199/1199 1200/1200/1200
f 1201/1201/1201 1202/1202/1202 1203/1203/1203
f 1204/1204/1204 1205/1205/1205 1206/1206/1206
f 1207/1207/1207 1208/1208/1208 1209/1209/1209
f 1210/1210/1210 1211/1211/1211 1212/1212/1212
f 1213/1213/1213 1214/1214/1214 1215/1215/1215
f 1216/1216/1216 1217/1217/1217 1218/1218/1218
f 1219/1219/1219 1220/1220/1220 1221/1221/1221
f 1222/1222/1222 1223/1223/1223 1224/1224/1224
f 1225/1225/1225 1226/1226/1226 1227/1227/1227
f 1228/1228/1228 1229/1229/1229 1230/1230/1230
f 1231/1231/1231 1232/1232/1232 1233/1233/1233
f 1234/1234/1234 1235/1235/1235 1236/1236/1236
f 1237/1237/1237 1238/1238/1238 1239/1239/1239
f 1240/1240/1240 1241/1241/1241 1242/1242/1242
f 1243/1243/1243 1244/1244/1244 1245/1245/1245
f 1246/1246/1246 1247/1247/1247 1248/1248/1248
f 1249/1249/1249 1250/1250/1250 1251/1251/1251
f 1252/1252/1252 1253/1253/1253 1254/1254/1254
f 1255/1255/1255 1256/1256/1256 1257/1257/1257
f 1258/1258/1258 1259/1259/1259 1260/1260/1260
f 1261/1261/1261 1262/1262/1262 1263/1263/1263
f 1264/1264/1264 1265/1265/1265 1266/1266/1266
f 1267/1267/1267 1268/1268/1268 1269/1269/1269
f 1270/1270/1270 1271/1271/1271 1272/1272/1272
f 1273/1273/1273 1274/1274/1274 1275/1275/1275
f 1276/1276/1276 1277/1277/1277 1278/1278/1278
f 1279/1279/1279 1280/1280/1280 1281/1281/1281
f 1282/1282/1282 1283/1283/1283 1284/1284/1284
f 1285/1285/1285 1286/1286/1286 1287/1287/1287
f 1288/1288/1288 1289/1289/1289 1290/1290/1290
f 1291/1291/1291 1292/1292/1292 1293/1293/1293
f 1294/1294/1294 1295/1295/1295 1296/1296/1296
f 1297/1297/1297 1298/1298/1298 1299/1299/1299
f 1300/1300/1300 1301/1301/1301 1302/1302/1302
f 1303/1303/1303 1304/1304/1304 1305/1305/1305
f 1306/1306/1306 1307/1307/1307 1308/1308/1308
f 1309/1309/1309 1310/1310/1310 1311/1311/1311
f 1312/1312/1312 1313/1313/1313 1314/1314/1314
f 1315/1315/1315 1316/1316/1316 1317/1317/1317
f 1318/1318/1318 1319/1319/1319 1320/1320/1320
f 1321/1321/1321 1322/1322/1322 1323/1323/1323
f 1324/1324/1324 1325/1325/1325 1326/1326/1326
f 1327/1327/1327 1328/1328/1328 1329/1329/1329
f 1330/1330/1330 1331/1331/1331 1332/1332/1332
f 1333/1333/1333 1334/1334/1334 1335/1335/1335
f 1336/1336/1336 1337/1337/1337 1338/1338/1338
f 1339/1339/1339 1340/1340/1340 1341/1341/1341
f 1342/1342/1342 1343/1343/1343 1344/1344/1344
f 1345/1345/1345 1346/1346/1346 1347/1347/1347
f 1348/1348/1348 1349/1349/1349 1350/1350/1350
f 1351/1351/1351 1352/1352/1352 1353/1353/1353
f 1354/1354/1354 1355/1355/1355 1356/1356/1356
f 1357/1357/1357 1358/1358/1358 1359/1359/1359
f 1360/1360/1360 1361/1361/1361 1362/1362/1362
f 1363/1363/1363 1364/1364/1364 1365/1365/1365
f 1366/1366/1366 1367/1367/1367 1368/1368/1368
f 1369/1369/1369 1370/1370/1370 1371/1371/1371
f 1372/1372/1372 1373/1373/1373 1374/1374/1374
f 1375/1375/1375 1376/1376/1376 1377/1377/1377
f 1378/1378/1378 1379/1379/1379 1380/1380/1380
f 1381/1381/1381 1382/1382/1382 1383/1383/1383
f 1384/1384/1384 1385/1385/1385 1386/1386/1386
f 1387/1387/1387 1388/1388/1388 1389/1389/1389
f 1390/1390/1390 1391/1391/1391 1392/1392/1392
f 1393/1393/1393 1394/1394/1394 1395/1395/1395
f 1396/1396/1396 1397/1397/1397 1398/1398/1398
f 1399/1399/1399 1400/1400/1400 1401/1401/1401
f 1402/1402/1402 1403/1403/1403 1404/1404/1404
f 1405/1405/1405 1406/1406/1406 1407/1407/1407
f 1408/1408/1408 1409/1409/1409 1410/1410/1410
f 1411/1411/1411 1412/1412/1412 1413/1413/1413
f 1414/1414/1414 1415/1415/1415 1416/1416/1416
f 1417/1417/1417 1418/1418/1418 1419/1419/1419
f 1420/1420/1420 1421/1421/1421 1422/1422/1422
f 1423/1423/1423 1424/1424/1424 1425/1425/1425
f 1426/1426/1426 1427/1427/1427 1428/1428/1428
f 1429/1429/1429 1430/1430/1430 1431/1431/1431
f 1432/1432/1432 1433/1433/1433 1434/1434/1434
f 1435/1435/1435 1436/1436/1436 1437/1437/1437
f 1438/1438/1438 1439/1439/1439 1440/1440/1440
f 1441/1441/1441 1442/1442/1442 1443/1443/1443
f 1444/1444/1444 1445/1445/1445 1446/1446/1446
f 1447/1447/1447 1448/1448/1448 1449/1449/1449
f 1450/1450/1450 1451/1451/1451 1452/1452/1452
f 1453/1453/1453 1454/1454/1454 1455/1455/1455
f 1456/1456/1456 1457/1457/1457 1458/1458/1458
f 1459/1459/1459 1460/1460/1460 1461/1461/1461
f 1462/1462/1462 1463/1463/1463 1464/1464/1464
f 1465/1465/1465 1466/1466/1466 1467/1467/1467
f 1468/1468/1468 1469/1469/1469 1470/1470/1470
f 1471/1471/1471 1472/1472/1472 1473/1473/1473
f 1474/1474/1474 1475/1475/1475 1476/1476/1476
f 1477/1477/1477 1478/1478/1478 1479/1479/1479
f 1480/1480/1480 1481/1481/1481 1482/1482/1482
f 1483/1483/1483 1484/1484/1484 1485/1485/1485
f 1486/1486/1486 1487/1487/1487 1488/1488/1488
f 1489/1489/1489 1490/1490/1490 1491/1491/1491
f 1492/1492/1492 1493/1493/1493 1494/1494/1494
f 1495/1495/1495 1496/1496/1496 1497/1497/1497
f 1498/1498/1498 1499/1499/1499 1500/1500/1500
f 1501/1501/1501 1502/1502/1502 1503/1503/1503
f 1504/1504/1504 1505/1505/1505 1506/1506/1506
f 1507/1507/1507 1508/1508/1508 1509/1509/1509
f 1510/1510/1510 1511/1511/1511 1512/1512/1512
f 1513/1513/1513 1514/1514/1514 1515/1515/1515
f 1516/1516/1516 1517/1517/1517 1518/1518/1518
f 1519/1519/1519 1520/1520/1520 1521/1521/1521
f 1522/1522/1522 1523/1523/1523 1524/1524/1524
f 1525/1525/1525 1526/1526/1526 1527/1527/1527
f 1528/1528/1528 1529/1529/1529 1530/1530/1530
f 1531/1531/1531 1532/1532/1532 1533/1533/1533
f 1534/1534/1534 1535/1535/1535 1536/1536/1536
f 1537/1537/1537 1538/1538/1538 1539/1539/1539
f 1540/1540/1540 1541/1541/1541 1542/1542/1542
f 1543/1543/1543 1544/1544/1544 1545/1545/1545
f 1546/1546/1546 1547/1547/1547 1548/1548/1548
f 1549/1549/1549 1550/1550/1550 1551/1551/1551
f 1552/1552/1552 1553/1553/1553 1554/1554/1554
f 1555/1555/1555 1556/1556/1556 1557/1557/1557
f 1558/1558/1558 1559/1559/1559 1560/1560/1560
f 1561/1561/1561 1562/1562/1562 1563/1563/1563
f 1564/1564/1564 1565/1565/1565 1566/1566/1566
f 1567/1567/1567 1568/1568/1568 1569/1569/1569
f 1570/1570/1570 1571/1571/1571 1572/1572/1572
f 1573/1573/1573 1574/1574/1574 1575/1575/1575
f 1576/1576/1576 1577/1577/1577 1578/1578/1578
f 1579/1579/1579 1580/1580/1580 1581/1581/1581
f 1582/1582/1582 1583/1583/1583 1584/1584/1584
f 1585/1585/1585 1586/1586/1586 1587/1587/1587
f 1588/1588/1588 1589/1589/1589 1590/1590/1590
f 1591/1591/1591 1592/1592/1592 1593/1593/1593
f 1594/1594/1594 1595/1595/1595 1596/1596/1596
f 1597/1597/1597 1598/1598/1598 1599/1599/1599
f 1600/1600/1600 1601/1601/1601 1602/1602/1602
f 1603/1603/1603 1604/1604/1604 1605/1605/1605
f 1606/1606/1606 1607/1607/1607 1608/1608/1608
f 1609/1609/1609 1610/1610/1610 1611/1611/1611
f 1612/1612/1612 1613/1613/1613 1614/1614/1614
f 1615/1615/1615 1616/1616/1616 1617/1617/1617
f 1618/1618/1618 1619/1619/1619 1620/1620/1620
f 1621/1621/1621 1622/1622/1622 1623/1623/1623
f 1624/1624/1624 1625/1625/1625 1626/1626/1626
f 1627/1627/1627 1628/1628/1628 1629/1629/1629
f 1630/1630/1630 1631/1631/1631 1632/1632/1632
f 1633/1633/1633 1634/1634/1634 1635/1635/1635
f 1636/1636/1636 1637/1637/1637 1638/1638/1638
f 1639/1639/1639 1640/1640/1640 1641/1641/1641
f 1642/1642/1642 1643/1643/1643 1644/1644/1644
f 1645/1645/1645 1646/1646/1646 1647/1647/1647
f 1648/1648/1648 1649/1649/1649 1650/1650/1650
f 1651/1651/1651 1652/1652/1652 1653/1653/1653
f 1654/1654/1654 1655/1655/1655 1656/1656/1656
f 1657/1657/1657 1658/1658/1658 1659/1659/1659
f 1660/1660/1660 1661/1661/1661 1662/1662/1662
f 1663/1663/1663 1664/1664/1664 1665/1665/1665
f 1666/1666/1666 1667/1667/1667 1668/1668/1668
f 1669/1669/1669 1670/1670/1670 1671/1671/1671
f 1672/1672/1672 1673/1673/1673 1674/1674/1674
f 1675/1675/1675 1676/1676/1676 1677/1677/1677
f 1678/1678/1678 1679/1679/1679 1680/1680/1680
f 1681/1681/1681 1682/1682/1682 1683/1683/1683
f 1684/1684/1684 1685/1685/1685 1686/1686/1686
f 1687/1687/1687 1688/1688/1688 1689/1689/1689
f 1690/1690/1690 1691/1691/1691 1692/1692/1692
f 1693/1693/1693 1694/1694/1694 1695/1695/1695
f 1696/1696/1696 1697/1697/1697 1698/1698/1698
f 1699/1699/1699 1700/1700/1700 1701/1701/1701
f 1702/1702/1702 1703/1703/1703 1704/1704/1704
f 1705/1705/1705 1706/1706/1706 1707/1707/1707
f 1708/1708/1708 1709/1709/1709 1710/1710/1710
f 1711/1711/1711 1712/1712/1712 1713/1713/1713
f 1714/1714/1714 1715/1715/1715 1716/1716/1716
f 1717/1717/1717 1718/1718/1718 1719/1719/1719
f 1720/1720/1720 1721/1721/1721 1722/1722/1722
f 1723/1723/1723 1724/1724/1724 1725/1725/1725
f 1726/1726/1726 1727/1727/1727 1728/1728/1728
f 1729/1729/1729 1730/1730/1730 1731/1731/1731
f 1732/1732/1732 1733/1733/1733 1734/1734/1734
f 1735/1735/1735 1736/1736/1736 1737/1737/1737
f 1738/1738/1738 1739/1739/1739 1740/1740/1740
f 1741/1741/1741 1742/1742/1742 1743/1743/1743
f 1744/1744/1744 1745/1745/1745 1746/1746/1746
f 1747/1747/1747 1748/1748/1748 1749/1749/1749
f 1750/1750/1750 1751/1751/1751 1752/1752/1752
f 1753/1753/1753 1754/1754/1754 1755/1755/1755
f 1756/1756/1756 1757/1757/1757 1758/1758/1758
f 1759/1759/1759 1760/1760/1760 1761/1761/1761
f 1762/1762/1762 1763/1763/1763 1764/1764/1764
f 1765/1765/1765 1766/1766/1766 1767/1767/1767
f 1768/1768/1768 1769/1769/1769 1770/1770/1770
f 1771/1771/1771 1772/1772/1772 1773/1773/1773
f 1774/1774/1774 1775/1775/1775 1776/1776/1776
f 1777/1777/1777 1778/1778/1778 1779/1779/1779
f 1780/1780/1780 1781/1781/1781 1782/1782/1782
f 1783/1783/1783 1784/1784/1784 1785/1785/1785
f 1786/1786/1786 1787/1787/1787 1788/1788/1788
f 1789/1789/1789 1790/1790/1790 1791/1791/1791
f 1792/1792/1792 1793/1793/1793 1794/1794/1794
f 1795/1795/1795 1796/1796/1796 1797/1797/1797
f 1798/1798/1798 1799/1799/1799 1800/1800/1800
f 1801/1801/1801 1802/1802/1802 1803/1803/1803
f 1804/1804/1804 1805/1805/1805 1806/1806/1806
f 1807/1807/1807 1808/1808/1808 1809/1809/1809
f 1810/1810/1810 1811/1811/1811 1812/1812/1812
f 1813/1813/1813 1814/1814/1814 1815/1815/1815
f 1816/1816/1816 1817/1817/1817 1818/1818/1818
f 1819/1819/1819 1820/1820/1820 1821/1821/1821
f 1822/1822/1822 1823/1823/1823 1824/1824/1824
f 1825/1825/1825 1826/1826/1826 1827/1827/1827
f 1828/1828/1828 1829/1829/1829 1830/1830/1830
f 1831/1831/1831 1832/1832/1832 1833/1833/1833
f 1834/1834/1834 1835/1835/1835 1836/1836/1836
f 1837/1837/1837 1838/1838/1838 1839/1839/1839
f 1840/1840/1840 1841/1841/1841 1842/1842/1842
f 1843/1843/1843 1844/1844/1844 1845/1845/1845
f 1846/1846/1846 1847/1847/1847 1848/1848/1848
f 1849/1849/1849 1850/1850/1850 1851/1851/1851
f 1852/1852/1852 1853/1853/1853 1854/1854/1854
f 1855/1855/1855 1856/1856/1856 1857/1857/1857
f 1858/1858/1858 1859/1859/1859 1860/1860/1860
f 1861/1861/1861 1862/1862/1862 1863/1863/1863
f 1864/1864/1864 1865/1865/1865 1866/1866/1866
f 1867/1867/1867 1868/1868/1868 1869/1869/1869
f 1870/1870/1870 1871/1871/1871 1872/1872/1872
f 1873/1873/1873 1874/1874/1874 1875/1875/1875
f 1876/1876/1876 1877/1877/1877 1878/1878/1878
f 1879/1879/1879 1880/1880/1880 1881/1881/1881
f 1882/1882/1882 1883/1883/1883 1884/1884/1884
f 1885/1885/1885 1886/1886/1886 1887/1887/1887
f 1888/1888/1888 1889/1889/1889 1890/1890/1890
f 1891/1891/1891 1892/1892/1892 1893/1893/1893
f 1894/1894/1894 1895/1895/1895 1896/1896/1896
f 1897/1897/1897 1898/1898/1898 1899/1899/1899
f 1900/1900/1900 1901/1901/1901 1902/1902/1902
f 1903/1903/1903 1904/1904/1904 1905/1905/1905
f 1906/1906/1906 1907/1907/1907 1908/1908/1908
f 1909/1909/1909 1910/1910/1910 1911/1911/1911
f 1912/1912/1912 1913/1913/1913 1914/1914/1914
f 1915/1915/1915 1916/1916/1916 1917/1917/1917
f 1918/1918/1918 1919/1919/1919 1920/1920/1920
f 1921/1921/1921 1922/1922/1922 1923/1923/1923
f 1924/1924/1924 1925/1925/1925 1926/1926/1926
f 1927/1927/1927 1928/1928/1928 1929/1929/1929
f 1930/1930/1930 1931/1931/1931 1932/1932/1932
f 1933/1933/1933 1934/1934/1934 1935/1935/1935
f 1936/1936/1936 1937/1937/1937 1938/1938/1938
f 1939/1939/1939 1940/1940/1940 1941/1941/1941
f 1942/1942/1942 1943/1943/1943 1944/1944/1944
f 1945/1945/1945 1946/1946/1946 1947/1947/1947
f 1948/1948/1948 1949/1949/1949 1950/1950/1950
f 1951/1951/1951 1952/1952/1952 1953/1953/1953
f 1954/1954/1954 1955/1955/1955 1956/1956/1956
f 1957/1957/1957 1958/1958/1958 1959/1959/1959
f 1960/1960/1960 1961/1961/1961 1962/1962/1962
f 1963/1963/1963 1964/1964/1964 1965/1965/1965
f 1966/1966/1966 1967/1967/1967 1968/1968/1968
f 1969/1969/1969 1970/1970/1970 1971/1971/1971
f 1972/1972/1972 1973/1973/1973 1974/1974/1974
f 1975/1975/1975 1976/1976/1976 1977/1977/1977
f 1978/1978/1978 1979/1979/1979 1980/1980/1980
f 1981/1981/1981 1982/1982/1982 1983/1983/1983
f 1984/1984/1984 1985/1985/1985 1986/1986/1986
f 1987/1987/1987 1988/1988/1988 1989/1989/1989
f 1990/1990/1990 1991/1991/1991 1992/1992/1992
f 1993/1993/1993 1994/1994/1994 1995/1995/1995
f 1996/1996/1996 1997/1997/1997 1998/1998/1998
f 1999/1999/1999 2000/2000/2000 2001/2001/2001
f 2002/2002/2002 2003/2003/2003 2004/2004/2004
f 2005/2005/2005 2006/2006/2006 2007/2007/2007
f 2008/2008/2008 2009/2009/2009 2010/2010/2010
f 2011/2011/2011 2012/2012/2012 2013/2013/2013
f 2014/2014/2014 2015/2015/2015 2016/2016/2016
f 2017/2017/2017 2018/2018/2018 2019/2019/2019
f 2020/2020/2020 2021/2021/2021 2022/2022/2022
f 2023/2023/2023 2024/2024/2024 2025/2025/2025
f 2026/2026/2026 2027/2027/2027 2028/2028/2028
f 2029/2029/2029 2030/2030/2030 2031/2031/2031
f 2032/2032/2032 2033/2033/2033 2034/2034/2034
f 2035/2035/2035 2036/2036/2036 2037/2037/2037
f 2038/2038/2038 2039/2039/2039 2040/2040/2040
f 2041/2041/2041 2042/2042/2042 2043/2043/2043
f 2044/2044/2044 2045/2045/2045 2046/2046/2046
f 2047/2047/2047 2048/2048/2048 2049/2049/2049
f 2050/2050/2050 2051/2051/2051 2052/2052/2052
f 2053/2053/2053 2054/2054/2054 2055/2055/2055
f 2056/2056/2056 2057/2057/2057 2058/2058/2058
f 2059/2059/2059 2060/2060/2060 2061/2061/2061
f 2062/2062/2062 2063/2063/2063 2064/2064/2064
f 2065/2065/2065 2066/2066/2066 2067/2067/2067
f 2068/2068/2068 2069/2069/2069 2070/2070/2070
f 2071/2071/2071 2072/2072/2072 2073/2073/2073
f 2074/2074/2074 2075/2075/2075 2076/2076/2076
f 2077/2077/2077 2078/2078/2078 2079/2079/2079
f 2080/2080/2080 2081/2081/2081 2082/2082/2082
f 2083/2083/2083 2084/2084/2084 2085/2085/2085
f 2086/2086/2086 2087/2087/2087 2088/2088/2088
f 2089/2089/2089 2090/2090/2090 2091/2091/2091
f 2092/2092/2092 2093/2093/2093 2094/2094/2094
f 2095/2095/2095 2096/2096/2096 2097/2097/2097
f 2098/2098/2098 2099/2099/2099 2100/2100/2100
f 2101/2101/2101 2102/2102/2102 2103/2103/2103
f 2104/2104/2104 2105/2105/2105 2106/2106/2106
f 2107/2107/2107 2108/2108/2108 2109/2109/2109
f 2110/2110/2110 2111/2111/2111 2112/2112/2112
f 2113/2113/2113 2114/2114/2114 2115/2115/2115
f 2116/2116/2116 2117/2117/2117 2118/2118/2118
f 2119/2119/2119 2120/2120/2120 2121/2121/2121
f 2122/2122/2122 2123/2123/2123 2124/2124/2124
f 2125/2125/2125 2126/2126/2126 2127/2127/2127
f 2128/2128/2128 2129/2129/2129 2130/2130/2130
f 2131/2131/2131 2132/2132/2132 2133/2133/2133
f 2134/2134/2134 2135/2135/2135 2136/2136/2136
f 2137/2137/2137 2138/2138/2138 2139/2139/2139
f 2140/2140/2140 2141/2141/2141 2142/2142/2142
f 2143/2143/2143 2144/2144/2144 2145/2145/2145
f 2146/2146/2146 2147/2147/2147 2148/2148/2148
f 2149/2149/2149 2150/2150/2150 2151/2151/2151
f 2152/2152/2152 2153/2153/2153 2154/2154/2154
f 2155/2155/2155 2156/2156/2156 2157/2157/2157
f 2158/2158/2158 2159/2159/2159 2160/2160/2160
f 2161/2161/2161 2162/2162/2162 2163/2163/2163
f 2164/2164/2164 2165/2165/2165 2166/2166/2166
f 2167/2167/2167 2168/2168/2168 2169/2169/2169
f 2170/2170/2170 2171/2171/2171 2172/2172/2172
f 2173/2173/2173 2174/2174/2174 2175/2175/2175
f 2176/2176/2176 2177/2177/2177 2178/2178/2178
f 2179/2179/2179 2180/2180/2180 2181/2181/2181
f 2182/2182/2182 2183/2183/2183 2184/2184/2184
f 2185/2185/2185 2186/2186/2186 2187/2187/2187
f 2188/2188/2188 2189/2189/2189 2190/2190/2190
f 2191/2191/2191 2192/2192/2192 2193/2193/2193
f 2194/2194/2194 2195/2195/2195 2196/2196/2196
f 2197/2197/2197 2198/2198/2198 2199/2199/2199
f 2200/2200/2200 2201/2201/2201 2202/2202/2202
f 2203/2203/2203 2204/2204/2204 2205/2205/2205
f 2206/2206/2206 2207/2207/2207 2208/2208/2208
f 2209/2209/2209 2210/2210/2210 2211/2211/2211
f 2212/2212/2212 2213/2213/2213 2214/2214/2214
f 2215/2215/2215 2216/2216/2216 2217/2217/2217
f 2218/2218/2218 2219/2219/2219 2220/2220/2220
f 2221/2221/2221 2222/2222/2222 2223/2223/2223
f 2224/2224/2224 2225/2225/2225 2226/2226/2226
f 2227/2227/2227 2228/2228/2228 2229/2229/2229
f 2230/2230/2230 2231/2231/2231 2232/2232/2232
f 2233/2233/2233 2234/2234/2234 2235/2235/2235
f 2236/2236/2236 2237/2237/2237 2238/2238/2238
f 2239/2239/2239 2240/2240/2240 2241/2241/2241
f 2242/2242/2242 2243/2243/2243 2244/2244/2244
f 2245/2245/2245 2246/2246/2246 2247/2247/2247
f 2248/2248/2248 2249/2249/2249 2250/2250/2250
f 2251/2251/2251 2252/2252/2252 2253/2253/2253
f 2254/2254/2254 2255/2255/2255 2256/2256/2256
f 2257/2257/2257 2258/2258/2258 2259/2259/2259
f 2260/2260/2260 2261/2261/2261 2262/2262/2262
f 2263/2263/2263 2264/2264/2264 2265/2265/2265
f 2266/2266/2266 2267/2267/2267 2268/2268/2268
f 2269/2269/2269 2270/2270/2270 2271/2271/2271
f 2272/2272/2272 2273/2273/2273 2274/2274/2274
f 2275/2275/2275 2276/2276/2276 2277/2277/2277
f 2278/2278/2278 2279/2279/2279 2280/2280/2280
f 2281/2281/2281 2282/2282/2282 2283/2283/2283
f 2284/2284/2284 2285/2285/2285 2286/2286/2286
f 2287/2287/2287 2288/2288/2288 2289/2289/2289
f 2290/2290/2290 2291/2291/2291 2292/2292/2292
f 2293/2293/2293 2294/2294/2294 2295/2295/2295
f 2296/2296/2296 2297/2297/2297 2298/2298/2298
f 2299/2299/2299 2300/2300/2300 2301/2301/2301
f 2302/2302/2302 2303/2303/2303 2304/2304/2304
f 2305/2305/2305 2306/2306/2306 2307/2307/2307
f 2308/2308/2308 2309/2309/2309 2310/2310/2310
f 2311/2311/2311 2312/2312/2312 2313/2313/2313
f 2314/2314/2314 2315/2315/2315 2316/2316/2316
f 2317/2317/2317 2318/2318/2318 2319/2319/2319
f 2320/2320/2320 2321/2321/2321 2322/2322/2322
f 2323/2323/2323 2324/2324/2324 2325/2325/2325
f 2326/2326/2326 2327/2327/2327 2328/2328/2328
f 2329/2329/2329 2330/2330/2330 2331/2331/2331
f 2332/2332/2332 2333/2333/2333 2334/2334/2334
f 2335/2335/2335 2336/2336/2336 2337/2337/2337
f 2338/2338/2338 2339/2339/2339 2340/2340/2340
f 2341/2341/2341 2342/2342/2342 2343/2343/2343
f 2344/2344/2344 2345/2345/2345 2346/2346/2346
f 2347/2347/2347 2348/2348/2348 2349/2349/2349
f 2350/2350/2350 2351/2351/2351 2352/2352/2352
f 2353/2353/2353 2354/2354/2354 2355/2355/2355
f 2356/2356/2356 2357/2357/2357 2358/2358/2358
f 2359/2359/2359 2360/2360/2360 2361/2361/2361
f 2362/2362/2362 2363/2363/2363 2364/2364/2364
f 2365/2365/2365 2366/2366/2366 2367/2367/2367
f 2368/2368/2368 2369/2369/2369 2370/2370/2370
f 2371/2371/2371 2372/2372/2372 2373/2373/2373
f 2374/2374/2374 2375/2375/2375 2376/2376/2376
f 2377/2377/2377 2378/2378/2378 2379/2379/2379
f 2380/2380/2380 2381/2381/2381 2382/2382/2382
f 2383/2383/2383 2384/2384/2384 2385/2385/2385
f 2386/2386/2386 2387/2387/2387 2388/2388/2388
f 2389/2389/2389 2390/2390/2390 2391/2391/2391
f 2392/2392/2392 2393/2393/2393 2394/2394/2394
f 2395/2395/2395 2396/2396/2396 2397/2397/2397
f 2398/2398/2398 2399/2399/2399 2400/2400/2400
f 2401/2401/2401 2402/2402/2402 2403/2403/2403
f 2404/2404/2404 2405/2405/2405 2406/2406/2406
f 2407/2407/2407 2408/2408/2408 2409/2409/2409
f 2410/2410/2410 2411/2411/2411 2412/2412/2412
f 2413/2413/2413 2414/2414/2414 2415/2415/2415
f 2416/2416/2416 2417/2417/2417 2418/2418/2418
f 2419/2419/2419 2420/2420/2420 2421/2421/2421
f 2422/2422/2422 2423/2423/2423 2424/2424/2424
f 2425/2425/2425 2426/2426/2426 2427/2427/2427
f 2428/2428/2428 2429/2429/2429 2430/2430/2430
f 2431/2431/2431 2432/2432/2432 2433/2433/2433
f 2434/2434/2434 2435/2435/2435 2436/2436/2436
f 2437/2437/2437 2438/2438/2438 2439/2439/2439
f 2440/2440/2440 2441/2441/2441 2442/2442/2442
f 2443/2443/2443 2444/2444/2444 2445/2445/2445
f 2446/2446/2446 2447/2447/2447 2448/2448/2448
f 2449/2449/2449 2450/2450/2450 2451/2451/2451
f 2452/2452/2452 2453/2453/2453 2454/2454/2454
f 2455/2455/2455 2456/2456/2456 2457/2457/2457
f 2458/2458/2458 2459/2459/2459 2460/2460/2460
f 2461/2461/2461 2462/2462/2462 2463/2463/2463
f 2464/2464/2464 2465/2465/2465 2466/2466/2466
f 2467/2467/2467 2468/2468/2468 2469/2469/2469
f 2470/2470/2470 2471/2471/2471 2472/2472/2472
f 2473/2473/2473 2474/2474/2474 2475/2475/2475
f 2476/2476/2476 2477/2477/2477 2478/2478/2478
f 2479/2479/2479 2480/2480/2480 2481/2481/2481
f 2482/2482/2482 2483/2483/2483 2484/2484/2484
f 2485/2485/2485 2486/2486/2486 2487/2487/2487
f 2488/2488/2488 2489/2489/2489 2490/2490/2490
f 2491/2491/2491 2492/2492/2492 2493/2493/2493
f 2494/2494/2494 2495/2495/2495 2496/2496/2496
f 2497/2497/2497 2498/2498/2498 2499/2499/2499
f 2500/2500/2500 2501/2501/2501 2502/2502/2502
f 2503/2503/2503 2504/2504/2504 2505/2505/2505
f 2506/2506/2506 2507/2507/2507 2508/2508/2508
