# Created by Open3D 
# object name: d91eae20c02a4741aeb889246b417ae4_visual
# number of vertices: 3138
# number of triangles: 1046
mtllib dustpan_d91eae20_visual.mtl
v 0.143206 -0.0493669 0.169115
vn 0.329532 -0.895435 0.299342
v 0.145634 -0.0494345 0.161846
vn 0.297653 -0.954534 0.0163501
v 0.146034 -0.0492015 0.163775
vn 0.623062 -0.774981 0.105825
v 0.145634 -0.0494345 0.161846
vn 0.297653 -0.954534 0.0163501
v 0.143206 -0.0493669 0.169115
vn 0.329532 -0.895435 0.299342
v 0.143179 -0.0496639 0.165203
vn 0.0933533 -0.994395 0.0496375
v 0.146331 -0.0484974 0.164637
vn 0.918217 -0.189178 0.34798
v 0.143206 -0.0493669 0.169115
vn 0.329532 -0.895435 0.299342
v 0.146034 -0.0492015 0.163775
vn 0.623062 -0.774981 0.105825
v 0.143206 -0.0493669 0.169115
vn 0.329532 -0.895435 0.299342
v 0.146331 -0.0484974 0.164637
vn 0.918217 -0.189178 0.34798
v 0.143245 -0.048658 0.170397
vn 0.4543 -0.101562 0.885041
v 0.139306 -0.0493912 0.169712
vn 0.0367349 -0.963977 0.263435
v 0.143179 -0.0496639 0.165203
vn 0.0933533 -0.994395 0.0496375
v 0.143206 -0.0493669 0.169115
vn 0.329532 -0.895435 0.299342
v 0.143179 -0.0496639 0.165203
vn 0.0933533 -0.994395 0.0496375
v 0.139306 -0.0493912 0.169712
vn 0.0367349 -0.963977 0.263435
v 0.139306 -0.0496957 0.165679
vn 0.0069423 -0.999045 0.0431378
v 0.143245 -0.048658 0.170397
vn 0.4543 -0.101562 0.885041
v 0.139306 -0.0493912 0.169712
vn 0.0367349 -0.963977 0.263435
v 0.143206 -0.0493669 0.169115
vn 0.329532 -0.895435 0.299342
v 0.139306 -0.0493912 0.169712
vn 0.0367349 -0.963977 0.263435
v 0.143245 -0.048658 0.170397
vn 0.4543 -0.101562 0.885041
v 0.139295 -0.0487954 0.170959
vn 0.0542339 -0.052176 0.997164
v 0.139261 -0.0477386 0.169323
vn -0.0842911 0.896532 0.434885
v 0.143245 -0.048658 0.170397
vn 0.4543 -0.101562 0.885041
v 0.143253 -0.0472483 0.169017
vn 0.357522 0.751699 0.554189
v 0.143245 -0.048658 0.170397
vn 0.4543 -0.101562 0.885041
v 0.139261 -0.0477386 0.169323
vn -0.0842911 0.896532 0.434885
v 0.139295 -0.0487954 0.170959
vn 0.0542339 -0.052176 0.997164
v 0.143253 -0.0472483 0.169017
vn 0.357522 0.751699 0.554189
v 0.146331 -0.0484974 0.164637
vn 0.918217 -0.189178 0.34798
v 0.14643 -0.0470833 0.163411
vn 0.90218 0.343402 0.261049
v 0.146331 -0.0484974 0.164637
vn 0.918217 -0.189178 0.34798
v 0.143253 -0.0472483 0.169017
vn 0.357522 0.751699 0.554189
v 0.143245 -0.048658 0.170397
vn 0.4543 -0.101562 0.885041
v 0.14643 -0.0470833 0.163411
vn 0.90218 0.343402 0.261049
v 0.143358 -0.0258948 0.130519
vn -0.126998 0.884254 0.449406
v 0.143253 -0.0472483 0.169017
vn 0.357522 0.751699 0.554189
v 0.143358 -0.0258948 0.130519
vn -0.126998 0.884254 0.449406
v 0.14643 -0.0470833 0.163411
vn 0.90218 0.343402 0.261049
v 0.14643 -0.027045 0.130198
vn 0.789672 0.543458 0.28473
v 0.139175 -0.0458704 0.163934
vn -0.329927 0.898721 0.288876
v 0.139261 -0.0477386 0.169323
vn -0.0842911 0.896532 0.434885
v 0.143253 -0.0472483 0.169017
vn 0.357522 0.751699 0.554189
v 0.143179 0.0322695 -0.041749
vn 0.490887 0.298955 -0.818325
v 0.14643 -0.0442743 -0.0416643
vn 0.777862 -0.0223948 -0.628036
v 0.14326 -0.0436835 -0.0437192
vn 0.307437 -0.0207703 -0.951342
v 0.14643 -0.0442743 -0.0416643
vn 0.777862 -0.0223948 -0.628036
v 0.143179 0.0322695 -0.041749
vn 0.490887 0.298955 -0.818325
v 0.145634 0.0279386 -0.0404845
vn 0.783287 0.0926679 -0.614715
v 0.146331 -0.0471616 -0.0415026
vn 0.75763 -0.204895 -0.61969
v 0.14326 -0.0436835 -0.0437192
vn 0.307437 -0.0207703 -0.951342
v 0.14643 -0.0442743 -0.0416643
vn 0.777862 -0.0223948 -0.628036
v 0.14326 -0.0436835 -0.0437192
vn 0.307437 -0.0207703 -0.951342
v 0.146331 -0.0471616 -0.0415026
vn 0.75763 -0.204895 -0.61969
v 0.143247 -0.0470456 -0.0434972
vn 0.292932 -0.212747 -0.932164
v 0.139306 0.0341749 -0.0420741
vn 0.175039 0.432254 -0.8846
v 0.14326 -0.0436835 -0.0437192
vn 0.307437 -0.0207703 -0.951342
v 0.139306 -0.0430921 -0.0439476
vn 0.028248 -0.0167697 -0.99946
v 0.14326 -0.0436835 -0.0437192
vn 0.307437 -0.0207703 -0.951342
v 0.139306 0.0341749 -0.0420741
vn 0.175039 0.432254 -0.8846
v 0.143179 0.0322695 -0.041749
vn 0.490887 0.298955 -0.818325
v 0.143247 -0.0470456 -0.0434972
vn 0.292932 -0.212747 -0.932164
v 0.139306 -0.0430921 -0.0439476
vn 0.028248 -0.0167697 -0.99946
v 0.14326 -0.0436835 -0.0437192
vn 0.307437 -0.0207703 -0.951342
v 0.139306 -0.0430921 -0.0439476
vn 0.028248 -0.0167697 -0.99946
v 0.143247 -0.0470456 -0.0434972
vn 0.292932 -0.212747 -0.932164
v 0.139306 -0.0469042 -0.0437192
vn 0.0233766 -0.208506 -0.977742
v 0.139306 -0.0486964 -0.0430343
vn 0.0191463 -0.677169 -0.735579
v 0.143247 -0.0470456 -0.0434972
vn 0.292932 -0.212747 -0.932164
v 0.143206 -0.0486709 -0.0428312
vn 0.240572 -0.653506 -0.717673
v 0.143247 -0.0470456 -0.0434972
vn 0.292932 -0.212747 -0.932164
v 0.139306 -0.0486964 -0.0430343
vn 0.0191463 -0.677169 -0.735579
v 0.139306 -0.0469042 -0.0437192
vn 0.0233766 -0.208506 -0.977742
v 0.143179 -0.0493019 -0.0415026
vn 0.144226 -0.939642 -0.310276
v 0.139306 -0.0486964 -0.0430343
vn 0.0191463 -0.677169 -0.735579
v 0.143206 -0.0486709 -0.0428312
vn 0.240572 -0.653506 -0.717673
v 0.139306 -0.0486964 -0.0430343
vn 0.0191463 -0.677169 -0.735579
v 0.143179 -0.0493019 -0.0415026
vn 0.144226 -0.939642 -0.310276
v 0.139306 -0.0493481 -0.0416643
vn 0.0120308 -0.952741 -0.303544
v 0.143206 -0.0486709 -0.0428312
vn 0.240572 -0.653506 -0.717673
v 0.146331 -0.0471616 -0.0415026
vn 0.75763 -0.204895 -0.61969
v 0.146034 -0.0485441 -0.0410175
vn 0.623551 -0.608456 -0.490883
v 0.146331 -0.0471616 -0.0415026
vn 0.75763 -0.204895 -0.61969
v 0.143206 -0.0486709 -0.0428312
vn 0.240572 -0.653506 -0.717673
v 0.143247 -0.0470456 -0.0434972
vn 0.292932 -0.212747 -0.932164
v 0.145634 -0.0489764 -0.0403622
vn 0.345174 -0.901362 -0.261535
v 0.143206 -0.0486709 -0.0428312
vn 0.240572 -0.653506 -0.717673
v 0.146034 -0.0485441 -0.0410175
vn 0.623551 -0.608456 -0.490883
v 0.143206 -0.0486709 -0.0428312
vn 0.240572 -0.653506 -0.717673
v 0.145634 -0.0489764 -0.0403622
vn 0.345174 -0.901362 -0.261535
v 0.143179 -0.0493019 -0.0415026
vn 0.144226 -0.939642 -0.310276
v 0.145634 -0.0494345 0.161846
vn 0.297653 -0.954534 0.0163501
v 0.14326 -0.049937 0.130618
vn 0.0957631 -0.995402 0.00223294
v 0.14643 -0.0493698 0.130618
vn 0.401355 -0.91592 0.00216141
v 0.14326 -0.049937 0.130618
vn 0.0957631 -0.995402 0.00223294
v 0.145634 -0.0494345 0.161846
vn 0.297653 -0.954534 0.0163501
v 0.143179 -0.0496639 0.165203
vn 0.0933533 -0.994395 0.0496375
v 0.139306 -0.0496957 0.165679
vn 0.0069423 -0.999045 0.0431378
v 0.14326 -0.049937 0.130618
vn 0.0957631 -0.995402 0.00223294
v 0.143179 -0.0496639 0.165203
vn 0.0933533 -0.994395 0.0496375
v 0.14326 -0.049937 0.130618
vn 0.0957631 -0.995402 0.00223294
v 0.139306 -0.0496957 0.165679
vn 0.0069423 -0.999045 0.0431378
v 0.139306 -0.05 0.130618
vn 0.00800419 -0.999959 0.00429109
v -0.147268 -0.0487398 0.130618
vn -0.783577 -0.621234 0.00868559
v -0.145634 -0.0494345 0.161846
vn -0.297589 -0.954549 0.0166455
v -0.146034 -0.0492015 0.163775
vn -0.621624 -0.776129 0.105862
v -0.145634 -0.0494345 0.161846
vn -0.297589 -0.954549 0.0166455
v -0.147268 -0.0487398 0.130618
vn -0.783577 -0.621234 0.00868559
v -0.14643 -0.0493698 0.130618
vn -0.40135 -0.915922 0.00216136
v -0.146331 -0.0484974 0.164637
vn -0.919162 -0.198869 0.339988
v -0.147268 -0.0487398 0.130618
vn -0.783577 -0.621234 0.00868559
v -0.146034 -0.0492015 0.163775
vn -0.621624 -0.776129 0.105862
v -0.147268 -0.0487398 0.130618
vn -0.783577 -0.621234 0.00868559
v -0.146331 -0.0484974 0.164637
vn -0.919162 -0.198869 0.339988
v -0.147687 -0.0478005 0.130576
vn -0.966084 -0.25776 0.0155521
v -0.147826 -0.0464952 0.13045
vn -0.999679 -0.0159427 0.0196999
v -0.146331 -0.0484974 0.164637
vn -0.919162 -0.198869 0.339988
v -0.14643 -0.0470833 0.163411
vn -0.908362 0.327119 0.260523
v -0.146331 -0.0484974 0.164637
vn -0.919162 -0.198869 0.339988
v -0.147826 -0.0464952 0.13045
vn -0.999679 -0.0159427 0.0196999
v -0.147687 -0.0478005 0.130576
vn -0.966084 -0.25776 0.0155521
v 0.145634 -0.0494345 0.161846
vn 0.297653 -0.954534 0.0163501
v 0.147268 -0.0487398 0.130618
vn 0.783577 -0.621234 0.00868561
v 0.146034 -0.0492015 0.163775
vn 0.623062 -0.774981 0.105825
v 0.147268 -0.0487398 0.130618
vn 0.783577 -0.621234 0.00868561
v 0.145634 -0.0494345 0.161846
vn 0.297653 -0.954534 0.0163501
v 0.14643 -0.0493698 0.130618
vn 0.401355 -0.91592 0.00216141
v 0.147268 -0.0487398 0.130618
vn 0.783577 -0.621234 0.00868561
v 0.146331 -0.0484974 0.164637
vn 0.918217 -0.189178 0.34798
v 0.146034 -0.0492015 0.163775
vn 0.623062 -0.774981 0.105825
v 0.146331 -0.0484974 0.164637
vn 0.918217 -0.189178 0.34798
v 0.147268 -0.0487398 0.130618
vn 0.783577 -0.621234 0.00868561
v 0.147687 -0.0478005 0.130576
vn 0.966205 -0.257259 0.016315
v 0.147826 -0.0464952 0.13045
vn 0.999613 -0.0177762 0.0213866
v 0.14643 -0.027045 0.130198
vn 0.789672 0.543458 0.28473
v 0.14643 -0.0470833 0.163411
vn 0.90218 0.343402 0.261049
v 0.14643 -0.0470833 0.163411
vn 0.90218 0.343402 0.261049
v 0.147687 -0.0478005 0.130576
vn 0.966205 -0.257259 0.016315
v 0.147826 -0.0464952 0.13045
vn 0.999613 -0.0177762 0.0213866
v 0.147687 -0.0478005 0.130576
vn 0.966205 -0.257259 0.016315
v 0.14643 -0.0470833 0.163411
vn 0.90218 0.343402 0.261049
v 0.146331 -0.0484974 0.164637
vn 0.918217 -0.189178 0.34798
v -0.143179 0.0322695 -0.041749
vn -0.490331 0.298758 -0.81873
v -0.139306 -0.0430921 -0.0439476
vn -0.027845 -0.0161875 -0.999481
v -0.14326 -0.0436835 -0.0437192
vn -0.307035 -0.0194739 -0.951499
v -0.139306 -0.0430921 -0.0439476
vn -0.027845 -0.0161875 -0.999481
v -0.143179 0.0322695 -0.041749
vn -0.490331 0.298758 -0.81873
v -0.139306 0.0341749 -0.0420741
vn -0.168008 0.438802 -0.882738
v -0.139306 -0.0469042 -0.0437192
vn -0.0241724 -0.210513 -0.977292
v -0.14326 -0.0436835 -0.0437192
vn -0.307035 -0.0194739 -0.951499
v -0.139306 -0.0430921 -0.0439476
vn -0.027845 -0.0161875 -0.999481
v -0.14326 -0.0436835 -0.0437192
vn -0.307035 -0.0194739 -0.951499
v -0.139306 -0.0469042 -0.0437192
vn -0.0241724 -0.210513 -0.977292
v -0.143247 -0.0470456 -0.0434972
vn -0.293004 -0.218709 -0.930761
v -0.145634 0.0279386 -0.0404845
vn -0.785727 0.0932027 -0.611512
v -0.14326 -0.0436835 -0.0437192
vn -0.307035 -0.0194739 -0.951499
v -0.14643 -0.0442743 -0.0416643
vn -0.778987 -0.0215377 -0.62667
v -0.14326 -0.0436835 -0.0437192
vn -0.307035 -0.0194739 -0.951499
v -0.145634 0.0279386 -0.0404845
vn -0.785727 0.0932027 -0.611512
v -0.143179 0.0322695 -0.041749
vn -0.490331 0.298758 -0.81873
v -0.143247 -0.0470456 -0.0434972
vn -0.293004 -0.218709 -0.930761
v -0.14643 -0.0442743 -0.0416643
vn -0.778987 -0.0215377 -0.62667
v -0.14326 -0.0436835 -0.0437192
vn -0.307035 -0.0194739 -0.951499
v -0.14643 -0.0442743 -0.0416643
vn -0.778987 -0.0215377 -0.62667
v -0.143247 -0.0470456 -0.0434972
vn -0.293004 -0.218709 -0.930761
v -0.146331 -0.0471616 -0.0415026
vn -0.75494 -0.209692 -0.621365
v -0.146034 -0.0485441 -0.0410175
vn -0.622751 -0.605353 -0.49571
v -0.143247 -0.0470456 -0.0434972
vn -0.293004 -0.218709 -0.930761
v -0.143206 -0.0486709 -0.0428312
vn -0.24336 -0.649408 -0.720448
v -0.143247 -0.0470456 -0.0434972
vn -0.293004 -0.218709 -0.930761
v -0.146034 -0.0485441 -0.0410175
vn -0.622751 -0.605353 -0.49571
v -0.146331 -0.0471616 -0.0415026
vn -0.75494 -0.209692 -0.621365
v -0.143179 -0.0493019 -0.0415026
vn -0.143009 -0.940015 -0.309711
v -0.146034 -0.0485441 -0.0410175
vn -0.622751 -0.605353 -0.49571
v -0.143206 -0.0486709 -0.0428312
vn -0.24336 -0.649408 -0.720448
v -0.146034 -0.0485441 -0.0410175
vn -0.622751 -0.605353 -0.49571
v -0.143179 -0.0493019 -0.0415026
vn -0.143009 -0.940015 -0.309711
v -0.145634 -0.0489764 -0.0403622
vn -0.345879 -0.901548 -0.259959
v -0.143206 -0.0486709 -0.0428312
vn -0.24336 -0.649408 -0.720448
v -0.139306 -0.0469042 -0.0437192
vn -0.0241724 -0.210513 -0.977292
v -0.139306 -0.0486964 -0.0430343
vn -0.0213242 -0.675881 -0.736703
v -0.139306 -0.0469042 -0.0437192
vn -0.0241724 -0.210513 -0.977292
v -0.143206 -0.0486709 -0.0428312
vn -0.24336 -0.649408 -0.720448
v -0.143247 -0.0470456 -0.0434972
vn -0.293004 -0.218709 -0.930761
v -0.139306 -0.0493481 -0.0416643
vn -0.0119419 -0.952762 -0.303482
v -0.143206 -0.0486709 -0.0428312
vn -0.24336 -0.649408 -0.720448
v -0.139306 -0.0486964 -0.0430343
vn -0.0213242 -0.675881 -0.736703
v -0.143206 -0.0486709 -0.0428312
vn -0.24336 -0.649408 -0.720448
v -0.139306 -0.0493481 -0.0416643
vn -0.0119419 -0.952762 -0.303482
v -0.143179 -0.0493019 -0.0415026
vn -0.143009 -0.940015 -0.309711
v -0.139306 -0.0496957 0.165679
vn -0.0069867 -0.999043 0.0431773
v -0.14326 -0.049937 0.130618
vn -0.0957586 -0.995402 0.0022329
v -0.139306 -0.05 0.130618
vn -0.00800457 -0.999959 0.00429104
v -0.14326 -0.049937 0.130618
vn -0.0957586 -0.995402 0.0022329
v -0.139306 -0.0496957 0.165679
vn -0.0069867 -0.999043 0.0431773
v -0.143179 -0.0496639 0.165204
vn -0.0949136 -0.99423 0.0499796
v -0.145634 -0.0494345 0.161846
vn -0.297589 -0.954549 0.0166455
v -0.14326 -0.049937 0.130618
vn -0.0957586 -0.995402 0.0022329
v -0.143179 -0.0496639 0.165204
vn -0.0949136 -0.99423 0.0499796
v -0.14326 -0.049937 0.130618
vn -0.0957586 -0.995402 0.0022329
v -0.145634 -0.0494345 0.161846
vn -0.297589 -0.954549 0.0166455
v -0.14643 -0.0493698 0.130618
vn -0.40135 -0.915922 0.00216136
v -0.143253 -0.0472488 0.169016
vn -0.360233 0.758847 0.542571
v -0.139295 -0.0487964 0.170958
vn 0.00369318 -0.0718113 0.997411
v -0.139261 -0.0477423 0.169321
vn 0.0824849 0.89599 0.436345
v -0.139295 -0.0487964 0.170958
vn 0.00369318 -0.0718113 0.997411
v -0.143253 -0.0472488 0.169016
vn -0.360233 0.758847 0.542571
v -0.143245 -0.0486582 0.170397
vn -0.483545 -0.11951 0.867122
v -0.143206 -0.0493669 0.169115
vn -0.332593 -0.895509 0.295711
v -0.139295 -0.0487964 0.170958
vn 0.00369318 -0.0718113 0.997411
v -0.143245 -0.0486582 0.170397
vn -0.483545 -0.11951 0.867122
v -0.139295 -0.0487964 0.170958
vn 0.00369318 -0.0718113 0.997411
v -0.143206 -0.0493669 0.169115
vn -0.332593 -0.895509 0.295711
v -0.139306 -0.0493912 0.169712
vn -0.0239827 -0.963794 0.265566
v -0.143206 -0.0493669 0.169115
vn -0.332593 -0.895509 0.295711
v -0.139306 -0.0496957 0.165679
vn -0.0069867 -0.999043 0.0431773
v -0.139306 -0.0493912 0.169712
vn -0.0239827 -0.963794 0.265566
v -0.139306 -0.0496957 0.165679
vn -0.0069867 -0.999043 0.0431773
v -0.143206 -0.0493669 0.169115
vn -0.332593 -0.895509 0.295711
v -0.143179 -0.0496639 0.165204
vn -0.0949136 -0.99423 0.0499796
v -0.146331 -0.0484974 0.164637
vn -0.919162 -0.198869 0.339988
v -0.143206 -0.0493669 0.169115
vn -0.332593 -0.895509 0.295711
v -0.143245 -0.0486582 0.170397
vn -0.483545 -0.11951 0.867122
v -0.143206 -0.0493669 0.169115
vn -0.332593 -0.895509 0.295711
v -0.146331 -0.0484974 0.164637
vn -0.919162 -0.198869 0.339988
v -0.146034 -0.0492015 0.163775
vn -0.621624 -0.776129 0.105862
v -0.146034 -0.0492015 0.163775
vn -0.621624 -0.776129 0.105862
v -0.143179 -0.0496639 0.165204
vn -0.0949136 -0.99423 0.0499796
v -0.143206 -0.0493669 0.169115
vn -0.332593 -0.895509 0.295711
v -0.143179 -0.0496639 0.165204
vn -0.0949136 -0.99423 0.0499796
v -0.146034 -0.0492015 0.163775
vn -0.621624 -0.776129 0.105862
v -0.145634 -0.0494345 0.161846
vn -0.297589 -0.954549 0.0166455
v -0.14643 -0.0470833 0.163411
vn -0.908362 0.327119 0.260523
v -0.143245 -0.0486582 0.170397
vn -0.483545 -0.11951 0.867122
v -0.143253 -0.0472488 0.169016
vn -0.360233 0.758847 0.542571
v -0.143245 -0.0486582 0.170397
vn -0.483545 -0.11951 0.867122
v -0.14643 -0.0470833 0.163411
vn -0.908362 0.327119 0.260523
v -0.146331 -0.0484974 0.164637
vn -0.919162 -0.198869 0.339988
v -0.139175 -0.0458867 0.163923
vn 0.337426 0.897227 0.284828
v -0.143358 -0.0259044 0.13051
vn 0.140769 0.890704 0.432239
v -0.143253 -0.0472488 0.169016
vn -0.360233 0.758847 0.542571
v -0.143358 -0.0259044 0.13051
vn 0.140769 0.890704 0.432239
v -0.139175 -0.0458867 0.163923
vn 0.337426 0.897227 0.284828
v -0.140287 -0.0282787 0.12996
vn 0.84778 0.484019 0.216782
v -0.143253 -0.0472488 0.169016
vn -0.360233 0.758847 0.542571
v -0.14643 -0.027045 0.130198
vn -0.793832 0.543863 0.27211
v -0.14643 -0.0470833 0.163411
vn -0.908362 0.327119 0.260523
v -0.14643 -0.027045 0.130198
vn -0.793832 0.543863 0.27211
v -0.143253 -0.0472488 0.169016
vn -0.360233 0.758847 0.542571
v -0.143358 -0.0259044 0.13051
vn 0.140769 0.890704 0.432239
v 0.0510672 -0.0486964 -0.0430343
vn 0 -0.674728 -0.738066
v -0.0510672 -0.0493481 -0.0416643
vn 0 -0.953285 -0.302073
v -0.0510672 -0.0486964 -0.0430343
vn 0 -0.674728 -0.738066
v -0.0510672 -0.0493481 -0.0416643
vn 0 -0.953285 -0.302073
v 0.0510672 -0.0486964 -0.0430343
vn 0 -0.674728 -0.738066
v 0.0510672 -0.0493481 -0.0416643
vn 0 -0.953285 -0.302073
v 0.0510672 -0.0468455 -0.0437192
vn 1.39528e-06 -0.204365 -0.978895
v -0.0510672 -0.0486964 -0.0430343
vn 0 -0.674728 -0.738066
v -0.0510672 -0.0468455 -0.0437192
vn -3.63017e-07 -0.204366 -0.978895
v -0.0510672 -0.0486964 -0.0430343
vn 0 -0.674728 -0.738066
v 0.0510672 -0.0468455 -0.0437192
vn 1.39528e-06 -0.204365 -0.978895
v 0.0510672 -0.0486964 -0.0430343
vn 0 -0.674728 -0.738066
v 0.0510672 -0.0428578 -0.0439476
vn 0.0226503 -0.0534316 -0.998314
v -0.0510672 -0.0468455 -0.0437192
vn -3.63017e-07 -0.204366 -0.978895
v -0.0510672 -0.0428578 -0.0439476
vn -0.0226493 -0.0534309 -0.998315
v -0.0510672 -0.0468455 -0.0437192
vn -3.63017e-07 -0.204366 -0.978895
v 0.0510672 -0.0428578 -0.0439476
vn 0.0226503 -0.0534316 -0.998314
v 0.0510672 -0.0468455 -0.0437192
vn 1.39528e-06 -0.204365 -0.978895
v 0.0510672 -0.05 0.130618
vn 0 -0.999991 0.00433967
v -0.0510672 -0.0496957 0.165679
vn 3.36387e-08 -0.999117 0.0420089
v -0.0510672 -0.05 0.130618
vn 0 -0.999991 0.00433967
v -0.0510672 -0.0496957 0.165679
vn 3.36387e-08 -0.999117 0.0420089
v 0.0510672 -0.05 0.130618
vn 0 -0.999991 0.00433967
v 0.0510672 -0.0496957 0.165679
vn -3.36387e-08 -0.999117 0.0420089
v 0.0510672 -0.0485217 0.169725
vn -0.00052599 0.973034 0.230663
v -0.0510672 -0.0480089 0.165712
vn 0.000802179 0.99531 0.0967319
v -0.0510672 -0.0485217 0.169725
vn 0.000524421 0.973034 0.230662
v -0.0510672 -0.0480089 0.165712
vn 0.000802179 0.99531 0.0967319
v 0.0510672 -0.0485217 0.169725
vn -0.00052599 0.973034 0.230663
v 0.0510672 -0.0480089 0.165712
vn -0.000888504 0.995304 0.0967967
v 0.0510672 -0.0489913 0.171059
vn -0.000758483 -0.0250575 0.999686
v -0.0510672 -0.0485217 0.169725
vn 0.000524421 0.973034 0.230662
v -0.0510672 -0.0489913 0.171059
vn 0.000757127 -0.0250618 0.999686
v -0.0510672 -0.0485217 0.169725
vn 0.000524421 0.973034 0.230662
v 0.0510672 -0.0489913 0.171059
vn -0.000758483 -0.0250575 0.999686
v 0.0510672 -0.0485217 0.169725
vn -0.00052599 0.973034 0.230663
v 0.0510672 -0.0493912 0.169712
vn -3.16798e-08 -0.983493 0.180944
v -0.0510672 -0.0489913 0.171059
vn 0.000757127 -0.0250618 0.999686
v -0.0510672 -0.0493912 0.169712
vn 3.16798e-08 -0.983493 0.180944
v -0.0510672 -0.0489913 0.171059
vn 0.000757127 -0.0250618 0.999686
v 0.0510672 -0.0493912 0.169712
vn -3.16798e-08 -0.983493 0.180944
v 0.0510672 -0.0489913 0.171059
vn -0.000758483 -0.0250575 0.999686
v 0.0510672 -0.0496957 0.165679
vn -3.36387e-08 -0.999117 0.0420089
v -0.0510672 -0.0493912 0.169712
vn 3.16798e-08 -0.983493 0.180944
v -0.0510672 -0.0496957 0.165679
vn 3.36387e-08 -0.999117 0.0420089
v -0.0510672 -0.0493912 0.169712
vn 3.16798e-08 -0.983493 0.180944
v 0.0510672 -0.0496957 0.165679
vn -3.36387e-08 -0.999117 0.0420089
v 0.0510672 -0.0493912 0.169712
vn -3.16798e-08 -0.983493 0.180944
v -0.133948 -0.0431911 0.12637
vn 0.288698 0.911334 0.293467
v -0.0510672 -0.0460217 0.135816
vn 0.00141181 0.986737 0.162319
v -0.0510672 -0.0434725 0.1262
vn 0.00192866 0.953263 0.302135
v -0.0510672 -0.0460217 0.135816
vn 0.00141181 0.986737 0.162319
v -0.133948 -0.0431911 0.12637
vn 0.288698 0.911334 0.293467
v -0.133891 -0.0459331 0.136272
vn 0.171867 0.965199 0.197113
v 0.0510672 -0.0434725 0.1262
vn -0.00309772 0.953033 0.30285
v -0.0510672 -0.0460217 0.135816
vn 0.00141181 0.986737 0.162319
v 0.0510672 -0.0460217 0.135816
vn -0.00152341 0.986754 0.162214
v -0.0510672 -0.0460217 0.135816
vn 0.00141181 0.986737 0.162319
v 0.0510672 -0.0434725 0.1262
vn -0.00309772 0.953033 0.30285
v -0.0510672 -0.0434725 0.1262
vn 0.00192866 0.953263 0.302135
v 0.146331 0.0301604 -0.0365999
vn 0.957209 0.26362 -0.119395
v 0.143253 0.0358072 -0.0343506
vn 0.263057 0.9361 0.23349
v 0.14643 0.0303285 -0.033617
vn 0.953651 0.299283 0.0313105
v 0.143253 0.0358072 -0.0343506
vn 0.263057 0.9361 0.23349
v 0.146331 0.0301604 -0.0365999
vn 0.957209 0.26362 -0.119395
v 0.143245 0.0358229 -0.0372419
vn 0.477238 0.877032 -0.0553028
v 0.143245 0.0358229 -0.0372419
vn 0.477238 0.877032 -0.0553028
v 0.139261 0.0342983 -0.0351772
vn -0.342652 0.707102 0.618544
v 0.143253 0.0358072 -0.0343506
vn 0.263057 0.9361 0.23349
v 0.139261 0.0342983 -0.0351772
vn -0.342652 0.707102 0.618544
v 0.143245 0.0358229 -0.0372419
vn 0.477238 0.877032 -0.0553028
v 0.139295 0.0360558 -0.0378207
vn -0.00438659 0.966337 0.257241
v 0.139306 0.0358826 -0.0402007
vn 0.162403 0.893039 -0.419651
v 0.143245 0.0358229 -0.0372419
vn 0.477238 0.877032 -0.0553028
v 0.143206 0.0347369 -0.0397804
vn 0.588381 0.640015 -0.494154
v 0.143245 0.0358229 -0.0372419
vn 0.477238 0.877032 -0.0553028
v 0.139306 0.0358826 -0.0402007
vn 0.162403 0.893039 -0.419651
v 0.139295 0.0360558 -0.0378207
vn -0.00438659 0.966337 0.257241
v 0.143179 0.0322695 -0.041749
vn 0.490887 0.298955 -0.818325
v 0.139306 0.0358826 -0.0402007
vn 0.162403 0.893039 -0.419651
v 0.143206 0.0347369 -0.0397804
vn 0.588381 0.640015 -0.494154
v 0.139306 0.0358826 -0.0402007
vn 0.162403 0.893039 -0.419651
v 0.143179 0.0322695 -0.041749
vn 0.490887 0.298955 -0.818325
v 0.139306 0.0341749 -0.0420741
vn 0.175039 0.432254 -0.8846
v 0.143206 0.0347369 -0.0397804
vn 0.588381 0.640015 -0.494154
v 0.146331 0.0301604 -0.0365999
vn 0.957209 0.26362 -0.119395
v 0.146034 0.0292158 -0.0390144
vn 0.925693 0.214792 -0.311379
v 0.146331 0.0301604 -0.0365999
vn 0.957209 0.26362 -0.119395
v 0.143206 0.0347369 -0.0397804
vn 0.588381 0.640015 -0.494154
v 0.143245 0.0358229 -0.0372419
vn 0.477238 0.877032 -0.0553028
v 0.145634 0.0279386 -0.0404845
vn 0.783287 0.0926679 -0.614715
v 0.143206 0.0347369 -0.0397804
vn 0.588381 0.640015 -0.494154
v 0.146034 0.0292158 -0.0390144
vn 0.925693 0.214792 -0.311379
v 0.143206 0.0347369 -0.0397804
vn 0.588381 0.640015 -0.494154
v 0.145634 0.0279386 -0.0404845
vn 0.783287 0.0926679 -0.614715
v 0.143179 0.0322695 -0.041749
vn 0.490887 0.298955 -0.818325
v 0.146034 -0.0485441 -0.0410175
vn 0.623551 -0.608456 -0.490883
v 0.146034 -0.0491635 -0.0388485
vn 0.398621 -0.905416 -0.146025
v 0.145634 -0.0489764 -0.0403622
vn 0.345174 -0.901362 -0.261535
v 0.146034 -0.0491635 -0.0388485
vn 0.398621 -0.905416 -0.146025
v 0.146034 -0.0485441 -0.0410175
vn 0.623551 -0.608456 -0.490883
v 0.146771 -0.0485949 -0.039026
vn 0.797386 -0.564701 -0.212809
v 0.146771 -0.0485949 -0.039026
vn 0.797386 -0.564701 -0.212809
v 0.146331 -0.0493019 -0.0363541
vn 0.411496 -0.909455 -0.0596842
v 0.146034 -0.0491635 -0.0388485
vn 0.398621 -0.905416 -0.146025
v 0.146331 -0.0493019 -0.0363541
vn 0.411496 -0.909455 -0.0596842
v 0.146771 -0.0485949 -0.039026
vn 0.797386 -0.564701 -0.212809
v 0.147144 -0.0486709 -0.0363984
vn 0.82505 -0.558786 -0.0839705
v 0.147144 -0.0472146 -0.0392924
vn 0.953132 -0.17369 -0.247733
v 0.147144 -0.0486709 -0.0363984
vn 0.82505 -0.558786 -0.0839705
v 0.146771 -0.0485949 -0.039026
vn 0.797386 -0.564701 -0.212809
v 0.147144 -0.0486709 -0.0363984
vn 0.82505 -0.558786 -0.0839705
v 0.147144 -0.0472146 -0.0392924
vn 0.953132 -0.17369 -0.247733
v 0.147551 -0.0472542 -0.0364649
vn 0.981808 -0.165503 -0.0930736
v 0.146331 -0.0471616 -0.0415026
vn 0.75763 -0.204895 -0.61969
v 0.146771 -0.0485949 -0.039026
vn 0.797386 -0.564701 -0.212809
v 0.146034 -0.0485441 -0.0410175
vn 0.623551 -0.608456 -0.490883
v 0.146771 -0.0485949 -0.039026
vn 0.797386 -0.564701 -0.212809
v 0.146331 -0.0471616 -0.0415026
vn 0.75763 -0.204895 -0.61969
v 0.147144 -0.0472146 -0.0392924
vn 0.953132 -0.17369 -0.247733
v 0.147144 -0.0486709 -0.0363984
vn 0.82505 -0.558786 -0.0839705
v 0.14643 -0.0493481 -0.0332849
vn 0.411097 -0.911494 -0.0133232
v 0.146331 -0.0493019 -0.0363541
vn 0.411496 -0.909455 -0.0596842
v 0.14643 -0.0493481 -0.0332849
vn 0.411097 -0.911494 -0.0133232
v 0.147144 -0.0486709 -0.0363984
vn 0.82505 -0.558786 -0.0839705
v 0.147268 -0.0486964 -0.0332849
vn 0.827579 -0.561027 -0.0190526
v 0.147551 -0.0472542 -0.0364649
vn 0.981808 -0.165503 -0.0930736
v 0.147268 -0.0486964 -0.0332849
vn 0.827579 -0.561027 -0.0190526
v 0.147144 -0.0486709 -0.0363984
vn 0.82505 -0.558786 -0.0839705
v 0.147268 -0.0486964 -0.0332849
vn 0.827579 -0.561027 -0.0190526
v 0.147551 -0.0472542 -0.0364649
vn 0.981808 -0.165503 -0.0930736
v 0.147687 -0.0472687 -0.0332849
vn 0.98567 -0.16729 -0.0216505
v 0.147687 -0.0445177 -0.0364872
vn 0.995476 -0.0165154 -0.0935661
v 0.147687 -0.0472687 -0.0332849
vn 0.98567 -0.16729 -0.0216505
v 0.147551 -0.0472542 -0.0364649
vn 0.981808 -0.165503 -0.0930736
v 0.147687 -0.0472687 -0.0332849
vn 0.98567 -0.16729 -0.0216505
v 0.147687 -0.0445177 -0.0364872
vn 0.995476 -0.0165154 -0.0935661
v 0.147826 -0.0445502 -0.0332849
vn 0.999626 -0.0164644 -0.0218381
v 0.146331 0.0301604 -0.0365999
vn 0.957209 0.26362 -0.119395
v 0.147826 -0.0445502 -0.0332849
vn 0.999626 -0.0164644 -0.0218381
v 0.147687 -0.0445177 -0.0364872
vn 0.995476 -0.0165154 -0.0935661
v 0.147826 -0.0445502 -0.0332849
vn 0.999626 -0.0164644 -0.0218381
v 0.146331 0.0301604 -0.0365999
vn 0.957209 0.26362 -0.119395
v 0.14643 0.0303285 -0.033617
vn 0.953651 0.299283 0.0313105
v 0.14643 -0.0442743 -0.0416643
vn 0.777862 -0.0223948 -0.628036
v 0.147144 -0.0472146 -0.0392924
vn 0.953132 -0.17369 -0.247733
v 0.146331 -0.0471616 -0.0415026
vn 0.75763 -0.204895 -0.61969
v 0.147144 -0.0472146 -0.0392924
vn 0.953132 -0.17369 -0.247733
v 0.14643 -0.0442743 -0.0416643
vn 0.777862 -0.0223948 -0.628036
v 0.147268 -0.0444354 -0.0393811
vn 0.969039 -0.017781 -0.246267
v 0.147268 -0.0444354 -0.0393811
vn 0.969039 -0.017781 -0.246267
v 0.147551 -0.0472542 -0.0364649
vn 0.981808 -0.165503 -0.0930736
v 0.147144 -0.0472146 -0.0392924
vn 0.953132 -0.17369 -0.247733
v 0.147551 -0.0472542 -0.0364649
vn 0.981808 -0.165503 -0.0930736
v 0.147268 -0.0444354 -0.0393811
vn 0.969039 -0.017781 -0.246267
v 0.147687 -0.0445177 -0.0364872
vn 0.995476 -0.0165154 -0.0935661
v 0.146034 0.0292158 -0.0390144
vn 0.925693 0.214792 -0.311379
v 0.147687 -0.0445177 -0.0364872
vn 0.995476 -0.0165154 -0.0935661
v 0.147268 -0.0444354 -0.0393811
vn 0.969039 -0.017781 -0.246267
v 0.147687 -0.0445177 -0.0364872
vn 0.995476 -0.0165154 -0.0935661
v 0.146034 0.0292158 -0.0390144
vn 0.925693 0.214792 -0.311379
v 0.146331 0.0301604 -0.0365999
vn 0.957209 0.26362 -0.119395
v 0.145634 0.0279386 -0.0404845
vn 0.783287 0.0926679 -0.614715
v 0.147268 -0.0444354 -0.0393811
vn 0.969039 -0.017781 -0.246267
v 0.14643 -0.0442743 -0.0416643
vn 0.777862 -0.0223948 -0.628036
v 0.147268 -0.0444354 -0.0393811
vn 0.969039 -0.017781 -0.246267
v 0.145634 0.0279386 -0.0404845
vn 0.783287 0.0926679 -0.614715
v 0.146034 0.0292158 -0.0390144
vn 0.925693 0.214792 -0.311379
v 0.143206 -0.0496813 -0.0392924
vn 0.107313 -0.986714 -0.121978
v 0.145634 -0.0489764 -0.0403622
vn 0.345174 -0.901362 -0.261535
v 0.146034 -0.0491635 -0.0388485
vn 0.398621 -0.905416 -0.146025
v 0.145634 -0.0489764 -0.0403622
vn 0.345174 -0.901362 -0.261535
v 0.143206 -0.0496813 -0.0392924
vn 0.107313 -0.986714 -0.121978
v 0.143179 -0.0493019 -0.0415026
vn 0.144226 -0.939642 -0.310276
v 0.146331 -0.0493019 -0.0363541
vn 0.411496 -0.909455 -0.0596842
v 0.143206 -0.0496813 -0.0392924
vn 0.107313 -0.986714 -0.121978
v 0.146034 -0.0491635 -0.0388485
vn 0.398621 -0.905416 -0.146025
v 0.143206 -0.0496813 -0.0392924
vn 0.107313 -0.986714 -0.121978
v 0.146331 -0.0493019 -0.0363541
vn 0.411496 -0.909455 -0.0596842
v 0.143247 -0.0498715 -0.0364649
vn 0.100171 -0.993976 -0.0444593
v 0.139306 -0.0497393 -0.0393811
vn 0.00879026 -0.992894 -0.118673
v 0.143179 -0.0493019 -0.0415026
vn 0.144226 -0.939642 -0.310276
v 0.143206 -0.0496813 -0.0392924
vn 0.107313 -0.986714 -0.121978
v 0.143179 -0.0493019 -0.0415026
vn 0.144226 -0.939642 -0.310276
v 0.139306 -0.0497393 -0.0393811
vn 0.00879026 -0.992894 -0.118673
v 0.139306 -0.0493481 -0.0416643
vn 0.0120308 -0.952741 -0.303544
v 0.143247 -0.0498715 -0.0364649
vn 0.100171 -0.993976 -0.0444593
v 0.139306 -0.0497393 -0.0393811
vn 0.00879026 -0.992894 -0.118673
v 0.143206 -0.0496813 -0.0392924
vn 0.107313 -0.986714 -0.121978
v 0.139306 -0.0497393 -0.0393811
vn 0.00879026 -0.992894 -0.118673
v 0.143247 -0.0498715 -0.0364649
vn 0.100171 -0.993976 -0.0444593
v 0.139306 -0.0499348 -0.0364872
vn 0.00814537 -0.999002 -0.0439258
v 0.139306 -0.05 -0.0332849
vn 0.0081963 -0.999915 -0.0101329
v 0.143247 -0.0498715 -0.0364649
vn 0.100171 -0.993976 -0.0444593
v 0.14326 -0.0499348 -0.0332849
vn 0.0996897 -0.994967 -0.010147
v 0.143247 -0.0498715 -0.0364649
vn 0.100171 -0.993976 -0.0444593
v 0.139306 -0.05 -0.0332849
vn 0.0081963 -0.999915 -0.0101329
v 0.139306 -0.0499348 -0.0364872
vn 0.00814537 -0.999002 -0.0439258
v 0.14326 -0.0499348 -0.0332849
vn 0.0996897 -0.994967 -0.010147
v 0.146331 -0.0493019 -0.0363541
vn 0.411496 -0.909455 -0.0596842
v 0.14643 -0.0493481 -0.0332849
vn 0.411097 -0.911494 -0.0133232
v 0.146331 -0.0493019 -0.0363541
vn 0.411496 -0.909455 -0.0596842
v 0.14326 -0.0499348 -0.0332849
vn 0.0996897 -0.994967 -0.010147
v 0.143247 -0.0498715 -0.0364649
vn 0.100171 -0.993976 -0.0444593
v 0.0510672 -0.0499348 -0.0364872
vn 0 -0.999036 -0.0438902
v -0.0510672 -0.05 -0.0332849
vn 0 -0.999948 -0.0101747
v -0.0510672 -0.0499348 -0.0364872
vn 0 -0.999036 -0.0438902
v -0.0510672 -0.05 -0.0332849
vn 0 -0.999948 -0.0101747
v 0.0510672 -0.0499348 -0.0364872
vn 0 -0.999036 -0.0438902
v 0.0510672 -0.05 -0.0332849
vn 0 -0.999948 -0.0101747
v 0.0510672 -0.0497393 -0.0393811
vn 0 -0.992978 -0.118302
v -0.0510672 -0.0499348 -0.0364872
vn 0 -0.999036 -0.0438902
v -0.0510672 -0.0497393 -0.0393811
vn 0 -0.992978 -0.118302
v -0.0510672 -0.0499348 -0.0364872
vn 0 -0.999036 -0.0438902
v 0.0510672 -0.0497393 -0.0393811
vn 0 -0.992978 -0.118302
v 0.0510672 -0.0499348 -0.0364872
vn 0 -0.999036 -0.0438902
v 0.0510672 -0.0493481 -0.0416643
vn 0 -0.953285 -0.302073
v -0.0510672 -0.0497393 -0.0393811
vn 0 -0.992978 -0.118302
v -0.0510672 -0.0493481 -0.0416643
vn 0 -0.953285 -0.302073
v -0.0510672 -0.0497393 -0.0393811
vn 0 -0.992978 -0.118302
v 0.0510672 -0.0493481 -0.0416643
vn 0 -0.953285 -0.302073
v 0.0510672 -0.0497393 -0.0393811
vn 0 -0.992978 -0.118302
v -0.146331 -0.0493019 -0.0363541
vn -0.411494 -0.909456 -0.0596868
v -0.14326 -0.0499348 -0.0332849
vn -0.0996843 -0.994967 -0.0101454
v -0.14643 -0.0493481 -0.0332849
vn -0.411099 -0.911493 -0.0133232
v -0.14326 -0.0499348 -0.0332849
vn -0.0996843 -0.994967 -0.0101454
v -0.146331 -0.0493019 -0.0363541
vn -0.411494 -0.909456 -0.0596868
v -0.143247 -0.0498715 -0.0364649
vn -0.100172 -0.993976 -0.0444566
v -0.143247 -0.0498715 -0.0364649
vn -0.100172 -0.993976 -0.0444566
v -0.139306 -0.05 -0.0332849
vn -0.00819616 -0.999915 -0.0101328
v -0.14326 -0.0499348 -0.0332849
vn -0.0996843 -0.994967 -0.0101454
v -0.139306 -0.05 -0.0332849
vn -0.00819616 -0.999915 -0.0101328
v -0.143247 -0.0498715 -0.0364649
vn -0.100172 -0.993976 -0.0444566
v -0.139306 -0.0499348 -0.0364872
vn -0.00814503 -0.999002 -0.0439257
v -0.139306 -0.0497393 -0.0393811
vn -0.00878988 -0.992894 -0.118673
v -0.143247 -0.0498715 -0.0364649
vn -0.100172 -0.993976 -0.0444566
v -0.143206 -0.0496813 -0.0392924
vn -0.107315 -0.986714 -0.121977
v -0.143247 -0.0498715 -0.0364649
vn -0.100172 -0.993976 -0.0444566
v -0.139306 -0.0497393 -0.0393811
vn -0.00878988 -0.992894 -0.118673
v -0.139306 -0.0499348 -0.0364872
vn -0.00814503 -0.999002 -0.0439257
v -0.143179 -0.0493019 -0.0415026
vn -0.143009 -0.940015 -0.309711
v -0.139306 -0.0497393 -0.0393811
vn -0.00878988 -0.992894 -0.118673
v -0.143206 -0.0496813 -0.0392924
vn -0.107315 -0.986714 -0.121977
v -0.139306 -0.0497393 -0.0393811
vn -0.00878988 -0.992894 -0.118673
v -0.143179 -0.0493019 -0.0415026
vn -0.143009 -0.940015 -0.309711
v -0.139306 -0.0493481 -0.0416643
vn -0.0119419 -0.952762 -0.303482
v -0.143206 -0.0496813 -0.0392924
vn -0.107315 -0.986714 -0.121977
v -0.146331 -0.0493019 -0.0363541
vn -0.411494 -0.909456 -0.0596868
v -0.146034 -0.0491635 -0.0388485
vn -0.398575 -0.905436 -0.146026
v -0.146331 -0.0493019 -0.0363541
vn -0.411494 -0.909456 -0.0596868
v -0.143206 -0.0496813 -0.0392924
vn -0.107315 -0.986714 -0.121977
v -0.143247 -0.0498715 -0.0364649
vn -0.100172 -0.993976 -0.0444566
v -0.145634 -0.0489764 -0.0403622
vn -0.345879 -0.901548 -0.259959
v -0.143206 -0.0496813 -0.0392924
vn -0.107315 -0.986714 -0.121977
v -0.146034 -0.0491635 -0.0388485
vn -0.398575 -0.905436 -0.146026
v -0.143206 -0.0496813 -0.0392924
vn -0.107315 -0.986714 -0.121977
v -0.145634 -0.0489764 -0.0403622
vn -0.345879 -0.901548 -0.259959
v -0.143179 -0.0493019 -0.0415026
vn -0.143009 -0.940015 -0.309711
v -0.147687 -0.0445177 -0.0364872
vn -0.995475 -0.016314 -0.0936077
v -0.147687 -0.0472687 -0.0332849
vn -0.985682 -0.167232 -0.0215677
v -0.147826 -0.0445502 -0.0332849
vn -0.999636 -0.0161377 -0.0215939
v -0.147687 -0.0472687 -0.0332849
vn -0.985682 -0.167232 -0.0215677
v -0.147687 -0.0445177 -0.0364872
vn -0.995475 -0.016314 -0.0936077
v -0.147551 -0.0472542 -0.0364649
vn -0.981808 -0.165495 -0.0930814
v -0.147144 -0.0486709 -0.0363984
vn -0.82505 -0.558785 -0.0839705
v -0.14643 -0.0493481 -0.0332849
vn -0.411099 -0.911493 -0.0133232
v -0.147268 -0.0486964 -0.0332849
vn -0.827582 -0.561021 -0.0190525
v -0.14643 -0.0493481 -0.0332849
vn -0.411099 -0.911493 -0.0133232
v -0.147144 -0.0486709 -0.0363984
vn -0.82505 -0.558785 -0.0839705
v -0.146331 -0.0493019 -0.0363541
vn -0.411494 -0.909456 -0.0596868
v -0.147551 -0.0472542 -0.0364649
vn -0.981808 -0.165495 -0.0930814
v -0.147268 -0.0486964 -0.0332849
vn -0.827582 -0.561021 -0.0190525
v -0.147687 -0.0472687 -0.0332849
vn -0.985682 -0.167232 -0.0215677
v -0.147268 -0.0486964 -0.0332849
vn -0.827582 -0.561021 -0.0190525
v -0.147551 -0.0472542 -0.0364649
vn -0.981808 -0.165495 -0.0930814
v -0.147144 -0.0486709 -0.0363984
vn -0.82505 -0.558785 -0.0839705
v -0.147144 -0.0472146 -0.0392924
vn -0.953138 -0.173668 -0.247726
v -0.147144 -0.0486709 -0.0363984
vn -0.82505 -0.558785 -0.0839705
v -0.147551 -0.0472542 -0.0364649
vn -0.981808 -0.165495 -0.0930814
v -0.147144 -0.0486709 -0.0363984
vn -0.82505 -0.558785 -0.0839705
v -0.147144 -0.0472146 -0.0392924
vn -0.953138 -0.173668 -0.247726
v -0.146771 -0.0485949 -0.039026
vn -0.797363 -0.564734 -0.212812
v -0.146771 -0.0485949 -0.039026
vn -0.797363 -0.564734 -0.212812
v -0.146331 -0.0493019 -0.0363541
vn -0.411494 -0.909456 -0.0596868
v -0.147144 -0.0486709 -0.0363984
vn -0.82505 -0.558785 -0.0839705
v -0.146331 -0.0493019 -0.0363541
vn -0.411494 -0.909456 -0.0596868
v -0.146771 -0.0485949 -0.039026
vn -0.797363 -0.564734 -0.212812
v -0.146034 -0.0491635 -0.0388485
vn -0.398575 -0.905436 -0.146026
v -0.146034 -0.0485441 -0.0410175
vn -0.622751 -0.605353 -0.49571
v -0.146034 -0.0491635 -0.0388485
vn -0.398575 -0.905436 -0.146026
v -0.146771 -0.0485949 -0.039026
vn -0.797363 -0.564734 -0.212812
v -0.146034 -0.0491635 -0.0388485
vn -0.398575 -0.905436 -0.146026
v -0.146034 -0.0485441 -0.0410175
vn -0.622751 -0.605353 -0.49571
v -0.145634 -0.0489764 -0.0403622
vn -0.345879 -0.901548 -0.259959
v -0.146331 -0.0471616 -0.0415026
vn -0.75494 -0.209692 -0.621365
v -0.146771 -0.0485949 -0.039026
vn -0.797363 -0.564734 -0.212812
v -0.147144 -0.0472146 -0.0392924
vn -0.953138 -0.173668 -0.247726
v -0.146771 -0.0485949 -0.039026
vn -0.797363 -0.564734 -0.212812
v -0.146331 -0.0471616 -0.0415026
vn -0.75494 -0.209692 -0.621365
v -0.146034 -0.0485441 -0.0410175
vn -0.622751 -0.605353 -0.49571
v -0.147268 -0.0444354 -0.0393811
vn -0.969017 -0.0172932 -0.246386
v -0.147551 -0.0472542 -0.0364649
vn -0.981808 -0.165495 -0.0930814
v -0.147687 -0.0445177 -0.0364872
vn -0.995475 -0.016314 -0.0936077
v -0.147551 -0.0472542 -0.0364649
vn -0.981808 -0.165495 -0.0930814
v -0.147268 -0.0444354 -0.0393811
vn -0.969017 -0.0172932 -0.246386
v -0.147144 -0.0472146 -0.0392924
vn -0.953138 -0.173668 -0.247726
v -0.14643 -0.0442743 -0.0416643
vn -0.778987 -0.0215377 -0.62667
v -0.147144 -0.0472146 -0.0392924
vn -0.953138 -0.173668 -0.247726
v -0.147268 -0.0444354 -0.0393811
vn -0.969017 -0.0172932 -0.246386
v -0.147144 -0.0472146 -0.0392924
vn -0.953138 -0.173668 -0.247726
v -0.14643 -0.0442743 -0.0416643
vn -0.778987 -0.0215377 -0.62667
v -0.146331 -0.0471616 -0.0415026
vn -0.75494 -0.209692 -0.621365
v -0.143179 0.0322695 -0.041749
vn -0.490331 0.298758 -0.81873
v -0.139306 0.0358826 -0.0402007
vn -0.188887 0.897711 -0.39804
v -0.139306 0.0341749 -0.0420741
vn -0.168008 0.438802 -0.882738
v -0.139306 0.0358826 -0.0402007
vn -0.188887 0.897711 -0.39804
v -0.143179 0.0322695 -0.041749
vn -0.490331 0.298758 -0.81873
v -0.143206 0.0347369 -0.0397804
vn -0.571774 0.671514 -0.47132
v -0.143206 0.0347369 -0.0397804
vn -0.571774 0.671514 -0.47132
v -0.139295 0.0360558 -0.0378207
vn 0.0477866 0.978557 0.200356
v -0.139306 0.0358826 -0.0402007
vn -0.188887 0.897711 -0.39804
v -0.139295 0.0360558 -0.0378207
vn 0.0477866 0.978557 0.200356
v -0.143206 0.0347369 -0.0397804
vn -0.571774 0.671514 -0.47132
v -0.143245 0.0358229 -0.0372419
vn -0.525166 0.835048 -0.164001
v -0.143253 0.0358072 -0.0343506
vn -0.352638 0.911053 0.21361
v -0.139295 0.0360558 -0.0378207
vn 0.0477866 0.978557 0.200356
v -0.143245 0.0358229 -0.0372419
vn -0.525166 0.835048 -0.164001
v -0.139295 0.0360558 -0.0378207
vn 0.0477866 0.978557 0.200356
v -0.143253 0.0358072 -0.0343506
vn -0.352638 0.911053 0.21361
v -0.139261 0.0342983 -0.0351772
vn 0.471049 0.682391 0.558978
v -0.146331 0.0301604 -0.0365999
vn -0.954932 0.268541 -0.126451
v -0.143253 0.0358072 -0.0343506
vn -0.352638 0.911053 0.21361
v -0.143245 0.0358229 -0.0372419
vn -0.525166 0.835048 -0.164001
v -0.143253 0.0358072 -0.0343506
vn -0.352638 0.911053 0.21361
v -0.146331 0.0301604 -0.0365999
vn -0.954932 0.268541 -0.126451
v -0.14643 0.0303285 -0.033617
vn -0.953746 0.298969 0.031399
v -0.145634 0.0279386 -0.0404845
vn -0.785727 0.0932027 -0.611512
v -0.143206 0.0347369 -0.0397804
vn -0.571774 0.671514 -0.47132
v -0.143179 0.0322695 -0.041749
vn -0.490331 0.298758 -0.81873
v -0.143206 0.0347369 -0.0397804
vn -0.571774 0.671514 -0.47132
v -0.145634 0.0279386 -0.0404845
vn -0.785727 0.0932027 -0.611512
v -0.146034 0.0292158 -0.0390144
vn -0.925284 0.220195 -0.308809
v -0.146034 0.0292158 -0.0390144
vn -0.925284 0.220195 -0.308809
v -0.143245 0.0358229 -0.0372419
vn -0.525166 0.835048 -0.164001
v -0.143206 0.0347369 -0.0397804
vn -0.571774 0.671514 -0.47132
v -0.143245 0.0358229 -0.0372419
vn -0.525166 0.835048 -0.164001
v -0.146034 0.0292158 -0.0390144
vn -0.925284 0.220195 -0.308809
v -0.146331 0.0301604 -0.0365999
vn -0.954932 0.268541 -0.126451
v 0.0401971 0.0365103 -0.0419251
vn 0.0277976 0.998846 0.0391691
v 0.0491779 0.03543 -0.0452562
vn 0.104333 0.622309 -0.775787
v 0.0232759 0.0366664 -0.0507007
vn 0.373285 0.872214 -0.316072
v 0.0507078 0.0358229 -0.0385885
vn -0.00029409 0.857622 0.514281
v -0.0401971 0.0365103 -0.0419251
vn -0.0277975 0.998846 0.0391674
v -0.0507078 0.0358229 -0.0385885
vn 0.000294086 0.857622 0.514281
v -0.0401971 0.0365103 -0.0419251
vn -0.0277975 0.998846 0.0391674
v 0.0507078 0.0358229 -0.0385885
vn -0.00029409 0.857622 0.514281
v 0.0401971 0.0365103 -0.0419251
vn 0.0277976 0.998846 0.0391691
v 0.0510672 0.0327393 -0.0360383
vn -0.00104268 0.383278 0.923632
v -0.0507078 0.0358229 -0.0385885
vn 0.000294086 0.857622 0.514281
v -0.0510672 0.0327393 -0.0360383
vn 0.00104267 0.383278 0.923632
v -0.0507078 0.0358229 -0.0385885
vn 0.000294086 0.857622 0.514281
v 0.0510672 0.0327393 -0.0360383
vn -0.00104268 0.383278 0.923632
v 0.0507078 0.0358229 -0.0385885
vn -0.00029409 0.857622 0.514281
v 0.14643 -0.0248881 0.125362
vn 0.801148 0.554254 0.225754
v 0.143358 -0.0258948 0.130519
vn -0.126998 0.884254 0.449406
v 0.14643 -0.027045 0.130198
vn 0.789672 0.543458 0.28473
v 0.143358 -0.0258948 0.130519
vn -0.126998 0.884254 0.449406
v 0.14643 -0.0248881 0.125362
vn 0.801148 0.554254 0.225754
v 0.143358 -0.0235881 0.125419
vn -0.133018 0.917815 0.37406
v 0.143358 -0.0235881 0.125419
vn -0.133018 0.917815 0.37406
v 0.140287 -0.0281824 0.130048
vn -0.836935 0.494469 0.234607
v 0.143358 -0.0258948 0.130519
vn -0.126998 0.884254 0.449406
v 0.140287 -0.0281824 0.130048
vn -0.836935 0.494469 0.234607
v 0.143358 -0.0235881 0.125419
vn -0.133018 0.917815 0.37406
v 0.140287 -0.0260609 0.125211
vn -0.850157 0.487603 0.198685
v 0.143358 -0.0148503 0.10269
vn -0.156125 0.928174 0.337814
v 0.140287 -0.0260609 0.125211
vn -0.850157 0.487603 0.198685
v 0.143358 -0.0235881 0.125419
vn -0.133018 0.917815 0.37406
v 0.140287 -0.0260609 0.125211
vn -0.850157 0.487603 0.198685
v 0.143358 -0.0148503 0.10269
vn -0.156125 0.928174 0.337814
v 0.140287 -0.0181657 0.102499
vn -0.897481 0.418502 0.139226
v 0.14643 -0.0166778 0.102851
vn 0.845491 0.500768 0.185407
v 0.143358 -0.0235881 0.125419
vn -0.133018 0.917815 0.37406
v 0.14643 -0.0248881 0.125362
vn 0.801148 0.554254 0.225754
v 0.143358 -0.0235881 0.125419
vn -0.133018 0.917815 0.37406
v 0.14643 -0.0166778 0.102851
vn 0.845491 0.500768 0.185407
v 0.143358 -0.0148503 0.10269
vn -0.156125 0.928174 0.337814
v 0.147268 -0.0487071 0.125474
vn 0.788464 -0.615078 -0.00180965
v 0.14643 -0.0493481 0.102922
vn 0.409601 -0.912265 -0.000105219
v 0.147268 -0.0486963 0.102922
vn 0.797295 -0.60359 -0.000142933
v 0.14643 -0.0493481 0.102922
vn 0.409601 -0.912265 -0.000105219
v 0.147268 -0.0487071 0.125474
vn 0.788464 -0.615078 -0.00180965
v 0.14643 -0.0493536 0.125474
vn 0.406927 -0.91346 -0.00109381
v 0.147687 -0.0476671 0.102922
vn 0.971581 -0.236709 -0.000412027
v 0.147268 -0.0487071 0.125474
vn 0.788464 -0.615078 -0.00180965
v 0.147268 -0.0486963 0.102922
vn 0.797295 -0.60359 -0.000142933
v 0.147268 -0.0487071 0.125474
vn 0.788464 -0.615078 -0.00180965
v 0.147687 -0.0476671 0.102922
vn 0.971581 -0.236709 -0.000412027
v 0.147687 -0.047748 0.125464
vn 0.966829 -0.25542 -0.00143199
v 0.147268 -0.0487071 0.125474
vn 0.788464 -0.615078 -0.00180965
v 0.14643 -0.0493698 0.130618
vn 0.401355 -0.91592 0.00216141
v 0.14643 -0.0493536 0.125474
vn 0.406927 -0.91346 -0.00109381
v 0.14643 -0.0493698 0.130618
vn 0.401355 -0.91592 0.00216141
v 0.147268 -0.0487071 0.125474
vn 0.788464 -0.615078 -0.00180965
v 0.147268 -0.0487398 0.130618
vn 0.783577 -0.621234 0.00868561
v 0.147687 -0.047748 0.125464
vn 0.966829 -0.25542 -0.00143199
v 0.147268 -0.0487398 0.130618
vn 0.783577 -0.621234 0.00868561
v 0.147268 -0.0487071 0.125474
vn 0.788464 -0.615078 -0.00180965
v 0.147268 -0.0487398 0.130618
vn 0.783577 -0.621234 0.00868561
v 0.147687 -0.047748 0.125464
vn 0.966829 -0.25542 -0.00143199
v 0.147687 -0.0478005 0.130576
vn 0.966205 -0.257259 0.016315
v 0.147826 -0.0464219 0.125432
vn 0.999745 -0.0224476 0.00237348
v 0.147687 -0.0478005 0.130576
vn 0.966205 -0.257259 0.016315
v 0.147687 -0.047748 0.125464
vn 0.966829 -0.25542 -0.00143199
v 0.147687 -0.0478005 0.130576
vn 0.966205 -0.257259 0.016315
v 0.147826 -0.0464219 0.125432
vn 0.999745 -0.0224476 0.00237348
v 0.147826 -0.0464952 0.13045
vn 0.999613 -0.0177762 0.0213866
v 0.14643 -0.0248881 0.125362
vn 0.801148 0.554254 0.225754
v 0.147826 -0.0464952 0.13045
vn 0.999613 -0.0177762 0.0213866
v 0.147826 -0.0464219 0.125432
vn 0.999745 -0.0224476 0.00237348
v 0.147826 -0.0464952 0.13045
vn 0.999613 -0.0177762 0.0213866
v 0.14643 -0.0248881 0.125362
vn 0.801148 0.554254 0.225754
v 0.14643 -0.027045 0.130198
vn 0.789672 0.543458 0.28473
v 0.147826 -0.0464219 0.125432
vn 0.999745 -0.0224476 0.00237348
v 0.147687 -0.0476671 0.102922
vn 0.971581 -0.236709 -0.000412027
v 0.147826 -0.0461436 0.102922
vn 0.999761 -0.0218732 -6.82417e-05
v 0.147687 -0.0476671 0.102922
vn 0.971581 -0.236709 -0.000412027
v 0.147826 -0.0464219 0.125432
vn 0.999745 -0.0224476 0.00237348
v 0.147687 -0.047748 0.125464
vn 0.966829 -0.25542 -0.00143199
v 0.14643 -0.0166778 0.102851
vn 0.845491 0.500768 0.185407
v 0.147826 -0.0464219 0.125432
vn 0.999745 -0.0224476 0.00237348
v 0.147826 -0.0461436 0.102922
vn 0.999761 -0.0218732 -6.82417e-05
v 0.147826 -0.0464219 0.125432
vn 0.999745 -0.0224476 0.00237348
v 0.14643 -0.0166778 0.102851
vn 0.845491 0.500768 0.185407
v 0.14643 -0.0248881 0.125362
vn 0.801148 0.554254 0.225754
v 0.14326 -0.0499353 0.125474
vn 0.0987695 -0.99511 -0.000177243
v 0.14643 -0.0493481 0.102922
vn 0.409601 -0.912265 -0.000105219
v 0.14643 -0.0493536 0.125474
vn 0.406927 -0.91346 -0.00109381
v 0.14643 -0.0493481 0.102922
vn 0.409601 -0.912265 -0.000105219
v 0.14326 -0.0499353 0.125474
vn 0.0987695 -0.99511 -0.000177243
v 0.14326 -0.0499348 0.102922
vn 0.0995931 -0.995028 -6.25701e-06
v 0.139306 -0.05 0.125474
vn 0.00817877 -0.999967 -5.06161e-06
v 0.14326 -0.0499348 0.102922
vn 0.0995931 -0.995028 -6.25701e-06
v 0.14326 -0.0499353 0.125474
vn 0.0987695 -0.99511 -0.000177243
v 0.14326 -0.0499348 0.102922
vn 0.0995931 -0.995028 -6.25701e-06
v 0.139306 -0.05 0.125474
vn 0.00817877 -0.999967 -5.06161e-06
v 0.139306 -0.05 0.102922
vn 0.00824056 -0.999966 4.38037e-08
v 0.139306 -0.05 0.130618
vn 0.00800419 -0.999959 0.00429109
v 0.14326 -0.0499353 0.125474
vn 0.0987695 -0.99511 -0.000177243
v 0.14326 -0.049937 0.130618
vn 0.0957631 -0.995402 0.00223294
v 0.14326 -0.0499353 0.125474
vn 0.0987695 -0.99511 -0.000177243
v 0.139306 -0.05 0.130618
vn 0.00800419 -0.999959 0.00429109
v 0.139306 -0.05 0.125474
vn 0.00817877 -0.999967 -5.06161e-06
v 0.14326 -0.049937 0.130618
vn 0.0957631 -0.995402 0.00223294
v 0.14643 -0.0493536 0.125474
vn 0.406927 -0.91346 -0.00109381
v 0.14643 -0.0493698 0.130618
vn 0.401355 -0.91592 0.00216141
v 0.14643 -0.0493536 0.125474
vn 0.406927 -0.91346 -0.00109381
v 0.14326 -0.049937 0.130618
vn 0.0957631 -0.995402 0.00223294
v 0.14326 -0.0499353 0.125474
vn 0.0987695 -0.99511 -0.000177243
v 0.0510672 -0.05 0.125474
vn 0 -1 4.37114e-08
v -0.0510672 -0.05 0.130618
vn 0 -0.999991 0.00433967
v -0.0510672 -0.05 0.125474
vn 0 -1 4.37114e-08
v -0.0510672 -0.05 0.130618
vn 0 -0.999991 0.00433967
v 0.0510672 -0.05 0.125474
vn 0 -1 4.37114e-08
v 0.0510672 -0.05 0.130618
vn 0 -0.999991 0.00433967
v 0.0510672 -0.05 0.102922
vn 0 -1 4.37114e-08
v -0.0510672 -0.05 0.125474
vn 0 -1 4.37114e-08
v -0.0510672 -0.05 0.102922
vn 0 -1 4.37114e-08
v -0.0510672 -0.05 0.125474
vn 0 -1 4.37114e-08
v 0.0510672 -0.05 0.102922
vn 0 -1 4.37114e-08
v 0.0510672 -0.05 0.125474
vn 0 -1 4.37114e-08
v -0.14643 -0.0493536 0.125474
vn -0.406943 -0.913453 -0.00113907
v -0.14326 -0.049937 0.130618
vn -0.0957586 -0.995402 0.0022329
v -0.14643 -0.0493698 0.130618
vn -0.40135 -0.915922 0.00216136
v -0.14326 -0.049937 0.130618
vn -0.0957586 -0.995402 0.0022329
v -0.14643 -0.0493536 0.125474
vn -0.406943 -0.913453 -0.00113907
v -0.14326 -0.0499353 0.125474
vn -0.0987645 -0.995111 -0.000177324
v -0.14326 -0.0499353 0.125474
vn -0.0987645 -0.995111 -0.000177324
v -0.139306 -0.05 0.130618
vn -0.00800457 -0.999959 0.00429104
v -0.14326 -0.049937 0.130618
vn -0.0957586 -0.995402 0.0022329
v -0.139306 -0.05 0.130618
vn -0.00800457 -0.999959 0.00429104
v -0.14326 -0.0499353 0.125474
vn -0.0987645 -0.995111 -0.000177324
v -0.139306 -0.05 0.125474
vn -0.00817868 -0.999967 -5.18859e-06
v -0.14326 -0.0499348 0.102922
vn -0.0995882 -0.995029 -6.22998e-06
v -0.139306 -0.05 0.125474
vn -0.00817868 -0.999967 -5.18859e-06
v -0.14326 -0.0499353 0.125474
vn -0.0987645 -0.995111 -0.000177324
v -0.139306 -0.05 0.125474
vn -0.00817868 -0.999967 -5.18859e-06
v -0.14326 -0.0499348 0.102922
vn -0.0995882 -0.995029 -6.22998e-06
v -0.139306 -0.05 0.102922
vn -0.00824095 -0.999966 7.37628e-08
v -0.14643 -0.0493481 0.102922
vn -0.409625 -0.912254 -6.0081e-05
v -0.14326 -0.0499353 0.125474
vn -0.0987645 -0.995111 -0.000177324
v -0.14643 -0.0493536 0.125474
vn -0.406943 -0.913453 -0.00113907
v -0.14326 -0.0499353 0.125474
vn -0.0987645 -0.995111 -0.000177324
v -0.14643 -0.0493481 0.102922
vn -0.409625 -0.912254 -6.0081e-05
v -0.14326 -0.0499348 0.102922
vn -0.0995882 -0.995029 -6.22998e-06
v -0.147826 -0.0464219 0.125432
vn -0.999826 -0.0186049 0.000934158
v -0.147687 -0.0478005 0.130576
vn -0.966084 -0.25776 0.0155521
v -0.147826 -0.0464952 0.13045
vn -0.999679 -0.0159427 0.0196999
v -0.147687 -0.0478005 0.130576
vn -0.966084 -0.25776 0.0155521
v -0.147826 -0.0464219 0.125432
vn -0.999826 -0.0186049 0.000934158
v -0.147687 -0.047748 0.125464
vn -0.966864 -0.255288 -0.00164991
v -0.147268 -0.0487071 0.125474
vn -0.788442 -0.615106 -0.00185508
v -0.14643 -0.0493698 0.130618
vn -0.40135 -0.915922 0.00216136
v -0.147268 -0.0487398 0.130618
vn -0.783577 -0.621234 0.00868559
v -0.14643 -0.0493698 0.130618
vn -0.40135 -0.915922 0.00216136
v -0.147268 -0.0487071 0.125474
vn -0.788442 -0.615106 -0.00185508
v -0.14643 -0.0493536 0.125474
vn -0.406943 -0.913453 -0.00113907
v -0.147687 -0.047748 0.125464
vn -0.966864 -0.255288 -0.00164991
v -0.147268 -0.0487398 0.130618
vn -0.783577 -0.621234 0.00868559
v -0.147687 -0.0478005 0.130576
vn -0.966084 -0.25776 0.0155521
v -0.147268 -0.0487398 0.130618
vn -0.783577 -0.621234 0.00868559
v -0.147687 -0.047748 0.125464
vn -0.966864 -0.255288 -0.00164991
v -0.147268 -0.0487071 0.125474
vn -0.788442 -0.615106 -0.00185508
v -0.147687 -0.0476671 0.102922
vn -0.971597 -0.236639 -0.000693817
v -0.147268 -0.0487071 0.125474
vn -0.788442 -0.615106 -0.00185508
v -0.147687 -0.047748 0.125464
vn -0.966864 -0.255288 -0.00164991
v -0.147268 -0.0487071 0.125474
vn -0.788442 -0.615106 -0.00185508
v -0.147687 -0.0476671 0.102922
vn -0.971597 -0.236639 -0.000693817
v -0.147268 -0.0486963 0.102922
vn -0.797383 -0.603473 -0.000381685
v -0.147268 -0.0486963 0.102922
vn -0.797383 -0.603473 -0.000381685
v -0.14643 -0.0493536 0.125474
vn -0.406943 -0.913453 -0.00113907
v -0.147268 -0.0487071 0.125474
vn -0.788442 -0.615106 -0.00185508
v -0.14643 -0.0493536 0.125474
vn -0.406943 -0.913453 -0.00113907
v -0.147268 -0.0486963 0.102922
vn -0.797383 -0.603473 -0.000381685
v -0.14643 -0.0493481 0.102922
vn -0.409625 -0.912254 -6.0081e-05
v -0.147826 -0.0461436 0.102922
vn -0.999761 -0.0215979 0.00352007
v -0.147687 -0.047748 0.125464
vn -0.966864 -0.255288 -0.00164991
v -0.147826 -0.0464219 0.125432
vn -0.999826 -0.0186049 0.000934158
v -0.147687 -0.047748 0.125464
vn -0.966864 -0.255288 -0.00164991
v -0.147826 -0.0461436 0.102922
vn -0.999761 -0.0215979 0.00352007
v -0.147687 -0.0476671 0.102922
vn -0.971597 -0.236639 -0.000693817
v -0.140287 -0.0181896 0.102477
vn 0.89985 0.412224 0.142622
v -0.143358 -0.0235956 0.125412
vn 0.148334 0.917697 0.36855
v -0.140287 -0.0261357 0.125143
vn 0.856436 0.480988 0.187533
v -0.143358 -0.0235956 0.125412
vn 0.148334 0.917697 0.36855
v -0.140287 -0.0181896 0.102477
vn 0.89985 0.412224 0.142622
v -0.143358 -0.0148527 0.102688
vn 0.160936 0.925488 0.342887
v -0.143358 -0.0259044 0.13051
vn 0.140769 0.890704 0.432239
v -0.140287 -0.0261357 0.125143
vn 0.856436 0.480988 0.187533
v -0.143358 -0.0235956 0.125412
vn 0.148334 0.917697 0.36855
v -0.140287 -0.0261357 0.125143
vn 0.856436 0.480988 0.187533
v -0.143358 -0.0259044 0.13051
vn 0.140769 0.890704 0.432239
v -0.140287 -0.0282787 0.12996
vn 0.84778 0.484019 0.216782
v -0.14643 -0.0248881 0.125362
vn -0.80337 0.552217 0.222831
v -0.143358 -0.0259044 0.13051
vn 0.140769 0.890704 0.432239
v -0.143358 -0.0235956 0.125412
vn 0.148334 0.917697 0.36855
v -0.143358 -0.0259044 0.13051
vn 0.140769 0.890704 0.432239
v -0.14643 -0.0248881 0.125362
vn -0.80337 0.552217 0.222831
v -0.14643 -0.027045 0.130198
vn -0.793832 0.543863 0.27211
v -0.14643 -0.0166778 0.102851
vn -0.844395 0.501067 0.189551
v -0.143358 -0.0235956 0.125412
vn 0.148334 0.917697 0.36855
v -0.143358 -0.0148527 0.102688
vn 0.160936 0.925488 0.342887
v -0.143358 -0.0235956 0.125412
vn 0.148334 0.917697 0.36855
v -0.14643 -0.0166778 0.102851
vn -0.844395 0.501067 0.189551
v -0.14643 -0.0248881 0.125362
vn -0.80337 0.552217 0.222831
v -0.133948 -0.0392956 0.102059
vn 0.362993 0.926647 0.0977821
v -0.0510672 -0.042439 0.123409
vn 0.00214822 0.971015 0.239008
v -0.0510672 -0.0396938 0.102031
vn 0.00240723 0.994925 0.100585
v -0.0510672 -0.042439 0.123409
vn 0.00214822 0.971015 0.239008
v -0.133948 -0.0392956 0.102059
vn 0.362993 0.926647 0.0977821
v -0.133948 -0.0421371 0.123511
vn 0.307673 0.921365 0.237538
v -0.133948 -0.0431911 0.12637
vn 0.288698 0.911334 0.293467
v -0.0510672 -0.042439 0.123409
vn 0.00214822 0.971015 0.239008
v -0.133948 -0.0421371 0.123511
vn 0.307673 0.921365 0.237538
v -0.0510672 -0.042439 0.123409
vn 0.00214822 0.971015 0.239008
v -0.133948 -0.0431911 0.12637
vn 0.288698 0.911334 0.293467
v -0.0510672 -0.0434725 0.1262
vn 0.00192866 0.953263 0.302135
v 0.143358 0.0293189 -0.0149361
vn -0.144711 0.939968 0.309062
v 0.14643 0.0195386 0.0011297
vn 0.931982 0.339926 0.125934
v 0.14643 0.0249126 -0.0139773
vn 0.938786 0.327627 0.106495
v 0.14643 0.0195386 0.0011297
vn 0.931982 0.339926 0.125934
v 0.143358 0.0293189 -0.0149361
vn -0.144711 0.939968 0.309062
v 0.143358 0.0236129 0.000275279
vn -0.164586 0.927247 0.33634
v 0.14643 0.0303285 -0.033617
vn 0.953651 0.299283 0.0313105
v 0.143358 0.0293189 -0.0149361
vn -0.144711 0.939968 0.309062
v 0.14643 0.0249126 -0.0139773
vn 0.938786 0.327627 0.106495
v 0.143358 0.0293189 -0.0149361
vn -0.144711 0.939968 0.309062
v 0.14643 0.0303285 -0.033617
vn 0.953651 0.299283 0.0313105
v 0.143253 0.0358072 -0.0343506
vn 0.263057 0.9361 0.23349
v 0.140287 0.0210176 -0.015895
vn -0.973991 0.201312 0.103998
v 0.143358 0.0236129 0.000275279
vn -0.164586 0.927247 0.33634
v 0.143358 0.0293189 -0.0149361
vn -0.144711 0.939968 0.309062
v 0.143358 0.0236129 0.000275279
vn -0.164586 0.927247 0.33634
v 0.140287 0.0210176 -0.015895
vn -0.973991 0.201312 0.103998
v 0.140287 0.015965 -0.000579156
vn -0.975169 0.210551 0.0686517
v 0.143253 0.0358072 -0.0343506
vn 0.263057 0.9361 0.23349
v 0.140287 0.0210176 -0.015895
vn -0.973991 0.201312 0.103998
v 0.143358 0.0293189 -0.0149361
vn -0.144711 0.939968 0.309062
v 0.140287 0.0210176 -0.015895
vn -0.973991 0.201312 0.103998
v 0.143253 0.0358072 -0.0343506
vn 0.263057 0.9361 0.23349
v 0.139261 0.0342983 -0.0351772
vn -0.342652 0.707102 0.618544
v 0.147268 -0.0486964 -0.0135414
vn 0.824286 -0.566173 -0.000168165
v 0.14643 -0.0493481 -0.0332849
vn 0.411097 -0.911494 -0.0133232
v 0.147268 -0.0486964 -0.0332849
vn 0.827579 -0.561027 -0.0190526
v 0.14643 -0.0493481 -0.0332849
vn 0.411097 -0.911494 -0.0133232
v 0.147268 -0.0486964 -0.0135414
vn 0.824286 -0.566173 -0.000168165
v 0.14643 -0.0493481 -0.0135414
vn 0.409653 -0.912241 4.26303e-08
v 0.147687 -0.0472687 -0.0332849
vn 0.98567 -0.16729 -0.0216505
v 0.147268 -0.0486964 -0.0135414
vn 0.824286 -0.566173 -0.000168165
v 0.147268 -0.0486964 -0.0332849
vn 0.827579 -0.561027 -0.0190526
v 0.147268 -0.0486964 -0.0135414
vn 0.824286 -0.566173 -0.000168165
v 0.147687 -0.0472687 -0.0332849
vn 0.98567 -0.16729 -0.0216505
v 0.147687 -0.0473145 -0.0135414
vn 0.984857 -0.173369 -0.000255939
v 0.147268 -0.0486964 -0.0135414
vn 0.824286 -0.566173 -0.000168165
v 0.14643 -0.0493481 0.00151809
vn 0.409649 -0.912243 3.98107e-08
v 0.14643 -0.0493481 -0.0135414
vn 0.409653 -0.912241 4.26303e-08
v 0.14643 -0.0493481 0.00151809
vn 0.409649 -0.912243 3.98107e-08
v 0.147268 -0.0486964 -0.0135414
vn 0.824286 -0.566173 -0.000168165
v 0.147268 -0.0486964 0.00151808
vn 0.821543 -0.570146 -0.000450721
v 0.147687 -0.0473145 -0.0135414
vn 0.984857 -0.173369 -0.000255939
v 0.147268 -0.0486964 0.00151808
vn 0.821543 -0.570146 -0.000450721
v 0.147268 -0.0486964 -0.0135414
vn 0.824286 -0.566173 -0.000168165
v 0.147268 -0.0486964 0.00151808
vn 0.821543 -0.570146 -0.000450721
v 0.147687 -0.0473145 -0.0135414
vn 0.984857 -0.173369 -0.000255939
v 0.147687 -0.04736 0.00151809
vn 0.983779 -0.179381 -0.000781168
v 0.147826 -0.0447338 -0.0135414
vn 0.999851 -0.0172682 0.000228909
v 0.147687 -0.04736 0.00151809
vn 0.983779 -0.179381 -0.000781168
v 0.147687 -0.0473145 -0.0135414
vn 0.984857 -0.173369 -0.000255939
v 0.147687 -0.04736 0.00151809
vn 0.983779 -0.179381 -0.000781168
v 0.147826 -0.0447338 -0.0135414
vn 0.999851 -0.0172682 0.000228909
v 0.147826 -0.0449159 0.00151808
vn 0.999837 -0.0180356 3.39518e-05
v 0.14643 0.0249126 -0.0139773
vn 0.938786 0.327627 0.106495
v 0.147826 -0.0449159 0.00151808
vn 0.999837 -0.0180356 3.39518e-05
v 0.147826 -0.0447338 -0.0135414
vn 0.999851 -0.0172682 0.000228909
v 0.147826 -0.0449159 0.00151808
vn 0.999837 -0.0180356 3.39518e-05
v 0.14643 0.0249126 -0.0139773
vn 0.938786 0.327627 0.106495
v 0.14643 0.0195386 0.0011297
vn 0.931982 0.339926 0.125934
v 0.14643 0.0303285 -0.033617
vn 0.953651 0.299283 0.0313105
v 0.147826 -0.0447338 -0.0135414
vn 0.999851 -0.0172682 0.000228909
v 0.147826 -0.0445502 -0.0332849
vn 0.999626 -0.0164644 -0.0218381
v 0.147826 -0.0447338 -0.0135414
vn 0.999851 -0.0172682 0.000228909
v 0.14643 0.0303285 -0.033617
vn 0.953651 0.299283 0.0313105
v 0.14643 0.0249126 -0.0139773
vn 0.938786 0.327627 0.106495
v 0.147826 -0.0447338 -0.0135414
vn 0.999851 -0.0172682 0.000228909
v 0.147687 -0.0472687 -0.0332849
vn 0.98567 -0.16729 -0.0216505
v 0.147826 -0.0445502 -0.0332849
vn 0.999626 -0.0164644 -0.0218381
v 0.147687 -0.0472687 -0.0332849
vn 0.98567 -0.16729 -0.0216505
v 0.147826 -0.0447338 -0.0135414
vn 0.999851 -0.0172682 0.000228909
v 0.147687 -0.0473145 -0.0135414
vn 0.984857 -0.173369 -0.000255939
v 0.14326 -0.0499348 -0.0135414
vn 0.0995966 -0.995028 4.31962e-08
v 0.14643 -0.0493481 -0.0332849
vn 0.411097 -0.911494 -0.0133232
v 0.14643 -0.0493481 -0.0135414
vn 0.409653 -0.912241 4.26303e-08
v 0.14643 -0.0493481 -0.0332849
vn 0.411097 -0.911494 -0.0133232
v 0.14326 -0.0499348 -0.0135414
vn 0.0995966 -0.995028 4.31962e-08
v 0.14326 -0.0499348 -0.0332849
vn 0.0996897 -0.994967 -0.010147
v 0.14326 -0.0499348 -0.0135414
vn 0.0995966 -0.995028 4.31962e-08
v 0.139306 -0.05 -0.0332849
vn 0.0081963 -0.999915 -0.0101329
v 0.14326 -0.0499348 -0.0332849
vn 0.0996897 -0.994967 -0.010147
v 0.139306 -0.05 -0.0332849
vn 0.0081963 -0.999915 -0.0101329
v 0.14326 -0.0499348 -0.0135414
vn 0.0995966 -0.995028 4.31962e-08
v 0.139306 -0.05 -0.0135414
vn 0.00824061 -0.999966 4.36351e-08
v 0.14326 -0.0499348 0.00151809
vn 0.0995969 -0.995028 4.37801e-08
v 0.139306 -0.05 -0.0135414
vn 0.00824061 -0.999966 4.36351e-08
v 0.14326 -0.0499348 -0.0135414
vn 0.0995966 -0.995028 4.31962e-08
v 0.139306 -0.05 -0.0135414
vn 0.00824061 -0.999966 4.36351e-08
v 0.14326 -0.0499348 0.00151809
vn 0.0995969 -0.995028 4.37801e-08
v 0.139306 -0.05 0.00151809
vn 0.00824057 -0.999966 4.36688e-08
v 0.14643 -0.0493481 0.00151809
vn 0.409649 -0.912243 3.98107e-08
v 0.14326 -0.0499348 -0.0135414
vn 0.0995966 -0.995028 4.31962e-08
v 0.14643 -0.0493481 -0.0135414
vn 0.409653 -0.912241 4.26303e-08
v 0.14326 -0.0499348 -0.0135414
vn 0.0995966 -0.995028 4.31962e-08
v 0.14643 -0.0493481 0.00151809
vn 0.409649 -0.912243 3.98107e-08
v 0.14326 -0.0499348 0.00151809
vn 0.0995969 -0.995028 4.37801e-08
v 0.0510672 -0.05 -0.0135414
vn 0 -1 4.37114e-08
v -0.0510672 -0.05 0.00151808
vn 8.92579e-17 -1 4.37114e-08
v -0.0510672 -0.05 -0.0135414
vn 0 -1 4.37114e-08
v -0.0510672 -0.05 0.00151808
vn 8.92579e-17 -1 4.37114e-08
v 0.0510672 -0.05 -0.0135414
vn 0 -1 4.37114e-08
v 0.0510672 -0.05 0.00151808
vn 0 -1 4.37114e-08
v 0.0510672 -0.05 -0.0332849
vn 0 -0.999948 -0.0101747
v -0.0510672 -0.05 -0.0135414
vn 0 -1 4.37114e-08
v -0.0510672 -0.05 -0.0332849
vn 0 -0.999948 -0.0101747
v -0.0510672 -0.05 -0.0135414
vn 0 -1 4.37114e-08
v 0.0510672 -0.05 -0.0332849
vn 0 -0.999948 -0.0101747
v 0.0510672 -0.05 -0.0135414
vn 0 -1 4.37114e-08
v -0.14326 -0.0499348 -0.0135414
vn -0.0995921 -0.995028 4.3276e-08
v -0.14643 -0.0493481 0.00151809
vn -0.409645 -0.912245 -2.85865e-07
v -0.14643 -0.0493481 -0.0135414
vn -0.409643 -0.912246 3.99326e-08
v -0.14643 -0.0493481 0.00151809
vn -0.409645 -0.912245 -2.85865e-07
v -0.14326 -0.0499348 -0.0135414
vn -0.0995921 -0.995028 4.3276e-08
v -0.14326 -0.0499348 0.00151809
vn -0.0995915 -0.995028 -3.07356e-07
v -0.14643 -0.0493481 -0.0332849
vn -0.411099 -0.911493 -0.0133232
v -0.14326 -0.0499348 -0.0135414
vn -0.0995921 -0.995028 4.3276e-08
v -0.14643 -0.0493481 -0.0135414
vn -0.409643 -0.912246 3.99326e-08
v -0.14326 -0.0499348 -0.0135414
vn -0.0995921 -0.995028 4.3276e-08
v -0.14643 -0.0493481 -0.0332849
vn -0.411099 -0.911493 -0.0133232
v -0.14326 -0.0499348 -0.0332849
vn -0.0996843 -0.994967 -0.0101454
v -0.139306 -0.05 -0.0135414
vn -0.00824102 -0.999966 3.94094e-08
v -0.14326 -0.0499348 0.00151809
vn -0.0995915 -0.995028 -3.07356e-07
v -0.14326 -0.0499348 -0.0135414
vn -0.0995921 -0.995028 4.3276e-08
v -0.14326 -0.0499348 0.00151809
vn -0.0995915 -0.995028 -3.07356e-07
v -0.139306 -0.05 -0.0135414
vn -0.00824102 -0.999966 3.94094e-08
v -0.139306 -0.05 0.00151809
vn -0.00824095 -0.999966 4.36698e-08
v -0.14326 -0.0499348 -0.0332849
vn -0.0996843 -0.994967 -0.0101454
v -0.139306 -0.05 -0.0135414
vn -0.00824102 -0.999966 3.94094e-08
v -0.14326 -0.0499348 -0.0135414
vn -0.0995921 -0.995028 4.3276e-08
v -0.139306 -0.05 -0.0135414
vn -0.00824102 -0.999966 3.94094e-08
v -0.14326 -0.0499348 -0.0332849
vn -0.0996843 -0.994967 -0.0101454
v -0.139306 -0.05 -0.0332849
vn -0.00819616 -0.999915 -0.0101328
v -0.147826 -0.0447338 -0.0135414
vn -0.999861 -0.016691 0.00018495
v -0.147687 -0.04736 0.00151809
vn -0.983769 -0.179437 -0.000439336
v -0.147826 -0.0449159 0.00151808
vn -0.999842 -0.0177778 -9.44575e-05
v -0.147687 -0.04736 0.00151809
vn -0.983769 -0.179437 -0.000439336
v -0.147826 -0.0447338 -0.0135414
vn -0.999861 -0.016691 0.00018495
v -0.147687 -0.0473145 -0.0135414
vn -0.984867 -0.173313 -0.000342251
v -0.147826 -0.0445502 -0.0332849
vn -0.999636 -0.0161377 -0.0215939
v -0.147687 -0.0473145 -0.0135414
vn -0.984867 -0.173313 -0.000342251
v -0.147826 -0.0447338 -0.0135414
vn -0.999861 -0.016691 0.00018495
v -0.147687 -0.0473145 -0.0135414
vn -0.984867 -0.173313 -0.000342251
v -0.147826 -0.0445502 -0.0332849
vn -0.999636 -0.0161377 -0.0215939
v -0.147687 -0.0472687 -0.0332849
vn -0.985682 -0.167232 -0.0215677
v -0.147687 -0.0473145 -0.0135414
vn -0.984867 -0.173313 -0.000342251
v -0.147268 -0.0486964 0.00151808
vn -0.82163 -0.570021 -0.000222249
v -0.147687 -0.04736 0.00151809
vn -0.983769 -0.179437 -0.000439336
v -0.147268 -0.0486964 0.00151808
vn -0.82163 -0.570021 -0.000222249
v -0.147687 -0.0473145 -0.0135414
vn -0.984867 -0.173313 -0.000342251
v -0.147268 -0.0486964 -0.0135414
vn -0.824282 -0.566179 -0.000168168
v -0.147268 -0.0486964 -0.0135414
vn -0.824282 -0.566179 -0.000168168
v -0.14643 -0.0493481 0.00151809
vn -0.409645 -0.912245 -2.85865e-07
v -0.147268 -0.0486964 0.00151808
vn -0.82163 -0.570021 -0.000222249
v -0.14643 -0.0493481 0.00151809
vn -0.409645 -0.912245 -2.85865e-07
v -0.147268 -0.0486964 -0.0135414
vn -0.824282 -0.566179 -0.000168168
v -0.14643 -0.0493481 -0.0135414
vn -0.409643 -0.912246 3.99326e-08
v -0.147268 -0.0486964 -0.0332849
vn -0.827582 -0.561021 -0.0190525
v -0.14643 -0.0493481 -0.0135414
vn -0.409643 -0.912246 3.99326e-08
v -0.147268 -0.0486964 -0.0135414
vn -0.824282 -0.566179 -0.000168168
v -0.14643 -0.0493481 -0.0135414
vn -0.409643 -0.912246 3.99326e-08
v -0.147268 -0.0486964 -0.0332849
vn -0.827582 -0.561021 -0.0190525
v -0.14643 -0.0493481 -0.0332849
vn -0.411099 -0.911493 -0.0133232
v -0.147687 -0.0472687 -0.0332849
vn -0.985682 -0.167232 -0.0215677
v -0.147268 -0.0486964 -0.0135414
vn -0.824282 -0.566179 -0.000168168
v -0.147687 -0.0473145 -0.0135414
vn -0.984867 -0.173313 -0.000342251
v -0.147268 -0.0486964 -0.0135414
vn -0.824282 -0.566179 -0.000168168
v -0.147687 -0.0472687 -0.0332849
vn -0.985682 -0.167232 -0.0215677
v -0.147268 -0.0486964 -0.0332849
vn -0.827582 -0.561021 -0.0190525
v -0.139261 0.0342983 -0.0351772
vn 0.471049 0.682391 0.558978
v -0.143358 0.0293189 -0.0149361
vn 0.107499 0.919368 0.378426
v -0.140287 0.0210176 -0.015895
vn 0.977096 0.180465 0.112765
v -0.143358 0.0293189 -0.0149361
vn 0.107499 0.919368 0.378426
v -0.139261 0.0342983 -0.0351772
vn 0.471049 0.682391 0.558978
v -0.143253 0.0358072 -0.0343506
vn -0.352638 0.911053 0.21361
v -0.143358 0.0293189 -0.0149361
vn 0.107499 0.919368 0.378426
v -0.140287 0.015965 -0.000579156
vn 0.975036 0.210478 0.0707385
v -0.140287 0.0210176 -0.015895
vn 0.977096 0.180465 0.112765
v -0.140287 0.015965 -0.000579156
vn 0.975036 0.210478 0.0707385
v -0.143358 0.0293189 -0.0149361
vn 0.107499 0.919368 0.378426
v -0.143358 0.0236129 0.000275279
vn 0.15812 0.92821 0.336786
v -0.14643 0.0303285 -0.033617
vn -0.953746 0.298969 0.031399
v -0.143358 0.0293189 -0.0149361
vn 0.107499 0.919368 0.378426
v -0.143253 0.0358072 -0.0343506
vn -0.352638 0.911053 0.21361
v -0.143358 0.0293189 -0.0149361
vn 0.107499 0.919368 0.378426
v -0.14643 0.0303285 -0.033617
vn -0.953746 0.298969 0.031399
v -0.14643 0.0249126 -0.0139773
vn -0.937878 0.328981 0.110256
v -0.14643 0.0249126 -0.0139773
vn -0.937878 0.328981 0.110256
v -0.143358 0.0236129 0.000275279
vn 0.15812 0.92821 0.336786
v -0.143358 0.0293189 -0.0149361
vn 0.107499 0.919368 0.378426
v -0.143358 0.0236129 0.000275279
vn 0.15812 0.92821 0.336786
v -0.14643 0.0249126 -0.0139773
vn -0.937878 0.328981 0.110256
v -0.14643 0.0195386 0.0011297
vn -0.931895 0.340807 0.124185
v 0.0510672 -0.0323882 -0.0163308
vn -0.00501094 0.935069 0.354431
v -0.0510672 -0.0208722 -0.0308708
vn 0.00296833 0.479198 0.877702
v -0.0510672 -0.0323882 -0.0163308
vn 0.00557287 0.935033 0.354518
v -0.0510672 -0.0208722 -0.0308708
vn 0.00296833 0.479198 0.877702
v 0.0510672 -0.0323882 -0.0163308
vn -0.00501094 0.935069 0.354431
v 0.0510672 -0.0208722 -0.0308708
vn -0.00260491 0.478987 0.877818
v 0.0510672 -0.0332457 -0.000967529
vn -0.00548946 0.998431 0.055726
v -0.0510672 -0.0323882 -0.0163308
vn 0.00557287 0.935033 0.354518
v -0.0510672 -0.0332457 -0.000967529
vn 0.00539576 0.998411 0.0560983
v -0.0510672 -0.0323882 -0.0163308
vn 0.00557287 0.935033 0.354518
v 0.0510672 -0.0332457 -0.000967529
vn -0.00548946 0.998431 0.055726
v 0.0510672 -0.0323882 -0.0163308
vn -0.00501094 0.935069 0.354431
v 0.140287 -0.0281824 0.130048
vn -0.836935 0.494469 0.234607
v 0.137351 -0.0450846 0.138174
vn -0.708013 0.694467 0.128194
v 0.139175 -0.0458704 0.163934
vn -0.329927 0.898721 0.288876
v 0.137351 -0.0450846 0.138174
vn -0.708013 0.694467 0.128194
v 0.140287 -0.0281824 0.130048
vn -0.836935 0.494469 0.234607
v 0.13791 -0.0402347 0.12742
vn -0.845663 0.503629 0.176669
v -0.14643 -0.0470833 0.163411
vn -0.908362 0.327119 0.260523
v -0.14643 -0.027045 0.130198
vn -0.793832 0.543863 0.27211
v -0.147826 -0.0464952 0.13045
vn -0.999679 -0.0159427 0.0196999
v -0.14643 0.0303285 -0.033617
vn -0.953746 0.298969 0.031399
v -0.147687 -0.0445177 -0.0364872
vn -0.995475 -0.016314 -0.0936077
v -0.147826 -0.0445502 -0.0332849
vn -0.999636 -0.0161377 -0.0215939
v -0.147687 -0.0445177 -0.0364872
vn -0.995475 -0.016314 -0.0936077
v -0.14643 0.0303285 -0.033617
vn -0.953746 0.298969 0.031399
v -0.146331 0.0301604 -0.0365999
vn -0.954932 0.268541 -0.126451
v -0.146331 0.0301604 -0.0365999
vn -0.954932 0.268541 -0.126451
v -0.147268 -0.0444354 -0.0393811
vn -0.969017 -0.0172932 -0.246386
v -0.147687 -0.0445177 -0.0364872
vn -0.995475 -0.016314 -0.0936077
v -0.147268 -0.0444354 -0.0393811
vn -0.969017 -0.0172932 -0.246386
v -0.146331 0.0301604 -0.0365999
vn -0.954932 0.268541 -0.126451
v -0.146034 0.0292158 -0.0390144
vn -0.925284 0.220195 -0.308809
v -0.146034 0.0292158 -0.0390144
vn -0.925284 0.220195 -0.308809
v -0.14643 -0.0442743 -0.0416643
vn -0.778987 -0.0215377 -0.62667
v -0.147268 -0.0444354 -0.0393811
vn -0.969017 -0.0172932 -0.246386
v -0.14643 -0.0442743 -0.0416643
vn -0.778987 -0.0215377 -0.62667
v -0.146034 0.0292158 -0.0390144
vn -0.925284 0.220195 -0.308809
v -0.145634 0.0279386 -0.0404845
vn -0.785727 0.0932027 -0.611512
v 0.140287 -0.0281824 0.130048
vn -0.836935 0.494469 0.234607
v 0.13791 -0.039091 0.124125
vn -0.85428 0.502666 0.132414
v 0.13791 -0.0402347 0.12742
vn -0.845663 0.503629 0.176669
v 0.13791 -0.039091 0.124125
vn -0.85428 0.502666 0.132414
v 0.140287 -0.0281824 0.130048
vn -0.836935 0.494469 0.234607
v 0.140287 -0.0260609 0.125211
vn -0.850157 0.487603 0.198685
v 0.13791 -0.039091 0.124125
vn -0.85428 0.502666 0.132414
v 0.140287 -0.0181657 0.102499
vn -0.897481 0.418502 0.139226
v 0.13791 -0.0356055 0.102227
vn -0.886112 0.459312 0.0619507
v 0.140287 -0.0181657 0.102499
vn -0.897481 0.418502 0.139226
v 0.13791 -0.039091 0.124125
vn -0.85428 0.502666 0.132414
v 0.140287 -0.0260609 0.125211
vn -0.850157 0.487603 0.198685
v -0.13791 -0.0357116 0.10213
vn 0.884549 0.462728 0.0587914
v -0.140287 -0.0261357 0.125143
vn 0.856436 0.480988 0.187533
v -0.13791 -0.0394198 0.123824
vn 0.849613 0.50902 0.138045
v -0.140287 -0.0261357 0.125143
vn 0.856436 0.480988 0.187533
v -0.13791 -0.0357116 0.10213
vn 0.884549 0.462728 0.0587914
v -0.140287 -0.0181896 0.102477
vn 0.89985 0.412224 0.142622
v -0.140287 -0.0261357 0.125143
vn 0.856436 0.480988 0.187533
v -0.13791 -0.0406589 0.127034
vn 0.830127 0.529641 0.174266
v -0.13791 -0.0394198 0.123824
vn 0.849613 0.50902 0.138045
v -0.13791 -0.0406589 0.127034
vn 0.830127 0.529641 0.174266
v -0.140287 -0.0261357 0.125143
vn 0.856436 0.480988 0.187533
v -0.140287 -0.0282787 0.12996
vn 0.84778 0.484019 0.216782
v -0.137351 -0.0452492 0.138044
vn 0.690034 0.711627 0.132061
v -0.140287 -0.0282787 0.12996
vn 0.84778 0.484019 0.216782
v -0.139175 -0.0458867 0.163923
vn 0.337426 0.897227 0.284828
v -0.140287 -0.0282787 0.12996
vn 0.84778 0.484019 0.216782
v -0.137351 -0.0452492 0.138044
vn 0.690034 0.711627 0.132061
v -0.13791 -0.0406589 0.127034
vn 0.830127 0.529641 0.174266
v -0.14643 -0.027045 0.130198
vn -0.793832 0.543863 0.27211
v -0.147826 -0.0464219 0.125432
vn -0.999826 -0.0186049 0.000934158
v -0.147826 -0.0464952 0.13045
vn -0.999679 -0.0159427 0.0196999
v -0.147826 -0.0464219 0.125432
vn -0.999826 -0.0186049 0.000934158
v -0.14643 -0.027045 0.130198
vn -0.793832 0.543863 0.27211
v -0.14643 -0.0248881 0.125362
vn -0.80337 0.552217 0.222831
v -0.14643 -0.0248881 0.125362
vn -0.80337 0.552217 0.222831
v -0.147826 -0.0461436 0.102922
vn -0.999761 -0.0215979 0.00352007
v -0.147826 -0.0464219 0.125432
vn -0.999826 -0.0186049 0.000934158
v -0.147826 -0.0461436 0.102922
vn -0.999761 -0.0215979 0.00352007
v -0.14643 -0.0248881 0.125362
vn -0.80337 0.552217 0.222831
v -0.14643 -0.0166778 0.102851
vn -0.844395 0.501067 0.189551
v 0.140287 0.015965 -0.000579156
vn -0.975169 0.210551 0.0686517
v 0.13791 -0.0224983 -0.0163308
vn -0.959356 0.231382 0.161549
v 0.13791 -0.0241326 -0.000967524
vn -0.967866 0.250267 0.0245217
v 0.13791 -0.0224983 -0.0163308
vn -0.959356 0.231382 0.161549
v 0.140287 0.015965 -0.000579156
vn -0.975169 0.210551 0.0686517
v 0.140287 0.0210176 -0.015895
vn -0.973991 0.201312 0.103998
v -0.140287 0.0210176 -0.015895
vn 0.977096 0.180465 0.112765
v -0.13791 -0.0241326 -0.000967524
vn 0.966995 0.253667 0.0239604
v -0.13791 -0.0224983 -0.0163308
vn 0.95951 0.23309 0.158145
v -0.13791 -0.0241326 -0.000967524
vn 0.966995 0.253667 0.0239604
v -0.140287 0.0210176 -0.015895
vn 0.977096 0.180465 0.112765
v -0.140287 0.015965 -0.000579156
vn 0.975036 0.210478 0.0707385
v -0.14643 0.0195386 0.0011297
vn -0.931895 0.340807 0.124185
v -0.147826 -0.0447338 -0.0135414
vn -0.999861 -0.016691 0.00018495
v -0.147826 -0.0449159 0.00151808
vn -0.999842 -0.0177778 -9.44575e-05
v -0.147826 -0.0447338 -0.0135414
vn -0.999861 -0.016691 0.00018495
v -0.14643 0.0195386 0.0011297
vn -0.931895 0.340807 0.124185
v -0.14643 0.0249126 -0.0139773
vn -0.937878 0.328981 0.110256
v -0.14643 0.0249126 -0.0139773
vn -0.937878 0.328981 0.110256
v -0.147826 -0.0445502 -0.0332849
vn -0.999636 -0.0161377 -0.0215939
v -0.147826 -0.0447338 -0.0135414
vn -0.999861 -0.016691 0.00018495
v -0.147826 -0.0445502 -0.0332849
vn -0.999636 -0.0161377 -0.0215939
v -0.14643 0.0249126 -0.0139773
vn -0.937878 0.328981 0.110256
v -0.14643 0.0303285 -0.033617
vn -0.953746 0.298969 0.031399
v -0.13408 0.0329148 -0.03593
vn 0.138875 0.433163 0.890552
v -0.0510672 -0.0208722 -0.0308708
vn 0.00296833 0.479198 0.877702
v -0.0510672 0.0327393 -0.0360383
vn 0.00104267 0.383278 0.923632
v -0.0510672 -0.0208722 -0.0308708
vn 0.00296833 0.479198 0.877702
v -0.13408 0.0329148 -0.03593
vn 0.138875 0.433163 0.890552
v -0.133891 -0.0201349 -0.0307594
vn 0.52911 0.390299 0.753465
v 0.0510672 -0.0208722 -0.0308708
vn -0.00260491 0.478987 0.877818
v -0.0510672 0.0327393 -0.0360383
vn 0.00104267 0.383278 0.923632
v -0.0510672 -0.0208722 -0.0308708
vn 0.00296833 0.479198 0.877702
v -0.0510672 0.0327393 -0.0360383
vn 0.00104267 0.383278 0.923632
v 0.0510672 -0.0208722 -0.0308708
vn -0.00260491 0.478987 0.877818
v 0.0510672 0.0327393 -0.0360383
vn -0.00104268 0.383278 0.923632
v 0.133891 -0.0458506 0.13633
vn -0.158251 0.96864 0.191557
v 0.0510672 -0.0434725 0.1262
vn -0.00309772 0.953033 0.30285
v 0.0510672 -0.0460217 0.135816
vn -0.00152341 0.986754 0.162214
v 0.0510672 -0.0434725 0.1262
vn -0.00309772 0.953033 0.30285
v 0.133891 -0.0458506 0.13633
vn -0.158251 0.96864 0.191557
v 0.133948 -0.0428923 0.126643
vn -0.291322 0.905525 0.308475
v 0.134088 -0.0493912 0.169712
vn 8.6251e-05 -0.981608 0.19091
v 0.0510672 -0.0489913 0.171059
vn -0.000758483 -0.0250575 0.999686
v 0.0510672 -0.0493912 0.169712
vn -3.16798e-08 -0.983493 0.180944
v 0.0510672 -0.0489913 0.171059
vn -0.000758483 -0.0250575 0.999686
v 0.134088 -0.0493912 0.169712
vn 8.6251e-05 -0.981608 0.19091
v 0.134086 -0.0489656 0.171046
vn -0.0129929 -0.0386914 0.999167
v 0.134088 -0.0496957 0.16568
vn 5.75184e-07 -0.999117 0.0420108
v 0.0510672 -0.0493912 0.169712
vn -3.16798e-08 -0.983493 0.180944
v 0.0510672 -0.0496957 0.165679
vn -3.36387e-08 -0.999117 0.0420089
v 0.0510672 -0.0493912 0.169712
vn -3.16798e-08 -0.983493 0.180944
v 0.134088 -0.0496957 0.16568
vn 5.75184e-07 -0.999117 0.0420108
v 0.134088 -0.0493912 0.169712
vn 8.6251e-05 -0.981608 0.19091
v 0.13408 -0.0484189 0.16967
vn -0.0384728 0.961406 0.272429
v 0.0510672 -0.0480089 0.165712
vn -0.000888504 0.995304 0.0967967
v 0.0510672 -0.0485217 0.169725
vn -0.00052599 0.973034 0.230663
v 0.0510672 -0.0480089 0.165712
vn -0.000888504 0.995304 0.0967967
v 0.13408 -0.0484189 0.16967
vn -0.0384728 0.961406 0.272429
v 0.134059 -0.0478298 0.165601
vn -0.124669 0.982836 0.135978
v 0.13408 -0.0484189 0.16967
vn -0.0384728 0.961406 0.272429
v 0.0510672 -0.0489913 0.171059
vn -0.000758483 -0.0250575 0.999686
v 0.134086 -0.0489656 0.171046
vn -0.0129929 -0.0386914 0.999167
v 0.0510672 -0.0489913 0.171059
vn -0.000758483 -0.0250575 0.999686
v 0.13408 -0.0484189 0.16967
vn -0.0384728 0.961406 0.272429
v 0.0510672 -0.0485217 0.169725
vn -0.00052599 0.973034 0.230663
v 0.134088 -0.05 0.130618
vn -3.26139e-09 -0.999991 0.00433964
v 0.0510672 -0.0496957 0.165679
vn -3.36387e-08 -0.999117 0.0420089
v 0.0510672 -0.05 0.130618
vn 0 -0.999991 0.00433967
v 0.0510672 -0.0496957 0.165679
vn -3.36387e-08 -0.999117 0.0420089
v 0.134088 -0.05 0.130618
vn -3.26139e-09 -0.999991 0.00433964
v 0.134088 -0.0496957 0.16568
vn 5.75184e-07 -0.999117 0.0420108
v 0.134088 -0.05 0.102922
vn 0 -1 4.37113e-08
v 0.0510672 -0.05 0.125474
vn 0 -1 4.37114e-08
v 0.0510672 -0.05 0.102922
vn 0 -1 4.37114e-08
v 0.0510672 -0.05 0.125474
vn 0 -1 4.37114e-08
v 0.134088 -0.05 0.102922
vn 0 -1 4.37113e-08
v 0.134088 -0.05 0.125474
vn 0 -1 4.37114e-08
v 0.134088 -0.05 0.130618
vn -3.26139e-09 -0.999991 0.00433964
v 0.0510672 -0.05 0.125474
vn 0 -1 4.37114e-08
v 0.134088 -0.05 0.125474
vn 0 -1 4.37114e-08
v 0.0510672 -0.05 0.125474
vn 0 -1 4.37114e-08
v 0.134088 -0.05 0.130618
vn -3.26139e-09 -0.999991 0.00433964
v 0.0510672 -0.05 0.130618
vn 0 -0.999991 0.00433967
v 0.134088 -0.05 -0.0332849
vn 0 -0.999948 -0.0101747
v 0.0510672 -0.05 -0.0135414
vn 0 -1 4.37114e-08
v 0.0510672 -0.05 -0.0332849
vn 0 -0.999948 -0.0101747
v 0.0510672 -0.05 -0.0135414
vn 0 -1 4.37114e-08
v 0.134088 -0.05 -0.0332849
vn 0 -0.999948 -0.0101747
v 0.134088 -0.05 -0.0135414
vn 0 -1 4.37113e-08
v 0.134088 -0.05 -0.0135414
vn 0 -1 4.37113e-08
v 0.0510672 -0.05 0.00151808
vn 0 -1 4.37114e-08
v 0.0510672 -0.05 -0.0135414
vn 0 -1 4.37114e-08
v 0.0510672 -0.05 0.00151808
vn 0 -1 4.37114e-08
v 0.134088 -0.05 -0.0135414
vn 0 -1 4.37113e-08
v 0.134088 -0.05 0.00151809
vn 0 -1 4.37114e-08
v 0.134088 -0.0497393 -0.0393811
vn 0 -0.992978 -0.118302
v 0.0510672 -0.0499348 -0.0364872
vn 0 -0.999036 -0.0438902
v 0.0510672 -0.0497393 -0.0393811
vn 0 -0.992978 -0.118302
v 0.0510672 -0.0499348 -0.0364872
vn 0 -0.999036 -0.0438902
v 0.134088 -0.0497393 -0.0393811
vn 0 -0.992978 -0.118302
v 0.134088 -0.0499348 -0.0364872
vn 0 -0.999036 -0.0438902
v 0.134088 -0.0493481 -0.0416643
vn 0 -0.953285 -0.302072
v 0.0510672 -0.0497393 -0.0393811
vn 0 -0.992978 -0.118302
v 0.0510672 -0.0493481 -0.0416643
vn 0 -0.953285 -0.302073
v 0.0510672 -0.0497393 -0.0393811
vn 0 -0.992978 -0.118302
v 0.134088 -0.0493481 -0.0416643
vn 0 -0.953285 -0.302072
v 0.134088 -0.0497393 -0.0393811
vn 0 -0.992978 -0.118302
v 0.134088 -0.05 -0.0332849
vn 0 -0.999948 -0.0101747
v 0.0510672 -0.0499348 -0.0364872
vn 0 -0.999036 -0.0438902
v 0.134088 -0.0499348 -0.0364872
vn 0 -0.999036 -0.0438902
v 0.0510672 -0.0499348 -0.0364872
vn 0 -0.999036 -0.0438902
v 0.134088 -0.05 -0.0332849
vn 0 -0.999948 -0.0101747
v 0.0510672 -0.05 -0.0332849
vn 0 -0.999948 -0.0101747
v 0.134088 -0.0428497 -0.0439476
vn -0.00019594 -0.0160939 -0.99987
v 0.0510672 -0.0468455 -0.0437192
vn 1.39528e-06 -0.204365 -0.978895
v 0.0510672 -0.0428578 -0.0439476
vn 0.0226503 -0.0534316 -0.998314
v 0.0510672 -0.0468455 -0.0437192
vn 1.39528e-06 -0.204365 -0.978895
v 0.134088 -0.0428497 -0.0439476
vn -0.00019594 -0.0160939 -0.99987
v 0.134088 -0.0468436 -0.0437192
vn -0.00148216 -0.203906 -0.978989
v 0.134088 -0.0486964 -0.0430343
vn -0.000840036 -0.675061 -0.737762
v 0.0510672 -0.0493481 -0.0416643
vn 0 -0.953285 -0.302073
v 0.0510672 -0.0486964 -0.0430343
vn 0 -0.674728 -0.738066
v 0.0510672 -0.0493481 -0.0416643
vn 0 -0.953285 -0.302073
v 0.134088 -0.0486964 -0.0430343
vn -0.000840036 -0.675061 -0.737762
v 0.134088 -0.0493481 -0.0416643
vn 0 -0.953285 -0.302072
v 0.134088 -0.0486964 -0.0430343
vn -0.000840036 -0.675061 -0.737762
v 0.0510672 -0.0468455 -0.0437192
vn 1.39528e-06 -0.204365 -0.978895
v 0.134088 -0.0468436 -0.0437192
vn -0.00148216 -0.203906 -0.978989
v 0.0510672 -0.0468455 -0.0437192
vn 1.39528e-06 -0.204365 -0.978895
v 0.134088 -0.0486964 -0.0430343
vn -0.000840036 -0.675061 -0.737762
v 0.0510672 -0.0486964 -0.0430343
vn 0 -0.674728 -0.738066
v 0.13408 0.0329148 -0.03593
vn -0.163928 0.407715 0.898274
v 0.0507078 0.0358229 -0.0385885
vn -0.00029409 0.857622 0.514281
v 0.0510672 0.0327393 -0.0360383
vn -0.00104268 0.383278 0.923632
v 0.0507078 0.0358229 -0.0385885
vn -0.00029409 0.857622 0.514281
v 0.13408 0.0329148 -0.03593
vn -0.163928 0.407715 0.898274
v 0.134086 0.0357704 -0.0381523
vn -0.074008 0.87353 0.481112
v 0.134088 0.036125 -0.0403372
vn 0.0126879 0.968237 -0.249711
v 0.0491779 0.03543 -0.0452562
vn 0.104333 0.622309 -0.775787
v 0.0401971 0.0365103 -0.0419251
vn 0.0277976 0.998846 0.0391691
v 0.0491779 0.03543 -0.0452562
vn 0.104333 0.622309 -0.775787
v 0.134088 0.036125 -0.0403372
vn 0.0126879 0.968237 -0.249711
v 0.134088 0.034781 -0.0421424
vn 0.0356418 0.461202 -0.886579
v 0.134088 0.036125 -0.0403372
vn 0.0126879 0.968237 -0.249711
v 0.0507078 0.0358229 -0.0385885
vn -0.00029409 0.857622 0.514281
v 0.134086 0.0357704 -0.0381523
vn -0.074008 0.87353 0.481112
v 0.0507078 0.0358229 -0.0385885
vn -0.00029409 0.857622 0.514281
v 0.134088 0.036125 -0.0403372
vn 0.0126879 0.968237 -0.249711
v 0.0401971 0.0365103 -0.0419251
vn 0.0277976 0.998846 0.0391691
v 0.13408 0.0329148 -0.03593
vn -0.163928 0.407715 0.898274
v 0.0510672 -0.0208722 -0.0308708
vn -0.00260491 0.478987 0.877818
v 0.133891 -0.0201349 -0.0307594
vn -0.529395 0.389923 0.753459
v 0.0510672 -0.0208722 -0.0308708
vn -0.00260491 0.478987 0.877818
v 0.13408 0.0329148 -0.03593
vn -0.163928 0.407715 0.898274
v 0.0510672 0.0327393 -0.0360383
vn -0.00104268 0.383278 0.923632
v 0.133948 -0.0323343 -0.000967523
vn -0.532977 0.844293 0.0557297
v 0.0510672 -0.0323882 -0.0163308
vn -0.00501094 0.935069 0.354431
v 0.0510672 -0.0332457 -0.000967529
vn -0.00548946 0.998431 0.055726
v 0.0510672 -0.0323882 -0.0163308
vn -0.00501094 0.935069 0.354431
v 0.133948 -0.0323343 -0.000967523
vn -0.532977 0.844293 0.0557297
v 0.133948 -0.0313993 -0.0163308
vn -0.497299 0.81403 0.30008
v 0.133891 -0.0201349 -0.0307594
vn -0.529395 0.389923 0.753459
v 0.0510672 -0.0323882 -0.0163308
vn -0.00501094 0.935069 0.354431
v 0.133948 -0.0313993 -0.0163308
vn -0.497299 0.81403 0.30008
v 0.0510672 -0.0323882 -0.0163308
vn -0.00501094 0.935069 0.354431
v 0.133891 -0.0201349 -0.0307594
vn -0.529395 0.389923 0.753459
v 0.0510672 -0.0208722 -0.0308708
vn -0.00260491 0.478987 0.877818
v 0.133948 -0.0428923 0.126643
vn -0.291322 0.905525 0.308475
v 0.0510672 -0.042439 0.123409
vn -0.0036164 0.971143 0.23847
v 0.0510672 -0.0434725 0.1262
vn -0.00309772 0.953033 0.30285
v 0.0510672 -0.042439 0.123409
vn -0.0036164 0.971143 0.23847
v 0.133948 -0.0428923 0.126643
vn -0.291322 0.905525 0.308475
v 0.133948 -0.0419055 0.123723
vn -0.317769 0.922341 0.219793
v 0.133948 -0.0392209 0.102128
vn -0.369857 0.923673 0.100169
v 0.0510672 -0.042439 0.123409
vn -0.0036164 0.971143 0.23847
v 0.133948 -0.0419055 0.123723
vn -0.317769 0.922341 0.219793
v 0.0510672 -0.042439 0.123409
vn -0.0036164 0.971143 0.23847
v 0.133948 -0.0392209 0.102128
vn -0.369857 0.923673 0.100169
v 0.0510672 -0.0396938 0.102031
vn -0.00305533 0.994912 0.100697
v -0.0510672 -0.0396938 0.102031
vn 0.00240723 0.994925 0.100585
v 0.0510672 -0.042439 0.123409
vn -0.0036164 0.971143 0.23847
v 0.0510672 -0.0396938 0.102031
vn -0.00305533 0.994912 0.100697
v 0.0510672 -0.042439 0.123409
vn -0.0036164 0.971143 0.23847
v -0.0510672 -0.0396938 0.102031
vn 0.00240723 0.994925 0.100585
v -0.0510672 -0.042439 0.123409
vn 0.00214822 0.971015 0.239008
v -0.0510672 -0.042439 0.123409
vn 0.00214822 0.971015 0.239008
v 0.0510672 -0.0434725 0.1262
vn -0.00309772 0.953033 0.30285
v 0.0510672 -0.042439 0.123409
vn -0.0036164 0.971143 0.23847
v 0.0510672 -0.0434725 0.1262
vn -0.00309772 0.953033 0.30285
v -0.0510672 -0.042439 0.123409
vn 0.00214822 0.971015 0.239008
v -0.0510672 -0.0434725 0.1262
vn 0.00192866 0.953263 0.302135
v 0.0232759 0.0198711 -0.0524917
vn 0.301424 -0.231249 -0.925023
v 0.0232759 0.0366664 -0.0507007
vn 0.373285 0.872214 -0.316072
v 0.0491779 0.03543 -0.0452562
vn 0.104333 0.622309 -0.775787
v 0.134088 0.034781 -0.0421424
vn 0.0356418 0.461202 -0.886579
v 0.0510672 -0.0428578 -0.0439476
vn 0.0226503 -0.0534316 -0.998314
v 0.0491779 0.03543 -0.0452562
vn 0.104333 0.622309 -0.775787
v 0.0510672 -0.0428578 -0.0439476
vn 0.0226503 -0.0534316 -0.998314
v 0.134088 0.034781 -0.0421424
vn 0.0356418 0.461202 -0.886579
v 0.134088 -0.0428497 -0.0439476
vn -0.00019594 -0.0160939 -0.99987
v -0.00626618 0.040064 -0.170019
vn -0.110732 -0.910867 -0.397568
v -0.011488 0.0475988 -0.166722
vn -0.664806 0.427506 -0.612594
v -0.00626618 0.0479466 -0.169843
vn -0.328644 0.409192 -0.851208
v -0.011488 0.0475988 -0.166722
vn -0.664806 0.427506 -0.612594
v -0.00626618 0.040064 -0.170019
vn -0.110732 -0.910867 -0.397568
v -0.011488 0.0397164 -0.166899
vn -0.276204 -0.884351 -0.376344
v 7.88752e-09 0.0480624 -0.170883
vn -0.00406424 0.393978 -0.919111
v -0.00626618 0.040064 -0.170019
vn -0.110732 -0.910867 -0.397568
v -0.00626618 0.0479466 -0.169843
vn -0.328644 0.409192 -0.851208
v -0.00626618 0.040064 -0.170019
vn -0.110732 -0.910867 -0.397568
v 7.88752e-09 0.0480624 -0.170883
vn -0.00406424 0.393978 -0.919111
v 8.01141e-09 0.04018 -0.171059
vn -3.74887e-06 -0.922005 -0.387179
v 0.011488 0.0475988 -0.166722
vn 0.664805 0.427507 -0.612594
v 0.0062662 0.040064 -0.170019
vn 0.11073 -0.910867 -0.397568
v 0.0062662 0.0479466 -0.169843
vn 0.332479 0.406315 -0.851096
v 0.0062662 0.040064 -0.170019
vn 0.11073 -0.910867 -0.397568
v 0.011488 0.0475988 -0.166722
vn 0.664805 0.427507 -0.612594
v 0.011488 0.0397164 -0.166899
vn 0.276203 -0.884351 -0.376345
v 0.0062662 0.040064 -0.170019
vn 0.11073 -0.910867 -0.397568
v 7.88752e-09 0.0480624 -0.170883
vn -0.00406424 0.393978 -0.919111
v 0.0062662 0.0479466 -0.169843
vn 0.332479 0.406315 -0.851096
v 7.88752e-09 0.0480624 -0.170883
vn -0.00406424 0.393978 -0.919111
v 0.0062662 0.040064 -0.170019
vn 0.11073 -0.910867 -0.397568
v 8.01141e-09 0.04018 -0.171059
vn -3.74887e-06 -0.922005 -0.387179
v -0.0191385 0.0272139 -0.0726469
vn -0.552898 -0.763861 -0.332896
v -0.0232759 0.0366664 -0.0507005
vn -0.373303 0.872437 -0.315434
v -0.0191385 0.0379297 -0.0712169
vn -0.767062 0.63738 -0.0732278
v -0.0232759 0.0366664 -0.0507005
vn -0.373303 0.872437 -0.315434
v -0.0191385 0.0272139 -0.0726469
vn -0.552898 -0.763861 -0.332896
v -0.0232759 0.0198711 -0.0524917
vn -0.301535 -0.231672 -0.924881
v -0.017317 0.0397101 -0.0914681
vn -0.791687 0.610155 0.0306975
v -0.0191385 0.0272139 -0.0726469
vn -0.552898 -0.763861 -0.332896
v -0.0191385 0.0379297 -0.0712169
vn -0.767062 0.63738 -0.0732278
v -0.0191385 0.0272139 -0.0726469
vn -0.552898 -0.763861 -0.332896
v -0.017317 0.0397101 -0.0914681
vn -0.791687 0.610155 0.0306975
v -0.017317 0.0309506 -0.0925911
vn -0.446015 -0.872726 -0.198544
v -0.0167098 0.0450227 -0.143167
vn -0.883076 0.467578 0.0393469
v -0.017317 0.0309506 -0.0925911
vn -0.446015 -0.872726 -0.198544
v -0.017317 0.0397101 -0.0914681
vn -0.791687 0.610155 0.0306975
v -0.017317 0.0309506 -0.0925911
vn -0.446015 -0.872726 -0.198544
v -0.0167098 0.0450227 -0.143167
vn -0.883076 0.467578 0.0393469
v -0.0167098 0.0371079 -0.143465
vn -0.301843 -0.946952 -0.110327
v 0.00913249 0.0346707 -0.0848275
vn -0.251825 -0.953201 -0.167309
v -0.00783456 0.0331999 -0.0762104
vn 0.182881 -0.948526 -0.25856
v -0.00913247 0.0346707 -0.0848275
vn 0.24243 -0.954726 -0.172412
v -0.00783456 0.0331999 -0.0762104
vn 0.182881 -0.948526 -0.25856
v 0.00913249 0.0346707 -0.0848275
vn -0.251825 -0.953201 -0.167309
v 0.00783457 0.0331999 -0.0762104
vn -0.182881 -0.948526 -0.258559
v -0.0101802 0.0366545 -0.098233
vn 0.284121 -0.947381 -0.14746
v 0.00913249 0.0346707 -0.0848275
vn -0.251825 -0.953201 -0.167309
v -0.00913247 0.0346707 -0.0848275
vn 0.24243 -0.954726 -0.172412
v 0.00913249 0.0346707 -0.0848275
vn -0.251825 -0.953201 -0.167309
v -0.0101802 0.0366545 -0.098233
vn 0.284121 -0.947381 -0.14746
v 0.0101802 0.0366545 -0.098233
vn -0.285175 -0.946662 -0.150023
v -0.00923798 0.0432538 -0.13942
vn 0.432208 -0.824308 -0.365666
v 0.0101802 0.0366545 -0.098233
vn -0.285175 -0.946662 -0.150023
v -0.0101802 0.0366545 -0.098233
vn 0.284121 -0.947381 -0.14746
v 0.0101802 0.0366545 -0.098233
vn -0.285175 -0.946662 -0.150023
v -0.00923798 0.0432538 -0.13942
vn 0.432208 -0.824308 -0.365666
v 0.009238 0.0432539 -0.13942
vn -0.432202 -0.824314 -0.365661
v 0.0191385 0.0379297 -0.0712169
vn 0.76927 0.635308 -0.0678832
v 0.0232759 0.0198711 -0.0524917
vn 0.301424 -0.231249 -0.925023
v 0.0191385 0.0272139 -0.0726469
vn 0.553701 -0.763741 -0.331835
v 0.0232759 0.0198711 -0.0524917
vn 0.301424 -0.231249 -0.925023
v 0.0191385 0.0379297 -0.0712169
vn 0.76927 0.635308 -0.0678832
v 0.0232759 0.0366664 -0.0507007
vn 0.373285 0.872214 -0.316072
v 0.017317 0.0309506 -0.0925911
vn 0.446071 -0.8727 -0.198534
v 0.0191385 0.0379297 -0.0712169
vn 0.76927 0.635308 -0.0678832
v 0.0191385 0.0272139 -0.0726469
vn 0.553701 -0.763741 -0.331835
v 0.0191385 0.0379297 -0.0712169
vn 0.76927 0.635308 -0.0678832
v 0.017317 0.0309506 -0.0925911
vn 0.446071 -0.8727 -0.198534
v 0.017317 0.0397101 -0.0914681
vn 0.798974 0.601196 0.0142666
v 0.0167099 0.0371079 -0.143465
vn 0.301917 -0.946923 -0.110378
v 0.017317 0.0397101 -0.0914681
vn 0.798974 0.601196 0.0142666
v 0.017317 0.0309506 -0.0925911
vn 0.446071 -0.8727 -0.198534
v 0.017317 0.0397101 -0.0914681
vn 0.798974 0.601196 0.0142666
v 0.0167099 0.0371079 -0.143465
vn 0.301917 -0.946923 -0.110378
v 0.0167099 0.0450227 -0.143167
vn 0.887773 0.45761 0.0495283
v -0.00913247 0.0404682 -0.077997
vn -0.0988814 0.991042 0.0897627
v 0.00783457 0.0395098 -0.0687888
vn 0.019416 0.991971 0.124969
v 0.00913249 0.0404682 -0.077997
vn 0.0815583 0.991526 0.101119
v 0.00783457 0.0395098 -0.0687888
vn 0.019416 0.991971 0.124969
v -0.00913247 0.0404682 -0.077997
vn -0.0988814 0.991042 0.0897627
v -0.00783456 0.0395098 -0.0687888
vn -0.0194156 0.991971 0.124968
v 0.0101802 0.0420139 -0.0927957
vn 0.142827 0.985055 0.0962672
v -0.00913247 0.0404682 -0.077997
vn -0.0988814 0.991042 0.0897627
v 0.00913249 0.0404682 -0.077997
vn 0.0815583 0.991526 0.101119
v -0.00913247 0.0404682 -0.077997
vn -0.0988814 0.991042 0.0897627
v 0.0101802 0.0420139 -0.0927957
vn 0.142827 0.985055 0.0962672
v -0.0101802 0.0420139 -0.0927957
vn -0.149399 0.983032 0.10643
v 0.00845242 0.0464837 -0.140495
vn -0.305049 0.897969 -0.31717
v -0.0115091 0.045841 -0.129221
vn -0.215331 0.971314 0.1009
v 0.0115091 0.045841 -0.129221
vn 0.215331 0.971314 0.1009
v -0.0115091 0.045841 -0.129221
vn -0.215331 0.971314 0.1009
v 0.00845242 0.0464837 -0.140495
vn -0.305049 0.897969 -0.31717
v -0.00845241 0.0464837 -0.140495
vn 0.304767 0.89741 -0.319018
v 0.0161877 0.0382821 -0.15402
vn 0.324687 -0.937734 -0.123424
v 0.0167099 0.0450227 -0.143167
vn 0.887773 0.45761 0.0495283
v 0.0167099 0.0371079 -0.143465
vn 0.301917 -0.946923 -0.110378
v 0.0167099 0.0450227 -0.143167
vn 0.887773 0.45761 0.0495283
v 0.0161877 0.0382821 -0.15402
vn 0.324687 -0.937734 -0.123424
v 0.0161877 0.0461725 -0.153813
vn 0.909416 0.409782 -0.071001
v 0.0146211 0.039137 -0.161699
vn 0.374873 -0.907548 -0.189279
v 0.011488 0.0475988 -0.166722
vn 0.664805 0.427507 -0.612594
v 0.0146211 0.0470195 -0.161522
vn 0.85171 0.427044 -0.303683
v 0.011488 0.0475988 -0.166722
vn 0.664805 0.427507 -0.612594
v 0.0146211 0.039137 -0.161699
vn 0.374873 -0.907548 -0.189279
v 0.011488 0.0397164 -0.166899
vn 0.276203 -0.884351 -0.376345
v 0.0161877 0.0461725 -0.153813
vn 0.909416 0.409782 -0.071001
v 0.0146211 0.039137 -0.161699
vn 0.374873 -0.907548 -0.189279
v 0.0146211 0.0470195 -0.161522
vn 0.85171 0.427044 -0.303683
v 0.0146211 0.039137 -0.161699
vn 0.374873 -0.907548 -0.189279
v 0.0161877 0.0461725 -0.153813
vn 0.909416 0.409782 -0.071001
v 0.0161877 0.0382821 -0.15402
vn 0.324687 -0.937734 -0.123424
v -0.0161876 0.0461725 -0.153813
vn -0.904041 0.42165 -0.070152
v -0.0167098 0.0371079 -0.143465
vn -0.301843 -0.946952 -0.110327
v -0.0167098 0.0450227 -0.143167
vn -0.883076 0.467578 0.0393469
v -0.0167098 0.0371079 -0.143465
vn -0.301843 -0.946952 -0.110327
v -0.0161876 0.0461725 -0.153813
vn -0.904041 0.42165 -0.070152
v -0.0161876 0.0382821 -0.15402
vn -0.324606 -0.937733 -0.123646
v -0.011488 0.0475988 -0.166722
vn -0.664806 0.427506 -0.612594
v -0.0146211 0.039137 -0.161699
vn -0.374873 -0.907548 -0.189278
v -0.0146211 0.0470195 -0.161522
vn -0.852399 0.428891 -0.299113
v -0.0146211 0.039137 -0.161699
vn -0.374873 -0.907548 -0.189278
v -0.011488 0.0475988 -0.166722
vn -0.664806 0.427506 -0.612594
v -0.011488 0.0397164 -0.166899
vn -0.276204 -0.884351 -0.376344
v -0.0146211 0.039137 -0.161699
vn -0.374873 -0.907548 -0.189278
v -0.0161876 0.0461725 -0.153813
vn -0.904041 0.42165 -0.070152
v -0.0146211 0.0470195 -0.161522
vn -0.852399 0.428891 -0.299113
v -0.0161876 0.0461725 -0.153813
vn -0.904041 0.42165 -0.070152
v -0.0146211 0.039137 -0.161699
vn -0.374873 -0.907548 -0.189278
v -0.0161876 0.0382821 -0.15402
vn -0.324606 -0.937733 -0.123646
v -0.011414 0.029016 -0.0660355
vn 0.199633 -0.902115 -0.382539
v 0.0232759 0.0198711 -0.0524917
vn 0.301424 -0.231249 -0.925023
v -0.0232759 0.0198711 -0.0524917
vn -0.301535 -0.231672 -0.924881
v 0.0232759 0.0198711 -0.0524917
vn 0.301424 -0.231249 -0.925023
v -0.011414 0.029016 -0.0660355
vn 0.199633 -0.902115 -0.382539
v 0.011414 0.029016 -0.0660355
vn -0.199633 -0.902115 -0.382539
v -0.00783456 0.0331999 -0.0762104
vn 0.182881 -0.948526 -0.25856
v 0.011414 0.029016 -0.0660355
vn -0.199633 -0.902115 -0.382539
v -0.011414 0.029016 -0.0660355
vn 0.199633 -0.902115 -0.382539
v 0.011414 0.029016 -0.0660355
vn -0.199633 -0.902115 -0.382539
v -0.00783456 0.0331999 -0.0762104
vn 0.182881 -0.948526 -0.25856
v 0.00783457 0.0331999 -0.0762104
vn -0.182881 -0.948526 -0.258559
v 0.0140148 0.0308951 -0.0790825
vn -0.45419 -0.873992 -0.172769
v 0.0232759 0.0198711 -0.0524917
vn 0.301424 -0.231249 -0.925023
v 0.011414 0.029016 -0.0660355
vn -0.199633 -0.902115 -0.382539
v 0.0232759 0.0198711 -0.0524917
vn 0.301424 -0.231249 -0.925023
v 0.0140148 0.0308951 -0.0790825
vn -0.45419 -0.873992 -0.172769
v 0.0191385 0.0272139 -0.0726469
vn 0.553701 -0.763741 -0.331835
v 0.0140148 0.0308951 -0.0790825
vn -0.45419 -0.873992 -0.172769
v 0.017317 0.0309506 -0.0925911
vn 0.446071 -0.8727 -0.198534
v 0.0191385 0.0272139 -0.0726469
vn 0.553701 -0.763741 -0.331835
v 0.017317 0.0309506 -0.0925911
vn 0.446071 -0.8727 -0.198534
v 0.0140148 0.0308951 -0.0790825
vn -0.45419 -0.873992 -0.172769
v 0.0150496 0.0331068 -0.0954892
vn -0.567446 -0.813383 -0.128115
v 0.0156441 0.0386328 -0.142511
vn -0.76961 -0.630111 -0.103246
v 0.017317 0.0309506 -0.0925911
vn 0.446071 -0.8727 -0.198534
v 0.0150496 0.0331068 -0.0954892
vn -0.567446 -0.813383 -0.128115
v 0.017317 0.0309506 -0.0925911
vn 0.446071 -0.8727 -0.198534
v 0.0156441 0.0386328 -0.142511
vn -0.76961 -0.630111 -0.103246
v 0.0167099 0.0371079 -0.143465
vn 0.301917 -0.946923 -0.110378
v 0.009238 0.0432539 -0.13942
vn -0.432202 -0.824314 -0.365661
v 0.01168 0.0438234 -0.145172
vn -0.74372 -0.619062 -0.252277
v 0.0156441 0.0386328 -0.142511
vn -0.76961 -0.630111 -0.103246
v 0.00913249 0.0346707 -0.0848275
vn -0.251825 -0.953201 -0.167309
v 0.011414 0.029016 -0.0660355
vn -0.199633 -0.902115 -0.382539
v 0.00783457 0.0331999 -0.0762104
vn -0.182881 -0.948526 -0.258559
v 0.011414 0.029016 -0.0660355
vn -0.199633 -0.902115 -0.382539
v 0.00913249 0.0346707 -0.0848275
vn -0.251825 -0.953201 -0.167309
v 0.0140148 0.0308951 -0.0790825
vn -0.45419 -0.873992 -0.172769
v 0.00913249 0.0346707 -0.0848275
vn -0.251825 -0.953201 -0.167309
v 0.0150496 0.0331068 -0.0954892
vn -0.567446 -0.813383 -0.128115
v 0.0140148 0.0308951 -0.0790825
vn -0.45419 -0.873992 -0.172769
v 0.0150496 0.0331068 -0.0954892
vn -0.567446 -0.813383 -0.128115
v 0.00913249 0.0346707 -0.0848275
vn -0.251825 -0.953201 -0.167309
v 0.0101802 0.0366545 -0.098233
vn -0.285175 -0.946662 -0.150023
v -0.0140147 0.0308951 -0.0790825
vn 0.45458 -0.873503 -0.174212
v -0.017317 0.0309506 -0.0925911
vn -0.446015 -0.872726 -0.198544
v -0.0150496 0.0331068 -0.0954893
vn 0.572276 -0.810704 -0.123528
v -0.017317 0.0309506 -0.0925911
vn -0.446015 -0.872726 -0.198544
v -0.0140147 0.0308951 -0.0790825
vn 0.45458 -0.873503 -0.174212
v -0.0191385 0.0272139 -0.0726469
vn -0.552898 -0.763861 -0.332896
v -0.0140147 0.0308951 -0.0790825
vn 0.45458 -0.873503 -0.174212
v -0.0232759 0.0198711 -0.0524917
vn -0.301535 -0.231672 -0.924881
v -0.0191385 0.0272139 -0.0726469
vn -0.552898 -0.763861 -0.332896
v -0.0232759 0.0198711 -0.0524917
vn -0.301535 -0.231672 -0.924881
v -0.0140147 0.0308951 -0.0790825
vn 0.45458 -0.873503 -0.174212
v -0.011414 0.029016 -0.0660355
vn 0.199633 -0.902115 -0.382539
v -0.0101802 0.0366545 -0.098233
vn 0.284121 -0.947381 -0.14746
v -0.0140147 0.0308951 -0.0790825
vn 0.45458 -0.873503 -0.174212
v -0.0150496 0.0331068 -0.0954893
vn 0.572276 -0.810704 -0.123528
v -0.0140147 0.0308951 -0.0790825
vn 0.45458 -0.873503 -0.174212
v -0.0101802 0.0366545 -0.098233
vn 0.284121 -0.947381 -0.14746
v -0.00913247 0.0346707 -0.0848275
vn 0.24243 -0.954726 -0.172412
v -0.00913247 0.0346707 -0.0848275
vn 0.24243 -0.954726 -0.172412
v -0.011414 0.029016 -0.0660355
vn 0.199633 -0.902115 -0.382539
v -0.0140147 0.0308951 -0.0790825
vn 0.45458 -0.873503 -0.174212
v -0.011414 0.029016 -0.0660355
vn 0.199633 -0.902115 -0.382539
v -0.00913247 0.0346707 -0.0848275
vn 0.24243 -0.954726 -0.172412
v -0.00783456 0.0331999 -0.0762104
vn 0.182881 -0.948526 -0.25856
v 0.0156441 0.0386328 -0.142511
vn -0.76961 -0.630111 -0.103246
v 0.0161877 0.0382821 -0.15402
vn 0.324687 -0.937734 -0.123424
v 0.0167099 0.0371079 -0.143465
vn 0.301917 -0.946923 -0.110378
v 0.0161877 0.0382821 -0.15402
vn 0.324687 -0.937734 -0.123424
v 0.0156441 0.0386328 -0.142511
vn -0.76961 -0.630111 -0.103246
v 0.0152571 0.0397554 -0.152795
vn -0.851904 -0.523219 0.0224154
v 0.0138127 0.0405931 -0.160501
vn -0.809331 -0.544533 0.220152
v 0.0161877 0.0382821 -0.15402
vn 0.324687 -0.937734 -0.123424
v 0.0152571 0.0397554 -0.152795
vn -0.851904 -0.523219 0.0224154
v 0.0161877 0.0382821 -0.15402
vn 0.324687 -0.937734 -0.123424
v 0.0138127 0.0405931 -0.160501
vn -0.809331 -0.544533 0.220152
v 0.0146211 0.039137 -0.161699
vn 0.374873 -0.907548 -0.189279
v 0.0138127 0.0405931 -0.160501
vn -0.809331 -0.544533 0.220152
v 0.011488 0.0397164 -0.166899
vn 0.276203 -0.884351 -0.376345
v 0.0146211 0.039137 -0.161699
vn 0.374873 -0.907548 -0.189279
v 0.011488 0.0397164 -0.166899
vn 0.276203 -0.884351 -0.376345
v 0.0138127 0.0405931 -0.160501
vn -0.809331 -0.544533 0.220152
v 0.0108528 0.0411725 -0.165849
vn -0.64866 -0.556187 0.519515
v 0.00591972 0.0415201 -0.169057
vn -0.332021 -0.509265 0.793985
v 0.011488 0.0397164 -0.166899
vn 0.276203 -0.884351 -0.376345
v 0.0108528 0.0411725 -0.165849
vn -0.64866 -0.556187 0.519515
v 0.011488 0.0397164 -0.166899
vn 0.276203 -0.884351 -0.376345
v 0.00591972 0.0415201 -0.169057
vn -0.332021 -0.509265 0.793985
v 0.0062662 0.040064 -0.170019
vn 0.11073 -0.910867 -0.397568
v 0.00591972 0.0415201 -0.169057
vn -0.332021 -0.509265 0.793985
v 8.01141e-09 0.04018 -0.171059
vn -3.74887e-06 -0.922005 -0.387179
v 0.0062662 0.040064 -0.170019
vn 0.11073 -0.910867 -0.397568
v 8.01141e-09 0.04018 -0.171059
vn -3.74887e-06 -0.922005 -0.387179
v 0.00591972 0.0415201 -0.169057
vn -0.332021 -0.509265 0.793985
v 8.05271e-09 0.0416359 -0.170127
vn 0.00364347 -0.476928 0.878935
v -0.0059197 0.0415201 -0.169057
vn 0.334838 -0.520993 0.785143
v 8.01141e-09 0.04018 -0.171059
vn -3.74887e-06 -0.922005 -0.387179
v 8.05271e-09 0.0416359 -0.170127
vn 0.00364347 -0.476928 0.878935
v 8.01141e-09 0.04018 -0.171059
vn -3.74887e-06 -0.922005 -0.387179
v -0.0059197 0.0415201 -0.169057
vn 0.334838 -0.520993 0.785143
v -0.00626618 0.040064 -0.170019
vn -0.110732 -0.910867 -0.397568
v -0.0059197 0.0415201 -0.169057
vn 0.334838 -0.520993 0.785143
v -0.011488 0.0397164 -0.166899
vn -0.276204 -0.884351 -0.376344
v -0.00626618 0.040064 -0.170019
vn -0.110732 -0.910867 -0.397568
v -0.011488 0.0397164 -0.166899
vn -0.276204 -0.884351 -0.376344
v -0.0059197 0.0415201 -0.169057
vn 0.334838 -0.520993 0.785143
v -0.0108528 0.0411725 -0.165849
vn 0.640218 -0.564041 0.521516
v -0.0138127 0.0405931 -0.160501
vn 0.809331 -0.544533 0.220152
v -0.011488 0.0397164 -0.166899
vn -0.276204 -0.884351 -0.376344
v -0.0108528 0.0411725 -0.165849
vn 0.640218 -0.564041 0.521516
v -0.011488 0.0397164 -0.166899
vn -0.276204 -0.884351 -0.376344
v -0.0138127 0.0405931 -0.160501
vn 0.809331 -0.544533 0.220152
v -0.0146211 0.039137 -0.161699
vn -0.374873 -0.907548 -0.189278
v -0.0138127 0.0405931 -0.160501
vn 0.809331 -0.544533 0.220152
v -0.0161876 0.0382821 -0.15402
vn -0.324606 -0.937733 -0.123646
v -0.0146211 0.039137 -0.161699
vn -0.374873 -0.907548 -0.189278
v -0.0161876 0.0382821 -0.15402
vn -0.324606 -0.937733 -0.123646
v -0.0138127 0.0405931 -0.160501
vn 0.809331 -0.544533 0.220152
v -0.0152571 0.0397554 -0.152795
vn 0.851904 -0.523218 0.0224149
v -0.0156441 0.0386328 -0.142511
vn 0.769606 -0.630117 -0.103247
v -0.0161876 0.0382821 -0.15402
vn -0.324606 -0.937733 -0.123646
v -0.0152571 0.0397554 -0.152795
vn 0.851904 -0.523218 0.0224149
v -0.0161876 0.0382821 -0.15402
vn -0.324606 -0.937733 -0.123646
v -0.0156441 0.0386328 -0.142511
vn 0.769606 -0.630117 -0.103247
v -0.0167098 0.0371079 -0.143465
vn -0.301843 -0.946952 -0.110327
v -0.017317 0.0309506 -0.0925911
vn -0.446015 -0.872726 -0.198544
v -0.0156441 0.0386328 -0.142511
vn 0.769606 -0.630117 -0.103247
v -0.0150496 0.0331068 -0.0954893
vn 0.572276 -0.810704 -0.123528
v -0.0156441 0.0386328 -0.142511
vn 0.769606 -0.630117 -0.103247
v -0.017317 0.0309506 -0.0925911
vn -0.446015 -0.872726 -0.198544
v -0.0167098 0.0371079 -0.143465
vn -0.301843 -0.946952 -0.110327
v -0.0124442 0.0445129 -0.151965
vn 0.841764 -0.538964 -0.0308479
v -0.0156441 0.0386328 -0.142511
vn 0.769606 -0.630117 -0.103247
v -0.0152571 0.0397554 -0.152795
vn 0.851904 -0.523218 0.0224149
v -0.0156441 0.0386328 -0.142511
vn 0.769606 -0.630117 -0.103247
v -0.0124442 0.0445129 -0.151965
vn 0.841764 -0.538964 -0.0308479
v -0.01168 0.0438232 -0.145172
vn 0.743958 -0.618296 -0.253449
v -0.0150496 0.0331068 -0.0954893
vn 0.572276 -0.810704 -0.123528
v -0.00923798 0.0432538 -0.13942
vn 0.432208 -0.824308 -0.365666
v -0.0101802 0.0366545 -0.098233
vn 0.284121 -0.947381 -0.14746
v -0.00923798 0.0432538 -0.13942
vn 0.432208 -0.824308 -0.365666
v -0.0150496 0.0331068 -0.0954893
vn 0.572276 -0.810704 -0.123528
v -0.0156441 0.0386328 -0.142511
vn 0.769606 -0.630117 -0.103247
v -0.00911015 0.0457446 -0.163866
vn 0.703123 -0.489425 0.515831
v -0.0138127 0.0405931 -0.160501
vn 0.809331 -0.544533 0.220152
v -0.0108528 0.0411725 -0.165849
vn 0.640218 -0.564041 0.521516
v -0.0138127 0.0405931 -0.160501
vn 0.809331 -0.544533 0.220152
v -0.00911015 0.0457446 -0.163866
vn 0.703123 -0.489425 0.515831
v -0.0115947 0.0451881 -0.158513
vn 0.834867 -0.517766 0.186856
v -0.0115947 0.0451881 -0.158513
vn 0.834867 -0.517766 0.186856
v -0.0152571 0.0397554 -0.152795
vn 0.851904 -0.523218 0.0224149
v -0.0138127 0.0405931 -0.160501
vn 0.809331 -0.544533 0.220152
v -0.0152571 0.0397554 -0.152795
vn 0.851904 -0.523218 0.0224149
v -0.0115947 0.0451881 -0.158513
vn 0.834867 -0.517766 0.186856
v -0.0124442 0.0445129 -0.151965
vn 0.841764 -0.538964 -0.0308479
v 0.00783457 0.0395098 -0.0687888
vn 0.019416 0.991971 0.124969
v -0.0232759 0.0366664 -0.0507005
vn -0.373303 0.872437 -0.315434
v 0.0232759 0.0366664 -0.0507007
vn 0.373285 0.872214 -0.316072
v -0.0232759 0.0366664 -0.0507005
vn -0.373303 0.872437 -0.315434
v 0.00783457 0.0395098 -0.0687888
vn 0.019416 0.991971 0.124969
v -0.00783456 0.0395098 -0.0687888
vn -0.0194156 0.991971 0.124968
v -0.00913247 0.0404682 -0.077997
vn -0.0988814 0.991042 0.0897627
v -0.0232759 0.0366664 -0.0507005
vn -0.373303 0.872437 -0.315434
v -0.00783456 0.0395098 -0.0687888
vn -0.0194156 0.991971 0.124968
v -0.0232759 0.0366664 -0.0507005
vn -0.373303 0.872437 -0.315434
v -0.00913247 0.0404682 -0.077997
vn -0.0988814 0.991042 0.0897627
v -0.0191385 0.0379297 -0.0712169
vn -0.767062 0.63738 -0.0732278
v -0.00913247 0.0404682 -0.077997
vn -0.0988814 0.991042 0.0897627
v -0.017317 0.0397101 -0.0914681
vn -0.791687 0.610155 0.0306975
v -0.0191385 0.0379297 -0.0712169
vn -0.767062 0.63738 -0.0732278
v -0.017317 0.0397101 -0.0914681
vn -0.791687 0.610155 0.0306975
v -0.00913247 0.0404682 -0.077997
vn -0.0988814 0.991042 0.0897627
v -0.0101802 0.0420139 -0.0927957
vn -0.149399 0.983032 0.10643
v -0.0167098 0.0450227 -0.143167
vn -0.883076 0.467578 0.0393469
v -0.0101802 0.0420139 -0.0927957
vn -0.149399 0.983032 0.10643
v -0.0115091 0.045841 -0.129221
vn -0.215331 0.971314 0.1009
v -0.0101802 0.0420139 -0.0927957
vn -0.149399 0.983032 0.10643
v -0.0167098 0.0450227 -0.143167
vn -0.883076 0.467578 0.0393469
v -0.017317 0.0397101 -0.0914681
vn -0.791687 0.610155 0.0306975
v 0.0101802 0.0420139 -0.0927957
vn 0.142827 0.985055 0.0962672
v 0.0191385 0.0379297 -0.0712169
vn 0.76927 0.635308 -0.0678832
v 0.017317 0.0397101 -0.0914681
vn 0.798974 0.601196 0.0142666
v 0.0191385 0.0379297 -0.0712169
vn 0.76927 0.635308 -0.0678832
v 0.0101802 0.0420139 -0.0927957
vn 0.142827 0.985055 0.0962672
v 0.00913249 0.0404682 -0.077997
vn 0.0815583 0.991526 0.101119
v 0.00913249 0.0404682 -0.077997
vn 0.0815583 0.991526 0.101119
v 0.0232759 0.0366664 -0.0507007
vn 0.373285 0.872214 -0.316072
v 0.0191385 0.0379297 -0.0712169
vn 0.76927 0.635308 -0.0678832
v 0.0232759 0.0366664 -0.0507007
vn 0.373285 0.872214 -0.316072
v 0.00913249 0.0404682 -0.077997
vn 0.0815583 0.991526 0.101119
v 0.00783457 0.0395098 -0.0687888
vn 0.019416 0.991971 0.124969
v -0.0134712 0.0471772 -0.14201
vn -0.243881 0.962788 0.116457
v -0.0161876 0.0461725 -0.153813
vn -0.904041 0.42165 -0.070152
v -0.0167098 0.0450227 -0.143167
vn -0.883076 0.467578 0.0393469
v -0.0161876 0.0461725 -0.153813
vn -0.904041 0.42165 -0.070152
v -0.0134712 0.0471772 -0.14201
vn -0.243881 0.962788 0.116457
v -0.0138103 0.0481767 -0.15155
vn -0.281104 0.955713 0.0871372
v -0.0138103 0.0481767 -0.15155
vn -0.281104 0.955713 0.0871372
v -0.0146211 0.0470195 -0.161522
vn -0.852399 0.428891 -0.299113
v -0.0161876 0.0461725 -0.153813
vn -0.904041 0.42165 -0.070152
v -0.0146211 0.0470195 -0.161522
vn -0.852399 0.428891 -0.299113
v -0.0138103 0.0481767 -0.15155
vn -0.281104 0.955713 0.0871372
v -0.0127126 0.0489683 -0.159082
vn -0.279311 0.959803 0.0276231
v -0.0127126 0.0489683 -0.159082
vn -0.279311 0.959803 0.0276231
v -0.011488 0.0475988 -0.166722
vn -0.664806 0.427506 -0.612594
v -0.0146211 0.0470195 -0.161522
vn -0.852399 0.428891 -0.299113
v -0.011488 0.0475988 -0.166722
vn -0.664806 0.427506 -0.612594
v -0.0127126 0.0489683 -0.159082
vn -0.279311 0.959803 0.0276231
v -0.00998843 0.0495416 -0.164522
vn -0.225415 0.9709 -0.0808796
v -0.00544824 0.0498854 -0.167787
vn -0.0937221 0.979886 -0.176181
v -0.011488 0.0475988 -0.166722
vn -0.664806 0.427506 -0.612594
v -0.00998843 0.0495416 -0.164522
vn -0.225415 0.9709 -0.0808796
v -0.011488 0.0475988 -0.166722
vn -0.664806 0.427506 -0.612594
v -0.00544824 0.0498854 -0.167787
vn -0.0937221 0.979886 -0.176181
v -0.00626618 0.0479466 -0.169843
vn -0.328644 0.409192 -0.851208
v -0.00544824 0.0498854 -0.167787
vn -0.0937221 0.979886 -0.176181
v 7.88752e-09 0.0480624 -0.170883
vn -0.00406424 0.393978 -0.919111
v -0.00626618 0.0479466 -0.169843
vn -0.328644 0.409192 -0.851208
v 7.88752e-09 0.0480624 -0.170883
vn -0.00406424 0.393978 -0.919111
v -0.00544824 0.0498854 -0.167787
vn -0.0937221 0.979886 -0.176181
v 7.80493e-09 0.05 -0.168875
vn -0.00481638 0.979988 -0.198997
v 7.80493e-09 0.05 -0.168875
vn -0.00481638 0.979988 -0.198997
v 0.0062662 0.0479466 -0.169843
vn 0.332479 0.406315 -0.851096
v 7.88752e-09 0.0480624 -0.170883
vn -0.00406424 0.393978 -0.919111
v 0.0062662 0.0479466 -0.169843
vn 0.332479 0.406315 -0.851096
v 7.80493e-09 0.05 -0.168875
vn -0.00481638 0.979988 -0.198997
v 0.00544824 0.0498854 -0.167787
vn 0.0966115 0.980675 -0.170127
v 0.00544824 0.0498854 -0.167787
vn 0.0966115 0.980675 -0.170127
v 0.011488 0.0475988 -0.166722
vn 0.664805 0.427507 -0.612594
v 0.0062662 0.0479466 -0.169843
vn 0.332479 0.406315 -0.851096
v 0.011488 0.0475988 -0.166722
vn 0.664805 0.427507 -0.612594
v 0.00544824 0.0498854 -0.167787
vn 0.0966115 0.980675 -0.170127
v 0.00998845 0.0495416 -0.164522
vn 0.225415 0.9709 -0.0808798
v 0.0127126 0.0489683 -0.159082
vn 0.265359 0.963916 0.0212417
v 0.011488 0.0475988 -0.166722
vn 0.664805 0.427507 -0.612594
v 0.00998845 0.0495416 -0.164522
vn 0.225415 0.9709 -0.0808798
v 0.011488 0.0475988 -0.166722
vn 0.664805 0.427507 -0.612594
v 0.0127126 0.0489683 -0.159082
vn 0.265359 0.963916 0.0212417
v 0.0146211 0.0470195 -0.161522
vn 0.85171 0.427044 -0.303683
v 0.0127126 0.0489683 -0.159082
vn 0.265359 0.963916 0.0212417
v 0.0161877 0.0461725 -0.153813
vn 0.909416 0.409782 -0.071001
v 0.0146211 0.0470195 -0.161522
vn 0.85171 0.427044 -0.303683
v 0.0161877 0.0461725 -0.153813
vn 0.909416 0.409782 -0.071001
v 0.0127126 0.0489683 -0.159082
vn 0.265359 0.963916 0.0212417
v 0.0138103 0.0481767 -0.15155
vn 0.255706 0.963532 0.0788673
v 0.0138103 0.0481767 -0.15155
vn 0.255706 0.963532 0.0788673
v 0.0167099 0.0450227 -0.143167
vn 0.887773 0.45761 0.0495283
v 0.0161877 0.0461725 -0.153813
vn 0.909416 0.409782 -0.071001
v 0.0167099 0.0450227 -0.143167
vn 0.887773 0.45761 0.0495283
v 0.0138103 0.0481767 -0.15155
vn 0.255706 0.963532 0.0788673
v 0.0134713 0.0471772 -0.14201
vn 0.238883 0.963185 0.123329
v 0.0101802 0.0420139 -0.0927957
vn 0.142827 0.985055 0.0962672
v 0.0167099 0.0450227 -0.143167
vn 0.887773 0.45761 0.0495283
v 0.0115091 0.045841 -0.129221
vn 0.215331 0.971314 0.1009
v 0.0167099 0.0450227 -0.143167
vn 0.887773 0.45761 0.0495283
v 0.0101802 0.0420139 -0.0927957
vn 0.142827 0.985055 0.0962672
v 0.017317 0.0397101 -0.0914681
vn 0.798974 0.601196 0.0142666
v -0.00822327 0.0452534 -0.140644
vn 0.481969 -0.287257 -0.827761
v 0.009238 0.0432539 -0.13942
vn -0.432202 -0.824314 -0.365661
v -0.00923798 0.0432538 -0.13942
vn 0.432208 -0.824308 -0.365666
v 0.009238 0.0432539 -0.13942
vn -0.432202 -0.824314 -0.365661
v -0.00822327 0.0452534 -0.140644
vn 0.481969 -0.287257 -0.827761
v 0.00822327 0.0452534 -0.140644
vn -0.482795 -0.288422 -0.826875
v 0.0156441 0.0386328 -0.142511
vn -0.76961 -0.630111 -0.103246
v 0.0124443 0.0445129 -0.151965
vn -0.840503 -0.540903 -0.0312845
v 0.0152571 0.0397554 -0.152795
vn -0.851904 -0.523219 0.0224154
v 0.0124443 0.0445129 -0.151965
vn -0.840503 -0.540903 -0.0312845
v 0.0156441 0.0386328 -0.142511
vn -0.76961 -0.630111 -0.103246
v 0.01168 0.0438234 -0.145172
vn -0.74372 -0.619062 -0.252277
v 0.0152571 0.0397554 -0.152795
vn -0.851904 -0.523219 0.0224154
v 0.0115947 0.0451881 -0.158513
vn -0.834637 -0.518721 0.185228
v 0.0138127 0.0405931 -0.160501
vn -0.809331 -0.544533 0.220152
v 0.0115947 0.0451881 -0.158513
vn -0.834637 -0.518721 0.185228
v 0.0152571 0.0397554 -0.152795
vn -0.851904 -0.523219 0.0224154
v 0.0124443 0.0445129 -0.151965
vn -0.840503 -0.540903 -0.0312845
v 0.0138127 0.0405931 -0.160501
vn -0.809331 -0.544533 0.220152
v 0.00911016 0.0457446 -0.163866
vn -0.706889 -0.497363 0.502929
v 0.0108528 0.0411725 -0.165849
vn -0.64866 -0.556187 0.519515
v 0.00911016 0.0457446 -0.163866
vn -0.706889 -0.497363 0.502929
v 0.0138127 0.0405931 -0.160501
vn -0.809331 -0.544533 0.220152
v 0.0115947 0.0451881 -0.158513
vn -0.834637 -0.518721 0.185228
v 0.0112136 0.0464271 -0.151985
vn -0.985966 -0.166231 -0.0154321
v 0.0115947 0.0451881 -0.158513
vn -0.834637 -0.518721 0.185228
v 0.0124443 0.0445129 -0.151965
vn -0.840503 -0.540903 -0.0312845
v 0.0115947 0.0451881 -0.158513
vn -0.834637 -0.518721 0.185228
v 0.0112136 0.0464271 -0.151985
vn -0.985966 -0.166231 -0.0154321
v 0.010466 0.047067 -0.158171
vn -0.954439 -0.166197 0.24784
v 0.010466 0.047067 -0.158171
vn -0.954439 -0.166197 0.24784
v 0.00911016 0.0457446 -0.163866
vn -0.706889 -0.497363 0.502929
v 0.0115947 0.0451881 -0.158513
vn -0.834637 -0.518721 0.185228
v 0.00911016 0.0457446 -0.163866
vn -0.706889 -0.497363 0.502929
v 0.010466 0.047067 -0.158171
vn -0.954439 -0.166197 0.24784
v 0.00822327 0.0476005 -0.163327
vn -0.789887 -0.166038 0.590348
v 0.010466 0.045787 -0.145799
vn -0.944825 -0.187517 -0.268596
v 0.009238 0.0432539 -0.13942
vn -0.432202 -0.824314 -0.365661
v 0.00822327 0.0452534 -0.140644
vn -0.482795 -0.288422 -0.826875
v 0.009238 0.0432539 -0.13942
vn -0.432202 -0.824314 -0.365661
v 0.010466 0.045787 -0.145799
vn -0.944825 -0.187517 -0.268596
v 0.01168 0.0438234 -0.145172
vn -0.74372 -0.619062 -0.252277
v 0.010466 0.045787 -0.145799
vn -0.944825 -0.187517 -0.268596
v 0.0124443 0.0445129 -0.151965
vn -0.840503 -0.540903 -0.0312845
v 0.01168 0.0438234 -0.145172
vn -0.74372 -0.619062 -0.252277
v 0.0124443 0.0445129 -0.151965
vn -0.840503 -0.540903 -0.0312845
v 0.010466 0.045787 -0.145799
vn -0.944825 -0.187517 -0.268596
v 0.0112136 0.0464271 -0.151985
vn -0.985966 -0.166231 -0.0154321
v 0.0108528 0.0411725 -0.165849
vn -0.64866 -0.556187 0.519515
v 0.00496917 0.0460785 -0.167078
vn -0.391706 -0.427735 0.814622
v 0.00591972 0.0415201 -0.169057
vn -0.332021 -0.509265 0.793985
v 0.00496917 0.0460785 -0.167078
vn -0.391706 -0.427735 0.814622
v 0.0108528 0.0411725 -0.165849
vn -0.64866 -0.556187 0.519515
v 0.00911016 0.0457446 -0.163866
vn -0.706889 -0.497363 0.502929
v 0.00591972 0.0415201 -0.169057
vn -0.332021 -0.509265 0.793985
v 7.28872e-09 0.0461898 -0.168148
vn 0.00265274 -0.383622 0.923487
v 8.05271e-09 0.0416359 -0.170127
vn 0.00364347 -0.476928 0.878935
v 7.28872e-09 0.0461898 -0.168148
vn 0.00265274 -0.383622 0.923487
v 0.00591972 0.0415201 -0.169057
vn -0.332021 -0.509265 0.793985
v 0.00496917 0.0460785 -0.167078
vn -0.391706 -0.427735 0.814622
v 8.05271e-09 0.0416359 -0.170127
vn 0.00364347 -0.476928 0.878935
v -0.00496916 0.0460785 -0.167078
vn 0.401548 -0.412535 0.817664
v -0.0059197 0.0415201 -0.169057
vn 0.334838 -0.520993 0.785143
v -0.00496916 0.0460785 -0.167078
vn 0.401548 -0.412535 0.817664
v 8.05271e-09 0.0416359 -0.170127
vn 0.00364347 -0.476928 0.878935
v 7.28872e-09 0.0461898 -0.168148
vn 0.00265274 -0.383622 0.923487
v -0.0059197 0.0415201 -0.169057
vn 0.334838 -0.520993 0.785143
v -0.00911015 0.0457446 -0.163866
vn 0.703123 -0.489425 0.515831
v -0.0108528 0.0411725 -0.165849
vn 0.640218 -0.564041 0.521516
v -0.00911015 0.0457446 -0.163866
vn 0.703123 -0.489425 0.515831
v -0.0059197 0.0415201 -0.169057
vn 0.334838 -0.520993 0.785143
v -0.00496916 0.0460785 -0.167078
vn 0.401548 -0.412535 0.817664
v 6.5867e-09 0.0480272 -0.167451
vn -0.00275534 -0.129183 0.991617
v -0.00496916 0.0460785 -0.167078
vn 0.401548 -0.412535 0.817664
v 7.28872e-09 0.0461898 -0.168148
vn 0.00265274 -0.383622 0.923487
v -0.00496916 0.0460785 -0.167078
vn 0.401548 -0.412535 0.817664
v 6.5867e-09 0.0480272 -0.167451
vn -0.00275534 -0.129183 0.991617
v -0.00448542 0.0479206 -0.16642
vn 0.430618 -0.145749 0.890688
v -0.00448542 0.0479206 -0.16642
vn 0.430618 -0.145749 0.890688
v -0.00911015 0.0457446 -0.163866
vn 0.703123 -0.489425 0.515831
v -0.00496916 0.0460785 -0.167078
vn 0.401548 -0.412535 0.817664
v -0.00911015 0.0457446 -0.163866
vn 0.703123 -0.489425 0.515831
v -0.00448542 0.0479206 -0.16642
vn 0.430618 -0.145749 0.890688
v -0.00822327 0.0476005 -0.163327
vn 0.790681 -0.167004 0.589011
v 0.00448544 0.0479206 -0.16642
vn -0.427958 -0.143289 0.892368
v 0.00911016 0.0457446 -0.163866
vn -0.706889 -0.497363 0.502929
v 0.00822327 0.0476005 -0.163327
vn -0.789887 -0.166038 0.590348
v 0.00911016 0.0457446 -0.163866
vn -0.706889 -0.497363 0.502929
v 0.00448544 0.0479206 -0.16642
vn -0.427958 -0.143289 0.892368
v 0.00496917 0.0460785 -0.167078
vn -0.391706 -0.427735 0.814622
v 0.00448544 0.0479206 -0.16642
vn -0.427958 -0.143289 0.892368
v 7.28872e-09 0.0461898 -0.168148
vn 0.00265274 -0.383622 0.923487
v 0.00496917 0.0460785 -0.167078
vn -0.391706 -0.427735 0.814622
v 7.28872e-09 0.0461898 -0.168148
vn 0.00265274 -0.383622 0.923487
v 0.00448544 0.0479206 -0.16642
vn -0.427958 -0.143289 0.892368
v 6.5867e-09 0.0480272 -0.167451
vn -0.00275534 -0.129183 0.991617
v -0.0112135 0.0464271 -0.151985
vn 0.985552 -0.168713 -0.0149056
v -0.01168 0.0438232 -0.145172
vn 0.743958 -0.618296 -0.253449
v -0.0124442 0.0445129 -0.151965
vn 0.841764 -0.538964 -0.0308479
v -0.01168 0.0438232 -0.145172
vn 0.743958 -0.618296 -0.253449
v -0.0112135 0.0464271 -0.151985
vn 0.985552 -0.168713 -0.0149056
v -0.010466 0.045787 -0.145799
vn 0.944489 -0.187733 -0.269624
v -0.010466 0.045787 -0.145799
vn 0.944489 -0.187733 -0.269624
v -0.00923798 0.0432538 -0.13942
vn 0.432208 -0.824308 -0.365666
v -0.01168 0.0438232 -0.145172
vn 0.743958 -0.618296 -0.253449
v -0.00923798 0.0432538 -0.13942
vn 0.432208 -0.824308 -0.365666
v -0.010466 0.045787 -0.145799
vn 0.944489 -0.187733 -0.269624
v -0.00822327 0.0452534 -0.140644
vn 0.481969 -0.287257 -0.827761
v -0.010466 0.047067 -0.158171
vn 0.953433 -0.168793 0.249948
v -0.00911015 0.0457446 -0.163866
vn 0.703123 -0.489425 0.515831
v -0.00822327 0.0476005 -0.163327
vn 0.790681 -0.167004 0.589011
v -0.00911015 0.0457446 -0.163866
vn 0.703123 -0.489425 0.515831
v -0.010466 0.047067 -0.158171
vn 0.953433 -0.168793 0.249948
v -0.0115947 0.0451881 -0.158513
vn 0.834867 -0.517766 0.186856
v -0.010466 0.047067 -0.158171
vn 0.953433 -0.168793 0.249948
v -0.0124442 0.0445129 -0.151965
vn 0.841764 -0.538964 -0.0308479
v -0.0115947 0.0451881 -0.158513
vn 0.834867 -0.517766 0.186856
v -0.0124442 0.0445129 -0.151965
vn 0.841764 -0.538964 -0.0308479
v -0.010466 0.047067 -0.158171
vn 0.953433 -0.168793 0.249948
v -0.0112135 0.0464271 -0.151985
vn 0.985552 -0.168713 -0.0149056
v -0.0107576 0.0470232 -0.145705
vn 0.644394 0.761272 -0.0722609
v -0.0115091 0.045841 -0.129221
vn -0.215331 0.971314 0.1009
v -0.00845241 0.0464837 -0.140495
vn 0.304767 0.89741 -0.319018
v -0.0115091 0.045841 -0.129221
vn -0.215331 0.971314 0.1009
v -0.0107576 0.0470232 -0.145705
vn 0.644394 0.761272 -0.0722609
v -0.0134712 0.0471772 -0.14201
vn -0.243881 0.962788 0.116457
v -0.0107576 0.0470232 -0.145705
vn 0.644394 0.761272 -0.0722609
v -0.0138103 0.0481767 -0.15155
vn -0.281104 0.955713 0.0871372
v -0.0134712 0.0471772 -0.14201
vn -0.243881 0.962788 0.116457
v -0.0138103 0.0481767 -0.15155
vn -0.281104 0.955713 0.0871372
v -0.0107576 0.0470232 -0.145705
vn 0.644394 0.761272 -0.0722609
v -0.011526 0.0476707 -0.151957
vn 0.68243 0.726244 0.0828145
v -0.011526 0.0476707 -0.151957
vn 0.68243 0.726244 0.0828145
v -0.0127126 0.0489683 -0.159082
vn -0.279311 0.959803 0.0276231
v -0.0138103 0.0481767 -0.15155
vn -0.281104 0.955713 0.0871372
v -0.0127126 0.0489683 -0.159082
vn -0.279311 0.959803 0.0276231
v -0.011526 0.0476707 -0.151957
vn 0.68243 0.726244 0.0828145
v -0.0107576 0.0483181 -0.158209
vn 0.657537 0.707856 0.258041
v -0.0107576 0.0483181 -0.158209
vn 0.657537 0.707856 0.258041
v -0.00998843 0.0495416 -0.164522
vn -0.225415 0.9709 -0.0808796
v -0.0127126 0.0489683 -0.159082
vn -0.279311 0.959803 0.0276231
v -0.00998843 0.0495416 -0.164522
vn -0.225415 0.9709 -0.0808796
v -0.0107576 0.0483181 -0.158209
vn 0.657537 0.707856 0.258041
v -0.00845241 0.0488578 -0.163419
vn 0.540362 0.687516 0.485109
v -0.00461041 0.0491815 -0.166545
vn 0.305137 0.62623 0.717445
v -0.00998843 0.0495416 -0.164522
vn -0.225415 0.9709 -0.0808796
v -0.00845241 0.0488578 -0.163419
vn 0.540362 0.687516 0.485109
v -0.00998843 0.0495416 -0.164522
vn -0.225415 0.9709 -0.0808796
v -0.00461041 0.0491815 -0.166545
vn 0.305137 0.62623 0.717445
v -0.00544824 0.0498854 -0.167787
vn -0.0937221 0.979886 -0.176181
v -0.00461041 0.0491815 -0.166545
vn 0.305137 0.62623 0.717445
v 7.80493e-09 0.05 -0.168875
vn -0.00481638 0.979988 -0.198997
v -0.00544824 0.0498854 -0.167787
vn -0.0937221 0.979886 -0.176181
v 7.80493e-09 0.05 -0.168875
vn -0.00481638 0.979988 -0.198997
v -0.00461041 0.0491815 -0.166545
vn 0.305137 0.62623 0.717445
v 6.89642e-09 0.0492894 -0.167587
vn 0.00308029 0.592061 0.805887
v 6.89642e-09 0.0492894 -0.167587
vn 0.00308029 0.592061 0.805887
v 0.00544824 0.0498854 -0.167787
vn 0.0966115 0.980675 -0.170127
v 7.80493e-09 0.05 -0.168875
vn -0.00481638 0.979988 -0.198997
v 0.00544824 0.0498854 -0.167787
vn 0.0966115 0.980675 -0.170127
v 6.89642e-09 0.0492894 -0.167587
vn 0.00308029 0.592061 0.805887
v 0.00461041 0.0491815 -0.166545
vn -0.307413 0.627929 0.714984
v 0.00461041 0.0491815 -0.166545
vn -0.307413 0.627929 0.714984
v 0.00998845 0.0495416 -0.164522
vn 0.225415 0.9709 -0.0808798
v 0.00544824 0.0498854 -0.167787
vn 0.0966115 0.980675 -0.170127
v 0.00998845 0.0495416 -0.164522
vn 0.225415 0.9709 -0.0808798
v 0.00461041 0.0491815 -0.166545
vn -0.307413 0.627929 0.714984
v 0.00845242 0.0488578 -0.163419
vn -0.540171 0.686701 0.486474
v 0.0107576 0.0483181 -0.158209
vn -0.657061 0.707847 0.259276
v 0.00998845 0.0495416 -0.164522
vn 0.225415 0.9709 -0.0808798
v 0.00845242 0.0488578 -0.163419
vn -0.540171 0.686701 0.486474
v 0.00998845 0.0495416 -0.164522
vn 0.225415 0.9709 -0.0808798
v 0.0107576 0.0483181 -0.158209
vn -0.657061 0.707847 0.259276
v 0.0127126 0.0489683 -0.159082
vn 0.265359 0.963916 0.0212417
v 0.0107576 0.0483181 -0.158209
vn -0.657061 0.707847 0.259276
v 0.0138103 0.0481767 -0.15155
vn 0.255706 0.963532 0.0788673
v 0.0127126 0.0489683 -0.159082
vn 0.265359 0.963916 0.0212417
v 0.0138103 0.0481767 -0.15155
vn 0.255706 0.963532 0.0788673
v 0.0107576 0.0483181 -0.158209
vn -0.657061 0.707847 0.259276
v 0.011526 0.0476707 -0.151957
vn -0.679538 0.728686 0.0851163
v 0.011526 0.0476707 -0.151957
vn -0.679538 0.728686 0.0851163
v 0.0134713 0.0471772 -0.14201
vn 0.238883 0.963185 0.123329
v 0.0138103 0.0481767 -0.15155
vn 0.255706 0.963532 0.0788673
v 0.0134713 0.0471772 -0.14201
vn 0.238883 0.963185 0.123329
v 0.011526 0.0476707 -0.151957
vn -0.679538 0.728686 0.0851163
v 0.0107576 0.0470232 -0.145705
vn -0.635006 0.768557 -0.0780187
v 0.0107576 0.0470232 -0.145705
vn -0.635006 0.768557 -0.0780187
v 0.0115091 0.045841 -0.129221
vn 0.215331 0.971314 0.1009
v 0.0134713 0.0471772 -0.14201
vn 0.238883 0.963185 0.123329
v 0.0115091 0.045841 -0.129221
vn 0.215331 0.971314 0.1009
v 0.0107576 0.0470232 -0.145705
vn -0.635006 0.768557 -0.0780187
v 0.00845242 0.0464837 -0.140495
vn -0.305049 0.897969 -0.31717
v -0.011526 0.0476707 -0.151957
vn 0.68243 0.726244 0.0828145
v -0.010466 0.045787 -0.145799
vn 0.944489 -0.187733 -0.269624
v -0.0112135 0.0464271 -0.151985
vn 0.985552 -0.168713 -0.0149056
v -0.010466 0.045787 -0.145799
vn 0.944489 -0.187733 -0.269624
v -0.011526 0.0476707 -0.151957
vn 0.68243 0.726244 0.0828145
v -0.0107576 0.0470232 -0.145705
vn 0.644394 0.761272 -0.0722609
v -0.0107576 0.0470232 -0.145705
vn 0.644394 0.761272 -0.0722609
v -0.00822327 0.0452534 -0.140644
vn 0.481969 -0.287257 -0.827761
v -0.010466 0.045787 -0.145799
vn 0.944489 -0.187733 -0.269624
v -0.00822327 0.0452534 -0.140644
vn 0.481969 -0.287257 -0.827761
v -0.0107576 0.0470232 -0.145705
vn 0.644394 0.761272 -0.0722609
v -0.00845241 0.0464837 -0.140495
vn 0.304767 0.89741 -0.319018
v -0.00845241 0.0488578 -0.163419
vn 0.540362 0.687516 0.485109
v -0.010466 0.047067 -0.158171
vn 0.953433 -0.168793 0.249948
v -0.00822327 0.0476005 -0.163327
vn 0.790681 -0.167004 0.589011
v -0.010466 0.047067 -0.158171
vn 0.953433 -0.168793 0.249948
v -0.00845241 0.0488578 -0.163419
vn 0.540362 0.687516 0.485109
v -0.0107576 0.0483181 -0.158209
vn 0.657537 0.707856 0.258041
v -0.0107576 0.0483181 -0.158209
vn 0.657537 0.707856 0.258041
v -0.0112135 0.0464271 -0.151985
vn 0.985552 -0.168713 -0.0149056
v -0.010466 0.047067 -0.158171
vn 0.953433 -0.168793 0.249948
v -0.0112135 0.0464271 -0.151985
vn 0.985552 -0.168713 -0.0149056
v -0.0107576 0.0483181 -0.158209
vn 0.657537 0.707856 0.258041
v -0.011526 0.0476707 -0.151957
vn 0.68243 0.726244 0.0828145
v 0.011526 0.0476707 -0.151957
vn -0.679538 0.728686 0.0851163
v 0.010466 0.047067 -0.158171
vn -0.954439 -0.166197 0.24784
v 0.0112136 0.0464271 -0.151985
vn -0.985966 -0.166231 -0.0154321
v 0.010466 0.047067 -0.158171
vn -0.954439 -0.166197 0.24784
v 0.011526 0.0476707 -0.151957
vn -0.679538 0.728686 0.0851163
v 0.0107576 0.0483181 -0.158209
vn -0.657061 0.707847 0.259276
v 0.0107576 0.0483181 -0.158209
vn -0.657061 0.707847 0.259276
v 0.00822327 0.0476005 -0.163327
vn -0.789887 -0.166038 0.590348
v 0.010466 0.047067 -0.158171
vn -0.954439 -0.166197 0.24784
v 0.00822327 0.0476005 -0.163327
vn -0.789887 -0.166038 0.590348
v 0.0107576 0.0483181 -0.158209
vn -0.657061 0.707847 0.259276
v 0.00845242 0.0488578 -0.163419
vn -0.540171 0.686701 0.486474
v 0.00845242 0.0464837 -0.140495
vn -0.305049 0.897969 -0.31717
v 0.010466 0.045787 -0.145799
vn -0.944825 -0.187517 -0.268596
v 0.00822327 0.0452534 -0.140644
vn -0.482795 -0.288422 -0.826875
v 0.010466 0.045787 -0.145799
vn -0.944825 -0.187517 -0.268596
v 0.00845242 0.0464837 -0.140495
vn -0.305049 0.897969 -0.31717
v 0.0107576 0.0470232 -0.145705
vn -0.635006 0.768557 -0.0780187
v 0.0107576 0.0470232 -0.145705
vn -0.635006 0.768557 -0.0780187
v 0.0112136 0.0464271 -0.151985
vn -0.985966 -0.166231 -0.0154321
v 0.010466 0.045787 -0.145799
vn -0.944825 -0.187517 -0.268596
v 0.0112136 0.0464271 -0.151985
vn -0.985966 -0.166231 -0.0154321
v 0.0107576 0.0470232 -0.145705
vn -0.635006 0.768557 -0.0780187
v 0.011526 0.0476707 -0.151957
vn -0.679538 0.728686 0.0851163
v -0.00461041 0.0491815 -0.166545
vn 0.305137 0.62623 0.717445
v -0.00822327 0.0476005 -0.163327
vn 0.790681 -0.167004 0.589011
v -0.00448542 0.0479206 -0.16642
vn 0.430618 -0.145749 0.890688
v -0.00822327 0.0476005 -0.163327
vn 0.790681 -0.167004 0.589011
v -0.00461041 0.0491815 -0.166545
vn 0.305137 0.62623 0.717445
v -0.00845241 0.0488578 -0.163419
vn 0.540362 0.687516 0.485109
v 6.5867e-09 0.0480272 -0.167451
vn -0.00275534 -0.129183 0.991617
v -0.00461041 0.0491815 -0.166545
vn 0.305137 0.62623 0.717445
v -0.00448542 0.0479206 -0.16642
vn 0.430618 -0.145749 0.890688
v -0.00461041 0.0491815 -0.166545
vn 0.305137 0.62623 0.717445
v 6.5867e-09 0.0480272 -0.167451
vn -0.00275534 -0.129183 0.991617
v 6.89642e-09 0.0492894 -0.167587
vn 0.00308029 0.592061 0.805887
v 0.00461041 0.0491815 -0.166545
vn -0.307413 0.627929 0.714984
v 6.5867e-09 0.0480272 -0.167451
vn -0.00275534 -0.129183 0.991617
v 0.00448544 0.0479206 -0.16642
vn -0.427958 -0.143289 0.892368
v 6.5867e-09 0.0480272 -0.167451
vn -0.00275534 -0.129183 0.991617
v 0.00461041 0.0491815 -0.166545
vn -0.307413 0.627929 0.714984
v 6.89642e-09 0.0492894 -0.167587
vn 0.00308029 0.592061 0.805887
v 0.00822327 0.0476005 -0.163327
vn -0.789887 -0.166038 0.590348
v 0.00461041 0.0491815 -0.166545
vn -0.307413 0.627929 0.714984
v 0.00448544 0.0479206 -0.16642
vn -0.427958 -0.143289 0.892368
v 0.00461041 0.0491815 -0.166545
vn -0.307413 0.627929 0.714984
v 0.00822327 0.0476005 -0.163327
vn -0.789887 -0.166038 0.590348
v 0.00845242 0.0488578 -0.163419
vn -0.540171 0.686701 0.486474
v 0.00845242 0.0464837 -0.140495
vn -0.305049 0.897969 -0.31717
v -0.00822327 0.0452534 -0.140644
vn 0.481969 -0.287257 -0.827761
v -0.00845241 0.0464837 -0.140495
vn 0.304767 0.89741 -0.319018
v -0.00822327 0.0452534 -0.140644
vn 0.481969 -0.287257 -0.827761
v 0.00845242 0.0464837 -0.140495
vn -0.305049 0.897969 -0.31717
v 0.00822327 0.0452534 -0.140644
vn -0.482795 -0.288422 -0.826875
v 0.13791 -0.0224983 -0.0163308
vn -0.959356 0.231382 0.161549
v 0.13408 0.0329148 -0.03593
vn -0.163928 0.407715 0.898274
v 0.133891 -0.0201349 -0.0307594
vn -0.529395 0.389923 0.753459
v 0.13408 0.0329148 -0.03593
vn -0.163928 0.407715 0.898274
v 0.13791 -0.0224983 -0.0163308
vn -0.959356 0.231382 0.161549
v 0.139261 0.0342983 -0.0351772
vn -0.342652 0.707102 0.618544
v 0.133948 -0.0313993 -0.0163308
vn -0.497299 0.81403 0.30008
v 0.13791 -0.0224983 -0.0163308
vn -0.959356 0.231382 0.161549
v 0.133891 -0.0201349 -0.0307594
vn -0.529395 0.389923 0.753459
v 0.13791 -0.0241326 -0.000967524
vn -0.967866 0.250267 0.0245217
v 0.133948 -0.0313993 -0.0163308
vn -0.497299 0.81403 0.30008
v 0.133948 -0.0323343 -0.000967523
vn -0.532977 0.844293 0.0557297
v 0.133948 -0.0313993 -0.0163308
vn -0.497299 0.81403 0.30008
v 0.13791 -0.0241326 -0.000967524
vn -0.967866 0.250267 0.0245217
v 0.13791 -0.0224983 -0.0163308
vn -0.959356 0.231382 0.161549
v 0.13791 -0.0402347 0.12742
vn -0.845663 0.503629 0.176669
v 0.133948 -0.0419055 0.123723
vn -0.317769 0.922341 0.219793
v 0.133948 -0.0428923 0.126643
vn -0.291322 0.905525 0.308475
v 0.133948 -0.0419055 0.123723
vn -0.317769 0.922341 0.219793
v 0.13791 -0.0402347 0.12742
vn -0.845663 0.503629 0.176669
v 0.13791 -0.039091 0.124125
vn -0.85428 0.502666 0.132414
v 0.13791 -0.0356055 0.102227
vn -0.886112 0.459312 0.0619507
v 0.133948 -0.0419055 0.123723
vn -0.317769 0.922341 0.219793
v 0.13791 -0.039091 0.124125
vn -0.85428 0.502666 0.132414
v 0.133948 -0.0419055 0.123723
vn -0.317769 0.922341 0.219793
v 0.13791 -0.0356055 0.102227
vn -0.886112 0.459312 0.0619507
v 0.133948 -0.0392209 0.102128
vn -0.369857 0.923673 0.100169
v 0.137351 -0.0450846 0.138174
vn -0.708013 0.694467 0.128194
v 0.133948 -0.0428923 0.126643
vn -0.291322 0.905525 0.308475
v 0.133891 -0.0458506 0.13633
vn -0.158251 0.96864 0.191557
v 0.133948 -0.0428923 0.126643
vn -0.291322 0.905525 0.308475
v 0.137351 -0.0450846 0.138174
vn -0.708013 0.694467 0.128194
v 0.13791 -0.0402347 0.12742
vn -0.845663 0.503629 0.176669
v 0.139295 -0.0487954 0.170959
vn 0.0542339 -0.052176 0.997164
v 0.13408 -0.0484189 0.16967
vn -0.0384728 0.961406 0.272429
v 0.134086 -0.0489656 0.171046
vn -0.0129929 -0.0386914 0.999167
v 0.13408 -0.0484189 0.16967
vn -0.0384728 0.961406 0.272429
v 0.139295 -0.0487954 0.170959
vn 0.0542339 -0.052176 0.997164
v 0.139261 -0.0477386 0.169323
vn -0.0842911 0.896532 0.434885
v 0.139261 -0.0477386 0.169323
vn -0.0842911 0.896532 0.434885
v 0.134059 -0.0478298 0.165601
vn -0.124669 0.982836 0.135978
v 0.13408 -0.0484189 0.16967
vn -0.0384728 0.961406 0.272429
v 0.134059 -0.0478298 0.165601
vn -0.124669 0.982836 0.135978
v 0.139261 -0.0477386 0.169323
vn -0.0842911 0.896532 0.434885
v 0.139175 -0.0458704 0.163934
vn -0.329927 0.898721 0.288876
v 0.139306 -0.0496957 0.165679
vn 0.0069423 -0.999045 0.0431378
v 0.134088 -0.0493912 0.169712
vn 8.6251e-05 -0.981608 0.19091
v 0.134088 -0.0496957 0.16568
vn 5.75184e-07 -0.999117 0.0420108
v 0.134088 -0.0493912 0.169712
vn 8.6251e-05 -0.981608 0.19091
v 0.139306 -0.0496957 0.165679
vn 0.0069423 -0.999045 0.0431378
v 0.139306 -0.0493912 0.169712
vn 0.0367349 -0.963977 0.263435
v 0.139306 -0.0493912 0.169712
vn 0.0367349 -0.963977 0.263435
v 0.134086 -0.0489656 0.171046
vn -0.0129929 -0.0386914 0.999167
v 0.134088 -0.0493912 0.169712
vn 8.6251e-05 -0.981608 0.19091
v 0.134086 -0.0489656 0.171046
vn -0.0129929 -0.0386914 0.999167
v 0.139306 -0.0493912 0.169712
vn 0.0367349 -0.963977 0.263435
v 0.139295 -0.0487954 0.170959
vn 0.0542339 -0.052176 0.997164
v 0.139306 -0.05 0.130618
vn 0.00800419 -0.999959 0.00429109
v 0.134088 -0.0496957 0.16568
vn 5.75184e-07 -0.999117 0.0420108
v 0.134088 -0.05 0.130618
vn -3.26139e-09 -0.999991 0.00433964
v 0.134088 -0.0496957 0.16568
vn 5.75184e-07 -0.999117 0.0420108
v 0.139306 -0.05 0.130618
vn 0.00800419 -0.999959 0.00429109
v 0.139306 -0.0496957 0.165679
vn 0.0069423 -0.999045 0.0431378
v 0.139306 -0.05 0.125474
vn 0.00817877 -0.999967 -5.06161e-06
v 0.134088 -0.05 0.130618
vn -3.26139e-09 -0.999991 0.00433964
v 0.134088 -0.05 0.125474
vn 0 -1 4.37114e-08
v 0.134088 -0.05 0.130618
vn -3.26139e-09 -0.999991 0.00433964
v 0.139306 -0.05 0.125474
vn 0.00817877 -0.999967 -5.06161e-06
v 0.139306 -0.05 0.130618
vn 0.00800419 -0.999959 0.00429109
v 0.139306 -0.05 0.102922
vn 0.00824056 -0.999966 4.38037e-08
v 0.134088 -0.05 0.125474
vn 0 -1 4.37114e-08
v 0.134088 -0.05 0.102922
vn 0 -1 4.37113e-08
v 0.134088 -0.05 0.125474
vn 0 -1 4.37114e-08
v 0.139306 -0.05 0.102922
vn 0.00824056 -0.999966 4.38037e-08
v 0.139306 -0.05 0.125474
vn 0.00817877 -0.999967 -5.06161e-06
v 0.139306 -0.05 -0.0135414
vn 0.00824061 -0.999966 4.36351e-08
v 0.134088 -0.05 0.00151809
vn 0 -1 4.37114e-08
v 0.134088 -0.05 -0.0135414
vn 0 -1 4.37113e-08
v 0.134088 -0.05 0.00151809
vn 0 -1 4.37114e-08
v 0.139306 -0.05 -0.0135414
vn 0.00824061 -0.999966 4.36351e-08
v 0.139306 -0.05 0.00151809
vn 0.00824057 -0.999966 4.36688e-08
v 0.139306 -0.05 -0.0332849
vn 0.0081963 -0.999915 -0.0101329
v 0.134088 -0.05 -0.0135414
vn 0 -1 4.37113e-08
v 0.134088 -0.05 -0.0332849
vn 0 -0.999948 -0.0101747
v 0.134088 -0.05 -0.0135414
vn 0 -1 4.37113e-08
v 0.139306 -0.05 -0.0332849
vn 0.0081963 -0.999915 -0.0101329
v 0.139306 -0.05 -0.0135414
vn 0.00824061 -0.999966 4.36351e-08
v 0.139306 -0.0499348 -0.0364872
vn 0.00814537 -0.999002 -0.0439258
v 0.134088 -0.05 -0.0332849
vn 0 -0.999948 -0.0101747
v 0.134088 -0.0499348 -0.0364872
vn 0 -0.999036 -0.0438902
v 0.134088 -0.05 -0.0332849
vn 0 -0.999948 -0.0101747
v 0.139306 -0.0499348 -0.0364872
vn 0.00814537 -0.999002 -0.0439258
v 0.139306 -0.05 -0.0332849
vn 0.0081963 -0.999915 -0.0101329
v 0.139306 -0.0493481 -0.0416643
vn 0.0120308 -0.952741 -0.303544
v 0.134088 -0.0497393 -0.0393811
vn 0 -0.992978 -0.118302
v 0.134088 -0.0493481 -0.0416643
vn 0 -0.953285 -0.302072
v 0.134088 -0.0497393 -0.0393811
vn 0 -0.992978 -0.118302
v 0.139306 -0.0493481 -0.0416643
vn 0.0120308 -0.952741 -0.303544
v 0.139306 -0.0497393 -0.0393811
vn 0.00879026 -0.992894 -0.118673
v 0.139306 -0.0497393 -0.0393811
vn 0.00879026 -0.992894 -0.118673
v 0.134088 -0.0499348 -0.0364872
vn 0 -0.999036 -0.0438902
v 0.134088 -0.0497393 -0.0393811
vn 0 -0.992978 -0.118302
v 0.134088 -0.0499348 -0.0364872
vn 0 -0.999036 -0.0438902
v 0.139306 -0.0497393 -0.0393811
vn 0.00879026 -0.992894 -0.118673
v 0.139306 -0.0499348 -0.0364872
vn 0.00814537 -0.999002 -0.0439258
v 0.139306 -0.0469042 -0.0437192
vn 0.0233766 -0.208506 -0.977742
v 0.134088 -0.0486964 -0.0430343
vn -0.000840036 -0.675061 -0.737762
v 0.134088 -0.0468436 -0.0437192
vn -0.00148216 -0.203906 -0.978989
v 0.134088 -0.0486964 -0.0430343
vn -0.000840036 -0.675061 -0.737762
v 0.139306 -0.0469042 -0.0437192
vn 0.0233766 -0.208506 -0.977742
v 0.139306 -0.0486964 -0.0430343
vn 0.0191463 -0.677169 -0.735579
v 0.139306 -0.0486964 -0.0430343
vn 0.0191463 -0.677169 -0.735579
v 0.134088 -0.0493481 -0.0416643
vn 0 -0.953285 -0.302072
v 0.134088 -0.0486964 -0.0430343
vn -0.000840036 -0.675061 -0.737762
v 0.134088 -0.0493481 -0.0416643
vn 0 -0.953285 -0.302072
v 0.139306 -0.0486964 -0.0430343
vn 0.0191463 -0.677169 -0.735579
v 0.139306 -0.0493481 -0.0416643
vn 0.0120308 -0.952741 -0.303544
v 0.139306 -0.0430921 -0.0439476
vn 0.028248 -0.0167697 -0.99946
v 0.134088 -0.0468436 -0.0437192
vn -0.00148216 -0.203906 -0.978989
v 0.134088 -0.0428497 -0.0439476
vn -0.00019594 -0.0160939 -0.99987
v 0.134088 -0.0468436 -0.0437192
vn -0.00148216 -0.203906 -0.978989
v 0.139306 -0.0430921 -0.0439476
vn 0.028248 -0.0167697 -0.99946
v 0.139306 -0.0469042 -0.0437192
vn 0.0233766 -0.208506 -0.977742
v 0.139306 0.0341749 -0.0420741
vn 0.175039 0.432254 -0.8846
v 0.134088 -0.0428497 -0.0439476
vn -0.00019594 -0.0160939 -0.99987
v 0.134088 0.034781 -0.0421424
vn 0.0356418 0.461202 -0.886579
v 0.134088 -0.0428497 -0.0439476
vn -0.00019594 -0.0160939 -0.99987
v 0.139306 0.0341749 -0.0420741
vn 0.175039 0.432254 -0.8846
v 0.139306 -0.0430921 -0.0439476
vn 0.028248 -0.0167697 -0.99946
v 0.139295 0.0360558 -0.0378207
vn -0.00438659 0.966337 0.257241
v 0.134088 0.036125 -0.0403372
vn 0.0126879 0.968237 -0.249711
v 0.134086 0.0357704 -0.0381523
vn -0.074008 0.87353 0.481112
v 0.134088 0.036125 -0.0403372
vn 0.0126879 0.968237 -0.249711
v 0.139295 0.0360558 -0.0378207
vn -0.00438659 0.966337 0.257241
v 0.139306 0.0358826 -0.0402007
vn 0.162403 0.893039 -0.419651
v 0.139306 0.0358826 -0.0402007
vn 0.162403 0.893039 -0.419651
v 0.134088 0.034781 -0.0421424
vn 0.0356418 0.461202 -0.886579
v 0.134088 0.036125 -0.0403372
vn 0.0126879 0.968237 -0.249711
v 0.134088 0.034781 -0.0421424
vn 0.0356418 0.461202 -0.886579
v 0.139306 0.0358826 -0.0402007
vn 0.162403 0.893039 -0.419651
v 0.139306 0.0341749 -0.0420741
vn 0.175039 0.432254 -0.8846
v 0.139261 0.0342983 -0.0351772
vn -0.342652 0.707102 0.618544
v 0.134086 0.0357704 -0.0381523
vn -0.074008 0.87353 0.481112
v 0.13408 0.0329148 -0.03593
vn -0.163928 0.407715 0.898274
v 0.134086 0.0357704 -0.0381523
vn -0.074008 0.87353 0.481112
v 0.139261 0.0342983 -0.0351772
vn -0.342652 0.707102 0.618544
v 0.139295 0.0360558 -0.0378207
vn -0.00438659 0.966337 0.257241
v -0.134088 -0.0428497 -0.0439476
vn 8.88146e-05 -0.0166039 -0.999862
v -0.139306 -0.0469042 -0.0437192
vn -0.0241724 -0.210513 -0.977292
v -0.139306 -0.0430921 -0.0439476
vn -0.027845 -0.0161875 -0.999481
v -0.139306 -0.0469042 -0.0437192
vn -0.0241724 -0.210513 -0.977292
v -0.134088 -0.0428497 -0.0439476
vn 8.88146e-05 -0.0166039 -0.999862
v -0.134088 -0.0468436 -0.0437192
vn 0.00117532 -0.203637 -0.979046
v -0.134088 -0.0486964 -0.0430343
vn 0.000840168 -0.67506 -0.737762
v -0.139306 -0.0469042 -0.0437192
vn -0.0241724 -0.210513 -0.977292
v -0.134088 -0.0468436 -0.0437192
vn 0.00117532 -0.203637 -0.979046
v -0.139306 -0.0469042 -0.0437192
vn -0.0241724 -0.210513 -0.977292
v -0.134088 -0.0486964 -0.0430343
vn 0.000840168 -0.67506 -0.737762
v -0.139306 -0.0486964 -0.0430343
vn -0.0213242 -0.675881 -0.736703
v -0.134088 -0.0486964 -0.0430343
vn 0.000840168 -0.67506 -0.737762
v -0.139306 -0.0493481 -0.0416643
vn -0.0119419 -0.952762 -0.303482
v -0.139306 -0.0486964 -0.0430343
vn -0.0213242 -0.675881 -0.736703
v -0.139306 -0.0493481 -0.0416643
vn -0.0119419 -0.952762 -0.303482
v -0.134088 -0.0486964 -0.0430343
vn 0.000840168 -0.67506 -0.737762
v -0.134088 -0.0493481 -0.0416643
vn 0 -0.953285 -0.302073
v -0.0510672 -0.0468455 -0.0437192
vn -3.63017e-07 -0.204366 -0.978895
v -0.134088 -0.0486964 -0.0430343
vn 0.000840168 -0.67506 -0.737762
v -0.134088 -0.0468436 -0.0437192
vn 0.00117532 -0.203637 -0.979046
v -0.134088 -0.0486964 -0.0430343
vn 0.000840168 -0.67506 -0.737762
v -0.0510672 -0.0468455 -0.0437192
vn -3.63017e-07 -0.204366 -0.978895
v -0.0510672 -0.0486964 -0.0430343
vn 0 -0.674728 -0.738066
v -0.0510672 -0.0493481 -0.0416643
vn 0 -0.953285 -0.302073
v -0.134088 -0.0486964 -0.0430343
vn 0.000840168 -0.67506 -0.737762
v -0.0510672 -0.0486964 -0.0430343
vn 0 -0.674728 -0.738066
v -0.134088 -0.0486964 -0.0430343
vn 0.000840168 -0.67506 -0.737762
v -0.0510672 -0.0493481 -0.0416643
vn 0 -0.953285 -0.302073
v -0.134088 -0.0493481 -0.0416643
vn 0 -0.953285 -0.302073
v -0.0510672 -0.0428578 -0.0439476
vn -0.0226493 -0.0534309 -0.998315
v -0.134088 -0.0468436 -0.0437192
vn 0.00117532 -0.203637 -0.979046
v -0.134088 -0.0428497 -0.0439476
vn 8.88146e-05 -0.0166039 -0.999862
v -0.134088 -0.0468436 -0.0437192
vn 0.00117532 -0.203637 -0.979046
v -0.0510672 -0.0428578 -0.0439476
vn -0.0226493 -0.0534309 -0.998315
v -0.0510672 -0.0468455 -0.0437192
vn -3.63017e-07 -0.204366 -0.978895
v -0.134088 -0.0497393 -0.0393811
vn 0 -0.992978 -0.118302
v -0.139306 -0.0493481 -0.0416643
vn -0.0119419 -0.952762 -0.303482
v -0.134088 -0.0493481 -0.0416643
vn 0 -0.953285 -0.302073
v -0.139306 -0.0493481 -0.0416643
vn -0.0119419 -0.952762 -0.303482
v -0.134088 -0.0497393 -0.0393811
vn 0 -0.992978 -0.118302
v -0.139306 -0.0497393 -0.0393811
vn -0.00878988 -0.992894 -0.118673
v -0.134088 -0.0497393 -0.0393811
vn 0 -0.992978 -0.118302
v -0.139306 -0.0499348 -0.0364872
vn -0.00814503 -0.999002 -0.0439257
v -0.139306 -0.0497393 -0.0393811
vn -0.00878988 -0.992894 -0.118673
v -0.139306 -0.0499348 -0.0364872
vn -0.00814503 -0.999002 -0.0439257
v -0.134088 -0.0497393 -0.0393811
vn 0 -0.992978 -0.118302
v -0.134088 -0.0499348 -0.0364872
vn 0 -0.999036 -0.0438902
v -0.134088 -0.05 -0.0332849
vn 0 -0.999948 -0.0101747
v -0.139306 -0.0499348 -0.0364872
vn -0.00814503 -0.999002 -0.0439257
v -0.134088 -0.0499348 -0.0364872
vn 0 -0.999036 -0.0438902
v -0.139306 -0.0499348 -0.0364872
vn -0.00814503 -0.999002 -0.0439257
v -0.134088 -0.05 -0.0332849
vn 0 -0.999948 -0.0101747
v -0.139306 -0.05 -0.0332849
vn -0.00819616 -0.999915 -0.0101328
v -0.0510672 -0.0499348 -0.0364872
vn 0 -0.999036 -0.0438902
v -0.134088 -0.05 -0.0332849
vn 0 -0.999948 -0.0101747
v -0.134088 -0.0499348 -0.0364872
vn 0 -0.999036 -0.0438902
v -0.134088 -0.05 -0.0332849
vn 0 -0.999948 -0.0101747
v -0.0510672 -0.0499348 -0.0364872
vn 0 -0.999036 -0.0438902
v -0.0510672 -0.05 -0.0332849
vn 0 -0.999948 -0.0101747
v -0.0510672 -0.0497393 -0.0393811
vn 0 -0.992978 -0.118302
v -0.134088 -0.0493481 -0.0416643
vn 0 -0.953285 -0.302073
v -0.0510672 -0.0493481 -0.0416643
vn 0 -0.953285 -0.302073
v -0.134088 -0.0493481 -0.0416643
vn 0 -0.953285 -0.302073
v -0.0510672 -0.0497393 -0.0393811
vn 0 -0.992978 -0.118302
v -0.134088 -0.0497393 -0.0393811
vn 0 -0.992978 -0.118302
v -0.0510672 -0.0499348 -0.0364872
vn 0 -0.999036 -0.0438902
v -0.134088 -0.0497393 -0.0393811
vn 0 -0.992978 -0.118302
v -0.0510672 -0.0497393 -0.0393811
vn 0 -0.992978 -0.118302
v -0.134088 -0.0497393 -0.0393811
vn 0 -0.992978 -0.118302
v -0.0510672 -0.0499348 -0.0364872
vn 0 -0.999036 -0.0438902
v -0.134088 -0.0499348 -0.0364872
vn 0 -0.999036 -0.0438902
v -0.134088 -0.05 -0.0135414
vn 0 -1 4.37114e-08
v -0.139306 -0.05 -0.0332849
vn -0.00819616 -0.999915 -0.0101328
v -0.134088 -0.05 -0.0332849
vn 0 -0.999948 -0.0101747
v -0.139306 -0.05 -0.0332849
vn -0.00819616 -0.999915 -0.0101328
v -0.134088 -0.05 -0.0135414
vn 0 -1 4.37114e-08
v -0.139306 -0.05 -0.0135414
vn -0.00824102 -0.999966 3.94094e-08
v -0.134088 -0.05 -0.0135414
vn 0 -1 4.37114e-08
v -0.139306 -0.05 0.00151809
vn -0.00824095 -0.999966 4.36698e-08
v -0.139306 -0.05 -0.0135414
vn -0.00824102 -0.999966 3.94094e-08
v -0.139306 -0.05 0.00151809
vn -0.00824095 -0.999966 4.36698e-08
v -0.134088 -0.05 -0.0135414
vn 0 -1 4.37114e-08
v -0.134088 -0.05 0.00151809
vn 1.5646e-17 -1 4.37113e-08
v -0.0510672 -0.05 -0.0135414
vn 0 -1 4.37114e-08
v -0.134088 -0.05 0.00151809
vn 1.5646e-17 -1 4.37113e-08
v -0.134088 -0.05 -0.0135414
vn 0 -1 4.37114e-08
v -0.134088 -0.05 0.00151809
vn 1.5646e-17 -1 4.37113e-08
v -0.0510672 -0.05 -0.0135414
vn 0 -1 4.37114e-08
v -0.0510672 -0.05 0.00151808
vn 8.92579e-17 -1 4.37114e-08
v -0.0510672 -0.05 -0.0135414
vn 0 -1 4.37114e-08
v -0.134088 -0.05 -0.0332849
vn 0 -0.999948 -0.0101747
v -0.0510672 -0.05 -0.0332849
vn 0 -0.999948 -0.0101747
v -0.134088 -0.05 -0.0332849
vn 0 -0.999948 -0.0101747
v -0.0510672 -0.05 -0.0135414
vn 0 -1 4.37114e-08
v -0.134088 -0.05 -0.0135414
vn 0 -1 4.37114e-08
v -0.134088 -0.05 0.102922
vn 0 -1 4.37114e-08
v -0.139306 -0.05 0.125474
vn -0.00817868 -0.999967 -5.18859e-06
v -0.139306 -0.05 0.102922
vn -0.00824095 -0.999966 7.37628e-08
v -0.139306 -0.05 0.125474
vn -0.00817868 -0.999967 -5.18859e-06
v -0.134088 -0.05 0.102922
vn 0 -1 4.37114e-08
v -0.134088 -0.05 0.125474
vn 0 -1 4.37115e-08
v -0.134088 -0.05 0.130618
vn 3.26139e-09 -0.999991 0.00433964
v -0.139306 -0.05 0.125474
vn -0.00817868 -0.999967 -5.18859e-06
v -0.134088 -0.05 0.125474
vn 0 -1 4.37115e-08
v -0.139306 -0.05 0.125474
vn -0.00817868 -0.999967 -5.18859e-06
v -0.134088 -0.05 0.130618
vn 3.26139e-09 -0.999991 0.00433964
v -0.139306 -0.05 0.130618
vn -0.00800457 -0.999959 0.00429104
v -0.0510672 -0.05 0.125474
vn 0 -1 4.37114e-08
v -0.134088 -0.05 0.130618
vn 3.26139e-09 -0.999991 0.00433964
v -0.134088 -0.05 0.125474
vn 0 -1 4.37115e-08
v -0.134088 -0.05 0.130618
vn 3.26139e-09 -0.999991 0.00433964
v -0.0510672 -0.05 0.125474
vn 0 -1 4.37114e-08
v -0.0510672 -0.05 0.130618
vn 0 -0.999991 0.00433967
v -0.0510672 -0.05 0.102922
vn 0 -1 4.37114e-08
v -0.134088 -0.05 0.125474
vn 0 -1 4.37115e-08
v -0.134088 -0.05 0.102922
vn 0 -1 4.37114e-08
v -0.134088 -0.05 0.125474
vn 0 -1 4.37115e-08
v -0.0510672 -0.05 0.102922
vn 0 -1 4.37114e-08
v -0.0510672 -0.05 0.125474
vn 0 -1 4.37114e-08
v -0.134088 -0.0496957 0.16568
vn -5.75184e-07 -0.999117 0.0420108
v -0.139306 -0.05 0.130618
vn -0.00800457 -0.999959 0.00429104
v -0.134088 -0.05 0.130618
vn 3.26139e-09 -0.999991 0.00433964
v -0.139306 -0.05 0.130618
vn -0.00800457 -0.999959 0.00429104
v -0.134088 -0.0496957 0.16568
vn -5.75184e-07 -0.999117 0.0420108
v -0.139306 -0.0496957 0.165679
vn -0.0069867 -0.999043 0.0431773
v -0.0510672 -0.0496957 0.165679
vn 3.36387e-08 -0.999117 0.0420089
v -0.134088 -0.05 0.130618
vn 3.26139e-09 -0.999991 0.00433964
v -0.0510672 -0.05 0.130618
vn 0 -0.999991 0.00433967
v -0.134088 -0.05 0.130618
vn 3.26139e-09 -0.999991 0.00433964
v -0.0510672 -0.0496957 0.165679
vn 3.36387e-08 -0.999117 0.0420089
v -0.134088 -0.0496957 0.16568
vn -5.75184e-07 -0.999117 0.0420108
v -0.134088 -0.0493912 0.169712
vn -0.00768562 -0.9805 0.196371
v -0.139306 -0.0496957 0.165679
vn -0.0069867 -0.999043 0.0431773
v -0.134088 -0.0496957 0.16568
vn -5.75184e-07 -0.999117 0.0420108
v -0.139306 -0.0496957 0.165679
vn -0.0069867 -0.999043 0.0431773
v -0.134088 -0.0493912 0.169712
vn -0.00768562 -0.9805 0.196371
v -0.139306 -0.0493912 0.169712
vn -0.0239827 -0.963794 0.265566
v -0.134088 -0.0493912 0.169712
vn -0.00768562 -0.9805 0.196371
v -0.139295 -0.0487964 0.170958
vn 0.00369318 -0.0718113 0.997411
v -0.139306 -0.0493912 0.169712
vn -0.0239827 -0.963794 0.265566
v -0.139295 -0.0487964 0.170958
vn 0.00369318 -0.0718113 0.997411
v -0.134088 -0.0493912 0.169712
vn -0.00768562 -0.9805 0.196371
v -0.134086 -0.0489656 0.171046
vn -0.00923064 -0.0438895 0.998994
v -0.13408 -0.0484194 0.169671
vn 0.0589312 0.953802 0.2946
v -0.139295 -0.0487964 0.170958
vn 0.00369318 -0.0718113 0.997411
v -0.134086 -0.0489656 0.171046
vn -0.00923064 -0.0438895 0.998994
v -0.139295 -0.0487964 0.170958
vn 0.00369318 -0.0718113 0.997411
v -0.13408 -0.0484194 0.169671
vn 0.0589312 0.953802 0.2946
v -0.139261 -0.0477423 0.169321
vn 0.0824849 0.89599 0.436345
v -0.13408 -0.0484194 0.169671
vn 0.0589312 0.953802 0.2946
v -0.139175 -0.0458867 0.163923
vn 0.337426 0.897227 0.284828
v -0.139261 -0.0477423 0.169321
vn 0.0824849 0.89599 0.436345
v -0.139175 -0.0458867 0.163923
vn 0.337426 0.897227 0.284828
v -0.13408 -0.0484194 0.169671
vn 0.0589312 0.953802 0.2946
v -0.134059 -0.0478316 0.165603
vn 0.164814 0.980451 0.107477
v -0.0510672 -0.0489913 0.171059
vn 0.000757127 -0.0250618 0.999686
v -0.13408 -0.0484194 0.169671
vn 0.0589312 0.953802 0.2946
v -0.134086 -0.0489656 0.171046
vn -0.00923064 -0.0438895 0.998994
v -0.13408 -0.0484194 0.169671
vn 0.0589312 0.953802 0.2946
v -0.0510672 -0.0489913 0.171059
vn 0.000757127 -0.0250618 0.999686
v -0.0510672 -0.0485217 0.169725
vn 0.000524421 0.973034 0.230662
v -0.0510672 -0.0480089 0.165712
vn 0.000802179 0.99531 0.0967319
v -0.13408 -0.0484194 0.169671
vn 0.0589312 0.953802 0.2946
v -0.0510672 -0.0485217 0.169725
vn 0.000524421 0.973034 0.230662
v -0.13408 -0.0484194 0.169671
vn 0.0589312 0.953802 0.2946
v -0.0510672 -0.0480089 0.165712
vn 0.000802179 0.99531 0.0967319
v -0.134059 -0.0478316 0.165603
vn 0.164814 0.980451 0.107477
v -0.0510672 -0.0493912 0.169712
vn 3.16798e-08 -0.983493 0.180944
v -0.134088 -0.0496957 0.16568
vn -5.75184e-07 -0.999117 0.0420108
v -0.0510672 -0.0496957 0.165679
vn 3.36387e-08 -0.999117 0.0420089
v -0.134088 -0.0496957 0.16568
vn -5.75184e-07 -0.999117 0.0420108
v -0.0510672 -0.0493912 0.169712
vn 3.16798e-08 -0.983493 0.180944
v -0.134088 -0.0493912 0.169712
vn -0.00768562 -0.9805 0.196371
v -0.0510672 -0.0489913 0.171059
vn 0.000757127 -0.0250618 0.999686
v -0.134088 -0.0493912 0.169712
vn -0.00768562 -0.9805 0.196371
v -0.0510672 -0.0493912 0.169712
vn 3.16798e-08 -0.983493 0.180944
v -0.134088 -0.0493912 0.169712
vn -0.00768562 -0.9805 0.196371
v -0.0510672 -0.0489913 0.171059
vn 0.000757127 -0.0250618 0.999686
v -0.134086 -0.0489656 0.171046
vn -0.00923064 -0.0438895 0.998994
v -0.13791 -0.0406589 0.127034
vn 0.830127 0.529641 0.174266
v -0.133891 -0.0459331 0.136272
vn 0.171867 0.965199 0.197113
v -0.133948 -0.0431911 0.12637
vn 0.288698 0.911334 0.293467
v -0.133891 -0.0459331 0.136272
vn 0.171867 0.965199 0.197113
v -0.13791 -0.0406589 0.127034
vn 0.830127 0.529641 0.174266
v -0.137351 -0.0452492 0.138044
vn 0.690034 0.711627 0.132061
v -0.13791 -0.0394198 0.123824
vn 0.849613 0.50902 0.138045
v -0.133948 -0.0431911 0.12637
vn 0.288698 0.911334 0.293467
v -0.133948 -0.0421371 0.123511
vn 0.307673 0.921365 0.237538
v -0.133948 -0.0431911 0.12637
vn 0.288698 0.911334 0.293467
v -0.13791 -0.0394198 0.123824
vn 0.849613 0.50902 0.138045
v -0.13791 -0.0406589 0.127034
vn 0.830127 0.529641 0.174266
v -0.13791 -0.0357116 0.10213
vn 0.884549 0.462728 0.0587914
v -0.133948 -0.0421371 0.123511
vn 0.307673 0.921365 0.237538
v -0.133948 -0.0392956 0.102059
vn 0.362993 0.926647 0.0977821
v -0.133948 -0.0421371 0.123511
vn 0.307673 0.921365 0.237538
v -0.13791 -0.0357116 0.10213
vn 0.884549 0.462728 0.0587914
v -0.13791 -0.0394198 0.123824
vn 0.849613 0.50902 0.138045
v -0.133948 -0.0323343 -0.000967523
vn 0.538021 0.841149 0.054788
v -0.13791 -0.0224983 -0.0163308
vn 0.95951 0.23309 0.158145
v -0.13791 -0.0241326 -0.000967524
vn 0.966995 0.253667 0.0239604
v -0.13791 -0.0224983 -0.0163308
vn 0.95951 0.23309 0.158145
v -0.133948 -0.0323343 -0.000967523
vn 0.538021 0.841149 0.054788
v -0.133948 -0.0313993 -0.0163308
vn 0.500001 0.81357 0.296822
v -0.133948 -0.0313993 -0.0163308
vn 0.500001 0.81357 0.296822
v -0.133891 -0.0201349 -0.0307594
vn 0.52911 0.390299 0.753465
v -0.13791 -0.0224983 -0.0163308
vn 0.95951 0.23309 0.158145
v -0.0510672 -0.0208722 -0.0308708
vn 0.00296833 0.479198 0.877702
v -0.133948 -0.0313993 -0.0163308
vn 0.500001 0.81357 0.296822
v -0.0510672 -0.0323882 -0.0163308
vn 0.00557287 0.935033 0.354518
v -0.133948 -0.0313993 -0.0163308
vn 0.500001 0.81357 0.296822
v -0.0510672 -0.0208722 -0.0308708
vn 0.00296833 0.479198 0.877702
v -0.133891 -0.0201349 -0.0307594
vn 0.52911 0.390299 0.753465
v -0.0510672 -0.0332457 -0.000967529
vn 0.00539576 0.998411 0.0560983
v -0.133948 -0.0313993 -0.0163308
vn 0.500001 0.81357 0.296822
v -0.133948 -0.0323343 -0.000967523
vn 0.538021 0.841149 0.054788
v -0.133948 -0.0313993 -0.0163308
vn 0.500001 0.81357 0.296822
v -0.0510672 -0.0332457 -0.000967529
vn 0.00539576 0.998411 0.0560983
v -0.0510672 -0.0323882 -0.0163308
vn 0.00557287 0.935033 0.354518
v -0.13791 -0.0224983 -0.0163308
vn 0.95951 0.23309 0.158145
v -0.13408 0.0329148 -0.03593
vn 0.138875 0.433163 0.890552
v -0.139261 0.0342983 -0.0351772
vn 0.471049 0.682391 0.558978
v -0.13408 0.0329148 -0.03593
vn 0.138875 0.433163 0.890552
v -0.13791 -0.0224983 -0.0163308
vn 0.95951 0.23309 0.158145
v -0.133891 -0.0201349 -0.0307594
vn 0.52911 0.390299 0.753465
v -0.13408 0.0329148 -0.03593
vn 0.138875 0.433163 0.890552
v -0.139295 0.0360558 -0.0378207
vn 0.0477866 0.978557 0.200356
v -0.139261 0.0342983 -0.0351772
vn 0.471049 0.682391 0.558978
v -0.139295 0.0360558 -0.0378207
vn 0.0477866 0.978557 0.200356
v -0.13408 0.0329148 -0.03593
vn 0.138875 0.433163 0.890552
v -0.134086 0.0357704 -0.0381523
vn 0.0410541 0.860824 0.507245
v -0.134088 0.036125 -0.0403372
vn -0.0218968 0.966345 -0.256314
v -0.139295 0.0360558 -0.0378207
vn 0.0477866 0.978557 0.200356
v -0.134086 0.0357704 -0.0381523
vn 0.0410541 0.860824 0.507245
v -0.139295 0.0360558 -0.0378207
vn 0.0477866 0.978557 0.200356
v -0.134088 0.036125 -0.0403372
vn -0.0218968 0.966345 -0.256314
v -0.139306 0.0358826 -0.0402007
vn -0.188887 0.897711 -0.39804
v -0.134088 0.036125 -0.0403372
vn -0.0218968 0.966345 -0.256314
v -0.139306 0.0341749 -0.0420741
vn -0.168008 0.438802 -0.882738
v -0.139306 0.0358826 -0.0402007
vn -0.188887 0.897711 -0.39804
v -0.139306 0.0341749 -0.0420741
vn -0.168008 0.438802 -0.882738
v -0.134088 0.036125 -0.0403372
vn -0.0218968 0.966345 -0.256314
v -0.134088 0.034781 -0.0421424
vn -0.0460355 0.467343 -0.882877
v -0.0507078 0.0358229 -0.0385885
vn 0.000294086 0.857622 0.514281
v -0.134088 0.036125 -0.0403372
vn -0.0218968 0.966345 -0.256314
v -0.134086 0.0357704 -0.0381523
vn 0.0410541 0.860824 0.507245
v -0.134088 0.036125 -0.0403372
vn -0.0218968 0.966345 -0.256314
v -0.0507078 0.0358229 -0.0385885
vn 0.000294086 0.857622 0.514281
v -0.0401971 0.0365103 -0.0419251
vn -0.0277975 0.998846 0.0391674
v -0.0491779 0.03543 -0.0452562
vn -0.104332 0.622309 -0.775788
v -0.134088 0.036125 -0.0403372
vn -0.0218968 0.966345 -0.256314
v -0.0401971 0.0365103 -0.0419251
vn -0.0277975 0.998846 0.0391674
v -0.134088 0.036125 -0.0403372
vn -0.0218968 0.966345 -0.256314
v -0.0491779 0.03543 -0.0452562
vn -0.104332 0.622309 -0.775788
v -0.134088 0.034781 -0.0421424
vn -0.0460355 0.467343 -0.882877
v -0.0507078 0.0358229 -0.0385885
vn 0.000294086 0.857622 0.514281
v -0.13408 0.0329148 -0.03593
vn 0.138875 0.433163 0.890552
v -0.0510672 0.0327393 -0.0360383
vn 0.00104267 0.383278 0.923632
v -0.13408 0.0329148 -0.03593
vn 0.138875 0.433163 0.890552
v -0.0507078 0.0358229 -0.0385885
vn 0.000294086 0.857622 0.514281
v -0.134086 0.0357704 -0.0381523
vn 0.0410541 0.860824 0.507245
v -0.134088 0.034781 -0.0421424
vn -0.0460355 0.467343 -0.882877
v -0.139306 -0.0430921 -0.0439476
vn -0.027845 -0.0161875 -0.999481
v -0.139306 0.0341749 -0.0420741
vn -0.168008 0.438802 -0.882738
v -0.139306 -0.0430921 -0.0439476
vn -0.027845 -0.0161875 -0.999481
v -0.134088 0.034781 -0.0421424
vn -0.0460355 0.467343 -0.882877
v -0.134088 -0.0428497 -0.0439476
vn 8.88146e-05 -0.0166039 -0.999862
v -0.0510672 -0.0428578 -0.0439476
vn -0.0226493 -0.0534309 -0.998315
v -0.134088 0.034781 -0.0421424
vn -0.0460355 0.467343 -0.882877
v -0.0491779 0.03543 -0.0452562
vn -0.104332 0.622309 -0.775788
v -0.134088 0.034781 -0.0421424
vn -0.0460355 0.467343 -0.882877
v -0.0510672 -0.0428578 -0.0439476
vn -0.0226493 -0.0534309 -0.998315
v -0.134088 -0.0428497 -0.0439476
vn 8.88146e-05 -0.0166039 -0.999862
v 0.137351 -0.0450846 0.138174
vn -0.708013 0.694467 0.128194
v 0.134059 -0.0478298 0.165601
vn -0.124669 0.982836 0.135978
v 0.139175 -0.0458704 0.163934
vn -0.329927 0.898721 0.288876
v 0.134059 -0.0478298 0.165601
vn -0.124669 0.982836 0.135978
v 0.137351 -0.0450846 0.138174
vn -0.708013 0.694467 0.128194
v 0.133891 -0.0458506 0.13633
vn -0.158251 0.96864 0.191557
v 0.133891 -0.0458506 0.13633
vn -0.158251 0.96864 0.191557
v 0.0510672 -0.0480089 0.165712
vn -0.000888504 0.995304 0.0967967
v 0.134059 -0.0478298 0.165601
vn -0.124669 0.982836 0.135978
v 0.0510672 -0.0480089 0.165712
vn -0.000888504 0.995304 0.0967967
v 0.133891 -0.0458506 0.13633
vn -0.158251 0.96864 0.191557
v 0.0510672 -0.0460217 0.135816
vn -0.00152341 0.986754 0.162214
v 0.0510672 -0.0480089 0.165712
vn -0.000888504 0.995304 0.0967967
v -0.0510672 -0.0460217 0.135816
vn 0.00141181 0.986737 0.162319
v -0.0510672 -0.0480089 0.165712
vn 0.000802179 0.99531 0.0967319
v -0.0510672 -0.0460217 0.135816
vn 0.00141181 0.986737 0.162319
v 0.0510672 -0.0480089 0.165712
vn -0.000888504 0.995304 0.0967967
v 0.0510672 -0.0460217 0.135816
vn -0.00152341 0.986754 0.162214
v -0.133891 -0.0459331 0.136272
vn 0.171867 0.965199 0.197113
v -0.139175 -0.0458867 0.163923
vn 0.337426 0.897227 0.284828
v -0.134059 -0.0478316 0.165603
vn 0.164814 0.980451 0.107477
v -0.139175 -0.0458867 0.163923
vn 0.337426 0.897227 0.284828
v -0.133891 -0.0459331 0.136272
vn 0.171867 0.965199 0.197113
v -0.137351 -0.0452492 0.138044
vn 0.690034 0.711627 0.132061
v -0.0510672 -0.0460217 0.135816
vn 0.00141181 0.986737 0.162319
v -0.134059 -0.0478316 0.165603
vn 0.164814 0.980451 0.107477
v -0.0510672 -0.0480089 0.165712
vn 0.000802179 0.99531 0.0967319
v -0.134059 -0.0478316 0.165603
vn 0.164814 0.980451 0.107477
v -0.0510672 -0.0460217 0.135816
vn 0.00141181 0.986737 0.162319
v -0.133891 -0.0459331 0.136272
vn 0.171867 0.965199 0.197113
v 0.0510672 -0.0345812 0.0229608
vn -0.00505885 0.998351 0.0571874
v -0.0510672 -0.0332457 -0.000967529
vn 0.00539576 0.998411 0.0560983
v -0.0510672 -0.0345812 0.0229608
vn 0.00475975 0.998365 0.0569618
v -0.0510672 -0.0332457 -0.000967529
vn 0.00539576 0.998411 0.0560983
v 0.0510672 -0.0345812 0.0229608
vn -0.00505885 0.998351 0.0571874
v 0.0510672 -0.0332457 -0.000967529
vn -0.00548946 0.998431 0.055726
v 0.0510672 -0.0362184 0.0510436
vn -0.00427415 0.998131 0.0609622
v -0.0510672 -0.0345812 0.0229608
vn 0.00475975 0.998365 0.0569618
v -0.0510672 -0.0362184 0.0510436
vn 0.00391615 0.998116 0.061231
v -0.0510672 -0.0345812 0.0229608
vn 0.00475975 0.998365 0.0569618
v 0.0510672 -0.0362184 0.0510436
vn -0.00427415 0.998131 0.0609622
v 0.0510672 -0.0345812 0.0229608
vn -0.00505885 0.998351 0.0571874
v 0.0510672 -0.0379815 0.0788707
vn -0.0035424 0.997632 0.0686921
v -0.0510672 -0.0362184 0.0510436
vn 0.00391615 0.998116 0.061231
v -0.0510672 -0.0379815 0.0788707
vn 0.00280209 0.997634 0.0686899
v -0.0510672 -0.0362184 0.0510436
vn 0.00391615 0.998116 0.061231
v 0.0510672 -0.0379815 0.0788707
vn -0.0035424 0.997632 0.0686921
v 0.0510672 -0.0362184 0.0510436
vn -0.00427415 0.998131 0.0609622
v 0.0510672 -0.0379815 0.0788707
vn -0.0035424 0.997632 0.0686921
v -0.0510672 -0.0396938 0.102031
vn 0.00240723 0.994925 0.100585
v 0.0510672 -0.0396938 0.102031
vn -0.00305533 0.994912 0.100697
v -0.0510672 -0.0396938 0.102031
vn 0.00240723 0.994925 0.100585
v 0.0510672 -0.0379815 0.0788707
vn -0.0035424 0.997632 0.0686921
v -0.0510672 -0.0379815 0.0788707
vn 0.00280209 0.997634 0.0686899
v -0.133948 -0.0374707 0.0788819
vn 0.419055 0.904455 0.0797165
v -0.13791 -0.0357116 0.10213
vn 0.884549 0.462728 0.0587914
v -0.133948 -0.0392956 0.102059
vn 0.362993 0.926647 0.0977821
v -0.13791 -0.0357116 0.10213
vn 0.884549 0.462728 0.0587914
v -0.133948 -0.0374707 0.0788819
vn 0.419055 0.904455 0.0797165
v -0.13791 -0.0328745 0.0789099
vn 0.916863 0.395676 0.0529441
v -0.133948 -0.0374707 0.0788819
vn 0.419055 0.904455 0.0797165
v -0.13791 -0.0297276 0.0510536
vn 0.942845 0.332231 0.0258105
v -0.13791 -0.0328745 0.0789099
vn 0.916863 0.395676 0.0529441
v -0.13791 -0.0297276 0.0510536
vn 0.942845 0.332231 0.0258105
v -0.133948 -0.0374707 0.0788819
vn 0.419055 0.904455 0.0797165
v -0.133948 -0.0355694 0.0510465
vn 0.4717 0.879854 0.0579339
v -0.133948 -0.0337909 0.0229608
vn 0.50992 0.857909 0.0630312
v -0.13791 -0.0297276 0.0510536
vn 0.942845 0.332231 0.0258105
v -0.133948 -0.0355694 0.0510465
vn 0.4717 0.879854 0.0579339
v -0.13791 -0.0297276 0.0510536
vn 0.942845 0.332231 0.0258105
v -0.133948 -0.0337909 0.0229608
vn 0.50992 0.857909 0.0630312
v -0.13791 -0.0266781 0.0229608
vn 0.958134 0.284314 0.0338493
v -0.133948 -0.0337909 0.0229608
vn 0.50992 0.857909 0.0630312
v -0.13791 -0.0241326 -0.000967524
vn 0.966995 0.253667 0.0239604
v -0.13791 -0.0266781 0.0229608
vn 0.958134 0.284314 0.0338493
v -0.13791 -0.0241326 -0.000967524
vn 0.966995 0.253667 0.0239604
v -0.133948 -0.0337909 0.0229608
vn 0.50992 0.857909 0.0630312
v -0.133948 -0.0323343 -0.000967523
vn 0.538021 0.841149 0.054788
v -0.0510672 -0.0362184 0.0510436
vn 0.00391615 0.998116 0.061231
v -0.133948 -0.0337909 0.0229608
vn 0.50992 0.857909 0.0630312
v -0.133948 -0.0355694 0.0510465
vn 0.4717 0.879854 0.0579339
v -0.133948 -0.0337909 0.0229608
vn 0.50992 0.857909 0.0630312
v -0.0510672 -0.0362184 0.0510436
vn 0.00391615 0.998116 0.061231
v -0.0510672 -0.0345812 0.0229608
vn 0.00475975 0.998365 0.0569618
v -0.0510672 -0.0332457 -0.000967529
vn 0.00539576 0.998411 0.0560983
v -0.133948 -0.0337909 0.0229608
vn 0.50992 0.857909 0.0630312
v -0.0510672 -0.0345812 0.0229608
vn 0.00475975 0.998365 0.0569618
v -0.133948 -0.0337909 0.0229608
vn 0.50992 0.857909 0.0630312
v -0.0510672 -0.0332457 -0.000967529
vn 0.00539576 0.998411 0.0560983
v -0.133948 -0.0323343 -0.000967523
vn 0.538021 0.841149 0.054788
v -0.0510672 -0.0379815 0.0788707
vn 0.00280209 0.997634 0.0686899
v -0.133948 -0.0392956 0.102059
vn 0.362993 0.926647 0.0977821
v -0.0510672 -0.0396938 0.102031
vn 0.00240723 0.994925 0.100585
v -0.133948 -0.0392956 0.102059
vn 0.362993 0.926647 0.0977821
v -0.0510672 -0.0379815 0.0788707
vn 0.00280209 0.997634 0.0686899
v -0.133948 -0.0374707 0.0788819
vn 0.419055 0.904455 0.0797165
v -0.0510672 -0.0362184 0.0510436
vn 0.00391615 0.998116 0.061231
v -0.133948 -0.0374707 0.0788819
vn 0.419055 0.904455 0.0797165
v -0.0510672 -0.0379815 0.0788707
vn 0.00280209 0.997634 0.0686899
v -0.133948 -0.0374707 0.0788819
vn 0.419055 0.904455 0.0797165
v -0.0510672 -0.0362184 0.0510436
vn 0.00391615 0.998116 0.061231
v -0.133948 -0.0355694 0.0510465
vn 0.4717 0.879854 0.0579339
v -0.13791 -0.0266781 0.0229608
vn 0.958134 0.284314 0.0338493
v -0.140287 0.015965 -0.000579156
vn 0.975036 0.210478 0.0707385
v -0.140287 0.00809579 0.0232752
vn 0.966898 0.239896 0.0869405
v -0.140287 0.015965 -0.000579156
vn 0.975036 0.210478 0.0707385
v -0.13791 -0.0266781 0.0229608
vn 0.958134 0.284314 0.0338493
v -0.13791 -0.0241326 -0.000967524
vn 0.966995 0.253667 0.0239604
v -0.140287 -0.00116794 0.0513089
vn 0.954353 0.284893 0.0897016
v -0.13791 -0.0266781 0.0229608
vn 0.958134 0.284314 0.0338493
v -0.140287 0.00809579 0.0232752
vn 0.966898 0.239896 0.0869405
v -0.13791 -0.0266781 0.0229608
vn 0.958134 0.284314 0.0338493
v -0.140287 -0.00116794 0.0513089
vn 0.954353 0.284893 0.0897016
v -0.13791 -0.0297276 0.0510536
vn 0.942845 0.332231 0.0258105
v -0.140287 -0.0181896 0.102477
vn 0.89985 0.412224 0.142622
v -0.13791 -0.0328745 0.0789099
vn 0.916863 0.395676 0.0529441
v -0.140287 -0.0104038 0.0791626
vn 0.930367 0.344431 0.125634
v -0.13791 -0.0328745 0.0789099
vn 0.916863 0.395676 0.0529441
v -0.140287 -0.0181896 0.102477
vn 0.89985 0.412224 0.142622
v -0.13791 -0.0357116 0.10213
vn 0.884549 0.462728 0.0587914
v -0.13791 -0.0328745 0.0789099
vn 0.916863 0.395676 0.0529441
v -0.140287 -0.00116794 0.0513089
vn 0.954353 0.284893 0.0897016
v -0.140287 -0.0104038 0.0791626
vn 0.930367 0.344431 0.125634
v -0.140287 -0.00116794 0.0513089
vn 0.954353 0.284893 0.0897016
v -0.13791 -0.0328745 0.0789099
vn 0.916863 0.395676 0.0529441
v -0.13791 -0.0297276 0.0510536
vn 0.942845 0.332231 0.0258105
v -0.143358 0.0147256 0.023967
vn 0.165871 0.926556 0.337612
v -0.14643 0.0195386 0.0011297
vn -0.931895 0.340807 0.124185
v -0.14643 0.0111687 0.0246587
vn -0.920095 0.36924 0.130717
v -0.14643 0.0195386 0.0011297
vn -0.931895 0.340807 0.124185
v -0.143358 0.0147256 0.023967
vn 0.165871 0.926556 0.337612
v -0.143358 0.0236129 0.000275279
vn 0.15812 0.92821 0.336786
v -0.14643 0.00132673 0.0523172
vn -0.899468 0.409729 0.151921
v -0.143358 0.0147256 0.023967
vn 0.165871 0.926556 0.337612
v -0.14643 0.0111687 0.0246587
vn -0.920095 0.36924 0.130717
v -0.143358 0.0147256 0.023967
vn 0.165871 0.926556 0.337612
v -0.14643 0.00132673 0.0523172
vn -0.899468 0.409729 0.151921
v -0.143358 0.0042742 0.0518155
vn 0.173385 0.926629 0.333612
v -0.140287 0.00809579 0.0232752
vn 0.966898 0.239896 0.0869405
v -0.143358 0.0236129 0.000275279
vn 0.15812 0.92821 0.336786
v -0.143358 0.0147256 0.023967
vn 0.165871 0.926556 0.337612
v -0.143358 0.0236129 0.000275279
vn 0.15812 0.92821 0.336786
v -0.140287 0.00809579 0.0232752
vn 0.966898 0.239896 0.0869405
v -0.140287 0.015965 -0.000579156
vn 0.975036 0.210478 0.0707385
v -0.143358 0.0042742 0.0518155
vn 0.173385 0.926629 0.333612
v -0.140287 0.00809579 0.0232752
vn 0.966898 0.239896 0.0869405
v -0.143358 0.0147256 0.023967
vn 0.165871 0.926556 0.337612
v -0.140287 0.00809579 0.0232752
vn 0.966898 0.239896 0.0869405
v -0.143358 0.0042742 0.0518155
vn 0.173385 0.926629 0.333612
v -0.140287 -0.00116794 0.0513089
vn 0.954353 0.284893 0.0897016
v -0.140287 -0.0104038 0.0791626
vn 0.930367 0.344431 0.125634
v -0.143358 0.0042742 0.0518155
vn 0.173385 0.926629 0.333612
v -0.143358 -0.00612425 0.0794972
vn 0.164927 0.926367 0.338591
v -0.143358 0.0042742 0.0518155
vn 0.173385 0.926629 0.333612
v -0.140287 -0.0104038 0.0791626
vn 0.930367 0.344431 0.125634
v -0.140287 -0.00116794 0.0513089
vn 0.954353 0.284893 0.0897016
v -0.143358 -0.0148527 0.102688
vn 0.160936 0.925488 0.342887
v -0.140287 -0.0104038 0.0791626
vn 0.930367 0.344431 0.125634
v -0.143358 -0.00612425 0.0794972
vn 0.164927 0.926367 0.338591
v -0.140287 -0.0104038 0.0791626
vn 0.930367 0.344431 0.125634
v -0.143358 -0.0148527 0.102688
vn 0.160936 0.925488 0.342887
v -0.140287 -0.0181896 0.102477
vn 0.89985 0.412224 0.142622
v -0.143358 -0.00612425 0.0794972
vn 0.164927 0.926367 0.338591
v -0.14643 0.00132673 0.0523172
vn -0.899468 0.409729 0.151921
v -0.14643 -0.0084634 0.0798121
vn -0.874468 0.457331 0.16172
v -0.14643 0.00132673 0.0523172
vn -0.899468 0.409729 0.151921
v -0.143358 -0.00612425 0.0794972
vn 0.164927 0.926367 0.338591
v -0.143358 0.0042742 0.0518155
vn 0.173385 0.926629 0.333612
v -0.14643 -0.0166778 0.102851
vn -0.844395 0.501067 0.189551
v -0.143358 -0.00612425 0.0794972
vn 0.164927 0.926367 0.338591
v -0.14643 -0.0084634 0.0798121
vn -0.874468 0.457331 0.16172
v -0.143358 -0.00612425 0.0794972
vn 0.164927 0.926367 0.338591
v -0.14643 -0.0166778 0.102851
vn -0.844395 0.501067 0.189551
v -0.143358 -0.0148527 0.102688
vn 0.160936 0.925488 0.342887
v -0.14643 -0.0084634 0.0798121
vn -0.874468 0.457331 0.16172
v -0.147826 -0.0461436 0.102922
vn -0.999761 -0.0215979 0.00352007
v -0.14643 -0.0166778 0.102851
vn -0.844395 0.501067 0.189551
v -0.147826 -0.0461436 0.102922
vn -0.999761 -0.0215979 0.00352007
v -0.14643 -0.0084634 0.0798121
vn -0.874468 0.457331 0.16172
v -0.147826 -0.0458651 0.0799541
vn -0.999738 -0.022888 0.000973445
v -0.14643 0.00132673 0.0523172
vn -0.899468 0.409729 0.151921
v -0.147826 -0.0458651 0.0799541
vn -0.999738 -0.022888 0.000973445
v -0.14643 -0.0084634 0.0798121
vn -0.874468 0.457331 0.16172
v -0.147826 -0.0458651 0.0799541
vn -0.999738 -0.022888 0.000973445
v -0.14643 0.00132673 0.0523172
vn -0.899468 0.409729 0.151921
v -0.147826 -0.0455333 0.0525449
vn -0.999774 -0.0212542 0.000633619
v -0.14643 0.0111687 0.0246587
vn -0.920095 0.36924 0.130717
v -0.147826 -0.0455333 0.0525449
vn -0.999774 -0.0212542 0.000633619
v -0.14643 0.00132673 0.0523172
vn -0.899468 0.409729 0.151921
v -0.147826 -0.0455333 0.0525449
vn -0.999774 -0.0212542 0.000633619
v -0.14643 0.0111687 0.0246587
vn -0.920095 0.36924 0.130717
v -0.147826 -0.0451997 0.0249731
vn -0.999809 -0.0195401 0.000369348
v -0.14643 0.0195386 0.0011297
vn -0.931895 0.340807 0.124185
v -0.147826 -0.0451997 0.0249731
vn -0.999809 -0.0195401 0.000369348
v -0.14643 0.0111687 0.0246587
vn -0.920095 0.36924 0.130717
v -0.147826 -0.0451997 0.0249731
vn -0.999809 -0.0195401 0.000369348
v -0.14643 0.0195386 0.0011297
vn -0.931895 0.340807 0.124185
v -0.147826 -0.0449159 0.00151808
vn -0.999842 -0.0177778 -9.44575e-05
v -0.147826 -0.0458651 0.0799541
vn -0.999738 -0.022888 0.000973445
v -0.147687 -0.0476671 0.102922
vn -0.971597 -0.236639 -0.000693817
v -0.147826 -0.0461436 0.102922
vn -0.999761 -0.0215979 0.00352007
v -0.147687 -0.0476671 0.102922
vn -0.971597 -0.236639 -0.000693817
v -0.147826 -0.0458651 0.0799541
vn -0.999738 -0.022888 0.000973445
v -0.147687 -0.0475975 0.0799541
vn -0.975394 -0.220469 -0.000579463
v -0.147826 -0.0455333 0.0525449
vn -0.999774 -0.0212542 0.000633619
v -0.147687 -0.0475975 0.0799541
vn -0.975394 -0.220469 -0.000579463
v -0.147826 -0.0458651 0.0799541
vn -0.999738 -0.022888 0.000973445
v -0.147687 -0.0475975 0.0799541
vn -0.975394 -0.220469 -0.000579463
v -0.147826 -0.0455333 0.0525449
vn -0.999774 -0.0212542 0.000633619
v -0.147687 -0.0475145 0.0525449
vn -0.978948 -0.204107 -0.000523901
v -0.147687 -0.0475975 0.0799541
vn -0.975394 -0.220469 -0.000579463
v -0.147268 -0.0486963 0.102922
vn -0.797383 -0.603473 -0.000381685
v -0.147687 -0.0476671 0.102922
vn -0.971597 -0.236639 -0.000693817
v -0.147268 -0.0486963 0.102922
vn -0.797383 -0.603473 -0.000381685
v -0.147687 -0.0475975 0.0799541
vn -0.975394 -0.220469 -0.000579463
v -0.147268 -0.0486963 0.0799541
vn -0.804053 -0.594557 -0.000272739
v -0.147268 -0.0486963 0.0799541
vn -0.804053 -0.594557 -0.000272739
v -0.14643 -0.0493481 0.102922
vn -0.409625 -0.912254 -6.0081e-05
v -0.147268 -0.0486963 0.102922
vn -0.797383 -0.603473 -0.000381685
v -0.14643 -0.0493481 0.102922
vn -0.409625 -0.912254 -6.0081e-05
v -0.147268 -0.0486963 0.0799541
vn -0.804053 -0.594557 -0.000272739
v -0.14643 -0.0493481 0.0799541
vn -0.409646 -0.912245 -9.66402e-07
v -0.147268 -0.0486964 0.0525449
vn -0.810991 -0.585058 -0.000255875
v -0.14643 -0.0493481 0.0799541
vn -0.409646 -0.912245 -9.66402e-07
v -0.147268 -0.0486963 0.0799541
vn -0.804053 -0.594557 -0.000272739
v -0.14643 -0.0493481 0.0799541
vn -0.409646 -0.912245 -9.66402e-07
v -0.147268 -0.0486964 0.0525449
vn -0.810991 -0.585058 -0.000255875
v -0.14643 -0.0493481 0.0525449
vn -0.409698 -0.912221 1.32172e-06
v -0.147687 -0.0475145 0.0525449
vn -0.978948 -0.204107 -0.000523901
v -0.147268 -0.0486963 0.0799541
vn -0.804053 -0.594557 -0.000272739
v -0.147687 -0.0475975 0.0799541
vn -0.975394 -0.220469 -0.000579463
v -0.147268 -0.0486963 0.0799541
vn -0.804053 -0.594557 -0.000272739
v -0.147687 -0.0475145 0.0525449
vn -0.978948 -0.204107 -0.000523901
v -0.147268 -0.0486964 0.0525449
vn -0.810991 -0.585058 -0.000255875
v -0.147687 -0.047431 0.0249731
vn -0.981797 -0.189935 -0.000474106
v -0.147268 -0.0486964 0.0525449
vn -0.810991 -0.585058 -0.000255875
v -0.147687 -0.0475145 0.0525449
vn -0.978948 -0.204107 -0.000523901
v -0.147268 -0.0486964 0.0525449
vn -0.810991 -0.585058 -0.000255875
v -0.147687 -0.047431 0.0249731
vn -0.981797 -0.189935 -0.000474106
v -0.147268 -0.0486964 0.0249731
vn -0.817068 -0.576541 -0.000237378
v -0.147268 -0.0486964 0.0249731
vn -0.817068 -0.576541 -0.000237378
v -0.14643 -0.0493481 0.0525449
vn -0.409698 -0.912221 1.32172e-06
v -0.147268 -0.0486964 0.0525449
vn -0.810991 -0.585058 -0.000255875
v -0.14643 -0.0493481 0.0525449
vn -0.409698 -0.912221 1.32172e-06
v -0.147268 -0.0486964 0.0249731
vn -0.817068 -0.576541 -0.000237378
v -0.14643 -0.0493481 0.0249731
vn -0.40965 -0.912243 3.81044e-08
v -0.147268 -0.0486964 0.00151808
vn -0.82163 -0.570021 -0.000222249
v -0.14643 -0.0493481 0.0249731
vn -0.40965 -0.912243 3.81044e-08
v -0.147268 -0.0486964 0.0249731
vn -0.817068 -0.576541 -0.000237378
v -0.14643 -0.0493481 0.0249731
vn -0.40965 -0.912243 3.81044e-08
v -0.147268 -0.0486964 0.00151808
vn -0.82163 -0.570021 -0.000222249
v -0.14643 -0.0493481 0.00151809
vn -0.409645 -0.912245 -2.85865e-07
v -0.147687 -0.04736 0.00151809
vn -0.983769 -0.179437 -0.000439336
v -0.147268 -0.0486964 0.0249731
vn -0.817068 -0.576541 -0.000237378
v -0.147687 -0.047431 0.0249731
vn -0.981797 -0.189935 -0.000474106
v -0.147268 -0.0486964 0.0249731
vn -0.817068 -0.576541 -0.000237378
v -0.147687 -0.04736 0.00151809
vn -0.983769 -0.179437 -0.000439336
v -0.147268 -0.0486964 0.00151808
vn -0.82163 -0.570021 -0.000222249
v -0.147826 -0.0451997 0.0249731
vn -0.999809 -0.0195401 0.000369348
v -0.147687 -0.0475145 0.0525449
vn -0.978948 -0.204107 -0.000523901
v -0.147826 -0.0455333 0.0525449
vn -0.999774 -0.0212542 0.000633619
v -0.147687 -0.0475145 0.0525449
vn -0.978948 -0.204107 -0.000523901
v -0.147826 -0.0451997 0.0249731
vn -0.999809 -0.0195401 0.000369348
v -0.147687 -0.047431 0.0249731
vn -0.981797 -0.189935 -0.000474106
v -0.147826 -0.0449159 0.00151808
vn -0.999842 -0.0177778 -9.44575e-05
v -0.147687 -0.047431 0.0249731
vn -0.981797 -0.189935 -0.000474106
v -0.147826 -0.0451997 0.0249731
vn -0.999809 -0.0195401 0.000369348
v -0.147687 -0.047431 0.0249731
vn -0.981797 -0.189935 -0.000474106
v -0.147826 -0.0449159 0.00151808
vn -0.999842 -0.0177778 -9.44575e-05
v -0.147687 -0.04736 0.00151809
vn -0.983769 -0.179437 -0.000439336
v -0.14326 -0.0499348 0.0799541
vn -0.099592 -0.995028 4.35251e-08
v -0.14643 -0.0493481 0.102922
vn -0.409625 -0.912254 -6.0081e-05
v -0.14643 -0.0493481 0.0799541
vn -0.409646 -0.912245 -9.66402e-07
v -0.14643 -0.0493481 0.102922
vn -0.409625 -0.912254 -6.0081e-05
v -0.14326 -0.0499348 0.0799541
vn -0.099592 -0.995028 4.35251e-08
v -0.14326 -0.0499348 0.102922
vn -0.0995882 -0.995029 -6.22998e-06
v -0.14643 -0.0493481 0.0525449
vn -0.409698 -0.912221 1.32172e-06
v -0.14326 -0.0499348 0.0799541
vn -0.099592 -0.995028 4.35251e-08
v -0.14643 -0.0493481 0.0799541
vn -0.409646 -0.912245 -9.66402e-07
v -0.14326 -0.0499348 0.0799541
vn -0.099592 -0.995028 4.35251e-08
v -0.14643 -0.0493481 0.0525449
vn -0.409698 -0.912221 1.32172e-06
v -0.14326 -0.0499348 0.0525449
vn -0.0995914 -0.995028 3.41632e-07
v -0.139306 -0.05 0.0799541
vn -0.00824101 -0.999966 4.138e-08
v -0.14326 -0.0499348 0.102922
vn -0.0995882 -0.995029 -6.22998e-06
v -0.14326 -0.0499348 0.0799541
vn -0.099592 -0.995028 4.35251e-08
v -0.14326 -0.0499348 0.102922
vn -0.0995882 -0.995029 -6.22998e-06
v -0.139306 -0.05 0.0799541
vn -0.00824101 -0.999966 4.138e-08
v -0.139306 -0.05 0.102922
vn -0.00824095 -0.999966 7.37628e-08
v -0.14326 -0.0499348 0.0525449
vn -0.0995914 -0.995028 3.41632e-07
v -0.139306 -0.05 0.0799541
vn -0.00824101 -0.999966 4.138e-08
v -0.14326 -0.0499348 0.0799541
vn -0.099592 -0.995028 4.35251e-08
v -0.139306 -0.05 0.0799541
vn -0.00824101 -0.999966 4.138e-08
v -0.14326 -0.0499348 0.0525449
vn -0.0995914 -0.995028 3.41632e-07
v -0.139306 -0.05 0.0525449
vn -0.00824053 -0.999966 4.35409e-08
v -0.139306 -0.05 0.0249731
vn -0.00824067 -0.999966 4.22088e-08
v -0.14326 -0.0499348 0.0525449
vn -0.0995914 -0.995028 3.41632e-07
v -0.14326 -0.0499348 0.0249731
vn -0.0995965 -0.995028 3.04755e-08
v -0.14326 -0.0499348 0.0525449
vn -0.0995914 -0.995028 3.41632e-07
v -0.139306 -0.05 0.0249731
vn -0.00824067 -0.999966 4.22088e-08
v -0.139306 -0.05 0.0525449
vn -0.00824053 -0.999966 4.35409e-08
v -0.14326 -0.0499348 0.00151809
vn -0.0995915 -0.995028 -3.07356e-07
v -0.139306 -0.05 0.0249731
vn -0.00824067 -0.999966 4.22088e-08
v -0.14326 -0.0499348 0.0249731
vn -0.0995965 -0.995028 3.04755e-08
v -0.139306 -0.05 0.0249731
vn -0.00824067 -0.999966 4.22088e-08
v -0.14326 -0.0499348 0.00151809
vn -0.0995915 -0.995028 -3.07356e-07
v -0.139306 -0.05 0.00151809
vn -0.00824095 -0.999966 4.36698e-08
v -0.14326 -0.0499348 0.0249731
vn -0.0995965 -0.995028 3.04755e-08
v -0.14643 -0.0493481 0.0525449
vn -0.409698 -0.912221 1.32172e-06
v -0.14643 -0.0493481 0.0249731
vn -0.40965 -0.912243 3.81044e-08
v -0.14643 -0.0493481 0.0525449
vn -0.409698 -0.912221 1.32172e-06
v -0.14326 -0.0499348 0.0249731
vn -0.0995965 -0.995028 3.04755e-08
v -0.14326 -0.0499348 0.0525449
vn -0.0995914 -0.995028 3.41632e-07
v -0.14643 -0.0493481 0.00151809
vn -0.409645 -0.912245 -2.85865e-07
v -0.14326 -0.0499348 0.0249731
vn -0.0995965 -0.995028 3.04755e-08
v -0.14643 -0.0493481 0.0249731
vn -0.40965 -0.912243 3.81044e-08
v -0.14326 -0.0499348 0.0249731
vn -0.0995965 -0.995028 3.04755e-08
v -0.14643 -0.0493481 0.00151809
vn -0.409645 -0.912245 -2.85865e-07
v -0.14326 -0.0499348 0.00151809
vn -0.0995915 -0.995028 -3.07356e-07
v -0.0510672 -0.05 0.0249731
vn 7.3612e-17 -1 4.37114e-08
v -0.134088 -0.05 0.0525449
vn 0 -1 4.37115e-08
v -0.134088 -0.05 0.0249731
vn 0 -1 4.37113e-08
v -0.134088 -0.05 0.0525449
vn 0 -1 4.37115e-08
v -0.0510672 -0.05 0.0249731
vn 7.3612e-17 -1 4.37114e-08
v -0.0510672 -0.05 0.0525449
vn 0 -1 4.37114e-08
v -0.139306 -0.05 0.0249731
vn -0.00824067 -0.999966 4.22088e-08
v -0.134088 -0.05 0.00151809
vn 1.5646e-17 -1 4.37113e-08
v -0.134088 -0.05 0.0249731
vn 0 -1 4.37113e-08
v -0.134088 -0.05 0.00151809
vn 1.5646e-17 -1 4.37113e-08
v -0.139306 -0.05 0.0249731
vn -0.00824067 -0.999966 4.22088e-08
v -0.139306 -0.05 0.00151809
vn -0.00824095 -0.999966 4.36698e-08
v -0.134088 -0.05 0.0525449
vn 0 -1 4.37115e-08
v -0.139306 -0.05 0.0249731
vn -0.00824067 -0.999966 4.22088e-08
v -0.134088 -0.05 0.0249731
vn 0 -1 4.37113e-08
v -0.139306 -0.05 0.0249731
vn -0.00824067 -0.999966 4.22088e-08
v -0.134088 -0.05 0.0525449
vn 0 -1 4.37115e-08
v -0.139306 -0.05 0.0525449
vn -0.00824053 -0.999966 4.35409e-08
v -0.139306 -0.05 0.0799541
vn -0.00824101 -0.999966 4.138e-08
v -0.134088 -0.05 0.0525449
vn 0 -1 4.37115e-08
v -0.134088 -0.05 0.0799541
vn 0 -1 4.37113e-08
v -0.134088 -0.05 0.0525449
vn 0 -1 4.37115e-08
v -0.139306 -0.05 0.0799541
vn -0.00824101 -0.999966 4.138e-08
v -0.139306 -0.05 0.0525449
vn -0.00824053 -0.999966 4.35409e-08
v -0.134088 -0.05 0.102922
vn 0 -1 4.37114e-08
v -0.139306 -0.05 0.0799541
vn -0.00824101 -0.999966 4.138e-08
v -0.134088 -0.05 0.0799541
vn 0 -1 4.37113e-08
v -0.139306 -0.05 0.0799541
vn -0.00824101 -0.999966 4.138e-08
v -0.134088 -0.05 0.102922
vn 0 -1 4.37114e-08
v -0.139306 -0.05 0.102922
vn -0.00824095 -0.999966 7.37628e-08
v -0.0510672 -0.05 0.0799541
vn 0 -1 4.37114e-08
v -0.134088 -0.05 0.102922
vn 0 -1 4.37114e-08
v -0.134088 -0.05 0.0799541
vn 0 -1 4.37113e-08
v -0.134088 -0.05 0.102922
vn 0 -1 4.37114e-08
v -0.0510672 -0.05 0.0799541
vn 0 -1 4.37114e-08
v -0.0510672 -0.05 0.102922
vn 0 -1 4.37114e-08
v -0.134088 -0.05 0.00151809
vn 1.5646e-17 -1 4.37113e-08
v -0.0510672 -0.05 0.0249731
vn 7.3612e-17 -1 4.37114e-08
v -0.134088 -0.05 0.0249731
vn 0 -1 4.37113e-08
v -0.0510672 -0.05 0.0249731
vn 7.3612e-17 -1 4.37114e-08
v -0.134088 -0.05 0.00151809
vn 1.5646e-17 -1 4.37113e-08
v -0.0510672 -0.05 0.00151808
vn 8.92579e-17 -1 4.37114e-08
v 0.0510672 -0.05 0.0525449
vn 0 -1 4.37114e-08
v -0.0510672 -0.05 0.0249731
vn 7.3612e-17 -1 4.37114e-08
v 0.0510672 -0.05 0.0249731
vn 0 -1 4.37114e-08
v -0.0510672 -0.05 0.0249731
vn 7.3612e-17 -1 4.37114e-08
v 0.0510672 -0.05 0.0525449
vn 0 -1 4.37114e-08
v -0.0510672 -0.05 0.0525449
vn 0 -1 4.37114e-08
v -0.134088 -0.05 0.0525449
vn 0 -1 4.37115e-08
v -0.0510672 -0.05 0.0799541
vn 0 -1 4.37114e-08
v -0.134088 -0.05 0.0799541
vn 0 -1 4.37113e-08
v -0.0510672 -0.05 0.0799541
vn 0 -1 4.37114e-08
v -0.134088 -0.05 0.0525449
vn 0 -1 4.37115e-08
v -0.0510672 -0.05 0.0525449
vn 0 -1 4.37114e-08
v 0.0510672 -0.05 0.102922
vn 0 -1 4.37114e-08
v -0.0510672 -0.05 0.0799541
vn 0 -1 4.37114e-08
v 0.0510672 -0.05 0.0799541
vn 0 -1 4.37114e-08
v -0.0510672 -0.05 0.0799541
vn 0 -1 4.37114e-08
v 0.0510672 -0.05 0.102922
vn 0 -1 4.37114e-08
v -0.0510672 -0.05 0.102922
vn 0 -1 4.37114e-08
v -0.0510672 -0.05 0.0249731
vn 7.3612e-17 -1 4.37114e-08
v 0.0510672 -0.05 0.00151808
vn 0 -1 4.37114e-08
v 0.0510672 -0.05 0.0249731
vn 0 -1 4.37114e-08
v 0.0510672 -0.05 0.00151808
vn 0 -1 4.37114e-08
v -0.0510672 -0.05 0.0249731
vn 7.3612e-17 -1 4.37114e-08
v -0.0510672 -0.05 0.00151808
vn 8.92579e-17 -1 4.37114e-08
v -0.0510672 -0.05 0.0799541
vn 0 -1 4.37114e-08
v 0.0510672 -0.05 0.0525449
vn 0 -1 4.37114e-08
v 0.0510672 -0.05 0.0799541
vn 0 -1 4.37114e-08
v 0.0510672 -0.05 0.0525449
vn 0 -1 4.37114e-08
v -0.0510672 -0.05 0.0799541
vn 0 -1 4.37114e-08
v -0.0510672 -0.05 0.0525449
vn 0 -1 4.37114e-08
v 0.134088 -0.05 0.0525449
vn 0 -1 4.37113e-08
v 0.0510672 -0.05 0.0249731
vn 0 -1 4.37114e-08
v 0.134088 -0.05 0.0249731
vn 0 -1 4.37114e-08
v 0.0510672 -0.05 0.0249731
vn 0 -1 4.37114e-08
v 0.134088 -0.05 0.0525449
vn 0 -1 4.37113e-08
v 0.0510672 -0.05 0.0525449
vn 0 -1 4.37114e-08
v 0.134088 -0.05 0.102922
vn 0 -1 4.37113e-08
v 0.0510672 -0.05 0.0799541
vn 0 -1 4.37114e-08
v 0.134088 -0.05 0.0799541
vn 0 -1 4.37114e-08
v 0.0510672 -0.05 0.0799541
vn 0 -1 4.37114e-08
v 0.134088 -0.05 0.102922
vn 0 -1 4.37113e-08
v 0.0510672 -0.05 0.102922
vn 0 -1 4.37114e-08
v 0.134088 -0.05 0.0249731
vn 0 -1 4.37114e-08
v 0.139306 -0.05 0.00151809
vn 0.00824057 -0.999966 4.36688e-08
v 0.139306 -0.05 0.0249731
vn 0.00824065 -0.999966 4.37598e-08
v 0.139306 -0.05 0.00151809
vn 0.00824057 -0.999966 4.36688e-08
v 0.134088 -0.05 0.0249731
vn 0 -1 4.37114e-08
v 0.134088 -0.05 0.00151809
vn 0 -1 4.37114e-08
v 0.139306 -0.05 0.0525449
vn 0.00824056 -0.999966 4.36869e-08
v 0.134088 -0.05 0.0249731
vn 0 -1 4.37114e-08
v 0.139306 -0.05 0.0249731
vn 0.00824065 -0.999966 4.37598e-08
v 0.134088 -0.05 0.0249731
vn 0 -1 4.37114e-08
v 0.139306 -0.05 0.0525449
vn 0.00824056 -0.999966 4.36869e-08
v 0.134088 -0.05 0.0525449
vn 0 -1 4.37113e-08
v 0.0510672 -0.05 0.0249731
vn 0 -1 4.37114e-08
v 0.134088 -0.05 0.00151809
vn 0 -1 4.37114e-08
v 0.134088 -0.05 0.0249731
vn 0 -1 4.37114e-08
v 0.134088 -0.05 0.00151809
vn 0 -1 4.37114e-08
v 0.0510672 -0.05 0.0249731
vn 0 -1 4.37114e-08
v 0.0510672 -0.05 0.00151808
vn 0 -1 4.37114e-08
v 0.0510672 -0.05 0.0799541
vn 0 -1 4.37114e-08
v 0.134088 -0.05 0.0525449
vn 0 -1 4.37113e-08
v 0.134088 -0.05 0.0799541
vn 0 -1 4.37114e-08
v 0.134088 -0.05 0.0525449
vn 0 -1 4.37113e-08
v 0.0510672 -0.05 0.0799541
vn 0 -1 4.37114e-08
v 0.0510672 -0.05 0.0525449
vn 0 -1 4.37114e-08
v 0.134088 -0.05 0.0799541
vn 0 -1 4.37114e-08
v 0.139306 -0.05 0.0525449
vn 0.00824056 -0.999966 4.36869e-08
v 0.139306 -0.05 0.0799541
vn 0.00824064 -0.999966 4.36216e-08
v 0.139306 -0.05 0.0525449
vn 0.00824056 -0.999966 4.36869e-08
v 0.134088 -0.05 0.0799541
vn 0 -1 4.37114e-08
v 0.134088 -0.05 0.0525449
vn 0 -1 4.37113e-08
v 0.139306 -0.05 0.102922
vn 0.00824056 -0.999966 4.38037e-08
v 0.134088 -0.05 0.0799541
vn 0 -1 4.37114e-08
v 0.139306 -0.05 0.0799541
vn 0.00824064 -0.999966 4.36216e-08
v 0.134088 -0.05 0.0799541
vn 0 -1 4.37114e-08
v 0.139306 -0.05 0.102922
vn 0.00824056 -0.999966 4.38037e-08
v 0.134088 -0.05 0.102922
vn 0 -1 4.37113e-08
v 0.14326 -0.0499348 0.0249731
vn 0.0995965 -0.995028 4.347e-08
v 0.14643 -0.0493481 0.00151809
vn 0.409649 -0.912243 3.98107e-08
v 0.14643 -0.0493481 0.0249731
vn 0.409649 -0.912243 1.03941e-06
v 0.14643 -0.0493481 0.00151809
vn 0.409649 -0.912243 3.98107e-08
v 0.14326 -0.0499348 0.0249731
vn 0.0995965 -0.995028 4.347e-08
v 0.14326 -0.0499348 0.00151809
vn 0.0995969 -0.995028 4.37801e-08
v 0.14643 -0.0493481 0.0525449
vn 0.409703 -0.912219 3.88876e-08
v 0.14326 -0.0499348 0.0249731
vn 0.0995965 -0.995028 4.347e-08
v 0.14643 -0.0493481 0.0249731
vn 0.409649 -0.912243 1.03941e-06
v 0.14326 -0.0499348 0.0249731
vn 0.0995965 -0.995028 4.347e-08
v 0.14643 -0.0493481 0.0525449
vn 0.409703 -0.912219 3.88876e-08
v 0.14326 -0.0499348 0.0525449
vn 0.0995963 -0.995028 4.31501e-08
v 0.139306 -0.05 0.0249731
vn 0.00824065 -0.999966 4.37598e-08
v 0.14326 -0.0499348 0.00151809
vn 0.0995969 -0.995028 4.37801e-08
v 0.14326 -0.0499348 0.0249731
vn 0.0995965 -0.995028 4.347e-08
v 0.14326 -0.0499348 0.00151809
vn 0.0995969 -0.995028 4.37801e-08
v 0.139306 -0.05 0.0249731
vn 0.00824065 -0.999966 4.37598e-08
v 0.139306 -0.05 0.00151809
vn 0.00824057 -0.999966 4.36688e-08
v 0.14326 -0.0499348 0.0525449
vn 0.0995963 -0.995028 4.31501e-08
v 0.139306 -0.05 0.0249731
vn 0.00824065 -0.999966 4.37598e-08
v 0.14326 -0.0499348 0.0249731
vn 0.0995965 -0.995028 4.347e-08
v 0.139306 -0.05 0.0249731
vn 0.00824065 -0.999966 4.37598e-08
v 0.14326 -0.0499348 0.0525449
vn 0.0995963 -0.995028 4.31501e-08
v 0.139306 -0.05 0.0525449
vn 0.00824056 -0.999966 4.36869e-08
v 0.139306 -0.05 0.0799541
vn 0.00824064 -0.999966 4.36216e-08
v 0.14326 -0.0499348 0.0525449
vn 0.0995963 -0.995028 4.31501e-08
v 0.14326 -0.0499348 0.0799541
vn 0.0995963 -0.995028 4.35252e-08
v 0.14326 -0.0499348 0.0525449
vn 0.0995963 -0.995028 4.31501e-08
v 0.139306 -0.05 0.0799541
vn 0.00824064 -0.999966 4.36216e-08
v 0.139306 -0.05 0.0525449
vn 0.00824056 -0.999966 4.36869e-08
v 0.14326 -0.0499348 0.102922
vn 0.0995931 -0.995028 -6.25701e-06
v 0.139306 -0.05 0.0799541
vn 0.00824064 -0.999966 4.36216e-08
v 0.14326 -0.0499348 0.0799541
vn 0.0995963 -0.995028 4.35252e-08
v 0.139306 -0.05 0.0799541
vn 0.00824064 -0.999966 4.36216e-08
v 0.14326 -0.0499348 0.102922
vn 0.0995931 -0.995028 -6.25701e-06
v 0.139306 -0.05 0.102922
vn 0.00824056 -0.999966 4.38037e-08
v 0.14326 -0.0499348 0.0799541
vn 0.0995963 -0.995028 4.35252e-08
v 0.14643 -0.0493481 0.0525449
vn 0.409703 -0.912219 3.88876e-08
v 0.14643 -0.0493481 0.0799541
vn 0.409699 -0.912221 -1.15522e-06
v 0.14643 -0.0493481 0.0525449
vn 0.409703 -0.912219 3.88876e-08
v 0.14326 -0.0499348 0.0799541
vn 0.0995963 -0.995028 4.35252e-08
v 0.14326 -0.0499348 0.0525449
vn 0.0995963 -0.995028 4.31501e-08
v 0.14643 -0.0493481 0.102922
vn 0.409601 -0.912265 -0.000105219
v 0.14326 -0.0499348 0.0799541
vn 0.0995963 -0.995028 4.35252e-08
v 0.14643 -0.0493481 0.0799541
vn 0.409699 -0.912221 -1.15522e-06
v 0.14326 -0.0499348 0.0799541
vn 0.0995963 -0.995028 4.35252e-08
v 0.14643 -0.0493481 0.102922
vn 0.409601 -0.912265 -0.000105219
v 0.14326 -0.0499348 0.102922
vn 0.0995931 -0.995028 -6.25701e-06
v 0.147826 -0.0451997 0.0249731
vn 0.999828 -0.0185143 0.00111025
v 0.147687 -0.04736 0.00151809
vn 0.983779 -0.179381 -0.000781168
v 0.147826 -0.0449159 0.00151808
vn 0.999837 -0.0180356 3.39518e-05
v 0.147687 -0.04736 0.00151809
vn 0.983779 -0.179381 -0.000781168
v 0.147826 -0.0451997 0.0249731
vn 0.999828 -0.0185143 0.00111025
v 0.147687 -0.047431 0.0249731
vn 0.981821 -0.189811 -0.000480041
v 0.147826 -0.0455333 0.0525449
vn 0.999796 -0.0201747 -9.15877e-05
v 0.147687 -0.047431 0.0249731
vn 0.981821 -0.189811 -0.000480041
v 0.147826 -0.0451997 0.0249731
vn 0.999828 -0.0185143 0.00111025
v 0.147687 -0.047431 0.0249731
vn 0.981821 -0.189811 -0.000480041
v 0.147826 -0.0455333 0.0525449
vn 0.999796 -0.0201747 -9.15877e-05
v 0.147687 -0.0475145 0.0525449
vn 0.978973 -0.20399 -0.000523048
v 0.14643 0.00132674 0.0523172
vn 0.900127 0.408764 0.150614
v 0.147826 -0.0451997 0.0249731
vn 0.999828 -0.0185143 0.00111025
v 0.14643 0.0111687 0.0246587
vn 0.92027 0.368645 0.131163
v 0.147826 -0.0451997 0.0249731
vn 0.999828 -0.0185143 0.00111025
v 0.14643 0.00132674 0.0523172
vn 0.900127 0.408764 0.150614
v 0.147826 -0.0455333 0.0525449
vn 0.999796 -0.0201747 -9.15877e-05
v 0.147687 -0.047431 0.0249731
vn 0.981821 -0.189811 -0.000480041
v 0.147268 -0.0486964 0.00151808
vn 0.821543 -0.570146 -0.000450721
v 0.147687 -0.04736 0.00151809
vn 0.983779 -0.179381 -0.000781168
v 0.147268 -0.0486964 0.00151808
vn 0.821543 -0.570146 -0.000450721
v 0.147687 -0.047431 0.0249731
vn 0.981821 -0.189811 -0.000480041
v 0.147268 -0.0486964 0.0249731
vn 0.816892 -0.57679 -0.000240219
v 0.147268 -0.0486964 0.0249731
vn 0.816892 -0.57679 -0.000240219
v 0.14643 -0.0493481 0.00151809
vn 0.409649 -0.912243 3.98107e-08
v 0.147268 -0.0486964 0.00151808
vn 0.821543 -0.570146 -0.000450721
v 0.14643 -0.0493481 0.00151809
vn 0.409649 -0.912243 3.98107e-08
v 0.147268 -0.0486964 0.0249731
vn 0.816892 -0.57679 -0.000240219
v 0.14643 -0.0493481 0.0249731
vn 0.409649 -0.912243 1.03941e-06
v 0.147268 -0.0486964 0.0525449
vn 0.810802 -0.58532 -0.00025456
v 0.14643 -0.0493481 0.0249731
vn 0.409649 -0.912243 1.03941e-06
v 0.147268 -0.0486964 0.0249731
vn 0.816892 -0.57679 -0.000240219
v 0.14643 -0.0493481 0.0249731
vn 0.409649 -0.912243 1.03941e-06
v 0.147268 -0.0486964 0.0525449
vn 0.810802 -0.58532 -0.00025456
v 0.14643 -0.0493481 0.0525449
vn 0.409703 -0.912219 3.88876e-08
v 0.147687 -0.0475145 0.0525449
vn 0.978973 -0.20399 -0.000523048
v 0.147268 -0.0486964 0.0249731
vn 0.816892 -0.57679 -0.000240219
v 0.147687 -0.047431 0.0249731
vn 0.981821 -0.189811 -0.000480041
v 0.147268 -0.0486964 0.0249731
vn 0.816892 -0.57679 -0.000240219
v 0.147687 -0.0475145 0.0525449
vn 0.978973 -0.20399 -0.000523048
v 0.147268 -0.0486964 0.0525449
vn 0.810802 -0.58532 -0.00025456
v 0.147687 -0.0475975 0.0799541
vn 0.975401 -0.220437 -0.000579839
v 0.147268 -0.0486964 0.0525449
vn 0.810802 -0.58532 -0.00025456
v 0.147687 -0.0475145 0.0525449
vn 0.978973 -0.20399 -0.000523048
v 0.147268 -0.0486964 0.0525449
vn 0.810802 -0.58532 -0.00025456
v 0.147687 -0.0475975 0.0799541
vn 0.975401 -0.220437 -0.000579839
v 0.147268 -0.0486963 0.0799541
vn 0.803839 -0.594848 -0.000272939
v 0.147268 -0.0486963 0.0799541
vn 0.803839 -0.594848 -0.000272939
v 0.14643 -0.0493481 0.0525449
vn 0.409703 -0.912219 3.88876e-08
v 0.147268 -0.0486964 0.0525449
vn 0.810802 -0.58532 -0.00025456
v 0.14643 -0.0493481 0.0525449
vn 0.409703 -0.912219 3.88876e-08
v 0.147268 -0.0486963 0.0799541
vn 0.803839 -0.594848 -0.000272939
v 0.14643 -0.0493481 0.0799541
vn 0.409699 -0.912221 -1.15522e-06
v 0.147268 -0.0486963 0.102922
vn 0.797295 -0.60359 -0.000142933
v 0.14643 -0.0493481 0.0799541
vn 0.409699 -0.912221 -1.15522e-06
v 0.147268 -0.0486963 0.0799541
vn 0.803839 -0.594848 -0.000272939
v 0.14643 -0.0493481 0.0799541
vn 0.409699 -0.912221 -1.15522e-06
v 0.147268 -0.0486963 0.102922
vn 0.797295 -0.60359 -0.000142933
v 0.14643 -0.0493481 0.102922
vn 0.409601 -0.912265 -0.000105219
v 0.147687 -0.0476671 0.102922
vn 0.971581 -0.236709 -0.000412027
v 0.147268 -0.0486963 0.0799541
vn 0.803839 -0.594848 -0.000272939
v 0.147687 -0.0475975 0.0799541
vn 0.975401 -0.220437 -0.000579839
v 0.147268 -0.0486963 0.0799541
vn 0.803839 -0.594848 -0.000272939
v 0.147687 -0.0476671 0.102922
vn 0.971581 -0.236709 -0.000412027
v 0.147268 -0.0486963 0.102922
vn 0.797295 -0.60359 -0.000142933
v 0.147826 -0.0458651 0.0799541
vn 0.999773 -0.0211898 0.00236718
v 0.147687 -0.0475145 0.0525449
vn 0.978973 -0.20399 -0.000523048
v 0.147826 -0.0455333 0.0525449
vn 0.999796 -0.0201747 -9.15877e-05
v 0.147687 -0.0475145 0.0525449
vn 0.978973 -0.20399 -0.000523048
v 0.147826 -0.0458651 0.0799541
vn 0.999773 -0.0211898 0.00236718
v 0.147687 -0.0475975 0.0799541
vn 0.975401 -0.220437 -0.000579839
v 0.147826 -0.0461436 0.102922
vn 0.999761 -0.0218732 -6.82417e-05
v 0.147687 -0.0475975 0.0799541
vn 0.975401 -0.220437 -0.000579839
v 0.147826 -0.0458651 0.0799541
vn 0.999773 -0.0211898 0.00236718
v 0.147687 -0.0475975 0.0799541
vn 0.975401 -0.220437 -0.000579839
v 0.147826 -0.0461436 0.102922
vn 0.999761 -0.0218732 -6.82417e-05
v 0.147687 -0.0476671 0.102922
vn 0.971581 -0.236709 -0.000412027
v 0.14643 -0.0166778 0.102851
vn 0.845491 0.500768 0.185407
v 0.147826 -0.0458651 0.0799541
vn 0.999773 -0.0211898 0.00236718
v 0.14643 -0.0084634 0.0798121
vn 0.874908 0.456189 0.162563
v 0.147826 -0.0458651 0.0799541
vn 0.999773 -0.0211898 0.00236718
v 0.14643 -0.0166778 0.102851
vn 0.845491 0.500768 0.185407
v 0.147826 -0.0461436 0.102922
vn 0.999761 -0.0218732 -6.82417e-05
v 0.147826 -0.0451997 0.0249731
vn 0.999828 -0.0185143 0.00111025
v 0.14643 0.0195386 0.0011297
vn 0.931982 0.339926 0.125934
v 0.14643 0.0111687 0.0246587
vn 0.92027 0.368645 0.131163
v 0.14643 0.0195386 0.0011297
vn 0.931982 0.339926 0.125934
v 0.147826 -0.0451997 0.0249731
vn 0.999828 -0.0185143 0.00111025
v 0.147826 -0.0449159 0.00151808
vn 0.999837 -0.0180356 3.39518e-05
v 0.147826 -0.0458651 0.0799541
vn 0.999773 -0.0211898 0.00236718
v 0.14643 0.00132674 0.0523172
vn 0.900127 0.408764 0.150614
v 0.14643 -0.0084634 0.0798121
vn 0.874908 0.456189 0.162563
v 0.14643 0.00132674 0.0523172
vn 0.900127 0.408764 0.150614
v 0.147826 -0.0458651 0.0799541
vn 0.999773 -0.0211898 0.00236718
v 0.147826 -0.0455333 0.0525449
vn 0.999796 -0.0201747 -9.15877e-05
v 0.143358 -0.00612327 0.079498
vn -0.164167 0.926491 0.338621
v 0.14643 -0.0166778 0.102851
vn 0.845491 0.500768 0.185407
v 0.14643 -0.0084634 0.0798121
vn 0.874908 0.456189 0.162563
v 0.14643 -0.0166778 0.102851
vn 0.845491 0.500768 0.185407
v 0.143358 -0.00612327 0.079498
vn -0.164167 0.926491 0.338621
v 0.143358 -0.0148503 0.10269
vn -0.156125 0.928174 0.337814
v 0.14643 0.00132674 0.0523172
vn 0.900127 0.408764 0.150614
v 0.143358 -0.00612327 0.079498
vn -0.164167 0.926491 0.338621
v 0.14643 -0.0084634 0.0798121
vn 0.874908 0.456189 0.162563
v 0.143358 -0.00612327 0.079498
vn -0.164167 0.926491 0.338621
v 0.14643 0.00132674 0.0523172
vn 0.900127 0.408764 0.150614
v 0.143358 0.00427444 0.0518156
vn -0.173247 0.926679 0.333543
v 0.140287 -0.0103942 0.0791715
vn -0.931163 0.34456 0.119226
v 0.143358 -0.0148503 0.10269
vn -0.156125 0.928174 0.337814
v 0.143358 -0.00612327 0.079498
vn -0.164167 0.926491 0.338621
v 0.143358 -0.0148503 0.10269
vn -0.156125 0.928174 0.337814
v 0.140287 -0.0103942 0.0791715
vn -0.931163 0.34456 0.119226
v 0.140287 -0.0181657 0.102499
vn -0.897481 0.418502 0.139226
v 0.143358 0.00427444 0.0518156
vn -0.173247 0.926679 0.333543
v 0.140287 -0.0103942 0.0791715
vn -0.931163 0.34456 0.119226
v 0.143358 -0.00612327 0.079498
vn -0.164167 0.926491 0.338621
v 0.140287 -0.0103942 0.0791715
vn -0.931163 0.34456 0.119226
v 0.143358 0.00427444 0.0518156
vn -0.173247 0.926679 0.333543
v 0.140287 -0.00116553 0.0513112
vn -0.95474 0.283122 0.0911795
v 0.140287 0.00809579 0.0232752
vn -0.967504 0.238205 0.0848165
v 0.143358 0.00427444 0.0518156
vn -0.173247 0.926679 0.333543
v 0.143358 0.0147256 0.023967
vn -0.16587 0.926556 0.33761
v 0.143358 0.00427444 0.0518156
vn -0.173247 0.926679 0.333543
v 0.140287 0.00809579 0.0232752
vn -0.967504 0.238205 0.0848165
v 0.140287 -0.00116553 0.0513112
vn -0.95474 0.283122 0.0911795
v 0.143358 0.0236129 0.000275279
vn -0.164586 0.927247 0.33634
v 0.140287 0.00809579 0.0232752
vn -0.967504 0.238205 0.0848165
v 0.143358 0.0147256 0.023967
vn -0.16587 0.926556 0.33761
v 0.140287 0.00809579 0.0232752
vn -0.967504 0.238205 0.0848165
v 0.143358 0.0236129 0.000275279
vn -0.164586 0.927247 0.33634
v 0.140287 0.015965 -0.000579156
vn -0.975169 0.210551 0.0686517
v 0.143358 0.0147256 0.023967
vn -0.16587 0.926556 0.33761
v 0.14643 0.00132674 0.0523172
vn 0.900127 0.408764 0.150614
v 0.14643 0.0111687 0.0246587
vn 0.92027 0.368645 0.131163
v 0.14643 0.00132674 0.0523172
vn 0.900127 0.408764 0.150614
v 0.143358 0.0147256 0.023967
vn -0.16587 0.926556 0.33761
v 0.143358 0.00427444 0.0518156
vn -0.173247 0.926679 0.333543
v 0.14643 0.0195386 0.0011297
vn 0.931982 0.339926 0.125934
v 0.143358 0.0147256 0.023967
vn -0.16587 0.926556 0.33761
v 0.14643 0.0111687 0.0246587
vn 0.92027 0.368645 0.131163
v 0.143358 0.0147256 0.023967
vn -0.16587 0.926556 0.33761
v 0.14643 0.0195386 0.0011297
vn 0.931982 0.339926 0.125934
v 0.143358 0.0236129 0.000275279
vn -0.164586 0.927247 0.33634
v 0.140287 -0.0103942 0.0791715
vn -0.931163 0.34456 0.119226
v 0.13791 -0.0356055 0.102227
vn -0.886112 0.459312 0.0619507
v 0.140287 -0.0181657 0.102499
vn -0.897481 0.418502 0.139226
v 0.13791 -0.0356055 0.102227
vn -0.886112 0.459312 0.0619507
v 0.140287 -0.0103942 0.0791715
vn -0.931163 0.34456 0.119226
v 0.13791 -0.0328321 0.0789489
vn -0.918052 0.395082 0.0330163
v 0.140287 -0.0103942 0.0791715
vn -0.931163 0.34456 0.119226
v 0.13791 -0.0297171 0.0510631
vn -0.943081 0.330871 0.0335072
v 0.13791 -0.0328321 0.0789489
vn -0.918052 0.395082 0.0330163
v 0.13791 -0.0297171 0.0510631
vn -0.943081 0.330871 0.0335072
v 0.140287 -0.0103942 0.0791715
vn -0.931163 0.34456 0.119226
v 0.140287 -0.00116553 0.0513112
vn -0.95474 0.283122 0.0911795
v 0.140287 -0.00116553 0.0513112
vn -0.95474 0.283122 0.0911795
v 0.13791 -0.0266781 0.0229608
vn -0.958875 0.282477 0.0276686
v 0.13791 -0.0297171 0.0510631
vn -0.943081 0.330871 0.0335072
v 0.13791 -0.0266781 0.0229608
vn -0.958875 0.282477 0.0276686
v 0.140287 -0.00116553 0.0513112
vn -0.95474 0.283122 0.0911795
v 0.140287 0.00809579 0.0232752
vn -0.967504 0.238205 0.0848165
v 0.140287 0.00809579 0.0232752
vn -0.967504 0.238205 0.0848165
v 0.13791 -0.0241326 -0.000967524
vn -0.967866 0.250267 0.0245217
v 0.13791 -0.0266781 0.0229608
vn -0.958875 0.282477 0.0276686
v 0.13791 -0.0241326 -0.000967524
vn -0.967866 0.250267 0.0245217
v 0.140287 0.00809579 0.0232752
vn -0.967504 0.238205 0.0848165
v 0.140287 0.015965 -0.000579156
vn -0.975169 0.210551 0.0686517
v 0.13791 -0.0297171 0.0510631
vn -0.943081 0.330871 0.0335072
v 0.133948 -0.0337909 0.0229608
vn -0.507056 0.859922 0.0585526
v 0.133948 -0.0355619 0.0510534
vn -0.46783 0.881529 0.063575
v 0.133948 -0.0337909 0.0229608
vn -0.507056 0.859922 0.0585526
v 0.13791 -0.0297171 0.0510631
vn -0.943081 0.330871 0.0335072
v 0.13791 -0.0266781 0.0229608
vn -0.958875 0.282477 0.0276686
v 0.13791 -0.0266781 0.0229608
vn -0.958875 0.282477 0.0276686
v 0.133948 -0.0323343 -0.000967523
vn -0.532977 0.844293 0.0557297
v 0.133948 -0.0337909 0.0229608
vn -0.507056 0.859922 0.0585526
v 0.133948 -0.0323343 -0.000967523
vn -0.532977 0.844293 0.0557297
v 0.13791 -0.0266781 0.0229608
vn -0.958875 0.282477 0.0276686
v 0.13791 -0.0241326 -0.000967524
vn -0.967866 0.250267 0.0245217
v 0.13791 -0.0328321 0.0789489
vn -0.918052 0.395082 0.0330163
v 0.133948 -0.0392209 0.102128
vn -0.369857 0.923673 0.100169
v 0.13791 -0.0356055 0.102227
vn -0.886112 0.459312 0.0619507
v 0.133948 -0.0392209 0.102128
vn -0.369857 0.923673 0.100169
v 0.13791 -0.0328321 0.0789489
vn -0.918052 0.395082 0.0330163
v 0.133948 -0.0374408 0.0789092
vn -0.420052 0.905159 0.0651429
v 0.13791 -0.0328321 0.0789489
vn -0.918052 0.395082 0.0330163
v 0.133948 -0.0355619 0.0510534
vn -0.46783 0.881529 0.063575
v 0.133948 -0.0374408 0.0789092
vn -0.420052 0.905159 0.0651429
v 0.133948 -0.0355619 0.0510534
vn -0.46783 0.881529 0.063575
v 0.13791 -0.0328321 0.0789489
vn -0.918052 0.395082 0.0330163
v 0.13791 -0.0297171 0.0510631
vn -0.943081 0.330871 0.0335072
v 0.133948 -0.0355619 0.0510534
vn -0.46783 0.881529 0.063575
v 0.0510672 -0.0379815 0.0788707
vn -0.0035424 0.997632 0.0686921
v 0.133948 -0.0374408 0.0789092
vn -0.420052 0.905159 0.0651429
v 0.0510672 -0.0379815 0.0788707
vn -0.0035424 0.997632 0.0686921
v 0.133948 -0.0355619 0.0510534
vn -0.46783 0.881529 0.063575
v 0.0510672 -0.0362184 0.0510436
vn -0.00427415 0.998131 0.0609622
v 0.133948 -0.0374408 0.0789092
vn -0.420052 0.905159 0.0651429
v 0.0510672 -0.0396938 0.102031
vn -0.00305533 0.994912 0.100697
v 0.133948 -0.0392209 0.102128
vn -0.369857 0.923673 0.100169
v 0.0510672 -0.0396938 0.102031
vn -0.00305533 0.994912 0.100697
v 0.133948 -0.0374408 0.0789092
vn -0.420052 0.905159 0.0651429
v 0.0510672 -0.0379815 0.0788707
vn -0.0035424 0.997632 0.0686921
v 0.133948 -0.0323343 -0.000967523
vn -0.532977 0.844293 0.0557297
v 0.0510672 -0.0345812 0.0229608
vn -0.00505885 0.998351 0.0571874
v 0.133948 -0.0337909 0.0229608
vn -0.507056 0.859922 0.0585526
v 0.0510672 -0.0345812 0.0229608
vn -0.00505885 0.998351 0.0571874
v 0.133948 -0.0323343 -0.000967523
vn -0.532977 0.844293 0.0557297
v 0.0510672 -0.0332457 -0.000967529
vn -0.00548946 0.998431 0.055726
v 0.133948 -0.0337909 0.0229608
vn -0.507056 0.859922 0.0585526
v 0.0510672 -0.0362184 0.0510436
vn -0.00427415 0.998131 0.0609622
v 0.133948 -0.0355619 0.0510534
vn -0.46783 0.881529 0.063575
v 0.0510672 -0.0362184 0.0510436
vn -0.00427415 0.998131 0.0609622
v 0.133948 -0.0337909 0.0229608
vn -0.507056 0.859922 0.0585526
v 0.0510672 -0.0345812 0.0229608
vn -0.00505885 0.998351 0.0571874
v 0.13791 -0.0224983 -0.0163308
vn -0.959356 0.231382 0.161549
v 0.140287 0.0210176 -0.015895
vn -0.973991 0.201312 0.103998
v 0.139261 0.0342983 -0.0351772
vn -0.342652 0.707102 0.618544
v -0.139261 0.0342983 -0.0351772
vn 0.471049 0.682391 0.558978
v -0.140287 0.0210176 -0.015895
vn 0.977096 0.180465 0.112765
v -0.13791 -0.0224983 -0.0163308
vn 0.95951 0.23309 0.158145
v 0.143253 -0.0472483 0.169017
vn 0.357522 0.751699 0.554189
v 0.140287 -0.0281824 0.130048
vn -0.836935 0.494469 0.234607
v 0.139175 -0.0458704 0.163934
vn -0.329927 0.898721 0.288876
v 0.140287 -0.0281824 0.130048
vn -0.836935 0.494469 0.234607
v 0.143253 -0.0472483 0.169017
vn 0.357522 0.751699 0.554189
v 0.143358 -0.0258948 0.130519
vn -0.126998 0.884254 0.449406
v -0.143253 -0.0472488 0.169016
vn -0.360233 0.758847 0.542571
v -0.139261 -0.0477423 0.169321
vn 0.0824849 0.89599 0.436345
v -0.139175 -0.0458867 0.163923
vn 0.337426 0.897227 0.284828
v 0.0232759 0.0198711 -0.0524917
vn 0.301424 -0.231249 -0.925023
v -0.0510672 -0.0428578 -0.0439476
vn -0.0226493 -0.0534309 -0.998315
v -0.0232759 0.0198711 -0.0524917
vn -0.301535 -0.231672 -0.924881
v -0.0510672 -0.0428578 -0.0439476
vn -0.0226493 -0.0534309 -0.998315
v 0.0232759 0.0198711 -0.0524917
vn 0.301424 -0.231249 -0.925023
v 0.0510672 -0.0428578 -0.0439476
vn 0.0226503 -0.0534316 -0.998314
v -0.0491779 0.03543 -0.0452562
vn -0.104332 0.622309 -0.775788
v -0.0232759 0.0366664 -0.0507005
vn -0.373303 0.872437 -0.315434
v -0.0232759 0.0198711 -0.0524917
vn -0.301535 -0.231672 -0.924881
v -0.0491779 0.03543 -0.0452562
vn -0.104332 0.622309 -0.775788
v -0.0232759 0.0198711 -0.0524917
vn -0.301535 -0.231672 -0.924881
v -0.0510672 -0.0428578 -0.0439476
vn -0.0226493 -0.0534309 -0.998315
v 0.0232759 0.0198711 -0.0524917
vn 0.301424 -0.231249 -0.925023
v 0.0491779 0.03543 -0.0452562
vn 0.104333 0.622309 -0.775787
v 0.0510672 -0.0428578 -0.0439476
vn 0.0226503 -0.0534316 -0.998314
v -0.0115091 0.045841 -0.129221
vn -0.215331 0.971314 0.1009
v 0.0101802 0.0420139 -0.0927957
vn 0.142827 0.985055 0.0962672
v 0.0115091 0.045841 -0.129221
vn 0.215331 0.971314 0.1009
v 0.0101802 0.0420139 -0.0927957
vn 0.142827 0.985055 0.0962672
v -0.0115091 0.045841 -0.129221
vn -0.215331 0.971314 0.1009
v -0.0101802 0.0420139 -0.0927957
vn -0.149399 0.983032 0.10643
v 0.0115091 0.045841 -0.129221
vn 0.215331 0.971314 0.1009
v 0.0167099 0.0450227 -0.143167
vn 0.887773 0.45761 0.0495283
v 0.0134713 0.0471772 -0.14201
vn 0.238883 0.963185 0.123329
v -0.0115091 0.045841 -0.129221
vn -0.215331 0.971314 0.1009
v -0.0134712 0.0471772 -0.14201
vn -0.243881 0.962788 0.116457
v -0.0167098 0.0450227 -0.143167
vn -0.883076 0.467578 0.0393469
v -0.0401971 0.0365103 -0.0419251
vn -0.0277975 0.998846 0.0391674
v -0.0232759 0.0366664 -0.0507005
vn -0.373303 0.872437 -0.315434
v -0.0491779 0.03543 -0.0452562
vn -0.104332 0.622309 -0.775788
v 0.0401971 0.0365103 -0.0419251
vn 0.0277976 0.998846 0.0391691
v -0.0232759 0.0366664 -0.0507005
vn -0.373303 0.872437 -0.315434
v -0.0401971 0.0365103 -0.0419251
vn -0.0277975 0.998846 0.0391674
v -0.0232759 0.0366664 -0.0507005
vn -0.373303 0.872437 -0.315434
v 0.0401971 0.0365103 -0.0419251
vn 0.0277976 0.998846 0.0391691
v 0.0232759 0.0366664 -0.0507007
vn 0.373285 0.872214 -0.316072
v -0.0156441 0.0386328 -0.142511
vn 0.769606 -0.630117 -0.103247
v -0.01168 0.0438232 -0.145172
vn 0.743958 -0.618296 -0.253449
v -0.00923798 0.0432538 -0.13942
vn 0.432208 -0.824308 -0.365666
v 0.009238 0.0432539 -0.13942
vn -0.432202 -0.824314 -0.365661
v 0.0150496 0.0331068 -0.0954892
vn -0.567446 -0.813383 -0.128115
v 0.0101802 0.0366545 -0.098233
vn -0.285175 -0.946662 -0.150023
v 0.0150496 0.0331068 -0.0954892
vn -0.567446 -0.813383 -0.128115
v 0.009238 0.0432539 -0.13942
vn -0.432202 -0.824314 -0.365661
v 0.0156441 0.0386328 -0.142511
vn -0.76961 -0.630111 -0.103246
vt 0.367782 0.494706
vt 0.355107 0.490472
vt 0.358472 0.489774
vt 0.355107 0.490472
vt 0.367782 0.494706
vt 0.360961 0.494752
vt 0.586572 0.299079
vt 0.584895 0.30799
vt 0.584895 0.298234
vt 0.584895 0.30799
vt 0.586572 0.299079
vt 0.586571 0.309654
vt 0.368824 0.501506
vt 0.360961 0.494752
vt 0.367782 0.494706
vt 0.360961 0.494752
vt 0.368824 0.501506
vt 0.361791 0.501505
vt 0.37002 0.494641
vt 0.368824 0.501506
vt 0.367782 0.494706
vt 0.368824 0.501506
vt 0.37002 0.494641
vt 0.371 0.501528
vt 0.276847 0.218449
vt 0.280233 0.224996
vt 0.27684 0.225475
vt 0.280233 0.224996
vt 0.276847 0.218449
vt 0.28019 0.21805
vt 0.304167 0.268243
vt 0.306703 0.277023
vt 0.304167 0.278725
vt 0.304211 0.279176
vt 0.306703 0.288431
vt 0.304211 0.290537
vt 0.863047 0.125982
vt 0.850269 0.192853
vt 0.856686 0.116784
vt 0.850269 0.192853
vt 0.863047 0.125982
vt 0.855689 0.192633
vt 0.686972 0.992667
vt 0.696578 0.992813
vt 0.695984 0.999775
vt 0.31236 0.329498
vt 0.307515 0.205879
vt 0.314102 0.206847
vt 0.307515 0.205879
vt 0.31236 0.329498
vt 0.307567 0.322611
vt 0.307507 0.201058
vt 0.314102 0.206847
vt 0.307515 0.205879
vt 0.314102 0.206847
vt 0.307507 0.201058
vt 0.313912 0.20125
vt 0.844826 0.49295
vt 0.709192 0.4998
vt 0.710231 0.492899
vt 0.709192 0.4998
vt 0.844826 0.49295
vt 0.841492 0.499711
vt 0.703321 0.499782
vt 0.710231 0.492899
vt 0.709192 0.4998
vt 0.710231 0.492899
vt 0.703321 0.499782
vt 0.703575 0.492905
vt 0.700418 0.492924
vt 0.703321 0.499782
vt 0.700455 0.499729
vt 0.703321 0.499782
vt 0.700418 0.492924
vt 0.703575 0.492905
vt 0.929564 0.495443
vt 0.926715 0.502196
vt 0.927003 0.495396
vt 0.926715 0.502196
vt 0.929564 0.495443
vt 0.929356 0.502196
vt 0.313343 0.19824
vt 0.307507 0.201058
vt 0.307483 0.198452
vt 0.307507 0.201058
vt 0.313343 0.19824
vt 0.313912 0.20125
vt 0.93103 0.491163
vt 0.927003 0.495396
vt 0.929665 0.490464
vt 0.927003 0.495396
vt 0.93103 0.491163
vt 0.929564 0.495443
vt 0.355107 0.490472
vt 0.30065 0.494609
vt 0.300652 0.489084
vt 0.30065 0.494609
vt 0.355107 0.490472
vt 0.360961 0.494752
vt 0.361791 0.501505
vt 0.30065 0.494609
vt 0.360961 0.494752
vt 0.30065 0.494609
vt 0.361791 0.501505
vt 0.30065 0.501504
vt 0.569995 0.207518
vt 0.567186 0.154899
vt 0.567977 0.151588
vt 0.567186 0.154899
vt 0.569995 0.207518
vt 0.56818 0.207568
vt 0.569203 0.150257
vt 0.569995 0.207518
vt 0.567977 0.151588
vt 0.000225275 0.188215
vt 0.00071073 0.128888
vt 0.00182851 0.188292
vt 0.00409149 0.188512
vt 0.00071073 0.128888
vt 0.00316678 0.131025
vt 0.00071073 0.128888
vt 0.00409149 0.188512
vt 0.00182851 0.188292
vt 0.598691 0.154899
vt 0.595882 0.207519
vt 0.5979 0.151588
vt 0.595882 0.207519
vt 0.598691 0.154899
vt 0.597697 0.207569
vt 0.595882 0.207519
vt 0.596674 0.150258
vt 0.5979 0.151588
vt 0.275904 0.128888
vt 0.276389 0.188215
vt 0.274786 0.188292
vt 0.272523 0.188512
vt 0.23853 0.188942
vt 0.273448 0.131025
vt 0.273448 0.131025
vt 0.274786 0.188292
vt 0.272523 0.188512
vt 0.274786 0.188292
vt 0.273448 0.131025
vt 0.275904 0.128888
vt 0.841273 0.000421226
vt 0.710018 0.00711322
vt 0.708973 0.000225306
vt 0.710018 0.00711322
vt 0.841273 0.000421226
vt 0.844614 0.00716424
vt 0.703362 0.00711948
vt 0.708973 0.000225306
vt 0.710018 0.00711322
vt 0.708973 0.000225306
vt 0.703362 0.00711948
vt 0.703102 0.000254929
vt 0.593601 0.334394
vt 0.587066 0.21863
vt 0.593653 0.217662
vt 0.587066 0.21863
vt 0.593601 0.334394
vt 0.588809 0.341281
vt 0.587256 0.213033
vt 0.593653 0.217662
vt 0.587066 0.21863
vt 0.593653 0.217662
vt 0.587256 0.213033
vt 0.593661 0.212841
vt 0.593685 0.210235
vt 0.587256 0.213033
vt 0.587826 0.210023
vt 0.587256 0.213033
vt 0.593685 0.210235
vt 0.593661 0.212841
vt 0.929564 0.994795
vt 0.929665 0.999775
vt 0.927003 0.994842
vt 0.929665 0.999775
vt 0.929564 0.994795
vt 0.93103 0.999076
vt 0.700237 0.000344157
vt 0.703362 0.00711948
vt 0.700205 0.00713825
vt 0.703362 0.00711948
vt 0.700237 0.000344157
vt 0.703102 0.000254929
vt 0.929356 0.988042
vt 0.927003 0.994842
vt 0.926715 0.988042
vt 0.927003 0.994842
vt 0.929356 0.988042
vt 0.929564 0.994795
vt 0.361791 0.98735
vt 0.30065 0.994244
vt 0.30065 0.987349
vt 0.30065 0.994244
vt 0.361791 0.98735
vt 0.360961 0.994103
vt 0.355107 0.998385
vt 0.30065 0.994244
vt 0.360961 0.994103
vt 0.30065 0.994244
vt 0.355107 0.998385
vt 0.300652 0.999774
vt 0.293896 0.213912
vt 0.290546 0.206487
vt 0.293888 0.206886
vt 0.290546 0.206487
vt 0.293896 0.213912
vt 0.290503 0.213433
vt 0.367782 0.994152
vt 0.370999 0.987334
vt 0.37002 0.994222
vt 0.370999 0.987334
vt 0.367782 0.994152
vt 0.368824 0.987351
vt 0.367782 0.994152
vt 0.361791 0.98735
vt 0.368824 0.987351
vt 0.361791 0.98735
vt 0.367782 0.994152
vt 0.360961 0.994103
vt 0.584895 0.287208
vt 0.586572 0.29612
vt 0.584896 0.297783
vt 0.586572 0.29612
vt 0.584895 0.287208
vt 0.586572 0.286363
vt 0.358472 0.999084
vt 0.360961 0.994103
vt 0.367782 0.994152
vt 0.360961 0.994103
vt 0.358472 0.999084
vt 0.355107 0.998385
vt 0.364697 0.11436
vt 0.37028 0.102107
vt 0.371174 0.105272
vt 0.37028 0.102107
vt 0.364697 0.11436
vt 0.36384 0.111443
vt 0.58381 0.112947
vt 0.581511 0.180248
vt 0.576104 0.105201
vt 0.277157 0.29289
vt 0.289892 0.225926
vt 0.28396 0.292264
vt 0.371174 0.105272
vt 0.371174 0.181243
vt 0.364697 0.11436
vt 0.576104 0.179773
vt 0.576104 0.105201
vt 0.581511 0.180248
vt 0.926715 0.656068
vt 0.929356 0.83417
vt 0.926715 0.83417
vt 0.929356 0.83417
vt 0.926715 0.656068
vt 0.929356 0.656068
vt 0.70361 0.339053
vt 0.700272 0.160991
vt 0.703532 0.160972
vt 0.700272 0.160991
vt 0.70361 0.339053
vt 0.70035 0.339071
vt 0.710572 0.339046
vt 0.703532 0.160972
vt 0.710494 0.160966
vt 0.703532 0.160972
vt 0.710572 0.339046
vt 0.70361 0.339053
vt 0.30065 0.655376
vt 0.361791 0.833479
vt 0.30065 0.833478
vt 0.361791 0.833479
vt 0.30065 0.655376
vt 0.361791 0.655377
vt 0.697375 0.839018
vt 0.690331 0.660916
vt 0.697375 0.660916
vt 0.690331 0.660916
vt 0.697375 0.839018
vt 0.690331 0.839019
vt 0.699754 0.839017
vt 0.697375 0.660916
vt 0.699754 0.660915
vt 0.697375 0.660916
vt 0.699754 0.839017
vt 0.697375 0.839018
vt 0.368824 0.655378
vt 0.371174 0.833481
vt 0.368824 0.83348
vt 0.371174 0.833481
vt 0.368824 0.655378
vt 0.371174 0.655379
vt 0.361791 0.655377
vt 0.368824 0.83348
vt 0.361791 0.833479
vt 0.368824 0.83348
vt 0.361791 0.655377
vt 0.368824 0.655378
vt 0.621301 0.516393
vt 0.638083 0.660916
vt 0.62104 0.66092
vt 0.638083 0.660916
vt 0.621301 0.516393
vt 0.638866 0.516488
vt 0.62104 0.839023
vt 0.638083 0.660916
vt 0.638083 0.839018
vt 0.638083 0.660916
vt 0.62104 0.839023
vt 0.62104 0.66092
vt 0.355897 0.118383
vt 0.352643 0.129319
vt 0.351099 0.118383
vt 0.165313 0.128437
vt 0.16802 0.117815
vt 0.170164 0.128437
vt 0.164863 0.122265
vt 0.159914 0.128437
vt 0.159914 0.121362
vt 0.937632 0.992831
vt 0.933163 0.999775
vt 0.932136 0.992886
vt 0.307521 0.337779
vt 0.304131 0.329949
vt 0.308715 0.330758
vt 0.926264 0.999775
vt 0.921125 0.992896
vt 0.925243 0.992885
vt 0.314102 0.330816
vt 0.307521 0.337779
vt 0.308715 0.330758
vt 0.307521 0.337779
vt 0.314102 0.330816
vt 0.311929 0.338014
vt 0.180534 0.128021
vt 0.177497 0.117302
vt 0.181956 0.117238
vt 0.177497 0.117302
vt 0.180534 0.128021
vt 0.175918 0.128437
vt 0.185296 0.116318
vt 0.180534 0.128021
vt 0.181956 0.117238
vt 0.180534 0.128021
vt 0.185296 0.116318
vt 0.185296 0.125266
vt 0.597666 0.49856
vt 0.598409 0.4947
vt 0.598691 0.497435
vt 0.598409 0.4947
vt 0.597666 0.49856
vt 0.596796 0.494962
vt 0.596796 0.494962
vt 0.598197 0.49035
vt 0.598409 0.4947
vt 0.598197 0.49035
vt 0.596796 0.494962
vt 0.596413 0.490382
vt 0.273668 0.484503
vt 0.276205 0.479456
vt 0.276043 0.484036
vt 0.276205 0.479456
vt 0.273668 0.484503
vt 0.27377 0.479575
vt 0.595624 0.499715
vt 0.596796 0.494962
vt 0.597666 0.49856
vt 0.596796 0.494962
vt 0.595624 0.499715
vt 0.594661 0.495723
vt 0.596413 0.490382
vt 0.59812 0.485111
vt 0.598197 0.49035
vt 0.59812 0.485111
vt 0.596413 0.490382
vt 0.596279 0.485067
vt 0.27377 0.479575
vt 0.276261 0.474028
vt 0.276205 0.479456
vt 0.276261 0.474028
vt 0.27377 0.479575
vt 0.273807 0.474031
vt 0.269013 0.479615
vt 0.273807 0.474031
vt 0.27377 0.479575
vt 0.273807 0.474031
vt 0.269013 0.479615
vt 0.269082 0.474032
vt 0.138816 0.479802
vt 0.269082 0.474032
vt 0.269013 0.479615
vt 0.269082 0.474032
vt 0.138816 0.479802
vt 0.138532 0.474601
vt 0.268488 0.488634
vt 0.273668 0.484503
vt 0.27351 0.488351
vt 0.273668 0.484503
vt 0.268488 0.488634
vt 0.268836 0.484658
vt 0.268836 0.484658
vt 0.27377 0.479575
vt 0.273668 0.484503
vt 0.27377 0.479575
vt 0.268836 0.484658
vt 0.269013 0.479615
vt 0.140438 0.48401
vt 0.269013 0.479615
vt 0.268836 0.484658
vt 0.269013 0.479615
vt 0.140438 0.48401
vt 0.138816 0.479802
vt 0.34568 0.246611
vt 0.34568 0.125679
vt 0.349885 0.125894
vt 0.268836 0.484658
vt 0.14263 0.486571
vt 0.140438 0.48401
vt 0.00436048 0.494706
vt 0.00249697 0.490475
vt 0.00513603 0.489776
vt 0.00249697 0.490475
vt 0.00436048 0.494706
vt 0.000507299 0.494755
vt 0.00948535 0.489258
vt 0.00436048 0.494706
vt 0.00513603 0.489776
vt 0.00436048 0.494706
vt 0.00948535 0.489258
vt 0.00929043 0.494635
vt 0.00420548 0.501506
vt 0.000507299 0.494755
vt 0.00436048 0.494706
vt 0.000507299 0.494755
vt 0.00420548 0.501506
vt 0.00022528 0.501507
vt 0.00929043 0.494635
vt 0.00420548 0.501506
vt 0.00436048 0.494706
vt 0.00420548 0.501506
vt 0.00929043 0.494635
vt 0.00925147 0.501505
vt 0.0148353 0.501505
vt 0.00929043 0.494635
vt 0.0148355 0.49461
vt 0.00929043 0.494635
vt 0.0148353 0.501505
vt 0.00925147 0.501505
vt 0.0148355 0.49461
vt 0.00948535 0.489258
vt 0.0148372 0.489085
vt 0.00948535 0.489258
vt 0.0148355 0.49461
vt 0.00929043 0.494635
vt 0.00925149 0.655377
vt 0.0148354 0.833479
vt 0.0092515 0.833479
vt 0.0148354 0.833479
vt 0.00925149 0.655377
vt 0.0148354 0.655377
vt 0.0042055 0.655378
vt 0.0092515 0.833479
vt 0.00420552 0.83348
vt 0.0092515 0.833479
vt 0.0042055 0.655378
vt 0.00925149 0.655377
vt 0.000225302 0.655379
vt 0.00420552 0.83348
vt 0.000225309 0.833481
vt 0.00420552 0.83348
vt 0.000225302 0.655379
vt 0.0042055 0.655378
vt 0.0094854 0.999602
vt 0.0148356 0.994245
vt 0.0148373 0.999775
vt 0.0148356 0.994245
vt 0.0094854 0.999602
vt 0.00929048 0.994222
vt 0.00929048 0.994222
vt 0.0148354 0.98735
vt 0.0148356 0.994245
vt 0.0148354 0.98735
vt 0.00929048 0.994222
vt 0.00925151 0.98735
vt 0.00420553 0.987351
vt 0.00929048 0.994222
vt 0.00436053 0.994152
vt 0.00929048 0.994222
vt 0.00420553 0.987351
vt 0.00925151 0.98735
vt 0.000507337 0.994106
vt 0.00420553 0.987351
vt 0.00436053 0.994152
vt 0.00420553 0.987351
vt 0.000507337 0.994106
vt 0.000225318 0.987352
vt 0.00436053 0.994152
vt 0.0094854 0.999602
vt 0.00513606 0.999085
vt 0.0094854 0.999602
vt 0.00436053 0.994152
vt 0.00929048 0.994222
vt 0.002497 0.998387
vt 0.00436053 0.994152
vt 0.00513606 0.999085
vt 0.00436053 0.994152
vt 0.002497 0.998387
vt 0.000507337 0.994106
vt 0.00759983 0.479615
vt 0.00280656 0.474031
vt 0.00753118 0.474032
vt 0.00280656 0.474031
vt 0.00759983 0.479615
vt 0.00284359 0.479575
vt 0.569464 0.490383
vt 0.567757 0.485111
vt 0.569598 0.485067
vt 0.567757 0.485111
vt 0.569464 0.490383
vt 0.56768 0.49035
vt 0.00284359 0.479575
vt 0.00035259 0.474028
vt 0.00280656 0.474031
vt 0.00035259 0.474028
vt 0.00284359 0.479575
vt 0.000407772 0.479456
vt 0.00294546 0.484503
vt 0.000407772 0.479456
vt 0.00284359 0.479575
vt 0.000407772 0.479456
vt 0.00294546 0.484503
vt 0.000570294 0.484036
vt 0.569081 0.494962
vt 0.56768 0.49035
vt 0.569464 0.490383
vt 0.56768 0.49035
vt 0.569081 0.494962
vt 0.567468 0.494701
vt 0.568211 0.498561
vt 0.567468 0.494701
vt 0.569081 0.494962
vt 0.567468 0.494701
vt 0.568211 0.498561
vt 0.567186 0.497435
vt 0.570253 0.499715
vt 0.569081 0.494962
vt 0.571217 0.495723
vt 0.569081 0.494962
vt 0.570253 0.499715
vt 0.568211 0.498561
vt 0.00777712 0.484658
vt 0.00284359 0.479575
vt 0.00759983 0.479615
vt 0.00284359 0.479575
vt 0.00777712 0.484658
vt 0.00294546 0.484503
vt 0.00812465 0.488634
vt 0.00294546 0.484503
vt 0.00777712 0.484658
vt 0.00294546 0.484503
vt 0.00812465 0.488634
vt 0.00310265 0.488351
vt 0.587372 0.341732
vt 0.593532 0.34908
vt 0.589116 0.349049
vt 0.593532 0.34908
vt 0.587372 0.341732
vt 0.592765 0.342001
vt 0.923035 0.50025
vt 0.926264 0.50708
vt 0.922147 0.507051
vt 0.15821 0.128437
vt 0.154822 0.121699
vt 0.159463 0.121699
vt 0.280609 0.199691
vt 0.280609 0.20888
vt 0.27684 0.203023
vt 0.572101 0.149807
vt 0.567186 0.142698
vt 0.574132 0.144731
vt 0.172596 0.117632
vt 0.175468 0.128437
vt 0.170615 0.128437
vt 0.355897 0.140844
vt 0.351036 0.13036
vt 0.355897 0.129769
vt 0.185747 0.116268
vt 0.190503 0.127987
vt 0.185747 0.125222
vt 0.190503 0.127987
vt 0.185747 0.116268
vt 0.18907 0.11719
vt 0.18907 0.11719
vt 0.195186 0.128437
vt 0.190503 0.127987
vt 0.195186 0.128437
vt 0.18907 0.11719
vt 0.193574 0.117279
vt 0.918411 0.820064
vt 0.912719 0.835709
vt 0.90319 0.790523
vt 0.924262 0.838404
vt 0.918705 0.679872
vt 0.924633 0.661555
vt 0.918705 0.679872
vt 0.924262 0.838404
vt 0.918411 0.820064
vt 0.938353 0.839037
vt 0.931594 0.661557
vt 0.938468 0.660934
vt 0.931594 0.661557
vt 0.938353 0.839037
vt 0.93148 0.838406
vt 0.855419 0.201856
vt 0.850269 0.192853
vt 0.855689 0.192633
vt 0.850269 0.192853
vt 0.855419 0.201856
vt 0.84995 0.2026
vt 0.583541 0.266518
vt 0.576444 0.256152
vt 0.5831 0.256771
vt 0.576444 0.256152
vt 0.583541 0.266518
vt 0.576787 0.265354
vt 0.583774 0.308976
vt 0.576787 0.265354
vt 0.583541 0.266518
vt 0.576787 0.265354
vt 0.583774 0.308976
vt 0.576083 0.307251
vt 0.856086 0.243631
vt 0.84995 0.2026
vt 0.855419 0.201856
vt 0.84995 0.2026
vt 0.856086 0.243631
vt 0.850152 0.245061
vt 0.595857 0.216238
vt 0.597747 0.254473
vt 0.595906 0.25443
vt 0.597747 0.254473
vt 0.595857 0.216238
vt 0.597692 0.216284
vt 0.274545 0.236515
vt 0.276331 0.197185
vt 0.276304 0.236512
vt 0.595857 0.216238
vt 0.594136 0.254621
vt 0.594172 0.216426
vt 0.595857 0.216238
vt 0.597697 0.207569
vt 0.597692 0.216284
vt 0.597697 0.207569
vt 0.595857 0.216238
vt 0.595882 0.207519
vt 0.594172 0.216426
vt 0.595882 0.207519
vt 0.595857 0.216238
vt 0.595882 0.207519
vt 0.594172 0.216426
vt 0.594221 0.207754
vt 0.272394 0.197262
vt 0.274786 0.188292
vt 0.274693 0.197206
vt 0.274786 0.188292
vt 0.272394 0.197262
vt 0.272523 0.188512
vt 0.234771 0.197375
vt 0.272523 0.188512
vt 0.272394 0.197262
vt 0.272523 0.188512
vt 0.234771 0.197375
vt 0.23853 0.188942
vt 0.272394 0.197262
vt 0.274545 0.236515
vt 0.271902 0.236516
vt 0.274545 0.236515
vt 0.272394 0.197262
vt 0.274693 0.197206
vt 0.220462 0.23663
vt 0.272394 0.197262
vt 0.271902 0.236516
vt 0.272394 0.197262
vt 0.220462 0.23663
vt 0.234771 0.197375
vt 0.29168 0.494609
vt 0.252355 0.489084
vt 0.291682 0.489084
vt 0.252355 0.489084
vt 0.29168 0.494609
vt 0.252353 0.49461
vt 0.29168 0.501504
vt 0.252353 0.49461
vt 0.29168 0.494609
vt 0.252353 0.49461
vt 0.29168 0.501504
vt 0.252353 0.501504
vt 0.30065 0.501504
vt 0.29168 0.494609
vt 0.30065 0.494609
vt 0.29168 0.494609
vt 0.30065 0.501504
vt 0.29168 0.501504
vt 0.30065 0.494609
vt 0.291682 0.489084
vt 0.300652 0.489084
vt 0.291682 0.489084
vt 0.30065 0.494609
vt 0.29168 0.494609
vt 0.29168 0.655376
vt 0.30065 0.833478
vt 0.29168 0.833478
vt 0.30065 0.833478
vt 0.29168 0.655376
vt 0.30065 0.655376
vt 0.252353 0.655376
vt 0.29168 0.833478
vt 0.252353 0.833478
vt 0.29168 0.833478
vt 0.252353 0.655376
vt 0.29168 0.655376
vt 0.291682 0.999774
vt 0.30065 0.994244
vt 0.300652 0.999774
vt 0.30065 0.994244
vt 0.291682 0.999774
vt 0.29168 0.994244
vt 0.29168 0.994244
vt 0.30065 0.987349
vt 0.30065 0.994244
vt 0.30065 0.987349
vt 0.29168 0.994244
vt 0.29168 0.987349
vt 0.252353 0.994245
vt 0.29168 0.987349
vt 0.29168 0.994244
vt 0.29168 0.987349
vt 0.252353 0.994245
vt 0.252353 0.98735
vt 0.252355 0.999774
vt 0.29168 0.994244
vt 0.291682 0.999774
vt 0.29168 0.994244
vt 0.252355 0.999774
vt 0.252353 0.994245
vt 0.00422061 0.197262
vt 0.00182851 0.188292
vt 0.00409149 0.188512
vt 0.00182851 0.188292
vt 0.00422061 0.197262
vt 0.0019216 0.197206
vt 0.57002 0.216238
vt 0.56818 0.207568
vt 0.569995 0.207518
vt 0.56818 0.207568
vt 0.57002 0.216238
vt 0.568185 0.216283
vt 0.571705 0.216426
vt 0.569995 0.207518
vt 0.571656 0.207753
vt 0.569995 0.207518
vt 0.571705 0.216426
vt 0.57002 0.216238
vt 0.571742 0.254621
vt 0.57002 0.216238
vt 0.571705 0.216426
vt 0.000283828 0.197185
vt 0.00206965 0.236515
vt 0.000309691 0.236512
vt 0.569971 0.25443
vt 0.568185 0.216283
vt 0.57002 0.216238
vt 0.568185 0.216283
vt 0.569971 0.25443
vt 0.56813 0.254473
vt 0.00471252 0.236516
vt 0.0019216 0.197206
vt 0.00422061 0.197262
vt 0.0019216 0.197206
vt 0.00471252 0.236516
vt 0.00206965 0.236515
vt 0.284732 0.343306
vt 0.27684 0.302636
vt 0.283701 0.301448
vt 0.27684 0.302636
vt 0.284732 0.343306
vt 0.277055 0.345092
vt 0.277157 0.29289
vt 0.283701 0.301448
vt 0.27684 0.302636
vt 0.283701 0.301448
vt 0.277157 0.29289
vt 0.28396 0.292264
vt 0.36155 0.19091
vt 0.366331 0.181762
vt 0.366923 0.191499
vt 0.366331 0.181762
vt 0.36155 0.19091
vt 0.361026 0.181694
vt 0.361919 0.23268
vt 0.366923 0.191499
vt 0.36781 0.233944
vt 0.366923 0.191499
vt 0.361919 0.23268
vt 0.36155 0.19091
vt 0.57853 0.516398
vt 0.616057 0.660922
vt 0.578531 0.660925
vt 0.616057 0.660922
vt 0.57853 0.516398
vt 0.616196 0.516395
vt 0.621301 0.516393
vt 0.616057 0.660922
vt 0.616196 0.516395
vt 0.616057 0.660922
vt 0.621301 0.516393
vt 0.62104 0.66092
vt 0.852306 0.464146
vt 0.860034 0.431838
vt 0.860625 0.459786
vt 0.860034 0.431838
vt 0.852306 0.464146
vt 0.852022 0.435818
vt 0.863047 0.495126
vt 0.852306 0.464146
vt 0.860625 0.459786
vt 0.852306 0.464146
vt 0.863047 0.495126
vt 0.853366 0.4998
vt 0.551869 0.459936
vt 0.566736 0.435483
vt 0.566154 0.463806
vt 0.566736 0.435483
vt 0.551869 0.459936
vt 0.553575 0.431866
vt 0.564118 0.49944
vt 0.551869 0.459936
vt 0.566154 0.463806
vt 0.907236 0.305704
vt 0.907236 0.346961
vt 0.90033 0.345249
vt 0.596225 0.451636
vt 0.59812 0.485111
vt 0.596279 0.485067
vt 0.59812 0.485111
vt 0.596225 0.451636
vt 0.598066 0.451679
vt 0.273807 0.474031
vt 0.276267 0.439599
vt 0.276261 0.474028
vt 0.276267 0.439599
vt 0.273807 0.474031
vt 0.273893 0.439602
vt 0.596225 0.451636
vt 0.598024 0.426179
vt 0.598066 0.451679
vt 0.598024 0.426179
vt 0.596225 0.451636
vt 0.596183 0.426136
vt 0.273893 0.439602
vt 0.276272 0.413339
vt 0.276267 0.439599
vt 0.276272 0.413339
vt 0.273893 0.439602
vt 0.273977 0.413342
vt 0.269408 0.439603
vt 0.273977 0.413342
vt 0.273893 0.439602
vt 0.273977 0.413342
vt 0.269408 0.439603
vt 0.26973 0.413343
vt 0.147973 0.440353
vt 0.26973 0.413343
vt 0.269408 0.439603
vt 0.26973 0.413343
vt 0.147973 0.440353
vt 0.157339 0.41401
vt 0.138532 0.474601
vt 0.269408 0.439603
vt 0.269082 0.474032
vt 0.269408 0.439603
vt 0.138532 0.474601
vt 0.147973 0.440353
vt 0.269408 0.439603
vt 0.273807 0.474031
vt 0.269082 0.474032
vt 0.273807 0.474031
vt 0.269408 0.439603
vt 0.273893 0.439602
vt 0.0492643 0.49461
vt 0.0148372 0.489085
vt 0.049266 0.489085
vt 0.0148372 0.489085
vt 0.0492643 0.49461
vt 0.0148355 0.49461
vt 0.0492643 0.49461
vt 0.0148353 0.501505
vt 0.0148355 0.49461
vt 0.0148353 0.501505
vt 0.0492643 0.49461
vt 0.0492641 0.501505
vt 0.0755251 0.49461
vt 0.0492641 0.501505
vt 0.0492643 0.49461
vt 0.0492641 0.501505
vt 0.0755251 0.49461
vt 0.0755249 0.501505
vt 0.0755268 0.489085
vt 0.0492643 0.49461
vt 0.049266 0.489085
vt 0.0492643 0.49461
vt 0.0755268 0.489085
vt 0.0755251 0.49461
vt 0.0492642 0.655377
vt 0.0755249 0.833479
vt 0.0492642 0.833479
vt 0.0755249 0.833479
vt 0.0492642 0.655377
vt 0.0755249 0.655377
vt 0.0148354 0.655377
vt 0.0492642 0.833479
vt 0.0148354 0.833479
vt 0.0492642 0.833479
vt 0.0148354 0.655377
vt 0.0492642 0.655377
vt 0.0492644 0.994245
vt 0.0755268 0.999775
vt 0.0492661 0.999775
vt 0.0755268 0.999775
vt 0.0492644 0.994245
vt 0.0755251 0.994245
vt 0.0148373 0.999775
vt 0.0492644 0.994245
vt 0.0492661 0.999775
vt 0.0492644 0.994245
vt 0.0148373 0.999775
vt 0.0148356 0.994245
vt 0.0492642 0.98735
vt 0.0755251 0.994245
vt 0.0492644 0.994245
vt 0.0755251 0.994245
vt 0.0492642 0.98735
vt 0.0755249 0.98735
vt 0.0148356 0.994245
vt 0.0492642 0.98735
vt 0.0492644 0.994245
vt 0.0492642 0.98735
vt 0.0148356 0.994245
vt 0.0148354 0.98735
vt 0.00720522 0.439603
vt 0.00263647 0.413341
vt 0.00688312 0.413342
vt 0.00263647 0.413341
vt 0.00720522 0.439603
vt 0.00272048 0.439602
vt 0.00753118 0.474032
vt 0.00272048 0.439602
vt 0.00720522 0.439603
vt 0.00272048 0.439602
vt 0.00753118 0.474032
vt 0.00280656 0.474031
vt 0.00272048 0.439602
vt 0.000341629 0.413339
vt 0.00263647 0.413341
vt 0.000341629 0.413339
vt 0.00272048 0.439602
vt 0.000346372 0.439599
vt 0.569652 0.451636
vt 0.567853 0.426179
vt 0.569694 0.426136
vt 0.567853 0.426179
vt 0.569652 0.451636
vt 0.567811 0.451679
vt 0.569598 0.485067
vt 0.567811 0.451679
vt 0.569652 0.451636
vt 0.567811 0.451679
vt 0.569598 0.485067
vt 0.567757 0.485111
vt 0.00280656 0.474031
vt 0.000346372 0.439599
vt 0.00272048 0.439602
vt 0.000346372 0.439599
vt 0.00280656 0.474031
vt 0.00035259 0.474028
vt 0.603718 0.499715
vt 0.599141 0.463704
vt 0.613504 0.460128
vt 0.574132 0.107703
vt 0.574132 0.144731
vt 0.567186 0.142698
vt 0.599141 0.463704
vt 0.612374 0.432029
vt 0.613504 0.460128
vt 0.612374 0.432029
vt 0.599141 0.463704
vt 0.599141 0.435376
vt 0.361026 0.484186
vt 0.371174 0.452981
vt 0.370956 0.488634
vt 0.371174 0.452981
vt 0.361026 0.484186
vt 0.36268 0.448824
vt 0.36268 0.448824
vt 0.370746 0.424658
vt 0.371174 0.452981
vt 0.370746 0.424658
vt 0.36268 0.448824
vt 0.362586 0.420877
vt 0.964583 0.362101
vt 0.932375 0.183977
vt 0.964697 0.183998
vt 0.932375 0.183977
vt 0.964583 0.362101
vt 0.93226 0.362079
vt 0.398577 0.839025
vt 0.371748 0.660922
vt 0.398577 0.660923
vt 0.371748 0.660922
vt 0.398577 0.839025
vt 0.371748 0.839025
vt 0.566424 0.191777
vt 0.544093 0.167646
vt 0.559581 0.125449
vt 0.544093 0.167646
vt 0.566424 0.191777
vt 0.545044 0.188207
vt 0.00316678 0.131025
vt 0.0380842 0.188942
vt 0.00409149 0.188512
vt 0.138082 0.474601
vt 0.00759983 0.479615
vt 0.00753118 0.474032
vt 0.00759983 0.479615
vt 0.138082 0.474601
vt 0.137797 0.479802
vt 0.137797 0.479802
vt 0.00777712 0.484658
vt 0.00759983 0.479615
vt 0.00777712 0.484658
vt 0.137797 0.479802
vt 0.136176 0.48401
vt 0.360575 0.246611
vt 0.356348 0.125308
vt 0.360575 0.125145
vt 0.586741 0.37158
vt 0.586741 0.499715
vt 0.584261 0.497431
vt 0.566424 0.191777
vt 0.544768 0.194284
vt 0.545044 0.188207
vt 0.544768 0.194284
vt 0.566424 0.191777
vt 0.566736 0.200981
vt 0.544768 0.194284
vt 0.564857 0.242867
vt 0.536279 0.232007
vt 0.564857 0.242867
vt 0.544768 0.194284
vt 0.566736 0.200981
vt 0.634002 0.232661
vt 0.604119 0.200989
vt 0.626776 0.194968
vt 0.604119 0.200989
vt 0.634002 0.232661
vt 0.605027 0.24286
vt 0.604119 0.200989
vt 0.626833 0.188969
vt 0.626776 0.194968
vt 0.626833 0.188969
vt 0.604119 0.200989
vt 0.604667 0.191812
vt 0.627626 0.168171
vt 0.604667 0.191812
vt 0.612692 0.125562
vt 0.604667 0.191812
vt 0.627626 0.168171
vt 0.626833 0.188969
vt 0.0380842 0.188942
vt 0.00422061 0.197262
vt 0.00409149 0.188512
vt 0.00422061 0.197262
vt 0.0380842 0.188942
vt 0.0418431 0.197375
vt 0.0418431 0.197375
vt 0.00471252 0.236516
vt 0.00422061 0.197262
vt 0.00471252 0.236516
vt 0.0418431 0.197375
vt 0.0561527 0.23663
vt 0.553575 0.431866
vt 0.480988 0.432524
vt 0.488257 0.406582
vt 0.480988 0.432524
vt 0.553575 0.431866
vt 0.551869 0.459936
vt 0.613504 0.460128
vt 0.678198 0.408091
vt 0.684933 0.434178
vt 0.678198 0.408091
vt 0.613504 0.460128
vt 0.612374 0.432029
vt 0.119274 0.41401
vt 0.00720522 0.439603
vt 0.00688312 0.413342
vt 0.00720522 0.439603
vt 0.119274 0.41401
vt 0.128641 0.440353
vt 0.128641 0.440353
vt 0.00753118 0.474032
vt 0.00720522 0.439603
vt 0.00753118 0.474032
vt 0.128641 0.440353
vt 0.138082 0.474601
vt 0.371625 0.0320944
vt 0.465833 0.176853
vt 0.371911 0.176853
vt 0.465833 0.176853
vt 0.371625 0.0320944
vt 0.464572 0.0324246
vt 0.465833 0.354956
vt 0.371911 0.176853
vt 0.465833 0.176853
vt 0.371911 0.176853
vt 0.465833 0.354956
vt 0.371911 0.354956
vt 0.638957 0.983447
vt 0.62104 0.839023
vt 0.638083 0.839018
vt 0.62104 0.839023
vt 0.638957 0.983447
vt 0.621737 0.983553
vt 0.368824 0.510606
vt 0.371174 0.655379
vt 0.368824 0.655378
vt 0.371174 0.655379
vt 0.368824 0.510606
vt 0.37115 0.510611
vt 0.361791 0.510605
vt 0.368824 0.655378
vt 0.361791 0.655377
vt 0.368824 0.655378
vt 0.361791 0.510605
vt 0.368824 0.510606
vt 0.697266 0.983777
vt 0.690331 0.839019
vt 0.697375 0.839018
vt 0.690331 0.839019
vt 0.697266 0.983777
vt 0.690115 0.983741
vt 0.697266 0.983777
vt 0.699754 0.839017
vt 0.699727 0.983786
vt 0.699754 0.839017
vt 0.697266 0.983777
vt 0.697375 0.839018
vt 0.30065 0.510604
vt 0.361791 0.655377
vt 0.30065 0.655376
vt 0.361791 0.655377
vt 0.30065 0.510604
vt 0.361791 0.510605
vt 0.252353 0.510604
vt 0.29168 0.655376
vt 0.252353 0.655376
vt 0.29168 0.655376
vt 0.252353 0.510604
vt 0.29168 0.510604
vt 0.30065 0.510604
vt 0.29168 0.655376
vt 0.29168 0.510604
vt 0.29168 0.655376
vt 0.30065 0.510604
vt 0.30065 0.655376
vt 0.0148354 0.510605
vt 0.0492642 0.655377
vt 0.0148354 0.655377
vt 0.0492642 0.655377
vt 0.0148354 0.510605
vt 0.0492641 0.510605
vt 0.0492641 0.510605
vt 0.0755249 0.655377
vt 0.0492642 0.655377
vt 0.0755249 0.655377
vt 0.0492641 0.510605
vt 0.0755249 0.510605
vt 0.00420549 0.510606
vt 0.00925149 0.655377
vt 0.0042055 0.655378
vt 0.00925149 0.655377
vt 0.00420549 0.510606
vt 0.00925147 0.510605
vt 0.000225273 0.510607
vt 0.0042055 0.655378
vt 0.000225302 0.655379
vt 0.0042055 0.655378
vt 0.000225273 0.510607
vt 0.00420549 0.510606
vt 0.0148354 0.510605
vt 0.00925149 0.655377
vt 0.00925147 0.510605
vt 0.00925149 0.655377
vt 0.0148354 0.510605
vt 0.0148354 0.655377
vt 0.710649 0.4838
vt 0.70361 0.339053
vt 0.710572 0.339046
vt 0.70361 0.339053
vt 0.710649 0.4838
vt 0.703676 0.483807
vt 0.926715 0.511296
vt 0.929356 0.656068
vt 0.926715 0.656068
vt 0.929356 0.656068
vt 0.926715 0.511296
vt 0.929356 0.511296
vt 0.700414 0.483826
vt 0.70361 0.339053
vt 0.703676 0.483807
vt 0.70361 0.339053
vt 0.700414 0.483826
vt 0.70035 0.339071
vt 0.938205 0.983796
vt 0.93148 0.838406
vt 0.938353 0.839037
vt 0.93148 0.838406
vt 0.938205 0.983796
vt 0.932025 0.983802
vt 0.920877 0.983796
vt 0.912719 0.835709
vt 0.918411 0.820064
vt 0.304131 0.488634
vt 0.306815 0.346537
vt 0.310722 0.346869
vt 0.920877 0.983796
vt 0.924262 0.838404
vt 0.924721 0.9838
vt 0.924262 0.838404
vt 0.920877 0.983796
vt 0.918411 0.820064
vt 0.371625 0.499715
vt 0.465833 0.354956
vt 0.464572 0.499384
vt 0.465833 0.354956
vt 0.371625 0.499715
vt 0.371911 0.354956
vt 0.398463 0.983556
vt 0.371748 0.839025
vt 0.398577 0.839025
vt 0.371748 0.839025
vt 0.398463 0.983556
vt 0.371625 0.983556
vt 0.93148 0.506508
vt 0.964583 0.362101
vt 0.963371 0.506629
vt 0.964583 0.362101
vt 0.93148 0.506508
vt 0.93226 0.362079
vt 0.621737 0.983553
vt 0.616057 0.839025
vt 0.62104 0.839023
vt 0.616057 0.839025
vt 0.621737 0.983553
vt 0.616535 0.983555
vt 0.57864 0.983557
vt 0.616057 0.839025
vt 0.616535 0.983555
vt 0.616057 0.839025
vt 0.57864 0.983557
vt 0.578531 0.839028
vt 0.578531 0.660925
vt 0.616057 0.839025
vt 0.578531 0.839028
vt 0.616057 0.839025
vt 0.578531 0.660925
vt 0.616057 0.660922
vt 0.616057 0.660922
vt 0.62104 0.839023
vt 0.616057 0.839025
vt 0.62104 0.839023
vt 0.616057 0.660922
vt 0.62104 0.66092
vt 0.82031 0.290356
vt 0.8495 0.290405
vt 0.8471 0.335716
vt 0.845882 0.48385
vt 0.710572 0.339046
vt 0.8471 0.335716
vt 0.710572 0.339046
vt 0.845882 0.48385
vt 0.710649 0.4838
vt 0.206694 0.11569
vt 0.2173 0.128139
vt 0.206694 0.128437
vt 0.2173 0.128139
vt 0.206694 0.11569
vt 0.2173 0.115392
vt 0.103657 0.117483
vt 0.0896685 0.106581
vt 0.1034 0.106586
vt 0.0896685 0.106581
vt 0.103657 0.117483
vt 0.089926 0.117478
vt 0.195637 0.128139
vt 0.206243 0.11569
vt 0.206243 0.128437
vt 0.206243 0.11569
vt 0.195637 0.128139
vt 0.195637 0.115392
vt 0.0896781 0.128432
vt 0.103657 0.117483
vt 0.10341 0.128437
vt 0.103657 0.117483
vt 0.0896781 0.128432
vt 0.089926 0.117478
vt 0.325477 0.33104
vt 0.34523 0.294537
vt 0.344298 0.330362
vt 0.34523 0.294537
vt 0.325477 0.33104
vt 0.315808 0.294819
vt 0.344123 0.365812
vt 0.325477 0.33104
vt 0.344298 0.330362
vt 0.325477 0.33104
vt 0.344123 0.365812
vt 0.328747 0.366287
vt 0.344689 0.456439
vt 0.328747 0.366287
vt 0.344123 0.365812
vt 0.328747 0.366287
vt 0.344689 0.456439
vt 0.330916 0.455623
vt 0.925657 0.290231
vt 0.896075 0.305254
vt 0.893807 0.290231
vt 0.896075 0.305254
vt 0.925657 0.290231
vt 0.923399 0.305254
vt 0.891973 0.266861
vt 0.925657 0.290231
vt 0.893807 0.290231
vt 0.925657 0.290231
vt 0.891973 0.266861
vt 0.927478 0.266861
vt 0.893594 0.195058
vt 0.927478 0.266861
vt 0.891973 0.266861
vt 0.927478 0.266861
vt 0.893594 0.195058
vt 0.925812 0.195058
vt 0.86443 0.341528
vt 0.89292 0.305986
vt 0.88325 0.342207
vt 0.89292 0.305986
vt 0.86443 0.341528
vt 0.863498 0.305704
vt 0.879981 0.377453
vt 0.86443 0.341528
vt 0.88325 0.342207
vt 0.86443 0.341528
vt 0.879981 0.377453
vt 0.864604 0.376978
vt 0.877812 0.466789
vt 0.864604 0.376978
vt 0.879981 0.377453
vt 0.864604 0.376978
vt 0.877812 0.466789
vt 0.864039 0.467605
vt 0.855357 0.733913
vt 0.87143 0.763534
vt 0.85529 0.765764
vt 0.87143 0.763534
vt 0.855357 0.733913
vt 0.871488 0.73621
vt 0.829353 0.767537
vt 0.855357 0.733913
vt 0.85529 0.765764
vt 0.855357 0.733913
vt 0.829353 0.767537
vt 0.829428 0.732033
vt 0.745836 0.764351
vt 0.7656 0.729584
vt 0.765516 0.769723
vt 0.7656 0.729584
vt 0.745836 0.764351
vt 0.745898 0.734873
vt 0.87751 0.485307
vt 0.864039 0.467605
vt 0.877812 0.466789
vt 0.864039 0.467605
vt 0.87751 0.485307
vt 0.863794 0.486276
vt 0.217751 0.114324
vt 0.228337 0.128437
vt 0.217751 0.127482
vt 0.228337 0.128437
vt 0.217751 0.114324
vt 0.228336 0.115279
vt 0.863794 0.486276
vt 0.877195 0.49878
vt 0.863498 0.4998
vt 0.877195 0.49878
vt 0.863794 0.486276
vt 0.87751 0.485307
vt 0.344934 0.47511
vt 0.330916 0.455623
vt 0.344689 0.456439
vt 0.330916 0.455623
vt 0.344934 0.47511
vt 0.331218 0.474141
vt 0.104108 0.128437
vt 0.114654 0.114342
vt 0.114654 0.127307
vt 0.114654 0.114342
vt 0.104108 0.128437
vt 0.104108 0.115472
vt 0.331533 0.487614
vt 0.344934 0.47511
vt 0.34523 0.488634
vt 0.344934 0.47511
vt 0.331533 0.487614
vt 0.331218 0.474141
vt 0.0192842 0.107752
vt 0.0476682 0.04726
vt 0.0476682 0.128437
vt 0.0476682 0.04726
vt 0.0192842 0.107752
vt 0.0192842 0.0679448
vt 0.000225288 0.101511
vt 0.0192842 0.0679448
vt 0.0192842 0.107752
vt 0.0192842 0.0679448
vt 0.000225288 0.101511
vt 0.000225289 0.0741866
vt 0.880091 0.163299
vt 0.863498 0.113974
vt 0.885167 0.140426
vt 0.355897 0.141295
vt 0.355897 0.193727
vt 0.351378 0.178677
vt 0.880091 0.163299
vt 0.8719 0.186061
vt 0.87121 0.151033
vt 0.8719 0.186061
vt 0.880091 0.163299
vt 0.876414 0.19184
vt 0.868007 0.273075
vt 0.8719 0.186061
vt 0.876414 0.19184
vt 0.8719 0.186061
vt 0.868007 0.273075
vt 0.864617 0.27396
vt 0.88243 0.269851
vt 0.87823 0.279886
vt 0.868007 0.273075
vt 0.888972 0.174476
vt 0.885167 0.140426
vt 0.891523 0.15928
vt 0.885167 0.140426
vt 0.888972 0.174476
vt 0.880091 0.163299
vt 0.888972 0.174476
vt 0.876414 0.19184
vt 0.880091 0.163299
vt 0.876414 0.19184
vt 0.888972 0.174476
vt 0.885909 0.197899
vt 0.328637 0.152131
vt 0.336828 0.174894
vt 0.332314 0.180673
vt 0.336828 0.174894
vt 0.328637 0.152131
vt 0.337518 0.139866
vt 0.351378 0.246611
vt 0.351378 0.194178
vt 0.355897 0.23156
vt 0.34523 0.102807
vt 0.328637 0.152131
vt 0.323561 0.129259
vt 0.322819 0.186732
vt 0.328637 0.152131
vt 0.332314 0.180673
vt 0.328637 0.152131
vt 0.322819 0.186732
vt 0.319756 0.163309
vt 0.319756 0.163309
vt 0.323561 0.129259
vt 0.328637 0.152131
vt 0.323561 0.129259
vt 0.319756 0.163309
vt 0.317205 0.148113
vt 0.868007 0.273075
vt 0.863498 0.292119
vt 0.864617 0.27396
vt 0.863498 0.292119
vt 0.868007 0.273075
vt 0.866736 0.290764
vt 0.867266 0.303943
vt 0.863498 0.292119
vt 0.866736 0.290764
vt 0.863498 0.292119
vt 0.867266 0.303943
vt 0.864213 0.305254
vt 0.242765 0.0981428
vt 0.238048 0.108021
vt 0.239315 0.0982068
vt 0.238048 0.108021
vt 0.242765 0.0981428
vt 0.241309 0.107869
vt 0.241973 0.11812
vt 0.238048 0.108021
vt 0.241309 0.107869
vt 0.238048 0.108021
vt 0.241973 0.11812
vt 0.238914 0.118585
vt 0.241973 0.11812
vt 0.241405 0.128437
vt 0.238914 0.118585
vt 0.241405 0.128437
vt 0.241973 0.11812
vt 0.244274 0.127518
vt 0.0759865 0.11812
vt 0.0765539 0.128437
vt 0.0736848 0.127518
vt 0.0765539 0.128437
vt 0.0759865 0.11812
vt 0.0790453 0.118585
vt 0.0759865 0.11812
vt 0.0799114 0.108021
vt 0.0790453 0.118585
vt 0.0799114 0.108021
vt 0.0759865 0.11812
vt 0.0766498 0.107869
vt 0.0751943 0.0981428
vt 0.0799114 0.108021
vt 0.0766498 0.107869
vt 0.0799114 0.108021
vt 0.0751943 0.0981428
vt 0.0786444 0.0982068
vt 0.341462 0.292775
vt 0.34523 0.280952
vt 0.344515 0.294086
vt 0.34523 0.280952
vt 0.341462 0.292775
vt 0.341992 0.279597
vt 0.340721 0.261908
vt 0.34523 0.280952
vt 0.341992 0.279597
vt 0.34523 0.280952
vt 0.340721 0.261908
vt 0.344111 0.262793
vt 0.336828 0.174894
vt 0.340721 0.261908
vt 0.332314 0.180673
vt 0.340721 0.261908
vt 0.336828 0.174894
vt 0.344111 0.262793
vt 0.332711 0.280445
vt 0.340721 0.261908
vt 0.341992 0.279597
vt 0.340721 0.261908
vt 0.332711 0.280445
vt 0.330499 0.268719
vt 0.332314 0.180673
vt 0.326298 0.258684
vt 0.322819 0.186732
vt 0.326298 0.258684
vt 0.332314 0.180673
vt 0.340721 0.261908
vt 0.0674596 0.108405
vt 0.0751943 0.0981428
vt 0.0766498 0.107869
vt 0.0751943 0.0981428
vt 0.0674596 0.108405
vt 0.0657343 0.0993397
vt 0.332788 0.291648
vt 0.341992 0.279597
vt 0.341462 0.292775
vt 0.341992 0.279597
vt 0.332788 0.291648
vt 0.332711 0.280445
vt 0.87143 0.763534
vt 0.903361 0.709346
vt 0.90319 0.790523
vt 0.903361 0.709346
vt 0.87143 0.763534
vt 0.871488 0.73621
vt 0.855357 0.733913
vt 0.903361 0.709346
vt 0.871488 0.73621
vt 0.903361 0.709346
vt 0.855357 0.733913
vt 0.867503 0.716485
vt 0.855357 0.733913
vt 0.832051 0.719588
vt 0.867503 0.716485
vt 0.832051 0.719588
vt 0.855357 0.733913
vt 0.829428 0.732033
vt 0.29515 0.21563
vt 0.303494 0.128199
vt 0.303681 0.191113
vt 0.829428 0.732033
vt 0.741464 0.72046
vt 0.832051 0.719588
vt 0.829353 0.767537
vt 0.867363 0.783233
vt 0.831924 0.779983
vt 0.867363 0.783233
vt 0.829353 0.767537
vt 0.85529 0.765764
vt 0.85529 0.765764
vt 0.90319 0.790523
vt 0.867363 0.783233
vt 0.90319 0.790523
vt 0.85529 0.765764
vt 0.87143 0.763534
vt 0.301889 0.21362
vt 0.296368 0.233773
vt 0.29515 0.21563
vt 0.296368 0.233773
vt 0.301889 0.21362
vt 0.301945 0.230094
vt 0.301945 0.230094
vt 0.298737 0.246581
vt 0.296368 0.233773
vt 0.298737 0.246581
vt 0.301945 0.230094
vt 0.303681 0.242718
vt 0.228787 0.127982
vt 0.237597 0.119142
vt 0.235045 0.128437
vt 0.237597 0.119142
vt 0.228787 0.127982
vt 0.231892 0.11908
vt 0.231675 0.109409
vt 0.237597 0.119142
vt 0.231892 0.11908
vt 0.237597 0.119142
vt 0.231675 0.109409
vt 0.236736 0.108586
vt 0.231675 0.109409
vt 0.233211 0.0983236
vt 0.236736 0.108586
vt 0.233211 0.0983236
vt 0.231675 0.109409
vt 0.228787 0.100322
vt 0.0892179 0.100328
vt 0.0812329 0.108574
vt 0.0848021 0.098322
vt 0.0812329 0.108574
vt 0.0892179 0.100328
vt 0.0862939 0.109407
vt 0.0862939 0.109407
vt 0.080362 0.119131
vt 0.0812329 0.108574
vt 0.080362 0.119131
vt 0.0862939 0.109407
vt 0.0860746 0.119079
vt 0.0892179 0.127995
vt 0.080362 0.119131
vt 0.0860746 0.119079
vt 0.080362 0.119131
vt 0.0892179 0.127995
vt 0.0829464 0.128437
vt 0.281219 0.221656
vt 0.288615 0.212643
vt 0.28613 0.225475
vt 0.288615 0.212643
vt 0.281219 0.221656
vt 0.283043 0.209016
vt 0.283043 0.209016
vt 0.289892 0.194488
vt 0.288615 0.212643
vt 0.289892 0.194488
vt 0.283043 0.209016
vt 0.283102 0.192541
vt 0.281414 0.107131
vt 0.289892 0.194488
vt 0.281219 0.170049
vt 0.741341 0.778737
vt 0.829353 0.767537
vt 0.831924 0.779983
vt 0.290342 0.244812
vt 0.293896 0.214363
vt 0.293896 0.246581
vt 0.293896 0.214363
vt 0.290342 0.244812
vt 0.290342 0.216132
vt 0.868007 0.273075
vt 0.876017 0.291612
vt 0.866736 0.290764
vt 0.876017 0.291612
vt 0.868007 0.273075
vt 0.87823 0.279886
vt 0.866736 0.290764
vt 0.87594 0.302815
vt 0.867266 0.303943
vt 0.87594 0.302815
vt 0.866736 0.290764
vt 0.876017 0.291612
vt 0.242765 0.0981428
vt 0.2505 0.108405
vt 0.241309 0.107869
vt 0.2505 0.108405
vt 0.242765 0.0981428
vt 0.252225 0.0993397
vt 0.879774 0.292536
vt 0.87594 0.302815
vt 0.876017 0.291612
vt 0.87594 0.302815
vt 0.879774 0.292536
vt 0.879633 0.303126
vt 0.255868 0.10063
vt 0.2505 0.108405
vt 0.252225 0.0993397
vt 0.2505 0.108405
vt 0.255868 0.10063
vt 0.25413 0.109151
vt 0.881841 0.28185
vt 0.88243 0.269851
vt 0.88565 0.272839
vt 0.88243 0.269851
vt 0.881841 0.28185
vt 0.87823 0.279886
vt 0.881841 0.28185
vt 0.876017 0.291612
vt 0.87823 0.279886
vt 0.876017 0.291612
vt 0.881841 0.28185
vt 0.879774 0.292536
vt 0.241309 0.107869
vt 0.250754 0.117552
vt 0.241973 0.11812
vt 0.250754 0.117552
vt 0.241309 0.107869
vt 0.2505 0.108405
vt 0.241973 0.11812
vt 0.252586 0.125621
vt 0.244274 0.127518
vt 0.252586 0.125621
vt 0.241973 0.11812
vt 0.250754 0.117552
vt 0.0736848 0.127518
vt 0.0672048 0.117552
vt 0.0759865 0.11812
vt 0.0672048 0.117552
vt 0.0736848 0.127518
vt 0.0653732 0.125621
vt 0.0759865 0.11812
vt 0.0674596 0.108405
vt 0.0766498 0.107869
vt 0.0674596 0.108405
vt 0.0759865 0.11812
vt 0.0672048 0.117552
vt 0.0620909 0.12496
vt 0.0672048 0.117552
vt 0.0653732 0.125621
vt 0.0672048 0.117552
vt 0.0620909 0.12496
vt 0.0637078 0.117609
vt 0.0637078 0.117609
vt 0.0674596 0.108405
vt 0.0672048 0.117552
vt 0.0674596 0.108405
vt 0.0637078 0.117609
vt 0.0638291 0.109151
vt 0.254251 0.117609
vt 0.2505 0.108405
vt 0.25413 0.109151
vt 0.2505 0.108405
vt 0.254251 0.117609
vt 0.250754 0.117552
vt 0.254251 0.117609
vt 0.252586 0.125621
vt 0.250754 0.117552
vt 0.252586 0.125621
vt 0.254251 0.117609
vt 0.255868 0.12496
vt 0.328954 0.281369
vt 0.330499 0.268719
vt 0.332711 0.280445
vt 0.330499 0.268719
vt 0.328954 0.281369
vt 0.326887 0.270682
vt 0.326887 0.270682
vt 0.326298 0.258684
vt 0.330499 0.268719
vt 0.326298 0.258684
vt 0.326887 0.270682
vt 0.323078 0.261672
vt 0.0620909 0.10063
vt 0.0674596 0.108405
vt 0.0638291 0.109151
vt 0.0674596 0.108405
vt 0.0620909 0.10063
vt 0.0657343 0.0993397
vt 0.329095 0.291959
vt 0.332711 0.280445
vt 0.332788 0.291648
vt 0.332711 0.280445
vt 0.329095 0.291959
vt 0.328954 0.281369
vt 0.736778 0.730834
vt 0.7656 0.729584
vt 0.745898 0.734873
vt 0.7656 0.729584
vt 0.736778 0.730834
vt 0.743196 0.726116
vt 0.736778 0.730834
vt 0.72648 0.725491
vt 0.743196 0.726116
vt 0.72648 0.725491
vt 0.736778 0.730834
vt 0.725825 0.729471
vt 0.725825 0.729471
vt 0.713276 0.727378
vt 0.72648 0.725491
vt 0.713276 0.727378
vt 0.725825 0.729471
vt 0.714868 0.730789
vt 0.714868 0.730789
vt 0.703731 0.732109
vt 0.713276 0.727378
vt 0.703731 0.732109
vt 0.714868 0.730789
vt 0.70573 0.73479
vt 0.700239 0.741478
vt 0.703731 0.732109
vt 0.70573 0.73479
vt 0.276389 0.0936015
vt 0.274107 0.102977
vt 0.271664 0.101514
vt 0.274107 0.102977
vt 0.270085 0.111013
vt 0.271664 0.101514
vt 0.270085 0.111013
vt 0.274107 0.102977
vt 0.272597 0.111015
vt 0.272597 0.111015
vt 0.271652 0.120515
vt 0.270085 0.111013
vt 0.271652 0.120515
vt 0.272597 0.111015
vt 0.274097 0.119056
vt 0.274097 0.119056
vt 0.276367 0.128437
vt 0.271652 0.120515
vt 0.703658 0.766944
vt 0.700205 0.757557
vt 0.705668 0.764268
vt 0.714789 0.768307
vt 0.703658 0.766944
vt 0.705668 0.764268
vt 0.703658 0.766944
vt 0.714789 0.768307
vt 0.713182 0.771714
vt 0.714789 0.768307
vt 0.726378 0.773655
vt 0.713182 0.771714
vt 0.726378 0.773655
vt 0.714789 0.768307
vt 0.725741 0.76967
vt 0.725741 0.76967
vt 0.743098 0.773099
vt 0.726378 0.773655
vt 0.743098 0.773099
vt 0.725741 0.76967
vt 0.736699 0.768352
vt 0.736699 0.768352
vt 0.765516 0.769723
vt 0.743098 0.773099
vt 0.765516 0.769723
vt 0.736699 0.768352
vt 0.745836 0.764351
vt 0.304131 0.318539
vt 0.306375 0.307517
vt 0.306316 0.318364
vt 0.306375 0.307517
vt 0.304131 0.318539
vt 0.304193 0.307578
vt 0.584369 0.285913
vt 0.586572 0.275861
vt 0.586572 0.285668
vt 0.586572 0.275861
vt 0.584369 0.285913
vt 0.584385 0.275969
vt 0.31456 0.283555
vt 0.31456 0.273923
vt 0.316613 0.282724
vt 0.586572 0.26611
vt 0.586572 0.27541
vt 0.58441 0.266701
vt 0.304191 0.329498
vt 0.306316 0.318364
vt 0.306375 0.329208
vt 0.306316 0.318364
vt 0.304191 0.329498
vt 0.304131 0.318539
vt 0.586568 0.351038
vt 0.584386 0.36172
vt 0.584383 0.350876
vt 0.584386 0.36172
vt 0.586568 0.351038
vt 0.586572 0.361998
vt 0.586572 0.361998
vt 0.584261 0.370756
vt 0.584386 0.36172
vt 0.584261 0.370756
vt 0.586572 0.361998
vt 0.586443 0.371129
vt 0.316736 0.284117
vt 0.31456 0.293841
vt 0.31456 0.284006
vt 0.31456 0.293841
vt 0.316736 0.284117
vt 0.316755 0.294086
vt 0.586443 0.340077
vt 0.584383 0.350876
vt 0.584261 0.34003
vt 0.584383 0.350876
vt 0.586443 0.340077
vt 0.586568 0.351038
vt 0.584339 0.265659
vt 0.586572 0.257069
vt 0.586556 0.265547
vt 0.586572 0.257069
vt 0.584339 0.265659
vt 0.584339 0.257004
vt 0.304489 0.299027
vt 0.306341 0.307067
vt 0.304131 0.306849
vt 0.306341 0.307067
vt 0.304489 0.299027
vt 0.306703 0.299027
vt 0.306341 0.290987
vt 0.304489 0.299027
vt 0.304131 0.291205
vt 0.304489 0.299027
vt 0.306341 0.290987
vt 0.306703 0.299027
vt 0.30447 0.259202
vt 0.306703 0.267793
vt 0.304486 0.267681
vt 0.306703 0.267793
vt 0.30447 0.259202
vt 0.306703 0.259137
vt 0.586572 0.339579
vt 0.584422 0.3105
vt 0.586559 0.310104
vt 0.584422 0.3105
vt 0.586572 0.339579
vt 0.584434 0.339176
vt 0.914433 0.0924751
vt 0.914433 0.194607
vt 0.891973 0.104495
vt 0.305123 0.195306
vt 0.314102 0.0960162
vt 0.314102 0.19779
vt 0.0481188 0.0971735
vt 0.0616404 0.105726
vt 0.0481188 0.128437
vt 0.488257 0.406582
vt 0.466283 0.426694
vt 0.474683 0.401202
vt 0.466283 0.426694
vt 0.488257 0.406582
vt 0.480988 0.432524
vt 0.357606 0.266989
vt 0.350169 0.273427
vt 0.349347 0.26812
vt 0.350169 0.273427
vt 0.357606 0.266989
vt 0.358569 0.272991
vt 0.359974 0.311111
vt 0.350169 0.273427
vt 0.358569 0.272991
vt 0.350169 0.273427
vt 0.359974 0.311111
vt 0.35064 0.310697
vt 0.642069 0.989483
vt 0.621737 0.983553
vt 0.638957 0.983447
vt 0.349347 0.26812
vt 0.352407 0.247061
vt 0.357606 0.266989
vt 0.699555 0.99287
vt 0.697266 0.983777
vt 0.699727 0.983786
vt 0.27684 0.209331
vt 0.28019 0.21805
vt 0.276847 0.218449
vt 0.696578 0.992813
vt 0.690115 0.983741
vt 0.697266 0.983777
vt 0.690115 0.983741
vt 0.696578 0.992813
vt 0.686972 0.992667
vt 0.361791 0.501505
vt 0.368824 0.510606
vt 0.361791 0.510605
vt 0.368824 0.510606
vt 0.361791 0.501505
vt 0.368824 0.501506
vt 0.368824 0.501506
vt 0.37115 0.510611
vt 0.368824 0.510606
vt 0.37115 0.510611
vt 0.368824 0.501506
vt 0.371 0.501528
vt 0.30065 0.501504
vt 0.361791 0.510605
vt 0.30065 0.510604
vt 0.361791 0.510605
vt 0.30065 0.501504
vt 0.361791 0.501505
vt 0.29168 0.501504
vt 0.30065 0.510604
vt 0.29168 0.510604
vt 0.30065 0.510604
vt 0.29168 0.501504
vt 0.30065 0.501504
vt 0.252353 0.501504
vt 0.29168 0.510604
vt 0.252353 0.510604
vt 0.29168 0.510604
vt 0.252353 0.501504
vt 0.29168 0.501504
vt 0.0492641 0.501505
vt 0.0755249 0.510605
vt 0.0492641 0.510605
vt 0.0755249 0.510605
vt 0.0492641 0.501505
vt 0.0755249 0.501505
vt 0.0148353 0.501505
vt 0.0492641 0.510605
vt 0.0148354 0.510605
vt 0.0492641 0.510605
vt 0.0148353 0.501505
vt 0.0492641 0.501505
vt 0.00925147 0.501505
vt 0.0148354 0.510605
vt 0.00925147 0.510605
vt 0.0148354 0.510605
vt 0.00925147 0.501505
vt 0.0148353 0.501505
vt 0.00022528 0.501507
vt 0.00420549 0.510606
vt 0.000225273 0.510607
vt 0.00420549 0.510606
vt 0.00022528 0.501507
vt 0.00420548 0.501506
vt 0.00420548 0.501506
vt 0.00925147 0.510605
vt 0.00420549 0.510606
vt 0.00925147 0.510605
vt 0.00420548 0.501506
vt 0.00925147 0.501505
vt 0.703575 0.492905
vt 0.700414 0.483826
vt 0.703676 0.483807
vt 0.700414 0.483826
vt 0.703575 0.492905
vt 0.700418 0.492924
vt 0.926715 0.502196
vt 0.929356 0.511296
vt 0.926715 0.511296
vt 0.929356 0.511296
vt 0.926715 0.502196
vt 0.929356 0.502196
vt 0.710231 0.492899
vt 0.703676 0.483807
vt 0.710649 0.4838
vt 0.703676 0.483807
vt 0.710231 0.492899
vt 0.703575 0.492905
vt 0.844826 0.49295
vt 0.710649 0.4838
vt 0.845882 0.48385
vt 0.710649 0.4838
vt 0.844826 0.49295
vt 0.710231 0.492899
vt 0.925243 0.992885
vt 0.920877 0.983796
vt 0.924721 0.9838
vt 0.920877 0.983796
vt 0.925243 0.992885
vt 0.921125 0.992896
vt 0.307521 0.337779
vt 0.310722 0.346869
vt 0.306815 0.346537
vt 0.310722 0.346869
vt 0.307521 0.337779
vt 0.311929 0.338014
vt 0.937632 0.992831
vt 0.932025 0.983802
vt 0.938205 0.983796
vt 0.932025 0.983802
vt 0.937632 0.992831
vt 0.932136 0.992886
vt 0.710445 0.0162116
vt 0.703362 0.00711948
vt 0.710018 0.00711322
vt 0.703362 0.00711948
vt 0.710445 0.0162116
vt 0.703472 0.0162179
vt 0.700209 0.0162366
vt 0.703362 0.00711948
vt 0.703472 0.0162179
vt 0.703362 0.00711948
vt 0.700209 0.0162366
vt 0.700205 0.00713825
vt 0.926715 0.978942
vt 0.929356 0.988042
vt 0.926715 0.988042
vt 0.929356 0.988042
vt 0.926715 0.978942
vt 0.929356 0.978942
vt 0.703532 0.160972
vt 0.700209 0.0162366
vt 0.703472 0.0162179
vt 0.700209 0.0162366
vt 0.703532 0.160972
vt 0.700272 0.160991
vt 0.929356 0.83417
vt 0.926715 0.978942
vt 0.926715 0.83417
vt 0.926715 0.978942
vt 0.929356 0.83417
vt 0.929356 0.978942
vt 0.710494 0.160966
vt 0.703472 0.0162179
vt 0.710445 0.0162116
vt 0.703472 0.0162179
vt 0.710494 0.160966
vt 0.703532 0.160972
vt 0.00420553 0.978252
vt 0.000225318 0.987352
vt 0.000225332 0.978253
vt 0.000225318 0.987352
vt 0.00420553 0.978252
vt 0.00420553 0.987351
vt 0.00420553 0.978252
vt 0.00925151 0.98735
vt 0.00420553 0.987351
vt 0.00925151 0.98735
vt 0.00420553 0.978252
vt 0.00925152 0.978251
vt 0.0148354 0.978251
vt 0.00925151 0.98735
vt 0.00925152 0.978251
vt 0.00925151 0.98735
vt 0.0148354 0.978251
vt 0.0148354 0.98735
vt 0.0092515 0.833479
vt 0.0148354 0.978251
vt 0.00925152 0.978251
vt 0.0148354 0.978251
vt 0.0092515 0.833479
vt 0.0148354 0.833479
vt 0.00420552 0.83348
vt 0.000225332 0.978253
vt 0.000225309 0.833481
vt 0.000225332 0.978253
vt 0.00420552 0.83348
vt 0.00420553 0.978252
vt 0.0092515 0.833479
vt 0.00420553 0.978252
vt 0.00420552 0.83348
vt 0.00420553 0.978252
vt 0.0092515 0.833479
vt 0.00925152 0.978251
vt 0.0492642 0.978251
vt 0.0148354 0.98735
vt 0.0148354 0.978251
vt 0.0148354 0.98735
vt 0.0492642 0.978251
vt 0.0492642 0.98735
vt 0.0492642 0.978251
vt 0.0755249 0.98735
vt 0.0492642 0.98735
vt 0.0755249 0.98735
vt 0.0492642 0.978251
vt 0.0755249 0.97825
vt 0.0492642 0.833479
vt 0.0755249 0.97825
vt 0.0492642 0.978251
vt 0.0755249 0.97825
vt 0.0492642 0.833479
vt 0.0755249 0.833479
vt 0.0492642 0.833479
vt 0.0148354 0.978251
vt 0.0148354 0.833479
vt 0.0148354 0.978251
vt 0.0492642 0.833479
vt 0.0492642 0.978251
vt 0.252353 0.97825
vt 0.29168 0.987349
vt 0.252353 0.98735
vt 0.29168 0.987349
vt 0.252353 0.97825
vt 0.29168 0.97825
vt 0.30065 0.97825
vt 0.29168 0.987349
vt 0.29168 0.97825
vt 0.29168 0.987349
vt 0.30065 0.97825
vt 0.30065 0.987349
vt 0.29168 0.833478
vt 0.30065 0.97825
vt 0.29168 0.97825
vt 0.30065 0.97825
vt 0.29168 0.833478
vt 0.30065 0.833478
vt 0.252353 0.833478
vt 0.29168 0.97825
vt 0.252353 0.97825
vt 0.29168 0.97825
vt 0.252353 0.833478
vt 0.29168 0.833478
vt 0.361791 0.978251
vt 0.30065 0.987349
vt 0.30065 0.97825
vt 0.30065 0.987349
vt 0.361791 0.978251
vt 0.361791 0.98735
vt 0.361791 0.833479
vt 0.30065 0.97825
vt 0.30065 0.833478
vt 0.30065 0.97825
vt 0.361791 0.833479
vt 0.361791 0.978251
vt 0.368824 0.978252
vt 0.361791 0.98735
vt 0.361791 0.978251
vt 0.361791 0.98735
vt 0.368824 0.978252
vt 0.368824 0.987351
vt 0.368824 0.978252
vt 0.370999 0.987334
vt 0.368824 0.987351
vt 0.370999 0.987334
vt 0.368824 0.978252
vt 0.371151 0.97825
vt 0.697268 0.516157
vt 0.699554 0.507064
vt 0.699728 0.516146
vt 0.290546 0.206487
vt 0.293896 0.197768
vt 0.293888 0.206886
vt 0.697268 0.516157
vt 0.686955 0.507278
vt 0.696575 0.507125
vt 0.686955 0.507278
vt 0.697268 0.516157
vt 0.690119 0.516195
vt 0.699754 0.660915
vt 0.697268 0.516157
vt 0.699728 0.516146
vt 0.697268 0.516157
vt 0.699754 0.660915
vt 0.697375 0.660916
vt 0.690331 0.660916
vt 0.697268 0.516157
vt 0.697375 0.660916
vt 0.697268 0.516157
vt 0.690331 0.660916
vt 0.690119 0.516195
vt 0.368824 0.83348
vt 0.361791 0.978251
vt 0.361791 0.833479
vt 0.361791 0.978251
vt 0.368824 0.83348
vt 0.368824 0.978252
vt 0.371174 0.833481
vt 0.368824 0.978252
vt 0.368824 0.83348
vt 0.368824 0.978252
vt 0.371174 0.833481
vt 0.371151 0.97825
vt 0.293421 0.267335
vt 0.303575 0.250479
vt 0.301588 0.268229
vt 0.303575 0.250479
vt 0.293421 0.267335
vt 0.298046 0.247032
vt 0.292399 0.273248
vt 0.301588 0.268229
vt 0.300735 0.273474
vt 0.301588 0.268229
vt 0.292399 0.273248
vt 0.293421 0.267335
vt 0.290847 0.311154
vt 0.300735 0.273474
vt 0.300146 0.310593
vt 0.300735 0.273474
vt 0.290847 0.311154
vt 0.292399 0.273248
vt 0.691879 0.402992
vt 0.684933 0.434178
vt 0.678198 0.408091
vt 0.684933 0.434178
vt 0.691879 0.402992
vt 0.699754 0.42865
vt 0.269634 0.0973148
vt 0.269634 0.128437
vt 0.256319 0.1056
vt 0.932375 0.183977
vt 0.963671 0.0394697
vt 0.964697 0.183998
vt 0.963671 0.0394697
vt 0.932375 0.183977
vt 0.931781 0.0395484
vt 0.398577 0.660923
vt 0.371625 0.516396
vt 0.398463 0.516397
vt 0.371625 0.516396
vt 0.398577 0.660923
vt 0.371748 0.660922
vt 0.584706 0.107799
vt 0.593685 0.207089
vt 0.584706 0.209573
vt 0.893371 0.4998
vt 0.893371 0.397668
vt 0.915831 0.409688
vt 0.938506 0.516176
vt 0.932449 0.50708
vt 0.937945 0.507142
vt 0.932449 0.50708
vt 0.938506 0.516176
vt 0.932326 0.516163
vt 0.92186 0.516151
vt 0.926264 0.50708
vt 0.925704 0.516162
vt 0.926264 0.50708
vt 0.92186 0.516151
vt 0.922147 0.507051
vt 0.593685 0.357857
vt 0.589116 0.349049
vt 0.593532 0.34908
vt 0.589116 0.349049
vt 0.593685 0.357857
vt 0.589767 0.357953
vt 0.924633 0.661555
vt 0.92186 0.516151
vt 0.925704 0.516162
vt 0.92186 0.516151
vt 0.924633 0.661555
vt 0.918705 0.679872
vt 0.913079 0.664197
vt 0.92186 0.516151
vt 0.918705 0.679872
vt 0.593685 0.357857
vt 0.587372 0.499715
vt 0.589767 0.357953
vt 0.931594 0.661557
vt 0.938506 0.516176
vt 0.938468 0.660934
vt 0.938506 0.516176
vt 0.931594 0.661557
vt 0.932326 0.516163
vt 0.845677 0.016261
vt 0.710018 0.00711322
vt 0.844614 0.00716424
vt 0.710018 0.00711322
vt 0.845677 0.016261
vt 0.710445 0.0162116
vt 0.710494 0.160966
vt 0.845677 0.016261
vt 0.847025 0.164224
vt 0.845677 0.016261
vt 0.710494 0.160966
vt 0.710445 0.0162116
vt 0.642069 0.989483
vt 0.690115 0.983741
vt 0.686972 0.992667
vt 0.690115 0.983741
vt 0.642069 0.989483
vt 0.638957 0.983447
vt 0.638957 0.983447
vt 0.690331 0.839019
vt 0.690115 0.983741
vt 0.690331 0.839019
vt 0.638957 0.983447
vt 0.638083 0.839018
vt 0.690331 0.839019
vt 0.638083 0.660916
vt 0.690331 0.660916
vt 0.638083 0.660916
vt 0.690331 0.839019
vt 0.638083 0.839018
vt 0.638866 0.516488
vt 0.686955 0.507278
vt 0.690119 0.516195
vt 0.686955 0.507278
vt 0.638866 0.516488
vt 0.641863 0.510457
vt 0.638083 0.660916
vt 0.690119 0.516195
vt 0.690331 0.660916
vt 0.690119 0.516195
vt 0.638083 0.660916
vt 0.638866 0.516488
vt 0.440363 0.839026
vt 0.398577 0.660923
vt 0.440363 0.660924
vt 0.398577 0.660923
vt 0.440363 0.839026
vt 0.398577 0.839025
vt 0.489413 0.839027
vt 0.440363 0.660924
vt 0.489413 0.660925
vt 0.440363 0.660924
vt 0.489413 0.839027
vt 0.440363 0.839026
vt 0.538033 0.839028
vt 0.489413 0.660925
vt 0.538034 0.660925
vt 0.489413 0.660925
vt 0.538033 0.839028
vt 0.489413 0.839027
vt 0.538033 0.839028
vt 0.578531 0.660925
vt 0.578531 0.839028
vt 0.578531 0.660925
vt 0.538033 0.839028
vt 0.538034 0.660925
vt 0.300939 0.35015
vt 0.290847 0.311154
vt 0.300146 0.310593
vt 0.290847 0.311154
vt 0.300939 0.35015
vt 0.290484 0.351227
vt 0.300939 0.35015
vt 0.290342 0.399189
vt 0.290484 0.351227
vt 0.290342 0.399189
vt 0.300939 0.35015
vt 0.302224 0.397529
vt 0.303681 0.445273
vt 0.290342 0.399189
vt 0.302224 0.397529
vt 0.290342 0.399189
vt 0.303681 0.445273
vt 0.290342 0.447504
vt 0.303681 0.445273
vt 0.290402 0.488634
vt 0.290342 0.447504
vt 0.678198 0.408091
vt 0.679614 0.363028
vt 0.691879 0.402992
vt 0.489413 0.660925
vt 0.440265 0.516397
vt 0.489337 0.516398
vt 0.440265 0.516397
vt 0.489413 0.660925
vt 0.440363 0.660924
vt 0.398577 0.660923
vt 0.440265 0.516397
vt 0.440363 0.660924
vt 0.440265 0.516397
vt 0.398577 0.660923
vt 0.398463 0.516397
vt 0.538034 0.660925
vt 0.57853 0.516398
vt 0.578531 0.660925
vt 0.57853 0.516398
vt 0.538034 0.660925
vt 0.537989 0.516398
vt 0.489413 0.660925
vt 0.537989 0.516398
vt 0.538034 0.660925
vt 0.537989 0.516398
vt 0.489413 0.660925
vt 0.489337 0.516398
vt 0.667709 0.367461
vt 0.612374 0.432029
vt 0.610614 0.388264
vt 0.612374 0.432029
vt 0.667709 0.367461
vt 0.678198 0.408091
vt 0.608571 0.336822
vt 0.667709 0.367461
vt 0.610614 0.388264
vt 0.667709 0.367461
vt 0.608571 0.336822
vt 0.655494 0.319723
vt 0.605027 0.24286
vt 0.643582 0.272312
vt 0.606593 0.285692
vt 0.643582 0.272312
vt 0.605027 0.24286
vt 0.634002 0.232661
vt 0.643582 0.272312
vt 0.608571 0.336822
vt 0.606593 0.285692
vt 0.608571 0.336822
vt 0.643582 0.272312
vt 0.655494 0.319723
vt 0.37008 0.380546
vt 0.362586 0.420877
vt 0.36244 0.377349
vt 0.362586 0.420877
vt 0.37008 0.380546
vt 0.370746 0.424658
vt 0.362265 0.326181
vt 0.37008 0.380546
vt 0.36244 0.377349
vt 0.37008 0.380546
vt 0.362265 0.326181
vt 0.369291 0.328692
vt 0.610614 0.388264
vt 0.599141 0.435376
vt 0.599141 0.391254
vt 0.599141 0.435376
vt 0.610614 0.388264
vt 0.612374 0.432029
vt 0.599149 0.339388
vt 0.610614 0.388264
vt 0.599141 0.391254
vt 0.289892 0.488634
vt 0.278009 0.43986
vt 0.288023 0.43722
vt 0.2862 0.386117
vt 0.278009 0.43986
vt 0.27748 0.388299
vt 0.278009 0.43986
vt 0.2862 0.386117
vt 0.288023 0.43722
vt 0.277055 0.345092
vt 0.2862 0.386117
vt 0.27748 0.388299
vt 0.2862 0.386117
vt 0.277055 0.345092
vt 0.284732 0.343306
vt 0.368495 0.277142
vt 0.362265 0.326181
vt 0.362083 0.275311
vt 0.362265 0.326181
vt 0.368495 0.277142
vt 0.369291 0.328692
vt 0.361919 0.23268
vt 0.368495 0.277142
vt 0.362083 0.275311
vt 0.368495 0.277142
vt 0.361919 0.23268
vt 0.36781 0.233944
vt 0.0704696 0.276804
vt 0.00471252 0.236516
vt 0.0561527 0.23663
vt 0.00471252 0.236516
vt 0.0704696 0.276804
vt 0.00520487 0.276567
vt 0.0875328 0.32475
vt 0.00520487 0.276567
vt 0.0704696 0.276804
vt 0.00520487 0.276567
vt 0.0875328 0.32475
vt 0.0057916 0.324362
vt 0.104686 0.37298
vt 0.0057916 0.324362
vt 0.0875328 0.32475
vt 0.0057916 0.324362
vt 0.104686 0.37298
vt 0.00638137 0.372442
vt 0.119274 0.41401
vt 0.00638137 0.372442
vt 0.104686 0.37298
vt 0.00638137 0.372442
vt 0.119274 0.41401
vt 0.00688312 0.413342
vt 0.00520487 0.276567
vt 0.00206965 0.236515
vt 0.00471252 0.236516
vt 0.00206965 0.236515
vt 0.00520487 0.276567
vt 0.00219816 0.276566
vt 0.0057916 0.324362
vt 0.00219816 0.276566
vt 0.00520487 0.276567
vt 0.00219816 0.276566
vt 0.0057916 0.324362
vt 0.00235132 0.324362
vt 0.00219816 0.276566
vt 0.000309691 0.236512
vt 0.00206965 0.236515
vt 0.000309691 0.236512
vt 0.00219816 0.276566
vt 0.000316926 0.276563
vt 0.569908 0.293321
vt 0.56813 0.254473
vt 0.569971 0.25443
vt 0.56813 0.254473
vt 0.569908 0.293321
vt 0.568067 0.293364
vt 0.569833 0.339732
vt 0.568067 0.293364
vt 0.569908 0.293321
vt 0.568067 0.293364
vt 0.569833 0.339732
vt 0.567992 0.339776
vt 0.00235132 0.324362
vt 0.000316926 0.276563
vt 0.00219816 0.276566
vt 0.000316926 0.276563
vt 0.00235132 0.324362
vt 0.000325572 0.324359
vt 0.00250542 0.372441
vt 0.000325572 0.324359
vt 0.00235132 0.324362
vt 0.000325572 0.324359
vt 0.00250542 0.372441
vt 0.000334241 0.372438
vt 0.569758 0.386419
vt 0.567992 0.339776
vt 0.569833 0.339732
vt 0.567992 0.339776
vt 0.569758 0.386419
vt 0.567917 0.386463
vt 0.569694 0.426136
vt 0.567917 0.386463
vt 0.569758 0.386419
vt 0.567917 0.386463
vt 0.569694 0.426136
vt 0.567853 0.426179
vt 0.00263647 0.413341
vt 0.000334241 0.372438
vt 0.00250542 0.372441
vt 0.000334241 0.372438
vt 0.00263647 0.413341
vt 0.000341629 0.413339
vt 0.00638137 0.372442
vt 0.00235132 0.324362
vt 0.0057916 0.324362
vt 0.00235132 0.324362
vt 0.00638137 0.372442
vt 0.00250542 0.372441
vt 0.00688312 0.413342
vt 0.00250542 0.372441
vt 0.00638137 0.372442
vt 0.00250542 0.372441
vt 0.00688312 0.413342
vt 0.00263647 0.413341
vt 0.212302 0.994245
vt 0.252355 0.999774
vt 0.212304 0.999774
vt 0.252355 0.999774
vt 0.212302 0.994245
vt 0.252353 0.994245
vt 0.164507 0.999774
vt 0.212302 0.994245
vt 0.212304 0.999774
vt 0.212302 0.994245
vt 0.164507 0.999774
vt 0.164506 0.994245
vt 0.212302 0.98735
vt 0.252353 0.994245
vt 0.212302 0.994245
vt 0.252353 0.994245
vt 0.212302 0.98735
vt 0.252353 0.98735
vt 0.164506 0.994245
vt 0.212302 0.98735
vt 0.212302 0.994245
vt 0.212302 0.98735
vt 0.164506 0.994245
vt 0.164506 0.98735
vt 0.116426 0.98735
vt 0.164506 0.994245
vt 0.116426 0.994245
vt 0.164506 0.994245
vt 0.116426 0.98735
vt 0.164506 0.98735
vt 0.0755251 0.994245
vt 0.116426 0.98735
vt 0.116426 0.994245
vt 0.116426 0.98735
vt 0.0755251 0.994245
vt 0.0755249 0.98735
vt 0.116426 0.994245
vt 0.164507 0.999774
vt 0.116428 0.999774
vt 0.164507 0.999774
vt 0.116426 0.994245
vt 0.164506 0.994245
vt 0.0755268 0.999775
vt 0.116426 0.994245
vt 0.116428 0.999774
vt 0.116426 0.994245
vt 0.0755268 0.999775
vt 0.0755251 0.994245
vt 0.116426 0.833479
vt 0.164506 0.97825
vt 0.116426 0.97825
vt 0.164506 0.97825
vt 0.116426 0.833479
vt 0.164505 0.833478
vt 0.116426 0.98735
vt 0.0755249 0.97825
vt 0.116426 0.97825
vt 0.0755249 0.97825
vt 0.116426 0.98735
vt 0.0755249 0.98735
vt 0.164506 0.97825
vt 0.116426 0.98735
vt 0.116426 0.97825
vt 0.116426 0.98735
vt 0.164506 0.97825
vt 0.164506 0.98735
vt 0.212302 0.98735
vt 0.164506 0.97825
vt 0.212302 0.97825
vt 0.164506 0.97825
vt 0.212302 0.98735
vt 0.164506 0.98735
vt 0.252353 0.97825
vt 0.212302 0.98735
vt 0.212302 0.97825
vt 0.212302 0.98735
vt 0.252353 0.97825
vt 0.252353 0.98735
vt 0.212302 0.833478
vt 0.252353 0.97825
vt 0.212302 0.97825
vt 0.252353 0.97825
vt 0.212302 0.833478
vt 0.252353 0.833478
vt 0.0755249 0.97825
vt 0.116426 0.833479
vt 0.116426 0.97825
vt 0.116426 0.833479
vt 0.0755249 0.97825
vt 0.0755249 0.833479
vt 0.164505 0.655376
vt 0.116426 0.833479
vt 0.116426 0.655376
vt 0.116426 0.833479
vt 0.164505 0.655376
vt 0.164505 0.833478
vt 0.164506 0.97825
vt 0.212302 0.833478
vt 0.212302 0.97825
vt 0.212302 0.833478
vt 0.164506 0.97825
vt 0.164505 0.833478
vt 0.252353 0.655376
vt 0.212302 0.833478
vt 0.212302 0.655376
vt 0.212302 0.833478
vt 0.252353 0.655376
vt 0.252353 0.833478
vt 0.116426 0.833479
vt 0.0755249 0.655377
vt 0.116426 0.655376
vt 0.0755249 0.655377
vt 0.116426 0.833479
vt 0.0755249 0.833479
vt 0.212302 0.833478
vt 0.164505 0.655376
vt 0.212302 0.655376
vt 0.164505 0.655376
vt 0.212302 0.833478
vt 0.164505 0.833478
vt 0.164505 0.510605
vt 0.116426 0.655376
vt 0.116426 0.510605
vt 0.116426 0.655376
vt 0.164505 0.510605
vt 0.164505 0.655376
vt 0.252353 0.510604
vt 0.212302 0.655376
vt 0.212302 0.510604
vt 0.212302 0.655376
vt 0.252353 0.510604
vt 0.252353 0.655376
vt 0.116426 0.510605
vt 0.0755249 0.501505
vt 0.116426 0.501505
vt 0.0755249 0.501505
vt 0.116426 0.510605
vt 0.0755249 0.510605
vt 0.164505 0.501505
vt 0.116426 0.510605
vt 0.116426 0.501505
vt 0.116426 0.510605
vt 0.164505 0.501505
vt 0.164505 0.510605
vt 0.116426 0.655376
vt 0.0755249 0.510605
vt 0.116426 0.510605
vt 0.0755249 0.510605
vt 0.116426 0.655376
vt 0.0755249 0.655377
vt 0.212302 0.655376
vt 0.164505 0.510605
vt 0.212302 0.510604
vt 0.164505 0.510605
vt 0.212302 0.655376
vt 0.164505 0.655376
vt 0.212302 0.510604
vt 0.164505 0.501505
vt 0.212302 0.501505
vt 0.164505 0.501505
vt 0.212302 0.510604
vt 0.164505 0.510605
vt 0.252353 0.501504
vt 0.212302 0.510604
vt 0.212302 0.501505
vt 0.212302 0.510604
vt 0.252353 0.501504
vt 0.252353 0.510604
vt 0.116426 0.49461
vt 0.0755268 0.489085
vt 0.116428 0.489085
vt 0.0755268 0.489085
vt 0.116426 0.49461
vt 0.0755251 0.49461
vt 0.164507 0.489085
vt 0.116426 0.49461
vt 0.116428 0.489085
vt 0.116426 0.49461
vt 0.164507 0.489085
vt 0.164506 0.49461
vt 0.116426 0.501505
vt 0.0755251 0.49461
vt 0.116426 0.49461
vt 0.0755251 0.49461
vt 0.116426 0.501505
vt 0.0755249 0.501505
vt 0.164506 0.49461
vt 0.116426 0.501505
vt 0.116426 0.49461
vt 0.116426 0.501505
vt 0.164506 0.49461
vt 0.164505 0.501505
vt 0.212302 0.501505
vt 0.164506 0.49461
vt 0.212302 0.49461
vt 0.164506 0.49461
vt 0.212302 0.501505
vt 0.164505 0.501505
vt 0.252353 0.49461
vt 0.212302 0.501505
vt 0.212302 0.49461
vt 0.212302 0.501505
vt 0.252353 0.49461
vt 0.252353 0.501504
vt 0.212302 0.49461
vt 0.164507 0.489085
vt 0.212304 0.489085
vt 0.164507 0.489085
vt 0.212302 0.49461
vt 0.164506 0.49461
vt 0.252355 0.489084
vt 0.212302 0.49461
vt 0.212304 0.489085
vt 0.212302 0.49461
vt 0.252355 0.489084
vt 0.252353 0.49461
vt 0.270232 0.372442
vt 0.273977 0.413342
vt 0.26973 0.413343
vt 0.273977 0.413342
vt 0.270232 0.372442
vt 0.274108 0.372441
vt 0.270822 0.324363
vt 0.274108 0.372441
vt 0.270232 0.372442
vt 0.274108 0.372441
vt 0.270822 0.324363
vt 0.274263 0.324362
vt 0.189081 0.32475
vt 0.270232 0.372442
vt 0.171927 0.37298
vt 0.270232 0.372442
vt 0.189081 0.32475
vt 0.270822 0.324363
vt 0.274108 0.372441
vt 0.276272 0.413339
vt 0.273977 0.413342
vt 0.276272 0.413339
vt 0.274108 0.372441
vt 0.276279 0.372438
vt 0.596119 0.386419
vt 0.598024 0.426179
vt 0.596183 0.426136
vt 0.598024 0.426179
vt 0.596119 0.386419
vt 0.59796 0.386463
vt 0.596044 0.339733
vt 0.59796 0.386463
vt 0.596119 0.386419
vt 0.59796 0.386463
vt 0.596044 0.339733
vt 0.597885 0.339776
vt 0.274263 0.324362
vt 0.276279 0.372438
vt 0.274108 0.372441
vt 0.276279 0.372438
vt 0.274263 0.324362
vt 0.276288 0.324359
vt 0.274416 0.276566
vt 0.276288 0.324359
vt 0.274263 0.324362
vt 0.276288 0.324359
vt 0.274416 0.276566
vt 0.276297 0.276563
vt 0.595969 0.293321
vt 0.597885 0.339776
vt 0.596044 0.339733
vt 0.597885 0.339776
vt 0.595969 0.293321
vt 0.59781 0.293364
vt 0.595906 0.25443
vt 0.59781 0.293364
vt 0.595969 0.293321
vt 0.59781 0.293364
vt 0.595906 0.25443
vt 0.597747 0.254473
vt 0.274545 0.236515
vt 0.276297 0.276563
vt 0.274416 0.276566
vt 0.276297 0.276563
vt 0.274545 0.236515
vt 0.276304 0.236512
vt 0.271409 0.276567
vt 0.274263 0.324362
vt 0.270822 0.324363
vt 0.274263 0.324362
vt 0.271409 0.276567
vt 0.274416 0.276566
vt 0.271902 0.236516
vt 0.274416 0.276566
vt 0.271409 0.276567
vt 0.274416 0.276566
vt 0.271902 0.236516
vt 0.274545 0.236515
vt 0.220462 0.23663
vt 0.271409 0.276567
vt 0.206145 0.276805
vt 0.271409 0.276567
vt 0.220462 0.23663
vt 0.271902 0.236516
vt 0.270232 0.372442
vt 0.157339 0.41401
vt 0.171927 0.37298
vt 0.157339 0.41401
vt 0.270232 0.372442
vt 0.26973 0.413343
vt 0.271409 0.276567
vt 0.189081 0.32475
vt 0.206145 0.276805
vt 0.189081 0.32475
vt 0.271409 0.276567
vt 0.270822 0.324363
vt 0.850558 0.28827
vt 0.856086 0.243631
vt 0.856968 0.286265
vt 0.856086 0.243631
vt 0.850558 0.28827
vt 0.850152 0.245061
vt 0.858034 0.337137
vt 0.850558 0.28827
vt 0.856968 0.286265
vt 0.850558 0.28827
vt 0.858034 0.337137
vt 0.851062 0.339831
vt 0.574981 0.350068
vt 0.583774 0.308976
vt 0.5838 0.35218
vt 0.583774 0.308976
vt 0.574981 0.350068
vt 0.576083 0.307251
vt 0.58381 0.403737
vt 0.574981 0.350068
vt 0.5838 0.35218
vt 0.574981 0.350068
vt 0.58381 0.403737
vt 0.573605 0.401172
vt 0.572192 0.452582
vt 0.58381 0.403737
vt 0.58381 0.455598
vt 0.58381 0.403737
vt 0.572192 0.452582
vt 0.573605 0.401172
vt 0.583806 0.499715
vt 0.572192 0.452582
vt 0.58381 0.455598
vt 0.556233 0.388146
vt 0.566736 0.435483
vt 0.553575 0.431866
vt 0.851578 0.391697
vt 0.858034 0.337137
vt 0.859113 0.388308
vt 0.858034 0.337137
vt 0.851578 0.391697
vt 0.851062 0.339831
vt 0.860034 0.431838
vt 0.851578 0.391697
vt 0.859113 0.388308
vt 0.851578 0.391697
vt 0.860034 0.431838
vt 0.852022 0.435818
vt 0.56238 0.28567
vt 0.536279 0.232007
vt 0.564857 0.242867
vt 0.536279 0.232007
vt 0.56238 0.28567
vt 0.525746 0.271506
vt 0.56238 0.28567
vt 0.512793 0.31869
vt 0.525746 0.271506
vt 0.512793 0.31869
vt 0.56238 0.28567
vt 0.559337 0.336755
vt 0.559337 0.336755
vt 0.499577 0.366176
vt 0.512793 0.31869
vt 0.499577 0.366176
vt 0.559337 0.336755
vt 0.556233 0.388146
vt 0.556233 0.388146
vt 0.488257 0.406582
vt 0.499577 0.366176
vt 0.488257 0.406582
vt 0.556233 0.388146
vt 0.553575 0.431866
vt 0.360515 0.399213
vt 0.347004 0.445443
vt 0.348483 0.397695
vt 0.347004 0.445443
vt 0.360515 0.399213
vt 0.360575 0.44752
vt 0.360575 0.44752
vt 0.34568 0.486091
vt 0.347004 0.445443
vt 0.34568 0.486091
vt 0.360575 0.44752
vt 0.360575 0.488634
vt 0.360335 0.351235
vt 0.35064 0.310697
vt 0.359974 0.311111
vt 0.35064 0.310697
vt 0.360335 0.351235
vt 0.349801 0.350297
vt 0.360335 0.351235
vt 0.348483 0.397695
vt 0.349801 0.350297
vt 0.348483 0.397695
vt 0.360335 0.351235
vt 0.360515 0.399213
vt 0.489348 0.983557
vt 0.538033 0.839028
vt 0.538033 0.983558
vt 0.538033 0.839028
vt 0.489348 0.983557
vt 0.489413 0.839027
vt 0.538033 0.983558
vt 0.578531 0.839028
vt 0.57864 0.983557
vt 0.578531 0.839028
vt 0.538033 0.983558
vt 0.538033 0.839028
vt 0.398463 0.983556
vt 0.440363 0.839026
vt 0.440265 0.983557
vt 0.440363 0.839026
vt 0.398463 0.983556
vt 0.398577 0.839025
vt 0.440265 0.983557
vt 0.489413 0.839027
vt 0.489348 0.983557
vt 0.489413 0.839027
vt 0.440265 0.983557
vt 0.440363 0.839026
vt 0.480988 0.432524
vt 0.551869 0.459936
vt 0.56084 0.499715
vt 0.603718 0.499715
vt 0.613504 0.460128
vt 0.684933 0.434178
vt 0.89988 0.305704
vt 0.89988 0.379164
vt 0.893371 0.314488
vt 0.576444 0.256152
vt 0.575223 0.180699
vt 0.5831 0.256771
vt 0.695983 0.500165
vt 0.696575 0.507125
vt 0.686955 0.507278
vt 0.82031 0.290356
vt 0.710494 0.160966
vt 0.820275 0.209189
vt 0.710494 0.160966
vt 0.82031 0.290356
vt 0.710572 0.339046
vt 0.847025 0.164224
vt 0.849464 0.209238
vt 0.820275 0.209189
vt 0.847025 0.164224
vt 0.820275 0.209189
vt 0.710494 0.160966
vt 0.82031 0.290356
vt 0.8471 0.335716
vt 0.710572 0.339046
vt 0.7656 0.729584
vt 0.829353 0.767537
vt 0.765516 0.769723
vt 0.829353 0.767537
vt 0.7656 0.729584
vt 0.829428 0.732033
vt 0.281219 0.170049
vt 0.289892 0.194488
vt 0.283102 0.192541
vt 0.303681 0.191113
vt 0.301889 0.21362
vt 0.29515 0.21563
vt 0.918705 0.679872
vt 0.903361 0.709346
vt 0.913079 0.664197
vt 0.918411 0.820064
vt 0.903361 0.709346
vt 0.918705 0.679872
vt 0.903361 0.709346
vt 0.918411 0.820064
vt 0.90319 0.790523
vt 0.340721 0.261908
vt 0.330499 0.268719
vt 0.326298 0.258684
vt 0.88243 0.269851
vt 0.876414 0.19184
vt 0.885909 0.197899
vt 0.876414 0.19184
vt 0.88243 0.269851
vt 0.868007 0.273075
usemtl d91eae20c02a4741aeb889246b417ae4_visual_0
f 1/1/1 2/2/2 3/3/3
f 4/4/4 5/5/5 6/6/6
f 7/7/7 8/8/8 9/9/9
f 10/10/10 11/11/11 12/12/12
f 13/13/13 14/14/14 15/15/15
f 16/16/16 17/17/17 18/18/18
f 19/19/19 20/20/20 21/21/21
f 22/22/22 23/23/23 24/24/24
f 25/25/25 26/26/26 27/27/27
f 28/28/28 29/29/29 30/30/30
f 31/31/31 32/32/32 33/33/33
f 34/34/34 35/35/35 36/36/36
f 37/37/37 38/38/38 39/39/39
f 40/40/40 41/41/41 42/42/42
f 43/43/43 44/44/44 45/45/45
f 46/46/46 47/47/47 48/48/48
f 49/49/49 50/50/50 51/51/51
f 52/52/52 53/53/53 54/54/54
f 55/55/55 56/56/56 57/57/57
f 58/58/58 59/59/59 60/60/60
f 61/61/61 62/62/62 63/63/63
f 64/64/64 65/65/65 66/66/66
f 67/67/67 68/68/68 69/69/69
f 70/70/70 71/71/71 72/72/72
f 73/73/73 74/74/74 75/75/75
f 76/76/76 77/77/77 78/78/78
f 79/79/79 80/80/80 81/81/81
f 82/82/82 83/83/83 84/84/84
f 85/85/85 86/86/86 87/87/87
f 88/88/88 89/89/89 90/90/90
f 91/91/91 92/92/92 93/93/93
f 94/94/94 95/95/95 96/96/96
f 97/97/97 98/98/98 99/99/99
f 100/100/100 101/101/101 102/102/102
f 103/103/103 104/104/104 105/105/105
f 106/106/106 107/107/107 108/108/108
f 109/109/109 110/110/110 111/111/111
f 112/112/112 113/113/113 114/114/114
f 115/115/115 116/116/116 117/117/117
f 118/118/118 119/119/119 120/120/120
f 121/121/121 122/122/122 123/123/123
f 124/124/124 125/125/125 126/126/126
f 127/127/127 128/128/128 129/129/129
f 130/130/130 131/131/131 132/132/132
f 133/133/133 134/134/134 135/135/135
f 136/136/136 137/137/137 138/138/138
f 139/139/139 140/140/140 141/141/141
f 142/142/142 143/143/143 144/144/144
f 145/145/145 146/146/146 147/147/147
f 148/148/148 149/149/149 150/150/150
f 151/151/151 152/152/152 153/153/153
f 154/154/154 155/155/155 156/156/156
f 157/157/157 158/158/158 159/159/159
f 160/160/160 161/161/161 162/162/162
f 163/163/163 164/164/164 165/165/165
f 166/166/166 167/167/167 168/168/168
f 169/169/169 170/170/170 171/171/171
f 172/172/172 173/173/173 174/174/174
f 175/175/175 176/176/176 177/177/177
f 178/178/178 179/179/179 180/180/180
f 181/181/181 182/182/182 183/183/183
f 184/184/184 185/185/185 186/186/186
f 187/187/187 188/188/188 189/189/189
f 190/190/190 191/191/191 192/192/192
f 193/193/193 194/194/194 195/195/195
f 196/196/196 197/197/197 198/198/198
f 199/199/199 200/200/200 201/201/201
f 202/202/202 203/203/203 204/204/204
f 205/205/205 206/206/206 207/207/207
f 208/208/208 209/209/209 210/210/210
f 211/211/211 212/212/212 213/213/213
f 214/214/214 215/215/215 216/216/216
f 217/217/217 218/218/218 219/219/219
f 220/220/220 221/221/221 222/222/222
f 223/223/223 224/224/224 225/225/225
f 226/226/226 227/227/227 228/228/228
f 229/229/229 230/230/230 231/231/231
f 232/232/232 233/233/233 234/234/234
f 235/235/235 236/236/236 237/237/237
f 238/238/238 239/239/239 240/240/240
f 241/241/241 242/242/242 243/243/243
f 244/244/244 245/245/245 246/246/246
f 247/247/247 248/248/248 249/249/249
f 250/250/250 251/251/251 252/252/252
f 253/253/253 254/254/254 255/255/255
f 256/256/256 257/257/257 258/258/258
f 259/259/259 260/260/260 261/261/261
f 262/262/262 263/263/263 264/264/264
f 265/265/265 266/266/266 267/267/267
f 268/268/268 269/269/269 270/270/270
f 271/271/271 272/272/272 273/273/273
f 274/274/274 275/275/275 276/276/276
f 277/277/277 278/278/278 279/279/279
f 280/280/280 281/281/281 282/282/282
f 283/283/283 284/284/284 285/285/285
f 286/286/286 287/287/287 288/288/288
f 289/289/289 290/290/290 291/291/291
f 292/292/292 293/293/293 294/294/294
f 295/295/295 296/296/296 297/297/297
f 298/298/298 299/299/299 300/300/300
f 301/301/301 302/302/302 303/303/303
f 304/304/304 305/305/305 306/306/306
f 307/307/307 308/308/308 309/309/309
f 310/310/310 311/311/311 312/312/312
f 313/313/313 314/314/314 315/315/315
f 316/316/316 317/317/317 318/318/318
f 319/319/319 320/320/320 321/321/321
f 322/322/322 323/323/323 324/324/324
f 325/325/325 326/326/326 327/327/327
f 328/328/328 329/329/329 330/330/330
f 331/331/331 332/332/332 333/333/333
f 334/334/334 335/335/335 336/336/336
f 337/337/337 338/338/338 339/339/339
f 340/340/340 341/341/341 342/342/342
f 343/343/343 344/344/344 345/345/345
f 346/346/346 347/347/347 348/348/348
f 349/349/349 350/350/350 351/351/351
f 352/352/352 353/353/353 354/354/354
f 355/355/355 356/356/356 357/357/357
f 358/358/358 359/359/359 360/360/360
f 361/361/361 362/362/362 363/363/363
f 364/364/364 365/365/365 366/366/366
f 367/367/367 368/368/368 369/369/369
f 370/370/370 371/371/371 372/372/372
f 373/373/373 374/374/374 375/375/375
f 376/376/376 377/377/377 378/378/378
f 379/379/379 380/380/380 381/381/381
f 382/382/382 383/383/383 384/384/384
f 385/385/385 386/386/386 387/387/387
f 388/388/388 389/389/389 390/390/390
f 391/391/391 392/392/392 393/393/393
f 394/394/394 395/395/395 396/396/396
f 397/397/397 398/398/398 399/399/399
f 400/400/400 401/401/401 402/402/402
f 403/403/403 404/404/404 405/405/405
f 406/406/406 407/407/407 408/408/408
f 409/409/409 410/410/410 411/411/411
f 412/412/412 413/413/413 414/414/414
f 415/415/415 416/416/416 417/417/417
f 418/418/418 419/419/419 420/420/420
f 421/421/421 422/422/422 423/423/423
f 424/424/424 425/425/425 426/426/426
f 427/427/427 428/428/428 429/429/429
f 430/430/430 431/431/431 432/432/432
f 433/433/433 434/434/434 435/435/435
f 436/436/436 437/437/437 438/438/438
f 439/439/439 440/440/440 441/441/441
f 442/442/442 443/443/443 444/444/444
f 445/445/445 446/446/446 447/447/447
f 448/448/448 449/449/449 450/450/450
f 451/451/451 452/452/452 453/453/453
f 454/454/454 455/455/455 456/456/456
f 457/457/457 458/458/458 459/459/459
f 460/460/460 461/461/461 462/462/462
f 463/463/463 464/464/464 465/465/465
f 466/466/466 467/467/467 468/468/468
f 469/469/469 470/470/470 471/471/471
f 472/472/472 473/473/473 474/474/474
f 475/475/475 476/476/476 477/477/477
f 478/478/478 479/479/479 480/480/480
f 481/481/481 482/482/482 483/483/483
f 484/484/484 485/485/485 486/486/486
f 487/487/487 488/488/488 489/489/489
f 490/490/490 491/491/491 492/492/492
f 493/493/493 494/494/494 495/495/495
f 496/496/496 497/497/497 498/498/498
f 499/499/499 500/500/500 501/501/501
f 502/502/502 503/503/503 504/504/504
f 505/505/505 506/506/506 507/507/507
f 508/508/508 509/509/509 510/510/510
f 511/511/511 512/512/512 513/513/513
f 514/514/514 515/515/515 516/516/516
f 517/517/517 518/518/518 519/519/519
f 520/520/520 521/521/521 522/522/522
f 523/523/523 524/524/524 525/525/525
f 526/526/526 527/527/527 528/528/528
f 529/529/529 530/530/530 531/531/531
f 532/532/532 533/533/533 534/534/534
f 535/535/535 536/536/536 537/537/537
f 538/538/538 539/539/539 540/540/540
f 541/541/541 542/542/542 543/543/543
f 544/544/544 545/545/545 546/546/546
f 547/547/547 548/548/548 549/549/549
f 550/550/550 551/551/551 552/552/552
f 553/553/553 554/554/554 555/555/555
f 556/556/556 557/557/557 558/558/558
f 559/559/559 560/560/560 561/561/561
f 562/562/562 563/563/563 564/564/564
f 565/565/565 566/566/566 567/567/567
f 568/568/568 569/569/569 570/570/570
f 571/571/571 572/572/572 573/573/573
f 574/574/574 575/575/575 576/576/576
f 577/577/577 578/578/578 579/579/579
f 580/580/580 581/581/581 582/582/582
f 583/583/583 584/584/584 585/585/585
f 586/586/586 587/587/587 588/588/588
f 589/589/589 590/590/590 591/591/591
f 592/592/592 593/593/593 594/594/594
f 595/595/595 596/596/596 597/597/597
f 598/598/598 599/599/599 600/600/600
f 601/601/601 602/602/602 603/603/603
f 604/604/604 605/605/605 606/606/606
f 607/607/607 608/608/608 609/609/609
f 610/610/610 611/611/611 612/612/612
f 613/613/613 614/614/614 615/615/615
f 616/616/616 617/617/617 618/618/618
f 619/619/619 620/620/620 621/621/621
f 622/622/622 623/623/623 624/624/624
f 625/625/625 626/626/626 627/627/627
f 628/628/628 629/629/629 630/630/630
f 631/631/631 632/632/632 633/633/633
f 634/634/634 635/635/635 636/636/636
f 637/637/637 638/638/638 639/639/639
f 640/640/640 641/641/641 642/642/642
f 643/643/643 644/644/644 645/645/645
f 646/646/646 647/647/647 648/648/648
f 649/649/649 650/650/650 651/651/651
f 652/652/652 653/653/653 654/654/654
f 655/655/655 656/656/656 657/657/657
f 658/658/658 659/659/659 660/660/660
f 661/661/661 662/662/662 663/663/663
f 664/664/664 665/665/665 666/666/666
f 667/667/667 668/668/668 669/669/669
f 670/670/670 671/671/671 672/672/672
f 673/673/673 674/674/674 675/675/675
f 676/676/676 677/677/677 678/678/678
f 679/679/679 680/680/680 681/681/681
f 682/682/682 683/683/683 684/684/684
f 685/685/685 686/686/686 687/687/687
f 688/688/688 689/689/689 690/690/690
f 691/691/691 692/692/692 693/693/693
f 694/694/694 695/695/695 696/696/696
f 697/697/697 698/698/698 699/699/699
f 700/700/700 701/701/701 702/702/702
f 703/703/703 704/704/704 705/705/705
f 706/706/706 707/707/707 708/708/708
f 709/709/709 710/710/710 711/711/711
f 712/712/712 713/713/713 714/714/714
f 715/715/715 716/716/716 717/717/717
f 718/718/718 719/719/719 720/720/720
f 721/721/721 722/722/722 723/723/723
f 724/724/724 725/725/725 726/726/726
f 727/727/727 728/728/728 729/729/729
f 730/730/730 731/731/731 732/732/732
f 733/733/733 734/734/734 735/735/735
f 736/736/736 737/737/737 738/738/738
f 739/739/739 740/740/740 741/741/741
f 742/742/742 743/743/743 744/744/744
f 745/745/745 746/746/746 747/747/747
f 748/748/748 749/749/749 750/750/750
f 751/751/751 752/752/752 753/753/753
f 754/754/754 755/755/755 756/756/756
f 757/757/757 758/758/758 759/759/759
f 760/760/760 761/761/761 762/762/762
f 763/763/763 764/764/764 765/765/765
f 766/766/766 767/767/767 768/768/768
f 769/769/769 770/770/770 771/771/771
f 772/772/772 773/773/773 774/774/774
f 775/775/775 776/776/776 777/777/777
f 778/778/778 779/779/779 780/780/780
f 781/781/781 782/782/782 783/783/783
f 784/784/784 785/785/785 786/786/786
f 787/787/787 788/788/788 789/789/789
f 790/790/790 791/791/791 792/792/792
f 793/793/793 794/794/794 795/795/795
f 796/796/796 797/797/797 798/798/798
f 799/799/799 800/800/800 801/801/801
f 802/802/802 803/803/803 804/804/804
f 805/805/805 806/806/806 807/807/807
f 808/808/808 809/809/809 810/810/810
f 811/811/811 812/812/812 813/813/813
f 814/814/814 815/815/815 816/816/816
f 817/817/817 818/818/818 819/819/819
f 820/820/820 821/821/821 822/822/822
f 823/823/823 824/824/824 825/825/825
f 826/826/826 827/827/827 828/828/828
f 829/829/829 830/830/830 831/831/831
f 832/832/832 833/833/833 834/834/834
f 835/835/835 836/836/836 837/837/837
f 838/838/838 839/839/839 840/840/840
f 841/841/841 842/842/842 843/843/843
f 844/844/844 845/845/845 846/846/846
f 847/847/847 848/848/848 849/849/849
f 850/850/850 851/851/851 852/852/852
f 853/853/853 854/854/854 855/855/855
f 856/856/856 857/857/857 858/858/858
f 859/859/859 860/860/860 861/861/861
f 862/862/862 863/863/863 864/864/864
f 865/865/865 866/866/866 867/867/867
f 868/868/868 869/869/869 870/870/870
f 871/871/871 872/872/872 873/873/873
f 874/874/874 875/875/875 876/876/876
f 877/877/877 878/878/878 879/879/879
f 880/880/880 881/881/881 882/882/882
f 883/883/883 884/884/884 885/885/885
f 886/886/886 887/887/887 888/888/888
f 889/889/889 890/890/890 891/891/891
f 892/892/892 893/893/893 894/894/894
f 895/895/895 896/896/896 897/897/897
f 898/898/898 899/899/899 900/900/900
f 901/901/901 902/902/902 903/903/903
f 904/904/904 905/905/905 906/906/906
f 907/907/907 908/908/908 909/909/909
f 910/910/910 911/911/911 912/912/912
f 913/913/913 914/914/914 915/915/915
f 916/916/916 917/917/917 918/918/918
f 919/919/919 920/920/920 921/921/921
f 922/922/922 923/923/923 924/924/924
f 925/925/925 926/926/926 927/927/927
f 928/928/928 929/929/929 930/930/930
f 931/931/931 932/932/932 933/933/933
f 934/934/934 935/935/935 936/936/936
f 937/937/937 938/938/938 939/939/939
f 940/940/940 941/941/941 942/942/942
f 943/943/943 944/944/944 945/945/945
f 946/946/946 947/947/947 948/948/948
f 949/949/949 950/950/950 951/951/951
f 952/952/952 953/953/953 954/954/954
f 955/955/955 956/956/956 957/957/957
f 958/958/958 959/959/959 960/960/960
f 961/961/961 962/962/962 963/963/963
f 964/964/964 965/965/965 966/966/966
f 967/967/967 968/968/968 969/969/969
f 970/970/970 971/971/971 972/972/972
f 973/973/973 974/974/974 975/975/975
f 976/976/976 977/977/977 978/978/978
f 979/979/979 980/980/980 981/981/981
f 982/982/982 983/983/983 984/984/984
f 985/985/985 986/986/986 987/987/987
f 988/988/988 989/989/989 990/990/990
f 991/991/991 992/992/992 993/993/993
f 994/994/994 995/995/995 996/996/996
f 997/997/997 998/998/998 999/999/999
f 1000/1000/1000 1001/1001/1001 1002/1002/1002
f 1003/1003/1003 1004/1004/1004 1005/1005/1005
f 1006/1006/1006 1007/1007/1007 1008/1008/1008
f 1009/1009/1009 1010/1010/1010 1011/1011/1011
f 1012/1012/1012 1013/1013/1013 1014/1014/1014
f 1015/1015/1015 1016/1016/1016 1017/1017/1017
f 1018/1018/1018 1019/1019/1019 1020/1020/1020
f 1021/1021/1021 1022/1022/1022 1023/1023/1023
f 1024/1024/1024 1025/1025/1025 1026/1026/1026
f 1027/1027/1027 1028/1028/1028 1029/1029/1029
f 1030/1030/1030 1031/1031/1031 1032/1032/1032
f 1033/1033/1033 1034/1034/1034 1035/1035/1035
f 1036/1036/1036 1037/1037/1037 1038/1038/1038
f 1039/1039/1039 1040/1040/1040 1041/1041/1041
f 1042/1042/1042 1043/1043/1043 1044/1044/1044
f 1045/1045/1045 1046/1046/1046 1047/1047/1047
f 1048/1048/1048 1049/1049/1049 1050/1050/1050
f 1051/1051/1051 1052/1052/1052 1053/1053/1053
f 1054/1054/1054 1055/1055/1055 1056/1056/1056
f 1057/1057/1057 1058/1058/1058 1059/1059/1059
f 1060/1060/1060 1061/1061/1061 1062/1062/1062
f 1063/1063/1063 1064/1064/1064 1065/1065/1065
f 1066/1066/1066 1067/1067/1067 1068/1068/1068
f 1069/1069/1069 1070/1070/1070 1071/1071/1071
f 1072/1072/1072 1073/1073/1073 1074/1074/1074
f 1075/1075/1075 1076/1076/1076 1077/1077/1077
f 1078/1078/1078 1079/1079/1079 1080/1080/1080
f 1081/1081/1081 1082/1082/1082 1083/1083/1083
f 1084/1084/1084 1085/1085/1085 1086/1086/1086
f 1087/1087/1087 1088/1088/1088 1089/1089/1089
f 1090/1090/1090 1091/1091/1091 1092/1092/1092
f 1093/1093/1093 1094/1094/1094 1095/1095/1095
f 1096/1096/1096 1097/1097/1097 1098/1098/1098
f 1099/1099/1099 1100/1100/1100 1101/1101/1101
f 1102/1102/1102 1103/1103/1103 1104/1104/1104
f 1105/1105/1105 1106/1106/1106 1107/1107/1107
f 1108/1108/1108 1109/1109/1109 1110/1110/1110
f 1111/1111/1111 1112/1112/1112 1113/1113/1113
f 1114/1114/1114 1115/1115/1115 1116/1116/1116
f 1117/1117/1117 1118/1118/1118 1119/1119/1119
f 1120/1120/1120 1121/1121/1121 1122/1122/1122
f 1123/1123/1123 1124/1124/1124 1125/1125/1125
f 1126/1126/1126 1127/1127/1127 1128/1128/1128
f 1129/1129/1129 1130/1130/1130 1131/1131/1131
f 1132/1132/1132 1133/1133/1133 1134/1134/1134
f 1135/1135/1135 1136/1136/1136 1137/1137/1137
f 1138/1138/1138 1139/1139/1139 1140/1140/1140
f 1141/1141/1141 1142/1142/1142 1143/1143/1143
f 1144/1144/1144 1145/1145/1145 1146/1146/1146
f 1147/1147/1147 1148/1148/1148 1149/1149/1149
f 1150/1150/1150 1151/1151/1151 1152/1152/1152
f 1153/1153/1153 1154/1154/1154 1155/1155/1155
f 1156/1156/1156 1157/1157/1157 1158/1158/1158
f 1159/1159/1159 1160/1160/1160 1161/1161/1161
f 1162/1162/1162 1163/1163/1163 1164/1164/1164
f 1165/1165/1165 1166/1166/1166 1167/1167/1167
f 1168/1168/1168 1169/1169/1169 1170/1170/1170
f 1171/1171/1171 1172/1172/1172 1173/1173/1173
f 1174/1174/1174 1175/1175/1175 1176/1176/1176
f 1177/1177/1177 1178/1178/1178 1179/1179/1179
f 1180/1180/1180 1181/1181/1181 1182/1182/1182
f 1183/1183/1183 1184/1184/1184 1185/1185/1185
f 1186/1186/1186 1187/1187/1187 1188/1188/1188
f 1189/1189/1189 1190/1190/1190 1191/1191/1191
f 1192/1192/1192 1193/1193/1193 1194/1194/1194
f 1195/1195/1195 1196/1196/1196 1197/1197/1197
f 1198/1198/1198 1199/1199/1199 1200/1200/1200
f 1201/1201/1201 1202/1202/1202 1203/1203/1203
f 1204/1204/1204 1205/1205/1205 1206/1206/1206
f 1207/1207/1207 1208/1208/1208 1209/1209/1209
f 1210/1210/1210 1211/1211/1211 1212/1212/1212
f 1213/1213/1213 1214/1214/1214 1215/1215/1215
f 1216/1216/1216 1217/1217/1217 1218/1218/1218
f 1219/1219/1219 1220/1220/1220 1221/1221/1221
f 1222/1222/1222 1223/1223/1223 1224/1224/1224
f 1225/1225/1225 1226/1226/1226 1227/1227/1227
f 1228/1228/1228 1229/1229/1229 1230/1230/1230
f 1231/1231/1231 1232/1232/1232 1233/1233/1233
f 1234/1234/1234 1235/1235/1235 1236/1236/1236
f 1237/1237/1237 1238/1238/1238 1239/1239/1239
f 1240/1240/1240 1241/1241/1241 1242/1242/1242
f 1243/1243/1243 1244/1244/1244 1245/1245/1245
f 1246/1246/1246 1247/1247/1247 1248/1248/1248
f 1249/1249/1249 1250/1250/1250 1251/1251/1251
f 1252/1252/1252 1253/1253/1253 1254/1254/1254
f 1255/1255/1255 1256/1256/1256 1257/1257/1257
f 1258/1258/1258 1259/1259/1259 1260/1260/1260
f 1261/1261/1261 1262/1262/1262 1263/1263/1263
f 1264/1264/1264 1265/1265/1265 1266/1266/1266
f 1267/1267/1267 1268/1268/1268 1269/1269/1269
f 1270/1270/1270 1271/1271/1271 1272/1272/1272
f 1273/1273/1273 1274/1274/1274 1275/1275/1275
f 1276/1276/1276 1277/1277/1277 1278/1278/1278
f 1279/1279/1279 1280/1280/1280 1281/1281/1281
f 1282/1282/1282 1283/1283/1283 1284/1284/1284
f 1285/1285/1285 1286/1286/1286 1287/1287/1287
f 1288/1288/1288 1289/1289/1289 1290/1290/1290
f 1291/1291/1291 1292/1292/1292 1293/1293/1293
f 1294/1294/1294 1295/1295/1295 1296/1296/1296
f 1297/1297/1297 1298/1298/1298 1299/1299/1299
f 1300/1300/1300 1301/1301/1301 1302/1302/1302
f 1303/1303/1303 1304/1304/1304 1305/1305/1305
f 1306/1306/1306 1307/1307/1307 1308/1308/1308
f 1309/1309/1309 1310/1310/1310 1311/1311/1311
f 1312/1312/1312 1313/1313/1313 1314/1314/1314
f 1315/1315/1315 1316/1316/1316 1317/1317/1317
f 1318/1318/1318 1319/1319/1319 1320/1320/1320
f 1321/1321/1321 1322/1322/1322 1323/1323/1323
f 1324/1324/1324 1325/1325/1325 1326/1326/1326
f 1327/1327/1327 1328/1328/1328 1329/1329/1329
f 1330/1330/1330 1331/1331/1331 1332/1332/1332
f 1333/1333/1333 1334/1334/1334 1335/1335/1335
f 1336/1336/1336 1337/1337/1337 1338/1338/1338
f 1339/1339/1339 1340/1340/1340 1341/1341/1341
f 1342/1342/1342 1343/1343/1343 1344/1344/1344
f 1345/1345/1345 1346/1346/1346 1347/1347/1347
f 1348/1348/1348 1349/1349/1349 1350/1350/1350
f 1351/1351/1351 1352/1352/1352 1353/1353/1353
f 1354/1354/1354 1355/1355/1355 1356/1356/1356
f 1357/1357/1357 1358/1358/1358 1359/1359/1359
f 1360/1360/1360 1361/1361/1361 1362/1362/1362
f 1363/1363/1363 1364/1364/1364 1365/1365/1365
f 1366/1366/1366 1367/1367/1367 1368/1368/1368
f 1369/1369/1369 1370/1370/1370 1371/1371/1371
f 1372/1372/1372 1373/1373/1373 1374/1374/1374
f 1375/1375/1375 1376/1376/1376 1377/1377/1377
f 1378/1378/1378 1379/1379/1379 1380/1380/1380
f 1381/1381/1381 1382/1382/1382 1383/1383/1383
f 1384/1384/1384 1385/1385/1385 1386/1386/1386
f 1387/1387/1387 1388/1388/1388 1389/1389/1389
f 1390/1390/1390 1391/1391/1391 1392/1392/1392
f 1393/1393/1393 1394/1394/1394 1395/1395/1395
f 1396/1396/1396 1397/1397/1397 1398/1398/1398
f 1399/1399/1399 1400/1400/1400 1401/1401/1401
f 1402/1402/1402 1403/1403/1403 1404/1404/1404
f 1405/1405/1405 1406/1406/1406 1407/1407/1407
f 1408/1408/1408 1409/1409/1409 1410/1410/1410
f 1411/1411/1411 1412/1412/1412 1413/1413/1413
f 1414/1414/1414 1415/1415/1415 1416/1416/1416
f 1417/1417/1417 1418/1418/1418 1419/1419/1419
f 1420/1420/1420 1421/1421/1421 1422/1422/1422
f 1423/1423/1423 1424/1424/1424 1425/1425/1425
f 1426/1426/1426 1427/1427/1427 1428/1428/1428
f 1429/1429/1429 1430/1430/1430 1431/1431/1431
f 1432/1432/1432 1433/1433/1433 1434/1434/1434
f 1435/1435/1435 1436/1436/1436 1437/1437/1437
f 1438/1438/1438 1439/1439/1439 1440/1440/1440
f 1441/1441/1441 1442/1442/1442 1443/1443/1443
f 1444/1444/1444 1445/1445/1445 1446/1446/1446
f 1447/1447/1447 1448/1448/1448 1449/1449/1449
f 1450/1450/1450 1451/1451/1451 1452/1452/1452
f 1453/1453/1453 1454/1454/1454 1455/1455/1455
f 1456/1456/1456 1457/1457/1457 1458/1458/1458
f 1459/1459/1459 1460/1460/1460 1461/1461/1461
f 1462/1462/1462 1463/1463/1463 1464/1464/1464
f 1465/1465/1465 1466/1466/1466 1467/1467/1467
f 1468/1468/1468 1469/1469/1469 1470/1470/1470
f 1471/1471/1471 1472/1472/1472 1473/1473/1473
f 1474/1474/1474 1475/1475/1475 1476/1476/1476
f 1477/1477/1477 1478/1478/1478 1479/1479/1479
f 1480/1480/1480 1481/1481/1481 1482/1482/1482
f 1483/1483/1483 1484/1484/1484 1485/1485/1485
f 1486/1486/1486 1487/1487/1487 1488/1488/1488
f 1489/1489/1489 1490/1490/1490 1491/1491/1491
f 1492/1492/1492 1493/1493/1493 1494/1494/1494
f 1495/1495/1495 1496/1496/1496 1497/1497/1497
f 1498/1498/1498 1499/1499/1499 1500/1500/1500
f 1501/1501/1501 1502/1502/1502 1503/1503/1503
f 1504/1504/1504 1505/1505/1505 1506/1506/1506
f 1507/1507/1507 1508/1508/1508 1509/1509/1509
f 1510/1510/1510 1511/1511/1511 1512/1512/1512
f 1513/1513/1513 1514/1514/1514 1515/1515/1515
f 1516/1516/1516 1517/1517/1517 1518/1518/1518
f 1519/1519/1519 1520/1520/1520 1521/1521/1521
f 1522/1522/1522 1523/1523/1523 1524/1524/1524
f 1525/1525/1525 1526/1526/1526 1527/1527/1527
f 1528/1528/1528 1529/1529/1529 1530/1530/1530
f 1531/1531/1531 1532/1532/1532 1533/1533/1533
f 1534/1534/1534 1535/1535/1535 1536/1536/1536
f 1537/1537/1537 1538/1538/1538 1539/1539/1539
f 1540/1540/1540 1541/1541/1541 1542/1542/1542
f 1543/1543/1543 1544/1544/1544 1545/1545/1545
f 1546/1546/1546 1547/1547/1547 1548/1548/1548
f 1549/1549/1549 1550/1550/1550 1551/1551/1551
f 1552/1552/1552 1553/1553/1553 1554/1554/1554
f 1555/1555/1555 1556/1556/1556 1557/1557/1557
f 1558/1558/1558 1559/1559/1559 1560/1560/1560
f 1561/1561/1561 1562/1562/1562 1563/1563/1563
f 1564/1564/1564 1565/1565/1565 1566/1566/1566
f 1567/1567/1567 1568/1568/1568 1569/1569/1569
f 1570/1570/1570 1571/1571/1571 1572/1572/1572
f 1573/1573/1573 1574/1574/1574 1575/1575/1575
f 1576/1576/1576 1577/1577/1577 1578/1578/1578
f 1579/1579/1579 1580/1580/1580 1581/1581/1581
f 1582/1582/1582 1583/1583/1583 1584/1584/1584
f 1585/1585/1585 1586/1586/1586 1587/1587/1587
f 1588/1588/1588 1589/1589/1589 1590/1590/1590
f 1591/1591/1591 1592/1592/1592 1593/1593/1593
f 1594/1594/1594 1595/1595/1595 1596/1596/1596
f 1597/1597/1597 1598/1598/1598 1599/1599/1599
f 1600/1600/1600 1601/1601/1601 1602/1602/1602
f 1603/1603/1603 1604/1604/1604 1605/1605/1605
f 1606/1606/1606 1607/1607/1607 1608/1608/1608
f 1609/1609/1609 1610/1610/1610 1611/1611/1611
f 1612/1612/1612 1613/1613/1613 1614/1614/1614
f 1615/1615/1615 1616/1616/1616 1617/1617/1617
f 1618/1618/1618 1619/1619/1619 1620/1620/1620
f 1621/1621/1621 1622/1622/1622 1623/1623/1623
f 1624/1624/1624 1625/1625/1625 1626/1626/1626
f 1627/1627/1627 1628/1628/1628 1629/1629/1629
f 1630/1630/1630 1631/1631/1631 1632/1632/1632
f 1633/1633/1633 1634/1634/1634 1635/1635/1635
f 1636/1636/1636 1637/1637/1637 1638/1638/1638
f 1639/1639/1639 1640/1640/1640 1641/1641/1641
f 1642/1642/1642 1643/1643/1643 1644/1644/1644
f 1645/1645/1645 1646/1646/1646 1647/1647/1647
f 1648/1648/1648 1649/1649/1649 1650/1650/1650
f 1651/1651/1651 1652/1652/1652 1653/1653/1653
f 1654/1654/1654 1655/1655/1655 1656/1656/1656
f 1657/1657/1657 1658/1658/1658 1659/1659/1659
f 1660/1660/1660 1661/1661/1661 1662/1662/1662
f 1663/1663/1663 1664/1664/1664 1665/1665/1665
f 1666/1666/1666 1667/1667/1667 1668/1668/1668
f 1669/1669/1669 1670/1670/1670 1671/1671/1671
f 1672/1672/1672 1673/1673/1673 1674/1674/1674
f 1675/1675/1675 1676/1676/1676 1677/1677/1677
f 1678/1678/1678 1679/1679/1679 1680/1680/1680
f 1681/1681/1681 1682/1682/1682 1683/1683/1683
f 1684/1684/1684 1685/1685/1685 1686/1686/1686
f 1687/1687/1687 1688/1688/1688 1689/1689/1689
f 1690/1690/1690 1691/1691/1691 1692/1692/1692
f 1693/1693/1693 1694/1694/1694 1695/1695/1695
f 1696/1696/1696 1697/1697/1697 1698/1698/1698
f 1699/1699/1699 1700/1700/1700 1701/1701/1701
f 1702/1702/1702 1703/1703/1703 1704/1704/1704
f 1705/1705/1705 1706/1706/1706 1707/1707/1707
f 1708/1708/1708 1709/1709/1709 1710/1710/1710
f 1711/1711/1711 1712/1712/1712 1713/1713/1713
f 1714/1714/1714 1715/1715/1715 1716/1716/1716
f 1717/1717/1717 1718/1718/1718 1719/1719/1719
f 1720/1720/1720 1721/1721/1721 1722/1722/1722
f 1723/1723/1723 1724/1724/1724 1725/1725/1725
f 1726/1726/1726 1727/1727/1727 1728/1728/1728
f 1729/1729/1729 1730/1730/1730 1731/1731/1731
f 1732/1732/1732 1733/1733/1733 1734/1734/1734
f 1735/1735/1735 1736/1736/1736 1737/1737/1737
f 1738/1738/1738 1739/1739/1739 1740/1740/1740
f 1741/1741/1741 1742/1742/1742 1743/1743/1743
f 1744/1744/1744 1745/1745/1745 1746/1746/1746
f 1747/1747/1747 1748/1748/1748 1749/1749/1749
f 1750/1750/1750 1751/1751/1751 1752/1752/1752
f 1753/1753/1753 1754/1754/1754 1755/1755/1755
f 1756/1756/1756 1757/1757/1757 1758/1758/1758
f 1759/1759/1759 1760/1760/1760 1761/1761/1761
f 1762/1762/1762 1763/1763/1763 1764/1764/1764
f 1765/1765/1765 1766/1766/1766 1767/1767/1767
f 1768/1768/1768 1769/1769/1769 1770/1770/1770
f 1771/1771/1771 1772/1772/1772 1773/1773/1773
f 1774/1774/1774 1775/1775/1775 1776/1776/1776
f 1777/1777/1777 1778/1778/1778 1779/1779/1779
f 1780/1780/1780 1781/1781/1781 1782/1782/1782
f 1783/1783/1783 1784/1784/1784 1785/1785/1785
f 1786/1786/1786 1787/1787/1787 1788/1788/1788
f 1789/1789/1789 1790/1790/1790 1791/1791/1791
f 1792/1792/1792 1793/1793/1793 1794/1794/1794
f 1795/1795/1795 1796/1796/1796 1797/1797/1797
f 1798/1798/1798 1799/1799/1799 1800/1800/1800
f 1801/1801/1801 1802/1802/1802 1803/1803/1803
f 1804/1804/1804 1805/1805/1805 1806/1806/1806
f 1807/1807/1807 1808/1808/1808 1809/1809/1809
f 1810/1810/1810 1811/1811/1811 1812/1812/1812
f 1813/1813/1813 1814/1814/1814 1815/1815/1815
f 1816/1816/1816 1817/1817/1817 1818/1818/1818
f 1819/1819/1819 1820/1820/1820 1821/1821/1821
f 1822/1822/1822 1823/1823/1823 1824/1824/1824
f 1825/1825/1825 1826/1826/1826 1827/1827/1827
f 1828/1828/1828 1829/1829/1829 1830/1830/1830
f 1831/1831/1831 1832/1832/1832 1833/1833/1833
f 1834/1834/1834 1835/1835/1835 1836/1836/1836
f 1837/1837/1837 1838/1838/1838 1839/1839/1839
f 1840/1840/1840 1841/1841/1841 1842/1842/1842
f 1843/1843/1843 1844/1844/1844 1845/1845/1845
f 1846/1846/1846 1847/1847/1847 1848/1848/1848
f 1849/1849/1849 1850/1850/1850 1851/1851/1851
f 1852/1852/1852 1853/1853/1853 1854/1854/1854
f 1855/1855/1855 1856/1856/1856 1857/1857/1857
f 1858/1858/1858 1859/1859/1859 1860/1860/1860
f 1861/1861/1861 1862/1862/1862 1863/1863/1863
f 1864/1864/1864 1865/1865/1865 1866/1866/1866
f 1867/1867/1867 1868/1868/1868 1869/1869/1869
f 1870/1870/1870 1871/1871/1871 1872/1872/1872
f 1873/1873/1873 1874/1874/1874 1875/1875/1875
f 1876/1876/1876 1877/1877/1877 1878/1878/1878
f 1879/1879/1879 1880/1880/1880 1881/1881/1881
f 1882/1882/1882 1883/1883/1883 1884/1884/1884
f 1885/1885/1885 1886/1886/1886 1887/1887/1887
f 1888/1888/1888 1889/1889/1889 1890/1890/1890
f 1891/1891/1891 1892/1892/1892 1893/1893/1893
f 1894/1894/1894 1895/1895/1895 1896/1896/1896
f 1897/1897/1897 1898/1898/1898 1899/1899/1899
f 1900/1900/1900 1901/1901/1901 1902/1902/1902
f 1903/1903/1903 1904/1904/1904 1905/1905/1905
f 1906/1906/1906 1907/1907/1907 1908/1908/1908
f 1909/1909/1909 1910/1910/1910 1911/1911/1911
f 1912/1912/1912 1913/1913/1913 1914/1914/1914
f 1915/1915/1915 1916/1916/1916 1917/1917/1917
f 1918/1918/1918 1919/1919/1919 1920/1920/1920
f 1921/1921/1921 1922/1922/1922 1923/1923/1923
f 1924/1924/1924 1925/1925/1925 1926/1926/1926
f 1927/1927/1927 1928/1928/1928 1929/1929/1929
f 1930/1930/1930 1931/1931/1931 1932/1932/1932
f 1933/1933/1933 1934/1934/1934 1935/1935/1935
f 1936/1936/1936 1937/1937/1937 1938/1938/1938
f 1939/1939/1939 1940/1940/1940 1941/1941/1941
f 1942/1942/1942 1943/1943/1943 1944/1944/1944
f 1945/1945/1945 1946/1946/1946 1947/1947/1947
f 1948/1948/1948 1949/1949/1949 1950/1950/1950
f 1951/1951/1951 1952/1952/1952 1953/1953/1953
f 1954/1954/1954 1955/1955/1955 1956/1956/1956
f 1957/1957/1957 1958/1958/1958 1959/1959/1959
f 1960/1960/1960 1961/1961/1961 1962/1962/1962
f 1963/1963/1963 1964/1964/1964 1965/1965/1965
f 1966/1966/1966 1967/1967/1967 1968/1968/1968
f 1969/1969/1969 1970/1970/1970 1971/1971/1971
f 1972/1972/1972 1973/1973/1973 1974/1974/1974
f 1975/1975/1975 1976/1976/1976 1977/1977/1977
f 1978/1978/1978 1979/1979/1979 1980/1980/1980
f 1981/1981/1981 1982/1982/1982 1983/1983/1983
f 1984/1984/1984 1985/1985/1985 1986/1986/1986
f 1987/1987/1987 1988/1988/1988 1989/1989/1989
f 1990/1990/1990 1991/1991/1991 1992/1992/1992
f 1993/1993/1993 1994/1994/1994 1995/1995/1995
f 1996/1996/1996 1997/1997/1997 1998/1998/1998
f 1999/1999/1999 2000/2000/2000 2001/2001/2001
f 2002/2002/2002 2003/2003/2003 2004/2004/2004
f 2005/2005/2005 2006/2006/2006 2007/2007/2007
f 2008/2008/2008 2009/2009/2009 2010/2010/2010
f 2011/2011/2011 2012/2012/2012 2013/2013/2013
f 2014/2014/2014 2015/2015/2015 2016/2016/2016
f 2017/2017/2017 2018/2018/2018 2019/2019/2019
f 2020/2020/2020 2021/2021/2021 2022/2022/2022
f 2023/2023/2023 2024/2024/2024 2025/2025/2025
f 2026/2026/2026 2027/2027/2027 2028/2028/2028
f 2029/2029/2029 2030/2030/2030 2031/2031/2031
f 2032/2032/2032 2033/2033/2033 2034/2034/2034
f 2035/2035/2035 2036/2036/2036 2037/2037/2037
f 2038/2038/2038 2039/2039/2039 2040/2040/2040
f 2041/2041/2041 2042/2042/2042 2043/2043/2043
f 2044/2044/2044 2045/2045/2045 2046/2046/2046
f 2047/2047/2047 2048/2048/2048 2049/2049/2049
f 2050/2050/2050 2051/2051/2051 2052/2052/2052
f 2053/2053/2053 2054/2054/2054 2055/2055/2055
f 2056/2056/2056 2057/2057/2057 2058/2058/2058
f 2059/2059/2059 2060/2060/2060 2061/2061/2061
f 2062/2062/2062 2063/2063/2063 2064/2064/2064
f 2065/2065/2065 2066/2066/2066 2067/2067/2067
f 2068/2068/2068 2069/2069/2069 2070/2070/2070
f 2071/2071/2071 2072/2072/2072 2073/2073/2073
f 2074/2074/2074 2075/2075/2075 2076/2076/2076
f 2077/2077/2077 2078/2078/2078 2079/2079/2079
f 2080/2080/2080 2081/2081/2081 2082/2082/2082
f 2083/2083/2083 2084/2084/2084 2085/2085/2085
f 2086/2086/2086 2087/2087/2087 2088/2088/2088
f 2089/2089/2089 2090/2090/2090 2091/2091/2091
f 2092/2092/2092 2093/2093/2093 2094/2094/2094
f 2095/2095/2095 2096/2096/2096 2097/2097/2097
f 2098/2098/2098 2099/2099/2099 2100/2100/2100
f 2101/2101/2101 2102/2102/2102 2103/2103/2103
f 2104/2104/2104 2105/2105/2105 2106/2106/2106
f 2107/2107/2107 2108/2108/2108 2109/2109/2109
f 2110/2110/2110 2111/2111/2111 2112/2112/2112
f 2113/2113/2113 2114/2114/2114 2115/2115/2115
f 2116/2116/2116 2117/2117/2117 2118/2118/2118
f 2119/2119/2119 2120/2120/2120 2121/2121/2121
f 2122/2122/2122 2123/2123/2123 2124/2124/2124
f 2125/2125/2125 2126/2126/2126 2127/2127/2127
f 2128/2128/2128 2129/2129/2129 2130/2130/2130
f 2131/2131/2131 2132/2132/2132 2133/2133/2133
f 2134/2134/2134 2135/2135/2135 2136/2136/2136
f 2137/2137/2137 2138/2138/2138 2139/2139/2139
f 2140/2140/2140 2141/2141/2141 2142/2142/2142
f 2143/2143/2143 2144/2144/2144 2145/2145/2145
f 2146/2146/2146 2147/2147/2147 2148/2148/2148
f 2149/2149/2149 2150/2150/2150 2151/2151/2151
f 2152/2152/2152 2153/2153/2153 2154/2154/2154
f 2155/2155/2155 2156/2156/2156 2157/2157/2157
f 2158/2158/2158 2159/2159/2159 2160/2160/2160
f 2161/2161/2161 2162/2162/2162 2163/2163/2163
f 2164/2164/2164 2165/2165/2165 2166/2166/2166
f 2167/2167/2167 2168/2168/2168 2169/2169/2169
f 2170/2170/2170 2171/2171/2171 2172/2172/2172
f 2173/2173/2173 2174/2174/2174 2175/2175/2175
f 2176/2176/2176 2177/2177/2177 2178/2178/2178
f 2179/2179/2179 2180/2180/2180 2181/2181/2181
f 2182/2182/2182 2183/2183/2183 2184/2184/2184
f 2185/2185/2185 2186/2186/2186 2187/2187/2187
f 2188/2188/2188 2189/2189/2189 2190/2190/2190
f 2191/2191/2191 2192/2192/2192 2193/2193/2193
f 2194/2194/2194 2195/2195/2195 2196/2196/2196
f 2197/2197/2197 2198/2198/2198 2199/2199/2199
f 2200/2200/2200 2201/2201/2201 2202/2202/2202
f 2203/2203/2203 2204/2204/2204 2205/2205/2205
f 2206/2206/2206 2207/2207/2207 2208/2208/2208
f 2209/2209/2209 2210/2210/2210 2211/2211/2211
f 2212/2212/2212 2213/2213/2213 2214/2214/2214
f 2215/2215/2215 2216/2216/2216 2217/2217/2217
f 2218/2218/2218 2219/2219/2219 2220/2220/2220
f 2221/2221/2221 2222/2222/2222 2223/2223/2223
f 2224/2224/2224 2225/2225/2225 2226/2226/2226
f 2227/2227/2227 2228/2228/2228 2229/2229/2229
f 2230/2230/2230 2231/2231/2231 2232/2232/2232
f 2233/2233/2233 2234/2234/2234 2235/2235/2235
f 2236/2236/2236 2237/2237/2237 2238/2238/2238
f 2239/2239/2239 2240/2240/2240 2241/2241/2241
f 2242/2242/2242 2243/2243/2243 2244/2244/2244
f 2245/2245/2245 2246/2246/2246 2247/2247/2247
f 2248/2248/2248 2249/2249/2249 2250/2250/2250
f 2251/2251/2251 2252/2252/2252 2253/2253/2253
f 2254/2254/2254 2255/2255/2255 2256/2256/2256
f 2257/2257/2257 2258/2258/2258 2259/2259/2259
f 2260/2260/2260 2261/2261/2261 2262/2262/2262
f 2263/2263/2263 2264/2264/2264 2265/2265/2265
f 2266/2266/2266 2267/2267/2267 2268/2268/2268
f 2269/2269/2269 2270/2270/2270 2271/2271/2271
f 2272/2272/2272 2273/2273/2273 2274/2274/2274
f 2275/2275/2275 2276/2276/2276 2277/2277/2277
f 2278/2278/2278 2279/2279/2279 2280/2280/2280
f 2281/2281/2281 2282/2282/2282 2283/2283/2283
f 2284/2284/2284 2285/2285/2285 2286/2286/2286
f 2287/2287/2287 2288/2288/2288 2289/2289/2289
f 2290/2290/2290 2291/2291/2291 2292/2292/2292
f 2293/2293/2293 2294/2294/2294 2295/2295/2295
f 2296/2296/2296 2297/2297/2297 2298/2298/2298
f 2299/2299/2299 2300/2300/2300 2301/2301/2301
f 2302/2302/2302 2303/2303/2303 2304/2304/2304
f 2305/2305/2305 2306/2306/2306 2307/2307/2307
f 2308/2308/2308 2309/2309/2309 2310/2310/2310
f 2311/2311/2311 2312/2312/2312 2313/2313/2313
f 2314/2314/2314 2315/2315/2315 2316/2316/2316
f 2317/2317/2317 2318/2318/2318 2319/2319/2319
f 2320/2320/2320 2321/2321/2321 2322/2322/2322
f 2323/2323/2323 2324/2324/2324 2325/2325/2325
f 2326/2326/2326 2327/2327/2327 2328/2328/2328
f 2329/2329/2329 2330/2330/2330 2331/2331/2331
f 2332/2332/2332 2333/2333/2333 2334/2334/2334
f 2335/2335/2335 2336/2336/2336 2337/2337/2337
f 2338/2338/2338 2339/2339/2339 2340/2340/2340
f 2341/2341/2341 2342/2342/2342 2343/2343/2343
f 2344/2344/2344 2345/2345/2345 2346/2346/2346
f 2347/2347/2347 2348/2348/2348 2349/2349/2349
f 2350/2350/2350 2351/2351/2351 2352/2352/2352
f 2353/2353/2353 2354/2354/2354 2355/2355/2355
f 2356/2356/2356 2357/2357/2357 2358/2358/2358
f 2359/2359/2359 2360/2360/2360 2361/2361/2361
f 2362/2362/2362 2363/2363/2363 2364/2364/2364
f 2365/2365/2365 2366/2366/2366 2367/2367/2367
f 2368/2368/2368 2369/2369/2369 2370/2370/2370
f 2371/2371/2371 2372/2372/2372 2373/2373/2373
f 2374/2374/2374 2375/2375/2375 2376/2376/2376
f 2377/2377/2377 2378/2378/2378 2379/2379/2379
f 2380/2380/2380 2381/2381/2381 2382/2382/2382
f 2383/2383/2383 2384/2384/2384 2385/2385/2385
f 2386/2386/2386 2387/2387/2387 2388/2388/2388
f 2389/2389/2389 2390/2390/2390 2391/2391/2391
f 2392/2392/2392 2393/2393/2393 2394/2394/2394
f 2395/2395/2395 2396/2396/2396 2397/2397/2397
f 2398/2398/2398 2399/2399/2399 2400/2400/2400
f 2401/2401/2401 2402/2402/2402 2403/2403/2403
f 2404/2404/2404 2405/2405/2405 2406/2406/2406
f 2407/2407/2407 2408/2408/2408 2409/2409/2409
f 2410/2410/2410 2411/2411/2411 2412/2412/2412
f 2413/2413/2413 2414/2414/2414 2415/2415/2415
f 2416/2416/2416 2417/2417/2417 2418/2418/2418
f 2419/2419/2419 2420/2420/2420 2421/2421/2421
f 2422/2422/2422 2423/2423/2423 2424/2424/2424
f 2425/2425/2425 2426/2426/2426 2427/2427/2427
f 2428/2428/2428 2429/2429/2429 2430/2430/2430
f 2431/2431/2431 2432/2432/2432 2433/2433/2433
f 2434/2434/2434 2435/2435/2435 2436/2436/2436
f 2437/2437/2437 2438/2438/2438 2439/2439/2439
f 2440/2440/2440 2441/2441/2441 2442/2442/2442
f 2443/2443/2443 2444/2444/2444 2445/2445/2445
f 2446/2446/2446 2447/2447/2447 2448/2448/2448
f 2449/2449/2449 2450/2450/2450 2451/2451/2451
f 2452/2452/2452 2453/2453/2453 2454/2454/2454
f 2455/2455/2455 2456/2456/2456 2457/2457/2457
f 2458/2458/2458 2459/2459/2459 2460/2460/2460
f 2461/2461/2461 2462/2462/2462 2463/2463/2463
f 2464/2464/2464 2465/2465/2465 2466/2466/2466
f 2467/2467/2467 2468/2468/2468 2469/2469/2469
f 2470/2470/2470 2471/2471/2471 2472/2472/2472
f 2473/2473/2473 2474/2474/2474 2475/2475/2475
f 2476/2476/2476 2477/2477/2477 2478/2478/2478
f 2479/2479/2479 2480/2480/2480 2481/2481/2481
f 2482/2482/2482 2483/2483/2483 2484/2484/2484
f 2485/2485/2485 2486/2486/2486 2487/2487/2487
f 2488/2488/2488 2489/2489/2489 2490/2490/2490
f 2491/2491/2491 2492/2492/2492 2493/2493/2493
f 2494/2494/2494 2495/2495/2495 2496/2496/2496
f 2497/2497/2497 2498/2498/2498 2499/2499/2499
f 2500/2500/2500 2501/2501/2501 2502/2502/2502
f 2503/2503/2503 2504/2504/2504 2505/2505/2505
f 2506/2506/2506 2507/2507/2507 2508/2508/2508
f 2509/2509/2509 2510/2510/2510 2511/2511/2511
f 2512/2512/2512 2513/2513/2513 2514/2514/2514
f 2515/2515/2515 2516/2516/2516 2517/2517/2517
f 2518/2518/2518 2519/2519/2519 2520/2520/2520
f 2521/2521/2521 2522/2522/2522 2523/2523/2523
f 2524/2524/2524 2525/2525/2525 2526/2526/2526
f 2527/2527/2527 2528/2528/2528 2529/2529/2529
f 2530/2530/2530 2531/2531/2531 2532/2532/2532
f 2533/2533/2533 2534/2534/2534 2535/2535/2535
f 2536/2536/2536 2537/2537/2537 2538/2538/2538
f 2539/2539/2539 2540/2540/2540 2541/2541/2541
f 2542/2542/2542 2543/2543/2543 2544/2544/2544
f 2545/2545/2545 2546/2546/2546 2547/2547/2547
f 2548/2548/2548 2549/2549/2549 2550/2550/2550
f 2551/2551/2551 2552/2552/2552 2553/2553/2553
f 2554/2554/2554 2555/2555/2555 2556/2556/2556
f 2557/2557/2557 2558/2558/2558 2559/2559/2559
f 2560/2560/2560 2561/2561/2561 2562/2562/2562
f 2563/2563/2563 2564/2564/2564 2565/2565/2565
f 2566/2566/2566 2567/2567/2567 2568/2568/2568
f 2569/2569/2569 2570/2570/2570 2571/2571/2571
f 2572/2572/2572 2573/2573/2573 2574/2574/2574
f 2575/2575/2575 2576/2576/2576 2577/2577/2577
f 2578/2578/2578 2579/2579/2579 2580/2580/2580
f 2581/2581/2581 2582/2582/2582 2583/2583/2583
f 2584/2584/2584 2585/2585/2585 2586/2586/2586
f 2587/2587/2587 2588/2588/2588 2589/2589/2589
f 2590/2590/2590 2591/2591/2591 2592/2592/2592
f 2593/2593/2593 2594/2594/2594 2595/2595/2595
f 2596/2596/2596 2597/2597/2597 2598/2598/2598
f 2599/2599/2599 2600/2600/2600 2601/2601/2601
f 2602/2602/2602 2603/2603/2603 2604/2604/2604
f 2605/2605/2605 2606/2606/2606 2607/2607/2607
f 2608/2608/2608 2609/2609/2609 2610/2610/2610
f 2611/2611/2611 2612/2612/2612 2613/2613/2613
f 2614/2614/2614 2615/2615/2615 2616/2616/2616
f 2617/2617/2617 2618/2618/2618 2619/2619/2619
f 2620/2620/2620 2621/2621/2621 2622/2622/2622
f 2623/2623/2623 2624/2624/2624 2625/2625/2625
f 2626/2626/2626 2627/2627/2627 2628/2628/2628
f 2629/2629/2629 2630/2630/2630 2631/2631/2631
f 2632/2632/2632 2633/2633/2633 2634/2634/2634
f 2635/2635/2635 2636/2636/2636 2637/2637/2637
f 2638/2638/2638 2639/2639/2639 2640/2640/2640
f 2641/2641/2641 2642/2642/2642 2643/2643/2643
f 2644/2644/2644 2645/2645/2645 2646/2646/2646
f 2647/2647/2647 2648/2648/2648 2649/2649/2649
f 2650/2650/2650 2651/2651/2651 2652/2652/2652
f 2653/2653/2653 2654/2654/2654 2655/2655/2655
f 2656/2656/2656 2657/2657/2657 2658/2658/2658
f 2659/2659/2659 2660/2660/2660 2661/2661/2661
f 2662/2662/2662 2663/2663/2663 2664/2664/2664
f 2665/2665/2665 2666/2666/2666 2667/2667/2667
f 2668/2668/2668 2669/2669/2669 2670/2670/2670
f 2671/2671/2671 2672/2672/2672 2673/2673/2673
f 2674/2674/2674 2675/2675/2675 2676/2676/2676
f 2677/2677/2677 2678/2678/2678 2679/2679/2679
f 2680/2680/2680 2681/2681/2681 2682/2682/2682
f 2683/2683/2683 2684/2684/2684 2685/2685/2685
f 2686/2686/2686 2687/2687/2687 2688/2688/2688
f 2689/2689/2689 2690/2690/2690 2691/2691/2691
f 2692/2692/2692 2693/2693/2693 2694/2694/2694
f 2695/2695/2695 2696/2696/2696 2697/2697/2697
f 2698/2698/2698 2699/2699/2699 2700/2700/2700
f 2701/2701/2701 2702/2702/2702 2703/2703/2703
f 2704/2704/2704 2705/2705/2705 2706/2706/2706
f 2707/2707/2707 2708/2708/2708 2709/2709/2709
f 2710/2710/2710 2711/2711/2711 2712/2712/2712
f 2713/2713/2713 2714/2714/2714 2715/2715/2715
f 2716/2716/2716 2717/2717/2717 2718/2718/2718
f 2719/2719/2719 2720/2720/2720 2721/2721/2721
f 2722/2722/2722 2723/2723/2723 2724/2724/2724
f 2725/2725/2725 2726/2726/2726 2727/2727/2727
f 2728/2728/2728 2729/2729/2729 2730/2730/2730
f 2731/2731/2731 2732/2732/2732 2733/2733/2733
f 2734/2734/2734 2735/2735/2735 2736/2736/2736
f 2737/2737/2737 2738/2738/2738 2739/2739/2739
f 2740/2740/2740 2741/2741/2741 2742/2742/2742
f 2743/2743/2743 2744/2744/2744 2745/2745/2745
f 2746/2746/2746 2747/2747/2747 2748/2748/2748
f 2749/2749/2749 2750/2750/2750 2751/2751/2751
f 2752/2752/2752 2753/2753/2753 2754/2754/2754
f 2755/2755/2755 2756/2756/2756 2757/2757/2757
f 2758/2758/2758 2759/2759/2759 2760/2760/2760
f 2761/2761/2761 2762/2762/2762 2763/2763/2763
f 2764/2764/2764 2765/2765/2765 2766/2766/2766
f 2767/2767/2767 2768/2768/2768 2769/2769/2769
f 2770/2770/2770 2771/2771/2771 2772/2772/2772
f 2773/2773/2773 2774/2774/2774 2775/2775/2775
f 2776/2776/2776 2777/2777/2777 2778/2778/2778
f 2779/2779/2779 2780/2780/2780 2781/2781/2781
f 2782/2782/2782 2783/2783/2783 2784/2784/2784
f 2785/2785/2785 2786/2786/2786 2787/2787/2787
f 2788/2788/2788 2789/2789/2789 2790/2790/2790
f 2791/2791/2791 2792/2792/2792 2793/2793/2793
f 2794/2794/2794 2795/2795/2795 2796/2796/2796
f 2797/2797/2797 2798/2798/2798 2799/2799/2799
f 2800/2800/2800 2801/2801/2801 2802/2802/2802
f 2803/2803/2803 2804/2804/2804 2805/2805/2805
f 2806/2806/2806 2807/2807/2807 2808/2808/2808
f 2809/2809/2809 2810/2810/2810 2811/2811/2811
f 2812/2812/2812 2813/2813/2813 2814/2814/2814
f 2815/2815/2815 2816/2816/2816 2817/2817/2817
f 2818/2818/2818 2819/2819/2819 2820/2820/2820
f 2821/2821/2821 2822/2822/2822 2823/2823/2823
f 2824/2824/2824 2825/2825/2825 2826/2826/2826
f 2827/2827/2827 2828/2828/2828 2829/2829/2829
f 2830/2830/2830 2831/2831/2831 2832/2832/2832
f 2833/2833/2833 2834/2834/2834 2835/2835/2835
f 2836/2836/2836 2837/2837/2837 2838/2838/2838
f 2839/2839/2839 2840/2840/2840 2841/2841/2841
f 2842/2842/2842 2843/2843/2843 2844/2844/2844
f 2845/2845/2845 2846/2846/2846 2847/2847/2847
f 2848/2848/2848 2849/2849/2849 2850/2850/2850
f 2851/2851/2851 2852/2852/2852 2853/2853/2853
f 2854/2854/2854 2855/2855/2855 2856/2856/2856
f 2857/2857/2857 2858/2858/2858 2859/2859/2859
f 2860/2860/2860 2861/2861/2861 2862/2862/2862
f 2863/2863/2863 2864/2864/2864 2865/2865/2865
f 2866/2866/2866 2867/2867/2867 2868/2868/2868
f 2869/2869/2869 2870/2870/2870 2871/2871/2871
f 2872/2872/2872 2873/2873/2873 2874/2874/2874
f 2875/2875/2875 2876/2876/2876 2877/2877/2877
f 2878/2878/2878 2879/2879/2879 2880/2880/2880
f 2881/2881/2881 2882/2882/2882 2883/2883/2883
f 2884/2884/2884 2885/2885/2885 2886/2886/2886
f 2887/2887/2887 2888/2888/2888 2889/2889/2889
f 2890/2890/2890 2891/2891/2891 2892/2892/2892
f 2893/2893/2893 2894/2894/2894 2895/2895/2895
f 2896/2896/2896 2897/2897/2897 2898/2898/2898
f 2899/2899/2899 2900/2900/2900 2901/2901/2901
f 2902/2902/2902 2903/2903/2903 2904/2904/2904
f 2905/2905/2905 2906/2906/2906 2907/2907/2907
f 2908/2908/2908 2909/2909/2909 2910/2910/2910
f 2911/2911/2911 2912/2912/2912 2913/2913/2913
f 2914/2914/2914 2915/2915/2915 2916/2916/2916
f 2917/2917/2917 2918/2918/2918 2919/2919/2919
f 2920/2920/2920 2921/2921/2921 2922/2922/2922
f 2923/2923/2923 2924/2924/2924 2925/2925/2925
f 2926/2926/2926 2927/2927/2927 2928/2928/2928
f 2929/2929/2929 2930/2930/2930 2931/2931/2931
f 2932/2932/2932 2933/2933/2933 2934/2934/2934
f 2935/2935/2935 2936/2936/2936 2937/2937/2937
f 2938/2938/2938 2939/2939/2939 2940/2940/2940
f 2941/2941/2941 2942/2942/2942 2943/2943/2943
f 2944/2944/2944 2945/2945/2945 2946/2946/2946
f 2947/2947/2947 2948/2948/2948 2949/2949/2949
f 2950/2950/2950 2951/2951/2951 2952/2952/2952
f 2953/2953/2953 2954/2954/2954 2955/2955/2955
f 2956/2956/2956 2957/2957/2957 2958/2958/2958
f 2959/2959/2959 2960/2960/2960 2961/2961/2961
f 2962/2962/2962 2963/2963/2963 2964/2964/2964
f 2965/2965/2965 2966/2966/2966 2967/2967/2967
f 2968/2968/2968 2969/2969/2969 2970/2970/2970
f 2971/2971/2971 2972/2972/2972 2973/2973/2973
f 2974/2974/2974 2975/2975/2975 2976/2976/2976
f 2977/2977/2977 2978/2978/2978 2979/2979/2979
f 2980/2980/2980 2981/2981/2981 2982/2982/2982
f 2983/2983/2983 2984/2984/2984 2985/2985/2985
f 2986/2986/2986 2987/2987/2987 2988/2988/2988
f 2989/2989/2989 2990/2990/2990 2991/2991/2991
f 2992/2992/2992 2993/2993/2993 2994/2994/2994
f 2995/2995/2995 2996/2996/2996 2997/2997/2997
f 2998/2998/2998 2999/2999/2999 3000/3000/3000
f 3001/3001/3001 3002/3002/3002 3003/3003/3003
f 3004/3004/3004 3005/3005/3005 3006/3006/3006
f 3007/3007/3007 3008/3008/3008 3009/3009/3009
f 3010/3010/3010 3011/3011/3011 3012/3012/3012
f 3013/3013/3013 3014/3014/3014 3015/3015/3015
f 3016/3016/3016 3017/3017/3017 3018/3018/3018
f 3019/3019/3019 3020/3020/3020 3021/3021/3021
f 3022/3022/3022 3023/3023/3023 3024/3024/3024
f 3025/3025/3025 3026/3026/3026 3027/3027/3027
f 3028/3028/3028 3029/3029/3029 3030/3030/3030
f 3031/3031/3031 3032/3032/3032 3033/3033/3033
f 3034/3034/3034 3035/3035/3035 3036/3036/3036
f 3037/3037/3037 3038/3038/3038 3039/3039/3039
f 3040/3040/3040 3041/3041/3041 3042/3042/3042
f 3043/3043/3043 3044/3044/3044 3045/3045/3045
f 3046/3046/3046 3047/3047/3047 3048/3048/3048
f 3049/3049/3049 3050/3050/3050 3051/3051/3051
f 3052/3052/3052 3053/3053/3053 3054/3054/3054
f 3055/3055/3055 3056/3056/3056 3057/3057/3057
f 3058/3058/3058 3059/3059/3059 3060/3060/3060
f 3061/3061/3061 3062/3062/3062 3063/3063/3063
f 3064/3064/3064 3065/3065/3065 3066/3066/3066
f 3067/3067/3067 3068/3068/3068 3069/3069/3069
f 3070/3070/3070 3071/3071/3071 3072/3072/3072
f 3073/3073/3073 3074/3074/3074 3075/3075/3075
f 3076/3076/3076 3077/3077/3077 3078/3078/3078
f 3079/3079/3079 3080/3080/3080 3081/3081/3081
f 3082/3082/3082 3083/3083/3083 3084/3084/3084
f 3085/3085/3085 3086/3086/3086 3087/3087/3087
f 3088/3088/3088 3089/3089/3089 3090/3090/3090
f 3091/3091/3091 3092/3092/3092 3093/3093/3093
f 3094/3094/3094 3095/3095/3095 3096/3096/3096
f 3097/3097/3097 3098/3098/3098 3099/3099/3099
f 3100/3100/3100 3101/3101/3101 3102/3102/3102
f 3103/3103/3103 3104/3104/3104 3105/3105/3105
f 3106/3106/3106 3107/3107/3107 3108/3108/3108
f 3109/3109/3109 3110/3110/3110 3111/3111/3111
f 3112/3112/3112 3113/3113/3113 3114/3114/3114
f 3115/3115/3115 3116/3116/3116 3117/3117/3117
f 3118/3118/3118 3119/3119/3119 3120/3120/3120
f 3121/3121/3121 3122/3122/3122 3123/3123/3123
f 3124/3124/3124 3125/3125/3125 3126/3126/3126
f 3127/3127/3127 3128/3128/3128 3129/3129/3129
f 3130/3130/3130 3131/3131/3131 3132/3132/3132
f 3133/3133/3133 3134/3134/3134 3135/3135/3135
f 3136/3136/3136 3137/3137/3137 3138/3138/3138
