# Created by Open3D 
# object name: be9888a7a5c34c3c8e6377969ec78741_visual
# number of vertices: 2100
# number of triangles: 700
mtllib banana_be9888a7_visual.mtl
v 0.0245578 -0.00353919 -0.0654789
vn 0.302899 0.392146 -0.868605
v 0.0282095 -0.00569062 -0.0638925
vn 0.790506 0.0597452 -0.609533
v 0.0241342 -0.00481101 -0.0661985
vn 0.272163 0.364355 -0.890602
v 0.0241342 -0.00481101 -0.0661985
vn 0.272163 0.364355 -0.890602
v 0.0282095 -0.00569062 -0.0638925
vn 0.790506 0.0597452 -0.609533
v 0.0241833 -0.00649531 -0.0668318
vn 0.266547 0.0873275 -0.959858
v 0.0241833 -0.00649531 -0.0668318
vn 0.266547 0.0873275 -0.959858
v 0.0282095 -0.00569062 -0.0638925
vn 0.790506 0.0597452 -0.609533
v 0.0245979 -0.00824718 -0.0664738
vn 0.284956 -0.25883 -0.922934
v 0.0245979 -0.00824718 -0.0664738
vn 0.284956 -0.25883 -0.922934
v 0.0282095 -0.00569062 -0.0638925
vn 0.790506 0.0597452 -0.609533
v 0.0258735 -0.00991559 -0.0653773
vn 0.404669 -0.557151 -0.725138
v 0.0258735 -0.00991559 -0.0653773
vn 0.404669 -0.557151 -0.725138
v 0.0282095 -0.00569062 -0.0638925
vn 0.790506 0.0597452 -0.609533
v 0.0275812 -0.010675 -0.063074
vn 0.619936 -0.737592 -0.267649
v 0.0275812 -0.010675 -0.063074
vn 0.619936 -0.737592 -0.267649
v 0.0282095 -0.00569062 -0.0638925
vn 0.790506 0.0597452 -0.609533
v 0.0287394 -0.00952161 -0.0604589
vn 0.791173 -0.608223 0.0641032
v 0.0287394 -0.00952161 -0.0604589
vn 0.791173 -0.608223 0.0641032
v 0.0282095 -0.00569062 -0.0638925
vn 0.790506 0.0597452 -0.609533
v 0.029567 -0.00740601 -0.058961
vn 0.91252 -0.300286 0.277732
v 0.029567 -0.00740601 -0.058961
vn 0.91252 -0.300286 0.277732
v 0.0282095 -0.00569062 -0.0638925
vn 0.790506 0.0597452 -0.609533
v 0.0299068 -0.00510132 -0.0590177
vn 0.954134 0.0370465 0.297078
v 0.0299068 -0.00510132 -0.0590177
vn 0.954134 0.0370465 0.297078
v 0.0282095 -0.00569062 -0.0638925
vn 0.790506 0.0597452 -0.609533
v 0.0298247 -0.00307017 -0.0599985
vn 0.864994 0.501252 0.0230565
v 0.0298247 -0.00307017 -0.0599985
vn 0.864994 0.501252 0.0230565
v 0.0282095 -0.00569062 -0.0638925
vn 0.790506 0.0597452 -0.609533
v 0.0283065 -0.00232054 -0.0611181
vn 0.650395 0.740132 -0.170851
v 0.0283065 -0.00232054 -0.0611181
vn 0.650395 0.740132 -0.170851
v 0.0282095 -0.00569062 -0.0638925
vn 0.790506 0.0597452 -0.609533
v 0.0275774 -0.00184143 -0.0625409
vn 0.651685 0.695904 -0.301701
v 0.0275774 -0.00184143 -0.0625409
vn 0.651685 0.695904 -0.301701
v 0.0282095 -0.00569062 -0.0638925
vn 0.790506 0.0597452 -0.609533
v 0.0265386 -0.00192704 -0.0639876
vn 0.442071 0.630195 -0.6383
v 0.0265386 -0.00192704 -0.0639876
vn 0.442071 0.630195 -0.6383
v 0.0282095 -0.00569062 -0.0638925
vn 0.790506 0.0597452 -0.609533
v 0.0253297 -0.00258748 -0.064776
vn 0.306868 0.480684 -0.821447
v 0.0253297 -0.00258748 -0.064776
vn 0.306868 0.480684 -0.821447
v 0.0282095 -0.00569062 -0.0638925
vn 0.790506 0.0597452 -0.609533
v 0.0245578 -0.00353919 -0.0654789
vn 0.302899 0.392146 -0.868605
v 0.0302509 -0.0108261 0.0664683
vn -0.00317903 -0.484715 0.874666
v 0.033583 -0.00867534 0.0648178
vn 0.641058 0.141578 0.754321
v 0.030222 -0.00913665 0.0668318
vn 0.000968155 0.132065 0.991241
v 0.030222 -0.00913665 0.0668318
vn 0.000968155 0.132065 0.991241
v 0.033583 -0.00867534 0.0648178
vn 0.641058 0.141578 0.754321
v 0.0304464 -0.00775729 0.0657855
vn 0.0980087 0.584592 0.805386
v 0.0304464 -0.00775729 0.0657855
vn 0.0980087 0.584592 0.805386
v 0.033583 -0.00867534 0.0648178
vn 0.641058 0.141578 0.754321
v 0.0304663 -0.00713925 0.0653499
vn 0.0909049 0.629673 0.771523
v 0.0304663 -0.00713925 0.0653499
vn 0.0909049 0.629673 0.771523
v 0.033583 -0.00867534 0.0648178
vn 0.641058 0.141578 0.754321
v 0.0305319 -0.00670463 0.0649181
vn 0.119099 0.750936 0.649546
v 0.0305319 -0.00670463 0.0649181
vn 0.119099 0.750936 0.649546
v 0.033583 -0.00867534 0.0648178
vn 0.641058 0.141578 0.754321
v 0.0309001 -0.00638142 0.0643722
vn 0.214897 0.828175 0.517634
v 0.0309001 -0.00638142 0.0643722
vn 0.214897 0.828175 0.517634
v 0.033583 -0.00867534 0.0648178
vn 0.641058 0.141578 0.754321
v 0.0318044 -0.00618783 0.063458
vn 0.110374 0.793261 0.598795
v 0.0318044 -0.00618783 0.063458
vn 0.110374 0.793261 0.598795
v 0.033583 -0.00867534 0.0648178
vn 0.641058 0.141578 0.754321
v 0.0343398 -0.00509864 0.0625338
vn 0.580073 0.780641 0.232626
v 0.0343398 -0.00509864 0.0625338
vn 0.580073 0.780641 0.232626
v 0.033583 -0.00867534 0.0648178
vn 0.641058 0.141578 0.754321
v 0.0352723 -0.00749256 0.060722
vn 0.820728 0.511333 -0.254842
v 0.0352723 -0.00749256 0.060722
vn 0.820728 0.511333 -0.254842
v 0.033583 -0.00867534 0.0648178
vn 0.641058 0.141578 0.754321
v 0.0359031 -0.00863643 0.0602812
vn 0.83236 0.416353 -0.365825
v 0.0359031 -0.00863643 0.0602812
vn 0.83236 0.416353 -0.365825
v 0.033583 -0.00867534 0.0648178
vn 0.641058 0.141578 0.754321
v 0.0366924 -0.0105332 0.0603967
vn 0.954111 -0.160914 -0.252546
v 0.0366924 -0.0105332 0.0603967
vn 0.954111 -0.160914 -0.252546
v 0.033583 -0.00867534 0.0648178
vn 0.641058 0.141578 0.754321
v 0.0348421 -0.0131499 0.0615038
vn 0.608846 -0.792699 -0.0305739
v 0.0348421 -0.0131499 0.0615038
vn 0.608846 -0.792699 -0.0305739
v 0.033583 -0.00867534 0.0648178
vn 0.641058 0.141578 0.754321
v 0.0318053 -0.0137486 0.0644887
vn 0.284561 -0.75236 0.59412
v 0.0318053 -0.0137486 0.0644887
vn 0.284561 -0.75236 0.59412
v 0.033583 -0.00867534 0.0648178
vn 0.641058 0.141578 0.754321
v 0.0307358 -0.0117518 0.0653091
vn 0.0623443 -0.543423 0.83714
v 0.0307358 -0.0117518 0.0653091
vn 0.0623443 -0.543423 0.83714
v 0.033583 -0.00867534 0.0648178
vn 0.641058 0.141578 0.754321
v 0.0302509 -0.0108261 0.0664683
vn -0.00317903 -0.484715 0.874666
v -0.0358042 0.00552862 -0.00798487
vn -0.966441 0.235326 -0.103023
v -0.0339963 0.0106908 0.00274161
vn -0.753633 0.65455 0.0600061
v -0.0334304 0.011154 -0.00740161
vn -0.74196 0.667857 -0.0588417
v -0.0358042 0.00552862 -0.00798487
vn -0.966441 0.235326 -0.103023
v -0.0363505 0.00498395 0.00207203
vn -0.974999 0.220244 0.0294738
v -0.0339963 0.0106908 0.00274161
vn -0.753633 0.65455 0.0600061
v -0.0334304 0.011154 -0.00740161
vn -0.74196 0.667857 -0.0588417
v -0.0278743 0.0141235 0.00303674
vn -0.296383 0.953003 0.0627942
v -0.0274329 0.0144487 -0.00663988
vn -0.286913 0.95794 -0.00560914
v -0.0334304 0.011154 -0.00740161
vn -0.74196 0.667857 -0.0588417
v -0.0339963 0.0106908 0.00274161
vn -0.753633 0.65455 0.0600061
v -0.0278743 0.0141235 0.00303674
vn -0.296383 0.953003 0.0627942
v -0.0274329 0.0144487 -0.00663988
vn -0.286913 0.95794 -0.00560914
v -0.0206738 0.0146194 0.00302214
vn 0.122918 0.991408 0.0447342
v -0.0203324 0.0149746 -0.00589768
vn 0.133232 0.99068 0.0283163
v -0.0274329 0.0144487 -0.00663988
vn -0.286913 0.95794 -0.00560914
v -0.0278743 0.0141235 0.00303674
vn -0.296383 0.953003 0.0627942
v -0.0206738 0.0146194 0.00302214
vn 0.122918 0.991408 0.0447342
v -0.0203324 0.0149746 -0.00589768
vn 0.133232 0.99068 0.0283163
v -0.0144039 0.0124289 0.0028437
vn 0.450868 0.892267 0.0240237
v -0.0139787 0.0125869 -0.00527969
vn 0.453684 0.889459 0.055077
v -0.0203324 0.0149746 -0.00589768
vn 0.133232 0.99068 0.0283163
v -0.0206738 0.0146194 0.00302214
vn 0.122918 0.991408 0.0447342
v -0.0144039 0.0124289 0.0028437
vn 0.450868 0.892267 0.0240237
v -0.0139787 0.0125869 -0.00527969
vn 0.453684 0.889459 0.055077
v -0.00963506 0.00914471 0.00259832
vn 0.746011 0.665837 0.0113133
v -0.00914585 0.00923275 -0.00488077
vn 0.760745 0.643327 0.0860093
v -0.0139787 0.0125869 -0.00527969
vn 0.453684 0.889459 0.055077
v -0.0144039 0.0124289 0.0028437
vn 0.450868 0.892267 0.0240237
v -0.00963506 0.00914471 0.00259832
vn 0.746011 0.665837 0.0113133
v -0.00914585 0.00923275 -0.00488077
vn 0.760745 0.643327 0.0860093
v -0.00740874 0.00470776 0.00228233
vn 0.94848 0.316208 -0.0199635
v -0.00717313 0.00469042 -0.00485095
vn 0.952041 0.29081 0.0951174
v -0.00914585 0.00923275 -0.00488077
vn 0.760745 0.643327 0.0860093
v -0.00963506 0.00914471 0.00259832
vn 0.746011 0.665837 0.0113133
v -0.00740874 0.00470776 0.00228233
vn 0.94848 0.316208 -0.0199635
v -0.00717313 0.00469042 -0.00485095
vn 0.952041 0.29081 0.0951174
v -0.00658614 0.000171991 0.00194286
vn 0.996151 -0.0818631 -0.0313341
v -0.00633835 0.000202948 -0.00493893
vn 0.991002 -0.0866791 0.101988
v -0.00717313 0.00469042 -0.00485095
vn 0.952041 0.29081 0.0951174
v -0.00740874 0.00470776 0.00228233
vn 0.94848 0.316208 -0.0199635
v -0.00658614 0.000171991 0.00194286
vn 0.996151 -0.0818631 -0.0313341
v -0.00633835 0.000202948 -0.00493893
vn 0.991002 -0.0866791 0.101988
v -0.00817549 -0.00419753 0.00165724
vn 0.872374 -0.487551 -0.0354656
v -0.00792209 -0.00410784 -0.00527099
vn 0.861229 -0.501479 0.0824787
v -0.00633835 0.000202948 -0.00493893
vn 0.991002 -0.0866791 0.101988
v -0.00658614 0.000171991 0.00194286
vn 0.996151 -0.0818631 -0.0313341
v -0.00817549 -0.00419753 0.00165724
vn 0.872374 -0.487551 -0.0354656
v -0.00792209 -0.00410784 -0.00527099
vn 0.861229 -0.501479 0.0824787
v -0.0113425 -0.0081738 0.0014262
vn 0.612706 -0.789016 -0.0452206
v -0.0110939 -0.00802123 -0.00573447
vn 0.60618 -0.793586 0.052603
v -0.00792209 -0.00410784 -0.00527099
vn 0.861229 -0.501479 0.0824787
v -0.00817549 -0.00419753 0.00165724
vn 0.872374 -0.487551 -0.0354656
v -0.0113425 -0.0081738 0.0014262
vn 0.612706 -0.789016 -0.0452206
v -0.0110939 -0.00802123 -0.00573447
vn 0.60618 -0.793586 0.052603
v -0.0168176 -0.0106956 0.00132498
vn 0.244156 -0.968825 -0.0420144
v -0.0165037 -0.0105555 -0.00635876
vn 0.247583 -0.968752 0.0149031
v -0.0110939 -0.00802123 -0.00573447
vn 0.60618 -0.793586 0.052603
v -0.0113425 -0.0081738 0.0014262
vn 0.612706 -0.789016 -0.0452206
v -0.0168176 -0.0106956 0.00132498
vn 0.244156 -0.968825 -0.0420144
v -0.0165037 -0.0105555 -0.00635876
vn 0.247583 -0.968752 0.0149031
v -0.0239218 -0.0112413 0.00133763
vn -0.160814 -0.986659 -0.0253515
v -0.0236017 -0.0111412 -0.00713358
vn -0.158372 -0.987125 -0.0224139
v -0.0165037 -0.0105555 -0.00635876
vn 0.247583 -0.968752 0.0149031
v -0.0168176 -0.0106956 0.00132498
vn 0.244156 -0.968825 -0.0420144
v -0.0239218 -0.0112413 0.00133763
vn -0.160814 -0.986659 -0.0253515
v -0.0236017 -0.0111412 -0.00713358
vn -0.158372 -0.987125 -0.0224139
v -0.031404 -0.00823811 0.00141575
vn -0.590569 -0.806912 -0.011045
v -0.0311051 -0.00806087 -0.00791502
vn -0.596228 -0.800077 -0.0662472
v -0.0236017 -0.0111412 -0.00713358
vn -0.158372 -0.987125 -0.0224139
v -0.0239218 -0.0112413 0.00133763
vn -0.160814 -0.986659 -0.0253515
v -0.031404 -0.00823811 0.00141575
vn -0.590569 -0.806912 -0.011045
v -0.0311051 -0.00806087 -0.00791502
vn -0.596228 -0.800077 -0.0662472
v -0.0366924 -0.00199087 0.0015846
vn -0.94962 -0.313342 0.00620558
v -0.0363274 -0.00166589 -0.00836109
vn -0.95007 -0.290176 -0.114738
v -0.0311051 -0.00806087 -0.00791502
vn -0.596228 -0.800077 -0.0662472
v -0.031404 -0.00823811 0.00141575
vn -0.590569 -0.806912 -0.011045
v -0.0366924 -0.00199087 0.0015846
vn -0.94962 -0.313342 0.00620558
v -0.0363274 -0.00166589 -0.00836109
vn -0.95007 -0.290176 -0.114738
v -0.0363505 0.00498395 0.00207203
vn -0.974999 0.220244 0.0294738
v -0.0358042 0.00552862 -0.00798487
vn -0.966441 0.235326 -0.103023
v -0.0363274 -0.00166589 -0.00836109
vn -0.95007 -0.290176 -0.114738
v -0.0366924 -0.00199087 0.0015846
vn -0.94962 -0.313342 0.00620558
v -0.0363505 0.00498395 0.00207203
vn -0.974999 0.220244 0.0294738
v -0.0239218 -0.0112413 0.00133763
vn -0.160814 -0.986659 -0.0253515
v -0.0305155 -0.00868342 0.0106074
vn -0.579096 -0.81393 0.0465435
v -0.031404 -0.00823811 0.00141575
vn -0.590569 -0.806912 -0.011045
v -0.0239218 -0.0112413 0.00133763
vn -0.160814 -0.986659 -0.0253515
v -0.0231887 -0.0116375 0.00970848
vn -0.16965 -0.984752 -0.0385092
v -0.0305155 -0.00868342 0.0106074
vn -0.579096 -0.81393 0.0465435
v -0.031404 -0.00823811 0.00141575
vn -0.590569 -0.806912 -0.011045
v -0.0358314 -0.00270522 0.0114812
vn -0.93052 -0.341931 0.131204
v -0.0366924 -0.00199087 0.0015846
vn -0.94962 -0.313342 0.00620558
v -0.031404 -0.00823811 0.00141575
vn -0.590569 -0.806912 -0.011045
v -0.0305155 -0.00868342 0.0106074
vn -0.579096 -0.81393 0.0465435
v -0.0358314 -0.00270522 0.0114812
vn -0.93052 -0.341931 0.131204
v -0.0366924 -0.00199087 0.0015846
vn -0.94962 -0.313342 0.00620558
v -0.035608 0.00412418 0.0120435
vn -0.964194 0.205928 0.167101
v -0.0363505 0.00498395 0.00207203
vn -0.974999 0.220244 0.0294738
v -0.0366924 -0.00199087 0.0015846
vn -0.94962 -0.313342 0.00620558
v -0.0358314 -0.00270522 0.0114812
vn -0.93052 -0.341931 0.131204
v -0.035608 0.00412418 0.0120435
vn -0.964194 0.205928 0.167101
v -0.0363505 0.00498395 0.00207203
vn -0.974999 0.220244 0.0294738
v -0.033127 0.00968753 0.0126391
vn -0.746544 0.640741 0.179228
v -0.0339963 0.0106908 0.00274161
vn -0.753633 0.65455 0.0600061
v -0.0363505 0.00498395 0.00207203
vn -0.974999 0.220244 0.0294738
v -0.035608 0.00412418 0.0120435
vn -0.964194 0.205928 0.167101
v -0.033127 0.00968753 0.0126391
vn -0.746544 0.640741 0.179228
v -0.0339963 0.0106908 0.00274161
vn -0.753633 0.65455 0.0600061
v -0.0271747 0.013224 0.0123923
vn -0.319692 0.937532 0.137227
v -0.0278743 0.0141235 0.00303674
vn -0.296383 0.953003 0.0627942
v -0.0339963 0.0106908 0.00274161
vn -0.753633 0.65455 0.0600061
v -0.033127 0.00968753 0.0126391
vn -0.746544 0.640741 0.179228
v -0.0271747 0.013224 0.0123923
vn -0.319692 0.937532 0.137227
v -0.0278743 0.0141235 0.00303674
vn -0.296383 0.953003 0.0627942
v -0.0201528 0.0140755 0.0117056
vn 0.0905245 0.993817 0.0642831
v -0.0206738 0.0146194 0.00302214
vn 0.122918 0.991408 0.0447342
v -0.0278743 0.0141235 0.00303674
vn -0.296383 0.953003 0.0627942
v -0.0271747 0.013224 0.0123923
vn -0.319692 0.937532 0.137227
v -0.0201528 0.0140755 0.0117056
vn 0.0905245 0.993817 0.0642831
v -0.0206738 0.0146194 0.00302214
vn 0.122918 0.991408 0.0447342
v -0.0139197 0.0121605 0.0108344
vn 0.434327 0.90075 -0.0029427
v -0.0144039 0.0124289 0.0028437
vn 0.450868 0.892267 0.0240237
v -0.0206738 0.0146194 0.00302214
vn 0.122918 0.991408 0.0447342
v -0.0201528 0.0140755 0.0117056
vn 0.0905245 0.993817 0.0642831
v -0.0139197 0.0121605 0.0108344
vn 0.434327 0.90075 -0.0029427
v -0.0144039 0.0124289 0.0028437
vn 0.450868 0.892267 0.0240237
v -0.00921797 0.00891941 0.0100038
vn 0.721402 0.69017 -0.0569642
v -0.00963506 0.00914471 0.00259832
vn 0.746011 0.665837 0.0113133
v -0.0144039 0.0124289 0.0028437
vn 0.450868 0.892267 0.0240237
v -0.0139197 0.0121605 0.0108344
vn 0.434327 0.90075 -0.0029427
v -0.00921797 0.00891941 0.0100038
vn 0.721402 0.69017 -0.0569642
v -0.00963506 0.00914471 0.00259832
vn 0.746011 0.665837 0.0113133
v -0.00677046 0.00458638 0.00931308
vn 0.926856 0.353055 -0.127629
v -0.00740874 0.00470776 0.00228233
vn 0.94848 0.316208 -0.0199635
v -0.00963506 0.00914471 0.00259832
vn 0.746011 0.665837 0.0113133
v -0.00921797 0.00891941 0.0100038
vn 0.721402 0.69017 -0.0569642
v -0.00677046 0.00458638 0.00931308
vn 0.926856 0.353055 -0.127629
v -0.00740874 0.00470776 0.00228233
vn 0.94848 0.316208 -0.0199635
v -0.00592887 2.60608e-05 0.00876084
vn 0.984355 -0.0670695 -0.162934
v -0.00658614 0.000171991 0.00194286
vn 0.996151 -0.0818631 -0.0313341
v -0.00740874 0.00470776 0.00228233
vn 0.94848 0.316208 -0.0199635
v -0.00677046 0.00458638 0.00931308
vn 0.926856 0.353055 -0.127629
v -0.00592887 2.60608e-05 0.00876084
vn 0.984355 -0.0670695 -0.162934
v -0.00658614 0.000171991 0.00194286
vn 0.996151 -0.0818631 -0.0313341
v -0.0075528 -0.00439871 0.00854211
vn 0.865732 -0.473404 -0.16247
v -0.00817549 -0.00419753 0.00165724
vn 0.872374 -0.487551 -0.0354656
v -0.00658614 0.000171991 0.00194286
vn 0.996151 -0.0818631 -0.0313341
v -0.00592887 2.60608e-05 0.00876084
vn 0.984355 -0.0670695 -0.162934
v -0.0075528 -0.00439871 0.00854211
vn 0.865732 -0.473404 -0.16247
v -0.00817549 -0.00419753 0.00165724
vn 0.872374 -0.487551 -0.0354656
v -0.010654 -0.00848771 0.00854091
vn 0.617106 -0.775394 -0.133959
v -0.0113425 -0.0081738 0.0014262
vn 0.612706 -0.789016 -0.0452206
v -0.00817549 -0.00419753 0.00165724
vn 0.872374 -0.487551 -0.0354656
v -0.0075528 -0.00439871 0.00854211
vn 0.865732 -0.473404 -0.16247
v -0.010654 -0.00848771 0.00854091
vn 0.617106 -0.775394 -0.133959
v -0.0113425 -0.0081738 0.0014262
vn 0.612706 -0.789016 -0.0452206
v -0.0160988 -0.0111352 0.00896121
vn 0.2466 -0.964597 -0.0934894
v -0.0168176 -0.0106956 0.00132498
vn 0.244156 -0.968825 -0.0420144
v -0.0113425 -0.0081738 0.0014262
vn 0.612706 -0.789016 -0.0452206
v -0.010654 -0.00848771 0.00854091
vn 0.617106 -0.775394 -0.133959
v -0.0160988 -0.0111352 0.00896121
vn 0.2466 -0.964597 -0.0934894
v -0.0168176 -0.0106956 0.00132498
vn 0.244156 -0.968825 -0.0420144
v -0.0231887 -0.0116375 0.00970848
vn -0.16965 -0.984752 -0.0385092
v -0.0239218 -0.0112413 0.00133763
vn -0.160814 -0.986659 -0.0253515
v -0.0168176 -0.0106956 0.00132498
vn 0.244156 -0.968825 -0.0420144
v -0.0160988 -0.0111352 0.00896121
vn 0.2466 -0.964597 -0.0934894
v -0.0231887 -0.0116375 0.00970848
vn -0.16965 -0.984752 -0.0385092
v -0.0358314 -0.00270522 0.0114812
vn -0.93052 -0.341931 0.131204
v -0.0333987 0.0029828 0.0214408
vn -0.940997 0.157259 0.299657
v -0.035608 0.00412418 0.0120435
vn -0.964194 0.205928 0.167101
v -0.0358314 -0.00270522 0.0114812
vn -0.93052 -0.341931 0.131204
v -0.0333056 -0.0036271 0.0209261
vn -0.889894 -0.376242 0.257934
v -0.0333987 0.0029828 0.0214408
vn -0.940997 0.157259 0.299657
v -0.035608 0.00412418 0.0120435
vn -0.964194 0.205928 0.167101
v -0.0311167 0.00860581 0.0217978
vn -0.738789 0.610967 0.284447
v -0.033127 0.00968753 0.0126391
vn -0.746544 0.640741 0.179228
v -0.035608 0.00412418 0.0120435
vn -0.964194 0.205928 0.167101
v -0.0333987 0.0029828 0.0214408
vn -0.940997 0.157259 0.299657
v -0.0311167 0.00860581 0.0217978
vn -0.738789 0.610967 0.284447
v -0.033127 0.00968753 0.0126391
vn -0.746544 0.640741 0.179228
v -0.0255102 0.0122342 0.0212378
vn -0.339089 0.918906 0.201571
v -0.0271747 0.013224 0.0123923
vn -0.319692 0.937532 0.137227
v -0.033127 0.00968753 0.0126391
vn -0.746544 0.640741 0.179228
v -0.0311167 0.00860581 0.0217978
vn -0.738789 0.610967 0.284447
v -0.0255102 0.0122342 0.0212378
vn -0.339089 0.918906 0.201571
v -0.0271747 0.013224 0.0123923
vn -0.319692 0.937532 0.137227
v -0.0187536 0.013391 0.0200802
vn 0.0597291 0.994351 0.0877405
v -0.0201528 0.0140755 0.0117056
vn 0.0905245 0.993817 0.0642831
v -0.0271747 0.013224 0.0123923
vn -0.319692 0.937532 0.137227
v -0.0255102 0.0122342 0.0212378
vn -0.339089 0.918906 0.201571
v -0.0187536 0.013391 0.0200802
vn 0.0597291 0.994351 0.0877405
v -0.0201528 0.0140755 0.0117056
vn 0.0905245 0.993817 0.0642831
v -0.0126189 0.0116992 0.0186265
vn 0.414036 0.90994 -0.0241448
v -0.0139197 0.0121605 0.0108344
vn 0.434327 0.90075 -0.0029427
v -0.0201528 0.0140755 0.0117056
vn 0.0905245 0.993817 0.0642831
v -0.0187536 0.013391 0.0200802
vn 0.0597291 0.994351 0.0877405
v -0.0126189 0.0116992 0.0186265
vn 0.414036 0.90994 -0.0241448
v -0.0139197 0.0121605 0.0108344
vn 0.434327 0.90075 -0.0029427
v -0.00802842 0.00849361 0.0172764
vn 0.684097 0.719996 -0.116692
v -0.00921797 0.00891941 0.0100038
vn 0.721402 0.69017 -0.0569642
v -0.0139197 0.0121605 0.0108344
vn 0.434327 0.90075 -0.0029427
v -0.0126189 0.0116992 0.0186265
vn 0.414036 0.90994 -0.0241448
v -0.00802842 0.00849361 0.0172764
vn 0.684097 0.719996 -0.116692
v -0.00921797 0.00891941 0.0100038
vn 0.721402 0.69017 -0.0569642
v -0.00529596 0.00435174 0.0161798
vn 0.888164 0.403601 -0.219706
v -0.00677046 0.00458638 0.00931308
vn 0.926856 0.353055 -0.127629
v -0.00921797 0.00891941 0.0100038
vn 0.721402 0.69017 -0.0569642
v -0.00802842 0.00849361 0.0172764
vn 0.684097 0.719996 -0.116692
v -0.00529596 0.00435174 0.0161798
vn 0.888164 0.403601 -0.219706
v -0.00677046 0.00458638 0.00931308
vn 0.926856 0.353055 -0.127629
v -0.0044257 -0.000215332 0.0154499
vn 0.959145 -0.0317666 -0.281128
v -0.00592887 2.60608e-05 0.00876084
vn 0.984355 -0.0670695 -0.162934
v -0.00677046 0.00458638 0.00931308
vn 0.926856 0.353055 -0.127629
v -0.00529596 0.00435174 0.0161798
vn 0.888164 0.403601 -0.219706
v -0.0044257 -0.000215332 0.0154499
vn 0.959145 -0.0317666 -0.281128
v -0.00592887 2.60608e-05 0.00876084
vn 0.984355 -0.0670695 -0.162934
v -0.00589993 -0.00476205 0.0152777
vn 0.845425 -0.450131 -0.287471
v -0.0075528 -0.00439871 0.00854211
vn 0.865732 -0.473404 -0.16247
v -0.00592887 2.60608e-05 0.00876084
vn 0.984355 -0.0670695 -0.162934
v -0.0044257 -0.000215332 0.0154499
vn 0.959145 -0.0317666 -0.281128
v -0.00589993 -0.00476205 0.0152777
vn 0.845425 -0.450131 -0.287471
v -0.0075528 -0.00439871 0.00854211
vn 0.865732 -0.473404 -0.16247
v -0.00906774 -0.00888799 0.0155488
vn 0.588533 -0.773369 -0.235648
v -0.010654 -0.00848771 0.00854091
vn 0.617106 -0.775394 -0.133959
v -0.0075528 -0.00439871 0.00854211
vn 0.865732 -0.473404 -0.16247
v -0.00589993 -0.00476205 0.0152777
vn 0.845425 -0.450131 -0.287471
v -0.00906774 -0.00888799 0.0155488
vn 0.588533 -0.773369 -0.235648
v -0.010654 -0.00848771 0.00854091
vn 0.617106 -0.775394 -0.133959
v -0.0145096 -0.0115195 0.0165315
vn 0.246797 -0.960025 -0.132076
v -0.0160988 -0.0111352 0.00896121
vn 0.2466 -0.964597 -0.0934894
v -0.010654 -0.00848771 0.00854091
vn 0.617106 -0.775394 -0.133959
v -0.00906774 -0.00888799 0.0155488
vn 0.588533 -0.773369 -0.235648
v -0.0145096 -0.0115195 0.0165315
vn 0.246797 -0.960025 -0.132076
v -0.0160988 -0.0111352 0.00896121
vn 0.2466 -0.964597 -0.0934894
v -0.0214336 -0.0123481 0.0179373
vn -0.158327 -0.98711 -0.023355
v -0.0231887 -0.0116375 0.00970848
vn -0.16965 -0.984752 -0.0385092
v -0.0160988 -0.0111352 0.00896121
vn 0.2466 -0.964597 -0.0934894
v -0.0145096 -0.0115195 0.0165315
vn 0.246797 -0.960025 -0.132076
v -0.0214336 -0.0123481 0.0179373
vn -0.158327 -0.98711 -0.023355
v -0.0231887 -0.0116375 0.00970848
vn -0.16965 -0.984752 -0.0385092
v -0.0283872 -0.00938361 0.0195663
vn -0.57738 -0.808516 0.113726
v -0.0305155 -0.00868342 0.0106074
vn -0.579096 -0.81393 0.0465435
v -0.0231887 -0.0116375 0.00970848
vn -0.16965 -0.984752 -0.0385092
v -0.0214336 -0.0123481 0.0179373
vn -0.158327 -0.98711 -0.023355
v -0.0283872 -0.00938361 0.0195663
vn -0.57738 -0.808516 0.113726
v -0.0305155 -0.00868342 0.0106074
vn -0.579096 -0.81393 0.0465435
v -0.0333056 -0.0036271 0.0209261
vn -0.889894 -0.376242 0.257934
v -0.0358314 -0.00270522 0.0114812
vn -0.93052 -0.341931 0.131204
v -0.0305155 -0.00868342 0.0106074
vn -0.579096 -0.81393 0.0465435
v -0.0283872 -0.00938361 0.0195663
vn -0.57738 -0.808516 0.113726
v -0.0333056 -0.0036271 0.0209261
vn -0.889894 -0.376242 0.257934
v -0.0333056 -0.0036271 0.0209261
vn -0.889894 -0.376242 0.257934
v -0.0301546 0.00160821 0.0304355
vn -0.898849 0.0743374 0.431908
v -0.0333987 0.0029828 0.0214408
vn -0.940997 0.157259 0.299657
v -0.0333056 -0.0036271 0.0209261
vn -0.889894 -0.376242 0.257934
v -0.0293867 -0.00464593 0.029762
vn -0.828426 -0.418895 0.371804
v -0.0301546 0.00160821 0.0304355
vn -0.898849 0.0743374 0.431908
v -0.0333987 0.0029828 0.0214408
vn -0.940997 0.157259 0.299657
v -0.0282301 0.00724659 0.0305955
vn -0.71857 0.561006 0.411011
v -0.0311167 0.00860581 0.0217978
vn -0.738789 0.610967 0.284447
v -0.0333987 0.0029828 0.0214408
vn -0.940997 0.157259 0.299657
v -0.0301546 0.00160821 0.0304355
vn -0.898849 0.0743374 0.431908
v -0.0282301 0.00724659 0.0305955
vn -0.71857 0.561006 0.411011
v -0.0311167 0.00860581 0.0217978
vn -0.738789 0.610967 0.284447
v -0.0229612 0.0109794 0.029692
vn -0.340212 0.890843 0.301088
v -0.0255102 0.0122342 0.0212378
vn -0.339089 0.918906 0.201571
v -0.0311167 0.00860581 0.0217978
vn -0.738789 0.610967 0.284447
v -0.0282301 0.00724659 0.0305955
vn -0.71857 0.561006 0.411011
v -0.0229612 0.0109794 0.029692
vn -0.340212 0.890843 0.301088
v -0.0255102 0.0122342 0.0212378
vn -0.339089 0.918906 0.201571
v -0.0165151 0.0124391 0.0281583
vn 0.040004 0.985769 0.163278
v -0.0187536 0.013391 0.0200802
vn 0.0597291 0.994351 0.0877405
v -0.0255102 0.0122342 0.0212378
vn -0.339089 0.918906 0.201571
v -0.0229612 0.0109794 0.029692
vn -0.340212 0.890843 0.301088
v -0.0165151 0.0124391 0.0281583
vn 0.040004 0.985769 0.163278
v -0.0187536 0.013391 0.0200802
vn 0.0597291 0.994351 0.0877405
v -0.0105207 0.0110178 0.0261846
vn 0.388992 0.92124 0.00169269
v -0.0126189 0.0116992 0.0186265
vn 0.414036 0.90994 -0.0241448
v -0.0187536 0.013391 0.0200802
vn 0.0597291 0.994351 0.0877405
v -0.0165151 0.0124391 0.0281583
vn 0.040004 0.985769 0.163278
v -0.0105207 0.0110178 0.0261846
vn 0.388992 0.92124 0.00169269
v -0.0126189 0.0116992 0.0186265
vn 0.414036 0.90994 -0.0241448
v -0.00595706 0.00801191 0.024335
vn 0.639799 0.755011 -0.143584
v -0.00802842 0.00849361 0.0172764
vn 0.684097 0.719996 -0.116692
v -0.0126189 0.0116992 0.0186265
vn 0.414036 0.90994 -0.0241448
v -0.0105207 0.0110178 0.0261846
vn 0.388992 0.92124 0.00169269
v -0.00595706 0.00801191 0.024335
vn 0.639799 0.755011 -0.143584
v -0.00802842 0.00849361 0.0172764
vn 0.684097 0.719996 -0.116692
v -0.00308297 0.00402414 0.0228395
vn 0.841695 0.452263 -0.294971
v -0.00529596 0.00435174 0.0161798
vn 0.888164 0.403601 -0.219706
v -0.00802842 0.00849361 0.0172764
vn 0.684097 0.719996 -0.116692
v -0.00595706 0.00801191 0.024335
vn 0.639799 0.755011 -0.143584
v -0.00308297 0.00402414 0.0228395
vn 0.841695 0.452263 -0.294971
v -0.00529596 0.00435174 0.0161798
vn 0.888164 0.403601 -0.219706
v -0.00212439 -0.000557226 0.0218927
vn 0.92562 0.0065528 -0.378397
v -0.0044257 -0.000215332 0.0154499
vn 0.959145 -0.0317666 -0.281128
v -0.00529596 0.00435174 0.0161798
vn 0.888164 0.403601 -0.219706
v -0.00308297 0.00402414 0.0228395
vn 0.841695 0.452263 -0.294971
v -0.00212439 -0.000557226 0.0218927
vn 0.92562 0.0065528 -0.378397
v -0.0044257 -0.000215332 0.0154499
vn 0.959145 -0.0317666 -0.281128
v -0.00348771 -0.00521972 0.021775
vn 0.825514 -0.414355 -0.383191
v -0.00589993 -0.00476205 0.0152777
vn 0.845425 -0.450131 -0.287471
v -0.0044257 -0.000215332 0.0154499
vn 0.959145 -0.0317666 -0.281128
v -0.00212439 -0.000557226 0.0218927
vn 0.92562 0.0065528 -0.378397
v -0.00348771 -0.00521972 0.021775
vn 0.825514 -0.414355 -0.383191
v -0.00589993 -0.00476205 0.0152777
vn 0.845425 -0.450131 -0.287471
v -0.00650303 -0.00953405 0.0222747
vn 0.56553 -0.765754 -0.306263
v -0.00906774 -0.00888799 0.0155488
vn 0.588533 -0.773369 -0.235648
v -0.00589993 -0.00476205 0.0152777
vn 0.845425 -0.450131 -0.287471
v -0.00348771 -0.00521972 0.021775
vn 0.825514 -0.414355 -0.383191
v -0.00650303 -0.00953405 0.0222747
vn 0.56553 -0.765754 -0.306263
v -0.00906774 -0.00888799 0.0155488
vn 0.588533 -0.773369 -0.235648
v -0.0118573 -0.012134 0.0237999
vn 0.21963 -0.963392 -0.153747
v -0.0145096 -0.0115195 0.0165315
vn 0.246797 -0.960025 -0.132076
v -0.00906774 -0.00888799 0.0155488
vn 0.588533 -0.773369 -0.235648
v -0.00650303 -0.00953405 0.0222747
vn 0.56553 -0.765754 -0.306263
v -0.0118573 -0.012134 0.0237999
vn 0.21963 -0.963392 -0.153747
v -0.0145096 -0.0115195 0.0165315
vn 0.246797 -0.960025 -0.132076
v -0.0185085 -0.0127973 0.0259159
vn -0.139499 -0.989959 0.0228216
v -0.0214336 -0.0123481 0.0179373
vn -0.158327 -0.98711 -0.023355
v -0.0145096 -0.0115195 0.0165315
vn 0.246797 -0.960025 -0.132076
v -0.0118573 -0.012134 0.0237999
vn 0.21963 -0.963392 -0.153747
v -0.0185085 -0.0127973 0.0259159
vn -0.139499 -0.989959 0.0228216
v -0.0214336 -0.0123481 0.0179373
vn -0.158327 -0.98711 -0.023355
v -0.0250984 -0.010144 0.0281617
vn -0.547781 -0.809514 0.211244
v -0.0283872 -0.00938361 0.0195663
vn -0.57738 -0.808516 0.113726
v -0.0214336 -0.0123481 0.0179373
vn -0.158327 -0.98711 -0.023355
v -0.0185085 -0.0127973 0.0259159
vn -0.139499 -0.989959 0.0228216
v -0.0250984 -0.010144 0.0281617
vn -0.547781 -0.809514 0.211244
v -0.0283872 -0.00938361 0.0195663
vn -0.57738 -0.808516 0.113726
v -0.0293867 -0.00464593 0.029762
vn -0.828426 -0.418895 0.371804
v -0.0333056 -0.0036271 0.0209261
vn -0.889894 -0.376242 0.257934
v -0.0283872 -0.00938361 0.0195663
vn -0.57738 -0.808516 0.113726
v -0.0250984 -0.010144 0.0281617
vn -0.547781 -0.809514 0.211244
v -0.0293867 -0.00464593 0.029762
vn -0.828426 -0.418895 0.371804
v -0.0358042 0.00552862 -0.00798487
vn -0.966441 0.235326 -0.103023
v -0.0344325 -0.00151611 -0.0180854
vn -0.929021 -0.280842 -0.240929
v -0.0363274 -0.00166589 -0.00836109
vn -0.95007 -0.290176 -0.114738
v -0.0358042 0.00552862 -0.00798487
vn -0.966441 0.235326 -0.103023
v -0.0341421 0.0059529 -0.0174792
vn -0.943971 0.23445 -0.232275
v -0.0344325 -0.00151611 -0.0180854
vn -0.929021 -0.280842 -0.240929
v -0.0363274 -0.00166589 -0.00836109
vn -0.95007 -0.290176 -0.114738
v -0.0295444 -0.00813321 -0.0172544
vn -0.596709 -0.787844 -0.152449
v -0.0311051 -0.00806087 -0.00791502
vn -0.596228 -0.800077 -0.0662472
v -0.0363274 -0.00166589 -0.00836109
vn -0.95007 -0.290176 -0.114738
v -0.0344325 -0.00151611 -0.0180854
vn -0.929021 -0.280842 -0.240929
v -0.0295444 -0.00813321 -0.0172544
vn -0.596709 -0.787844 -0.152449
v -0.0311051 -0.00806087 -0.00791502
vn -0.596228 -0.800077 -0.0662472
v -0.0221577 -0.0111744 -0.0156492
vn -0.153603 -0.987668 -0.0303005
v -0.0236017 -0.0111412 -0.00713358
vn -0.158372 -0.987125 -0.0224139
v -0.0311051 -0.00806087 -0.00791502
vn -0.596228 -0.800077 -0.0662472
v -0.0295444 -0.00813321 -0.0172544
vn -0.596709 -0.787844 -0.152449
v -0.0221577 -0.0111744 -0.0156492
vn -0.153603 -0.987668 -0.0303005
v -0.0236017 -0.0111412 -0.00713358
vn -0.158372 -0.987125 -0.0224139
v -0.0152239 -0.0104972 -0.0141252
vn 0.240339 -0.968369 0.0670742
v -0.0165037 -0.0105555 -0.00635876
vn 0.247583 -0.968752 0.0149031
v -0.0236017 -0.0111412 -0.00713358
vn -0.158372 -0.987125 -0.0224139
v -0.0221577 -0.0111744 -0.0156492
vn -0.153603 -0.987668 -0.0303005
v -0.0152239 -0.0104972 -0.0141252
vn 0.240339 -0.968369 0.0670742
v -0.0165037 -0.0105555 -0.00635876
vn 0.247583 -0.968752 0.0149031
v -0.0099176 -0.00803747 -0.0129586
vn 0.588584 -0.794877 0.147446
v -0.0110939 -0.00802123 -0.00573447
vn 0.60618 -0.793586 0.052603
v -0.0165037 -0.0105555 -0.00635876
vn 0.247583 -0.968752 0.0149031
v -0.0152239 -0.0104972 -0.0141252
vn 0.240339 -0.968369 0.0670742
v -0.0099176 -0.00803747 -0.0129586
vn 0.588584 -0.794877 0.147446
v -0.0110939 -0.00802123 -0.00573447
vn 0.60618 -0.793586 0.052603
v -0.00684319 -0.00415941 -0.0122798
vn 0.833417 -0.514761 0.201092
v -0.00792209 -0.00410784 -0.00527099
vn 0.861229 -0.501479 0.0824787
v -0.0110939 -0.00802123 -0.00573447
vn 0.60618 -0.793586 0.052603
v -0.0099176 -0.00803747 -0.0129586
vn 0.588584 -0.794877 0.147446
v -0.00684319 -0.00415941 -0.0122798
vn 0.833417 -0.514761 0.201092
v -0.00792209 -0.00410784 -0.00527099
vn 0.861229 -0.501479 0.0824787
v -0.00516167 5.8129e-05 -0.0118693
vn 0.967204 -0.102943 0.232204
v -0.00633835 0.000202948 -0.00493893
vn 0.991002 -0.0866791 0.101988
v -0.00792209 -0.00410784 -0.00527099
vn 0.861229 -0.501479 0.0824787
v -0.00684319 -0.00415941 -0.0122798
vn 0.833417 -0.514761 0.201092
v -0.00516167 5.8129e-05 -0.0118693
vn 0.967204 -0.102943 0.232204
v -0.00633835 0.000202948 -0.00493893
vn 0.991002 -0.0866791 0.101988
v -0.00594675 0.00451675 -0.0120047
vn 0.934721 0.278627 0.220597
v -0.00717313 0.00469042 -0.00485095
vn 0.952041 0.29081 0.0951174
v -0.00633835 0.000202948 -0.00493893
vn 0.991002 -0.0866791 0.101988
v -0.00516167 5.8129e-05 -0.0118693
vn 0.967204 -0.102943 0.232204
v -0.00594675 0.00451675 -0.0120047
vn 0.934721 0.278627 0.220597
v -0.00717313 0.00469042 -0.00485095
vn 0.952041 0.29081 0.0951174
v -0.00779897 0.00907481 -0.0123602
vn 0.756783 0.628464 0.179755
v -0.00914585 0.00923275 -0.00488077
vn 0.760745 0.643327 0.0860093
v -0.00717313 0.00469042 -0.00485095
vn 0.952041 0.29081 0.0951174
v -0.00594675 0.00451675 -0.0120047
vn 0.934721 0.278627 0.220597
v -0.00779897 0.00907481 -0.0123602
vn 0.756783 0.628464 0.179755
v -0.00914585 0.00923275 -0.00488077
vn 0.760745 0.643327 0.0860093
v -0.0126059 0.0125818 -0.0134343
vn 0.432534 0.896779 0.0932824
v -0.0139787 0.0125869 -0.00527969
vn 0.453684 0.889459 0.055077
v -0.00914585 0.00923275 -0.00488077
vn 0.760745 0.643327 0.0860093
v -0.00779897 0.00907481 -0.0123602
vn 0.756783 0.628464 0.179755
v -0.0126059 0.0125818 -0.0134343
vn 0.432534 0.896779 0.0932824
v -0.0139787 0.0125869 -0.00527969
vn 0.453684 0.889459 0.055077
v -0.0194222 0.0149966 -0.0150351
vn 0.122616 0.992452 0.00192419
v -0.0203324 0.0149746 -0.00589768
vn 0.133232 0.99068 0.0283163
v -0.0139787 0.0125869 -0.00527969
vn 0.453684 0.889459 0.055077
v -0.0126059 0.0125818 -0.0134343
vn 0.432534 0.896779 0.0932824
v -0.0194222 0.0149966 -0.0150351
vn 0.122616 0.992452 0.00192419
v -0.0203324 0.0149746 -0.00589768
vn 0.133232 0.99068 0.0283163
v -0.0260997 0.0144928 -0.0165
vn -0.272279 0.958413 -0.0854889
v -0.0274329 0.0144487 -0.00663988
vn -0.286913 0.95794 -0.00560914
v -0.0203324 0.0149746 -0.00589768
vn 0.133232 0.99068 0.0283163
v -0.0194222 0.0149966 -0.0150351
vn 0.122616 0.992452 0.00192419
v -0.0260997 0.0144928 -0.0165
vn -0.272279 0.958413 -0.0854889
v -0.0274329 0.0144487 -0.00663988
vn -0.286913 0.95794 -0.00560914
v -0.0317384 0.011457 -0.0171752
vn -0.717755 0.672711 -0.179688
v -0.0334304 0.011154 -0.00740161
vn -0.74196 0.667857 -0.0588417
v -0.0274329 0.0144487 -0.00663988
vn -0.286913 0.95794 -0.00560914
v -0.0260997 0.0144928 -0.0165
vn -0.272279 0.958413 -0.0854889
v -0.0317384 0.011457 -0.0171752
vn -0.717755 0.672711 -0.179688
v -0.0334304 0.011154 -0.00740161
vn -0.74196 0.667857 -0.0588417
v -0.0341421 0.0059529 -0.0174792
vn -0.943971 0.23445 -0.232275
v -0.0358042 0.00552862 -0.00798487
vn -0.966441 0.235326 -0.103023
v -0.0334304 0.011154 -0.00740161
vn -0.74196 0.667857 -0.0588417
v -0.0317384 0.011457 -0.0171752
vn -0.717755 0.672711 -0.179688
v -0.0341421 0.0059529 -0.0174792
vn -0.943971 0.23445 -0.232275
v -0.0344325 -0.00151611 -0.0180854
vn -0.929021 -0.280842 -0.240929
v -0.026373 -0.00815223 -0.0264928
vn -0.579044 -0.787474 -0.211172
v -0.0295444 -0.00813321 -0.0172544
vn -0.596709 -0.787844 -0.152449
v -0.0344325 -0.00151611 -0.0180854
vn -0.929021 -0.280842 -0.240929
v -0.0311949 -0.00169793 -0.0280429
vn -0.890732 -0.28004 -0.358013
v -0.026373 -0.00815223 -0.0264928
vn -0.579044 -0.787474 -0.211172
v -0.0295444 -0.00813321 -0.0172544
vn -0.596709 -0.787844 -0.152449
v -0.0194458 -0.0112185 -0.0240923
vn -0.166313 -0.985381 -0.0369385
v -0.0221577 -0.0111744 -0.0156492
vn -0.153603 -0.987668 -0.0303005
v -0.0295444 -0.00813321 -0.0172544
vn -0.596709 -0.787844 -0.152449
v -0.026373 -0.00815223 -0.0264928
vn -0.579044 -0.787474 -0.211172
v -0.0194458 -0.0112185 -0.0240923
vn -0.166313 -0.985381 -0.0369385
v -0.0221577 -0.0111744 -0.0156492
vn -0.153603 -0.987668 -0.0303005
v -0.012848 -0.0106935 -0.0218412
vn 0.215192 -0.968705 0.123706
v -0.0152239 -0.0104972 -0.0141252
vn 0.240339 -0.968369 0.0670742
v -0.0221577 -0.0111744 -0.0156492
vn -0.153603 -0.987668 -0.0303005
v -0.0194458 -0.0112185 -0.0240923
vn -0.166313 -0.985381 -0.0369385
v -0.012848 -0.0106935 -0.0218412
vn 0.215192 -0.968705 0.123706
v -0.0152239 -0.0104972 -0.0141252
vn 0.240339 -0.968369 0.0670742
v -0.00776101 -0.00826316 -0.0201597
vn 0.553317 -0.794222 0.251101
v -0.0099176 -0.00803747 -0.0129586
vn 0.588584 -0.794877 0.147446
v -0.0152239 -0.0104972 -0.0141252
vn 0.240339 -0.968369 0.0670742
v -0.012848 -0.0106935 -0.0218412
vn 0.215192 -0.968705 0.123706
v -0.00776101 -0.00826316 -0.0201597
vn 0.553317 -0.794222 0.251101
v -0.0099176 -0.00803747 -0.0129586
vn 0.588584 -0.794877 0.147446
v -0.00478323 -0.00441374 -0.0192605
vn 0.78708 -0.520013 0.331801
v -0.00684319 -0.00415941 -0.0122798
vn 0.833417 -0.514761 0.201092
v -0.0099176 -0.00803747 -0.0129586
vn 0.588584 -0.794877 0.147446
v -0.00776101 -0.00826316 -0.0201597
vn 0.553317 -0.794222 0.251101
v -0.00478323 -0.00441374 -0.0192605
vn 0.78708 -0.520013 0.331801
v -0.00684319 -0.00415941 -0.0122798
vn 0.833417 -0.514761 0.201092
v -0.0030262 -0.00026546 -0.0187356
vn 0.922417 -0.119406 0.367273
v -0.00516167 5.8129e-05 -0.0118693
vn 0.967204 -0.102943 0.232204
v -0.00684319 -0.00415941 -0.0122798
vn 0.833417 -0.514761 0.201092
v -0.00478323 -0.00441374 -0.0192605
vn 0.78708 -0.520013 0.331801
v -0.0030262 -0.00026546 -0.0187356
vn 0.922417 -0.119406 0.367273
v -0.00516167 5.8129e-05 -0.0118693
vn 0.967204 -0.102943 0.232204
v -0.00371916 0.00416094 -0.0190879
vn 0.901334 0.256288 0.349161
v -0.00594675 0.00451675 -0.0120047
vn 0.934721 0.278627 0.220597
v -0.00516167 5.8129e-05 -0.0118693
vn 0.967204 -0.102943 0.232204
v -0.0030262 -0.00026546 -0.0187356
vn 0.922417 -0.119406 0.367273
v -0.00371916 0.00416094 -0.0190879
vn 0.901334 0.256288 0.349161
v -0.00594675 0.00451675 -0.0120047
vn 0.934721 0.278627 0.220597
v -0.00527669 0.0087653 -0.0196919
vn 0.746255 0.604436 0.278857
v -0.00779897 0.00907481 -0.0123602
vn 0.756783 0.628464 0.179755
v -0.00594675 0.00451675 -0.0120047
vn 0.934721 0.278627 0.220597
v -0.00371916 0.00416094 -0.0190879
vn 0.901334 0.256288 0.349161
v -0.00527669 0.0087653 -0.0196919
vn 0.746255 0.604436 0.278857
v -0.00779897 0.00907481 -0.0123602
vn 0.756783 0.628464 0.179755
v -0.00987168 0.012497 -0.0213919
vn 0.411981 0.901809 0.13043
v -0.0126059 0.0125818 -0.0134343
vn 0.432534 0.896779 0.0932824
v -0.00779897 0.00907481 -0.0123602
vn 0.756783 0.628464 0.179755
v -0.00527669 0.0087653 -0.0196919
vn 0.746255 0.604436 0.278857
v -0.00987168 0.012497 -0.0213919
vn 0.411981 0.901809 0.13043
v -0.0126059 0.0125818 -0.0134343
vn 0.432534 0.896779 0.0932824
v -0.0185401 0.015 -0.0245644
vn 0.00521658 0.999666 -0.025295
v -0.0194222 0.0149966 -0.0150351
vn 0.122616 0.992452 0.00192419
v -0.0126059 0.0125818 -0.0134343
vn 0.432534 0.896779 0.0932824
v -0.00987168 0.012497 -0.0213919
vn 0.411981 0.901809 0.13043
v -0.0185401 0.015 -0.0245644
vn 0.00521658 0.999666 -0.025295
v -0.0194222 0.0149966 -0.0150351
vn 0.122616 0.992452 0.00192419
v -0.0240604 0.0136609 -0.0268074
vn -0.330914 0.925827 -0.182595
v -0.0260997 0.0144928 -0.0165
vn -0.272279 0.958413 -0.0854889
v -0.0194222 0.0149966 -0.0150351
vn 0.122616 0.992452 0.00192419
v -0.0185401 0.015 -0.0245644
vn 0.00521658 0.999666 -0.025295
v -0.0240604 0.0136609 -0.0268074
vn -0.330914 0.925827 -0.182595
v -0.0260997 0.0144928 -0.0165
vn -0.272279 0.958413 -0.0854889
v -0.0280894 0.0112385 -0.0276814
vn -0.679464 0.659362 -0.321824
v -0.0317384 0.011457 -0.0171752
vn -0.717755 0.672711 -0.179688
v -0.0260997 0.0144928 -0.0165
vn -0.272279 0.958413 -0.0854889
v -0.0240604 0.0136609 -0.0268074
vn -0.330914 0.925827 -0.182595
v -0.0280894 0.0112385 -0.0276814
vn -0.679464 0.659362 -0.321824
v -0.0317384 0.011457 -0.0171752
vn -0.717755 0.672711 -0.179688
v -0.03073 0.00576877 -0.0276766
vn -0.891986 0.242521 -0.381504
v -0.0341421 0.0059529 -0.0174792
vn -0.943971 0.23445 -0.232275
v -0.0317384 0.011457 -0.0171752
vn -0.717755 0.672711 -0.179688
v -0.0280894 0.0112385 -0.0276814
vn -0.679464 0.659362 -0.321824
v -0.03073 0.00576877 -0.0276766
vn -0.891986 0.242521 -0.381504
v -0.0341421 0.0059529 -0.0174792
vn -0.943971 0.23445 -0.232275
v -0.0311949 -0.00169793 -0.0280429
vn -0.890732 -0.28004 -0.358013
v -0.0344325 -0.00151611 -0.0180854
vn -0.929021 -0.280842 -0.240929
v -0.0341421 0.0059529 -0.0174792
vn -0.943971 0.23445 -0.232275
v -0.03073 0.00576877 -0.0276766
vn -0.891986 0.242521 -0.381504
v -0.0311949 -0.00169793 -0.0280429
vn -0.890732 -0.28004 -0.358013
v -0.0311949 -0.00169793 -0.0280429
vn -0.890732 -0.28004 -0.358013
v -0.0220278 -0.00865867 -0.0355846
vn -0.565028 -0.782548 -0.261459
v -0.026373 -0.00815223 -0.0264928
vn -0.579044 -0.787474 -0.211172
v -0.0311949 -0.00169793 -0.0280429
vn -0.890732 -0.28004 -0.358013
v -0.0261596 -0.00235226 -0.0378795
vn -0.829839 -0.275418 -0.485296
v -0.0220278 -0.00865867 -0.0355846
vn -0.565028 -0.782548 -0.261459
v -0.026373 -0.00815223 -0.0264928
vn -0.579044 -0.787474 -0.211172
v -0.0156503 -0.0116554 -0.0323347
vn -0.182789 -0.982869 -0.0236
v -0.0194458 -0.0112185 -0.0240923
vn -0.166313 -0.985381 -0.0369385
v -0.026373 -0.00815223 -0.0264928
vn -0.579044 -0.787474 -0.211172
v -0.0220278 -0.00865867 -0.0355846
vn -0.565028 -0.782548 -0.261459
v -0.0156503 -0.0116554 -0.0323347
vn -0.182789 -0.982869 -0.0236
v -0.0194458 -0.0112185 -0.0240923
vn -0.166313 -0.985381 -0.0369385
v -0.00942906 -0.0112046 -0.0293704
vn 0.176615 -0.967447 0.181255
v -0.012848 -0.0106935 -0.0218412
vn 0.215192 -0.968705 0.123706
v -0.0194458 -0.0112185 -0.0240923
vn -0.166313 -0.985381 -0.0369385
v -0.0156503 -0.0116554 -0.0323347
vn -0.182789 -0.982869 -0.0236
v -0.00942906 -0.0112046 -0.0293704
vn 0.176615 -0.967447 0.181255
v -0.012848 -0.0106935 -0.0218412
vn 0.215192 -0.968705 0.123706
v -0.00456344 -0.00876919 -0.0271909
vn 0.495285 -0.794879 0.350515
v -0.00776101 -0.00826316 -0.0201597
vn 0.553317 -0.794222 0.251101
v -0.012848 -0.0106935 -0.0218412
vn 0.215192 -0.968705 0.123706
v -0.00942906 -0.0112046 -0.0293704
vn 0.176615 -0.967447 0.181255
v -0.00456344 -0.00876919 -0.0271909
vn 0.495285 -0.794879 0.350515
v -0.00776101 -0.00826316 -0.0201597
vn 0.553317 -0.794222 0.251101
v -0.00156767 -0.00496779 -0.026009
vn 0.721179 -0.518049 0.459919
v -0.00478323 -0.00441374 -0.0192605
vn 0.78708 -0.520013 0.331801
v -0.00776101 -0.00826316 -0.0201597
vn 0.553317 -0.794222 0.251101
v -0.00456344 -0.00876919 -0.0271909
vn 0.495285 -0.794879 0.350515
v -0.00156767 -0.00496779 -0.026009
vn 0.721179 -0.518049 0.459919
v -0.00478323 -0.00441374 -0.0192605
vn 0.78708 -0.520013 0.331801
v 0.000128861 -0.000785802 -0.0254027
vn 0.85874 -0.121954 0.497687
v -0.0030262 -0.00026546 -0.0187356
vn 0.922417 -0.119406 0.367273
v -0.00478323 -0.00441374 -0.0192605
vn 0.78708 -0.520013 0.331801
v -0.00156767 -0.00496779 -0.026009
vn 0.721179 -0.518049 0.459919
v 0.000128861 -0.000785802 -0.0254027
vn 0.85874 -0.121954 0.497687
v -0.0030262 -0.00026546 -0.0187356
vn 0.922417 -0.119406 0.367273
v -0.000357326 0.00362635 -0.0259147
vn 0.85614 0.234909 0.460264
v -0.00371916 0.00416094 -0.0190879
vn 0.901334 0.256288 0.349161
v -0.0030262 -0.00026546 -0.0187356
vn 0.922417 -0.119406 0.367273
v 0.000128861 -0.000785802 -0.0254027
vn 0.85874 -0.121954 0.497687
v -0.000357326 0.00362635 -0.0259147
vn 0.85614 0.234909 0.460264
v -0.00371916 0.00416094 -0.0190879
vn 0.901334 0.256288 0.349161
v -0.0016014 0.00823375 -0.026743
vn 0.723898 0.591334 0.355382
v -0.00527669 0.0087653 -0.0196919
vn 0.746255 0.604436 0.278857
v -0.00371916 0.00416094 -0.0190879
vn 0.901334 0.256288 0.349161
v -0.000357326 0.00362635 -0.0259147
vn 0.85614 0.234909 0.460264
v -0.0016014 0.00823375 -0.026743
vn 0.723898 0.591334 0.355382
v -0.00527669 0.0087653 -0.0196919
vn 0.746255 0.604436 0.278857
v -0.00559975 0.0115995 -0.0288863
vn 0.425357 0.891617 0.15521
v -0.00987168 0.012497 -0.0213919
vn 0.411981 0.901809 0.13043
v -0.00527669 0.0087653 -0.0196919
vn 0.746255 0.604436 0.278857
v -0.0016014 0.00823375 -0.026743
vn 0.723898 0.591334 0.355382
v -0.00559975 0.0115995 -0.0288863
vn 0.425357 0.891617 0.15521
v -0.00987168 0.012497 -0.0213919
vn 0.411981 0.901809 0.13043
v -0.0138886 0.0143568 -0.0329989
vn 0.0540117 0.996051 -0.0704683
v -0.0185401 0.015 -0.0245644
vn 0.00521658 0.999666 -0.025295
v -0.00987168 0.012497 -0.0213919
vn 0.411981 0.901809 0.13043
v -0.00559975 0.0115995 -0.0288863
vn 0.425357 0.891617 0.15521
v -0.0138886 0.0143568 -0.0329989
vn 0.0540117 0.996051 -0.0704683
v -0.0185401 0.015 -0.0245644
vn 0.00521658 0.999666 -0.025295
v -0.0196375 0.0127491 -0.0364606
vn -0.32459 0.901538 -0.286129
v -0.0240604 0.0136609 -0.0268074
vn -0.330914 0.925827 -0.182595
v -0.0185401 0.015 -0.0245644
vn 0.00521658 0.999666 -0.025295
v -0.0138886 0.0143568 -0.0329989
vn 0.0540117 0.996051 -0.0704683
v -0.0196375 0.0127491 -0.0364606
vn -0.32459 0.901538 -0.286129
v -0.0240604 0.0136609 -0.0268074
vn -0.330914 0.925827 -0.182595
v -0.0229117 0.01013 -0.038157
vn -0.642615 0.614103 -0.458174
v -0.0280894 0.0112385 -0.0276814
vn -0.679464 0.659362 -0.321824
v -0.0240604 0.0136609 -0.0268074
vn -0.330914 0.925827 -0.182595
v -0.0196375 0.0127491 -0.0364606
vn -0.32459 0.901538 -0.286129
v -0.0229117 0.01013 -0.038157
vn -0.642615 0.614103 -0.458174
v -0.0280894 0.0112385 -0.0276814
vn -0.679464 0.659362 -0.321824
v -0.02543 0.00472859 -0.0383208
vn -0.825299 0.214179 -0.522502
v -0.03073 0.00576877 -0.0276766
vn -0.891986 0.242521 -0.381504
v -0.0280894 0.0112385 -0.0276814
vn -0.679464 0.659362 -0.321824
v -0.0229117 0.01013 -0.038157
vn -0.642615 0.614103 -0.458174
v -0.02543 0.00472859 -0.0383208
vn -0.825299 0.214179 -0.522502
v -0.03073 0.00576877 -0.0276766
vn -0.891986 0.242521 -0.381504
v -0.0261596 -0.00235226 -0.0378795
vn -0.829839 -0.275418 -0.485296
v -0.0311949 -0.00169793 -0.0280429
vn -0.890732 -0.28004 -0.358013
v -0.03073 0.00576877 -0.0276766
vn -0.891986 0.242521 -0.381504
v -0.02543 0.00472859 -0.0383208
vn -0.825299 0.214179 -0.522502
v -0.0261596 -0.00235226 -0.0378795
vn -0.829839 -0.275418 -0.485296
v -0.0261596 -0.00235226 -0.0378795
vn -0.829839 -0.275418 -0.485296
v -0.0166176 -0.009338 -0.044056
vn -0.556219 -0.75074 -0.356384
v -0.0220278 -0.00865867 -0.0355846
vn -0.565028 -0.782548 -0.261459
v -0.0261596 -0.00235226 -0.0378795
vn -0.829839 -0.275418 -0.485296
v -0.0196043 -0.0029741 -0.0465078
vn -0.762344 -0.260088 -0.592609
v -0.0166176 -0.009338 -0.044056
vn -0.556219 -0.75074 -0.356384
v -0.0220278 -0.00865867 -0.0355846
vn -0.565028 -0.782548 -0.261459
v -0.0109286 -0.0124 -0.040107
vn -0.197675 -0.979261 -0.0444038
v -0.0156503 -0.0116554 -0.0323347
vn -0.182789 -0.982869 -0.0236
v -0.0220278 -0.00865867 -0.0355846
vn -0.565028 -0.782548 -0.261459
v -0.0166176 -0.009338 -0.044056
vn -0.556219 -0.75074 -0.356384
v -0.0109286 -0.0124 -0.040107
vn -0.197675 -0.979261 -0.0444038
v -0.0156503 -0.0116554 -0.0323347
vn -0.182789 -0.982869 -0.0236
v -0.00509149 -0.0120035 -0.0364228
vn 0.128917 -0.967161 0.219043
v -0.00942906 -0.0112046 -0.0293704
vn 0.176615 -0.967447 0.181255
v -0.0156503 -0.0116554 -0.0323347
vn -0.182789 -0.982869 -0.0236
v -0.0109286 -0.0124 -0.040107
vn -0.197675 -0.979261 -0.0444038
v -0.00509149 -0.0120035 -0.0364228
vn 0.128917 -0.967161 0.219043
v -0.00942906 -0.0112046 -0.0293704
vn 0.176615 -0.967447 0.181255
v -0.000367713 -0.00960174 -0.0336909
vn 0.427984 -0.791602 0.436114
v -0.00456344 -0.00876919 -0.0271909
vn 0.495285 -0.794879 0.350515
v -0.00942906 -0.0112046 -0.0293704
vn 0.176615 -0.967447 0.181255
v -0.00509149 -0.0120035 -0.0364228
vn 0.128917 -0.967161 0.219043
v -0.000367713 -0.00960174 -0.0336909
vn 0.427984 -0.791602 0.436114
v -0.00456344 -0.00876919 -0.0271909
vn 0.495285 -0.794879 0.350515
v 0.0026177 -0.0057361 -0.0322479
vn 0.646338 -0.509922 0.567649
v -0.00156767 -0.00496779 -0.026009
vn 0.721179 -0.518049 0.459919
v -0.00456344 -0.00876919 -0.0271909
vn 0.495285 -0.794879 0.350515
v -0.000367713 -0.00960174 -0.0336909
vn 0.427984 -0.791602 0.436114
v 0.0026177 -0.0057361 -0.0322479
vn 0.646338 -0.509922 0.567649
v -0.00156767 -0.00496779 -0.026009
vn 0.721179 -0.518049 0.459919
v 0.00426408 -0.00148018 -0.0315767
vn 0.780651 -0.097233 0.617357
v 0.000128861 -0.000785802 -0.0254027
vn 0.85874 -0.121954 0.497687
v -0.00156767 -0.00496779 -0.026009
vn 0.721179 -0.518049 0.459919
v 0.0026177 -0.0057361 -0.0322479
vn 0.646338 -0.509922 0.567649
v 0.00426408 -0.00148018 -0.0315767
vn 0.780651 -0.097233 0.617357
v 0.000128861 -0.000785802 -0.0254027
vn 0.85874 -0.121954 0.497687
v 0.00381446 0.00289447 -0.0323057
vn 0.78794 0.258864 0.558695
v -0.000357326 0.00362635 -0.0259147
vn 0.85614 0.234909 0.460264
v 0.000128861 -0.000785802 -0.0254027
vn 0.85874 -0.121954 0.497687
v 0.00426408 -0.00148018 -0.0315767
vn 0.780651 -0.097233 0.617357
v 0.00381446 0.00289447 -0.0323057
vn 0.78794 0.258864 0.558695
v -0.000357326 0.00362635 -0.0259147
vn 0.85614 0.234909 0.460264
v 0.00267688 0.00737144 -0.0334286
vn 0.68711 0.601792 0.407096
v -0.0016014 0.00823375 -0.026743
vn 0.723898 0.591334 0.355382
v -0.000357326 0.00362635 -0.0259147
vn 0.85614 0.234909 0.460264
v 0.00381446 0.00289447 -0.0323057
vn 0.78794 0.258864 0.558695
v 0.00267688 0.00737144 -0.0334286
vn 0.68711 0.601792 0.407096
v -0.0016014 0.00823375 -0.026743
vn 0.723898 0.591334 0.355382
v -0.000849955 0.0105922 -0.0359627
vn 0.439864 0.882341 0.167314
v -0.00559975 0.0115995 -0.0288863
vn 0.425357 0.891617 0.15521
v -0.0016014 0.00823375 -0.026743
vn 0.723898 0.591334 0.355382
v 0.00267688 0.00737144 -0.0334286
vn 0.68711 0.601792 0.407096
v -0.000849955 0.0105922 -0.0359627
vn 0.439864 0.882341 0.167314
v -0.00559975 0.0115995 -0.0288863
vn 0.425357 0.891617 0.15521
v -0.00711438 0.0131118 -0.0399243
vn 0.154965 0.985702 -0.0661596
v -0.0138886 0.0143568 -0.0329989
vn 0.0540117 0.996051 -0.0704683
v -0.00559975 0.0115995 -0.0288863
vn 0.425357 0.891617 0.15521
v -0.000849955 0.0105922 -0.0359627
vn 0.439864 0.882341 0.167314
v -0.00711438 0.0131118 -0.0399243
vn 0.154965 0.985702 -0.0661596
v -0.0138886 0.0143568 -0.0329989
vn 0.0540117 0.996051 -0.0704683
v -0.0126208 0.0118595 -0.0452518
vn -0.209969 0.912159 -0.351965
v -0.0196375 0.0127491 -0.0364606
vn -0.32459 0.901538 -0.286129
v -0.0138886 0.0143568 -0.0329989
vn 0.0540117 0.996051 -0.0704683
v -0.00711438 0.0131118 -0.0399243
vn 0.154965 0.985702 -0.0661596
v -0.0126208 0.0118595 -0.0452518
vn -0.209969 0.912159 -0.351965
v -0.0196375 0.0127491 -0.0364606
vn -0.32459 0.901538 -0.286129
v -0.0156207 0.00910871 -0.0476659
vn -0.536904 0.616764 -0.575618
v -0.0229117 0.01013 -0.038157
vn -0.642615 0.614103 -0.458174
v -0.0196375 0.0127491 -0.0364606
vn -0.32459 0.901538 -0.286129
v -0.0126208 0.0118595 -0.0452518
vn -0.209969 0.912159 -0.351965
v -0.0156207 0.00910871 -0.0476659
vn -0.536904 0.616764 -0.575618
v -0.0229117 0.01013 -0.038157
vn -0.642615 0.614103 -0.458174
v -0.0187939 0.00365242 -0.0475642
vn -0.741358 0.194055 -0.642441
v -0.02543 0.00472859 -0.0383208
vn -0.825299 0.214179 -0.522502
v -0.0229117 0.01013 -0.038157
vn -0.642615 0.614103 -0.458174
v -0.0156207 0.00910871 -0.0476659
vn -0.536904 0.616764 -0.575618
v -0.0187939 0.00365242 -0.0475642
vn -0.741358 0.194055 -0.642441
v -0.02543 0.00472859 -0.0383208
vn -0.825299 0.214179 -0.522502
v -0.0196043 -0.0029741 -0.0465078
vn -0.762344 -0.260088 -0.592609
v -0.0261596 -0.00235226 -0.0378795
vn -0.829839 -0.275418 -0.485296
v -0.02543 0.00472859 -0.0383208
vn -0.825299 0.214179 -0.522502
v -0.0187939 0.00365242 -0.0475642
vn -0.741358 0.194055 -0.642441
v -0.0196043 -0.0029741 -0.0465078
vn -0.762344 -0.260088 -0.592609
v -0.0187939 0.00365242 -0.0475642
vn -0.741358 0.194055 -0.642441
v -0.012544 -0.00395443 -0.0543191
vn -0.687446 -0.243577 -0.68417
v -0.0196043 -0.0029741 -0.0465078
vn -0.762344 -0.260088 -0.592609
v -0.0187939 0.00365242 -0.0475642
vn -0.741358 0.194055 -0.642441
v -0.011514 0.00224614 -0.0550846
vn -0.630307 0.195039 -0.751447
v -0.012544 -0.00395443 -0.0543191
vn -0.687446 -0.243577 -0.68417
v -0.0196043 -0.0029741 -0.0465078
vn -0.762344 -0.260088 -0.592609
v -0.0103527 -0.00997207 -0.0516533
vn -0.523168 -0.731037 -0.438041
v -0.0166176 -0.009338 -0.044056
vn -0.556219 -0.75074 -0.356384
v -0.0196043 -0.0029741 -0.0465078
vn -0.762344 -0.260088 -0.592609
v -0.012544 -0.00395443 -0.0543191
vn -0.687446 -0.243577 -0.68417
v -0.0103527 -0.00997207 -0.0516533
vn -0.523168 -0.731037 -0.438041
v -0.0166176 -0.009338 -0.044056
vn -0.556219 -0.75074 -0.356384
v -0.00541694 -0.013008 -0.0471483
vn -0.207939 -0.97374 -0.0926933
v -0.0109286 -0.0124 -0.040107
vn -0.197675 -0.979261 -0.0444038
v -0.0166176 -0.009338 -0.044056
vn -0.556219 -0.75074 -0.356384
v -0.0103527 -0.00997207 -0.0516533
vn -0.523168 -0.731037 -0.438041
v -0.00541694 -0.013008 -0.0471483
vn -0.207939 -0.97374 -0.0926933
v -0.0109286 -0.0124 -0.040107
vn -0.197675 -0.979261 -0.0444038
v -4.21185e-05 -0.0129587 -0.042804
vn 0.0802692 -0.974432 0.209856
v -0.00509149 -0.0120035 -0.0364228
vn 0.128917 -0.967161 0.219043
v -0.0109286 -0.0124 -0.040107
vn -0.197675 -0.979261 -0.0444038
v -0.00541694 -0.013008 -0.0471483
vn -0.207939 -0.97374 -0.0926933
v -4.21185e-05 -0.0129587 -0.042804
vn 0.0802692 -0.974432 0.209856
v -0.00509149 -0.0120035 -0.0364228
vn 0.128917 -0.967161 0.219043
v 0.00459103 -0.0106611 -0.0395004
vn 0.373374 -0.791984 0.483067
v -0.000367713 -0.00960174 -0.0336909
vn 0.427984 -0.791602 0.436114
v -0.00509149 -0.0120035 -0.0364228
vn 0.128917 -0.967161 0.219043
v -4.21185e-05 -0.0129587 -0.042804
vn 0.0802692 -0.974432 0.209856
v 0.00459103 -0.0106611 -0.0395004
vn 0.373374 -0.791984 0.483067
v -0.000367713 -0.00960174 -0.0336909
vn 0.427984 -0.791602 0.436114
v 0.0075474 -0.00661219 -0.0378747
vn 0.584514 -0.498317 0.640331
v 0.0026177 -0.0057361 -0.0322479
vn 0.646338 -0.509922 0.567649
v -0.000367713 -0.00960174 -0.0336909
vn 0.427984 -0.791602 0.436114
v 0.00459103 -0.0106611 -0.0395004
vn 0.373374 -0.791984 0.483067
v 0.0075474 -0.00661219 -0.0378747
vn 0.584514 -0.498317 0.640331
v 0.0026177 -0.0057361 -0.0322479
vn 0.646338 -0.509922 0.567649
v 0.00924324 -0.0022472 -0.0371153
vn 0.716734 -0.0712956 0.693693
v 0.00426408 -0.00148018 -0.0315767
vn 0.780651 -0.097233 0.617357
v 0.0026177 -0.0057361 -0.0322479
vn 0.646338 -0.509922 0.567649
v 0.0075474 -0.00661219 -0.0378747
vn 0.584514 -0.498317 0.640331
v 0.00924324 -0.0022472 -0.0371153
vn 0.716734 -0.0712956 0.693693
v 0.00426408 -0.00148018 -0.0315767
vn 0.780651 -0.097233 0.617357
v 0.00878855 0.00211497 -0.0380561
vn 0.7269 0.296392 0.61949
v 0.00381446 0.00289447 -0.0323057
vn 0.78794 0.258864 0.558695
v 0.00426408 -0.00148018 -0.0315767
vn 0.780651 -0.097233 0.617357
v 0.00924324 -0.0022472 -0.0371153
vn 0.716734 -0.0712956 0.693693
v 0.00878855 0.00211497 -0.0380561
vn 0.7269 0.296392 0.61949
v 0.00381446 0.00289447 -0.0323057
vn 0.78794 0.258864 0.558695
v 0.00768394 0.00643106 -0.0394747
vn 0.621389 0.643878 0.446426
v 0.00267688 0.00737144 -0.0334286
vn 0.68711 0.601792 0.407096
v 0.00381446 0.00289447 -0.0323057
vn 0.78794 0.258864 0.558695
v 0.00878855 0.00211497 -0.0380561
vn 0.7269 0.296392 0.61949
v 0.00768394 0.00643106 -0.0394747
vn 0.621389 0.643878 0.446426
v 0.00267688 0.00737144 -0.0334286
vn 0.68711 0.601792 0.407096
v 0.00411997 0.00935531 -0.0425209
vn 0.402088 0.899705 0.16987
v -0.000849955 0.0105922 -0.0359627
vn 0.439864 0.882341 0.167314
v 0.00267688 0.00737144 -0.0334286
vn 0.68711 0.601792 0.407096
v 0.00768394 0.00643106 -0.0394747
vn 0.621389 0.643878 0.446426
v 0.00411997 0.00935531 -0.0425209
vn 0.402088 0.899705 0.16987
v -0.000849955 0.0105922 -0.0359627
vn 0.439864 0.882341 0.167314
v -0.000571472 0.0113926 -0.0471578
vn 0.17215 0.981373 -0.085275
v -0.00711438 0.0131118 -0.0399243
vn 0.154965 0.985702 -0.0661596
v -0.000849955 0.0105922 -0.0359627
vn 0.439864 0.882341 0.167314
v 0.00411997 0.00935531 -0.0425209
vn 0.402088 0.899705 0.16987
v -0.000571472 0.0113926 -0.0471578
vn 0.17215 0.981373 -0.085275
v -0.00711438 0.0131118 -0.0399243
vn 0.154965 0.985702 -0.0661596
v -0.00530763 0.0101936 -0.0522727
vn -0.142064 0.900026 -0.412032
v -0.0126208 0.0118595 -0.0452518
vn -0.209969 0.912159 -0.351965
v -0.00711438 0.0131118 -0.0399243
vn 0.154965 0.985702 -0.0661596
v -0.000571472 0.0113926 -0.0471578
vn 0.17215 0.981373 -0.085275
v -0.00530763 0.0101936 -0.0522727
vn -0.142064 0.900026 -0.412032
v -0.0126208 0.0118595 -0.0452518
vn -0.209969 0.912159 -0.351965
v -0.00884703 0.00728832 -0.0547707
vn -0.43708 0.589006 -0.67973
v -0.0156207 0.00910871 -0.0476659
vn -0.536904 0.616764 -0.575618
v -0.0126208 0.0118595 -0.0452518
vn -0.209969 0.912159 -0.351965
v -0.00530763 0.0101936 -0.0522727
vn -0.142064 0.900026 -0.412032
v -0.00884703 0.00728832 -0.0547707
vn -0.43708 0.589006 -0.67973
v -0.0156207 0.00910871 -0.0476659
vn -0.536904 0.616764 -0.575618
v -0.011514 0.00224614 -0.0550846
vn -0.630307 0.195039 -0.751447
v -0.0187939 0.00365242 -0.0475642
vn -0.741358 0.194055 -0.642441
v -0.0156207 0.00910871 -0.0476659
vn -0.536904 0.616764 -0.575618
v -0.00884703 0.00728832 -0.0547707
vn -0.43708 0.589006 -0.67973
v -0.011514 0.00224614 -0.0550846
vn -0.630307 0.195039 -0.751447
v -0.011514 0.00224614 -0.0550846
vn -0.630307 0.195039 -0.751447
v -0.00529487 -0.00481108 -0.0603341
vn -0.551882 -0.196964 -0.810328
v -0.012544 -0.00395443 -0.0543191
vn -0.687446 -0.243577 -0.68417
v -0.011514 0.00224614 -0.0550846
vn -0.630307 0.195039 -0.751447
v -0.00416774 0.000851314 -0.0603892
vn -0.47569 0.213959 -0.853194
v -0.00529487 -0.00481108 -0.0603341
vn -0.551882 -0.196964 -0.810328
v -0.012544 -0.00395443 -0.0543191
vn -0.687446 -0.243577 -0.68417
v -0.00367035 -0.0103767 -0.0578161
vn -0.443798 -0.710863 -0.545634
v -0.0103527 -0.00997207 -0.0516533
vn -0.523168 -0.731037 -0.438041
v -0.012544 -0.00395443 -0.0543191
vn -0.687446 -0.243577 -0.68417
v -0.00529487 -0.00481108 -0.0603341
vn -0.551882 -0.196964 -0.810328
v -0.00367035 -0.0103767 -0.0578161
vn -0.443798 -0.710863 -0.545634
v -0.0103527 -0.00997207 -0.0516533
vn -0.523168 -0.731037 -0.438041
v 0.000414838 -0.0135335 -0.0531246
vn -0.182796 -0.966329 -0.181093
v -0.00541694 -0.013008 -0.0471483
vn -0.207939 -0.97374 -0.0926933
v -0.0103527 -0.00997207 -0.0516533
vn -0.523168 -0.731037 -0.438041
v -0.00367035 -0.0103767 -0.0578161
vn -0.443798 -0.710863 -0.545634
v 0.000414838 -0.0135335 -0.0531246
vn -0.182796 -0.966329 -0.181093
v -0.00541694 -0.013008 -0.0471483
vn -0.207939 -0.97374 -0.0926933
v 0.00524386 -0.0137892 -0.0483236
vn 0.0686288 -0.985266 0.156656
v -4.21185e-05 -0.0129587 -0.042804
vn 0.0802692 -0.974432 0.209856
v -0.00541694 -0.013008 -0.0471483
vn -0.207939 -0.97374 -0.0926933
v 0.000414838 -0.0135335 -0.0531246
vn -0.182796 -0.966329 -0.181093
v 0.00524386 -0.0137892 -0.0483236
vn 0.0686288 -0.985266 0.156656
v -4.21185e-05 -0.0129587 -0.042804
vn 0.0802692 -0.974432 0.209856
v 0.00967906 -0.0115726 -0.0445771
vn 0.355814 -0.800359 0.482517
v 0.00459103 -0.0106611 -0.0395004
vn 0.373374 -0.791984 0.483067
v -4.21185e-05 -0.0129587 -0.042804
vn 0.0802692 -0.974432 0.209856
v 0.00524386 -0.0137892 -0.0483236
vn 0.0686288 -0.985266 0.156656
v 0.00967906 -0.0115726 -0.0445771
vn 0.355814 -0.800359 0.482517
v 0.00459103 -0.0106611 -0.0395004
vn 0.373374 -0.791984 0.483067
v 0.0126325 -0.00742886 -0.0427477
vn 0.575563 -0.492667 0.652691
v 0.0075474 -0.00661219 -0.0378747
vn 0.584514 -0.498317 0.640331
v 0.00459103 -0.0106611 -0.0395004
vn 0.373374 -0.791984 0.483067
v 0.00967906 -0.0115726 -0.0445771
vn 0.355814 -0.800359 0.482517
v 0.0126325 -0.00742886 -0.0427477
vn 0.575563 -0.492667 0.652691
v 0.0075474 -0.00661219 -0.0378747
vn 0.584514 -0.498317 0.640331
v 0.0143798 -0.00299134 -0.0420237
vn 0.711518 -0.0392412 0.701571
v 0.00924324 -0.0022472 -0.0371153
vn 0.716734 -0.0712956 0.693693
v 0.0075474 -0.00661219 -0.0378747
vn 0.584514 -0.498317 0.640331
v 0.0126325 -0.00742886 -0.0427477
vn 0.575563 -0.492667 0.652691
v 0.0143798 -0.00299134 -0.0420237
vn 0.711518 -0.0392412 0.701571
v 0.00924324 -0.0022472 -0.0371153
vn 0.716734 -0.0712956 0.693693
v 0.0137472 0.00124755 -0.0432338
vn 0.712411 0.339043 0.614427
v 0.00878855 0.00211497 -0.0380561
vn 0.7269 0.296392 0.61949
v 0.00924324 -0.0022472 -0.0371153
vn 0.716734 -0.0712956 0.693693
v 0.0143798 -0.00299134 -0.0420237
vn 0.711518 -0.0392412 0.701571
v 0.0137472 0.00124755 -0.0432338
vn 0.712411 0.339043 0.614427
v 0.00878855 0.00211497 -0.0380561
vn 0.7269 0.296392 0.61949
v 0.0128109 0.00535699 -0.044801
vn 0.636872 0.646263 0.420403
v 0.00768394 0.00643106 -0.0394747
vn 0.621389 0.643878 0.446426
v 0.00878855 0.00211497 -0.0380561
vn 0.7269 0.296392 0.61949
v 0.0137472 0.00124755 -0.0432338
vn 0.712411 0.339043 0.614427
v 0.0128109 0.00535699 -0.044801
vn 0.636872 0.646263 0.420403
v 0.00768394 0.00643106 -0.0394747
vn 0.621389 0.643878 0.446426
v 0.0097392 0.00805249 -0.0479322
vn 0.422989 0.895588 0.137846
v 0.00411997 0.00935531 -0.0425209
vn 0.402088 0.899705 0.16987
v 0.00768394 0.00643106 -0.0394747
vn 0.621389 0.643878 0.446426
v 0.0128109 0.00535699 -0.044801
vn 0.636872 0.646263 0.420403
v 0.0097392 0.00805249 -0.0479322
vn 0.422989 0.895588 0.137846
v 0.00411997 0.00935531 -0.0425209
vn 0.402088 0.899705 0.16987
v 0.00594191 0.00960275 -0.0522562
vn 0.238658 0.966146 -0.0980035
v -0.000571472 0.0113926 -0.0471578
vn 0.17215 0.981373 -0.085275
v 0.00411997 0.00935531 -0.0425209
vn 0.402088 0.899705 0.16987
v 0.0097392 0.00805249 -0.0479322
vn 0.422989 0.895588 0.137846
v 0.00594191 0.00960275 -0.0522562
vn 0.238658 0.966146 -0.0980035
v -0.000571472 0.0113926 -0.0471578
vn 0.17215 0.981373 -0.085275
v 0.00183382 0.00893782 -0.0570542
vn -0.0539502 0.882235 -0.467708
v -0.00530763 0.0101936 -0.0522727
vn -0.142064 0.900026 -0.412032
v -0.000571472 0.0113926 -0.0471578
vn 0.17215 0.981373 -0.085275
v 0.00594191 0.00960275 -0.0522562
vn 0.238658 0.966146 -0.0980035
v 0.00183382 0.00893782 -0.0570542
vn -0.0539502 0.882235 -0.467708
v -0.00530763 0.0101936 -0.0522727
vn -0.142064 0.900026 -0.412032
v -0.00175553 0.0056332 -0.0597069
vn -0.319162 0.556893 -0.766816
v -0.00884703 0.00728832 -0.0547707
vn -0.43708 0.589006 -0.67973
v -0.00530763 0.0101936 -0.0522727
vn -0.142064 0.900026 -0.412032
v 0.00183382 0.00893782 -0.0570542
vn -0.0539502 0.882235 -0.467708
v -0.00175553 0.0056332 -0.0597069
vn -0.319162 0.556893 -0.766816
v -0.00884703 0.00728832 -0.0547707
vn -0.43708 0.589006 -0.67973
v -0.00416774 0.000851314 -0.0603892
vn -0.47569 0.213959 -0.853194
v -0.011514 0.00224614 -0.0550846
vn -0.630307 0.195039 -0.751447
v -0.00884703 0.00728832 -0.0547707
vn -0.43708 0.589006 -0.67973
v -0.00175553 0.0056332 -0.0597069
vn -0.319162 0.556893 -0.766816
v -0.00416774 0.000851314 -0.0603892
vn -0.47569 0.213959 -0.853194
v 0.0126325 -0.00742886 -0.0427477
vn 0.575563 -0.492667 0.652691
v 0.0179528 -0.00353091 -0.0459392
vn 0.753922 -0.0229252 0.656564
v 0.0143798 -0.00299134 -0.0420237
vn 0.711518 -0.0392412 0.701571
v 0.0126325 -0.00742886 -0.0427477
vn 0.575563 -0.492667 0.652691
v 0.0165756 -0.00790601 -0.0466464
vn 0.616236 -0.472981 0.629716
v 0.0179528 -0.00353091 -0.0459392
vn 0.753922 -0.0229252 0.656564
v 0.0143798 -0.00299134 -0.0420237
vn 0.711518 -0.0392412 0.701571
v 0.0172889 0.000488239 -0.0469805
vn 0.733395 0.363058 0.574735
v 0.0137472 0.00124755 -0.0432338
vn 0.712411 0.339043 0.614427
v 0.0143798 -0.00299134 -0.0420237
vn 0.711518 -0.0392412 0.701571
v 0.0179528 -0.00353091 -0.0459392
vn 0.753922 -0.0229252 0.656564
v 0.0172889 0.000488239 -0.0469805
vn 0.733395 0.363058 0.574735
v 0.0137472 0.00124755 -0.0432338
vn 0.712411 0.339043 0.614427
v 0.0162726 0.0041396 -0.048637
vn 0.648053 0.669711 0.36265
v 0.0128109 0.00535699 -0.044801
vn 0.636872 0.646263 0.420403
v 0.0137472 0.00124755 -0.0432338
vn 0.712411 0.339043 0.614427
v 0.0172889 0.000488239 -0.0469805
vn 0.733395 0.363058 0.574735
v 0.0162726 0.0041396 -0.048637
vn 0.648053 0.669711 0.36265
v 0.0128109 0.00535699 -0.044801
vn 0.636872 0.646263 0.420403
v 0.0136231 0.00633976 -0.0516448
vn 0.481523 0.873386 0.0730295
v 0.0097392 0.00805249 -0.0479322
vn 0.422989 0.895588 0.137846
v 0.0128109 0.00535699 -0.044801
vn 0.636872 0.646263 0.420403
v 0.0162726 0.0041396 -0.048637
vn 0.648053 0.669711 0.36265
v 0.0136231 0.00633976 -0.0516448
vn 0.481523 0.873386 0.0730295
v 0.0097392 0.00805249 -0.0479322
vn 0.422989 0.895588 0.137846
v 0.0108059 0.00768352 -0.0556153
vn 0.349855 0.923441 -0.157666
v 0.00594191 0.00960275 -0.0522562
vn 0.238658 0.966146 -0.0980035
v 0.0097392 0.00805249 -0.0479322
vn 0.422989 0.895588 0.137846
v 0.0136231 0.00633976 -0.0516448
vn 0.481523 0.873386 0.0730295
v 0.0108059 0.00768352 -0.0556153
vn 0.349855 0.923441 -0.157666
v 0.00594191 0.00960275 -0.0522562
vn 0.238658 0.966146 -0.0980035
v 0.00761758 0.00721732 -0.060111
vn 0.0817921 0.840361 -0.53582
v 0.00183382 0.00893782 -0.0570542
vn -0.0539502 0.882235 -0.467708
v 0.00594191 0.00960275 -0.0522562
vn 0.238658 0.966146 -0.0980035
v 0.0108059 0.00768352 -0.0556153
vn 0.349855 0.923441 -0.157666
v 0.00761758 0.00721732 -0.060111
vn 0.0817921 0.840361 -0.53582
v 0.00183382 0.00893782 -0.0570542
vn -0.0539502 0.882235 -0.467708
v 0.00441583 0.00394998 -0.062666
vn -0.180725 0.510924 -0.840414
v -0.00175553 0.0056332 -0.0597069
vn -0.319162 0.556893 -0.766816
v 0.00183382 0.00893782 -0.0570542
vn -0.0539502 0.882235 -0.467708
v 0.00761758 0.00721732 -0.060111
vn 0.0817921 0.840361 -0.53582
v 0.00441583 0.00394998 -0.062666
vn -0.180725 0.510924 -0.840414
v -0.00175553 0.0056332 -0.0597069
vn -0.319162 0.556893 -0.766816
v 0.002344 -0.00038876 -0.0636288
vn -0.328698 0.213234 -0.920048
v -0.00416774 0.000851314 -0.0603892
vn -0.47569 0.213959 -0.853194
v -0.00175553 0.0056332 -0.0597069
vn -0.319162 0.556893 -0.766816
v 0.00441583 0.00394998 -0.062666
vn -0.180725 0.510924 -0.840414
v 0.002344 -0.00038876 -0.0636288
vn -0.328698 0.213234 -0.920048
v -0.00416774 0.000851314 -0.0603892
vn -0.47569 0.213959 -0.853194
v 0.00158122 -0.00533921 -0.0637853
vn -0.391548 -0.151496 -0.907601
v -0.00529487 -0.00481108 -0.0603341
vn -0.551882 -0.196964 -0.810328
v -0.00416774 0.000851314 -0.0603892
vn -0.47569 0.213959 -0.853194
v 0.002344 -0.00038876 -0.0636288
vn -0.328698 0.213234 -0.920048
v 0.00158122 -0.00533921 -0.0637853
vn -0.391548 -0.151496 -0.907601
v -0.00529487 -0.00481108 -0.0603341
vn -0.551882 -0.196964 -0.810328
v 0.00274437 -0.0103585 -0.0620215
vn -0.322886 -0.670062 -0.668402
v -0.00367035 -0.0103767 -0.0578161
vn -0.443798 -0.710863 -0.545634
v -0.00529487 -0.00481108 -0.0603341
vn -0.551882 -0.196964 -0.810328
v 0.00158122 -0.00533921 -0.0637853
vn -0.391548 -0.151496 -0.907601
v 0.00274437 -0.0103585 -0.0620215
vn -0.322886 -0.670062 -0.668402
v -0.00367035 -0.0103767 -0.0578161
vn -0.443798 -0.710863 -0.545634
v 0.00603091 -0.0133128 -0.057517
vn -0.105284 -0.95383 -0.281289
v 0.000414838 -0.0135335 -0.0531246
vn -0.182796 -0.966329 -0.181093
v -0.00367035 -0.0103767 -0.0578161
vn -0.443798 -0.710863 -0.545634
v 0.00274437 -0.0103585 -0.0620215
vn -0.322886 -0.670062 -0.668402
v 0.00603091 -0.0133128 -0.057517
vn -0.105284 -0.95383 -0.281289
v 0.000414838 -0.0135335 -0.0531246
vn -0.182796 -0.966329 -0.181093
v 0.010089 -0.0138666 -0.0526792
vn 0.127113 -0.991131 0.0387428
v 0.00524386 -0.0137892 -0.0483236
vn 0.0686288 -0.985266 0.156656
v 0.000414838 -0.0135335 -0.0531246
vn -0.182796 -0.966329 -0.181093
v 0.00603091 -0.0133128 -0.057517
vn -0.105284 -0.95383 -0.281289
v 0.010089 -0.0138666 -0.0526792
vn 0.127113 -0.991131 0.0387428
v 0.00524386 -0.0137892 -0.0483236
vn 0.0686288 -0.985266 0.156656
v 0.0140492 -0.0120672 -0.0485958
vn 0.400659 -0.819403 0.40994
v 0.00967906 -0.0115726 -0.0445771
vn 0.355814 -0.800359 0.482517
v 0.00524386 -0.0137892 -0.0483236
vn 0.0686288 -0.985266 0.156656
v 0.010089 -0.0138666 -0.0526792
vn 0.127113 -0.991131 0.0387428
v 0.0140492 -0.0120672 -0.0485958
vn 0.400659 -0.819403 0.40994
v 0.00967906 -0.0115726 -0.0445771
vn 0.355814 -0.800359 0.482517
v 0.0165756 -0.00790601 -0.0466464
vn 0.616236 -0.472981 0.629716
v 0.0126325 -0.00742886 -0.0427477
vn 0.575563 -0.492667 0.652691
v 0.00967906 -0.0115726 -0.0445771
vn 0.355814 -0.800359 0.482517
v 0.0140492 -0.0120672 -0.0485958
vn 0.400659 -0.819403 0.40994
v 0.0165756 -0.00790601 -0.0466464
vn 0.616236 -0.472981 0.629716
v -0.0293867 -0.00464593 0.029762
vn -0.828426 -0.418895 0.371804
v -0.0254092 -5.02304e-05 0.0388818
vn -0.809817 -0.00296969 0.586676
v -0.0301546 0.00160821 0.0304355
vn -0.898849 0.0743374 0.431908
v -0.0293867 -0.00464593 0.029762
vn -0.828426 -0.418895 0.371804
v -0.0242964 -0.00567435 0.0379134
vn -0.730582 -0.470879 0.494492
v -0.0254092 -5.02304e-05 0.0388818
vn -0.809817 -0.00296969 0.586676
v -0.0301546 0.00160821 0.0304355
vn -0.898849 0.0743374 0.431908
v -0.0237906 0.00529525 0.0389707
vn -0.651499 0.487344 0.581416
v -0.0282301 0.00724659 0.0305955
vn -0.71857 0.561006 0.411011
v -0.0301546 0.00160821 0.0304355
vn -0.898849 0.0743374 0.431908
v -0.0254092 -5.02304e-05 0.0388818
vn -0.809817 -0.00296969 0.586676
v -0.0237906 0.00529525 0.0389707
vn -0.651499 0.487344 0.581416
v -0.0282301 0.00724659 0.0305955
vn -0.71857 0.561006 0.411011
v -0.0192323 0.00909707 0.0377542
vn -0.30468 0.845628 0.438273
v -0.0229612 0.0109794 0.029692
vn -0.340212 0.890843 0.301088
v -0.0282301 0.00724659 0.0305955
vn -0.71857 0.561006 0.411011
v -0.0237906 0.00529525 0.0389707
vn -0.651499 0.487344 0.581416
v -0.0192323 0.00909707 0.0377542
vn -0.30468 0.845628 0.438273
v -0.0229612 0.0109794 0.029692
vn -0.340212 0.890843 0.301088
v -0.0134027 0.0106016 0.0357456
vn 0.0554633 0.959613 0.275803
v -0.0165151 0.0124391 0.0281583
vn 0.040004 0.985769 0.163278
v -0.0229612 0.0109794 0.029692
vn -0.340212 0.890843 0.301088
v -0.0192323 0.00909707 0.0377542
vn -0.30468 0.845628 0.438273
v -0.0134027 0.0106016 0.0357456
vn 0.0554633 0.959613 0.275803
v -0.0165151 0.0124391 0.0281583
vn 0.040004 0.985769 0.163278
v -0.00784716 0.00964097 0.0333688
vn 0.371911 0.923258 0.0963176
v -0.0105207 0.0110178 0.0261846
vn 0.388992 0.92124 0.00169269
v -0.0165151 0.0124391 0.0281583
vn 0.040004 0.985769 0.163278
v -0.0134027 0.0106016 0.0357456
vn 0.0554633 0.959613 0.275803
v -0.00784716 0.00964097 0.0333688
vn 0.371911 0.923258 0.0963176
v -0.0105207 0.0110178 0.0261846
vn 0.388992 0.92124 0.00169269
v -0.00343679 0.00706738 0.0311256
vn 0.592186 0.801913 -0.079063
v -0.00595706 0.00801191 0.024335
vn 0.639799 0.755011 -0.143584
v -0.0105207 0.0110178 0.0261846
vn 0.388992 0.92124 0.00169269
v -0.00784716 0.00964097 0.0333688
vn 0.371911 0.923258 0.0963176
v -0.00343679 0.00706738 0.0311256
vn 0.592186 0.801913 -0.079063
v -0.00595706 0.00801191 0.024335
vn 0.639799 0.755011 -0.143584
v -0.000238869 0.00357095 0.0292333
vn 0.811135 0.510214 -0.285905
v -0.00308297 0.00402414 0.0228395
vn 0.841695 0.452263 -0.294971
v -0.00595706 0.00801191 0.024335
vn 0.639799 0.755011 -0.143584
v -0.00343679 0.00706738 0.0311256
vn 0.592186 0.801913 -0.079063
v -0.000238869 0.00357095 0.0292333
vn 0.811135 0.510214 -0.285905
v -0.00308297 0.00402414 0.0228395
vn 0.841695 0.452263 -0.294971
v 0.00074153 -0.000959518 0.0281067
vn 0.911374 0.0467241 -0.408918
v -0.00212439 -0.000557226 0.0218927
vn 0.92562 0.0065528 -0.378397
v -0.00308297 0.00402414 0.0228395
vn 0.841695 0.452263 -0.294971
v -0.000238869 0.00357095 0.0292333
vn 0.811135 0.510214 -0.285905
v 0.00074153 -0.000959518 0.0281067
vn 0.911374 0.0467241 -0.408918
v -0.00212439 -0.000557226 0.0218927
vn 0.92562 0.0065528 -0.378397
v -0.000442884 -0.00568364 0.0279981
vn 0.815453 -0.390809 -0.426972
v -0.00348771 -0.00521972 0.021775
vn 0.825514 -0.414355 -0.383191
v -0.00212439 -0.000557226 0.0218927
vn 0.92562 0.0065528 -0.378397
v 0.00074153 -0.000959518 0.0281067
vn 0.911374 0.0467241 -0.408918
v -0.000442884 -0.00568364 0.0279981
vn 0.815453 -0.390809 -0.426972
v -0.00348771 -0.00521972 0.021775
vn 0.825514 -0.414355 -0.383191
v -0.00327697 -0.0100826 0.0287791
vn 0.555855 -0.772321 -0.307481
v -0.00650303 -0.00953405 0.0222747
vn 0.56553 -0.765754 -0.306263
v -0.00348771 -0.00521972 0.021775
vn 0.825514 -0.414355 -0.383191
v -0.000442884 -0.00568364 0.0279981
vn 0.815453 -0.390809 -0.426972
v -0.00327697 -0.0100826 0.0287791
vn 0.555855 -0.772321 -0.307481
v -0.00650303 -0.00953405 0.0222747
vn 0.56553 -0.765754 -0.306263
v -0.00847753 -0.0124782 0.0308666
vn 0.204381 -0.973839 -0.0993269
v -0.0118573 -0.012134 0.0237999
vn 0.21963 -0.963392 -0.153747
v -0.00650303 -0.00953405 0.0222747
vn 0.56553 -0.765754 -0.306263
v -0.00327697 -0.0100826 0.0287791
vn 0.555855 -0.772321 -0.307481
v -0.00847753 -0.0124782 0.0308666
vn 0.204381 -0.973839 -0.0993269
v -0.0118573 -0.012134 0.0237999
vn 0.21963 -0.963392 -0.153747
v -0.0146221 -0.0129194 0.0335217
vn -0.119458 -0.986175 0.114845
v -0.0185085 -0.0127973 0.0259159
vn -0.139499 -0.989959 0.0228216
v -0.0118573 -0.012134 0.0237999
vn 0.21963 -0.963392 -0.153747
v -0.00847753 -0.0124782 0.0308666
vn 0.204381 -0.973839 -0.0993269
v -0.0146221 -0.0129194 0.0335217
vn -0.119458 -0.986175 0.114845
v -0.0185085 -0.0127973 0.0259159
vn -0.139499 -0.989959 0.0228216
v -0.0203975 -0.010452 0.0360527
vn -0.467835 -0.820584 0.328287
v -0.0250984 -0.010144 0.0281617
vn -0.547781 -0.809514 0.211244
v -0.0185085 -0.0127973 0.0259159
vn -0.139499 -0.989959 0.0228216
v -0.0146221 -0.0129194 0.0335217
vn -0.119458 -0.986175 0.114845
v -0.0203975 -0.010452 0.0360527
vn -0.467835 -0.820584 0.328287
v -0.0250984 -0.010144 0.0281617
vn -0.547781 -0.809514 0.211244
v -0.0242964 -0.00567435 0.0379134
vn -0.730582 -0.470879 0.494492
v -0.0293867 -0.00464593 0.029762
vn -0.828426 -0.418895 0.371804
v -0.0250984 -0.010144 0.0281617
vn -0.547781 -0.809514 0.211244
v -0.0203975 -0.010452 0.0360527
vn -0.467835 -0.820584 0.328287
v -0.0242964 -0.00567435 0.0379134
vn -0.730582 -0.470879 0.494492
v 0.0179528 -0.00353091 -0.0459392
vn 0.753922 -0.0229252 0.656564
v 0.0190598 -0.0079791 -0.0493816
vn 0.654773 -0.456672 0.602265
v 0.0199495 -0.00387138 -0.0484766
vn 0.789548 -0.014755 0.613511
v 0.0179528 -0.00353091 -0.0459392
vn 0.753922 -0.0229252 0.656564
v 0.0165756 -0.00790601 -0.0466464
vn 0.616236 -0.472981 0.629716
v 0.0190598 -0.0079791 -0.0493816
vn 0.654773 -0.456672 0.602265
v 0.0172889 0.000488239 -0.0469805
vn 0.733395 0.363058 0.574735
v 0.0199495 -0.00387138 -0.0484766
vn 0.789548 -0.014755 0.613511
v 0.0193705 -0.000141243 -0.0494041
vn 0.76803 0.358942 0.530368
v 0.0172889 0.000488239 -0.0469805
vn 0.733395 0.363058 0.574735
v 0.0179528 -0.00353091 -0.0459392
vn 0.753922 -0.0229252 0.656564
v 0.0199495 -0.00387138 -0.0484766
vn 0.789548 -0.014755 0.613511
v 0.0162726 0.0041396 -0.048637
vn 0.648053 0.669711 0.36265
v 0.0193705 -0.000141243 -0.0494041
vn 0.76803 0.358942 0.530368
v 0.0186181 0.00309044 -0.0511505
vn 0.695902 0.664817 0.271549
v 0.0162726 0.0041396 -0.048637
vn 0.648053 0.669711 0.36265
v 0.0172889 0.000488239 -0.0469805
vn 0.733395 0.363058 0.574735
v 0.0193705 -0.000141243 -0.0494041
vn 0.76803 0.358942 0.530368
v 0.0136231 0.00633976 -0.0516448
vn 0.481523 0.873386 0.0730295
v 0.0186181 0.00309044 -0.0511505
vn 0.695902 0.664817 0.271549
v 0.016559 0.0047603 -0.0541662
vn 0.553012 0.832547 -0.0322843
v 0.0136231 0.00633976 -0.0516448
vn 0.481523 0.873386 0.0730295
v 0.0162726 0.0041396 -0.048637
vn 0.648053 0.669711 0.36265
v 0.0186181 0.00309044 -0.0511505
vn 0.695902 0.664817 0.271549
v 0.0108059 0.00768352 -0.0556153
vn 0.349855 0.923441 -0.157666
v 0.016559 0.0047603 -0.0541662
vn 0.553012 0.832547 -0.0322843
v 0.0144044 0.00552785 -0.0578376
vn 0.451175 0.868012 -0.207353
v 0.0108059 0.00768352 -0.0556153
vn 0.349855 0.923441 -0.157666
v 0.0136231 0.00633976 -0.0516448
vn 0.481523 0.873386 0.0730295
v 0.016559 0.0047603 -0.0541662
vn 0.553012 0.832547 -0.0322843
v 0.00761758 0.00721732 -0.060111
vn 0.0817921 0.840361 -0.53582
v 0.0144044 0.00552785 -0.0578376
vn 0.451175 0.868012 -0.207353
v 0.0121429 0.00513698 -0.0619352
vn 0.204716 0.79141 -0.575987
v 0.00761758 0.00721732 -0.060111
vn 0.0817921 0.840361 -0.53582
v 0.0108059 0.00768352 -0.0556153
vn 0.349855 0.923441 -0.157666
v 0.0144044 0.00552785 -0.0578376
vn 0.451175 0.868012 -0.207353
v 0.00441583 0.00394998 -0.062666
vn -0.180725 0.510924 -0.840414
v 0.0121429 0.00513698 -0.0619352
vn 0.204716 0.79141 -0.575987
v 0.00953921 0.00220278 -0.0642754
vn -0.0479682 0.480652 -0.875599
v 0.00441583 0.00394998 -0.062666
vn -0.180725 0.510924 -0.840414
v 0.00761758 0.00721732 -0.060111
vn 0.0817921 0.840361 -0.53582
v 0.0121429 0.00513698 -0.0619352
vn 0.204716 0.79141 -0.575987
v 0.002344 -0.00038876 -0.0636288
vn -0.328698 0.213234 -0.920048
v 0.00953921 0.00220278 -0.0642754
vn -0.0479682 0.480652 -0.875599
v 0.00785911 -0.00154983 -0.0654858
vn -0.183668 0.227769 -0.956236
v 0.002344 -0.00038876 -0.0636288
vn -0.328698 0.213234 -0.920048
v 0.00441583 0.00394998 -0.062666
vn -0.180725 0.510924 -0.840414
v 0.00953921 0.00220278 -0.0642754
vn -0.0479682 0.480652 -0.875599
v 0.00158122 -0.00533921 -0.0637853
vn -0.391548 -0.151496 -0.907601
v 0.00785911 -0.00154983 -0.0654858
vn -0.183668 0.227769 -0.956236
v 0.00735615 -0.00577417 -0.0657482
vn -0.259787 -0.127139 -0.95726
v 0.00158122 -0.00533921 -0.0637853
vn -0.391548 -0.151496 -0.907601
v 0.002344 -0.00038876 -0.0636288
vn -0.328698 0.213234 -0.920048
v 0.00785911 -0.00154983 -0.0654858
vn -0.183668 0.227769 -0.956236
v 0.00274437 -0.0103585 -0.0620215
vn -0.322886 -0.670062 -0.668402
v 0.00735615 -0.00577417 -0.0657482
vn -0.259787 -0.127139 -0.95726
v 0.00831476 -0.0100693 -0.0644033
vn -0.203578 -0.644044 -0.737403
v 0.00274437 -0.0103585 -0.0620215
vn -0.322886 -0.670062 -0.668402
v 0.00158122 -0.00533921 -0.0637853
vn -0.391548 -0.151496 -0.907601
v 0.00735615 -0.00577417 -0.0657482
vn -0.259787 -0.127139 -0.95726
v 0.00603091 -0.0133128 -0.057517
vn -0.105284 -0.95383 -0.281289
v 0.00831476 -0.0100693 -0.0644033
vn -0.203578 -0.644044 -0.737403
v 0.0109168 -0.0126558 -0.0603619
vn 0.0125062 -0.936246 -0.351123
v 0.00603091 -0.0133128 -0.057517
vn -0.105284 -0.95383 -0.281289
v 0.00274437 -0.0103585 -0.0620215
vn -0.322886 -0.670062 -0.668402
v 0.00831476 -0.0100693 -0.0644033
vn -0.203578 -0.644044 -0.737403
v 0.010089 -0.0138666 -0.0526792
vn 0.127113 -0.991131 0.0387428
v 0.0109168 -0.0126558 -0.0603619
vn 0.0125062 -0.936246 -0.351123
v 0.014093 -0.0130688 -0.055764
vn 0.195209 -0.97998 -0.0391619
v 0.010089 -0.0138666 -0.0526792
vn 0.127113 -0.991131 0.0387428
v 0.00603091 -0.0133128 -0.057517
vn -0.105284 -0.95383 -0.281289
v 0.0109168 -0.0126558 -0.0603619
vn 0.0125062 -0.936246 -0.351123
v 0.0140492 -0.0120672 -0.0485958
vn 0.400659 -0.819403 0.40994
v 0.014093 -0.0130688 -0.055764
vn 0.195209 -0.97998 -0.0391619
v 0.0172315 -0.011728 -0.0516581
vn 0.429336 -0.833989 0.346601
v 0.0140492 -0.0120672 -0.0485958
vn 0.400659 -0.819403 0.40994
v 0.010089 -0.0138666 -0.0526792
vn 0.127113 -0.991131 0.0387428
v 0.014093 -0.0130688 -0.055764
vn 0.195209 -0.97998 -0.0391619
v 0.0165756 -0.00790601 -0.0466464
vn 0.616236 -0.472981 0.629716
v 0.0172315 -0.011728 -0.0516581
vn 0.429336 -0.833989 0.346601
v 0.0190598 -0.0079791 -0.0493816
vn 0.654773 -0.456672 0.602265
v 0.0165756 -0.00790601 -0.0466464
vn 0.616236 -0.472981 0.629716
v 0.0140492 -0.0120672 -0.0485958
vn 0.400659 -0.819403 0.40994
v 0.0172315 -0.011728 -0.0516581
vn 0.429336 -0.833989 0.346601
v 0.0193804 -0.00173917 -0.0651421
vn 0.110649 0.425062 -0.898376
v 0.0241342 -0.00481101 -0.0661985
vn 0.272163 0.364355 -0.890602
v 0.0184657 -0.00390821 -0.0660494
vn 0.0362736 0.29655 -0.954328
v 0.0193804 -0.00173917 -0.0651421
vn 0.110649 0.425062 -0.898376
v 0.0245578 -0.00353919 -0.0654789
vn 0.302899 0.392146 -0.868605
v 0.0241342 -0.00481101 -0.0661985
vn 0.272163 0.364355 -0.890602
v 0.0184657 -0.00390821 -0.0660494
vn 0.0362736 0.29655 -0.954328
v 0.0241833 -0.00649531 -0.0668318
vn 0.266547 0.0873275 -0.959858
v 0.0182172 -0.00644008 -0.0667385
vn -0.0275664 0.0159841 -0.999492
v 0.0184657 -0.00390821 -0.0660494
vn 0.0362736 0.29655 -0.954328
v 0.0241342 -0.00481101 -0.0661985
vn 0.272163 0.364355 -0.890602
v 0.0241833 -0.00649531 -0.0668318
vn 0.266547 0.0873275 -0.959858
v 0.0182172 -0.00644008 -0.0667385
vn -0.0275664 0.0159841 -0.999492
v 0.0245979 -0.00824718 -0.0664738
vn 0.284956 -0.25883 -0.922934
v 0.0188049 -0.00912837 -0.0661327
vn -0.046769 -0.526719 -0.848752
v 0.0182172 -0.00644008 -0.0667385
vn -0.0275664 0.0159841 -0.999492
v 0.0241833 -0.00649531 -0.0668318
vn 0.266547 0.0873275 -0.959858
v 0.0245979 -0.00824718 -0.0664738
vn 0.284956 -0.25883 -0.922934
v 0.0188049 -0.00912837 -0.0661327
vn -0.046769 -0.526719 -0.848752
v 0.0258735 -0.00991559 -0.0653773
vn 0.404669 -0.557151 -0.725138
v 0.0203738 -0.011296 -0.063963
vn -0.0135941 -0.903256 -0.428887
v 0.0188049 -0.00912837 -0.0661327
vn -0.046769 -0.526719 -0.848752
v 0.0245979 -0.00824718 -0.0664738
vn 0.284956 -0.25883 -0.922934
v 0.0258735 -0.00991559 -0.0653773
vn 0.404669 -0.557151 -0.725138
v 0.0203738 -0.011296 -0.063963
vn -0.0135941 -0.903256 -0.428887
v 0.0275812 -0.010675 -0.063074
vn 0.619936 -0.737592 -0.267649
v 0.0223685 -0.0114983 -0.0604025
vn 0.155929 -0.987765 0.00253703
v 0.0203738 -0.011296 -0.063963
vn -0.0135941 -0.903256 -0.428887
v 0.0258735 -0.00991559 -0.0653773
vn 0.404669 -0.557151 -0.725138
v 0.0275812 -0.010675 -0.063074
vn 0.619936 -0.737592 -0.267649
v 0.0223685 -0.0114983 -0.0604025
vn 0.155929 -0.987765 0.00253703
v 0.0287394 -0.00952161 -0.0604589
vn 0.791173 -0.608223 0.0641032
v 0.0244396 -0.010762 -0.0569143
vn 0.415499 -0.833878 0.363328
v 0.0223685 -0.0114983 -0.0604025
vn 0.155929 -0.987765 0.00253703
v 0.0275812 -0.010675 -0.063074
vn 0.619936 -0.737592 -0.267649
v 0.0287394 -0.00952161 -0.0604589
vn 0.791173 -0.608223 0.0641032
v 0.0244396 -0.010762 -0.0569143
vn 0.415499 -0.833878 0.363328
v 0.029567 -0.00740601 -0.058961
vn 0.91252 -0.300286 0.277732
v 0.0254438 -0.00783037 -0.055037
vn 0.624996 -0.320802 0.711664
v 0.0244396 -0.010762 -0.0569143
vn 0.415499 -0.833878 0.363328
v 0.0287394 -0.00952161 -0.0604589
vn 0.791173 -0.608223 0.0641032
v 0.029567 -0.00740601 -0.058961
vn 0.91252 -0.300286 0.277732
v 0.0254438 -0.00783037 -0.055037
vn 0.624996 -0.320802 0.711664
v 0.0299068 -0.00510132 -0.0590177
vn 0.954134 0.0370465 0.297078
v 0.0255199 -0.00470856 -0.0550415
vn 0.697794 0.0857781 0.711144
v 0.0254438 -0.00783037 -0.055037
vn 0.624996 -0.320802 0.711664
v 0.029567 -0.00740601 -0.058961
vn 0.91252 -0.300286 0.277732
v 0.0299068 -0.00510132 -0.0590177
vn 0.954134 0.0370465 0.297078
v 0.0255199 -0.00470856 -0.0550415
vn 0.697794 0.0857781 0.711144
v 0.0298247 -0.00307017 -0.0599985
vn 0.864994 0.501252 0.0230565
v 0.0254094 -0.00202328 -0.0557824
vn 0.672407 0.526252 0.520507
v 0.0255199 -0.00470856 -0.0550415
vn 0.697794 0.0857781 0.711144
v 0.0299068 -0.00510132 -0.0590177
vn 0.954134 0.0370465 0.297078
v 0.0298247 -0.00307017 -0.0599985
vn 0.864994 0.501252 0.0230565
v 0.0254094 -0.00202328 -0.0557824
vn 0.672407 0.526252 0.520507
v 0.0283065 -0.00232054 -0.0611181
vn 0.650395 0.740132 -0.170851
v 0.0243633 -0.00049375 -0.0574089
vn 0.5521 0.815192 0.175063
v 0.0254094 -0.00202328 -0.0557824
vn 0.672407 0.526252 0.520507
v 0.0298247 -0.00307017 -0.0599985
vn 0.864994 0.501252 0.0230565
v 0.0283065 -0.00232054 -0.0611181
vn 0.650395 0.740132 -0.170851
v 0.0243633 -0.00049375 -0.0574089
vn 0.5521 0.815192 0.175063
v 0.0275774 -0.00184143 -0.0625409
vn 0.651685 0.695904 -0.301701
v 0.0231218 0.000129818 -0.059456
vn 0.439609 0.896429 -0.056208
v 0.0243633 -0.00049375 -0.0574089
vn 0.5521 0.815192 0.175063
v 0.0283065 -0.00232054 -0.0611181
vn 0.650395 0.740132 -0.170851
v 0.0275774 -0.00184143 -0.0625409
vn 0.651685 0.695904 -0.301701
v 0.0231218 0.000129818 -0.059456
vn 0.439609 0.896429 -0.056208
v 0.0265386 -0.00192704 -0.0639876
vn 0.442071 0.630195 -0.6383
v 0.0220108 0.000427511 -0.0617446
vn 0.418335 0.876058 -0.239828
v 0.0231218 0.000129818 -0.059456
vn 0.439609 0.896429 -0.056208
v 0.0275774 -0.00184143 -0.0625409
vn 0.651685 0.695904 -0.301701
v 0.0265386 -0.00192704 -0.0639876
vn 0.442071 0.630195 -0.6383
v 0.0220108 0.000427511 -0.0617446
vn 0.418335 0.876058 -0.239828
v 0.0253297 -0.00258748 -0.064776
vn 0.306868 0.480684 -0.821447
v 0.0207775 1.1181e-05 -0.0639689
vn 0.28987 0.688483 -0.664806
v 0.0220108 0.000427511 -0.0617446
vn 0.418335 0.876058 -0.239828
v 0.0265386 -0.00192704 -0.0639876
vn 0.442071 0.630195 -0.6383
v 0.0253297 -0.00258748 -0.064776
vn 0.306868 0.480684 -0.821447
v 0.0207775 1.1181e-05 -0.0639689
vn 0.28987 0.688483 -0.664806
v 0.0245578 -0.00353919 -0.0654789
vn 0.302899 0.392146 -0.868605
v 0.0193804 -0.00173917 -0.0651421
vn 0.110649 0.425062 -0.898376
v 0.0207775 1.1181e-05 -0.0639689
vn 0.28987 0.688483 -0.664806
v 0.0253297 -0.00258748 -0.064776
vn 0.306868 0.480684 -0.821447
v 0.0245578 -0.00353919 -0.0654789
vn 0.302899 0.392146 -0.868605
v -0.0146221 -0.0129194 0.0335217
vn -0.119458 -0.986175 0.114845
v -0.0144619 -0.010092 0.0427484
vn -0.331162 -0.830609 0.447683
v -0.0203975 -0.010452 0.0360527
vn -0.467835 -0.820584 0.328287
v -0.0146221 -0.0129194 0.0335217
vn -0.119458 -0.986175 0.114845
v -0.00978741 -0.0121109 0.0402479
vn -0.0655071 -0.969129 0.237693
v -0.0144619 -0.010092 0.0427484
vn -0.331162 -0.830609 0.447683
v -0.0203975 -0.010452 0.0360527
vn -0.467835 -0.820584 0.328287
v -0.0177925 -0.00650516 0.0448778
vn -0.555063 -0.542737 0.63035
v -0.0242964 -0.00567435 0.0379134
vn -0.730582 -0.470879 0.494492
v -0.0203975 -0.010452 0.0360527
vn -0.467835 -0.820584 0.328287
v -0.0144619 -0.010092 0.0427484
vn -0.331162 -0.830609 0.447683
v -0.0177925 -0.00650516 0.0448778
vn -0.555063 -0.542737 0.63035
v -0.0242964 -0.00567435 0.0379134
vn -0.730582 -0.470879 0.494492
v -0.0188598 -0.00190885 0.0462323
vn -0.641292 -0.0710013 0.764005
v -0.0254092 -5.02304e-05 0.0388818
vn -0.809817 -0.00296969 0.586676
v -0.0242964 -0.00567435 0.0379134
vn -0.730582 -0.470879 0.494492
v -0.0177925 -0.00650516 0.0448778
vn -0.555063 -0.542737 0.63035
v -0.0188598 -0.00190885 0.0462323
vn -0.641292 -0.0710013 0.764005
v -0.0254092 -5.02304e-05 0.0388818
vn -0.809817 -0.00296969 0.586676
v -0.0173726 0.00269587 0.0462201
vn -0.509763 0.394957 0.764298
v -0.0237906 0.00529525 0.0389707
vn -0.651499 0.487344 0.581416
v -0.0254092 -5.02304e-05 0.0388818
vn -0.809817 -0.00296969 0.586676
v -0.0188598 -0.00190885 0.0462323
vn -0.641292 -0.0710013 0.764005
v -0.0173726 0.00269587 0.0462201
vn -0.509763 0.394957 0.764298
v -0.0237906 0.00529525 0.0389707
vn -0.651499 0.487344 0.581416
v -0.0139488 0.00638179 0.0449797
vn -0.223038 0.761081 0.609106
v -0.0192323 0.00909707 0.0377542
vn -0.30468 0.845628 0.438273
v -0.0237906 0.00529525 0.0389707
vn -0.651499 0.487344 0.581416
v -0.0173726 0.00269587 0.0462201
vn -0.509763 0.394957 0.764298
v -0.0139488 0.00638179 0.0449797
vn -0.223038 0.761081 0.609106
v -0.0192323 0.00909707 0.0377542
vn -0.30468 0.845628 0.438273
v -0.00929896 0.00791731 0.0424916
vn 0.116379 0.914656 0.387119
v -0.0134027 0.0106016 0.0357456
vn 0.0554633 0.959613 0.275803
v -0.0192323 0.00909707 0.0377542
vn -0.30468 0.845628 0.438273
v -0.0139488 0.00638179 0.0449797
vn -0.223038 0.761081 0.609106
v -0.00929896 0.00791731 0.0424916
vn 0.116379 0.914656 0.387119
v -0.0134027 0.0106016 0.0357456
vn 0.0554633 0.959613 0.275803
v -0.0047282 0.00727373 0.0397944
vn 0.382167 0.903459 0.194189
v -0.00784716 0.00964097 0.0333688
vn 0.371911 0.923258 0.0963176
v -0.0134027 0.0106016 0.0357456
vn 0.0554633 0.959613 0.275803
v -0.00929896 0.00791731 0.0424916
vn 0.116379 0.914656 0.387119
v -0.0047282 0.00727373 0.0397944
vn 0.382167 0.903459 0.194189
v -0.00784716 0.00964097 0.0333688
vn 0.371911 0.923258 0.0963176
v -0.000751806 0.00538288 0.0374058
vn 0.567028 0.822302 0.0479533
v -0.00343679 0.00706738 0.0311256
vn 0.592186 0.801913 -0.079063
v -0.00784716 0.00964097 0.0333688
vn 0.371911 0.923258 0.0963176
v -0.0047282 0.00727373 0.0397944
vn 0.382167 0.903459 0.194189
v -0.000751806 0.00538288 0.0374058
vn 0.567028 0.822302 0.0479533
v -0.00343679 0.00706738 0.0311256
vn 0.592186 0.801913 -0.079063
v 0.00248876 0.00261585 0.0353961
vn 0.813388 0.552357 -0.182489
v -0.000238869 0.00357095 0.0292333
vn 0.811135 0.510214 -0.285905
v -0.00343679 0.00706738 0.0311256
vn 0.592186 0.801913 -0.079063
v -0.000751806 0.00538288 0.0374058
vn 0.567028 0.822302 0.0479533
v 0.00248876 0.00261585 0.0353961
vn 0.813388 0.552357 -0.182489
v -0.000238869 0.00357095 0.0292333
vn 0.811135 0.510214 -0.285905
v 0.00334402 -0.00153993 0.0342415
vn 0.930164 0.0893207 -0.356112
v 0.00074153 -0.000959518 0.0281067
vn 0.911374 0.0467241 -0.408918
v -0.000238869 0.00357095 0.0292333
vn 0.811135 0.510214 -0.285905
v 0.00248876 0.00261585 0.0353961
vn 0.813388 0.552357 -0.182489
v 0.00334402 -0.00153993 0.0342415
vn 0.930164 0.0893207 -0.356112
v 0.00074153 -0.000959518 0.0281067
vn 0.911374 0.0467241 -0.408918
v 0.00268228 -0.00598716 0.0340338
vn 0.845174 -0.364709 -0.390729
v -0.000442884 -0.00568364 0.0279981
vn 0.815453 -0.390809 -0.426972
v 0.00074153 -0.000959518 0.0281067
vn 0.911374 0.0467241 -0.408918
v 0.00334402 -0.00153993 0.0342415
vn 0.930164 0.0893207 -0.356112
v 0.00268228 -0.00598716 0.0340338
vn 0.845174 -0.364709 -0.390729
v -0.000442884 -0.00568364 0.0279981
vn 0.815453 -0.390809 -0.426972
v 8.75496e-05 -0.0100192 0.0350851
vn 0.572322 -0.76623 -0.292128
v -0.00327697 -0.0100826 0.0287791
vn 0.555855 -0.772321 -0.307481
v -0.000442884 -0.00568364 0.0279981
vn 0.815453 -0.390809 -0.426972
v 0.00268228 -0.00598716 0.0340338
vn 0.845174 -0.364709 -0.390729
v 8.75496e-05 -0.0100192 0.0350851
vn 0.572322 -0.76623 -0.292128
v -0.00327697 -0.0100826 0.0287791
vn 0.555855 -0.772321 -0.307481
v -0.00456916 -0.012033 0.0374436
vn 0.151577 -0.987838 -0.0346553
v -0.00847753 -0.0124782 0.0308666
vn 0.204381 -0.973839 -0.0993269
v -0.00327697 -0.0100826 0.0287791
vn 0.555855 -0.772321 -0.307481
v 8.75496e-05 -0.0100192 0.0350851
vn 0.572322 -0.76623 -0.292128
v -0.00456916 -0.012033 0.0374436
vn 0.151577 -0.987838 -0.0346553
v -0.00847753 -0.0124782 0.0308666
vn 0.204381 -0.973839 -0.0993269
v -0.00978741 -0.0121109 0.0402479
vn -0.0655071 -0.969129 0.237693
v -0.0146221 -0.0129194 0.0335217
vn -0.119458 -0.986175 0.114845
v -0.00847753 -0.0124782 0.0308666
vn 0.204381 -0.973839 -0.0993269
v -0.00456916 -0.012033 0.0374436
vn 0.151577 -0.987838 -0.0346553
v -0.00978741 -0.0121109 0.0402479
vn -0.0655071 -0.969129 0.237693
v -0.00978741 -0.0121109 0.0402479
vn -0.0655071 -0.969129 0.237693
v -0.00753825 -0.00917493 0.0476796
vn -0.153399 -0.823027 0.546896
v -0.0144619 -0.010092 0.0427484
vn -0.331162 -0.830609 0.447683
v -0.00978741 -0.0121109 0.0402479
vn -0.0655071 -0.969129 0.237693
v -0.00418612 -0.0105456 0.0455486
vn -0.0532127 -0.910905 0.40917
v -0.00753825 -0.00917493 0.0476796
vn -0.153399 -0.823027 0.546896
v -0.0144619 -0.010092 0.0427484
vn -0.331162 -0.830609 0.447683
v -0.00984824 -0.00684296 0.0495995
vn -0.307627 -0.599545 0.738858
v -0.0177925 -0.00650516 0.0448778
vn -0.555063 -0.542737 0.63035
v -0.0144619 -0.010092 0.0427484
vn -0.331162 -0.830609 0.447683
v -0.00753825 -0.00917493 0.0476796
vn -0.153399 -0.823027 0.546896
v -0.00984824 -0.00684296 0.0495995
vn -0.307627 -0.599545 0.738858
v -0.0177925 -0.00650516 0.0448778
vn -0.555063 -0.542737 0.63035
v -0.0105584 -0.00362526 0.0510711
vn -0.357943 -0.16347 0.919323
v -0.0188598 -0.00190885 0.0462323
vn -0.641292 -0.0710013 0.764005
v -0.0177925 -0.00650516 0.0448778
vn -0.555063 -0.542737 0.63035
v -0.00984824 -0.00684296 0.0495995
vn -0.307627 -0.599545 0.738858
v -0.0105584 -0.00362526 0.0510711
vn -0.357943 -0.16347 0.919323
v -0.0188598 -0.00190885 0.0462323
vn -0.641292 -0.0710013 0.764005
v -0.0094348 -0.000112714 0.0510296
vn -0.257629 0.261309 0.930239
v -0.0173726 0.00269587 0.0462201
vn -0.509763 0.394957 0.764298
v -0.0188598 -0.00190885 0.0462323
vn -0.641292 -0.0710013 0.764005
v -0.0105584 -0.00362526 0.0510711
vn -0.357943 -0.16347 0.919323
v -0.0094348 -0.000112714 0.0510296
vn -0.257629 0.261309 0.930239
v -0.0173726 0.00269587 0.0462201
vn -0.509763 0.394957 0.764298
v -0.00718291 0.00300809 0.0500919
vn -0.0425119 0.620522 0.783036
v -0.0139488 0.00638179 0.0449797
vn -0.223038 0.761081 0.609106
v -0.0173726 0.00269587 0.0462201
vn -0.509763 0.394957 0.764298
v -0.0094348 -0.000112714 0.0510296
vn -0.257629 0.261309 0.930239
v -0.00718291 0.00300809 0.0500919
vn -0.0425119 0.620522 0.783036
v -0.0139488 0.00638179 0.0449797
vn -0.223038 0.761081 0.609106
v -0.00402233 0.00438352 0.0475411
vn 0.238358 0.832292 0.500475
v -0.00929896 0.00791731 0.0424916
vn 0.116379 0.914656 0.387119
v -0.0139488 0.00638179 0.0449797
vn -0.223038 0.761081 0.609106
v -0.00718291 0.00300809 0.0500919
vn -0.0425119 0.620522 0.783036
v -0.00402233 0.00438352 0.0475411
vn 0.238358 0.832292 0.500475
v -0.00929896 0.00791731 0.0424916
vn 0.116379 0.914656 0.387119
v -0.000668016 0.00416598 0.0449966
vn 0.460202 0.838686 0.291237
v -0.0047282 0.00727373 0.0397944
vn 0.382167 0.903459 0.194189
v -0.00929896 0.00791731 0.0424916
vn 0.116379 0.914656 0.387119
v -0.00402233 0.00438352 0.0475411
vn 0.238358 0.832292 0.500475
v -0.000668016 0.00416598 0.0449966
vn 0.460202 0.838686 0.291237
v -0.0047282 0.00727373 0.0397944
vn 0.382167 0.903459 0.194189
v 0.00226373 0.00262473 0.0427432
vn 0.600618 0.789056 0.129026
v -0.000751806 0.00538288 0.0374058
vn 0.567028 0.822302 0.0479533
v -0.0047282 0.00727373 0.0397944
vn 0.382167 0.903459 0.194189
v -0.000668016 0.00416598 0.0449966
vn 0.460202 0.838686 0.291237
v 0.00226373 0.00262473 0.0427432
vn 0.600618 0.789056 0.129026
v -0.000751806 0.00538288 0.0374058
vn 0.567028 0.822302 0.0479533
v 0.0047291 0.000520103 0.0410733
vn 0.803533 0.577978 -0.142397
v 0.00248876 0.00261585 0.0353961
vn 0.813388 0.552357 -0.182489
v -0.000751806 0.00538288 0.0374058
vn 0.567028 0.822302 0.0479533
v 0.00226373 0.00262473 0.0427432
vn 0.600618 0.789056 0.129026
v 0.0047291 0.000520103 0.0410733
vn 0.803533 0.577978 -0.142397
v 0.00248876 0.00261585 0.0353961
vn 0.813388 0.552357 -0.182489
v 0.00545139 -0.00261867 0.0401996
vn 0.901902 0.138418 -0.409162
v 0.00334402 -0.00153993 0.0342415
vn 0.930164 0.0893207 -0.356112
v 0.00248876 0.00261585 0.0353961
vn 0.813388 0.552357 -0.182489
v 0.0047291 0.000520103 0.0410733
vn 0.803533 0.577978 -0.142397
v 0.00545139 -0.00261867 0.0401996
vn 0.901902 0.138418 -0.409162
v 0.00334402 -0.00153993 0.0342415
vn 0.930164 0.0893207 -0.356112
v 0.00516156 -0.00603878 0.0399933
vn 0.82172 -0.336385 -0.460024
v 0.00268228 -0.00598716 0.0340338
vn 0.845174 -0.364709 -0.390729
v 0.00334402 -0.00153993 0.0342415
vn 0.930164 0.0893207 -0.356112
v 0.00545139 -0.00261867 0.0401996
vn 0.901902 0.138418 -0.409162
v 0.00516156 -0.00603878 0.0399933
vn 0.82172 -0.336385 -0.460024
v 0.00268228 -0.00598716 0.0340338
vn 0.845174 -0.364709 -0.390729
v 0.0032016 -0.00903875 0.0409339
vn 0.661566 -0.689652 -0.294466
v 8.75496e-05 -0.0100192 0.0350851
vn 0.572322 -0.76623 -0.292128
v 0.00268228 -0.00598716 0.0340338
vn 0.845174 -0.364709 -0.390729
v 0.00516156 -0.00603878 0.0399933
vn 0.82172 -0.336385 -0.460024
v 0.0032016 -0.00903875 0.0409339
vn 0.661566 -0.689652 -0.294466
v 8.75496e-05 -0.0100192 0.0350851
vn 0.572322 -0.76623 -0.292128
v 0.000348089 -0.0121615 0.0428411
vn 0.254294 -0.96259 0.0935694
v -0.00456916 -0.012033 0.0374436
vn 0.151577 -0.987838 -0.0346553
v 8.75496e-05 -0.0100192 0.0350851
vn 0.572322 -0.76623 -0.292128
v 0.0032016 -0.00903875 0.0409339
vn 0.661566 -0.689652 -0.294466
v 0.000348089 -0.0121615 0.0428411
vn 0.254294 -0.96259 0.0935694
v -0.00456916 -0.012033 0.0374436
vn 0.151577 -0.987838 -0.0346553
v -0.00418612 -0.0105456 0.0455486
vn -0.0532127 -0.910905 0.40917
v -0.00978741 -0.0121109 0.0402479
vn -0.0655071 -0.969129 0.237693
v -0.00456916 -0.012033 0.0374436
vn 0.151577 -0.987838 -0.0346553
v 0.000348089 -0.0121615 0.0428411
vn 0.254294 -0.96259 0.0935694
v -0.00418612 -0.0105456 0.0455486
vn -0.0532127 -0.910905 0.40917
v -0.00753825 -0.00917493 0.0476796
vn -0.153399 -0.823027 0.546896
v -0.00143683 -0.0067149 0.05162
vn -0.16816 -0.652056 0.739287
v -0.00984824 -0.00684296 0.0495995
vn -0.307627 -0.599545 0.738858
v -0.00753825 -0.00917493 0.0476796
vn -0.153399 -0.823027 0.546896
v 3.61044e-05 -0.00756834 0.0502191
vn -0.101606 -0.886612 0.451215
v -0.00143683 -0.0067149 0.05162
vn -0.16816 -0.652056 0.739287
v -0.0105584 -0.00362526 0.0510711
vn -0.357943 -0.16347 0.919323
v -0.00143683 -0.0067149 0.05162
vn -0.16816 -0.652056 0.739287
v -0.00167137 -0.00490267 0.0523211
vn -0.188229 -0.126131 0.973992
v -0.0105584 -0.00362526 0.0510711
vn -0.357943 -0.16347 0.919323
v -0.00984824 -0.00684296 0.0495995
vn -0.307627 -0.599545 0.738858
v -0.00143683 -0.0067149 0.05162
vn -0.16816 -0.652056 0.739287
v -0.0094348 -0.000112714 0.0510296
vn -0.257629 0.261309 0.930239
v -0.00167137 -0.00490267 0.0523211
vn -0.188229 -0.126131 0.973992
v -0.000811416 -0.0027211 0.0521294
vn -0.121124 0.225502 0.966684
v -0.0094348 -0.000112714 0.0510296
vn -0.257629 0.261309 0.930239
v -0.0105584 -0.00362526 0.0510711
vn -0.357943 -0.16347 0.919323
v -0.00167137 -0.00490267 0.0523211
vn -0.188229 -0.126131 0.973992
v -0.00718291 0.00300809 0.0500919
vn -0.0425119 0.620522 0.783036
v -0.000811416 -0.0027211 0.0521294
vn -0.121124 0.225502 0.966684
v 0.000631275 -0.000769169 0.0516442
vn 0.0854227 0.609733 0.78799
v -0.00718291 0.00300809 0.0500919
vn -0.0425119 0.620522 0.783036
v -0.0094348 -0.000112714 0.0510296
vn -0.257629 0.261309 0.930239
v -0.000811416 -0.0027211 0.0521294
vn -0.121124 0.225502 0.966684
v -0.00402233 0.00438352 0.0475411
vn 0.238358 0.832292 0.500475
v 0.000631275 -0.000769169 0.0516442
vn 0.0854227 0.609733 0.78799
v 0.00241882 -0.000375217 0.0498528
vn 0.344902 0.861682 0.37222
v -0.00402233 0.00438352 0.0475411
vn 0.238358 0.832292 0.500475
v -0.00718291 0.00300809 0.0500919
vn -0.0425119 0.620522 0.783036
v 0.000631275 -0.000769169 0.0516442
vn 0.0854227 0.609733 0.78799
v -0.000668016 0.00416598 0.0449966
vn 0.460202 0.838686 0.291237
v 0.00241882 -0.000375217 0.0498528
vn 0.344902 0.861682 0.37222
v 0.00442569 -0.000925508 0.0481387
vn 0.399834 0.892477 0.208846
v -0.000668016 0.00416598 0.0449966
vn 0.460202 0.838686 0.291237
v -0.00402233 0.00438352 0.0475411
vn 0.238358 0.832292 0.500475
v 0.00241882 -0.000375217 0.0498528
vn 0.344902 0.861682 0.37222
v 0.00226373 0.00262473 0.0427432
vn 0.600618 0.789056 0.129026
v 0.00442569 -0.000925508 0.0481387
vn 0.399834 0.892477 0.208846
v 0.00665385 -0.00149894 0.0469089
vn 0.41838 0.903513 0.0928518
v 0.00226373 0.00262473 0.0427432
vn 0.600618 0.789056 0.129026
v -0.000668016 0.00416598 0.0449966
vn 0.460202 0.838686 0.291237
v 0.00442569 -0.000925508 0.0481387
vn 0.399834 0.892477 0.208846
v 0.0047291 0.000520103 0.0410733
vn 0.803533 0.577978 -0.142397
v 0.00665385 -0.00149894 0.0469089
vn 0.41838 0.903513 0.0928518
v 0.00846571 -0.00247471 0.0460657
vn 0.629816 0.698588 -0.339569
v 0.0047291 0.000520103 0.0410733
vn 0.803533 0.577978 -0.142397
v 0.00226373 0.00262473 0.0427432
vn 0.600618 0.789056 0.129026
v 0.00665385 -0.00149894 0.0469089
vn 0.41838 0.903513 0.0928518
v 0.00545139 -0.00261867 0.0401996
vn 0.901902 0.138418 -0.409162
v 0.00846571 -0.00247471 0.0460657
vn 0.629816 0.698588 -0.339569
v 0.00912254 -0.00435921 0.0455934
vn 0.694295 0.26344 -0.669742
v 0.00545139 -0.00261867 0.0401996
vn 0.901902 0.138418 -0.409162
v 0.0047291 0.000520103 0.0410733
vn 0.803533 0.577978 -0.142397
v 0.00846571 -0.00247471 0.0460657
vn 0.629816 0.698588 -0.339569
v 0.00516156 -0.00603878 0.0399933
vn 0.82172 -0.336385 -0.460024
v 0.00912254 -0.00435921 0.0455934
vn 0.694295 0.26344 -0.669742
v 0.00915646 -0.00664264 0.0451675
vn 0.612843 -0.277622 -0.739831
v 0.00516156 -0.00603878 0.0399933
vn 0.82172 -0.336385 -0.460024
v 0.00545139 -0.00261867 0.0401996
vn 0.901902 0.138418 -0.409162
v 0.00912254 -0.00435921 0.0455934
vn 0.694295 0.26344 -0.669742
v 0.00516156 -0.00603878 0.0399933
vn 0.82172 -0.336385 -0.460024
v 0.00753113 -0.00850688 0.0459157
vn 0.308063 -0.85345 -0.420382
v 0.0032016 -0.00903875 0.0409339
vn 0.661566 -0.689652 -0.294466
v 0.00516156 -0.00603878 0.0399933
vn 0.82172 -0.336385 -0.460024
v 0.00915646 -0.00664264 0.0451675
vn 0.612843 -0.277622 -0.739831
v 0.00753113 -0.00850688 0.0459157
vn 0.308063 -0.85345 -0.420382
v 0.0032016 -0.00903875 0.0409339
vn 0.661566 -0.689652 -0.294466
v 0.00493775 -0.00914782 0.0474001
vn 0.0748528 -0.9949 0.0676145
v 0.000348089 -0.0121615 0.0428411
vn 0.254294 -0.96259 0.0935694
v 0.0032016 -0.00903875 0.0409339
vn 0.661566 -0.689652 -0.294466
v 0.00753113 -0.00850688 0.0459157
vn 0.308063 -0.85345 -0.420382
v 0.00493775 -0.00914782 0.0474001
vn 0.0748528 -0.9949 0.0676145
v 0.000348089 -0.0121615 0.0428411
vn 0.254294 -0.96259 0.0935694
v 0.00224461 -0.0084392 0.0489326
vn -0.0988114 -0.918636 0.382549
v -0.00418612 -0.0105456 0.0455486
vn -0.0532127 -0.910905 0.40917
v 0.000348089 -0.0121615 0.0428411
vn 0.254294 -0.96259 0.0935694
v 0.00493775 -0.00914782 0.0474001
vn 0.0748528 -0.9949 0.0676145
v 0.00224461 -0.0084392 0.0489326
vn -0.0988114 -0.918636 0.382549
v -0.00418612 -0.0105456 0.0455486
vn -0.0532127 -0.910905 0.40917
v 3.61044e-05 -0.00756834 0.0502191
vn -0.101606 -0.886612 0.451215
v -0.00753825 -0.00917493 0.0476796
vn -0.153399 -0.823027 0.546896
v -0.00418612 -0.0105456 0.0455486
vn -0.0532127 -0.910905 0.40917
v 0.00224461 -0.0084392 0.0489326
vn -0.0988114 -0.918636 0.382549
v 3.61044e-05 -0.00756834 0.0502191
vn -0.101606 -0.886612 0.451215
v 0.00652088 -0.00748355 0.0539203
vn -0.375387 -0.453016 0.808617
v 3.61044e-05 -0.00756834 0.0502191
vn -0.101606 -0.886612 0.451215
v 0.00732457 -0.00834468 0.0536064
vn -0.355815 -0.765633 0.535912
v 0.00652088 -0.00748355 0.0539203
vn -0.375387 -0.453016 0.808617
v -0.00143683 -0.0067149 0.05162
vn -0.16816 -0.652056 0.739287
v 3.61044e-05 -0.00756834 0.0502191
vn -0.101606 -0.886612 0.451215
v 0.0065661 -0.0062962 0.0542477
vn -0.320042 -0.0504551 0.946059
v -0.00143683 -0.0067149 0.05162
vn -0.16816 -0.652056 0.739287
v 0.00652088 -0.00748355 0.0539203
vn -0.375387 -0.453016 0.808617
v 0.0065661 -0.0062962 0.0542477
vn -0.320042 -0.0504551 0.946059
v -0.00167137 -0.00490267 0.0523211
vn -0.188229 -0.126131 0.973992
v -0.00143683 -0.0067149 0.05162
vn -0.16816 -0.652056 0.739287
v -0.000811416 -0.0027211 0.0521294
vn -0.121124 0.225502 0.966684
v 0.0065661 -0.0062962 0.0542477
vn -0.320042 -0.0504551 0.946059
v 0.00736292 -0.00466875 0.0542349
vn -0.253425 0.270496 0.928767
v -0.000811416 -0.0027211 0.0521294
vn -0.121124 0.225502 0.966684
v -0.00167137 -0.00490267 0.0523211
vn -0.188229 -0.126131 0.973992
v 0.0065661 -0.0062962 0.0542477
vn -0.320042 -0.0504551 0.946059
v 0.000631275 -0.000769169 0.0516442
vn 0.0854227 0.609733 0.78799
v 0.00736292 -0.00466875 0.0542349
vn -0.253425 0.270496 0.928767
v 0.00853451 -0.00318362 0.0538656
vn -0.095753 0.672273 0.734085
v 0.000631275 -0.000769169 0.0516442
vn 0.0854227 0.609733 0.78799
v -0.000811416 -0.0027211 0.0521294
vn -0.121124 0.225502 0.966684
v 0.00736292 -0.00466875 0.0542349
vn -0.253425 0.270496 0.928767
v 0.00241882 -0.000375217 0.0498528
vn 0.344902 0.861682 0.37222
v 0.00853451 -0.00318362 0.0538656
vn -0.095753 0.672273 0.734085
v 0.00991272 -0.0026711 0.0529685
vn 0.152019 0.948176 0.27902
v 0.00241882 -0.000375217 0.0498528
vn 0.344902 0.861682 0.37222
v 0.000631275 -0.000769169 0.0516442
vn 0.0854227 0.609733 0.78799
v 0.00853451 -0.00318362 0.0538656
vn -0.095753 0.672273 0.734085
v 0.00442569 -0.000925508 0.0481387
vn 0.399834 0.892477 0.208846
v 0.00991272 -0.0026711 0.0529685
vn 0.152019 0.948176 0.27902
v 0.0114504 -0.00308927 0.0519955
vn 0.227743 0.972608 0.0465427
v 0.00442569 -0.000925508 0.0481387
vn 0.399834 0.892477 0.208846
v 0.00241882 -0.000375217 0.0498528
vn 0.344902 0.861682 0.37222
v 0.00991272 -0.0026711 0.0529685
vn 0.152019 0.948176 0.27902
v 0.00665385 -0.00149894 0.0469089
vn 0.41838 0.903513 0.0928518
v 0.0114504 -0.00308927 0.0519955
vn 0.227743 0.972608 0.0465427
v 0.0132482 -0.00339546 0.0510873
vn 0.250811 0.965451 -0.0706919
v 0.00665385 -0.00149894 0.0469089
vn 0.41838 0.903513 0.0928518
v 0.00442569 -0.000925508 0.0481387
vn 0.399834 0.892477 0.208846
v 0.0114504 -0.00308927 0.0519955
vn 0.227743 0.972608 0.0465427
v 0.00846571 -0.00247471 0.0460657
vn 0.629816 0.698588 -0.339569
v 0.0132482 -0.00339546 0.0510873
vn 0.250811 0.965451 -0.0706919
v 0.0148079 -0.00408473 0.0501359
vn 0.431376 0.754637 -0.494406
v 0.00846571 -0.00247471 0.0460657
vn 0.629816 0.698588 -0.339569
v 0.00665385 -0.00149894 0.0469089
vn 0.41838 0.903513 0.0928518
v 0.0132482 -0.00339546 0.0510873
vn 0.250811 0.965451 -0.0706919
v 0.00912254 -0.00435921 0.0455934
vn 0.694295 0.26344 -0.669742
v 0.0148079 -0.00408473 0.0501359
vn 0.431376 0.754637 -0.494406
v 0.0153982 -0.00580193 0.0494546
vn 0.504748 0.293612 -0.811802
v 0.00912254 -0.00435921 0.0455934
vn 0.694295 0.26344 -0.669742
v 0.00846571 -0.00247471 0.0460657
vn 0.629816 0.698588 -0.339569
v 0.0148079 -0.00408473 0.0501359
vn 0.431376 0.754637 -0.494406
v 0.00915646 -0.00664264 0.0451675
vn 0.612843 -0.277622 -0.739831
v 0.0153982 -0.00580193 0.0494546
vn 0.504748 0.293612 -0.811802
v 0.0151227 -0.00795059 0.0490371
vn 0.42687 -0.286084 -0.857868
v 0.00915646 -0.00664264 0.0451675
vn 0.612843 -0.277622 -0.739831
v 0.00912254 -0.00435921 0.0455934
vn 0.694295 0.26344 -0.669742
v 0.0153982 -0.00580193 0.0494546
vn 0.504748 0.293612 -0.811802
v 0.0134715 -0.00973306 0.0498443
vn 0.14612 -0.851341 -0.503853
v 0.00915646 -0.00664264 0.0451675
vn 0.612843 -0.277622 -0.739831
v 0.0151227 -0.00795059 0.0490371
vn 0.42687 -0.286084 -0.857868
v 0.0134715 -0.00973306 0.0498443
vn 0.14612 -0.851341 -0.503853
v 0.00753113 -0.00850688 0.0459157
vn 0.308063 -0.85345 -0.420382
v 0.00915646 -0.00664264 0.0451675
vn 0.612843 -0.277622 -0.739831
v 0.0111438 -0.0100894 0.051454
vn -0.134554 -0.990458 -0.0298154
v 0.00753113 -0.00850688 0.0459157
vn 0.308063 -0.85345 -0.420382
v 0.0134715 -0.00973306 0.0498443
vn 0.14612 -0.851341 -0.503853
v 0.0111438 -0.0100894 0.051454
vn -0.134554 -0.990458 -0.0298154
v 0.00493775 -0.00914782 0.0474001
vn 0.0748528 -0.9949 0.0676145
v 0.00753113 -0.00850688 0.0459157
vn 0.308063 -0.85345 -0.420382
v 0.00896579 -0.0092555 0.0528261
vn -0.278691 -0.918356 0.280987
v 0.00493775 -0.00914782 0.0474001
vn 0.0748528 -0.9949 0.0676145
v 0.0111438 -0.0100894 0.051454
vn -0.134554 -0.990458 -0.0298154
v 0.00896579 -0.0092555 0.0528261
vn -0.278691 -0.918356 0.280987
v 0.00224461 -0.0084392 0.0489326
vn -0.0988114 -0.918636 0.382549
v 0.00493775 -0.00914782 0.0474001
vn 0.0748528 -0.9949 0.0676145
v 0.00732457 -0.00834468 0.0536064
vn -0.355815 -0.765633 0.535912
v 0.00224461 -0.0084392 0.0489326
vn -0.0988114 -0.918636 0.382549
v 0.00896579 -0.0092555 0.0528261
vn -0.278691 -0.918356 0.280987
v 0.00732457 -0.00834468 0.0536064
vn -0.355815 -0.765633 0.535912
v 3.61044e-05 -0.00756834 0.0502191
vn -0.101606 -0.886612 0.451215
v 0.00224461 -0.0084392 0.0489326
vn -0.0988114 -0.918636 0.382549
v 0.0133797 -0.00851941 0.0569351
vn -0.443257 -0.332069 0.832618
v 0.00732457 -0.00834468 0.0536064
vn -0.355815 -0.765633 0.535912
v 0.0141504 -0.00922933 0.0569419
vn -0.42462 -0.639292 0.641096
v 0.0133797 -0.00851941 0.0569351
vn -0.443257 -0.332069 0.832618
v 0.00652088 -0.00748355 0.0539203
vn -0.375387 -0.453016 0.808617
v 0.00732457 -0.00834468 0.0536064
vn -0.355815 -0.765633 0.535912
v 0.0135058 -0.00758676 0.0571852
vn -0.421863 -0.0214608 0.906405
v 0.00652088 -0.00748355 0.0539203
vn -0.375387 -0.453016 0.808617
v 0.0133797 -0.00851941 0.0569351
vn -0.443257 -0.332069 0.832618
v 0.0135058 -0.00758676 0.0571852
vn -0.421863 -0.0214608 0.906405
v 0.0065661 -0.0062962 0.0542477
vn -0.320042 -0.0504551 0.946059
v 0.00652088 -0.00748355 0.0539203
vn -0.375387 -0.453016 0.808617
v 0.00736292 -0.00466875 0.0542349
vn -0.253425 0.270496 0.928767
v 0.0135058 -0.00758676 0.0571852
vn -0.421863 -0.0214608 0.906405
v 0.0142905 -0.00631593 0.0573382
vn -0.358597 0.290865 0.88702
v 0.00736292 -0.00466875 0.0542349
vn -0.253425 0.270496 0.928767
v 0.0065661 -0.0062962 0.0542477
vn -0.320042 -0.0504551 0.946059
v 0.0135058 -0.00758676 0.0571852
vn -0.421863 -0.0214608 0.906405
v 0.00853451 -0.00318362 0.0538656
vn -0.095753 0.672273 0.734085
v 0.0142905 -0.00631593 0.0573382
vn -0.358597 0.290865 0.88702
v 0.0153219 -0.00520704 0.0571325
vn -0.265204 0.579289 0.770773
v 0.00853451 -0.00318362 0.0538656
vn -0.095753 0.672273 0.734085
v 0.00736292 -0.00466875 0.0542349
vn -0.253425 0.270496 0.928767
v 0.0142905 -0.00631593 0.0573382
vn -0.358597 0.290865 0.88702
v 0.00991272 -0.0026711 0.0529685
vn 0.152019 0.948176 0.27902
v 0.0153219 -0.00520704 0.0571325
vn -0.265204 0.579289 0.770773
v 0.0164894 -0.00445525 0.0567555
vn -0.107412 0.853721 0.509533
v 0.00991272 -0.0026711 0.0529685
vn 0.152019 0.948176 0.27902
v 0.00853451 -0.00318362 0.0538656
vn -0.095753 0.672273 0.734085
v 0.0153219 -0.00520704 0.0571325
vn -0.265204 0.579289 0.770773
v 0.0114504 -0.00308927 0.0519955
vn 0.227743 0.972608 0.0465427
v 0.0164894 -0.00445525 0.0567555
vn -0.107412 0.853721 0.509533
v 0.0180066 -0.00418695 0.0559627
vn 0.0738652 0.980542 0.181884
v 0.0114504 -0.00308927 0.0519955
vn 0.227743 0.972608 0.0465427
v 0.00991272 -0.0026711 0.0529685
vn 0.152019 0.948176 0.27902
v 0.0164894 -0.00445525 0.0567555
vn -0.107412 0.853721 0.509533
v 0.0132482 -0.00339546 0.0510873
vn 0.250811 0.965451 -0.0706919
v 0.0180066 -0.00418695 0.0559627
vn 0.0738652 0.980542 0.181884
v 0.0196992 -0.00443796 0.054876
vn 0.150059 0.98629 -0.0686549
v 0.0132482 -0.00339546 0.0510873
vn 0.250811 0.965451 -0.0706919
v 0.0114504 -0.00308927 0.0519955
vn 0.227743 0.972608 0.0465427
v 0.0180066 -0.00418695 0.0559627
vn 0.0738652 0.980542 0.181884
v 0.0148079 -0.00408473 0.0501359
vn 0.431376 0.754637 -0.494406
v 0.0196992 -0.00443796 0.054876
vn 0.150059 0.98629 -0.0686549
v 0.0209547 -0.00490267 0.0533848
vn 0.285991 0.814157 -0.50533
v 0.0148079 -0.00408473 0.0501359
vn 0.431376 0.754637 -0.494406
v 0.0132482 -0.00339546 0.0510873
vn 0.250811 0.965451 -0.0706919
v 0.0196992 -0.00443796 0.054876
vn 0.150059 0.98629 -0.0686549
v 0.0153982 -0.00580193 0.0494546
vn 0.504748 0.293612 -0.811802
v 0.0209547 -0.00490267 0.0533848
vn 0.285991 0.814157 -0.50533
v 0.022146 -0.0068233 0.0526993
vn 0.445634 0.296497 -0.844689
v 0.0153982 -0.00580193 0.0494546
vn 0.504748 0.293612 -0.811802
v 0.0148079 -0.00408473 0.0501359
vn 0.431376 0.754637 -0.494406
v 0.0209547 -0.00490267 0.0533848
vn 0.285991 0.814157 -0.50533
v 0.0151227 -0.00795059 0.0490371
vn 0.42687 -0.286084 -0.857868
v 0.022146 -0.0068233 0.0526993
vn 0.445634 0.296497 -0.844689
v 0.0227391 -0.00953793 0.0524758
vn 0.418263 -0.304826 -0.85565
v 0.0151227 -0.00795059 0.0490371
vn 0.42687 -0.286084 -0.857868
v 0.0153982 -0.00580193 0.0494546
vn 0.504748 0.293612 -0.811802
v 0.022146 -0.0068233 0.0526993
vn 0.445634 0.296497 -0.844689
v 0.0207681 -0.0116089 0.0542071
vn -0.000848699 -0.917104 -0.398647
v 0.0151227 -0.00795059 0.0490371
vn 0.42687 -0.286084 -0.857868
v 0.0227391 -0.00953793 0.0524758
vn 0.418263 -0.304826 -0.85565
v 0.0207681 -0.0116089 0.0542071
vn -0.000848699 -0.917104 -0.398647
v 0.0134715 -0.00973306 0.0498443
vn 0.14612 -0.851341 -0.503853
v 0.0151227 -0.00795059 0.0490371
vn 0.42687 -0.286084 -0.857868
v 0.0181895 -0.0111704 0.0561087
vn -0.267132 -0.959801 0.0861527
v 0.0134715 -0.00973306 0.0498443
vn 0.14612 -0.851341 -0.503853
v 0.0207681 -0.0116089 0.0542071
vn -0.000848699 -0.917104 -0.398647
v 0.0181895 -0.0111704 0.0561087
vn -0.267132 -0.959801 0.0861527
v 0.0111438 -0.0100894 0.051454
vn -0.134554 -0.990458 -0.0298154
v 0.0134715 -0.00973306 0.0498443
vn 0.14612 -0.851341 -0.503853
v 0.0158357 -0.0101742 0.056794
vn -0.356474 -0.853299 0.380535
v 0.0111438 -0.0100894 0.051454
vn -0.134554 -0.990458 -0.0298154
v 0.0181895 -0.0111704 0.0561087
vn -0.267132 -0.959801 0.0861527
v 0.0158357 -0.0101742 0.056794
vn -0.356474 -0.853299 0.380535
v 0.00896579 -0.0092555 0.0528261
vn -0.278691 -0.918356 0.280987
v 0.0111438 -0.0100894 0.051454
vn -0.134554 -0.990458 -0.0298154
v 0.0141504 -0.00922933 0.0569419
vn -0.42462 -0.639292 0.641096
v 0.00896579 -0.0092555 0.0528261
vn -0.278691 -0.918356 0.280987
v 0.0158357 -0.0101742 0.056794
vn -0.356474 -0.853299 0.380535
v 0.0141504 -0.00922933 0.0569419
vn -0.42462 -0.639292 0.641096
v 0.00732457 -0.00834468 0.0536064
vn -0.355815 -0.765633 0.535912
v 0.00896579 -0.0092555 0.0528261
vn -0.278691 -0.918356 0.280987
v 0.018116 -0.00919375 0.0593011
vn -0.49724 -0.276622 0.822333
v 0.0141504 -0.00922933 0.0569419
vn -0.42462 -0.639292 0.641096
v 0.0189521 -0.0101485 0.0593098
vn -0.468804 -0.598603 0.649536
v 0.018116 -0.00919375 0.0593011
vn -0.49724 -0.276622 0.822333
v 0.0133797 -0.00851941 0.0569351
vn -0.443257 -0.332069 0.832618
v 0.0141504 -0.00922933 0.0569419
vn -0.42462 -0.639292 0.641096
v 0.0135058 -0.00758676 0.0571852
vn -0.421863 -0.0214608 0.906405
v 0.018116 -0.00919375 0.0593011
vn -0.49724 -0.276622 0.822333
v 0.0182416 -0.00822642 0.0594994
vn -0.48538 0.041 0.873341
v 0.0135058 -0.00758676 0.0571852
vn -0.421863 -0.0214608 0.906405
v 0.0133797 -0.00851941 0.0569351
vn -0.443257 -0.332069 0.832618
v 0.018116 -0.00919375 0.0593011
vn -0.49724 -0.276622 0.822333
v 0.0142905 -0.00631593 0.0573382
vn -0.358597 0.290865 0.88702
v 0.0182416 -0.00822642 0.0594994
vn -0.48538 0.041 0.873341
v 0.0189257 -0.00702736 0.0596095
vn -0.428683 0.314999 0.846763
v 0.0142905 -0.00631593 0.0573382
vn -0.358597 0.290865 0.88702
v 0.0135058 -0.00758676 0.0571852
vn -0.421863 -0.0214608 0.906405
v 0.0182416 -0.00822642 0.0594994
vn -0.48538 0.041 0.873341
v 0.0153219 -0.00520704 0.0571325
vn -0.265204 0.579289 0.770773
v 0.0189257 -0.00702736 0.0596095
vn -0.428683 0.314999 0.846763
v 0.0197615 -0.0060275 0.0594529
vn -0.3209 0.634031 0.703582
v 0.0153219 -0.00520704 0.0571325
vn -0.265204 0.579289 0.770773
v 0.0142905 -0.00631593 0.0573382
vn -0.358597 0.290865 0.88702
v 0.0189257 -0.00702736 0.0596095
vn -0.428683 0.314999 0.846763
v 0.0164894 -0.00445525 0.0567555
vn -0.107412 0.853721 0.509533
v 0.0197615 -0.0060275 0.0594529
vn -0.3209 0.634031 0.703582
v 0.0209036 -0.00537163 0.0589591
vn -0.165553 0.87796 0.449197
v 0.0164894 -0.00445525 0.0567555
vn -0.107412 0.853721 0.509533
v 0.0153219 -0.00520704 0.0571325
vn -0.265204 0.579289 0.770773
v 0.0197615 -0.0060275 0.0594529
vn -0.3209 0.634031 0.703582
v 0.0180066 -0.00418695 0.0559627
vn 0.0738652 0.980542 0.181884
v 0.0209036 -0.00537163 0.0589591
vn -0.165553 0.87796 0.449197
v 0.0224991 -0.00486469 0.0581396
vn -0.0744182 0.969123 0.23508
v 0.0180066 -0.00418695 0.0559627
vn 0.0738652 0.980542 0.181884
v 0.0164894 -0.00445525 0.0567555
vn -0.107412 0.853721 0.509533
v 0.0209036 -0.00537163 0.0589591
vn -0.165553 0.87796 0.449197
v 0.0196992 -0.00443796 0.054876
vn 0.150059 0.98629 -0.0686549
v 0.0224991 -0.00486469 0.0581396
vn -0.0744182 0.969123 0.23508
v 0.0243607 -0.00458986 0.0570979
vn -0.000917993 0.999798 0.0200883
v 0.0196992 -0.00443796 0.054876
vn 0.150059 0.98629 -0.0686549
v 0.0180066 -0.00418695 0.0559627
vn 0.0738652 0.980542 0.181884
v 0.0224991 -0.00486469 0.0581396
vn -0.0744182 0.969123 0.23508
v 0.0209547 -0.00490267 0.0533848
vn 0.285991 0.814157 -0.50533
v 0.0243607 -0.00458986 0.0570979
vn -0.000917993 0.999798 0.0200883
v 0.0260737 -0.00489126 0.0551841
vn 0.422704 0.653622 -0.627773
v 0.0209547 -0.00490267 0.0533848
vn 0.285991 0.814157 -0.50533
v 0.0196992 -0.00443796 0.054876
vn 0.150059 0.98629 -0.0686549
v 0.0243607 -0.00458986 0.0570979
vn -0.000917993 0.999798 0.0200883
v 0.022146 -0.0068233 0.0526993
vn 0.445634 0.296497 -0.844689
v 0.0260737 -0.00489126 0.0551841
vn 0.422704 0.653622 -0.627773
v 0.0263186 -0.00751901 0.0553626
vn 0.555074 0.0923584 -0.826658
v 0.022146 -0.0068233 0.0526993
vn 0.445634 0.296497 -0.844689
v 0.0209547 -0.00490267 0.0533848
vn 0.285991 0.814157 -0.50533
v 0.0260737 -0.00489126 0.0551841
vn 0.422704 0.653622 -0.627773
v 0.0266636 -0.00988927 0.0551946
vn 0.498271 -0.217941 -0.839183
v 0.022146 -0.0068233 0.0526993
vn 0.445634 0.296497 -0.844689
v 0.0263186 -0.00751901 0.0553626
vn 0.555074 0.0923584 -0.826658
v 0.0266636 -0.00988927 0.0551946
vn 0.498271 -0.217941 -0.839183
v 0.0227391 -0.00953793 0.0524758
vn 0.418263 -0.304826 -0.85565
v 0.022146 -0.0068233 0.0526993
vn 0.445634 0.296497 -0.844689
v 0.0258941 -0.0121046 0.0564634
vn 0.183215 -0.802793 -0.567411
v 0.0227391 -0.00953793 0.0524758
vn 0.418263 -0.304826 -0.85565
v 0.0266636 -0.00988927 0.0551946
vn 0.498271 -0.217941 -0.839183
v 0.0258941 -0.0121046 0.0564634
vn 0.183215 -0.802793 -0.567411
v 0.0207681 -0.0116089 0.0542071
vn -0.000848699 -0.917104 -0.398647
v 0.0227391 -0.00953793 0.0524758
vn 0.418263 -0.304826 -0.85565
v 0.0232479 -0.0125259 0.0584734
vn -0.256311 -0.96541 0.0478286
v 0.0207681 -0.0116089 0.0542071
vn -0.000848699 -0.917104 -0.398647
v 0.0258941 -0.0121046 0.0564634
vn 0.183215 -0.802793 -0.567411
v 0.0232479 -0.0125259 0.0584734
vn -0.256311 -0.96541 0.0478286
v 0.0181895 -0.0111704 0.0561087
vn -0.267132 -0.959801 0.0861527
v 0.0207681 -0.0116089 0.0542071
vn -0.000848699 -0.917104 -0.398647
v 0.0207443 -0.011329 0.0591092
vn -0.391395 -0.833433 0.390128
v 0.0181895 -0.0111704 0.0561087
vn -0.267132 -0.959801 0.0861527
v 0.0232479 -0.0125259 0.0584734
vn -0.256311 -0.96541 0.0478286
v 0.0207443 -0.011329 0.0591092
vn -0.391395 -0.833433 0.390128
v 0.0158357 -0.0101742 0.056794
vn -0.356474 -0.853299 0.380535
v 0.0181895 -0.0111704 0.0561087
vn -0.267132 -0.959801 0.0861527
v 0.0189521 -0.0101485 0.0593098
vn -0.468804 -0.598603 0.649536
v 0.0158357 -0.0101742 0.056794
vn -0.356474 -0.853299 0.380535
v 0.0207443 -0.011329 0.0591092
vn -0.391395 -0.833433 0.390128
v 0.0189521 -0.0101485 0.0593098
vn -0.468804 -0.598603 0.649536
v 0.0141504 -0.00922933 0.0569419
vn -0.42462 -0.639292 0.641096
v 0.0158357 -0.0101742 0.056794
vn -0.356474 -0.853299 0.380535
v 0.0220772 -0.00425389 -0.0513035
vn 0.75783 0.00890867 0.652392
v 0.0190598 -0.0079791 -0.0493816
vn 0.654773 -0.456672 0.602265
v 0.0216338 -0.00791407 -0.0519656
vn 0.631193 -0.409535 0.658693
v 0.0220772 -0.00425389 -0.0513035
vn 0.75783 0.00890867 0.652392
v 0.0199495 -0.00387138 -0.0484766
vn 0.789548 -0.014755 0.613511
v 0.0190598 -0.0079791 -0.0493816
vn 0.654773 -0.456672 0.602265
v 0.0216748 -0.00103688 -0.0522049
vn 0.745258 0.405264 0.529483
v 0.0199495 -0.00387138 -0.0484766
vn 0.789548 -0.014755 0.613511
v 0.0220772 -0.00425389 -0.0513035
vn 0.75783 0.00890867 0.652392
v 0.0216748 -0.00103688 -0.0522049
vn 0.745258 0.405264 0.529483
v 0.0193705 -0.000141243 -0.0494041
vn 0.76803 0.358942 0.530368
v 0.0199495 -0.00387138 -0.0484766
vn 0.789548 -0.014755 0.613511
v 0.0210463 0.00147385 -0.0539416
vn 0.668586 0.712595 0.212607
v 0.0193705 -0.000141243 -0.0494041
vn 0.76803 0.358942 0.530368
v 0.0216748 -0.00103688 -0.0522049
vn 0.745258 0.405264 0.529483
v 0.0210463 0.00147385 -0.0539416
vn 0.668586 0.712595 0.212607
v 0.0186181 0.00309044 -0.0511505
vn 0.695902 0.664817 0.271549
v 0.0193705 -0.000141243 -0.0494041
vn 0.76803 0.358942 0.530368
v 0.0193062 0.00235913 -0.0566262
vn 0.527021 0.846109 -0.0796811
v 0.0186181 0.00309044 -0.0511505
vn 0.695902 0.664817 0.271549
v 0.0210463 0.00147385 -0.0539416
vn 0.668586 0.712595 0.212607
v 0.0193062 0.00235913 -0.0566262
vn 0.527021 0.846109 -0.0796811
v 0.016559 0.0047603 -0.0541662
vn 0.553012 0.832547 -0.0322843
v 0.0186181 0.00309044 -0.0511505
vn 0.695902 0.664817 0.271549
v 0.0177885 0.00282376 -0.0597195
vn 0.492449 0.853233 -0.171718
v 0.016559 0.0047603 -0.0541662
vn 0.553012 0.832547 -0.0322843
v 0.0193062 0.00235913 -0.0566262
vn 0.527021 0.846109 -0.0796811
v 0.0177885 0.00282376 -0.0597195
vn 0.492449 0.853233 -0.171718
v 0.0144044 0.00552785 -0.0578376
vn 0.451175 0.868012 -0.207353
v 0.016559 0.0047603 -0.0541662
vn 0.553012 0.832547 -0.0322843
v 0.0163756 0.0027324 -0.0631929
vn 0.303591 0.74136 -0.598513
v 0.0144044 0.00552785 -0.0578376
vn 0.451175 0.868012 -0.207353
v 0.0177885 0.00282376 -0.0597195
vn 0.492449 0.853233 -0.171718
v 0.0163756 0.0027324 -0.0631929
vn 0.303591 0.74136 -0.598513
v 0.0121429 0.00513698 -0.0619352
vn 0.204716 0.79141 -0.575987
v 0.0144044 0.00552785 -0.0578376
vn 0.451175 0.868012 -0.207353
v 0.0143921 0.000314763 -0.0650366
vn 0.0832789 0.434928 -0.896606
v 0.0121429 0.00513698 -0.0619352
vn 0.204716 0.79141 -0.575987
v 0.0163756 0.0027324 -0.0631929
vn 0.303591 0.74136 -0.598513
v 0.0143921 0.000314763 -0.0650366
vn 0.0832789 0.434928 -0.896606
v 0.00953921 0.00220278 -0.0642754
vn -0.0479682 0.480652 -0.875599
v 0.0121429 0.00513698 -0.0619352
vn 0.204716 0.79141 -0.575987
v 0.0130822 -0.00272936 -0.0661237
vn -0.00479823 0.223762 -0.974632
v 0.00953921 0.00220278 -0.0642754
vn -0.0479682 0.480652 -0.875599
v 0.0143921 0.000314763 -0.0650366
vn 0.0832789 0.434928 -0.896606
v 0.0130822 -0.00272936 -0.0661237
vn -0.00479823 0.223762 -0.974632
v 0.00785911 -0.00154983 -0.0654858
vn -0.183668 0.227769 -0.956236
v 0.00953921 0.00220278 -0.0642754
vn -0.0479682 0.480652 -0.875599
v 0.012693 -0.00615959 -0.0665473
vn -0.081143 -0.0575381 -0.99504
v 0.00785911 -0.00154983 -0.0654858
vn -0.183668 0.227769 -0.956236
v 0.0130822 -0.00272936 -0.0661237
vn -0.00479823 0.223762 -0.974632
v 0.012693 -0.00615959 -0.0665473
vn -0.081143 -0.0575381 -0.99504
v 0.00735615 -0.00577417 -0.0657482
vn -0.259787 -0.127139 -0.95726
v 0.00785911 -0.00154983 -0.0654858
vn -0.183668 0.227769 -0.956236
v 0.0133954 -0.00970259 -0.0657247
vn -0.0661067 -0.624885 -0.777913
v 0.00735615 -0.00577417 -0.0657482
vn -0.259787 -0.127139 -0.95726
v 0.012693 -0.00615959 -0.0665473
vn -0.081143 -0.0575381 -0.99504
v 0.0133954 -0.00970259 -0.0657247
vn -0.0661067 -0.624885 -0.777913
v 0.00831476 -0.0100693 -0.0644033
vn -0.203578 -0.644044 -0.737403
v 0.00735615 -0.00577417 -0.0657482
vn -0.259787 -0.127139 -0.95726
v 0.0154802 -0.0115435 -0.0620748
vn 0.029934 -0.936917 -0.348267
v 0.00831476 -0.0100693 -0.0644033
vn -0.203578 -0.644044 -0.737403
v 0.0133954 -0.00970259 -0.0657247
vn -0.0661067 -0.624885 -0.777913
v 0.0154802 -0.0115435 -0.0620748
vn 0.029934 -0.936917 -0.348267
v 0.0109168 -0.0126558 -0.0603619
vn 0.0125062 -0.936246 -0.351123
v 0.00831476 -0.0100693 -0.0644033
vn -0.203578 -0.644044 -0.737403
v 0.0179084 -0.0119996 -0.0580641
vn 0.161637 -0.985807 -0.0453558
v 0.0109168 -0.0126558 -0.0603619
vn 0.0125062 -0.936246 -0.351123
v 0.0154802 -0.0115435 -0.0620748
vn 0.029934 -0.936917 -0.348267
v 0.0179084 -0.0119996 -0.0580641
vn 0.161637 -0.985807 -0.0453558
v 0.014093 -0.0130688 -0.055764
vn 0.195209 -0.97998 -0.0391619
v 0.0109168 -0.0126558 -0.0603619
vn 0.0125062 -0.936246 -0.351123
v 0.0203551 -0.0111571 -0.054218
vn 0.399229 -0.84396 0.358255
v 0.014093 -0.0130688 -0.055764
vn 0.195209 -0.97998 -0.0391619
v 0.0179084 -0.0119996 -0.0580641
vn 0.161637 -0.985807 -0.0453558
v 0.0203551 -0.0111571 -0.054218
vn 0.399229 -0.84396 0.358255
v 0.0172315 -0.011728 -0.0516581
vn 0.429336 -0.833989 0.346601
v 0.014093 -0.0130688 -0.055764
vn 0.195209 -0.97998 -0.0391619
v 0.0216338 -0.00791407 -0.0519656
vn 0.631193 -0.409535 0.658693
v 0.0172315 -0.011728 -0.0516581
vn 0.429336 -0.833989 0.346601
v 0.0203551 -0.0111571 -0.054218
vn 0.399229 -0.84396 0.358255
v 0.0216338 -0.00791407 -0.0519656
vn 0.631193 -0.409535 0.658693
v 0.0190598 -0.0079791 -0.0493816
vn 0.654773 -0.456672 0.602265
v 0.0172315 -0.011728 -0.0516581
vn 0.429336 -0.833989 0.346601
v 0.0255199 -0.00470856 -0.0550415
vn 0.697794 0.0857781 0.711144
v 0.0216338 -0.00791407 -0.0519656
vn 0.631193 -0.409535 0.658693
v 0.0254438 -0.00783037 -0.055037
vn 0.624996 -0.320802 0.711664
v 0.0255199 -0.00470856 -0.0550415
vn 0.697794 0.0857781 0.711144
v 0.0220772 -0.00425389 -0.0513035
vn 0.75783 0.00890867 0.652392
v 0.0216338 -0.00791407 -0.0519656
vn 0.631193 -0.409535 0.658693
v 0.0254094 -0.00202328 -0.0557824
vn 0.672407 0.526252 0.520507
v 0.0220772 -0.00425389 -0.0513035
vn 0.75783 0.00890867 0.652392
v 0.0255199 -0.00470856 -0.0550415
vn 0.697794 0.0857781 0.711144
v 0.0254094 -0.00202328 -0.0557824
vn 0.672407 0.526252 0.520507
v 0.0216748 -0.00103688 -0.0522049
vn 0.745258 0.405264 0.529483
v 0.0220772 -0.00425389 -0.0513035
vn 0.75783 0.00890867 0.652392
v 0.0243633 -0.00049375 -0.0574089
vn 0.5521 0.815192 0.175063
v 0.0216748 -0.00103688 -0.0522049
vn 0.745258 0.405264 0.529483
v 0.0254094 -0.00202328 -0.0557824
vn 0.672407 0.526252 0.520507
v 0.0243633 -0.00049375 -0.0574089
vn 0.5521 0.815192 0.175063
v 0.0210463 0.00147385 -0.0539416
vn 0.668586 0.712595 0.212607
v 0.0216748 -0.00103688 -0.0522049
vn 0.745258 0.405264 0.529483
v 0.0231218 0.000129818 -0.059456
vn 0.439609 0.896429 -0.056208
v 0.0210463 0.00147385 -0.0539416
vn 0.668586 0.712595 0.212607
v 0.0243633 -0.00049375 -0.0574089
vn 0.5521 0.815192 0.175063
v 0.0231218 0.000129818 -0.059456
vn 0.439609 0.896429 -0.056208
v 0.0193062 0.00235913 -0.0566262
vn 0.527021 0.846109 -0.0796811
v 0.0210463 0.00147385 -0.0539416
vn 0.668586 0.712595 0.212607
v 0.0177885 0.00282376 -0.0597195
vn 0.492449 0.853233 -0.171718
v 0.0231218 0.000129818 -0.059456
vn 0.439609 0.896429 -0.056208
v 0.0220108 0.000427511 -0.0617446
vn 0.418335 0.876058 -0.239828
v 0.0177885 0.00282376 -0.0597195
vn 0.492449 0.853233 -0.171718
v 0.0193062 0.00235913 -0.0566262
vn 0.527021 0.846109 -0.0796811
v 0.0231218 0.000129818 -0.059456
vn 0.439609 0.896429 -0.056208
v 0.0163756 0.0027324 -0.0631929
vn 0.303591 0.74136 -0.598513
v 0.0220108 0.000427511 -0.0617446
vn 0.418335 0.876058 -0.239828
v 0.0207775 1.1181e-05 -0.0639689
vn 0.28987 0.688483 -0.664806
v 0.0163756 0.0027324 -0.0631929
vn 0.303591 0.74136 -0.598513
v 0.0177885 0.00282376 -0.0597195
vn 0.492449 0.853233 -0.171718
v 0.0220108 0.000427511 -0.0617446
vn 0.418335 0.876058 -0.239828
v 0.0193804 -0.00173917 -0.0651421
vn 0.110649 0.425062 -0.898376
v 0.0163756 0.0027324 -0.0631929
vn 0.303591 0.74136 -0.598513
v 0.0207775 1.1181e-05 -0.0639689
vn 0.28987 0.688483 -0.664806
v 0.0193804 -0.00173917 -0.0651421
vn 0.110649 0.425062 -0.898376
v 0.0143921 0.000314763 -0.0650366
vn 0.0832789 0.434928 -0.896606
v 0.0163756 0.0027324 -0.0631929
vn 0.303591 0.74136 -0.598513
v 0.0184657 -0.00390821 -0.0660494
vn 0.0362736 0.29655 -0.954328
v 0.0143921 0.000314763 -0.0650366
vn 0.0832789 0.434928 -0.896606
v 0.0193804 -0.00173917 -0.0651421
vn 0.110649 0.425062 -0.898376
v 0.0184657 -0.00390821 -0.0660494
vn 0.0362736 0.29655 -0.954328
v 0.0130822 -0.00272936 -0.0661237
vn -0.00479823 0.223762 -0.974632
v 0.0143921 0.000314763 -0.0650366
vn 0.0832789 0.434928 -0.896606
v 0.012693 -0.00615959 -0.0665473
vn -0.081143 -0.0575381 -0.99504
v 0.0184657 -0.00390821 -0.0660494
vn 0.0362736 0.29655 -0.954328
v 0.0182172 -0.00644008 -0.0667385
vn -0.0275664 0.0159841 -0.999492
v 0.012693 -0.00615959 -0.0665473
vn -0.081143 -0.0575381 -0.99504
v 0.0130822 -0.00272936 -0.0661237
vn -0.00479823 0.223762 -0.974632
v 0.0184657 -0.00390821 -0.0660494
vn 0.0362736 0.29655 -0.954328
v 0.0133954 -0.00970259 -0.0657247
vn -0.0661067 -0.624885 -0.777913
v 0.0182172 -0.00644008 -0.0667385
vn -0.0275664 0.0159841 -0.999492
v 0.0188049 -0.00912837 -0.0661327
vn -0.046769 -0.526719 -0.848752
v 0.0133954 -0.00970259 -0.0657247
vn -0.0661067 -0.624885 -0.777913
v 0.012693 -0.00615959 -0.0665473
vn -0.081143 -0.0575381 -0.99504
v 0.0182172 -0.00644008 -0.0667385
vn -0.0275664 0.0159841 -0.999492
v 0.0154802 -0.0115435 -0.0620748
vn 0.029934 -0.936917 -0.348267
v 0.0188049 -0.00912837 -0.0661327
vn -0.046769 -0.526719 -0.848752
v 0.0203738 -0.011296 -0.063963
vn -0.0135941 -0.903256 -0.428887
v 0.0154802 -0.0115435 -0.0620748
vn 0.029934 -0.936917 -0.348267
v 0.0133954 -0.00970259 -0.0657247
vn -0.0661067 -0.624885 -0.777913
v 0.0188049 -0.00912837 -0.0661327
vn -0.046769 -0.526719 -0.848752
v 0.0179084 -0.0119996 -0.0580641
vn 0.161637 -0.985807 -0.0453558
v 0.0203738 -0.011296 -0.063963
vn -0.0135941 -0.903256 -0.428887
v 0.0223685 -0.0114983 -0.0604025
vn 0.155929 -0.987765 0.00253703
v 0.0179084 -0.0119996 -0.0580641
vn 0.161637 -0.985807 -0.0453558
v 0.0154802 -0.0115435 -0.0620748
vn 0.029934 -0.936917 -0.348267
v 0.0203738 -0.011296 -0.063963
vn -0.0135941 -0.903256 -0.428887
v 0.0203551 -0.0111571 -0.054218
vn 0.399229 -0.84396 0.358255
v 0.0223685 -0.0114983 -0.0604025
vn 0.155929 -0.987765 0.00253703
v 0.0244396 -0.010762 -0.0569143
vn 0.415499 -0.833878 0.363328
v 0.0203551 -0.0111571 -0.054218
vn 0.399229 -0.84396 0.358255
v 0.0179084 -0.0119996 -0.0580641
vn 0.161637 -0.985807 -0.0453558
v 0.0223685 -0.0114983 -0.0604025
vn 0.155929 -0.987765 0.00253703
v 0.0254438 -0.00783037 -0.055037
vn 0.624996 -0.320802 0.711664
v 0.0203551 -0.0111571 -0.054218
vn 0.399229 -0.84396 0.358255
v 0.0244396 -0.010762 -0.0569143
vn 0.415499 -0.833878 0.363328
v 0.0254438 -0.00783037 -0.055037
vn 0.624996 -0.320802 0.711664
v 0.0216338 -0.00791407 -0.0519656
vn 0.631193 -0.409535 0.658693
v 0.0203551 -0.0111571 -0.054218
vn 0.399229 -0.84396 0.358255
v 0.0254624 -0.00904195 0.0644487
vn -0.499755 -0.0518373 0.864614
v 0.0189521 -0.0101485 0.0593098
vn -0.468804 -0.598603 0.649536
v 0.0257387 -0.0117722 0.0627749
vn -0.38742 -0.720353 0.575324
v 0.0254624 -0.00904195 0.0644487
vn -0.499755 -0.0518373 0.864614
v 0.018116 -0.00919375 0.0593011
vn -0.49724 -0.276622 0.822333
v 0.0189521 -0.0101485 0.0593098
vn -0.468804 -0.598603 0.649536
v 0.0182416 -0.00822642 0.0594994
vn -0.48538 0.041 0.873341
v 0.0254624 -0.00904195 0.0644487
vn -0.499755 -0.0518373 0.864614
v 0.0268091 -0.00688877 0.0640939
vn -0.327067 0.522395 0.787483
v 0.0182416 -0.00822642 0.0594994
vn -0.48538 0.041 0.873341
v 0.018116 -0.00919375 0.0593011
vn -0.49724 -0.276622 0.822333
v 0.0254624 -0.00904195 0.0644487
vn -0.499755 -0.0518373 0.864614
v 0.0189257 -0.00702736 0.0596095
vn -0.428683 0.314999 0.846763
v 0.0268091 -0.00688877 0.0640939
vn -0.327067 0.522395 0.787483
v 0.0263394 -0.00649787 0.0636327
vn -0.336423 0.537374 0.773336
v 0.0189257 -0.00702736 0.0596095
vn -0.428683 0.314999 0.846763
v 0.0182416 -0.00822642 0.0594994
vn -0.48538 0.041 0.873341
v 0.0268091 -0.00688877 0.0640939
vn -0.327067 0.522395 0.787483
v 0.0197615 -0.0060275 0.0594529
vn -0.3209 0.634031 0.703582
v 0.0263394 -0.00649787 0.0636327
vn -0.336423 0.537374 0.773336
v 0.0257246 -0.0059463 0.062956
vn -0.284933 0.725786 0.626137
v 0.0197615 -0.0060275 0.0594529
vn -0.3209 0.634031 0.703582
v 0.0189257 -0.00702736 0.0596095
vn -0.428683 0.314999 0.846763
v 0.0263394 -0.00649787 0.0636327
vn -0.336423 0.537374 0.773336
v 0.0209036 -0.00537163 0.0589591
vn -0.165553 0.87796 0.449197
v 0.0257246 -0.0059463 0.062956
vn -0.284933 0.725786 0.626137
v 0.0262987 -0.00532583 0.061787
vn -0.093879 0.934645 0.342966
v 0.0209036 -0.00537163 0.0589591
vn -0.165553 0.87796 0.449197
v 0.0197615 -0.0060275 0.0594529
vn -0.3209 0.634031 0.703582
v 0.0257246 -0.0059463 0.062956
vn -0.284933 0.725786 0.626137
v 0.0224991 -0.00486469 0.0581396
vn -0.0744182 0.969123 0.23508
v 0.0262987 -0.00532583 0.061787
vn -0.093879 0.934645 0.342966
v 0.0275167 -0.00504912 0.0610262
vn -0.055745 0.952793 0.29846
v 0.0224991 -0.00486469 0.0581396
vn -0.0744182 0.969123 0.23508
v 0.0209036 -0.00537163 0.0589591
vn -0.165553 0.87796 0.449197
v 0.0262987 -0.00532583 0.061787
vn -0.093879 0.934645 0.342966
v 0.0243607 -0.00458986 0.0570979
vn -0.000917993 0.999798 0.0200883
v 0.0275167 -0.00504912 0.0610262
vn -0.055745 0.952793 0.29846
v 0.0294725 -0.00456777 0.0601821
vn 0.182169 0.983144 -0.0155917
v 0.0243607 -0.00458986 0.0570979
vn -0.000917993 0.999798 0.0200883
v 0.0224991 -0.00486469 0.0581396
vn -0.0744182 0.969123 0.23508
v 0.0275167 -0.00504912 0.0610262
vn -0.055745 0.952793 0.29846
v 0.0260737 -0.00489126 0.0551841
vn 0.422704 0.653622 -0.627773
v 0.0294725 -0.00456777 0.0601821
vn 0.182169 0.983144 -0.0155917
v 0.0307707 -0.00625417 0.0589071
vn 0.485636 0.554309 -0.675943
v 0.0260737 -0.00489126 0.0551841
vn 0.422704 0.653622 -0.627773
v 0.0243607 -0.00458986 0.0570979
vn -0.000917993 0.999798 0.0200883
v 0.0294725 -0.00456777 0.0601821
vn 0.182169 0.983144 -0.0155917
v 0.0263186 -0.00751901 0.0553626
vn 0.555074 0.0923584 -0.826658
v 0.0307707 -0.00625417 0.0589071
vn 0.485636 0.554309 -0.675943
v 0.0313873 -0.00830541 0.0582526
vn 0.469569 0.266096 -0.841842
v 0.0263186 -0.00751901 0.0553626
vn 0.555074 0.0923584 -0.826658
v 0.0260737 -0.00489126 0.0551841
vn 0.422704 0.653622 -0.627773
v 0.0307707 -0.00625417 0.0589071
vn 0.485636 0.554309 -0.675943
v 0.0319757 -0.0105172 0.0582513
vn 0.434881 -0.230255 -0.870552
v 0.0263186 -0.00751901 0.0553626
vn 0.555074 0.0923584 -0.826658
v 0.0313873 -0.00830541 0.0582526
vn 0.469569 0.266096 -0.841842
v 0.0319757 -0.0105172 0.0582513
vn 0.434881 -0.230255 -0.870552
v 0.0266636 -0.00988927 0.0551946
vn 0.498271 -0.217941 -0.839183
v 0.0263186 -0.00751901 0.0553626
vn 0.555074 0.0923584 -0.826658
v 0.031451 -0.0124356 0.059307
vn 0.306277 -0.741311 -0.597203
v 0.0266636 -0.00988927 0.0551946
vn 0.498271 -0.217941 -0.839183
v 0.0319757 -0.0105172 0.0582513
vn 0.434881 -0.230255 -0.870552
v 0.031451 -0.0124356 0.059307
vn 0.306277 -0.741311 -0.597203
v 0.0258941 -0.0121046 0.0564634
vn 0.183215 -0.802793 -0.567411
v 0.0266636 -0.00988927 0.0551946
vn 0.498271 -0.217941 -0.839183
v 0.0283881 -0.015 0.0625091
vn -0.206929 -0.93847 0.276503
v 0.0258941 -0.0121046 0.0564634
vn 0.183215 -0.802793 -0.567411
v 0.031451 -0.0124356 0.059307
vn 0.306277 -0.741311 -0.597203
v 0.0283881 -0.015 0.0625091
vn -0.206929 -0.93847 0.276503
v 0.0232479 -0.0125259 0.0584734
vn -0.256311 -0.96541 0.0478286
v 0.0258941 -0.0121046 0.0564634
vn 0.183215 -0.802793 -0.567411
v 0.0268372 -0.0123652 0.0622723
vn -0.4851 -0.627086 0.60946
v 0.0232479 -0.0125259 0.0584734
vn -0.256311 -0.96541 0.0478286
v 0.0283881 -0.015 0.0625091
vn -0.206929 -0.93847 0.276503
v 0.0268372 -0.0123652 0.0622723
vn -0.4851 -0.627086 0.60946
v 0.0207443 -0.011329 0.0591092
vn -0.391395 -0.833433 0.390128
v 0.0232479 -0.0125259 0.0584734
vn -0.256311 -0.96541 0.0478286
v 0.0257387 -0.0117722 0.0627749
vn -0.38742 -0.720353 0.575324
v 0.0207443 -0.011329 0.0591092
vn -0.391395 -0.833433 0.390128
v 0.0268372 -0.0123652 0.0622723
vn -0.4851 -0.627086 0.60946
v 0.0257387 -0.0117722 0.0627749
vn -0.38742 -0.720353 0.575324
v 0.0189521 -0.0101485 0.0593098
vn -0.468804 -0.598603 0.649536
v 0.0207443 -0.011329 0.0591092
vn -0.391395 -0.833433 0.390128
v 0.030222 -0.00913665 0.0668318
vn 0.000968155 0.132065 0.991241
v 0.0257387 -0.0117722 0.0627749
vn -0.38742 -0.720353 0.575324
v 0.0302509 -0.0108261 0.0664683
vn -0.00317903 -0.484715 0.874666
v 0.030222 -0.00913665 0.0668318
vn 0.000968155 0.132065 0.991241
v 0.0254624 -0.00904195 0.0644487
vn -0.499755 -0.0518373 0.864614
v 0.0257387 -0.0117722 0.0627749
vn -0.38742 -0.720353 0.575324
v 0.0268091 -0.00688877 0.0640939
vn -0.327067 0.522395 0.787483
v 0.030222 -0.00913665 0.0668318
vn 0.000968155 0.132065 0.991241
v 0.0304464 -0.00775729 0.0657855
vn 0.0980087 0.584592 0.805386
v 0.0268091 -0.00688877 0.0640939
vn -0.327067 0.522395 0.787483
v 0.0254624 -0.00904195 0.0644487
vn -0.499755 -0.0518373 0.864614
v 0.030222 -0.00913665 0.0668318
vn 0.000968155 0.132065 0.991241
v 0.0263394 -0.00649787 0.0636327
vn -0.336423 0.537374 0.773336
v 0.0304464 -0.00775729 0.0657855
vn 0.0980087 0.584592 0.805386
v 0.0304663 -0.00713925 0.0653499
vn 0.0909049 0.629673 0.771523
v 0.0263394 -0.00649787 0.0636327
vn -0.336423 0.537374 0.773336
v 0.0268091 -0.00688877 0.0640939
vn -0.327067 0.522395 0.787483
v 0.0304464 -0.00775729 0.0657855
vn 0.0980087 0.584592 0.805386
v 0.0257246 -0.0059463 0.062956
vn -0.284933 0.725786 0.626137
v 0.0304663 -0.00713925 0.0653499
vn 0.0909049 0.629673 0.771523
v 0.0305319 -0.00670463 0.0649181
vn 0.119099 0.750936 0.649546
v 0.0257246 -0.0059463 0.062956
vn -0.284933 0.725786 0.626137
v 0.0263394 -0.00649787 0.0636327
vn -0.336423 0.537374 0.773336
v 0.0304663 -0.00713925 0.0653499
vn 0.0909049 0.629673 0.771523
v 0.0262987 -0.00532583 0.061787
vn -0.093879 0.934645 0.342966
v 0.0305319 -0.00670463 0.0649181
vn 0.119099 0.750936 0.649546
v 0.0309001 -0.00638142 0.0643722
vn 0.214897 0.828175 0.517634
v 0.0262987 -0.00532583 0.061787
vn -0.093879 0.934645 0.342966
v 0.0257246 -0.0059463 0.062956
vn -0.284933 0.725786 0.626137
v 0.0305319 -0.00670463 0.0649181
vn 0.119099 0.750936 0.649546
v 0.0275167 -0.00504912 0.0610262
vn -0.055745 0.952793 0.29846
v 0.0309001 -0.00638142 0.0643722
vn 0.214897 0.828175 0.517634
v 0.0318044 -0.00618783 0.063458
vn 0.110374 0.793261 0.598795
v 0.0275167 -0.00504912 0.0610262
vn -0.055745 0.952793 0.29846
v 0.0262987 -0.00532583 0.061787
vn -0.093879 0.934645 0.342966
v 0.0309001 -0.00638142 0.0643722
vn 0.214897 0.828175 0.517634
v 0.0294725 -0.00456777 0.0601821
vn 0.182169 0.983144 -0.0155917
v 0.0318044 -0.00618783 0.063458
vn 0.110374 0.793261 0.598795
v 0.0343398 -0.00509864 0.0625338
vn 0.580073 0.780641 0.232626
v 0.0294725 -0.00456777 0.0601821
vn 0.182169 0.983144 -0.0155917
v 0.0275167 -0.00504912 0.0610262
vn -0.055745 0.952793 0.29846
v 0.0318044 -0.00618783 0.063458
vn 0.110374 0.793261 0.598795
v 0.0307707 -0.00625417 0.0589071
vn 0.485636 0.554309 -0.675943
v 0.0343398 -0.00509864 0.0625338
vn 0.580073 0.780641 0.232626
v 0.0352723 -0.00749256 0.060722
vn 0.820728 0.511333 -0.254842
v 0.0307707 -0.00625417 0.0589071
vn 0.485636 0.554309 -0.675943
v 0.0294725 -0.00456777 0.0601821
vn 0.182169 0.983144 -0.0155917
v 0.0343398 -0.00509864 0.0625338
vn 0.580073 0.780641 0.232626
v 0.0313873 -0.00830541 0.0582526
vn 0.469569 0.266096 -0.841842
v 0.0352723 -0.00749256 0.060722
vn 0.820728 0.511333 -0.254842
v 0.0359031 -0.00863643 0.0602812
vn 0.83236 0.416353 -0.365825
v 0.0313873 -0.00830541 0.0582526
vn 0.469569 0.266096 -0.841842
v 0.0307707 -0.00625417 0.0589071
vn 0.485636 0.554309 -0.675943
v 0.0352723 -0.00749256 0.060722
vn 0.820728 0.511333 -0.254842
v 0.0366924 -0.0105332 0.0603967
vn 0.954111 -0.160914 -0.252546
v 0.0313873 -0.00830541 0.0582526
vn 0.469569 0.266096 -0.841842
v 0.0359031 -0.00863643 0.0602812
vn 0.83236 0.416353 -0.365825
v 0.0366924 -0.0105332 0.0603967
vn 0.954111 -0.160914 -0.252546
v 0.0319757 -0.0105172 0.0582513
vn 0.434881 -0.230255 -0.870552
v 0.0313873 -0.00830541 0.0582526
vn 0.469569 0.266096 -0.841842
v 0.0348421 -0.0131499 0.0615038
vn 0.608846 -0.792699 -0.0305739
v 0.0319757 -0.0105172 0.0582513
vn 0.434881 -0.230255 -0.870552
v 0.0366924 -0.0105332 0.0603967
vn 0.954111 -0.160914 -0.252546
v 0.0348421 -0.0131499 0.0615038
vn 0.608846 -0.792699 -0.0305739
v 0.031451 -0.0124356 0.059307
vn 0.306277 -0.741311 -0.597203
v 0.0319757 -0.0105172 0.0582513
vn 0.434881 -0.230255 -0.870552
v 0.0318053 -0.0137486 0.0644887
vn 0.284561 -0.75236 0.59412
v 0.031451 -0.0124356 0.059307
vn 0.306277 -0.741311 -0.597203
v 0.0348421 -0.0131499 0.0615038
vn 0.608846 -0.792699 -0.0305739
v 0.0318053 -0.0137486 0.0644887
vn 0.284561 -0.75236 0.59412
v 0.0283881 -0.015 0.0625091
vn -0.206929 -0.93847 0.276503
v 0.031451 -0.0124356 0.059307
vn 0.306277 -0.741311 -0.597203
v 0.0307358 -0.0117518 0.0653091
vn 0.0623443 -0.543423 0.83714
v 0.0283881 -0.015 0.0625091
vn -0.206929 -0.93847 0.276503
v 0.0318053 -0.0137486 0.0644887
vn 0.284561 -0.75236 0.59412
v 0.0307358 -0.0117518 0.0653091
vn 0.0623443 -0.543423 0.83714
v 0.0268372 -0.0123652 0.0622723
vn -0.4851 -0.627086 0.60946
v 0.0283881 -0.015 0.0625091
vn -0.206929 -0.93847 0.276503
v 0.0302509 -0.0108261 0.0664683
vn -0.00317903 -0.484715 0.874666
v 0.0268372 -0.0123652 0.0622723
vn -0.4851 -0.627086 0.60946
v 0.0307358 -0.0117518 0.0653091
vn 0.0623443 -0.543423 0.83714
v 0.0302509 -0.0108261 0.0664683
vn -0.00317903 -0.484715 0.874666
v 0.0257387 -0.0117722 0.0627749
vn -0.38742 -0.720353 0.575324
v 0.0268372 -0.0123652 0.0622723
vn -0.4851 -0.627086 0.60946
vt 0.474987 0.0954887
vt 0.451752 0.0832121
vt 0.479106 0.0877904
vt 0.479106 0.0877904
vt 0.451752 0.0832121
vt 0.48056 0.0776573
vt 0.48056 0.0776573
vt 0.451752 0.0832121
vt 0.477187 0.0676429
vt 0.477187 0.0676429
vt 0.451752 0.0832121
vt 0.467311 0.0583683
vt 0.467311 0.0583683
vt 0.451752 0.0832121
vt 0.451752 0.0549781
vt 0.889912 0.605162
vt 0.915141 0.619054
vt 0.887458 0.622399
vt 0.887458 0.622399
vt 0.915141 0.619054
vt 0.892527 0.637401
vt 0.892527 0.637401
vt 0.915141 0.619054
vt 0.903126 0.645357
vt 0.903126 0.645357
vt 0.915141 0.619054
vt 0.915141 0.647663
vt 0.821291 0.631082
vt 0.821291 0.602351
vt 0.831191 0.625756
vt 0.831191 0.625756
vt 0.821291 0.602351
vt 0.838382 0.619248
vt 0.838382 0.619248
vt 0.821291 0.602351
vt 0.843749 0.610559
vt 0.460836 0.105288
vt 0.451752 0.0832121
vt 0.469146 0.101251
vt 0.469146 0.101251
vt 0.451752 0.0832121
vt 0.474987 0.0954887
vt 0.738517 0.0938274
vt 0.728456 0.116588
vt 0.728456 0.0937574
vt 0.352505 0.0656121
vt 0.346319 0.0866317
vt 0.342683 0.0680831
vt 0.342683 0.0680831
vt 0.346319 0.0866317
vt 0.338331 0.0687005
vt 0.338331 0.0687005
vt 0.346319 0.0866317
vt 0.334927 0.069526
vt 0.334927 0.069526
vt 0.346319 0.0866317
vt 0.331925 0.0721499
vt 0.331925 0.0721499
vt 0.346319 0.0866317
vt 0.328801 0.078104
vt 0.328801 0.078104
vt 0.346319 0.0866317
vt 0.322247 0.0937266
vt 0.292732 0.0775377
vt 0.267902 0.0775377
vt 0.288439 0.060564
vt 0.288439 0.060564
vt 0.267902 0.0775377
vt 0.284947 0.0533511
vt 0.284947 0.0533511
vt 0.267902 0.0775377
vt 0.276069 0.0453235
vt 0.667921 0.0477989
vt 0.649819 0.0755462
vt 0.649819 0.0438126
vt 0.727261 0.0436332
vt 0.727261 0.075546
vt 0.705599 0.052893
vt 0.705599 0.052893
vt 0.727261 0.075546
vt 0.70432 0.0668505
vt 0.738517 0.117096
vt 0.735596 0.141281
vt 0.729525 0.117096
vt 0.403844 0.285516
vt 0.438021 0.224472
vt 0.437151 0.283088
vt 0.403844 0.285516
vt 0.404213 0.227359
vt 0.438021 0.224472
vt 0.754016 0.550233
vt 0.779573 0.485378
vt 0.792343 0.538514
vt 0.754016 0.550233
vt 0.739748 0.494618
vt 0.779573 0.485378
vt 0.00342008 0.673901
vt 0.0393171 0.617768
vt 0.0417746 0.669712
vt 0.00342008 0.673901
vt 0.00025373 0.617575
vt 0.0393171 0.617768
vt 0.0417746 0.669712
vt 0.0779808 0.61785
vt 0.0811449 0.665088
vt 0.0417746 0.669712
vt 0.0393171 0.617768
vt 0.0779808 0.61785
vt 0.0811449 0.665088
vt 0.110258 0.617901
vt 0.113814 0.661368
vt 0.0811449 0.665088
vt 0.0779808 0.61785
vt 0.110258 0.617901
vt 0.673428 0.391497
vt 0.692336 0.347752
vt 0.701164 0.383932
vt 0.813546 0.0788183
vt 0.809136 0.0398508
vt 0.838068 0.0398508
vt 0.701164 0.383932
vt 0.718983 0.345145
vt 0.727261 0.380018
vt 0.701164 0.383932
vt 0.692336 0.347752
vt 0.718983 0.345145
vt 0.13666 0.168319
vt 0.1639 0.129547
vt 0.163418 0.169909
vt 0.13666 0.168319
vt 0.136813 0.128229
vt 0.1639 0.129547
vt 0.163418 0.169909
vt 0.192083 0.130255
vt 0.191286 0.171969
vt 0.163418 0.169909
vt 0.1639 0.129547
vt 0.192083 0.130255
vt 0.438664 0.725712
vt 0.41366 0.774116
vt 0.40416 0.730772
vt 0.438664 0.725712
vt 0.4477 0.766028
vt 0.41366 0.774116
vt 0.40416 0.730772
vt 0.37546 0.785901
vt 0.364736 0.738148
vt 0.40416 0.730772
vt 0.41366 0.774116
vt 0.37546 0.785901
vt 0.615066 0.762355
vt 0.58126 0.822987
vt 0.568292 0.770232
vt 0.615066 0.762355
vt 0.626458 0.810339
vt 0.58126 0.822987
vt 0.905002 0.883503
vt 0.869735 0.946815
vt 0.857506 0.8913
vt 0.905002 0.883503
vt 0.916033 0.935516
vt 0.869735 0.946815
vt 0.361831 0.285252
vt 0.404213 0.227359
vt 0.403844 0.285516
vt 0.361831 0.285252
vt 0.363468 0.227733
vt 0.404213 0.227359
vt 0.626458 0.810339
vt 0.600769 0.873069
vt 0.58126 0.822987
vt 0.626458 0.810339
vt 0.643809 0.856068
vt 0.600769 0.873069
vt 0.916033 0.935516
vt 0.88781 0.999746
vt 0.869735 0.946815
vt 0.91654 0.999746
vt 0.926619 0.948597
vt 0.972694 0.957045
vt 0.363468 0.227733
vt 0.402953 0.168949
vt 0.404213 0.227359
vt 0.363468 0.227733
vt 0.363046 0.169752
vt 0.402953 0.168949
vt 0.404213 0.227359
vt 0.435923 0.166373
vt 0.438021 0.224472
vt 0.404213 0.227359
vt 0.402953 0.168949
vt 0.435923 0.166373
vt 0.739748 0.494618
vt 0.770698 0.431749
vt 0.779573 0.485378
vt 0.739748 0.494618
vt 0.730806 0.437634
vt 0.770698 0.431749
vt 0.00025373 0.617575
vt 0.0420075 0.567111
vt 0.0393171 0.617768
vt 0.00025373 0.617575
vt 0.00447202 0.56287
vt 0.0420075 0.567111
vt 0.0393171 0.617768
vt 0.0800733 0.571326
vt 0.0779808 0.61785
vt 0.0393171 0.617768
vt 0.0420075 0.567111
vt 0.0800733 0.571326
vt 0.0779808 0.61785
vt 0.11198 0.574795
vt 0.110258 0.617901
vt 0.0779808 0.61785
vt 0.0800733 0.571326
vt 0.11198 0.574795
vt 0.664448 0.354154
vt 0.68553 0.309717
vt 0.692336 0.347752
vt 0.664448 0.354154
vt 0.65749 0.314722
vt 0.68553 0.309717
vt 0.692336 0.347752
vt 0.712589 0.308147
vt 0.718983 0.345145
vt 0.692336 0.347752
vt 0.68553 0.309717
vt 0.712589 0.308147
vt 0.136813 0.128229
vt 0.163191 0.0896005
vt 0.1639 0.129547
vt 0.136813 0.128229
vt 0.135738 0.0886792
vt 0.163191 0.0896005
vt 0.528213 0.336058
vt 0.561071 0.300446
vt 0.557468 0.340677
vt 0.528213 0.336058
vt 0.531375 0.297286
vt 0.561071 0.300446
vt 0.4477 0.766028
vt 0.427845 0.815424
vt 0.41366 0.774116
vt 0.4477 0.766028
vt 0.461216 0.804501
vt 0.427845 0.815424
vt 0.41366 0.774116
vt 0.390904 0.83129
vt 0.37546 0.785901
vt 0.41366 0.774116
vt 0.427845 0.815424
vt 0.390904 0.83129
vt 0.363046 0.169752
vt 0.400112 0.113039
vt 0.402953 0.168949
vt 0.363046 0.169752
vt 0.361555 0.113495
vt 0.400112 0.113039
vt 0.402953 0.168949
vt 0.433307 0.111965
vt 0.435923 0.166373
vt 0.402953 0.168949
vt 0.400112 0.113039
vt 0.433307 0.111965
vt 0.730806 0.437634
vt 0.766625 0.379303
vt 0.770698 0.431749
vt 0.730806 0.437634
vt 0.727769 0.382822
vt 0.766625 0.379303
vt 0.00447202 0.56287
vt 0.0498575 0.51818
vt 0.0420075 0.567111
vt 0.770698 0.431749
vt 0.766625 0.379303
vt 0.803596 0.375472
vt 0.0420075 0.567111
vt 0.0870613 0.52587
vt 0.0800733 0.571326
vt 0.0420075 0.567111
vt 0.0498575 0.51818
vt 0.0870613 0.52587
vt 0.0800733 0.571326
vt 0.118358 0.532371
vt 0.11198 0.574795
vt 0.0800733 0.571326
vt 0.0870613 0.52587
vt 0.118358 0.532371
vt 0.65749 0.314722
vt 0.680629 0.270258
vt 0.68553 0.309717
vt 0.65749 0.314722
vt 0.652802 0.273831
vt 0.680629 0.270258
vt 0.68553 0.309717
vt 0.707973 0.269525
vt 0.712589 0.308147
vt 0.68553 0.309717
vt 0.680629 0.270258
vt 0.707973 0.269525
vt 0.135738 0.0886792
vt 0.161259 0.0507141
vt 0.163191 0.0896005
vt 0.135738 0.0886792
vt 0.133453 0.050037
vt 0.161259 0.0507141
vt 0.531375 0.297286
vt 0.561903 0.258969
vt 0.561071 0.300446
vt 0.531375 0.297286
vt 0.531632 0.257185
vt 0.561903 0.258969
vt 0.461216 0.804501
vt 0.446589 0.854928
vt 0.427845 0.815424
vt 0.461216 0.804501
vt 0.479075 0.840871
vt 0.446589 0.854928
vt 0.427845 0.815424
vt 0.410805 0.874131
vt 0.390904 0.83129
vt 0.427845 0.815424
vt 0.446589 0.854928
vt 0.410805 0.874131
vt 0.643809 0.856068
vt 0.626922 0.919873
vt 0.600769 0.873069
vt 0.643809 0.856068
vt 0.666932 0.899352
vt 0.626922 0.919873
vt 0.926619 0.948597
vt 0.975324 0.900673
vt 0.972694 0.957045
vt 0.926619 0.948597
vt 0.930814 0.89577
vt 0.975324 0.900673
vt 0.361555 0.113495
vt 0.395958 0.0588675
vt 0.400112 0.113039
vt 0.361555 0.113495
vt 0.35953 0.0600461
vt 0.395958 0.0588675
vt 0.772869 0.220295
vt 0.808629 0.16668
vt 0.808207 0.21885
vt 0.772869 0.220295
vt 0.773939 0.166039
vt 0.808629 0.16668
vt 0.727769 0.382822
vt 0.766292 0.327391
vt 0.766625 0.379303
vt 0.727769 0.382822
vt 0.728363 0.32838
vt 0.766292 0.327391
vt 0.766625 0.379303
vt 0.803136 0.326366
vt 0.803596 0.375472
vt 0.766625 0.379303
vt 0.766292 0.327391
vt 0.803136 0.326366
vt 0.0498575 0.51818
vt 0.0988921 0.481674
vt 0.0870613 0.52587
vt 0.0498575 0.51818
vt 0.0628742 0.470854
vt 0.0988921 0.481674
vt 0.0870613 0.52587
vt 0.129754 0.491156
vt 0.118358 0.532371
vt 0.0870613 0.52587
vt 0.0988921 0.481674
vt 0.129754 0.491156
vt 0.652802 0.273831
vt 0.677444 0.229865
vt 0.680629 0.270258
vt 0.652802 0.273831
vt 0.649819 0.231681
vt 0.677444 0.229865
vt 0.680629 0.270258
vt 0.705238 0.23001
vt 0.707973 0.269525
vt 0.680629 0.270258
vt 0.677444 0.229865
vt 0.705238 0.23001
vt 0.505546 0.256623
vt 0.529549 0.216818
vt 0.531632 0.257185
vt 0.505546 0.256623
vt 0.503275 0.216853
vt 0.529549 0.216818
vt 0.531632 0.257185
vt 0.560313 0.216925
vt 0.561903 0.258969
vt 0.531632 0.257185
vt 0.529549 0.216818
vt 0.560313 0.216925
vt 0.479075 0.840871
vt 0.469946 0.890939
vt 0.446589 0.854928
vt 0.479075 0.840871
vt 0.501101 0.873996
vt 0.469946 0.890939
vt 0.446589 0.854928
vt 0.436991 0.913678
vt 0.410805 0.874131
vt 0.446589 0.854928
vt 0.469946 0.890939
vt 0.436991 0.913678
vt 0.666932 0.899352
vt 0.658697 0.96283
vt 0.626922 0.919873
vt 0.666932 0.899352
vt 0.69522 0.939478
vt 0.658697 0.96283
vt 0.930814 0.89577
vt 0.971586 0.84429
vt 0.975324 0.900673
vt 0.930814 0.89577
vt 0.930031 0.84217
vt 0.971586 0.84429
vt 0.403844 0.285516
vt 0.35953 0.340677
vt 0.361831 0.285252
vt 0.403844 0.285516
vt 0.403179 0.339826
vt 0.35953 0.340677
vt 0.857506 0.8913
vt 0.899342 0.829077
vt 0.905002 0.883503
vt 0.857506 0.8913
vt 0.851482 0.834148
vt 0.899342 0.829077
vt 0.568292 0.770232
vt 0.609744 0.712355
vt 0.615066 0.762355
vt 0.568292 0.770232
vt 0.562411 0.715423
vt 0.609744 0.712355
vt 0.364736 0.738148
vt 0.399404 0.685346
vt 0.40416 0.730772
vt 0.364736 0.738148
vt 0.35953 0.688255
vt 0.399404 0.685346
vt 0.40416 0.730772
vt 0.434018 0.683468
vt 0.438664 0.725712
vt 0.40416 0.730772
vt 0.399404 0.685346
vt 0.434018 0.683468
vt 0.191286 0.171969
vt 0.162015 0.210892
vt 0.163418 0.169909
vt 0.191286 0.171969
vt 0.189507 0.214225
vt 0.162015 0.210892
vt 0.163418 0.169909
vt 0.135557 0.208864
vt 0.13666 0.168319
vt 0.163418 0.169909
vt 0.162015 0.210892
vt 0.135557 0.208864
vt 0.727769 0.986085
vt 0.76097 0.952687
vt 0.753382 0.991378
vt 0.727769 0.986085
vt 0.735263 0.948649
vt 0.76097 0.952687
vt 0.753382 0.991378
vt 0.788937 0.959099
vt 0.780959 0.999746
vt 0.753382 0.991378
vt 0.76097 0.952687
vt 0.788937 0.959099
vt 0.113814 0.661368
vt 0.0898566 0.71243
vt 0.0811449 0.665088
vt 0.113814 0.661368
vt 0.122561 0.704729
vt 0.0898566 0.71243
vt 0.0811449 0.665088
vt 0.0480037 0.722779
vt 0.0417746 0.669712
vt 0.0811449 0.665088
vt 0.0898566 0.71243
vt 0.0480037 0.722779
vt 0.0417746 0.669712
vt 0.012053 0.731169
vt 0.00342008 0.673901
vt 0.0417746 0.669712
vt 0.0480037 0.722779
vt 0.012053 0.731169
vt 0.792343 0.538514
vt 0.772753 0.601843
vt 0.754016 0.550233
vt 0.792343 0.538514
vt 0.808629 0.591009
vt 0.772753 0.601843
vt 0.437151 0.283088
vt 0.403179 0.339826
vt 0.403844 0.285516
vt 0.437151 0.283088
vt 0.435686 0.338954
vt 0.403179 0.339826
vt 0.851482 0.834148
vt 0.898962 0.772218
vt 0.899342 0.829077
vt 0.851482 0.834148
vt 0.85121 0.773185
vt 0.898962 0.772218
vt 0.562411 0.715423
vt 0.61116 0.660797
vt 0.609744 0.712355
vt 0.562411 0.715423
vt 0.564962 0.658699
vt 0.61116 0.660797
vt 0.35953 0.688255
vt 0.399905 0.638333
vt 0.399404 0.685346
vt 0.35953 0.688255
vt 0.361023 0.636656
vt 0.399905 0.638333
vt 0.399404 0.685346
vt 0.434079 0.639686
vt 0.434018 0.683468
vt 0.399404 0.685346
vt 0.399905 0.638333
vt 0.434079 0.639686
vt 0.825311 0.601843
vt 0.846003 0.557077
vt 0.8538 0.596248
vt 0.825311 0.601843
vt 0.817533 0.561344
vt 0.846003 0.557077
vt 0.162015 0.210892
vt 0.133453 0.249214
vt 0.135557 0.208864
vt 0.162015 0.210892
vt 0.159697 0.251895
vt 0.133453 0.249214
vt 0.735263 0.948649
vt 0.766142 0.911063
vt 0.76097 0.952687
vt 0.735263 0.948649
vt 0.740425 0.908387
vt 0.766142 0.911063
vt 0.76097 0.952687
vt 0.794328 0.915356
vt 0.788937 0.959099
vt 0.76097 0.952687
vt 0.766142 0.911063
vt 0.794328 0.915356
vt 0.122561 0.704729
vt 0.106233 0.75858
vt 0.0898566 0.71243
vt 0.122561 0.704729
vt 0.138076 0.747155
vt 0.106233 0.75858
vt 0.0898566 0.71243
vt 0.0541626 0.778115
vt 0.0480037 0.722779
vt 0.0898566 0.71243
vt 0.106233 0.75858
vt 0.0541626 0.778115
vt 0.0480037 0.722779
vt 0.0262076 0.790676
vt 0.012053 0.731169
vt 0.844909 0.0701214
vt 0.868553 0.117736
vt 0.844909 0.143488
vt 0.885917 0.588843
vt 0.931714 0.539665
vt 0.92108 0.601843
vt 0.885917 0.588843
vt 0.904836 0.532424
vt 0.931714 0.539665
vt 0.564312 0.388553
vt 0.595317 0.32963
vt 0.597267 0.391497
vt 0.564312 0.388553
vt 0.562411 0.32445
vt 0.595317 0.32963
vt 0.597267 0.391497
vt 0.638798 0.326474
vt 0.640649 0.386637
vt 0.597267 0.391497
vt 0.595317 0.32963
vt 0.638798 0.326474
vt 0.85121 0.773185
vt 0.90494 0.713944
vt 0.898962 0.772218
vt 0.85121 0.773185
vt 0.859288 0.709508
vt 0.90494 0.713944
vt 0.564962 0.658699
vt 0.619354 0.608605
vt 0.61116 0.660797
vt 0.564962 0.658699
vt 0.574878 0.600879
vt 0.619354 0.608605
vt 0.361023 0.636656
vt 0.405462 0.590571
vt 0.399905 0.638333
vt 0.361023 0.636656
vt 0.367639 0.584304
vt 0.405462 0.590571
vt 0.399905 0.638333
vt 0.439232 0.595071
vt 0.434079 0.639686
vt 0.399905 0.638333
vt 0.405462 0.590571
vt 0.439232 0.595071
vt 0.817533 0.561344
vt 0.840916 0.514595
vt 0.846003 0.557077
vt 0.817533 0.561344
vt 0.812075 0.517678
vt 0.840916 0.514595
vt 0.846003 0.557077
vt 0.866316 0.513839
vt 0.871289 0.555714
vt 0.846003 0.557077
vt 0.840916 0.514595
vt 0.866316 0.513839
vt 0.740425 0.908387
vt 0.768478 0.866989
vt 0.766142 0.911063
vt 0.740425 0.908387
vt 0.742885 0.865752
vt 0.768478 0.866989
vt 0.766142 0.911063
vt 0.796587 0.869198
vt 0.794328 0.915356
vt 0.766142 0.911063
vt 0.768478 0.866989
vt 0.796587 0.869198
vt 0.138076 0.747155
vt 0.132511 0.801694
vt 0.106233 0.75858
vt 0.138076 0.747155
vt 0.160339 0.787849
vt 0.132511 0.801694
vt 0.106233 0.75858
vt 0.0822219 0.826787
vt 0.0541626 0.778115
vt 0.106233 0.75858
vt 0.132511 0.801694
vt 0.0822219 0.826787
vt 0.871796 0.526087
vt 0.912346 0.471302
vt 0.904836 0.532424
vt 0.871796 0.526087
vt 0.874539 0.470226
vt 0.912346 0.471302
vt 0.904836 0.532424
vt 0.938644 0.472019
vt 0.931714 0.539665
vt 0.904836 0.532424
vt 0.912346 0.471302
vt 0.938644 0.472019
vt 0.562411 0.32445
vt 0.597436 0.260176
vt 0.595317 0.32963
vt 0.562411 0.32445
vt 0.565004 0.256169
vt 0.597436 0.260176
vt 0.595317 0.32963
vt 0.638914 0.262028
vt 0.638798 0.326474
vt 0.595317 0.32963
vt 0.597436 0.260176
vt 0.638914 0.262028
vt 0.859288 0.709508
vt 0.916033 0.657098
vt 0.90494 0.713944
vt 0.859288 0.709508
vt 0.873769 0.649673
vt 0.916033 0.657098
vt 0.574878 0.600879
vt 0.633737 0.557553
vt 0.619354 0.608605
vt 0.574878 0.600879
vt 0.591649 0.544853
vt 0.633737 0.557553
vt 0.367639 0.584304
vt 0.415914 0.543889
vt 0.405462 0.590571
vt 0.367639 0.584304
vt 0.379139 0.532979
vt 0.415914 0.543889
vt 0.405462 0.590571
vt 0.449695 0.551699
vt 0.439232 0.595071
vt 0.405462 0.590571
vt 0.415914 0.543889
vt 0.449695 0.551699
vt 0.812075 0.517678
vt 0.838861 0.47078
vt 0.840916 0.514595
vt 0.812075 0.517678
vt 0.809272 0.472605
vt 0.838861 0.47078
vt 0.840916 0.514595
vt 0.864561 0.470545
vt 0.866316 0.513839
vt 0.840916 0.514595
vt 0.838861 0.47078
vt 0.864561 0.470545
vt 0.742885 0.865752
vt 0.768048 0.822356
vt 0.768478 0.866989
vt 0.742885 0.865752
vt 0.742401 0.822306
vt 0.768048 0.822356
vt 0.768478 0.866989
vt 0.795719 0.822733
vt 0.796587 0.869198
vt 0.768478 0.866989
vt 0.768048 0.822356
vt 0.795719 0.822733
vt 0.160339 0.787849
vt 0.161576 0.842331
vt 0.132511 0.801694
vt 0.160339 0.787849
vt 0.186482 0.82628
vt 0.161576 0.842331
vt 0.132511 0.801694
vt 0.122915 0.866426
vt 0.0822219 0.826787
vt 0.132511 0.801694
vt 0.161576 0.842331
vt 0.122915 0.866426
vt 0.874539 0.470226
vt 0.906731 0.405855
vt 0.912346 0.471302
vt 0.0822219 0.826787
vt 0.122915 0.866426
vt 0.0952956 0.896936
vt 0.912346 0.471302
vt 0.934021 0.402161
vt 0.938644 0.472019
vt 0.912346 0.471302
vt 0.906731 0.405855
vt 0.934021 0.402161
vt 0.565004 0.256169
vt 0.599382 0.19443
vt 0.597436 0.260176
vt 0.565004 0.256169
vt 0.566305 0.187337
vt 0.599382 0.19443
vt 0.597436 0.260176
vt 0.638351 0.199832
vt 0.638914 0.262028
vt 0.597436 0.260176
vt 0.599382 0.19443
vt 0.638351 0.199832
vt 0.599382 0.19443
vt 0.639767 0.140412
vt 0.638351 0.199832
vt 0.599382 0.19443
vt 0.603216 0.135793
vt 0.639767 0.140412
vt 0.131813 0.030285
vt 0.0926603 0.0915007
vt 0.0890054 0.0364819
vt 0.131813 0.030285
vt 0.132945 0.0898249
vt 0.0926603 0.0915007
vt 0.591649 0.544853
vt 0.653055 0.509405
vt 0.633737 0.557553
vt 0.591649 0.544853
vt 0.614103 0.492417
vt 0.653055 0.509405
vt 0.379139 0.532979
vt 0.430748 0.499738
vt 0.415914 0.543889
vt 0.633737 0.557553
vt 0.653055 0.509405
vt 0.687542 0.525463
vt 0.415914 0.543889
vt 0.464687 0.510868
vt 0.449695 0.551699
vt 0.415914 0.543889
vt 0.430748 0.499738
vt 0.464687 0.510868
vt 0.809272 0.472605
vt 0.839807 0.426977
vt 0.838861 0.47078
vt 0.809272 0.472605
vt 0.809136 0.427756
vt 0.839807 0.426977
vt 0.838861 0.47078
vt 0.866322 0.427031
vt 0.864561 0.470545
vt 0.838861 0.47078
vt 0.839807 0.426977
vt 0.866322 0.427031
vt 0.742401 0.822306
vt 0.765393 0.778256
vt 0.768048 0.822356
vt 0.742401 0.822306
vt 0.739507 0.779224
vt 0.765393 0.778256
vt 0.768048 0.822356
vt 0.792557 0.777014
vt 0.795719 0.822733
vt 0.768048 0.822356
vt 0.765393 0.778256
vt 0.792557 0.777014
vt 0.186482 0.82628
vt 0.192199 0.879864
vt 0.161576 0.842331
vt 0.186482 0.82628
vt 0.216719 0.860956
vt 0.192199 0.879864
vt 0.161576 0.842331
vt 0.163203 0.907668
vt 0.122915 0.866426
vt 0.161576 0.842331
vt 0.192199 0.879864
vt 0.163203 0.907668
vt 0.122915 0.866426
vt 0.139733 0.936955
vt 0.0952956 0.896936
vt 0.122915 0.866426
vt 0.163203 0.907668
vt 0.139733 0.936955
vt 0.906731 0.405855
vt 0.928327 0.344892
vt 0.934021 0.402161
vt 0.906731 0.405855
vt 0.898059 0.347339
vt 0.928327 0.344892
vt 0.566305 0.187337
vt 0.603216 0.135793
vt 0.599382 0.19443
vt 0.566305 0.187337
vt 0.572827 0.132051
vt 0.603216 0.135793
vt 0.603216 0.135793
vt 0.640649 0.089832
vt 0.639767 0.140412
vt 0.603216 0.135793
vt 0.607284 0.0884557
vt 0.640649 0.089832
vt 0.132945 0.0898249
vt 0.0938315 0.143837
vt 0.0926603 0.0915007
vt 0.132945 0.0898249
vt 0.130608 0.144395
vt 0.0938315 0.143837
vt 0.614103 0.492417
vt 0.675482 0.466754
vt 0.653055 0.509405
vt 0.614103 0.492417
vt 0.640424 0.447429
vt 0.675482 0.466754
vt 0.653055 0.509405
vt 0.708462 0.486153
vt 0.687542 0.525463
vt 0.653055 0.509405
vt 0.675482 0.466754
vt 0.708462 0.486153
vt 0.430748 0.499738
vt 0.481756 0.473935
vt 0.464687 0.510868
vt 0.430748 0.499738
vt 0.448362 0.460021
vt 0.481756 0.473935
vt 0.809136 0.427756
vt 0.842927 0.38606
vt 0.839807 0.426977
vt 0.809136 0.427756
vt 0.811453 0.385848
vt 0.842927 0.38606
vt 0.839807 0.426977
vt 0.869865 0.385814
vt 0.866322 0.427031
vt 0.839807 0.426977
vt 0.842927 0.38606
vt 0.869865 0.385814
vt 0.739507 0.779224
vt 0.761463 0.73694
vt 0.765393 0.778256
vt 0.739507 0.779224
vt 0.735638 0.738709
vt 0.761463 0.73694
vt 0.765393 0.778256
vt 0.787482 0.73434
vt 0.792557 0.777014
vt 0.765393 0.778256
vt 0.761463 0.73694
vt 0.787482 0.73434
vt 0.216719 0.860956
vt 0.226386 0.910701
vt 0.192199 0.879864
vt 0.216719 0.860956
vt 0.247761 0.891398
vt 0.226386 0.910701
vt 0.192199 0.879864
vt 0.203167 0.936482
vt 0.163203 0.907668
vt 0.192199 0.879864
vt 0.226386 0.910701
vt 0.203167 0.936482
vt 0.163203 0.907668
vt 0.182196 0.964134
vt 0.139733 0.936955
vt 0.163203 0.907668
vt 0.203167 0.936482
vt 0.182196 0.964134
vt 0.898059 0.347339
vt 0.915524 0.297053
vt 0.928327 0.344892
vt 0.898059 0.347339
vt 0.883398 0.300359
vt 0.915524 0.297053
vt 0.0228702 0.245325
vt 0.0556183 0.204013
vt 0.055363 0.251895
vt 0.0228702 0.245325
vt 0.0246244 0.1988
vt 0.0556183 0.204013
vt 0.842927 0.38606
vt 0.871289 0.354862
vt 0.869865 0.385814
vt 0.620907 0.0459219
vt 0.640649 0.0696721
vt 0.620907 0.0879482
vt 0.735638 0.738709
vt 0.757957 0.707126
vt 0.761463 0.73694
vt 0.735638 0.738709
vt 0.733538 0.708085
vt 0.757957 0.707126
vt 0.761463 0.73694
vt 0.781693 0.704122
vt 0.787482 0.73434
vt 0.761463 0.73694
vt 0.757957 0.707126
vt 0.781693 0.704122
vt 0.247761 0.891398
vt 0.251445 0.931529
vt 0.226386 0.910701
vt 0.247761 0.891398
vt 0.26962 0.913146
vt 0.251445 0.931529
vt 0.226386 0.910701
vt 0.233979 0.955162
vt 0.203167 0.936482
vt 0.226386 0.910701
vt 0.251445 0.931529
vt 0.233979 0.955162
vt 0.203167 0.936482
vt 0.217718 0.981127
vt 0.182196 0.964134
vt 0.203167 0.936482
vt 0.233979 0.955162
vt 0.217718 0.981127
vt 0.883398 0.300359
vt 0.901928 0.261627
vt 0.915524 0.297053
vt 0.883398 0.300359
vt 0.871796 0.265703
vt 0.901928 0.261627
vt 0.0246244 0.1988
vt 0.0544214 0.162975
vt 0.0556183 0.204013
vt 0.0246244 0.1988
vt 0.0261611 0.159222
vt 0.0544214 0.162975
vt 0.0556183 0.204013
vt 0.0829865 0.159319
vt 0.0884978 0.201464
vt 0.0556183 0.204013
vt 0.0544214 0.162975
vt 0.0829865 0.159319
vt 0.130608 0.144395
vt 0.0934232 0.188485
vt 0.0938315 0.143837
vt 0.130608 0.144395
vt 0.125062 0.188781
vt 0.0934232 0.188485
vt 0.640424 0.447429
vt 0.697614 0.433476
vt 0.675482 0.466754
vt 0.640424 0.447429
vt 0.667428 0.413921
vt 0.697614 0.433476
vt 0.675482 0.466754
vt 0.727261 0.454212
vt 0.708462 0.486153
vt 0.675482 0.466754
vt 0.697614 0.433476
vt 0.727261 0.454212
vt 0.448362 0.460021
vt 0.497534 0.444171
vt 0.481756 0.473935
vt 0.448362 0.460021
vt 0.466998 0.427663
vt 0.497534 0.444171
vt 0.811453 0.385848
vt 0.845827 0.353887
vt 0.842927 0.38606
vt 0.811453 0.385848
vt 0.81539 0.351579
vt 0.845827 0.353887
vt 0.740837 0.158339
vt 0.776149 0.10915
vt 0.773939 0.166039
vt 0.971586 0.84429
vt 0.962521 0.788828
vt 0.992305 0.786933
vt 0.773939 0.166039
vt 0.808629 0.110711
vt 0.808629 0.16668
vt 0.773939 0.166039
vt 0.776149 0.10915
vt 0.808629 0.110711
vt 0.728363 0.32838
vt 0.769938 0.275278
vt 0.766292 0.327391
vt 0.728363 0.32838
vt 0.734852 0.273319
vt 0.769938 0.275278
vt 0.766292 0.327391
vt 0.80447 0.277925
vt 0.803136 0.326366
vt 0.766292 0.327391
vt 0.769938 0.275278
vt 0.80447 0.277925
vt 0.0628742 0.470854
vt 0.11519 0.439364
vt 0.0988921 0.481674
vt 0.0628742 0.470854
vt 0.0823657 0.426013
vt 0.11519 0.439364
vt 0.0988921 0.481674
vt 0.144492 0.451307
vt 0.129754 0.491156
vt 0.0988921 0.481674
vt 0.11519 0.439364
vt 0.144492 0.451307
vt 0.649819 0.231681
vt 0.676088 0.18911
vt 0.677444 0.229865
vt 0.352505 0.170766
vt 0.328492 0.141076
vt 0.352505 0.123596
vt 0.677444 0.229865
vt 0.703839 0.19015
vt 0.705238 0.23001
vt 0.677444 0.229865
vt 0.676088 0.18911
vt 0.703839 0.19015
vt 0.503275 0.216853
vt 0.525134 0.176693
vt 0.529549 0.216818
vt 0.503275 0.216853
vt 0.499187 0.177174
vt 0.525134 0.176693
vt 0.529549 0.216818
vt 0.555842 0.174855
vt 0.560313 0.216925
vt 0.529549 0.216818
vt 0.525134 0.176693
vt 0.555842 0.174855
vt 0.501101 0.873996
vt 0.497369 0.924664
vt 0.469946 0.890939
vt 0.501101 0.873996
vt 0.526453 0.904805
vt 0.497369 0.924664
vt 0.469946 0.890939
vt 0.468328 0.949607
vt 0.436991 0.913678
vt 0.469946 0.890939
vt 0.497369 0.924664
vt 0.468328 0.949607
vt 0.69522 0.939478
vt 0.695806 0.999746
vt 0.658697 0.96283
vt 0.69522 0.939478
vt 0.727261 0.976095
vt 0.695806 0.999746
vt 0.930031 0.84217
vt 0.962521 0.788828
vt 0.971586 0.84429
vt 0.930031 0.84217
vt 0.925022 0.78909
vt 0.962521 0.788828
vt 0.871289 0.354862
vt 0.84816 0.332499
vt 0.871252 0.335962
vt 0.871289 0.354862
vt 0.845827 0.353887
vt 0.84816 0.332499
vt 0.757957 0.707126
vt 0.732646 0.689258
vt 0.755205 0.688438
vt 0.757957 0.707126
vt 0.733538 0.708085
vt 0.732646 0.689258
vt 0.781693 0.704122
vt 0.755205 0.688438
vt 0.776418 0.683951
vt 0.781693 0.704122
vt 0.757957 0.707126
vt 0.755205 0.688438
vt 0.251445 0.931529
vt 0.284816 0.927295
vt 0.270852 0.945504
vt 0.251445 0.931529
vt 0.26962 0.913146
vt 0.284816 0.927295
vt 0.233979 0.955162
vt 0.270852 0.945504
vt 0.258038 0.967162
vt 0.233979 0.955162
vt 0.251445 0.931529
vt 0.270852 0.945504
vt 0.935983 0.675398
vt 0.935983 0.632728
vt 0.954649 0.651159
vt 0.32174 0.0937266
vt 0.301801 0.0687453
vt 0.32174 0.0510448
vt 0.0261611 0.159222
vt 0.00567108 0.119083
vt 0.0285155 0.126637
vt 0.0261611 0.159222
vt 0.000253764 0.149091
vt 0.00567108 0.119083
vt 0.0544214 0.162975
vt 0.0285155 0.126637
vt 0.0531389 0.1289
vt 0.0544214 0.162975
vt 0.0261611 0.159222
vt 0.0285155 0.126637
vt 0.0829865 0.159319
vt 0.0531389 0.1289
vt 0.0773873 0.124838
vt 0.0829865 0.159319
vt 0.0544214 0.162975
vt 0.0531389 0.1289
vt 0.0934232 0.188485
vt 0.118451 0.222995
vt 0.0917823 0.223104
vt 0.0934232 0.188485
vt 0.125062 0.188781
vt 0.118451 0.222995
vt 0.697614 0.433476
vt 0.692227 0.392004
vt 0.717368 0.410099
vt 0.697614 0.433476
vt 0.667428 0.413921
vt 0.692227 0.392004
vt 0.466998 0.427663
vt 0.462441 0.383662
vt 0.484983 0.403946
vt 0.466998 0.427663
vt 0.439795 0.407532
vt 0.462441 0.383662
vt 0.497534 0.444171
vt 0.484983 0.403946
vt 0.510298 0.421863
vt 0.497534 0.444171
vt 0.466998 0.427663
vt 0.484983 0.403946
vt 0.845827 0.353887
vt 0.821168 0.326449
vt 0.84816 0.332499
vt 0.845827 0.353887
vt 0.81539 0.351579
vt 0.821168 0.326449
vt 0.0340496 0.0652766
vt 0.0437445 0.0332001
vt 0.0483901 0.0660731
vt 0.0340496 0.0652766
vt 0.0353441 0.0335367
vt 0.0437445 0.0332001
vt 0.0483901 0.0660731
vt 0.0535058 0.0296916
vt 0.0633573 0.0628328
vt 0.0483901 0.0660731
vt 0.0437445 0.0332001
vt 0.0535058 0.0296916
vt 0.0633573 0.0628328
vt 0.0620306 0.0250137
vt 0.0764669 0.0559772
vt 0.0633573 0.0628328
vt 0.0535058 0.0296916
vt 0.0620306 0.0250137
vt 0.934204 0.684663
vt 0.928442 0.724036
vt 0.91654 0.694047
vt 0.934204 0.684663
vt 0.939874 0.717246
vt 0.928442 0.724036
vt 0.509296 0.3481
vt 0.549534 0.341184
vt 0.524574 0.364601
vt 0.91654 0.694047
vt 0.928442 0.724036
vt 0.91654 0.735918
vt 0.524574 0.364601
vt 0.561903 0.354048
vt 0.542125 0.380741
vt 0.524574 0.364601
vt 0.549534 0.341184
vt 0.561903 0.354048
vt 0.838306 0.277253
vt 0.86576 0.251589
vt 0.85826 0.28396
vt 0.838306 0.277253
vt 0.850768 0.246473
vt 0.86576 0.251589
vt 0.329045 0.204093
vt 0.344428 0.171273
vt 0.346954 0.20448
vt 0.329045 0.204093
vt 0.331055 0.172605
vt 0.344428 0.171273
vt 0.730047 0.639282
vt 0.740422 0.602351
vt 0.745988 0.637362
vt 0.730047 0.639282
vt 0.727769 0.605846
vt 0.740422 0.602351
vt 0.332124 0.952066
vt 0.349429 0.982901
vt 0.32384 0.962138
vt 0.332124 0.952066
vt 0.359022 0.976079
vt 0.349429 0.982901
vt 0.32384 0.962138
vt 0.344729 0.991365
vt 0.316127 0.974292
vt 0.32384 0.962138
vt 0.349429 0.982901
vt 0.344729 0.991365
vt 0.316127 0.974292
vt 0.339312 0.999746
vt 0.309746 0.987718
vt 0.316127 0.974292
vt 0.344729 0.991365
vt 0.339312 0.999746
vt 0.313483 0.135334
vt 0.327985 0.107907
vt 0.327985 0.138588
vt 0.313483 0.135334
vt 0.319973 0.10481
vt 0.327985 0.107907
vt 0.02091 0.0614178
vt 0.0353441 0.0335367
vt 0.0340496 0.0652766
vt 0.02091 0.0614178
vt 0.0281147 0.0314338
vt 0.0353441 0.0335367
vt 0.944092 0.0202413
vt 0.897186 0.048246
vt 0.910208 0.000253856
vt 0.944092 0.0202413
vt 0.926608 0.0632235
vt 0.897186 0.048246
vt 0.925022 0.78909
vt 0.947332 0.736426
vt 0.962521 0.788828
vt 0.925022 0.78909
vt 0.91654 0.73959
vt 0.947332 0.736426
vt 0.811769 0.99211
vt 0.850702 0.946515
vt 0.843865 0.999746
vt 0.811769 0.99211
vt 0.82289 0.940772
vt 0.850702 0.946515
vt 0.776149 0.10915
vt 0.808515 0.0527894
vt 0.808629 0.110711
vt 0.776149 0.10915
vt 0.780385 0.0513279
vt 0.808515 0.0527894
vt 0.734852 0.273319
vt 0.779126 0.22467
vt 0.769938 0.275278
vt 0.734852 0.273319
vt 0.749779 0.220803
vt 0.779126 0.22467
vt 0.769938 0.275278
vt 0.808629 0.231928
vt 0.80447 0.277925
vt 0.769938 0.275278
vt 0.779126 0.22467
vt 0.808629 0.231928
vt 0.0823657 0.426013
vt 0.135808 0.401058
vt 0.11519 0.439364
vt 0.0823657 0.426013
vt 0.108962 0.385708
vt 0.135808 0.401058
vt 0.11519 0.439364
vt 0.161518 0.414124
vt 0.144492 0.451307
vt 0.11519 0.439364
vt 0.135808 0.401058
vt 0.161518 0.414124
vt 0.328492 0.141076
vt 0.331435 0.0942341
vt 0.352505 0.123596
vt 0.144492 0.451307
vt 0.161518 0.414124
vt 0.184641 0.424649
vt 0.676088 0.18911
vt 0.703182 0.151311
vt 0.703839 0.19015
vt 0.676088 0.18911
vt 0.67764 0.149615
vt 0.703182 0.151311
vt 0.499187 0.177174
vt 0.519577 0.137544
vt 0.525134 0.176693
vt 0.703839 0.19015
vt 0.703182 0.151311
vt 0.727261 0.152002
vt 0.525134 0.176693
vt 0.547927 0.134031
vt 0.555842 0.174855
vt 0.525134 0.176693
vt 0.519577 0.137544
vt 0.547927 0.134031
vt 0.526453 0.904805
vt 0.528487 0.954921
vt 0.497369 0.924664
vt 0.526453 0.904805
vt 0.553525 0.934387
vt 0.528487 0.954921
vt 0.497369 0.924664
vt 0.505269 0.979221
vt 0.468328 0.949607
vt 0.497369 0.924664
vt 0.528487 0.954921
vt 0.505269 0.979221
vt 0.926608 0.0632235
vt 0.892958 0.0973059
vt 0.897186 0.048246
vt 0.926608 0.0632235
vt 0.915292 0.107256
vt 0.892958 0.0973059
vt 0.797095 0.925656
vt 0.829853 0.887494
vt 0.82289 0.940772
vt 0.897186 0.048246
vt 0.892958 0.0973059
vt 0.871796 0.0931959
vt 0.82289 0.940772
vt 0.850702 0.890083
vt 0.850702 0.946515
vt 0.82289 0.940772
vt 0.829853 0.887494
vt 0.850702 0.890083
vt 0.44231 0.340677
vt 0.45974 0.284705
vt 0.470105 0.336838
vt 0.44231 0.340677
vt 0.438529 0.287542
vt 0.45974 0.284705
vt 0.809136 0.244886
vt 0.84118 0.196142
vt 0.838507 0.245965
vt 0.809136 0.244886
vt 0.819177 0.192708
vt 0.84118 0.196142
vt 0.838507 0.245965
vt 0.86489 0.192384
vt 0.868553 0.236402
vt 0.838507 0.245965
vt 0.84118 0.196142
vt 0.86489 0.192384
vt 0.108962 0.385708
vt 0.163116 0.36955
vt 0.135808 0.401058
vt 0.108962 0.385708
vt 0.143788 0.3549
vt 0.163116 0.36955
vt 0.135808 0.401058
vt 0.182397 0.381984
vt 0.161518 0.414124
vt 0.135808 0.401058
vt 0.163116 0.36955
vt 0.182397 0.381984
vt 0.161518 0.414124
vt 0.200007 0.39081
vt 0.184641 0.424649
vt 0.161518 0.414124
vt 0.182397 0.381984
vt 0.200007 0.39081
vt 0.67764 0.149615
vt 0.70486 0.114458
vt 0.703182 0.151311
vt 0.67764 0.149615
vt 0.685467 0.113371
vt 0.70486 0.114458
vt 0.703182 0.151311
vt 0.723716 0.114649
vt 0.727261 0.152002
vt 0.703182 0.151311
vt 0.70486 0.114458
vt 0.723716 0.114649
vt 0.519577 0.137544
vt 0.536332 0.0968426
vt 0.547927 0.134031
vt 0.519577 0.137544
vt 0.515036 0.100259
vt 0.536332 0.0968426
vt 0.553525 0.934387
vt 0.561903 0.97682
vt 0.528487 0.954921
vt 0.547927 0.134031
vt 0.536332 0.0968426
vt 0.561903 0.0898423
vt 0.528487 0.954921
vt 0.545685 0.999746
vt 0.505269 0.979221
vt 0.562411 0.0879481
vt 0.562411 0.0470394
vt 0.593871 0.0536632
vt 0.892958 0.0973059
vt 0.8864 0.141359
vt 0.871796 0.0931959
vt 0.892958 0.0973059
vt 0.898898 0.144239
vt 0.8864 0.141359
vt 0.850702 0.890083
vt 0.831771 0.83847
vt 0.843091 0.839358
vt 0.850702 0.890083
vt 0.829853 0.887494
vt 0.831771 0.83847
vt 0.45974 0.284705
vt 0.440245 0.234802
vt 0.453707 0.232274
vt 0.45974 0.284705
vt 0.438529 0.287542
vt 0.440245 0.234802
vt 0.48056 0.275908
vt 0.453707 0.232274
vt 0.4667 0.226485
vt 0.48056 0.275908
vt 0.45974 0.284705
vt 0.453707 0.232274
vt 0.86489 0.192384
vt 0.855581 0.146873
vt 0.868553 0.143996
vt 0.86489 0.192384
vt 0.84118 0.196142
vt 0.855581 0.146873
vt 0.163116 0.36955
vt 0.187601 0.33949
vt 0.199931 0.3492
vt 0.163116 0.36955
vt 0.143788 0.3549
vt 0.187601 0.33949
vt 0.182397 0.381984
vt 0.199931 0.3492
vt 0.213465 0.356085
vt 0.182397 0.381984
vt 0.163116 0.36955
vt 0.199931 0.3492
vt 0.200007 0.39081
vt 0.213465 0.356085
vt 0.225348 0.360569
vt 0.200007 0.39081
vt 0.182397 0.381984
vt 0.213465 0.356085
vt 0.70486 0.114458
vt 0.701032 0.0762623
vt 0.712902 0.0760536
vt 0.70486 0.114458
vt 0.685467 0.113371
vt 0.701032 0.0762623
vt 0.723716 0.114649
vt 0.712902 0.0760536
vt 0.726126 0.0770653
vt 0.723716 0.114649
vt 0.70486 0.114458
vt 0.712902 0.0760536
vt 0.515036 0.100259
vt 0.522064 0.0616531
vt 0.536332 0.0968426
vt 0.515036 0.100259
vt 0.507318 0.063865
vt 0.522064 0.0616531
vt 0.536332 0.0968426
vt 0.53495 0.0582238
vt 0.561903 0.0898423
vt 0.498679 0.057451
vt 0.498679 0.0948181
vt 0.481274 0.0911629
vt 0.944092 0.121439
vt 0.91302 0.151136
vt 0.915292 0.107256
vt 0.944092 0.121439
vt 0.929107 0.160042
vt 0.91302 0.151136
vt 0.915292 0.107256
vt 0.898898 0.144239
vt 0.892958 0.0973059
vt 0.915292 0.107256
vt 0.91302 0.151136
vt 0.898898 0.144239
vt 0.830042 0.79053
vt 0.822911 0.833399
vt 0.824374 0.786413
vt 0.90101 0.186927
vt 0.8864 0.141359
vt 0.898898 0.144239
vt 0.837009 0.790375
vt 0.831771 0.83847
vt 0.830042 0.79053
vt 0.837009 0.790375
vt 0.843091 0.839358
vt 0.831771 0.83847
vt 0.453707 0.232274
vt 0.440142 0.185009
vt 0.45027 0.182124
vt 0.453707 0.232274
vt 0.440245 0.234802
vt 0.440142 0.185009
vt 0.4667 0.226485
vt 0.45027 0.182124
vt 0.460237 0.177301
vt 0.4667 0.226485
vt 0.453707 0.232274
vt 0.45027 0.182124
vt 0.497808 0.340677
vt 0.490224 0.298011
vt 0.498679 0.293084
vt 0.844401 0.137366
vt 0.831632 0.143488
vt 0.831632 0.0936923
vt 0.199931 0.3492
vt 0.232799 0.320382
vt 0.242195 0.325846
vt 0.199931 0.3492
vt 0.187601 0.33949
vt 0.232799 0.320382
vt 0.213465 0.356085
vt 0.242195 0.325846
vt 0.252828 0.330976
vt 0.213465 0.356085
vt 0.199931 0.3492
vt 0.242195 0.325846
vt 0.225348 0.360569
vt 0.252828 0.330976
vt 0.262822 0.336206
vt 0.225348 0.360569
vt 0.213465 0.356085
vt 0.252828 0.330976
vt 0.311405 0.251895
vt 0.300279 0.211015
vt 0.310647 0.208232
vt 0.738517 0.216169
vt 0.727769 0.220295
vt 0.727769 0.175474
vt 0.258068 0.251832
vt 0.249101 0.208431
vt 0.261853 0.209951
vt 0.258068 0.251832
vt 0.244568 0.251895
vt 0.249101 0.208431
vt 0.210453 0.210007
vt 0.192591 0.247105
vt 0.196348 0.205189
vt 0.210453 0.210007
vt 0.206835 0.251895
vt 0.192591 0.247105
vt 0.28483 0.19984
vt 0.267902 0.235607
vt 0.270476 0.194237
vt 0.28483 0.19984
vt 0.282153 0.24224
vt 0.267902 0.235607
vt 0.29842 0.207792
vt 0.282153 0.24224
vt 0.28483 0.19984
vt 0.29842 0.207792
vt 0.297894 0.251895
vt 0.282153 0.24224
vt 0.906994 0.189221
vt 0.91302 0.151136
vt 0.917464 0.194504
vt 0.906994 0.189221
vt 0.898898 0.144239
vt 0.91302 0.151136
vt 0.829385 0.746503
vt 0.824374 0.786413
vt 0.825369 0.741911
vt 0.829385 0.746503
vt 0.830042 0.79053
vt 0.824374 0.786413
vt 0.834794 0.74592
vt 0.830042 0.79053
vt 0.829385 0.746503
vt 0.834794 0.74592
vt 0.837009 0.790375
vt 0.830042 0.79053
vt 0.45027 0.182124
vt 0.438529 0.141744
vt 0.446509 0.138423
vt 0.45027 0.182124
vt 0.440142 0.185009
vt 0.438529 0.141744
vt 0.460237 0.177301
vt 0.446509 0.138423
vt 0.454078 0.133871
vt 0.460237 0.177301
vt 0.45027 0.182124
vt 0.446509 0.138423
vt 0.498679 0.293084
vt 0.489957 0.254589
vt 0.497367 0.250814
vt 0.498679 0.293084
vt 0.490224 0.298011
vt 0.489957 0.254589
vt 0.242195 0.325846
vt 0.271918 0.29759
vt 0.279965 0.302283
vt 0.242195 0.325846
vt 0.232799 0.320382
vt 0.271918 0.29759
vt 0.252828 0.330976
vt 0.279965 0.302283
vt 0.289941 0.308474
vt 0.252828 0.330976
vt 0.242195 0.325846
vt 0.279965 0.302283
vt 0.262822 0.336206
vt 0.289941 0.308474
vt 0.297923 0.316933
vt 0.262822 0.336206
vt 0.252828 0.330976
vt 0.289941 0.308474
vt 0.310647 0.208232
vt 0.299345 0.170335
vt 0.311405 0.164348
vt 0.310647 0.208232
vt 0.300279 0.211015
vt 0.299345 0.170335
vt 0.261853 0.209951
vt 0.251634 0.16467
vt 0.267395 0.161002
vt 0.261853 0.209951
vt 0.249101 0.208431
vt 0.251634 0.16467
vt 0.215219 0.159567
vt 0.196348 0.205189
vt 0.196404 0.155904
vt 0.215219 0.159567
vt 0.210453 0.210007
vt 0.196348 0.205189
vt 0.288125 0.151532
vt 0.270476 0.194237
vt 0.271025 0.143999
vt 0.288125 0.151532
vt 0.28483 0.19984
vt 0.270476 0.194237
vt 0.298837 0.162578
vt 0.28483 0.19984
vt 0.288125 0.151532
vt 0.298837 0.162578
vt 0.29842 0.207792
vt 0.28483 0.19984
vt 0.914312 0.231593
vt 0.917464 0.194504
vt 0.922291 0.238706
vt 0.914312 0.231593
vt 0.906994 0.189221
vt 0.917464 0.194504
vt 0.829902 0.715458
vt 0.825369 0.741911
vt 0.824597 0.710341
vt 0.829902 0.715458
vt 0.829385 0.746503
vt 0.825369 0.741911
vt 0.834794 0.74592
vt 0.829902 0.715458
vt 0.835351 0.715026
vt 0.834794 0.74592
vt 0.829385 0.746503
vt 0.829902 0.715458
vt 0.446509 0.138423
vt 0.438593 0.112176
vt 0.446084 0.109392
vt 0.446509 0.138423
vt 0.438529 0.141744
vt 0.438593 0.112176
vt 0.454078 0.133871
vt 0.446084 0.109392
vt 0.452785 0.105795
vt 0.454078 0.133871
vt 0.446509 0.138423
vt 0.446084 0.109392
vt 0.497367 0.250814
vt 0.491407 0.22725
vt 0.498679 0.223487
vt 0.497367 0.250814
vt 0.489957 0.254589
vt 0.491407 0.22725
vt 0.311913 0.169458
vt 0.32102 0.190856
vt 0.311913 0.195629
vt 0.279965 0.302283
vt 0.271918 0.29759
vt 0.297723 0.28437
vt 0.289941 0.308474
vt 0.305787 0.289313
vt 0.315766 0.295449
vt 0.289941 0.308474
vt 0.279965 0.302283
vt 0.305787 0.289313
vt 0.297923 0.316933
vt 0.315766 0.295449
vt 0.326054 0.306423
vt 0.297923 0.316933
vt 0.289941 0.308474
vt 0.315766 0.295449
vt 0.251634 0.16467
vt 0.238068 0.138709
vt 0.253052 0.135619
vt 0.311405 0.164348
vt 0.299345 0.170335
vt 0.299497 0.139683
vt 0.266813 0.133196
vt 0.251634 0.16467
vt 0.253052 0.135619
vt 0.266813 0.133196
vt 0.267395 0.161002
vt 0.251634 0.16467
vt 0.212504 0.126978
vt 0.196404 0.155904
vt 0.197083 0.128225
vt 0.212504 0.126978
vt 0.215219 0.159567
vt 0.196404 0.155904
vt 0.285121 0.118467
vt 0.271025 0.143999
vt 0.267902 0.11264
vt 0.285121 0.118467
vt 0.288125 0.151532
vt 0.271025 0.143999
vt 0.296142 0.130754
vt 0.288125 0.151532
vt 0.285121 0.118467
vt 0.296142 0.130754
vt 0.298837 0.162578
vt 0.288125 0.151532
vt 0.649311 0.370809
vt 0.642538 0.391497
vt 0.641747 0.36121
vt 0.920189 0.261119
vt 0.914312 0.231593
vt 0.922291 0.238706
vt 0.350287 0.232162
vt 0.328492 0.251895
vt 0.328492 0.231842
vt 0.870892 0.315252
vt 0.871252 0.335962
vt 0.84816 0.332499
vt 0.751234 0.667081
vt 0.732646 0.689258
vt 0.731762 0.668588
vt 0.751234 0.667081
vt 0.755205 0.688438
vt 0.732646 0.689258
vt 0.768312 0.661892
vt 0.755205 0.688438
vt 0.751234 0.667081
vt 0.768312 0.661892
vt 0.776418 0.683951
vt 0.755205 0.688438
vt 0.290654 0.958797
vt 0.284816 0.927295
vt 0.301508 0.942829
vt 0.290654 0.958797
vt 0.270852 0.945504
vt 0.284816 0.927295
vt 0.281829 0.976967
vt 0.270852 0.945504
vt 0.290654 0.958797
vt 0.281829 0.976967
vt 0.258038 0.967162
vt 0.270852 0.945504
vt 0.937979 0.603859
vt 0.91654 0.632221
vt 0.917275 0.604943
vt 0.937979 0.603859
vt 0.943349 0.632221
vt 0.91654 0.632221
vt 0.0312682 0.096144
vt 0.00567108 0.119083
vt 0.0128069 0.0907327
vt 0.0312682 0.096144
vt 0.0285155 0.126637
vt 0.00567108 0.119083
vt 0.0512557 0.0975862
vt 0.0285155 0.126637
vt 0.0312682 0.096144
vt 0.0512557 0.0975862
vt 0.0531389 0.1289
vt 0.0285155 0.126637
vt 0.0711204 0.0939783
vt 0.0531389 0.1289
vt 0.0512557 0.0975862
vt 0.0711204 0.0939783
vt 0.0773873 0.124838
vt 0.0531389 0.1289
vt 0.0890053 0.251895
vt 0.118451 0.222995
vt 0.110261 0.251291
vt 0.0890053 0.251895
vt 0.0917823 0.223104
vt 0.118451 0.222995
vt 0.88695 0.605162
vt 0.88695 0.649166
vt 0.870871 0.626064
vt 0.85121 0.605245
vt 0.870364 0.623996
vt 0.85121 0.649166
vt 0.503724 0.384967
vt 0.462441 0.383662
vt 0.48605 0.366721
vt 0.503724 0.384967
vt 0.484983 0.403946
vt 0.462441 0.383662
vt 0.523992 0.402497
vt 0.484983 0.403946
vt 0.503724 0.384967
vt 0.523992 0.402497
vt 0.510298 0.421863
vt 0.484983 0.403946
vt 0.851684 0.311558
vt 0.821168 0.326449
vt 0.828754 0.30395
vt 0.851684 0.311558
vt 0.84816 0.332499
vt 0.821168 0.326449
vt 0.346954 0.20448
vt 0.328492 0.231842
vt 0.329045 0.204093
vt 0.346954 0.20448
vt 0.350287 0.232162
vt 0.328492 0.231842
vt 0.745988 0.637362
vt 0.731762 0.668588
vt 0.730047 0.639282
vt 0.745988 0.637362
vt 0.751234 0.667081
vt 0.731762 0.668588
vt 0.32384 0.962138
vt 0.309192 0.93173
vt 0.332124 0.952066
vt 0.75807 0.633552
vt 0.768312 0.661892
vt 0.751234 0.667081
vt 0.316127 0.974292
vt 0.301508 0.942829
vt 0.32384 0.962138
vt 0.316127 0.974292
vt 0.290654 0.958797
vt 0.301508 0.942829
vt 0.281829 0.976967
vt 0.316127 0.974292
vt 0.309746 0.987718
vt 0.281829 0.976967
vt 0.290654 0.958797
vt 0.316127 0.974292
vt 0.327525 0.168951
vt 0.313483 0.135334
vt 0.327985 0.138588
vt 0.274618 0.997122
vt 0.281829 0.976967
vt 0.309746 0.987718
vt 0.0340496 0.0652766
vt 0.0128069 0.0907327
vt 0.02091 0.0614178
vt 0.0340496 0.0652766
vt 0.0312682 0.096144
vt 0.0128069 0.0907327
vt 0.0483901 0.0660731
vt 0.0312682 0.096144
vt 0.0340496 0.0652766
vt 0.0483901 0.0660731
vt 0.0512557 0.0975862
vt 0.0312682 0.096144
vt 0.0711204 0.0939783
vt 0.0483901 0.0660731
vt 0.0633573 0.0628328
vt 0.0711204 0.0939783
vt 0.0512557 0.0975862
vt 0.0483901 0.0660731
vt 0.0884978 0.0853647
vt 0.0633573 0.0628328
vt 0.0764669 0.0559772
vt 0.0884978 0.0853647
vt 0.0711204 0.0939783
vt 0.0633573 0.0628328
vt 0.955286 0.568256
vt 0.955286 0.601843
vt 0.939152 0.593316
vt 0.797095 0.613633
vt 0.820784 0.602351
vt 0.820784 0.632717
vt 0.503724 0.384967
vt 0.509296 0.3481
vt 0.524574 0.364601
vt 0.6204 0.0879481
vt 0.599525 0.070639
vt 0.6204 0.0511194
vt 0.523992 0.402497
vt 0.524574 0.364601
vt 0.542125 0.380741
vt 0.523992 0.402497
vt 0.503724 0.384967
vt 0.524574 0.364601
vt 0.85826 0.28396
vt 0.828754 0.30395
vt 0.838306 0.277253
vt 0.85826 0.28396
vt 0.851684 0.311558
vt 0.828754 0.30395
vt 0.840817 0.664679
vt 0.824597 0.710341
vt 0.822151 0.665207
vt 0.840817 0.664679
vt 0.829902 0.715458
vt 0.824597 0.710341
vt 0.91654 0.684155
vt 0.91654 0.635626
vt 0.93054 0.632729
vt 0.835351 0.715026
vt 0.829902 0.715458
vt 0.840817 0.664679
vt 0.924029 0.681354
vt 0.93054 0.632729
vt 0.932556 0.636565
vt 0.924029 0.681354
vt 0.91654 0.684155
vt 0.93054 0.632729
vt 0.930767 0.679226
vt 0.932556 0.636565
vt 0.935475 0.641929
vt 0.930767 0.679226
vt 0.924029 0.681354
vt 0.932556 0.636565
vt 0.32102 0.190856
vt 0.327812 0.225102
vt 0.319456 0.224382
vt 0.32102 0.190856
vt 0.327985 0.186653
vt 0.327812 0.225102
vt 0.305787 0.289313
vt 0.327188 0.267897
vt 0.333557 0.272411
vt 0.311913 0.195629
vt 0.32102 0.190856
vt 0.319456 0.224382
vt 0.728395 0.141788
vt 0.738517 0.168864
vt 0.728395 0.174966
vt 0.315766 0.295449
vt 0.305787 0.289313
vt 0.333557 0.272411
vt 0.827182 0.143488
vt 0.81008 0.113181
vt 0.823656 0.108263
vt 0.326054 0.306423
vt 0.315766 0.295449
vt 0.343667 0.277482
vt 0.253052 0.135619
vt 0.242436 0.103551
vt 0.254709 0.101388
vt 0.253052 0.135619
vt 0.238068 0.138709
vt 0.242436 0.103551
vt 0.267395 0.0973379
vt 0.253052 0.135619
vt 0.254709 0.101388
vt 0.267395 0.0973379
vt 0.266813 0.133196
vt 0.253052 0.135619
vt 0.209785 0.0906991
vt 0.197083 0.128225
vt 0.196874 0.0923769
vt 0.209785 0.0906991
vt 0.212504 0.126978
vt 0.197083 0.128225
vt 0.237561 0.0954524
vt 0.212504 0.126978
vt 0.209785 0.0906991
vt 0.289558 0.0780452
vt 0.285121 0.118467
vt 0.267902 0.11264
vt 0.482301 0.124591
vt 0.482153 0.0953255
vt 0.498679 0.130295
vt 0.494644 0.191942
vt 0.484783 0.15466
vt 0.498679 0.163147
vt 0.487466 0.188978
vt 0.484783 0.15466
vt 0.494644 0.191942
vt 0.649311 0.327986
vt 0.649311 0.370809
vt 0.641747 0.36121
vt 0.844352 0.63389
vt 0.822151 0.665207
vt 0.834667 0.633378
vt 0.844352 0.63389
vt 0.840817 0.664679
vt 0.822151 0.665207
vt 0.33101 0.0486233
vt 0.352505 0.0656121
vt 0.342683 0.0680831
vt 0.954022 0.287941
vt 0.939152 0.287941
vt 0.952246 0.261627
vt 0.327395 0.0463718
vt 0.342683 0.0680831
vt 0.338331 0.0687005
vt 0.327395 0.0463718
vt 0.33101 0.0486233
vt 0.342683 0.0680831
vt 0.322247 0.0434903
vt 0.338331 0.0687005
vt 0.334927 0.069526
vt 0.322247 0.0434903
vt 0.327395 0.0463718
vt 0.338331 0.0687005
vt 0.319456 0.224382
vt 0.326308 0.251746
vt 0.322054 0.251895
vt 0.319456 0.224382
vt 0.327812 0.225102
vt 0.326308 0.251746
vt 0.333557 0.272411
vt 0.354226 0.252402
vt 0.359022 0.257778
vt 0.333557 0.272411
vt 0.327188 0.267897
vt 0.354226 0.252402
vt 0.299345 0.110523
vt 0.312787 0.129508
vt 0.299345 0.139176
vt 0.343667 0.277482
vt 0.333557 0.272411
vt 0.359022 0.257778
vt 0.823656 0.108263
vt 0.809136 0.0817146
vt 0.827182 0.0793257
vt 0.823656 0.108263
vt 0.81008 0.113181
vt 0.809136 0.0817146
vt 0.4883 0.340677
vt 0.481067 0.315065
vt 0.4883 0.31206
vt 0.254709 0.101388
vt 0.242436 0.103551
vt 0.247614 0.0751156
vt 0.265238 0.0674707
vt 0.254709 0.101388
vt 0.254484 0.0727082
vt 0.265238 0.0674707
vt 0.267395 0.0973379
vt 0.254709 0.101388
vt 0.211782 0.0669035
vt 0.196874 0.0923769
vt 0.192591 0.0625216
vt 0.211782 0.0669035
vt 0.209785 0.0906991
vt 0.196874 0.0923769
vt 0.868552 0.0493892
vt 0.845231 0.0696138
vt 0.845231 0.0460671
vt 0.681463 0.0542225
vt 0.703812 0.0476816
vt 0.703812 0.0755462
vt 0.482153 0.153432
vt 0.498679 0.130295
vt 0.496114 0.154152
vt 0.482153 0.153432
vt 0.482301 0.124591
vt 0.498679 0.130295
vt 0.484783 0.222979
vt 0.494644 0.191942
vt 0.493488 0.220578
vt 0.484783 0.222979
vt 0.487466 0.188978
vt 0.494644 0.191942
usemtl be9888a7a5c34c3c8e6377969ec78741_visual_0
f 1/1/1 2/2/2 3/3/3
f 4/4/4 5/5/5 6/6/6
f 7/7/7 8/8/8 9/9/9
f 10/10/10 11/11/11 12/12/12
f 13/13/13 14/14/14 15/15/15
f 16/16/16 17/17/17 18/18/18
f 19/19/19 20/20/20 21/21/21
f 22/22/22 23/23/23 24/24/24
f 25/25/25 26/26/26 27/27/27
f 28/28/28 29/29/29 30/30/30
f 31/31/31 32/32/32 33/33/33
f 34/34/34 35/35/35 36/36/36
f 37/37/37 38/38/38 39/39/39
f 40/40/40 41/41/41 42/42/42
f 43/43/43 44/44/44 45/45/45
f 46/46/46 47/47/47 48/48/48
f 49/49/49 50/50/50 51/51/51
f 52/52/52 53/53/53 54/54/54
f 55/55/55 56/56/56 57/57/57
f 58/58/58 59/59/59 60/60/60
f 61/61/61 62/62/62 63/63/63
f 64/64/64 65/65/65 66/66/66
f 67/67/67 68/68/68 69/69/69
f 70/70/70 71/71/71 72/72/72
f 73/73/73 74/74/74 75/75/75
f 76/76/76 77/77/77 78/78/78
f 79/79/79 80/80/80 81/81/81
f 82/82/82 83/83/83 84/84/84
f 85/85/85 86/86/86 87/87/87
f 88/88/88 89/89/89 90/90/90
f 91/91/91 92/92/92 93/93/93
f 94/94/94 95/95/95 96/96/96
f 97/97/97 98/98/98 99/99/99
f 100/100/100 101/101/101 102/102/102
f 103/103/103 104/104/104 105/105/105
f 106/106/106 107/107/107 108/108/108
f 109/109/109 110/110/110 111/111/111
f 112/112/112 113/113/113 114/114/114
f 115/115/115 116/116/116 117/117/117
f 118/118/118 119/119/119 120/120/120
f 121/121/121 122/122/122 123/123/123
f 124/124/124 125/125/125 126/126/126
f 127/127/127 128/128/128 129/129/129
f 130/130/130 131/131/131 132/132/132
f 133/133/133 134/134/134 135/135/135
f 136/136/136 137/137/137 138/138/138
f 139/139/139 140/140/140 141/141/141
f 142/142/142 143/143/143 144/144/144
f 145/145/145 146/146/146 147/147/147
f 148/148/148 149/149/149 150/150/150
f 151/151/151 152/152/152 153/153/153
f 154/154/154 155/155/155 156/156/156
f 157/157/157 158/158/158 159/159/159
f 160/160/160 161/161/161 162/162/162
f 163/163/163 164/164/164 165/165/165
f 166/166/166 167/167/167 168/168/168
f 169/169/169 170/170/170 171/171/171
f 172/172/172 173/173/173 174/174/174
f 175/175/175 176/176/176 177/177/177
f 178/178/178 179/179/179 180/180/180
f 181/181/181 182/182/182 183/183/183
f 184/184/184 185/185/185 186/186/186
f 187/187/187 188/188/188 189/189/189
f 190/190/190 191/191/191 192/192/192
f 193/193/193 194/194/194 195/195/195
f 196/196/196 197/197/197 198/198/198
f 199/199/199 200/200/200 201/201/201
f 202/202/202 203/203/203 204/204/204
f 205/205/205 206/206/206 207/207/207
f 208/208/208 209/209/209 210/210/210
f 211/211/211 212/212/212 213/213/213
f 214/214/214 215/215/215 216/216/216
f 217/217/217 218/218/218 219/219/219
f 220/220/220 221/221/221 222/222/222
f 223/223/223 224/224/224 225/225/225
f 226/226/226 227/227/227 228/228/228
f 229/229/229 230/230/230 231/231/231
f 232/232/232 233/233/233 234/234/234
f 235/235/235 236/236/236 237/237/237
f 238/238/238 239/239/239 240/240/240
f 241/241/241 242/242/242 243/243/243
f 244/244/244 245/245/245 246/246/246
f 247/247/247 248/248/248 249/249/249
f 250/250/250 251/251/251 252/252/252
f 253/253/253 254/254/254 255/255/255
f 256/256/256 257/257/257 258/258/258
f 259/259/259 260/260/260 261/261/261
f 262/262/262 263/263/263 264/264/264
f 265/265/265 266/266/266 267/267/267
f 268/268/268 269/269/269 270/270/270
f 271/271/271 272/272/272 273/273/273
f 274/274/274 275/275/275 276/276/276
f 277/277/277 278/278/278 279/279/279
f 280/280/280 281/281/281 282/282/282
f 283/283/283 284/284/284 285/285/285
f 286/286/286 287/287/287 288/288/288
f 289/289/289 290/290/290 291/291/291
f 292/292/292 293/293/293 294/294/294
f 295/295/295 296/296/296 297/297/297
f 298/298/298 299/299/299 300/300/300
f 301/301/301 302/302/302 303/303/303
f 304/304/304 305/305/305 306/306/306
f 307/307/307 308/308/308 309/309/309
f 310/310/310 311/311/311 312/312/312
f 313/313/313 314/314/314 315/315/315
f 316/316/316 317/317/317 318/318/318
f 319/319/319 320/320/320 321/321/321
f 322/322/322 323/323/323 324/324/324
f 325/325/325 326/326/326 327/327/327
f 328/328/328 329/329/329 330/330/330
f 331/331/331 332/332/332 333/333/333
f 334/334/334 335/335/335 336/336/336
f 337/337/337 338/338/338 339/339/339
f 340/340/340 341/341/341 342/342/342
f 343/343/343 344/344/344 345/345/345
f 346/346/346 347/347/347 348/348/348
f 349/349/349 350/350/350 351/351/351
f 352/352/352 353/353/353 354/354/354
f 355/355/355 356/356/356 357/357/357
f 358/358/358 359/359/359 360/360/360
f 361/361/361 362/362/362 363/363/363
f 364/364/364 365/365/365 366/366/366
f 367/367/367 368/368/368 369/369/369
f 370/370/370 371/371/371 372/372/372
f 373/373/373 374/374/374 375/375/375
f 376/376/376 377/377/377 378/378/378
f 379/379/379 380/380/380 381/381/381
f 382/382/382 383/383/383 384/384/384
f 385/385/385 386/386/386 387/387/387
f 388/388/388 389/389/389 390/390/390
f 391/391/391 392/392/392 393/393/393
f 394/394/394 395/395/395 396/396/396
f 397/397/397 398/398/398 399/399/399
f 400/400/400 401/401/401 402/402/402
f 403/403/403 404/404/404 405/405/405
f 406/406/406 407/407/407 408/408/408
f 409/409/409 410/410/410 411/411/411
f 412/412/412 413/413/413 414/414/414
f 415/415/415 416/416/416 417/417/417
f 418/418/418 419/419/419 420/420/420
f 421/421/421 422/422/422 423/423/423
f 424/424/424 425/425/425 426/426/426
f 427/427/427 428/428/428 429/429/429
f 430/430/430 431/431/431 432/432/432
f 433/433/433 434/434/434 435/435/435
f 436/436/436 437/437/437 438/438/438
f 439/439/439 440/440/440 441/441/441
f 442/442/442 443/443/443 444/444/444
f 445/445/445 446/446/446 447/447/447
f 448/448/448 449/449/449 450/450/450
f 451/451/451 452/452/452 453/453/453
f 454/454/454 455/455/455 456/456/456
f 457/457/457 458/458/458 459/459/459
f 460/460/460 461/461/461 462/462/462
f 463/463/463 464/464/464 465/465/465
f 466/466/466 467/467/467 468/468/468
f 469/469/469 470/470/470 471/471/471
f 472/472/472 473/473/473 474/474/474
f 475/475/475 476/476/476 477/477/477
f 478/478/478 479/479/479 480/480/480
f 481/481/481 482/482/482 483/483/483
f 484/484/484 485/485/485 486/486/486
f 487/487/487 488/488/488 489/489/489
f 490/490/490 491/491/491 492/492/492
f 493/493/493 494/494/494 495/495/495
f 496/496/496 497/497/497 498/498/498
f 499/499/499 500/500/500 501/501/501
f 502/502/502 503/503/503 504/504/504
f 505/505/505 506/506/506 507/507/507
f 508/508/508 509/509/509 510/510/510
f 511/511/511 512/512/512 513/513/513
f 514/514/514 515/515/515 516/516/516
f 517/517/517 518/518/518 519/519/519
f 520/520/520 521/521/521 522/522/522
f 523/523/523 524/524/524 525/525/525
f 526/526/526 527/527/527 528/528/528
f 529/529/529 530/530/530 531/531/531
f 532/532/532 533/533/533 534/534/534
f 535/535/535 536/536/536 537/537/537
f 538/538/538 539/539/539 540/540/540
f 541/541/541 542/542/542 543/543/543
f 544/544/544 545/545/545 546/546/546
f 547/547/547 548/548/548 549/549/549
f 550/550/550 551/551/551 552/552/552
f 553/553/553 554/554/554 555/555/555
f 556/556/556 557/557/557 558/558/558
f 559/559/559 560/560/560 561/561/561
f 562/562/562 563/563/563 564/564/564
f 565/565/565 566/566/566 567/567/567
f 568/568/568 569/569/569 570/570/570
f 571/571/571 572/572/572 573/573/573
f 574/574/574 575/575/575 576/576/576
f 577/577/577 578/578/578 579/579/579
f 580/580/580 581/581/581 582/582/582
f 583/583/583 584/584/584 585/585/585
f 586/586/586 587/587/587 588/588/588
f 589/589/589 590/590/590 591/591/591
f 592/592/592 593/593/593 594/594/594
f 595/595/595 596/596/596 597/597/597
f 598/598/598 599/599/599 600/600/600
f 601/601/601 602/602/602 603/603/603
f 604/604/604 605/605/605 606/606/606
f 607/607/607 608/608/608 609/609/609
f 610/610/610 611/611/611 612/612/612
f 613/613/613 614/614/614 615/615/615
f 616/616/616 617/617/617 618/618/618
f 619/619/619 620/620/620 621/621/621
f 622/622/622 623/623/623 624/624/624
f 625/625/625 626/626/626 627/627/627
f 628/628/628 629/629/629 630/630/630
f 631/631/631 632/632/632 633/633/633
f 634/634/634 635/635/635 636/636/636
f 637/637/637 638/638/638 639/639/639
f 640/640/640 641/641/641 642/642/642
f 643/643/643 644/644/644 645/645/645
f 646/646/646 647/647/647 648/648/648
f 649/649/649 650/650/650 651/651/651
f 652/652/652 653/653/653 654/654/654
f 655/655/655 656/656/656 657/657/657
f 658/658/658 659/659/659 660/660/660
f 661/661/661 662/662/662 663/663/663
f 664/664/664 665/665/665 666/666/666
f 667/667/667 668/668/668 669/669/669
f 670/670/670 671/671/671 672/672/672
f 673/673/673 674/674/674 675/675/675
f 676/676/676 677/677/677 678/678/678
f 679/679/679 680/680/680 681/681/681
f 682/682/682 683/683/683 684/684/684
f 685/685/685 686/686/686 687/687/687
f 688/688/688 689/689/689 690/690/690
f 691/691/691 692/692/692 693/693/693
f 694/694/694 695/695/695 696/696/696
f 697/697/697 698/698/698 699/699/699
f 700/700/700 701/701/701 702/702/702
f 703/703/703 704/704/704 705/705/705
f 706/706/706 707/707/707 708/708/708
f 709/709/709 710/710/710 711/711/711
f 712/712/712 713/713/713 714/714/714
f 715/715/715 716/716/716 717/717/717
f 718/718/718 719/719/719 720/720/720
f 721/721/721 722/722/722 723/723/723
f 724/724/724 725/725/725 726/726/726
f 727/727/727 728/728/728 729/729/729
f 730/730/730 731/731/731 732/732/732
f 733/733/733 734/734/734 735/735/735
f 736/736/736 737/737/737 738/738/738
f 739/739/739 740/740/740 741/741/741
f 742/742/742 743/743/743 744/744/744
f 745/745/745 746/746/746 747/747/747
f 748/748/748 749/749/749 750/750/750
f 751/751/751 752/752/752 753/753/753
f 754/754/754 755/755/755 756/756/756
f 757/757/757 758/758/758 759/759/759
f 760/760/760 761/761/761 762/762/762
f 763/763/763 764/764/764 765/765/765
f 766/766/766 767/767/767 768/768/768
f 769/769/769 770/770/770 771/771/771
f 772/772/772 773/773/773 774/774/774
f 775/775/775 776/776/776 777/777/777
f 778/778/778 779/779/779 780/780/780
f 781/781/781 782/782/782 783/783/783
f 784/784/784 785/785/785 786/786/786
f 787/787/787 788/788/788 789/789/789
f 790/790/790 791/791/791 792/792/792
f 793/793/793 794/794/794 795/795/795
f 796/796/796 797/797/797 798/798/798
f 799/799/799 800/800/800 801/801/801
f 802/802/802 803/803/803 804/804/804
f 805/805/805 806/806/806 807/807/807
f 808/808/808 809/809/809 810/810/810
f 811/811/811 812/812/812 813/813/813
f 814/814/814 815/815/815 816/816/816
f 817/817/817 818/818/818 819/819/819
f 820/820/820 821/821/821 822/822/822
f 823/823/823 824/824/824 825/825/825
f 826/826/826 827/827/827 828/828/828
f 829/829/829 830/830/830 831/831/831
f 832/832/832 833/833/833 834/834/834
f 835/835/835 836/836/836 837/837/837
f 838/838/838 839/839/839 840/840/840
f 841/841/841 842/842/842 843/843/843
f 844/844/844 845/845/845 846/846/846
f 847/847/847 848/848/848 849/849/849
f 850/850/850 851/851/851 852/852/852
f 853/853/853 854/854/854 855/855/855
f 856/856/856 857/857/857 858/858/858
f 859/859/859 860/860/860 861/861/861
f 862/862/862 863/863/863 864/864/864
f 865/865/865 866/866/866 867/867/867
f 868/868/868 869/869/869 870/870/870
f 871/871/871 872/872/872 873/873/873
f 874/874/874 875/875/875 876/876/876
f 877/877/877 878/878/878 879/879/879
f 880/880/880 881/881/881 882/882/882
f 883/883/883 884/884/884 885/885/885
f 886/886/886 887/887/887 888/888/888
f 889/889/889 890/890/890 891/891/891
f 892/892/892 893/893/893 894/894/894
f 895/895/895 896/896/896 897/897/897
f 898/898/898 899/899/899 900/900/900
f 901/901/901 902/902/902 903/903/903
f 904/904/904 905/905/905 906/906/906
f 907/907/907 908/908/908 909/909/909
f 910/910/910 911/911/911 912/912/912
f 913/913/913 914/914/914 915/915/915
f 916/916/916 917/917/917 918/918/918
f 919/919/919 920/920/920 921/921/921
f 922/922/922 923/923/923 924/924/924
f 925/925/925 926/926/926 927/927/927
f 928/928/928 929/929/929 930/930/930
f 931/931/931 932/932/932 933/933/933
f 934/934/934 935/935/935 936/936/936
f 937/937/937 938/938/938 939/939/939
f 940/940/940 941/941/941 942/942/942
f 943/943/943 944/944/944 945/945/945
f 946/946/946 947/947/947 948/948/948
f 949/949/949 950/950/950 951/951/951
f 952/952/952 953/953/953 954/954/954
f 955/955/955 956/956/956 957/957/957
f 958/958/958 959/959/959 960/960/960
f 961/961/961 962/962/962 963/963/963
f 964/964/964 965/965/965 966/966/966
f 967/967/967 968/968/968 969/969/969
f 970/970/970 971/971/971 972/972/972
f 973/973/973 974/974/974 975/975/975
f 976/976/976 977/977/977 978/978/978
f 979/979/979 980/980/980 981/981/981
f 982/982/982 983/983/983 984/984/984
f 985/985/985 986/986/986 987/987/987
f 988/988/988 989/989/989 990/990/990
f 991/991/991 992/992/992 993/993/993
f 994/994/994 995/995/995 996/996/996
f 997/997/997 998/998/998 999/999/999
f 1000/1000/1000 1001/1001/1001 1002/1002/1002
f 1003/1003/1003 1004/1004/1004 1005/1005/1005
f 1006/1006/1006 1007/1007/1007 1008/1008/1008
f 1009/1009/1009 1010/1010/1010 1011/1011/1011
f 1012/1012/1012 1013/1013/1013 1014/1014/1014
f 1015/1015/1015 1016/1016/1016 1017/1017/1017
f 1018/1018/1018 1019/1019/1019 1020/1020/1020
f 1021/1021/1021 1022/1022/1022 1023/1023/1023
f 1024/1024/1024 1025/1025/1025 1026/1026/1026
f 1027/1027/1027 1028/1028/1028 1029/1029/1029
f 1030/1030/1030 1031/1031/1031 1032/1032/1032
f 1033/1033/1033 1034/1034/1034 1035/1035/1035
f 1036/1036/1036 1037/1037/1037 1038/1038/1038
f 1039/1039/1039 1040/1040/1040 1041/1041/1041
f 1042/1042/1042 1043/1043/1043 1044/1044/1044
f 1045/1045/1045 1046/1046/1046 1047/1047/1047
f 1048/1048/1048 1049/1049/1049 1050/1050/1050
f 1051/1051/1051 1052/1052/1052 1053/1053/1053
f 1054/1054/1054 1055/1055/1055 1056/1056/1056
f 1057/1057/1057 1058/1058/1058 1059/1059/1059
f 1060/1060/1060 1061/1061/1061 1062/1062/1062
f 1063/1063/1063 1064/1064/1064 1065/1065/1065
f 1066/1066/1066 1067/1067/1067 1068/1068/1068
f 1069/1069/1069 1070/1070/1070 1071/1071/1071
f 1072/1072/1072 1073/1073/1073 1074/1074/1074
f 1075/1075/1075 1076/1076/1076 1077/1077/1077
f 1078/1078/1078 1079/1079/1079 1080/1080/1080
f 1081/1081/1081 1082/1082/1082 1083/1083/1083
f 1084/1084/1084 1085/1085/1085 1086/1086/1086
f 1087/1087/1087 1088/1088/1088 1089/1089/1089
f 1090/1090/1090 1091/1091/1091 1092/1092/1092
f 1093/1093/1093 1094/1094/1094 1095/1095/1095
f 1096/1096/1096 1097/1097/1097 1098/1098/1098
f 1099/1099/1099 1100/1100/1100 1101/1101/1101
f 1102/1102/1102 1103/1103/1103 1104/1104/1104
f 1105/1105/1105 1106/1106/1106 1107/1107/1107
f 1108/1108/1108 1109/1109/1109 1110/1110/1110
f 1111/1111/1111 1112/1112/1112 1113/1113/1113
f 1114/1114/1114 1115/1115/1115 1116/1116/1116
f 1117/1117/1117 1118/1118/1118 1119/1119/1119
f 1120/1120/1120 1121/1121/1121 1122/1122/1122
f 1123/1123/1123 1124/1124/1124 1125/1125/1125
f 1126/1126/1126 1127/1127/1127 1128/1128/1128
f 1129/1129/1129 1130/1130/1130 1131/1131/1131
f 1132/1132/1132 1133/1133/1133 1134/1134/1134
f 1135/1135/1135 1136/1136/1136 1137/1137/1137
f 1138/1138/1138 1139/1139/1139 1140/1140/1140
f 1141/1141/1141 1142/1142/1142 1143/1143/1143
f 1144/1144/1144 1145/1145/1145 1146/1146/1146
f 1147/1147/1147 1148/1148/1148 1149/1149/1149
f 1150/1150/1150 1151/1151/1151 1152/1152/1152
f 1153/1153/1153 1154/1154/1154 1155/1155/1155
f 1156/1156/1156 1157/1157/1157 1158/1158/1158
f 1159/1159/1159 1160/1160/1160 1161/1161/1161
f 1162/1162/1162 1163/1163/1163 1164/1164/1164
f 1165/1165/1165 1166/1166/1166 1167/1167/1167
f 1168/1168/1168 1169/1169/1169 1170/1170/1170
f 1171/1171/1171 1172/1172/1172 1173/1173/1173
f 1174/1174/1174 1175/1175/1175 1176/1176/1176
f 1177/1177/1177 1178/1178/1178 1179/1179/1179
f 1180/1180/1180 1181/1181/1181 1182/1182/1182
f 1183/1183/1183 1184/1184/1184 1185/1185/1185
f 1186/1186/1186 1187/1187/1187 1188/1188/1188
f 1189/1189/1189 1190/1190/1190 1191/1191/1191
f 1192/1192/1192 1193/1193/1193 1194/1194/1194
f 1195/1195/1195 1196/1196/1196 1197/1197/1197
f 1198/1198/1198 1199/1199/1199 1200/1200/1200
f 1201/1201/1201 1202/1202/1202 1203/1203/1203
f 1204/1204/1204 1205/1205/1205 1206/1206/1206
f 1207/1207/1207 1208/1208/1208 1209/1209/1209
f 1210/1210/1210 1211/1211/1211 1212/1212/1212
f 1213/1213/1213 1214/1214/1214 1215/1215/1215
f 1216/1216/1216 1217/1217/1217 1218/1218/1218
f 1219/1219/1219 1220/1220/1220 1221/1221/1221
f 1222/1222/1222 1223/1223/1223 1224/1224/1224
f 1225/1225/1225 1226/1226/1226 1227/1227/1227
f 1228/1228/1228 1229/1229/1229 1230/1230/1230
f 1231/1231/1231 1232/1232/1232 1233/1233/1233
f 1234/1234/1234 1235/1235/1235 1236/1236/1236
f 1237/1237/1237 1238/1238/1238 1239/1239/1239
f 1240/1240/1240 1241/1241/1241 1242/1242/1242
f 1243/1243/1243 1244/1244/1244 1245/1245/1245
f 1246/1246/1246 1247/1247/1247 1248/1248/1248
f 1249/1249/1249 1250/1250/1250 1251/1251/1251
f 1252/1252/1252 1253/1253/1253 1254/1254/1254
f 1255/1255/1255 1256/1256/1256 1257/1257/1257
f 1258/1258/1258 1259/1259/1259 1260/1260/1260
f 1261/1261/1261 1262/1262/1262 1263/1263/1263
f 1264/1264/1264 1265/1265/1265 1266/1266/1266
f 1267/1267/1267 1268/1268/1268 1269/1269/1269
f 1270/1270/1270 1271/1271/1271 1272/1272/1272
f 1273/1273/1273 1274/1274/1274 1275/1275/1275
f 1276/1276/1276 1277/1277/1277 1278/1278/1278
f 1279/1279/1279 1280/1280/1280 1281/1281/1281
f 1282/1282/1282 1283/1283/1283 1284/1284/1284
f 1285/1285/1285 1286/1286/1286 1287/1287/1287
f 1288/1288/1288 1289/1289/1289 1290/1290/1290
f 1291/1291/1291 1292/1292/1292 1293/1293/1293
f 1294/1294/1294 1295/1295/1295 1296/1296/1296
f 1297/1297/1297 1298/1298/1298 1299/1299/1299
f 1300/1300/1300 1301/1301/1301 1302/1302/1302
f 1303/1303/1303 1304/1304/1304 1305/1305/1305
f 1306/1306/1306 1307/1307/1307 1308/1308/1308
f 1309/1309/1309 1310/1310/1310 1311/1311/1311
f 1312/1312/1312 1313/1313/1313 1314/1314/1314
f 1315/1315/1315 1316/1316/1316 1317/1317/1317
f 1318/1318/1318 1319/1319/1319 1320/1320/1320
f 1321/1321/1321 1322/1322/1322 1323/1323/1323
f 1324/1324/1324 1325/1325/1325 1326/1326/1326
f 1327/1327/1327 1328/1328/1328 1329/1329/1329
f 1330/1330/1330 1331/1331/1331 1332/1332/1332
f 1333/1333/1333 1334/1334/1334 1335/1335/1335
f 1336/1336/1336 1337/1337/1337 1338/1338/1338
f 1339/1339/1339 1340/1340/1340 1341/1341/1341
f 1342/1342/1342 1343/1343/1343 1344/1344/1344
f 1345/1345/1345 1346/1346/1346 1347/1347/1347
f 1348/1348/1348 1349/1349/1349 1350/1350/1350
f 1351/1351/1351 1352/1352/1352 1353/1353/1353
f 1354/1354/1354 1355/1355/1355 1356/1356/1356
f 1357/1357/1357 1358/1358/1358 1359/1359/1359
f 1360/1360/1360 1361/1361/1361 1362/1362/1362
f 1363/1363/1363 1364/1364/1364 1365/1365/1365
f 1366/1366/1366 1367/1367/1367 1368/1368/1368
f 1369/1369/1369 1370/1370/1370 1371/1371/1371
f 1372/1372/1372 1373/1373/1373 1374/1374/1374
f 1375/1375/1375 1376/1376/1376 1377/1377/1377
f 1378/1378/1378 1379/1379/1379 1380/1380/1380
f 1381/1381/1381 1382/1382/1382 1383/1383/1383
f 1384/1384/1384 1385/1385/1385 1386/1386/1386
f 1387/1387/1387 1388/1388/1388 1389/1389/1389
f 1390/1390/1390 1391/1391/1391 1392/1392/1392
f 1393/1393/1393 1394/1394/1394 1395/1395/1395
f 1396/1396/1396 1397/1397/1397 1398/1398/1398
f 1399/1399/1399 1400/1400/1400 1401/1401/1401
f 1402/1402/1402 1403/1403/1403 1404/1404/1404
f 1405/1405/1405 1406/1406/1406 1407/1407/1407
f 1408/1408/1408 1409/1409/1409 1410/1410/1410
f 1411/1411/1411 1412/1412/1412 1413/1413/1413
f 1414/1414/1414 1415/1415/1415 1416/1416/1416
f 1417/1417/1417 1418/1418/1418 1419/1419/1419
f 1420/1420/1420 1421/1421/1421 1422/1422/1422
f 1423/1423/1423 1424/1424/1424 1425/1425/1425
f 1426/1426/1426 1427/1427/1427 1428/1428/1428
f 1429/1429/1429 1430/1430/1430 1431/1431/1431
f 1432/1432/1432 1433/1433/1433 1434/1434/1434
f 1435/1435/1435 1436/1436/1436 1437/1437/1437
f 1438/1438/1438 1439/1439/1439 1440/1440/1440
f 1441/1441/1441 1442/1442/1442 1443/1443/1443
f 1444/1444/1444 1445/1445/1445 1446/1446/1446
f 1447/1447/1447 1448/1448/1448 1449/1449/1449
f 1450/1450/1450 1451/1451/1451 1452/1452/1452
f 1453/1453/1453 1454/1454/1454 1455/1455/1455
f 1456/1456/1456 1457/1457/1457 1458/1458/1458
f 1459/1459/1459 1460/1460/1460 1461/1461/1461
f 1462/1462/1462 1463/1463/1463 1464/1464/1464
f 1465/1465/1465 1466/1466/1466 1467/1467/1467
f 1468/1468/1468 1469/1469/1469 1470/1470/1470
f 1471/1471/1471 1472/1472/1472 1473/1473/1473
f 1474/1474/1474 1475/1475/1475 1476/1476/1476
f 1477/1477/1477 1478/1478/1478 1479/1479/1479
f 1480/1480/1480 1481/1481/1481 1482/1482/1482
f 1483/1483/1483 1484/1484/1484 1485/1485/1485
f 1486/1486/1486 1487/1487/1487 1488/1488/1488
f 1489/1489/1489 1490/1490/1490 1491/1491/1491
f 1492/1492/1492 1493/1493/1493 1494/1494/1494
f 1495/1495/1495 1496/1496/1496 1497/1497/1497
f 1498/1498/1498 1499/1499/1499 1500/1500/1500
f 1501/1501/1501 1502/1502/1502 1503/1503/1503
f 1504/1504/1504 1505/1505/1505 1506/1506/1506
f 1507/1507/1507 1508/1508/1508 1509/1509/1509
f 1510/1510/1510 1511/1511/1511 1512/1512/1512
f 1513/1513/1513 1514/1514/1514 1515/1515/1515
f 1516/1516/1516 1517/1517/1517 1518/1518/1518
f 1519/1519/1519 1520/1520/1520 1521/1521/1521
f 1522/1522/1522 1523/1523/1523 1524/1524/1524
f 1525/1525/1525 1526/1526/1526 1527/1527/1527
f 1528/1528/1528 1529/1529/1529 1530/1530/1530
f 1531/1531/1531 1532/1532/1532 1533/1533/1533
f 1534/1534/1534 1535/1535/1535 1536/1536/1536
f 1537/1537/1537 1538/1538/1538 1539/1539/1539
f 1540/1540/1540 1541/1541/1541 1542/1542/1542
f 1543/1543/1543 1544/1544/1544 1545/1545/1545
f 1546/1546/1546 1547/1547/1547 1548/1548/1548
f 1549/1549/1549 1550/1550/1550 1551/1551/1551
f 1552/1552/1552 1553/1553/1553 1554/1554/1554
f 1555/1555/1555 1556/1556/1556 1557/1557/1557
f 1558/1558/1558 1559/1559/1559 1560/1560/1560
f 1561/1561/1561 1562/1562/1562 1563/1563/1563
f 1564/1564/1564 1565/1565/1565 1566/1566/1566
f 1567/1567/1567 1568/1568/1568 1569/1569/1569
f 1570/1570/1570 1571/1571/1571 1572/1572/1572
f 1573/1573/1573 1574/1574/1574 1575/1575/1575
f 1576/1576/1576 1577/1577/1577 1578/1578/1578
f 1579/1579/1579 1580/1580/1580 1581/1581/1581
f 1582/1582/1582 1583/1583/1583 1584/1584/1584
f 1585/1585/1585 1586/1586/1586 1587/1587/1587
f 1588/1588/1588 1589/1589/1589 1590/1590/1590
f 1591/1591/1591 1592/1592/1592 1593/1593/1593
f 1594/1594/1594 1595/1595/1595 1596/1596/1596
f 1597/1597/1597 1598/1598/1598 1599/1599/1599
f 1600/1600/1600 1601/1601/1601 1602/1602/1602
f 1603/1603/1603 1604/1604/1604 1605/1605/1605
f 1606/1606/1606 1607/1607/1607 1608/1608/1608
f 1609/1609/1609 1610/1610/1610 1611/1611/1611
f 1612/1612/1612 1613/1613/1613 1614/1614/1614
f 1615/1615/1615 1616/1616/1616 1617/1617/1617
f 1618/1618/1618 1619/1619/1619 1620/1620/1620
f 1621/1621/1621 1622/1622/1622 1623/1623/1623
f 1624/1624/1624 1625/1625/1625 1626/1626/1626
f 1627/1627/1627 1628/1628/1628 1629/1629/1629
f 1630/1630/1630 1631/1631/1631 1632/1632/1632
f 1633/1633/1633 1634/1634/1634 1635/1635/1635
f 1636/1636/1636 1637/1637/1637 1638/1638/1638
f 1639/1639/1639 1640/1640/1640 1641/1641/1641
f 1642/1642/1642 1643/1643/1643 1644/1644/1644
f 1645/1645/1645 1646/1646/1646 1647/1647/1647
f 1648/1648/1648 1649/1649/1649 1650/1650/1650
f 1651/1651/1651 1652/1652/1652 1653/1653/1653
f 1654/1654/1654 1655/1655/1655 1656/1656/1656
f 1657/1657/1657 1658/1658/1658 1659/1659/1659
f 1660/1660/1660 1661/1661/1661 1662/1662/1662
f 1663/1663/1663 1664/1664/1664 1665/1665/1665
f 1666/1666/1666 1667/1667/1667 1668/1668/1668
f 1669/1669/1669 1670/1670/1670 1671/1671/1671
f 1672/1672/1672 1673/1673/1673 1674/1674/1674
f 1675/1675/1675 1676/1676/1676 1677/1677/1677
f 1678/1678/1678 1679/1679/1679 1680/1680/1680
f 1681/1681/1681 1682/1682/1682 1683/1683/1683
f 1684/1684/1684 1685/1685/1685 1686/1686/1686
f 1687/1687/1687 1688/1688/1688 1689/1689/1689
f 1690/1690/1690 1691/1691/1691 1692/1692/1692
f 1693/1693/1693 1694/1694/1694 1695/1695/1695
f 1696/1696/1696 1697/1697/1697 1698/1698/1698
f 1699/1699/1699 1700/1700/1700 1701/1701/1701
f 1702/1702/1702 1703/1703/1703 1704/1704/1704
f 1705/1705/1705 1706/1706/1706 1707/1707/1707
f 1708/1708/1708 1709/1709/1709 1710/1710/1710
f 1711/1711/1711 1712/1712/1712 1713/1713/1713
f 1714/1714/1714 1715/1715/1715 1716/1716/1716
f 1717/1717/1717 1718/1718/1718 1719/1719/1719
f 1720/1720/1720 1721/1721/1721 1722/1722/1722
f 1723/1723/1723 1724/1724/1724 1725/1725/1725
f 1726/1726/1726 1727/1727/1727 1728/1728/1728
f 1729/1729/1729 1730/1730/1730 1731/1731/1731
f 1732/1732/1732 1733/1733/1733 1734/1734/1734
f 1735/1735/1735 1736/1736/1736 1737/1737/1737
f 1738/1738/1738 1739/1739/1739 1740/1740/1740
f 1741/1741/1741 1742/1742/1742 1743/1743/1743
f 1744/1744/1744 1745/1745/1745 1746/1746/1746
f 1747/1747/1747 1748/1748/1748 1749/1749/1749
f 1750/1750/1750 1751/1751/1751 1752/1752/1752
f 1753/1753/1753 1754/1754/1754 1755/1755/1755
f 1756/1756/1756 1757/1757/1757 1758/1758/1758
f 1759/1759/1759 1760/1760/1760 1761/1761/1761
f 1762/1762/1762 1763/1763/1763 1764/1764/1764
f 1765/1765/1765 1766/1766/1766 1767/1767/1767
f 1768/1768/1768 1769/1769/1769 1770/1770/1770
f 1771/1771/1771 1772/1772/1772 1773/1773/1773
f 1774/1774/1774 1775/1775/1775 1776/1776/1776
f 1777/1777/1777 1778/1778/1778 1779/1779/1779
f 1780/1780/1780 1781/1781/1781 1782/1782/1782
f 1783/1783/1783 1784/1784/1784 1785/1785/1785
f 1786/1786/1786 1787/1787/1787 1788/1788/1788
f 1789/1789/1789 1790/1790/1790 1791/1791/1791
f 1792/1792/1792 1793/1793/1793 1794/1794/1794
f 1795/1795/1795 1796/1796/1796 1797/1797/1797
f 1798/1798/1798 1799/1799/1799 1800/1800/1800
f 1801/1801/1801 1802/1802/1802 1803/1803/1803
f 1804/1804/1804 1805/1805/1805 1806/1806/1806
f 1807/1807/1807 1808/1808/1808 1809/1809/1809
f 1810/1810/1810 1811/1811/1811 1812/1812/1812
f 1813/1813/1813 1814/1814/1814 1815/1815/1815
f 1816/1816/1816 1817/1817/1817 1818/1818/1818
f 1819/1819/1819 1820/1820/1820 1821/1821/1821
f 1822/1822/1822 1823/1823/1823 1824/1824/1824
f 1825/1825/1825 1826/1826/1826 1827/1827/1827
f 1828/1828/1828 1829/1829/1829 1830/1830/1830
f 1831/1831/1831 1832/1832/1832 1833/1833/1833
f 1834/1834/1834 1835/1835/1835 1836/1836/1836
f 1837/1837/1837 1838/1838/1838 1839/1839/1839
f 1840/1840/1840 1841/1841/1841 1842/1842/1842
f 1843/1843/1843 1844/1844/1844 1845/1845/1845
f 1846/1846/1846 1847/1847/1847 1848/1848/1848
f 1849/1849/1849 1850/1850/1850 1851/1851/1851
f 1852/1852/1852 1853/1853/1853 1854/1854/1854
f 1855/1855/1855 1856/1856/1856 1857/1857/1857
f 1858/1858/1858 1859/1859/1859 1860/1860/1860
f 1861/1861/1861 1862/1862/1862 1863/1863/1863
f 1864/1864/1864 1865/1865/1865 1866/1866/1866
f 1867/1867/1867 1868/1868/1868 1869/1869/1869
f 1870/1870/1870 1871/1871/1871 1872/1872/1872
f 1873/1873/1873 1874/1874/1874 1875/1875/1875
f 1876/1876/1876 1877/1877/1877 1878/1878/1878
f 1879/1879/1879 1880/1880/1880 1881/1881/1881
f 1882/1882/1882 1883/1883/1883 1884/1884/1884
f 1885/1885/1885 1886/1886/1886 1887/1887/1887
f 1888/1888/1888 1889/1889/1889 1890/1890/1890
f 1891/1891/1891 1892/1892/1892 1893/1893/1893
f 1894/1894/1894 1895/1895/1895 1896/1896/1896
f 1897/1897/1897 1898/1898/1898 1899/1899/1899
f 1900/1900/1900 1901/1901/1901 1902/1902/1902
f 1903/1903/1903 1904/1904/1904 1905/1905/1905
f 1906/1906/1906 1907/1907/1907 1908/1908/1908
f 1909/1909/1909 1910/1910/1910 1911/1911/1911
f 1912/1912/1912 1913/1913/1913 1914/1914/1914
f 1915/1915/1915 1916/1916/1916 1917/1917/1917
f 1918/1918/1918 1919/1919/1919 1920/1920/1920
f 1921/1921/1921 1922/1922/1922 1923/1923/1923
f 1924/1924/1924 1925/1925/1925 1926/1926/1926
f 1927/1927/1927 1928/1928/1928 1929/1929/1929
f 1930/1930/1930 1931/1931/1931 1932/1932/1932
f 1933/1933/1933 1934/1934/1934 1935/1935/1935
f 1936/1936/1936 1937/1937/1937 1938/1938/1938
f 1939/1939/1939 1940/1940/1940 1941/1941/1941
f 1942/1942/1942 1943/1943/1943 1944/1944/1944
f 1945/1945/1945 1946/1946/1946 1947/1947/1947
f 1948/1948/1948 1949/1949/1949 1950/1950/1950
f 1951/1951/1951 1952/1952/1952 1953/1953/1953
f 1954/1954/1954 1955/1955/1955 1956/1956/1956
f 1957/1957/1957 1958/1958/1958 1959/1959/1959
f 1960/1960/1960 1961/1961/1961 1962/1962/1962
f 1963/1963/1963 1964/1964/1964 1965/1965/1965
f 1966/1966/1966 1967/1967/1967 1968/1968/1968
f 1969/1969/1969 1970/1970/1970 1971/1971/1971
f 1972/1972/1972 1973/1973/1973 1974/1974/1974
f 1975/1975/1975 1976/1976/1976 1977/1977/1977
f 1978/1978/1978 1979/1979/1979 1980/1980/1980
f 1981/1981/1981 1982/1982/1982 1983/1983/1983
f 1984/1984/1984 1985/1985/1985 1986/1986/1986
f 1987/1987/1987 1988/1988/1988 1989/1989/1989
f 1990/1990/1990 1991/1991/1991 1992/1992/1992
f 1993/1993/1993 1994/1994/1994 1995/1995/1995
f 1996/1996/1996 1997/1997/1997 1998/1998/1998
f 1999/1999/1999 2000/2000/2000 2001/2001/2001
f 2002/2002/2002 2003/2003/2003 2004/2004/2004
f 2005/2005/2005 2006/2006/2006 2007/2007/2007
f 2008/2008/2008 2009/2009/2009 2010/2010/2010
f 2011/2011/2011 2012/2012/2012 2013/2013/2013
f 2014/2014/2014 2015/2015/2015 2016/2016/2016
f 2017/2017/2017 2018/2018/2018 2019/2019/2019
f 2020/2020/2020 2021/2021/2021 2022/2022/2022
f 2023/2023/2023 2024/2024/2024 2025/2025/2025
f 2026/2026/2026 2027/2027/2027 2028/2028/2028
f 2029/2029/2029 2030/2030/2030 2031/2031/2031
f 2032/2032/2032 2033/2033/2033 2034/2034/2034
f 2035/2035/2035 2036/2036/2036 2037/2037/2037
f 2038/2038/2038 2039/2039/2039 2040/2040/2040
f 2041/2041/2041 2042/2042/2042 2043/2043/2043
f 2044/2044/2044 2045/2045/2045 2046/2046/2046
f 2047/2047/2047 2048/2048/2048 2049/2049/2049
f 2050/2050/2050 2051/2051/2051 2052/2052/2052
f 2053/2053/2053 2054/2054/2054 2055/2055/2055
f 2056/2056/2056 2057/2057/2057 2058/2058/2058
f 2059/2059/2059 2060/2060/2060 2061/2061/2061
f 2062/2062/2062 2063/2063/2063 2064/2064/2064
f 2065/2065/2065 2066/2066/2066 2067/2067/2067
f 2068/2068/2068 2069/2069/2069 2070/2070/2070
f 2071/2071/2071 2072/2072/2072 2073/2073/2073
f 2074/2074/2074 2075/2075/2075 2076/2076/2076
f 2077/2077/2077 2078/2078/2078 2079/2079/2079
f 2080/2080/2080 2081/2081/2081 2082/2082/2082
f 2083/2083/2083 2084/2084/2084 2085/2085/2085
f 2086/2086/2086 2087/2087/2087 2088/2088/2088
f 2089/2089/2089 2090/2090/2090 2091/2091/2091
f 2092/2092/2092 2093/2093/2093 2094/2094/2094
f 2095/2095/2095 2096/2096/2096 2097/2097/2097
f 2098/2098/2098 2099/2099/2099 2100/2100/2100
