# Created by Open3D 
# object name: 1a7346e0575149abab9fac3184dc94c3_visual
# number of vertices: 8136
# number of triangles: 2712
mtllib ball_1a7346e0_visual.mtl
v -0.0308733 0.0162946 0.000407745
vn -0.906694 0.421559 0.0139317
v -0.0319285 0.011971 0.00675745
vn -0.938144 0.299191 0.174271
v -0.0302955 0.0163006 0.00623131
vn -0.890201 0.424672 0.16491
v -0.0308733 0.0162946 0.000407745
vn -0.906694 0.421559 0.0139317
v -0.0325787 0.0118667 0.000433607
vn -0.956338 0.291864 0.0152401
v -0.0319285 0.011971 0.00675745
vn -0.938144 0.299191 0.174271
v -0.0290179 0.0196567 0.000425135
vn -0.848538 0.528967 0.0133363
v -0.0302955 0.0163006 0.00623131
vn -0.890201 0.424672 0.16491
v -0.028581 0.01951 0.00576286
vn -0.841397 0.518277 0.153102
v -0.0290179 0.0196567 0.000425135
vn -0.848538 0.528967 0.0133363
v -0.0308733 0.0162946 0.000407745
vn -0.906694 0.421559 0.0139317
v -0.0302955 0.0163006 0.00623131
vn -0.890201 0.424672 0.16491
v -0.0266703 0.0179184 0.0142431
vn -0.781128 0.491019 0.385667
v -0.0259222 0.0145609 0.0186889
vn -0.760225 0.378567 0.527963
v -0.0258555 0.0169547 0.0167456
vn -0.773517 0.443574 0.452673
v -0.0266703 0.0179184 0.0142431
vn -0.781128 0.491019 0.385667
v -0.0274934 0.0151648 0.0156597
vn -0.809234 0.400113 0.430175
v -0.0259222 0.0145609 0.0186889
vn -0.760225 0.378567 0.527963
v -0.0330725 0.00696898 0.00713093
vn -0.968046 0.177209 0.177436
v -0.0318385 0.00356892 0.0132959
vn -0.931846 0.0873704 0.352178
v -0.0314755 0.00693304 0.0129979
vn -0.91921 0.185321 0.347431
v -0.0330725 0.00696898 0.00713093
vn -0.968046 0.177209 0.177436
v -0.0334804 0.00356749 0.00725968
vn -0.980547 0.0823123 0.178191
v -0.0318385 0.00356892 0.0132959
vn -0.931846 0.0873704 0.352178
v -0.0302955 0.0163006 0.00623131
vn -0.890201 0.424672 0.16491
v -0.0304893 0.0117907 0.0122093
vn -0.892833 0.30332 0.332936
v -0.0291396 0.0159104 0.0111727
vn -0.853586 0.419839 0.308427
v -0.0302955 0.0163006 0.00623131
vn -0.890201 0.424672 0.16491
v -0.0319285 0.011971 0.00675745
vn -0.938144 0.299191 0.174271
v -0.0304893 0.0117907 0.0122093
vn -0.892833 0.30332 0.332936
v -0.028581 0.01951 0.00576286
vn -0.841397 0.518277 0.153102
v -0.0291396 0.0159104 0.0111727
vn -0.853586 0.419839 0.308427
v -0.0277552 0.0189041 0.0102553
vn -0.813425 0.50758 0.284083
v -0.028581 0.01951 0.00576286
vn -0.841397 0.518277 0.153102
v -0.0302955 0.0163006 0.00623131
vn -0.890201 0.424672 0.16491
v -0.0291396 0.0159104 0.0111727
vn -0.853586 0.419839 0.308427
v -0.0304893 0.0117907 0.0122093
vn -0.892833 0.30332 0.332936
v -0.0288233 0.00671921 0.0185444
vn -0.842761 0.186983 0.504768
v -0.0282612 0.0113234 0.0172754
vn -0.82914 0.296559 0.473899
v -0.0304893 0.0117907 0.0122093
vn -0.892833 0.30332 0.332936
v -0.0314755 0.00693304 0.0129979
vn -0.91921 0.185321 0.347431
v -0.0288233 0.00671921 0.0185444
vn -0.842761 0.186983 0.504768
v -0.0314755 0.00693304 0.0129979
vn -0.91921 0.185321 0.347431
v -0.029051 0.00347355 0.01901
vn -0.852007 0.0901029 0.515719
v -0.0288233 0.00671921 0.0185444
vn -0.842761 0.186983 0.504768
v -0.0314755 0.00693304 0.0129979
vn -0.91921 0.185321 0.347431
v -0.0318385 0.00356892 0.0132959
vn -0.931846 0.0873704 0.352178
v -0.029051 0.00347355 0.01901
vn -0.852007 0.0901029 0.515719
v -0.0291396 0.0159104 0.0111727
vn -0.853586 0.419839 0.308427
v -0.0282612 0.0113234 0.0172754
vn -0.82914 0.296559 0.473899
v -0.0274934 0.0151648 0.0156597
vn -0.809234 0.400113 0.430175
v -0.0291396 0.0159104 0.0111727
vn -0.853586 0.419839 0.308427
v -0.0304893 0.0117907 0.0122093
vn -0.892833 0.30332 0.332936
v -0.0282612 0.0113234 0.0172754
vn -0.82914 0.296559 0.473899
v -0.0277552 0.0189041 0.0102553
vn -0.813425 0.50758 0.284083
v -0.0274934 0.0151648 0.0156597
vn -0.809234 0.400113 0.430175
v -0.0266703 0.0179184 0.0142431
vn -0.781128 0.491019 0.385667
v -0.0277552 0.0189041 0.0102553
vn -0.813425 0.50758 0.284083
v -0.0291396 0.0159104 0.0111727
vn -0.853586 0.419839 0.308427
v -0.0274934 0.0151648 0.0156597
vn -0.809234 0.400113 0.430175
v -0.0325787 0.0118667 0.000433607
vn -0.956338 0.291864 0.0152401
v -0.0330725 0.00696898 0.00713093
vn -0.968046 0.177209 0.177436
v -0.0319285 0.011971 0.00675745
vn -0.938144 0.299191 0.174271
v -0.0325787 0.0118667 0.000433607
vn -0.956338 0.291864 0.0152401
v -0.0337293 0.00684223 0.000465417
vn -0.985334 0.169841 0.0164336
v -0.0330725 0.00696898 0.00713093
vn -0.968046 0.177209 0.177436
v -0.0288233 0.00671921 0.0185444
vn -0.842761 0.186983 0.504768
v -0.0261891 0.00334371 0.0229438
vn -0.761239 0.0878074 0.6425
v -0.0261318 0.0064838 0.0223619
vn -0.757285 0.186893 0.625772
v -0.0288233 0.00671921 0.0185444
vn -0.842761 0.186983 0.504768
v -0.029051 0.00347355 0.01901
vn -0.852007 0.0901029 0.515719
v -0.0261891 0.00334371 0.0229438
vn -0.761239 0.0878074 0.6425
v -0.00433534 0.00353063 -0.0344665
vn -0.121082 0.0954091 -0.988047
v -0.00845879 0.00540167 -0.0334681
vn -0.235289 0.156439 -0.959253
v -0.00432608 0.00516921 -0.0342645
vn -0.120878 0.149748 -0.981307
v -0.00433534 0.00353063 -0.0344665
vn -0.121082 0.0954091 -0.988047
v -0.00847735 0.00369779 -0.033689
vn -0.236216 0.0999345 -0.966548
v -0.00845879 0.00540167 -0.0334681
vn -0.235289 0.156439 -0.959253
v -0.0282612 0.0113234 0.0172754
vn -0.82914 0.296559 0.473899
v -0.0261318 0.0064838 0.0223619
vn -0.757285 0.186893 0.625772
v -0.0260452 0.0109128 0.0207827
vn -0.755752 0.290953 0.586673
v -0.0282612 0.0113234 0.0172754
vn -0.82914 0.296559 0.473899
v -0.0288233 0.00671921 0.0185444
vn -0.842761 0.186983 0.504768
v -0.0261318 0.0064838 0.0223619
vn -0.757285 0.186893 0.625772
v -0.0274934 0.0151648 0.0156597
vn -0.809234 0.400113 0.430175
v -0.0260452 0.0109128 0.0207827
vn -0.755752 0.290953 0.586673
v -0.0259222 0.0145609 0.0186889
vn -0.760225 0.378567 0.527963
v -0.0274934 0.0151648 0.0156597
vn -0.809234 0.400113 0.430175
v -0.0282612 0.0113234 0.0172754
vn -0.82914 0.296559 0.473899
v -0.0260452 0.0109128 0.0207827
vn -0.755752 0.290953 0.586673
v -0.0249794 0.00229463 -0.0244175
vn -0.717099 0.066387 -0.693802
v -0.0280884 0.00566162 -0.020063
vn -0.814747 0.155024 -0.558708
v -0.0248157 0.00504908 -0.0241829
vn -0.712738 0.13914 -0.687491
v -0.0249794 0.00229463 -0.0244175
vn -0.717099 0.066387 -0.693802
v -0.028345 0.00259849 -0.0203016
vn -0.822096 0.0735447 -0.564578
v -0.0280884 0.00566162 -0.020063
vn -0.814747 0.155024 -0.558708
v -0.0291335 7.37612e-09 0.0191749
vn -0.854885 -8.24898e-05 0.518818
v -0.0261891 0.00334371 0.0229438
vn -0.761239 0.0878074 0.6425
v -0.029051 0.00347355 0.01901
vn -0.852007 0.0901029 0.515719
v -0.0291335 7.37612e-09 0.0191749
vn -0.854885 -8.24898e-05 0.518818
v -0.0262079 7.37612e-09 0.0231513
vn -0.760286 -6.13351e-06 0.649588
v -0.0261891 0.00334371 0.0229438
vn -0.761239 0.0878074 0.6425
v -0.0319676 7.37612e-09 0.0133974
vn -0.935598 -0.000107859 0.353067
v -0.029051 0.00347355 0.01901
vn -0.852007 0.0901029 0.515719
v -0.0318385 0.00356892 0.0132959
vn -0.931846 0.0873704 0.352178
v -0.0319676 7.37612e-09 0.0133974
vn -0.935598 -0.000107859 0.353067
v -0.0291335 7.37612e-09 0.0191749
vn -0.854885 -8.24898e-05 0.518818
v -0.029051 0.00347355 0.01901
vn -0.852007 0.0901029 0.515719
v -0.0336215 3.65083e-09 0.00730346
vn -0.98392 -3.73797e-05 0.178611
v -0.0318385 0.00356892 0.0132959
vn -0.931846 0.0873704 0.352178
v -0.0334804 0.00356749 0.00725968
vn -0.980547 0.0823123 0.178191
v -0.0336215 3.65083e-09 0.00730346
vn -0.98392 -3.73797e-05 0.178611
v -0.0319676 7.37612e-09 0.0133974
vn -0.935598 -0.000107859 0.353067
v -0.0318385 0.00356892 0.0132959
vn -0.931846 0.0873704 0.352178
v -0.0334804 0.00356749 0.00725968
vn -0.980547 0.0823123 0.178191
v -0.0342589 -7.45803e-08 0.000481619
vn -0.999856 -4.42178e-05 0.0169634
v -0.0336215 3.65083e-09 0.00730346
vn -0.98392 -3.73797e-05 0.178611
v -0.0334804 0.00356749 0.00725968
vn -0.980547 0.0823123 0.178191
v -0.0341247 0.00348765 0.000477546
vn -0.996804 0.0780293 0.0171148
v -0.0342589 -7.45803e-08 0.000481619
vn -0.999856 -4.42178e-05 0.0169634
v -0.00432957 0.00136448 -0.0346179
vn -0.120477 0.0444357 -0.991721
v -0.00847735 0.00369779 -0.033689
vn -0.236216 0.0999345 -0.966548
v -0.00433534 0.00353063 -0.0344665
vn -0.121082 0.0954091 -0.988047
v -0.00432957 0.00136448 -0.0346179
vn -0.120477 0.0444357 -0.991721
v -0.00848109 0.00143997 -0.033856
vn -0.236023 0.0465726 -0.970631
v -0.00847735 0.00369779 -0.033689
vn -0.236216 0.0999345 -0.966548
v -0.00432608 0.00516921 -0.0342645
vn -0.120878 0.149748 -0.981307
v -0.00840559 0.00781126 -0.033015
vn -0.234373 0.218208 -0.947341
v -0.00430898 0.00749062 -0.0338455
vn -0.120905 0.209591 -0.970285
v -0.00432608 0.00516921 -0.0342645
vn -0.120878 0.149748 -0.981307
v -0.00845879 0.00540167 -0.0334681
vn -0.235289 0.156439 -0.959253
v -0.00840559 0.00781126 -0.033015
vn -0.234373 0.218208 -0.947341
v -0.00430898 0.00749062 -0.0338455
vn -0.120905 0.209591 -0.970285
v -0.00830591 0.0102123 -0.0323971
vn -0.232305 0.281854 -0.930909
v -0.00426263 0.00985135 -0.0332574
vn -0.11852 0.273328 -0.954592
v -0.00430898 0.00749062 -0.0338455
vn -0.120905 0.209591 -0.970285
v -0.00840559 0.00781126 -0.033015
vn -0.234373 0.218208 -0.947341
v -0.00830591 0.0102123 -0.0323971
vn -0.232305 0.281854 -0.930909
v -0.00847735 0.00369779 -0.033689
vn -0.236216 0.0999345 -0.966548
v -0.012199 0.00572624 -0.032266
vn -0.349474 0.165151 -0.922276
v -0.00845879 0.00540167 -0.0334681
vn -0.235289 0.156439 -0.959253
v -0.00847735 0.00369779 -0.033689
vn -0.236216 0.0999345 -0.966548
v -0.0122425 0.00386558 -0.0325177
vn -0.350834 0.104907 -0.930543
v -0.012199 0.00572624 -0.032266
vn -0.349474 0.165151 -0.922276
v -0.00848109 0.00143997 -0.033856
vn -0.236023 0.0465726 -0.970631
v -0.0122425 0.00386558 -0.0325177
vn -0.350834 0.104907 -0.930543
v -0.00847735 0.00369779 -0.033689
vn -0.236216 0.0999345 -0.966548
v -0.00848109 0.00143997 -0.033856
vn -0.236023 0.0465726 -0.970631
v -0.0122672 0.00155024 -0.0326958
vn -0.350767 0.049145 -0.935172
v -0.0122425 0.00386558 -0.0325177
vn -0.350834 0.104907 -0.930543
v -0.00845879 0.00540167 -0.0334681
vn -0.235289 0.156439 -0.959253
v -0.0120687 0.00826181 -0.0317753
vn -0.346855 0.230806 -0.909076
v -0.00840559 0.00781126 -0.033015
vn -0.234373 0.218208 -0.947341
v -0.00845879 0.00540167 -0.0334681
vn -0.235289 0.156439 -0.959253
v -0.012199 0.00572624 -0.032266
vn -0.349474 0.165151 -0.922276
v -0.0120687 0.00826181 -0.0317753
vn -0.346855 0.230806 -0.909076
v -0.00840559 0.00781126 -0.033015
vn -0.234373 0.218208 -0.947341
v -0.0118863 0.0107767 -0.0311024
vn -0.343302 0.295503 -0.891528
v -0.00830591 0.0102123 -0.0323971
vn -0.232305 0.281854 -0.930909
v -0.00840559 0.00781126 -0.033015
vn -0.234373 0.218208 -0.947341
v -0.0120687 0.00826181 -0.0317753
vn -0.346855 0.230806 -0.909076
v -0.0118863 0.0107767 -0.0311024
vn -0.343302 0.295503 -0.891528
v -0.0122425 0.00386558 -0.0325177
vn -0.350834 0.104907 -0.930543
v -0.0164512 0.00635351 -0.0302319
vn -0.464008 0.181846 -0.866965
v -0.012199 0.00572624 -0.032266
vn -0.349474 0.165151 -0.922276
v -0.0122425 0.00386558 -0.0325177
vn -0.350834 0.104907 -0.930543
v -0.0165672 0.00418954 -0.0305351
vn -0.469176 0.115323 -0.875543
v -0.0164512 0.00635351 -0.0302319
vn -0.464008 0.181846 -0.866965
v -0.0122672 0.00155024 -0.0326958
vn -0.350767 0.049145 -0.935172
v -0.0165672 0.00418954 -0.0305351
vn -0.469176 0.115323 -0.875543
v -0.0122425 0.00386558 -0.0325177
vn -0.350834 0.104907 -0.930543
v -0.0122672 0.00155024 -0.0326958
vn -0.350767 0.049145 -0.935172
v -0.0166412 0.00174953 -0.0307272
vn -0.471601 0.0539397 -0.880161
v -0.0165672 0.00418954 -0.0305351
vn -0.469176 0.115323 -0.875543
v -0.012199 0.00572624 -0.032266
vn -0.349474 0.165151 -0.922276
v -0.0162435 0.00910747 -0.0296522
vn -0.45723 0.254304 -0.852215
v -0.0120687 0.00826181 -0.0317753
vn -0.346855 0.230806 -0.909076
v -0.012199 0.00572624 -0.032266
vn -0.349474 0.165151 -0.922276
v -0.0164512 0.00635351 -0.0302319
vn -0.464008 0.181846 -0.866965
v -0.0162435 0.00910747 -0.0296522
vn -0.45723 0.254304 -0.852215
v -0.0120687 0.00826181 -0.0317753
vn -0.346855 0.230806 -0.909076
v -0.015944 0.0117263 -0.0289077
vn -0.454123 0.325213 -0.829463
v -0.0118863 0.0107767 -0.0311024
vn -0.343302 0.295503 -0.891528
v -0.0120687 0.00826181 -0.0317753
vn -0.346855 0.230806 -0.909076
v -0.0162435 0.00910747 -0.0296522
vn -0.45723 0.254304 -0.852215
v -0.015944 0.0117263 -0.0289077
vn -0.454123 0.325213 -0.829463
v -0.0164512 0.00635351 -0.0302319
vn -0.464008 0.181846 -0.866965
v -0.0207885 0.00449605 -0.0278135
vn -0.594779 0.125084 -0.794098
v -0.020601 0.00709322 -0.0274231
vn -0.588931 0.1996 -0.783147
v -0.0164512 0.00635351 -0.0302319
vn -0.464008 0.181846 -0.866965
v -0.0165672 0.00418954 -0.0305351
vn -0.469176 0.115323 -0.875543
v -0.0207885 0.00449605 -0.0278135
vn -0.594779 0.125084 -0.794098
v -0.0162435 0.00910747 -0.0296522
vn -0.45723 0.254304 -0.852215
v -0.020601 0.00709322 -0.0274231
vn -0.588931 0.1996 -0.783147
v -0.0202644 0.0100949 -0.0267488
vn -0.579755 0.27947 -0.765363
v -0.0162435 0.00910747 -0.0296522
vn -0.45723 0.254304 -0.852215
v -0.0164512 0.00635351 -0.0302319
vn -0.464008 0.181846 -0.866965
v -0.020601 0.00709322 -0.0274231
vn -0.588931 0.1996 -0.783147
v -0.015944 0.0117263 -0.0289077
vn -0.454123 0.325213 -0.829463
v -0.0202644 0.0100949 -0.0267488
vn -0.579755 0.27947 -0.765363
v -0.0197887 0.0128793 -0.0259303
vn -0.561938 0.359056 -0.745188
v -0.015944 0.0117263 -0.0289077
vn -0.454123 0.325213 -0.829463
v -0.0162435 0.00910747 -0.0296522
vn -0.45723 0.254304 -0.852215
v -0.0202644 0.0100949 -0.0267488
vn -0.579755 0.27947 -0.765363
v 3.1665e-08 0.00508109 -0.0345412
vn 0.000329537 0.147376 -0.98908
v -0.00433534 0.00353063 -0.0344665
vn -0.121082 0.0954091 -0.988047
v -0.00432608 0.00516921 -0.0342645
vn -0.120878 0.149748 -0.981307
v 3.1665e-08 0.00508109 -0.0345412
vn 0.000329537 0.147376 -0.98908
v 3.1665e-08 0.00346843 -0.034737
vn 0.00026361 0.0939099 -0.995581
v -0.00433534 0.00353063 -0.0344665
vn -0.121082 0.0954091 -0.988047
v -0.0207885 0.00449605 -0.0278135
vn -0.594779 0.125084 -0.794098
v -0.0249794 0.00229463 -0.0244175
vn -0.717099 0.066387 -0.693802
v -0.0248157 0.00504908 -0.0241829
vn -0.712738 0.13914 -0.687491
v -0.0207885 0.00449605 -0.0278135
vn -0.594779 0.125084 -0.794098
v -0.0208796 0.001941 -0.0280339
vn -0.597531 0.0576161 -0.799773
v -0.0249794 0.00229463 -0.0244175
vn -0.717099 0.066387 -0.693802
v -0.0275494 0.00911729 -0.0195888
vn -0.799193 0.25065 -0.54632
v -0.0308199 0.00610421 -0.0150801
vn -0.897362 0.165659 -0.40902
v -0.0300374 0.0101891 -0.0146204
vn -0.874387 0.271122 -0.402417
v -0.0275494 0.00911729 -0.0195888
vn -0.799193 0.25065 -0.54632
v -0.0280884 0.00566162 -0.020063
vn -0.814747 0.155024 -0.558708
v -0.0308199 0.00610421 -0.0150801
vn -0.897362 0.165659 -0.40902
v -0.020601 0.00709322 -0.0274231
vn -0.588931 0.1996 -0.783147
v -0.0248157 0.00504908 -0.0241829
vn -0.712738 0.13914 -0.687491
v -0.0244855 0.00805107 -0.0237282
vn -0.701554 0.224257 -0.67641
v -0.020601 0.00709322 -0.0274231
vn -0.588931 0.1996 -0.783147
v -0.0207885 0.00449605 -0.0278135
vn -0.594779 0.125084 -0.794098
v -0.0248157 0.00504908 -0.0241829
vn -0.712738 0.13914 -0.687491
v -0.0202644 0.0100949 -0.0267488
vn -0.579755 0.27947 -0.765363
v -0.0244855 0.00805107 -0.0237282
vn -0.701554 0.224257 -0.67641
v -0.0238988 0.0113966 -0.0229859
vn -0.685719 0.313766 -0.656766
v -0.0202644 0.0100949 -0.0267488
vn -0.579755 0.27947 -0.765363
v -0.020601 0.00709322 -0.0274231
vn -0.588931 0.1996 -0.783147
v -0.0244855 0.00805107 -0.0237282
vn -0.701554 0.224257 -0.67641
v 3.1665e-08 3.65083e-09 -0.0349077
vn 5.64104e-06 1.98043e-05 -1
v -0.00432957 0.00136448 -0.0346179
vn -0.120477 0.0444357 -0.991721
v 3.1665e-08 0.00133672 -0.0348821
vn 0.000102734 0.0437097 -0.999044
v 3.1665e-08 3.65083e-09 -0.0349077
vn 5.64104e-06 1.98043e-05 -1
v -0.00433178 3.65083e-09 -0.0346444
vn -0.120558 7.7711e-06 -0.992706
v -0.00432957 0.00136448 -0.0346179
vn -0.120477 0.0444357 -0.991721
v 3.1665e-08 0.00133672 -0.0348821
vn 0.000102734 0.0437097 -0.999044
v -0.00433534 0.00353063 -0.0344665
vn -0.121082 0.0954091 -0.988047
v 3.1665e-08 0.00346843 -0.034737
vn 0.00026361 0.0939099 -0.995581
v 3.1665e-08 0.00133672 -0.0348821
vn 0.000102734 0.0437097 -0.999044
v -0.00432957 0.00136448 -0.0346179
vn -0.120477 0.0444357 -0.991721
v -0.00433534 0.00353063 -0.0344665
vn -0.121082 0.0954091 -0.988047
v 3.1665e-08 0.00737064 -0.0341353
vn 0.000494472 0.20663 -0.978419
v -0.00432608 0.00516921 -0.0342645
vn -0.120878 0.149748 -0.981307
v -0.00430898 0.00749062 -0.0338455
vn -0.120905 0.209591 -0.970285
v 3.1665e-08 0.00737064 -0.0341353
vn 0.000494472 0.20663 -0.978419
v 3.1665e-08 0.00508109 -0.0345412
vn 0.000329537 0.147376 -0.98908
v -0.00432608 0.00516921 -0.0342645
vn -0.120878 0.149748 -0.981307
v 3.1665e-08 0.00971207 -0.0335592
vn -0.000517728 0.2698 -0.962916
v -0.00430898 0.00749062 -0.0338455
vn -0.120905 0.209591 -0.970285
v -0.00426263 0.00985135 -0.0332574
vn -0.11852 0.273328 -0.954592
v 3.1665e-08 0.00971207 -0.0335592
vn -0.000517728 0.2698 -0.962916
v 3.1665e-08 0.00737064 -0.0341353
vn 0.000494472 0.20663 -0.978419
v -0.00430898 0.00749062 -0.0338455
vn -0.120905 0.209591 -0.970285
v -0.0197887 0.0128793 -0.0259303
vn -0.561938 0.359056 -0.745188
v -0.0238988 0.0113966 -0.0229859
vn -0.685719 0.313766 -0.656766
v -0.023062 0.0144153 -0.0221825
vn -0.661894 0.398175 -0.635101
v -0.0197887 0.0128793 -0.0259303
vn -0.561938 0.359056 -0.745188
v -0.0202644 0.0100949 -0.0267488
vn -0.579755 0.27947 -0.765363
v -0.0238988 0.0113966 -0.0229859
vn -0.685719 0.313766 -0.656766
v -0.0209082 7.37612e-09 -0.0280788
vn -0.598991 -2.97965e-05 -0.800756
v -0.0249794 0.00229463 -0.0244175
vn -0.717099 0.066387 -0.693802
v -0.0208796 0.001941 -0.0280339
vn -0.597531 0.0576161 -0.799773
v -0.0209082 7.37612e-09 -0.0280788
vn -0.598991 -2.97965e-05 -0.800756
v -0.0250266 7.37612e-09 -0.0244734
vn -0.717942 4.56254e-06 -0.696103
v -0.0249794 0.00229463 -0.0244175
vn -0.717099 0.066387 -0.693802
v -0.0166648 3.65083e-09 -0.0307637
vn -0.473299 -1.0648e-05 -0.880902
v -0.0208796 0.001941 -0.0280339
vn -0.597531 0.0576161 -0.799773
v -0.0166412 0.00174953 -0.0307272
vn -0.471601 0.0539397 -0.880161
v -0.0166648 3.65083e-09 -0.0307637
vn -0.473299 -1.0648e-05 -0.880902
v -0.0209082 7.37612e-09 -0.0280788
vn -0.598991 -2.97965e-05 -0.800756
v -0.0208796 0.001941 -0.0280339
vn -0.597531 0.0576161 -0.799773
v -0.0173157 0.0196686 -0.0238007
vn -0.419623 0.654878 -0.628531
v -0.0209793 0.0197714 -0.0206158
vn -0.631681 0.504791 -0.588358
v -0.0201007 0.0210087 -0.0201524
vn -0.449955 0.71783 -0.531281
v -0.0173157 0.0196686 -0.0238007
vn -0.419623 0.654878 -0.628531
v -0.018025 0.018444 -0.0244113
vn -0.538618 0.474114 -0.696496
v -0.0209793 0.0197714 -0.0206158
vn -0.631681 0.504791 -0.588358
v -0.0122779 7.37612e-09 -0.0327278
vn -0.351321 1.49782e-05 -0.936255
v -0.0166412 0.00174953 -0.0307272
vn -0.471601 0.0539397 -0.880161
v -0.0122672 0.00155024 -0.0326958
vn -0.350767 0.049145 -0.935172
v -0.0122779 7.37612e-09 -0.0327278
vn -0.351321 1.49782e-05 -0.936255
v -0.0166648 3.65083e-09 -0.0307637
vn -0.473299 -1.0648e-05 -0.880902
v -0.0166412 0.00174953 -0.0307272
vn -0.471601 0.0539397 -0.880161
v -0.00848655 7.37612e-09 -0.033885
vn -0.236425 2.56221e-05 -0.97165
v -0.0122672 0.00155024 -0.0326958
vn -0.350767 0.049145 -0.935172
v -0.00848109 0.00143997 -0.033856
vn -0.236023 0.0465726 -0.970631
v -0.00848655 7.37612e-09 -0.033885
vn -0.236425 2.56221e-05 -0.97165
v -0.0122779 7.37612e-09 -0.0327278
vn -0.351321 1.49782e-05 -0.936255
v -0.0122672 0.00155024 -0.0326958
vn -0.350767 0.049145 -0.935172
v -0.00433178 3.65083e-09 -0.0346444
vn -0.120558 7.7711e-06 -0.992706
v -0.00848109 0.00143997 -0.033856
vn -0.236023 0.0465726 -0.970631
v -0.00432957 0.00136448 -0.0346179
vn -0.120477 0.0444357 -0.991721
v -0.00433178 3.65083e-09 -0.0346444
vn -0.120558 7.7711e-06 -0.992706
v -0.00848655 7.37612e-09 -0.033885
vn -0.236425 2.56221e-05 -0.97165
v -0.00848109 0.00143997 -0.033856
vn -0.236023 0.0465726 -0.970631
v -0.0238988 0.0113966 -0.0229859
vn -0.685719 0.313766 -0.656766
v -0.0275494 0.00911729 -0.0195888
vn -0.799193 0.25065 -0.54632
v -0.0266079 0.0128656 -0.0188495
vn -0.77226 0.35192 -0.52893
v -0.0238988 0.0113966 -0.0229859
vn -0.685719 0.313766 -0.656766
v -0.0244855 0.00805107 -0.0237282
vn -0.701554 0.224257 -0.67641
v -0.0275494 0.00911729 -0.0195888
vn -0.799193 0.25065 -0.54632
v -0.023062 0.0144153 -0.0221825
vn -0.661894 0.398175 -0.635101
v -0.0266079 0.0128656 -0.0188495
vn -0.77226 0.35192 -0.52893
v -0.0254897 0.0159851 -0.0180621
vn -0.739387 0.443876 -0.506242
v -0.023062 0.0144153 -0.0221825
vn -0.661894 0.398175 -0.635101
v -0.0238988 0.0113966 -0.0229859
vn -0.685719 0.313766 -0.656766
v -0.0266079 0.0128656 -0.0188495
vn -0.77226 0.35192 -0.52893
v -0.0289166 0.0192296 -0.00475144
vn -0.849931 0.512073 -0.12409
v -0.0308733 0.0162946 0.000407745
vn -0.906694 0.421559 0.0139317
v -0.0290179 0.0196567 0.000425135
vn -0.848538 0.528967 0.0133363
v -0.0289166 0.0192296 -0.00475144
vn -0.849931 0.512073 -0.12409
v -0.030705 0.0158188 -0.00513897
vn -0.902109 0.411483 -0.129928
v -0.0308733 0.0162946 0.000407745
vn -0.906694 0.421559 0.0139317
v -0.0280884 0.00566162 -0.020063
vn -0.814747 0.155024 -0.558708
v -0.0311424 0.00293252 -0.0152818
vn -0.907707 0.077236 -0.412434
v -0.0308199 0.00610421 -0.0150801
vn -0.897362 0.165659 -0.40902
v -0.0280884 0.00566162 -0.020063
vn -0.814747 0.155024 -0.558708
v -0.028345 0.00259849 -0.0203016
vn -0.822096 0.0735447 -0.564578
v -0.0311424 0.00293252 -0.0152818
vn -0.907707 0.077236 -0.412434
v -0.0266079 0.0128656 -0.0188495
vn -0.77226 0.35192 -0.52893
v -0.0300374 0.0101891 -0.0146204
vn -0.874387 0.271122 -0.402417
v -0.0288084 0.0142331 -0.0139019
vn -0.837058 0.383094 -0.390605
v -0.0266079 0.0128656 -0.0188495
vn -0.77226 0.35192 -0.52893
v -0.0275494 0.00911729 -0.0195888
vn -0.799193 0.25065 -0.54632
v -0.0300374 0.0101891 -0.0146204
vn -0.874387 0.271122 -0.402417
v -0.0254897 0.0159851 -0.0180621
vn -0.739387 0.443876 -0.506242
v -0.0288084 0.0142331 -0.0139019
vn -0.837058 0.383094 -0.390605
v -0.0274079 0.0175466 -0.0130921
vn -0.788327 0.485571 -0.377838
v -0.0254897 0.0159851 -0.0180621
vn -0.739387 0.443876 -0.506242
v -0.0266079 0.0128656 -0.0188495
vn -0.77226 0.35192 -0.52893
v -0.0288084 0.0142331 -0.0139019
vn -0.837058 0.383094 -0.390605
v -0.0300374 0.0101891 -0.0146204
vn -0.874387 0.271122 -0.402417
v -0.0324623 0.00632552 -0.0103889
vn -0.949539 0.166292 -0.265937
v -0.0315014 0.0109149 -0.0100217
vn -0.922925 0.279678 -0.264556
v -0.0300374 0.0101891 -0.0146204
vn -0.874387 0.271122 -0.402417
v -0.0308199 0.00610421 -0.0150801
vn -0.897362 0.165659 -0.40902
v -0.0324623 0.00632552 -0.0103889
vn -0.949539 0.166292 -0.265937
v -0.0308199 0.00610421 -0.0150801
vn -0.897362 0.165659 -0.40902
v -0.0328074 0.00317892 -0.0105262
vn -0.960892 0.077465 -0.265867
v -0.0324623 0.00632552 -0.0103889
vn -0.949539 0.166292 -0.265937
v -0.0308199 0.00610421 -0.0150801
vn -0.897362 0.165659 -0.40902
v -0.0311424 0.00293252 -0.0152818
vn -0.907707 0.077236 -0.412434
v -0.0328074 0.00317892 -0.0105262
vn -0.960892 0.077465 -0.265867
v -0.0288084 0.0142331 -0.0139019
vn -0.837058 0.383094 -0.390605
v -0.0315014 0.0109149 -0.0100217
vn -0.922925 0.279678 -0.264556
v -0.0300403 0.0151769 -0.00945846
vn -0.879005 0.400655 -0.258506
v -0.0288084 0.0142331 -0.0139019
vn -0.837058 0.383094 -0.390605
v -0.0300374 0.0101891 -0.0146204
vn -0.874387 0.271122 -0.402417
v -0.0315014 0.0109149 -0.0100217
vn -0.922925 0.279678 -0.264556
v -0.0274079 0.0175466 -0.0130921
vn -0.788327 0.485571 -0.377838
v -0.0300403 0.0151769 -0.00945846
vn -0.879005 0.400655 -0.258506
v -0.0283971 0.0185737 -0.00882269
vn -0.827686 0.501756 -0.251349
v -0.0274079 0.0175466 -0.0130921
vn -0.788327 0.485571 -0.377838
v -0.0288084 0.0142331 -0.0139019
vn -0.837058 0.383094 -0.390605
v -0.0300403 0.0151769 -0.00945846
vn -0.879005 0.400655 -0.258506
v -0.0244855 0.00805107 -0.0237282
vn -0.701554 0.224257 -0.67641
v -0.0280884 0.00566162 -0.020063
vn -0.814747 0.155024 -0.558708
v -0.0275494 0.00911729 -0.0195888
vn -0.799193 0.25065 -0.54632
v -0.0244855 0.00805107 -0.0237282
vn -0.701554 0.224257 -0.67641
v -0.0248157 0.00504908 -0.0241829
vn -0.712738 0.13914 -0.687491
v -0.0280884 0.00566162 -0.020063
vn -0.814747 0.155024 -0.558708
v -0.033387 0.00658606 -0.00567802
vn -0.977286 0.166983 -0.130494
v -0.0341247 0.00348765 0.000477546
vn -0.996804 0.0780293 0.0171148
v -0.0337293 0.00684223 0.000465417
vn -0.985334 0.169841 0.0164336
v -0.033387 0.00658606 -0.00567802
vn -0.977286 0.166983 -0.130494
v -0.0337571 0.00334591 -0.00574817
vn -0.988648 0.0767997 -0.12914
v -0.0341247 0.00348765 0.000477546
vn -0.996804 0.0780293 0.0171148
v -0.0210232 0.0115077 0.0260953
vn -0.628479 0.299502 0.717853
v -0.0189512 0.00692723 0.0289406
vn -0.462181 0.212802 0.860874
v -0.0197074 0.0119208 0.0267919
vn -0.470552 0.366571 0.802625
v -0.0210232 0.0115077 0.0260953
vn -0.628479 0.299502 0.717853
v -0.0203323 0.00679515 0.0282084
vn -0.617061 0.175915 0.767
v -0.0189512 0.00692723 0.0289406
vn -0.462181 0.212802 0.860874
v -0.0323155 0.0114405 -0.00546817
vn -0.949485 0.284915 -0.13154
v -0.0337293 0.00684223 0.000465417
vn -0.985334 0.169841 0.0164336
v -0.0325787 0.0118667 0.000433607
vn -0.956338 0.291864 0.0152401
v -0.0323155 0.0114405 -0.00546817
vn -0.949485 0.284915 -0.13154
v -0.033387 0.00658606 -0.00567802
vn -0.977286 0.166983 -0.130494
v -0.0337293 0.00684223 0.000465417
vn -0.985334 0.169841 0.0164336
v -0.030705 0.0158188 -0.00513897
vn -0.902109 0.411483 -0.129928
v -0.0325787 0.0118667 0.000433607
vn -0.956338 0.291864 0.0152401
v -0.0308733 0.0162946 0.000407745
vn -0.906694 0.421559 0.0139317
v -0.030705 0.0158188 -0.00513897
vn -0.902109 0.411483 -0.129928
v -0.0323155 0.0114405 -0.00546817
vn -0.949485 0.284915 -0.13154
v -0.0325787 0.0118667 0.000433607
vn -0.956338 0.291864 0.0152401
v -0.0229968 0.0219976 0.0155384
vn -0.560706 0.697047 0.446916
v -0.0231078 0.0192212 0.0190655
vn -0.645915 0.534502 0.545071
v -0.0219788 0.0198058 0.019581
vn -0.515545 0.626208 0.584873
v -0.0229968 0.0219976 0.0155384
vn -0.560706 0.697047 0.446916
v -0.0240196 0.0213803 0.0151877
vn -0.663881 0.617274 0.422177
v -0.0231078 0.0192212 0.0190655
vn -0.645915 0.534502 0.545071
v -0.033883 7.37612e-09 -0.00577173
vn -0.99171 -2.5541e-05 -0.128497
v -0.0341247 0.00348765 0.000477546
vn -0.996804 0.0780293 0.0171148
v -0.0337571 0.00334591 -0.00574817
vn -0.988648 0.0767997 -0.12914
v -0.033883 7.37612e-09 -0.00577173
vn -0.99171 -2.5541e-05 -0.128497
v -0.0342589 -7.45803e-08 0.000481619
vn -0.999856 -4.42178e-05 0.0169634
v -0.0341247 0.00348765 0.000477546
vn -0.996804 0.0780293 0.0171148
v -0.0312375 3.65083e-09 -0.0153437
vn -0.910643 -2.07608e-05 -0.413195
v -0.0328074 0.00317892 -0.0105262
vn -0.960892 0.077465 -0.265867
v -0.0311424 0.00293252 -0.0152818
vn -0.907707 0.077236 -0.412434
v -0.0312375 3.65083e-09 -0.0153437
vn -0.910643 -2.07608e-05 -0.413195
v -0.0329221 2.01091e-07 -0.0105705
vn -0.964145 -2.03821e-05 -0.265378
v -0.0328074 0.00317892 -0.0105262
vn -0.960892 0.077465 -0.265867
v -0.0284115 7.37612e-09 -0.0203674
vn -0.824997 -2.30439e-06 -0.565138
v -0.0311424 0.00293252 -0.0152818
vn -0.907707 0.077236 -0.412434
v -0.028345 0.00259849 -0.0203016
vn -0.822096 0.0735447 -0.564578
v -0.0284115 7.37612e-09 -0.0203674
vn -0.824997 -2.30439e-06 -0.565138
v -0.0312375 3.65083e-09 -0.0153437
vn -0.910643 -2.07608e-05 -0.413195
v -0.0311424 0.00293252 -0.0152818
vn -0.907707 0.077236 -0.412434
v -0.028345 0.00259849 -0.0203016
vn -0.822096 0.0735447 -0.564578
v -0.0250266 7.37612e-09 -0.0244734
vn -0.717942 4.56254e-06 -0.696103
v -0.0284115 7.37612e-09 -0.0203674
vn -0.824997 -2.30439e-06 -0.565138
v -0.028345 0.00259849 -0.0203016
vn -0.822096 0.0735447 -0.564578
v -0.0249794 0.00229463 -0.0244175
vn -0.717099 0.066387 -0.693802
v -0.0250266 7.37612e-09 -0.0244734
vn -0.717942 4.56254e-06 -0.696103
v -0.0248709 0.0230579 0.0106852
vn -0.671831 0.680161 0.2933
v -0.0229968 0.0219976 0.0155384
vn -0.560706 0.697047 0.446916
v -0.0238362 0.0237434 0.0109821
vn -0.61514 0.726723 0.305739
v -0.0248709 0.0230579 0.0106852
vn -0.671831 0.680161 0.2933
v -0.0240196 0.0213803 0.0151877
vn -0.663881 0.617274 0.422177
v -0.0229968 0.0219976 0.0155384
vn -0.560706 0.697047 0.446916
v -0.0254358 0.0238934 0.00621064
vn -0.699597 0.696074 0.161381
v -0.0238362 0.0237434 0.0109821
vn -0.61514 0.726723 0.305739
v -0.0244686 0.0246512 0.00645803
vn -0.634724 0.75397 0.169276
v -0.0254358 0.0238934 0.00621064
vn -0.699597 0.696074 0.161381
v -0.0248709 0.0230579 0.0106852
vn -0.671831 0.680161 0.2933
v -0.0238362 0.0237434 0.0109821
vn -0.61514 0.726723 0.305739
v -0.0257164 0.0243574 0.00105987
vn -0.70131 0.712098 0.0328658
v -0.0244686 0.0246512 0.00645803
vn -0.634724 0.75397 0.169276
v -0.024795 0.0250543 0.00137062
vn -0.624188 0.780566 0.0332684
v -0.0257164 0.0243574 0.00105987
vn -0.70131 0.712098 0.0328658
v -0.0254358 0.0238934 0.00621064
vn -0.699597 0.696074 0.161381
v -0.0244686 0.0246512 0.00645803
vn -0.634724 0.75397 0.169276
v -0.0247034 0.0249736 -0.00354329
vn -0.56258 0.823069 -0.0778483
v -0.0257164 0.0243574 0.00105987
vn -0.70131 0.712098 0.0328658
v -0.024795 0.0250543 0.00137062
vn -0.624188 0.780566 0.0332684
v -0.0247034 0.0249736 -0.00354329
vn -0.56258 0.823069 -0.0778483
v -0.0256236 0.0241578 -0.00408179
vn -0.710813 0.695771 -0.103188
v -0.0257164 0.0243574 0.00105987
vn -0.70131 0.712098 0.0328658
v -0.0231916 0.0242275 0.0112104
vn -0.715714 0.627371 0.306855
v -0.0229968 0.0219976 0.0155384
vn -0.560706 0.697047 0.446916
v -0.0221991 0.0224577 0.0157831
vn -0.641008 0.625142 0.445316
v -0.0231916 0.0242275 0.0112104
vn -0.715714 0.627371 0.306855
v -0.0238362 0.0237434 0.0109821
vn -0.61514 0.726723 0.305739
v -0.0229968 0.0219976 0.0155384
vn -0.560706 0.697047 0.446916
v -0.0238113 0.025152 0.00669361
vn -0.72477 0.665673 0.17773
v -0.0238362 0.0237434 0.0109821
vn -0.61514 0.726723 0.305739
v -0.0231916 0.0242275 0.0112104
vn -0.715714 0.627371 0.306855
v -0.0238113 0.025152 0.00669361
vn -0.72477 0.665673 0.17773
v -0.0244686 0.0246512 0.00645803
vn -0.634724 0.75397 0.169276
v -0.0238362 0.0237434 0.0109821
vn -0.61514 0.726723 0.305739
v -0.024155 0.0255881 0.00150713
vn -0.773182 0.633891 0.0192712
v -0.0244686 0.0246512 0.00645803
vn -0.634724 0.75397 0.169276
v -0.0238113 0.025152 0.00669361
vn -0.72477 0.665673 0.17773
v -0.024155 0.0255881 0.00150713
vn -0.773182 0.633891 0.0192712
v -0.024795 0.0250543 0.00137062
vn -0.624188 0.780566 0.0332684
v -0.0244686 0.0246512 0.00645803
vn -0.634724 0.75397 0.169276
v -0.019189 0.0223896 -0.0194775
vn -0.674911 0.458408 -0.578236
v -0.0206054 0.0245978 -0.0152097
vn -0.557248 0.721437 -0.411099
v -0.0187042 0.0234054 -0.0190048
vn -0.521492 0.665791 -0.533637
v -0.019189 0.0223896 -0.0194775
vn -0.674911 0.458408 -0.578236
v -0.0211785 0.0237959 -0.0155667
vn -0.74238 0.502242 -0.443425
v -0.0206054 0.0245978 -0.0152097
vn -0.557248 0.721437 -0.411099
v -0.0145959 0.0174542 -0.0272375
vn -0.436401 0.421519 -0.794906
v -0.0173157 0.0196686 -0.0238007
vn -0.419623 0.654878 -0.628531
v -0.0140272 0.0188325 -0.0265217
vn -0.335257 0.622651 -0.707043
v -0.0145959 0.0174542 -0.0272375
vn -0.436401 0.421519 -0.794906
v -0.018025 0.018444 -0.0244113
vn -0.538618 0.474114 -0.696496
v -0.0173157 0.0196686 -0.0238007
vn -0.419623 0.654878 -0.628531
v -0.0184678 0.0172929 -0.0246143
vn -0.584749 0.373047 -0.72035
v -0.0221906 0.0168286 -0.0213982
vn -0.653798 0.444216 -0.612552
v -0.021444 0.0187674 -0.0207525
vn -0.678739 0.430094 -0.595258
v -0.0184678 0.0172929 -0.0246143
vn -0.584749 0.373047 -0.72035
v -0.0191614 0.0152437 -0.0251367
vn -0.563839 0.387588 -0.729288
v -0.0221906 0.0168286 -0.0213982
vn -0.653798 0.444216 -0.612552
v -0.0109315 0.0165895 -0.029275
vn -0.334251 0.380213 -0.862389
v -0.0140272 0.0188325 -0.0265217
vn -0.335257 0.622651 -0.707043
v -0.0104756 0.0180952 -0.0285235
vn -0.250618 0.616322 -0.746551
v -0.0109315 0.0165895 -0.029275
vn -0.334251 0.380213 -0.862389
v -0.0145959 0.0174542 -0.0272375
vn -0.436401 0.421519 -0.794906
v -0.0140272 0.0188325 -0.0265217
vn -0.335257 0.622651 -0.707043
v -0.00759863 0.0161564 -0.0305413
vn -0.222783 0.364486 -0.904167
v -0.0104756 0.0180952 -0.0285235
vn -0.250618 0.616322 -0.746551
v -0.00728939 0.0177415 -0.0297361
vn -0.173156 0.605546 -0.776744
v -0.00759863 0.0161564 -0.0305413
vn -0.222783 0.364486 -0.904167
v -0.0109315 0.0165895 -0.029275
vn -0.334251 0.380213 -0.862389
v -0.0104756 0.0180952 -0.0285235
vn -0.250618 0.616322 -0.746551
v -0.00390016 0.015809 -0.0312952
vn -0.114669 0.351974 -0.928959
v -0.00728939 0.0177415 -0.0297361
vn -0.173156 0.605546 -0.776744
v -0.00373308 0.0174611 -0.0304914
vn -0.0899924 0.57086 -0.816101
v -0.00390016 0.015809 -0.0312952
vn -0.114669 0.351974 -0.928959
v -0.00759863 0.0161564 -0.0305413
vn -0.222783 0.364486 -0.904167
v -0.00728939 0.0177415 -0.0297361
vn -0.173156 0.605546 -0.776744
v -0.0135727 0.0196251 -0.0258728
vn -0.367799 0.563227 -0.739932
v -0.0173157 0.0196686 -0.0238007
vn -0.419623 0.654878 -0.628531
v -0.0168241 0.0204002 -0.0232044
vn -0.468498 0.601327 -0.647236
v -0.0135727 0.0196251 -0.0258728
vn -0.367799 0.563227 -0.739932
v -0.0140272 0.0188325 -0.0265217
vn -0.335257 0.622651 -0.707043
v -0.0173157 0.0196686 -0.0238007
vn -0.419623 0.654878 -0.628531
v -0.00331677 0.0216861 -0.0274582
vn -0.074167 0.691438 -0.718618
v 3.1665e-08 0.0251367 -0.0244524
vn -0.000221045 0.73325 -0.679959
v 3.1665e-08 0.0214444 -0.0277883
vn -0.00138578 0.687884 -0.725819
v -0.00331677 0.0216861 -0.0274582
vn -0.074167 0.691438 -0.718618
v -0.00340964 0.0251497 -0.0242103
vn -0.0881927 0.734466 -0.67289
v 3.1665e-08 0.0251367 -0.0244524
vn -0.000221045 0.73325 -0.679959
v -0.0100956 0.0189004 -0.0277295
vn -0.271958 0.556588 -0.785016
v -0.0140272 0.0188325 -0.0265217
vn -0.335257 0.622651 -0.707043
v -0.0135727 0.0196251 -0.0258728
vn -0.367799 0.563227 -0.739932
v -0.0100956 0.0189004 -0.0277295
vn -0.271958 0.556588 -0.785016
v -0.0104756 0.0180952 -0.0285235
vn -0.250618 0.616322 -0.746551
v -0.0140272 0.0188325 -0.0265217
vn -0.335257 0.622651 -0.707043
v -0.00705268 0.018578 -0.0288516
vn -0.202432 0.537132 -0.818847
v -0.0104756 0.0180952 -0.0285235
vn -0.250618 0.616322 -0.746551
v -0.0100956 0.0189004 -0.0277295
vn -0.271958 0.556588 -0.785016
v -0.00705268 0.018578 -0.0288516
vn -0.202432 0.537132 -0.818847
v -0.00728939 0.0177415 -0.0297361
vn -0.173156 0.605546 -0.776744
v -0.0104756 0.0180952 -0.0285235
vn -0.250618 0.616322 -0.746551
v -0.00360838 0.0183597 -0.0296454
vn -0.0920896 0.535653 -0.839402
v -0.00728939 0.0177415 -0.0297361
vn -0.173156 0.605546 -0.776744
v -0.00705268 0.018578 -0.0288516
vn -0.202432 0.537132 -0.818847
v -0.00360838 0.0183597 -0.0296454
vn -0.0920896 0.535653 -0.839402
v -0.00373308 0.0174611 -0.0304914
vn -0.0899924 0.57086 -0.816101
v -0.00728939 0.0177415 -0.0297361
vn -0.173156 0.605546 -0.776744
v 3.1665e-08 0.0157392 -0.0316125
vn -0.000586059 0.326697 -0.945129
v -0.00373308 0.0174611 -0.0304914
vn -0.0899924 0.57086 -0.816101
v 3.1665e-08 0.0174109 -0.0308647
vn -0.00752689 0.592277 -0.805699
v 3.1665e-08 0.0157392 -0.0316125
vn -0.000586059 0.326697 -0.945129
v -0.00390016 0.015809 -0.0312952
vn -0.114669 0.351974 -0.928959
v -0.00373308 0.0174611 -0.0304914
vn -0.0899924 0.57086 -0.816101
v -5.75153e-05 0.0182849 -0.0298356
vn -0.00650682 0.529893 -0.84804
v -0.00373308 0.0174611 -0.0304914
vn -0.0899924 0.57086 -0.816101
v -0.00360838 0.0183597 -0.0296454
vn -0.0920896 0.535653 -0.839402
v -5.75153e-05 0.0182849 -0.0298356
vn -0.00650682 0.529893 -0.84804
v 3.1665e-08 0.0174109 -0.0308647
vn -0.00752689 0.592277 -0.805699
v -0.00373308 0.0174611 -0.0304914
vn -0.0899924 0.57086 -0.816101
v -0.0203323 0.00679515 0.0282084
vn -0.617061 0.175915 0.767
v -0.018631 0.00352392 0.0296059
vn -0.513068 0.092246 0.853377
v -0.0189512 0.00692723 0.0289406
vn -0.462181 0.212802 0.860874
v -0.0203323 0.00679515 0.0282084
vn -0.617061 0.175915 0.767
v -0.0200101 0.00345801 0.0288399
vn -0.594498 0.0726348 0.80081
v -0.018631 0.00352392 0.0296059
vn -0.513068 0.092246 0.853377
v -0.0219516 0.0157195 0.0230242
vn -0.652938 0.403641 0.640894
v -0.0197074 0.0119208 0.0267919
vn -0.470552 0.366571 0.802625
v -0.0208079 0.0162058 0.0236475
vn -0.518459 0.490114 0.700706
v -0.0219516 0.0157195 0.0230242
vn -0.652938 0.403641 0.640894
v -0.0210232 0.0115077 0.0260953
vn -0.628479 0.299502 0.717853
v -0.0197074 0.0119208 0.0267919
vn -0.470552 0.366571 0.802625
v -0.0219788 0.0198058 0.019581
vn -0.515545 0.626208 0.584873
v -0.0219516 0.0157195 0.0230242
vn -0.652938 0.403641 0.640894
v -0.0208079 0.0162058 0.0236475
vn -0.518459 0.490114 0.700706
v -0.0219788 0.0198058 0.019581
vn -0.515545 0.626208 0.584873
v -0.0231078 0.0192212 0.0190655
vn -0.645915 0.534502 0.545071
v -0.0219516 0.0157195 0.0230242
vn -0.652938 0.403641 0.640894
v -0.0235823 0.0107735 0.0236246
vn -0.705232 0.277225 0.652529
v -0.0212119 0.00653234 0.0271972
vn -0.716901 0.143005 0.682351
v -0.021867 0.0111465 0.0252489
vn -0.720712 0.244323 0.648753
v -0.0235823 0.0107735 0.0236246
vn -0.705232 0.277225 0.652529
v -0.0232197 0.00635046 0.025461
vn -0.680965 0.182087 0.709317
v -0.0212119 0.00653234 0.0271972
vn -0.716901 0.143005 0.682351
v -0.0179211 0.00711001 0.0294294
vn -0.545553 0.203381 0.813024
v -0.018631 0.00352392 0.0296059
vn -0.513068 0.092246 0.853377
v -0.0176474 0.00364181 0.0302416
vn -0.591461 0.0772242 0.802627
v -0.0179211 0.00711001 0.0294294
vn -0.545553 0.203381 0.813024
v -0.0189512 0.00692723 0.0289406
vn -0.462181 0.212802 0.860874
v -0.018631 0.00352392 0.0296059
vn -0.513068 0.092246 0.853377
v -0.0198764 0.0166055 0.0239738
vn -0.595477 0.441191 0.671385
v -0.0197074 0.0119208 0.0267919
vn -0.470552 0.366571 0.802625
v -0.0187416 0.0121258 0.0271863
vn -0.543196 0.325305 0.774025
v -0.0198764 0.0166055 0.0239738
vn -0.595477 0.441191 0.671385
v -0.0208079 0.0162058 0.0236475
vn -0.518459 0.490114 0.700706
v -0.0197074 0.0119208 0.0267919
vn -0.470552 0.366571 0.802625
v -0.0210768 0.0202273 0.0198105
vn -0.572837 0.585146 0.573987
v -0.0208079 0.0162058 0.0236475
vn -0.518459 0.490114 0.700706
v -0.0198764 0.0166055 0.0239738
vn -0.595477 0.441191 0.671385
v -0.0210768 0.0202273 0.0198105
vn -0.572837 0.585146 0.573987
v -0.0219788 0.0198058 0.019581
vn -0.515545 0.626208 0.584873
v -0.0208079 0.0162058 0.0236475
vn -0.518459 0.490114 0.700706
v -0.0176474 0.00364181 0.0302416
vn -0.591461 0.0772242 0.802627
v -0.0185285 7.37612e-09 0.0298825
vn -0.469034 0.0128636 0.883087
v -0.0174776 7.37612e-09 0.0304217
vn -0.524872 0.00259102 0.851177
v -0.0176474 0.00364181 0.0302416
vn -0.591461 0.0772242 0.802627
v -0.018631 0.00352392 0.0296059
vn -0.513068 0.092246 0.853377
v -0.0185285 7.37612e-09 0.0298825
vn -0.469034 0.0128636 0.883087
v -0.0200101 0.00345801 0.0288399
vn -0.594498 0.0726348 0.80081
v -0.0185285 7.37612e-09 0.0298825
vn -0.469034 0.0128636 0.883087
v -0.018631 0.00352392 0.0296059
vn -0.513068 0.092246 0.853377
v -0.0200101 0.00345801 0.0288399
vn -0.594498 0.0726348 0.80081
v -0.0199469 7.37612e-09 0.0291283
vn -0.591397 0.0225828 0.806064
v -0.0185285 7.37612e-09 0.0298825
vn -0.469034 0.0128636 0.883087
v -0.0246011 0.022732 -0.0117727
vn -0.686186 0.644984 -0.33637
v -0.0243365 0.024531 -0.00740806
vn -0.59995 0.772166 -0.20933
v -0.0236115 0.0237147 -0.0113642
vn -0.575854 0.747416 -0.331303
v -0.0246011 0.022732 -0.0117727
vn -0.686186 0.644984 -0.33637
v -0.0252796 0.0236486 -0.00773736
vn -0.70958 0.669243 -0.220477
v -0.0243365 0.024531 -0.00740806
vn -0.59995 0.772166 -0.20933
v -0.0231155 0.0212903 -0.0165252
vn -0.677466 0.573478 -0.46061
v -0.0236115 0.0237147 -0.0113642
vn -0.575854 0.747416 -0.331303
v -0.0221425 0.0223909 -0.0160585
vn -0.495288 0.753252 -0.432784
v -0.0231155 0.0212903 -0.0165252
vn -0.677466 0.573478 -0.46061
v -0.0246011 0.022732 -0.0117727
vn -0.686186 0.644984 -0.33637
v -0.0236115 0.0237147 -0.0113642
vn -0.575854 0.747416 -0.331303
v -0.0201007 0.0210087 -0.0201524
vn -0.449955 0.71783 -0.531281
v -0.0231155 0.0212903 -0.0165252
vn -0.677466 0.573478 -0.46061
v -0.0221425 0.0223909 -0.0160585
vn -0.495288 0.753252 -0.432784
v -0.0201007 0.0210087 -0.0201524
vn -0.449955 0.71783 -0.531281
v -0.0209793 0.0197714 -0.0206158
vn -0.631681 0.504791 -0.588358
v -0.0231155 0.0212903 -0.0165252
vn -0.677466 0.573478 -0.46061
v -0.0262539 0.0233123 -0.00427303
vn -0.808108 0.579491 -0.105597
v -0.0273942 0.0219258 0.00056145
vn -0.829221 0.558703 0.0155995
v -0.0263815 0.0235378 0.000839707
vn -0.81482 0.579238 0.0234892
v -0.0262539 0.0233123 -0.00427303
vn -0.808108 0.579491 -0.105597
v -0.0273635 0.0216364 -0.00436066
vn -0.825434 0.554015 -0.108291
v -0.0273942 0.0219258 0.00056145
vn -0.829221 0.558703 0.0155995
v -0.0229873 0.0242931 -0.0110944
vn -0.654086 0.678152 -0.335084
v -0.0243365 0.024531 -0.00740806
vn -0.59995 0.772166 -0.20933
v -0.0236988 0.0250541 -0.00716451
vn -0.692496 0.694747 -0.194362
v -0.0229873 0.0242931 -0.0110944
vn -0.654086 0.678152 -0.335084
v -0.0236115 0.0237147 -0.0113642
vn -0.575854 0.747416 -0.331303
v -0.0243365 0.024531 -0.00740806
vn -0.59995 0.772166 -0.20933
v -0.0214711 0.0229201 -0.0156976
vn -0.644607 0.61523 -0.453843
v -0.0236115 0.0237147 -0.0113642
vn -0.575854 0.747416 -0.331303
v -0.0229873 0.0242931 -0.0110944
vn -0.654086 0.678152 -0.335084
v -0.0214711 0.0229201 -0.0156976
vn -0.644607 0.61523 -0.453843
v -0.0221425 0.0223909 -0.0160585
vn -0.495288 0.753252 -0.432784
v -0.0236115 0.0237147 -0.0113642
vn -0.575854 0.747416 -0.331303
v -0.0194464 0.0215414 -0.0196774
vn -0.541397 0.631386 -0.555194
v -0.0221425 0.0223909 -0.0160585
vn -0.495288 0.753252 -0.432784
v -0.0214711 0.0229201 -0.0156976
vn -0.644607 0.61523 -0.453843
v -0.0194464 0.0215414 -0.0196774
vn -0.541397 0.631386 -0.555194
v -0.0201007 0.0210087 -0.0201524
vn -0.449955 0.71783 -0.531281
v -0.0221425 0.0223909 -0.0160585
vn -0.495288 0.753252 -0.432784
v -0.0188651 0.0241612 0.016763
vn -0.426671 0.765858 0.481054
v -0.0173123 0.0276522 0.0129659
vn -0.478302 0.795025 0.373046
v -0.0201993 0.026146 0.0121499
vn -0.459356 0.808596 0.367647
v -0.0188651 0.0241612 0.016763
vn -0.426671 0.765858 0.481054
v -0.0161764 0.025565 0.0178749
vn -0.472286 0.730471 0.493313
v -0.0173123 0.0276522 0.0129659
vn -0.478302 0.795025 0.373046
v -0.0246011 0.022732 -0.0117727
vn -0.686186 0.644984 -0.33637
v -0.023545 0.0203398 -0.0167534
vn -0.747352 0.462962 -0.476583
v -0.0251471 0.0218422 -0.0119928
vn -0.787506 0.514854 -0.338763
v -0.0246011 0.022732 -0.0117727
vn -0.686186 0.644984 -0.33637
v -0.0231155 0.0212903 -0.0165252
vn -0.677466 0.573478 -0.46061
v -0.023545 0.0203398 -0.0167534
vn -0.747352 0.462962 -0.476583
v -0.0274079 0.0175466 -0.0130921
vn -0.788327 0.485571 -0.377838
v -0.0269075 0.0210622 -0.00825681
vn -0.807537 0.53823 -0.241231
v -0.0260215 0.0200721 -0.0123926
vn -0.788634 0.501409 -0.355873
v -0.0274079 0.0175466 -0.0130921
vn -0.788327 0.485571 -0.377838
v -0.0283971 0.0185737 -0.00882269
vn -0.827686 0.501756 -0.251349
v -0.0269075 0.0210622 -0.00825681
vn -0.807537 0.53823 -0.241231
v -0.0254897 0.0159851 -0.0180621
vn -0.739387 0.443876 -0.506242
v -0.0260215 0.0200721 -0.0123926
vn -0.788634 0.501409 -0.355873
v -0.0243677 0.0184776 -0.0172886
vn -0.736271 0.472707 -0.484204
v -0.0254897 0.0159851 -0.0180621
vn -0.739387 0.443876 -0.506242
v -0.0274079 0.0175466 -0.0130921
vn -0.788327 0.485571 -0.377838
v -0.0260215 0.0200721 -0.0123926
vn -0.788634 0.501409 -0.355873
v -0.0221906 0.0168286 -0.0213982
vn -0.653798 0.444216 -0.612552
v -0.0254897 0.0159851 -0.0180621
vn -0.739387 0.443876 -0.506242
v -0.0243677 0.0184776 -0.0172886
vn -0.736271 0.472707 -0.484204
v -0.0221906 0.0168286 -0.0213982
vn -0.653798 0.444216 -0.612552
v -0.023062 0.0144153 -0.0221825
vn -0.661894 0.398175 -0.635101
v -0.0254897 0.0159851 -0.0180621
vn -0.739387 0.443876 -0.506242
v -0.0231155 0.0212903 -0.0165252
vn -0.677466 0.573478 -0.46061
v -0.021444 0.0187674 -0.0207525
vn -0.678739 0.430094 -0.595258
v -0.023545 0.0203398 -0.0167534
vn -0.747352 0.462962 -0.476583
v -0.0231155 0.0212903 -0.0165252
vn -0.677466 0.573478 -0.46061
v -0.0209793 0.0197714 -0.0206158
vn -0.631681 0.504791 -0.588358
v -0.021444 0.0187674 -0.0207525
vn -0.678739 0.430094 -0.595258
v -0.0260215 0.0200721 -0.0123926
vn -0.788634 0.501409 -0.355873
v -0.0258789 0.0227645 -0.00791487
vn -0.801225 0.55486 -0.223985
v -0.0251471 0.0218422 -0.0119928
vn -0.787506 0.514854 -0.338763
v -0.0260215 0.0200721 -0.0123926
vn -0.788634 0.501409 -0.355873
v -0.0269075 0.0210622 -0.00825681
vn -0.807537 0.53823 -0.241231
v -0.0258789 0.0227645 -0.00791487
vn -0.801225 0.55486 -0.223985
v -0.0243677 0.0184776 -0.0172886
vn -0.736271 0.472707 -0.484204
v -0.0251471 0.0218422 -0.0119928
vn -0.787506 0.514854 -0.338763
v -0.023545 0.0203398 -0.0167534
vn -0.747352 0.462962 -0.476583
v -0.0243677 0.0184776 -0.0172886
vn -0.736271 0.472707 -0.484204
v -0.0260215 0.0200721 -0.0123926
vn -0.788634 0.501409 -0.355873
v -0.0251471 0.0218422 -0.0119928
vn -0.787506 0.514854 -0.338763
v -0.021444 0.0187674 -0.0207525
vn -0.678739 0.430094 -0.595258
v -0.0243677 0.0184776 -0.0172886
vn -0.736271 0.472707 -0.484204
v -0.023545 0.0203398 -0.0167534
vn -0.747352 0.462962 -0.476583
v -0.021444 0.0187674 -0.0207525
vn -0.678739 0.430094 -0.595258
v -0.0221906 0.0168286 -0.0213982
vn -0.653798 0.444216 -0.612552
v -0.0243677 0.0184776 -0.0172886
vn -0.736271 0.472707 -0.484204
v -0.0273635 0.0216364 -0.00436066
vn -0.825434 0.554015 -0.108291
v -0.0290179 0.0196567 0.000425135
vn -0.848538 0.528967 0.0133363
v -0.0273942 0.0219258 0.00056145
vn -0.829221 0.558703 0.0155995
v -0.0273635 0.0216364 -0.00436066
vn -0.825434 0.554015 -0.108291
v -0.0289166 0.0192296 -0.00475144
vn -0.849931 0.512073 -0.12409
v -0.0290179 0.0196567 0.000425135
vn -0.848538 0.528967 0.0133363
v -0.0252796 0.0236486 -0.00773736
vn -0.70958 0.669243 -0.220477
v -0.0251471 0.0218422 -0.0119928
vn -0.787506 0.514854 -0.338763
v -0.0258789 0.0227645 -0.00791487
vn -0.801225 0.55486 -0.223985
v -0.0252796 0.0236486 -0.00773736
vn -0.70958 0.669243 -0.220477
v -0.0246011 0.022732 -0.0117727
vn -0.686186 0.644984 -0.33637
v -0.0251471 0.0218422 -0.0119928
vn -0.787506 0.514854 -0.338763
v -0.0256236 0.0241578 -0.00408179
vn -0.710813 0.695771 -0.103188
v -0.0263815 0.0235378 0.000839707
vn -0.81482 0.579238 0.0234892
v -0.0257164 0.0243574 0.00105987
vn -0.70131 0.712098 0.0328658
v -0.0256236 0.0241578 -0.00408179
vn -0.710813 0.695771 -0.103188
v -0.0262539 0.0233123 -0.00427303
vn -0.808108 0.579491 -0.105597
v -0.0263815 0.0235378 0.000839707
vn -0.81482 0.579238 0.0234892
v -0.0246808 0.0207564 0.0147547
vn -0.798138 0.47174 0.374748
v -0.0248403 0.017682 0.0175244
vn -0.773033 0.429628 0.466732
v -0.023814 0.018695 0.0185453
vn -0.764344 0.424532 0.485335
v -0.0246808 0.0207564 0.0147547
vn -0.798138 0.47174 0.374748
v -0.0255402 0.0195345 0.0140975
vn -0.79831 0.477301 0.367266
v -0.0248403 0.017682 0.0175244
vn -0.773033 0.429628 0.466732
v -0.0210232 0.0115077 0.0260953
vn -0.628479 0.299502 0.717853
v -0.0227345 0.0152859 0.0222733
vn -0.739339 0.331058 0.586326
v -0.021867 0.0111465 0.0252489
vn -0.720712 0.244323 0.648753
v -0.0210232 0.0115077 0.0260953
vn -0.628479 0.299502 0.717853
v -0.0219516 0.0157195 0.0230242
vn -0.652938 0.403641 0.640894
v -0.0227345 0.0152859 0.0222733
vn -0.739339 0.331058 0.586326
v -0.0261891 0.00334371 0.0229438
vn -0.761239 0.0878074 0.6425
v -0.0232197 0.00635046 0.025461
vn -0.680965 0.182087 0.709317
v -0.0261318 0.0064838 0.0223619
vn -0.757285 0.186893 0.625772
v -0.0261891 0.00334371 0.0229438
vn -0.761239 0.0878074 0.6425
v -0.0231002 0.00327652 0.0261117
vn -0.676882 0.0855958 0.731098
v -0.0232197 0.00635046 0.025461
vn -0.680965 0.182087 0.709317
v -0.0259222 0.0145609 0.0186889
vn -0.760225 0.378567 0.527963
v -0.0235823 0.0107735 0.0236246
vn -0.705232 0.277225 0.652529
v -0.024095 0.0145726 0.0209758
vn -0.735811 0.348352 0.580718
v -0.0259222 0.0145609 0.0186889
vn -0.760225 0.378567 0.527963
v -0.0260452 0.0109128 0.0207827
vn -0.755752 0.290953 0.586673
v -0.0235823 0.0107735 0.0236246
vn -0.705232 0.277225 0.652529
v -0.0248403 0.017682 0.0175244
vn -0.773033 0.429628 0.466732
v -0.0259222 0.0145609 0.0186889
vn -0.760225 0.378567 0.527963
v -0.024095 0.0145726 0.0209758
vn -0.735811 0.348352 0.580718
v -0.0248403 0.017682 0.0175244
vn -0.773033 0.429628 0.466732
v -0.0258555 0.0169547 0.0167456
vn -0.773517 0.443574 0.452673
v -0.0259222 0.0145609 0.0186889
vn -0.760225 0.378567 0.527963
v -0.0219516 0.0157195 0.0230242
vn -0.652938 0.403641 0.640894
v -0.023814 0.018695 0.0185453
vn -0.764344 0.424532 0.485335
v -0.0227345 0.0152859 0.0222733
vn -0.739339 0.331058 0.586326
v -0.0219516 0.0157195 0.0230242
vn -0.652938 0.403641 0.640894
v -0.0231078 0.0192212 0.0190655
vn -0.645915 0.534502 0.545071
v -0.023814 0.018695 0.0185453
vn -0.764344 0.424532 0.485335
v -0.0232197 0.00635046 0.025461
vn -0.680965 0.182087 0.709317
v -0.0209717 0.00337323 0.0278989
vn -0.679391 0.0700461 0.730425
v -0.0212119 0.00653234 0.0271972
vn -0.716901 0.143005 0.682351
v -0.0232197 0.00635046 0.025461
vn -0.680965 0.182087 0.709317
v -0.0231002 0.00327652 0.0261117
vn -0.676882 0.0855958 0.731098
v -0.0209717 0.00337323 0.0278989
vn -0.679391 0.0700461 0.730425
v -0.024095 0.0145726 0.0209758
vn -0.735811 0.348352 0.580718
v -0.021867 0.0111465 0.0252489
vn -0.720712 0.244323 0.648753
v -0.0227345 0.0152859 0.0222733
vn -0.739339 0.331058 0.586326
v -0.024095 0.0145726 0.0209758
vn -0.735811 0.348352 0.580718
v -0.0235823 0.0107735 0.0236246
vn -0.705232 0.277225 0.652529
v -0.021867 0.0111465 0.0252489
vn -0.720712 0.244323 0.648753
v -0.023814 0.018695 0.0185453
vn -0.764344 0.424532 0.485335
v -0.024095 0.0145726 0.0209758
vn -0.735811 0.348352 0.580718
v -0.0227345 0.0152859 0.0222733
vn -0.739339 0.331058 0.586326
v -0.023814 0.018695 0.0185453
vn -0.764344 0.424532 0.485335
v -0.0248403 0.017682 0.0175244
vn -0.773033 0.429628 0.466732
v -0.024095 0.0145726 0.0209758
vn -0.735811 0.348352 0.580718
v -0.0260452 0.0109128 0.0207827
vn -0.755752 0.290953 0.586673
v -0.0232197 0.00635046 0.025461
vn -0.680965 0.182087 0.709317
v -0.0235823 0.0107735 0.0236246
vn -0.705232 0.277225 0.652529
v -0.0260452 0.0109128 0.0207827
vn -0.755752 0.290953 0.586673
v -0.0261318 0.0064838 0.0223619
vn -0.757285 0.186893 0.625772
v -0.0232197 0.00635046 0.025461
vn -0.680965 0.182087 0.709317
v -0.0203323 0.00679515 0.0282084
vn -0.617061 0.175915 0.767
v -0.021867 0.0111465 0.0252489
vn -0.720712 0.244323 0.648753
v -0.0212119 0.00653234 0.0271972
vn -0.716901 0.143005 0.682351
v -0.0203323 0.00679515 0.0282084
vn -0.617061 0.175915 0.767
v -0.0210232 0.0115077 0.0260953
vn -0.628479 0.299502 0.717853
v -0.021867 0.0111465 0.0252489
vn -0.720712 0.244323 0.648753
v -0.00977547 0.014159 0.0305064
vn -0.276345 0.396937 0.875257
v -0.00675303 0.00839949 0.0332513
vn -0.192824 0.248344 0.949286
v -0.00746423 0.0143559 0.0310543
vn -0.2148 0.400651 0.890696
v -0.00977547 0.014159 0.0305064
vn -0.276345 0.396937 0.875257
v -0.00886655 0.00831124 0.0327829
vn -0.248918 0.248845 0.936011
v -0.00675303 0.00839949 0.0332513
vn -0.192824 0.248344 0.949286
v -0.0203323 0.00679515 0.0282084
vn -0.617061 0.175915 0.767
v -0.0209717 0.00337323 0.0278989
vn -0.679391 0.0700461 0.730425
v -0.0200101 0.00345801 0.0288399
vn -0.594498 0.0726348 0.80081
v -0.0203323 0.00679515 0.0282084
vn -0.617061 0.175915 0.767
v -0.0212119 0.00653234 0.0271972
vn -0.716901 0.143005 0.682351
v -0.0209717 0.00337323 0.0278989
vn -0.679391 0.0700461 0.730425
v -0.0200101 0.00345801 0.0288399
vn -0.594498 0.0726348 0.80081
v -0.0209142 7.37612e-09 0.0281535
vn -0.683049 0.0116209 0.73028
v -0.0199469 7.37612e-09 0.0291283
vn -0.591397 0.0225828 0.806064
v -0.0200101 0.00345801 0.0288399
vn -0.594498 0.0726348 0.80081
v -0.0209717 0.00337323 0.0278989
vn -0.679391 0.0700461 0.730425
v -0.0209142 7.37612e-09 0.0281535
vn -0.683049 0.0116209 0.73028
v 3.1665e-08 0.014208 -0.0319961
vn -0.00482684 0.307353 -0.951584
v -0.00390016 0.015809 -0.0312952
vn -0.114669 0.351974 -0.928959
v 3.1665e-08 0.0157392 -0.0316125
vn -0.000586059 0.326697 -0.945129
v 3.1665e-08 0.014208 -0.0319961
vn -0.00482684 0.307353 -0.951584
v -0.00399641 0.0143406 -0.0316882
vn -0.114929 0.314449 -0.942291
v -0.00390016 0.015809 -0.0312952
vn -0.114669 0.351974 -0.928959
v -0.0231002 0.00327652 0.0261117
vn -0.676882 0.0855958 0.731098
v -0.0209142 7.37612e-09 0.0281535
vn -0.683049 0.0116209 0.73028
v -0.0209717 0.00337323 0.0278989
vn -0.679391 0.0700461 0.730425
v -0.0231002 0.00327652 0.0261117
vn -0.676882 0.0855958 0.731098
v -0.0230518 3.65083e-09 0.0263462
vn -0.677973 -7.52541e-06 0.735087
v -0.0209142 7.37612e-09 0.0281535
vn -0.683049 0.0116209 0.73028
v -0.0231002 0.00327652 0.0261117
vn -0.676882 0.0855958 0.731098
v -0.0262079 7.37612e-09 0.0231513
vn -0.760286 -6.13351e-06 0.649588
v -0.0230518 3.65083e-09 0.0263462
vn -0.677973 -7.52541e-06 0.735087
v -0.0231002 0.00327652 0.0261117
vn -0.676882 0.0855958 0.731098
v -0.0261891 0.00334371 0.0229438
vn -0.761239 0.0878074 0.6425
v -0.0262079 7.37612e-09 0.0231513
vn -0.760286 -6.13351e-06 0.649588
v -0.015944 0.0117263 -0.0289077
vn -0.454123 0.325213 -0.829463
v -0.0191614 0.0152437 -0.0251367
vn -0.563839 0.387588 -0.729288
v -0.0154924 0.0140607 -0.0281343
vn -0.455975 0.362453 -0.812844
v -0.015944 0.0117263 -0.0289077
vn -0.454123 0.325213 -0.829463
v -0.0197887 0.0128793 -0.0259303
vn -0.561938 0.359056 -0.745188
v -0.0191614 0.0152437 -0.0251367
vn -0.563839 0.387588 -0.729288
v -0.018025 0.018444 -0.0244113
vn -0.538618 0.474114 -0.696496
v -0.0149109 0.0161081 -0.0275307
vn -0.46537 0.333704 -0.8198
v -0.0184678 0.0172929 -0.0246143
vn -0.584749 0.373047 -0.72035
v -0.018025 0.018444 -0.0244113
vn -0.538618 0.474114 -0.696496
v -0.0145959 0.0174542 -0.0272375
vn -0.436401 0.421519 -0.794906
v -0.0149109 0.0161081 -0.0275307
vn -0.46537 0.333704 -0.8198
v -0.015944 0.0117263 -0.0289077
vn -0.454123 0.325213 -0.829463
v -0.011577 0.0130954 -0.0303448
vn -0.331582 0.355324 -0.873956
v -0.0118863 0.0107767 -0.0311024
vn -0.343302 0.295503 -0.891528
v -0.015944 0.0117263 -0.0289077
vn -0.454123 0.325213 -0.829463
v -0.0154924 0.0140607 -0.0281343
vn -0.455975 0.362453 -0.812844
v -0.011577 0.0130954 -0.0303448
vn -0.331582 0.355324 -0.873956
v -0.0118863 0.0107767 -0.0311024
vn -0.343302 0.295503 -0.891528
v -0.00810093 0.0125367 -0.031645
vn -0.229021 0.337467 -0.913053
v -0.00830591 0.0102123 -0.0323971
vn -0.232305 0.281854 -0.930909
v -0.0118863 0.0107767 -0.0311024
vn -0.343302 0.295503 -0.891528
v -0.011577 0.0130954 -0.0303448
vn -0.331582 0.355324 -0.873956
v -0.00810093 0.0125367 -0.031645
vn -0.229021 0.337467 -0.913053
v -0.00830591 0.0102123 -0.0323971
vn -0.232305 0.281854 -0.930909
v -0.00416263 0.0121489 -0.0325255
vn -0.11391 0.332729 -0.936118
v -0.00426263 0.00985135 -0.0332574
vn -0.11852 0.273328 -0.954592
v -0.00830591 0.0102123 -0.0323971
vn -0.232305 0.281854 -0.930909
v -0.00810093 0.0125367 -0.031645
vn -0.229021 0.337467 -0.913053
v -0.00416263 0.0121489 -0.0325255
vn -0.11391 0.332729 -0.936118
v -0.0154924 0.0140607 -0.0281343
vn -0.455975 0.362453 -0.812844
v -0.0184678 0.0172929 -0.0246143
vn -0.584749 0.373047 -0.72035
v -0.0149109 0.0161081 -0.0275307
vn -0.46537 0.333704 -0.8198
v -0.0154924 0.0140607 -0.0281343
vn -0.455975 0.362453 -0.812844
v -0.0191614 0.0152437 -0.0251367
vn -0.563839 0.387588 -0.729288
v -0.0184678 0.0172929 -0.0246143
vn -0.584749 0.373047 -0.72035
v -0.0191614 0.0152437 -0.0251367
vn -0.563839 0.387588 -0.729288
v -0.023062 0.0144153 -0.0221825
vn -0.661894 0.398175 -0.635101
v -0.0221906 0.0168286 -0.0213982
vn -0.653798 0.444216 -0.612552
v -0.0191614 0.0152437 -0.0251367
vn -0.563839 0.387588 -0.729288
v -0.0197887 0.0128793 -0.0259303
vn -0.561938 0.359056 -0.745188
v -0.023062 0.0144153 -0.0221825
vn -0.661894 0.398175 -0.635101
v -0.011577 0.0130954 -0.0303448
vn -0.331582 0.355324 -0.873956
v -0.0149109 0.0161081 -0.0275307
vn -0.46537 0.333704 -0.8198
v -0.0111609 0.0151742 -0.0295936
vn -0.344821 0.320375 -0.882303
v -0.011577 0.0130954 -0.0303448
vn -0.331582 0.355324 -0.873956
v -0.0154924 0.0140607 -0.0281343
vn -0.455975 0.362453 -0.812844
v -0.0149109 0.0161081 -0.0275307
vn -0.46537 0.333704 -0.8198
v -0.00810093 0.0125367 -0.031645
vn -0.229021 0.337467 -0.913053
v -0.0111609 0.0151742 -0.0295936
vn -0.344821 0.320375 -0.882303
v -0.00780031 0.014697 -0.0308835
vn -0.237419 0.306592 -0.921755
v -0.00810093 0.0125367 -0.031645
vn -0.229021 0.337467 -0.913053
v -0.011577 0.0130954 -0.0303448
vn -0.331582 0.355324 -0.873956
v -0.0111609 0.0151742 -0.0295936
vn -0.344821 0.320375 -0.882303
v -0.00416263 0.0121489 -0.0325255
vn -0.11391 0.332729 -0.936118
v -0.00780031 0.014697 -0.0308835
vn -0.237419 0.306592 -0.921755
v -0.00399641 0.0143406 -0.0316882
vn -0.114929 0.314449 -0.942291
v -0.00416263 0.0121489 -0.0325255
vn -0.11391 0.332729 -0.936118
v -0.00810093 0.0125367 -0.031645
vn -0.229021 0.337467 -0.913053
v -0.00780031 0.014697 -0.0308835
vn -0.237419 0.306592 -0.921755
v 3.1665e-08 0.00971207 -0.0335592
vn -0.000517728 0.2698 -0.962916
v -0.00416263 0.0121489 -0.0325255
vn -0.11391 0.332729 -0.936118
v 3.1665e-08 0.0120004 -0.0328352
vn -0.0048276 0.326876 -0.945055
v 3.1665e-08 0.00971207 -0.0335592
vn -0.000517728 0.2698 -0.962916
v -0.00426263 0.00985135 -0.0332574
vn -0.11852 0.273328 -0.954592
v -0.00416263 0.0121489 -0.0325255
vn -0.11391 0.332729 -0.936118
v 3.1665e-08 0.0120004 -0.0328352
vn -0.0048276 0.326876 -0.945055
v -0.00399641 0.0143406 -0.0316882
vn -0.114929 0.314449 -0.942291
v 3.1665e-08 0.014208 -0.0319961
vn -0.00482684 0.307353 -0.951584
v 3.1665e-08 0.0120004 -0.0328352
vn -0.0048276 0.326876 -0.945055
v -0.00416263 0.0121489 -0.0325255
vn -0.11391 0.332729 -0.936118
v -0.00399641 0.0143406 -0.0316882
vn -0.114929 0.314449 -0.942291
v -0.00390016 0.015809 -0.0312952
vn -0.114669 0.351974 -0.928959
v -0.00780031 0.014697 -0.0308835
vn -0.237419 0.306592 -0.921755
v -0.00759863 0.0161564 -0.0305413
vn -0.222783 0.364486 -0.904167
v -0.00390016 0.015809 -0.0312952
vn -0.114669 0.351974 -0.928959
v -0.00399641 0.0143406 -0.0316882
vn -0.114929 0.314449 -0.942291
v -0.00780031 0.014697 -0.0308835
vn -0.237419 0.306592 -0.921755
v -0.00759863 0.0161564 -0.0305413
vn -0.222783 0.364486 -0.904167
v -0.0111609 0.0151742 -0.0295936
vn -0.344821 0.320375 -0.882303
v -0.0109315 0.0165895 -0.029275
vn -0.334251 0.380213 -0.862389
v -0.00759863 0.0161564 -0.0305413
vn -0.222783 0.364486 -0.904167
v -0.00780031 0.014697 -0.0308835
vn -0.237419 0.306592 -0.921755
v -0.0111609 0.0151742 -0.0295936
vn -0.344821 0.320375 -0.882303
v -0.0109315 0.0165895 -0.029275
vn -0.334251 0.380213 -0.862389
v -0.0149109 0.0161081 -0.0275307
vn -0.46537 0.333704 -0.8198
v -0.0145959 0.0174542 -0.0272375
vn -0.436401 0.421519 -0.794906
v -0.0109315 0.0165895 -0.029275
vn -0.334251 0.380213 -0.862389
v -0.0111609 0.0151742 -0.0295936
vn -0.344821 0.320375 -0.882303
v -0.0149109 0.0161081 -0.0275307
vn -0.46537 0.333704 -0.8198
v -0.018025 0.018444 -0.0244113
vn -0.538618 0.474114 -0.696496
v -0.021444 0.0187674 -0.0207525
vn -0.678739 0.430094 -0.595258
v -0.0209793 0.0197714 -0.0206158
vn -0.631681 0.504791 -0.588358
v -0.018025 0.018444 -0.0244113
vn -0.538618 0.474114 -0.696496
v -0.0184678 0.0172929 -0.0246143
vn -0.584749 0.373047 -0.72035
v -0.021444 0.0187674 -0.0207525
vn -0.678739 0.430094 -0.595258
v -0.0176161 0.0265489 -0.0149117
vn -0.475043 0.78523 -0.397175
v -0.0161246 0.0290648 -0.0112267
vn -0.433612 0.844424 -0.314531
v -0.0155797 0.0272502 -0.0157985
vn -0.404147 0.805327 -0.43372
v -0.0176161 0.0265489 -0.0149117
vn -0.475043 0.78523 -0.397175
v -0.0184768 0.0279626 -0.0105086
vn -0.502837 0.812908 -0.29383
v -0.0161246 0.0290648 -0.0112267
vn -0.433612 0.844424 -0.314531
v -0.0248709 0.0230579 0.0106852
vn -0.671831 0.680161 0.2933
v -0.0260811 0.0231787 0.00593981
vn -0.794461 0.5905 0.14192
v -0.0255142 0.0223937 0.0103661
vn -0.801682 0.532425 0.271717
v -0.0248709 0.0230579 0.0106852
vn -0.671831 0.680161 0.2933
v -0.0254358 0.0238934 0.00621064
vn -0.699597 0.696074 0.161381
v -0.0260811 0.0231787 0.00593981
vn -0.794461 0.5905 0.14192
v -0.0277552 0.0189041 0.0102553
vn -0.813425 0.50758 0.284083
v -0.0255402 0.0195345 0.0140975
vn -0.79831 0.477301 0.367266
v -0.0262746 0.0211786 0.00998863
vn -0.824475 0.495698 0.272991
v -0.0277552 0.0189041 0.0102553
vn -0.813425 0.50758 0.284083
v -0.0266703 0.0179184 0.0142431
vn -0.781128 0.491019 0.385667
v -0.0255402 0.0195345 0.0140975
vn -0.79831 0.477301 0.367266
v -0.028581 0.01951 0.00576286
vn -0.841397 0.518277 0.153102
v -0.0262746 0.0211786 0.00998863
vn -0.824475 0.495698 0.272991
v -0.0270902 0.0217386 0.00563878
vn -0.822122 0.551964 0.139469
v -0.028581 0.01951 0.00576286
vn -0.841397 0.518277 0.153102
v -0.0277552 0.0189041 0.0102553
vn -0.813425 0.50758 0.284083
v -0.0262746 0.0211786 0.00998863
vn -0.824475 0.495698 0.272991
v -0.0290179 0.0196567 0.000425135
vn -0.848538 0.528967 0.0133363
v -0.0270902 0.0217386 0.00563878
vn -0.822122 0.551964 0.139469
v -0.0273942 0.0219258 0.00056145
vn -0.829221 0.558703 0.0155995
v -0.0290179 0.0196567 0.000425135
vn -0.848538 0.528967 0.0133363
v -0.028581 0.01951 0.00576286
vn -0.841397 0.518277 0.153102
v -0.0270902 0.0217386 0.00563878
vn -0.822122 0.551964 0.139469
v -0.0254358 0.0238934 0.00621064
vn -0.699597 0.696074 0.161381
v -0.0263815 0.0235378 0.000839707
vn -0.81482 0.579238 0.0234892
v -0.0260811 0.0231787 0.00593981
vn -0.794461 0.5905 0.14192
v -0.0254358 0.0238934 0.00621064
vn -0.699597 0.696074 0.161381
v -0.0257164 0.0243574 0.00105987
vn -0.70131 0.712098 0.0328658
v -0.0263815 0.0235378 0.000839707
vn -0.81482 0.579238 0.0234892
v -0.0262746 0.0211786 0.00998863
vn -0.824475 0.495698 0.272991
v -0.0246808 0.0207564 0.0147547
vn -0.798138 0.47174 0.374748
v -0.0255142 0.0223937 0.0103661
vn -0.801682 0.532425 0.271717
v -0.0262746 0.0211786 0.00998863
vn -0.824475 0.495698 0.272991
v -0.0255402 0.0195345 0.0140975
vn -0.79831 0.477301 0.367266
v -0.0246808 0.0207564 0.0147547
vn -0.798138 0.47174 0.374748
v -0.0270902 0.0217386 0.00563878
vn -0.822122 0.551964 0.139469
v -0.0255142 0.0223937 0.0103661
vn -0.801682 0.532425 0.271717
v -0.0260811 0.0231787 0.00593981
vn -0.794461 0.5905 0.14192
v -0.0270902 0.0217386 0.00563878
vn -0.822122 0.551964 0.139469
v -0.0262746 0.0211786 0.00998863
vn -0.824475 0.495698 0.272991
v -0.0255142 0.0223937 0.0103661
vn -0.801682 0.532425 0.271717
v -0.0273942 0.0219258 0.00056145
vn -0.829221 0.558703 0.0155995
v -0.0260811 0.0231787 0.00593981
vn -0.794461 0.5905 0.14192
v -0.0263815 0.0235378 0.000839707
vn -0.81482 0.579238 0.0234892
v -0.0273942 0.0219258 0.00056145
vn -0.829221 0.558703 0.0155995
v -0.0270902 0.0217386 0.00563878
vn -0.822122 0.551964 0.139469
v -0.0260811 0.0231787 0.00593981
vn -0.794461 0.5905 0.14192
v -0.0255402 0.0195345 0.0140975
vn -0.79831 0.477301 0.367266
v -0.0258555 0.0169547 0.0167456
vn -0.773517 0.443574 0.452673
v -0.0248403 0.017682 0.0175244
vn -0.773033 0.429628 0.466732
v -0.0255402 0.0195345 0.0140975
vn -0.79831 0.477301 0.367266
v -0.0266703 0.0179184 0.0142431
vn -0.781128 0.491019 0.385667
v -0.0258555 0.0169547 0.0167456
vn -0.773517 0.443574 0.452673
v -0.0341247 0.00348765 0.000477546
vn -0.996804 0.0780293 0.0171148
v -0.0330725 0.00696898 0.00713093
vn -0.968046 0.177209 0.177436
v -0.0337293 0.00684223 0.000465417
vn -0.985334 0.169841 0.0164336
v -0.0341247 0.00348765 0.000477546
vn -0.996804 0.0780293 0.0171148
v -0.0334804 0.00356749 0.00725968
vn -0.980547 0.0823123 0.178191
v -0.0330725 0.00696898 0.00713093
vn -0.968046 0.177209 0.177436
v -0.0240196 0.0213803 0.0151877
vn -0.663881 0.617274 0.422177
v -0.0255142 0.0223937 0.0103661
vn -0.801682 0.532425 0.271717
v -0.0246808 0.0207564 0.0147547
vn -0.798138 0.47174 0.374748
v -0.0240196 0.0213803 0.0151877
vn -0.663881 0.617274 0.422177
v -0.0248709 0.0230579 0.0106852
vn -0.671831 0.680161 0.2933
v -0.0255142 0.0223937 0.0103661
vn -0.801682 0.532425 0.271717
v -0.0240196 0.0213803 0.0151877
vn -0.663881 0.617274 0.422177
v -0.023814 0.018695 0.0185453
vn -0.764344 0.424532 0.485335
v -0.0231078 0.0192212 0.0190655
vn -0.645915 0.534502 0.545071
v -0.0240196 0.0213803 0.0151877
vn -0.663881 0.617274 0.422177
v -0.0246808 0.0207564 0.0147547
vn -0.798138 0.47174 0.374748
v -0.023814 0.018695 0.0185453
vn -0.764344 0.424532 0.485335
v -0.0124813 0.0251169 -0.0211808
vn -0.334488 0.734136 -0.5909
v -0.0155797 0.0272502 -0.0157985
vn -0.404147 0.805327 -0.43372
v -0.0127525 0.0278319 -0.0171548
vn -0.346275 0.809401 -0.474304
v -0.0124813 0.0251169 -0.0211808
vn -0.334488 0.734136 -0.5909
v -0.0152146 0.0251753 -0.0192998
vn -0.391859 0.747692 -0.5361
v -0.0155797 0.0272502 -0.0157985
vn -0.404147 0.805327 -0.43372
v -0.0131846 0.0323092 -0.00276973
vn -0.374719 0.924248 -0.0731449
v -0.0160658 0.0309852 0.00287593
vn -0.449321 0.889362 0.0845375
v -0.0128317 0.0324262 0.00306532
vn -0.365586 0.926361 0.0905699
v -0.0131846 0.0323092 -0.00276973
vn -0.374719 0.924248 -0.0731449
v -0.0163584 0.0308642 -0.00259649
vn -0.452889 0.889255 -0.0641668
v -0.0160658 0.0309852 0.00287593
vn -0.449321 0.889362 0.0845375
v -0.0124813 0.0251169 -0.0211808
vn -0.334488 0.734136 -0.5909
v -0.00964954 0.0282907 -0.018295
vn -0.259055 0.823831 -0.504176
v -0.00940993 0.025099 -0.0226895
vn -0.255646 0.731553 -0.63204
v -0.0124813 0.0251169 -0.0211808
vn -0.334488 0.734136 -0.5909
v -0.0127525 0.0278319 -0.0171548
vn -0.346275 0.809401 -0.474304
v -0.00964954 0.0282907 -0.018295
vn -0.259055 0.823831 -0.504176
v -0.00940993 0.025099 -0.0226895
vn -0.255646 0.731553 -0.63204
v -0.00677313 0.0286231 -0.0189869
vn -0.177937 0.831112 -0.526869
v -0.00660609 0.025121 -0.0235997
vn -0.172554 0.733122 -0.657843
v -0.00940993 0.025099 -0.0226895
vn -0.255646 0.731553 -0.63204
v -0.00964954 0.0282907 -0.018295
vn -0.259055 0.823831 -0.504176
v -0.00677313 0.0286231 -0.0189869
vn -0.177937 0.831112 -0.526869
v -0.00660609 0.025121 -0.0235997
vn -0.172554 0.733122 -0.657843
v -0.0035048 0.0288579 -0.0194593
vn -0.0910641 0.83485 -0.542892
v -0.00340964 0.0251497 -0.0242103
vn -0.0881927 0.734466 -0.67289
v -0.00660609 0.025121 -0.0235997
vn -0.172554 0.733122 -0.657843
v -0.00677313 0.0286231 -0.0189869
vn -0.177937 0.831112 -0.526869
v -0.0035048 0.0288579 -0.0194593
vn -0.0910641 0.83485 -0.542892
v -0.0127525 0.0278319 -0.0171548
vn -0.346275 0.809401 -0.474304
v -0.0161246 0.0290648 -0.0112267
vn -0.433612 0.844424 -0.314531
v -0.0131187 0.0301333 -0.0121203
vn -0.358312 0.867471 -0.345118
v -0.0127525 0.0278319 -0.0171548
vn -0.346275 0.809401 -0.474304
v -0.0155797 0.0272502 -0.0157985
vn -0.404147 0.805327 -0.43372
v -0.0161246 0.0290648 -0.0112267
vn -0.433612 0.844424 -0.314531
v -0.0184768 0.0279626 -0.0105086
vn -0.502837 0.812908 -0.29383
v -0.0163468 0.0302315 -0.00686025
vn -0.446445 0.873804 -0.192749
v -0.0161246 0.0290648 -0.0112267
vn -0.433612 0.844424 -0.314531
v -0.0184768 0.0279626 -0.0105086
vn -0.502837 0.812908 -0.29383
v -0.0188366 0.0288941 -0.00645654
vn -0.507003 0.842844 -0.180448
v -0.0163468 0.0302315 -0.00686025
vn -0.446445 0.873804 -0.192749
v -0.00964954 0.0282907 -0.018295
vn -0.259055 0.823831 -0.504176
v -0.0131187 0.0301333 -0.0121203
vn -0.358312 0.867471 -0.345118
v -0.00988104 0.0309893 -0.0128749
vn -0.274374 0.887573 -0.370045
v -0.00964954 0.0282907 -0.018295
vn -0.259055 0.823831 -0.504176
v -0.0127525 0.0278319 -0.0171548
vn -0.346275 0.809401 -0.474304
v -0.0131187 0.0301333 -0.0121203
vn -0.358312 0.867471 -0.345118
v -0.00677313 0.0286231 -0.0189869
vn -0.177937 0.831112 -0.526869
v -0.00988104 0.0309893 -0.0128749
vn -0.274374 0.887573 -0.370045
v -0.00692259 0.0315535 -0.0133516
vn -0.18926 0.902074 -0.38787
v -0.00677313 0.0286231 -0.0189869
vn -0.177937 0.831112 -0.526869
v -0.00964954 0.0282907 -0.018295
vn -0.259055 0.823831 -0.504176
v -0.00988104 0.0309893 -0.0128749
vn -0.274374 0.887573 -0.370045
v -0.0035048 0.0288579 -0.0194593
vn -0.0910641 0.83485 -0.542892
v -0.00692259 0.0315535 -0.0133516
vn -0.18926 0.902074 -0.38787
v -0.00357615 0.031953 -0.0136687
vn -0.0983963 0.911273 -0.399874
v -0.0035048 0.0288579 -0.0194593
vn -0.0910641 0.83485 -0.542892
v -0.00677313 0.0286231 -0.0189869
vn -0.177937 0.831112 -0.526869
v -0.00692259 0.0315535 -0.0133516
vn -0.18926 0.902074 -0.38787
v -0.0131187 0.0301333 -0.0121203
vn -0.358312 0.867471 -0.345118
v -0.0163468 0.0302315 -0.00686025
vn -0.446445 0.873804 -0.192749
v -0.0132418 0.0315573 -0.00735273
vn -0.368996 0.904851 -0.212335
v -0.0131187 0.0301333 -0.0121203
vn -0.358312 0.867471 -0.345118
v -0.0161246 0.0290648 -0.0112267
vn -0.433612 0.844424 -0.314531
v -0.0163468 0.0302315 -0.00686025
vn -0.446445 0.873804 -0.192749
v -0.0155797 0.0272502 -0.0157985
vn -0.404147 0.805327 -0.43372
v -0.0169207 0.0256338 -0.0171914
vn -0.450826 0.751178 -0.48217
v -0.0176161 0.0265489 -0.0149117
vn -0.475043 0.78523 -0.397175
v -0.0155797 0.0272502 -0.0157985
vn -0.404147 0.805327 -0.43372
v -0.0152146 0.0251753 -0.0192998
vn -0.391859 0.747692 -0.5361
v -0.0169207 0.0256338 -0.0171914
vn -0.450826 0.751178 -0.48217
v -0.00988104 0.0309893 -0.0128749
vn -0.274374 0.887573 -0.370045
v -0.0132418 0.0315573 -0.00735273
vn -0.368996 0.904851 -0.212335
v -0.0099458 0.032631 -0.00778855
vn -0.28654 0.929818 -0.230941
v -0.00988104 0.0309893 -0.0128749
vn -0.274374 0.887573 -0.370045
v -0.0131187 0.0301333 -0.0121203
vn -0.358312 0.867471 -0.345118
v -0.0132418 0.0315573 -0.00735273
vn -0.368996 0.904851 -0.212335
v -0.00692259 0.0315535 -0.0133516
vn -0.18926 0.902074 -0.38787
v -0.0099458 0.032631 -0.00778855
vn -0.28654 0.929818 -0.230941
v -0.00697608 0.0333327 -0.00807868
vn -0.200694 0.948348 -0.245681
v -0.00692259 0.0315535 -0.0133516
vn -0.18926 0.902074 -0.38787
v -0.00988104 0.0309893 -0.0128749
vn -0.274374 0.887573 -0.370045
v -0.0099458 0.032631 -0.00778855
vn -0.28654 0.929818 -0.230941
v -0.00357615 0.031953 -0.0136687
vn -0.0983963 0.911273 -0.399874
v -0.00697608 0.0333327 -0.00807868
vn -0.200694 0.948348 -0.245681
v -0.00362494 0.0338289 -0.00827576
vn -0.10551 0.960927 -0.255902
v -0.00357615 0.031953 -0.0136687
vn -0.0983963 0.911273 -0.399874
v -0.00692259 0.0315535 -0.0133516
vn -0.18926 0.902074 -0.38787
v -0.00697608 0.0333327 -0.00807868
vn -0.200694 0.948348 -0.245681
v -0.0105922 0.00422556 0.0330305
vn -0.303266 0.114912 0.945952
v -0.00886655 0.00831124 0.0327829
vn -0.248918 0.248845 0.936011
v -0.0109536 0.00818946 0.0321858
vn -0.311582 0.244891 0.91812
v -0.0105922 0.00422556 0.0330305
vn -0.303266 0.114912 0.945952
v -0.00853651 0.0042713 0.0336064
vn -0.239871 0.11775 0.963637
v -0.00886655 0.00831124 0.0327829
vn -0.248918 0.248845 0.936011
v -0.0189441 0.0294091 -0.00248355
vn -0.505505 0.860691 -0.0606187
v -0.0160658 0.0309852 0.00287593
vn -0.449321 0.889362 0.0845375
v -0.0163584 0.0308642 -0.00259649
vn -0.452889 0.889255 -0.0641668
v -0.0189441 0.0294091 -0.00248355
vn -0.505505 0.860691 -0.0606187
v -0.0187509 0.0295084 0.002636
vn -0.500818 0.86179 0.0806156
v -0.0160658 0.0309852 0.00287593
vn -0.449321 0.889362 0.0845375
v -0.00986566 0.0334844 -0.00293361
vn -0.293395 0.952543 -0.0811256
v -0.0128317 0.0324262 0.00306532
vn -0.365586 0.926361 0.0905699
v -0.00951716 0.0335712 0.00321644
vn -0.286556 0.952928 0.099064
v -0.00986566 0.0334844 -0.00293361
vn -0.293395 0.952543 -0.0811256
v -0.0131846 0.0323092 -0.00276973
vn -0.374719 0.924248 -0.0731449
v -0.0128317 0.0324262 0.00306532
vn -0.365586 0.926361 0.0905699
v -0.00690503 0.0342528 -0.00305452
vn -0.207024 0.974371 -0.0879911
v -0.00951716 0.0335712 0.00321644
vn -0.286556 0.952928 0.099064
v -0.00661793 0.0343043 0.00330533
vn -0.201315 0.974174 0.102264
v -0.00690503 0.0342528 -0.00305452
vn -0.207024 0.974371 -0.0879911
v -0.00986566 0.0334844 -0.00293361
vn -0.293395 0.952543 -0.0811256
v -0.00951716 0.0335712 0.00321644
vn -0.286556 0.952928 0.099064
v -0.00358206 0.0347954 -0.00313328
vn -0.108983 0.989726 -0.0925499
v -0.00661793 0.0343043 0.00330533
vn -0.201315 0.974174 0.102264
v -0.00340776 0.0348128 0.00337586
vn -0.106712 0.988878 0.103598
v -0.00358206 0.0347954 -0.00313328
vn -0.108983 0.989726 -0.0925499
v -0.00690503 0.0342528 -0.00305452
vn -0.207024 0.974371 -0.0879911
v -0.00661793 0.0343043 0.00330533
vn -0.201315 0.974174 0.102264
v 3.1665e-08 0.0251367 -0.0244524
vn -0.000221045 0.73325 -0.679959
v -0.0035048 0.0288579 -0.0194593
vn -0.0910641 0.83485 -0.542892
v 3.1665e-08 0.0289374 -0.0196371
vn -9.16452e-06 0.835354 -0.549713
v 3.1665e-08 0.0251367 -0.0244524
vn -0.000221045 0.73325 -0.679959
v -0.00340964 0.0251497 -0.0242103
vn -0.0881927 0.734466 -0.67289
v -0.0035048 0.0288579 -0.0194593
vn -0.0910641 0.83485 -0.542892
v -0.0128317 0.0324262 0.00306532
vn -0.365586 0.926361 0.0905699
v -0.0154239 0.0302305 0.00869473
vn -0.431627 0.869388 0.240545
v -0.0122081 0.0315079 0.00914144
vn -0.341931 0.905718 0.250514
v -0.0128317 0.0324262 0.00306532
vn -0.365586 0.926361 0.0905699
v -0.0160658 0.0309852 0.00287593
vn -0.449321 0.889362 0.0845375
v -0.0154239 0.0302305 0.00869473
vn -0.431627 0.869388 0.240545
v 3.1665e-08 0.0289374 -0.0196371
vn -9.16452e-06 0.835354 -0.549713
v -0.00357615 0.031953 -0.0136687
vn -0.0983963 0.911273 -0.399874
v 3.1665e-08 0.0320929 -0.0137924
vn 1.00433e-05 0.914453 -0.404692
v 3.1665e-08 0.0289374 -0.0196371
vn -9.16452e-06 0.835354 -0.549713
v -0.0035048 0.0288579 -0.0194593
vn -0.0910641 0.83485 -0.542892
v -0.00357615 0.031953 -0.0136687
vn -0.0983963 0.911273 -0.399874
v 3.1665e-08 0.0320929 -0.0137924
vn 1.00433e-05 0.914453 -0.404692
v -0.00362494 0.0338289 -0.00827576
vn -0.10551 0.960927 -0.255902
v 3.1665e-08 0.0340088 -0.00836248
vn -1.64352e-05 0.965556 -0.260195
v 3.1665e-08 0.0320929 -0.0137924
vn 1.00433e-05 0.914453 -0.404692
v -0.00357615 0.031953 -0.0136687
vn -0.0983963 0.911273 -0.399874
v -0.00362494 0.0338289 -0.00827576
vn -0.10551 0.960927 -0.255902
v 3.1665e-08 0.0349958 -0.00316733
vn -1.89035e-05 0.995524 -0.0945133
v -0.00340776 0.0348128 0.00337586
vn -0.106712 0.988878 0.103598
v 3.1665e-08 0.035 0.00340699
vn -0.000170519 0.99463 0.103495
v 3.1665e-08 0.0349958 -0.00316733
vn -1.89035e-05 0.995524 -0.0945133
v -0.00358206 0.0347954 -0.00313328
vn -0.108983 0.989726 -0.0925499
v -0.00340776 0.0348128 0.00337586
vn -0.106712 0.988878 0.103598
v -0.0133642 0.0189104 0.0263796
vn -0.360305 0.539862 0.760743
v -0.00977547 0.014159 0.0305064
vn -0.276345 0.396937 0.875257
v -0.0109305 0.0193859 0.0271321
vn -0.307775 0.548685 0.777316
v -0.0133642 0.0189104 0.0263796
vn -0.360305 0.539862 0.760743
v -0.0119961 0.0139269 0.0298197
vn -0.338139 0.392182 0.855485
v -0.00977547 0.014159 0.0305064
vn -0.276345 0.396937 0.875257
v -0.0148578 0.0230124 0.0220138
vn -0.409934 0.659501 0.63009
v -0.0109305 0.0193859 0.0271321
vn -0.307775 0.548685 0.777316
v -0.0123231 0.0236798 0.0228346
vn -0.348596 0.666374 0.659111
v -0.0148578 0.0230124 0.0220138
vn -0.409934 0.659501 0.63009
v -0.0133642 0.0189104 0.0263796
vn -0.360305 0.539862 0.760743
v -0.0109305 0.0193859 0.0271321
vn -0.307775 0.548685 0.777316
v -0.00205961 0.0201783 0.0286102
vn -0.0580127 0.569539 0.819914
v 3.1665e-08 0.0250148 0.0246042
vn 0.000331122 0.711869 0.702313
v -0.00240039 0.024971 0.0245351
vn -0.0654991 0.709633 0.701521
v -0.00205961 0.0201783 0.0286102
vn -0.0580127 0.569539 0.819914
v 3.1665e-08 0.0201963 0.0286713
vn 2.37393e-05 0.569991 0.821651
v 3.1665e-08 0.0250148 0.0246042
vn 0.000331122 0.711869 0.702313
v -0.00886655 0.00831124 0.0327829
vn -0.248918 0.248845 0.936011
v -0.00649412 0.00430327 0.0340474
vn -0.184233 0.11854 0.975708
v -0.00675303 0.00839949 0.0332513
vn -0.192824 0.248344 0.949286
v -0.00886655 0.00831124 0.0327829
vn -0.248918 0.248845 0.936011
v -0.00853651 0.0042713 0.0336064
vn -0.239871 0.11775 0.963637
v -0.00649412 0.00430327 0.0340474
vn -0.184233 0.11854 0.975708
v -0.0109305 0.0193859 0.0271321
vn -0.307775 0.548685 0.777316
v -0.00746423 0.0143559 0.0310543
vn -0.2148 0.400651 0.890696
v -0.00844522 0.0197109 0.0277659
vn -0.242667 0.554622 0.795932
v -0.0109305 0.0193859 0.0271321
vn -0.307775 0.548685 0.777316
v -0.00977547 0.014159 0.0305064
vn -0.276345 0.396937 0.875257
v -0.00746423 0.0143559 0.0310543
vn -0.2148 0.400651 0.890696
v -0.0123231 0.0236798 0.0228346
vn -0.348596 0.666374 0.659111
v -0.00844522 0.0197109 0.0277659
vn -0.242667 0.554622 0.795932
v -0.00959197 0.0242338 0.0235302
vn -0.271521 0.683477 0.677595
v -0.0123231 0.0236798 0.0228346
vn -0.348596 0.666374 0.659111
v -0.0109305 0.0193859 0.0271321
vn -0.307775 0.548685 0.777316
v -0.00844522 0.0197109 0.0277659
vn -0.242667 0.554622 0.795932
v -0.00675303 0.00839949 0.0332513
vn -0.192824 0.248344 0.949286
v -0.00531723 0.0144887 0.0314261
vn -0.152389 0.404724 0.901652
v -0.00746423 0.0143559 0.0310543
vn -0.2148 0.400651 0.890696
v -0.00675303 0.00839949 0.0332513
vn -0.192824 0.248344 0.949286
v -0.00479467 0.00845324 0.0335704
vn -0.137531 0.249398 0.958585
v -0.00531723 0.0144887 0.0314261
vn -0.152389 0.404724 0.901652
v -0.00649412 0.00430327 0.0340474
vn -0.184233 0.11854 0.975708
v -0.00479467 0.00845324 0.0335704
vn -0.137531 0.249398 0.958585
v -0.00675303 0.00839949 0.0332513
vn -0.192824 0.248344 0.949286
v -0.00649412 0.00430327 0.0340474
vn -0.184233 0.11854 0.975708
v -0.00460105 0.00432764 0.0343457
vn -0.132138 0.118477 0.984125
v -0.00479467 0.00845324 0.0335704
vn -0.137531 0.249398 0.958585
v -0.00746423 0.0143559 0.0310543
vn -0.2148 0.400651 0.890696
v -0.00606161 0.0199633 0.0281952
vn -0.172941 0.563202 0.808019
v -0.00844522 0.0197109 0.0277659
vn -0.242667 0.554622 0.795932
v -0.00746423 0.0143559 0.0310543
vn -0.2148 0.400651 0.890696
v -0.00531723 0.0144887 0.0314261
vn -0.152389 0.404724 0.901652
v -0.00606161 0.0199633 0.0281952
vn -0.172941 0.563202 0.808019
v -0.00844522 0.0197109 0.0277659
vn -0.242667 0.554622 0.795932
v -0.00689402 0.0246481 0.0240228
vn -0.195934 0.698734 0.688027
v -0.00959197 0.0242338 0.0235302
vn -0.271521 0.683477 0.677595
v -0.00844522 0.0197109 0.0277659
vn -0.242667 0.554622 0.795932
v -0.00606161 0.0199633 0.0281952
vn -0.172941 0.563202 0.808019
v -0.00689402 0.0246481 0.0240228
vn -0.195934 0.698734 0.688027
v -0.00479467 0.00845324 0.0335704
vn -0.137531 0.249398 0.958585
v -0.0036129 0.0145592 0.0316307
vn -0.100933 0.406898 0.90788
v -0.00531723 0.0144887 0.0314261
vn -0.152389 0.404724 0.901652
v -0.00479467 0.00845324 0.0335704
vn -0.137531 0.249398 0.958585
v -0.00324922 0.00847931 0.0337458
vn -0.0909955 0.250443 0.963846
v -0.0036129 0.0145592 0.0316307
vn -0.100933 0.406898 0.90788
v -0.00460105 0.00432764 0.0343457
vn -0.132138 0.118477 0.984125
v -0.00324922 0.00847931 0.0337458
vn -0.0909955 0.250443 0.963846
v -0.00479467 0.00845324 0.0335704
vn -0.137531 0.249398 0.958585
v -0.00460105 0.00432764 0.0343457
vn -0.132138 0.118477 0.984125
v -0.00311539 0.00434096 0.0345076
vn -0.0873833 0.118938 0.989049
v -0.00324922 0.00847931 0.0337458
vn -0.0909955 0.250443 0.963846
v -0.00531723 0.0144887 0.0314261
vn -0.152389 0.404724 0.901652
v -0.00409566 0.020104 0.0284436
vn -0.115141 0.567546 0.815251
v -0.00606161 0.0199633 0.0281952
vn -0.172941 0.563202 0.808019
v -0.00531723 0.0144887 0.0314261
vn -0.152389 0.404724 0.901652
v -0.0036129 0.0145592 0.0316307
vn -0.100933 0.406898 0.90788
v -0.00409566 0.020104 0.0284436
vn -0.115141 0.567546 0.815251
v -0.00606161 0.0199633 0.0281952
vn -0.172941 0.563202 0.808019
v -0.00472459 0.0248722 0.0243049
vn -0.130727 0.706451 0.695584
v -0.00689402 0.0246481 0.0240228
vn -0.195934 0.698734 0.688027
v -0.00606161 0.0199633 0.0281952
vn -0.172941 0.563202 0.808019
v -0.00409566 0.020104 0.0284436
vn -0.115141 0.567546 0.815251
v -0.00472459 0.0248722 0.0243049
vn -0.130727 0.706451 0.695584
v -0.00324922 0.00847931 0.0337458
vn -0.0909955 0.250443 0.963846
v -0.00182215 0.0146005 0.031763
vn -0.0510178 0.407923 0.91159
v -0.0036129 0.0145592 0.0316307
vn -0.100933 0.406898 0.90788
v -0.00324922 0.00847931 0.0337458
vn -0.0909955 0.250443 0.963846
v -0.00164254 0.00849175 0.0338573
vn -0.0459227 0.250906 0.966922
v -0.00182215 0.0146005 0.031763
vn -0.0510178 0.407923 0.91159
v -0.00311539 0.00434096 0.0345076
vn -0.0873833 0.118938 0.989049
v -0.00164254 0.00849175 0.0338573
vn -0.0459227 0.250906 0.966922
v -0.00324922 0.00847931 0.0337458
vn -0.0909955 0.250443 0.963846
v -0.00311539 0.00434096 0.0345076
vn -0.0873833 0.118938 0.989049
v -0.00157469 0.00434803 0.0346099
vn -0.0443001 0.119183 0.991884
v -0.00164254 0.00849175 0.0338573
vn -0.0459227 0.250906 0.966922
v -0.0036129 0.0145592 0.0316307
vn -0.100933 0.406898 0.90788
v -0.00205961 0.0201783 0.0286102
vn -0.0580127 0.569539 0.819914
v -0.00409566 0.020104 0.0284436
vn -0.115141 0.567546 0.815251
v -0.0036129 0.0145592 0.0316307
vn -0.100933 0.406898 0.90788
v -0.00182215 0.0146005 0.031763
vn -0.0510178 0.407923 0.91159
v -0.00205961 0.0201783 0.0286102
vn -0.0580127 0.569539 0.819914
v -0.00409566 0.020104 0.0284436
vn -0.115141 0.567546 0.815251
v -0.00240039 0.024971 0.0245351
vn -0.0654991 0.709633 0.701521
v -0.00472459 0.0248722 0.0243049
vn -0.130727 0.706451 0.695584
v -0.00409566 0.020104 0.0284436
vn -0.115141 0.567546 0.815251
v -0.00205961 0.0201783 0.0286102
vn -0.0580127 0.569539 0.819914
v -0.00240039 0.024971 0.0245351
vn -0.0654991 0.709633 0.701521
v -0.0119961 0.0139269 0.0298197
vn -0.338139 0.392182 0.855485
v -0.00886655 0.00831124 0.0327829
vn -0.248918 0.248845 0.936011
v -0.00977547 0.014159 0.0305064
vn -0.276345 0.396937 0.875257
v -0.0119961 0.0139269 0.0298197
vn -0.338139 0.392182 0.855485
v -0.0109536 0.00818946 0.0321858
vn -0.311582 0.244891 0.91812
v -0.00886655 0.00831124 0.0327829
vn -0.248918 0.248845 0.936011
v -0.0181671 0.02887 0.00816697
vn -0.494431 0.840133 0.222967
v -0.014627 0.0287716 0.013716
vn -0.408948 0.826252 0.387387
v -0.0154239 0.0302305 0.00869473
vn -0.431627 0.869388 0.240545
v -0.0181671 0.02887 0.00816697
vn -0.494431 0.840133 0.222967
v -0.0173123 0.0276522 0.0129659
vn -0.478302 0.795025 0.373046
v -0.014627 0.0287716 0.013716
vn -0.408948 0.826252 0.387387
v -0.00842588 7.37612e-09 0.0338945
vn -0.237677 -1.84165e-06 0.971344
v -0.00649412 0.00430327 0.0340474
vn -0.184233 0.11854 0.975708
v -0.00853651 0.0042713 0.0336064
vn -0.239871 0.11775 0.963637
v -0.00842588 7.37612e-09 0.0338945
vn -0.237677 -1.84165e-06 0.971344
v -0.00640678 7.37612e-09 0.0343256
vn -0.18106 -2.78548e-06 0.983472
v -0.00649412 0.00430327 0.0340474
vn -0.184233 0.11854 0.975708
v -0.00182215 0.0146005 0.031763
vn -0.0510178 0.407923 0.91159
v 3.1665e-08 0.0201963 0.0286713
vn 2.37393e-05 0.569991 0.821651
v -0.00205961 0.0201783 0.0286102
vn -0.0580127 0.569539 0.819914
v -0.00182215 0.0146005 0.031763
vn -0.0510178 0.407923 0.91159
v -7.32848e-08 0.0146132 0.031809
vn 2.39424e-05 0.408213 0.912887
v 3.1665e-08 0.0201963 0.0286713
vn 2.37393e-05 0.569991 0.821651
v -0.00164254 0.00849175 0.0338573
vn -0.0459227 0.250906 0.966922
v -7.32848e-08 0.0146132 0.031809
vn 2.39424e-05 0.408213 0.912887
v -0.00182215 0.0146005 0.031763
vn -0.0510178 0.407923 0.91159
v -0.00164254 0.00849175 0.0338573
vn -0.0459227 0.250906 0.966922
v 3.1665e-08 0.00849458 0.033896
vn -1.40163e-05 0.251032 0.967979
v -7.32848e-08 0.0146132 0.031809
vn 2.39424e-05 0.408213 0.912887
v -0.0178696 0.0176614 0.02501
vn -0.431371 0.534566 0.726745
v -0.0203624 0.020694 0.0202325
vn -0.61388 0.548287 0.567919
v -0.0191249 0.0170859 0.0245475
vn -0.596599 0.439822 0.671287
v -0.0178696 0.0176614 0.02501
vn -0.431371 0.534566 0.726745
v -0.0192592 0.0213593 0.0206562
vn -0.479893 0.648944 0.590401
v -0.0203624 0.020694 0.0202325
vn -0.61388 0.548287 0.567919
v -0.00157469 0.00434803 0.0346099
vn -0.0443001 0.119183 0.991884
v 3.1665e-08 0.00849458 0.033896
vn -1.40163e-05 0.251032 0.967979
v -0.00164254 0.00849175 0.0338573
vn -0.0459227 0.250906 0.966922
v -0.00157469 0.00434803 0.0346099
vn -0.0443001 0.119183 0.991884
v 3.1665e-08 0.00435001 0.0346453
vn -6.38532e-06 0.119278 0.992861
v 3.1665e-08 0.00849458 0.033896
vn -1.40163e-05 0.251032 0.967979
v -0.00154861 7.37612e-09 0.0348735
vn -0.043606 -1.52575e-06 0.999049
v 3.1665e-08 0.00435001 0.0346453
vn -6.38532e-06 0.119278 0.992861
v -0.00157469 0.00434803 0.0346099
vn -0.0443001 0.119183 0.991884
v -0.00154861 7.37612e-09 0.0348735
vn -0.043606 -1.52575e-06 0.999049
v 3.1665e-08 7.37612e-09 0.0349077
vn -4.31518e-06 -3.56774e-08 1
v 3.1665e-08 0.00435001 0.0346453
vn -6.38532e-06 0.119278 0.992861
v -0.00306574 3.65083e-09 0.0347743
vn -0.0859375 -1.10946e-06 0.996301
v -0.00157469 0.00434803 0.0346099
vn -0.0443001 0.119183 0.991884
v -0.00311539 0.00434096 0.0345076
vn -0.0873833 0.118938 0.989049
v -0.00306574 3.65083e-09 0.0347743
vn -0.0859375 -1.10946e-06 0.996301
v -0.00154861 7.37612e-09 0.0348735
vn -0.043606 -1.52575e-06 0.999049
v -0.00157469 0.00434803 0.0346099
vn -0.0443001 0.119183 0.991884
v -0.00453169 7.37612e-09 0.0346169
vn -0.130035 -5.11164e-06 0.991509
v -0.00311539 0.00434096 0.0345076
vn -0.0873833 0.118938 0.989049
v -0.00460105 0.00432764 0.0343457
vn -0.132138 0.118477 0.984125
v -0.00453169 7.37612e-09 0.0346169
vn -0.130035 -5.11164e-06 0.991509
v -0.00306574 3.65083e-09 0.0347743
vn -0.0859375 -1.10946e-06 0.996301
v -0.00311539 0.00434096 0.0345076
vn -0.0873833 0.118938 0.989049
v -0.00640678 7.37612e-09 0.0343256
vn -0.18106 -2.78548e-06 0.983472
v -0.00460105 0.00432764 0.0343457
vn -0.132138 0.118477 0.984125
v -0.00649412 0.00430327 0.0340474
vn -0.184233 0.11854 0.975708
v -0.00640678 7.37612e-09 0.0343256
vn -0.18106 -2.78548e-06 0.983472
v -0.00453169 7.37612e-09 0.0346169
vn -0.130035 -5.11164e-06 0.991509
v -0.00460105 0.00432764 0.0343457
vn -0.132138 0.118477 0.984125
v -0.00853651 0.0042713 0.0336064
vn -0.239871 0.11775 0.963637
v -0.0104506 7.37612e-09 0.0333336
vn -0.299802 3.77585e-06 0.954002
v -0.00842588 7.37612e-09 0.0338945
vn -0.237677 -1.84165e-06 0.971344
v -0.00853651 0.0042713 0.0336064
vn -0.239871 0.11775 0.963637
v -0.0105922 0.00422556 0.0330305
vn -0.303266 0.114912 0.945952
v -0.0104506 7.37612e-09 0.0333336
vn -0.299802 3.77585e-06 0.954002
v -0.0105432 0.027299 0.0193551
vn -0.292721 0.787361 0.542566
v -0.0123231 0.0236798 0.0228346
vn -0.348596 0.666374 0.659111
v -0.00959197 0.0242338 0.0235302
vn -0.271521 0.683477 0.677595
v -0.0105432 0.027299 0.0193551
vn -0.292721 0.787361 0.542566
v -0.0135042 0.0265307 0.0186207
vn -0.379782 0.762177 0.524263
v -0.0123231 0.0236798 0.0228346
vn -0.348596 0.666374 0.659111
v -0.0128317 0.0324262 0.00306532
vn -0.365586 0.926361 0.0905699
v -0.00897031 0.0324717 0.00950807
vn -0.261295 0.928573 0.263586
v -0.00951716 0.0335712 0.00321644
vn -0.286556 0.952928 0.099064
v -0.0128317 0.0324262 0.00306532
vn -0.365586 0.926361 0.0905699
v -0.0122081 0.0315079 0.00914144
vn -0.341931 0.905718 0.250514
v -0.00897031 0.0324717 0.00950807
vn -0.261295 0.928573 0.263586
v -0.00951716 0.0335712 0.00321644
vn -0.286556 0.952928 0.099064
v -0.00618413 0.033068 0.00972114
vn -0.179952 0.944398 0.27519
v -0.00661793 0.0343043 0.00330533
vn -0.201315 0.974174 0.102264
v -0.00951716 0.0335712 0.00321644
vn -0.286556 0.952928 0.099064
v -0.00897031 0.0324717 0.00950807
vn -0.261295 0.928573 0.263586
v -0.00618413 0.033068 0.00972114
vn -0.179952 0.944398 0.27519
v -0.00661793 0.0343043 0.00330533
vn -0.201315 0.974174 0.102264
v -0.00315784 0.0334686 0.00986567
vn -0.0938959 0.953919 0.284993
v -0.00340776 0.0348128 0.00337586
vn -0.106712 0.988878 0.103598
v -0.00661793 0.0343043 0.00330533
vn -0.201315 0.974174 0.102264
v -0.00618413 0.033068 0.00972114
vn -0.179952 0.944398 0.27519
v -0.00315784 0.0334686 0.00986567
vn -0.0938959 0.953919 0.284993
v -0.0122081 0.0315079 0.00914144
vn -0.341931 0.905718 0.250514
v -0.014627 0.0287716 0.013716
vn -0.408948 0.826252 0.387387
v -0.0114723 0.0298404 0.0143207
vn -0.318947 0.857713 0.403239
v -0.0122081 0.0315079 0.00914144
vn -0.341931 0.905718 0.250514
v -0.0154239 0.0302305 0.00869473
vn -0.431627 0.869388 0.240545
v -0.014627 0.0287716 0.013716
vn -0.408948 0.826252 0.387387
v -0.0173123 0.0276522 0.0129659
vn -0.478302 0.795025 0.373046
v -0.0135042 0.0265307 0.0186207
vn -0.379782 0.762177 0.524263
v -0.014627 0.0287716 0.013716
vn -0.408948 0.826252 0.387387
v -0.0173123 0.0276522 0.0129659
vn -0.478302 0.795025 0.373046
v -0.0161764 0.025565 0.0178749
vn -0.472286 0.730471 0.493313
v -0.0135042 0.0265307 0.0186207
vn -0.379782 0.762177 0.524263
v -0.00897031 0.0324717 0.00950807
vn -0.261295 0.928573 0.263586
v -0.0114723 0.0298404 0.0143207
vn -0.318947 0.857713 0.403239
v -0.00837365 0.0306029 0.0147926
vn -0.236565 0.87667 0.418911
v -0.00897031 0.0324717 0.00950807
vn -0.261295 0.928573 0.263586
v -0.0122081 0.0315079 0.00914144
vn -0.341931 0.905718 0.250514
v -0.0114723 0.0298404 0.0143207
vn -0.318947 0.857713 0.403239
v -0.00618413 0.033068 0.00972114
vn -0.179952 0.944398 0.27519
v -0.00837365 0.0306029 0.0147926
vn -0.236565 0.87667 0.418911
v -0.00575317 0.0310608 0.0150581
vn -0.159886 0.889121 0.428835
v -0.00618413 0.033068 0.00972114
vn -0.179952 0.944398 0.27519
v -0.00897031 0.0324717 0.00950807
vn -0.261295 0.928573 0.263586
v -0.00837365 0.0306029 0.0147926
vn -0.236565 0.87667 0.418911
v -0.00315784 0.0334686 0.00986567
vn -0.0938959 0.953919 0.284993
v -0.00575317 0.0310608 0.0150581
vn -0.159886 0.889121 0.428835
v -0.00293005 0.0313606 0.0152369
vn -0.0812717 0.896418 0.435694
v -0.00315784 0.0334686 0.00986567
vn -0.0938959 0.953919 0.284993
v -0.00618413 0.033068 0.00972114
vn -0.179952 0.944398 0.27519
v -0.00575317 0.0310608 0.0150581
vn -0.159886 0.889121 0.428835
v -0.0114723 0.0298404 0.0143207
vn -0.318947 0.857713 0.403239
v -0.0135042 0.0265307 0.0186207
vn -0.379782 0.762177 0.524263
v -0.0105432 0.027299 0.0193551
vn -0.292721 0.787361 0.542566
v -0.0114723 0.0298404 0.0143207
vn -0.318947 0.857713 0.403239
v -0.014627 0.0287716 0.013716
vn -0.408948 0.826252 0.387387
v -0.0135042 0.0265307 0.0186207
vn -0.379782 0.762177 0.524263
v -0.0154239 0.0302305 0.00869473
vn -0.431627 0.869388 0.240545
v -0.0187509 0.0295084 0.002636
vn -0.500818 0.86179 0.0806156
v -0.0181671 0.02887 0.00816697
vn -0.494431 0.840133 0.222967
v -0.0154239 0.0302305 0.00869473
vn -0.431627 0.869388 0.240545
v -0.0160658 0.0309852 0.00287593
vn -0.449321 0.889362 0.0845375
v -0.0187509 0.0295084 0.002636
vn -0.500818 0.86179 0.0806156
v -0.00837365 0.0306029 0.0147926
vn -0.236565 0.87667 0.418911
v -0.0105432 0.027299 0.0193551
vn -0.292721 0.787361 0.542566
v -0.0076464 0.0278499 0.0198864
vn -0.214513 0.802488 0.556774
v -0.00837365 0.0306029 0.0147926
vn -0.236565 0.87667 0.418911
v -0.0114723 0.0298404 0.0143207
vn -0.318947 0.857713 0.403239
v -0.0105432 0.027299 0.0193551
vn -0.292721 0.787361 0.542566
v -0.00575317 0.0310608 0.0150581
vn -0.159886 0.889121 0.428835
v -0.0076464 0.0278499 0.0198864
vn -0.214513 0.802488 0.556774
v -0.00522022 0.02819 0.0201651
vn -0.142807 0.812961 0.564535
v -0.00575317 0.0310608 0.0150581
vn -0.159886 0.889121 0.428835
v -0.00837365 0.0306029 0.0147926
vn -0.236565 0.87667 0.418911
v -0.0076464 0.0278499 0.0198864
vn -0.214513 0.802488 0.556774
v -0.00293005 0.0313606 0.0152369
vn -0.0812717 0.896418 0.435694
v -0.00522022 0.02819 0.0201651
vn -0.142807 0.812961 0.564535
v -0.00264621 0.0283869 0.0203719
vn -0.0706078 0.817915 0.570989
v -0.00293005 0.0313606 0.0152369
vn -0.0812717 0.896418 0.435694
v -0.00575317 0.0310608 0.0150581
vn -0.159886 0.889121 0.428835
v -0.00522022 0.02819 0.0201651
vn -0.142807 0.812961 0.564535
v -0.0160512 0.0223685 -0.0223412
vn -0.431101 0.658517 -0.616853
v -0.013339 0.0205229 -0.0255643
vn -0.419458 0.479212 -0.77098
v -0.0165286 0.0212854 -0.0228984
vn -0.549964 0.491246 -0.675438
v -0.0160512 0.0223685 -0.0223412
vn -0.431101 0.658517 -0.616853
v -0.0129318 0.0216481 -0.0248905
vn -0.318742 0.669144 -0.671305
v -0.013339 0.0205229 -0.0255643
vn -0.419458 0.479212 -0.77098
v -0.0161764 0.025565 0.0178749
vn -0.472286 0.730471 0.493313
v -0.0123231 0.0236798 0.0228346
vn -0.348596 0.666374 0.659111
v -0.0135042 0.0265307 0.0186207
vn -0.379782 0.762177 0.524263
v -0.0161764 0.025565 0.0178749
vn -0.472286 0.730471 0.493313
v -0.0148578 0.0230124 0.0220138
vn -0.409934 0.659501 0.63009
v -0.0123231 0.0236798 0.0228346
vn -0.348596 0.666374 0.659111
v -0.0076464 0.0278499 0.0198864
vn -0.214513 0.802488 0.556774
v -0.00959197 0.0242338 0.0235302
vn -0.271521 0.683477 0.677595
v -0.00689402 0.0246481 0.0240228
vn -0.195934 0.698734 0.688027
v -0.0076464 0.0278499 0.0198864
vn -0.214513 0.802488 0.556774
v -0.0105432 0.027299 0.0193551
vn -0.292721 0.787361 0.542566
v -0.00959197 0.0242338 0.0235302
vn -0.271521 0.683477 0.677595
v -0.00522022 0.02819 0.0201651
vn -0.142807 0.812961 0.564535
v -0.00689402 0.0246481 0.0240228
vn -0.195934 0.698734 0.688027
v -0.00472459 0.0248722 0.0243049
vn -0.130727 0.706451 0.695584
v -0.00522022 0.02819 0.0201651
vn -0.142807 0.812961 0.564535
v -0.0076464 0.0278499 0.0198864
vn -0.214513 0.802488 0.556774
v -0.00689402 0.0246481 0.0240228
vn -0.195934 0.698734 0.688027
v -0.00264621 0.0283869 0.0203719
vn -0.0706078 0.817915 0.570989
v -0.00472459 0.0248722 0.0243049
vn -0.130727 0.706451 0.695584
v -0.00240039 0.024971 0.0245351
vn -0.0654991 0.709633 0.701521
v -0.00264621 0.0283869 0.0203719
vn -0.0706078 0.817915 0.570989
v -0.00522022 0.02819 0.0201651
vn -0.142807 0.812961 0.564535
v -0.00472459 0.0248722 0.0243049
vn -0.130727 0.706451 0.695584
v 3.1665e-08 0.035 0.00340699
vn -0.000170519 0.99463 0.103495
v -0.00315784 0.0334686 0.00986567
vn -0.0938959 0.953919 0.284993
v 3.1665e-08 0.033608 0.00992282
vn -1.88282e-05 0.95712 0.289693
v 3.1665e-08 0.035 0.00340699
vn -0.000170519 0.99463 0.103495
v -0.00340776 0.0348128 0.00337586
vn -0.106712 0.988878 0.103598
v -0.00315784 0.0334686 0.00986567
vn -0.0938959 0.953919 0.284993
v -0.0237448 0.0263338 0.00171587
vn -0.80445 0.593027 0.0343454
v -0.022364 0.0265577 0.00720588
vn -0.5612 0.802366 0.20313
v -0.0228845 0.0272303 0.00192712
vn -0.594966 0.801524 0.0597922
v -0.0237448 0.0263338 0.00171587
vn -0.80445 0.593027 0.0343454
v -0.0232952 0.0257897 0.00693043
vn -0.729066 0.658807 0.185571
v -0.022364 0.0265577 0.00720588
vn -0.5612 0.802366 0.20313
v 3.1665e-08 0.033608 0.00992282
vn -1.88282e-05 0.95712 0.289693
v -0.00293005 0.0313606 0.0152369
vn -0.0812717 0.896418 0.435694
v 3.1665e-08 0.0314675 0.0152949
vn 0.000321241 0.898719 0.438525
v 3.1665e-08 0.033608 0.00992282
vn -1.88282e-05 0.95712 0.289693
v -0.00315784 0.0334686 0.00986567
vn -0.0938959 0.953919 0.284993
v -0.00293005 0.0313606 0.0152369
vn -0.0812717 0.896418 0.435694
v 3.1665e-08 0.0314675 0.0152949
vn 0.000321241 0.898719 0.438525
v -0.00264621 0.0283869 0.0203719
vn -0.0706078 0.817915 0.570989
v 3.1665e-08 0.0284574 0.02043
vn 0.00241002 0.819612 0.572914
v 3.1665e-08 0.0314675 0.0152949
vn 0.000321241 0.898719 0.438525
v -0.00293005 0.0313606 0.0152369
vn -0.0812717 0.896418 0.435694
v -0.00264621 0.0283869 0.0203719
vn -0.0706078 0.817915 0.570989
v 3.1665e-08 0.0250148 0.0246042
vn 0.000331122 0.711869 0.702313
v -0.00264621 0.0283869 0.0203719
vn -0.0706078 0.817915 0.570989
v -0.00240039 0.024971 0.0245351
vn -0.0654991 0.709633 0.701521
v 3.1665e-08 0.0250148 0.0246042
vn 0.000331122 0.711869 0.702313
v 3.1665e-08 0.0284574 0.02043
vn 0.00241002 0.819612 0.572914
v -0.00264621 0.0283869 0.0203719
vn -0.0706078 0.817915 0.570989
v -0.0154558 0.00766261 0.0306018
vn -0.348508 0.244457 0.904867
v -0.0178807 0.0125737 0.0277953
vn -0.558211 0.312388 0.768644
v -0.0170168 0.00737684 0.030087
vn -0.476779 0.231264 0.848056
v -0.0154558 0.00766261 0.0306018
vn -0.348508 0.244457 0.904867
v -0.0165517 0.0130061 0.0284042
vn -0.386918 0.382119 0.839213
v -0.0178807 0.0125737 0.0277953
vn -0.558211 0.312388 0.768644
v -0.0191249 0.0170859 0.0245475
vn -0.596599 0.439822 0.671287
v -0.0210768 0.0202273 0.0198105
vn -0.572837 0.585146 0.573987
v -0.0198764 0.0166055 0.0239738
vn -0.595477 0.441191 0.671385
v -0.0191249 0.0170859 0.0245475
vn -0.596599 0.439822 0.671287
v -0.0203624 0.020694 0.0202325
vn -0.61388 0.548287 0.567919
v -0.0210768 0.0202273 0.0198105
vn -0.572837 0.585146 0.573987
v -0.0151074 0.00393727 0.031475
vn -0.307262 0.127005 0.943112
v -0.0170168 0.00737684 0.030087
vn -0.476779 0.231264 0.848056
v -0.0167213 0.00379017 0.0310079
vn -0.471108 0.098013 0.876613
v -0.0151074 0.00393727 0.031475
vn -0.307262 0.127005 0.943112
v -0.0154558 0.00766261 0.0306018
vn -0.348508 0.244457 0.904867
v -0.0170168 0.00737684 0.030087
vn -0.476779 0.231264 0.848056
v -0.0149861 7.37612e-09 0.0317428
vn -0.339623 5.18296e-05 0.940562
v -0.0167213 0.00379017 0.0310079
vn -0.471108 0.098013 0.876613
v -0.016528 7.37612e-09 0.0311065
vn -0.487791 0.0009491 0.87296
v -0.0149861 7.37612e-09 0.0317428
vn -0.339623 5.18296e-05 0.940562
v -0.0151074 0.00393727 0.031475
vn -0.307262 0.127005 0.943112
v -0.0167213 0.00379017 0.0310079
vn -0.471108 0.098013 0.876613
v -0.0191249 0.0170859 0.0245475
vn -0.596599 0.439822 0.671287
v -0.0165517 0.0130061 0.0284042
vn -0.386918 0.382119 0.839213
v -0.0178696 0.0176614 0.02501
vn -0.431371 0.534566 0.726745
v -0.0191249 0.0170859 0.0245475
vn -0.596599 0.439822 0.671287
v -0.0178807 0.0125737 0.0277953
vn -0.558211 0.312388 0.768644
v -0.0165517 0.0130061 0.0284042
vn -0.386918 0.382119 0.839213
v -0.0170168 0.00737684 0.030087
vn -0.476779 0.231264 0.848056
v -0.0187416 0.0121258 0.0271863
vn -0.543196 0.325305 0.774025
v -0.0179211 0.00711001 0.0294294
vn -0.545553 0.203381 0.813024
v -0.0170168 0.00737684 0.030087
vn -0.476779 0.231264 0.848056
v -0.0178807 0.0125737 0.0277953
vn -0.558211 0.312388 0.768644
v -0.0187416 0.0121258 0.0271863
vn -0.543196 0.325305 0.774025
v -0.0187416 0.0121258 0.0271863
vn -0.543196 0.325305 0.774025
v -0.0189512 0.00692723 0.0289406
vn -0.462181 0.212802 0.860874
v -0.0179211 0.00711001 0.0294294
vn -0.545553 0.203381 0.813024
v -0.0187416 0.0121258 0.0271863
vn -0.543196 0.325305 0.774025
v -0.0197074 0.0119208 0.0267919
vn -0.470552 0.366571 0.802625
v -0.0189512 0.00692723 0.0289406
vn -0.462181 0.212802 0.860874
v -0.0167213 0.00379017 0.0310079
vn -0.471108 0.098013 0.876613
v -0.0179211 0.00711001 0.0294294
vn -0.545553 0.203381 0.813024
v -0.0176474 0.00364181 0.0302416
vn -0.591461 0.0772242 0.802627
v -0.0167213 0.00379017 0.0310079
vn -0.471108 0.098013 0.876613
v -0.0170168 0.00737684 0.030087
vn -0.476779 0.231264 0.848056
v -0.0179211 0.00711001 0.0294294
vn -0.545553 0.203381 0.813024
v -0.016528 7.37612e-09 0.0311065
vn -0.487791 0.0009491 0.87296
v -0.0176474 0.00364181 0.0302416
vn -0.591461 0.0772242 0.802627
v -0.0174776 7.37612e-09 0.0304217
vn -0.524872 0.00259102 0.851177
v -0.016528 7.37612e-09 0.0311065
vn -0.487791 0.0009491 0.87296
v -0.0167213 0.00379017 0.0310079
vn -0.471108 0.098013 0.876613
v -0.0176474 0.00364181 0.0302416
vn -0.591461 0.0772242 0.802627
v -0.0204683 0.0237682 0.0165451
vn -0.441046 0.757542 0.481257
v -0.0226611 0.0248342 0.0115183
vn -0.715281 0.622182 0.318218
v -0.0215449 0.0230678 0.0161316
vn -0.664714 0.596002 0.450485
v -0.0204683 0.0237682 0.0165451
vn -0.441046 0.757542 0.481257
v -0.0216596 0.0255887 0.01186
vn -0.516203 0.785568 0.341199
v -0.0226611 0.0248342 0.0115183
vn -0.715281 0.622182 0.318218
v -0.0178807 0.0125737 0.0277953
vn -0.558211 0.312388 0.768644
v -0.0198764 0.0166055 0.0239738
vn -0.595477 0.441191 0.671385
v -0.0187416 0.0121258 0.0271863
vn -0.543196 0.325305 0.774025
v -0.0178807 0.0125737 0.0277953
vn -0.558211 0.312388 0.768644
v -0.0191249 0.0170859 0.0245475
vn -0.596599 0.439822 0.671287
v -0.0198764 0.0166055 0.0239738
vn -0.595477 0.441191 0.671385
v -0.0226611 0.0248342 0.0115183
vn -0.715281 0.622182 0.318218
v -0.0238113 0.025152 0.00669361
vn -0.72477 0.665673 0.17773
v -0.0231916 0.0242275 0.0112104
vn -0.715714 0.627371 0.306855
v -0.0226611 0.0248342 0.0115183
vn -0.715281 0.622182 0.318218
v -0.0232952 0.0257897 0.00693043
vn -0.729066 0.658807 0.185571
v -0.0238113 0.025152 0.00669361
vn -0.72477 0.665673 0.17773
v -0.0216596 0.0255887 0.01186
vn -0.516203 0.785568 0.341199
v -0.0232952 0.0257897 0.00693043
vn -0.729066 0.658807 0.185571
v -0.0226611 0.0248342 0.0115183
vn -0.715281 0.622182 0.318218
v -0.0216596 0.0255887 0.01186
vn -0.516203 0.785568 0.341199
v -0.022364 0.0265577 0.00720588
vn -0.5612 0.802366 0.20313
v -0.0232952 0.0257897 0.00693043
vn -0.729066 0.658807 0.185571
v -0.0203624 0.020694 0.0202325
vn -0.61388 0.548287 0.567919
v -0.0204683 0.0237682 0.0165451
vn -0.441046 0.757542 0.481257
v -0.0215449 0.0230678 0.0161316
vn -0.664714 0.596002 0.450485
v -0.0203624 0.020694 0.0202325
vn -0.61388 0.548287 0.567919
v -0.0192592 0.0213593 0.0206562
vn -0.479893 0.648944 0.590401
v -0.0204683 0.0237682 0.0165451
vn -0.441046 0.757542 0.481257
v -0.0237448 0.0263338 0.00171587
vn -0.80445 0.593027 0.0343454
v -0.0238113 0.025152 0.00669361
vn -0.72477 0.665673 0.17773
v -0.0232952 0.0257897 0.00693043
vn -0.729066 0.658807 0.185571
v -0.0237448 0.0263338 0.00171587
vn -0.80445 0.593027 0.0343454
v -0.024155 0.0255881 0.00150713
vn -0.773182 0.633891 0.0192712
v -0.0238113 0.025152 0.00669361
vn -0.72477 0.665673 0.17773
v -0.0215449 0.0230678 0.0161316
vn -0.664714 0.596002 0.450485
v -0.0231916 0.0242275 0.0112104
vn -0.715714 0.627371 0.306855
v -0.0221991 0.0224577 0.0157831
vn -0.641008 0.625142 0.445316
v -0.0215449 0.0230678 0.0161316
vn -0.664714 0.596002 0.450485
v -0.0226611 0.0248342 0.0115183
vn -0.715281 0.622182 0.318218
v -0.0231916 0.0242275 0.0112104
vn -0.715714 0.627371 0.306855
v -0.0215449 0.0230678 0.0161316
vn -0.664714 0.596002 0.450485
v -0.0210768 0.0202273 0.0198105
vn -0.572837 0.585146 0.573987
v -0.0203624 0.020694 0.0202325
vn -0.61388 0.548287 0.567919
v -0.0215449 0.0230678 0.0161316
vn -0.664714 0.596002 0.450485
v -0.0221991 0.0224577 0.0157831
vn -0.641008 0.625142 0.445316
v -0.0210768 0.0202273 0.0198105
vn -0.572837 0.585146 0.573987
v -0.0221991 0.0224577 0.0157831
vn -0.641008 0.625142 0.445316
v -0.0219788 0.0198058 0.019581
vn -0.515545 0.626208 0.584873
v -0.0210768 0.0202273 0.0198105
vn -0.572837 0.585146 0.573987
v -0.0221991 0.0224577 0.0157831
vn -0.641008 0.625142 0.445316
v -0.0229968 0.0219976 0.0155384
vn -0.560706 0.697047 0.446916
v -0.0219788 0.0198058 0.019581
vn -0.515545 0.626208 0.584873
v -0.0225623 0.0265956 -0.00667282
vn -0.608237 0.770803 -0.189501
v -0.0225323 0.0249894 -0.0108911
vn -0.704799 0.633636 -0.319005
v -0.0232562 0.025739 -0.00696632
vn -0.767161 0.614546 -0.183838
v -0.0225623 0.0265956 -0.00667282
vn -0.608237 0.770803 -0.189501
v -0.021888 0.0257206 -0.0105946
vn -0.581259 0.755741 -0.301652
v -0.0225323 0.0249894 -0.0108911
vn -0.704799 0.633636 -0.319005
v -0.0225323 0.0249894 -0.0108911
vn -0.704799 0.633636 -0.319005
v -0.0214711 0.0229201 -0.0156976
vn -0.644607 0.61523 -0.453843
v -0.0229873 0.0242931 -0.0110944
vn -0.654086 0.678152 -0.335084
v -0.0225323 0.0249894 -0.0108911
vn -0.704799 0.633636 -0.319005
v -0.0211785 0.0237959 -0.0155667
vn -0.74238 0.502242 -0.443425
v -0.0214711 0.0229201 -0.0156976
vn -0.644607 0.61523 -0.453843
v -0.021888 0.0257206 -0.0105946
vn -0.581259 0.755741 -0.301652
v -0.0211785 0.0237959 -0.0155667
vn -0.74238 0.502242 -0.443425
v -0.0225323 0.0249894 -0.0108911
vn -0.704799 0.633636 -0.319005
v -0.021888 0.0257206 -0.0105946
vn -0.581259 0.755741 -0.301652
v -0.0206054 0.0245978 -0.0152097
vn -0.557248 0.721437 -0.411099
v -0.0211785 0.0237959 -0.0155667
vn -0.74238 0.502242 -0.443425
v -0.0235488 0.026058 -0.00315636
vn -0.787127 0.611183 -0.0829825
v -0.0225623 0.0265956 -0.00667282
vn -0.608237 0.770803 -0.189501
v -0.0232562 0.025739 -0.00696632
vn -0.767161 0.614546 -0.183838
v -0.0235488 0.026058 -0.00315636
vn -0.787127 0.611183 -0.0829825
v -0.022705 0.0270185 -0.00299904
vn -0.637381 0.764892 -0.0931984
v -0.0225623 0.0265956 -0.00667282
vn -0.608237 0.770803 -0.189501
v -0.019189 0.0223896 -0.0194775
vn -0.674911 0.458408 -0.578236
v -0.0214711 0.0229201 -0.0156976
vn -0.644607 0.61523 -0.453843
v -0.0211785 0.0237959 -0.0155667
vn -0.74238 0.502242 -0.443425
v -0.019189 0.0223896 -0.0194775
vn -0.674911 0.458408 -0.578236
v -0.0194464 0.0215414 -0.0196774
vn -0.541397 0.631386 -0.555194
v -0.0214711 0.0229201 -0.0156976
vn -0.644607 0.61523 -0.453843
v -0.0232562 0.025739 -0.00696632
vn -0.767161 0.614546 -0.183838
v -0.0229873 0.0242931 -0.0110944
vn -0.654086 0.678152 -0.335084
v -0.0236988 0.0250541 -0.00716451
vn -0.692496 0.694747 -0.194362
v -0.0232562 0.025739 -0.00696632
vn -0.767161 0.614546 -0.183838
v -0.0225323 0.0249894 -0.0108911
vn -0.704799 0.633636 -0.319005
v -0.0229873 0.0242931 -0.0110944
vn -0.654086 0.678152 -0.335084
v -0.0235488 0.026058 -0.00315636
vn -0.787127 0.611183 -0.0829825
v -0.024155 0.0255881 0.00150713
vn -0.773182 0.633891 0.0192712
v -0.0237448 0.0263338 0.00171587
vn -0.80445 0.593027 0.0343454
v -0.0235488 0.026058 -0.00315636
vn -0.787127 0.611183 -0.0829825
v -0.0239867 0.0253846 -0.00335157
vn -0.675584 0.73329 -0.0766236
v -0.024155 0.0255881 0.00150713
vn -0.773182 0.633891 0.0192712
v -0.0239867 0.0253846 -0.00335157
vn -0.675584 0.73329 -0.0766236
v -0.024795 0.0250543 0.00137062
vn -0.624188 0.780566 0.0332684
v -0.024155 0.0255881 0.00150713
vn -0.773182 0.633891 0.0192712
v -0.0239867 0.0253846 -0.00335157
vn -0.675584 0.73329 -0.0766236
v -0.0247034 0.0249736 -0.00354329
vn -0.56258 0.823069 -0.0778483
v -0.024795 0.0250543 0.00137062
vn -0.624188 0.780566 0.0332684
v -0.00966685 0.0210702 -0.026764
vn -0.264725 0.625224 -0.734177
v -0.00696842 0.0196201 -0.0285606
vn -0.226597 0.417278 -0.880076
v -0.0099334 0.0199031 -0.0274181
vn -0.332181 0.422729 -0.843182
v -0.00966685 0.0210702 -0.026764
vn -0.264725 0.625224 -0.734177
v -0.00676132 0.0208035 -0.0278059
vn -0.16501 0.636707 -0.753243
v -0.00696842 0.0196201 -0.0285606
vn -0.226597 0.417278 -0.880076
v -0.00696842 0.0196201 -0.0285606
vn -0.226597 0.417278 -0.880076
v -0.00360838 0.0183597 -0.0296454
vn -0.0920896 0.535653 -0.839402
v -0.00705268 0.018578 -0.0288516
vn -0.202432 0.537132 -0.818847
v -0.00696842 0.0196201 -0.0285606
vn -0.226597 0.417278 -0.880076
v -0.00354985 0.01941 -0.0292472
vn -0.107157 0.445867 -0.888662
v -0.00360838 0.0183597 -0.0296454
vn -0.0920896 0.535653 -0.839402
v -0.00676132 0.0208035 -0.0278059
vn -0.16501 0.636707 -0.753243
v -0.00354985 0.01941 -0.0292472
vn -0.107157 0.445867 -0.888662
v -0.00696842 0.0196201 -0.0285606
vn -0.226597 0.417278 -0.880076
v -0.00676132 0.0208035 -0.0278059
vn -0.16501 0.636707 -0.753243
v -0.00346038 0.0206145 -0.0285162
vn -0.0812111 0.615553 -0.7839
v -0.00354985 0.01941 -0.0292472
vn -0.107157 0.445867 -0.888662
v -0.0129318 0.0216481 -0.0248905
vn -0.318742 0.669144 -0.671305
v -0.0099334 0.0199031 -0.0274181
vn -0.332181 0.422729 -0.843182
v -0.013339 0.0205229 -0.0255643
vn -0.419458 0.479212 -0.77098
v -0.0129318 0.0216481 -0.0248905
vn -0.318742 0.669144 -0.671305
v -0.00966685 0.0210702 -0.026764
vn -0.264725 0.625224 -0.734177
v -0.0099334 0.0199031 -0.0274181
vn -0.332181 0.422729 -0.843182
v -0.019189 0.0223896 -0.0194775
vn -0.674911 0.458408 -0.578236
v -0.0160512 0.0223685 -0.0223412
vn -0.431101 0.658517 -0.616853
v -0.0165286 0.0212854 -0.0228984
vn -0.549964 0.491246 -0.675438
v -0.019189 0.0223896 -0.0194775
vn -0.674911 0.458408 -0.578236
v -0.0187042 0.0234054 -0.0190048
vn -0.521492 0.665791 -0.533637
v -0.0160512 0.0223685 -0.0223412
vn -0.431101 0.658517 -0.616853
v -0.0165286 0.0212854 -0.0228984
vn -0.549964 0.491246 -0.675438
v -0.0135727 0.0196251 -0.0258728
vn -0.367799 0.563227 -0.739932
v -0.0168241 0.0204002 -0.0232044
vn -0.468498 0.601327 -0.647236
v -0.0165286 0.0212854 -0.0228984
vn -0.549964 0.491246 -0.675438
v -0.013339 0.0205229 -0.0255643
vn -0.419458 0.479212 -0.77098
v -0.0135727 0.0196251 -0.0258728
vn -0.367799 0.563227 -0.739932
v 3.1665e-08 0.020507 -0.0287116
vn -0.00126627 0.639683 -0.768638
v -0.00354985 0.01941 -0.0292472
vn -0.107157 0.445867 -0.888662
v -0.00346038 0.0206145 -0.0285162
vn -0.0812111 0.615553 -0.7839
v 3.1665e-08 0.020507 -0.0287116
vn -0.00126627 0.639683 -0.768638
v 3.1665e-08 0.0193695 -0.0295565
vn -0.000700145 0.435959 -0.899966
v -0.00354985 0.01941 -0.0292472
vn -0.107157 0.445867 -0.888662
v -0.0099334 0.0199031 -0.0274181
vn -0.332181 0.422729 -0.843182
v -0.00705268 0.018578 -0.0288516
vn -0.202432 0.537132 -0.818847
v -0.0100956 0.0189004 -0.0277295
vn -0.271958 0.556588 -0.785016
v -0.0099334 0.0199031 -0.0274181
vn -0.332181 0.422729 -0.843182
v -0.00696842 0.0196201 -0.0285606
vn -0.226597 0.417278 -0.880076
v -0.00705268 0.018578 -0.0288516
vn -0.202432 0.537132 -0.818847
v -0.013339 0.0205229 -0.0255643
vn -0.419458 0.479212 -0.77098
v -0.0100956 0.0189004 -0.0277295
vn -0.271958 0.556588 -0.785016
v -0.0135727 0.0196251 -0.0258728
vn -0.367799 0.563227 -0.739932
v -0.013339 0.0205229 -0.0255643
vn -0.419458 0.479212 -0.77098
v -0.0099334 0.0199031 -0.0274181
vn -0.332181 0.422729 -0.843182
v -0.0100956 0.0189004 -0.0277295
vn -0.271958 0.556588 -0.785016
v -0.0165286 0.0212854 -0.0228984
vn -0.549964 0.491246 -0.675438
v -0.0194464 0.0215414 -0.0196774
vn -0.541397 0.631386 -0.555194
v -0.019189 0.0223896 -0.0194775
vn -0.674911 0.458408 -0.578236
v -0.0165286 0.0212854 -0.0228984
vn -0.549964 0.491246 -0.675438
v -0.0168241 0.0204002 -0.0232044
vn -0.468498 0.601327 -0.647236
v -0.0194464 0.0215414 -0.0196774
vn -0.541397 0.631386 -0.555194
v -0.0168241 0.0204002 -0.0232044
vn -0.468498 0.601327 -0.647236
v -0.0201007 0.0210087 -0.0201524
vn -0.449955 0.71783 -0.531281
v -0.0194464 0.0215414 -0.0196774
vn -0.541397 0.631386 -0.555194
v -0.0168241 0.0204002 -0.0232044
vn -0.468498 0.601327 -0.647236
v -0.0173157 0.0196686 -0.0238007
vn -0.419623 0.654878 -0.628531
v -0.0201007 0.0210087 -0.0201524
vn -0.449955 0.71783 -0.531281
v -0.00937099 0.0222125 -0.0256065
vn -0.235061 0.701816 -0.672459
v -0.00676132 0.0208035 -0.0278059
vn -0.16501 0.636707 -0.753243
v -0.00966685 0.0210702 -0.026764
vn -0.264725 0.625224 -0.734177
v -0.00937099 0.0222125 -0.0256065
vn -0.235061 0.701816 -0.672459
v -0.00653976 0.0218427 -0.0267408
vn -0.151425 0.701056 -0.696844
v -0.00676132 0.0208035 -0.0278059
vn -0.16501 0.636707 -0.753243
v 3.1665e-08 0.0193695 -0.0295565
vn -0.000700145 0.435959 -0.899966
v -0.00360838 0.0183597 -0.0296454
vn -0.0920896 0.535653 -0.839402
v -0.00354985 0.01941 -0.0292472
vn -0.107157 0.445867 -0.888662
v 3.1665e-08 0.0193695 -0.0295565
vn -0.000700145 0.435959 -0.899966
v -5.75153e-05 0.0182849 -0.0298356
vn -0.00650682 0.529893 -0.84804
v -0.00360838 0.0183597 -0.0296454
vn -0.0920896 0.535653 -0.839402
v -0.0127663 0.0226317 -0.023693
vn -0.297248 0.724213 -0.622221
v -0.00940993 0.025099 -0.0226895
vn -0.255646 0.731553 -0.63204
v -0.00937099 0.0222125 -0.0256065
vn -0.235061 0.701816 -0.672459
v -0.0127663 0.0226317 -0.023693
vn -0.297248 0.724213 -0.622221
v -0.0124813 0.0251169 -0.0211808
vn -0.334488 0.734136 -0.5909
v -0.00940993 0.025099 -0.0226895
vn -0.255646 0.731553 -0.63204
v -0.0154338 0.0233769 -0.0213597
vn -0.370726 0.730076 -0.574066
v -0.0124813 0.0251169 -0.0211808
vn -0.334488 0.734136 -0.5909
v -0.0127663 0.0226317 -0.023693
vn -0.297248 0.724213 -0.622221
v -0.0154338 0.0233769 -0.0213597
vn -0.370726 0.730076 -0.574066
v -0.0152146 0.0251753 -0.0192998
vn -0.391859 0.747692 -0.5361
v -0.0124813 0.0251169 -0.0211808
vn -0.334488 0.734136 -0.5909
v -0.0179158 0.0243164 -0.0182109
vn -0.4328 0.752587 -0.496283
v -0.0152146 0.0251753 -0.0192998
vn -0.391859 0.747692 -0.5361
v -0.0154338 0.0233769 -0.0213597
vn -0.370726 0.730076 -0.574066
v -0.0179158 0.0243164 -0.0182109
vn -0.4328 0.752587 -0.496283
v -0.0169207 0.0256338 -0.0171914
vn -0.450826 0.751178 -0.48217
v -0.0152146 0.0251753 -0.0192998
vn -0.391859 0.747692 -0.5361
v -0.0207652 0.0265501 -0.0102569
vn -0.517691 0.806641 -0.285177
v -0.0176161 0.0265489 -0.0149117
vn -0.475043 0.78523 -0.397175
v -0.0194629 0.025384 -0.0149154
vn -0.471471 0.789315 -0.393316
v -0.0207652 0.0265501 -0.0102569
vn -0.517691 0.806641 -0.285177
v -0.0184768 0.0279626 -0.0105086
vn -0.502837 0.812908 -0.29383
v -0.0176161 0.0265489 -0.0149117
vn -0.475043 0.78523 -0.397175
v -0.00653976 0.0218427 -0.0267408
vn -0.151425 0.701056 -0.696844
v -0.00346038 0.0206145 -0.0285162
vn -0.0812111 0.615553 -0.7839
v -0.00676132 0.0208035 -0.0278059
vn -0.16501 0.636707 -0.753243
v -0.00653976 0.0218427 -0.0267408
vn -0.151425 0.701056 -0.696844
v -0.00331677 0.0216861 -0.0274582
vn -0.074167 0.691438 -0.718618
v -0.00346038 0.0206145 -0.0285162
vn -0.0812111 0.615553 -0.7839
v -0.0127663 0.0226317 -0.023693
vn -0.297248 0.724213 -0.622221
v -0.00966685 0.0210702 -0.026764
vn -0.264725 0.625224 -0.734177
v -0.0129318 0.0216481 -0.0248905
vn -0.318742 0.669144 -0.671305
v -0.0127663 0.0226317 -0.023693
vn -0.297248 0.724213 -0.622221
v -0.00937099 0.0222125 -0.0256065
vn -0.235061 0.701816 -0.672459
v -0.00966685 0.0210702 -0.026764
vn -0.264725 0.625224 -0.734177
v -0.0319285 0.011971 0.00675745
vn -0.938144 0.299191 0.174271
v -0.0314755 0.00693304 0.0129979
vn -0.91921 0.185321 0.347431
v -0.0304893 0.0117907 0.0122093
vn -0.892833 0.30332 0.332936
v -0.0319285 0.011971 0.00675745
vn -0.938144 0.299191 0.174271
v -0.0330725 0.00696898 0.00713093
vn -0.968046 0.177209 0.177436
v -0.0314755 0.00693304 0.0129979
vn -0.91921 0.185321 0.347431
v -0.0154338 0.0233769 -0.0213597
vn -0.370726 0.730076 -0.574066
v -0.0129318 0.0216481 -0.0248905
vn -0.318742 0.669144 -0.671305
v -0.0160512 0.0223685 -0.0223412
vn -0.431101 0.658517 -0.616853
v -0.0154338 0.0233769 -0.0213597
vn -0.370726 0.730076 -0.574066
v -0.0127663 0.0226317 -0.023693
vn -0.297248 0.724213 -0.622221
v -0.0129318 0.0216481 -0.0248905
vn -0.318742 0.669144 -0.671305
v 3.1665e-08 0.0214444 -0.0277883
vn -0.00138578 0.687884 -0.725819
v -0.00346038 0.0206145 -0.0285162
vn -0.0812111 0.615553 -0.7839
v -0.00331677 0.0216861 -0.0274582
vn -0.074167 0.691438 -0.718618
v 3.1665e-08 0.0214444 -0.0277883
vn -0.00138578 0.687884 -0.725819
v 3.1665e-08 0.020507 -0.0287116
vn -0.00126627 0.639683 -0.768638
v -0.00346038 0.0206145 -0.0285162
vn -0.0812111 0.615553 -0.7839
v -0.0213253 0.0273363 -0.00635236
vn -0.505077 0.843317 -0.183612
v -0.0184768 0.0279626 -0.0105086
vn -0.502837 0.812908 -0.29383
v -0.0207652 0.0265501 -0.0102569
vn -0.517691 0.806641 -0.285177
v -0.0213253 0.0273363 -0.00635236
vn -0.505077 0.843317 -0.183612
v -0.0188366 0.0288941 -0.00645654
vn -0.507003 0.842844 -0.180448
v -0.0184768 0.0279626 -0.0105086
vn -0.502837 0.812908 -0.29383
v -0.0187042 0.0234054 -0.0190048
vn -0.521492 0.665791 -0.533637
v -0.0154338 0.0233769 -0.0213597
vn -0.370726 0.730076 -0.574066
v -0.0160512 0.0223685 -0.0223412
vn -0.431101 0.658517 -0.616853
v -0.0187042 0.0234054 -0.0190048
vn -0.521492 0.665791 -0.533637
v -0.0179158 0.0243164 -0.0182109
vn -0.4328 0.752587 -0.496283
v -0.0154338 0.0233769 -0.0213597
vn -0.370726 0.730076 -0.574066
v -0.0179158 0.0243164 -0.0182109
vn -0.4328 0.752587 -0.496283
v -0.0206054 0.0245978 -0.0152097
vn -0.557248 0.721437 -0.411099
v -0.0194629 0.025384 -0.0149154
vn -0.471471 0.789315 -0.393316
v -0.0179158 0.0243164 -0.0182109
vn -0.4328 0.752587 -0.496283
v -0.0187042 0.0234054 -0.0190048
vn -0.521492 0.665791 -0.533637
v -0.0206054 0.0245978 -0.0152097
vn -0.557248 0.721437 -0.411099
v -0.0215587 0.0277937 -0.00256613
vn -0.523961 0.848375 -0.0756661
v -0.0188366 0.0288941 -0.00645654
vn -0.507003 0.842844 -0.180448
v -0.0213253 0.0273363 -0.00635236
vn -0.505077 0.843317 -0.183612
v -0.0215587 0.0277937 -0.00256613
vn -0.523961 0.848375 -0.0756661
v -0.0189441 0.0294091 -0.00248355
vn -0.505505 0.860691 -0.0606187
v -0.0188366 0.0288941 -0.00645654
vn -0.507003 0.842844 -0.180448
v -0.0194629 0.025384 -0.0149154
vn -0.471471 0.789315 -0.393316
v -0.0169207 0.0256338 -0.0171914
vn -0.450826 0.751178 -0.48217
v -0.0179158 0.0243164 -0.0182109
vn -0.4328 0.752587 -0.496283
v -0.0194629 0.025384 -0.0149154
vn -0.471471 0.789315 -0.393316
v -0.0176161 0.0265489 -0.0149117
vn -0.475043 0.78523 -0.397175
v -0.0169207 0.0256338 -0.0171914
vn -0.450826 0.751178 -0.48217
v -0.0201993 0.026146 0.0121499
vn -0.459356 0.808596 0.367647
v -0.0181671 0.02887 0.00816697
vn -0.494431 0.840133 0.222967
v -0.0209957 0.0272012 0.00753772
vn -0.494398 0.842082 0.215565
v -0.0201993 0.026146 0.0121499
vn -0.459356 0.808596 0.367647
v -0.0173123 0.0276522 0.0129659
vn -0.478302 0.795025 0.373046
v -0.0181671 0.02887 0.00816697
vn -0.494431 0.840133 0.222967
v -0.0137119 0.0078641 0.0312131
vn -0.345911 0.238429 0.907468
v -0.0119961 0.0139269 0.0298197
vn -0.338139 0.392182 0.855485
v -0.0147851 0.0133622 0.0288293
vn -0.338862 0.400234 0.85146
v -0.0137119 0.0078641 0.0312131
vn -0.345911 0.238429 0.907468
v -0.0109536 0.00818946 0.0321858
vn -0.311582 0.244891 0.91812
v -0.0119961 0.0139269 0.0298197
vn -0.338139 0.392182 0.855485
v -0.0207652 0.0265501 -0.0102569
vn -0.517691 0.806641 -0.285177
v -0.0206054 0.0245978 -0.0152097
vn -0.557248 0.721437 -0.411099
v -0.021888 0.0257206 -0.0105946
vn -0.581259 0.755741 -0.301652
v -0.0207652 0.0265501 -0.0102569
vn -0.517691 0.806641 -0.285177
v -0.0194629 0.025384 -0.0149154
vn -0.471471 0.789315 -0.393316
v -0.0206054 0.0245978 -0.0152097
vn -0.557248 0.721437 -0.411099
v -0.0213253 0.0273363 -0.00635236
vn -0.505077 0.843317 -0.183612
v -0.021888 0.0257206 -0.0105946
vn -0.581259 0.755741 -0.301652
v -0.0225623 0.0265956 -0.00667282
vn -0.608237 0.770803 -0.189501
v -0.0213253 0.0273363 -0.00635236
vn -0.505077 0.843317 -0.183612
v -0.0207652 0.0265501 -0.0102569
vn -0.517691 0.806641 -0.285177
v -0.021888 0.0257206 -0.0105946
vn -0.581259 0.755741 -0.301652
v -0.022705 0.0270185 -0.00299904
vn -0.637381 0.764892 -0.0931984
v -0.0213253 0.0273363 -0.00635236
vn -0.505077 0.843317 -0.183612
v -0.0225623 0.0265956 -0.00667282
vn -0.608237 0.770803 -0.189501
v -0.022705 0.0270185 -0.00299904
vn -0.637381 0.764892 -0.0931984
v -0.0215587 0.0277937 -0.00256613
vn -0.523961 0.848375 -0.0756661
v -0.0213253 0.0273363 -0.00635236
vn -0.505077 0.843317 -0.183612
v -0.0215223 0.0278563 0.00229578
vn -0.47821 0.874573 0.0802343
v -0.022364 0.0265577 0.00720588
vn -0.5612 0.802366 0.20313
v -0.0209957 0.0272012 0.00753772
vn -0.494398 0.842082 0.215565
v -0.0215223 0.0278563 0.00229578
vn -0.47821 0.874573 0.0802343
v -0.0228845 0.0272303 0.00192712
vn -0.594966 0.801524 0.0597922
v -0.022364 0.0265577 0.00720588
vn -0.5612 0.802366 0.20313
v -0.0177209 0.0219498 0.0210001
vn -0.439694 0.671205 0.596786
v -0.0161764 0.025565 0.0178749
vn -0.472286 0.730471 0.493313
v -0.0188651 0.0241612 0.016763
vn -0.426671 0.765858 0.481054
v -0.0177209 0.0219498 0.0210001
vn -0.439694 0.671205 0.596786
v -0.0148578 0.0230124 0.0220138
vn -0.409934 0.659501 0.63009
v -0.0161764 0.025565 0.0178749
vn -0.472286 0.730471 0.493313
v -0.0209957 0.0272012 0.00753772
vn -0.494398 0.842082 0.215565
v -0.0187509 0.0295084 0.002636
vn -0.500818 0.86179 0.0806156
v -0.0215223 0.0278563 0.00229578
vn -0.47821 0.874573 0.0802343
v -0.0209957 0.0272012 0.00753772
vn -0.494398 0.842082 0.215565
v -0.0181671 0.02887 0.00816697
vn -0.494431 0.840133 0.222967
v -0.0187509 0.0295084 0.002636
vn -0.500818 0.86179 0.0806156
v -0.0119961 0.0139269 0.0298197
vn -0.338139 0.392182 0.855485
v -0.0162263 0.0182085 0.0254231
vn -0.383368 0.544119 0.746299
v -0.0147851 0.0133622 0.0288293
vn -0.338862 0.400234 0.85146
v -0.0119961 0.0139269 0.0298197
vn -0.338139 0.392182 0.855485
v -0.0133642 0.0189104 0.0263796
vn -0.360305 0.539862 0.760743
v -0.0162263 0.0182085 0.0254231
vn -0.383368 0.544119 0.746299
v -0.0201993 0.026146 0.0121499
vn -0.459356 0.808596 0.367647
v -0.022364 0.0265577 0.00720588
vn -0.5612 0.802366 0.20313
v -0.0216596 0.0255887 0.01186
vn -0.516203 0.785568 0.341199
v -0.0201993 0.026146 0.0121499
vn -0.459356 0.808596 0.367647
v -0.0209957 0.0272012 0.00753772
vn -0.494398 0.842082 0.215565
v -0.022364 0.0265577 0.00720588
vn -0.5612 0.802366 0.20313
v -0.0188651 0.0241612 0.016763
vn -0.426671 0.765858 0.481054
v -0.0216596 0.0255887 0.01186
vn -0.516203 0.785568 0.341199
v -0.0204683 0.0237682 0.0165451
vn -0.441046 0.757542 0.481257
v -0.0188651 0.0241612 0.016763
vn -0.426671 0.765858 0.481054
v -0.0201993 0.026146 0.0121499
vn -0.459356 0.808596 0.367647
v -0.0216596 0.0255887 0.01186
vn -0.516203 0.785568 0.341199
v -0.0192592 0.0213593 0.0206562
vn -0.479893 0.648944 0.590401
v -0.0188651 0.0241612 0.016763
vn -0.426671 0.765858 0.481054
v -0.0204683 0.0237682 0.0165451
vn -0.441046 0.757542 0.481257
v -0.0192592 0.0213593 0.0206562
vn -0.479893 0.648944 0.590401
v -0.0177209 0.0219498 0.0210001
vn -0.439694 0.671205 0.596786
v -0.0188651 0.0241612 0.016763
vn -0.426671 0.765858 0.481054
v -0.0177209 0.0219498 0.0210001
vn -0.439694 0.671205 0.596786
v -0.0178696 0.0176614 0.02501
vn -0.431371 0.534566 0.726745
v -0.0162263 0.0182085 0.0254231
vn -0.383368 0.544119 0.746299
v -0.0177209 0.0219498 0.0210001
vn -0.439694 0.671205 0.596786
v -0.0192592 0.0213593 0.0206562
vn -0.479893 0.648944 0.590401
v -0.0178696 0.0176614 0.02501
vn -0.431371 0.534566 0.726745
v -0.0133358 0.00407093 0.0320613
vn -0.331757 0.116844 0.936101
v -0.0109536 0.00818946 0.0321858
vn -0.311582 0.244891 0.91812
v -0.0137119 0.0078641 0.0312131
vn -0.345911 0.238429 0.907468
v -0.0133358 0.00407093 0.0320613
vn -0.331757 0.116844 0.936101
v -0.0105922 0.00422556 0.0330305
vn -0.303266 0.114912 0.945952
v -0.0109536 0.00818946 0.0321858
vn -0.311582 0.244891 0.91812
v -0.0131889 7.37612e-09 0.0323655
vn -0.330965 9.7722e-05 0.943643
v -0.0105922 0.00422556 0.0330305
vn -0.303266 0.114912 0.945952
v -0.0133358 0.00407093 0.0320613
vn -0.331757 0.116844 0.936101
v -0.0131889 7.37612e-09 0.0323655
vn -0.330965 9.7722e-05 0.943643
v -0.0104506 7.37612e-09 0.0333336
vn -0.299802 3.77585e-06 0.954002
v -0.0105922 0.00422556 0.0330305
vn -0.303266 0.114912 0.945952
v -0.0148578 0.0230124 0.0220138
vn -0.409934 0.659501 0.63009
v -0.0162263 0.0182085 0.0254231
vn -0.383368 0.544119 0.746299
v -0.0133642 0.0189104 0.0263796
vn -0.360305 0.539862 0.760743
v -0.0148578 0.0230124 0.0220138
vn -0.409934 0.659501 0.63009
v -0.0177209 0.0219498 0.0210001
vn -0.439694 0.671205 0.596786
v -0.0162263 0.0182085 0.0254231
vn -0.383368 0.544119 0.746299
v -0.0147851 0.0133622 0.0288293
vn -0.338862 0.400234 0.85146
v -0.0178696 0.0176614 0.02501
vn -0.431371 0.534566 0.726745
v -0.0165517 0.0130061 0.0284042
vn -0.386918 0.382119 0.839213
v -0.0147851 0.0133622 0.0288293
vn -0.338862 0.400234 0.85146
v -0.0162263 0.0182085 0.0254231
vn -0.383368 0.544119 0.746299
v -0.0178696 0.0176614 0.02501
vn -0.431371 0.534566 0.726745
v -0.0133358 0.00407093 0.0320613
vn -0.331757 0.116844 0.936101
v -0.0154558 0.00766261 0.0306018
vn -0.348508 0.244457 0.904867
v -0.0151074 0.00393727 0.031475
vn -0.307262 0.127005 0.943112
v -0.0133358 0.00407093 0.0320613
vn -0.331757 0.116844 0.936101
v -0.0137119 0.0078641 0.0312131
vn -0.345911 0.238429 0.907468
v -0.0154558 0.00766261 0.0306018
vn -0.348508 0.244457 0.904867
v -0.0137119 0.0078641 0.0312131
vn -0.345911 0.238429 0.907468
v -0.0165517 0.0130061 0.0284042
vn -0.386918 0.382119 0.839213
v -0.0154558 0.00766261 0.0306018
vn -0.348508 0.244457 0.904867
v -0.0137119 0.0078641 0.0312131
vn -0.345911 0.238429 0.907468
v -0.0147851 0.0133622 0.0288293
vn -0.338862 0.400234 0.85146
v -0.0165517 0.0130061 0.0284042
vn -0.386918 0.382119 0.839213
v -0.0149861 7.37612e-09 0.0317428
vn -0.339623 5.18296e-05 0.940562
v -0.0133358 0.00407093 0.0320613
vn -0.331757 0.116844 0.936101
v -0.0151074 0.00393727 0.031475
vn -0.307262 0.127005 0.943112
v -0.0149861 7.37612e-09 0.0317428
vn -0.339623 5.18296e-05 0.940562
v -0.0131889 7.37612e-09 0.0323655
vn -0.330965 9.7722e-05 0.943643
v -0.0133358 0.00407093 0.0320613
vn -0.331757 0.116844 0.936101
v -0.00937099 0.0222125 -0.0256065
vn -0.235061 0.701816 -0.672459
v -0.00660609 0.025121 -0.0235997
vn -0.172554 0.733122 -0.657843
v -0.00653976 0.0218427 -0.0267408
vn -0.151425 0.701056 -0.696844
v -0.00937099 0.0222125 -0.0256065
vn -0.235061 0.701816 -0.672459
v -0.00940993 0.025099 -0.0226895
vn -0.255646 0.731553 -0.63204
v -0.00660609 0.025121 -0.0235997
vn -0.172554 0.733122 -0.657843
v -0.0165672 0.00418954 -0.0305351
vn -0.469176 0.115323 -0.875543
v -0.0208796 0.001941 -0.0280339
vn -0.597531 0.0576161 -0.799773
v -0.0207885 0.00449605 -0.0278135
vn -0.594779 0.125084 -0.794098
v -0.0165672 0.00418954 -0.0305351
vn -0.469176 0.115323 -0.875543
v -0.0166412 0.00174953 -0.0307272
vn -0.471601 0.0539397 -0.880161
v -0.0208796 0.001941 -0.0280339
vn -0.597531 0.0576161 -0.799773
v -0.00340964 0.0251497 -0.0242103
vn -0.0881927 0.734466 -0.67289
v -0.00653976 0.0218427 -0.0267408
vn -0.151425 0.701056 -0.696844
v -0.00660609 0.025121 -0.0235997
vn -0.172554 0.733122 -0.657843
v -0.00340964 0.0251497 -0.0242103
vn -0.0881927 0.734466 -0.67289
v -0.00331677 0.0216861 -0.0274582
vn -0.074167 0.691438 -0.718618
v -0.00653976 0.0218427 -0.0267408
vn -0.151425 0.701056 -0.696844
v -0.0228845 0.0272303 0.00192712
vn -0.594966 0.801524 0.0597922
v -0.0215587 0.0277937 -0.00256613
vn -0.523961 0.848375 -0.0756661
v -0.022705 0.0270185 -0.00299904
vn -0.637381 0.764892 -0.0931984
v -0.0228845 0.0272303 0.00192712
vn -0.594966 0.801524 0.0597922
v -0.0215223 0.0278563 0.00229578
vn -0.47821 0.874573 0.0802343
v -0.0215587 0.0277937 -0.00256613
vn -0.523961 0.848375 -0.0756661
v -0.0215223 0.0278563 0.00229578
vn -0.47821 0.874573 0.0802343
v -0.0189441 0.0294091 -0.00248355
vn -0.505505 0.860691 -0.0606187
v -0.0215587 0.0277937 -0.00256613
vn -0.523961 0.848375 -0.0756661
v -0.0215223 0.0278563 0.00229578
vn -0.47821 0.874573 0.0802343
v -0.0187509 0.0295084 0.002636
vn -0.500818 0.86179 0.0806156
v -0.0189441 0.0294091 -0.00248355
vn -0.505505 0.860691 -0.0606187
v -0.0236988 0.0250541 -0.00716451
vn -0.692496 0.694747 -0.194362
v -0.0247034 0.0249736 -0.00354329
vn -0.56258 0.823069 -0.0778483
v -0.0239867 0.0253846 -0.00335157
vn -0.675584 0.73329 -0.0766236
v -0.0236988 0.0250541 -0.00716451
vn -0.692496 0.694747 -0.194362
v -0.0243365 0.024531 -0.00740806
vn -0.59995 0.772166 -0.20933
v -0.0247034 0.0249736 -0.00354329
vn -0.56258 0.823069 -0.0778483
v -0.0232562 0.025739 -0.00696632
vn -0.767161 0.614546 -0.183838
v -0.0239867 0.0253846 -0.00335157
vn -0.675584 0.73329 -0.0766236
v -0.0235488 0.026058 -0.00315636
vn -0.787127 0.611183 -0.0829825
v -0.0232562 0.025739 -0.00696632
vn -0.767161 0.614546 -0.183838
v -0.0236988 0.0250541 -0.00716451
vn -0.692496 0.694747 -0.194362
v -0.0239867 0.0253846 -0.00335157
vn -0.675584 0.73329 -0.0766236
v -0.0237448 0.0263338 0.00171587
vn -0.80445 0.593027 0.0343454
v -0.022705 0.0270185 -0.00299904
vn -0.637381 0.764892 -0.0931984
v -0.0235488 0.026058 -0.00315636
vn -0.787127 0.611183 -0.0829825
v -0.0237448 0.0263338 0.00171587
vn -0.80445 0.593027 0.0343454
v -0.0228845 0.0272303 0.00192712
vn -0.594966 0.801524 0.0597922
v -0.022705 0.0270185 -0.00299904
vn -0.637381 0.764892 -0.0931984
v 3.1665e-08 0.0340088 -0.00836248
vn -1.64352e-05 0.965556 -0.260195
v -0.00358206 0.0347954 -0.00313328
vn -0.108983 0.989726 -0.0925499
v 3.1665e-08 0.0349958 -0.00316733
vn -1.89035e-05 0.995524 -0.0945133
v 3.1665e-08 0.0340088 -0.00836248
vn -1.64352e-05 0.965556 -0.260195
v -0.00362494 0.0338289 -0.00827576
vn -0.10551 0.960927 -0.255902
v -0.00358206 0.0347954 -0.00313328
vn -0.108983 0.989726 -0.0925499
v -0.00362494 0.0338289 -0.00827576
vn -0.10551 0.960927 -0.255902
v -0.00690503 0.0342528 -0.00305452
vn -0.207024 0.974371 -0.0879911
v -0.00358206 0.0347954 -0.00313328
vn -0.108983 0.989726 -0.0925499
v -0.00362494 0.0338289 -0.00827576
vn -0.10551 0.960927 -0.255902
v -0.00697608 0.0333327 -0.00807868
vn -0.200694 0.948348 -0.245681
v -0.00690503 0.0342528 -0.00305452
vn -0.207024 0.974371 -0.0879911
v -0.00697608 0.0333327 -0.00807868
vn -0.200694 0.948348 -0.245681
v -0.00986566 0.0334844 -0.00293361
vn -0.293395 0.952543 -0.0811256
v -0.00690503 0.0342528 -0.00305452
vn -0.207024 0.974371 -0.0879911
v -0.00697608 0.0333327 -0.00807868
vn -0.200694 0.948348 -0.245681
v -0.0099458 0.032631 -0.00778855
vn -0.28654 0.929818 -0.230941
v -0.00986566 0.0334844 -0.00293361
vn -0.293395 0.952543 -0.0811256
v -0.0099458 0.032631 -0.00778855
vn -0.28654 0.929818 -0.230941
v -0.0131846 0.0323092 -0.00276973
vn -0.374719 0.924248 -0.0731449
v -0.00986566 0.0334844 -0.00293361
vn -0.293395 0.952543 -0.0811256
v -0.0099458 0.032631 -0.00778855
vn -0.28654 0.929818 -0.230941
v -0.0132418 0.0315573 -0.00735273
vn -0.368996 0.904851 -0.212335
v -0.0131846 0.0323092 -0.00276973
vn -0.374719 0.924248 -0.0731449
v -0.0188366 0.0288941 -0.00645654
vn -0.507003 0.842844 -0.180448
v -0.0163584 0.0308642 -0.00259649
vn -0.452889 0.889255 -0.0641668
v -0.0163468 0.0302315 -0.00686025
vn -0.446445 0.873804 -0.192749
v -0.0188366 0.0288941 -0.00645654
vn -0.507003 0.842844 -0.180448
v -0.0189441 0.0294091 -0.00248355
vn -0.505505 0.860691 -0.0606187
v -0.0163584 0.0308642 -0.00259649
vn -0.452889 0.889255 -0.0641668
v -0.0132418 0.0315573 -0.00735273
vn -0.368996 0.904851 -0.212335
v -0.0163584 0.0308642 -0.00259649
vn -0.452889 0.889255 -0.0641668
v -0.0131846 0.0323092 -0.00276973
vn -0.374719 0.924248 -0.0731449
v -0.0132418 0.0315573 -0.00735273
vn -0.368996 0.904851 -0.212335
v -0.0163468 0.0302315 -0.00686025
vn -0.446445 0.873804 -0.192749
v -0.0163584 0.0308642 -0.00259649
vn -0.452889 0.889255 -0.0641668
v -0.0252796 0.0236486 -0.00773736
vn -0.70958 0.669243 -0.220477
v -0.0262539 0.0233123 -0.00427303
vn -0.808108 0.579491 -0.105597
v -0.0256236 0.0241578 -0.00408179
vn -0.710813 0.695771 -0.103188
v -0.0252796 0.0236486 -0.00773736
vn -0.70958 0.669243 -0.220477
v -0.0258789 0.0227645 -0.00791487
vn -0.801225 0.55486 -0.223985
v -0.0262539 0.0233123 -0.00427303
vn -0.808108 0.579491 -0.105597
v -0.0269075 0.0210622 -0.00825681
vn -0.807537 0.53823 -0.241231
v -0.0289166 0.0192296 -0.00475144
vn -0.849931 0.512073 -0.12409
v -0.0273635 0.0216364 -0.00436066
vn -0.825434 0.554015 -0.108291
v -0.0269075 0.0210622 -0.00825681
vn -0.807537 0.53823 -0.241231
v -0.0283971 0.0185737 -0.00882269
vn -0.827686 0.501756 -0.251349
v -0.0289166 0.0192296 -0.00475144
vn -0.849931 0.512073 -0.12409
v -0.0258789 0.0227645 -0.00791487
vn -0.801225 0.55486 -0.223985
v -0.0273635 0.0216364 -0.00436066
vn -0.825434 0.554015 -0.108291
v -0.0262539 0.0233123 -0.00427303
vn -0.808108 0.579491 -0.105597
v -0.0258789 0.0227645 -0.00791487
vn -0.801225 0.55486 -0.223985
v -0.0269075 0.0210622 -0.00825681
vn -0.807537 0.53823 -0.241231
v -0.0273635 0.0216364 -0.00436066
vn -0.825434 0.554015 -0.108291
v -0.0243365 0.024531 -0.00740806
vn -0.59995 0.772166 -0.20933
v -0.0256236 0.0241578 -0.00408179
vn -0.710813 0.695771 -0.103188
v -0.0247034 0.0249736 -0.00354329
vn -0.56258 0.823069 -0.0778483
v -0.0243365 0.024531 -0.00740806
vn -0.59995 0.772166 -0.20933
v -0.0252796 0.0236486 -0.00773736
vn -0.70958 0.669243 -0.220477
v -0.0256236 0.0241578 -0.00408179
vn -0.710813 0.695771 -0.103188
v -0.0329221 2.01091e-07 -0.0105705
vn -0.964145 -2.03821e-05 -0.265378
v -0.0337571 0.00334591 -0.00574817
vn -0.988648 0.0767997 -0.12914
v -0.0328074 0.00317892 -0.0105262
vn -0.960892 0.077465 -0.265867
v -0.0329221 2.01091e-07 -0.0105705
vn -0.964145 -2.03821e-05 -0.265378
v -0.033883 7.37612e-09 -0.00577173
vn -0.99171 -2.5541e-05 -0.128497
v -0.0337571 0.00334591 -0.00574817
vn -0.988648 0.0767997 -0.12914
v -0.0300403 0.0151769 -0.00945846
vn -0.879005 0.400655 -0.258506
v -0.0323155 0.0114405 -0.00546817
vn -0.949485 0.284915 -0.13154
v -0.030705 0.0158188 -0.00513897
vn -0.902109 0.411483 -0.129928
v -0.0300403 0.0151769 -0.00945846
vn -0.879005 0.400655 -0.258506
v -0.0315014 0.0109149 -0.0100217
vn -0.922925 0.279678 -0.264556
v -0.0323155 0.0114405 -0.00546817
vn -0.949485 0.284915 -0.13154
v -0.0315014 0.0109149 -0.0100217
vn -0.922925 0.279678 -0.264556
v -0.033387 0.00658606 -0.00567802
vn -0.977286 0.166983 -0.130494
v -0.0323155 0.0114405 -0.00546817
vn -0.949485 0.284915 -0.13154
v -0.0315014 0.0109149 -0.0100217
vn -0.922925 0.279678 -0.264556
v -0.0324623 0.00632552 -0.0103889
vn -0.949539 0.166292 -0.265937
v -0.033387 0.00658606 -0.00567802
vn -0.977286 0.166983 -0.130494
v -0.0324623 0.00632552 -0.0103889
vn -0.949539 0.166292 -0.265937
v -0.0337571 0.00334591 -0.00574817
vn -0.988648 0.0767997 -0.12914
v -0.033387 0.00658606 -0.00567802
vn -0.977286 0.166983 -0.130494
v -0.0324623 0.00632552 -0.0103889
vn -0.949539 0.166292 -0.265937
v -0.0328074 0.00317892 -0.0105262
vn -0.960892 0.077465 -0.265867
v -0.0337571 0.00334591 -0.00574817
vn -0.988648 0.0767997 -0.12914
v -0.0283971 0.0185737 -0.00882269
vn -0.827686 0.501756 -0.251349
v -0.030705 0.0158188 -0.00513897
vn -0.902109 0.411483 -0.129928
v -0.0289166 0.0192296 -0.00475144
vn -0.849931 0.512073 -0.12409
v -0.0283971 0.0185737 -0.00882269
vn -0.827686 0.501756 -0.251349
v -0.0300403 0.0151769 -0.00945846
vn -0.879005 0.400655 -0.258506
v -0.030705 0.0158188 -0.00513897
vn -0.902109 0.411483 -0.129928
v 0.0308733 0.0162945 0.000407746
vn 0.906772 0.421393 0.0138886
v 0.0319286 0.011971 0.00675745
vn 0.938144 0.299188 0.174279
v 0.032579 0.0118668 0.000433606
vn 0.956339 0.291862 0.0152213
v 0.0308733 0.0162945 0.000407746
vn 0.906772 0.421393 0.0138886
v 0.0302957 0.0163007 0.00623132
vn 0.890211 0.42464 0.164937
v 0.0319286 0.011971 0.00675745
vn 0.938144 0.299188 0.174279
v 0.0290196 0.0196577 0.000425126
vn 0.847394 0.530696 0.0169133
v 0.0302957 0.0163007 0.00623132
vn 0.890211 0.42464 0.164937
v 0.0308733 0.0162945 0.000407746
vn 0.906772 0.421393 0.0138886
v 0.0290196 0.0196577 0.000425126
vn 0.847394 0.530696 0.0169133
v 0.0285809 0.0195099 0.00576284
vn 0.828447 0.540739 0.145867
v 0.0302957 0.0163007 0.00623132
vn 0.890211 0.42464 0.164937
v 0.0266705 0.0179185 0.0142432
vn 0.793826 0.472521 0.382838
v 0.0259223 0.014561 0.018689
vn 0.763468 0.377132 0.524298
v 0.0274941 0.0151664 0.0156609
vn 0.809114 0.400089 0.430422
v 0.0266705 0.0179185 0.0142432
vn 0.793826 0.472521 0.382838
v 0.0258555 0.0169547 0.0167456
vn 0.774752 0.436211 0.457689
v 0.0259223 0.014561 0.018689
vn 0.763468 0.377132 0.524298
v 0.0330726 0.00696898 0.00713093
vn 0.968049 0.177163 0.177466
v 0.0318378 0.00356885 0.0132956
vn 0.931841 0.0873891 0.352187
v 0.0334802 0.00356747 0.00725964
vn 0.98054 0.0823098 0.178231
v 0.0330726 0.00696898 0.00713093
vn 0.968049 0.177163 0.177466
v 0.0314753 0.006933 0.0129978
vn 0.919227 0.185221 0.347441
v 0.0318378 0.00356885 0.0132956
vn 0.931841 0.0873891 0.352187
v 0.0302957 0.0163007 0.00623132
vn 0.890211 0.42464 0.164937
v 0.0304894 0.0117907 0.0122093
vn 0.892849 0.303274 0.332935
v 0.0319286 0.011971 0.00675745
vn 0.938144 0.299188 0.174279
v 0.0302957 0.0163007 0.00623132
vn 0.890211 0.42464 0.164937
v 0.02914 0.0159105 0.0111729
vn 0.853705 0.419699 0.308288
v 0.0304894 0.0117907 0.0122093
vn 0.892849 0.303274 0.332935
v 0.0285809 0.0195099 0.00576284
vn 0.828447 0.540739 0.145867
v 0.02914 0.0159105 0.0111729
vn 0.853705 0.419699 0.308288
v 0.0302957 0.0163007 0.00623132
vn 0.890211 0.42464 0.164937
v 0.0285809 0.0195099 0.00576284
vn 0.828447 0.540739 0.145867
v 0.027756 0.0189046 0.0102556
vn 0.817501 0.503218 0.280113
v 0.02914 0.0159105 0.0111729
vn 0.853705 0.419699 0.308288
v 0.0304894 0.0117907 0.0122093
vn 0.892849 0.303274 0.332935
v 0.0288232 0.00671918 0.0185443
vn 0.842799 0.186901 0.504736
v 0.0314753 0.006933 0.0129978
vn 0.919227 0.185221 0.347441
v 0.0304894 0.0117907 0.0122093
vn 0.892849 0.303274 0.332935
v 0.0282613 0.0113234 0.0172754
vn 0.828818 0.296676 0.474388
v 0.0288232 0.00671918 0.0185443
vn 0.842799 0.186901 0.504736
v 0.0314753 0.006933 0.0129978
vn 0.919227 0.185221 0.347441
v 0.0290505 0.00347349 0.0190096
vn 0.852049 0.0901165 0.515647
v 0.0318378 0.00356885 0.0132956
vn 0.931841 0.0873891 0.352187
v 0.0314753 0.006933 0.0129978
vn 0.919227 0.185221 0.347441
v 0.0288232 0.00671918 0.0185443
vn 0.842799 0.186901 0.504736
v 0.0290505 0.00347349 0.0190096
vn 0.852049 0.0901165 0.515647
v 0.02914 0.0159105 0.0111729
vn 0.853705 0.419699 0.308288
v 0.0282613 0.0113234 0.0172754
vn 0.828818 0.296676 0.474388
v 0.0304894 0.0117907 0.0122093
vn 0.892849 0.303274 0.332935
v 0.02914 0.0159105 0.0111729
vn 0.853705 0.419699 0.308288
v 0.0274941 0.0151664 0.0156609
vn 0.809114 0.400089 0.430422
v 0.0282613 0.0113234 0.0172754
vn 0.828818 0.296676 0.474388
v 0.027756 0.0189046 0.0102556
vn 0.817501 0.503218 0.280113
v 0.0274941 0.0151664 0.0156609
vn 0.809114 0.400089 0.430422
v 0.02914 0.0159105 0.0111729
vn 0.853705 0.419699 0.308288
v 0.027756 0.0189046 0.0102556
vn 0.817501 0.503218 0.280113
v 0.0266705 0.0179185 0.0142432
vn 0.793826 0.472521 0.382838
v 0.0274941 0.0151664 0.0156609
vn 0.809114 0.400089 0.430422
v 0.032579 0.0118668 0.000433606
vn 0.956339 0.291862 0.0152213
v 0.0330726 0.00696898 0.00713093
vn 0.968049 0.177163 0.177466
v 0.0337294 0.00684225 0.000465661
vn 0.985343 0.169793 0.0164141
v 0.032579 0.0118668 0.000433606
vn 0.956339 0.291862 0.0152213
v 0.0319286 0.011971 0.00675745
vn 0.938144 0.299188 0.174279
v 0.0330726 0.00696898 0.00713093
vn 0.968049 0.177163 0.177466
v 0.0288232 0.00671918 0.0185443
vn 0.842799 0.186901 0.504736
v 0.0261893 0.00334372 0.0229439
vn 0.762339 0.0883358 0.641121
v 0.0290505 0.00347349 0.0190096
vn 0.852049 0.0901165 0.515647
v 0.0288232 0.00671918 0.0185443
vn 0.842799 0.186901 0.504736
v 0.0261319 0.00648383 0.0223619
vn 0.756771 0.187522 0.626205
v 0.0261893 0.00334372 0.0229439
vn 0.762339 0.0883358 0.641121
v 0.00433512 0.00353045 -0.0344642
vn 0.121187 0.096095 -0.987967
v 0.0084582 0.00540129 -0.0334655
vn 0.234903 0.156957 -0.959263
v 0.00847706 0.00369767 -0.0336875
vn 0.23589 0.100625 -0.966556
v 0.00433512 0.00353045 -0.0344642
vn 0.121187 0.096095 -0.987967
v 0.00432575 0.00516877 -0.0342613
vn 0.121187 0.150286 -0.981187
v 0.0084582 0.00540129 -0.0334655
vn 0.234903 0.156957 -0.959263
v 0.0282613 0.0113234 0.0172754
vn 0.828818 0.296676 0.474388
v 0.0261319 0.00648383 0.0223619
vn 0.756771 0.187522 0.626205
v 0.0288232 0.00671918 0.0185443
vn 0.842799 0.186901 0.504736
v 0.0282613 0.0113234 0.0172754
vn 0.828818 0.296676 0.474388
v 0.0260387 0.0109105 0.0207817
vn 0.758602 0.288481 0.58421
v 0.0261319 0.00648383 0.0223619
vn 0.756771 0.187522 0.626205
v 0.0274941 0.0151664 0.0156609
vn 0.809114 0.400089 0.430422
v 0.0260387 0.0109105 0.0207817
vn 0.758602 0.288481 0.58421
v 0.0282613 0.0113234 0.0172754
vn 0.828818 0.296676 0.474388
v 0.0274941 0.0151664 0.0156609
vn 0.809114 0.400089 0.430422
v 0.0259223 0.014561 0.018689
vn 0.763468 0.377132 0.524298
v 0.0260387 0.0109105 0.0207817
vn 0.758602 0.288481 0.58421
v 0.0249795 0.00229463 -0.0244175
vn 0.717099 0.0663897 -0.693802
v 0.0280885 0.00566161 -0.020063
vn 0.81475 0.155008 -0.558708
v 0.0283451 0.0025985 -0.0203016
vn 0.822107 0.0735511 -0.564562
v 0.0249795 0.00229463 -0.0244175
vn 0.717099 0.0663897 -0.693802
v 0.0248158 0.00504908 -0.024183
vn 0.712738 0.13917 -0.687486
v 0.0280885 0.00566161 -0.020063
vn 0.81475 0.155008 -0.558708
v 0.0291336 7.37612e-09 0.019175
vn 0.854829 5.35867e-05 0.518909
v 0.0261893 0.00334372 0.0229439
vn 0.762339 0.0883358 0.641121
v 0.0262058 7.37612e-09 0.0231494
vn 0.760853 -0.000650578 0.648924
v 0.0291336 7.37612e-09 0.019175
vn 0.854829 5.35867e-05 0.518909
v 0.0290505 0.00347349 0.0190096
vn 0.852049 0.0901165 0.515647
v 0.0261893 0.00334372 0.0229439
vn 0.762339 0.0883358 0.641121
v 0.0319676 7.37612e-09 0.0133974
vn 0.935598 9.49124e-05 0.353068
v 0.0290505 0.00347349 0.0190096
vn 0.852049 0.0901165 0.515647
v 0.0291336 7.37612e-09 0.019175
vn 0.854829 5.35867e-05 0.518909
v 0.0319676 7.37612e-09 0.0133974
vn 0.935598 9.49124e-05 0.353068
v 0.0318378 0.00356885 0.0132956
vn 0.931841 0.0873891 0.352187
v 0.0290505 0.00347349 0.0190096
vn 0.852049 0.0901165 0.515647
v 0.0336215 7.37612e-09 0.00730346
vn 0.98392 4.74621e-05 0.178609
v 0.0318378 0.00356885 0.0132956
vn 0.931841 0.0873891 0.352187
v 0.0319676 7.37612e-09 0.0133974
vn 0.935598 9.49124e-05 0.353068
v 0.0336215 7.37612e-09 0.00730346
vn 0.98392 4.74621e-05 0.178609
v 0.0334802 0.00356747 0.00725964
vn 0.98054 0.0823098 0.178231
v 0.0318378 0.00356885 0.0132956
vn 0.931841 0.0873891 0.352187
v 0.0334802 0.00356747 0.00725964
vn 0.98054 0.0823098 0.178231
v 0.0342589 -4.85032e-08 0.000481745
vn 0.999856 4.28786e-05 0.0169672
v 0.0341245 0.00348763 0.000477987
vn 0.996804 0.0780278 0.0171189
v 0.0334802 0.00356747 0.00725964
vn 0.98054 0.0823098 0.178231
v 0.0336215 7.37612e-09 0.00730346
vn 0.98392 4.74621e-05 0.178609
v 0.0342589 -4.85032e-08 0.000481745
vn 0.999856 4.28786e-05 0.0169672
v 0.00432961 0.00136448 -0.0346177
vn 0.120429 0.044968 -0.991703
v 0.00847706 0.00369767 -0.0336875
vn 0.23589 0.100625 -0.966556
v 0.00848115 0.00143997 -0.033856
vn 0.235941 0.0468341 -0.970638
v 0.00432961 0.00136448 -0.0346177
vn 0.120429 0.044968 -0.991703
v 0.00433512 0.00353045 -0.0344642
vn 0.121187 0.096095 -0.987967
v 0.00847706 0.00369767 -0.0336875
vn 0.23589 0.100625 -0.966556
v 0.00432575 0.00516877 -0.0342613
vn 0.121187 0.150286 -0.981187
v 0.00840482 0.00781055 -0.0330117
vn 0.233837 0.218709 -0.947358
v 0.0084582 0.00540129 -0.0334655
vn 0.234903 0.156957 -0.959263
v 0.00432575 0.00516877 -0.0342613
vn 0.121187 0.150286 -0.981187
v 0.00430845 0.00748967 -0.0338408
vn 0.121336 0.210004 -0.970142
v 0.00840482 0.00781055 -0.0330117
vn 0.233837 0.218709 -0.947358
v 0.00430845 0.00748967 -0.0338408
vn 0.121336 0.210004 -0.970142
v 0.00830469 0.0102108 -0.032392
vn 0.233069 0.280935 -0.930997
v 0.00840482 0.00781055 -0.0330117
vn 0.233837 0.218709 -0.947358
v 0.00430845 0.00748967 -0.0338408
vn 0.121336 0.210004 -0.970142
v 0.00426209 0.00985004 -0.0332526
vn 0.119708 0.267562 -0.956076
v 0.00830469 0.0102108 -0.032392
vn 0.233069 0.280935 -0.930997
v 0.00847706 0.00369767 -0.0336875
vn 0.23589 0.100625 -0.966556
v 0.0121988 0.00572615 -0.0322654
vn 0.349112 0.165486 -0.922353
v 0.0122426 0.00386559 -0.0325178
vn 0.35067 0.105124 -0.93058
v 0.00847706 0.00369767 -0.0336875
vn 0.23589 0.100625 -0.966556
v 0.0084582 0.00540129 -0.0334655
vn 0.234903 0.156957 -0.959263
v 0.0121988 0.00572615 -0.0322654
vn 0.349112 0.165486 -0.922353
v 0.00848115 0.00143997 -0.033856
vn 0.235941 0.0468341 -0.970638
v 0.0122426 0.00386559 -0.0325178
vn 0.35067 0.105124 -0.93058
v 0.0122672 0.00155024 -0.0326958
vn 0.350769 0.0491016 -0.935174
v 0.00848115 0.00143997 -0.033856
vn 0.235941 0.0468341 -0.970638
v 0.00847706 0.00369767 -0.0336875
vn 0.23589 0.100625 -0.966556
v 0.0122426 0.00386559 -0.0325178
vn 0.35067 0.105124 -0.93058
v 0.0084582 0.00540129 -0.0334655
vn 0.234903 0.156957 -0.959263
v 0.0120682 0.0082615 -0.031774
vn 0.346418 0.23096 -0.909204
v 0.0121988 0.00572615 -0.0322654
vn 0.349112 0.165486 -0.922353
v 0.0084582 0.00540129 -0.0334655
vn 0.234903 0.156957 -0.959263
v 0.00840482 0.00781055 -0.0330117
vn 0.233837 0.218709 -0.947358
v 0.0120682 0.0082615 -0.031774
vn 0.346418 0.23096 -0.909204
v 0.00840482 0.00781055 -0.0330117
vn 0.233837 0.218709 -0.947358
v 0.0118859 0.0107763 -0.0311012
vn 0.342793 0.295438 -0.891745
v 0.0120682 0.0082615 -0.031774
vn 0.346418 0.23096 -0.909204
v 0.00840482 0.00781055 -0.0330117
vn 0.233837 0.218709 -0.947358
v 0.00830469 0.0102108 -0.032392
vn 0.233069 0.280935 -0.930997
v 0.0118859 0.0107763 -0.0311012
vn 0.342793 0.295438 -0.891745
v 0.0122426 0.00386559 -0.0325178
vn 0.35067 0.105124 -0.93058
v 0.0164512 0.0063535 -0.0302319
vn 0.463977 0.181845 -0.866982
v 0.0165673 0.00418954 -0.0305351
vn 0.46918 0.115335 -0.875539
v 0.0122426 0.00386559 -0.0325178
vn 0.35067 0.105124 -0.93058
v 0.0121988 0.00572615 -0.0322654
vn 0.349112 0.165486 -0.922353
v 0.0164512 0.0063535 -0.0302319
vn 0.463977 0.181845 -0.866982
v 0.0122672 0.00155024 -0.0326958
vn 0.350769 0.0491016 -0.935174
v 0.0165673 0.00418954 -0.0305351
vn 0.46918 0.115335 -0.875539
v 0.0166412 0.00174953 -0.0307272
vn 0.471604 0.0539558 -0.880158
v 0.0122672 0.00155024 -0.0326958
vn 0.350769 0.0491016 -0.935174
v 0.0122426 0.00386559 -0.0325178
vn 0.35067 0.105124 -0.93058
v 0.0165673 0.00418954 -0.0305351
vn 0.46918 0.115335 -0.875539
v 0.0121988 0.00572615 -0.0322654
vn 0.349112 0.165486 -0.922353
v 0.0162436 0.00910751 -0.0296524
vn 0.457114 0.254322 -0.852271
v 0.0164512 0.0063535 -0.0302319
vn 0.463977 0.181845 -0.866982
v 0.0121988 0.00572615 -0.0322654
vn 0.349112 0.165486 -0.922353
v 0.0120682 0.0082615 -0.031774
vn 0.346418 0.23096 -0.909204
v 0.0162436 0.00910751 -0.0296524
vn 0.457114 0.254322 -0.852271
v 0.0120682 0.0082615 -0.031774
vn 0.346418 0.23096 -0.909204
v 0.0159441 0.0117263 -0.0289078
vn 0.453833 0.325795 -0.829394
v 0.0162436 0.00910751 -0.0296524
vn 0.457114 0.254322 -0.852271
v 0.0120682 0.0082615 -0.031774
vn 0.346418 0.23096 -0.909204
v 0.0118859 0.0107763 -0.0311012
vn 0.342793 0.295438 -0.891745
v 0.0159441 0.0117263 -0.0289078
vn 0.453833 0.325795 -0.829394
v 0.0164512 0.0063535 -0.0302319
vn 0.463977 0.181845 -0.866982
v 0.0207886 0.00449605 -0.0278135
vn 0.594774 0.125095 -0.7941
v 0.0165673 0.00418954 -0.0305351
vn 0.46918 0.115335 -0.875539
v 0.0164512 0.0063535 -0.0302319
vn 0.463977 0.181845 -0.866982
v 0.020601 0.0070932 -0.0274231
vn 0.588939 0.199606 -0.78314
v 0.0207886 0.00449605 -0.0278135
vn 0.594774 0.125095 -0.7941
v 0.0162436 0.00910751 -0.0296524
vn 0.457114 0.254322 -0.852271
v 0.020601 0.0070932 -0.0274231
vn 0.588939 0.199606 -0.78314
v 0.0164512 0.0063535 -0.0302319
vn 0.463977 0.181845 -0.866982
v 0.0162436 0.00910751 -0.0296524
vn 0.457114 0.254322 -0.852271
v 0.0202645 0.0100949 -0.0267487
vn 0.579815 0.279473 -0.765317
v 0.020601 0.0070932 -0.0274231
vn 0.588939 0.199606 -0.78314
v 0.0159441 0.0117263 -0.0289078
vn 0.453833 0.325795 -0.829394
v 0.0202645 0.0100949 -0.0267487
vn 0.579815 0.279473 -0.765317
v 0.0162436 0.00910751 -0.0296524
vn 0.457114 0.254322 -0.852271
v 0.0159441 0.0117263 -0.0289078
vn 0.453833 0.325795 -0.829394
v 0.0197888 0.0128793 -0.0259304
vn 0.561716 0.358755 -0.7455
v 0.0202645 0.0100949 -0.0267487
vn 0.579815 0.279473 -0.765317
v 3.1665e-08 0.00508109 -0.0345412
vn 0.000329537 0.147376 -0.98908
v 0.00433512 0.00353045 -0.0344642
vn 0.121187 0.096095 -0.987967
v 3.1665e-08 0.00346843 -0.034737
vn 0.00026361 0.0939099 -0.995581
v 3.1665e-08 0.00508109 -0.0345412
vn 0.000329537 0.147376 -0.98908
v 0.00432575 0.00516877 -0.0342613
vn 0.121187 0.150286 -0.981187
v 0.00433512 0.00353045 -0.0344642
vn 0.121187 0.096095 -0.987967
v 0.0207886 0.00449605 -0.0278135
vn 0.594774 0.125095 -0.7941
v 0.0249795 0.00229463 -0.0244175
vn 0.717099 0.0663897 -0.693802
v 0.0208796 0.001941 -0.0280338
vn 0.597525 0.0576157 -0.799777
v 0.0207886 0.00449605 -0.0278135
vn 0.594774 0.125095 -0.7941
v 0.0248158 0.00504908 -0.024183
vn 0.712738 0.13917 -0.687486
v 0.0249795 0.00229463 -0.0244175
vn 0.717099 0.0663897 -0.693802
v 0.0275496 0.00911734 -0.0195889
vn 0.799134 0.250782 -0.546345
v 0.0308199 0.0061042 -0.0150801
vn 0.897377 0.165626 -0.409001
v 0.0280885 0.00566161 -0.020063
vn 0.81475 0.155008 -0.558708
v 0.0275496 0.00911734 -0.0195889
vn 0.799134 0.250782 -0.546345
v 0.0300375 0.0101892 -0.0146204
vn 0.874359 0.27126 -0.402386
v 0.0308199 0.0061042 -0.0150801
vn 0.897377 0.165626 -0.409001
v 0.020601 0.0070932 -0.0274231
vn 0.588939 0.199606 -0.78314
v 0.0248158 0.00504908 -0.024183
vn 0.712738 0.13917 -0.687486
v 0.0207886 0.00449605 -0.0278135
vn 0.594774 0.125095 -0.7941
v 0.020601 0.0070932 -0.0274231
vn 0.588939 0.199606 -0.78314
v 0.0244855 0.00805105 -0.0237281
vn 0.701531 0.224388 -0.676391
v 0.0248158 0.00504908 -0.024183
vn 0.712738 0.13917 -0.687486
v 0.0202645 0.0100949 -0.0267487
vn 0.579815 0.279473 -0.765317
v 0.0244855 0.00805105 -0.0237281
vn 0.701531 0.224388 -0.676391
v 0.020601 0.0070932 -0.0274231
vn 0.588939 0.199606 -0.78314
v 0.0202645 0.0100949 -0.0267487
vn 0.579815 0.279473 -0.765317
v 0.023898 0.0113962 -0.0229851
vn 0.686004 0.312754 -0.65695
v 0.0244855 0.00805105 -0.0237281
vn 0.701531 0.224388 -0.676391
v 3.1665e-08 3.65083e-09 -0.0349077
vn 5.64104e-06 1.98043e-05 -1
v 0.00432961 0.00136448 -0.0346177
vn 0.120429 0.044968 -0.991703
v 0.00433185 7.37612e-09 -0.0346445
vn 0.120544 5.94667e-05 -0.992708
v 3.1665e-08 3.65083e-09 -0.0349077
vn 5.64104e-06 1.98043e-05 -1
v 3.1665e-08 0.00133672 -0.0348821
vn 0.000102734 0.0437097 -0.999044
v 0.00432961 0.00136448 -0.0346177
vn 0.120429 0.044968 -0.991703
v 3.1665e-08 0.00133672 -0.0348821
vn 0.000102734 0.0437097 -0.999044
v 0.00433512 0.00353045 -0.0344642
vn 0.121187 0.096095 -0.987967
v 0.00432961 0.00136448 -0.0346177
vn 0.120429 0.044968 -0.991703
v 3.1665e-08 0.00133672 -0.0348821
vn 0.000102734 0.0437097 -0.999044
v 3.1665e-08 0.00346843 -0.034737
vn 0.00026361 0.0939099 -0.995581
v 0.00433512 0.00353045 -0.0344642
vn 0.121187 0.096095 -0.987967
v 3.1665e-08 0.00737064 -0.0341353
vn 0.000494472 0.20663 -0.978419
v 0.00432575 0.00516877 -0.0342613
vn 0.121187 0.150286 -0.981187
v 3.1665e-08 0.00508109 -0.0345412
vn 0.000329537 0.147376 -0.98908
v 3.1665e-08 0.00737064 -0.0341353
vn 0.000494472 0.20663 -0.978419
v 0.00430845 0.00748967 -0.0338408
vn 0.121336 0.210004 -0.970142
v 0.00432575 0.00516877 -0.0342613
vn 0.121187 0.150286 -0.981187
v 3.1665e-08 0.00971207 -0.0335592
vn -0.000517728 0.2698 -0.962916
v 0.00430845 0.00748967 -0.0338408
vn 0.121336 0.210004 -0.970142
v 3.1665e-08 0.00737064 -0.0341353
vn 0.000494472 0.20663 -0.978419
v 3.1665e-08 0.00971207 -0.0335592
vn -0.000517728 0.2698 -0.962916
v 0.00426209 0.00985004 -0.0332526
vn 0.119708 0.267562 -0.956076
v 0.00430845 0.00748967 -0.0338408
vn 0.121336 0.210004 -0.970142
v 0.0197888 0.0128793 -0.0259304
vn 0.561716 0.358755 -0.7455
v 0.023898 0.0113962 -0.0229851
vn 0.686004 0.312754 -0.65695
v 0.0202645 0.0100949 -0.0267487
vn 0.579815 0.279473 -0.765317
v 0.0197888 0.0128793 -0.0259304
vn 0.561716 0.358755 -0.7455
v 0.023068 0.0144188 -0.0221881
vn 0.661994 0.396158 -0.636257
v 0.023898 0.0113962 -0.0229851
vn 0.686004 0.312754 -0.65695
v 0.0209083 7.37612e-09 -0.0280788
vn 0.598996 2.93019e-05 -0.800752
v 0.0249795 0.00229463 -0.0244175
vn 0.717099 0.0663897 -0.693802
v 0.0250266 7.37612e-09 -0.0244734
vn 0.717946 2.64467e-05 -0.696099
v 0.0209083 7.37612e-09 -0.0280788
vn 0.598996 2.93019e-05 -0.800752
v 0.0208796 0.001941 -0.0280338
vn 0.597525 0.0576157 -0.799777
v 0.0249795 0.00229463 -0.0244175
vn 0.717099 0.0663897 -0.693802
v 0.0166649 3.65083e-09 -0.0307638
vn 0.473282 1.5186e-05 -0.880911
v 0.0208796 0.001941 -0.0280338
vn 0.597525 0.0576157 -0.799777
v 0.0209083 7.37612e-09 -0.0280788
vn 0.598996 2.93019e-05 -0.800752
v 0.0166649 3.65083e-09 -0.0307638
vn 0.473282 1.5186e-05 -0.880911
v 0.0166412 0.00174953 -0.0307272
vn 0.471604 0.0539558 -0.880158
v 0.0208796 0.001941 -0.0280338
vn 0.597525 0.0576157 -0.799777
v 0.0173158 0.0196686 -0.0238007
vn 0.429966 0.631521 -0.645221
v 0.0210156 0.0198051 -0.0206503
vn 0.654358 0.463868 -0.597195
v 0.0179732 0.0183923 -0.0243424
vn 0.549574 0.44732 -0.705601
v 0.0173158 0.0196686 -0.0238007
vn 0.429966 0.631521 -0.645221
v 0.0201423 0.0210507 -0.0201925
vn 0.438605 0.728289 -0.526518
v 0.0210156 0.0198051 -0.0206503
vn 0.654358 0.463868 -0.597195
v 0.0122779 7.37612e-09 -0.0327277
vn 0.351318 -2.14647e-05 -0.936256
v 0.0166412 0.00174953 -0.0307272
vn 0.471604 0.0539558 -0.880158
v 0.0166649 3.65083e-09 -0.0307638
vn 0.473282 1.5186e-05 -0.880911
v 0.0122779 7.37612e-09 -0.0327277
vn 0.351318 -2.14647e-05 -0.936256
v 0.0122672 0.00155024 -0.0326958
vn 0.350769 0.0491016 -0.935174
v 0.0166412 0.00174953 -0.0307272
vn 0.471604 0.0539558 -0.880158
v 0.0084866 7.37612e-09 -0.033885
vn 0.236441 4.16292e-05 -0.971646
v 0.0122672 0.00155024 -0.0326958
vn 0.350769 0.0491016 -0.935174
v 0.0122779 7.37612e-09 -0.0327277
vn 0.351318 -2.14647e-05 -0.936256
v 0.0084866 7.37612e-09 -0.033885
vn 0.236441 4.16292e-05 -0.971646
v 0.00848115 0.00143997 -0.033856
vn 0.235941 0.0468341 -0.970638
v 0.0122672 0.00155024 -0.0326958
vn 0.350769 0.0491016 -0.935174
v 0.00433185 7.37612e-09 -0.0346445
vn 0.120544 5.94667e-05 -0.992708
v 0.00848115 0.00143997 -0.033856
vn 0.235941 0.0468341 -0.970638
v 0.0084866 7.37612e-09 -0.033885
vn 0.236441 4.16292e-05 -0.971646
v 0.00433185 7.37612e-09 -0.0346445
vn 0.120544 5.94667e-05 -0.992708
v 0.00432961 0.00136448 -0.0346177
vn 0.120429 0.044968 -0.991703
v 0.00848115 0.00143997 -0.033856
vn 0.235941 0.0468341 -0.970638
v 0.023898 0.0113962 -0.0229851
vn 0.686004 0.312754 -0.65695
v 0.0275496 0.00911734 -0.0195889
vn 0.799134 0.250782 -0.546345
v 0.0244855 0.00805105 -0.0237281
vn 0.701531 0.224388 -0.676391
v 0.023898 0.0113962 -0.0229851
vn 0.686004 0.312754 -0.65695
v 0.0266071 0.0128652 -0.0188488
vn 0.773146 0.349754 -0.529072
v 0.0275496 0.00911734 -0.0195889
vn 0.799134 0.250782 -0.546345
v 0.023068 0.0144188 -0.0221881
vn 0.661994 0.396158 -0.636257
v 0.0266071 0.0128652 -0.0188488
vn 0.773146 0.349754 -0.529072
v 0.023898 0.0113962 -0.0229851
vn 0.686004 0.312754 -0.65695
v 0.023068 0.0144188 -0.0221881
vn 0.661994 0.396158 -0.636257
v 0.0255029 0.0159927 -0.0180709
vn 0.738916 0.445149 -0.505812
v 0.0266071 0.0128652 -0.0188488
vn 0.773146 0.349754 -0.529072
v 0.0289166 0.0192296 -0.00475143
vn 0.84411 0.521143 -0.126049
v 0.0308733 0.0162945 0.000407746
vn 0.906772 0.421393 0.0138886
v 0.0307051 0.0158188 -0.00513898
vn 0.902139 0.411427 -0.129896
v 0.0289166 0.0192296 -0.00475143
vn 0.84411 0.521143 -0.126049
v 0.0290196 0.0196577 0.000425126
vn 0.847394 0.530696 0.0169133
v 0.0308733 0.0162945 0.000407746
vn 0.906772 0.421393 0.0138886
v 0.0280885 0.00566161 -0.020063
vn 0.81475 0.155008 -0.558708
v 0.0311423 0.00293251 -0.0152817
vn 0.90771 0.0772332 -0.41243
v 0.0283451 0.0025985 -0.0203016
vn 0.822107 0.0735511 -0.564562
v 0.0280885 0.00566161 -0.020063
vn 0.81475 0.155008 -0.558708
v 0.0308199 0.0061042 -0.0150801
vn 0.897377 0.165626 -0.409001
v 0.0311423 0.00293251 -0.0152817
vn 0.90771 0.0772332 -0.41243
v 0.0266071 0.0128652 -0.0188488
vn 0.773146 0.349754 -0.529072
v 0.0300375 0.0101892 -0.0146204
vn 0.874359 0.27126 -0.402386
v 0.0275496 0.00911734 -0.0195889
vn 0.799134 0.250782 -0.546345
v 0.0266071 0.0128652 -0.0188488
vn 0.773146 0.349754 -0.529072
v 0.0288074 0.0142327 -0.0139015
vn 0.837564 0.382561 -0.390042
v 0.0300375 0.0101892 -0.0146204
vn 0.874359 0.27126 -0.402386
v 0.0255029 0.0159927 -0.0180709
vn 0.738916 0.445149 -0.505812
v 0.0288074 0.0142327 -0.0139015
vn 0.837564 0.382561 -0.390042
v 0.0266071 0.0128652 -0.0188488
vn 0.773146 0.349754 -0.529072
v 0.0255029 0.0159927 -0.0180709
vn 0.738916 0.445149 -0.505812
v 0.0274079 0.0175465 -0.0130921
vn 0.789732 0.486367 -0.373859
v 0.0288074 0.0142327 -0.0139015
vn 0.837564 0.382561 -0.390042
v 0.0300375 0.0101892 -0.0146204
vn 0.874359 0.27126 -0.402386
v 0.0324621 0.00632548 -0.0103888
vn 0.949543 0.166309 -0.265912
v 0.0308199 0.0061042 -0.0150801
vn 0.897377 0.165626 -0.409001
v 0.0300375 0.0101892 -0.0146204
vn 0.874359 0.27126 -0.402386
v 0.0315012 0.0109148 -0.0100216
vn 0.922916 0.279702 -0.264563
v 0.0324621 0.00632548 -0.0103888
vn 0.949543 0.166309 -0.265912
v 0.0308199 0.0061042 -0.0150801
vn 0.897377 0.165626 -0.409001
v 0.0328074 0.0031784 -0.0105262
vn 0.960891 0.0775042 -0.26586
v 0.0311423 0.00293251 -0.0152817
vn 0.90771 0.0772332 -0.41243
v 0.0308199 0.0061042 -0.0150801
vn 0.897377 0.165626 -0.409001
v 0.0324621 0.00632548 -0.0103888
vn 0.949543 0.166309 -0.265912
v 0.0328074 0.0031784 -0.0105262
vn 0.960891 0.0775042 -0.26586
v 0.0288074 0.0142327 -0.0139015
vn 0.837564 0.382561 -0.390042
v 0.0315012 0.0109148 -0.0100216
vn 0.922916 0.279702 -0.264563
v 0.0300375 0.0101892 -0.0146204
vn 0.874359 0.27126 -0.402386
v 0.0288074 0.0142327 -0.0139015
vn 0.837564 0.382561 -0.390042
v 0.0300402 0.0151769 -0.00945843
vn 0.879046 0.400485 -0.258629
v 0.0315012 0.0109148 -0.0100216
vn 0.922916 0.279702 -0.264563
v 0.0274079 0.0175465 -0.0130921
vn 0.789732 0.486367 -0.373859
v 0.0300402 0.0151769 -0.00945843
vn 0.879046 0.400485 -0.258629
v 0.0288074 0.0142327 -0.0139015
vn 0.837564 0.382561 -0.390042
v 0.0274079 0.0175465 -0.0130921
vn 0.789732 0.486367 -0.373859
v 0.0283982 0.0185743 -0.00882295
vn 0.819744 0.514116 -0.252397
v 0.0300402 0.0151769 -0.00945843
vn 0.879046 0.400485 -0.258629
v 0.0244855 0.00805105 -0.0237281
vn 0.701531 0.224388 -0.676391
v 0.0280885 0.00566161 -0.020063
vn 0.81475 0.155008 -0.558708
v 0.0248158 0.00504908 -0.024183
vn 0.712738 0.13917 -0.687486
v 0.0244855 0.00805105 -0.0237281
vn 0.701531 0.224388 -0.676391
v 0.0275496 0.00911734 -0.0195889
vn 0.799134 0.250782 -0.546345
v 0.0280885 0.00566161 -0.020063
vn 0.81475 0.155008 -0.558708
v 0.0333869 0.00658602 -0.005678
vn 0.977283 0.166991 -0.130508
v 0.0341245 0.00348763 0.000477987
vn 0.996804 0.0780278 0.0171189
v 0.0337571 0.0033459 -0.00574815
vn 0.988647 0.0768283 -0.129129
v 0.0333869 0.00658602 -0.005678
vn 0.977283 0.166991 -0.130508
v 0.0337294 0.00684225 0.000465661
vn 0.985343 0.169793 0.0164141
v 0.0341245 0.00348763 0.000477987
vn 0.996804 0.0780278 0.0171189
v 0.0210221 0.0115071 0.0260939
vn 0.640483 0.282615 0.71408
v 0.0189513 0.00692726 0.0289407
vn 0.470795 0.215815 0.855439
v 0.0203014 0.00678393 0.0281654
vn 0.614968 0.186199 0.766253
v 0.0210221 0.0115071 0.0260939
vn 0.640483 0.282615 0.71408
v 0.019714 0.0119248 0.0268008
vn 0.468332 0.366282 0.804054
v 0.0189513 0.00692726 0.0289407
vn 0.470795 0.215815 0.855439
v 0.0323152 0.0114404 -0.00546813
vn 0.949489 0.284885 -0.131573
v 0.0337294 0.00684225 0.000465661
vn 0.985343 0.169793 0.0164141
v 0.0333869 0.00658602 -0.005678
vn 0.977283 0.166991 -0.130508
v 0.0323152 0.0114404 -0.00546813
vn 0.949489 0.284885 -0.131573
v 0.032579 0.0118668 0.000433606
vn 0.956339 0.291862 0.0152213
v 0.0337294 0.00684225 0.000465661
vn 0.985343 0.169793 0.0164141
v 0.0307051 0.0158188 -0.00513898
vn 0.902139 0.411427 -0.129896
v 0.032579 0.0118668 0.000433606
vn 0.956339 0.291862 0.0152213
v 0.0323152 0.0114404 -0.00546813
vn 0.949489 0.284885 -0.131573
v 0.0307051 0.0158188 -0.00513898
vn 0.902139 0.411427 -0.129896
v 0.0308733 0.0162945 0.000407746
vn 0.906772 0.421393 0.0138886
v 0.032579 0.0118668 0.000433606
vn 0.956339 0.291862 0.0152213
v 0.0229979 0.0219986 0.0155391
vn 0.57675 0.684699 0.445585
v 0.0230599 0.0191819 0.0190247
vn 0.668761 0.522165 0.529247
v 0.0239823 0.021347 0.0151641
vn 0.675027 0.602284 0.426138
v 0.0229979 0.0219986 0.0155391
vn 0.57675 0.684699 0.445585
v 0.0219788 0.0198058 0.019581
vn 0.534266 0.617693 0.577075
v 0.0230599 0.0191819 0.0190247
vn 0.668761 0.522165 0.529247
v 0.0338831 7.37612e-09 -0.00577173
vn 0.991711 2.64483e-05 -0.128489
v 0.0341245 0.00348763 0.000477987
vn 0.996804 0.0780278 0.0171189
v 0.0342589 -4.85032e-08 0.000481745
vn 0.999856 4.28786e-05 0.0169672
v 0.0338831 7.37612e-09 -0.00577173
vn 0.991711 2.64483e-05 -0.128489
v 0.0337571 0.0033459 -0.00574815
vn 0.988647 0.0768283 -0.129129
v 0.0341245 0.00348763 0.000477987
vn 0.996804 0.0780278 0.0171189
v 0.0312375 7.37612e-09 -0.0153437
vn 0.910642 9.37919e-06 -0.413197
v 0.0328074 0.0031784 -0.0105262
vn 0.960891 0.0775042 -0.26586
v 0.0329222 -1.3791e-07 -0.0105707
vn 0.964141 6.54855e-06 -0.265391
v 0.0312375 7.37612e-09 -0.0153437
vn 0.910642 9.37919e-06 -0.413197
v 0.0311423 0.00293251 -0.0152817
vn 0.90771 0.0772332 -0.41243
v 0.0328074 0.0031784 -0.0105262
vn 0.960891 0.0775042 -0.26586
v 0.0284115 7.37612e-09 -0.0203674
vn 0.825004 -4.41242e-06 -0.565127
v 0.0311423 0.00293251 -0.0152817
vn 0.90771 0.0772332 -0.41243
v 0.0312375 7.37612e-09 -0.0153437
vn 0.910642 9.37919e-06 -0.413197
v 0.0284115 7.37612e-09 -0.0203674
vn 0.825004 -4.41242e-06 -0.565127
v 0.0283451 0.0025985 -0.0203016
vn 0.822107 0.0735511 -0.564562
v 0.0311423 0.00293251 -0.0152817
vn 0.90771 0.0772332 -0.41243
v 0.0283451 0.0025985 -0.0203016
vn 0.822107 0.0735511 -0.564562
v 0.0250266 7.37612e-09 -0.0244734
vn 0.717946 2.64467e-05 -0.696099
v 0.0249795 0.00229463 -0.0244175
vn 0.717099 0.0663897 -0.693802
v 0.0283451 0.0025985 -0.0203016
vn 0.822107 0.0735511 -0.564562
v 0.0284115 7.37612e-09 -0.0203674
vn 0.825004 -4.41242e-06 -0.565127
v 0.0250266 7.37612e-09 -0.0244734
vn 0.717946 2.64467e-05 -0.696099
v 0.0248666 0.0230538 0.0106833
vn 0.67872 0.672479 0.295146
v 0.0229979 0.0219986 0.0155391
vn 0.57675 0.684699 0.445585
v 0.0239823 0.021347 0.0151641
vn 0.675027 0.602284 0.426138
v 0.0248666 0.0230538 0.0106833
vn 0.67872 0.672479 0.295146
v 0.0238362 0.0237433 0.0109821
vn 0.6004 0.738277 0.307355
v 0.0229979 0.0219986 0.0155391
vn 0.57675 0.684699 0.445585
v 0.0254341 0.0238917 0.00621024
vn 0.709392 0.685863 0.162343
v 0.0238362 0.0237433 0.0109821
vn 0.6004 0.738277 0.307355
v 0.0248666 0.0230538 0.0106833
vn 0.67872 0.672479 0.295146
v 0.0254341 0.0238917 0.00621024
vn 0.709392 0.685863 0.162343
v 0.0244687 0.0246513 0.00645805
vn 0.621284 0.766289 0.16373
v 0.0238362 0.0237433 0.0109821
vn 0.6004 0.738277 0.307355
v 0.0257164 0.0243574 0.00105987
vn 0.702203 0.711199 0.0332746
v 0.0244687 0.0246513 0.00645805
vn 0.621284 0.766289 0.16373
v 0.0254341 0.0238917 0.00621024
vn 0.709392 0.685863 0.162343
v 0.0257164 0.0243574 0.00105987
vn 0.702203 0.711199 0.0332746
v 0.024795 0.0250543 0.00137061
vn 0.560759 0.82711 0.0379139
v 0.0244687 0.0246513 0.00645805
vn 0.621284 0.766289 0.16373
v 0.0246973 0.0249979 -0.00355372
vn 0.53328 0.84157 -0.0858628
v 0.0257164 0.0243574 0.00105987
vn 0.702203 0.711199 0.0332746
v 0.0256224 0.0241624 -0.00376289
vn 0.734028 0.67197 -0.098287
v 0.0246973 0.0249979 -0.00355372
vn 0.53328 0.84157 -0.0858628
v 0.024795 0.0250543 0.00137061
vn 0.560759 0.82711 0.0379139
v 0.0257164 0.0243574 0.00105987
vn 0.702203 0.711199 0.0332746
v 0.0231692 0.0242035 0.0111995
vn 0.685368 0.659423 0.308921
v 0.0229979 0.0219986 0.0155391
vn 0.57675 0.684699 0.445585
v 0.0238362 0.0237433 0.0109821
vn 0.6004 0.738277 0.307355
v 0.0231692 0.0242035 0.0111995
vn 0.685368 0.659423 0.308921
v 0.0221993 0.0224578 0.0157832
vn 0.640659 0.627507 0.442482
v 0.0229979 0.0219986 0.0155391
vn 0.57675 0.684699 0.445585
v 0.0238128 0.0251219 0.00669058
vn 0.730691 0.661 0.170793
v 0.0238362 0.0237433 0.0109821
vn 0.6004 0.738277 0.307355
v 0.0244687 0.0246513 0.00645805
vn 0.621284 0.766289 0.16373
v 0.0238128 0.0251219 0.00669058
vn 0.730691 0.661 0.170793
v 0.0231692 0.0242035 0.0111995
vn 0.685368 0.659423 0.308921
v 0.0238362 0.0237433 0.0109821
vn 0.6004 0.738277 0.307355
v 0.0240879 0.0254693 0.0015177
vn 0.736347 0.675666 0.0356206
v 0.0244687 0.0246513 0.00645805
vn 0.621284 0.766289 0.16373
v 0.024795 0.0250543 0.00137061
vn 0.560759 0.82711 0.0379139
v 0.0240879 0.0254693 0.0015177
vn 0.736347 0.675666 0.0356206
v 0.0238128 0.0251219 0.00669058
vn 0.730691 0.661 0.170793
v 0.0244687 0.0246513 0.00645805
vn 0.621284 0.766289 0.16373
v 0.0191895 0.0223889 -0.0194778
vn 0.671459 0.465369 -0.576692
v 0.020604 0.0245961 -0.0152087
vn 0.561164 0.71936 -0.40941
v 0.0211686 0.0237848 -0.0155596
vn 0.744446 0.502345 -0.43983
v 0.0191895 0.0223889 -0.0194778
vn 0.671459 0.465369 -0.576692
v 0.0187131 0.0234163 -0.0190134
vn 0.522638 0.665833 -0.532462
v 0.020604 0.0245961 -0.0152087
vn 0.561164 0.71936 -0.40941
v 0.0145688 0.0174235 -0.0271886
vn 0.438703 0.421414 -0.793693
v 0.0173158 0.0196686 -0.0238007
vn 0.429966 0.631521 -0.645221
v 0.0179732 0.0183923 -0.0243424
vn 0.549574 0.44732 -0.705601
v 0.0145688 0.0174235 -0.0271886
vn 0.438703 0.421414 -0.793693
v 0.014022 0.0188257 -0.026512
vn 0.344283 0.606962 -0.716287
v 0.0173158 0.0196686 -0.0238007
vn 0.429966 0.631521 -0.645221
v 0.0184176 0.0172491 -0.0245493
vn 0.575529 0.391696 -0.717872
v 0.0221979 0.0168337 -0.021405
vn 0.645359 0.454733 -0.613783
v 0.0191614 0.0152438 -0.0251367
vn 0.553288 0.405368 -0.727701
v 0.0184176 0.0172491 -0.0245493
vn 0.575529 0.391696 -0.717872
v 0.0214237 0.0187505 -0.0207335
vn 0.686089 0.407476 -0.602697
v 0.0221979 0.0168337 -0.021405
vn 0.645359 0.454733 -0.613783
v 0.0109123 0.0165624 -0.0292267
vn 0.336924 0.379671 -0.861587
v 0.014022 0.0188257 -0.026512
vn 0.344283 0.606962 -0.716287
v 0.0145688 0.0174235 -0.0271886
vn 0.438703 0.421414 -0.793693
v 0.0109123 0.0165624 -0.0292267
vn 0.336924 0.379671 -0.861587
v 0.0104756 0.0180951 -0.0285235
vn 0.261734 0.603321 -0.753325
v 0.014022 0.0188257 -0.026512
vn 0.344283 0.606962 -0.716287
v 0.00758952 0.0161374 -0.0305042
vn 0.23089 0.348237 -0.908527
v 0.0104756 0.0180951 -0.0285235
vn 0.261734 0.603321 -0.753325
v 0.0109123 0.0165624 -0.0292267
vn 0.336924 0.379671 -0.861587
v 0.00758952 0.0161374 -0.0305042
vn 0.23089 0.348237 -0.908527
v 0.00730121 0.0177696 -0.0297842
vn 0.185111 0.597159 -0.780471
v 0.0104756 0.0180951 -0.0285235
vn 0.261734 0.603321 -0.753325
v 0.00389746 0.0157982 -0.0312727
vn 0.118208 0.355082 -0.927332
v 0.00730121 0.0177696 -0.0297842
vn 0.185111 0.597159 -0.780471
v 0.00758952 0.0161374 -0.0305042
vn 0.23089 0.348237 -0.908527
v 0.00389746 0.0157982 -0.0312727
vn 0.118208 0.355082 -0.927332
v 0.00373968 0.0174911 -0.0305449
vn 0.0897634 0.566277 -0.819312
v 0.00730121 0.0177696 -0.0297842
vn 0.185111 0.597159 -0.780471
v 0.013572 0.0196242 -0.0258714
vn 0.369797 0.558725 -0.742346
v 0.0173158 0.0196686 -0.0238007
vn 0.429966 0.631521 -0.645221
v 0.014022 0.0188257 -0.026512
vn 0.344283 0.606962 -0.716287
v 0.013572 0.0196242 -0.0258714
vn 0.369797 0.558725 -0.742346
v 0.0168242 0.0204002 -0.0232044
vn 0.462879 0.602203 -0.650457
v 0.0173158 0.0196686 -0.0238007
vn 0.429966 0.631521 -0.645221
v 0.00331742 0.0216907 -0.0274634
vn 0.0721479 0.69318 -0.717144
v 3.1665e-08 0.0251367 -0.0244524
vn -0.000221045 0.73325 -0.679959
v 0.0034097 0.0251497 -0.0242103
vn 0.0879068 0.735129 -0.672203
v 0.00331742 0.0216907 -0.0274634
vn 0.0721479 0.69318 -0.717144
v 3.1665e-08 0.0214444 -0.0277883
vn -0.00138578 0.687884 -0.725819
v 3.1665e-08 0.0251367 -0.0244524
vn -0.000221045 0.73325 -0.679959
v 0.0100956 0.0189003 -0.0277294
vn 0.274419 0.556306 -0.784358
v 0.014022 0.0188257 -0.026512
vn 0.344283 0.606962 -0.716287
v 0.0104756 0.0180951 -0.0285235
vn 0.261734 0.603321 -0.753325
v 0.0100956 0.0189003 -0.0277294
vn 0.274419 0.556306 -0.784358
v 0.013572 0.0196242 -0.0258714
vn 0.369797 0.558725 -0.742346
v 0.014022 0.0188257 -0.026512
vn 0.344283 0.606962 -0.716287
v 0.00705491 0.0185834 -0.0288605
vn 0.20358 0.55145 -0.808985
v 0.0104756 0.0180951 -0.0285235
vn 0.261734 0.603321 -0.753325
v 0.00730121 0.0177696 -0.0297842
vn 0.185111 0.597159 -0.780471
v 0.00705491 0.0185834 -0.0288605
vn 0.20358 0.55145 -0.808985
v 0.0100956 0.0189003 -0.0277294
vn 0.274419 0.556306 -0.784358
v 0.0104756 0.0180951 -0.0285235
vn 0.261734 0.603321 -0.753325
v 0.00361005 0.0183674 -0.0296587
vn 0.0879515 0.55475 -0.827356
v 0.00730121 0.0177696 -0.0297842
vn 0.185111 0.597159 -0.780471
v 0.00373968 0.0174911 -0.0305449
vn 0.0897634 0.566277 -0.819312
v 0.00361005 0.0183674 -0.0296587
vn 0.0879515 0.55475 -0.827356
v 0.00705491 0.0185834 -0.0288605
vn 0.20358 0.55145 -0.808985
v 0.00730121 0.0177696 -0.0297842
vn 0.185111 0.597159 -0.780471
v 3.1665e-08 0.0157392 -0.0316125
vn -0.000586059 0.326697 -0.945129
v 0.00373968 0.0174911 -0.0305449
vn 0.0897634 0.566277 -0.819312
v 0.00389746 0.0157982 -0.0312727
vn 0.118208 0.355082 -0.927332
v 3.1665e-08 0.0157392 -0.0316125
vn -0.000586059 0.326697 -0.945129
v 3.1665e-08 0.0174109 -0.0308647
vn -0.00752689 0.592277 -0.805699
v 0.00373968 0.0174911 -0.0305449
vn 0.0897634 0.566277 -0.819312
v -5.75153e-05 0.0182849 -0.0298356
vn -0.00650682 0.529893 -0.84804
v 0.00373968 0.0174911 -0.0305449
vn 0.0897634 0.566277 -0.819312
v 3.1665e-08 0.0174109 -0.0308647
vn -0.00752689 0.592277 -0.805699
v -5.75153e-05 0.0182849 -0.0298356
vn -0.00650682 0.529893 -0.84804
v 0.00361005 0.0183674 -0.0296587
vn 0.0879515 0.55475 -0.827356
v 0.00373968 0.0174911 -0.0305449
vn 0.0897634 0.566277 -0.819312
v 0.0203014 0.00678393 0.0281654
vn 0.614968 0.186199 0.766253
v 0.0186593 0.00352912 0.0296508
vn 0.501222 0.0925917 0.86035
v 0.0200346 0.00346213 0.0288753
vn 0.576758 0.0844267 0.81254
v 0.0203014 0.00678393 0.0281654
vn 0.614968 0.186199 0.766253
v 0.0189513 0.00692726 0.0289407
vn 0.470795 0.215815 0.855439
v 0.0186593 0.00352912 0.0296508
vn 0.501222 0.0925917 0.86035
v 0.0219864 0.015744 0.0230613
vn 0.631728 0.422724 0.649788
v 0.019714 0.0119248 0.0268008
vn 0.468332 0.366282 0.804054
v 0.0210221 0.0115071 0.0260939
vn 0.640483 0.282615 0.71408
v 0.0219864 0.015744 0.0230613
vn 0.631728 0.422724 0.649788
v 0.0208075 0.0162054 0.023647
vn 0.492915 0.504717 0.708728
v 0.019714 0.0119248 0.0268008
vn 0.468332 0.366282 0.804054
v 0.0219788 0.0198058 0.019581
vn 0.534266 0.617693 0.577075
v 0.0219864 0.015744 0.0230613
vn 0.631728 0.422724 0.649788
v 0.0230599 0.0191819 0.0190247
vn 0.668761 0.522165 0.529247
v 0.0219788 0.0198058 0.019581
vn 0.534266 0.617693 0.577075
v 0.0208075 0.0162054 0.023647
vn 0.492915 0.504717 0.708728
v 0.0219864 0.015744 0.0230613
vn 0.631728 0.422724 0.649788
v 0.0236053 0.0107841 0.0236472
vn 0.700434 0.279155 0.65686
v 0.021217 0.00653397 0.0272034
vn 0.700148 0.168183 0.693907
v 0.0232168 0.00634964 0.025458
vn 0.685753 0.1844 0.704088
v 0.0236053 0.0107841 0.0236472
vn 0.700434 0.279155 0.65686
v 0.0218456 0.0111356 0.0252243
vn 0.720172 0.236102 0.652386
v 0.021217 0.00653397 0.0272034
vn 0.700148 0.168183 0.693907
v 0.0179149 0.00710715 0.0294186
vn 0.537232 0.21175 0.816421
v 0.0186593 0.00352912 0.0296508
vn 0.501222 0.0925917 0.86035
v 0.0189513 0.00692726 0.0289407
vn 0.470795 0.215815 0.855439
v 0.0179149 0.00710715 0.0294186
vn 0.537232 0.21175 0.816421
v 0.0176516 0.00364256 0.0302481
vn 0.59241 0.0812036 0.801534
v 0.0186593 0.00352912 0.0296508
vn 0.501222 0.0925917 0.86035
v 0.0198639 0.0165945 0.0239576
vn 0.573752 0.45853 0.678645
v 0.019714 0.0119248 0.0268008
vn 0.468332 0.366282 0.804054
v 0.0208075 0.0162054 0.023647
vn 0.492915 0.504717 0.708728
v 0.0198639 0.0165945 0.0239576
vn 0.573752 0.45853 0.678645
v 0.0187432 0.0121268 0.0271884
vn 0.555801 0.317394 0.76834
v 0.019714 0.0119248 0.0268008
vn 0.468332 0.366282 0.804054
v 0.0210768 0.0202273 0.0198105
vn 0.620291 0.550433 0.558805
v 0.0208075 0.0162054 0.023647
vn 0.492915 0.504717 0.708728
v 0.0219788 0.0198058 0.019581
vn 0.534266 0.617693 0.577075
v 0.0210768 0.0202273 0.0198105
vn 0.620291 0.550433 0.558805
v 0.0198639 0.0165945 0.0239576
vn 0.573752 0.45853 0.678645
v 0.0208075 0.0162054 0.023647
vn 0.492915 0.504717 0.708728
v 0.0176516 0.00364256 0.0302481
vn 0.59241 0.0812036 0.801534
v 0.018524 7.37612e-09 0.0298752
vn 0.456025 0.00271371 0.889963
v 0.0186593 0.00352912 0.0296508
vn 0.501222 0.0925917 0.86035
v 0.0176516 0.00364256 0.0302481
vn 0.59241 0.0812036 0.801534
v 0.0174771 7.37612e-09 0.0304206
vn 0.571963 -2.86826e-05 0.82028
v 0.018524 7.37612e-09 0.0298752
vn 0.456025 0.00271371 0.889963
v 0.0200346 0.00346213 0.0288753
vn 0.576758 0.0844267 0.81254
v 0.018524 7.37612e-09 0.0298752
vn 0.456025 0.00271371 0.889963
v 0.0199888 7.37612e-09 0.0291897
vn 0.574002 0.00842782 0.81881
v 0.0200346 0.00346213 0.0288753
vn 0.576758 0.0844267 0.81254
v 0.0186593 0.00352912 0.0296508
vn 0.501222 0.0925917 0.86035
v 0.018524 7.37612e-09 0.0298752
vn 0.456025 0.00271371 0.889963
v 0.0245997 0.0227307 -0.011772
vn 0.704145 0.627522 -0.332259
v 0.0243304 0.0245552 -0.00741849
vn 0.54555 0.813255 -0.202462
v 0.0252771 0.023646 -0.00773649
vn 0.741566 0.635938 -0.213689
v 0.0245997 0.0227307 -0.011772
vn 0.704145 0.627522 -0.332259
v 0.0236055 0.023739 -0.0113747
vn 0.548361 0.769923 -0.326372
v 0.0243304 0.0245552 -0.00741849
vn 0.54555 0.813255 -0.202462
v 0.023123 0.0212971 -0.0165303
vn 0.671791 0.581596 -0.45874
v 0.0236055 0.023739 -0.0113747
vn 0.548361 0.769923 -0.326372
v 0.0245997 0.0227307 -0.011772
vn 0.704145 0.627522 -0.332259
v 0.023123 0.0212971 -0.0165303
vn 0.671791 0.581596 -0.45874
v 0.0221426 0.022391 -0.0160586
vn 0.491965 0.757522 -0.429104
v 0.0236055 0.023739 -0.0113747
vn 0.548361 0.769923 -0.326372
v 0.0201423 0.0210507 -0.0201925
vn 0.438605 0.728289 -0.526518
v 0.023123 0.0212971 -0.0165303
vn 0.671791 0.581596 -0.45874
v 0.0210156 0.0198051 -0.0206503
vn 0.654358 0.463868 -0.597195
v 0.0201423 0.0210507 -0.0201925
vn 0.438605 0.728289 -0.526518
v 0.0221426 0.022391 -0.0160586
vn 0.491965 0.757522 -0.429104
v 0.023123 0.0212971 -0.0165303
vn 0.671791 0.581596 -0.45874
v 0.0262244 0.0232968 -0.00395129
vn 0.817169 0.566596 -0.105851
v 0.0272594 0.0221811 0.000603528
vn 0.832674 0.553278 0.0231789
v 0.0271515 0.021859 -0.00429342
vn 0.818662 0.561835 -0.118886
v 0.0262244 0.0232968 -0.00395129
vn 0.817169 0.566596 -0.105851
v 0.0263812 0.0235375 0.000839691
vn 0.812107 0.583089 0.0221214
v 0.0272594 0.0221811 0.000603528
vn 0.832674 0.553278 0.0231789
v 0.0229903 0.0242122 -0.011111
vn 0.620257 0.708481 -0.336655
v 0.0243304 0.0245552 -0.00741849
vn 0.54555 0.813255 -0.202462
v 0.0236055 0.023739 -0.0113747
vn 0.548361 0.769923 -0.326372
v 0.0229903 0.0242122 -0.011111
vn 0.620257 0.708481 -0.336655
v 0.0236917 0.024932 -0.0071429
vn 0.720847 0.666736 -0.189322
v 0.0243304 0.0245552 -0.00741849
vn 0.54555 0.813255 -0.202462
v 0.0214697 0.0229185 -0.0156965
vn 0.638816 0.623275 -0.451045
v 0.0236055 0.023739 -0.0113747
vn 0.548361 0.769923 -0.326372
v 0.0221426 0.022391 -0.0160586
vn 0.491965 0.757522 -0.429104
v 0.0214697 0.0229185 -0.0156965
vn 0.638816 0.623275 -0.451045
v 0.0229903 0.0242122 -0.011111
vn 0.620257 0.708481 -0.336655
v 0.0236055 0.023739 -0.0113747
vn 0.548361 0.769923 -0.326372
v 0.0194612 0.0215567 -0.0196916
vn 0.520329 0.656577 -0.546044
v 0.0221426 0.022391 -0.0160586
vn 0.491965 0.757522 -0.429104
v 0.0201423 0.0210507 -0.0201925
vn 0.438605 0.728289 -0.526518
v 0.0194612 0.0215567 -0.0196916
vn 0.520329 0.656577 -0.546044
v 0.0214697 0.0229185 -0.0156965
vn 0.638816 0.623275 -0.451045
v 0.0221426 0.022391 -0.0160586
vn 0.491965 0.757522 -0.429104
v 0.0190327 0.0243393 0.0168786
vn 0.44801 0.744368 0.49518
v 0.0173123 0.0276521 0.0129659
vn 0.469191 0.804338 0.364555
v 0.0161764 0.0255649 0.0178748
vn 0.450401 0.732351 0.510687
v 0.0190327 0.0243393 0.0168786
vn 0.44801 0.744368 0.49518
v 0.0202558 0.0261317 0.012142
vn 0.480244 0.805527 0.347119
v 0.0173123 0.0276521 0.0129659
vn 0.469191 0.804338 0.364555
v 0.0245997 0.0227307 -0.011772
vn 0.704145 0.627522 -0.332259
v 0.0235691 0.0203597 -0.0167698
vn 0.747911 0.460765 -0.477833
v 0.023123 0.0212971 -0.0165303
vn 0.671791 0.581596 -0.45874
v 0.0245997 0.0227307 -0.011772
vn 0.704145 0.627522 -0.332259
v 0.0251178 0.0218178 -0.0119795
vn 0.797761 0.504954 -0.329544
v 0.0235691 0.0203597 -0.0167698
vn 0.747911 0.460765 -0.477833
v 0.0274079 0.0175465 -0.0130921
vn 0.789732 0.486367 -0.373859
v 0.0266791 0.0212655 -0.00818485
vn 0.803989 0.546461 -0.234481
v 0.0283982 0.0185743 -0.00882295
vn 0.819744 0.514116 -0.252397
v 0.0274079 0.0175465 -0.0130921
vn 0.789732 0.486367 -0.373859
v 0.0258857 0.020335 -0.0123305
vn 0.788717 0.507821 -0.346471
v 0.0266791 0.0212655 -0.00818485
vn 0.803989 0.546461 -0.234481
v 0.0255029 0.0159927 -0.0180709
vn 0.738916 0.445149 -0.505812
v 0.0258857 0.020335 -0.0123305
vn 0.788717 0.507821 -0.346471
v 0.0274079 0.0175465 -0.0130921
vn 0.789732 0.486367 -0.373859
v 0.0255029 0.0159927 -0.0180709
vn 0.738916 0.445149 -0.505812
v 0.024358 0.0184706 -0.0172819
vn 0.736192 0.472134 -0.484881
v 0.0258857 0.020335 -0.0123305
vn 0.788717 0.507821 -0.346471
v 0.0221979 0.0168337 -0.021405
vn 0.645359 0.454733 -0.613783
v 0.0255029 0.0159927 -0.0180709
vn 0.738916 0.445149 -0.505812
v 0.023068 0.0144188 -0.0221881
vn 0.661994 0.396158 -0.636257
v 0.0221979 0.0168337 -0.021405
vn 0.645359 0.454733 -0.613783
v 0.024358 0.0184706 -0.0172819
vn 0.736192 0.472134 -0.484881
v 0.0255029 0.0159927 -0.0180709
vn 0.738916 0.445149 -0.505812
v 0.023123 0.0212971 -0.0165303
vn 0.671791 0.581596 -0.45874
v 0.0214237 0.0187505 -0.0207335
vn 0.686089 0.407476 -0.602697
v 0.0210156 0.0198051 -0.0206503
vn 0.654358 0.463868 -0.597195
v 0.023123 0.0212971 -0.0165303
vn 0.671791 0.581596 -0.45874
v 0.0235691 0.0203597 -0.0167698
vn 0.747911 0.460765 -0.477833
v 0.0214237 0.0187505 -0.0207335
vn 0.686089 0.407476 -0.602697
v 0.0258857 0.020335 -0.0123305
vn 0.788717 0.507821 -0.346471
v 0.0258096 0.0227089 -0.00789344
vn 0.825295 0.522158 -0.215033
v 0.0266791 0.0212655 -0.00818485
vn 0.803989 0.546461 -0.234481
v 0.0258857 0.020335 -0.0123305
vn 0.788717 0.507821 -0.346471
v 0.0251178 0.0218178 -0.0119795
vn 0.797761 0.504954 -0.329544
v 0.0258096 0.0227089 -0.00789344
vn 0.825295 0.522158 -0.215033
v 0.024358 0.0184706 -0.0172819
vn 0.736192 0.472134 -0.484881
v 0.0251178 0.0218178 -0.0119795
vn 0.797761 0.504954 -0.329544
v 0.0258857 0.020335 -0.0123305
vn 0.788717 0.507821 -0.346471
v 0.024358 0.0184706 -0.0172819
vn 0.736192 0.472134 -0.484881
v 0.0235691 0.0203597 -0.0167698
vn 0.747911 0.460765 -0.477833
v 0.0251178 0.0218178 -0.0119795
vn 0.797761 0.504954 -0.329544
v 0.0214237 0.0187505 -0.0207335
vn 0.686089 0.407476 -0.602697
v 0.024358 0.0184706 -0.0172819
vn 0.736192 0.472134 -0.484881
v 0.0221979 0.0168337 -0.021405
vn 0.645359 0.454733 -0.613783
v 0.0214237 0.0187505 -0.0207335
vn 0.686089 0.407476 -0.602697
v 0.0235691 0.0203597 -0.0167698
vn 0.747911 0.460765 -0.477833
v 0.024358 0.0184706 -0.0172819
vn 0.736192 0.472134 -0.484881
v 0.0271515 0.021859 -0.00429342
vn 0.818662 0.561835 -0.118886
v 0.0290196 0.0196577 0.000425126
vn 0.847394 0.530696 0.0169133
v 0.0289166 0.0192296 -0.00475143
vn 0.84411 0.521143 -0.126049
v 0.0271515 0.021859 -0.00429342
vn 0.818662 0.561835 -0.118886
v 0.0272594 0.0221811 0.000603528
vn 0.832674 0.553278 0.0231789
v 0.0290196 0.0196577 0.000425126
vn 0.847394 0.530696 0.0169133
v 0.0252771 0.023646 -0.00773649
vn 0.741566 0.635938 -0.213689
v 0.0251178 0.0218178 -0.0119795
vn 0.797761 0.504954 -0.329544
v 0.0245997 0.0227307 -0.011772
vn 0.704145 0.627522 -0.332259
v 0.0252771 0.023646 -0.00773649
vn 0.741566 0.635938 -0.213689
v 0.0258096 0.0227089 -0.00789344
vn 0.825295 0.522158 -0.215033
v 0.0251178 0.0218178 -0.0119795
vn 0.797761 0.504954 -0.329544
v 0.0256224 0.0241624 -0.00376289
vn 0.734028 0.67197 -0.098287
v 0.0263812 0.0235375 0.000839691
vn 0.812107 0.583089 0.0221214
v 0.0262244 0.0232968 -0.00395129
vn 0.817169 0.566596 -0.105851
v 0.0256224 0.0241624 -0.00376289
vn 0.734028 0.67197 -0.098287
v 0.0257164 0.0243574 0.00105987
vn 0.702203 0.711199 0.0332746
v 0.0263812 0.0235375 0.000839691
vn 0.812107 0.583089 0.0221214
v 0.0246563 0.0207354 0.0147399
vn 0.775414 0.497465 0.388925
v 0.0248363 0.0176791 0.0175215
vn 0.756918 0.443438 0.480039
v 0.0254568 0.0197395 0.0142135
vn 0.788261 0.487726 0.37519
v 0.0246563 0.0207354 0.0147399
vn 0.775414 0.497465 0.388925
v 0.0237603 0.0186539 0.0185027
vn 0.755114 0.439354 0.48659
v 0.0248363 0.0176791 0.0175215
vn 0.756918 0.443438 0.480039
v 0.0210221 0.0115071 0.0260939
vn 0.640483 0.282615 0.71408
v 0.0227924 0.0153239 0.0223302
vn 0.739069 0.338748 0.582261
v 0.0219864 0.015744 0.0230613
vn 0.631728 0.422724 0.649788
v 0.0210221 0.0115071 0.0260939
vn 0.640483 0.282615 0.71408
v 0.0218456 0.0111356 0.0252243
vn 0.720172 0.236102 0.652386
v 0.0227924 0.0153239 0.0223302
vn 0.739069 0.338748 0.582261
v 0.0261893 0.00334372 0.0229439
vn 0.762339 0.0883358 0.641121
v 0.0232168 0.00634964 0.025458
vn 0.685753 0.1844 0.704088
v 0.0231174 0.00327878 0.0261304
vn 0.689442 0.0837057 0.719489
v 0.0261893 0.00334372 0.0229439
vn 0.762339 0.0883358 0.641121
v 0.0261319 0.00648383 0.0223619
vn 0.756771 0.187522 0.626205
v 0.0232168 0.00634964 0.025458
vn 0.685753 0.1844 0.704088
v 0.0259223 0.014561 0.018689
vn 0.763468 0.377132 0.524298
v 0.0236053 0.0107841 0.0236472
vn 0.700434 0.279155 0.65686
v 0.0260387 0.0109105 0.0207817
vn 0.758602 0.288481 0.58421
v 0.0259223 0.014561 0.018689
vn 0.763468 0.377132 0.524298
v 0.0241187 0.0145865 0.0209967
vn 0.744443 0.346071 0.570999
v 0.0236053 0.0107841 0.0236472
vn 0.700434 0.279155 0.65686
v 0.0248363 0.0176791 0.0175215
vn 0.756918 0.443438 0.480039
v 0.0259223 0.014561 0.018689
vn 0.763468 0.377132 0.524298
v 0.0258555 0.0169547 0.0167456
vn 0.774752 0.436211 0.457689
v 0.0248363 0.0176791 0.0175215
vn 0.756918 0.443438 0.480039
v 0.0241187 0.0145865 0.0209967
vn 0.744443 0.346071 0.570999
v 0.0259223 0.014561 0.018689
vn 0.763468 0.377132 0.524298
v 0.0219864 0.015744 0.0230613
vn 0.631728 0.422724 0.649788
v 0.0237603 0.0186539 0.0185027
vn 0.755114 0.439354 0.48659
v 0.0230599 0.0191819 0.0190247
vn 0.668761 0.522165 0.529247
v 0.0219864 0.015744 0.0230613
vn 0.631728 0.422724 0.649788
v 0.0227924 0.0153239 0.0223302
vn 0.739069 0.338748 0.582261
v 0.0237603 0.0186539 0.0185027
vn 0.755114 0.439354 0.48659
v 0.0232168 0.00634964 0.025458
vn 0.685753 0.1844 0.704088
v 0.0210406 0.00338373 0.0279887
vn 0.668939 0.0767246 0.739347
v 0.0231174 0.00327878 0.0261304
vn 0.689442 0.0837057 0.719489
v 0.0232168 0.00634964 0.025458
vn 0.685753 0.1844 0.704088
v 0.021217 0.00653397 0.0272034
vn 0.700148 0.168183 0.693907
v 0.0210406 0.00338373 0.0279887
vn 0.668939 0.0767246 0.739347
v 0.0241187 0.0145865 0.0209967
vn 0.744443 0.346071 0.570999
v 0.0218456 0.0111356 0.0252243
vn 0.720172 0.236102 0.652386
v 0.0236053 0.0107841 0.0236472
vn 0.700434 0.279155 0.65686
v 0.0241187 0.0145865 0.0209967
vn 0.744443 0.346071 0.570999
v 0.0227924 0.0153239 0.0223302
vn 0.739069 0.338748 0.582261
v 0.0218456 0.0111356 0.0252243
vn 0.720172 0.236102 0.652386
v 0.0237603 0.0186539 0.0185027
vn 0.755114 0.439354 0.48659
v 0.0241187 0.0145865 0.0209967
vn 0.744443 0.346071 0.570999
v 0.0248363 0.0176791 0.0175215
vn 0.756918 0.443438 0.480039
v 0.0237603 0.0186539 0.0185027
vn 0.755114 0.439354 0.48659
v 0.0227924 0.0153239 0.0223302
vn 0.739069 0.338748 0.582261
v 0.0241187 0.0145865 0.0209967
vn 0.744443 0.346071 0.570999
v 0.0260387 0.0109105 0.0207817
vn 0.758602 0.288481 0.58421
v 0.0232168 0.00634964 0.025458
vn 0.685753 0.1844 0.704088
v 0.0261319 0.00648383 0.0223619
vn 0.756771 0.187522 0.626205
v 0.0260387 0.0109105 0.0207817
vn 0.758602 0.288481 0.58421
v 0.0236053 0.0107841 0.0236472
vn 0.700434 0.279155 0.65686
v 0.0232168 0.00634964 0.025458
vn 0.685753 0.1844 0.704088
v 0.0203014 0.00678393 0.0281654
vn 0.614968 0.186199 0.766253
v 0.0218456 0.0111356 0.0252243
vn 0.720172 0.236102 0.652386
v 0.0210221 0.0115071 0.0260939
vn 0.640483 0.282615 0.71408
v 0.0203014 0.00678393 0.0281654
vn 0.614968 0.186199 0.766253
v 0.021217 0.00653397 0.0272034
vn 0.700148 0.168183 0.693907
v 0.0218456 0.0111356 0.0252243
vn 0.720172 0.236102 0.652386
v 0.00977566 0.0141591 0.0305067
vn 0.275757 0.397214 0.875317
v 0.00675307 0.00839946 0.0332512
vn 0.192826 0.248345 0.949286
v 0.0088666 0.00831122 0.0327828
vn 0.249331 0.247974 0.936132
v 0.00977566 0.0141591 0.0305067
vn 0.275757 0.397214 0.875317
v 0.00746428 0.0143559 0.0310542
vn 0.214745 0.400675 0.890698
v 0.00675307 0.00839946 0.0332512
vn 0.192826 0.248345 0.949286
v 0.0203014 0.00678393 0.0281654
vn 0.614968 0.186199 0.766253
v 0.0210406 0.00338373 0.0279887
vn 0.668939 0.0767246 0.739347
v 0.021217 0.00653397 0.0272034
vn 0.700148 0.168183 0.693907
v 0.0203014 0.00678393 0.0281654
vn 0.614968 0.186199 0.766253
v 0.0200346 0.00346213 0.0288753
vn 0.576758 0.0844267 0.81254
v 0.0210406 0.00338373 0.0279887
vn 0.668939 0.0767246 0.739347
v 0.0200346 0.00346213 0.0288753
vn 0.576758 0.0844267 0.81254
v 0.0209502 7.37612e-09 0.0282009
vn 0.688569 -0.000988316 0.72517
v 0.0210406 0.00338373 0.0279887
vn 0.668939 0.0767246 0.739347
v 0.0200346 0.00346213 0.0288753
vn 0.576758 0.0844267 0.81254
v 0.0199888 7.37612e-09 0.0291897
vn 0.574002 0.00842782 0.81881
v 0.0209502 7.37612e-09 0.0282009
vn 0.688569 -0.000988316 0.72517
v 3.1665e-08 0.014208 -0.0319961
vn -0.00482684 0.307353 -0.951584
v 0.00389746 0.0157982 -0.0312727
vn 0.118208 0.355082 -0.927332
v 0.00400474 0.0143675 -0.0317558
vn 0.118051 0.335805 -0.934505
v 3.1665e-08 0.014208 -0.0319961
vn -0.00482684 0.307353 -0.951584
v 3.1665e-08 0.0157392 -0.0316125
vn -0.000586059 0.326697 -0.945129
v 0.00389746 0.0157982 -0.0312727
vn 0.118208 0.355082 -0.927332
v 0.0231174 0.00327878 0.0261304
vn 0.689442 0.0837057 0.719489
v 0.0209502 7.37612e-09 0.0282009
vn 0.688569 -0.000988316 0.72517
v 0.0230508 3.65083e-09 0.0263451
vn 0.686322 -0.00290446 0.727292
v 0.0231174 0.00327878 0.0261304
vn 0.689442 0.0837057 0.719489
v 0.0210406 0.00338373 0.0279887
vn 0.668939 0.0767246 0.739347
v 0.0209502 7.37612e-09 0.0282009
vn 0.688569 -0.000988316 0.72517
v 0.0231174 0.00327878 0.0261304
vn 0.689442 0.0837057 0.719489
v 0.0262058 7.37612e-09 0.0231494
vn 0.760853 -0.000650578 0.648924
v 0.0261893 0.00334372 0.0229439
vn 0.762339 0.0883358 0.641121
v 0.0231174 0.00327878 0.0261304
vn 0.689442 0.0837057 0.719489
v 0.0230508 3.65083e-09 0.0263451
vn 0.686322 -0.00290446 0.727292
v 0.0262058 7.37612e-09 0.0231494
vn 0.760853 -0.000650578 0.648924
v 0.0159441 0.0117263 -0.0289078
vn 0.453833 0.325795 -0.829394
v 0.0191614 0.0152438 -0.0251367
vn 0.553288 0.405368 -0.727701
v 0.0197888 0.0128793 -0.0259304
vn 0.561716 0.358755 -0.7455
v 0.0159441 0.0117263 -0.0289078
vn 0.453833 0.325795 -0.829394
v 0.0154904 0.014059 -0.0281307
vn 0.455585 0.368387 -0.810391
v 0.0191614 0.0152438 -0.0251367
vn 0.553288 0.405368 -0.727701
v 0.0179732 0.0183923 -0.0243424
vn 0.549574 0.44732 -0.705601
v 0.0149027 0.0161001 -0.0275162
vn 0.464991 0.350425 -0.81301
v 0.0145688 0.0174235 -0.0271886
vn 0.438703 0.421414 -0.793693
v 0.0179732 0.0183923 -0.0243424
vn 0.549574 0.44732 -0.705601
v 0.0184176 0.0172491 -0.0245493
vn 0.575529 0.391696 -0.717872
v 0.0149027 0.0161001 -0.0275162
vn 0.464991 0.350425 -0.81301
v 0.0159441 0.0117263 -0.0289078
vn 0.453833 0.325795 -0.829394
v 0.0115767 0.0130951 -0.030344
vn 0.330375 0.358281 -0.873205
v 0.0154904 0.014059 -0.0281307
vn 0.455585 0.368387 -0.810391
v 0.0159441 0.0117263 -0.0289078
vn 0.453833 0.325795 -0.829394
v 0.0118859 0.0107763 -0.0311012
vn 0.342793 0.295438 -0.891745
v 0.0115767 0.0130951 -0.030344
vn 0.330375 0.358281 -0.873205
v 0.0118859 0.0107763 -0.0311012
vn 0.342793 0.295438 -0.891745
v 0.00810006 0.0125354 -0.0316413
vn 0.231066 0.340927 -0.91125
v 0.0115767 0.0130951 -0.030344
vn 0.330375 0.358281 -0.873205
v 0.0118859 0.0107763 -0.0311012
vn 0.342793 0.295438 -0.891745
v 0.00830469 0.0102108 -0.032392
vn 0.233069 0.280935 -0.930997
v 0.00810006 0.0125354 -0.0316413
vn 0.231066 0.340927 -0.91125
v 0.00830469 0.0102108 -0.032392
vn 0.233069 0.280935 -0.930997
v 0.00416562 0.0121569 -0.032549
vn 0.118269 0.321632 -0.939449
v 0.00810006 0.0125354 -0.0316413
vn 0.231066 0.340927 -0.91125
v 0.00830469 0.0102108 -0.032392
vn 0.233069 0.280935 -0.930997
v 0.00426209 0.00985004 -0.0332526
vn 0.119708 0.267562 -0.956076
v 0.00416562 0.0121569 -0.032549
vn 0.118269 0.321632 -0.939449
v 0.0154904 0.014059 -0.0281307
vn 0.455585 0.368387 -0.810391
v 0.0184176 0.0172491 -0.0245493
vn 0.575529 0.391696 -0.717872
v 0.0191614 0.0152438 -0.0251367
vn 0.553288 0.405368 -0.727701
v 0.0154904 0.014059 -0.0281307
vn 0.455585 0.368387 -0.810391
v 0.0149027 0.0161001 -0.0275162
vn 0.464991 0.350425 -0.81301
v 0.0184176 0.0172491 -0.0245493
vn 0.575529 0.391696 -0.717872
v 0.0191614 0.0152438 -0.0251367
vn 0.553288 0.405368 -0.727701
v 0.023068 0.0144188 -0.0221881
vn 0.661994 0.396158 -0.636257
v 0.0197888 0.0128793 -0.0259304
vn 0.561716 0.358755 -0.7455
v 0.0191614 0.0152438 -0.0251367
vn 0.553288 0.405368 -0.727701
v 0.0221979 0.0168337 -0.021405
vn 0.645359 0.454733 -0.613783
v 0.023068 0.0144188 -0.0221881
vn 0.661994 0.396158 -0.636257
v 0.0115767 0.0130951 -0.030344
vn 0.330375 0.358281 -0.873205
v 0.0149027 0.0161001 -0.0275162
vn 0.464991 0.350425 -0.81301
v 0.0154904 0.014059 -0.0281307
vn 0.455585 0.368387 -0.810391
v 0.0115767 0.0130951 -0.030344
vn 0.330375 0.358281 -0.873205
v 0.0111557 0.0151679 -0.0295804
vn 0.340796 0.335706 -0.878157
v 0.0149027 0.0161001 -0.0275162
vn 0.464991 0.350425 -0.81301
v 0.00810006 0.0125354 -0.0316413
vn 0.231066 0.340927 -0.91125
v 0.0111557 0.0151679 -0.0295804
vn 0.340796 0.335706 -0.878157
v 0.0115767 0.0130951 -0.030344
vn 0.330375 0.358281 -0.873205
v 0.00810006 0.0125354 -0.0316413
vn 0.231066 0.340927 -0.91125
v 0.00779511 0.014688 -0.0308626
vn 0.239652 0.317114 -0.917609
v 0.0111557 0.0151679 -0.0295804
vn 0.340796 0.335706 -0.878157
v 0.00416562 0.0121569 -0.032549
vn 0.118269 0.321632 -0.939449
v 0.00779511 0.014688 -0.0308626
vn 0.239652 0.317114 -0.917609
v 0.00810006 0.0125354 -0.0316413
vn 0.231066 0.340927 -0.91125
v 0.00416562 0.0121569 -0.032549
vn 0.118269 0.321632 -0.939449
v 0.00400474 0.0143675 -0.0317558
vn 0.118051 0.335805 -0.934505
v 0.00779511 0.014688 -0.0308626
vn 0.239652 0.317114 -0.917609
v 3.1665e-08 0.00971207 -0.0335592
vn -0.000517728 0.2698 -0.962916
v 0.00416562 0.0121569 -0.032549
vn 0.118269 0.321632 -0.939449
v 0.00426209 0.00985004 -0.0332526
vn 0.119708 0.267562 -0.956076
v 3.1665e-08 0.00971207 -0.0335592
vn -0.000517728 0.2698 -0.962916
v 3.1665e-08 0.0120004 -0.0328352
vn -0.0048276 0.326876 -0.945055
v 0.00416562 0.0121569 -0.032549
vn 0.118269 0.321632 -0.939449
v 3.1665e-08 0.0120004 -0.0328352
vn -0.0048276 0.326876 -0.945055
v 0.00400474 0.0143675 -0.0317558
vn 0.118051 0.335805 -0.934505
v 0.00416562 0.0121569 -0.032549
vn 0.118269 0.321632 -0.939449
v 3.1665e-08 0.0120004 -0.0328352
vn -0.0048276 0.326876 -0.945055
v 3.1665e-08 0.014208 -0.0319961
vn -0.00482684 0.307353 -0.951584
v 0.00400474 0.0143675 -0.0317558
vn 0.118051 0.335805 -0.934505
v 0.00389746 0.0157982 -0.0312727
vn 0.118208 0.355082 -0.927332
v 0.00779511 0.014688 -0.0308626
vn 0.239652 0.317114 -0.917609
v 0.00400474 0.0143675 -0.0317558
vn 0.118051 0.335805 -0.934505
v 0.00389746 0.0157982 -0.0312727
vn 0.118208 0.355082 -0.927332
v 0.00758952 0.0161374 -0.0305042
vn 0.23089 0.348237 -0.908527
v 0.00779511 0.014688 -0.0308626
vn 0.239652 0.317114 -0.917609
v 0.00758952 0.0161374 -0.0305042
vn 0.23089 0.348237 -0.908527
v 0.0111557 0.0151679 -0.0295804
vn 0.340796 0.335706 -0.878157
v 0.00779511 0.014688 -0.0308626
vn 0.239652 0.317114 -0.917609
v 0.00758952 0.0161374 -0.0305042
vn 0.23089 0.348237 -0.908527
v 0.0109123 0.0165624 -0.0292267
vn 0.336924 0.379671 -0.861587
v 0.0111557 0.0151679 -0.0295804
vn 0.340796 0.335706 -0.878157
v 0.0109123 0.0165624 -0.0292267
vn 0.336924 0.379671 -0.861587
v 0.0149027 0.0161001 -0.0275162
vn 0.464991 0.350425 -0.81301
v 0.0111557 0.0151679 -0.0295804
vn 0.340796 0.335706 -0.878157
v 0.0109123 0.0165624 -0.0292267
vn 0.336924 0.379671 -0.861587
v 0.0145688 0.0174235 -0.0271886
vn 0.438703 0.421414 -0.793693
v 0.0149027 0.0161001 -0.0275162
vn 0.464991 0.350425 -0.81301
v 0.0179732 0.0183923 -0.0243424
vn 0.549574 0.44732 -0.705601
v 0.0214237 0.0187505 -0.0207335
vn 0.686089 0.407476 -0.602697
v 0.0184176 0.0172491 -0.0245493
vn 0.575529 0.391696 -0.717872
v 0.0179732 0.0183923 -0.0243424
vn 0.549574 0.44732 -0.705601
v 0.0210156 0.0198051 -0.0206503
vn 0.654358 0.463868 -0.597195
v 0.0214237 0.0187505 -0.0207335
vn 0.686089 0.407476 -0.602697
v 0.0176152 0.0265474 -0.0149109
vn 0.477579 0.783753 -0.397052
v 0.0161246 0.0290647 -0.0112267
vn 0.433659 0.844364 -0.314627
v 0.018477 0.0279627 -0.0105087
vn 0.505251 0.811871 -0.292554
v 0.0176152 0.0265474 -0.0149109
vn 0.477579 0.783753 -0.397052
v 0.0155797 0.0272501 -0.0157984
vn 0.404272 0.805387 -0.433492
v 0.0161246 0.0290647 -0.0112267
vn 0.433659 0.844364 -0.314627
v 0.0248666 0.0230538 0.0106833
vn 0.67872 0.672479 0.295146
v 0.0260599 0.0231593 0.00593558
vn 0.828562 0.539944 0.148142
v 0.0254341 0.0238917 0.00621024
vn 0.709392 0.685863 0.162343
v 0.0248666 0.0230538 0.0106833
vn 0.67872 0.672479 0.295146
v 0.025503 0.0223834 0.0103615
vn 0.804107 0.53201 0.265289
v 0.0260599 0.0231593 0.00593558
vn 0.828562 0.539944 0.148142
v 0.027756 0.0189046 0.0102556
vn 0.817501 0.503218 0.280113
v 0.0254568 0.0197395 0.0142135
vn 0.788261 0.487726 0.37519
v 0.0266705 0.0179185 0.0142432
vn 0.793826 0.472521 0.382838
v 0.027756 0.0189046 0.0102556
vn 0.817501 0.503218 0.280113
v 0.0262308 0.0212374 0.0100568
vn 0.818883 0.513453 0.256508
v 0.0254568 0.0197395 0.0142135
vn 0.788261 0.487726 0.37519
v 0.0285809 0.0195099 0.00576284
vn 0.828447 0.540739 0.145867
v 0.0262308 0.0212374 0.0100568
vn 0.818883 0.513453 0.256508
v 0.027756 0.0189046 0.0102556
vn 0.817501 0.503218 0.280113
v 0.0285809 0.0195099 0.00576284
vn 0.828447 0.540739 0.145867
v 0.0267901 0.0218391 0.00565852
vn 0.835742 0.530591 0.141454
v 0.0262308 0.0212374 0.0100568
vn 0.818883 0.513453 0.256508
v 0.0290196 0.0196577 0.000425126
vn 0.847394 0.530696 0.0169133
v 0.0267901 0.0218391 0.00565852
vn 0.835742 0.530591 0.141454
v 0.0285809 0.0195099 0.00576284
vn 0.828447 0.540739 0.145867
v 0.0290196 0.0196577 0.000425126
vn 0.847394 0.530696 0.0169133
v 0.0272594 0.0221811 0.000603528
vn 0.832674 0.553278 0.0231789
v 0.0267901 0.0218391 0.00565852
vn 0.835742 0.530591 0.141454
v 0.0254341 0.0238917 0.00621024
vn 0.709392 0.685863 0.162343
v 0.0263812 0.0235375 0.000839691
vn 0.812107 0.583089 0.0221214
v 0.0257164 0.0243574 0.00105987
vn 0.702203 0.711199 0.0332746
v 0.0254341 0.0238917 0.00621024
vn 0.709392 0.685863 0.162343
v 0.0260599 0.0231593 0.00593558
vn 0.828562 0.539944 0.148142
v 0.0263812 0.0235375 0.000839691
vn 0.812107 0.583089 0.0221214
v 0.0262308 0.0212374 0.0100568
vn 0.818883 0.513453 0.256508
v 0.0246563 0.0207354 0.0147399
vn 0.775414 0.497465 0.388925
v 0.0254568 0.0197395 0.0142135
vn 0.788261 0.487726 0.37519
v 0.0262308 0.0212374 0.0100568
vn 0.818883 0.513453 0.256508
v 0.025503 0.0223834 0.0103615
vn 0.804107 0.53201 0.265289
v 0.0246563 0.0207354 0.0147399
vn 0.775414 0.497465 0.388925
v 0.0267901 0.0218391 0.00565852
vn 0.835742 0.530591 0.141454
v 0.025503 0.0223834 0.0103615
vn 0.804107 0.53201 0.265289
v 0.0262308 0.0212374 0.0100568
vn 0.818883 0.513453 0.256508
v 0.0267901 0.0218391 0.00565852
vn 0.835742 0.530591 0.141454
v 0.0260599 0.0231593 0.00593558
vn 0.828562 0.539944 0.148142
v 0.025503 0.0223834 0.0103615
vn 0.804107 0.53201 0.265289
v 0.0272594 0.0221811 0.000603528
vn 0.832674 0.553278 0.0231789
v 0.0260599 0.0231593 0.00593558
vn 0.828562 0.539944 0.148142
v 0.0267901 0.0218391 0.00565852
vn 0.835742 0.530591 0.141454
v 0.0272594 0.0221811 0.000603528
vn 0.832674 0.553278 0.0231789
v 0.0263812 0.0235375 0.000839691
vn 0.812107 0.583089 0.0221214
v 0.0260599 0.0231593 0.00593558
vn 0.828562 0.539944 0.148142
v 0.0254568 0.0197395 0.0142135
vn 0.788261 0.487726 0.37519
v 0.0258555 0.0169547 0.0167456
vn 0.774752 0.436211 0.457689
v 0.0266705 0.0179185 0.0142432
vn 0.793826 0.472521 0.382838
v 0.0254568 0.0197395 0.0142135
vn 0.788261 0.487726 0.37519
v 0.0248363 0.0176791 0.0175215
vn 0.756918 0.443438 0.480039
v 0.0258555 0.0169547 0.0167456
vn 0.774752 0.436211 0.457689
v 0.0341245 0.00348763 0.000477987
vn 0.996804 0.0780278 0.0171189
v 0.0330726 0.00696898 0.00713093
vn 0.968049 0.177163 0.177466
v 0.0334802 0.00356747 0.00725964
vn 0.98054 0.0823098 0.178231
v 0.0341245 0.00348763 0.000477987
vn 0.996804 0.0780278 0.0171189
v 0.0337294 0.00684225 0.000465661
vn 0.985343 0.169793 0.0164141
v 0.0330726 0.00696898 0.00713093
vn 0.968049 0.177163 0.177466
v 0.0239823 0.021347 0.0151641
vn 0.675027 0.602284 0.426138
v 0.025503 0.0223834 0.0103615
vn 0.804107 0.53201 0.265289
v 0.0248666 0.0230538 0.0106833
vn 0.67872 0.672479 0.295146
v 0.0239823 0.021347 0.0151641
vn 0.675027 0.602284 0.426138
v 0.0246563 0.0207354 0.0147399
vn 0.775414 0.497465 0.388925
v 0.025503 0.0223834 0.0103615
vn 0.804107 0.53201 0.265289
v 0.0239823 0.021347 0.0151641
vn 0.675027 0.602284 0.426138
v 0.0237603 0.0186539 0.0185027
vn 0.755114 0.439354 0.48659
v 0.0246563 0.0207354 0.0147399
vn 0.775414 0.497465 0.388925
v 0.0239823 0.021347 0.0151641
vn 0.675027 0.602284 0.426138
v 0.0230599 0.0191819 0.0190247
vn 0.668761 0.522165 0.529247
v 0.0237603 0.0186539 0.0185027
vn 0.755114 0.439354 0.48659
v 0.0124813 0.0251167 -0.0211807
vn 0.334808 0.73372 -0.591234
v 0.0155797 0.0272501 -0.0157984
vn 0.404272 0.805387 -0.433492
v 0.0152147 0.0251754 -0.0192998
vn 0.392732 0.746816 -0.536682
v 0.0124813 0.0251167 -0.0211807
vn 0.334808 0.73372 -0.591234
v 0.0127525 0.0278319 -0.0171548
vn 0.346295 0.809382 -0.474321
v 0.0155797 0.0272501 -0.0157984
vn 0.404272 0.805387 -0.433492
v 0.0131847 0.0323093 -0.00276973
vn 0.374714 0.924251 -0.0731417
v 0.0160658 0.0309851 0.00287592
vn 0.449316 0.889365 0.0845275
v 0.0163584 0.0308641 -0.00259648
vn 0.452895 0.889252 -0.0641706
v 0.0131847 0.0323093 -0.00276973
vn 0.374714 0.924251 -0.0731417
v 0.0128318 0.0324262 0.00306532
vn 0.365594 0.926358 0.0905618
v 0.0160658 0.0309851 0.00287592
vn 0.449316 0.889365 0.0845275
v 0.0124813 0.0251167 -0.0211807
vn 0.334808 0.73372 -0.591234
v 0.00964957 0.0282906 -0.018295
vn 0.259058 0.823824 -0.504185
v 0.0127525 0.0278319 -0.0171548
vn 0.346295 0.809382 -0.474321
v 0.0124813 0.0251167 -0.0211807
vn 0.334808 0.73372 -0.591234
v 0.00940996 0.0250989 -0.0226895
vn 0.255862 0.731499 -0.632015
v 0.00964957 0.0282906 -0.018295
vn 0.259058 0.823824 -0.504185
v 0.00940996 0.0250989 -0.0226895
vn 0.255862 0.731499 -0.632015
v 0.00677319 0.028623 -0.0189868
vn 0.177965 0.831113 -0.526858
v 0.00964957 0.0282906 -0.018295
vn 0.259058 0.823824 -0.504185
v 0.00940996 0.0250989 -0.0226895
vn 0.255862 0.731499 -0.632015
v 0.00660616 0.0251209 -0.0235997
vn 0.17279 0.733741 -0.65709
v 0.00677319 0.028623 -0.0189868
vn 0.177965 0.831113 -0.526858
v 0.00660616 0.0251209 -0.0235997
vn 0.17279 0.733741 -0.65709
v 0.00350487 0.028858 -0.0194594
vn 0.0910706 0.834857 -0.542881
v 0.00677319 0.028623 -0.0189868
vn 0.177965 0.831113 -0.526858
v 0.00660616 0.0251209 -0.0235997
vn 0.17279 0.733741 -0.65709
v 0.0034097 0.0251497 -0.0242103
vn 0.0879068 0.735129 -0.672203
v 0.00350487 0.028858 -0.0194594
vn 0.0910706 0.834857 -0.542881
v 0.0127525 0.0278319 -0.0171548
vn 0.346295 0.809382 -0.474321
v 0.0161246 0.0290647 -0.0112267
vn 0.433659 0.844364 -0.314627
v 0.0155797 0.0272501 -0.0157984
vn 0.404272 0.805387 -0.433492
v 0.0127525 0.0278319 -0.0171548
vn 0.346295 0.809382 -0.474321
v 0.0131187 0.0301333 -0.0121203
vn 0.358324 0.867463 -0.345126
v 0.0161246 0.0290647 -0.0112267
vn 0.433659 0.844364 -0.314627
v 0.018477 0.0279627 -0.0105087
vn 0.505251 0.811871 -0.292554
v 0.0163468 0.0302315 -0.00686024
vn 0.446461 0.873799 -0.192739
v 0.0188366 0.0288941 -0.00645652
vn 0.51417 0.838604 -0.179923
v 0.018477 0.0279627 -0.0105087
vn 0.505251 0.811871 -0.292554
v 0.0161246 0.0290647 -0.0112267
vn 0.433659 0.844364 -0.314627
v 0.0163468 0.0302315 -0.00686024
vn 0.446461 0.873799 -0.192739
v 0.00964957 0.0282906 -0.018295
vn 0.259058 0.823824 -0.504185
v 0.0131187 0.0301333 -0.0121203
vn 0.358324 0.867463 -0.345126
v 0.0127525 0.0278319 -0.0171548
vn 0.346295 0.809382 -0.474321
v 0.00964957 0.0282906 -0.018295
vn 0.259058 0.823824 -0.504185
v 0.00988109 0.0309892 -0.0128749
vn 0.274339 0.887582 -0.37005
v 0.0131187 0.0301333 -0.0121203
vn 0.358324 0.867463 -0.345126
v 0.00677319 0.028623 -0.0189868
vn 0.177965 0.831113 -0.526858
v 0.00988109 0.0309892 -0.0128749
vn 0.274339 0.887582 -0.37005
v 0.00964957 0.0282906 -0.018295
vn 0.259058 0.823824 -0.504185
v 0.00677319 0.028623 -0.0189868
vn 0.177965 0.831113 -0.526858
v 0.00692261 0.0315533 -0.0133515
vn 0.189248 0.90208 -0.387862
v 0.00988109 0.0309892 -0.0128749
vn 0.274339 0.887582 -0.37005
v 0.00350487 0.028858 -0.0194594
vn 0.0910706 0.834857 -0.542881
v 0.00692261 0.0315533 -0.0133515
vn 0.189248 0.90208 -0.387862
v 0.00677319 0.028623 -0.0189868
vn 0.177965 0.831113 -0.526858
v 0.00350487 0.028858 -0.0194594
vn 0.0910706 0.834857 -0.542881
v 0.00357621 0.0319529 -0.0136686
vn 0.0984313 0.911267 -0.39988
v 0.00692261 0.0315533 -0.0133515
vn 0.189248 0.90208 -0.387862
v 0.0131187 0.0301333 -0.0121203
vn 0.358324 0.867463 -0.345126
v 0.0163468 0.0302315 -0.00686024
vn 0.446461 0.873799 -0.192739
v 0.0161246 0.0290647 -0.0112267
vn 0.433659 0.844364 -0.314627
v 0.0131187 0.0301333 -0.0121203
vn 0.358324 0.867463 -0.345126
v 0.0132419 0.0315574 -0.00735274
vn 0.368999 0.904849 -0.212339
v 0.0163468 0.0302315 -0.00686024
vn 0.446461 0.873799 -0.192739
v 0.0155797 0.0272501 -0.0157984
vn 0.404272 0.805387 -0.433492
v 0.0169216 0.0256351 -0.0171922
vn 0.453135 0.74973 -0.482259
v 0.0152147 0.0251754 -0.0192998
vn 0.392732 0.746816 -0.536682
v 0.0155797 0.0272501 -0.0157984
vn 0.404272 0.805387 -0.433492
v 0.0176152 0.0265474 -0.0149109
vn 0.477579 0.783753 -0.397052
v 0.0169216 0.0256351 -0.0171922
vn 0.453135 0.74973 -0.482259
v 0.00988109 0.0309892 -0.0128749
vn 0.274339 0.887582 -0.37005
v 0.0132419 0.0315574 -0.00735274
vn 0.368999 0.904849 -0.212339
v 0.0131187 0.0301333 -0.0121203
vn 0.358324 0.867463 -0.345126
v 0.00988109 0.0309892 -0.0128749
vn 0.274339 0.887582 -0.37005
v 0.00994577 0.032631 -0.00778845
vn 0.2865 0.929831 -0.230938
v 0.0132419 0.0315574 -0.00735274
vn 0.368999 0.904849 -0.212339
v 0.00692261 0.0315533 -0.0133515
vn 0.189248 0.90208 -0.387862
v 0.00994577 0.032631 -0.00778845
vn 0.2865 0.929831 -0.230938
v 0.00988109 0.0309892 -0.0128749
vn 0.274339 0.887582 -0.37005
v 0.00692261 0.0315533 -0.0133515
vn 0.189248 0.90208 -0.387862
v 0.00697612 0.0333325 -0.00807864
vn 0.200717 0.94834 -0.245692
v 0.00994577 0.032631 -0.00778845
vn 0.2865 0.929831 -0.230938
v 0.00357621 0.0319529 -0.0136686
vn 0.0984313 0.911267 -0.39988
v 0.00697612 0.0333325 -0.00807864
vn 0.200717 0.94834 -0.245692
v 0.00692261 0.0315533 -0.0133515
vn 0.189248 0.90208 -0.387862
v 0.00357621 0.0319529 -0.0136686
vn 0.0984313 0.911267 -0.39988
v 0.00362502 0.0338291 -0.0082758
vn 0.105534 0.960924 -0.255905
v 0.00697612 0.0333325 -0.00807864
vn 0.200717 0.94834 -0.245692
v 0.0105891 0.00422437 0.0330209
vn 0.294995 0.113536 0.948729
v 0.0088666 0.00831122 0.0327828
vn 0.249331 0.247974 0.936132
v 0.00853463 0.00427034 0.0335986
vn 0.242149 0.117494 0.963099
v 0.0105891 0.00422437 0.0330209
vn 0.294995 0.113536 0.948729
v 0.0109534 0.00818925 0.0321851
vn 0.302856 0.245832 0.920785
v 0.0088666 0.00831122 0.0327828
vn 0.249331 0.247974 0.936132
v 0.0189442 0.0294091 -0.00248355
vn 0.517199 0.854092 -0.0550655
v 0.0160658 0.0309851 0.00287592
vn 0.449316 0.889365 0.0845275
v 0.018751 0.0295085 0.00263601
vn 0.525078 0.84747 0.0780233
v 0.0189442 0.0294091 -0.00248355
vn 0.517199 0.854092 -0.0550655
v 0.0163584 0.0308641 -0.00259648
vn 0.452895 0.889252 -0.0641706
v 0.0160658 0.0309851 0.00287592
vn 0.449316 0.889365 0.0845275
v 0.00986569 0.0334843 -0.0029336
vn 0.293369 0.95255 -0.0811301
v 0.0128318 0.0324262 0.00306532
vn 0.365594 0.926358 0.0905618
v 0.0131847 0.0323093 -0.00276973
vn 0.374714 0.924251 -0.0731417
v 0.00986569 0.0334843 -0.0029336
vn 0.293369 0.95255 -0.0811301
v 0.00951724 0.0335712 0.00321645
vn 0.286581 0.952922 0.0990459
v 0.0128318 0.0324262 0.00306532
vn 0.365594 0.926358 0.0905618
v 0.00690507 0.0342527 -0.00305451
vn 0.207046 0.974365 -0.0880107
v 0.00951724 0.0335712 0.00321645
vn 0.286581 0.952922 0.0990459
v 0.00986569 0.0334843 -0.0029336
vn 0.293369 0.95255 -0.0811301
v 0.00690507 0.0342527 -0.00305451
vn 0.207046 0.974365 -0.0880107
v 0.00661804 0.0343045 0.00330535
vn 0.201462 0.974146 0.102234
v 0.00951724 0.0335712 0.00321645
vn 0.286581 0.952922 0.0990459
v 0.00358211 0.0347954 -0.00313328
vn 0.109014 0.989717 -0.0926045
v 0.00661804 0.0343045 0.00330535
vn 0.201462 0.974146 0.102234
v 0.00690507 0.0342527 -0.00305451
vn 0.207046 0.974365 -0.0880107
v 0.00358211 0.0347954 -0.00313328
vn 0.109014 0.989717 -0.0926045
v 0.00340764 0.034814 0.0033779
vn 0.106708 0.98887 0.103683
v 0.00661804 0.0343045 0.00330535
vn 0.201462 0.974146 0.102234
v 3.1665e-08 0.0251367 -0.0244524
vn -0.000221045 0.73325 -0.679959
v 0.00350487 0.028858 -0.0194594
vn 0.0910706 0.834857 -0.542881
v 0.0034097 0.0251497 -0.0242103
vn 0.0879068 0.735129 -0.672203
v 3.1665e-08 0.0251367 -0.0244524
vn -0.000221045 0.73325 -0.679959
v 3.1665e-08 0.0289374 -0.0196371
vn -9.16452e-06 0.835354 -0.549713
v 0.00350487 0.028858 -0.0194594
vn 0.0910706 0.834857 -0.542881
v 0.0128318 0.0324262 0.00306532
vn 0.365594 0.926358 0.0905618
v 0.0154239 0.0302305 0.00869475
vn 0.431649 0.869376 0.240551
v 0.0160658 0.0309851 0.00287592
vn 0.449316 0.889365 0.0845275
v 0.0128318 0.0324262 0.00306532
vn 0.365594 0.926358 0.0905618
v 0.0122082 0.031508 0.00914147
vn 0.34193 0.905717 0.250522
v 0.0154239 0.0302305 0.00869475
vn 0.431649 0.869376 0.240551
v 3.1665e-08 0.0289374 -0.0196371
vn -9.16452e-06 0.835354 -0.549713
v 0.00357621 0.0319529 -0.0136686
vn 0.0984313 0.911267 -0.39988
v 0.00350487 0.028858 -0.0194594
vn 0.0910706 0.834857 -0.542881
v 3.1665e-08 0.0289374 -0.0196371
vn -9.16452e-06 0.835354 -0.549713
v 3.1665e-08 0.0320929 -0.0137924
vn 1.00433e-05 0.914453 -0.404692
v 0.00357621 0.0319529 -0.0136686
vn 0.0984313 0.911267 -0.39988
v 3.1665e-08 0.0320929 -0.0137924
vn 1.00433e-05 0.914453 -0.404692
v 0.00362502 0.0338291 -0.0082758
vn 0.105534 0.960924 -0.255905
v 0.00357621 0.0319529 -0.0136686
vn 0.0984313 0.911267 -0.39988
v 3.1665e-08 0.0320929 -0.0137924
vn 1.00433e-05 0.914453 -0.404692
v 3.1665e-08 0.0340088 -0.00836248
vn -1.64352e-05 0.965556 -0.260195
v 0.00362502 0.0338291 -0.0082758
vn 0.105534 0.960924 -0.255905
v 3.1665e-08 0.0349958 -0.00316733
vn -1.89035e-05 0.995524 -0.0945133
v 0.00340764 0.034814 0.0033779
vn 0.106708 0.98887 0.103683
v 0.00358211 0.0347954 -0.00313328
vn 0.109014 0.989717 -0.0926045
v 3.1665e-08 0.0349958 -0.00316733
vn -1.89035e-05 0.995524 -0.0945133
v 3.1665e-08 0.035 0.00340699
vn -0.000170519 0.99463 0.103495
v 0.00340764 0.034814 0.0033779
vn 0.106708 0.98887 0.103683
v 0.0133637 0.0189096 0.0263784
vn 0.377742 0.532192 0.757683
v 0.00977566 0.0141591 0.0305067
vn 0.275757 0.397214 0.875317
v 0.0119974 0.0139283 0.0298226
vn 0.349583 0.392925 0.85053
v 0.0133637 0.0189096 0.0263784
vn 0.377742 0.532192 0.757683
v 0.0109306 0.0193859 0.0271321
vn 0.307999 0.548588 0.777295
v 0.00977566 0.0141591 0.0305067
vn 0.275757 0.397214 0.875317
v 0.0148578 0.0230123 0.0220137
vn 0.439206 0.645762 0.624572
v 0.0109306 0.0193859 0.0271321
vn 0.307999 0.548588 0.777295
v 0.0133637 0.0189096 0.0263784
vn 0.377742 0.532192 0.757683
v 0.0148578 0.0230123 0.0220137
vn 0.439206 0.645762 0.624572
v 0.0123232 0.0236799 0.0228346
vn 0.34839 0.666715 0.658875
v 0.0109306 0.0193859 0.0271321
vn 0.307999 0.548588 0.777295
v 0.00205967 0.0201782 0.0286101
vn 0.0579886 0.569532 0.819921
v 3.1665e-08 0.0250148 0.0246042
vn 0.000331122 0.711869 0.702313
v 3.1665e-08 0.0201963 0.0286713
vn 2.37393e-05 0.569991 0.821651
v 0.00205967 0.0201782 0.0286101
vn 0.0579886 0.569532 0.819921
v 0.00240046 0.0249711 0.0245352
vn 0.0654727 0.71046 0.700686
v 3.1665e-08 0.0250148 0.0246042
vn 0.000331122 0.711869 0.702313
v 0.0088666 0.00831122 0.0327828
vn 0.249331 0.247974 0.936132
v 0.00649419 0.00430328 0.0340475
vn 0.185561 0.118394 0.975474
v 0.00853463 0.00427034 0.0335986
vn 0.242149 0.117494 0.963099
v 0.0088666 0.00831122 0.0327828
vn 0.249331 0.247974 0.936132
v 0.00675307 0.00839946 0.0332512
vn 0.192826 0.248345 0.949286
v 0.00649419 0.00430328 0.0340475
vn 0.185561 0.118394 0.975474
v 0.0109306 0.0193859 0.0271321
vn 0.307999 0.548588 0.777295
v 0.00746428 0.0143559 0.0310542
vn 0.214745 0.400675 0.890698
v 0.00977566 0.0141591 0.0305067
vn 0.275757 0.397214 0.875317
v 0.0109306 0.0193859 0.0271321
vn 0.307999 0.548588 0.777295
v 0.00844527 0.0197109 0.0277659
vn 0.242666 0.554627 0.795929
v 0.00746428 0.0143559 0.0310542
vn 0.214745 0.400675 0.890698
v 0.0123232 0.0236799 0.0228346
vn 0.34839 0.666715 0.658875
v 0.00844527 0.0197109 0.0277659
vn 0.242666 0.554627 0.795929
v 0.0109306 0.0193859 0.0271321
vn 0.307999 0.548588 0.777295
v 0.0123232 0.0236799 0.0228346
vn 0.34839 0.666715 0.658875
v 0.00959195 0.0242336 0.02353
vn 0.271906 0.68343 0.677488
v 0.00844527 0.0197109 0.0277659
vn 0.242666 0.554627 0.795929
v 0.00675307 0.00839946 0.0332512
vn 0.192826 0.248345 0.949286
v 0.0053173 0.0144887 0.0314262
vn 0.152416 0.404713 0.901652
v 0.00479472 0.00845323 0.0335703
vn 0.13751 0.24939 0.95859
v 0.00675307 0.00839946 0.0332512
vn 0.192826 0.248345 0.949286
v 0.00746428 0.0143559 0.0310542
vn 0.214745 0.400675 0.890698
v 0.0053173 0.0144887 0.0314262
vn 0.152416 0.404713 0.901652
v 0.00649419 0.00430328 0.0340475
vn 0.185561 0.118394 0.975474
v 0.00479472 0.00845323 0.0335703
vn 0.13751 0.24939 0.95859
v 0.0046011 0.00432763 0.0343456
vn 0.132112 0.118482 0.984128
v 0.00649419 0.00430328 0.0340475
vn 0.185561 0.118394 0.975474
v 0.00675307 0.00839946 0.0332512
vn 0.192826 0.248345 0.949286
v 0.00479472 0.00845323 0.0335703
vn 0.13751 0.24939 0.95859
v 0.00746428 0.0143559 0.0310542
vn 0.214745 0.400675 0.890698
v 0.00606168 0.0199633 0.0281952
vn 0.172977 0.563202 0.808012
v 0.0053173 0.0144887 0.0314262
vn 0.152416 0.404713 0.901652
v 0.00746428 0.0143559 0.0310542
vn 0.214745 0.400675 0.890698
v 0.00844527 0.0197109 0.0277659
vn 0.242666 0.554627 0.795929
v 0.00606168 0.0199633 0.0281952
vn 0.172977 0.563202 0.808012
v 0.00844527 0.0197109 0.0277659
vn 0.242666 0.554627 0.795929
v 0.00689408 0.024648 0.0240228
vn 0.195687 0.698593 0.68824
v 0.00606168 0.0199633 0.0281952
vn 0.172977 0.563202 0.808012
v 0.00844527 0.0197109 0.0277659
vn 0.242666 0.554627 0.795929
v 0.00959195 0.0242336 0.02353
vn 0.271906 0.68343 0.677488
v 0.00689408 0.024648 0.0240228
vn 0.195687 0.698593 0.68824
v 0.00479472 0.00845323 0.0335703
vn 0.13751 0.24939 0.95859
v 0.00361299 0.0145591 0.0316307
vn 0.100878 0.40689 0.90789
v 0.00324927 0.00847927 0.0337456
vn 0.0910175 0.250441 0.963844
v 0.00479472 0.00845323 0.0335703
vn 0.13751 0.24939 0.95859
v 0.0053173 0.0144887 0.0314262
vn 0.152416 0.404713 0.901652
v 0.00361299 0.0145591 0.0316307
vn 0.100878 0.40689 0.90789
v 0.0046011 0.00432763 0.0343456
vn 0.132112 0.118482 0.984128
v 0.00324927 0.00847927 0.0337456
vn 0.0910175 0.250441 0.963844
v 0.00311544 0.00434095 0.0345075
vn 0.0874234 0.118952 0.989044
v 0.0046011 0.00432763 0.0343456
vn 0.132112 0.118482 0.984128
v 0.00479472 0.00845323 0.0335703
vn 0.13751 0.24939 0.95859
v 0.00324927 0.00847927 0.0337456
vn 0.0910175 0.250441 0.963844
v 0.0053173 0.0144887 0.0314262
vn 0.152416 0.404713 0.901652
v 0.00409573 0.0201041 0.0284436
vn 0.115115 0.567547 0.815254
v 0.00361299 0.0145591 0.0316307
vn 0.100878 0.40689 0.90789
v 0.0053173 0.0144887 0.0314262
vn 0.152416 0.404713 0.901652
v 0.00606168 0.0199633 0.0281952
vn 0.172977 0.563202 0.808012
v 0.00409573 0.0201041 0.0284436
vn 0.115115 0.567547 0.815254
v 0.00606168 0.0199633 0.0281952
vn 0.172977 0.563202 0.808012
v 0.00472465 0.0248722 0.0243049
vn 0.130449 0.706948 0.695132
v 0.00409573 0.0201041 0.0284436
vn 0.115115 0.567547 0.815254
v 0.00606168 0.0199633 0.0281952
vn 0.172977 0.563202 0.808012
v 0.00689408 0.024648 0.0240228
vn 0.195687 0.698593 0.68824
v 0.00472465 0.0248722 0.0243049
vn 0.130449 0.706948 0.695132
v 0.00324927 0.00847927 0.0337456
vn 0.0910175 0.250441 0.963844
v 0.00182235 0.0146004 0.0317629
vn 0.0510161 0.407923 0.91159
v 0.00164261 0.00849176 0.0338573
vn 0.0459666 0.250911 0.966918
v 0.00324927 0.00847927 0.0337456
vn 0.0910175 0.250441 0.963844
v 0.00361299 0.0145591 0.0316307
vn 0.100878 0.40689 0.90789
v 0.00182235 0.0146004 0.0317629
vn 0.0510161 0.407923 0.91159
v 0.00311544 0.00434095 0.0345075
vn 0.0874234 0.118952 0.989044
v 0.00164261 0.00849176 0.0338573
vn 0.0459666 0.250911 0.966918
v 0.00157475 0.00434804 0.0346099
vn 0.0443241 0.119184 0.991882
v 0.00311544 0.00434095 0.0345075
vn 0.0874234 0.118952 0.989044
v 0.00324927 0.00847927 0.0337456
vn 0.0910175 0.250441 0.963844
v 0.00164261 0.00849176 0.0338573
vn 0.0459666 0.250911 0.966918
v 0.00361299 0.0145591 0.0316307
vn 0.100878 0.40689 0.90789
v 0.00205967 0.0201782 0.0286101
vn 0.0579886 0.569532 0.819921
v 0.00182235 0.0146004 0.0317629
vn 0.0510161 0.407923 0.91159
v 0.00361299 0.0145591 0.0316307
vn 0.100878 0.40689 0.90789
v 0.00409573 0.0201041 0.0284436
vn 0.115115 0.567547 0.815254
v 0.00205967 0.0201782 0.0286101
vn 0.0579886 0.569532 0.819921
v 0.00409573 0.0201041 0.0284436
vn 0.115115 0.567547 0.815254
v 0.00240046 0.0249711 0.0245352
vn 0.0654727 0.71046 0.700686
v 0.00205967 0.0201782 0.0286101
vn 0.0579886 0.569532 0.819921
v 0.00409573 0.0201041 0.0284436
vn 0.115115 0.567547 0.815254
v 0.00472465 0.0248722 0.0243049
vn 0.130449 0.706948 0.695132
v 0.00240046 0.0249711 0.0245352
vn 0.0654727 0.71046 0.700686
v 0.0119974 0.0139283 0.0298226
vn 0.349583 0.392925 0.85053
v 0.0088666 0.00831122 0.0327828
vn 0.249331 0.247974 0.936132
v 0.0109534 0.00818925 0.0321851
vn 0.302856 0.245832 0.920785
v 0.0119974 0.0139283 0.0298226
vn 0.349583 0.392925 0.85053
v 0.00977566 0.0141591 0.0305067
vn 0.275757 0.397214 0.875317
v 0.0088666 0.00831122 0.0327828
vn 0.249331 0.247974 0.936132
v 0.0181671 0.02887 0.00816691
vn 0.503955 0.835468 0.219142
v 0.0146271 0.0287716 0.013716
vn 0.408961 0.826151 0.38759
v 0.0173123 0.0276521 0.0129659
vn 0.469191 0.804338 0.364555
v 0.0181671 0.02887 0.00816691
vn 0.503955 0.835468 0.219142
v 0.0154239 0.0302305 0.00869475
vn 0.431649 0.869376 0.240551
v 0.0146271 0.0287716 0.013716
vn 0.408961 0.826151 0.38759
v 0.00842559 7.37612e-09 0.033893
vn 0.237867 0.000586438 0.971298
v 0.00649419 0.00430328 0.0340475
vn 0.185561 0.118394 0.975474
v 0.00640683 7.37612e-09 0.0343255
vn 0.181406 4.54441e-07 0.983408
v 0.00842559 7.37612e-09 0.033893
vn 0.237867 0.000586438 0.971298
v 0.00853463 0.00427034 0.0335986
vn 0.242149 0.117494 0.963099
v 0.00649419 0.00430328 0.0340475
vn 0.185561 0.118394 0.975474
v 0.00182235 0.0146004 0.0317629
vn 0.0510161 0.407923 0.91159
v 3.1665e-08 0.0201963 0.0286713
vn 2.37393e-05 0.569991 0.821651
v -7.32848e-08 0.0146132 0.031809
vn 2.39424e-05 0.408213 0.912887
v 0.00182235 0.0146004 0.0317629
vn 0.0510161 0.407923 0.91159
v 0.00205967 0.0201782 0.0286101
vn 0.0579886 0.569532 0.819921
v 3.1665e-08 0.0201963 0.0286713
vn 2.37393e-05 0.569991 0.821651
v 0.00164261 0.00849176 0.0338573
vn 0.0459666 0.250911 0.966918
v -7.32848e-08 0.0146132 0.031809
vn 2.39424e-05 0.408213 0.912887
v 3.1665e-08 0.00849458 0.033896
vn -1.40163e-05 0.251032 0.967979
v 0.00164261 0.00849176 0.0338573
vn 0.0459666 0.250911 0.966918
v 0.00182235 0.0146004 0.0317629
vn 0.0510161 0.407923 0.91159
v -7.32848e-08 0.0146132 0.031809
vn 2.39424e-05 0.408213 0.912887
v 0.0177846 0.0175779 0.024888
vn 0.401806 0.54848 0.733295
v 0.0203668 0.0206534 0.0205117
vn 0.625238 0.523462 0.578848
v 0.019259 0.021359 0.0206559
vn 0.383726 0.68003 0.624751
v 0.0177846 0.0175779 0.024888
vn 0.401806 0.54848 0.733295
v 0.0190763 0.0170651 0.024511
vn 0.552627 0.465132 0.691561
v 0.0203668 0.0206534 0.0205117
vn 0.625238 0.523462 0.578848
v 0.00157475 0.00434804 0.0346099
vn 0.0443241 0.119184 0.991882
v 3.1665e-08 0.00849458 0.033896
vn -1.40163e-05 0.251032 0.967979
v 3.1665e-08 0.00435001 0.0346453
vn -6.38532e-06 0.119278 0.992861
v 0.00157475 0.00434804 0.0346099
vn 0.0443241 0.119184 0.991882
v 0.00164261 0.00849176 0.0338573
vn 0.0459666 0.250911 0.966918
v 3.1665e-08 0.00849458 0.033896
vn -1.40163e-05 0.251032 0.967979
v 0.00154868 7.37612e-09 0.0348735
vn 0.043606 -5.28007e-07 0.999049
v 3.1665e-08 0.00435001 0.0346453
vn -6.38532e-06 0.119278 0.992861
v 3.1665e-08 7.37612e-09 0.0349077
vn -4.31518e-06 -3.56774e-08 1
v 0.00154868 7.37612e-09 0.0348735
vn 0.043606 -5.28007e-07 0.999049
v 0.00157475 0.00434804 0.0346099
vn 0.0443241 0.119184 0.991882
v 3.1665e-08 0.00435001 0.0346453
vn -6.38532e-06 0.119278 0.992861
v 0.0030658 7.37612e-09 0.0347743
vn 0.0859274 7.52483e-06 0.996301
v 0.00157475 0.00434804 0.0346099
vn 0.0443241 0.119184 0.991882
v 0.00154868 7.37612e-09 0.0348735
vn 0.043606 -5.28007e-07 0.999049
v 0.0030658 7.37612e-09 0.0347743
vn 0.0859274 7.52483e-06 0.996301
v 0.00311544 0.00434095 0.0345075
vn 0.0874234 0.118952 0.989044
v 0.00157475 0.00434804 0.0346099
vn 0.0443241 0.119184 0.991882
v 0.00453176 3.65083e-09 0.0346169
vn 0.130066 4.2625e-06 0.991505
v 0.00311544 0.00434095 0.0345075
vn 0.0874234 0.118952 0.989044
v 0.0030658 7.37612e-09 0.0347743
vn 0.0859274 7.52483e-06 0.996301
v 0.00453176 3.65083e-09 0.0346169
vn 0.130066 4.2625e-06 0.991505
v 0.0046011 0.00432763 0.0343456
vn 0.132112 0.118482 0.984128
v 0.00311544 0.00434095 0.0345075
vn 0.0874234 0.118952 0.989044
v 0.00640683 7.37612e-09 0.0343255
vn 0.181406 4.54441e-07 0.983408
v 0.0046011 0.00432763 0.0343456
vn 0.132112 0.118482 0.984128
v 0.00453176 3.65083e-09 0.0346169
vn 0.130066 4.2625e-06 0.991505
v 0.00640683 7.37612e-09 0.0343255
vn 0.181406 4.54441e-07 0.983408
v 0.00649419 0.00430328 0.0340475
vn 0.185561 0.118394 0.975474
v 0.0046011 0.00432763 0.0343456
vn 0.132112 0.118482 0.984128
v 0.00853463 0.00427034 0.0335986
vn 0.242149 0.117494 0.963099
v 0.0104507 7.37612e-09 0.0333336
vn 0.299356 0.00110052 0.954141
v 0.0105891 0.00422437 0.0330209
vn 0.294995 0.113536 0.948729
v 0.00853463 0.00427034 0.0335986
vn 0.242149 0.117494 0.963099
v 0.00842559 7.37612e-09 0.033893
vn 0.237867 0.000586438 0.971298
v 0.0104507 7.37612e-09 0.0333336
vn 0.299356 0.00110052 0.954141
v 0.0105412 0.0272935 0.0193513
vn 0.294017 0.787136 0.542191
v 0.0123232 0.0236799 0.0228346
vn 0.34839 0.666715 0.658875
v 0.0135034 0.0265289 0.0186195
vn 0.378924 0.762529 0.524371
v 0.0105412 0.0272935 0.0193513
vn 0.294017 0.787136 0.542191
v 0.00959195 0.0242336 0.02353
vn 0.271906 0.68343 0.677488
v 0.0123232 0.0236799 0.0228346
vn 0.34839 0.666715 0.658875
v 0.0128318 0.0324262 0.00306532
vn 0.365594 0.926358 0.0905618
v 0.00897039 0.0324718 0.00950808
vn 0.261318 0.928565 0.26359
v 0.0122082 0.031508 0.00914147
vn 0.34193 0.905717 0.250522
v 0.0128318 0.0324262 0.00306532
vn 0.365594 0.926358 0.0905618
v 0.00951724 0.0335712 0.00321645
vn 0.286581 0.952922 0.0990459
v 0.00897039 0.0324718 0.00950808
vn 0.261318 0.928565 0.26359
v 0.00951724 0.0335712 0.00321645
vn 0.286581 0.952922 0.0990459
v 0.00618423 0.0330682 0.00972119
vn 0.179965 0.944392 0.275202
v 0.00897039 0.0324718 0.00950808
vn 0.261318 0.928565 0.26359
v 0.00951724 0.0335712 0.00321645
vn 0.286581 0.952922 0.0990459
v 0.00661804 0.0343045 0.00330535
vn 0.201462 0.974146 0.102234
v 0.00618423 0.0330682 0.00972119
vn 0.179965 0.944392 0.275202
v 0.00661804 0.0343045 0.00330535
vn 0.201462 0.974146 0.102234
v 0.00315792 0.0334687 0.0098657
vn 0.0938641 0.95391 0.285037
v 0.00618423 0.0330682 0.00972119
vn 0.179965 0.944392 0.275202
v 0.00661804 0.0343045 0.00330535
vn 0.201462 0.974146 0.102234
v 0.00340764 0.034814 0.0033779
vn 0.106708 0.98887 0.103683
v 0.00315792 0.0334687 0.0098657
vn 0.0938641 0.95391 0.285037
v 0.0122082 0.031508 0.00914147
vn 0.34193 0.905717 0.250522
v 0.0146271 0.0287716 0.013716
vn 0.408961 0.826151 0.38759
v 0.0154239 0.0302305 0.00869475
vn 0.431649 0.869376 0.240551
v 0.0122082 0.031508 0.00914147
vn 0.34193 0.905717 0.250522
v 0.0114724 0.0298403 0.0143206
vn 0.31885 0.857549 0.403663
v 0.0146271 0.0287716 0.013716
vn 0.408961 0.826151 0.38759
v 0.0173123 0.0276521 0.0129659
vn 0.469191 0.804338 0.364555
v 0.0135034 0.0265289 0.0186195
vn 0.378924 0.762529 0.524371
v 0.0161764 0.0255649 0.0178748
vn 0.450401 0.732351 0.510687
v 0.0173123 0.0276521 0.0129659
vn 0.469191 0.804338 0.364555
v 0.0146271 0.0287716 0.013716
vn 0.408961 0.826151 0.38759
v 0.0135034 0.0265289 0.0186195
vn 0.378924 0.762529 0.524371
v 0.00897039 0.0324718 0.00950808
vn 0.261318 0.928565 0.26359
v 0.0114724 0.0298403 0.0143206
vn 0.31885 0.857549 0.403663
v 0.0122082 0.031508 0.00914147
vn 0.34193 0.905717 0.250522
v 0.00897039 0.0324718 0.00950808
vn 0.261318 0.928565 0.26359
v 0.00837373 0.0306029 0.0147926
vn 0.23695 0.87663 0.418778
v 0.0114724 0.0298403 0.0143206
vn 0.31885 0.857549 0.403663
v 0.00618423 0.0330682 0.00972119
vn 0.179965 0.944392 0.275202
v 0.00837373 0.0306029 0.0147926
vn 0.23695 0.87663 0.418778
v 0.00897039 0.0324718 0.00950808
vn 0.261318 0.928565 0.26359
v 0.00618423 0.0330682 0.00972119
vn 0.179965 0.944392 0.275202
v 0.00575324 0.0310608 0.0150581
vn 0.15961 0.889209 0.428755
v 0.00837373 0.0306029 0.0147926
vn 0.23695 0.87663 0.418778
v 0.00315792 0.0334687 0.0098657
vn 0.0938641 0.95391 0.285037
v 0.00575324 0.0310608 0.0150581
vn 0.15961 0.889209 0.428755
v 0.00618423 0.0330682 0.00972119
vn 0.179965 0.944392 0.275202
v 0.00315792 0.0334687 0.0098657
vn 0.0938641 0.95391 0.285037
v 0.00293011 0.0313606 0.0152369
vn 0.0810157 0.896106 0.436383
v 0.00575324 0.0310608 0.0150581
vn 0.15961 0.889209 0.428755
v 0.0114724 0.0298403 0.0143206
vn 0.31885 0.857549 0.403663
v 0.0135034 0.0265289 0.0186195
vn 0.378924 0.762529 0.524371
v 0.0146271 0.0287716 0.013716
vn 0.408961 0.826151 0.38759
v 0.0114724 0.0298403 0.0143206
vn 0.31885 0.857549 0.403663
v 0.0105412 0.0272935 0.0193513
vn 0.294017 0.787136 0.542191
v 0.0135034 0.0265289 0.0186195
vn 0.378924 0.762529 0.524371
v 0.0154239 0.0302305 0.00869475
vn 0.431649 0.869376 0.240551
v 0.018751 0.0295085 0.00263601
vn 0.525078 0.84747 0.0780233
v 0.0160658 0.0309851 0.00287592
vn 0.449316 0.889365 0.0845275
v 0.0154239 0.0302305 0.00869475
vn 0.431649 0.869376 0.240551
v 0.0181671 0.02887 0.00816691
vn 0.503955 0.835468 0.219142
v 0.018751 0.0295085 0.00263601
vn 0.525078 0.84747 0.0780233
v 0.00837373 0.0306029 0.0147926
vn 0.23695 0.87663 0.418778
v 0.0105412 0.0272935 0.0193513
vn 0.294017 0.787136 0.542191
v 0.0114724 0.0298403 0.0143206
vn 0.31885 0.857549 0.403663
v 0.00837373 0.0306029 0.0147926
vn 0.23695 0.87663 0.418778
v 0.0076481 0.0278558 0.0198905
vn 0.214725 0.802438 0.556764
v 0.0105412 0.0272935 0.0193513
vn 0.294017 0.787136 0.542191
v 0.00575324 0.0310608 0.0150581
vn 0.15961 0.889209 0.428755
v 0.0076481 0.0278558 0.0198905
vn 0.214725 0.802438 0.556764
v 0.00837373 0.0306029 0.0147926
vn 0.23695 0.87663 0.418778
v 0.00575324 0.0310608 0.0150581
vn 0.15961 0.889209 0.428755
v 0.00521987 0.0281877 0.0201635
vn 0.139431 0.813149 0.565109
v 0.0076481 0.0278558 0.0198905
vn 0.214725 0.802438 0.556764
v 0.00293011 0.0313606 0.0152369
vn 0.0810157 0.896106 0.436383
v 0.00521987 0.0281877 0.0201635
vn 0.139431 0.813149 0.565109
v 0.00575324 0.0310608 0.0150581
vn 0.15961 0.889209 0.428755
v 0.00293011 0.0313606 0.0152369
vn 0.0810157 0.896106 0.436383
v 0.00264534 0.0283764 0.0203646
vn 0.0706983 0.817831 0.571099
v 0.00521987 0.0281877 0.0201635
vn 0.139431 0.813149 0.565109
v 0.0160513 0.0223684 -0.0223411
vn 0.429947 0.659095 -0.617041
v 0.013339 0.0205231 -0.0255642
vn 0.419887 0.478463 -0.771212
v 0.0129319 0.021648 -0.0248905
vn 0.318241 0.66996 -0.670728
v 0.0160513 0.0223684 -0.0223411
vn 0.429947 0.659095 -0.617041
v 0.0165286 0.0212854 -0.0228984
vn 0.548256 0.491904 -0.676348
v 0.013339 0.0205231 -0.0255642
vn 0.419887 0.478463 -0.771212
v 0.0161764 0.0255649 0.0178748
vn 0.450401 0.732351 0.510687
v 0.0123232 0.0236799 0.0228346
vn 0.34839 0.666715 0.658875
v 0.0148578 0.0230123 0.0220137
vn 0.439206 0.645762 0.624572
v 0.0161764 0.0255649 0.0178748
vn 0.450401 0.732351 0.510687
v 0.0135034 0.0265289 0.0186195
vn 0.378924 0.762529 0.524371
v 0.0123232 0.0236799 0.0228346
vn 0.34839 0.666715 0.658875
v 0.0076481 0.0278558 0.0198905
vn 0.214725 0.802438 0.556764
v 0.00959195 0.0242336 0.02353
vn 0.271906 0.68343 0.677488
v 0.0105412 0.0272935 0.0193513
vn 0.294017 0.787136 0.542191
v 0.0076481 0.0278558 0.0198905
vn 0.214725 0.802438 0.556764
v 0.00689408 0.024648 0.0240228
vn 0.195687 0.698593 0.68824
v 0.00959195 0.0242336 0.02353
vn 0.271906 0.68343 0.677488
v 0.00521987 0.0281877 0.0201635
vn 0.139431 0.813149 0.565109
v 0.00689408 0.024648 0.0240228
vn 0.195687 0.698593 0.68824
v 0.0076481 0.0278558 0.0198905
vn 0.214725 0.802438 0.556764
v 0.00521987 0.0281877 0.0201635
vn 0.139431 0.813149 0.565109
v 0.00472465 0.0248722 0.0243049
vn 0.130449 0.706948 0.695132
v 0.00689408 0.024648 0.0240228
vn 0.195687 0.698593 0.68824
v 0.00264534 0.0283764 0.0203646
vn 0.0706983 0.817831 0.571099
v 0.00472465 0.0248722 0.0243049
vn 0.130449 0.706948 0.695132
v 0.00521987 0.0281877 0.0201635
vn 0.139431 0.813149 0.565109
v 0.00264534 0.0283764 0.0203646
vn 0.0706983 0.817831 0.571099
v 0.00240046 0.0249711 0.0245352
vn 0.0654727 0.71046 0.700686
v 0.00472465 0.0248722 0.0243049
vn 0.130449 0.706948 0.695132
v 3.1665e-08 0.035 0.00340699
vn -0.000170519 0.99463 0.103495
v 0.00315792 0.0334687 0.0098657
vn 0.0938641 0.95391 0.285037
v 0.00340764 0.034814 0.0033779
vn 0.106708 0.98887 0.103683
v 3.1665e-08 0.035 0.00340699
vn -0.000170519 0.99463 0.103495
v 3.1665e-08 0.033608 0.00992282
vn -1.88282e-05 0.95712 0.289693
v 0.00315792 0.0334687 0.0098657
vn 0.0938641 0.95391 0.285037
v 0.0237098 0.026195 0.00176468
vn 0.797274 0.601823 0.0465008
v 0.0224287 0.0266201 0.00717236
vn 0.542902 0.816672 0.195712
v 0.0233429 0.0257721 0.00692405
vn 0.761964 0.620751 0.184604
v 0.0237098 0.026195 0.00176468
vn 0.797274 0.601823 0.0465008
v 0.0227268 0.0270983 0.0020633
vn 0.561728 0.825125 0.060259
v 0.0224287 0.0266201 0.00717236
vn 0.542902 0.816672 0.195712
v 3.1665e-08 0.033608 0.00992282
vn -1.88282e-05 0.95712 0.289693
v 0.00293011 0.0313606 0.0152369
vn 0.0810157 0.896106 0.436383
v 0.00315792 0.0334687 0.0098657
vn 0.0938641 0.95391 0.285037
v 3.1665e-08 0.033608 0.00992282
vn -1.88282e-05 0.95712 0.289693
v 3.1665e-08 0.0314675 0.0152949
vn 0.000321241 0.898719 0.438525
v 0.00293011 0.0313606 0.0152369
vn 0.0810157 0.896106 0.436383
v 3.1665e-08 0.0314675 0.0152949
vn 0.000321241 0.898719 0.438525
v 0.00264534 0.0283764 0.0203646
vn 0.0706983 0.817831 0.571099
v 0.00293011 0.0313606 0.0152369
vn 0.0810157 0.896106 0.436383
v 3.1665e-08 0.0314675 0.0152949
vn 0.000321241 0.898719 0.438525
v 3.1665e-08 0.0284574 0.02043
vn 0.00241002 0.819612 0.572914
v 0.00264534 0.0283764 0.0203646
vn 0.0706983 0.817831 0.571099
v 3.1665e-08 0.0250148 0.0246042
vn 0.000331122 0.711869 0.702313
v 0.00264534 0.0283764 0.0203646
vn 0.0706983 0.817831 0.571099
v 3.1665e-08 0.0284574 0.02043
vn 0.00241002 0.819612 0.572914
v 3.1665e-08 0.0250148 0.0246042
vn 0.000331122 0.711869 0.702313
v 0.00240046 0.0249711 0.0245352
vn 0.0654727 0.71046 0.700686
v 0.00264534 0.0283764 0.0203646
vn 0.0706983 0.817831 0.571099
v 0.0154876 0.00767085 0.0306699
vn 0.359345 0.260666 0.896061
v 0.0178944 0.0126077 0.0278406
vn 0.532832 0.33637 0.776496
v 0.0165027 0.0129669 0.0283189
vn 0.343667 0.417386 0.841238
v 0.0154876 0.00767085 0.0306699
vn 0.359345 0.260666 0.896061
v 0.0170026 0.00736246 0.0300704
vn 0.503753 0.23052 0.832522
v 0.0178944 0.0126077 0.0278406
vn 0.532832 0.33637 0.776496
v 0.0190763 0.0170651 0.024511
vn 0.552627 0.465132 0.691561
v 0.0210768 0.0202273 0.0198105
vn 0.620291 0.550433 0.558805
v 0.0203668 0.0206534 0.0205117
vn 0.625238 0.523462 0.578848
v 0.0190763 0.0170651 0.024511
vn 0.552627 0.465132 0.691561
v 0.0198639 0.0165945 0.0239576
vn 0.573752 0.45853 0.678645
v 0.0210768 0.0202273 0.0198105
vn 0.620291 0.550433 0.558805
v 0.015163 0.00398131 0.0316816
vn 0.309649 0.125623 0.942516
v 0.0170026 0.00736246 0.0300704
vn 0.503753 0.23052 0.832522
v 0.0154876 0.00767085 0.0306699
vn 0.359345 0.260666 0.896061
v 0.015163 0.00398131 0.0316816
vn 0.309649 0.125623 0.942516
v 0.0167377 0.00379017 0.0310455
vn 0.519797 0.0963573 0.848838
v 0.0170026 0.00736246 0.0300704
vn 0.503753 0.23052 0.832522
v 0.0150313 2.13824e-06 0.0318076
vn 0.317151 -0.00901392 0.948332
v 0.0167377 0.00379017 0.0310455
vn 0.519797 0.0963573 0.848838
v 0.015163 0.00398131 0.0316816
vn 0.309649 0.125623 0.942516
v 0.0150313 2.13824e-06 0.0318076
vn 0.317151 -0.00901392 0.948332
v 0.0165925 2.13824e-06 0.0312077
vn 0.513868 -0.000362909 0.857869
v 0.0167377 0.00379017 0.0310455
vn 0.519797 0.0963573 0.848838
v 0.0190763 0.0170651 0.024511
vn 0.552627 0.465132 0.691561
v 0.0165027 0.0129669 0.0283189
vn 0.343667 0.417386 0.841238
v 0.0178944 0.0126077 0.0278406
vn 0.532832 0.33637 0.776496
v 0.0190763 0.0170651 0.024511
vn 0.552627 0.465132 0.691561
v 0.0177846 0.0175779 0.024888
vn 0.401806 0.54848 0.733295
v 0.0165027 0.0129669 0.0283189
vn 0.343667 0.417386 0.841238
v 0.0170026 0.00736246 0.0300704
vn 0.503753 0.23052 0.832522
v 0.0187432 0.0121268 0.0271884
vn 0.555801 0.317394 0.76834
v 0.0178944 0.0126077 0.0278406
vn 0.532832 0.33637 0.776496
v 0.0170026 0.00736246 0.0300704
vn 0.503753 0.23052 0.832522
v 0.0179149 0.00710715 0.0294186
vn 0.537232 0.21175 0.816421
v 0.0187432 0.0121268 0.0271884
vn 0.555801 0.317394 0.76834
v 0.0187432 0.0121268 0.0271884
vn 0.555801 0.317394 0.76834
v 0.0189513 0.00692726 0.0289407
vn 0.470795 0.215815 0.855439
v 0.019714 0.0119248 0.0268008
vn 0.468332 0.366282 0.804054
v 0.0187432 0.0121268 0.0271884
vn 0.555801 0.317394 0.76834
v 0.0179149 0.00710715 0.0294186
vn 0.537232 0.21175 0.816421
v 0.0189513 0.00692726 0.0289407
vn 0.470795 0.215815 0.855439
v 0.0167377 0.00379017 0.0310455
vn 0.519797 0.0963573 0.848838
v 0.0179149 0.00710715 0.0294186
vn 0.537232 0.21175 0.816421
v 0.0170026 0.00736246 0.0300704
vn 0.503753 0.23052 0.832522
v 0.0167377 0.00379017 0.0310455
vn 0.519797 0.0963573 0.848838
v 0.0176516 0.00364256 0.0302481
vn 0.59241 0.0812036 0.801534
v 0.0179149 0.00710715 0.0294186
vn 0.537232 0.21175 0.816421
v 0.0165925 2.13824e-06 0.0312077
vn 0.513868 -0.000362909 0.857869
v 0.0176516 0.00364256 0.0302481
vn 0.59241 0.0812036 0.801534
v 0.0167377 0.00379017 0.0310455
vn 0.519797 0.0963573 0.848838
v 0.0165925 2.13824e-06 0.0312077
vn 0.513868 -0.000362909 0.857869
v 0.0174771 7.37612e-09 0.0304206
vn 0.571963 -2.86826e-05 0.82028
v 0.0176516 0.00364256 0.0302481
vn 0.59241 0.0812036 0.801534
v 0.0204684 0.0237682 0.0165451
vn 0.507966 0.723493 0.46747
v 0.0226124 0.0247799 0.0114935
vn 0.697523 0.641262 0.319758
v 0.0216067 0.0255252 0.0118312
vn 0.544066 0.766269 0.341796
v 0.0204684 0.0237682 0.0165451
vn 0.507966 0.723493 0.46747
v 0.021545 0.0230679 0.0161317
vn 0.667237 0.601305 0.439576
v 0.0226124 0.0247799 0.0114935
vn 0.697523 0.641262 0.319758
v 0.0178944 0.0126077 0.0278406
vn 0.532832 0.33637 0.776496
v 0.0198639 0.0165945 0.0239576
vn 0.573752 0.45853 0.678645
v 0.0190763 0.0170651 0.024511
vn 0.552627 0.465132 0.691561
v 0.0178944 0.0126077 0.0278406
vn 0.532832 0.33637 0.776496
v 0.0187432 0.0121268 0.0271884
vn 0.555801 0.317394 0.76834
v 0.0198639 0.0165945 0.0239576
vn 0.573752 0.45853 0.678645
v 0.0226124 0.0247799 0.0114935
vn 0.697523 0.641262 0.319758
v 0.0238128 0.0251219 0.00669058
vn 0.730691 0.661 0.170793
v 0.0233429 0.0257721 0.00692405
vn 0.761964 0.620751 0.184604
v 0.0226124 0.0247799 0.0114935
vn 0.697523 0.641262 0.319758
v 0.0231692 0.0242035 0.0111995
vn 0.685368 0.659423 0.308921
v 0.0238128 0.0251219 0.00669058
vn 0.730691 0.661 0.170793
v 0.0216067 0.0255252 0.0118312
vn 0.544066 0.766269 0.341796
v 0.0233429 0.0257721 0.00692405
vn 0.761964 0.620751 0.184604
v 0.0224287 0.0266201 0.00717236
vn 0.542902 0.816672 0.195712
v 0.0216067 0.0255252 0.0118312
vn 0.544066 0.766269 0.341796
v 0.0226124 0.0247799 0.0114935
vn 0.697523 0.641262 0.319758
v 0.0233429 0.0257721 0.00692405
vn 0.761964 0.620751 0.184604
v 0.0203668 0.0206534 0.0205117
vn 0.625238 0.523462 0.578848
v 0.0204684 0.0237682 0.0165451
vn 0.507966 0.723493 0.46747
v 0.019259 0.021359 0.0206559
vn 0.383726 0.68003 0.624751
v 0.0203668 0.0206534 0.0205117
vn 0.625238 0.523462 0.578848
v 0.021545 0.0230679 0.0161317
vn 0.667237 0.601305 0.439576
v 0.0204684 0.0237682 0.0165451
vn 0.507966 0.723493 0.46747
v 0.0237098 0.026195 0.00176468
vn 0.797274 0.601823 0.0465008
v 0.0238128 0.0251219 0.00669058
vn 0.730691 0.661 0.170793
v 0.0240879 0.0254693 0.0015177
vn 0.736347 0.675666 0.0356206
v 0.0237098 0.026195 0.00176468
vn 0.797274 0.601823 0.0465008
v 0.0233429 0.0257721 0.00692405
vn 0.761964 0.620751 0.184604
v 0.0238128 0.0251219 0.00669058
vn 0.730691 0.661 0.170793
v 0.021545 0.0230679 0.0161317
vn 0.667237 0.601305 0.439576
v 0.0231692 0.0242035 0.0111995
vn 0.685368 0.659423 0.308921
v 0.0226124 0.0247799 0.0114935
vn 0.697523 0.641262 0.319758
v 0.021545 0.0230679 0.0161317
vn 0.667237 0.601305 0.439576
v 0.0221993 0.0224578 0.0157832
vn 0.640659 0.627507 0.442482
v 0.0231692 0.0242035 0.0111995
vn 0.685368 0.659423 0.308921
v 0.021545 0.0230679 0.0161317
vn 0.667237 0.601305 0.439576
v 0.0210768 0.0202273 0.0198105
vn 0.620291 0.550433 0.558805
v 0.0221993 0.0224578 0.0157832
vn 0.640659 0.627507 0.442482
v 0.021545 0.0230679 0.0161317
vn 0.667237 0.601305 0.439576
v 0.0203668 0.0206534 0.0205117
vn 0.625238 0.523462 0.578848
v 0.0210768 0.0202273 0.0198105
vn 0.620291 0.550433 0.558805
v 0.0221993 0.0224578 0.0157832
vn 0.640659 0.627507 0.442482
v 0.0219788 0.0198058 0.019581
vn 0.534266 0.617693 0.577075
v 0.0229979 0.0219986 0.0155391
vn 0.57675 0.684699 0.445585
v 0.0221993 0.0224578 0.0157832
vn 0.640659 0.627507 0.442482
v 0.0210768 0.0202273 0.0198105
vn 0.620291 0.550433 0.558805
v 0.0219788 0.0198058 0.019581
vn 0.534266 0.617693 0.577075
v 0.0226867 0.0265638 -0.00665878
vn 0.570647 0.795663 -0.203181
v 0.022504 0.0249581 -0.010878
vn 0.704377 0.627963 -0.33093
v 0.0218768 0.0257072 -0.0105893
vn 0.589803 0.747922 -0.304541
v 0.0226867 0.0265638 -0.00665878
vn 0.570647 0.795663 -0.203181
v 0.0234056 0.0257434 -0.00696075
vn 0.819021 0.539516 -0.195262
v 0.022504 0.0249581 -0.010878
vn 0.704377 0.627963 -0.33093
v 0.022504 0.0249581 -0.010878
vn 0.704377 0.627963 -0.33093
v 0.0214697 0.0229185 -0.0156965
vn 0.638816 0.623275 -0.451045
v 0.0211686 0.0237848 -0.0155596
vn 0.744446 0.502345 -0.43983
v 0.022504 0.0249581 -0.010878
vn 0.704377 0.627963 -0.33093
v 0.0229903 0.0242122 -0.011111
vn 0.620257 0.708481 -0.336655
v 0.0214697 0.0229185 -0.0156965
vn 0.638816 0.623275 -0.451045
v 0.0218768 0.0257072 -0.0105893
vn 0.589803 0.747922 -0.304541
v 0.0211686 0.0237848 -0.0155596
vn 0.744446 0.502345 -0.43983
v 0.020604 0.0245961 -0.0152087
vn 0.561164 0.71936 -0.40941
v 0.0218768 0.0257072 -0.0105893
vn 0.589803 0.747922 -0.304541
v 0.022504 0.0249581 -0.010878
vn 0.704377 0.627963 -0.33093
v 0.0211686 0.0237848 -0.0155596
vn 0.744446 0.502345 -0.43983
v 0.0237613 0.0260831 -0.00317939
vn 0.857382 0.509992 -0.0693118
v 0.0226867 0.0265638 -0.00665878
vn 0.570647 0.795663 -0.203181
v 0.0228035 0.0270249 -0.00299225
vn 0.585922 0.807504 -0.068058
v 0.0237613 0.0260831 -0.00317939
vn 0.857382 0.509992 -0.0693118
v 0.0234056 0.0257434 -0.00696075
vn 0.819021 0.539516 -0.195262
v 0.0226867 0.0265638 -0.00665878
vn 0.570647 0.795663 -0.203181
v 0.0191895 0.0223889 -0.0194778
vn 0.671459 0.465369 -0.576692
v 0.0214697 0.0229185 -0.0156965
vn 0.638816 0.623275 -0.451045
v 0.0194612 0.0215567 -0.0196916
vn 0.520329 0.656577 -0.546044
v 0.0191895 0.0223889 -0.0194778
vn 0.671459 0.465369 -0.576692
v 0.0211686 0.0237848 -0.0155596
vn 0.744446 0.502345 -0.43983
v 0.0214697 0.0229185 -0.0156965
vn 0.638816 0.623275 -0.451045
v 0.0234056 0.0257434 -0.00696075
vn 0.819021 0.539516 -0.195262
v 0.0229903 0.0242122 -0.011111
vn 0.620257 0.708481 -0.336655
v 0.022504 0.0249581 -0.010878
vn 0.704377 0.627963 -0.33093
v 0.0234056 0.0257434 -0.00696075
vn 0.819021 0.539516 -0.195262
v 0.0236917 0.024932 -0.0071429
vn 0.720847 0.666736 -0.189322
v 0.0229903 0.0242122 -0.011111
vn 0.620257 0.708481 -0.336655
v 0.0237613 0.0260831 -0.00317939
vn 0.857382 0.509992 -0.0693118
v 0.0240879 0.0254693 0.0015177
vn 0.736347 0.675666 0.0356206
v 0.0239503 0.0253448 -0.0033121
vn 0.759069 0.646238 -0.0786856
v 0.0237613 0.0260831 -0.00317939
vn 0.857382 0.509992 -0.0693118
v 0.0237098 0.026195 0.00176468
vn 0.797274 0.601823 0.0465008
v 0.0240879 0.0254693 0.0015177
vn 0.736347 0.675666 0.0356206
v 0.0239503 0.0253448 -0.0033121
vn 0.759069 0.646238 -0.0786856
v 0.024795 0.0250543 0.00137061
vn 0.560759 0.82711 0.0379139
v 0.0246973 0.0249979 -0.00355372
vn 0.53328 0.84157 -0.0858628
v 0.0239503 0.0253448 -0.0033121
vn 0.759069 0.646238 -0.0786856
v 0.0240879 0.0254693 0.0015177
vn 0.736347 0.675666 0.0356206
v 0.024795 0.0250543 0.00137061
vn 0.560759 0.82711 0.0379139
v 0.00966689 0.0210701 -0.0267639
vn 0.267004 0.624816 -0.733699
v 0.00697022 0.0196251 -0.0285678
vn 0.228104 0.416907 -0.879862
v 0.00676419 0.0208123 -0.0278175
vn 0.167086 0.635405 -0.753885
v 0.00966689 0.0210701 -0.0267639
vn 0.267004 0.624816 -0.733699
v 0.00993346 0.0199031 -0.0274181
vn 0.333573 0.422748 -0.842623
v 0.00697022 0.0196251 -0.0285678
vn 0.228104 0.416907 -0.879862
v 0.00697022 0.0196251 -0.0285678
vn 0.228104 0.416907 -0.879862
v 0.00361005 0.0183674 -0.0296587
vn 0.0879515 0.55475 -0.827356
v 0.00355025 0.0194119 -0.02925
vn 0.105321 0.448362 -0.887626
v 0.00697022 0.0196251 -0.0285678
vn 0.228104 0.416907 -0.879862
v 0.00705491 0.0185834 -0.0288605
vn 0.20358 0.55145 -0.808985
v 0.00361005 0.0183674 -0.0296587
vn 0.0879515 0.55475 -0.827356
v 0.00676419 0.0208123 -0.0278175
vn 0.167086 0.635405 -0.753885
v 0.00355025 0.0194119 -0.02925
vn 0.105321 0.448362 -0.887626
v 0.00346165 0.020622 -0.0285264
vn 0.0794053 0.613984 -0.785314
v 0.00676419 0.0208123 -0.0278175
vn 0.167086 0.635405 -0.753885
v 0.00697022 0.0196251 -0.0285678
vn 0.228104 0.416907 -0.879862
v 0.00355025 0.0194119 -0.02925
vn 0.105321 0.448362 -0.887626
v 0.0129319 0.021648 -0.0248905
vn 0.318241 0.66996 -0.670728
v 0.00993346 0.0199031 -0.0274181
vn 0.333573 0.422748 -0.842623
v 0.00966689 0.0210701 -0.0267639
vn 0.267004 0.624816 -0.733699
v 0.0129319 0.021648 -0.0248905
vn 0.318241 0.66996 -0.670728
v 0.013339 0.0205231 -0.0255642
vn 0.419887 0.478463 -0.771212
v 0.00993346 0.0199031 -0.0274181
vn 0.333573 0.422748 -0.842623
v 0.0191895 0.0223889 -0.0194778
vn 0.671459 0.465369 -0.576692
v 0.0160513 0.0223684 -0.0223411
vn 0.429947 0.659095 -0.617041
v 0.0187131 0.0234163 -0.0190134
vn 0.522638 0.665833 -0.532462
v 0.0191895 0.0223889 -0.0194778
vn 0.671459 0.465369 -0.576692
v 0.0165286 0.0212854 -0.0228984
vn 0.548256 0.491904 -0.676348
v 0.0160513 0.0223684 -0.0223411
vn 0.429947 0.659095 -0.617041
v 0.0165286 0.0212854 -0.0228984
vn 0.548256 0.491904 -0.676348
v 0.013572 0.0196242 -0.0258714
vn 0.369797 0.558725 -0.742346
v 0.013339 0.0205231 -0.0255642
vn 0.419887 0.478463 -0.771212
v 0.0165286 0.0212854 -0.0228984
vn 0.548256 0.491904 -0.676348
v 0.0168242 0.0204002 -0.0232044
vn 0.462879 0.602203 -0.650457
v 0.013572 0.0196242 -0.0258714
vn 0.369797 0.558725 -0.742346
v 3.1665e-08 0.020507 -0.0287116
vn -0.00126627 0.639683 -0.768638
v 0.00355025 0.0194119 -0.02925
vn 0.105321 0.448362 -0.887626
v 3.1665e-08 0.0193695 -0.0295565
vn -0.000700145 0.435959 -0.899966
v 3.1665e-08 0.020507 -0.0287116
vn -0.00126627 0.639683 -0.768638
v 0.00346165 0.020622 -0.0285264
vn 0.0794053 0.613984 -0.785314
v 0.00355025 0.0194119 -0.02925
vn 0.105321 0.448362 -0.887626
v 0.00993346 0.0199031 -0.0274181
vn 0.333573 0.422748 -0.842623
v 0.00705491 0.0185834 -0.0288605
vn 0.20358 0.55145 -0.808985
v 0.00697022 0.0196251 -0.0285678
vn 0.228104 0.416907 -0.879862
v 0.00993346 0.0199031 -0.0274181
vn 0.333573 0.422748 -0.842623
v 0.0100956 0.0189003 -0.0277294
vn 0.274419 0.556306 -0.784358
v 0.00705491 0.0185834 -0.0288605
vn 0.20358 0.55145 -0.808985
v 0.013339 0.0205231 -0.0255642
vn 0.419887 0.478463 -0.771212
v 0.0100956 0.0189003 -0.0277294
vn 0.274419 0.556306 -0.784358
v 0.00993346 0.0199031 -0.0274181
vn 0.333573 0.422748 -0.842623
v 0.013339 0.0205231 -0.0255642
vn 0.419887 0.478463 -0.771212
v 0.013572 0.0196242 -0.0258714
vn 0.369797 0.558725 -0.742346
v 0.0100956 0.0189003 -0.0277294
vn 0.274419 0.556306 -0.784358
v 0.0165286 0.0212854 -0.0228984
vn 0.548256 0.491904 -0.676348
v 0.0194612 0.0215567 -0.0196916
vn 0.520329 0.656577 -0.546044
v 0.0168242 0.0204002 -0.0232044
vn 0.462879 0.602203 -0.650457
v 0.0165286 0.0212854 -0.0228984
vn 0.548256 0.491904 -0.676348
v 0.0191895 0.0223889 -0.0194778
vn 0.671459 0.465369 -0.576692
v 0.0194612 0.0215567 -0.0196916
vn 0.520329 0.656577 -0.546044
v 0.0168242 0.0204002 -0.0232044
vn 0.462879 0.602203 -0.650457
v 0.0201423 0.0210507 -0.0201925
vn 0.438605 0.728289 -0.526518
v 0.0173158 0.0196686 -0.0238007
vn 0.429966 0.631521 -0.645221
v 0.0168242 0.0204002 -0.0232044
vn 0.462879 0.602203 -0.650457
v 0.0194612 0.0215567 -0.0196916
vn 0.520329 0.656577 -0.546044
v 0.0201423 0.0210507 -0.0201925
vn 0.438605 0.728289 -0.526518
v 0.00937135 0.0222132 -0.0256072
vn 0.237162 0.7019 -0.671633
v 0.00676419 0.0208123 -0.0278175
vn 0.167086 0.635405 -0.753885
v 0.00654206 0.0218509 -0.0267499
vn 0.15219 0.702462 -0.695259
v 0.00937135 0.0222132 -0.0256072
vn 0.237162 0.7019 -0.671633
v 0.00966689 0.0210701 -0.0267639
vn 0.267004 0.624816 -0.733699
v 0.00676419 0.0208123 -0.0278175
vn 0.167086 0.635405 -0.753885
v 3.1665e-08 0.0193695 -0.0295565
vn -0.000700145 0.435959 -0.899966
v 0.00361005 0.0183674 -0.0296587
vn 0.0879515 0.55475 -0.827356
v -5.75153e-05 0.0182849 -0.0298356
vn -0.00650682 0.529893 -0.84804
v 3.1665e-08 0.0193695 -0.0295565
vn -0.000700145 0.435959 -0.899966
v 0.00355025 0.0194119 -0.02925
vn 0.105321 0.448362 -0.887626
v 0.00361005 0.0183674 -0.0296587
vn 0.0879515 0.55475 -0.827356
v 0.0127652 0.0226295 -0.0236909
vn 0.297171 0.724706 -0.621684
v 0.00940996 0.0250989 -0.0226895
vn 0.255862 0.731499 -0.632015
v 0.0124813 0.0251167 -0.0211807
vn 0.334808 0.73372 -0.591234
v 0.0127652 0.0226295 -0.0236909
vn 0.297171 0.724706 -0.621684
v 0.00937135 0.0222132 -0.0256072
vn 0.237162 0.7019 -0.671633
v 0.00940996 0.0250989 -0.0226895
vn 0.255862 0.731499 -0.632015
v 0.015432 0.0233739 -0.0213571
vn 0.368959 0.731014 -0.574011
v 0.0124813 0.0251167 -0.0211807
vn 0.334808 0.73372 -0.591234
v 0.0152147 0.0251754 -0.0192998
vn 0.392732 0.746816 -0.536682
v 0.015432 0.0233739 -0.0213571
vn 0.368959 0.731014 -0.574011
v 0.0127652 0.0226295 -0.0236909
vn 0.297171 0.724706 -0.621684
v 0.0124813 0.0251167 -0.0211807
vn 0.334808 0.73372 -0.591234
v 0.0179121 0.0243114 -0.0182073
vn 0.429088 0.756661 -0.493303
v 0.0152147 0.0251754 -0.0192998
vn 0.392732 0.746816 -0.536682
v 0.0169216 0.0256351 -0.0171922
vn 0.453135 0.74973 -0.482259
v 0.0179121 0.0243114 -0.0182073
vn 0.429088 0.756661 -0.493303
v 0.015432 0.0233739 -0.0213571
vn 0.368959 0.731014 -0.574011
v 0.0152147 0.0251754 -0.0192998
vn 0.392732 0.746816 -0.536682
v 0.0207611 0.0265444 -0.0102549
vn 0.523125 0.805087 -0.279599
v 0.0176152 0.0265474 -0.0149109
vn 0.477579 0.783753 -0.397052
v 0.018477 0.0279627 -0.0105087
vn 0.505251 0.811871 -0.292554
v 0.0207611 0.0265444 -0.0102549
vn 0.523125 0.805087 -0.279599
v 0.0194547 0.0253732 -0.0149095
vn 0.470229 0.790249 -0.392928
v 0.0176152 0.0265474 -0.0149109
vn 0.477579 0.783753 -0.397052
v 0.00654206 0.0218509 -0.0267499
vn 0.15219 0.702462 -0.695259
v 0.00346165 0.020622 -0.0285264
vn 0.0794053 0.613984 -0.785314
v 0.00331742 0.0216907 -0.0274634
vn 0.0721479 0.69318 -0.717144
v 0.00654206 0.0218509 -0.0267499
vn 0.15219 0.702462 -0.695259
v 0.00676419 0.0208123 -0.0278175
vn 0.167086 0.635405 -0.753885
v 0.00346165 0.020622 -0.0285264
vn 0.0794053 0.613984 -0.785314
v 0.0127652 0.0226295 -0.0236909
vn 0.297171 0.724706 -0.621684
v 0.00966689 0.0210701 -0.0267639
vn 0.267004 0.624816 -0.733699
v 0.00937135 0.0222132 -0.0256072
vn 0.237162 0.7019 -0.671633
v 0.0127652 0.0226295 -0.0236909
vn 0.297171 0.724706 -0.621684
v 0.0129319 0.021648 -0.0248905
vn 0.318241 0.66996 -0.670728
v 0.00966689 0.0210701 -0.0267639
vn 0.267004 0.624816 -0.733699
v 0.0319286 0.011971 0.00675745
vn 0.938144 0.299188 0.174279
v 0.0314753 0.006933 0.0129978
vn 0.919227 0.185221 0.347441
v 0.0330726 0.00696898 0.00713093
vn 0.968049 0.177163 0.177466
v 0.0319286 0.011971 0.00675745
vn 0.938144 0.299188 0.174279
v 0.0304894 0.0117907 0.0122093
vn 0.892849 0.303274 0.332935
v 0.0314753 0.006933 0.0129978
vn 0.919227 0.185221 0.347441
v 0.015432 0.0233739 -0.0213571
vn 0.368959 0.731014 -0.574011
v 0.0129319 0.021648 -0.0248905
vn 0.318241 0.66996 -0.670728
v 0.0127652 0.0226295 -0.0236909
vn 0.297171 0.724706 -0.621684
v 0.015432 0.0233739 -0.0213571
vn 0.368959 0.731014 -0.574011
v 0.0160513 0.0223684 -0.0223411
vn 0.429947 0.659095 -0.617041
v 0.0129319 0.021648 -0.0248905
vn 0.318241 0.66996 -0.670728
v 3.1665e-08 0.0214444 -0.0277883
vn -0.00138578 0.687884 -0.725819
v 0.00346165 0.020622 -0.0285264
vn 0.0794053 0.613984 -0.785314
v 3.1665e-08 0.020507 -0.0287116
vn -0.00126627 0.639683 -0.768638
v 3.1665e-08 0.0214444 -0.0277883
vn -0.00138578 0.687884 -0.725819
v 0.00331742 0.0216907 -0.0274634
vn 0.0721479 0.69318 -0.717144
v 0.00346165 0.020622 -0.0285264
vn 0.0794053 0.613984 -0.785314
v 0.0212983 0.027297 -0.00634454
vn 0.490214 0.851668 -0.185343
v 0.018477 0.0279627 -0.0105087
vn 0.505251 0.811871 -0.292554
v 0.0188366 0.0288941 -0.00645652
vn 0.51417 0.838604 -0.179923
v 0.0212983 0.027297 -0.00634454
vn 0.490214 0.851668 -0.185343
v 0.0207611 0.0265444 -0.0102549
vn 0.523125 0.805087 -0.279599
v 0.018477 0.0279627 -0.0105087
vn 0.505251 0.811871 -0.292554
v 0.0187131 0.0234163 -0.0190134
vn 0.522638 0.665833 -0.532462
v 0.015432 0.0233739 -0.0213571
vn 0.368959 0.731014 -0.574011
v 0.0179121 0.0243114 -0.0182073
vn 0.429088 0.756661 -0.493303
v 0.0187131 0.0234163 -0.0190134
vn 0.522638 0.665833 -0.532462
v 0.0160513 0.0223684 -0.0223411
vn 0.429947 0.659095 -0.617041
v 0.015432 0.0233739 -0.0213571
vn 0.368959 0.731014 -0.574011
v 0.0179121 0.0243114 -0.0182073
vn 0.429088 0.756661 -0.493303
v 0.020604 0.0245961 -0.0152087
vn 0.561164 0.71936 -0.40941
v 0.0187131 0.0234163 -0.0190134
vn 0.522638 0.665833 -0.532462
v 0.0179121 0.0243114 -0.0182073
vn 0.429088 0.756661 -0.493303
v 0.0194547 0.0253732 -0.0149095
vn 0.470229 0.790249 -0.392928
v 0.020604 0.0245961 -0.0152087
vn 0.561164 0.71936 -0.40941
v 0.0215056 0.0277623 -0.00257074
vn 0.506563 0.86048 -0.0544762
v 0.0188366 0.0288941 -0.00645652
vn 0.51417 0.838604 -0.179923
v 0.0189442 0.0294091 -0.00248355
vn 0.517199 0.854092 -0.0550655
v 0.0215056 0.0277623 -0.00257074
vn 0.506563 0.86048 -0.0544762
v 0.0212983 0.027297 -0.00634454
vn 0.490214 0.851668 -0.185343
v 0.0188366 0.0288941 -0.00645652
vn 0.51417 0.838604 -0.179923
v 0.0194547 0.0253732 -0.0149095
vn 0.470229 0.790249 -0.392928
v 0.0169216 0.0256351 -0.0171922
vn 0.453135 0.74973 -0.482259
v 0.0176152 0.0265474 -0.0149109
vn 0.477579 0.783753 -0.397052
v 0.0194547 0.0253732 -0.0149095
vn 0.470229 0.790249 -0.392928
v 0.0179121 0.0243114 -0.0182073
vn 0.429088 0.756661 -0.493303
v 0.0169216 0.0256351 -0.0171922
vn 0.453135 0.74973 -0.482259
v 0.0202558 0.0261317 0.012142
vn 0.480244 0.805527 0.347119
v 0.0181671 0.02887 0.00816691
vn 0.503955 0.835468 0.219142
v 0.0173123 0.0276521 0.0129659
vn 0.469191 0.804338 0.364555
v 0.0202558 0.0261317 0.012142
vn 0.480244 0.805527 0.347119
v 0.0209318 0.0271263 0.00751972
vn 0.460171 0.865512 0.197817
v 0.0181671 0.02887 0.00816691
vn 0.503955 0.835468 0.219142
v 0.0137327 0.00787715 0.0312611
vn 0.33656 0.249063 0.908127
v 0.0119974 0.0139283 0.0298226
vn 0.349583 0.392925 0.85053
v 0.0109534 0.00818925 0.0321851
vn 0.302856 0.245832 0.920785
v 0.0137327 0.00787715 0.0312611
vn 0.33656 0.249063 0.908127
v 0.0147443 0.0133241 0.0287472
vn 0.35856 0.406842 0.840187
v 0.0119974 0.0139283 0.0298226
vn 0.349583 0.392925 0.85053
v 0.0207611 0.0265444 -0.0102549
vn 0.523125 0.805087 -0.279599
v 0.020604 0.0245961 -0.0152087
vn 0.561164 0.71936 -0.40941
v 0.0194547 0.0253732 -0.0149095
vn 0.470229 0.790249 -0.392928
v 0.0207611 0.0265444 -0.0102549
vn 0.523125 0.805087 -0.279599
v 0.0218768 0.0257072 -0.0105893
vn 0.589803 0.747922 -0.304541
v 0.020604 0.0245961 -0.0152087
vn 0.561164 0.71936 -0.40941
v 0.0212983 0.027297 -0.00634454
vn 0.490214 0.851668 -0.185343
v 0.0218768 0.0257072 -0.0105893
vn 0.589803 0.747922 -0.304541
v 0.0207611 0.0265444 -0.0102549
vn 0.523125 0.805087 -0.279599
v 0.0212983 0.027297 -0.00634454
vn 0.490214 0.851668 -0.185343
v 0.0226867 0.0265638 -0.00665878
vn 0.570647 0.795663 -0.203181
v 0.0218768 0.0257072 -0.0105893
vn 0.589803 0.747922 -0.304541
v 0.0228035 0.0270249 -0.00299225
vn 0.585922 0.807504 -0.068058
v 0.0212983 0.027297 -0.00634454
vn 0.490214 0.851668 -0.185343
v 0.0215056 0.0277623 -0.00257074
vn 0.506563 0.86048 -0.0544762
v 0.0228035 0.0270249 -0.00299225
vn 0.585922 0.807504 -0.068058
v 0.0226867 0.0265638 -0.00665878
vn 0.570647 0.795663 -0.203181
v 0.0212983 0.027297 -0.00634454
vn 0.490214 0.851668 -0.185343
v 0.0213869 0.0277015 0.0022888
vn 0.490403 0.868537 0.071753
v 0.0224287 0.0266201 0.00717236
vn 0.542902 0.816672 0.195712
v 0.0227268 0.0270983 0.0020633
vn 0.561728 0.825125 0.060259
v 0.0213869 0.0277015 0.0022888
vn 0.490403 0.868537 0.071753
v 0.0209318 0.0271263 0.00751972
vn 0.460171 0.865512 0.197817
v 0.0224287 0.0266201 0.00717236
vn 0.542902 0.816672 0.195712
v 0.017606 0.0218057 0.0208569
vn 0.405358 0.667239 0.624882
v 0.0161764 0.0255649 0.0178748
vn 0.450401 0.732351 0.510687
v 0.0148578 0.0230123 0.0220137
vn 0.439206 0.645762 0.624572
v 0.017606 0.0218057 0.0208569
vn 0.405358 0.667239 0.624882
v 0.0190327 0.0243393 0.0168786
vn 0.44801 0.744368 0.49518
v 0.0161764 0.0255649 0.0178748
vn 0.450401 0.732351 0.510687
v 0.0209318 0.0271263 0.00751972
vn 0.460171 0.865512 0.197817
v 0.018751 0.0295085 0.00263601
vn 0.525078 0.84747 0.0780233
v 0.0181671 0.02887 0.00816691
vn 0.503955 0.835468 0.219142
v 0.0209318 0.0271263 0.00751972
vn 0.460171 0.865512 0.197817
v 0.0213869 0.0277015 0.0022888
vn 0.490403 0.868537 0.071753
v 0.018751 0.0295085 0.00263601
vn 0.525078 0.84747 0.0780233
v 0.0119974 0.0139283 0.0298226
vn 0.349583 0.392925 0.85053
v 0.016172 0.018147 0.0253346
vn 0.416507 0.5334 0.736211
v 0.0133637 0.0189096 0.0263784
vn 0.377742 0.532192 0.757683
v 0.0119974 0.0139283 0.0298226
vn 0.349583 0.392925 0.85053
v 0.0147443 0.0133241 0.0287472
vn 0.35856 0.406842 0.840187
v 0.016172 0.018147 0.0253346
vn 0.416507 0.5334 0.736211
v 0.0202558 0.0261317 0.012142
vn 0.480244 0.805527 0.347119
v 0.0224287 0.0266201 0.00717236
vn 0.542902 0.816672 0.195712
v 0.0209318 0.0271263 0.00751972
vn 0.460171 0.865512 0.197817
v 0.0202558 0.0261317 0.012142
vn 0.480244 0.805527 0.347119
v 0.0216067 0.0255252 0.0118312
vn 0.544066 0.766269 0.341796
v 0.0224287 0.0266201 0.00717236
vn 0.542902 0.816672 0.195712
v 0.0190327 0.0243393 0.0168786
vn 0.44801 0.744368 0.49518
v 0.0216067 0.0255252 0.0118312
vn 0.544066 0.766269 0.341796
v 0.0202558 0.0261317 0.012142
vn 0.480244 0.805527 0.347119
v 0.0190327 0.0243393 0.0168786
vn 0.44801 0.744368 0.49518
v 0.0204684 0.0237682 0.0165451
vn 0.507966 0.723493 0.46747
v 0.0216067 0.0255252 0.0118312
vn 0.544066 0.766269 0.341796
v 0.019259 0.021359 0.0206559
vn 0.383726 0.68003 0.624751
v 0.0190327 0.0243393 0.0168786
vn 0.44801 0.744368 0.49518
v 0.017606 0.0218057 0.0208569
vn 0.405358 0.667239 0.624882
v 0.019259 0.021359 0.0206559
vn 0.383726 0.68003 0.624751
v 0.0204684 0.0237682 0.0165451
vn 0.507966 0.723493 0.46747
v 0.0190327 0.0243393 0.0168786
vn 0.44801 0.744368 0.49518
v 0.017606 0.0218057 0.0208569
vn 0.405358 0.667239 0.624882
v 0.0177846 0.0175779 0.024888
vn 0.401806 0.54848 0.733295
v 0.019259 0.021359 0.0206559
vn 0.383726 0.68003 0.624751
v 0.017606 0.0218057 0.0208569
vn 0.405358 0.667239 0.624882
v 0.016172 0.018147 0.0253346
vn 0.416507 0.5334 0.736211
v 0.0177846 0.0175779 0.024888
vn 0.401806 0.54848 0.733295
v 0.0133574 0.0040775 0.0321147
vn 0.289427 0.116501 0.950084
v 0.0109534 0.00818925 0.0321851
vn 0.302856 0.245832 0.920785
v 0.0105891 0.00422437 0.0330209
vn 0.294995 0.113536 0.948729
v 0.0133574 0.0040775 0.0321147
vn 0.289427 0.116501 0.950084
v 0.0137327 0.00787715 0.0312611
vn 0.33656 0.249063 0.908127
v 0.0109534 0.00818925 0.0321851
vn 0.302856 0.245832 0.920785
v 0.0131897 7.37612e-09 0.0323671
vn 0.310899 -0.00417169 0.950434
v 0.0105891 0.00422437 0.0330209
vn 0.294995 0.113536 0.948729
v 0.0104507 7.37612e-09 0.0333336
vn 0.299356 0.00110052 0.954141
v 0.0131897 7.37612e-09 0.0323671
vn 0.310899 -0.00417169 0.950434
v 0.0133574 0.0040775 0.0321147
vn 0.289427 0.116501 0.950084
v 0.0105891 0.00422437 0.0330209
vn 0.294995 0.113536 0.948729
v 0.0148578 0.0230123 0.0220137
vn 0.439206 0.645762 0.624572
v 0.016172 0.018147 0.0253346
vn 0.416507 0.5334 0.736211
v 0.017606 0.0218057 0.0208569
vn 0.405358 0.667239 0.624882
v 0.0148578 0.0230123 0.0220137
vn 0.439206 0.645762 0.624572
v 0.0133637 0.0189096 0.0263784
vn 0.377742 0.532192 0.757683
v 0.016172 0.018147 0.0253346
vn 0.416507 0.5334 0.736211
v 0.0147443 0.0133241 0.0287472
vn 0.35856 0.406842 0.840187
v 0.0177846 0.0175779 0.024888
vn 0.401806 0.54848 0.733295
v 0.016172 0.018147 0.0253346
vn 0.416507 0.5334 0.736211
v 0.0147443 0.0133241 0.0287472
vn 0.35856 0.406842 0.840187
v 0.0165027 0.0129669 0.0283189
vn 0.343667 0.417386 0.841238
v 0.0177846 0.0175779 0.024888
vn 0.401806 0.54848 0.733295
v 0.0133574 0.0040775 0.0321147
vn 0.289427 0.116501 0.950084
v 0.0154876 0.00767085 0.0306699
vn 0.359345 0.260666 0.896061
v 0.0137327 0.00787715 0.0312611
vn 0.33656 0.249063 0.908127
v 0.0133574 0.0040775 0.0321147
vn 0.289427 0.116501 0.950084
v 0.015163 0.00398131 0.0316816
vn 0.309649 0.125623 0.942516
v 0.0154876 0.00767085 0.0306699
vn 0.359345 0.260666 0.896061
v 0.0137327 0.00787715 0.0312611
vn 0.33656 0.249063 0.908127
v 0.0165027 0.0129669 0.0283189
vn 0.343667 0.417386 0.841238
v 0.0147443 0.0133241 0.0287472
vn 0.35856 0.406842 0.840187
v 0.0137327 0.00787715 0.0312611
vn 0.33656 0.249063 0.908127
v 0.0154876 0.00767085 0.0306699
vn 0.359345 0.260666 0.896061
v 0.0165027 0.0129669 0.0283189
vn 0.343667 0.417386 0.841238
v 0.0150313 2.13824e-06 0.0318076
vn 0.317151 -0.00901392 0.948332
v 0.0133574 0.0040775 0.0321147
vn 0.289427 0.116501 0.950084
v 0.0131897 7.37612e-09 0.0323671
vn 0.310899 -0.00417169 0.950434
v 0.0150313 2.13824e-06 0.0318076
vn 0.317151 -0.00901392 0.948332
v 0.015163 0.00398131 0.0316816
vn 0.309649 0.125623 0.942516
v 0.0133574 0.0040775 0.0321147
vn 0.289427 0.116501 0.950084
v 0.00937135 0.0222132 -0.0256072
vn 0.237162 0.7019 -0.671633
v 0.00660616 0.0251209 -0.0235997
vn 0.17279 0.733741 -0.65709
v 0.00940996 0.0250989 -0.0226895
vn 0.255862 0.731499 -0.632015
v 0.00937135 0.0222132 -0.0256072
vn 0.237162 0.7019 -0.671633
v 0.00654206 0.0218509 -0.0267499
vn 0.15219 0.702462 -0.695259
v 0.00660616 0.0251209 -0.0235997
vn 0.17279 0.733741 -0.65709
v 0.0165673 0.00418954 -0.0305351
vn 0.46918 0.115335 -0.875539
v 0.0208796 0.001941 -0.0280338
vn 0.597525 0.0576157 -0.799777
v 0.0166412 0.00174953 -0.0307272
vn 0.471604 0.0539558 -0.880158
v 0.0165673 0.00418954 -0.0305351
vn 0.46918 0.115335 -0.875539
v 0.0207886 0.00449605 -0.0278135
vn 0.594774 0.125095 -0.7941
v 0.0208796 0.001941 -0.0280338
vn 0.597525 0.0576157 -0.799777
v 0.0034097 0.0251497 -0.0242103
vn 0.0879068 0.735129 -0.672203
v 0.00654206 0.0218509 -0.0267499
vn 0.15219 0.702462 -0.695259
v 0.00331742 0.0216907 -0.0274634
vn 0.0721479 0.69318 -0.717144
v 0.0034097 0.0251497 -0.0242103
vn 0.0879068 0.735129 -0.672203
v 0.00660616 0.0251209 -0.0235997
vn 0.17279 0.733741 -0.65709
v 0.00654206 0.0218509 -0.0267499
vn 0.15219 0.702462 -0.695259
v 0.0227268 0.0270983 0.0020633
vn 0.561728 0.825125 0.060259
v 0.0215056 0.0277623 -0.00257074
vn 0.506563 0.86048 -0.0544762
v 0.0213869 0.0277015 0.0022888
vn 0.490403 0.868537 0.071753
v 0.0227268 0.0270983 0.0020633
vn 0.561728 0.825125 0.060259
v 0.0228035 0.0270249 -0.00299225
vn 0.585922 0.807504 -0.068058
v 0.0215056 0.0277623 -0.00257074
vn 0.506563 0.86048 -0.0544762
v 0.0213869 0.0277015 0.0022888
vn 0.490403 0.868537 0.071753
v 0.0189442 0.0294091 -0.00248355
vn 0.517199 0.854092 -0.0550655
v 0.018751 0.0295085 0.00263601
vn 0.525078 0.84747 0.0780233
v 0.0213869 0.0277015 0.0022888
vn 0.490403 0.868537 0.071753
v 0.0215056 0.0277623 -0.00257074
vn 0.506563 0.86048 -0.0544762
v 0.0189442 0.0294091 -0.00248355
vn 0.517199 0.854092 -0.0550655
v 0.0236917 0.024932 -0.0071429
vn 0.720847 0.666736 -0.189322
v 0.0246973 0.0249979 -0.00355372
vn 0.53328 0.84157 -0.0858628
v 0.0243304 0.0245552 -0.00741849
vn 0.54555 0.813255 -0.202462
v 0.0236917 0.024932 -0.0071429
vn 0.720847 0.666736 -0.189322
v 0.0239503 0.0253448 -0.0033121
vn 0.759069 0.646238 -0.0786856
v 0.0246973 0.0249979 -0.00355372
vn 0.53328 0.84157 -0.0858628
v 0.0234056 0.0257434 -0.00696075
vn 0.819021 0.539516 -0.195262
v 0.0239503 0.0253448 -0.0033121
vn 0.759069 0.646238 -0.0786856
v 0.0236917 0.024932 -0.0071429
vn 0.720847 0.666736 -0.189322
v 0.0234056 0.0257434 -0.00696075
vn 0.819021 0.539516 -0.195262
v 0.0237613 0.0260831 -0.00317939
vn 0.857382 0.509992 -0.0693118
v 0.0239503 0.0253448 -0.0033121
vn 0.759069 0.646238 -0.0786856
v 0.0237098 0.026195 0.00176468
vn 0.797274 0.601823 0.0465008
v 0.0228035 0.0270249 -0.00299225
vn 0.585922 0.807504 -0.068058
v 0.0227268 0.0270983 0.0020633
vn 0.561728 0.825125 0.060259
v 0.0237098 0.026195 0.00176468
vn 0.797274 0.601823 0.0465008
v 0.0237613 0.0260831 -0.00317939
vn 0.857382 0.509992 -0.0693118
v 0.0228035 0.0270249 -0.00299225
vn 0.585922 0.807504 -0.068058
v 3.1665e-08 0.0340088 -0.00836248
vn -1.64352e-05 0.965556 -0.260195
v 0.00358211 0.0347954 -0.00313328
vn 0.109014 0.989717 -0.0926045
v 0.00362502 0.0338291 -0.0082758
vn 0.105534 0.960924 -0.255905
v 3.1665e-08 0.0340088 -0.00836248
vn -1.64352e-05 0.965556 -0.260195
v 3.1665e-08 0.0349958 -0.00316733
vn -1.89035e-05 0.995524 -0.0945133
v 0.00358211 0.0347954 -0.00313328
vn 0.109014 0.989717 -0.0926045
v 0.00362502 0.0338291 -0.0082758
vn 0.105534 0.960924 -0.255905
v 0.00690507 0.0342527 -0.00305451
vn 0.207046 0.974365 -0.0880107
v 0.00697612 0.0333325 -0.00807864
vn 0.200717 0.94834 -0.245692
v 0.00362502 0.0338291 -0.0082758
vn 0.105534 0.960924 -0.255905
v 0.00358211 0.0347954 -0.00313328
vn 0.109014 0.989717 -0.0926045
v 0.00690507 0.0342527 -0.00305451
vn 0.207046 0.974365 -0.0880107
v 0.00697612 0.0333325 -0.00807864
vn 0.200717 0.94834 -0.245692
v 0.00986569 0.0334843 -0.0029336
vn 0.293369 0.95255 -0.0811301
v 0.00994577 0.032631 -0.00778845
vn 0.2865 0.929831 -0.230938
v 0.00697612 0.0333325 -0.00807864
vn 0.200717 0.94834 -0.245692
v 0.00690507 0.0342527 -0.00305451
vn 0.207046 0.974365 -0.0880107
v 0.00986569 0.0334843 -0.0029336
vn 0.293369 0.95255 -0.0811301
v 0.00994577 0.032631 -0.00778845
vn 0.2865 0.929831 -0.230938
v 0.0131847 0.0323093 -0.00276973
vn 0.374714 0.924251 -0.0731417
v 0.0132419 0.0315574 -0.00735274
vn 0.368999 0.904849 -0.212339
v 0.00994577 0.032631 -0.00778845
vn 0.2865 0.929831 -0.230938
v 0.00986569 0.0334843 -0.0029336
vn 0.293369 0.95255 -0.0811301
v 0.0131847 0.0323093 -0.00276973
vn 0.374714 0.924251 -0.0731417
v 0.0188366 0.0288941 -0.00645652
vn 0.51417 0.838604 -0.179923
v 0.0163584 0.0308641 -0.00259648
vn 0.452895 0.889252 -0.0641706
v 0.0189442 0.0294091 -0.00248355
vn 0.517199 0.854092 -0.0550655
v 0.0188366 0.0288941 -0.00645652
vn 0.51417 0.838604 -0.179923
v 0.0163468 0.0302315 -0.00686024
vn 0.446461 0.873799 -0.192739
v 0.0163584 0.0308641 -0.00259648
vn 0.452895 0.889252 -0.0641706
v 0.0132419 0.0315574 -0.00735274
vn 0.368999 0.904849 -0.212339
v 0.0163584 0.0308641 -0.00259648
vn 0.452895 0.889252 -0.0641706
v 0.0163468 0.0302315 -0.00686024
vn 0.446461 0.873799 -0.192739
v 0.0132419 0.0315574 -0.00735274
vn 0.368999 0.904849 -0.212339
v 0.0131847 0.0323093 -0.00276973
vn 0.374714 0.924251 -0.0731417
v 0.0163584 0.0308641 -0.00259648
vn 0.452895 0.889252 -0.0641706
v 0.0252771 0.023646 -0.00773649
vn 0.741566 0.635938 -0.213689
v 0.0262244 0.0232968 -0.00395129
vn 0.817169 0.566596 -0.105851
v 0.0258096 0.0227089 -0.00789344
vn 0.825295 0.522158 -0.215033
v 0.0252771 0.023646 -0.00773649
vn 0.741566 0.635938 -0.213689
v 0.0256224 0.0241624 -0.00376289
vn 0.734028 0.67197 -0.098287
v 0.0262244 0.0232968 -0.00395129
vn 0.817169 0.566596 -0.105851
v 0.0266791 0.0212655 -0.00818485
vn 0.803989 0.546461 -0.234481
v 0.0289166 0.0192296 -0.00475143
vn 0.84411 0.521143 -0.126049
v 0.0283982 0.0185743 -0.00882295
vn 0.819744 0.514116 -0.252397
v 0.0266791 0.0212655 -0.00818485
vn 0.803989 0.546461 -0.234481
v 0.0271515 0.021859 -0.00429342
vn 0.818662 0.561835 -0.118886
v 0.0289166 0.0192296 -0.00475143
vn 0.84411 0.521143 -0.126049
v 0.0258096 0.0227089 -0.00789344
vn 0.825295 0.522158 -0.215033
v 0.0271515 0.021859 -0.00429342
vn 0.818662 0.561835 -0.118886
v 0.0266791 0.0212655 -0.00818485
vn 0.803989 0.546461 -0.234481
v 0.0258096 0.0227089 -0.00789344
vn 0.825295 0.522158 -0.215033
v 0.0262244 0.0232968 -0.00395129
vn 0.817169 0.566596 -0.105851
v 0.0271515 0.021859 -0.00429342
vn 0.818662 0.561835 -0.118886
v 0.0243304 0.0245552 -0.00741849
vn 0.54555 0.813255 -0.202462
v 0.0256224 0.0241624 -0.00376289
vn 0.734028 0.67197 -0.098287
v 0.0252771 0.023646 -0.00773649
vn 0.741566 0.635938 -0.213689
v 0.0243304 0.0245552 -0.00741849
vn 0.54555 0.813255 -0.202462
v 0.0246973 0.0249979 -0.00355372
vn 0.53328 0.84157 -0.0858628
v 0.0256224 0.0241624 -0.00376289
vn 0.734028 0.67197 -0.098287
v 0.0329222 -1.3791e-07 -0.0105707
vn 0.964141 6.54855e-06 -0.265391
v 0.0337571 0.0033459 -0.00574815
vn 0.988647 0.0768283 -0.129129
v 0.0338831 7.37612e-09 -0.00577173
vn 0.991711 2.64483e-05 -0.128489
v 0.0329222 -1.3791e-07 -0.0105707
vn 0.964141 6.54855e-06 -0.265391
v 0.0328074 0.0031784 -0.0105262
vn 0.960891 0.0775042 -0.26586
v 0.0337571 0.0033459 -0.00574815
vn 0.988647 0.0768283 -0.129129
v 0.0300402 0.0151769 -0.00945843
vn 0.879046 0.400485 -0.258629
v 0.0323152 0.0114404 -0.00546813
vn 0.949489 0.284885 -0.131573
v 0.0315012 0.0109148 -0.0100216
vn 0.922916 0.279702 -0.264563
v 0.0300402 0.0151769 -0.00945843
vn 0.879046 0.400485 -0.258629
v 0.0307051 0.0158188 -0.00513898
vn 0.902139 0.411427 -0.129896
v 0.0323152 0.0114404 -0.00546813
vn 0.949489 0.284885 -0.131573
v 0.0315012 0.0109148 -0.0100216
vn 0.922916 0.279702 -0.264563
v 0.0333869 0.00658602 -0.005678
vn 0.977283 0.166991 -0.130508
v 0.0324621 0.00632548 -0.0103888
vn 0.949543 0.166309 -0.265912
v 0.0315012 0.0109148 -0.0100216
vn 0.922916 0.279702 -0.264563
v 0.0323152 0.0114404 -0.00546813
vn 0.949489 0.284885 -0.131573
v 0.0333869 0.00658602 -0.005678
vn 0.977283 0.166991 -0.130508
v 0.0324621 0.00632548 -0.0103888
vn 0.949543 0.166309 -0.265912
v 0.0337571 0.0033459 -0.00574815
vn 0.988647 0.0768283 -0.129129
v 0.0328074 0.0031784 -0.0105262
vn 0.960891 0.0775042 -0.26586
v 0.0324621 0.00632548 -0.0103888
vn 0.949543 0.166309 -0.265912
v 0.0333869 0.00658602 -0.005678
vn 0.977283 0.166991 -0.130508
v 0.0337571 0.0033459 -0.00574815
vn 0.988647 0.0768283 -0.129129
v 0.0283982 0.0185743 -0.00882295
vn 0.819744 0.514116 -0.252397
v 0.0307051 0.0158188 -0.00513898
vn 0.902139 0.411427 -0.129896
v 0.0300402 0.0151769 -0.00945843
vn 0.879046 0.400485 -0.258629
v 0.0283982 0.0185743 -0.00882295
vn 0.819744 0.514116 -0.252397
v 0.0289166 0.0192296 -0.00475143
vn 0.84411 0.521143 -0.126049
v 0.0307051 0.0158188 -0.00513898
vn 0.902139 0.411427 -0.129896
v -0.0308733 -0.0162946 0.000407747
vn -0.906778 -0.421379 0.013888
v -0.0319285 -0.011971 0.00675744
vn -0.938148 -0.299178 0.174275
v -0.0325788 -0.0118667 0.000433607
vn -0.956341 -0.291856 0.0152247
v -0.0308733 -0.0162946 0.000407747
vn -0.906778 -0.421379 0.013888
v -0.0302957 -0.0163007 0.00623133
vn -0.890216 -0.424629 0.164939
v -0.0319285 -0.011971 0.00675744
vn -0.938148 -0.299178 0.174275
v -0.0290196 -0.0196577 0.000425128
vn -0.838275 -0.545094 0.0129564
v -0.0302957 -0.0163007 0.00623133
vn -0.890216 -0.424629 0.164939
v -0.0308733 -0.0162946 0.000407747
vn -0.906778 -0.421379 0.013888
v -0.0290196 -0.0196577 0.000425128
vn -0.838275 -0.545094 0.0129564
v -0.0285809 -0.01951 0.00576285
vn -0.836298 -0.524039 0.161208
v -0.0302957 -0.0163007 0.00623133
vn -0.890216 -0.424629 0.164939
v -0.0266705 -0.0179185 0.0142433
vn -0.789856 -0.477975 0.384275
v -0.0259221 -0.0145609 0.0186889
vn -0.757485 -0.380084 0.530804
v -0.027494 -0.0151667 0.0156608
vn -0.809107 -0.400131 0.430396
v -0.0266705 -0.0179185 0.0142433
vn -0.789856 -0.477975 0.384275
v -0.0258554 -0.0169547 0.0167456
vn -0.774321 -0.43889 0.455854
v -0.0259221 -0.0145609 0.0186889
vn -0.757485 -0.380084 0.530804
v -0.0330725 -0.00696897 0.00713093
vn -0.968048 -0.177173 0.177463
v -0.0318377 -0.00356884 0.0132956
vn -0.931839 -0.0873878 0.352192
v -0.0334802 -0.00356746 0.00725965
vn -0.980539 -0.0823158 0.178233
v -0.0330725 -0.00696897 0.00713093
vn -0.968048 -0.177173 0.177463
v -0.0314753 -0.006933 0.0129978
vn -0.919227 -0.185218 0.347443
v -0.0318377 -0.00356884 0.0132956
vn -0.931839 -0.0873878 0.352192
v -0.0302957 -0.0163007 0.00623133
vn -0.890216 -0.424629 0.164939
v -0.0304893 -0.0117907 0.0122093
vn -0.89285 -0.303269 0.332936
v -0.0319285 -0.011971 0.00675744
vn -0.938148 -0.299178 0.174275
v -0.0302957 -0.0163007 0.00623133
vn -0.890216 -0.424629 0.164939
v -0.0291399 -0.0159105 0.0111729
vn -0.853704 -0.419698 0.308292
v -0.0304893 -0.0117907 0.0122093
vn -0.89285 -0.303269 0.332936
v -0.0285809 -0.01951 0.00576285
vn -0.836298 -0.524039 0.161208
v -0.0291399 -0.0159105 0.0111729
vn -0.853704 -0.419698 0.308292
v -0.0302957 -0.0163007 0.00623133
vn -0.890216 -0.424629 0.164939
v -0.0285809 -0.01951 0.00576285
vn -0.836298 -0.524039 0.161208
v -0.027756 -0.0189046 0.0102556
vn -0.798907 -0.534792 0.275219
v -0.0291399 -0.0159105 0.0111729
vn -0.853704 -0.419698 0.308292
v -0.0304893 -0.0117907 0.0122093
vn -0.89285 -0.303269 0.332936
v -0.0288232 -0.00671916 0.0185443
vn -0.842941 -0.186773 0.504546
v -0.0314753 -0.006933 0.0129978
vn -0.919227 -0.185218 0.347443
v -0.0304893 -0.0117907 0.0122093
vn -0.89285 -0.303269 0.332936
v -0.0282612 -0.0113234 0.0172754
vn -0.828977 -0.296622 0.474144
v -0.0288232 -0.00671916 0.0185443
vn -0.842941 -0.186773 0.504546
v -0.0314753 -0.006933 0.0129978
vn -0.919227 -0.185218 0.347443
v -0.0290504 -0.00347347 0.0190096
vn -0.852043 -0.0901164 0.515656
v -0.0318377 -0.00356884 0.0132956
vn -0.931839 -0.0873878 0.352192
v -0.0314753 -0.006933 0.0129978
vn -0.919227 -0.185218 0.347443
v -0.0288232 -0.00671916 0.0185443
vn -0.842941 -0.186773 0.504546
v -0.0290504 -0.00347347 0.0190096
vn -0.852043 -0.0901164 0.515656
v -0.0291399 -0.0159105 0.0111729
vn -0.853704 -0.419698 0.308292
v -0.0282612 -0.0113234 0.0172754
vn -0.828977 -0.296622 0.474144
v -0.0304893 -0.0117907 0.0122093
vn -0.89285 -0.303269 0.332936
v -0.0291399 -0.0159105 0.0111729
vn -0.853704 -0.419698 0.308292
v -0.027494 -0.0151667 0.0156608
vn -0.809107 -0.400131 0.430396
v -0.0282612 -0.0113234 0.0172754
vn -0.828977 -0.296622 0.474144
v -0.027756 -0.0189046 0.0102556
vn -0.798907 -0.534792 0.275219
v -0.027494 -0.0151667 0.0156608
vn -0.809107 -0.400131 0.430396
v -0.0291399 -0.0159105 0.0111729
vn -0.853704 -0.419698 0.308292
v -0.027756 -0.0189046 0.0102556
vn -0.798907 -0.534792 0.275219
v -0.0266705 -0.0179185 0.0142433
vn -0.789856 -0.477975 0.384275
v -0.027494 -0.0151667 0.0156608
vn -0.809107 -0.400131 0.430396
v -0.0325788 -0.0118667 0.000433607
vn -0.956341 -0.291856 0.0152247
v -0.0330725 -0.00696897 0.00713093
vn -0.968048 -0.177173 0.177463
v -0.0337293 -0.00684231 0.00046564
vn -0.985343 -0.169792 0.0164161
v -0.0325788 -0.0118667 0.000433607
vn -0.956341 -0.291856 0.0152247
v -0.0319285 -0.011971 0.00675744
vn -0.938148 -0.299178 0.174275
v -0.0330725 -0.00696897 0.00713093
vn -0.968048 -0.177173 0.177463
v -0.0288232 -0.00671916 0.0185443
vn -0.842941 -0.186773 0.504546
v -0.0261891 -0.00334369 0.0229438
vn -0.761148 -0.0876903 0.642623
v -0.0290504 -0.00347347 0.0190096
vn -0.852043 -0.0901164 0.515656
v -0.0288232 -0.00671916 0.0185443
vn -0.842941 -0.186773 0.504546
v -0.0261341 -0.00648439 0.0223638
vn -0.756805 -0.187117 0.626286
v -0.0261891 -0.00334369 0.0229438
vn -0.761148 -0.0876903 0.642623
v -0.00433534 -0.00353062 -0.0344665
vn -0.121184 -0.0953338 -0.988042
v -0.00845874 -0.00540164 -0.033468
vn -0.235286 -0.156454 -0.959251
v -0.00847735 -0.00369778 -0.033689
vn -0.236191 -0.0999977 -0.966548
v -0.00433534 -0.00353062 -0.0344665
vn -0.121184 -0.0953338 -0.988042
v -0.0043261 -0.00516921 -0.0342646
vn -0.121124 -0.149635 -0.981294
v -0.00845874 -0.00540164 -0.033468
vn -0.235286 -0.156454 -0.959251
v -0.0282612 -0.0113234 0.0172754
vn -0.828977 -0.296622 0.474144
v -0.0261341 -0.00648439 0.0223638
vn -0.756805 -0.187117 0.626286
v -0.0288232 -0.00671916 0.0185443
vn -0.842941 -0.186773 0.504546
v -0.0282612 -0.0113234 0.0172754
vn -0.828977 -0.296622 0.474144
v -0.0260407 -0.0109108 0.0207829
vn -0.755722 -0.290944 0.586716
v -0.0261341 -0.00648439 0.0223638
vn -0.756805 -0.187117 0.626286
v -0.027494 -0.0151667 0.0156608
vn -0.809107 -0.400131 0.430396
v -0.0260407 -0.0109108 0.0207829
vn -0.755722 -0.290944 0.586716
v -0.0282612 -0.0113234 0.0172754
vn -0.828977 -0.296622 0.474144
v -0.027494 -0.0151667 0.0156608
vn -0.809107 -0.400131 0.430396
v -0.0259221 -0.0145609 0.0186889
vn -0.757485 -0.380084 0.530804
v -0.0260407 -0.0109108 0.0207829
vn -0.755722 -0.290944 0.586716
v -0.0249794 -0.00229461 -0.0244175
vn -0.717101 -0.066389 -0.693801
v -0.0280884 -0.0056616 -0.020063
vn -0.814748 -0.155013 -0.558709
v -0.028345 -0.00259848 -0.0203016
vn -0.822102 -0.073549 -0.564569
v -0.0249794 -0.00229461 -0.0244175
vn -0.717101 -0.066389 -0.693801
v -0.0248157 -0.00504906 -0.0241829
vn -0.712738 -0.139162 -0.687487
v -0.0280884 -0.0056616 -0.020063
vn -0.814748 -0.155013 -0.558709
v -0.0291335 7.37612e-09 0.0191749
vn -0.854885 -8.24898e-05 0.518818
v -0.0261891 -0.00334369 0.0229438
vn -0.761148 -0.0876903 0.642623
v -0.0262079 7.37612e-09 0.0231513
vn -0.760286 -6.13351e-06 0.649588
v -0.0291335 7.37612e-09 0.0191749
vn -0.854885 -8.24898e-05 0.518818
v -0.0290504 -0.00347347 0.0190096
vn -0.852043 -0.0901164 0.515656
v -0.0261891 -0.00334369 0.0229438
vn -0.761148 -0.0876903 0.642623
v -0.0319676 7.37612e-09 0.0133974
vn -0.935598 -0.000107859 0.353067
v -0.0290504 -0.00347347 0.0190096
vn -0.852043 -0.0901164 0.515656
v -0.0291335 7.37612e-09 0.0191749
vn -0.854885 -8.24898e-05 0.518818
v -0.0319676 7.37612e-09 0.0133974
vn -0.935598 -0.000107859 0.353067
v -0.0318377 -0.00356884 0.0132956
vn -0.931839 -0.0873878 0.352192
v -0.0290504 -0.00347347 0.0190096
vn -0.852043 -0.0901164 0.515656
v -0.0336215 3.65083e-09 0.00730346
vn -0.98392 -3.73797e-05 0.178611
v -0.0318377 -0.00356884 0.0132956
vn -0.931839 -0.0873878 0.352192
v -0.0319676 7.37612e-09 0.0133974
vn -0.935598 -0.000107859 0.353067
v -0.0336215 3.65083e-09 0.00730346
vn -0.98392 -3.73797e-05 0.178611
v -0.0334802 -0.00356746 0.00725965
vn -0.980539 -0.0823158 0.178233
v -0.0318377 -0.00356884 0.0132956
vn -0.931839 -0.0873878 0.352192
v -0.0334802 -0.00356746 0.00725965
vn -0.980539 -0.0823158 0.178233
v -0.0342589 -7.45803e-08 0.000481619
vn -0.999856 -4.42178e-05 0.0169634
v -0.0341244 -0.00348759 0.000478012
vn -0.996804 -0.0780366 0.0171152
v -0.0334802 -0.00356746 0.00725965
vn -0.980539 -0.0823158 0.178233
v -0.0336215 3.65083e-09 0.00730346
vn -0.98392 -3.73797e-05 0.178611
v -0.0342589 -7.45803e-08 0.000481619
vn -0.999856 -4.42178e-05 0.0169634
v -0.00432957 -0.00136447 -0.0346179
vn -0.120475 -0.044436 -0.991721
v -0.00847735 -0.00369778 -0.033689
vn -0.236191 -0.0999977 -0.966548
v -0.00848111 -0.00143996 -0.0338561
vn -0.236017 -0.0465606 -0.970633
v -0.00432957 -0.00136447 -0.0346179
vn -0.120475 -0.044436 -0.991721
v -0.00433534 -0.00353062 -0.0344665
vn -0.121184 -0.0953338 -0.988042
v -0.00847735 -0.00369778 -0.033689
vn -0.236191 -0.0999977 -0.966548
v -0.0043261 -0.00516921 -0.0342646
vn -0.121124 -0.149635 -0.981294
v -0.00840558 -0.00781125 -0.033015
vn -0.234409 -0.218159 -0.947343
v -0.00845874 -0.00540164 -0.033468
vn -0.235286 -0.156454 -0.959251
v -0.0043261 -0.00516921 -0.0342646
vn -0.121124 -0.149635 -0.981294
v -0.00430902 -0.00749068 -0.0338458
vn -0.121226 -0.209506 -0.970263
v -0.00840558 -0.00781125 -0.033015
vn -0.234409 -0.218159 -0.947343
v -0.00430902 -0.00749068 -0.0338458
vn -0.121226 -0.209506 -0.970263
v -0.00830592 -0.0102123 -0.0323972
vn -0.232292 -0.281101 -0.93114
v -0.00840558 -0.00781125 -0.033015
vn -0.234409 -0.218159 -0.947343
v -0.00430902 -0.00749068 -0.0338458
vn -0.121226 -0.209506 -0.970263
v -0.00426269 -0.00985147 -0.0332578
vn -0.118854 -0.273376 -0.954536
v -0.00830592 -0.0102123 -0.0323972
vn -0.232292 -0.281101 -0.93114
v -0.00847735 -0.00369778 -0.033689
vn -0.236191 -0.0999977 -0.966548
v -0.012199 -0.00572624 -0.0322661
vn -0.349463 -0.165156 -0.922279
v -0.0122426 -0.00386558 -0.0325178
vn -0.350836 -0.104914 -0.930541
v -0.00847735 -0.00369778 -0.033689
vn -0.236191 -0.0999977 -0.966548
v -0.00845874 -0.00540164 -0.033468
vn -0.235286 -0.156454 -0.959251
v -0.012199 -0.00572624 -0.0322661
vn -0.349463 -0.165156 -0.922279
v -0.00848111 -0.00143996 -0.0338561
vn -0.236017 -0.0465606 -0.970633
v -0.0122426 -0.00386558 -0.0325178
vn -0.350836 -0.104914 -0.930541
v -0.0122672 -0.00155023 -0.0326958
vn -0.350777 -0.0491176 -0.93517
v -0.00848111 -0.00143996 -0.0338561
vn -0.236017 -0.0465606 -0.970633
v -0.00847735 -0.00369778 -0.033689
vn -0.236191 -0.0999977 -0.966548
v -0.0122426 -0.00386558 -0.0325178
vn -0.350836 -0.104914 -0.930541
v -0.00845874 -0.00540164 -0.033468
vn -0.235286 -0.156454 -0.959251
v -0.0120687 -0.00826183 -0.0317754
vn -0.346839 -0.230801 -0.909084
v -0.012199 -0.00572624 -0.0322661
vn -0.349463 -0.165156 -0.922279
v -0.00845874 -0.00540164 -0.033468
vn -0.235286 -0.156454 -0.959251
v -0.00840558 -0.00781125 -0.033015
vn -0.234409 -0.218159 -0.947343
v -0.0120687 -0.00826183 -0.0317754
vn -0.346839 -0.230801 -0.909084
v -0.00840558 -0.00781125 -0.033015
vn -0.234409 -0.218159 -0.947343
v -0.0118864 -0.0107767 -0.0311024
vn -0.343551 -0.295146 -0.89155
v -0.0120687 -0.00826183 -0.0317754
vn -0.346839 -0.230801 -0.909084
v -0.00840558 -0.00781125 -0.033015
vn -0.234409 -0.218159 -0.947343
v -0.00830592 -0.0102123 -0.0323972
vn -0.232292 -0.281101 -0.93114
v -0.0118864 -0.0107767 -0.0311024
vn -0.343551 -0.295146 -0.89155
v -0.0122426 -0.00386558 -0.0325178
vn -0.350836 -0.104914 -0.930541
v -0.0164511 -0.00635349 -0.0302319
vn -0.46402 -0.181842 -0.866959
v -0.0165672 -0.00418953 -0.0305351
vn -0.469181 -0.115332 -0.875538
v -0.0122426 -0.00386558 -0.0325178
vn -0.350836 -0.104914 -0.930541
v -0.012199 -0.00572624 -0.0322661
vn -0.349463 -0.165156 -0.922279
v -0.0164511 -0.00635349 -0.0302319
vn -0.46402 -0.181842 -0.866959
v -0.0122672 -0.00155023 -0.0326958
vn -0.350777 -0.0491176 -0.93517
v -0.0165672 -0.00418953 -0.0305351
vn -0.469181 -0.115332 -0.875538
v -0.0166411 -0.00174952 -0.0307272
vn -0.471616 -0.0539364 -0.880153
v -0.0122672 -0.00155023 -0.0326958
vn -0.350777 -0.0491176 -0.93517
v -0.0122426 -0.00386558 -0.0325178
vn -0.350836 -0.104914 -0.930541
v -0.0165672 -0.00418953 -0.0305351
vn -0.469181 -0.115332 -0.875538
v -0.012199 -0.00572624 -0.0322661
vn -0.349463 -0.165156 -0.922279
v -0.0162435 -0.00910748 -0.0296523
vn -0.457245 -0.254279 -0.852214
v -0.0164511 -0.00635349 -0.0302319
vn -0.46402 -0.181842 -0.866959
v -0.012199 -0.00572624 -0.0322661
vn -0.349463 -0.165156 -0.922279
v -0.0120687 -0.00826183 -0.0317754
vn -0.346839 -0.230801 -0.909084
v -0.0162435 -0.00910748 -0.0296523
vn -0.457245 -0.254279 -0.852214
v -0.0120687 -0.00826183 -0.0317754
vn -0.346839 -0.230801 -0.909084
v -0.0159441 -0.0117263 -0.0289078
vn -0.454491 -0.324151 -0.829677
v -0.0162435 -0.00910748 -0.0296523
vn -0.457245 -0.254279 -0.852214
v -0.0120687 -0.00826183 -0.0317754
vn -0.346839 -0.230801 -0.909084
v -0.0118864 -0.0107767 -0.0311024
vn -0.343551 -0.295146 -0.89155
v -0.0159441 -0.0117263 -0.0289078
vn -0.454491 -0.324151 -0.829677
v -0.0164511 -0.00635349 -0.0302319
vn -0.46402 -0.181842 -0.866959
v -0.0207886 -0.00449605 -0.0278135
vn -0.594776 -0.125084 -0.794101
v -0.0165672 -0.00418953 -0.0305351
vn -0.469181 -0.115332 -0.875538
v -0.0164511 -0.00635349 -0.0302319
vn -0.46402 -0.181842 -0.866959
v -0.020601 -0.00709319 -0.0274231
vn -0.588935 -0.199609 -0.783142
v -0.0207886 -0.00449605 -0.0278135
vn -0.594776 -0.125084 -0.794101
v -0.0162435 -0.00910748 -0.0296523
vn -0.457245 -0.254279 -0.852214
v -0.020601 -0.00709319 -0.0274231
vn -0.588935 -0.199609 -0.783142
v -0.0164511 -0.00635349 -0.0302319
vn -0.46402 -0.181842 -0.866959
v -0.0162435 -0.00910748 -0.0296523
vn -0.457245 -0.254279 -0.852214
v -0.0202645 -0.0100949 -0.0267488
vn -0.579764 -0.279442 -0.765367
v -0.020601 -0.00709319 -0.0274231
vn -0.588935 -0.199609 -0.783142
v -0.0159441 -0.0117263 -0.0289078
vn -0.454491 -0.324151 -0.829677
v -0.0202645 -0.0100949 -0.0267488
vn -0.579764 -0.279442 -0.765367
v -0.0162435 -0.00910748 -0.0296523
vn -0.457245 -0.254279 -0.852214
v -0.0159441 -0.0117263 -0.0289078
vn -0.454491 -0.324151 -0.829677
v -0.0197887 -0.0128793 -0.0259304
vn -0.56193 -0.359069 -0.745188
v -0.0202645 -0.0100949 -0.0267488
vn -0.579764 -0.279442 -0.765367
v 3.1665e-08 -0.00508129 -0.0345428
vn -4.68835e-06 -0.14689 -0.989153
v -0.00433534 -0.00353062 -0.0344665
vn -0.121184 -0.0953338 -0.988042
v 3.1665e-08 -0.00346847 -0.0347377
vn 1.95692e-06 -0.0934746 -0.995622
v 3.1665e-08 -0.00508129 -0.0345428
vn -4.68835e-06 -0.14689 -0.989153
v -0.0043261 -0.00516921 -0.0342646
vn -0.121124 -0.149635 -0.981294
v -0.00433534 -0.00353062 -0.0344665
vn -0.121184 -0.0953338 -0.988042
v -0.0207886 -0.00449605 -0.0278135
vn -0.594776 -0.125084 -0.794101
v -0.0249794 -0.00229461 -0.0244175
vn -0.717101 -0.066389 -0.693801
v -0.0208795 -0.00194098 -0.0280338
vn -0.59752 -0.057609 -0.799782
v -0.0207886 -0.00449605 -0.0278135
vn -0.594776 -0.125084 -0.794101
v -0.0248157 -0.00504906 -0.0241829
vn -0.712738 -0.139162 -0.687487
v -0.0249794 -0.00229461 -0.0244175
vn -0.717101 -0.066389 -0.693801
v -0.0275494 -0.00911731 -0.0195889
vn -0.799221 -0.250455 -0.546368
v -0.0308198 -0.00610419 -0.0150801
vn -0.897376 -0.165642 -0.408998
v -0.0280884 -0.0056616 -0.020063
vn -0.814748 -0.155013 -0.558709
v -0.0275494 -0.00911731 -0.0195889
vn -0.799221 -0.250455 -0.546368
v -0.0300374 -0.0101891 -0.0146204
vn -0.874443 -0.271084 -0.402321
v -0.0308198 -0.00610419 -0.0150801
vn -0.897376 -0.165642 -0.408998
v -0.020601 -0.00709319 -0.0274231
vn -0.588935 -0.199609 -0.783142
v -0.0248157 -0.00504906 -0.0241829
vn -0.712738 -0.139162 -0.687487
v -0.0207886 -0.00449605 -0.0278135
vn -0.594776 -0.125084 -0.794101
v -0.020601 -0.00709319 -0.0274231
vn -0.588935 -0.199609 -0.783142
v -0.0244854 -0.00805105 -0.0237281
vn -0.701551 -0.224234 -0.676421
v -0.0248157 -0.00504906 -0.0241829
vn -0.712738 -0.139162 -0.687487
v -0.0202645 -0.0100949 -0.0267488
vn -0.579764 -0.279442 -0.765367
v -0.0244854 -0.00805105 -0.0237281
vn -0.701551 -0.224234 -0.676421
v -0.020601 -0.00709319 -0.0274231
vn -0.588935 -0.199609 -0.783142
v -0.0202645 -0.0100949 -0.0267488
vn -0.579764 -0.279442 -0.765367
v -0.0238989 -0.0113966 -0.022986
vn -0.685663 -0.313693 -0.656858
v -0.0244854 -0.00805105 -0.0237281
vn -0.701551 -0.224234 -0.676421
v 3.1665e-08 3.65083e-09 -0.0349077
vn 5.64104e-06 1.98043e-05 -1
v -0.00432957 -0.00136447 -0.0346179
vn -0.120475 -0.044436 -0.991721
v -0.00433178 3.65083e-09 -0.0346444
vn -0.120558 7.7711e-06 -0.992706
v 3.1665e-08 3.65083e-09 -0.0349077
vn 5.64104e-06 1.98043e-05 -1
v 3.1665e-08 -0.00133671 -0.0348821
vn 6.2834e-07 -0.0435247 -0.999052
v -0.00432957 -0.00136447 -0.0346179
vn -0.120475 -0.044436 -0.991721
v 3.1665e-08 -0.00133671 -0.0348821
vn 6.2834e-07 -0.0435247 -0.999052
v -0.00433534 -0.00353062 -0.0344665
vn -0.121184 -0.0953338 -0.988042
v -0.00432957 -0.00136447 -0.0346179
vn -0.120475 -0.044436 -0.991721
v 3.1665e-08 -0.00133671 -0.0348821
vn 6.2834e-07 -0.0435247 -0.999052
v 3.1665e-08 -0.00346847 -0.0347377
vn 1.95692e-06 -0.0934746 -0.995622
v -0.00433534 -0.00353062 -0.0344665
vn -0.121184 -0.0953338 -0.988042
v 3.1665e-08 -0.00737114 -0.0341379
vn -8.86828e-06 -0.206339 -0.978481
v -0.0043261 -0.00516921 -0.0342646
vn -0.121124 -0.149635 -0.981294
v 3.1665e-08 -0.00508129 -0.0345428
vn -4.68835e-06 -0.14689 -0.989153
v 3.1665e-08 -0.00737114 -0.0341379
vn -8.86828e-06 -0.206339 -0.978481
v -0.00430902 -0.00749068 -0.0338458
vn -0.121226 -0.209506 -0.970263
v -0.0043261 -0.00516921 -0.0342646
vn -0.121124 -0.149635 -0.981294
v 3.1665e-08 -0.00971284 -0.0335621
vn -0.000486458 -0.270344 -0.962764
v -0.00430902 -0.00749068 -0.0338458
vn -0.121226 -0.209506 -0.970263
v 3.1665e-08 -0.00737114 -0.0341379
vn -8.86828e-06 -0.206339 -0.978481
v 3.1665e-08 -0.00971284 -0.0335621
vn -0.000486458 -0.270344 -0.962764
v -0.00426269 -0.00985147 -0.0332578
vn -0.118854 -0.273376 -0.954536
v -0.00430902 -0.00749068 -0.0338458
vn -0.121226 -0.209506 -0.970263
v -0.0197887 -0.0128793 -0.0259304
vn -0.56193 -0.359069 -0.745188
v -0.0238989 -0.0113966 -0.022986
vn -0.685663 -0.313693 -0.656858
v -0.0202645 -0.0100949 -0.0267488
vn -0.579764 -0.279442 -0.765367
v -0.0197887 -0.0128793 -0.0259304
vn -0.56193 -0.359069 -0.745188
v -0.023062 -0.0144153 -0.0221826
vn -0.661716 -0.39815 -0.635302
v -0.0238989 -0.0113966 -0.022986
vn -0.685663 -0.313693 -0.656858
v -0.0209082 7.37612e-09 -0.0280788
vn -0.598991 -2.97965e-05 -0.800756
v -0.0249794 -0.00229461 -0.0244175
vn -0.717101 -0.066389 -0.693801
v -0.0250266 7.37612e-09 -0.0244734
vn -0.717942 4.56254e-06 -0.696103
v -0.0209082 7.37612e-09 -0.0280788
vn -0.598991 -2.97965e-05 -0.800756
v -0.0208795 -0.00194098 -0.0280338
vn -0.59752 -0.057609 -0.799782
v -0.0249794 -0.00229461 -0.0244175
vn -0.717101 -0.066389 -0.693801
v -0.0166648 3.65083e-09 -0.0307637
vn -0.473299 -1.0648e-05 -0.880902
v -0.0208795 -0.00194098 -0.0280338
vn -0.59752 -0.057609 -0.799782
v -0.0209082 7.37612e-09 -0.0280788
vn -0.598991 -2.97965e-05 -0.800756
v -0.0166648 3.65083e-09 -0.0307637
vn -0.473299 -1.0648e-05 -0.880902
v -0.0166411 -0.00174952 -0.0307272
vn -0.471616 -0.0539364 -0.880153
v -0.0208795 -0.00194098 -0.0280338
vn -0.59752 -0.057609 -0.799782
v -0.017313 -0.0196656 -0.0237971
vn -0.429834 -0.644465 -0.632383
v -0.0209798 -0.0197719 -0.0206162
vn -0.62231 -0.519432 -0.585594
v -0.0180251 -0.0184441 -0.0244115
vn -0.541768 -0.477627 -0.691635
v -0.017313 -0.0196656 -0.0237971
vn -0.429834 -0.644465 -0.632383
v -0.0200363 -0.0210193 -0.0201311
vn -0.475251 -0.693206 -0.54185
v -0.0209798 -0.0197719 -0.0206162
vn -0.62231 -0.519432 -0.585594
v -0.0122779 7.37612e-09 -0.0327278
vn -0.351321 1.49782e-05 -0.936255
v -0.0166411 -0.00174952 -0.0307272
vn -0.471616 -0.0539364 -0.880153
v -0.0166648 3.65083e-09 -0.0307637
vn -0.473299 -1.0648e-05 -0.880902
v -0.0122779 7.37612e-09 -0.0327278
vn -0.351321 1.49782e-05 -0.936255
v -0.0122672 -0.00155023 -0.0326958
vn -0.350777 -0.0491176 -0.93517
v -0.0166411 -0.00174952 -0.0307272
vn -0.471616 -0.0539364 -0.880153
v -0.00848655 7.37612e-09 -0.033885
vn -0.236425 2.56221e-05 -0.97165
v -0.0122672 -0.00155023 -0.0326958
vn -0.350777 -0.0491176 -0.93517
v -0.0122779 7.37612e-09 -0.0327278
vn -0.351321 1.49782e-05 -0.936255
v -0.00848655 7.37612e-09 -0.033885
vn -0.236425 2.56221e-05 -0.97165
v -0.00848111 -0.00143996 -0.0338561
vn -0.236017 -0.0465606 -0.970633
v -0.0122672 -0.00155023 -0.0326958
vn -0.350777 -0.0491176 -0.93517
v -0.00433178 3.65083e-09 -0.0346444
vn -0.120558 7.7711e-06 -0.992706
v -0.00848111 -0.00143996 -0.0338561
vn -0.236017 -0.0465606 -0.970633
v -0.00848655 7.37612e-09 -0.033885
vn -0.236425 2.56221e-05 -0.97165
v -0.00433178 3.65083e-09 -0.0346444
vn -0.120558 7.7711e-06 -0.992706
v -0.00432957 -0.00136447 -0.0346179
vn -0.120475 -0.044436 -0.991721
v -0.00848111 -0.00143996 -0.0338561
vn -0.236017 -0.0465606 -0.970633
v -0.0238989 -0.0113966 -0.022986
vn -0.685663 -0.313693 -0.656858
v -0.0275494 -0.00911731 -0.0195889
vn -0.799221 -0.250455 -0.546368
v -0.0244854 -0.00805105 -0.0237281
vn -0.701551 -0.224234 -0.676421
v -0.0238989 -0.0113966 -0.022986
vn -0.685663 -0.313693 -0.656858
v -0.0266094 -0.0128662 -0.0188505
vn -0.772344 -0.351617 -0.529009
v -0.0275494 -0.00911731 -0.0195889
vn -0.799221 -0.250455 -0.546368
v -0.023062 -0.0144153 -0.0221826
vn -0.661716 -0.39815 -0.635302
v -0.0266094 -0.0128662 -0.0188505
vn -0.772344 -0.351617 -0.529009
v -0.0238989 -0.0113966 -0.022986
vn -0.685663 -0.313693 -0.656858
v -0.023062 -0.0144153 -0.0221826
vn -0.661716 -0.39815 -0.635302
v -0.0254922 -0.0159865 -0.0180637
vn -0.738495 -0.444161 -0.507294
v -0.0266094 -0.0128662 -0.0188505
vn -0.772344 -0.351617 -0.529009
v -0.0289167 -0.0192296 -0.00475145
vn -0.848867 -0.513925 -0.12372
v -0.0308733 -0.0162946 0.000407747
vn -0.906778 -0.421379 0.013888
v -0.0307051 -0.0158188 -0.00513898
vn -0.902146 -0.411409 -0.129908
v -0.0289167 -0.0192296 -0.00475145
vn -0.848867 -0.513925 -0.12372
v -0.0290196 -0.0196577 0.000425128
vn -0.838275 -0.545094 0.0129564
v -0.0308733 -0.0162946 0.000407747
vn -0.906778 -0.421379 0.013888
v -0.0280884 -0.0056616 -0.020063
vn -0.814748 -0.155013 -0.558709
v -0.0311423 -0.0029325 -0.0152818
vn -0.90771 -0.0772434 -0.412427
v -0.028345 -0.00259848 -0.0203016
vn -0.822102 -0.073549 -0.564569
v -0.0280884 -0.0056616 -0.020063
vn -0.814748 -0.155013 -0.558709
v -0.0308198 -0.00610419 -0.0150801
vn -0.897376 -0.165642 -0.408998
v -0.0311423 -0.0029325 -0.0152818
vn -0.90771 -0.0772434 -0.412427
v -0.0266094 -0.0128662 -0.0188505
vn -0.772344 -0.351617 -0.529009
v -0.0300374 -0.0101891 -0.0146204
vn -0.874443 -0.271084 -0.402321
v -0.0275494 -0.00911731 -0.0195889
vn -0.799221 -0.250455 -0.546368
v -0.0266094 -0.0128662 -0.0188505
vn -0.772344 -0.351617 -0.529009
v -0.0288082 -0.014233 -0.0139018
vn -0.837565 -0.381955 -0.390634
v -0.0300374 -0.0101891 -0.0146204
vn -0.874443 -0.271084 -0.402321
v -0.0254922 -0.0159865 -0.0180637
vn -0.738495 -0.444161 -0.507294
v -0.0288082 -0.014233 -0.0139018
vn -0.837565 -0.381955 -0.390634
v -0.0266094 -0.0128662 -0.0188505
vn -0.772344 -0.351617 -0.529009
v -0.0254922 -0.0159865 -0.0180637
vn -0.738495 -0.444161 -0.507294
v -0.0274167 -0.0175517 -0.0130961
vn -0.791822 -0.48085 -0.376565
v -0.0288082 -0.014233 -0.0139018
vn -0.837565 -0.381955 -0.390634
v -0.0300374 -0.0101891 -0.0146204
vn -0.874443 -0.271084 -0.402321
v -0.032462 -0.00632545 -0.0103888
vn -0.949543 -0.166307 -0.265915
v -0.0308198 -0.00610419 -0.0150801
vn -0.897376 -0.165642 -0.408998
v -0.0300374 -0.0101891 -0.0146204
vn -0.874443 -0.271084 -0.402321
v -0.0315012 -0.0109148 -0.0100216
vn -0.922932 -0.279673 -0.264537
v -0.032462 -0.00632545 -0.0103888
vn -0.949543 -0.166307 -0.265915
v -0.0308198 -0.00610419 -0.0150801
vn -0.897376 -0.165642 -0.408998
v -0.0328073 -0.0031784 -0.0105263
vn -0.960891 -0.0774999 -0.265861
v -0.0311423 -0.0029325 -0.0152818
vn -0.90771 -0.0772434 -0.412427
v -0.0308198 -0.00610419 -0.0150801
vn -0.897376 -0.165642 -0.408998
v -0.032462 -0.00632545 -0.0103888
vn -0.949543 -0.166307 -0.265915
v -0.0328073 -0.0031784 -0.0105263
vn -0.960891 -0.0774999 -0.265861
v -0.0288082 -0.014233 -0.0139018
vn -0.837565 -0.381955 -0.390634
v -0.0315012 -0.0109148 -0.0100216
vn -0.922932 -0.279673 -0.264537
v -0.0300374 -0.0101891 -0.0146204
vn -0.874443 -0.271084 -0.402321
v -0.0288082 -0.014233 -0.0139018
vn -0.837565 -0.381955 -0.390634
v -0.0300401 -0.0151768 -0.00945842
vn -0.879343 -0.40015 -0.258139
v -0.0315012 -0.0109148 -0.0100216
vn -0.922932 -0.279673 -0.264537
v -0.0274167 -0.0175517 -0.0130961
vn -0.791822 -0.48085 -0.376565
v -0.0300401 -0.0151768 -0.00945842
vn -0.879343 -0.40015 -0.258139
v -0.0288082 -0.014233 -0.0139018
vn -0.837565 -0.381955 -0.390634
v -0.0274167 -0.0175517 -0.0130961
vn -0.791822 -0.48085 -0.376565
v -0.0283981 -0.0185744 -0.00882296
vn -0.827739 -0.502217 -0.250252
v -0.0300401 -0.0151768 -0.00945842
vn -0.879343 -0.40015 -0.258139
v -0.0244854 -0.00805105 -0.0237281
vn -0.701551 -0.224234 -0.676421
v -0.0280884 -0.0056616 -0.020063
vn -0.814748 -0.155013 -0.558709
v -0.0248157 -0.00504906 -0.0241829
vn -0.712738 -0.139162 -0.687487
v -0.0244854 -0.00805105 -0.0237281
vn -0.701551 -0.224234 -0.676421
v -0.0275494 -0.00911731 -0.0195889
vn -0.799221 -0.250455 -0.546368
v -0.0280884 -0.0056616 -0.020063
vn -0.814748 -0.155013 -0.558709
v -0.0333868 -0.00658601 -0.00567799
vn -0.977283 -0.166989 -0.130507
v -0.0341244 -0.00348759 0.000478012
vn -0.996804 -0.0780366 0.0171152
v -0.033757 -0.0033459 -0.00574815
vn -0.988647 -0.0768367 -0.129128
v -0.0333868 -0.00658601 -0.00567799
vn -0.977283 -0.166989 -0.130507
v -0.0337293 -0.00684231 0.00046564
vn -0.985343 -0.169792 0.0164161
v -0.0341244 -0.00348759 0.000478012
vn -0.996804 -0.0780366 0.0171152
v -0.0210233 -0.0115078 0.0260954
vn -0.628639 -0.299599 0.717672
v -0.0189524 -0.0069277 0.0289425
vn -0.457511 -0.232058 0.85839
v -0.0203327 -0.00679528 0.028209
vn -0.620356 -0.189822 0.761003
v -0.0210233 -0.0115078 0.0260954
vn -0.628639 -0.299599 0.717672
v -0.0197075 -0.0119209 0.026792
vn -0.470084 -0.367998 0.802246
v -0.0189524 -0.0069277 0.0289425
vn -0.457511 -0.232058 0.85839
v -0.0323152 -0.0114404 -0.00546813
vn -0.949489 -0.284887 -0.131571
v -0.0337293 -0.00684231 0.00046564
vn -0.985343 -0.169792 0.0164161
v -0.0333868 -0.00658601 -0.00567799
vn -0.977283 -0.166989 -0.130507
v -0.0323152 -0.0114404 -0.00546813
vn -0.949489 -0.284887 -0.131571
v -0.0325788 -0.0118667 0.000433607
vn -0.956341 -0.291856 0.0152247
v -0.0337293 -0.00684231 0.00046564
vn -0.985343 -0.169792 0.0164161
v -0.0307051 -0.0158188 -0.00513898
vn -0.902146 -0.411409 -0.129908
v -0.0325788 -0.0118667 0.000433607
vn -0.956341 -0.291856 0.0152247
v -0.0323152 -0.0114404 -0.00546813
vn -0.949489 -0.284887 -0.131571
v -0.0307051 -0.0158188 -0.00513898
vn -0.902146 -0.411409 -0.129908
v -0.0308733 -0.0162946 0.000407747
vn -0.906778 -0.421379 0.013888
v -0.0325788 -0.0118667 0.000433607
vn -0.956341 -0.291856 0.0152247
v -0.0229955 -0.0219963 0.0155376
vn -0.604132 -0.66418 0.44033
v -0.0230981 -0.0192133 0.0190573
vn -0.663119 -0.521392 0.537051
v -0.0239972 -0.0213603 0.0151736
vn -0.67346 -0.607357 0.42139
v -0.0229955 -0.0219963 0.0155376
vn -0.604132 -0.66418 0.44033
v -0.0219788 -0.0198058 0.019581
vn -0.520858 -0.620141 0.586628
v -0.0230981 -0.0192133 0.0190573
vn -0.663119 -0.521392 0.537051
v -0.033883 7.37612e-09 -0.00577173
vn -0.99171 -2.5541e-05 -0.128497
v -0.0341244 -0.00348759 0.000478012
vn -0.996804 -0.0780366 0.0171152
v -0.0342589 -7.45803e-08 0.000481619
vn -0.999856 -4.42178e-05 0.0169634
v -0.033883 7.37612e-09 -0.00577173
vn -0.99171 -2.5541e-05 -0.128497
v -0.033757 -0.0033459 -0.00574815
vn -0.988647 -0.0768367 -0.129128
v -0.0341244 -0.00348759 0.000478012
vn -0.996804 -0.0780366 0.0171152
v -0.0312375 3.65083e-09 -0.0153437
vn -0.910643 -2.07608e-05 -0.413195
v -0.0328073 -0.0031784 -0.0105263
vn -0.960891 -0.0774999 -0.265861
v -0.0329221 2.01091e-07 -0.0105705
vn -0.964145 -2.03821e-05 -0.265378
v -0.0312375 3.65083e-09 -0.0153437
vn -0.910643 -2.07608e-05 -0.413195
v -0.0311423 -0.0029325 -0.0152818
vn -0.90771 -0.0772434 -0.412427
v -0.0328073 -0.0031784 -0.0105263
vn -0.960891 -0.0774999 -0.265861
v -0.0284115 7.37612e-09 -0.0203674
vn -0.824997 -2.30439e-06 -0.565138
v -0.0311423 -0.0029325 -0.0152818
vn -0.90771 -0.0772434 -0.412427
v -0.0312375 3.65083e-09 -0.0153437
vn -0.910643 -2.07608e-05 -0.413195
v -0.0284115 7.37612e-09 -0.0203674
vn -0.824997 -2.30439e-06 -0.565138
v -0.028345 -0.00259848 -0.0203016
vn -0.822102 -0.073549 -0.564569
v -0.0311423 -0.0029325 -0.0152818
vn -0.90771 -0.0772434 -0.412427
v -0.028345 -0.00259848 -0.0203016
vn -0.822102 -0.073549 -0.564569
v -0.0250266 7.37612e-09 -0.0244734
vn -0.717942 4.56254e-06 -0.696103
v -0.0249794 -0.00229461 -0.0244175
vn -0.717101 -0.066389 -0.693801
v -0.028345 -0.00259848 -0.0203016
vn -0.822102 -0.073549 -0.564569
v -0.0284115 7.37612e-09 -0.0203674
vn -0.824997 -2.30439e-06 -0.565138
v -0.0250266 7.37612e-09 -0.0244734
vn -0.717942 4.56254e-06 -0.696103
v -0.0248665 -0.0230537 0.0106833
vn -0.685358 -0.665026 0.29669
v -0.0229955 -0.0219963 0.0155376
vn -0.604132 -0.66418 0.44033
v -0.0239972 -0.0213603 0.0151736
vn -0.67346 -0.607357 0.42139
v -0.0248665 -0.0230537 0.0106833
vn -0.685358 -0.665026 0.29669
v -0.0238365 -0.0237436 0.0109822
vn -0.644444 -0.701031 0.305365
v -0.0229955 -0.0219963 0.0155376
vn -0.604132 -0.66418 0.44033
v -0.0254415 -0.0238988 0.00621193
vn -0.690925 -0.70478 0.160956
v -0.0238365 -0.0237436 0.0109822
vn -0.644444 -0.701031 0.305365
v -0.0248665 -0.0230537 0.0106833
vn -0.685358 -0.665026 0.29669
v -0.0254415 -0.0238988 0.00621193
vn -0.690925 -0.70478 0.160956
v -0.024471 -0.0246495 0.00645854
vn -0.665358 -0.728857 0.161453
v -0.0238365 -0.0237436 0.0109822
vn -0.644444 -0.701031 0.305365
v -0.025712 -0.0243529 0.00105961
vn -0.700212 -0.713206 0.0322646
v -0.024471 -0.0246495 0.00645854
vn -0.665358 -0.728857 0.161453
v -0.0254415 -0.0238988 0.00621193
vn -0.690925 -0.70478 0.160956
v -0.025712 -0.0243529 0.00105961
vn -0.700212 -0.713206 0.0322646
v -0.0247984 -0.0250512 0.00137073
vn -0.608786 -0.792268 0.0411204
v -0.024471 -0.0246495 0.00645854
vn -0.665358 -0.728857 0.161453
v -0.0247051 -0.0249716 -0.00354372
vn -0.61041 -0.787844 -0.081864
v -0.025712 -0.0243529 0.00105961
vn -0.700212 -0.713206 0.0322646
v -0.025623 -0.0241572 -0.0040817
vn -0.713594 -0.692888 -0.103398
v -0.0247051 -0.0249716 -0.00354372
vn -0.61041 -0.787844 -0.081864
v -0.0247984 -0.0250512 0.00137073
vn -0.608786 -0.792268 0.0411204
v -0.025712 -0.0243529 0.00105961
vn -0.700212 -0.713206 0.0322646
v -0.0232287 -0.0242668 0.0112283
vn -0.736343 -0.60548 0.301982
v -0.0229955 -0.0219963 0.0155376
vn -0.604132 -0.66418 0.44033
v -0.0238365 -0.0237436 0.0109822
vn -0.644444 -0.701031 0.305365
v -0.0232287 -0.0242668 0.0112283
vn -0.736343 -0.60548 0.301982
v -0.0222489 -0.0225089 0.015819
vn -0.69543 -0.571425 0.435719
v -0.0229955 -0.0219963 0.0155376
vn -0.604132 -0.66418 0.44033
v -0.0238646 -0.0252104 0.00670864
vn -0.761233 -0.627313 0.164322
v -0.0238365 -0.0237436 0.0109822
vn -0.644444 -0.701031 0.305365
v -0.024471 -0.0246495 0.00645854
vn -0.665358 -0.728857 0.161453
v -0.0238646 -0.0252104 0.00670864
vn -0.761233 -0.627313 0.164322
v -0.0232287 -0.0242668 0.0112283
vn -0.736343 -0.60548 0.301982
v -0.0238365 -0.0237436 0.0109822
vn -0.644444 -0.701031 0.305365
v -0.0240934 -0.0255754 0.00149966
vn -0.760224 -0.649052 0.028128
v -0.024471 -0.0246495 0.00645854
vn -0.665358 -0.728857 0.161453
v -0.0247984 -0.0250512 0.00137073
vn -0.608786 -0.792268 0.0411204
v -0.0240934 -0.0255754 0.00149966
vn -0.760224 -0.649052 0.028128
v -0.0238646 -0.0252104 0.00670864
vn -0.761233 -0.627313 0.164322
v -0.024471 -0.0246495 0.00645854
vn -0.665358 -0.728857 0.161453
v -0.0191999 -0.0223776 -0.0194791
vn -0.672544 -0.477631 -0.565291
v -0.020691 -0.0247001 -0.0152696
vn -0.550431 -0.725064 -0.413894
v -0.0212318 -0.023855 -0.0156041
vn -0.773704 -0.448392 -0.447578
v -0.0191999 -0.0223776 -0.0194791
vn -0.672544 -0.477631 -0.565291
v -0.0187239 -0.0234298 -0.0190241
vn -0.52213 -0.662587 -0.53699
v -0.020691 -0.0247001 -0.0152696
vn -0.550431 -0.725064 -0.413894
v -0.0146181 -0.0174794 -0.0272775
vn -0.420663 -0.443858 -0.791222
v -0.017313 -0.0196656 -0.0237971
vn -0.429834 -0.644465 -0.632383
v -0.0180251 -0.0184441 -0.0244115
vn -0.541768 -0.477627 -0.691635
v -0.0146181 -0.0174794 -0.0272775
vn -0.420663 -0.443858 -0.791222
v -0.0140271 -0.0188324 -0.0265215
vn -0.326985 -0.629919 -0.704474
v -0.017313 -0.0196656 -0.0237971
vn -0.429834 -0.644465 -0.632383
v -0.0184678 -0.017293 -0.0246144
vn -0.589732 -0.371251 -0.717209
v -0.0221906 -0.0168286 -0.0213982
vn -0.654956 -0.44211 -0.612839
v -0.0191613 -0.0152437 -0.0251367
vn -0.564373 -0.387423 -0.728962
v -0.0184678 -0.017293 -0.0246144
vn -0.589732 -0.371251 -0.717209
v -0.0214532 -0.0187751 -0.0207611
vn -0.677798 -0.431372 -0.595405
v -0.0221906 -0.0168286 -0.0213982
vn -0.654956 -0.44211 -0.612839
v -0.0109196 -0.0165726 -0.029245
vn -0.32794 -0.395023 -0.858145
v -0.0140271 -0.0188324 -0.0265215
vn -0.326985 -0.629919 -0.704474
v -0.0146181 -0.0174794 -0.0272775
vn -0.420663 -0.443858 -0.791222
v -0.0109196 -0.0165726 -0.029245
vn -0.32794 -0.395023 -0.858145
v -0.0104755 -0.018095 -0.0285234
vn -0.255902 -0.608889 -0.750845
v -0.0140271 -0.0188324 -0.0265215
vn -0.326985 -0.629919 -0.704474
v -0.00759679 -0.0161526 -0.0305339
vn -0.21116 -0.370986 -0.904312
v -0.0104755 -0.018095 -0.0285234
vn -0.255902 -0.608889 -0.750845
v -0.0109196 -0.0165726 -0.029245
vn -0.32794 -0.395023 -0.858145
v -0.00759679 -0.0161526 -0.0305339
vn -0.21116 -0.370986 -0.904312
v -0.00729046 -0.017744 -0.0297405
vn -0.170474 -0.600399 -0.781319
v -0.0104755 -0.018095 -0.0285234
vn -0.255902 -0.608889 -0.750845
v -0.00389003 -0.0157694 -0.0312125
vn -0.115348 -0.35806 -0.926546
v -0.00729046 -0.017744 -0.0297405
vn -0.170474 -0.600399 -0.781319
v -0.00759679 -0.0161526 -0.0305339
vn -0.21116 -0.370986 -0.904312
v -0.00389003 -0.0157694 -0.0312125
vn -0.115348 -0.35806 -0.926546
v -0.00373034 -0.0174485 -0.030469
vn -0.0932265 -0.549838 -0.830053
v -0.00729046 -0.017744 -0.0297405
vn -0.170474 -0.600399 -0.781319
v -0.013574 -0.019632 -0.0258768
vn -0.374005 -0.540554 -0.753605
v -0.017313 -0.0196656 -0.0237971
vn -0.429834 -0.644465 -0.632383
v -0.0140271 -0.0188324 -0.0265215
vn -0.326985 -0.629919 -0.704474
v -0.013574 -0.019632 -0.0258768
vn -0.374005 -0.540554 -0.753605
v -0.0168437 -0.0204248 -0.023231
vn -0.513224 -0.531628 -0.673775
v -0.017313 -0.0196656 -0.0237971
vn -0.429834 -0.644465 -0.632383
v -0.0033255 -0.0217536 -0.0275357
vn -0.0608843 -0.6915 -0.719806
v 3.1665e-08 -0.0251362 -0.024452
vn -0.00165927 -0.73852 -0.674229
v -0.00340887 -0.0251431 -0.0242044
vn -0.0852443 -0.742465 -0.664439
v -0.0033255 -0.0217536 -0.0275357
vn -0.0608843 -0.6915 -0.719806
v 3.1665e-08 -0.0214552 -0.0278008
vn 0.0014149 -0.685158 -0.728393
v 3.1665e-08 -0.0251362 -0.024452
vn -0.00165927 -0.73852 -0.674229
v -0.0100955 -0.0189003 -0.0277294
vn -0.27084 -0.555073 -0.786473
v -0.0140271 -0.0188324 -0.0265215
vn -0.326985 -0.629919 -0.704474
v -0.0104755 -0.018095 -0.0285234
vn -0.255902 -0.608889 -0.750845
v -0.0100955 -0.0189003 -0.0277294
vn -0.27084 -0.555073 -0.786473
v -0.013574 -0.019632 -0.0258768
vn -0.374005 -0.540554 -0.753605
v -0.0140271 -0.0188324 -0.0265215
vn -0.326985 -0.629919 -0.704474
v -0.00705307 -0.0185791 -0.0288532
vn -0.204323 -0.535139 -0.819681
v -0.0104755 -0.018095 -0.0285234
vn -0.255902 -0.608889 -0.750845
v -0.00729046 -0.017744 -0.0297405
vn -0.170474 -0.600399 -0.781319
v -0.00705307 -0.0185791 -0.0288532
vn -0.204323 -0.535139 -0.819681
v -0.0100955 -0.0189003 -0.0277294
vn -0.27084 -0.555073 -0.786473
v -0.0104755 -0.018095 -0.0285234
vn -0.255902 -0.608889 -0.750845
v -0.00360883 -0.0183625 -0.0296492
vn -0.0912297 -0.509681 -0.855513
v -0.00729046 -0.017744 -0.0297405
vn -0.170474 -0.600399 -0.781319
v -0.00373034 -0.0174485 -0.030469
vn -0.0932265 -0.549838 -0.830053
v -0.00360883 -0.0183625 -0.0296492
vn -0.0912297 -0.509681 -0.855513
v -0.00705307 -0.0185791 -0.0288532
vn -0.204323 -0.535139 -0.819681
v -0.00729046 -0.017744 -0.0297405
vn -0.170474 -0.600399 -0.781319
v 3.1665e-08 -0.015741 -0.0316164
vn -0.0110304 -0.327312 -0.944852
v -0.00373034 -0.0174485 -0.030469
vn -0.0932265 -0.549838 -0.830053
v -0.00389003 -0.0157694 -0.0312125
vn -0.115348 -0.35806 -0.926546
v 3.1665e-08 -0.015741 -0.0316164
vn -0.0110304 -0.327312 -0.944852
v 3.1665e-08 -0.0174112 -0.0308653
vn -0.00225495 -0.599498 -0.800373
v -0.00373034 -0.0174485 -0.030469
vn -0.0932265 -0.549838 -0.830053
v 3.1665e-08 -0.0182398 -0.0298554
vn -0.000555202 -0.538094 -0.842885
v -0.00373034 -0.0174485 -0.030469
vn -0.0932265 -0.549838 -0.830053
v 3.1665e-08 -0.0174112 -0.0308653
vn -0.00225495 -0.599498 -0.800373
v 3.1665e-08 -0.0182398 -0.0298554
vn -0.000555202 -0.538094 -0.842885
v -0.00360883 -0.0183625 -0.0296492
vn -0.0912297 -0.509681 -0.855513
v -0.00373034 -0.0174485 -0.030469
vn -0.0932265 -0.549838 -0.830053
v -0.0203327 -0.00679528 0.028209
vn -0.620356 -0.189822 0.761003
v -0.018701 -0.00353678 0.0297171
vn -0.467916 -0.0930233 0.878864
v -0.0200991 -0.00347303 0.028969
vn -0.615163 -0.0771638 0.784615
v -0.0203327 -0.00679528 0.028209
vn -0.620356 -0.189822 0.761003
v -0.0189524 -0.0069277 0.0289425
vn -0.457511 -0.232058 0.85839
v -0.018701 -0.00353678 0.0297171
vn -0.467916 -0.0930233 0.878864
v -0.0219515 -0.0157195 0.0230242
vn -0.654664 -0.403776 0.639047
v -0.0197075 -0.0119209 0.026792
vn -0.470084 -0.367998 0.802246
v -0.0210233 -0.0115078 0.0260954
vn -0.628639 -0.299599 0.717672
v -0.0219515 -0.0157195 0.0230242
vn -0.654664 -0.403776 0.639047
v -0.020808 -0.0162058 0.0236476
vn -0.509567 -0.494523 0.704123
v -0.0197075 -0.0119209 0.026792
vn -0.470084 -0.367998 0.802246
v -0.0219788 -0.0198058 0.019581
vn -0.520858 -0.620141 0.586628
v -0.0219515 -0.0157195 0.0230242
vn -0.654664 -0.403776 0.639047
v -0.0230981 -0.0192133 0.0190573
vn -0.663119 -0.521392 0.537051
v -0.0219788 -0.0198058 0.019581
vn -0.520858 -0.620141 0.586628
v -0.020808 -0.0162058 0.0236476
vn -0.509567 -0.494523 0.704123
v -0.0219515 -0.0157195 0.0230242
vn -0.654664 -0.403776 0.639047
v -0.0235834 -0.0107744 0.0236257
vn -0.704803 -0.279562 0.651995
v -0.0212118 -0.00653232 0.0271971
vn -0.717394 -0.149912 0.680347
v -0.0232168 -0.00634963 0.025458
vn -0.682434 -0.183405 0.707564
v -0.0235834 -0.0107744 0.0236257
vn -0.704803 -0.279562 0.651995
v -0.0218669 -0.0111464 0.0252488
vn -0.721017 -0.245098 0.648121
v -0.0212118 -0.00653232 0.0271971
vn -0.717394 -0.149912 0.680347
v -0.0179156 -0.00710748 0.0294199
vn -0.521441 -0.220832 0.824216
v -0.018701 -0.00353678 0.0297171
vn -0.467916 -0.0930233 0.878864
v -0.0189524 -0.0069277 0.0289425
vn -0.457511 -0.232058 0.85839
v -0.0179156 -0.00710748 0.0294199
vn -0.521441 -0.220832 0.824216
v -0.0176575 -0.00364364 0.0302576
vn -0.55159 -0.0803071 0.83024
v -0.018701 -0.00353678 0.0297171
vn -0.467916 -0.0930233 0.878864
v -0.019864 -0.0165947 0.0239578
vn -0.553499 -0.471605 0.686461
v -0.0197075 -0.0119209 0.026792
vn -0.470084 -0.367998 0.802246
v -0.020808 -0.0162058 0.0236476
vn -0.509567 -0.494523 0.704123
v -0.019864 -0.0165947 0.0239578
vn -0.553499 -0.471605 0.686461
v -0.0187417 -0.0121259 0.0271865
vn -0.542171 -0.325461 0.774677
v -0.0197075 -0.0119209 0.026792
vn -0.470084 -0.367998 0.802246
v -0.0210759 -0.0202264 0.0198096
vn -0.571414 -0.573601 0.586915
v -0.020808 -0.0162058 0.0236476
vn -0.509567 -0.494523 0.704123
v -0.0219788 -0.0198058 0.019581
vn -0.520858 -0.620141 0.586628
v -0.0210759 -0.0202264 0.0198096
vn -0.571414 -0.573601 0.586915
v -0.019864 -0.0165947 0.0239578
vn -0.553499 -0.471605 0.686461
v -0.020808 -0.0162058 0.0236476
vn -0.509567 -0.494523 0.704123
v -0.0176575 -0.00364364 0.0302576
vn -0.55159 -0.0803071 0.83024
v -0.0185285 7.37612e-09 0.0298825
vn -0.469034 0.0128636 0.883087
v -0.018701 -0.00353678 0.0297171
vn -0.467916 -0.0930233 0.878864
v -0.0176575 -0.00364364 0.0302576
vn -0.55159 -0.0803071 0.83024
v -0.0174776 7.37612e-09 0.0304217
vn -0.524872 0.00259102 0.851177
v -0.0185285 7.37612e-09 0.0298825
vn -0.469034 0.0128636 0.883087
v -0.0200991 -0.00347303 0.028969
vn -0.615163 -0.0771638 0.784615
v -0.0185285 7.37612e-09 0.0298825
vn -0.469034 0.0128636 0.883087
v -0.0199469 7.37612e-09 0.0291283
vn -0.591397 0.0225828 0.806064
v -0.0200991 -0.00347303 0.028969
vn -0.615163 -0.0771638 0.784615
v -0.018701 -0.00353678 0.0297171
vn -0.467916 -0.0930233 0.878864
v -0.0185285 7.37612e-09 0.0298825
vn -0.469034 0.0128636 0.883087
v -0.0246183 -0.0227477 -0.0117806
vn -0.667314 -0.663893 -0.337548
v -0.0243364 -0.0245309 -0.00740803
vn -0.618572 -0.757182 -0.209868
v -0.025279 -0.023648 -0.00773716
vn -0.712869 -0.667401 -0.215391
v -0.0246183 -0.0227477 -0.0117806
vn -0.667314 -0.663893 -0.337548
v -0.0236118 -0.023715 -0.0113643
vn -0.578785 -0.744463 -0.33284
v -0.0243364 -0.0245309 -0.00740803
vn -0.618572 -0.757182 -0.209868
v -0.0231157 -0.0212905 -0.0165253
vn -0.667697 -0.582302 -0.463795
v -0.0236118 -0.023715 -0.0113643
vn -0.578785 -0.744463 -0.33284
v -0.0246183 -0.0227477 -0.0117806
vn -0.667314 -0.663893 -0.337548
v -0.0231157 -0.0212905 -0.0165253
vn -0.667697 -0.582302 -0.463795
v -0.0221428 -0.0223912 -0.0160587
vn -0.503824 -0.747336 -0.433187
v -0.0236118 -0.023715 -0.0113643
vn -0.578785 -0.744463 -0.33284
v -0.0200363 -0.0210193 -0.0201311
vn -0.475251 -0.693206 -0.54185
v -0.0231157 -0.0212905 -0.0165253
vn -0.667697 -0.582302 -0.463795
v -0.0209798 -0.0197719 -0.0206162
vn -0.62231 -0.519432 -0.585594
v -0.0200363 -0.0210193 -0.0201311
vn -0.475251 -0.693206 -0.54185
v -0.0221428 -0.0223912 -0.0160587
vn -0.503824 -0.747336 -0.433187
v -0.0231157 -0.0212905 -0.0165253
vn -0.667697 -0.582302 -0.463795
v -0.0262461 -0.0233061 -0.00427183
vn -0.814617 -0.571266 -0.100274
v -0.0272719 -0.0218375 0.00056008
vn -0.831789 -0.554942 0.0129077
v -0.027351 -0.021628 -0.00435893
vn -0.823145 -0.559162 -0.0988407
v -0.0262461 -0.0233061 -0.00427183
vn -0.814617 -0.571266 -0.100274
v -0.0263823 -0.0235384 0.000839747
vn -0.834674 -0.550342 0.0210557
v -0.0272719 -0.0218375 0.00056008
vn -0.831789 -0.554942 0.0129077
v -0.0230024 -0.0243092 -0.0111014
vn -0.682782 -0.648115 -0.337277
v -0.0243364 -0.0245309 -0.00740803
vn -0.618572 -0.757182 -0.209868
v -0.0236118 -0.023715 -0.0113643
vn -0.578785 -0.744463 -0.33284
v -0.0230024 -0.0243092 -0.0111014
vn -0.682782 -0.648115 -0.337277
v -0.02373 -0.025082 -0.00717305
vn -0.730133 -0.65357 -0.199379
v -0.0243364 -0.0245309 -0.00740803
vn -0.618572 -0.757182 -0.209868
v -0.0214789 -0.0229288 -0.0157031
vn -0.670246 -0.586118 -0.455232
v -0.0236118 -0.023715 -0.0113643
vn -0.578785 -0.744463 -0.33284
v -0.0221428 -0.0223912 -0.0160587
vn -0.503824 -0.747336 -0.433187
v -0.0214789 -0.0229288 -0.0157031
vn -0.670246 -0.586118 -0.455232
v -0.0230024 -0.0243092 -0.0111014
vn -0.682782 -0.648115 -0.337277
v -0.0236118 -0.023715 -0.0113643
vn -0.578785 -0.744463 -0.33284
v -0.0194851 -0.0215914 -0.0197198
vn -0.564241 -0.614074 -0.551856
v -0.0221428 -0.0223912 -0.0160587
vn -0.503824 -0.747336 -0.433187
v -0.0200363 -0.0210193 -0.0201311
vn -0.475251 -0.693206 -0.54185
v -0.0194851 -0.0215914 -0.0197198
vn -0.564241 -0.614074 -0.551856
v -0.0214789 -0.0229288 -0.0157031
vn -0.670246 -0.586118 -0.455232
v -0.0221428 -0.0223912 -0.0160587
vn -0.503824 -0.747336 -0.433187
v -0.0189998 -0.024352 0.0168924
vn -0.447784 -0.750904 0.48542
v -0.0173123 -0.0276522 0.0129659
vn -0.473557 -0.802367 0.363249
v -0.0161763 -0.0255649 0.0178747
vn -0.443355 -0.741842 0.503098
v -0.0189998 -0.024352 0.0168924
vn -0.447784 -0.750904 0.48542
v -0.0201845 -0.0261259 0.0121408
vn -0.465772 -0.815003 0.344711
v -0.0173123 -0.0276522 0.0129659
vn -0.473557 -0.802367 0.363249
v -0.0246183 -0.0227477 -0.0117806
vn -0.667314 -0.663893 -0.337548
v -0.0235593 -0.0203516 -0.0167632
vn -0.743424 -0.465294 -0.480439
v -0.0231157 -0.0212905 -0.0165253
vn -0.667697 -0.582302 -0.463795
v -0.0246183 -0.0227477 -0.0117806
vn -0.667314 -0.663893 -0.337548
v -0.0251935 -0.0218808 -0.012014
vn -0.781892 -0.524355 -0.33719
v -0.0235593 -0.0203516 -0.0167632
vn -0.743424 -0.465294 -0.480439
v -0.0274167 -0.0175517 -0.0130961
vn -0.791822 -0.48085 -0.376565
v -0.0269052 -0.0210605 -0.00825617
vn -0.808128 -0.539527 -0.236303
v -0.0283981 -0.0185744 -0.00882296
vn -0.827739 -0.502217 -0.250252
v -0.0274167 -0.0175517 -0.0130961
vn -0.791822 -0.48085 -0.376565
v -0.0260531 -0.0200952 -0.0124069
vn -0.794876 -0.49372 -0.352722
v -0.0269052 -0.0210605 -0.00825617
vn -0.808128 -0.539527 -0.236303
v -0.0254922 -0.0159865 -0.0180637
vn -0.738495 -0.444161 -0.507294
v -0.0260531 -0.0200952 -0.0124069
vn -0.794876 -0.49372 -0.352722
v -0.0274167 -0.0175517 -0.0130961
vn -0.791822 -0.48085 -0.376565
v -0.0254922 -0.0159865 -0.0180637
vn -0.738495 -0.444161 -0.507294
v -0.0243612 -0.018473 -0.0172842
vn -0.736137 -0.469092 -0.487908
v -0.0260531 -0.0200952 -0.0124069
vn -0.794876 -0.49372 -0.352722
v -0.0221906 -0.0168286 -0.0213982
vn -0.654956 -0.44211 -0.612839
v -0.0254922 -0.0159865 -0.0180637
vn -0.738495 -0.444161 -0.507294
v -0.023062 -0.0144153 -0.0221826
vn -0.661716 -0.39815 -0.635302
v -0.0221906 -0.0168286 -0.0213982
vn -0.654956 -0.44211 -0.612839
v -0.0243612 -0.018473 -0.0172842
vn -0.736137 -0.469092 -0.487908
v -0.0254922 -0.0159865 -0.0180637
vn -0.738495 -0.444161 -0.507294
v -0.0231157 -0.0212905 -0.0165253
vn -0.667697 -0.582302 -0.463795
v -0.0214532 -0.0187751 -0.0207611
vn -0.677798 -0.431372 -0.595405
v -0.0209798 -0.0197719 -0.0206162
vn -0.62231 -0.519432 -0.585594
v -0.0231157 -0.0212905 -0.0165253
vn -0.667697 -0.582302 -0.463795
v -0.0235593 -0.0203516 -0.0167632
vn -0.743424 -0.465294 -0.480439
v -0.0214532 -0.0187751 -0.0207611
vn -0.677798 -0.431372 -0.595405
v -0.0260531 -0.0200952 -0.0124069
vn -0.794876 -0.49372 -0.352722
v -0.0258721 -0.0227591 -0.00791277
vn -0.805705 -0.551695 -0.215573
v -0.0269052 -0.0210605 -0.00825617
vn -0.808128 -0.539527 -0.236303
v -0.0260531 -0.0200952 -0.0124069
vn -0.794876 -0.49372 -0.352722
v -0.0251935 -0.0218808 -0.012014
vn -0.781892 -0.524355 -0.33719
v -0.0258721 -0.0227591 -0.00791277
vn -0.805705 -0.551695 -0.215573
v -0.0243612 -0.018473 -0.0172842
vn -0.736137 -0.469092 -0.487908
v -0.0251935 -0.0218808 -0.012014
vn -0.781892 -0.524355 -0.33719
v -0.0260531 -0.0200952 -0.0124069
vn -0.794876 -0.49372 -0.352722
v -0.0243612 -0.018473 -0.0172842
vn -0.736137 -0.469092 -0.487908
v -0.0235593 -0.0203516 -0.0167632
vn -0.743424 -0.465294 -0.480439
v -0.0251935 -0.0218808 -0.012014
vn -0.781892 -0.524355 -0.33719
v -0.0214532 -0.0187751 -0.0207611
vn -0.677798 -0.431372 -0.595405
v -0.0243612 -0.018473 -0.0172842
vn -0.736137 -0.469092 -0.487908
v -0.0221906 -0.0168286 -0.0213982
vn -0.654956 -0.44211 -0.612839
v -0.0214532 -0.0187751 -0.0207611
vn -0.677798 -0.431372 -0.595405
v -0.0235593 -0.0203516 -0.0167632
vn -0.743424 -0.465294 -0.480439
v -0.0243612 -0.018473 -0.0172842
vn -0.736137 -0.469092 -0.487908
v -0.027351 -0.021628 -0.00435893
vn -0.823145 -0.559162 -0.0988407
v -0.0290196 -0.0196577 0.000425128
vn -0.838275 -0.545094 0.0129564
v -0.0289167 -0.0192296 -0.00475145
vn -0.848867 -0.513925 -0.12372
v -0.027351 -0.021628 -0.00435893
vn -0.823145 -0.559162 -0.0988407
v -0.0272719 -0.0218375 0.00056008
vn -0.831789 -0.554942 0.0129077
v -0.0290196 -0.0196577 0.000425128
vn -0.838275 -0.545094 0.0129564
v -0.025279 -0.023648 -0.00773716
vn -0.712869 -0.667401 -0.215391
v -0.0251935 -0.0218808 -0.012014
vn -0.781892 -0.524355 -0.33719
v -0.0246183 -0.0227477 -0.0117806
vn -0.667314 -0.663893 -0.337548
v -0.025279 -0.023648 -0.00773716
vn -0.712869 -0.667401 -0.215391
v -0.0258721 -0.0227591 -0.00791277
vn -0.805705 -0.551695 -0.215573
v -0.0251935 -0.0218808 -0.012014
vn -0.781892 -0.524355 -0.33719
v -0.025623 -0.0241572 -0.0040817
vn -0.713594 -0.692888 -0.103398
v -0.0263823 -0.0235384 0.000839747
vn -0.834674 -0.550342 0.0210557
v -0.0262461 -0.0233061 -0.00427183
vn -0.814617 -0.571266 -0.100274
v -0.025623 -0.0241572 -0.0040817
vn -0.713594 -0.692888 -0.103398
v -0.025712 -0.0243529 0.00105961
vn -0.700212 -0.713206 0.0322646
v -0.0263823 -0.0235384 0.000839747
vn -0.834674 -0.550342 0.0210557
v -0.024661 -0.0207395 0.0147427
vn -0.787459 -0.489656 0.37436
v -0.024838 -0.0176804 0.0175227
vn -0.761634 -0.437051 0.478436
v -0.025585 -0.019569 0.0141225
vn -0.785832 -0.50385 0.358613
v -0.024661 -0.0207395 0.0147427
vn -0.787459 -0.489656 0.37436
v -0.0237799 -0.0186689 0.0185183
vn -0.768055 -0.419957 0.483454
v -0.024838 -0.0176804 0.0175227
vn -0.761634 -0.437051 0.478436
v -0.0210233 -0.0115078 0.0260954
vn -0.628639 -0.299599 0.717672
v -0.022733 -0.0152849 0.0222718
vn -0.74444 -0.330862 0.579948
v -0.0219515 -0.0157195 0.0230242
vn -0.654664 -0.403776 0.639047
v -0.0210233 -0.0115078 0.0260954
vn -0.628639 -0.299599 0.717672
v -0.0218669 -0.0111464 0.0252488
vn -0.721017 -0.245098 0.648121
v -0.022733 -0.0152849 0.0222718
vn -0.74444 -0.330862 0.579948
v -0.0261891 -0.00334369 0.0229438
vn -0.761148 -0.0876903 0.642623
v -0.0232168 -0.00634963 0.025458
vn -0.682434 -0.183405 0.707564
v -0.0231002 -0.0032765 0.0261117
vn -0.681975 -0.0834398 0.7266
v -0.0261891 -0.00334369 0.0229438
vn -0.761148 -0.0876903 0.642623
v -0.0261341 -0.00648439 0.0223638
vn -0.756805 -0.187117 0.626286
v -0.0232168 -0.00634963 0.025458
vn -0.682434 -0.183405 0.707564
v -0.0259221 -0.0145609 0.0186889
vn -0.757485 -0.380084 0.530804
v -0.0235834 -0.0107744 0.0236257
vn -0.704803 -0.279562 0.651995
v -0.0260407 -0.0109108 0.0207829
vn -0.755722 -0.290944 0.586716
v -0.0259221 -0.0145609 0.0186889
vn -0.757485 -0.380084 0.530804
v -0.0240738 -0.0145602 0.0209572
vn -0.734147 -0.35276 0.580162
v -0.0235834 -0.0107744 0.0236257
vn -0.704803 -0.279562 0.651995
v -0.024838 -0.0176804 0.0175227
vn -0.761634 -0.437051 0.478436
v -0.0259221 -0.0145609 0.0186889
vn -0.757485 -0.380084 0.530804
v -0.0258554 -0.0169547 0.0167456
vn -0.774321 -0.43889 0.455854
v -0.024838 -0.0176804 0.0175227
vn -0.761634 -0.437051 0.478436
v -0.0240738 -0.0145602 0.0209572
vn -0.734147 -0.35276 0.580162
v -0.0259221 -0.0145609 0.0186889
vn -0.757485 -0.380084 0.530804
v -0.0219515 -0.0157195 0.0230242
vn -0.654664 -0.403776 0.639047
v -0.0237799 -0.0186689 0.0185183
vn -0.768055 -0.419957 0.483454
v -0.0230981 -0.0192133 0.0190573
vn -0.663119 -0.521392 0.537051
v -0.0219515 -0.0157195 0.0230242
vn -0.654664 -0.403776 0.639047
v -0.022733 -0.0152849 0.0222718
vn -0.74444 -0.330862 0.579948
v -0.0237799 -0.0186689 0.0185183
vn -0.768055 -0.419957 0.483454
v -0.0232168 -0.00634963 0.025458
vn -0.682434 -0.183405 0.707564
v -0.0210002 -0.00337755 0.027936
vn -0.710381 -0.0698018 0.700348
v -0.0231002 -0.0032765 0.0261117
vn -0.681975 -0.0834398 0.7266
v -0.0232168 -0.00634963 0.025458
vn -0.682434 -0.183405 0.707564
v -0.0212118 -0.00653232 0.0271971
vn -0.717394 -0.149912 0.680347
v -0.0210002 -0.00337755 0.027936
vn -0.710381 -0.0698018 0.700348
v -0.0240738 -0.0145602 0.0209572
vn -0.734147 -0.35276 0.580162
v -0.0218669 -0.0111464 0.0252488
vn -0.721017 -0.245098 0.648121
v -0.0235834 -0.0107744 0.0236257
vn -0.704803 -0.279562 0.651995
v -0.0240738 -0.0145602 0.0209572
vn -0.734147 -0.35276 0.580162
v -0.022733 -0.0152849 0.0222718
vn -0.74444 -0.330862 0.579948
v -0.0218669 -0.0111464 0.0252488
vn -0.721017 -0.245098 0.648121
v -0.0237799 -0.0186689 0.0185183
vn -0.768055 -0.419957 0.483454
v -0.0240738 -0.0145602 0.0209572
vn -0.734147 -0.35276 0.580162
v -0.024838 -0.0176804 0.0175227
vn -0.761634 -0.437051 0.478436
v -0.0237799 -0.0186689 0.0185183
vn -0.768055 -0.419957 0.483454
v -0.022733 -0.0152849 0.0222718
vn -0.74444 -0.330862 0.579948
v -0.0240738 -0.0145602 0.0209572
vn -0.734147 -0.35276 0.580162
v -0.0260407 -0.0109108 0.0207829
vn -0.755722 -0.290944 0.586716
v -0.0232168 -0.00634963 0.025458
vn -0.682434 -0.183405 0.707564
v -0.0261341 -0.00648439 0.0223638
vn -0.756805 -0.187117 0.626286
v -0.0260407 -0.0109108 0.0207829
vn -0.755722 -0.290944 0.586716
v -0.0235834 -0.0107744 0.0236257
vn -0.704803 -0.279562 0.651995
v -0.0232168 -0.00634963 0.025458
vn -0.682434 -0.183405 0.707564
v -0.0203327 -0.00679528 0.028209
vn -0.620356 -0.189822 0.761003
v -0.0218669 -0.0111464 0.0252488
vn -0.721017 -0.245098 0.648121
v -0.0210233 -0.0115078 0.0260954
vn -0.628639 -0.299599 0.717672
v -0.0203327 -0.00679528 0.028209
vn -0.620356 -0.189822 0.761003
v -0.0212118 -0.00653232 0.0271971
vn -0.717394 -0.149912 0.680347
v -0.0218669 -0.0111464 0.0252488
vn -0.721017 -0.245098 0.648121
v -0.00977562 -0.0141592 0.0305068
vn -0.275716 -0.397234 0.87532
v -0.00675303 -0.00839947 0.0332513
vn -0.192843 -0.24833 0.949286
v -0.00886652 -0.00831119 0.0327828
vn -0.248837 -0.248745 0.936059
v -0.00977562 -0.0141592 0.0305068
vn -0.275716 -0.397234 0.87532
v -0.0074642 -0.0143559 0.0310542
vn -0.214721 -0.400686 0.890699
v -0.00675303 -0.00839947 0.0332513
vn -0.192843 -0.24833 0.949286
v -0.0203327 -0.00679528 0.028209
vn -0.620356 -0.189822 0.761003
v -0.0210002 -0.00337755 0.027936
vn -0.710381 -0.0698018 0.700348
v -0.0212118 -0.00653232 0.0271971
vn -0.717394 -0.149912 0.680347
v -0.0203327 -0.00679528 0.028209
vn -0.620356 -0.189822 0.761003
v -0.0200991 -0.00347303 0.028969
vn -0.615163 -0.0771638 0.784615
v -0.0210002 -0.00337755 0.027936
vn -0.710381 -0.0698018 0.700348
v -0.0200991 -0.00347303 0.028969
vn -0.615163 -0.0771638 0.784615
v -0.0209142 7.37612e-09 0.0281535
vn -0.683049 0.0116209 0.73028
v -0.0210002 -0.00337755 0.027936
vn -0.710381 -0.0698018 0.700348
v -0.0200991 -0.00347303 0.028969
vn -0.615163 -0.0771638 0.784615
v -0.0199469 7.37612e-09 0.0291283
vn -0.591397 0.0225828 0.806064
v -0.0209142 7.37612e-09 0.0281535
vn -0.683049 0.0116209 0.73028
v 3.1665e-08 -0.0142069 -0.0319932
vn -0.0156074 -0.309382 -0.95081
v -0.00389003 -0.0157694 -0.0312125
vn -0.115348 -0.35806 -0.926546
v -0.00399527 -0.0143369 -0.0316789
vn -0.108455 -0.340802 -0.933859
v 3.1665e-08 -0.0142069 -0.0319932
vn -0.0156074 -0.309382 -0.95081
v 3.1665e-08 -0.015741 -0.0316164
vn -0.0110304 -0.327312 -0.944852
v -0.00389003 -0.0157694 -0.0312125
vn -0.115348 -0.35806 -0.926546
v -0.0231002 -0.0032765 0.0261117
vn -0.681975 -0.0834398 0.7266
v -0.0209142 7.37612e-09 0.0281535
vn -0.683049 0.0116209 0.73028
v -0.0230518 3.65083e-09 0.0263462
vn -0.677973 -7.52541e-06 0.735087
v -0.0231002 -0.0032765 0.0261117
vn -0.681975 -0.0834398 0.7266
v -0.0210002 -0.00337755 0.027936
vn -0.710381 -0.0698018 0.700348
v -0.0209142 7.37612e-09 0.0281535
vn -0.683049 0.0116209 0.73028
v -0.0231002 -0.0032765 0.0261117
vn -0.681975 -0.0834398 0.7266
v -0.0262079 7.37612e-09 0.0231513
vn -0.760286 -6.13351e-06 0.649588
v -0.0261891 -0.00334369 0.0229438
vn -0.761148 -0.0876903 0.642623
v -0.0231002 -0.0032765 0.0261117
vn -0.681975 -0.0834398 0.7266
v -0.0230518 3.65083e-09 0.0263462
vn -0.677973 -7.52541e-06 0.735087
v -0.0262079 7.37612e-09 0.0231513
vn -0.760286 -6.13351e-06 0.649588
v -0.0159441 -0.0117263 -0.0289078
vn -0.454491 -0.324151 -0.829677
v -0.0191613 -0.0152437 -0.0251367
vn -0.564373 -0.387423 -0.728962
v -0.0197887 -0.0128793 -0.0259304
vn -0.56193 -0.359069 -0.745188
v -0.0159441 -0.0117263 -0.0289078
vn -0.454491 -0.324151 -0.829677
v -0.0154962 -0.0140638 -0.0281409
vn -0.464394 -0.347742 -0.814502
v -0.0191613 -0.0152437 -0.0251367
vn -0.564373 -0.387423 -0.728962
v -0.0180251 -0.0184441 -0.0244115
vn -0.541768 -0.477627 -0.691635
v -0.0149485 -0.0161451 -0.0275975
vn -0.469061 -0.32972 -0.819308
v -0.0146181 -0.0174794 -0.0272775
vn -0.420663 -0.443858 -0.791222
v -0.0180251 -0.0184441 -0.0244115
vn -0.541768 -0.477627 -0.691635
v -0.0184678 -0.017293 -0.0246144
vn -0.589732 -0.371251 -0.717209
v -0.0149485 -0.0161451 -0.0275975
vn -0.469061 -0.32972 -0.819308
v -0.0159441 -0.0117263 -0.0289078
vn -0.454491 -0.324151 -0.829677
v -0.0115774 -0.0130958 -0.0303459
vn -0.332951 -0.34698 -0.876783
v -0.0154962 -0.0140638 -0.0281409
vn -0.464394 -0.347742 -0.814502
v -0.0159441 -0.0117263 -0.0289078
vn -0.454491 -0.324151 -0.829677
v -0.0118864 -0.0107767 -0.0311024
vn -0.343551 -0.295146 -0.89155
v -0.0115774 -0.0130958 -0.0303459
vn -0.332951 -0.34698 -0.876783
v -0.0118864 -0.0107767 -0.0311024
vn -0.343551 -0.295146 -0.89155
v -0.00810207 -0.0125383 -0.0316495
vn -0.229264 -0.332538 -0.914799
v -0.0115774 -0.0130958 -0.0303459
vn -0.332951 -0.34698 -0.876783
v -0.0118864 -0.0107767 -0.0311024
vn -0.343551 -0.295146 -0.89155
v -0.00830592 -0.0102123 -0.0323972
vn -0.232292 -0.281101 -0.93114
v -0.00810207 -0.0125383 -0.0316495
vn -0.229264 -0.332538 -0.914799
v -0.00830592 -0.0102123 -0.0323972
vn -0.232292 -0.281101 -0.93114
v -0.00416264 -0.0121489 -0.0325256
vn -0.112695 -0.33362 -0.935948
v -0.00810207 -0.0125383 -0.0316495
vn -0.229264 -0.332538 -0.914799
v -0.00830592 -0.0102123 -0.0323972
vn -0.232292 -0.281101 -0.93114
v -0.00426269 -0.00985147 -0.0332578
vn -0.118854 -0.273376 -0.954536
v -0.00416264 -0.0121489 -0.0325256
vn -0.112695 -0.33362 -0.935948
v -0.0154962 -0.0140638 -0.0281409
vn -0.464394 -0.347742 -0.814502
v -0.0184678 -0.017293 -0.0246144
vn -0.589732 -0.371251 -0.717209
v -0.0191613 -0.0152437 -0.0251367
vn -0.564373 -0.387423 -0.728962
v -0.0154962 -0.0140638 -0.0281409
vn -0.464394 -0.347742 -0.814502
v -0.0149485 -0.0161451 -0.0275975
vn -0.469061 -0.32972 -0.819308
v -0.0184678 -0.017293 -0.0246144
vn -0.589732 -0.371251 -0.717209
v -0.0191613 -0.0152437 -0.0251367
vn -0.564373 -0.387423 -0.728962
v -0.023062 -0.0144153 -0.0221826
vn -0.661716 -0.39815 -0.635302
v -0.0197887 -0.0128793 -0.0259304
vn -0.56193 -0.359069 -0.745188
v -0.0191613 -0.0152437 -0.0251367
vn -0.564373 -0.387423 -0.728962
v -0.0221906 -0.0168286 -0.0213982
vn -0.654956 -0.44211 -0.612839
v -0.023062 -0.0144153 -0.0221826
vn -0.661716 -0.39815 -0.635302
v -0.0115774 -0.0130958 -0.0303459
vn -0.332951 -0.34698 -0.876783
v -0.0149485 -0.0161451 -0.0275975
vn -0.469061 -0.32972 -0.819308
v -0.0154962 -0.0140638 -0.0281409
vn -0.464394 -0.347742 -0.814502
v -0.0115774 -0.0130958 -0.0303459
vn -0.332951 -0.34698 -0.876783
v -0.0111726 -0.0151882 -0.0296228
vn -0.336609 -0.333374 -0.880657
v -0.0149485 -0.0161451 -0.0275975
vn -0.469061 -0.32972 -0.819308
v -0.00810207 -0.0125383 -0.0316495
vn -0.229264 -0.332538 -0.914799
v -0.0111726 -0.0151882 -0.0296228
vn -0.336609 -0.333374 -0.880657
v -0.0115774 -0.0130958 -0.0303459
vn -0.332951 -0.34698 -0.876783
v -0.00810207 -0.0125383 -0.0316495
vn -0.229264 -0.332538 -0.914799
v -0.00780551 -0.0147058 -0.0309042
vn -0.228999 -0.314757 -0.921134
v -0.0111726 -0.0151882 -0.0296228
vn -0.336609 -0.333374 -0.880657
v -0.00416264 -0.0121489 -0.0325256
vn -0.112695 -0.33362 -0.935948
v -0.00780551 -0.0147058 -0.0309042
vn -0.228999 -0.314757 -0.921134
v -0.00810207 -0.0125383 -0.0316495
vn -0.229264 -0.332538 -0.914799
v -0.00416264 -0.0121489 -0.0325256
vn -0.112695 -0.33362 -0.935948
v -0.00399527 -0.0143369 -0.0316789
vn -0.108455 -0.340802 -0.933859
v -0.00780551 -0.0147058 -0.0309042
vn -0.228999 -0.314757 -0.921134
v 3.1665e-08 -0.00971284 -0.0335621
vn -0.000486458 -0.270344 -0.962764
v -0.00416264 -0.0121489 -0.0325256
vn -0.112695 -0.33362 -0.935948
v -0.00426269 -0.00985147 -0.0332578
vn -0.118854 -0.273376 -0.954536
v 3.1665e-08 -0.00971284 -0.0335621
vn -0.000486458 -0.270344 -0.962764
v 3.1665e-08 -0.0120012 -0.0328377
vn -0.0058219 -0.32625 -0.945266
v -0.00416264 -0.0121489 -0.0325256
vn -0.112695 -0.33362 -0.935948
v 3.1665e-08 -0.0120012 -0.0328377
vn -0.0058219 -0.32625 -0.945266
v -0.00399527 -0.0143369 -0.0316789
vn -0.108455 -0.340802 -0.933859
v -0.00416264 -0.0121489 -0.0325256
vn -0.112695 -0.33362 -0.935948
v 3.1665e-08 -0.0120012 -0.0328377
vn -0.0058219 -0.32625 -0.945266
v 3.1665e-08 -0.0142069 -0.0319932
vn -0.0156074 -0.309382 -0.95081
v -0.00399527 -0.0143369 -0.0316789
vn -0.108455 -0.340802 -0.933859
v -0.00389003 -0.0157694 -0.0312125
vn -0.115348 -0.35806 -0.926546
v -0.00780551 -0.0147058 -0.0309042
vn -0.228999 -0.314757 -0.921134
v -0.00399527 -0.0143369 -0.0316789
vn -0.108455 -0.340802 -0.933859
v -0.00389003 -0.0157694 -0.0312125
vn -0.115348 -0.35806 -0.926546
v -0.00759679 -0.0161526 -0.0305339
vn -0.21116 -0.370986 -0.904312
v -0.00780551 -0.0147058 -0.0309042
vn -0.228999 -0.314757 -0.921134
v -0.00759679 -0.0161526 -0.0305339
vn -0.21116 -0.370986 -0.904312
v -0.0111726 -0.0151882 -0.0296228
vn -0.336609 -0.333374 -0.880657
v -0.00780551 -0.0147058 -0.0309042
vn -0.228999 -0.314757 -0.921134
v -0.00759679 -0.0161526 -0.0305339
vn -0.21116 -0.370986 -0.904312
v -0.0109196 -0.0165726 -0.029245
vn -0.32794 -0.395023 -0.858145
v -0.0111726 -0.0151882 -0.0296228
vn -0.336609 -0.333374 -0.880657
v -0.0109196 -0.0165726 -0.029245
vn -0.32794 -0.395023 -0.858145
v -0.0149485 -0.0161451 -0.0275975
vn -0.469061 -0.32972 -0.819308
v -0.0111726 -0.0151882 -0.0296228
vn -0.336609 -0.333374 -0.880657
v -0.0109196 -0.0165726 -0.029245
vn -0.32794 -0.395023 -0.858145
v -0.0146181 -0.0174794 -0.0272775
vn -0.420663 -0.443858 -0.791222
v -0.0149485 -0.0161451 -0.0275975
vn -0.469061 -0.32972 -0.819308
v -0.0180251 -0.0184441 -0.0244115
vn -0.541768 -0.477627 -0.691635
v -0.0214532 -0.0187751 -0.0207611
vn -0.677798 -0.431372 -0.595405
v -0.0184678 -0.017293 -0.0246144
vn -0.589732 -0.371251 -0.717209
v -0.0180251 -0.0184441 -0.0244115
vn -0.541768 -0.477627 -0.691635
v -0.0209798 -0.0197719 -0.0206162
vn -0.62231 -0.519432 -0.585594
v -0.0214532 -0.0187751 -0.0207611
vn -0.677798 -0.431372 -0.595405
v -0.0176228 -0.0265591 -0.014917
vn -0.471706 -0.793101 -0.385336
v -0.0161228 -0.0290614 -0.0112255
vn -0.432978 -0.844926 -0.314054
v -0.0184772 -0.0279631 -0.0105088
vn -0.497221 -0.817207 -0.291454
v -0.0176228 -0.0265591 -0.014917
vn -0.471706 -0.793101 -0.385336
v -0.015584 -0.0272583 -0.0158029
vn -0.396108 -0.812033 -0.428604
v -0.0161228 -0.0290614 -0.0112255
vn -0.432978 -0.844926 -0.314054
v -0.0248665 -0.0230537 0.0106833
vn -0.685358 -0.665026 0.29669
v -0.0261011 -0.0231969 0.00594381
vn -0.796251 -0.588558 0.13994
v -0.0254415 -0.0238988 0.00621193
vn -0.690925 -0.70478 0.160956
v -0.0248665 -0.0230537 0.0106833
vn -0.685358 -0.665026 0.29669
v -0.025486 -0.0223678 0.0103546
vn -0.83656 -0.473239 0.276067
v -0.0261011 -0.0231969 0.00594381
vn -0.796251 -0.588558 0.13994
v -0.027756 -0.0189046 0.0102556
vn -0.798907 -0.534792 0.275219
v -0.025585 -0.019569 0.0141225
vn -0.785832 -0.50385 0.358613
v -0.0266705 -0.0179185 0.0142433
vn -0.789856 -0.477975 0.384275
v -0.027756 -0.0189046 0.0102556
vn -0.798907 -0.534792 0.275219
v -0.0261162 -0.0210518 0.00993061
vn -0.836404 -0.474887 0.273698
v -0.025585 -0.019569 0.0141225
vn -0.785832 -0.50385 0.358613
v -0.0285809 -0.01951 0.00576285
vn -0.836298 -0.524039 0.161208
v -0.0261162 -0.0210518 0.00993061
vn -0.836404 -0.474887 0.273698
v -0.027756 -0.0189046 0.0102556
vn -0.798907 -0.534792 0.275219
v -0.0285809 -0.01951 0.00576285
vn -0.836298 -0.524039 0.161208
v -0.0270888 -0.0217375 0.00563854
vn -0.82556 -0.545409 0.144846
v -0.0261162 -0.0210518 0.00993061
vn -0.836404 -0.474887 0.273698
v -0.0290196 -0.0196577 0.000425128
vn -0.838275 -0.545094 0.0129564
v -0.0270888 -0.0217375 0.00563854
vn -0.82556 -0.545409 0.144846
v -0.0285809 -0.01951 0.00576285
vn -0.836298 -0.524039 0.161208
v -0.0290196 -0.0196577 0.000425128
vn -0.838275 -0.545094 0.0129564
v -0.0272719 -0.0218375 0.00056008
vn -0.831789 -0.554942 0.0129077
v -0.0270888 -0.0217375 0.00563854
vn -0.82556 -0.545409 0.144846
v -0.0254415 -0.0238988 0.00621193
vn -0.690925 -0.70478 0.160956
v -0.0263823 -0.0235384 0.000839747
vn -0.834674 -0.550342 0.0210557
v -0.025712 -0.0243529 0.00105961
vn -0.700212 -0.713206 0.0322646
v -0.0254415 -0.0238988 0.00621193
vn -0.690925 -0.70478 0.160956
v -0.0261011 -0.0231969 0.00594381
vn -0.796251 -0.588558 0.13994
v -0.0263823 -0.0235384 0.000839747
vn -0.834674 -0.550342 0.0210557
v -0.0261162 -0.0210518 0.00993061
vn -0.836404 -0.474887 0.273698
v -0.024661 -0.0207395 0.0147427
vn -0.787459 -0.489656 0.37436
v -0.025585 -0.019569 0.0141225
vn -0.785832 -0.50385 0.358613
v -0.0261162 -0.0210518 0.00993061
vn -0.836404 -0.474887 0.273698
v -0.025486 -0.0223678 0.0103546
vn -0.83656 -0.473239 0.276067
v -0.024661 -0.0207395 0.0147427
vn -0.787459 -0.489656 0.37436
v -0.0270888 -0.0217375 0.00563854
vn -0.82556 -0.545409 0.144846
v -0.025486 -0.0223678 0.0103546
vn -0.83656 -0.473239 0.276067
v -0.0261162 -0.0210518 0.00993061
vn -0.836404 -0.474887 0.273698
v -0.0270888 -0.0217375 0.00563854
vn -0.82556 -0.545409 0.144846
v -0.0261011 -0.0231969 0.00594381
vn -0.796251 -0.588558 0.13994
v -0.025486 -0.0223678 0.0103546
vn -0.83656 -0.473239 0.276067
v -0.0272719 -0.0218375 0.00056008
vn -0.831789 -0.554942 0.0129077
v -0.0261011 -0.0231969 0.00594381
vn -0.796251 -0.588558 0.13994
v -0.0270888 -0.0217375 0.00563854
vn -0.82556 -0.545409 0.144846
v -0.0272719 -0.0218375 0.00056008
vn -0.831789 -0.554942 0.0129077
v -0.0263823 -0.0235384 0.000839747
vn -0.834674 -0.550342 0.0210557
v -0.0261011 -0.0231969 0.00594381
vn -0.796251 -0.588558 0.13994
v -0.025585 -0.019569 0.0141225
vn -0.785832 -0.50385 0.358613
v -0.0258554 -0.0169547 0.0167456
vn -0.774321 -0.43889 0.455854
v -0.0266705 -0.0179185 0.0142433
vn -0.789856 -0.477975 0.384275
v -0.025585 -0.019569 0.0141225
vn -0.785832 -0.50385 0.358613
v -0.024838 -0.0176804 0.0175227
vn -0.761634 -0.437051 0.478436
v -0.0258554 -0.0169547 0.0167456
vn -0.774321 -0.43889 0.455854
v -0.0341244 -0.00348759 0.000478012
vn -0.996804 -0.0780366 0.0171152
v -0.0330725 -0.00696897 0.00713093
vn -0.968048 -0.177173 0.177463
v -0.0334802 -0.00356746 0.00725965
vn -0.980539 -0.0823158 0.178233
v -0.0341244 -0.00348759 0.000478012
vn -0.996804 -0.0780366 0.0171152
v -0.0337293 -0.00684231 0.00046564
vn -0.985343 -0.169792 0.0164161
v -0.0330725 -0.00696897 0.00713093
vn -0.968048 -0.177173 0.177463
v -0.0239972 -0.0213603 0.0151736
vn -0.67346 -0.607357 0.42139
v -0.025486 -0.0223678 0.0103546
vn -0.83656 -0.473239 0.276067
v -0.0248665 -0.0230537 0.0106833
vn -0.685358 -0.665026 0.29669
v -0.0239972 -0.0213603 0.0151736
vn -0.67346 -0.607357 0.42139
v -0.024661 -0.0207395 0.0147427
vn -0.787459 -0.489656 0.37436
v -0.025486 -0.0223678 0.0103546
vn -0.83656 -0.473239 0.276067
v -0.0239972 -0.0213603 0.0151736
vn -0.67346 -0.607357 0.42139
v -0.0237799 -0.0186689 0.0185183
vn -0.768055 -0.419957 0.483454
v -0.024661 -0.0207395 0.0147427
vn -0.787459 -0.489656 0.37436
v -0.0239972 -0.0213603 0.0151736
vn -0.67346 -0.607357 0.42139
v -0.0230981 -0.0192133 0.0190573
vn -0.663119 -0.521392 0.537051
v -0.0237799 -0.0186689 0.0185183
vn -0.768055 -0.419957 0.483454
v -0.0124879 -0.0251308 -0.021192
vn -0.330156 -0.749915 -0.573257
v -0.015584 -0.0272583 -0.0158029
vn -0.396108 -0.812033 -0.428604
v -0.0152143 -0.0251748 -0.0192994
vn -0.388273 -0.750073 -0.535383
v -0.0124879 -0.0251308 -0.021192
vn -0.330156 -0.749915 -0.573257
v -0.0127521 -0.0278311 -0.0171544
vn -0.343838 -0.811429 -0.472609
v -0.015584 -0.0272583 -0.0158029
vn -0.396108 -0.812033 -0.428604
v -0.0131846 -0.0323092 -0.00276972
vn -0.374718 -0.924248 -0.0731564
v -0.0160658 -0.0309852 0.00287593
vn -0.44933 -0.889359 0.0845249
v -0.0163583 -0.0308642 -0.00259648
vn -0.452893 -0.889252 -0.064172
v -0.0131846 -0.0323092 -0.00276972
vn -0.374718 -0.924248 -0.0731564
v -0.0128317 -0.0324262 0.00306532
vn -0.365585 -0.926362 0.0905616
v -0.0160658 -0.0309852 0.00287593
vn -0.44933 -0.889359 0.0845249
v -0.0124879 -0.0251308 -0.021192
vn -0.330156 -0.749915 -0.573257
v -0.00964834 -0.028287 -0.0182928
vn -0.258529 -0.824381 -0.503546
v -0.0127521 -0.0278311 -0.0171544
vn -0.343838 -0.811429 -0.472609
v -0.0124879 -0.0251308 -0.021192
vn -0.330156 -0.749915 -0.573257
v -0.00941022 -0.0250998 -0.0226902
vn -0.243845 -0.741077 -0.625575
v -0.00964834 -0.028287 -0.0182928
vn -0.258529 -0.824381 -0.503546
v -0.00941022 -0.0250998 -0.0226902
vn -0.243845 -0.741077 -0.625575
v -0.00677296 -0.0286223 -0.0189864
vn -0.17861 -0.831318 -0.526316
v -0.00964834 -0.028287 -0.0182928
vn -0.258529 -0.824381 -0.503546
v -0.00941022 -0.0250998 -0.0226902
vn -0.243845 -0.741077 -0.625575
v -0.00660774 -0.0251278 -0.0236058
vn -0.172578 -0.739829 -0.650285
v -0.00677296 -0.0286223 -0.0189864
vn -0.17861 -0.831318 -0.526316
v -0.00660774 -0.0251278 -0.0236058
vn -0.172578 -0.739829 -0.650285
v -0.00350478 -0.0288577 -0.0194592
vn -0.090881 -0.834887 -0.542867
v -0.00677296 -0.0286223 -0.0189864
vn -0.17861 -0.831318 -0.526316
v -0.00660774 -0.0251278 -0.0236058
vn -0.172578 -0.739829 -0.650285
v -0.00340887 -0.0251431 -0.0242044
vn -0.0852443 -0.742465 -0.664439
v -0.00350478 -0.0288577 -0.0194592
vn -0.090881 -0.834887 -0.542867
v -0.0127521 -0.0278311 -0.0171544
vn -0.343838 -0.811429 -0.472609
v -0.0161228 -0.0290614 -0.0112255
vn -0.432978 -0.844926 -0.314054
v -0.015584 -0.0272583 -0.0158029
vn -0.396108 -0.812033 -0.428604
v -0.0127521 -0.0278311 -0.0171544
vn -0.343838 -0.811429 -0.472609
v -0.0131187 -0.0301334 -0.0121203
vn -0.358727 -0.867209 -0.345345
v -0.0161228 -0.0290614 -0.0112255
vn -0.432978 -0.844926 -0.314054
v -0.0184772 -0.0279631 -0.0105088
vn -0.497221 -0.817207 -0.291454
v -0.0163468 -0.0302314 -0.00686024
vn -0.44642 -0.873788 -0.192881
v -0.0188366 -0.0288942 -0.00645654
vn -0.508787 -0.842298 -0.177961
v -0.0184772 -0.0279631 -0.0105088
vn -0.497221 -0.817207 -0.291454
v -0.0161228 -0.0290614 -0.0112255
vn -0.432978 -0.844926 -0.314054
v -0.0163468 -0.0302314 -0.00686024
vn -0.44642 -0.873788 -0.192881
v -0.00964834 -0.028287 -0.0182928
vn -0.258529 -0.824381 -0.503546
v -0.0131187 -0.0301334 -0.0121203
vn -0.358727 -0.867209 -0.345345
v -0.0127521 -0.0278311 -0.0171544
vn -0.343838 -0.811429 -0.472609
v -0.00964834 -0.028287 -0.0182928
vn -0.258529 -0.824381 -0.503546
v -0.009881 -0.0309892 -0.0128748
vn -0.274447 -0.887456 -0.370271
v -0.0131187 -0.0301334 -0.0121203
vn -0.358727 -0.867209 -0.345345
v -0.00677296 -0.0286223 -0.0189864
vn -0.17861 -0.831318 -0.526316
v -0.009881 -0.0309892 -0.0128748
vn -0.274447 -0.887456 -0.370271
v -0.00964834 -0.028287 -0.0182928
vn -0.258529 -0.824381 -0.503546
v -0.00677296 -0.0286223 -0.0189864
vn -0.17861 -0.831318 -0.526316
v -0.00692257 -0.0315534 -0.0133516
vn -0.189285 -0.902054 -0.387903
v -0.009881 -0.0309892 -0.0128748
vn -0.274447 -0.887456 -0.370271
v -0.00350478 -0.0288577 -0.0194592
vn -0.090881 -0.834887 -0.542867
v -0.00692257 -0.0315534 -0.0133516
vn -0.189285 -0.902054 -0.387903
v -0.00677296 -0.0286223 -0.0189864
vn -0.17861 -0.831318 -0.526316
v -0.00350478 -0.0288577 -0.0194592
vn -0.090881 -0.834887 -0.542867
v -0.00357615 -0.0319529 -0.0136686
vn -0.0984214 -0.911263 -0.39989
v -0.00692257 -0.0315534 -0.0133516
vn -0.189285 -0.902054 -0.387903
v -0.0131187 -0.0301334 -0.0121203
vn -0.358727 -0.867209 -0.345345
v -0.0163468 -0.0302314 -0.00686024
vn -0.44642 -0.873788 -0.192881
v -0.0161228 -0.0290614 -0.0112255
vn -0.432978 -0.844926 -0.314054
v -0.0131187 -0.0301334 -0.0121203
vn -0.358727 -0.867209 -0.345345
v -0.0132418 -0.0315573 -0.00735273
vn -0.368983 -0.904857 -0.212333
v -0.0163468 -0.0302314 -0.00686024
vn -0.44642 -0.873788 -0.192881
v -0.015584 -0.0272583 -0.0158029
vn -0.396108 -0.812033 -0.428604
v -0.0169613 -0.0256966 -0.0172318
vn -0.445887 -0.749769 -0.488908
v -0.0152143 -0.0251748 -0.0192994
vn -0.388273 -0.750073 -0.535383
v -0.015584 -0.0272583 -0.0158029
vn -0.396108 -0.812033 -0.428604
v -0.0176228 -0.0265591 -0.014917
vn -0.471706 -0.793101 -0.385336
v -0.0169613 -0.0256966 -0.0172318
vn -0.445887 -0.749769 -0.488908
v -0.009881 -0.0309892 -0.0128748
vn -0.274447 -0.887456 -0.370271
v -0.0132418 -0.0315573 -0.00735273
vn -0.368983 -0.904857 -0.212333
v -0.0131187 -0.0301334 -0.0121203
vn -0.358727 -0.867209 -0.345345
v -0.009881 -0.0309892 -0.0128748
vn -0.274447 -0.887456 -0.370271
v -0.00994583 -0.0326309 -0.00778828
vn -0.286516 -0.929825 -0.230943
v -0.0132418 -0.0315573 -0.00735273
vn -0.368983 -0.904857 -0.212333
v -0.00692257 -0.0315534 -0.0133516
vn -0.189285 -0.902054 -0.387903
v -0.00994583 -0.0326309 -0.00778828
vn -0.286516 -0.929825 -0.230943
v -0.009881 -0.0309892 -0.0128748
vn -0.274447 -0.887456 -0.370271
v -0.00692257 -0.0315534 -0.0133516
vn -0.189285 -0.902054 -0.387903
v -0.00697605 -0.0333325 -0.00807863
vn -0.200737 -0.948336 -0.245691
v -0.00994583 -0.0326309 -0.00778828
vn -0.286516 -0.929825 -0.230943
v -0.00357615 -0.0319529 -0.0136686
vn -0.0984214 -0.911263 -0.39989
v -0.00697605 -0.0333325 -0.00807863
vn -0.200737 -0.948336 -0.245691
v -0.00692257 -0.0315534 -0.0133516
vn -0.189285 -0.902054 -0.387903
v -0.00357615 -0.0319529 -0.0136686
vn -0.0984214 -0.911263 -0.39989
v -0.00362496 -0.0338291 -0.0082758
vn -0.105531 -0.960932 -0.255876
v -0.00697605 -0.0333325 -0.00807863
vn -0.200737 -0.948336 -0.245691
v -0.0105922 -0.00422556 0.0330305
vn -0.3031 -0.114885 0.946008
v -0.00886652 -0.00831119 0.0327828
vn -0.248837 -0.248745 0.936059
v -0.0085365 -0.00427129 0.0336064
vn -0.239861 -0.117762 0.963638
v -0.0105922 -0.00422556 0.0330305
vn -0.3031 -0.114885 0.946008
v -0.0109536 -0.00818947 0.0321859
vn -0.311316 -0.244658 0.918273
v -0.00886652 -0.00831119 0.0327828
vn -0.248837 -0.248745 0.936059
v -0.0189441 -0.029409 -0.00248354
vn -0.512819 -0.856267 -0.0618247
v -0.0160658 -0.0309852 0.00287593
vn -0.44933 -0.889359 0.0845249
v -0.018751 -0.0295084 0.002636
vn -0.502489 -0.860892 0.0798111
v -0.0189441 -0.029409 -0.00248354
vn -0.512819 -0.856267 -0.0618247
v -0.0163583 -0.0308642 -0.00259648
vn -0.452893 -0.889252 -0.064172
v -0.0160658 -0.0309852 0.00287593
vn -0.44933 -0.889359 0.0845249
v -0.00986566 -0.0334844 -0.00293361
vn -0.293371 -0.952549 -0.081141
v -0.0128317 -0.0324262 0.00306532
vn -0.365585 -0.926362 0.0905616
v -0.0131846 -0.0323092 -0.00276972
vn -0.374718 -0.924248 -0.0731564
v -0.00986566 -0.0334844 -0.00293361
vn -0.293371 -0.952549 -0.081141
v -0.00951717 -0.0335712 0.00321645
vn -0.286541 -0.952934 0.099049
v -0.0128317 -0.0324262 0.00306532
vn -0.365585 -0.926362 0.0905616
v -0.006905 -0.0342527 -0.00305451
vn -0.206976 -0.974382 -0.087984
v -0.00951717 -0.0335712 0.00321645
vn -0.286541 -0.952934 0.099049
v -0.00986566 -0.0334844 -0.00293361
vn -0.293371 -0.952549 -0.081141
v -0.006905 -0.0342527 -0.00305451
vn -0.206976 -0.974382 -0.087984
v -0.00661794 -0.0343043 0.00330533
vn -0.201302 -0.97418 0.102233
v -0.00951717 -0.0335712 0.00321645
vn -0.286541 -0.952934 0.099049
v -0.003582 -0.0347949 -0.00313324
vn -0.108987 -0.989727 -0.0925324
v -0.00661794 -0.0343043 0.00330533
vn -0.201302 -0.97418 0.102233
v -0.006905 -0.0342527 -0.00305451
vn -0.206976 -0.974382 -0.087984
v -0.003582 -0.0347949 -0.00313324
vn -0.108987 -0.989727 -0.0925324
v -0.00340742 -0.0348129 0.00337584
vn -0.106722 -0.98888 0.103567
v -0.00661794 -0.0343043 0.00330533
vn -0.201302 -0.97418 0.102233
v 3.1665e-08 -0.0251362 -0.024452
vn -0.00165927 -0.73852 -0.674229
v -0.00350478 -0.0288577 -0.0194592
vn -0.090881 -0.834887 -0.542867
v -0.00340887 -0.0251431 -0.0242044
vn -0.0852443 -0.742465 -0.664439
v 3.1665e-08 -0.0251362 -0.024452
vn -0.00165927 -0.73852 -0.674229
v 3.1665e-08 -0.0289373 -0.0196371
vn -5.25556e-05 -0.83533 -0.549749
v -0.00350478 -0.0288577 -0.0194592
vn -0.090881 -0.834887 -0.542867
v -0.0128317 -0.0324262 0.00306532
vn -0.365585 -0.926362 0.0905616
v -0.0154239 -0.0302306 0.00869477
vn -0.431628 -0.869388 0.240543
v -0.0160658 -0.0309852 0.00287593
vn -0.44933 -0.889359 0.0845249
v -0.0128317 -0.0324262 0.00306532
vn -0.365585 -0.926362 0.0905616
v -0.0122081 -0.0315079 0.00914146
vn -0.341924 -0.905718 0.250526
v -0.0154239 -0.0302306 0.00869477
vn -0.431628 -0.869388 0.240543
v 3.1665e-08 -0.0289373 -0.0196371
vn -5.25556e-05 -0.83533 -0.549749
v -0.00357615 -0.0319529 -0.0136686
vn -0.0984214 -0.911263 -0.39989
v -0.00350478 -0.0288577 -0.0194592
vn -0.090881 -0.834887 -0.542867
v 3.1665e-08 -0.0289373 -0.0196371
vn -5.25556e-05 -0.83533 -0.549749
v 3.1665e-08 -0.0320929 -0.0137924
vn 7.66966e-06 -0.91445 -0.404698
v -0.00357615 -0.0319529 -0.0136686
vn -0.0984214 -0.911263 -0.39989
v 3.1665e-08 -0.0320929 -0.0137924
vn 7.66966e-06 -0.91445 -0.404698
v -0.00362496 -0.0338291 -0.0082758
vn -0.105531 -0.960932 -0.255876
v -0.00357615 -0.0319529 -0.0136686
vn -0.0984214 -0.911263 -0.39989
v 3.1665e-08 -0.0320929 -0.0137924
vn 7.66966e-06 -0.91445 -0.404698
v 3.1665e-08 -0.0340089 -0.00836248
vn -7.0897e-06 -0.965556 -0.260195
v -0.00362496 -0.0338291 -0.0082758
vn -0.105531 -0.960932 -0.255876
v 3.1665e-08 -0.0349958 -0.00316732
vn -0.000139583 -0.995524 -0.0945075
v -0.00340742 -0.0348129 0.00337584
vn -0.106722 -0.98888 0.103567
v -0.003582 -0.0347949 -0.00313324
vn -0.108987 -0.989727 -0.0925324
v 3.1665e-08 -0.0349958 -0.00316732
vn -0.000139583 -0.995524 -0.0945075
v 3.1665e-08 -0.035 0.00340699
vn -0.0001519 -0.994631 0.103489
v -0.00340742 -0.0348129 0.00337584
vn -0.106722 -0.98888 0.103567
v -0.0133636 -0.0189095 0.0263783
vn -0.377734 -0.53223 0.757659
v -0.00977562 -0.0141592 0.0305068
vn -0.275716 -0.397234 0.87532
v -0.0119974 -0.0139283 0.0298228
vn -0.341052 -0.394007 0.853488
v -0.0133636 -0.0189095 0.0263783
vn -0.377734 -0.53223 0.757659
v -0.0109305 -0.0193859 0.0271321
vn -0.308033 -0.548608 0.777268
v -0.00977562 -0.0141592 0.0305068
vn -0.275716 -0.397234 0.87532
v -0.0148576 -0.0230121 0.0220134
vn -0.412306 -0.655276 0.632943
v -0.0109305 -0.0193859 0.0271321
vn -0.308033 -0.548608 0.777268
v -0.0133636 -0.0189095 0.0263783
vn -0.377734 -0.53223 0.757659
v -0.0148576 -0.0230121 0.0220134
vn -0.412306 -0.655276 0.632943
v -0.0123229 -0.0236795 0.0228343
vn -0.348656 -0.666348 0.659104
v -0.0109305 -0.0193859 0.0271321
vn -0.308033 -0.548608 0.777268
v -0.0020596 -0.0201782 0.0286101
vn -0.0580119 -0.569532 0.819919
v 3.1665e-08 -0.0250148 0.0246042
vn 2.36613e-05 -0.71148 0.702706
v 3.1665e-08 -0.0201963 0.0286713
vn -1.91283e-06 -0.569996 0.821647
v -0.0020596 -0.0201782 0.0286101
vn -0.0580119 -0.569532 0.819919
v -0.0024004 -0.0249711 0.0245352
vn -0.0654856 -0.709631 0.701524
v 3.1665e-08 -0.0250148 0.0246042
vn 2.36613e-05 -0.71148 0.702706
v -0.00886652 -0.00831119 0.0327828
vn -0.248837 -0.248745 0.936059
v -0.00649412 -0.00430326 0.0340475
vn -0.184223 -0.118542 0.97571
v -0.0085365 -0.00427129 0.0336064
vn -0.239861 -0.117762 0.963638
v -0.00886652 -0.00831119 0.0327828
vn -0.248837 -0.248745 0.936059
v -0.00675303 -0.00839947 0.0332513
vn -0.192843 -0.24833 0.949286
v -0.00649412 -0.00430326 0.0340475
vn -0.184223 -0.118542 0.97571
v -0.0109305 -0.0193859 0.0271321
vn -0.308033 -0.548608 0.777268
v -0.0074642 -0.0143559 0.0310542
vn -0.214721 -0.400686 0.890699
v -0.00977562 -0.0141592 0.0305068
vn -0.275716 -0.397234 0.87532
v -0.0109305 -0.0193859 0.0271321
vn -0.308033 -0.548608 0.777268
v -0.00844524 -0.0197109 0.027766
vn -0.242673 -0.554617 0.795933
v -0.0074642 -0.0143559 0.0310542
vn -0.214721 -0.400686 0.890699
v -0.0123229 -0.0236795 0.0228343
vn -0.348656 -0.666348 0.659104
v -0.00844524 -0.0197109 0.027766
vn -0.242673 -0.554617 0.795933
v -0.0109305 -0.0193859 0.0271321
vn -0.308033 -0.548608 0.777268
v -0.0123229 -0.0236795 0.0228343
vn -0.348656 -0.666348 0.659104
v -0.00959195 -0.0242337 0.0235302
vn -0.271617 -0.683447 0.677587
v -0.00844524 -0.0197109 0.027766
vn -0.242673 -0.554617 0.795933
v -0.00675303 -0.00839947 0.0332513
vn -0.192843 -0.24833 0.949286
v -0.00531722 -0.0144887 0.0314261
vn -0.152417 -0.404724 0.901647
v -0.00479467 -0.00845323 0.0335704
vn -0.137497 -0.249391 0.958592
v -0.00675303 -0.00839947 0.0332513
vn -0.192843 -0.24833 0.949286
v -0.0074642 -0.0143559 0.0310542
vn -0.214721 -0.400686 0.890699
v -0.00531722 -0.0144887 0.0314261
vn -0.152417 -0.404724 0.901647
v -0.00649412 -0.00430326 0.0340475
vn -0.184223 -0.118542 0.97571
v -0.00479467 -0.00845323 0.0335704
vn -0.137497 -0.249391 0.958592
v -0.00460104 -0.00432762 0.0343456
vn -0.132136 -0.118482 0.984125
v -0.00649412 -0.00430326 0.0340475
vn -0.184223 -0.118542 0.97571
v -0.00675303 -0.00839947 0.0332513
vn -0.192843 -0.24833 0.949286
v -0.00479467 -0.00845323 0.0335704
vn -0.137497 -0.249391 0.958592
v -0.0074642 -0.0143559 0.0310542
vn -0.214721 -0.400686 0.890699
v -0.00606161 -0.0199633 0.0281952
vn -0.172928 -0.563197 0.808026
v -0.00531722 -0.0144887 0.0314261
vn -0.152417 -0.404724 0.901647
v -0.0074642 -0.0143559 0.0310542
vn -0.214721 -0.400686 0.890699
v -0.00844524 -0.0197109 0.027766
vn -0.242673 -0.554617 0.795933
v -0.00606161 -0.0199633 0.0281952
vn -0.172928 -0.563197 0.808026
v -0.00844524 -0.0197109 0.027766
vn -0.242673 -0.554617 0.795933
v -0.00689404 -0.0246481 0.0240229
vn -0.195939 -0.698734 0.688025
v -0.00606161 -0.0199633 0.0281952
vn -0.172928 -0.563197 0.808026
v -0.00844524 -0.0197109 0.027766
vn -0.242673 -0.554617 0.795933
v -0.00959195 -0.0242337 0.0235302
vn -0.271617 -0.683447 0.677587
v -0.00689404 -0.0246481 0.0240229
vn -0.195939 -0.698734 0.688025
v -0.00479467 -0.00845323 0.0335704
vn -0.137497 -0.249391 0.958592
v -0.00361287 -0.0145591 0.0316307
vn -0.100903 -0.406897 0.907884
v -0.00324921 -0.00847926 0.0337456
vn -0.0910343 -0.250447 0.963841
v -0.00479467 -0.00845323 0.0335704
vn -0.137497 -0.249391 0.958592
v -0.00531722 -0.0144887 0.0314261
vn -0.152417 -0.404724 0.901647
v -0.00361287 -0.0145591 0.0316307
vn -0.100903 -0.406897 0.907884
v -0.00460104 -0.00432762 0.0343456
vn -0.132136 -0.118482 0.984125
v -0.00324921 -0.00847926 0.0337456
vn -0.0910343 -0.250447 0.963841
v -0.00311539 -0.00434094 0.0345076
vn -0.0874095 -0.118941 0.989046
v -0.00460104 -0.00432762 0.0343456
vn -0.132136 -0.118482 0.984125
v -0.00479467 -0.00845323 0.0335704
vn -0.137497 -0.249391 0.958592
v -0.00324921 -0.00847926 0.0337456
vn -0.0910343 -0.250447 0.963841
v -0.00531722 -0.0144887 0.0314261
vn -0.152417 -0.404724 0.901647
v -0.00409566 -0.020104 0.0284436
vn -0.115125 -0.567541 0.815257
v -0.00361287 -0.0145591 0.0316307
vn -0.100903 -0.406897 0.907884
v -0.00531722 -0.0144887 0.0314261
vn -0.152417 -0.404724 0.901647
v -0.00606161 -0.0199633 0.0281952
vn -0.172928 -0.563197 0.808026
v -0.00409566 -0.020104 0.0284436
vn -0.115125 -0.567541 0.815257
v -0.00606161 -0.0199633 0.0281952
vn -0.172928 -0.563197 0.808026
v -0.00472459 -0.0248722 0.0243049
vn -0.130743 -0.706451 0.695582
v -0.00409566 -0.020104 0.0284436
vn -0.115125 -0.567541 0.815257
v -0.00606161 -0.0199633 0.0281952
vn -0.172928 -0.563197 0.808026
v -0.00689404 -0.0246481 0.0240229
vn -0.195939 -0.698734 0.688025
v -0.00472459 -0.0248722 0.0243049
vn -0.130743 -0.706451 0.695582
v -0.00324921 -0.00847926 0.0337456
vn -0.0910343 -0.250447 0.963841
v -0.00182224 -0.0146004 0.0317629
vn -0.0510263 -0.407929 0.911587
v -0.00164255 -0.00849177 0.0338574
vn -0.0459716 -0.250909 0.966919
v -0.00324921 -0.00847926 0.0337456
vn -0.0910343 -0.250447 0.963841
v -0.00361287 -0.0145591 0.0316307
vn -0.100903 -0.406897 0.907884
v -0.00182224 -0.0146004 0.0317629
vn -0.0510263 -0.407929 0.911587
v -0.00311539 -0.00434094 0.0345076
vn -0.0874095 -0.118941 0.989046
v -0.00164255 -0.00849177 0.0338574
vn -0.0459716 -0.250909 0.966919
v -0.00157469 -0.00434802 0.0346099
vn -0.044297 -0.11917 0.991885
v -0.00311539 -0.00434094 0.0345076
vn -0.0874095 -0.118941 0.989046
v -0.00324921 -0.00847926 0.0337456
vn -0.0910343 -0.250447 0.963841
v -0.00164255 -0.00849177 0.0338574
vn -0.0459716 -0.250909 0.966919
v -0.00361287 -0.0145591 0.0316307
vn -0.100903 -0.406897 0.907884
v -0.0020596 -0.0201782 0.0286101
vn -0.0580119 -0.569532 0.819919
v -0.00182224 -0.0146004 0.0317629
vn -0.0510263 -0.407929 0.911587
v -0.00361287 -0.0145591 0.0316307
vn -0.100903 -0.406897 0.907884
v -0.00409566 -0.020104 0.0284436
vn -0.115125 -0.567541 0.815257
v -0.0020596 -0.0201782 0.0286101
vn -0.0580119 -0.569532 0.819919
v -0.00409566 -0.020104 0.0284436
vn -0.115125 -0.567541 0.815257
v -0.0024004 -0.0249711 0.0245352
vn -0.0654856 -0.709631 0.701524
v -0.0020596 -0.0201782 0.0286101
vn -0.0580119 -0.569532 0.819919
v -0.00409566 -0.020104 0.0284436
vn -0.115125 -0.567541 0.815257
v -0.00472459 -0.0248722 0.0243049
vn -0.130743 -0.706451 0.695582
v -0.0024004 -0.0249711 0.0245352
vn -0.0654856 -0.709631 0.701524
v -0.0119974 -0.0139283 0.0298228
vn -0.341052 -0.394007 0.853488
v -0.00886652 -0.00831119 0.0327828
vn -0.248837 -0.248745 0.936059
v -0.0109536 -0.00818947 0.0321859
vn -0.311316 -0.244658 0.918273
v -0.0119974 -0.0139283 0.0298228
vn -0.341052 -0.394007 0.853488
v -0.00977562 -0.0141592 0.0305068
vn -0.275716 -0.397234 0.87532
v -0.00886652 -0.00831119 0.0327828
vn -0.248837 -0.248745 0.936059
v -0.0181671 -0.0288701 0.008167
vn -0.494406 -0.839817 0.224208
v -0.0146271 -0.0287717 0.0137161
vn -0.40894 -0.826251 0.387398
v -0.0173123 -0.0276522 0.0129659
vn -0.473557 -0.802367 0.363249
v -0.0181671 -0.0288701 0.008167
vn -0.494406 -0.839817 0.224208
v -0.0154239 -0.0302306 0.00869477
vn -0.431628 -0.869388 0.240543
v -0.0146271 -0.0287717 0.0137161
vn -0.40894 -0.826251 0.387398
v -0.00842588 7.37612e-09 0.0338945
vn -0.237677 -1.84165e-06 0.971344
v -0.00649412 -0.00430326 0.0340475
vn -0.184223 -0.118542 0.97571
v -0.00640678 7.37612e-09 0.0343256
vn -0.18106 -2.78548e-06 0.983472
v -0.00842588 7.37612e-09 0.0338945
vn -0.237677 -1.84165e-06 0.971344
v -0.0085365 -0.00427129 0.0336064
vn -0.239861 -0.117762 0.963638
v -0.00649412 -0.00430326 0.0340475
vn -0.184223 -0.118542 0.97571
v -0.00182224 -0.0146004 0.0317629
vn -0.0510263 -0.407929 0.911587
v 3.1665e-08 -0.0201963 0.0286713
vn -1.91283e-06 -0.569996 0.821647
v -5.837e-09 -0.0146132 0.031809
vn -9.32049e-06 -0.408219 0.912884
v -0.00182224 -0.0146004 0.0317629
vn -0.0510263 -0.407929 0.911587
v -0.0020596 -0.0201782 0.0286101
vn -0.0580119 -0.569532 0.819919
v 3.1665e-08 -0.0201963 0.0286713
vn -1.91283e-06 -0.569996 0.821647
v -0.00164255 -0.00849177 0.0338574
vn -0.0459716 -0.250909 0.966919
v -5.837e-09 -0.0146132 0.031809
vn -9.32049e-06 -0.408219 0.912884
v 3.1665e-08 -0.00849458 0.033896
vn 2.62146e-05 -0.251027 0.96798
v -0.00164255 -0.00849177 0.0338574
vn -0.0459716 -0.250909 0.966919
v -0.00182224 -0.0146004 0.0317629
vn -0.0510263 -0.407929 0.911587
v -5.837e-09 -0.0146132 0.031809
vn -9.32049e-06 -0.408219 0.912884
v -0.0177845 -0.0175778 0.024888
vn -0.428283 -0.532435 0.730128
v -0.0203625 -0.0206941 0.0202326
vn -0.607731 -0.537435 0.58466
v -0.0192566 -0.0213564 0.0206533
vn -0.484495 -0.625583 0.611482
v -0.0177845 -0.0175778 0.024888
vn -0.428283 -0.532435 0.730128
v -0.0190633 -0.0170316 0.0244667
vn -0.548391 -0.472695 0.689802
v -0.0203625 -0.0206941 0.0202326
vn -0.607731 -0.537435 0.58466
v -0.00157469 -0.00434802 0.0346099
vn -0.044297 -0.11917 0.991885
v 3.1665e-08 -0.00849458 0.033896
vn 2.62146e-05 -0.251027 0.96798
v 3.1665e-08 -0.00435 0.0346453
vn -1.07116e-05 -0.119272 0.992862
v -0.00157469 -0.00434802 0.0346099
vn -0.044297 -0.11917 0.991885
v -0.00164255 -0.00849177 0.0338574
vn -0.0459716 -0.250909 0.966919
v 3.1665e-08 -0.00849458 0.033896
vn 2.62146e-05 -0.251027 0.96798
v -0.00154861 7.37612e-09 0.0348735
vn -0.043606 -1.52575e-06 0.999049
v 3.1665e-08 -0.00435 0.0346453
vn -1.07116e-05 -0.119272 0.992862
v 3.1665e-08 7.37612e-09 0.0349077
vn -4.31518e-06 -3.56774e-08 1
v -0.00154861 7.37612e-09 0.0348735
vn -0.043606 -1.52575e-06 0.999049
v -0.00157469 -0.00434802 0.0346099
vn -0.044297 -0.11917 0.991885
v 3.1665e-08 -0.00435 0.0346453
vn -1.07116e-05 -0.119272 0.992862
v -0.00306574 3.65083e-09 0.0347743
vn -0.0859375 -1.10946e-06 0.996301
v -0.00157469 -0.00434802 0.0346099
vn -0.044297 -0.11917 0.991885
v -0.00154861 7.37612e-09 0.0348735
vn -0.043606 -1.52575e-06 0.999049
v -0.00306574 3.65083e-09 0.0347743
vn -0.0859375 -1.10946e-06 0.996301
v -0.00311539 -0.00434094 0.0345076
vn -0.0874095 -0.118941 0.989046
v -0.00157469 -0.00434802 0.0346099
vn -0.044297 -0.11917 0.991885
v -0.00453169 7.37612e-09 0.0346169
vn -0.130035 -5.11164e-06 0.991509
v -0.00311539 -0.00434094 0.0345076
vn -0.0874095 -0.118941 0.989046
v -0.00306574 3.65083e-09 0.0347743
vn -0.0859375 -1.10946e-06 0.996301
v -0.00453169 7.37612e-09 0.0346169
vn -0.130035 -5.11164e-06 0.991509
v -0.00460104 -0.00432762 0.0343456
vn -0.132136 -0.118482 0.984125
v -0.00311539 -0.00434094 0.0345076
vn -0.0874095 -0.118941 0.989046
v -0.00640678 7.37612e-09 0.0343256
vn -0.18106 -2.78548e-06 0.983472
v -0.00460104 -0.00432762 0.0343456
vn -0.132136 -0.118482 0.984125
v -0.00453169 7.37612e-09 0.0346169
vn -0.130035 -5.11164e-06 0.991509
v -0.00640678 7.37612e-09 0.0343256
vn -0.18106 -2.78548e-06 0.983472
v -0.00649412 -0.00430326 0.0340475
vn -0.184223 -0.118542 0.97571
v -0.00460104 -0.00432762 0.0343456
vn -0.132136 -0.118482 0.984125
v -0.0085365 -0.00427129 0.0336064
vn -0.239861 -0.117762 0.963638
v -0.0104506 7.37612e-09 0.0333336
vn -0.299802 3.77585e-06 0.954002
v -0.0105922 -0.00422556 0.0330305
vn -0.3031 -0.114885 0.946008
v -0.0085365 -0.00427129 0.0336064
vn -0.239861 -0.117762 0.963638
v -0.00842588 7.37612e-09 0.0338945
vn -0.237677 -1.84165e-06 0.971344
v -0.0104506 7.37612e-09 0.0333336
vn -0.299802 3.77585e-06 0.954002
v -0.0105432 -0.027299 0.0193552
vn -0.29274 -0.787343 0.542582
v -0.0123229 -0.0236795 0.0228343
vn -0.348656 -0.666348 0.659104
v -0.0135043 -0.0265307 0.0186208
vn -0.379822 -0.762127 0.524308
v -0.0105432 -0.027299 0.0193552
vn -0.29274 -0.787343 0.542582
v -0.00959195 -0.0242337 0.0235302
vn -0.271617 -0.683447 0.677587
v -0.0123229 -0.0236795 0.0228343
vn -0.348656 -0.666348 0.659104
v -0.0128317 -0.0324262 0.00306532
vn -0.365585 -0.926362 0.0905616
v -0.00897033 -0.0324718 0.00950809
vn -0.261314 -0.928566 0.263592
v -0.0122081 -0.0315079 0.00914146
vn -0.341924 -0.905718 0.250526
v -0.0128317 -0.0324262 0.00306532
vn -0.365585 -0.926362 0.0905616
v -0.00951717 -0.0335712 0.00321645
vn -0.286541 -0.952934 0.099049
v -0.00897033 -0.0324718 0.00950809
vn -0.261314 -0.928566 0.263592
v -0.00951717 -0.0335712 0.00321645
vn -0.286541 -0.952934 0.099049
v -0.00618416 -0.0330681 0.00972119
vn -0.179948 -0.944399 0.275189
v -0.00897033 -0.0324718 0.00950809
vn -0.261314 -0.928566 0.263592
v -0.00951717 -0.0335712 0.00321645
vn -0.286541 -0.952934 0.099049
v -0.00661794 -0.0343043 0.00330533
vn -0.201302 -0.97418 0.102233
v -0.00618416 -0.0330681 0.00972119
vn -0.179948 -0.944399 0.275189
v -0.00661794 -0.0343043 0.00330533
vn -0.201302 -0.97418 0.102233
v -0.00315785 -0.0334686 0.0098657
vn -0.0938862 -0.953919 0.284996
v -0.00618416 -0.0330681 0.00972119
vn -0.179948 -0.944399 0.275189
v -0.00661794 -0.0343043 0.00330533
vn -0.201302 -0.97418 0.102233
v -0.00340742 -0.0348129 0.00337584
vn -0.106722 -0.98888 0.103567
v -0.00315785 -0.0334686 0.0098657
vn -0.0938862 -0.953919 0.284996
v -0.0122081 -0.0315079 0.00914146
vn -0.341924 -0.905718 0.250526
v -0.0146271 -0.0287717 0.0137161
vn -0.40894 -0.826251 0.387398
v -0.0154239 -0.0302306 0.00869477
vn -0.431628 -0.869388 0.240543
v -0.0122081 -0.0315079 0.00914146
vn -0.341924 -0.905718 0.250526
v -0.0114723 -0.0298403 0.0143206
vn -0.31894 -0.857715 0.403241
v -0.0146271 -0.0287717 0.0137161
vn -0.40894 -0.826251 0.387398
v -0.0173123 -0.0276522 0.0129659
vn -0.473557 -0.802367 0.363249
v -0.0135043 -0.0265307 0.0186208
vn -0.379822 -0.762127 0.524308
v -0.0161763 -0.0255649 0.0178747
vn -0.443355 -0.741842 0.503098
v -0.0173123 -0.0276522 0.0129659
vn -0.473557 -0.802367 0.363249
v -0.0146271 -0.0287717 0.0137161
vn -0.40894 -0.826251 0.387398
v -0.0135043 -0.0265307 0.0186208
vn -0.379822 -0.762127 0.524308
v -0.00897033 -0.0324718 0.00950809
vn -0.261314 -0.928566 0.263592
v -0.0114723 -0.0298403 0.0143206
vn -0.31894 -0.857715 0.403241
v -0.0122081 -0.0315079 0.00914146
vn -0.341924 -0.905718 0.250526
v -0.00897033 -0.0324718 0.00950809
vn -0.261314 -0.928566 0.263592
v -0.00837366 -0.0306029 0.0147926
vn -0.236583 -0.876665 0.418911
v -0.0114723 -0.0298403 0.0143206
vn -0.31894 -0.857715 0.403241
v -0.00618416 -0.0330681 0.00972119
vn -0.179948 -0.944399 0.275189
v -0.00837366 -0.0306029 0.0147926
vn -0.236583 -0.876665 0.418911
v -0.00897033 -0.0324718 0.00950809
vn -0.261314 -0.928566 0.263592
v -0.00618416 -0.0330681 0.00972119
vn -0.179948 -0.944399 0.275189
v -0.00575317 -0.0310608 0.0150581
vn -0.159869 -0.889118 0.428848
v -0.00837366 -0.0306029 0.0147926
vn -0.236583 -0.876665 0.418911
v -0.00315785 -0.0334686 0.0098657
vn -0.0938862 -0.953919 0.284996
v -0.00575317 -0.0310608 0.0150581
vn -0.159869 -0.889118 0.428848
v -0.00618416 -0.0330681 0.00972119
vn -0.179948 -0.944399 0.275189
v -0.00315785 -0.0334686 0.0098657
vn -0.0938862 -0.953919 0.284996
v -0.00293005 -0.0313605 0.0152369
vn -0.0812581 -0.896415 0.435703
v -0.00575317 -0.0310608 0.0150581
vn -0.159869 -0.889118 0.428848
v -0.0114723 -0.0298403 0.0143206
vn -0.31894 -0.857715 0.403241
v -0.0135043 -0.0265307 0.0186208
vn -0.379822 -0.762127 0.524308
v -0.0146271 -0.0287717 0.0137161
vn -0.40894 -0.826251 0.387398
v -0.0114723 -0.0298403 0.0143206
vn -0.31894 -0.857715 0.403241
v -0.0105432 -0.027299 0.0193552
vn -0.29274 -0.787343 0.542582
v -0.0135043 -0.0265307 0.0186208
vn -0.379822 -0.762127 0.524308
v -0.0154239 -0.0302306 0.00869477
vn -0.431628 -0.869388 0.240543
v -0.018751 -0.0295084 0.002636
vn -0.502489 -0.860892 0.0798111
v -0.0160658 -0.0309852 0.00287593
vn -0.44933 -0.889359 0.0845249
v -0.0154239 -0.0302306 0.00869477
vn -0.431628 -0.869388 0.240543
v -0.0181671 -0.0288701 0.008167
vn -0.494406 -0.839817 0.224208
v -0.018751 -0.0295084 0.002636
vn -0.502489 -0.860892 0.0798111
v -0.00837366 -0.0306029 0.0147926
vn -0.236583 -0.876665 0.418911
v -0.0105432 -0.027299 0.0193552
vn -0.29274 -0.787343 0.542582
v -0.0114723 -0.0298403 0.0143206
vn -0.31894 -0.857715 0.403241
v -0.00837366 -0.0306029 0.0147926
vn -0.236583 -0.876665 0.418911
v -0.00764642 -0.02785 0.0198865
vn -0.2145 -0.802489 0.556778
v -0.0105432 -0.027299 0.0193552
vn -0.29274 -0.787343 0.542582
v -0.00575317 -0.0310608 0.0150581
vn -0.159869 -0.889118 0.428848
v -0.00764642 -0.02785 0.0198865
vn -0.2145 -0.802489 0.556778
v -0.00837366 -0.0306029 0.0147926
vn -0.236583 -0.876665 0.418911
v -0.00575317 -0.0310608 0.0150581
vn -0.159869 -0.889118 0.428848
v -0.00522022 -0.02819 0.0201651
vn -0.142799 -0.812965 0.564532
v -0.00764642 -0.02785 0.0198865
vn -0.2145 -0.802489 0.556778
v -0.00293005 -0.0313605 0.0152369
vn -0.0812581 -0.896415 0.435703
v -0.00522022 -0.02819 0.0201651
vn -0.142799 -0.812965 0.564532
v -0.00575317 -0.0310608 0.0150581
vn -0.159869 -0.889118 0.428848
v -0.00293005 -0.0313605 0.0152369
vn -0.0812581 -0.896415 0.435703
v -0.00264622 -0.0283869 0.0203719
vn -0.0712888 -0.817877 0.57096
v -0.00522022 -0.02819 0.0201651
vn -0.142799 -0.812965 0.564532
v -0.016119 -0.0224656 -0.0224351
vn -0.420497 -0.683202 -0.597007
v -0.0133478 -0.0205697 -0.0255923
vn -0.427089 -0.433703 -0.793408
v -0.0129889 -0.021746 -0.0249982
vn -0.33182 -0.633514 -0.698968
v -0.016119 -0.0224656 -0.0224351
vn -0.420497 -0.683202 -0.597007
v -0.01661 -0.0213907 -0.0230094
vn -0.571341 -0.44918 -0.686882
v -0.0133478 -0.0205697 -0.0255923
vn -0.427089 -0.433703 -0.793408
v -0.0161763 -0.0255649 0.0178747
vn -0.443355 -0.741842 0.503098
v -0.0123229 -0.0236795 0.0228343
vn -0.348656 -0.666348 0.659104
v -0.0148576 -0.0230121 0.0220134
vn -0.412306 -0.655276 0.632943
v -0.0161763 -0.0255649 0.0178747
vn -0.443355 -0.741842 0.503098
v -0.0135043 -0.0265307 0.0186208
vn -0.379822 -0.762127 0.524308
v -0.0123229 -0.0236795 0.0228343
vn -0.348656 -0.666348 0.659104
v -0.00764642 -0.02785 0.0198865
vn -0.2145 -0.802489 0.556778
v -0.00959195 -0.0242337 0.0235302
vn -0.271617 -0.683447 0.677587
v -0.0105432 -0.027299 0.0193552
vn -0.29274 -0.787343 0.542582
v -0.00764642 -0.02785 0.0198865
vn -0.2145 -0.802489 0.556778
v -0.00689404 -0.0246481 0.0240229
vn -0.195939 -0.698734 0.688025
v -0.00959195 -0.0242337 0.0235302
vn -0.271617 -0.683447 0.677587
v -0.00522022 -0.02819 0.0201651
vn -0.142799 -0.812965 0.564532
v -0.00689404 -0.0246481 0.0240229
vn -0.195939 -0.698734 0.688025
v -0.00764642 -0.02785 0.0198865
vn -0.2145 -0.802489 0.556778
v -0.00522022 -0.02819 0.0201651
vn -0.142799 -0.812965 0.564532
v -0.00472459 -0.0248722 0.0243049
vn -0.130743 -0.706451 0.695582
v -0.00689404 -0.0246481 0.0240229
vn -0.195939 -0.698734 0.688025
v -0.00264622 -0.0283869 0.0203719
vn -0.0712888 -0.817877 0.57096
v -0.00472459 -0.0248722 0.0243049
vn -0.130743 -0.706451 0.695582
v -0.00522022 -0.02819 0.0201651
vn -0.142799 -0.812965 0.564532
v -0.00264622 -0.0283869 0.0203719
vn -0.0712888 -0.817877 0.57096
v -0.0024004 -0.0249711 0.0245352
vn -0.0654856 -0.709631 0.701524
v -0.00472459 -0.0248722 0.0243049
vn -0.130743 -0.706451 0.695582
v 3.1665e-08 -0.035 0.00340699
vn -0.0001519 -0.994631 0.103489
v -0.00315785 -0.0334686 0.0098657
vn -0.0938862 -0.953919 0.284996
v -0.00340742 -0.0348129 0.00337584
vn -0.106722 -0.98888 0.103567
v 3.1665e-08 -0.035 0.00340699
vn -0.0001519 -0.994631 0.103489
v 3.1665e-08 -0.0336081 0.00992285
vn 3.02977e-06 -0.957119 0.289696
v -0.00315785 -0.0334686 0.0098657
vn -0.0938862 -0.953919 0.284996
v -0.0237012 -0.0262968 0.00171614
vn -0.794412 -0.606444 0.0337078
v -0.0223783 -0.026575 0.00721027
vn -0.535277 -0.820557 0.200413
v -0.0233582 -0.0258642 0.00694926
vn -0.713662 -0.677557 0.17777
v -0.0237012 -0.0262968 0.00171614
vn -0.794412 -0.606444 0.0337078
v -0.0228191 -0.0271572 0.00192243
vn -0.597942 -0.799881 0.0515264
v -0.0223783 -0.026575 0.00721027
vn -0.535277 -0.820557 0.200413
v 3.1665e-08 -0.0336081 0.00992285
vn 3.02977e-06 -0.957119 0.289696
v -0.00293005 -0.0313605 0.0152369
vn -0.0812581 -0.896415 0.435703
v -0.00315785 -0.0334686 0.0098657
vn -0.0938862 -0.953919 0.284996
v 3.1665e-08 -0.0336081 0.00992285
vn 3.02977e-06 -0.957119 0.289696
v 3.1665e-08 -0.0314674 0.0152949
vn 6.46075e-06 -0.898937 0.438078
v -0.00293005 -0.0313605 0.0152369
vn -0.0812581 -0.896415 0.435703
v 3.1665e-08 -0.0314674 0.0152949
vn 6.46075e-06 -0.898937 0.438078
v -0.00264622 -0.0283869 0.0203719
vn -0.0712888 -0.817877 0.57096
v -0.00293005 -0.0313605 0.0152369
vn -0.0812581 -0.896415 0.435703
v 3.1665e-08 -0.0314674 0.0152949
vn 6.46075e-06 -0.898937 0.438078
v 3.1665e-08 -0.0284614 0.0204329
vn 1.22635e-05 -0.819592 0.572948
v -0.00264622 -0.0283869 0.0203719
vn -0.0712888 -0.817877 0.57096
v 3.1665e-08 -0.0250148 0.0246042
vn 2.36613e-05 -0.71148 0.702706
v -0.00264622 -0.0283869 0.0203719
vn -0.0712888 -0.817877 0.57096
v 3.1665e-08 -0.0284614 0.0204329
vn 1.22635e-05 -0.819592 0.572948
v 3.1665e-08 -0.0250148 0.0246042
vn 2.36613e-05 -0.71148 0.702706
v -0.0024004 -0.0249711 0.0245352
vn -0.0654856 -0.709631 0.701524
v -0.00264622 -0.0283869 0.0203719
vn -0.0712888 -0.817877 0.57096
v -0.0154436 -0.00765608 0.0305777
vn -0.359573 -0.246453 0.899982
v -0.0178814 -0.0125742 0.0277963
vn -0.529798 -0.334277 0.77947
v -0.0165022 -0.0129666 0.0283183
vn -0.381846 -0.394174 0.835955
v -0.0154436 -0.00765608 0.0305777
vn -0.359573 -0.246453 0.899982
v -0.01699 -0.00736422 0.0300394
vn -0.468454 -0.236019 0.851379
v -0.0178814 -0.0125742 0.0277963
vn -0.529798 -0.334277 0.77947
v -0.0190633 -0.0170316 0.0244667
vn -0.548391 -0.472695 0.689802
v -0.0210759 -0.0202264 0.0198096
vn -0.571414 -0.573601 0.586915
v -0.0203625 -0.0206941 0.0202326
vn -0.607731 -0.537435 0.58466
v -0.0190633 -0.0170316 0.0244667
vn -0.548391 -0.472695 0.689802
v -0.019864 -0.0165947 0.0239578
vn -0.553499 -0.471605 0.686461
v -0.0210759 -0.0202264 0.0198096
vn -0.571414 -0.573601 0.586915
v -0.0151073 -0.00393724 0.0314749
vn -0.308824 -0.131698 0.941957
v -0.01699 -0.00736422 0.0300394
vn -0.468454 -0.236019 0.851379
v -0.0154436 -0.00765608 0.0305777
vn -0.359573 -0.246453 0.899982
v -0.0151073 -0.00393724 0.0314749
vn -0.308824 -0.131698 0.941957
v -0.0167213 -0.00379016 0.0310079
vn -0.46404 -0.105194 0.879546
v -0.01699 -0.00736422 0.0300394
vn -0.468454 -0.236019 0.851379
v -0.0149861 7.37612e-09 0.0317428
vn -0.339623 5.18296e-05 0.940562
v -0.0167213 -0.00379016 0.0310079
vn -0.46404 -0.105194 0.879546
v -0.0151073 -0.00393724 0.0314749
vn -0.308824 -0.131698 0.941957
v -0.0149861 7.37612e-09 0.0317428
vn -0.339623 5.18296e-05 0.940562
v -0.016528 7.37612e-09 0.0311065
vn -0.487791 0.0009491 0.87296
v -0.0167213 -0.00379016 0.0310079
vn -0.46404 -0.105194 0.879546
v -0.0190633 -0.0170316 0.0244667
vn -0.548391 -0.472695 0.689802
v -0.0165022 -0.0129666 0.0283183
vn -0.381846 -0.394174 0.835955
v -0.0178814 -0.0125742 0.0277963
vn -0.529798 -0.334277 0.77947
v -0.0190633 -0.0170316 0.0244667
vn -0.548391 -0.472695 0.689802
v -0.0177845 -0.0175778 0.024888
vn -0.428283 -0.532435 0.730128
v -0.0165022 -0.0129666 0.0283183
vn -0.381846 -0.394174 0.835955
v -0.01699 -0.00736422 0.0300394
vn -0.468454 -0.236019 0.851379
v -0.0187417 -0.0121259 0.0271865
vn -0.542171 -0.325461 0.774677
v -0.0178814 -0.0125742 0.0277963
vn -0.529798 -0.334277 0.77947
v -0.01699 -0.00736422 0.0300394
vn -0.468454 -0.236019 0.851379
v -0.0179156 -0.00710748 0.0294199
vn -0.521441 -0.220832 0.824216
v -0.0187417 -0.0121259 0.0271865
vn -0.542171 -0.325461 0.774677
v -0.0187417 -0.0121259 0.0271865
vn -0.542171 -0.325461 0.774677
v -0.0189524 -0.0069277 0.0289425
vn -0.457511 -0.232058 0.85839
v -0.0197075 -0.0119209 0.026792
vn -0.470084 -0.367998 0.802246
v -0.0187417 -0.0121259 0.0271865
vn -0.542171 -0.325461 0.774677
v -0.0179156 -0.00710748 0.0294199
vn -0.521441 -0.220832 0.824216
v -0.0189524 -0.0069277 0.0289425
vn -0.457511 -0.232058 0.85839
v -0.0167213 -0.00379016 0.0310079
vn -0.46404 -0.105194 0.879546
v -0.0179156 -0.00710748 0.0294199
vn -0.521441 -0.220832 0.824216
v -0.01699 -0.00736422 0.0300394
vn -0.468454 -0.236019 0.851379
v -0.0167213 -0.00379016 0.0310079
vn -0.46404 -0.105194 0.879546
v -0.0176575 -0.00364364 0.0302576
vn -0.55159 -0.0803071 0.83024
v -0.0179156 -0.00710748 0.0294199
vn -0.521441 -0.220832 0.824216
v -0.016528 7.37612e-09 0.0311065
vn -0.487791 0.0009491 0.87296
v -0.0176575 -0.00364364 0.0302576
vn -0.55159 -0.0803071 0.83024
v -0.0167213 -0.00379016 0.0310079
vn -0.46404 -0.105194 0.879546
v -0.016528 7.37612e-09 0.0311065
vn -0.487791 0.0009491 0.87296
v -0.0174776 7.37612e-09 0.0304217
vn -0.524872 0.00259102 0.851177
v -0.0176575 -0.00364364 0.0302576
vn -0.55159 -0.0803071 0.83024
v -0.0204867 -0.0237896 0.01656
vn -0.470632 -0.73925 0.481679
v -0.0226911 -0.0248675 0.0115335
vn -0.685754 -0.655009 0.31734
v -0.0216314 -0.0255548 0.0118447
vn -0.495507 -0.801886 0.333845
v -0.0204867 -0.0237896 0.01656
vn -0.470632 -0.73925 0.481679
v -0.0216351 -0.0231649 0.0161994
vn -0.653468 -0.604425 0.455687
v -0.0226911 -0.0248675 0.0115335
vn -0.685754 -0.655009 0.31734
v -0.0178814 -0.0125742 0.0277963
vn -0.529798 -0.334277 0.77947
v -0.019864 -0.0165947 0.0239578
vn -0.553499 -0.471605 0.686461
v -0.0190633 -0.0170316 0.0244667
vn -0.548391 -0.472695 0.689802
v -0.0178814 -0.0125742 0.0277963
vn -0.529798 -0.334277 0.77947
v -0.0187417 -0.0121259 0.0271865
vn -0.542171 -0.325461 0.774677
v -0.019864 -0.0165947 0.0239578
vn -0.553499 -0.471605 0.686461
v -0.0226911 -0.0248675 0.0115335
vn -0.685754 -0.655009 0.31734
v -0.0238646 -0.0252104 0.00670864
vn -0.761233 -0.627313 0.164322
v -0.0233582 -0.0258642 0.00694926
vn -0.713662 -0.677557 0.17777
v -0.0226911 -0.0248675 0.0115335
vn -0.685754 -0.655009 0.31734
v -0.0232287 -0.0242668 0.0112283
vn -0.736343 -0.60548 0.301982
v -0.0238646 -0.0252104 0.00670864
vn -0.761233 -0.627313 0.164322
v -0.0216314 -0.0255548 0.0118447
vn -0.495507 -0.801886 0.333845
v -0.0233582 -0.0258642 0.00694926
vn -0.713662 -0.677557 0.17777
v -0.0223783 -0.026575 0.00721027
vn -0.535277 -0.820557 0.200413
v -0.0216314 -0.0255548 0.0118447
vn -0.495507 -0.801886 0.333845
v -0.0226911 -0.0248675 0.0115335
vn -0.685754 -0.655009 0.31734
v -0.0233582 -0.0258642 0.00694926
vn -0.713662 -0.677557 0.17777
v -0.0203625 -0.0206941 0.0202326
vn -0.607731 -0.537435 0.58466
v -0.0204867 -0.0237896 0.01656
vn -0.470632 -0.73925 0.481679
v -0.0192566 -0.0213564 0.0206533
vn -0.484495 -0.625583 0.611482
v -0.0203625 -0.0206941 0.0202326
vn -0.607731 -0.537435 0.58466
v -0.0216351 -0.0231649 0.0161994
vn -0.653468 -0.604425 0.455687
v -0.0204867 -0.0237896 0.01656
vn -0.470632 -0.73925 0.481679
v -0.0237012 -0.0262968 0.00171614
vn -0.794412 -0.606444 0.0337078
v -0.0238646 -0.0252104 0.00670864
vn -0.761233 -0.627313 0.164322
v -0.0240934 -0.0255754 0.00149966
vn -0.760224 -0.649052 0.028128
v -0.0237012 -0.0262968 0.00171614
vn -0.794412 -0.606444 0.0337078
v -0.0233582 -0.0258642 0.00694926
vn -0.713662 -0.677557 0.17777
v -0.0238646 -0.0252104 0.00670864
vn -0.761233 -0.627313 0.164322
v -0.0216351 -0.0231649 0.0161994
vn -0.653468 -0.604425 0.455687
v -0.0232287 -0.0242668 0.0112283
vn -0.736343 -0.60548 0.301982
v -0.0226911 -0.0248675 0.0115335
vn -0.685754 -0.655009 0.31734
v -0.0216351 -0.0231649 0.0161994
vn -0.653468 -0.604425 0.455687
v -0.0222489 -0.0225089 0.015819
vn -0.69543 -0.571425 0.435719
v -0.0232287 -0.0242668 0.0112283
vn -0.736343 -0.60548 0.301982
v -0.0216351 -0.0231649 0.0161994
vn -0.653468 -0.604425 0.455687
v -0.0210759 -0.0202264 0.0198096
vn -0.571414 -0.573601 0.586915
v -0.0222489 -0.0225089 0.015819
vn -0.69543 -0.571425 0.435719
v -0.0216351 -0.0231649 0.0161994
vn -0.653468 -0.604425 0.455687
v -0.0203625 -0.0206941 0.0202326
vn -0.607731 -0.537435 0.58466
v -0.0210759 -0.0202264 0.0198096
vn -0.571414 -0.573601 0.586915
v -0.0222489 -0.0225089 0.015819
vn -0.69543 -0.571425 0.435719
v -0.0219788 -0.0198058 0.019581
vn -0.520858 -0.620141 0.586628
v -0.0229955 -0.0219963 0.0155376
vn -0.604132 -0.66418 0.44033
v -0.0222489 -0.0225089 0.015819
vn -0.69543 -0.571425 0.435719
v -0.0210759 -0.0202264 0.0198096
vn -0.571414 -0.573601 0.586915
v -0.0219788 -0.0198058 0.019581
vn -0.520858 -0.620141 0.586628
v -0.0225703 -0.0266169 -0.00667922
vn -0.579607 -0.794067 -0.183065
v -0.0225773 -0.0250389 -0.0109119
vn -0.735438 -0.599552 -0.315703
v -0.0219563 -0.0258017 -0.0106262
vn -0.585974 -0.756673 -0.289967
v -0.0225703 -0.0266169 -0.00667922
vn -0.579607 -0.794067 -0.183065
v -0.0233204 -0.0257998 -0.00698554
vn -0.762214 -0.618231 -0.191885
v -0.0225773 -0.0250389 -0.0109119
vn -0.735438 -0.599552 -0.315703
v -0.0225773 -0.0250389 -0.0109119
vn -0.735438 -0.599552 -0.315703
v -0.0214789 -0.0229288 -0.0157031
vn -0.670246 -0.586118 -0.455232
v -0.0212318 -0.023855 -0.0156041
vn -0.773704 -0.448392 -0.447578
v -0.0225773 -0.0250389 -0.0109119
vn -0.735438 -0.599552 -0.315703
v -0.0230024 -0.0243092 -0.0111014
vn -0.682782 -0.648115 -0.337277
v -0.0214789 -0.0229288 -0.0157031
vn -0.670246 -0.586118 -0.455232
v -0.0219563 -0.0258017 -0.0106262
vn -0.585974 -0.756673 -0.289967
v -0.0212318 -0.023855 -0.0156041
vn -0.773704 -0.448392 -0.447578
v -0.020691 -0.0247001 -0.0152696
vn -0.550431 -0.725064 -0.413894
v -0.0219563 -0.0258017 -0.0106262
vn -0.585974 -0.756673 -0.289967
v -0.0225773 -0.0250389 -0.0109119
vn -0.735438 -0.599552 -0.315703
v -0.0212318 -0.023855 -0.0156041
vn -0.773704 -0.448392 -0.447578
v -0.0235616 -0.0262098 -0.00320738
vn -0.755283 -0.651911 -0.0675276
v -0.0225703 -0.0266169 -0.00667922
vn -0.579607 -0.794067 -0.183065
v -0.0226913 -0.0270111 -0.00299766
vn -0.588652 -0.804939 -0.0745815
v -0.0235616 -0.0262098 -0.00320738
vn -0.755283 -0.651911 -0.0675276
v -0.0233204 -0.0257998 -0.00698554
vn -0.762214 -0.618231 -0.191885
v -0.0225703 -0.0266169 -0.00667922
vn -0.579607 -0.794067 -0.183065
v -0.0191999 -0.0223776 -0.0194791
vn -0.672544 -0.477631 -0.565291
v -0.0214789 -0.0229288 -0.0157031
vn -0.670246 -0.586118 -0.455232
v -0.0194851 -0.0215914 -0.0197198
vn -0.564241 -0.614074 -0.551856
v -0.0191999 -0.0223776 -0.0194791
vn -0.672544 -0.477631 -0.565291
v -0.0212318 -0.023855 -0.0156041
vn -0.773704 -0.448392 -0.447578
v -0.0214789 -0.0229288 -0.0157031
vn -0.670246 -0.586118 -0.455232
v -0.0233204 -0.0257998 -0.00698554
vn -0.762214 -0.618231 -0.191885
v -0.0230024 -0.0243092 -0.0111014
vn -0.682782 -0.648115 -0.337277
v -0.0225773 -0.0250389 -0.0109119
vn -0.735438 -0.599552 -0.315703
v -0.0233204 -0.0257998 -0.00698554
vn -0.762214 -0.618231 -0.191885
v -0.02373 -0.025082 -0.00717305
vn -0.730133 -0.65357 -0.199379
v -0.0230024 -0.0243092 -0.0111014
vn -0.682782 -0.648115 -0.337277
v -0.0235616 -0.0262098 -0.00320738
vn -0.755283 -0.651911 -0.0675276
v -0.0240934 -0.0255754 0.00149966
vn -0.760224 -0.649052 0.028128
v -0.0240527 -0.0254628 -0.00336671
vn -0.718981 -0.691216 -0.0727081
v -0.0235616 -0.0262098 -0.00320738
vn -0.755283 -0.651911 -0.0675276
v -0.0237012 -0.0262968 0.00171614
vn -0.794412 -0.606444 0.0337078
v -0.0240934 -0.0255754 0.00149966
vn -0.760224 -0.649052 0.028128
v -0.0240527 -0.0254628 -0.00336671
vn -0.718981 -0.691216 -0.0727081
v -0.0247984 -0.0250512 0.00137073
vn -0.608786 -0.792268 0.0411204
v -0.0247051 -0.0249716 -0.00354372
vn -0.61041 -0.787844 -0.081864
v -0.0240527 -0.0254628 -0.00336671
vn -0.718981 -0.691216 -0.0727081
v -0.0240934 -0.0255754 0.00149966
vn -0.760224 -0.649052 0.028128
v -0.0247984 -0.0250512 0.00137073
vn -0.608786 -0.792268 0.0411204
v -0.0096672 -0.0210709 -0.0267649
vn -0.254561 -0.615813 -0.745636
v -0.00697059 -0.0196263 -0.0285696
vn -0.237294 -0.401226 -0.884709
v -0.00677087 -0.0208336 -0.0278453
vn -0.187947 -0.60958 -0.770122
v -0.0096672 -0.0210709 -0.0267649
vn -0.254561 -0.615813 -0.745636
v -0.00993339 -0.0199031 -0.0274181
vn -0.325065 -0.417961 -0.848317
v -0.00697059 -0.0196263 -0.0285696
vn -0.237294 -0.401226 -0.884709
v -0.00697059 -0.0196263 -0.0285696
vn -0.237294 -0.401226 -0.884709
v -0.00360883 -0.0183625 -0.0296492
vn -0.0912297 -0.509681 -0.855513
v -0.00355571 -0.0194426 -0.0292957
vn -0.107479 -0.417893 -0.902116
v -0.00697059 -0.0196263 -0.0285696
vn -0.237294 -0.401226 -0.884709
v -0.00705307 -0.0185791 -0.0288532
vn -0.204323 -0.535139 -0.819681
v -0.00360883 -0.0183625 -0.0296492
vn -0.0912297 -0.509681 -0.855513
v -0.00677087 -0.0208336 -0.0278453
vn -0.187947 -0.60958 -0.770122
v -0.00355571 -0.0194426 -0.0292957
vn -0.107479 -0.417893 -0.902116
v -0.00346787 -0.0206613 -0.0285795
vn -0.0748434 -0.602589 -0.794534
v -0.00677087 -0.0208336 -0.0278453
vn -0.187947 -0.60958 -0.770122
v -0.00697059 -0.0196263 -0.0285696
vn -0.237294 -0.401226 -0.884709
v -0.00355571 -0.0194426 -0.0292957
vn -0.107479 -0.417893 -0.902116
v -0.0129889 -0.021746 -0.0249982
vn -0.33182 -0.633514 -0.698968
v -0.00993339 -0.0199031 -0.0274181
vn -0.325065 -0.417961 -0.848317
v -0.0096672 -0.0210709 -0.0267649
vn -0.254561 -0.615813 -0.745636
v -0.0129889 -0.021746 -0.0249982
vn -0.33182 -0.633514 -0.698968
v -0.0133478 -0.0205697 -0.0255923
vn -0.427089 -0.433703 -0.793408
v -0.00993339 -0.0199031 -0.0274181
vn -0.325065 -0.417961 -0.848317
v -0.0191999 -0.0223776 -0.0194791
vn -0.672544 -0.477631 -0.565291
v -0.016119 -0.0224656 -0.0224351
vn -0.420497 -0.683202 -0.597007
v -0.0187239 -0.0234298 -0.0190241
vn -0.52213 -0.662587 -0.53699
v -0.0191999 -0.0223776 -0.0194791
vn -0.672544 -0.477631 -0.565291
v -0.01661 -0.0213907 -0.0230094
vn -0.571341 -0.44918 -0.686882
v -0.016119 -0.0224656 -0.0224351
vn -0.420497 -0.683202 -0.597007
v -0.01661 -0.0213907 -0.0230094
vn -0.571341 -0.44918 -0.686882
v -0.013574 -0.019632 -0.0258768
vn -0.374005 -0.540554 -0.753605
v -0.0133478 -0.0205697 -0.0255923
vn -0.427089 -0.433703 -0.793408
v -0.01661 -0.0213907 -0.0230094
vn -0.571341 -0.44918 -0.686882
v -0.0168437 -0.0204248 -0.023231
vn -0.513224 -0.531628 -0.673775
v -0.013574 -0.019632 -0.0258768
vn -0.374005 -0.540554 -0.753605
v 3.1665e-08 -0.0205167 -0.0287247
vn 0.00670732 -0.634493 -0.7729
v -0.00355571 -0.0194426 -0.0292957
vn -0.107479 -0.417893 -0.902116
v 3.1665e-08 -0.0193695 -0.0295565
vn 0.00477543 -0.430746 -0.902461
v 3.1665e-08 -0.0205167 -0.0287247
vn 0.00670732 -0.634493 -0.7729
v -0.00346787 -0.0206613 -0.0285795
vn -0.0748434 -0.602589 -0.794534
v -0.00355571 -0.0194426 -0.0292957
vn -0.107479 -0.417893 -0.902116
v -0.00993339 -0.0199031 -0.0274181
vn -0.325065 -0.417961 -0.848317
v -0.00705307 -0.0185791 -0.0288532
vn -0.204323 -0.535139 -0.819681
v -0.00697059 -0.0196263 -0.0285696
vn -0.237294 -0.401226 -0.884709
v -0.00993339 -0.0199031 -0.0274181
vn -0.325065 -0.417961 -0.848317
v -0.0100955 -0.0189003 -0.0277294
vn -0.27084 -0.555073 -0.786473
v -0.00705307 -0.0185791 -0.0288532
vn -0.204323 -0.535139 -0.819681
v -0.0133478 -0.0205697 -0.0255923
vn -0.427089 -0.433703 -0.793408
v -0.0100955 -0.0189003 -0.0277294
vn -0.27084 -0.555073 -0.786473
v -0.00993339 -0.0199031 -0.0274181
vn -0.325065 -0.417961 -0.848317
v -0.0133478 -0.0205697 -0.0255923
vn -0.427089 -0.433703 -0.793408
v -0.013574 -0.019632 -0.0258768
vn -0.374005 -0.540554 -0.753605
v -0.0100955 -0.0189003 -0.0277294
vn -0.27084 -0.555073 -0.786473
v -0.01661 -0.0213907 -0.0230094
vn -0.571341 -0.44918 -0.686882
v -0.0194851 -0.0215914 -0.0197198
vn -0.564241 -0.614074 -0.551856
v -0.0168437 -0.0204248 -0.023231
vn -0.513224 -0.531628 -0.673775
v -0.01661 -0.0213907 -0.0230094
vn -0.571341 -0.44918 -0.686882
v -0.0191999 -0.0223776 -0.0194791
vn -0.672544 -0.477631 -0.565291
v -0.0194851 -0.0215914 -0.0197198
vn -0.564241 -0.614074 -0.551856
v -0.0168437 -0.0204248 -0.023231
vn -0.513224 -0.531628 -0.673775
v -0.0200363 -0.0210193 -0.0201311
vn -0.475251 -0.693206 -0.54185
v -0.017313 -0.0196656 -0.0237971
vn -0.429834 -0.644465 -0.632383
v -0.0168437 -0.0204248 -0.023231
vn -0.513224 -0.531628 -0.673775
v -0.0194851 -0.0215914 -0.0197198
vn -0.564241 -0.614074 -0.551856
v -0.0200363 -0.0210193 -0.0201311
vn -0.475251 -0.693206 -0.54185
v -0.00937987 -0.0222343 -0.0256292
vn -0.225753 -0.69954 -0.677996
v -0.00677087 -0.0208336 -0.0278453
vn -0.187947 -0.60958 -0.770122
v -0.00656202 -0.0219237 -0.0268314
vn -0.168885 -0.692141 -0.701725
v -0.00937987 -0.0222343 -0.0256292
vn -0.225753 -0.69954 -0.677996
v -0.0096672 -0.0210709 -0.0267649
vn -0.254561 -0.615813 -0.745636
v -0.00677087 -0.0208336 -0.0278453
vn -0.187947 -0.60958 -0.770122
v 3.1665e-08 -0.0193695 -0.0295565
vn 0.00477543 -0.430746 -0.902461
v -0.00360883 -0.0183625 -0.0296492
vn -0.0912297 -0.509681 -0.855513
v 3.1665e-08 -0.0182398 -0.0298554
vn -0.000555202 -0.538094 -0.842885
v 3.1665e-08 -0.0193695 -0.0295565
vn 0.00477543 -0.430746 -0.902461
v -0.00355571 -0.0194426 -0.0292957
vn -0.107479 -0.417893 -0.902116
v -0.00360883 -0.0183625 -0.0296492
vn -0.0912297 -0.509681 -0.855513
v -0.0128404 -0.0227733 -0.0238298
vn -0.30803 -0.72236 -0.619123
v -0.00941022 -0.0250998 -0.0226902
vn -0.243845 -0.741077 -0.625575
v -0.0124879 -0.0251308 -0.021192
vn -0.330156 -0.749915 -0.573257
v -0.0128404 -0.0227733 -0.0238298
vn -0.30803 -0.72236 -0.619123
v -0.00937987 -0.0222343 -0.0256292
vn -0.225753 -0.69954 -0.677996
v -0.00941022 -0.0250998 -0.0226902
vn -0.243845 -0.741077 -0.625575
v -0.0154544 -0.0234101 -0.0213887
vn -0.361769 -0.755983 -0.545539
v -0.0124879 -0.0251308 -0.021192
vn -0.330156 -0.749915 -0.573257
v -0.0152143 -0.0251748 -0.0192994
vn -0.388273 -0.750073 -0.535383
v -0.0154544 -0.0234101 -0.0213887
vn -0.361769 -0.755983 -0.545539
v -0.0128404 -0.0227733 -0.0238298
vn -0.30803 -0.72236 -0.619123
v -0.0124879 -0.0251308 -0.021192
vn -0.330156 -0.749915 -0.573257
v -0.0179219 -0.0243246 -0.0182169
vn -0.423899 -0.752873 -0.503479
v -0.0152143 -0.0251748 -0.0192994
vn -0.388273 -0.750073 -0.535383
v -0.0169613 -0.0256966 -0.0172318
vn -0.445887 -0.749769 -0.488908
v -0.0179219 -0.0243246 -0.0182169
vn -0.423899 -0.752873 -0.503479
v -0.0154544 -0.0234101 -0.0213887
vn -0.361769 -0.755983 -0.545539
v -0.0152143 -0.0251748 -0.0192994
vn -0.388273 -0.750073 -0.535383
v -0.0207885 -0.0265808 -0.0102679
vn -0.491246 -0.825686 -0.277345
v -0.0176228 -0.0265591 -0.014917
vn -0.471706 -0.793101 -0.385336
v -0.0184772 -0.0279631 -0.0105088
vn -0.497221 -0.817207 -0.291454
v -0.0207885 -0.0265808 -0.0102679
vn -0.491246 -0.825686 -0.277345
v -0.019477 -0.0254026 -0.0149256
vn -0.43689 -0.812272 -0.386447
v -0.0176228 -0.0265591 -0.014917
vn -0.471706 -0.793101 -0.385336
v -0.00656202 -0.0219237 -0.0268314
vn -0.168885 -0.692141 -0.701725
v -0.00346787 -0.0206613 -0.0285795
vn -0.0748434 -0.602589 -0.794534
v -0.0033255 -0.0217536 -0.0275357
vn -0.0608843 -0.6915 -0.719806
v -0.00656202 -0.0219237 -0.0268314
vn -0.168885 -0.692141 -0.701725
v -0.00677087 -0.0208336 -0.0278453
vn -0.187947 -0.60958 -0.770122
v -0.00346787 -0.0206613 -0.0285795
vn -0.0748434 -0.602589 -0.794534
v -0.0128404 -0.0227733 -0.0238298
vn -0.30803 -0.72236 -0.619123
v -0.0096672 -0.0210709 -0.0267649
vn -0.254561 -0.615813 -0.745636
v -0.00937987 -0.0222343 -0.0256292
vn -0.225753 -0.69954 -0.677996
v -0.0128404 -0.0227733 -0.0238298
vn -0.30803 -0.72236 -0.619123
v -0.0129889 -0.021746 -0.0249982
vn -0.33182 -0.633514 -0.698968
v -0.0096672 -0.0210709 -0.0267649
vn -0.254561 -0.615813 -0.745636
v -0.0319285 -0.011971 0.00675744
vn -0.938148 -0.299178 0.174275
v -0.0314753 -0.006933 0.0129978
vn -0.919227 -0.185218 0.347443
v -0.0330725 -0.00696897 0.00713093
vn -0.968048 -0.177173 0.177463
v -0.0319285 -0.011971 0.00675744
vn -0.938148 -0.299178 0.174275
v -0.0304893 -0.0117907 0.0122093
vn -0.89285 -0.303269 0.332936
v -0.0314753 -0.006933 0.0129978
vn -0.919227 -0.185218 0.347443
v -0.0154544 -0.0234101 -0.0213887
vn -0.361769 -0.755983 -0.545539
v -0.0129889 -0.021746 -0.0249982
vn -0.33182 -0.633514 -0.698968
v -0.0128404 -0.0227733 -0.0238298
vn -0.30803 -0.72236 -0.619123
v -0.0154544 -0.0234101 -0.0213887
vn -0.361769 -0.755983 -0.545539
v -0.016119 -0.0224656 -0.0224351
vn -0.420497 -0.683202 -0.597007
v -0.0129889 -0.021746 -0.0249982
vn -0.33182 -0.633514 -0.698968
v 3.1665e-08 -0.0214552 -0.0278008
vn 0.0014149 -0.685158 -0.728393
v -0.00346787 -0.0206613 -0.0285795
vn -0.0748434 -0.602589 -0.794534
v 3.1665e-08 -0.0205167 -0.0287247
vn 0.00670732 -0.634493 -0.7729
v 3.1665e-08 -0.0214552 -0.0278008
vn 0.0014149 -0.685158 -0.728393
v -0.0033255 -0.0217536 -0.0275357
vn -0.0608843 -0.6915 -0.719806
v -0.00346787 -0.0206613 -0.0285795
vn -0.0748434 -0.602589 -0.794534
v -0.0213264 -0.0273378 -0.00635268
vn -0.497171 -0.850547 -0.171437
v -0.0184772 -0.0279631 -0.0105088
vn -0.497221 -0.817207 -0.291454
v -0.0188366 -0.0288942 -0.00645654
vn -0.508787 -0.842298 -0.177961
v -0.0213264 -0.0273378 -0.00635268
vn -0.497171 -0.850547 -0.171437
v -0.0207885 -0.0265808 -0.0102679
vn -0.491246 -0.825686 -0.277345
v -0.0184772 -0.0279631 -0.0105088
vn -0.497221 -0.817207 -0.291454
v -0.0187239 -0.0234298 -0.0190241
vn -0.52213 -0.662587 -0.53699
v -0.0154544 -0.0234101 -0.0213887
vn -0.361769 -0.755983 -0.545539
v -0.0179219 -0.0243246 -0.0182169
vn -0.423899 -0.752873 -0.503479
v -0.0187239 -0.0234298 -0.0190241
vn -0.52213 -0.662587 -0.53699
v -0.016119 -0.0224656 -0.0224351
vn -0.420497 -0.683202 -0.597007
v -0.0154544 -0.0234101 -0.0213887
vn -0.361769 -0.755983 -0.545539
v -0.0179219 -0.0243246 -0.0182169
vn -0.423899 -0.752873 -0.503479
v -0.020691 -0.0247001 -0.0152696
vn -0.550431 -0.725064 -0.413894
v -0.0187239 -0.0234298 -0.0190241
vn -0.52213 -0.662587 -0.53699
v -0.0179219 -0.0243246 -0.0182169
vn -0.423899 -0.752873 -0.503479
v -0.019477 -0.0254026 -0.0149256
vn -0.43689 -0.812272 -0.386447
v -0.020691 -0.0247001 -0.0152696
vn -0.550431 -0.725064 -0.413894
v -0.0215259 -0.0277419 -0.00256256
vn -0.521756 -0.850307 -0.0689142
v -0.0188366 -0.0288942 -0.00645654
vn -0.508787 -0.842298 -0.177961
v -0.0189441 -0.029409 -0.00248354
vn -0.512819 -0.856267 -0.0618247
v -0.0215259 -0.0277419 -0.00256256
vn -0.521756 -0.850307 -0.0689142
v -0.0213264 -0.0273378 -0.00635268
vn -0.497171 -0.850547 -0.171437
v -0.0188366 -0.0288942 -0.00645654
vn -0.508787 -0.842298 -0.177961
v -0.019477 -0.0254026 -0.0149256
vn -0.43689 -0.812272 -0.386447
v -0.0169613 -0.0256966 -0.0172318
vn -0.445887 -0.749769 -0.488908
v -0.0176228 -0.0265591 -0.014917
vn -0.471706 -0.793101 -0.385336
v -0.019477 -0.0254026 -0.0149256
vn -0.43689 -0.812272 -0.386447
v -0.0179219 -0.0243246 -0.0182169
vn -0.423899 -0.752873 -0.503479
v -0.0169613 -0.0256966 -0.0172318
vn -0.445887 -0.749769 -0.488908
v -0.0201845 -0.0261259 0.0121408
vn -0.465772 -0.815003 0.344711
v -0.0181671 -0.0288701 0.008167
vn -0.494406 -0.839817 0.224208
v -0.0173123 -0.0276522 0.0129659
vn -0.473557 -0.802367 0.363249
v -0.0201845 -0.0261259 0.0121408
vn -0.465772 -0.815003 0.344711
v -0.0210004 -0.0272077 0.00753939
vn -0.490038 -0.844113 0.21757
v -0.0181671 -0.0288701 0.008167
vn -0.494406 -0.839817 0.224208
v -0.0137125 -0.00786446 0.0312145
vn -0.354589 -0.238436 0.90411
v -0.0119974 -0.0139283 0.0298228
vn -0.341052 -0.394007 0.853488
v -0.0109536 -0.00818947 0.0321859
vn -0.311316 -0.244658 0.918273
v -0.0137125 -0.00786446 0.0312145
vn -0.354589 -0.238436 0.90411
v -0.0147823 -0.0133596 0.0288237
vn -0.363665 -0.399358 0.841582
v -0.0119974 -0.0139283 0.0298228
vn -0.341052 -0.394007 0.853488
v -0.0207885 -0.0265808 -0.0102679
vn -0.491246 -0.825686 -0.277345
v -0.020691 -0.0247001 -0.0152696
vn -0.550431 -0.725064 -0.413894
v -0.019477 -0.0254026 -0.0149256
vn -0.43689 -0.812272 -0.386447
v -0.0207885 -0.0265808 -0.0102679
vn -0.491246 -0.825686 -0.277345
v -0.0219563 -0.0258017 -0.0106262
vn -0.585974 -0.756673 -0.289967
v -0.020691 -0.0247001 -0.0152696
vn -0.550431 -0.725064 -0.413894
v -0.0213264 -0.0273378 -0.00635268
vn -0.497171 -0.850547 -0.171437
v -0.0219563 -0.0258017 -0.0106262
vn -0.585974 -0.756673 -0.289967
v -0.0207885 -0.0265808 -0.0102679
vn -0.491246 -0.825686 -0.277345
v -0.0213264 -0.0273378 -0.00635268
vn -0.497171 -0.850547 -0.171437
v -0.0225703 -0.0266169 -0.00667922
vn -0.579607 -0.794067 -0.183065
v -0.0219563 -0.0258017 -0.0106262
vn -0.585974 -0.756673 -0.289967
v -0.0226913 -0.0270111 -0.00299766
vn -0.588652 -0.804939 -0.0745815
v -0.0213264 -0.0273378 -0.00635268
vn -0.497171 -0.850547 -0.171437
v -0.0215259 -0.0277419 -0.00256256
vn -0.521756 -0.850307 -0.0689142
v -0.0226913 -0.0270111 -0.00299766
vn -0.588652 -0.804939 -0.0745815
v -0.0225703 -0.0266169 -0.00667922
vn -0.579607 -0.794067 -0.183065
v -0.0213264 -0.0273378 -0.00635268
vn -0.497171 -0.850547 -0.171437
v -0.0215124 -0.0278417 0.00229465
vn -0.500714 -0.862672 0.0712835
v -0.0223783 -0.026575 0.00721027
vn -0.535277 -0.820557 0.200413
v -0.0228191 -0.0271572 0.00192243
vn -0.597942 -0.799881 0.0515264
v -0.0215124 -0.0278417 0.00229465
vn -0.500714 -0.862672 0.0712835
v -0.0210004 -0.0272077 0.00753939
vn -0.490038 -0.844113 0.21757
v -0.0223783 -0.026575 0.00721027
vn -0.535277 -0.820557 0.200413
v -0.017723 -0.0219525 0.0210028
vn -0.433094 -0.655167 0.61902
v -0.0161763 -0.0255649 0.0178747
vn -0.443355 -0.741842 0.503098
v -0.0148576 -0.0230121 0.0220134
vn -0.412306 -0.655276 0.632943
v -0.017723 -0.0219525 0.0210028
vn -0.433094 -0.655167 0.61902
v -0.0189998 -0.024352 0.0168924
vn -0.447784 -0.750904 0.48542
v -0.0161763 -0.0255649 0.0178747
vn -0.443355 -0.741842 0.503098
v -0.0210004 -0.0272077 0.00753939
vn -0.490038 -0.844113 0.21757
v -0.018751 -0.0295084 0.002636
vn -0.502489 -0.860892 0.0798111
v -0.0181671 -0.0288701 0.008167
vn -0.494406 -0.839817 0.224208
v -0.0210004 -0.0272077 0.00753939
vn -0.490038 -0.844113 0.21757
v -0.0215124 -0.0278417 0.00229465
vn -0.500714 -0.862672 0.0712835
v -0.018751 -0.0295084 0.002636
vn -0.502489 -0.860892 0.0798111
v -0.0119974 -0.0139283 0.0298228
vn -0.341052 -0.394007 0.853488
v -0.016172 -0.018147 0.0253346
vn -0.408206 -0.531856 0.741955
v -0.0133636 -0.0189095 0.0263783
vn -0.377734 -0.53223 0.757659
v -0.0119974 -0.0139283 0.0298228
vn -0.341052 -0.394007 0.853488
v -0.0147823 -0.0133596 0.0288237
vn -0.363665 -0.399358 0.841582
v -0.016172 -0.018147 0.0253346
vn -0.408206 -0.531856 0.741955
v -0.0201845 -0.0261259 0.0121408
vn -0.465772 -0.815003 0.344711
v -0.0223783 -0.026575 0.00721027
vn -0.535277 -0.820557 0.200413
v -0.0210004 -0.0272077 0.00753939
vn -0.490038 -0.844113 0.21757
v -0.0201845 -0.0261259 0.0121408
vn -0.465772 -0.815003 0.344711
v -0.0216314 -0.0255548 0.0118447
vn -0.495507 -0.801886 0.333845
v -0.0223783 -0.026575 0.00721027
vn -0.535277 -0.820557 0.200413
v -0.0189998 -0.024352 0.0168924
vn -0.447784 -0.750904 0.48542
v -0.0216314 -0.0255548 0.0118447
vn -0.495507 -0.801886 0.333845
v -0.0201845 -0.0261259 0.0121408
vn -0.465772 -0.815003 0.344711
v -0.0189998 -0.024352 0.0168924
vn -0.447784 -0.750904 0.48542
v -0.0204867 -0.0237896 0.01656
vn -0.470632 -0.73925 0.481679
v -0.0216314 -0.0255548 0.0118447
vn -0.495507 -0.801886 0.333845
v -0.0192566 -0.0213564 0.0206533
vn -0.484495 -0.625583 0.611482
v -0.0189998 -0.024352 0.0168924
vn -0.447784 -0.750904 0.48542
v -0.017723 -0.0219525 0.0210028
vn -0.433094 -0.655167 0.61902
v -0.0192566 -0.0213564 0.0206533
vn -0.484495 -0.625583 0.611482
v -0.0204867 -0.0237896 0.01656
vn -0.470632 -0.73925 0.481679
v -0.0189998 -0.024352 0.0168924
vn -0.447784 -0.750904 0.48542
v -0.017723 -0.0219525 0.0210028
vn -0.433094 -0.655167 0.61902
v -0.0177845 -0.0175778 0.024888
vn -0.428283 -0.532435 0.730128
v -0.0192566 -0.0213564 0.0206533
vn -0.484495 -0.625583 0.611482
v -0.017723 -0.0219525 0.0210028
vn -0.433094 -0.655167 0.61902
v -0.016172 -0.018147 0.0253346
vn -0.408206 -0.531856 0.741955
v -0.0177845 -0.0175778 0.024888
vn -0.428283 -0.532435 0.730128
v -0.0133363 -0.00407106 0.0320623
vn -0.332835 -0.117745 0.935605
v -0.0109536 -0.00818947 0.0321859
vn -0.311316 -0.244658 0.918273
v -0.0105922 -0.00422556 0.0330305
vn -0.3031 -0.114885 0.946008
v -0.0133363 -0.00407106 0.0320623
vn -0.332835 -0.117745 0.935605
v -0.0137125 -0.00786446 0.0312145
vn -0.354589 -0.238436 0.90411
v -0.0109536 -0.00818947 0.0321859
vn -0.311316 -0.244658 0.918273
v -0.0131889 7.37612e-09 0.0323655
vn -0.330965 9.7722e-05 0.943643
v -0.0105922 -0.00422556 0.0330305
vn -0.3031 -0.114885 0.946008
v -0.0104506 7.37612e-09 0.0333336
vn -0.299802 3.77585e-06 0.954002
v -0.0131889 7.37612e-09 0.0323655
vn -0.330965 9.7722e-05 0.943643
v -0.0133363 -0.00407106 0.0320623
vn -0.332835 -0.117745 0.935605
v -0.0105922 -0.00422556 0.0330305
vn -0.3031 -0.114885 0.946008
v -0.0148576 -0.0230121 0.0220134
vn -0.412306 -0.655276 0.632943
v -0.016172 -0.018147 0.0253346
vn -0.408206 -0.531856 0.741955
v -0.017723 -0.0219525 0.0210028
vn -0.433094 -0.655167 0.61902
v -0.0148576 -0.0230121 0.0220134
vn -0.412306 -0.655276 0.632943
v -0.0133636 -0.0189095 0.0263783
vn -0.377734 -0.53223 0.757659
v -0.016172 -0.018147 0.0253346
vn -0.408206 -0.531856 0.741955
v -0.0147823 -0.0133596 0.0288237
vn -0.363665 -0.399358 0.841582
v -0.0177845 -0.0175778 0.024888
vn -0.428283 -0.532435 0.730128
v -0.016172 -0.018147 0.0253346
vn -0.408206 -0.531856 0.741955
v -0.0147823 -0.0133596 0.0288237
vn -0.363665 -0.399358 0.841582
v -0.0165022 -0.0129666 0.0283183
vn -0.381846 -0.394174 0.835955
v -0.0177845 -0.0175778 0.024888
vn -0.428283 -0.532435 0.730128
v -0.0133363 -0.00407106 0.0320623
vn -0.332835 -0.117745 0.935605
v -0.0154436 -0.00765608 0.0305777
vn -0.359573 -0.246453 0.899982
v -0.0137125 -0.00786446 0.0312145
vn -0.354589 -0.238436 0.90411
v -0.0133363 -0.00407106 0.0320623
vn -0.332835 -0.117745 0.935605
v -0.0151073 -0.00393724 0.0314749
vn -0.308824 -0.131698 0.941957
v -0.0154436 -0.00765608 0.0305777
vn -0.359573 -0.246453 0.899982
v -0.0137125 -0.00786446 0.0312145
vn -0.354589 -0.238436 0.90411
v -0.0165022 -0.0129666 0.0283183
vn -0.381846 -0.394174 0.835955
v -0.0147823 -0.0133596 0.0288237
vn -0.363665 -0.399358 0.841582
v -0.0137125 -0.00786446 0.0312145
vn -0.354589 -0.238436 0.90411
v -0.0154436 -0.00765608 0.0305777
vn -0.359573 -0.246453 0.899982
v -0.0165022 -0.0129666 0.0283183
vn -0.381846 -0.394174 0.835955
v -0.0149861 7.37612e-09 0.0317428
vn -0.339623 5.18296e-05 0.940562
v -0.0133363 -0.00407106 0.0320623
vn -0.332835 -0.117745 0.935605
v -0.0131889 7.37612e-09 0.0323655
vn -0.330965 9.7722e-05 0.943643
v -0.0149861 7.37612e-09 0.0317428
vn -0.339623 5.18296e-05 0.940562
v -0.0151073 -0.00393724 0.0314749
vn -0.308824 -0.131698 0.941957
v -0.0133363 -0.00407106 0.0320623
vn -0.332835 -0.117745 0.935605
v -0.00937987 -0.0222343 -0.0256292
vn -0.225753 -0.69954 -0.677996
v -0.00660774 -0.0251278 -0.0236058
vn -0.172578 -0.739829 -0.650285
v -0.00941022 -0.0250998 -0.0226902
vn -0.243845 -0.741077 -0.625575
v -0.00937987 -0.0222343 -0.0256292
vn -0.225753 -0.69954 -0.677996
v -0.00656202 -0.0219237 -0.0268314
vn -0.168885 -0.692141 -0.701725
v -0.00660774 -0.0251278 -0.0236058
vn -0.172578 -0.739829 -0.650285
v -0.0165672 -0.00418953 -0.0305351
vn -0.469181 -0.115332 -0.875538
v -0.0208795 -0.00194098 -0.0280338
vn -0.59752 -0.057609 -0.799782
v -0.0166411 -0.00174952 -0.0307272
vn -0.471616 -0.0539364 -0.880153
v -0.0165672 -0.00418953 -0.0305351
vn -0.469181 -0.115332 -0.875538
v -0.0207886 -0.00449605 -0.0278135
vn -0.594776 -0.125084 -0.794101
v -0.0208795 -0.00194098 -0.0280338
vn -0.59752 -0.057609 -0.799782
v -0.00340887 -0.0251431 -0.0242044
vn -0.0852443 -0.742465 -0.664439
v -0.00656202 -0.0219237 -0.0268314
vn -0.168885 -0.692141 -0.701725
v -0.0033255 -0.0217536 -0.0275357
vn -0.0608843 -0.6915 -0.719806
v -0.00340887 -0.0251431 -0.0242044
vn -0.0852443 -0.742465 -0.664439
v -0.00660774 -0.0251278 -0.0236058
vn -0.172578 -0.739829 -0.650285
v -0.00656202 -0.0219237 -0.0268314
vn -0.168885 -0.692141 -0.701725
v -0.0228191 -0.0271572 0.00192243
vn -0.597942 -0.799881 0.0515264
v -0.0215259 -0.0277419 -0.00256256
vn -0.521756 -0.850307 -0.0689142
v -0.0215124 -0.0278417 0.00229465
vn -0.500714 -0.862672 0.0712835
v -0.0228191 -0.0271572 0.00192243
vn -0.597942 -0.799881 0.0515264
v -0.0226913 -0.0270111 -0.00299766
vn -0.588652 -0.804939 -0.0745815
v -0.0215259 -0.0277419 -0.00256256
vn -0.521756 -0.850307 -0.0689142
v -0.0215124 -0.0278417 0.00229465
vn -0.500714 -0.862672 0.0712835
v -0.0189441 -0.029409 -0.00248354
vn -0.512819 -0.856267 -0.0618247
v -0.018751 -0.0295084 0.002636
vn -0.502489 -0.860892 0.0798111
v -0.0215124 -0.0278417 0.00229465
vn -0.500714 -0.862672 0.0712835
v -0.0215259 -0.0277419 -0.00256256
vn -0.521756 -0.850307 -0.0689142
v -0.0189441 -0.029409 -0.00248354
vn -0.512819 -0.856267 -0.0618247
v -0.02373 -0.025082 -0.00717305
vn -0.730133 -0.65357 -0.199379
v -0.0247051 -0.0249716 -0.00354372
vn -0.61041 -0.787844 -0.081864
v -0.0243364 -0.0245309 -0.00740803
vn -0.618572 -0.757182 -0.209868
v -0.02373 -0.025082 -0.00717305
vn -0.730133 -0.65357 -0.199379
v -0.0240527 -0.0254628 -0.00336671
vn -0.718981 -0.691216 -0.0727081
v -0.0247051 -0.0249716 -0.00354372
vn -0.61041 -0.787844 -0.081864
v -0.0233204 -0.0257998 -0.00698554
vn -0.762214 -0.618231 -0.191885
v -0.0240527 -0.0254628 -0.00336671
vn -0.718981 -0.691216 -0.0727081
v -0.02373 -0.025082 -0.00717305
vn -0.730133 -0.65357 -0.199379
v -0.0233204 -0.0257998 -0.00698554
vn -0.762214 -0.618231 -0.191885
v -0.0235616 -0.0262098 -0.00320738
vn -0.755283 -0.651911 -0.0675276
v -0.0240527 -0.0254628 -0.00336671
vn -0.718981 -0.691216 -0.0727081
v -0.0237012 -0.0262968 0.00171614
vn -0.794412 -0.606444 0.0337078
v -0.0226913 -0.0270111 -0.00299766
vn -0.588652 -0.804939 -0.0745815
v -0.0228191 -0.0271572 0.00192243
vn -0.597942 -0.799881 0.0515264
v -0.0237012 -0.0262968 0.00171614
vn -0.794412 -0.606444 0.0337078
v -0.0235616 -0.0262098 -0.00320738
vn -0.755283 -0.651911 -0.0675276
v -0.0226913 -0.0270111 -0.00299766
vn -0.588652 -0.804939 -0.0745815
v 3.1665e-08 -0.0340089 -0.00836248
vn -7.0897e-06 -0.965556 -0.260195
v -0.003582 -0.0347949 -0.00313324
vn -0.108987 -0.989727 -0.0925324
v -0.00362496 -0.0338291 -0.0082758
vn -0.105531 -0.960932 -0.255876
v 3.1665e-08 -0.0340089 -0.00836248
vn -7.0897e-06 -0.965556 -0.260195
v 3.1665e-08 -0.0349958 -0.00316732
vn -0.000139583 -0.995524 -0.0945075
v -0.003582 -0.0347949 -0.00313324
vn -0.108987 -0.989727 -0.0925324
v -0.00362496 -0.0338291 -0.0082758
vn -0.105531 -0.960932 -0.255876
v -0.006905 -0.0342527 -0.00305451
vn -0.206976 -0.974382 -0.087984
v -0.00697605 -0.0333325 -0.00807863
vn -0.200737 -0.948336 -0.245691
v -0.00362496 -0.0338291 -0.0082758
vn -0.105531 -0.960932 -0.255876
v -0.003582 -0.0347949 -0.00313324
vn -0.108987 -0.989727 -0.0925324
v -0.006905 -0.0342527 -0.00305451
vn -0.206976 -0.974382 -0.087984
v -0.00697605 -0.0333325 -0.00807863
vn -0.200737 -0.948336 -0.245691
v -0.00986566 -0.0334844 -0.00293361
vn -0.293371 -0.952549 -0.081141
v -0.00994583 -0.0326309 -0.00778828
vn -0.286516 -0.929825 -0.230943
v -0.00697605 -0.0333325 -0.00807863
vn -0.200737 -0.948336 -0.245691
v -0.006905 -0.0342527 -0.00305451
vn -0.206976 -0.974382 -0.087984
v -0.00986566 -0.0334844 -0.00293361
vn -0.293371 -0.952549 -0.081141
v -0.00994583 -0.0326309 -0.00778828
vn -0.286516 -0.929825 -0.230943
v -0.0131846 -0.0323092 -0.00276972
vn -0.374718 -0.924248 -0.0731564
v -0.0132418 -0.0315573 -0.00735273
vn -0.368983 -0.904857 -0.212333
v -0.00994583 -0.0326309 -0.00778828
vn -0.286516 -0.929825 -0.230943
v -0.00986566 -0.0334844 -0.00293361
vn -0.293371 -0.952549 -0.081141
v -0.0131846 -0.0323092 -0.00276972
vn -0.374718 -0.924248 -0.0731564
v -0.0188366 -0.0288942 -0.00645654
vn -0.508787 -0.842298 -0.177961
v -0.0163583 -0.0308642 -0.00259648
vn -0.452893 -0.889252 -0.064172
v -0.0189441 -0.029409 -0.00248354
vn -0.512819 -0.856267 -0.0618247
v -0.0188366 -0.0288942 -0.00645654
vn -0.508787 -0.842298 -0.177961
v -0.0163468 -0.0302314 -0.00686024
vn -0.44642 -0.873788 -0.192881
v -0.0163583 -0.0308642 -0.00259648
vn -0.452893 -0.889252 -0.064172
v -0.0132418 -0.0315573 -0.00735273
vn -0.368983 -0.904857 -0.212333
v -0.0163583 -0.0308642 -0.00259648
vn -0.452893 -0.889252 -0.064172
v -0.0163468 -0.0302314 -0.00686024
vn -0.44642 -0.873788 -0.192881
v -0.0132418 -0.0315573 -0.00735273
vn -0.368983 -0.904857 -0.212333
v -0.0131846 -0.0323092 -0.00276972
vn -0.374718 -0.924248 -0.0731564
v -0.0163583 -0.0308642 -0.00259648
vn -0.452893 -0.889252 -0.064172
v -0.025279 -0.023648 -0.00773716
vn -0.712869 -0.667401 -0.215391
v -0.0262461 -0.0233061 -0.00427183
vn -0.814617 -0.571266 -0.100274
v -0.0258721 -0.0227591 -0.00791277
vn -0.805705 -0.551695 -0.215573
v -0.025279 -0.023648 -0.00773716
vn -0.712869 -0.667401 -0.215391
v -0.025623 -0.0241572 -0.0040817
vn -0.713594 -0.692888 -0.103398
v -0.0262461 -0.0233061 -0.00427183
vn -0.814617 -0.571266 -0.100274
v -0.0269052 -0.0210605 -0.00825617
vn -0.808128 -0.539527 -0.236303
v -0.0289167 -0.0192296 -0.00475145
vn -0.848867 -0.513925 -0.12372
v -0.0283981 -0.0185744 -0.00882296
vn -0.827739 -0.502217 -0.250252
v -0.0269052 -0.0210605 -0.00825617
vn -0.808128 -0.539527 -0.236303
v -0.027351 -0.021628 -0.00435893
vn -0.823145 -0.559162 -0.0988407
v -0.0289167 -0.0192296 -0.00475145
vn -0.848867 -0.513925 -0.12372
v -0.0258721 -0.0227591 -0.00791277
vn -0.805705 -0.551695 -0.215573
v -0.027351 -0.021628 -0.00435893
vn -0.823145 -0.559162 -0.0988407
v -0.0269052 -0.0210605 -0.00825617
vn -0.808128 -0.539527 -0.236303
v -0.0258721 -0.0227591 -0.00791277
vn -0.805705 -0.551695 -0.215573
v -0.0262461 -0.0233061 -0.00427183
vn -0.814617 -0.571266 -0.100274
v -0.027351 -0.021628 -0.00435893
vn -0.823145 -0.559162 -0.0988407
v -0.0243364 -0.0245309 -0.00740803
vn -0.618572 -0.757182 -0.209868
v -0.025623 -0.0241572 -0.0040817
vn -0.713594 -0.692888 -0.103398
v -0.025279 -0.023648 -0.00773716
vn -0.712869 -0.667401 -0.215391
v -0.0243364 -0.0245309 -0.00740803
vn -0.618572 -0.757182 -0.209868
v -0.0247051 -0.0249716 -0.00354372
vn -0.61041 -0.787844 -0.081864
v -0.025623 -0.0241572 -0.0040817
vn -0.713594 -0.692888 -0.103398
v -0.0329221 2.01091e-07 -0.0105705
vn -0.964145 -2.03821e-05 -0.265378
v -0.033757 -0.0033459 -0.00574815
vn -0.988647 -0.0768367 -0.129128
v -0.033883 7.37612e-09 -0.00577173
vn -0.99171 -2.5541e-05 -0.128497
v -0.0329221 2.01091e-07 -0.0105705
vn -0.964145 -2.03821e-05 -0.265378
v -0.0328073 -0.0031784 -0.0105263
vn -0.960891 -0.0774999 -0.265861
v -0.033757 -0.0033459 -0.00574815
vn -0.988647 -0.0768367 -0.129128
v -0.0300401 -0.0151768 -0.00945842
vn -0.879343 -0.40015 -0.258139
v -0.0323152 -0.0114404 -0.00546813
vn -0.949489 -0.284887 -0.131571
v -0.0315012 -0.0109148 -0.0100216
vn -0.922932 -0.279673 -0.264537
v -0.0300401 -0.0151768 -0.00945842
vn -0.879343 -0.40015 -0.258139
v -0.0307051 -0.0158188 -0.00513898
vn -0.902146 -0.411409 -0.129908
v -0.0323152 -0.0114404 -0.00546813
vn -0.949489 -0.284887 -0.131571
v -0.0315012 -0.0109148 -0.0100216
vn -0.922932 -0.279673 -0.264537
v -0.0333868 -0.00658601 -0.00567799
vn -0.977283 -0.166989 -0.130507
v -0.032462 -0.00632545 -0.0103888
vn -0.949543 -0.166307 -0.265915
v -0.0315012 -0.0109148 -0.0100216
vn -0.922932 -0.279673 -0.264537
v -0.0323152 -0.0114404 -0.00546813
vn -0.949489 -0.284887 -0.131571
v -0.0333868 -0.00658601 -0.00567799
vn -0.977283 -0.166989 -0.130507
v -0.032462 -0.00632545 -0.0103888
vn -0.949543 -0.166307 -0.265915
v -0.033757 -0.0033459 -0.00574815
vn -0.988647 -0.0768367 -0.129128
v -0.0328073 -0.0031784 -0.0105263
vn -0.960891 -0.0774999 -0.265861
v -0.032462 -0.00632545 -0.0103888
vn -0.949543 -0.166307 -0.265915
v -0.0333868 -0.00658601 -0.00567799
vn -0.977283 -0.166989 -0.130507
v -0.033757 -0.0033459 -0.00574815
vn -0.988647 -0.0768367 -0.129128
v -0.0283981 -0.0185744 -0.00882296
vn -0.827739 -0.502217 -0.250252
v -0.0307051 -0.0158188 -0.00513898
vn -0.902146 -0.411409 -0.129908
v -0.0300401 -0.0151768 -0.00945842
vn -0.879343 -0.40015 -0.258139
v -0.0283981 -0.0185744 -0.00882296
vn -0.827739 -0.502217 -0.250252
v -0.0289167 -0.0192296 -0.00475145
vn -0.848867 -0.513925 -0.12372
v -0.0307051 -0.0158188 -0.00513898
vn -0.902146 -0.411409 -0.129908
v 0.0308796 -0.0162974 0.000407723
vn 0.906712 -0.421518 0.014019
v 0.0319278 -0.0119707 0.00675731
vn 0.938214 -0.299088 0.17407
v 0.0302933 -0.0162996 0.00623093
vn 0.890974 -0.423106 0.164761
v 0.0308796 -0.0162974 0.000407723
vn 0.906712 -0.421518 0.014019
v 0.0325717 -0.0118645 0.000433621
vn 0.956557 -0.291156 0.0150746
v 0.0319278 -0.0119707 0.00675731
vn 0.938214 -0.299088 0.17407
v 0.029015 -0.0196549 0.000425154
vn 0.849657 -0.527245 0.00976326
v 0.0302933 -0.0162996 0.00623093
vn 0.890974 -0.423106 0.164761
v 0.0285949 -0.0195184 0.00576516
vn 0.847081 -0.509883 0.149911
v 0.029015 -0.0196549 0.000425154
vn 0.849657 -0.527245 0.00976326
v 0.0308796 -0.0162974 0.000407723
vn 0.906712 -0.421518 0.014019
v 0.0302933 -0.0162996 0.00623093
vn 0.890974 -0.423106 0.164761
v 0.0266705 -0.0179184 0.0142432
vn 0.772663 -0.500027 0.391107
v 0.0259202 -0.0145594 0.0186858
vn 0.769857 -0.37239 0.518311
v 0.0258561 -0.0169551 0.016746
vn 0.770977 -0.447718 0.452927
v 0.0266705 -0.0179184 0.0142432
vn 0.772663 -0.500027 0.391107
v 0.0274908 -0.0151622 0.0156574
vn 0.809096 -0.399109 0.431365
v 0.0259202 -0.0145594 0.0186858
vn 0.769857 -0.37239 0.518311
v 0.0330725 -0.00696896 0.00713093
vn 0.968039 -0.177425 0.177262
v 0.0318385 -0.00356891 0.0132958
vn 0.931841 -0.0873829 0.352188
v 0.0314754 -0.00693301 0.0129979
vn 0.919213 -0.185332 0.347417
v 0.0330725 -0.00696896 0.00713093
vn 0.968039 -0.177425 0.177262
v 0.0334805 -0.00356748 0.00725969
vn 0.980546 -0.0823161 0.178197
v 0.0318385 -0.00356891 0.0132958
vn 0.931841 -0.0873829 0.352188
v 0.0302933 -0.0162996 0.00623093
vn 0.890974 -0.423106 0.164761
v 0.0304893 -0.0117907 0.0122093
vn 0.892815 -0.303362 0.332944
v 0.02914 -0.0159105 0.0111729
vn 0.85582 -0.415489 0.308127
v 0.0302933 -0.0162996 0.00623093
vn 0.890974 -0.423106 0.164761
v 0.0319278 -0.0119707 0.00675731
vn 0.938214 -0.299088 0.17407
v 0.0304893 -0.0117907 0.0122093
vn 0.892815 -0.303362 0.332944
v 0.0285949 -0.0195184 0.00576516
vn 0.847081 -0.509883 0.149911
v 0.02914 -0.0159105 0.0111729
vn 0.85582 -0.415489 0.308127
v 0.0277847 -0.0189218 0.0102653
vn 0.816733 -0.500188 0.287678
v 0.0285949 -0.0195184 0.00576516
vn 0.847081 -0.509883 0.149911
v 0.0302933 -0.0162996 0.00623093
vn 0.890974 -0.423106 0.164761
v 0.02914 -0.0159105 0.0111729
vn 0.85582 -0.415489 0.308127
v 0.0304893 -0.0117907 0.0122093
vn 0.892815 -0.303362 0.332944
v 0.0288233 -0.00671919 0.0185443
vn 0.842866 -0.187009 0.504584
v 0.0282597 -0.0113228 0.0172745
vn 0.828356 -0.297463 0.474703
v 0.0304893 -0.0117907 0.0122093
vn 0.892815 -0.303362 0.332944
v 0.0314754 -0.00693301 0.0129979
vn 0.919213 -0.185332 0.347417
v 0.0288233 -0.00671919 0.0185443
vn 0.842866 -0.187009 0.504584
v 0.0314754 -0.00693301 0.0129979
vn 0.919213 -0.185332 0.347417
v 0.0290509 -0.00347352 0.0190099
vn 0.852011 -0.0901123 0.515711
v 0.0288233 -0.00671919 0.0185443
vn 0.842866 -0.187009 0.504584
v 0.0314754 -0.00693301 0.0129979
vn 0.919213 -0.185332 0.347417
v 0.0318385 -0.00356891 0.0132958
vn 0.931841 -0.0873829 0.352188
v 0.0290509 -0.00347352 0.0190099
vn 0.852011 -0.0901123 0.515711
v 0.02914 -0.0159105 0.0111729
vn 0.85582 -0.415489 0.308127
v 0.0282597 -0.0113228 0.0172745
vn 0.828356 -0.297463 0.474703
v 0.0274908 -0.0151622 0.0156574
vn 0.809096 -0.399109 0.431365
v 0.02914 -0.0159105 0.0111729
vn 0.85582 -0.415489 0.308127
v 0.0304893 -0.0117907 0.0122093
vn 0.892815 -0.303362 0.332944
v 0.0282597 -0.0113228 0.0172745
vn 0.828356 -0.297463 0.474703
v 0.0277847 -0.0189218 0.0102653
vn 0.816733 -0.500188 0.287678
v 0.0274908 -0.0151622 0.0156574
vn 0.809096 -0.399109 0.431365
v 0.0266705 -0.0179184 0.0142432
vn 0.772663 -0.500027 0.391107
v 0.0277847 -0.0189218 0.0102653
vn 0.816733 -0.500188 0.287678
v 0.02914 -0.0159105 0.0111729
vn 0.85582 -0.415489 0.308127
v 0.0274908 -0.0151622 0.0156574
vn 0.809096 -0.399109 0.431365
v 0.0325717 -0.0118645 0.000433621
vn 0.956557 -0.291156 0.0150746
v 0.0330725 -0.00696896 0.00713093
vn 0.968039 -0.177425 0.177262
v 0.0319278 -0.0119707 0.00675731
vn 0.938214 -0.299088 0.17407
v 0.0325717 -0.0118645 0.000433621
vn 0.956557 -0.291156 0.0150746
v 0.0337284 -0.00684042 0.000466477
vn 0.985223 -0.170479 0.0165193
v 0.0330725 -0.00696896 0.00713093
vn 0.968039 -0.177425 0.177262
v 0.0288233 -0.00671919 0.0185443
vn 0.842866 -0.187009 0.504584
v 0.0261891 -0.00334369 0.0229438
vn 0.761467 -0.0874373 0.642279
v 0.0261342 -0.00648439 0.0223638
vn 0.756806 -0.187676 0.626117
v 0.0288233 -0.00671919 0.0185443
vn 0.842866 -0.187009 0.504584
v 0.0290509 -0.00347352 0.0190099
vn 0.852011 -0.0901123 0.515711
v 0.0261891 -0.00334369 0.0229438
vn 0.761467 -0.0874373 0.642279
v 0.0043354 -0.00353062 -0.0344664
vn 0.121171 -0.0953122 -0.988045
v 0.00845885 -0.00540167 -0.0334682
vn 0.235296 -0.156448 -0.959249
v 0.00432617 -0.00516923 -0.0342647
vn 0.121109 -0.149613 -0.981299
v 0.0043354 -0.00353062 -0.0344664
vn 0.121171 -0.0953122 -0.988045
v 0.00847743 -0.00369778 -0.033689
vn 0.236206 -0.0999644 -0.966547
v 0.00845885 -0.00540167 -0.0334682
vn 0.235296 -0.156448 -0.959249
v 0.0282597 -0.0113228 0.0172745
vn 0.828356 -0.297463 0.474703
v 0.0261342 -0.00648439 0.0223638
vn 0.756806 -0.187676 0.626117
v 0.0260355 -0.0109092 0.0207792
vn 0.755839 -0.291212 0.586432
v 0.0282597 -0.0113228 0.0172745
vn 0.828356 -0.297463 0.474703
v 0.0288233 -0.00671919 0.0185443
vn 0.842866 -0.187009 0.504584
v 0.0261342 -0.00648439 0.0223638
vn 0.756806 -0.187676 0.626117
v 0.0274908 -0.0151622 0.0156574
vn 0.809096 -0.399109 0.431365
v 0.0260355 -0.0109092 0.0207792
vn 0.755839 -0.291212 0.586432
v 0.0259202 -0.0145594 0.0186858
vn 0.769857 -0.37239 0.518311
v 0.0274908 -0.0151622 0.0156574
vn 0.809096 -0.399109 0.431365
v 0.0282597 -0.0113228 0.0172745
vn 0.828356 -0.297463 0.474703
v 0.0260355 -0.0109092 0.0207792
vn 0.755839 -0.291212 0.586432
v 0.0249796 -0.00229463 -0.0244176
vn 0.717104 -0.0663878 -0.693797
v 0.0280885 -0.0056616 -0.020063
vn 0.81475 -0.155024 -0.558703
v 0.0248157 -0.00504906 -0.0241829
vn 0.71273 -0.139172 -0.687493
v 0.0249796 -0.00229463 -0.0244176
vn 0.717104 -0.0663878 -0.693797
v 0.028345 -0.00259848 -0.0203016
vn 0.82211 -0.0735416 -0.564559
v 0.0280885 -0.0056616 -0.020063
vn 0.81475 -0.155024 -0.558703
v 0.0291336 7.37612e-09 0.019175
vn 0.854829 5.35867e-05 0.518909
v 0.0261891 -0.00334369 0.0229438
vn 0.761467 -0.0874373 0.642279
v 0.0290509 -0.00347352 0.0190099
vn 0.852011 -0.0901123 0.515711
v 0.0291336 7.37612e-09 0.019175
vn 0.854829 5.35867e-05 0.518909
v 0.0262058 7.37612e-09 0.0231494
vn 0.760853 -0.000650578 0.648924
v 0.0261891 -0.00334369 0.0229438
vn 0.761467 -0.0874373 0.642279
v 0.0319676 7.37612e-09 0.0133974
vn 0.935598 9.49124e-05 0.353068
v 0.0290509 -0.00347352 0.0190099
vn 0.852011 -0.0901123 0.515711
v 0.0318385 -0.00356891 0.0132958
vn 0.931841 -0.0873829 0.352188
v 0.0319676 7.37612e-09 0.0133974
vn 0.935598 9.49124e-05 0.353068
v 0.0291336 7.37612e-09 0.019175
vn 0.854829 5.35867e-05 0.518909
v 0.0290509 -0.00347352 0.0190099
vn 0.852011 -0.0901123 0.515711
v 0.0336215 7.37612e-09 0.00730346
vn 0.98392 4.74621e-05 0.178609
v 0.0318385 -0.00356891 0.0132958
vn 0.931841 -0.0873829 0.352188
v 0.0334805 -0.00356748 0.00725969
vn 0.980546 -0.0823161 0.178197
v 0.0336215 7.37612e-09 0.00730346
vn 0.98392 4.74621e-05 0.178609
v 0.0319676 7.37612e-09 0.0133974
vn 0.935598 9.49124e-05 0.353068
v 0.0318385 -0.00356891 0.0132958
vn 0.931841 -0.0873829 0.352188
v 0.0334805 -0.00356748 0.00725969
vn 0.980546 -0.0823161 0.178197
v 0.0342589 -4.85032e-08 0.000481745
vn 0.999856 4.28786e-05 0.0169672
v 0.0336215 7.37612e-09 0.00730346
vn 0.98392 4.74621e-05 0.178609
v 0.0334805 -0.00356748 0.00725969
vn 0.980546 -0.0823161 0.178197
v 0.0341248 -0.00348762 0.000477829
vn 0.996794 -0.0781568 0.0171006
v 0.0342589 -4.85032e-08 0.000481745
vn 0.999856 4.28786e-05 0.0169672
v 0.00432963 -0.00136447 -0.0346179
vn 0.120462 -0.0444564 -0.991722
v 0.00847743 -0.00369778 -0.033689
vn 0.236206 -0.0999644 -0.966547
v 0.0043354 -0.00353062 -0.0344664
vn 0.121171 -0.0953122 -0.988045
v 0.00432963 -0.00136447 -0.0346179
vn 0.120462 -0.0444564 -0.991722
v 0.00848119 -0.00143996 -0.0338562
vn 0.236035 -0.0465247 -0.97063
v 0.00847743 -0.00369778 -0.033689
vn 0.236206 -0.0999644 -0.966547
v 0.00432617 -0.00516923 -0.0342647
vn 0.121109 -0.149613 -0.981299
v 0.00840565 -0.00781126 -0.033015
vn 0.234412 -0.218201 -0.947333
v 0.00430909 -0.0074907 -0.0338459
vn 0.121225 -0.209528 -0.970259
v 0.00432617 -0.00516923 -0.0342647
vn 0.121109 -0.149613 -0.981299
v 0.00845885 -0.00540167 -0.0334682
vn 0.235296 -0.156448 -0.959249
v 0.00840565 -0.00781126 -0.033015
vn 0.234412 -0.218201 -0.947333
v 0.00430909 -0.0074907 -0.0338459
vn 0.121225 -0.209528 -0.970259
v 0.00830597 -0.0102123 -0.0323971
vn 0.23293 -0.281062 -0.930993
v 0.00426274 -0.00985145 -0.0332578
vn 0.119108 -0.27083 -0.95523
v 0.00430909 -0.0074907 -0.0338459
vn 0.121225 -0.209528 -0.970259
v 0.00840565 -0.00781126 -0.033015
vn 0.234412 -0.218201 -0.947333
v 0.00830597 -0.0102123 -0.0323971
vn 0.23293 -0.281062 -0.930993
v 0.00847743 -0.00369778 -0.033689
vn 0.236206 -0.0999644 -0.966547
v 0.012199 -0.00572624 -0.0322661
vn 0.349487 -0.165146 -0.922272
v 0.00845885 -0.00540167 -0.0334682
vn 0.235296 -0.156448 -0.959249
v 0.00847743 -0.00369778 -0.033689
vn 0.236206 -0.0999644 -0.966547
v 0.0122426 -0.00386558 -0.0325177
vn 0.350856 -0.104901 -0.930535
v 0.012199 -0.00572624 -0.0322661
vn 0.349487 -0.165146 -0.922272
v 0.00848119 -0.00143996 -0.0338562
vn 0.236035 -0.0465247 -0.97063
v 0.0122426 -0.00386558 -0.0325177
vn 0.350856 -0.104901 -0.930535
v 0.00847743 -0.00369778 -0.033689
vn 0.236206 -0.0999644 -0.966547
v 0.00848119 -0.00143996 -0.0338562
vn 0.236035 -0.0465247 -0.97063
v 0.0122672 -0.00155023 -0.0326958
vn 0.350779 -0.0491153 -0.935169
v 0.0122426 -0.00386558 -0.0325177
vn 0.350856 -0.104901 -0.930535
v 0.00845885 -0.00540167 -0.0334682
vn 0.235296 -0.156448 -0.959249
v 0.0120687 -0.00826181 -0.0317753
vn 0.34685 -0.230812 -0.909077
v 0.00840565 -0.00781126 -0.033015
vn 0.234412 -0.218201 -0.947333
v 0.00845885 -0.00540167 -0.0334682
vn 0.235296 -0.156448 -0.959249
v 0.012199 -0.00572624 -0.0322661
vn 0.349487 -0.165146 -0.922272
v 0.0120687 -0.00826181 -0.0317753
vn 0.34685 -0.230812 -0.909077
v 0.00840565 -0.00781126 -0.033015
vn 0.234412 -0.218201 -0.947333
v 0.0118864 -0.0107767 -0.0311024
vn 0.343418 -0.295397 -0.891518
v 0.00830597 -0.0102123 -0.0323971
vn 0.23293 -0.281062 -0.930993
v 0.00840565 -0.00781126 -0.033015
vn 0.234412 -0.218201 -0.947333
v 0.0120687 -0.00826181 -0.0317753
vn 0.34685 -0.230812 -0.909077
v 0.0118864 -0.0107767 -0.0311024
vn 0.343418 -0.295397 -0.891518
v 0.0122426 -0.00386558 -0.0325177
vn 0.350856 -0.104901 -0.930535
v 0.0164512 -0.00635348 -0.0302318
vn 0.464018 -0.181826 -0.866964
v 0.012199 -0.00572624 -0.0322661
vn 0.349487 -0.165146 -0.922272
v 0.0122426 -0.00386558 -0.0325177
vn 0.350856 -0.104901 -0.930535
v 0.0165672 -0.00418952 -0.030535
vn 0.469172 -0.115355 -0.87554
v 0.0164512 -0.00635348 -0.0302318
vn 0.464018 -0.181826 -0.866964
v 0.0122672 -0.00155023 -0.0326958
vn 0.350779 -0.0491153 -0.935169
v 0.0165672 -0.00418952 -0.030535
vn 0.469172 -0.115355 -0.87554
v 0.0122426 -0.00386558 -0.0325177
vn 0.350856 -0.104901 -0.930535
v 0.0122672 -0.00155023 -0.0326958
vn 0.350779 -0.0491153 -0.935169
v 0.0166413 -0.00174952 -0.0307273
vn 0.47159 -0.0539727 -0.880165
v 0.0165672 -0.00418952 -0.030535
vn 0.469172 -0.115355 -0.87554
v 0.012199 -0.00572624 -0.0322661
vn 0.349487 -0.165146 -0.922272
v 0.0162436 -0.00910747 -0.0296523
vn 0.457235 -0.25429 -0.852216
v 0.0120687 -0.00826181 -0.0317753
vn 0.34685 -0.230812 -0.909077
v 0.012199 -0.00572624 -0.0322661
vn 0.349487 -0.165146 -0.922272
v 0.0164512 -0.00635348 -0.0302318
vn 0.464018 -0.181826 -0.866964
v 0.0162436 -0.00910747 -0.0296523
vn 0.457235 -0.25429 -0.852216
v 0.0120687 -0.00826181 -0.0317753
vn 0.34685 -0.230812 -0.909077
v 0.0159441 -0.0117263 -0.0289077
vn 0.453969 -0.325673 -0.829367
v 0.0118864 -0.0107767 -0.0311024
vn 0.343418 -0.295397 -0.891518
v 0.0120687 -0.00826181 -0.0317753
vn 0.34685 -0.230812 -0.909077
v 0.0162436 -0.00910747 -0.0296523
vn 0.457235 -0.25429 -0.852216
v 0.0159441 -0.0117263 -0.0289077
vn 0.453969 -0.325673 -0.829367
v 0.0164512 -0.00635348 -0.0302318
vn 0.464018 -0.181826 -0.866964
v 0.0207886 -0.00449604 -0.0278135
vn 0.594767 -0.125108 -0.794103
v 0.0206011 -0.0070932 -0.0274231
vn 0.588927 -0.199592 -0.783153
v 0.0164512 -0.00635348 -0.0302318
vn 0.464018 -0.181826 -0.866964
v 0.0165672 -0.00418952 -0.030535
vn 0.469172 -0.115355 -0.87554
v 0.0207886 -0.00449604 -0.0278135
vn 0.594767 -0.125108 -0.794103
v 0.0162436 -0.00910747 -0.0296523
vn 0.457235 -0.25429 -0.852216
v 0.0206011 -0.0070932 -0.0274231
vn 0.588927 -0.199592 -0.783153
v 0.0202645 -0.0100949 -0.0267488
vn 0.579757 -0.279459 -0.765365
v 0.0162436 -0.00910747 -0.0296523
vn 0.457235 -0.25429 -0.852216
v 0.0164512 -0.00635348 -0.0302318
vn 0.464018 -0.181826 -0.866964
v 0.0206011 -0.0070932 -0.0274231
vn 0.588927 -0.199592 -0.783153
v 0.0159441 -0.0117263 -0.0289077
vn 0.453969 -0.325673 -0.829367
v 0.0202645 -0.0100949 -0.0267488
vn 0.579757 -0.279459 -0.765365
v 0.0197888 -0.0128793 -0.0259304
vn 0.562002 -0.358913 -0.745208
v 0.0159441 -0.0117263 -0.0289077
vn 0.453969 -0.325673 -0.829367
v 0.0162436 -0.00910747 -0.0296523
vn 0.457235 -0.25429 -0.852216
v 0.0202645 -0.0100949 -0.0267488
vn 0.579757 -0.279459 -0.765365
v 3.1665e-08 -0.00508129 -0.0345428
vn -4.68835e-06 -0.14689 -0.989153
v 0.0043354 -0.00353062 -0.0344664
vn 0.121171 -0.0953122 -0.988045
v 0.00432617 -0.00516923 -0.0342647
vn 0.121109 -0.149613 -0.981299
v 3.1665e-08 -0.00508129 -0.0345428
vn -4.68835e-06 -0.14689 -0.989153
v 3.1665e-08 -0.00346847 -0.0347377
vn 1.95692e-06 -0.0934746 -0.995622
v 0.0043354 -0.00353062 -0.0344664
vn 0.121171 -0.0953122 -0.988045
v 0.0207886 -0.00449604 -0.0278135
vn 0.594767 -0.125108 -0.794103
v 0.0249796 -0.00229463 -0.0244176
vn 0.717104 -0.0663878 -0.693797
v 0.0248157 -0.00504906 -0.0241829
vn 0.71273 -0.139172 -0.687493
v 0.0207886 -0.00449604 -0.0278135
vn 0.594767 -0.125108 -0.794103
v 0.0208797 -0.00194099 -0.0280339
vn 0.59752 -0.0576148 -0.799782
v 0.0249796 -0.00229463 -0.0244176
vn 0.717104 -0.0663878 -0.693797
v 0.0275494 -0.00911728 -0.0195888
vn 0.799218 -0.250474 -0.546364
v 0.03082 -0.00610421 -0.0150801
vn 0.897366 -0.165641 -0.40902
v 0.0300374 -0.0101891 -0.0146204
vn 0.874424 -0.271087 -0.40236
v 0.0275494 -0.00911728 -0.0195888
vn 0.799218 -0.250474 -0.546364
v 0.0280885 -0.0056616 -0.020063
vn 0.81475 -0.155024 -0.558703
v 0.03082 -0.00610421 -0.0150801
vn 0.897366 -0.165641 -0.40902
v 0.0206011 -0.0070932 -0.0274231
vn 0.588927 -0.199592 -0.783153
v 0.0248157 -0.00504906 -0.0241829
vn 0.71273 -0.139172 -0.687493
v 0.0244856 -0.00805109 -0.0237283
vn 0.701555 -0.224251 -0.676411
v 0.0206011 -0.0070932 -0.0274231
vn 0.588927 -0.199592 -0.783153
v 0.0207886 -0.00449604 -0.0278135
vn 0.594767 -0.125108 -0.794103
v 0.0248157 -0.00504906 -0.0241829
vn 0.71273 -0.139172 -0.687493
v 0.0202645 -0.0100949 -0.0267488
vn 0.579757 -0.279459 -0.765365
v 0.0244856 -0.00805109 -0.0237283
vn 0.701555 -0.224251 -0.676411
v 0.0238988 -0.0113966 -0.0229859
vn 0.685666 -0.31371 -0.656847
v 0.0202645 -0.0100949 -0.0267488
vn 0.579757 -0.279459 -0.765365
v 0.0206011 -0.0070932 -0.0274231
vn 0.588927 -0.199592 -0.783153
v 0.0244856 -0.00805109 -0.0237283
vn 0.701555 -0.224251 -0.676411
v 3.1665e-08 3.65083e-09 -0.0349077
vn 5.64104e-06 1.98043e-05 -1
v 0.00432963 -0.00136447 -0.0346179
vn 0.120462 -0.0444564 -0.991722
v 3.1665e-08 -0.00133671 -0.0348821
vn 6.2834e-07 -0.0435247 -0.999052
v 3.1665e-08 3.65083e-09 -0.0349077
vn 5.64104e-06 1.98043e-05 -1
v 0.00433185 7.37612e-09 -0.0346445
vn 0.120544 5.94667e-05 -0.992708
v 0.00432963 -0.00136447 -0.0346179
vn 0.120462 -0.0444564 -0.991722
v 3.1665e-08 -0.00133671 -0.0348821
vn 6.2834e-07 -0.0435247 -0.999052
v 0.0043354 -0.00353062 -0.0344664
vn 0.121171 -0.0953122 -0.988045
v 3.1665e-08 -0.00346847 -0.0347377
vn 1.95692e-06 -0.0934746 -0.995622
v 3.1665e-08 -0.00133671 -0.0348821
vn 6.2834e-07 -0.0435247 -0.999052
v 0.00432963 -0.00136447 -0.0346179
vn 0.120462 -0.0444564 -0.991722
v 0.0043354 -0.00353062 -0.0344664
vn 0.121171 -0.0953122 -0.988045
v 3.1665e-08 -0.00737114 -0.0341379
vn -8.86828e-06 -0.206339 -0.978481
v 0.00432617 -0.00516923 -0.0342647
vn 0.121109 -0.149613 -0.981299
v 0.00430909 -0.0074907 -0.0338459
vn 0.121225 -0.209528 -0.970259
v 3.1665e-08 -0.00737114 -0.0341379
vn -8.86828e-06 -0.206339 -0.978481
v 3.1665e-08 -0.00508129 -0.0345428
vn -4.68835e-06 -0.14689 -0.989153
v 0.00432617 -0.00516923 -0.0342647
vn 0.121109 -0.149613 -0.981299
v 3.1665e-08 -0.00971284 -0.0335621
vn -0.000486458 -0.270344 -0.962764
v 0.00430909 -0.0074907 -0.0338459
vn 0.121225 -0.209528 -0.970259
v 0.00426274 -0.00985145 -0.0332578
vn 0.119108 -0.27083 -0.95523
v 3.1665e-08 -0.00971284 -0.0335621
vn -0.000486458 -0.270344 -0.962764
v 3.1665e-08 -0.00737114 -0.0341379
vn -8.86828e-06 -0.206339 -0.978481
v 0.00430909 -0.0074907 -0.0338459
vn 0.121225 -0.209528 -0.970259
v 0.0197888 -0.0128793 -0.0259304
vn 0.562002 -0.358913 -0.745208
v 0.0238988 -0.0113966 -0.0229859
vn 0.685666 -0.31371 -0.656847
v 0.0230621 -0.0144153 -0.0221826
vn 0.661751 -0.398123 -0.635282
v 0.0197888 -0.0128793 -0.0259304
vn 0.562002 -0.358913 -0.745208
v 0.0202645 -0.0100949 -0.0267488
vn 0.579757 -0.279459 -0.765365
v 0.0238988 -0.0113966 -0.0229859
vn 0.685666 -0.31371 -0.656847
v 0.0209083 7.37612e-09 -0.0280788
vn 0.598996 2.93019e-05 -0.800752
v 0.0249796 -0.00229463 -0.0244176
vn 0.717104 -0.0663878 -0.693797
v 0.0208797 -0.00194099 -0.0280339
vn 0.59752 -0.0576148 -0.799782
v 0.0209083 7.37612e-09 -0.0280788
vn 0.598996 2.93019e-05 -0.800752
v 0.0250266 7.37612e-09 -0.0244734
vn 0.717946 2.64467e-05 -0.696099
v 0.0249796 -0.00229463 -0.0244176
vn 0.717104 -0.0663878 -0.693797
v 0.0166649 3.65083e-09 -0.0307638
vn 0.473282 1.5186e-05 -0.880911
v 0.0208797 -0.00194099 -0.0280339
vn 0.59752 -0.0576148 -0.799782
v 0.0166413 -0.00174952 -0.0307273
vn 0.47159 -0.0539727 -0.880165
v 0.0166649 3.65083e-09 -0.0307638
vn 0.473282 1.5186e-05 -0.880911
v 0.0209083 7.37612e-09 -0.0280788
vn 0.598996 2.93019e-05 -0.800752
v 0.0208797 -0.00194099 -0.0280339
vn 0.59752 -0.0576148 -0.799782
v 0.0173152 -0.019668 -0.0238
vn 0.424903 -0.642529 -0.637662
v 0.0209856 -0.0197772 -0.0206217
vn 0.625967 -0.511504 -0.588667
v 0.0201007 -0.0210087 -0.0201524
vn 0.472786 -0.694873 -0.541872
v 0.0173152 -0.019668 -0.0238
vn 0.424903 -0.642529 -0.637662
v 0.0180015 -0.0184205 -0.02438
vn 0.532653 -0.460774 -0.709907
v 0.0209856 -0.0197772 -0.0206217
vn 0.625967 -0.511504 -0.588667
v 0.0122779 7.37612e-09 -0.0327277
vn 0.351318 -2.14647e-05 -0.936256
v 0.0166413 -0.00174952 -0.0307273
vn 0.47159 -0.0539727 -0.880165
v 0.0122672 -0.00155023 -0.0326958
vn 0.350779 -0.0491153 -0.935169
v 0.0122779 7.37612e-09 -0.0327277
vn 0.351318 -2.14647e-05 -0.936256
v 0.0166649 3.65083e-09 -0.0307638
vn 0.473282 1.5186e-05 -0.880911
v 0.0166413 -0.00174952 -0.0307273
vn 0.47159 -0.0539727 -0.880165
v 0.0084866 7.37612e-09 -0.033885
vn 0.236441 4.16292e-05 -0.971646
v 0.0122672 -0.00155023 -0.0326958
vn 0.350779 -0.0491153 -0.935169
v 0.00848119 -0.00143996 -0.0338562
vn 0.236035 -0.0465247 -0.97063
v 0.0084866 7.37612e-09 -0.033885
vn 0.236441 4.16292e-05 -0.971646
v 0.0122779 7.37612e-09 -0.0327277
vn 0.351318 -2.14647e-05 -0.936256
v 0.0122672 -0.00155023 -0.0326958
vn 0.350779 -0.0491153 -0.935169
v 0.00433185 7.37612e-09 -0.0346445
vn 0.120544 5.94667e-05 -0.992708
v 0.00848119 -0.00143996 -0.0338562
vn 0.236035 -0.0465247 -0.97063
v 0.00432963 -0.00136447 -0.0346179
vn 0.120462 -0.0444564 -0.991722
v 0.00433185 7.37612e-09 -0.0346445
vn 0.120544 5.94667e-05 -0.992708
v 0.0084866 7.37612e-09 -0.033885
vn 0.236441 4.16292e-05 -0.971646
v 0.00848119 -0.00143996 -0.0338562
vn 0.236035 -0.0465247 -0.97063
v 0.0238988 -0.0113966 -0.0229859
vn 0.685666 -0.31371 -0.656847
v 0.0275494 -0.00911728 -0.0195888
vn 0.799218 -0.250474 -0.546364
v 0.0266094 -0.0128662 -0.0188504
vn 0.772348 -0.35158 -0.529027
v 0.0238988 -0.0113966 -0.0229859
vn 0.685666 -0.31371 -0.656847
v 0.0244856 -0.00805109 -0.0237283
vn 0.701555 -0.224251 -0.676411
v 0.0275494 -0.00911728 -0.0195888
vn 0.799218 -0.250474 -0.546364
v 0.0230621 -0.0144153 -0.0221826
vn 0.661751 -0.398123 -0.635282
v 0.0266094 -0.0128662 -0.0188504
vn 0.772348 -0.35158 -0.529027
v 0.0254924 -0.0159866 -0.0180638
vn 0.738903 -0.443678 -0.507122
v 0.0230621 -0.0144153 -0.0221826
vn 0.661751 -0.398123 -0.635282
v 0.0238988 -0.0113966 -0.0229859
vn 0.685666 -0.31371 -0.656847
v 0.0266094 -0.0128662 -0.0188504
vn 0.772348 -0.35158 -0.529027
v 0.0289166 -0.0192296 -0.00475143
vn 0.845643 -0.519019 -0.124527
v 0.0308796 -0.0162974 0.000407723
vn 0.906712 -0.421518 0.014019
v 0.029015 -0.0196549 0.000425154
vn 0.849657 -0.527245 0.00976326
v 0.0289166 -0.0192296 -0.00475143
vn 0.845643 -0.519019 -0.124527
v 0.0307051 -0.0158188 -0.00513898
vn 0.902297 -0.411016 -0.130103
v 0.0308796 -0.0162974 0.000407723
vn 0.906712 -0.421518 0.014019
v 0.0280885 -0.0056616 -0.020063
vn 0.81475 -0.155024 -0.558703
v 0.0311424 -0.0029325 -0.0152818
vn 0.907708 -0.0772133 -0.412436
v 0.03082 -0.00610421 -0.0150801
vn 0.897366 -0.165641 -0.40902
v 0.0280885 -0.0056616 -0.020063
vn 0.81475 -0.155024 -0.558703
v 0.028345 -0.00259848 -0.0203016
vn 0.82211 -0.0735416 -0.564559
v 0.0311424 -0.0029325 -0.0152818
vn 0.907708 -0.0772133 -0.412436
v 0.0266094 -0.0128662 -0.0188504
vn 0.772348 -0.35158 -0.529027
v 0.0300374 -0.0101891 -0.0146204
vn 0.874424 -0.271087 -0.40236
v 0.0288083 -0.014233 -0.0139019
vn 0.837821 -0.381184 -0.39084
v 0.0266094 -0.0128662 -0.0188504
vn 0.772348 -0.35158 -0.529027
v 0.0275494 -0.00911728 -0.0195888
vn 0.799218 -0.250474 -0.546364
v 0.0300374 -0.0101891 -0.0146204
vn 0.874424 -0.271087 -0.40236
v 0.0254924 -0.0159866 -0.0180638
vn 0.738903 -0.443678 -0.507122
v 0.0288083 -0.014233 -0.0139019
vn 0.837821 -0.381184 -0.39084
v 0.027423 -0.0175554 -0.0130989
vn 0.789136 -0.485119 -0.376729
v 0.0254924 -0.0159866 -0.0180638
vn 0.738903 -0.443678 -0.507122
v 0.0266094 -0.0128662 -0.0188504
vn 0.772348 -0.35158 -0.529027
v 0.0288083 -0.014233 -0.0139019
vn 0.837821 -0.381184 -0.39084
v 0.0300374 -0.0101891 -0.0146204
vn 0.874424 -0.271087 -0.40236
v 0.0324623 -0.0063255 -0.0103889
vn 0.949551 -0.16629 -0.265897
v 0.0315016 -0.0109149 -0.0100217
vn 0.922952 -0.279699 -0.264439
v 0.0300374 -0.0101891 -0.0146204
vn 0.874424 -0.271087 -0.40236
v 0.03082 -0.00610421 -0.0150801
vn 0.897366 -0.165641 -0.40902
v 0.0324623 -0.0063255 -0.0103889
vn 0.949551 -0.16629 -0.265897
v 0.03082 -0.00610421 -0.0150801
vn 0.897366 -0.165641 -0.40902
v 0.0328073 -0.00317874 -0.0105267
vn 0.960886 -0.0774705 -0.265887
v 0.0324623 -0.0063255 -0.0103889
vn 0.949551 -0.16629 -0.265897
v 0.03082 -0.00610421 -0.0150801
vn 0.897366 -0.165641 -0.40902
v 0.0311424 -0.0029325 -0.0152818
vn 0.907708 -0.0772133 -0.412436
v 0.0328073 -0.00317874 -0.0105267
vn 0.960886 -0.0774705 -0.265887
v 0.0288083 -0.014233 -0.0139019
vn 0.837821 -0.381184 -0.39084
v 0.0315016 -0.0109149 -0.0100217
vn 0.922952 -0.279699 -0.264439
v 0.0300404 -0.0151769 -0.00945847
vn 0.879563 -0.399889 -0.257793
v 0.0288083 -0.014233 -0.0139019
vn 0.837821 -0.381184 -0.39084
v 0.0300374 -0.0101891 -0.0146204
vn 0.874424 -0.271087 -0.40236
v 0.0315016 -0.0109149 -0.0100217
vn 0.922952 -0.279699 -0.264439
v 0.027423 -0.0175554 -0.0130989
vn 0.789136 -0.485119 -0.376729
v 0.0300404 -0.0151769 -0.00945847
vn 0.879563 -0.399889 -0.257793
v 0.0283983 -0.0185744 -0.00882299
vn 0.824007 -0.508479 -0.249921
v 0.027423 -0.0175554 -0.0130989
vn 0.789136 -0.485119 -0.376729
v 0.0288083 -0.014233 -0.0139019
vn 0.837821 -0.381184 -0.39084
v 0.0300404 -0.0151769 -0.00945847
vn 0.879563 -0.399889 -0.257793
v 0.0244856 -0.00805109 -0.0237283
vn 0.701555 -0.224251 -0.676411
v 0.0280885 -0.0056616 -0.020063
vn 0.81475 -0.155024 -0.558703
v 0.0275494 -0.00911728 -0.0195888
vn 0.799218 -0.250474 -0.546364
v 0.0244856 -0.00805109 -0.0237283
vn 0.701555 -0.224251 -0.676411
v 0.0248157 -0.00504906 -0.0241829
vn 0.71273 -0.139172 -0.687493
v 0.0280885 -0.0056616 -0.020063
vn 0.81475 -0.155024 -0.558703
v 0.0333866 -0.00658595 -0.00567795
vn 0.977274 -0.167146 -0.130375
v 0.0341248 -0.00348762 0.000477829
vn 0.996794 -0.0781568 0.0171006
v 0.0337284 -0.00684042 0.000466477
vn 0.985223 -0.170479 0.0165193
v 0.0333866 -0.00658595 -0.00567795
vn 0.977274 -0.167146 -0.130375
v 0.0337572 -0.0033459 -0.00574817
vn 0.988645 -0.0768635 -0.129128
v 0.0341248 -0.00348762 0.000477829
vn 0.996794 -0.0781568 0.0171006
v 0.0210233 -0.0115078 0.0260953
vn 0.629762 -0.294403 0.718837
v 0.0189507 -0.00692702 0.0289399
vn 0.475963 -0.213965 0.85304
v 0.0197074 -0.0119208 0.0267919
vn 0.470091 -0.367746 0.802358
v 0.0210233 -0.0115078 0.0260953
vn 0.629762 -0.294403 0.718837
v 0.0202893 -0.00677954 0.0281486
vn 0.618011 -0.181313 0.764976
v 0.0189507 -0.00692702 0.0289399
vn 0.475963 -0.213965 0.85304
v 0.0323142 -0.0114401 -0.00546799
vn 0.949528 -0.284997 -0.131046
v 0.0337284 -0.00684042 0.000466477
vn 0.985223 -0.170479 0.0165193
v 0.0325717 -0.0118645 0.000433621
vn 0.956557 -0.291156 0.0150746
v 0.0323142 -0.0114401 -0.00546799
vn 0.949528 -0.284997 -0.131046
v 0.0333866 -0.00658595 -0.00567795
vn 0.977274 -0.167146 -0.130375
v 0.0337284 -0.00684042 0.000466477
vn 0.985223 -0.170479 0.0165193
v 0.0307051 -0.0158188 -0.00513898
vn 0.902297 -0.411016 -0.130103
v 0.0325717 -0.0118645 0.000433621
vn 0.956557 -0.291156 0.0150746
v 0.0308796 -0.0162974 0.000407723
vn 0.906712 -0.421518 0.014019
v 0.0307051 -0.0158188 -0.00513898
vn 0.902297 -0.411016 -0.130103
v 0.0323142 -0.0114401 -0.00546799
vn 0.949528 -0.284997 -0.131046
v 0.0325717 -0.0118645 0.000433621
vn 0.956557 -0.291156 0.0150746
v 0.0229955 -0.0219963 0.0155375
vn 0.579231 -0.684681 0.442385
v 0.023098 -0.0192131 0.0190571
vn 0.663113 -0.521434 0.537017
v 0.0219791 -0.019806 0.0195812
vn 0.52267 -0.621422 0.583653
v 0.0229955 -0.0219963 0.0155375
vn 0.579231 -0.684681 0.442385
v 0.0239973 -0.0213603 0.0151736
vn 0.672739 -0.607339 0.422564
v 0.023098 -0.0192131 0.0190571
vn 0.663113 -0.521434 0.537017
v 0.0338831 7.37612e-09 -0.00577173
vn 0.991711 2.64483e-05 -0.128489
v 0.0341248 -0.00348762 0.000477829
vn 0.996794 -0.0781568 0.0171006
v 0.0337572 -0.0033459 -0.00574817
vn 0.988645 -0.0768635 -0.129128
v 0.0338831 7.37612e-09 -0.00577173
vn 0.991711 2.64483e-05 -0.128489
v 0.0342589 -4.85032e-08 0.000481745
vn 0.999856 4.28786e-05 0.0169672
v 0.0341248 -0.00348762 0.000477829
vn 0.996794 -0.0781568 0.0171006
v 0.0312375 7.37612e-09 -0.0153437
vn 0.910642 9.37919e-06 -0.413197
v 0.0328073 -0.00317874 -0.0105267
vn 0.960886 -0.0774705 -0.265887
v 0.0311424 -0.0029325 -0.0152818
vn 0.907708 -0.0772133 -0.412436
v 0.0312375 7.37612e-09 -0.0153437
vn 0.910642 9.37919e-06 -0.413197
v 0.0329222 -1.3791e-07 -0.0105707
vn 0.964141 6.54855e-06 -0.265391
v 0.0328073 -0.00317874 -0.0105267
vn 0.960886 -0.0774705 -0.265887
v 0.0284115 7.37612e-09 -0.0203674
vn 0.825004 -4.41242e-06 -0.565127
v 0.0311424 -0.0029325 -0.0152818
vn 0.907708 -0.0772133 -0.412436
v 0.028345 -0.00259848 -0.0203016
vn 0.82211 -0.0735416 -0.564559
v 0.0284115 7.37612e-09 -0.0203674
vn 0.825004 -4.41242e-06 -0.565127
v 0.0312375 7.37612e-09 -0.0153437
vn 0.910642 9.37919e-06 -0.413197
v 0.0311424 -0.0029325 -0.0152818
vn 0.907708 -0.0772133 -0.412436
v 0.028345 -0.00259848 -0.0203016
vn 0.82211 -0.0735416 -0.564559
v 0.0250266 7.37612e-09 -0.0244734
vn 0.717946 2.64467e-05 -0.696099
v 0.0284115 7.37612e-09 -0.0203674
vn 0.825004 -4.41242e-06 -0.565127
v 0.028345 -0.00259848 -0.0203016
vn 0.82211 -0.0735416 -0.564559
v 0.0249796 -0.00229463 -0.0244176
vn 0.717104 -0.0663878 -0.693797
v 0.0250266 7.37612e-09 -0.0244734
vn 0.717946 2.64467e-05 -0.696099
v 0.0248672 -0.0230544 0.0106836
vn 0.675125 -0.676251 0.294773
v 0.0229955 -0.0219963 0.0155375
vn 0.579231 -0.684681 0.442385
v 0.0238365 -0.0237436 0.0109822
vn 0.603701 -0.735731 0.306994
v 0.0248672 -0.0230544 0.0106836
vn 0.675125 -0.676251 0.294773
v 0.0239973 -0.0213603 0.0151736
vn 0.672739 -0.607339 0.422564
v 0.0229955 -0.0219963 0.0155375
vn 0.579231 -0.684681 0.442385
v 0.0254322 -0.0238899 0.0062098
vn 0.701356 -0.694209 0.161786
v 0.0238365 -0.0237436 0.0109822
vn 0.603701 -0.735731 0.306994
v 0.0244689 -0.0246514 0.00645809
vn 0.617885 -0.770481 0.15677
v 0.0254322 -0.0238899 0.0062098
vn 0.701356 -0.694209 0.161786
v 0.0248672 -0.0230544 0.0106836
vn 0.675125 -0.676251 0.294773
v 0.0238365 -0.0237436 0.0109822
vn 0.603701 -0.735731 0.306994
v 0.0257164 -0.0243574 0.00105987
vn 0.701594 -0.711806 0.0331459
v 0.0244689 -0.0246514 0.00645809
vn 0.617885 -0.770481 0.15677
v 0.024795 -0.0250543 0.00137062
vn 0.496796 -0.867071 0.0371744
v 0.0257164 -0.0243574 0.00105987
vn 0.701594 -0.711806 0.0331459
v 0.0254322 -0.0238899 0.0062098
vn 0.701356 -0.694209 0.161786
v 0.0244689 -0.0246514 0.00645809
vn 0.617885 -0.770481 0.15677
v 0.0247033 -0.0249734 -0.00354326
vn 0.482127 -0.874033 -0.0601725
v 0.0257164 -0.0243574 0.00105987
vn 0.701594 -0.711806 0.0331459
v 0.024795 -0.0250543 0.00137062
vn 0.496796 -0.867071 0.0371744
v 0.0247033 -0.0249734 -0.00354326
vn 0.482127 -0.874033 -0.0601725
v 0.0256237 -0.0241578 -0.00408179
vn 0.713952 -0.692484 -0.103631
v 0.0257164 -0.0243574 0.00105987
vn 0.701594 -0.711806 0.0331459
v 0.0231744 -0.0242087 0.0112019
vn 0.676797 -0.670457 0.304028
v 0.0229955 -0.0219963 0.0155375
vn 0.579231 -0.684681 0.442385
v 0.0222133 -0.0224727 0.0157935
vn 0.680958 -0.589833 0.434043
v 0.0231744 -0.0242087 0.0112019
vn 0.676797 -0.670457 0.304028
v 0.0238365 -0.0237436 0.0109822
vn 0.603701 -0.735731 0.306994
v 0.0229955 -0.0219963 0.0155375
vn 0.579231 -0.684681 0.442385
v 0.0237963 -0.0251358 0.00668962
vn 0.714098 -0.681651 0.159426
v 0.0238365 -0.0237436 0.0109822
vn 0.603701 -0.735731 0.306994
v 0.0231744 -0.0242087 0.0112019
vn 0.676797 -0.670457 0.304028
v 0.0237963 -0.0251358 0.00668962
vn 0.714098 -0.681651 0.159426
v 0.0244689 -0.0246514 0.00645809
vn 0.617885 -0.770481 0.15677
v 0.0238365 -0.0237436 0.0109822
vn 0.603701 -0.735731 0.306994
v 0.023965 -0.0253851 0.00149867
vn 0.689516 -0.723739 0.0277461
v 0.0244689 -0.0246514 0.00645809
vn 0.617885 -0.770481 0.15677
v 0.0237963 -0.0251358 0.00668962
vn 0.714098 -0.681651 0.159426
v 0.023965 -0.0253851 0.00149867
vn 0.689516 -0.723739 0.0277461
v 0.024795 -0.0250543 0.00137062
vn 0.496796 -0.867071 0.0371744
v 0.0244689 -0.0246514 0.00645809
vn 0.617885 -0.770481 0.15677
v 0.0191731 -0.0224077 -0.0194716
vn 0.653359 -0.489102 -0.577842
v 0.0207045 -0.0247161 -0.0152789
vn 0.58459 -0.689015 -0.428384
v 0.0187132 -0.0234164 -0.0190135
vn 0.509257 -0.66418 -0.547287
v 0.0191731 -0.0224077 -0.0194716
vn 0.653359 -0.489102 -0.577842
v 0.0212072 -0.0238276 -0.0155868
vn 0.776356 -0.436965 -0.454238
v 0.0207045 -0.0247161 -0.0152789
vn 0.58459 -0.689015 -0.428384
v 0.0145516 -0.0174039 -0.0271575
vn 0.457783 -0.372201 -0.807404
v 0.0173152 -0.019668 -0.0238
vn 0.424903 -0.642529 -0.637662
v 0.0140195 -0.0188224 -0.0265074
vn 0.351589 -0.596816 -0.721246
v 0.0145516 -0.0174039 -0.0271575
vn 0.457783 -0.372201 -0.807404
v 0.0180015 -0.0184205 -0.02438
vn 0.532653 -0.460774 -0.709907
v 0.0173152 -0.019668 -0.0238
vn 0.424903 -0.642529 -0.637662
v 0.0184484 -0.017276 -0.0245892
vn 0.567766 -0.384191 -0.728038
v 0.0221906 -0.0168285 -0.0213981
vn 0.653876 -0.441042 -0.614759
v 0.02146 -0.0187807 -0.0207674
vn 0.675663 -0.430274 -0.598618
v 0.0184484 -0.017276 -0.0245892
vn 0.567766 -0.384191 -0.728038
v 0.0191619 -0.0152441 -0.0251373
vn 0.559934 -0.394621 -0.728525
v 0.0221906 -0.0168285 -0.0213981
vn 0.653876 -0.441042 -0.614759
v 0.0109123 -0.0165623 -0.0292266
vn 0.361725 -0.27735 -0.890074
v 0.0140195 -0.0188224 -0.0265074
vn 0.351589 -0.596816 -0.721246
v 0.0104756 -0.0180951 -0.0285235
vn 0.263773 -0.601832 -0.753805
v 0.0109123 -0.0165623 -0.0292266
vn 0.361725 -0.27735 -0.890074
v 0.0145516 -0.0174039 -0.0271575
vn 0.457783 -0.372201 -0.807404
v 0.0140195 -0.0188224 -0.0265074
vn 0.351589 -0.596816 -0.721246
v 0.00759001 -0.0161384 -0.0305062
vn 0.254756 -0.308612 -0.916438
v 0.0104756 -0.0180951 -0.0285235
vn 0.263773 -0.601832 -0.753805
v 0.00729144 -0.0177462 -0.0297442
vn 0.18067 -0.585042 -0.790623
v 0.00759001 -0.0161384 -0.0305062
vn 0.254756 -0.308612 -0.916438
v 0.0109123 -0.0165623 -0.0292266
vn 0.361725 -0.27735 -0.890074
v 0.0104756 -0.0180951 -0.0285235
vn 0.263773 -0.601832 -0.753805
v 0.0039035 -0.0158218 -0.031322
vn 0.12056 -0.374734 -0.91926
v 0.00729144 -0.0177462 -0.0297442
vn 0.18067 -0.585042 -0.790623
v 0.00373223 -0.0174569 -0.030484
vn 0.0846571 -0.576959 -0.812374
v 0.0039035 -0.0158218 -0.031322
vn 0.12056 -0.374734 -0.91926
v 0.00759001 -0.0161384 -0.0305062
vn 0.254756 -0.308612 -0.916438
v 0.00729144 -0.0177462 -0.0297442
vn 0.18067 -0.585042 -0.790623
v 0.0135715 -0.0196283 -0.0258721
vn 0.375494 -0.548759 -0.746906
v 0.0173152 -0.019668 -0.0238
vn 0.424903 -0.642529 -0.637662
v 0.0168242 -0.0204001 -0.0232044
vn 0.467343 -0.598368 -0.650805
v 0.0135715 -0.0196283 -0.0258721
vn 0.375494 -0.548759 -0.746906
v 0.0140195 -0.0188224 -0.0265074
vn 0.351589 -0.596816 -0.721246
v 0.0173152 -0.019668 -0.0238
vn 0.424903 -0.642529 -0.637662
v 0.00332674 -0.0217627 -0.027546
vn 0.0813072 -0.677804 -0.730733
v 3.1665e-08 -0.0251362 -0.024452
vn -0.00165927 -0.73852 -0.674229
v 3.1665e-08 -0.0214552 -0.0278008
vn 0.0014149 -0.685158 -0.728393
v 0.00332674 -0.0217627 -0.027546
vn 0.0813072 -0.677804 -0.730733
v 0.00341007 -0.0251528 -0.0242131
vn 0.0909013 -0.740051 -0.666379
v 3.1665e-08 -0.0251362 -0.024452
vn -0.00165927 -0.73852 -0.674229
v 0.0100956 -0.0189003 -0.0277295
vn 0.280408 -0.555889 -0.782533
v 0.0140195 -0.0188224 -0.0265074
vn 0.351589 -0.596816 -0.721246
v 0.0135715 -0.0196283 -0.0258721
vn 0.375494 -0.548759 -0.746906
v 0.0100956 -0.0189003 -0.0277295
vn 0.280408 -0.555889 -0.782533
v 0.0104756 -0.0180951 -0.0285235
vn 0.263773 -0.601832 -0.753805
v 0.0140195 -0.0188224 -0.0265074
vn 0.351589 -0.596816 -0.721246
v 0.00706349 -0.0186063 -0.0288959
vn 0.196216 -0.541538 -0.817457
v 0.0104756 -0.0180951 -0.0285235
vn 0.263773 -0.601832 -0.753805
v 0.0100956 -0.0189003 -0.0277295
vn 0.280408 -0.555889 -0.782533
v 0.00706349 -0.0186063 -0.0288959
vn 0.196216 -0.541538 -0.817457
v 0.00729144 -0.0177462 -0.0297442
vn 0.18067 -0.585042 -0.790623
v 0.0104756 -0.0180951 -0.0285235
vn 0.263773 -0.601832 -0.753805
v 0.00360836 -0.0183593 -0.0296447
vn 0.0888189 -0.531641 -0.8423
v 0.00729144 -0.0177462 -0.0297442
vn 0.18067 -0.585042 -0.790623
v 0.00706349 -0.0186063 -0.0288959
vn 0.196216 -0.541538 -0.817457
v 0.00360836 -0.0183593 -0.0296447
vn 0.0888189 -0.531641 -0.8423
v 0.00373223 -0.0174569 -0.030484
vn 0.0846571 -0.576959 -0.812374
v 0.00729144 -0.0177462 -0.0297442
vn 0.18067 -0.585042 -0.790623
v 3.1665e-08 -0.015741 -0.0316164
vn -0.0110304 -0.327312 -0.944852
v 0.00373223 -0.0174569 -0.030484
vn 0.0846571 -0.576959 -0.812374
v 3.1665e-08 -0.0174112 -0.0308653
vn -0.00225495 -0.599498 -0.800373
v 3.1665e-08 -0.015741 -0.0316164
vn -0.0110304 -0.327312 -0.944852
v 0.0039035 -0.0158218 -0.031322
vn 0.12056 -0.374734 -0.91926
v 0.00373223 -0.0174569 -0.030484
vn 0.0846571 -0.576959 -0.812374
v 3.1665e-08 -0.0182398 -0.0298554
vn -0.000555202 -0.538094 -0.842885
v 0.00373223 -0.0174569 -0.030484
vn 0.0846571 -0.576959 -0.812374
v 0.00360836 -0.0183593 -0.0296447
vn 0.0888189 -0.531641 -0.8423
v 3.1665e-08 -0.0182398 -0.0298554
vn -0.000555202 -0.538094 -0.842885
v 3.1665e-08 -0.0174112 -0.0308653
vn -0.00225495 -0.599498 -0.800373
v 0.00373223 -0.0174569 -0.030484
vn 0.0846571 -0.576959 -0.812374
v 0.0202893 -0.00677954 0.0281486
vn 0.618011 -0.181313 0.764976
v 0.0186587 -0.00352899 0.0296498
vn 0.48855 -0.0980895 0.867005
v 0.0189507 -0.00692702 0.0289399
vn 0.475963 -0.213965 0.85304
v 0.0202893 -0.00677954 0.0281486
vn 0.618011 -0.181313 0.764976
v 0.0200679 -0.00346774 0.0289236
vn 0.596504 -0.0953859 0.796922
v 0.0186587 -0.00352899 0.0296498
vn 0.48855 -0.0980895 0.867005
v 0.0219518 -0.0157196 0.0230243
vn 0.650151 -0.407441 0.641323
v 0.0197074 -0.0119208 0.0267919
vn 0.470091 -0.367746 0.802358
v 0.0208079 -0.0162057 0.0236475
vn 0.509547 -0.494215 0.704353
v 0.0219518 -0.0157196 0.0230243
vn 0.650151 -0.407441 0.641323
v 0.0210233 -0.0115078 0.0260953
vn 0.629762 -0.294403 0.718837
v 0.0197074 -0.0119208 0.0267919
vn 0.470091 -0.367746 0.802358
v 0.0219791 -0.019806 0.0195812
vn 0.52267 -0.621422 0.583653
v 0.0219518 -0.0157196 0.0230243
vn 0.650151 -0.407441 0.641323
v 0.0208079 -0.0162057 0.0236475
vn 0.509547 -0.494215 0.704353
v 0.0219791 -0.019806 0.0195812
vn 0.52267 -0.621422 0.583653
v 0.023098 -0.0192131 0.0190571
vn 0.663113 -0.521434 0.537017
v 0.0219518 -0.0157196 0.0230243
vn 0.650151 -0.407441 0.641323
v 0.0235835 -0.0107744 0.0236257
vn 0.708957 -0.267 0.652756
v 0.0212146 -0.00653319 0.0272005
vn 0.696258 -0.156832 0.700448
v 0.0218671 -0.0111465 0.0252489
vn 0.71735 -0.24043 0.653913
v 0.0235835 -0.0107744 0.0236257
vn 0.708957 -0.267 0.652756
v 0.0232183 -0.00635005 0.0254595
vn 0.682561 -0.183427 0.707435
v 0.0212146 -0.00653319 0.0272005
vn 0.696258 -0.156832 0.700448
v 0.0179148 -0.0071071 0.0294184
vn 0.52409 -0.218229 0.823229
v 0.0186587 -0.00352899 0.0296498
vn 0.48855 -0.0980895 0.867005
v 0.0176514 -0.00364253 0.0302479
vn 0.592617 -0.0812753 0.801374
v 0.0179148 -0.0071071 0.0294184
vn 0.52409 -0.218229 0.823229
v 0.0189507 -0.00692702 0.0289399
vn 0.475963 -0.213965 0.85304
v 0.0186587 -0.00352899 0.0296498
vn 0.48855 -0.0980895 0.867005
v 0.0198639 -0.0165946 0.0239577
vn 0.560356 -0.467743 0.683533
v 0.0197074 -0.0119208 0.0267919
vn 0.470091 -0.367746 0.802358
v 0.0187418 -0.0121259 0.0271865
vn 0.558785 -0.315188 0.767083
v 0.0198639 -0.0165946 0.0239577
vn 0.560356 -0.467743 0.683533
v 0.0208079 -0.0162057 0.0236475
vn 0.509547 -0.494215 0.704353
v 0.0197074 -0.0119208 0.0267919
vn 0.470091 -0.367746 0.802358
v 0.0210804 -0.0202308 0.0198141
vn 0.5897 -0.564755 0.577327
v 0.0208079 -0.0162057 0.0236475
vn 0.509547 -0.494215 0.704353
v 0.0198639 -0.0165946 0.0239577
vn 0.560356 -0.467743 0.683533
v 0.0210804 -0.0202308 0.0198141
vn 0.5897 -0.564755 0.577327
v 0.0219791 -0.019806 0.0195812
vn 0.52267 -0.621422 0.583653
v 0.0208079 -0.0162057 0.0236475
vn 0.509547 -0.494215 0.704353
v 0.0176514 -0.00364253 0.0302479
vn 0.592617 -0.0812753 0.801374
v 0.018524 7.37612e-09 0.0298752
vn 0.456025 0.00271371 0.889963
v 0.0174771 7.37612e-09 0.0304206
vn 0.571963 -2.86826e-05 0.82028
v 0.0176514 -0.00364253 0.0302479
vn 0.592617 -0.0812753 0.801374
v 0.0186587 -0.00352899 0.0296498
vn 0.48855 -0.0980895 0.867005
v 0.018524 7.37612e-09 0.0298752
vn 0.456025 0.00271371 0.889963
v 0.0200679 -0.00346774 0.0289236
vn 0.596504 -0.0953859 0.796922
v 0.018524 7.37612e-09 0.0298752
vn 0.456025 0.00271371 0.889963
v 0.0186587 -0.00352899 0.0296498
vn 0.48855 -0.0980895 0.867005
v 0.0200679 -0.00346774 0.0289236
vn 0.596504 -0.0953859 0.796922
v 0.0199888 7.37612e-09 0.0291897
vn 0.574002 0.00842782 0.81881
v 0.018524 7.37612e-09 0.0298752
vn 0.456025 0.00271371 0.889963
v 0.0246059 -0.0227363 -0.0117748
vn 0.679445 -0.65173 -0.337049
v 0.0243365 -0.0245309 -0.00740804
vn 0.637572 -0.741798 -0.207936
v 0.0236118 -0.0237149 -0.0113643
vn 0.615317 -0.711783 -0.338748
v 0.0246059 -0.0227363 -0.0117748
vn 0.679445 -0.65173 -0.337049
v 0.0252791 -0.023648 -0.00773718
vn 0.713459 -0.665749 -0.218527
v 0.0243365 -0.0245309 -0.00740804
vn 0.637572 -0.741798 -0.207936
v 0.0231088 -0.0212841 -0.0165205
vn 0.670098 -0.581707 -0.461071
v 0.0236118 -0.0237149 -0.0113643
vn 0.615317 -0.711783 -0.338748
v 0.0221428 -0.0223911 -0.0160587
vn 0.504954 -0.747906 -0.430881
v 0.0231088 -0.0212841 -0.0165205
vn 0.670098 -0.581707 -0.461071
v 0.0246059 -0.0227363 -0.0117748
vn 0.679445 -0.65173 -0.337049
v 0.0236118 -0.0237149 -0.0113643
vn 0.615317 -0.711783 -0.338748
v 0.0201007 -0.0210087 -0.0201524
vn 0.472786 -0.694873 -0.541872
v 0.0231088 -0.0212841 -0.0165205
vn 0.670098 -0.581707 -0.461071
v 0.0221428 -0.0223911 -0.0160587
vn 0.504954 -0.747906 -0.430881
v 0.0201007 -0.0210087 -0.0201524
vn 0.472786 -0.694873 -0.541872
v 0.0209856 -0.0197772 -0.0206217
vn 0.625967 -0.511504 -0.588667
v 0.0231088 -0.0212841 -0.0165205
vn 0.670098 -0.581707 -0.461071
v 0.0262457 -0.0233057 -0.00427175
vn 0.814518 -0.569918 -0.108411
v 0.0274119 -0.0219385 0.00056165
vn 0.828686 -0.559631 0.00958049
v 0.0263812 -0.0235375 0.000839691
vn 0.811814 -0.583444 0.0234891
v 0.0262457 -0.0233057 -0.00427175
vn 0.814518 -0.569918 -0.108411
v 0.0273272 -0.0216118 -0.00435561
vn 0.826484 -0.55161 -0.112479
v 0.0274119 -0.0219385 0.00056165
vn 0.828686 -0.559631 0.00958049
v 0.0230563 -0.0243659 -0.0111263
vn 0.721718 -0.603296 -0.339348
v 0.0243365 -0.0245309 -0.00740804
vn 0.637572 -0.741798 -0.207936
v 0.023752 -0.0251092 -0.00717819
vn 0.728569 -0.662774 -0.172968
v 0.0230563 -0.0243659 -0.0111263
vn 0.721718 -0.603296 -0.339348
v 0.0236118 -0.0237149 -0.0113643
vn 0.615317 -0.711783 -0.338748
v 0.0243365 -0.0245309 -0.00740804
vn 0.637572 -0.741798 -0.207936
v 0.0214754 -0.0229247 -0.0157005
vn 0.65775 -0.597647 -0.458457
v 0.0236118 -0.0237149 -0.0113643
vn 0.615317 -0.711783 -0.338748
v 0.0230563 -0.0243659 -0.0111263
vn 0.721718 -0.603296 -0.339348
v 0.0214754 -0.0229247 -0.0157005
vn 0.65775 -0.597647 -0.458457
v 0.0221428 -0.0223911 -0.0160587
vn 0.504954 -0.747906 -0.430881
v 0.0236118 -0.0237149 -0.0113643
vn 0.615317 -0.711783 -0.338748
v 0.0194905 -0.0215943 -0.0197217
vn 0.540594 -0.632677 -0.554507
v 0.0221428 -0.0223911 -0.0160587
vn 0.504954 -0.747906 -0.430881
v 0.0214754 -0.0229247 -0.0157005
vn 0.65775 -0.597647 -0.458457
v 0.0194905 -0.0215943 -0.0197217
vn 0.540594 -0.632677 -0.554507
v 0.0201007 -0.0210087 -0.0201524
vn 0.472786 -0.694873 -0.541872
v 0.0221428 -0.0223911 -0.0160587
vn 0.504954 -0.747906 -0.430881
v 0.0189799 -0.0243596 0.0168931
vn 0.431618 -0.759028 0.487424
v 0.0173124 -0.0276522 0.0129659
vn 0.475262 -0.801532 0.362867
v 0.0201759 -0.0261141 0.0121355
vn 0.48576 -0.801686 0.348333
v 0.0189799 -0.0243596 0.0168931
vn 0.431618 -0.759028 0.487424
v 0.0161765 -0.025565 0.0178749
vn 0.447334 -0.736976 0.506714
v 0.0173124 -0.0276522 0.0129659
vn 0.475262 -0.801532 0.362867
v 0.0246059 -0.0227363 -0.0117748
vn 0.679445 -0.65173 -0.337049
v 0.0235567 -0.0203494 -0.0167613
vn 0.7428 -0.469882 -0.476926
v 0.0251624 -0.0218549 -0.0119998
vn 0.785697 -0.518736 -0.337035
v 0.0246059 -0.0227363 -0.0117748
vn 0.679445 -0.65173 -0.337049
v 0.0231088 -0.0212841 -0.0165205
vn 0.670098 -0.581707 -0.461071
v 0.0235567 -0.0203494 -0.0167613
vn 0.7428 -0.469882 -0.476926
v 0.027423 -0.0175554 -0.0130989
vn 0.789136 -0.485119 -0.376729
v 0.0268714 -0.0210366 -0.00824691
vn 0.810271 -0.536698 -0.235405
v 0.0260347 -0.0200817 -0.0123985
vn 0.791547 -0.500119 -0.35119
v 0.027423 -0.0175554 -0.0130989
vn 0.789136 -0.485119 -0.376729
v 0.0283983 -0.0185744 -0.00882299
vn 0.824007 -0.508479 -0.249921
v 0.0268714 -0.0210366 -0.00824691
vn 0.810271 -0.536698 -0.235405
v 0.0254924 -0.0159866 -0.0180638
vn 0.738903 -0.443678 -0.507122
v 0.0260347 -0.0200817 -0.0123985
vn 0.791547 -0.500119 -0.35119
v 0.0243673 -0.0184773 -0.0172883
vn 0.737724 -0.469782 -0.484838
v 0.0254924 -0.0159866 -0.0180638
vn 0.738903 -0.443678 -0.507122
v 0.027423 -0.0175554 -0.0130989
vn 0.789136 -0.485119 -0.376729
v 0.0260347 -0.0200817 -0.0123985
vn 0.791547 -0.500119 -0.35119
v 0.0221906 -0.0168285 -0.0213981
vn 0.653876 -0.441042 -0.614759
v 0.0254924 -0.0159866 -0.0180638
vn 0.738903 -0.443678 -0.507122
v 0.0243673 -0.0184773 -0.0172883
vn 0.737724 -0.469782 -0.484838
v 0.0221906 -0.0168285 -0.0213981
vn 0.653876 -0.441042 -0.614759
v 0.0230621 -0.0144153 -0.0221826
vn 0.661751 -0.398123 -0.635282
v 0.0254924 -0.0159866 -0.0180638
vn 0.738903 -0.443678 -0.507122
v 0.0231088 -0.0212841 -0.0165205
vn 0.670098 -0.581707 -0.461071
v 0.02146 -0.0187807 -0.0207674
vn 0.675663 -0.430274 -0.598618
v 0.0235567 -0.0203494 -0.0167613
vn 0.7428 -0.469882 -0.476926
v 0.0231088 -0.0212841 -0.0165205
vn 0.670098 -0.581707 -0.461071
v 0.0209856 -0.0197772 -0.0206217
vn 0.625967 -0.511504 -0.588667
v 0.02146 -0.0187807 -0.0207674
vn 0.675663 -0.430274 -0.598618
v 0.0260347 -0.0200817 -0.0123985
vn 0.791547 -0.500119 -0.35119
v 0.0258696 -0.0227569 -0.00791195
vn 0.810053 -0.544133 -0.218478
v 0.0251624 -0.0218549 -0.0119998
vn 0.785697 -0.518736 -0.337035
v 0.0260347 -0.0200817 -0.0123985
vn 0.791547 -0.500119 -0.35119
v 0.0268714 -0.0210366 -0.00824691
vn 0.810271 -0.536698 -0.235405
v 0.0258696 -0.0227569 -0.00791195
vn 0.810053 -0.544133 -0.218478
v 0.0243673 -0.0184773 -0.0172883
vn 0.737724 -0.469782 -0.484838
v 0.0251624 -0.0218549 -0.0119998
vn 0.785697 -0.518736 -0.337035
v 0.0235567 -0.0203494 -0.0167613
vn 0.7428 -0.469882 -0.476926
v 0.0243673 -0.0184773 -0.0172883
vn 0.737724 -0.469782 -0.484838
v 0.0260347 -0.0200817 -0.0123985
vn 0.791547 -0.500119 -0.35119
v 0.0251624 -0.0218549 -0.0119998
vn 0.785697 -0.518736 -0.337035
v 0.02146 -0.0187807 -0.0207674
vn 0.675663 -0.430274 -0.598618
v 0.0243673 -0.0184773 -0.0172883
vn 0.737724 -0.469782 -0.484838
v 0.0235567 -0.0203494 -0.0167613
vn 0.7428 -0.469882 -0.476926
v 0.02146 -0.0187807 -0.0207674
vn 0.675663 -0.430274 -0.598618
v 0.0221906 -0.0168285 -0.0213981
vn 0.653876 -0.441042 -0.614759
v 0.0243673 -0.0184773 -0.0172883
vn 0.737724 -0.469782 -0.484838
v 0.0273272 -0.0216118 -0.00435561
vn 0.826484 -0.55161 -0.112479
v 0.029015 -0.0196549 0.000425154
vn 0.849657 -0.527245 0.00976326
v 0.0274119 -0.0219385 0.00056165
vn 0.828686 -0.559631 0.00958049
v 0.0273272 -0.0216118 -0.00435561
vn 0.826484 -0.55161 -0.112479
v 0.0289166 -0.0192296 -0.00475143
vn 0.845643 -0.519019 -0.124527
v 0.029015 -0.0196549 0.000425154
vn 0.849657 -0.527245 0.00976326
v 0.0252791 -0.023648 -0.00773718
vn 0.713459 -0.665749 -0.218527
v 0.0251624 -0.0218549 -0.0119998
vn 0.785697 -0.518736 -0.337035
v 0.0258696 -0.0227569 -0.00791195
vn 0.810053 -0.544133 -0.218478
v 0.0252791 -0.023648 -0.00773718
vn 0.713459 -0.665749 -0.218527
v 0.0246059 -0.0227363 -0.0117748
vn 0.679445 -0.65173 -0.337049
v 0.0251624 -0.0218549 -0.0119998
vn 0.785697 -0.518736 -0.337035
v 0.0256237 -0.0241578 -0.00408179
vn 0.713952 -0.692484 -0.103631
v 0.0263812 -0.0235375 0.000839691
vn 0.811814 -0.583444 0.0234891
v 0.0257164 -0.0243574 0.00105987
vn 0.701594 -0.711806 0.0331459
v 0.0256237 -0.0241578 -0.00408179
vn 0.713952 -0.692484 -0.103631
v 0.0262457 -0.0233057 -0.00427175
vn 0.814518 -0.569918 -0.108411
v 0.0263812 -0.0235375 0.000839691
vn 0.811814 -0.583444 0.0234891
v 0.0246611 -0.0207395 0.0147427
vn 0.796041 -0.471174 0.379886
v 0.0248342 -0.0176776 0.0175199
vn 0.767291 -0.442775 0.463911
v 0.0237801 -0.018669 0.0185184
vn 0.766141 -0.426981 0.480328
v 0.0246611 -0.0207395 0.0147427
vn 0.796041 -0.471174 0.379886
v 0.0255093 -0.0195106 0.0140801
vn 0.795491 -0.47653 0.374316
v 0.0248342 -0.0176776 0.0175199
vn 0.767291 -0.442775 0.463911
v 0.0210233 -0.0115078 0.0260953
vn 0.629762 -0.294403 0.718837
v 0.0227431 -0.0152915 0.0222817
vn 0.720897 -0.352316 0.596809
v 0.0218671 -0.0111465 0.0252489
vn 0.71735 -0.24043 0.653913
v 0.0210233 -0.0115078 0.0260953
vn 0.629762 -0.294403 0.718837
v 0.0219518 -0.0157196 0.0230243
vn 0.650151 -0.407441 0.641323
v 0.0227431 -0.0152915 0.0222817
vn 0.720897 -0.352316 0.596809
v 0.0261891 -0.00334369 0.0229438
vn 0.761467 -0.0874373 0.642279
v 0.0232183 -0.00635005 0.0254595
vn 0.682561 -0.183427 0.707435
v 0.0261342 -0.00648439 0.0223638
vn 0.756806 -0.187676 0.626117
v 0.0261891 -0.00334369 0.0229438
vn 0.761467 -0.0874373 0.642279
v 0.0231045 -0.00327707 0.0261163
vn 0.682227 -0.0863218 0.726027
v 0.0232183 -0.00635005 0.0254595
vn 0.682561 -0.183427 0.707435
v 0.0259202 -0.0145594 0.0186858
vn 0.769857 -0.37239 0.518311
v 0.0235835 -0.0107744 0.0236257
vn 0.708957 -0.267 0.652756
v 0.0241668 -0.0146147 0.0210391
vn 0.737392 -0.348468 0.578639
v 0.0259202 -0.0145594 0.0186858
vn 0.769857 -0.37239 0.518311
v 0.0260355 -0.0109092 0.0207792
vn 0.755839 -0.291212 0.586432
v 0.0235835 -0.0107744 0.0236257
vn 0.708957 -0.267 0.652756
v 0.0248342 -0.0176776 0.0175199
vn 0.767291 -0.442775 0.463911
v 0.0259202 -0.0145594 0.0186858
vn 0.769857 -0.37239 0.518311
v 0.0241668 -0.0146147 0.0210391
vn 0.737392 -0.348468 0.578639
v 0.0248342 -0.0176776 0.0175199
vn 0.767291 -0.442775 0.463911
v 0.0258561 -0.0169551 0.016746
vn 0.770977 -0.447718 0.452927
v 0.0259202 -0.0145594 0.0186858
vn 0.769857 -0.37239 0.518311
v 0.0219518 -0.0157196 0.0230243
vn 0.650151 -0.407441 0.641323
v 0.0237801 -0.018669 0.0185184
vn 0.766141 -0.426981 0.480328
v 0.0227431 -0.0152915 0.0222817
vn 0.720897 -0.352316 0.596809
v 0.0219518 -0.0157196 0.0230243
vn 0.650151 -0.407441 0.641323
v 0.023098 -0.0192131 0.0190571
vn 0.663113 -0.521434 0.537017
v 0.0237801 -0.018669 0.0185184
vn 0.766141 -0.426981 0.480328
v 0.0232183 -0.00635005 0.0254595
vn 0.682561 -0.183427 0.707435
v 0.020994 -0.00337661 0.0279279
vn 0.695529 -0.0836091 0.713617
v 0.0212146 -0.00653319 0.0272005
vn 0.696258 -0.156832 0.700448
v 0.0232183 -0.00635005 0.0254595
vn 0.682561 -0.183427 0.707435
v 0.0231045 -0.00327707 0.0261163
vn 0.682227 -0.0863218 0.726027
v 0.020994 -0.00337661 0.0279279
vn 0.695529 -0.0836091 0.713617
v 0.0241668 -0.0146147 0.0210391
vn 0.737392 -0.348468 0.578639
v 0.0218671 -0.0111465 0.0252489
vn 0.71735 -0.24043 0.653913
v 0.0227431 -0.0152915 0.0222817
vn 0.720897 -0.352316 0.596809
v 0.0241668 -0.0146147 0.0210391
vn 0.737392 -0.348468 0.578639
v 0.0235835 -0.0107744 0.0236257
vn 0.708957 -0.267 0.652756
v 0.0218671 -0.0111465 0.0252489
vn 0.71735 -0.24043 0.653913
v 0.0237801 -0.018669 0.0185184
vn 0.766141 -0.426981 0.480328
v 0.0241668 -0.0146147 0.0210391
vn 0.737392 -0.348468 0.578639
v 0.0227431 -0.0152915 0.0222817
vn 0.720897 -0.352316 0.596809
v 0.0237801 -0.018669 0.0185184
vn 0.766141 -0.426981 0.480328
v 0.0248342 -0.0176776 0.0175199
vn 0.767291 -0.442775 0.463911
v 0.0241668 -0.0146147 0.0210391
vn 0.737392 -0.348468 0.578639
v 0.0260355 -0.0109092 0.0207792
vn 0.755839 -0.291212 0.586432
v 0.0232183 -0.00635005 0.0254595
vn 0.682561 -0.183427 0.707435
v 0.0235835 -0.0107744 0.0236257
vn 0.708957 -0.267 0.652756
v 0.0260355 -0.0109092 0.0207792
vn 0.755839 -0.291212 0.586432
v 0.0261342 -0.00648439 0.0223638
vn 0.756806 -0.187676 0.626117
v 0.0232183 -0.00635005 0.0254595
vn 0.682561 -0.183427 0.707435
v 0.0202893 -0.00677954 0.0281486
vn 0.618011 -0.181313 0.764976
v 0.0218671 -0.0111465 0.0252489
vn 0.71735 -0.24043 0.653913
v 0.0212146 -0.00653319 0.0272005
vn 0.696258 -0.156832 0.700448
v 0.0202893 -0.00677954 0.0281486
vn 0.618011 -0.181313 0.764976
v 0.0210233 -0.0115078 0.0260953
vn 0.629762 -0.294403 0.718837
v 0.0218671 -0.0111465 0.0252489
vn 0.71735 -0.24043 0.653913
v 0.00977566 -0.0141591 0.0305068
vn 0.275772 -0.39728 0.875282
v 0.00675309 -0.00839947 0.0332513
vn 0.192839 -0.248336 0.949285
v 0.00746429 -0.0143559 0.0310543
vn 0.214741 -0.40068 0.890697
v 0.00977566 -0.0141591 0.0305068
vn 0.275772 -0.39728 0.875282
v 0.0088666 -0.00831121 0.0327828
vn 0.248829 -0.248745 0.936061
v 0.00675309 -0.00839947 0.0332513
vn 0.192839 -0.248336 0.949285
v 0.0202893 -0.00677954 0.0281486
vn 0.618011 -0.181313 0.764976
v 0.020994 -0.00337661 0.0279279
vn 0.695529 -0.0836091 0.713617
v 0.0200679 -0.00346774 0.0289236
vn 0.596504 -0.0953859 0.796922
v 0.0202893 -0.00677954 0.0281486
vn 0.618011 -0.181313 0.764976
v 0.0212146 -0.00653319 0.0272005
vn 0.696258 -0.156832 0.700448
v 0.020994 -0.00337661 0.0279279
vn 0.695529 -0.0836091 0.713617
v 0.0200679 -0.00346774 0.0289236
vn 0.596504 -0.0953859 0.796922
v 0.0209502 7.37612e-09 0.0282009
vn 0.688569 -0.000988316 0.72517
v 0.0199888 7.37612e-09 0.0291897
vn 0.574002 0.00842782 0.81881
v 0.0200679 -0.00346774 0.0289236
vn 0.596504 -0.0953859 0.796922
v 0.020994 -0.00337661 0.0279279
vn 0.695529 -0.0836091 0.713617
v 0.0209502 7.37612e-09 0.0282009
vn 0.688569 -0.000988316 0.72517
v 3.1665e-08 -0.0142069 -0.0319932
vn -0.0156074 -0.309382 -0.95081
v 0.0039035 -0.0158218 -0.031322
vn 0.12056 -0.374734 -0.91926
v 3.1665e-08 -0.015741 -0.0316164
vn -0.0110304 -0.327312 -0.944852
v 3.1665e-08 -0.0142069 -0.0319932
vn -0.0156074 -0.309382 -0.95081
v 0.00400955 -0.0143832 -0.0317951
vn 0.1392 -0.323468 -0.935944
v 0.0039035 -0.0158218 -0.031322
vn 0.12056 -0.374734 -0.91926
v 0.0231045 -0.00327707 0.0261163
vn 0.682227 -0.0863218 0.726027
v 0.0209502 7.37612e-09 0.0282009
vn 0.688569 -0.000988316 0.72517
v 0.020994 -0.00337661 0.0279279
vn 0.695529 -0.0836091 0.713617
v 0.0231045 -0.00327707 0.0261163
vn 0.682227 -0.0863218 0.726027
v 0.0230508 3.65083e-09 0.0263451
vn 0.686322 -0.00290446 0.727292
v 0.0209502 7.37612e-09 0.0282009
vn 0.688569 -0.000988316 0.72517
v 0.0231045 -0.00327707 0.0261163
vn 0.682227 -0.0863218 0.726027
v 0.0262058 7.37612e-09 0.0231494
vn 0.760853 -0.000650578 0.648924
v 0.0230508 3.65083e-09 0.0263451
vn 0.686322 -0.00290446 0.727292
v 0.0231045 -0.00327707 0.0261163
vn 0.682227 -0.0863218 0.726027
v 0.0261891 -0.00334369 0.0229438
vn 0.761467 -0.0874373 0.642279
v 0.0262058 7.37612e-09 0.0231494
vn 0.760853 -0.000650578 0.648924
v 0.0159441 -0.0117263 -0.0289077
vn 0.453969 -0.325673 -0.829367
v 0.0191619 -0.0152441 -0.0251373
vn 0.559934 -0.394621 -0.728525
v 0.0154908 -0.0140593 -0.0281313
vn 0.437181 -0.395837 -0.80758
v 0.0159441 -0.0117263 -0.0289077
vn 0.453969 -0.325673 -0.829367
v 0.0197888 -0.0128793 -0.0259304
vn 0.562002 -0.358913 -0.745208
v 0.0191619 -0.0152441 -0.0251373
vn 0.559934 -0.394621 -0.728525
v 0.0180015 -0.0184205 -0.02438
vn 0.532653 -0.460774 -0.709907
v 0.0148269 -0.0160255 -0.0273814
vn 0.445573 -0.345918 -0.825715
v 0.0184484 -0.017276 -0.0245892
vn 0.567766 -0.384191 -0.728038
v 0.0180015 -0.0184205 -0.02438
vn 0.532653 -0.460774 -0.709907
v 0.0145516 -0.0174039 -0.0271575
vn 0.457783 -0.372201 -0.807404
v 0.0148269 -0.0160255 -0.0273814
vn 0.445573 -0.345918 -0.825715
v 0.0159441 -0.0117263 -0.0289077
vn 0.453969 -0.325673 -0.829367
v 0.0115771 -0.0130954 -0.0303449
vn 0.304639 -0.419762 -0.854982
v 0.0118864 -0.0107767 -0.0311024
vn 0.343418 -0.295397 -0.891518
v 0.0159441 -0.0117263 -0.0289077
vn 0.453969 -0.325673 -0.829367
v 0.0154908 -0.0140593 -0.0281313
vn 0.437181 -0.395837 -0.80758
v 0.0115771 -0.0130954 -0.0303449
vn 0.304639 -0.419762 -0.854982
v 0.0118864 -0.0107767 -0.0311024
vn 0.343418 -0.295397 -0.891518
v 0.00810151 -0.0125374 -0.031647
vn 0.229318 -0.375813 -0.897874
v 0.00830597 -0.0102123 -0.0323971
vn 0.23293 -0.281062 -0.930993
v 0.0118864 -0.0107767 -0.0311024
vn 0.343418 -0.295397 -0.891518
v 0.0115771 -0.0130954 -0.0303449
vn 0.304639 -0.419762 -0.854982
v 0.00810151 -0.0125374 -0.031647
vn 0.229318 -0.375813 -0.897874
v 0.00830597 -0.0102123 -0.0323971
vn 0.23293 -0.281062 -0.930993
v 0.00416426 -0.0121532 -0.0325381
vn 0.125361 -0.320029 -0.939077
v 0.00426274 -0.00985145 -0.0332578
vn 0.119108 -0.27083 -0.95523
v 0.00830597 -0.0102123 -0.0323971
vn 0.23293 -0.281062 -0.930993
v 0.00810151 -0.0125374 -0.031647
vn 0.229318 -0.375813 -0.897874
v 0.00416426 -0.0121532 -0.0325381
vn 0.125361 -0.320029 -0.939077
v 0.0154908 -0.0140593 -0.0281313
vn 0.437181 -0.395837 -0.80758
v 0.0184484 -0.017276 -0.0245892
vn 0.567766 -0.384191 -0.728038
v 0.0148269 -0.0160255 -0.0273814
vn 0.445573 -0.345918 -0.825715
v 0.0154908 -0.0140593 -0.0281313
vn 0.437181 -0.395837 -0.80758
v 0.0191619 -0.0152441 -0.0251373
vn 0.559934 -0.394621 -0.728525
v 0.0184484 -0.017276 -0.0245892
vn 0.567766 -0.384191 -0.728038
v 0.0191619 -0.0152441 -0.0251373
vn 0.559934 -0.394621 -0.728525
v 0.0230621 -0.0144153 -0.0221826
vn 0.661751 -0.398123 -0.635282
v 0.0221906 -0.0168285 -0.0213981
vn 0.653876 -0.441042 -0.614759
v 0.0191619 -0.0152441 -0.0251373
vn 0.559934 -0.394621 -0.728525
v 0.0197888 -0.0128793 -0.0259304
vn 0.562002 -0.358913 -0.745208
v 0.0230621 -0.0144153 -0.0221826
vn 0.661751 -0.398123 -0.635282
v 0.0115771 -0.0130954 -0.0303449
vn 0.304639 -0.419762 -0.854982
v 0.0148269 -0.0160255 -0.0273814
vn 0.445573 -0.345918 -0.825715
v 0.0110394 -0.015029 -0.0292903
vn 0.336498 -0.310066 -0.889173
v 0.0115771 -0.0130954 -0.0303449
vn 0.304639 -0.419762 -0.854982
v 0.0154908 -0.0140593 -0.0281313
vn 0.437181 -0.395837 -0.80758
v 0.0148269 -0.0160255 -0.0273814
vn 0.445573 -0.345918 -0.825715
v 0.00810151 -0.0125374 -0.031647
vn 0.229318 -0.375813 -0.897874
v 0.0110394 -0.015029 -0.0292903
vn 0.336498 -0.310066 -0.889173
v 0.00776426 -0.0146357 -0.03074
vn 0.277803 -0.305129 -0.910891
v 0.00810151 -0.0125374 -0.031647
vn 0.229318 -0.375813 -0.897874
v 0.0115771 -0.0130954 -0.0303449
vn 0.304639 -0.419762 -0.854982
v 0.0110394 -0.015029 -0.0292903
vn 0.336498 -0.310066 -0.889173
v 0.00416426 -0.0121532 -0.0325381
vn 0.125361 -0.320029 -0.939077
v 0.00776426 -0.0146357 -0.03074
vn 0.277803 -0.305129 -0.910891
v 0.00400955 -0.0143832 -0.0317951
vn 0.1392 -0.323468 -0.935944
v 0.00416426 -0.0121532 -0.0325381
vn 0.125361 -0.320029 -0.939077
v 0.00810151 -0.0125374 -0.031647
vn 0.229318 -0.375813 -0.897874
v 0.00776426 -0.0146357 -0.03074
vn 0.277803 -0.305129 -0.910891
v 3.1665e-08 -0.00971284 -0.0335621
vn -0.000486458 -0.270344 -0.962764
v 0.00416426 -0.0121532 -0.0325381
vn 0.125361 -0.320029 -0.939077
v 3.1665e-08 -0.0120012 -0.0328377
vn -0.0058219 -0.32625 -0.945266
v 3.1665e-08 -0.00971284 -0.0335621
vn -0.000486458 -0.270344 -0.962764
v 0.00426274 -0.00985145 -0.0332578
vn 0.119108 -0.27083 -0.95523
v 0.00416426 -0.0121532 -0.0325381
vn 0.125361 -0.320029 -0.939077
v 3.1665e-08 -0.0120012 -0.0328377
vn -0.0058219 -0.32625 -0.945266
v 0.00400955 -0.0143832 -0.0317951
vn 0.1392 -0.323468 -0.935944
v 3.1665e-08 -0.0142069 -0.0319932
vn -0.0156074 -0.309382 -0.95081
v 3.1665e-08 -0.0120012 -0.0328377
vn -0.0058219 -0.32625 -0.945266
v 0.00416426 -0.0121532 -0.0325381
vn 0.125361 -0.320029 -0.939077
v 0.00400955 -0.0143832 -0.0317951
vn 0.1392 -0.323468 -0.935944
v 0.0039035 -0.0158218 -0.031322
vn 0.12056 -0.374734 -0.91926
v 0.00776426 -0.0146357 -0.03074
vn 0.277803 -0.305129 -0.910891
v 0.00759001 -0.0161384 -0.0305062
vn 0.254756 -0.308612 -0.916438
v 0.0039035 -0.0158218 -0.031322
vn 0.12056 -0.374734 -0.91926
v 0.00400955 -0.0143832 -0.0317951
vn 0.1392 -0.323468 -0.935944
v 0.00776426 -0.0146357 -0.03074
vn 0.277803 -0.305129 -0.910891
v 0.00759001 -0.0161384 -0.0305062
vn 0.254756 -0.308612 -0.916438
v 0.0110394 -0.015029 -0.0292903
vn 0.336498 -0.310066 -0.889173
v 0.0109123 -0.0165623 -0.0292266
vn 0.361725 -0.27735 -0.890074
v 0.00759001 -0.0161384 -0.0305062
vn 0.254756 -0.308612 -0.916438
v 0.00776426 -0.0146357 -0.03074
vn 0.277803 -0.305129 -0.910891
v 0.0110394 -0.015029 -0.0292903
vn 0.336498 -0.310066 -0.889173
v 0.0109123 -0.0165623 -0.0292266
vn 0.361725 -0.27735 -0.890074
v 0.0148269 -0.0160255 -0.0273814
vn 0.445573 -0.345918 -0.825715
v 0.0145516 -0.0174039 -0.0271575
vn 0.457783 -0.372201 -0.807404
v 0.0109123 -0.0165623 -0.0292266
vn 0.361725 -0.27735 -0.890074
v 0.0110394 -0.015029 -0.0292903
vn 0.336498 -0.310066 -0.889173
v 0.0148269 -0.0160255 -0.0273814
vn 0.445573 -0.345918 -0.825715
v 0.0180015 -0.0184205 -0.02438
vn 0.532653 -0.460774 -0.709907
v 0.02146 -0.0187807 -0.0207674
vn 0.675663 -0.430274 -0.598618
v 0.0209856 -0.0197772 -0.0206217
vn 0.625967 -0.511504 -0.588667
v 0.0180015 -0.0184205 -0.02438
vn 0.532653 -0.460774 -0.709907
v 0.0184484 -0.017276 -0.0245892
vn 0.567766 -0.384191 -0.728038
v 0.02146 -0.0187807 -0.0207674
vn 0.675663 -0.430274 -0.598618
v 0.0176161 -0.0265487 -0.0149116
vn 0.449067 -0.80151 -0.394868
v 0.0161246 -0.0290648 -0.0112267
vn 0.433527 -0.84445 -0.314577
v 0.0155798 -0.0272501 -0.0157985
vn 0.404021 -0.805457 -0.433596
v 0.0176161 -0.0265487 -0.0149116
vn 0.449067 -0.80151 -0.394868
v 0.0184773 -0.0279631 -0.0105088
vn 0.48306 -0.825305 -0.292446
v 0.0161246 -0.0290648 -0.0112267
vn 0.433527 -0.84445 -0.314577
v 0.0248672 -0.0230544 0.0106836
vn 0.675125 -0.676251 0.294773
v 0.026077 -0.0231749 0.005939
vn 0.785498 -0.602374 0.141906
v 0.0255084 -0.0223883 0.0103637
vn 0.78854 -0.549609 0.275926
v 0.0248672 -0.0230544 0.0106836
vn 0.675125 -0.676251 0.294773
v 0.0254322 -0.0238899 0.0062098
vn 0.701356 -0.694209 0.161786
v 0.026077 -0.0231749 0.005939
vn 0.785498 -0.602374 0.141906
v 0.0277847 -0.0189218 0.0102653
vn 0.816733 -0.500188 0.287678
v 0.0255093 -0.0195106 0.0140801
vn 0.795491 -0.47653 0.374316
v 0.0263262 -0.0212198 0.0100075
vn 0.813117 -0.510733 0.279271
v 0.0277847 -0.0189218 0.0102653
vn 0.816733 -0.500188 0.287678
v 0.0266705 -0.0179184 0.0142432
vn 0.772663 -0.500027 0.391107
v 0.0255093 -0.0195106 0.0140801
vn 0.795491 -0.47653 0.374316
v 0.0285949 -0.0195184 0.00576516
vn 0.847081 -0.509883 0.149911
v 0.0263262 -0.0212198 0.0100075
vn 0.813117 -0.510733 0.279271
v 0.0271318 -0.021771 0.00564593
vn 0.816101 -0.561626 0.136214
v 0.0285949 -0.0195184 0.00576516
vn 0.847081 -0.509883 0.149911
v 0.0277847 -0.0189218 0.0102653
vn 0.816733 -0.500188 0.287678
v 0.0263262 -0.0212198 0.0100075
vn 0.813117 -0.510733 0.279271
v 0.029015 -0.0196549 0.000425154
vn 0.849657 -0.527245 0.00976326
v 0.0271318 -0.021771 0.00564593
vn 0.816101 -0.561626 0.136214
v 0.0274119 -0.0219385 0.00056165
vn 0.828686 -0.559631 0.00958049
v 0.029015 -0.0196549 0.000425154
vn 0.849657 -0.527245 0.00976326
v 0.0285949 -0.0195184 0.00576516
vn 0.847081 -0.509883 0.149911
v 0.0271318 -0.021771 0.00564593
vn 0.816101 -0.561626 0.136214
v 0.0254322 -0.0238899 0.0062098
vn 0.701356 -0.694209 0.161786
v 0.0263812 -0.0235375 0.000839691
vn 0.811814 -0.583444 0.0234891
v 0.026077 -0.0231749 0.005939
vn 0.785498 -0.602374 0.141906
v 0.0254322 -0.0238899 0.0062098
vn 0.701356 -0.694209 0.161786
v 0.0257164 -0.0243574 0.00105987
vn 0.701594 -0.711806 0.0331459
v 0.0263812 -0.0235375 0.000839691
vn 0.811814 -0.583444 0.0234891
v 0.0263262 -0.0212198 0.0100075
vn 0.813117 -0.510733 0.279271
v 0.0246611 -0.0207395 0.0147427
vn 0.796041 -0.471174 0.379886
v 0.0255084 -0.0223883 0.0103637
vn 0.78854 -0.549609 0.275926
v 0.0263262 -0.0212198 0.0100075
vn 0.813117 -0.510733 0.279271
v 0.0255093 -0.0195106 0.0140801
vn 0.795491 -0.47653 0.374316
v 0.0246611 -0.0207395 0.0147427
vn 0.796041 -0.471174 0.379886
v 0.0271318 -0.021771 0.00564593
vn 0.816101 -0.561626 0.136214
v 0.0255084 -0.0223883 0.0103637
vn 0.78854 -0.549609 0.275926
v 0.026077 -0.0231749 0.005939
vn 0.785498 -0.602374 0.141906
v 0.0271318 -0.021771 0.00564593
vn 0.816101 -0.561626 0.136214
v 0.0263262 -0.0212198 0.0100075
vn 0.813117 -0.510733 0.279271
v 0.0255084 -0.0223883 0.0103637
vn 0.78854 -0.549609 0.275926
v 0.0274119 -0.0219385 0.00056165
vn 0.828686 -0.559631 0.00958049
v 0.026077 -0.0231749 0.005939
vn 0.785498 -0.602374 0.141906
v 0.0263812 -0.0235375 0.000839691
vn 0.811814 -0.583444 0.0234891
v 0.0274119 -0.0219385 0.00056165
vn 0.828686 -0.559631 0.00958049
v 0.0271318 -0.021771 0.00564593
vn 0.816101 -0.561626 0.136214
v 0.026077 -0.0231749 0.005939
vn 0.785498 -0.602374 0.141906
v 0.0255093 -0.0195106 0.0140801
vn 0.795491 -0.47653 0.374316
v 0.0258561 -0.0169551 0.016746
vn 0.770977 -0.447718 0.452927
v 0.0248342 -0.0176776 0.0175199
vn 0.767291 -0.442775 0.463911
v 0.0255093 -0.0195106 0.0140801
vn 0.795491 -0.47653 0.374316
v 0.0266705 -0.0179184 0.0142432
vn 0.772663 -0.500027 0.391107
v 0.0258561 -0.0169551 0.016746
vn 0.770977 -0.447718 0.452927
v 0.0341248 -0.00348762 0.000477829
vn 0.996794 -0.0781568 0.0171006
v 0.0330725 -0.00696896 0.00713093
vn 0.968039 -0.177425 0.177262
v 0.0337284 -0.00684042 0.000466477
vn 0.985223 -0.170479 0.0165193
v 0.0341248 -0.00348762 0.000477829
vn 0.996794 -0.0781568 0.0171006
v 0.0334805 -0.00356748 0.00725969
vn 0.980546 -0.0823161 0.178197
v 0.0330725 -0.00696896 0.00713093
vn 0.968039 -0.177425 0.177262
v 0.0239973 -0.0213603 0.0151736
vn 0.672739 -0.607339 0.422564
v 0.0255084 -0.0223883 0.0103637
vn 0.78854 -0.549609 0.275926
v 0.0246611 -0.0207395 0.0147427
vn 0.796041 -0.471174 0.379886
v 0.0239973 -0.0213603 0.0151736
vn 0.672739 -0.607339 0.422564
v 0.0248672 -0.0230544 0.0106836
vn 0.675125 -0.676251 0.294773
v 0.0255084 -0.0223883 0.0103637
vn 0.78854 -0.549609 0.275926
v 0.0239973 -0.0213603 0.0151736
vn 0.672739 -0.607339 0.422564
v 0.0237801 -0.018669 0.0185184
vn 0.766141 -0.426981 0.480328
v 0.023098 -0.0192131 0.0190571
vn 0.663113 -0.521434 0.537017
v 0.0239973 -0.0213603 0.0151736
vn 0.672739 -0.607339 0.422564
v 0.0246611 -0.0207395 0.0147427
vn 0.796041 -0.471174 0.379886
v 0.0237801 -0.018669 0.0185184
vn 0.766141 -0.426981 0.480328
v 0.0124814 -0.0251169 -0.0211808
vn 0.334511 -0.739565 -0.584077
v 0.0155798 -0.0272501 -0.0157985
vn 0.404021 -0.805457 -0.433596
v 0.0127525 -0.0278319 -0.0171548
vn 0.346302 -0.809389 -0.474305
v 0.0124814 -0.0251169 -0.0211808
vn 0.334511 -0.739565 -0.584077
v 0.0152148 -0.0251755 -0.0192999
vn 0.392668 -0.747028 -0.536433
v 0.0155798 -0.0272501 -0.0157985
vn 0.404021 -0.805457 -0.433596
v 0.0131847 -0.0323092 -0.00276973
vn 0.374726 -0.924246 -0.0731388
v 0.0160658 -0.0309851 0.00287593
vn 0.449312 -0.889368 0.0845136
v 0.0128317 -0.0324262 0.00306532
vn 0.365588 -0.92636 0.0905637
v 0.0131847 -0.0323092 -0.00276973
vn 0.374726 -0.924246 -0.0731388
v 0.0163584 -0.0308641 -0.00259648
vn 0.452897 -0.889251 -0.0641603
v 0.0160658 -0.0309851 0.00287593
vn 0.449312 -0.889368 0.0845136
v 0.0124814 -0.0251169 -0.0211808
vn 0.334511 -0.739565 -0.584077
v 0.00964963 -0.0282907 -0.0182951
vn 0.259045 -0.823828 -0.504185
v 0.00940997 -0.025099 -0.0226895
vn 0.251106 -0.73463 -0.630289
v 0.0124814 -0.0251169 -0.0211808
vn 0.334511 -0.739565 -0.584077
v 0.0127525 -0.0278319 -0.0171548
vn 0.346302 -0.809389 -0.474305
v 0.00964963 -0.0282907 -0.0182951
vn 0.259045 -0.823828 -0.504185
v 0.00940997 -0.025099 -0.0226895
vn 0.251106 -0.73463 -0.630289
v 0.00677319 -0.028623 -0.0189868
vn 0.177974 -0.831103 -0.526871
v 0.00660616 -0.025121 -0.0235997
vn 0.173098 -0.733287 -0.657516
v 0.00940997 -0.025099 -0.0226895
vn 0.251106 -0.73463 -0.630289
v 0.00964963 -0.0282907 -0.0182951
vn 0.259045 -0.823828 -0.504185
v 0.00677319 -0.028623 -0.0189868
vn 0.177974 -0.831103 -0.526871
v 0.00660616 -0.025121 -0.0235997
vn 0.173098 -0.733287 -0.657516
v 0.00350489 -0.0288581 -0.0194595
vn 0.0910428 -0.834912 -0.542802
v 0.00341007 -0.0251528 -0.0242131
vn 0.0909013 -0.740051 -0.666379
v 0.00660616 -0.025121 -0.0235997
vn 0.173098 -0.733287 -0.657516
v 0.00677319 -0.028623 -0.0189868
vn 0.177974 -0.831103 -0.526871
v 0.00350489 -0.0288581 -0.0194595
vn 0.0910428 -0.834912 -0.542802
v 0.0127525 -0.0278319 -0.0171548
vn 0.346302 -0.809389 -0.474305
v 0.0161246 -0.0290648 -0.0112267
vn 0.433527 -0.84445 -0.314577
v 0.0131188 -0.0301333 -0.0121203
vn 0.358328 -0.867461 -0.345127
v 0.0127525 -0.0278319 -0.0171548
vn 0.346302 -0.809389 -0.474305
v 0.0155798 -0.0272501 -0.0157985
vn 0.404021 -0.805457 -0.433596
v 0.0161246 -0.0290648 -0.0112267
vn 0.433527 -0.84445 -0.314577
v 0.0184773 -0.0279631 -0.0105088
vn 0.48306 -0.825305 -0.292446
v 0.0163469 -0.0302315 -0.00686025
vn 0.446441 -0.873815 -0.19271
v 0.0161246 -0.0290648 -0.0112267
vn 0.433527 -0.84445 -0.314577
v 0.0184773 -0.0279631 -0.0105088
vn 0.48306 -0.825305 -0.292446
v 0.0188366 -0.0288941 -0.00645653
vn 0.494461 -0.850365 -0.179968
v 0.0163469 -0.0302315 -0.00686025
vn 0.446441 -0.873815 -0.19271
v 0.00964963 -0.0282907 -0.0182951
vn 0.259045 -0.823828 -0.504185
v 0.0131188 -0.0301333 -0.0121203
vn 0.358328 -0.867461 -0.345127
v 0.00988112 -0.0309893 -0.0128749
vn 0.274362 -0.887577 -0.370043
v 0.00964963 -0.0282907 -0.0182951
vn 0.259045 -0.823828 -0.504185
v 0.0127525 -0.0278319 -0.0171548
vn 0.346302 -0.809389 -0.474305
v 0.0131188 -0.0301333 -0.0121203
vn 0.358328 -0.867461 -0.345127
v 0.00677319 -0.028623 -0.0189868
vn 0.177974 -0.831103 -0.526871
v 0.00988112 -0.0309893 -0.0128749
vn 0.274362 -0.887577 -0.370043
v 0.00692266 -0.0315535 -0.0133516
vn 0.189245 -0.902081 -0.387861
v 0.00677319 -0.028623 -0.0189868
vn 0.177974 -0.831103 -0.526871
v 0.00964963 -0.0282907 -0.0182951
vn 0.259045 -0.823828 -0.504185
v 0.00988112 -0.0309893 -0.0128749
vn 0.274362 -0.887577 -0.370043
v 0.00350489 -0.0288581 -0.0194595
vn 0.0910428 -0.834912 -0.542802
v 0.00692266 -0.0315535 -0.0133516
vn 0.189245 -0.902081 -0.387861
v 0.00357621 -0.0319529 -0.0136686
vn 0.0983847 -0.911279 -0.399864
v 0.00350489 -0.0288581 -0.0194595
vn 0.0910428 -0.834912 -0.542802
v 0.00677319 -0.028623 -0.0189868
vn 0.177974 -0.831103 -0.526871
v 0.00692266 -0.0315535 -0.0133516
vn 0.189245 -0.902081 -0.387861
v 0.0131188 -0.0301333 -0.0121203
vn 0.358328 -0.867461 -0.345127
v 0.0163469 -0.0302315 -0.00686025
vn 0.446441 -0.873815 -0.19271
v 0.0132419 -0.0315574 -0.00735275
vn 0.368994 -0.904854 -0.212328
v 0.0131188 -0.0301333 -0.0121203
vn 0.358328 -0.867461 -0.345127
v 0.0161246 -0.0290648 -0.0112267
vn 0.433527 -0.84445 -0.314577
v 0.0163469 -0.0302315 -0.00686025
vn 0.446441 -0.873815 -0.19271
v 0.0155798 -0.0272501 -0.0157985
vn 0.404021 -0.805457 -0.433596
v 0.0169216 -0.0256351 -0.0171923
vn 0.439084 -0.753526 -0.489289
v 0.0176161 -0.0265487 -0.0149116
vn 0.449067 -0.80151 -0.394868
v 0.0155798 -0.0272501 -0.0157985
vn 0.404021 -0.805457 -0.433596
v 0.0152148 -0.0251755 -0.0192999
vn 0.392668 -0.747028 -0.536433
v 0.0169216 -0.0256351 -0.0171923
vn 0.439084 -0.753526 -0.489289
v 0.00988112 -0.0309893 -0.0128749
vn 0.274362 -0.887577 -0.370043
v 0.0132419 -0.0315574 -0.00735275
vn 0.368994 -0.904854 -0.212328
v 0.00994592 -0.0326309 -0.00778851
vn 0.286525 -0.929824 -0.230934
v 0.00988112 -0.0309893 -0.0128749
vn 0.274362 -0.887577 -0.370043
v 0.0131188 -0.0301333 -0.0121203
vn 0.358328 -0.867461 -0.345127
v 0.0132419 -0.0315574 -0.00735275
vn 0.368994 -0.904854 -0.212328
v 0.00692266 -0.0315535 -0.0133516
vn 0.189245 -0.902081 -0.387861
v 0.00994592 -0.0326309 -0.00778851
vn 0.286525 -0.929824 -0.230934
v 0.00697616 -0.0333327 -0.00807868
vn 0.200706 -0.948341 -0.245696
v 0.00692266 -0.0315535 -0.0133516
vn 0.189245 -0.902081 -0.387861
v 0.00988112 -0.0309893 -0.0128749
vn 0.274362 -0.887577 -0.370043
v 0.00994592 -0.0326309 -0.00778851
vn 0.286525 -0.929824 -0.230934
v 0.00357621 -0.0319529 -0.0136686
vn 0.0983847 -0.911279 -0.399864
v 0.00697616 -0.0333327 -0.00807868
vn 0.200706 -0.948341 -0.245696
v 0.00362501 -0.0338289 -0.00827577
vn 0.105523 -0.960915 -0.255946
v 0.00357621 -0.0319529 -0.0136686
vn 0.0983847 -0.911279 -0.399864
v 0.00692266 -0.0315535 -0.0133516
vn 0.189245 -0.902081 -0.387861
v 0.00697616 -0.0333327 -0.00807868
vn 0.200706 -0.948341 -0.245696
v 0.0105922 -0.00422555 0.0330305
vn 0.303001 -0.114932 0.946034
v 0.0088666 -0.00831121 0.0327828
vn 0.248829 -0.248745 0.936061
v 0.0109537 -0.00818948 0.0321859
vn 0.311301 -0.244661 0.918277
v 0.0105922 -0.00422555 0.0330305
vn 0.303001 -0.114932 0.946034
v 0.00853658 -0.00427129 0.0336064
vn 0.23984 -0.117645 0.963658
v 0.0088666 -0.00831121 0.0327828
vn 0.248829 -0.248745 0.936061
v 0.0189441 -0.0294091 -0.00248354
vn 0.499489 -0.864478 -0.0564695
v 0.0160658 -0.0309851 0.00287593
vn 0.449312 -0.889368 0.0845136
v 0.0163584 -0.0308641 -0.00259648
vn 0.452897 -0.889251 -0.0641603
v 0.0189441 -0.0294091 -0.00248354
vn 0.499489 -0.864478 -0.0564695
v 0.0187511 -0.0295084 0.00263601
vn 0.507215 -0.858206 0.0788349
v 0.0160658 -0.0309851 0.00287593
vn 0.449312 -0.889368 0.0845136
v 0.00986572 -0.0334844 -0.00293361
vn 0.293415 -0.952536 -0.0811312
v 0.0128317 -0.0324262 0.00306532
vn 0.365588 -0.92636 0.0905637
v 0.00951723 -0.0335712 0.00321644
vn 0.286586 -0.952919 0.0990687
v 0.00986572 -0.0334844 -0.00293361
vn 0.293415 -0.952536 -0.0811312
v 0.0131847 -0.0323092 -0.00276973
vn 0.374726 -0.924246 -0.0731388
v 0.0128317 -0.0324262 0.00306532
vn 0.365588 -0.92636 0.0905637
v 0.00690513 -0.034253 -0.00305453
vn 0.207093 -0.974354 -0.0880165
v 0.00951723 -0.0335712 0.00321644
vn 0.286586 -0.952919 0.0990687
v 0.00661805 -0.0343045 0.00330534
vn 0.201476 -0.974139 0.102274
v 0.00690513 -0.034253 -0.00305453
vn 0.207093 -0.974354 -0.0880165
v 0.00986572 -0.0334844 -0.00293361
vn 0.293415 -0.952536 -0.0811312
v 0.00951723 -0.0335712 0.00321644
vn 0.286586 -0.952919 0.0990687
v 0.00358217 -0.0347959 -0.00313332
vn 0.108982 -0.989721 -0.0926074
v 0.00661805 -0.0343045 0.00330534
vn 0.201476 -0.974139 0.102274
v 0.00340814 -0.0348139 0.00337809
vn 0.106708 -0.988866 0.103719
v 0.00358217 -0.0347959 -0.00313332
vn 0.108982 -0.989721 -0.0926074
v 0.00690513 -0.034253 -0.00305453
vn 0.207093 -0.974354 -0.0880165
v 0.00661805 -0.0343045 0.00330534
vn 0.201476 -0.974139 0.102274
v 3.1665e-08 -0.0251362 -0.024452
vn -0.00165927 -0.73852 -0.674229
v 0.00350489 -0.0288581 -0.0194595
vn 0.0910428 -0.834912 -0.542802
v 3.1665e-08 -0.0289373 -0.0196371
vn -5.25556e-05 -0.83533 -0.549749
v 3.1665e-08 -0.0251362 -0.024452
vn -0.00165927 -0.73852 -0.674229
v 0.00341007 -0.0251528 -0.0242131
vn 0.0909013 -0.740051 -0.666379
v 0.00350489 -0.0288581 -0.0194595
vn 0.0910428 -0.834912 -0.542802
v 0.0128317 -0.0324262 0.00306532
vn 0.365588 -0.92636 0.0905637
v 0.015424 -0.0302306 0.00869479
vn 0.431639 -0.869376 0.240567
v 0.0122082 -0.0315079 0.00914146
vn 0.341911 -0.905723 0.250527
v 0.0128317 -0.0324262 0.00306532
vn 0.365588 -0.92636 0.0905637
v 0.0160658 -0.0309851 0.00287593
vn 0.449312 -0.889368 0.0845136
v 0.015424 -0.0302306 0.00869479
vn 0.431639 -0.869376 0.240567
v 3.1665e-08 -0.0289373 -0.0196371
vn -5.25556e-05 -0.83533 -0.549749
v 0.00357621 -0.0319529 -0.0136686
vn 0.0983847 -0.911279 -0.399864
v 3.1665e-08 -0.0320929 -0.0137924
vn 7.66966e-06 -0.91445 -0.404698
v 3.1665e-08 -0.0289373 -0.0196371
vn -5.25556e-05 -0.83533 -0.549749
v 0.00350489 -0.0288581 -0.0194595
vn 0.0910428 -0.834912 -0.542802
v 0.00357621 -0.0319529 -0.0136686
vn 0.0983847 -0.911279 -0.399864
v 3.1665e-08 -0.0320929 -0.0137924
vn 7.66966e-06 -0.91445 -0.404698
v 0.00362501 -0.0338289 -0.00827577
vn 0.105523 -0.960915 -0.255946
v 3.1665e-08 -0.0340089 -0.00836248
vn -7.0897e-06 -0.965556 -0.260195
v 3.1665e-08 -0.0320929 -0.0137924
vn 7.66966e-06 -0.91445 -0.404698
v 0.00357621 -0.0319529 -0.0136686
vn 0.0983847 -0.911279 -0.399864
v 0.00362501 -0.0338289 -0.00827577
vn 0.105523 -0.960915 -0.255946
v 3.1665e-08 -0.0349958 -0.00316732
vn -0.000139583 -0.995524 -0.0945075
v 0.00340814 -0.0348139 0.00337809
vn 0.106708 -0.988866 0.103719
v 3.1665e-08 -0.035 0.00340699
vn -0.0001519 -0.994631 0.103489
v 3.1665e-08 -0.0349958 -0.00316732
vn -0.000139583 -0.995524 -0.0945075
v 0.00358217 -0.0347959 -0.00313332
vn 0.108982 -0.989721 -0.0926074
v 0.00340814 -0.0348139 0.00337809
vn 0.106708 -0.988866 0.103719
v 0.0133626 -0.0189081 0.0263763
vn 0.36229 -0.539048 0.760377
v 0.00977566 -0.0141591 0.0305068
vn 0.275772 -0.39728 0.875282
v 0.0109306 -0.0193859 0.0271321
vn 0.308417 -0.548436 0.777236
v 0.0133626 -0.0189081 0.0263763
vn 0.36229 -0.539048 0.760377
v 0.0119975 -0.0139284 0.0298229
vn 0.340321 -0.392255 0.854586
v 0.00977566 -0.0141591 0.0305068
vn 0.275772 -0.39728 0.875282
v 0.0148579 -0.0230124 0.0220137
vn 0.422757 -0.65469 0.626624
v 0.0109306 -0.0193859 0.0271321
vn 0.308417 -0.548436 0.777236
v 0.0123228 -0.0236791 0.0228339
vn 0.347917 -0.666622 0.659219
v 0.0148579 -0.0230124 0.0220137
vn 0.422757 -0.65469 0.626624
v 0.0133626 -0.0189081 0.0263763
vn 0.36229 -0.539048 0.760377
v 0.0109306 -0.0193859 0.0271321
vn 0.308417 -0.548436 0.777236
v 0.00205967 -0.0201782 0.0286101
vn 0.0579857 -0.569541 0.819915
v 3.1665e-08 -0.0250148 0.0246042
vn 2.36613e-05 -0.71148 0.702706
v 0.00240046 -0.024971 0.0245351
vn 0.0654999 -0.709635 0.701519
v 0.00205967 -0.0201782 0.0286101
vn 0.0579857 -0.569541 0.819915
v 3.1665e-08 -0.0201963 0.0286713
vn -1.91283e-06 -0.569996 0.821647
v 3.1665e-08 -0.0250148 0.0246042
vn 2.36613e-05 -0.71148 0.702706
v 0.0088666 -0.00831121 0.0327828
vn 0.248829 -0.248745 0.936061
v 0.0064942 -0.00430327 0.0340475
vn 0.184251 -0.118461 0.975714
v 0.00675309 -0.00839947 0.0332513
vn 0.192839 -0.248336 0.949285
v 0.0088666 -0.00831121 0.0327828
vn 0.248829 -0.248745 0.936061
v 0.00853658 -0.00427129 0.0336064
vn 0.23984 -0.117645 0.963658
v 0.0064942 -0.00430327 0.0340475
vn 0.184251 -0.118461 0.975714
v 0.0109306 -0.0193859 0.0271321
vn 0.308417 -0.548436 0.777236
v 0.00746429 -0.0143559 0.0310543
vn 0.214741 -0.40068 0.890697
v 0.00844529 -0.0197109 0.027766
vn 0.242708 -0.554727 0.795846
v 0.0109306 -0.0193859 0.0271321
vn 0.308417 -0.548436 0.777236
v 0.00977566 -0.0141591 0.0305068
vn 0.275772 -0.39728 0.875282
v 0.00746429 -0.0143559 0.0310543
vn 0.214741 -0.40068 0.890697
v 0.0123228 -0.0236791 0.0228339
vn 0.347917 -0.666622 0.659219
v 0.00844529 -0.0197109 0.027766
vn 0.242708 -0.554727 0.795846
v 0.00959054 -0.02423 0.0235265
vn 0.271583 -0.683555 0.677492
v 0.0123228 -0.0236791 0.0228339
vn 0.347917 -0.666622 0.659219
v 0.0109306 -0.0193859 0.0271321
vn 0.308417 -0.548436 0.777236
v 0.00844529 -0.0197109 0.027766
vn 0.242708 -0.554727 0.795846
v 0.00675309 -0.00839947 0.0332513
vn 0.192839 -0.248336 0.949285
v 0.00531729 -0.0144887 0.0314262
vn 0.152418 -0.404719 0.901649
v 0.00746429 -0.0143559 0.0310543
vn 0.214741 -0.40068 0.890697
v 0.00675309 -0.00839947 0.0332513
vn 0.192839 -0.248336 0.949285
v 0.00479474 -0.00845324 0.0335704
vn 0.137468 -0.249381 0.958599
v 0.00531729 -0.0144887 0.0314262
vn 0.152418 -0.404719 0.901649
v 0.0064942 -0.00430327 0.0340475
vn 0.184251 -0.118461 0.975714
v 0.00479474 -0.00845324 0.0335704
vn 0.137468 -0.249381 0.958599
v 0.00675309 -0.00839947 0.0332513
vn 0.192839 -0.248336 0.949285
v 0.0064942 -0.00430327 0.0340475
vn 0.184251 -0.118461 0.975714
v 0.0046011 -0.00432762 0.0343456
vn 0.132139 -0.118482 0.984125
v 0.00479474 -0.00845324 0.0335704
vn 0.137468 -0.249381 0.958599
v 0.00746429 -0.0143559 0.0310543
vn 0.214741 -0.40068 0.890697
v 0.00606168 -0.0199633 0.0281952
vn 0.172965 -0.563208 0.80801
v 0.00844529 -0.0197109 0.027766
vn 0.242708 -0.554727 0.795846
v 0.00746429 -0.0143559 0.0310543
vn 0.214741 -0.40068 0.890697
v 0.00531729 -0.0144887 0.0314262
vn 0.152418 -0.404719 0.901649
v 0.00606168 -0.0199633 0.0281952
vn 0.172965 -0.563208 0.80801
v 0.00844529 -0.0197109 0.027766
vn 0.242708 -0.554727 0.795846
v 0.00689407 -0.024648 0.0240228
vn 0.196756 -0.698644 0.687884
v 0.00959054 -0.02423 0.0235265
vn 0.271583 -0.683555 0.677492
v 0.00844529 -0.0197109 0.027766
vn 0.242708 -0.554727 0.795846
v 0.00606168 -0.0199633 0.0281952
vn 0.172965 -0.563208 0.80801
v 0.00689407 -0.024648 0.0240228
vn 0.196756 -0.698644 0.687884
v 0.00479474 -0.00845324 0.0335704
vn 0.137468 -0.249381 0.958599
v 0.00361293 -0.0145592 0.0316308
vn 0.100879 -0.406892 0.907889
v 0.00531729 -0.0144887 0.0314262
vn 0.152418 -0.404719 0.901649
v 0.00479474 -0.00845324 0.0335704
vn 0.137468 -0.249381 0.958599
v 0.00324926 -0.00847924 0.0337456
vn 0.0909975 -0.250442 0.963846
v 0.00361293 -0.0145592 0.0316308
vn 0.100879 -0.406892 0.907889
v 0.0046011 -0.00432762 0.0343456
vn 0.132139 -0.118482 0.984125
v 0.00324926 -0.00847924 0.0337456
vn 0.0909975 -0.250442 0.963846
v 0.00479474 -0.00845324 0.0335704
vn 0.137468 -0.249381 0.958599
v 0.0046011 -0.00432762 0.0343456
vn 0.132139 -0.118482 0.984125
v 0.00311545 -0.00434095 0.0345076
vn 0.0874286 -0.118956 0.989043
v 0.00324926 -0.00847924 0.0337456
vn 0.0909975 -0.250442 0.963846
v 0.00531729 -0.0144887 0.0314262
vn 0.152418 -0.404719 0.901649
v 0.00409574 -0.0201041 0.0284437
vn 0.115124 -0.567554 0.815248
v 0.00606168 -0.0199633 0.0281952
vn 0.172965 -0.563208 0.80801
v 0.00531729 -0.0144887 0.0314262
vn 0.152418 -0.404719 0.901649
v 0.00361293 -0.0145592 0.0316308
vn 0.100879 -0.406892 0.907889
v 0.00409574 -0.0201041 0.0284437
vn 0.115124 -0.567554 0.815248
v 0.00606168 -0.0199633 0.0281952
vn 0.172965 -0.563208 0.80801
v 0.00472465 -0.0248721 0.0243049
vn 0.130745 -0.706454 0.695578
v 0.00689407 -0.024648 0.0240228
vn 0.196756 -0.698644 0.687884
v 0.00606168 -0.0199633 0.0281952
vn 0.172965 -0.563208 0.80801
v 0.00409574 -0.0201041 0.0284437
vn 0.115124 -0.567554 0.815248
v 0.00472465 -0.0248721 0.0243049
vn 0.130745 -0.706454 0.695578
v 0.00324926 -0.00847924 0.0337456
vn 0.0909975 -0.250442 0.963846
v 0.00182229 -0.0146004 0.031763
vn 0.0509987 -0.407919 0.911593
v 0.00361293 -0.0145592 0.0316308
vn 0.100879 -0.406892 0.907889
v 0.00324926 -0.00847924 0.0337456
vn 0.0909975 -0.250442 0.963846
v 0.00164261 -0.00849174 0.0338573
vn 0.0459932 -0.250917 0.966915
v 0.00182229 -0.0146004 0.031763
vn 0.0509987 -0.407919 0.911593
v 0.00311545 -0.00434095 0.0345076
vn 0.0874286 -0.118956 0.989043
v 0.00164261 -0.00849174 0.0338573
vn 0.0459932 -0.250917 0.966915
v 0.00324926 -0.00847924 0.0337456
vn 0.0909975 -0.250442 0.963846
v 0.00311545 -0.00434095 0.0345076
vn 0.0874286 -0.118956 0.989043
v 0.00157475 -0.00434802 0.0346099
vn 0.0442927 -0.119177 0.991885
v 0.00164261 -0.00849174 0.0338573
vn 0.0459932 -0.250917 0.966915
v 0.00361293 -0.0145592 0.0316308
vn 0.100879 -0.406892 0.907889
v 0.00205967 -0.0201782 0.0286101
vn 0.0579857 -0.569541 0.819915
v 0.00409574 -0.0201041 0.0284437
vn 0.115124 -0.567554 0.815248
v 0.00361293 -0.0145592 0.0316308
vn 0.100879 -0.406892 0.907889
v 0.00182229 -0.0146004 0.031763
vn 0.0509987 -0.407919 0.911593
v 0.00205967 -0.0201782 0.0286101
vn 0.0579857 -0.569541 0.819915
v 0.00409574 -0.0201041 0.0284437
vn 0.115124 -0.567554 0.815248
v 0.00240046 -0.024971 0.0245351
vn 0.0654999 -0.709635 0.701519
v 0.00472465 -0.0248721 0.0243049
vn 0.130745 -0.706454 0.695578
v 0.00409574 -0.0201041 0.0284437
vn 0.115124 -0.567554 0.815248
v 0.00205967 -0.0201782 0.0286101
vn 0.0579857 -0.569541 0.819915
v 0.00240046 -0.024971 0.0245351
vn 0.0654999 -0.709635 0.701519
v 0.0119975 -0.0139284 0.0298229
vn 0.340321 -0.392255 0.854586
v 0.0088666 -0.00831121 0.0327828
vn 0.248829 -0.248745 0.936061
v 0.00977566 -0.0141591 0.0305068
vn 0.275772 -0.39728 0.875282
v 0.0119975 -0.0139284 0.0298229
vn 0.340321 -0.392255 0.854586
v 0.0109537 -0.00818948 0.0321859
vn 0.311301 -0.244661 0.918277
v 0.0088666 -0.00831121 0.0327828
vn 0.248829 -0.248745 0.936061
v 0.0181671 -0.02887 0.00816692
vn 0.495674 -0.838982 0.224539
v 0.014627 -0.0287715 0.013716
vn 0.408938 -0.826258 0.387386
v 0.015424 -0.0302306 0.00869479
vn 0.431639 -0.869376 0.240567
v 0.0181671 -0.02887 0.00816692
vn 0.495674 -0.838982 0.224539
v 0.0173124 -0.0276522 0.0129659
vn 0.475262 -0.801532 0.362867
v 0.014627 -0.0287715 0.013716
vn 0.408938 -0.826258 0.387386
v 0.00842559 7.37612e-09 0.033893
vn 0.237867 0.000586438 0.971298
v 0.0064942 -0.00430327 0.0340475
vn 0.184251 -0.118461 0.975714
v 0.00853658 -0.00427129 0.0336064
vn 0.23984 -0.117645 0.963658
v 0.00842559 7.37612e-09 0.033893
vn 0.237867 0.000586438 0.971298
v 0.00640683 7.37612e-09 0.0343255
vn 0.181406 4.54441e-07 0.983408
v 0.0064942 -0.00430327 0.0340475
vn 0.184251 -0.118461 0.975714
v 0.00182229 -0.0146004 0.031763
vn 0.0509987 -0.407919 0.911593
v 3.1665e-08 -0.0201963 0.0286713
vn -1.91283e-06 -0.569996 0.821647
v 0.00205967 -0.0201782 0.0286101
vn 0.0579857 -0.569541 0.819915
v 0.00182229 -0.0146004 0.031763
vn 0.0509987 -0.407919 0.911593
v -5.837e-09 -0.0146132 0.031809
vn -9.32049e-06 -0.408219 0.912884
v 3.1665e-08 -0.0201963 0.0286713
vn -1.91283e-06 -0.569996 0.821647
v 0.00164261 -0.00849174 0.0338573
vn 0.0459932 -0.250917 0.966915
v -5.837e-09 -0.0146132 0.031809
vn -9.32049e-06 -0.408219 0.912884
v 0.00182229 -0.0146004 0.031763
vn 0.0509987 -0.407919 0.911593
v 0.00164261 -0.00849174 0.0338573
vn 0.0459932 -0.250917 0.966915
v 3.1665e-08 -0.00849458 0.033896
vn 2.62146e-05 -0.251027 0.96798
v -5.837e-09 -0.0146132 0.031809
vn -9.32049e-06 -0.408219 0.912884
v 0.0178168 -0.0176125 0.0249518
vn 0.446104 -0.525964 0.724122
v 0.0203793 -0.0207375 0.0202553
vn 0.622065 -0.527936 0.578203
v 0.0190645 -0.0170358 0.024486
vn 0.570861 -0.456728 0.682288
v 0.0178168 -0.0176125 0.0249518
vn 0.446104 -0.525964 0.724122
v 0.0192636 -0.0213902 0.0206662
vn 0.441944 -0.64915 0.619104
v 0.0203793 -0.0207375 0.0202553
vn 0.622065 -0.527936 0.578203
v 0.00157475 -0.00434802 0.0346099
vn 0.0442927 -0.119177 0.991885
v 3.1665e-08 -0.00849458 0.033896
vn 2.62146e-05 -0.251027 0.96798
v 0.00164261 -0.00849174 0.0338573
vn 0.0459932 -0.250917 0.966915
v 0.00157475 -0.00434802 0.0346099
vn 0.0442927 -0.119177 0.991885
v 3.1665e-08 -0.00435 0.0346453
vn -1.07116e-05 -0.119272 0.992862
v 3.1665e-08 -0.00849458 0.033896
vn 2.62146e-05 -0.251027 0.96798
v 0.00154868 7.37612e-09 0.0348735
vn 0.043606 -5.28007e-07 0.999049
v 3.1665e-08 -0.00435 0.0346453
vn -1.07116e-05 -0.119272 0.992862
v 0.00157475 -0.00434802 0.0346099
vn 0.0442927 -0.119177 0.991885
v 0.00154868 7.37612e-09 0.0348735
vn 0.043606 -5.28007e-07 0.999049
v 3.1665e-08 7.37612e-09 0.0349077
vn -4.31518e-06 -3.56774e-08 1
v 3.1665e-08 -0.00435 0.0346453
vn -1.07116e-05 -0.119272 0.992862
v 0.0030658 7.37612e-09 0.0347743
vn 0.0859274 7.52483e-06 0.996301
v 0.00157475 -0.00434802 0.0346099
vn 0.0442927 -0.119177 0.991885
v 0.00311545 -0.00434095 0.0345076
vn 0.0874286 -0.118956 0.989043
v 0.0030658 7.37612e-09 0.0347743
vn 0.0859274 7.52483e-06 0.996301
v 0.00154868 7.37612e-09 0.0348735
vn 0.043606 -5.28007e-07 0.999049
v 0.00157475 -0.00434802 0.0346099
vn 0.0442927 -0.119177 0.991885
v 0.00453176 3.65083e-09 0.0346169
vn 0.130066 4.2625e-06 0.991505
v 0.00311545 -0.00434095 0.0345076
vn 0.0874286 -0.118956 0.989043
v 0.0046011 -0.00432762 0.0343456
vn 0.132139 -0.118482 0.984125
v 0.00453176 3.65083e-09 0.0346169
vn 0.130066 4.2625e-06 0.991505
v 0.0030658 7.37612e-09 0.0347743
vn 0.0859274 7.52483e-06 0.996301
v 0.00311545 -0.00434095 0.0345076
vn 0.0874286 -0.118956 0.989043
v 0.00640683 7.37612e-09 0.0343255
vn 0.181406 4.54441e-07 0.983408
v 0.0046011 -0.00432762 0.0343456
vn 0.132139 -0.118482 0.984125
v 0.0064942 -0.00430327 0.0340475
vn 0.184251 -0.118461 0.975714
v 0.00640683 7.37612e-09 0.0343255
vn 0.181406 4.54441e-07 0.983408
v 0.00453176 3.65083e-09 0.0346169
vn 0.130066 4.2625e-06 0.991505
v 0.0046011 -0.00432762 0.0343456
vn 0.132139 -0.118482 0.984125
v 0.00853658 -0.00427129 0.0336064
vn 0.23984 -0.117645 0.963658
v 0.0104507 7.37612e-09 0.0333336
vn 0.299356 0.00110052 0.954141
v 0.00842559 7.37612e-09 0.033893
vn 0.237867 0.000586438 0.971298
v 0.00853658 -0.00427129 0.0336064
vn 0.23984 -0.117645 0.963658
v 0.0105922 -0.00422555 0.0330305
vn 0.303001 -0.114932 0.946034
v 0.0104507 7.37612e-09 0.0333336
vn 0.299356 0.00110052 0.954141
v 0.0105432 -0.0272989 0.0193551
vn 0.292615 -0.787195 0.542863
v 0.0123228 -0.0236791 0.0228339
vn 0.347917 -0.666622 0.659219
v 0.00959054 -0.02423 0.0235265
vn 0.271583 -0.683555 0.677492
v 0.0105432 -0.0272989 0.0193551
vn 0.292615 -0.787195 0.542863
v 0.0135043 -0.0265307 0.0186208
vn 0.379774 -0.76212 0.524351
v 0.0123228 -0.0236791 0.0228339
vn 0.347917 -0.666622 0.659219
v 0.0128317 -0.0324262 0.00306532
vn 0.365588 -0.92636 0.0905637
v 0.00897037 -0.0324717 0.00950806
vn 0.261298 -0.92857 0.263592
v 0.00951723 -0.0335712 0.00321644
vn 0.286586 -0.952919 0.0990687
v 0.0128317 -0.0324262 0.00306532
vn 0.365588 -0.92636 0.0905637
v 0.0122082 -0.0315079 0.00914146
vn 0.341911 -0.905723 0.250527
v 0.00897037 -0.0324717 0.00950806
vn 0.261298 -0.92857 0.263592
v 0.00951723 -0.0335712 0.00321644
vn 0.286586 -0.952919 0.0990687
v 0.0061842 -0.033068 0.00972115
vn 0.179971 -0.944391 0.275204
v 0.00661805 -0.0343045 0.00330534
vn 0.201476 -0.974139 0.102274
v 0.00951723 -0.0335712 0.00321644
vn 0.286586 -0.952919 0.0990687
v 0.00897037 -0.0324717 0.00950806
vn 0.261298 -0.92857 0.263592
v 0.0061842 -0.033068 0.00972115
vn 0.179971 -0.944391 0.275204
v 0.00661805 -0.0343045 0.00330534
vn 0.201476 -0.974139 0.102274
v 0.00315791 -0.0334686 0.00986569
vn 0.0938939 -0.953907 0.285036
v 0.00340814 -0.0348139 0.00337809
vn 0.106708 -0.988866 0.103719
v 0.00661805 -0.0343045 0.00330534
vn 0.201476 -0.974139 0.102274
v 0.0061842 -0.033068 0.00972115
vn 0.179971 -0.944391 0.275204
v 0.00315791 -0.0334686 0.00986569
vn 0.0938939 -0.953907 0.285036
v 0.0122082 -0.0315079 0.00914146
vn 0.341911 -0.905723 0.250527
v 0.014627 -0.0287715 0.013716
vn 0.408938 -0.826258 0.387386
v 0.0114724 -0.0298403 0.0143206
vn 0.318946 -0.857712 0.403242
v 0.0122082 -0.0315079 0.00914146
vn 0.341911 -0.905723 0.250527
v 0.015424 -0.0302306 0.00869479
vn 0.431639 -0.869376 0.240567
v 0.014627 -0.0287715 0.013716
vn 0.408938 -0.826258 0.387386
v 0.0173124 -0.0276522 0.0129659
vn 0.475262 -0.801532 0.362867
v 0.0135043 -0.0265307 0.0186208
vn 0.379774 -0.76212 0.524351
v 0.014627 -0.0287715 0.013716
vn 0.408938 -0.826258 0.387386
v 0.0173124 -0.0276522 0.0129659
vn 0.475262 -0.801532 0.362867
v 0.0161765 -0.025565 0.0178749
vn 0.447334 -0.736976 0.506714
v 0.0135043 -0.0265307 0.0186208
vn 0.379774 -0.76212 0.524351
v 0.00897037 -0.0324717 0.00950806
vn 0.261298 -0.92857 0.263592
v 0.0114724 -0.0298403 0.0143206
vn 0.318946 -0.857712 0.403242
v 0.0083737 -0.0306028 0.0147926
vn 0.23658 -0.876667 0.418909
v 0.00897037 -0.0324717 0.00950806
vn 0.261298 -0.92857 0.263592
v 0.0122082 -0.0315079 0.00914146
vn 0.341911 -0.905723 0.250527
v 0.0114724 -0.0298403 0.0143206
vn 0.318946 -0.857712 0.403242
v 0.0061842 -0.033068 0.00972115
vn 0.179971 -0.944391 0.275204
v 0.0083737 -0.0306028 0.0147926
vn 0.23658 -0.876667 0.418909
v 0.00575323 -0.0310608 0.0150581
vn 0.159884 -0.88912 0.428839
v 0.0061842 -0.033068 0.00972115
vn 0.179971 -0.944391 0.275204
v 0.00897037 -0.0324717 0.00950806
vn 0.261298 -0.92857 0.263592
v 0.0083737 -0.0306028 0.0147926
vn 0.23658 -0.876667 0.418909
v 0.00315791 -0.0334686 0.00986569
vn 0.0938939 -0.953907 0.285036
v 0.00575323 -0.0310608 0.0150581
vn 0.159884 -0.88912 0.428839
v 0.00293011 -0.0313605 0.0152369
vn 0.081259 -0.896415 0.435704
v 0.00315791 -0.0334686 0.00986569
vn 0.0938939 -0.953907 0.285036
v 0.0061842 -0.033068 0.00972115
vn 0.179971 -0.944391 0.275204
v 0.00575323 -0.0310608 0.0150581
vn 0.159884 -0.88912 0.428839
v 0.0114724 -0.0298403 0.0143206
vn 0.318946 -0.857712 0.403242
v 0.0135043 -0.0265307 0.0186208
vn 0.379774 -0.76212 0.524351
v 0.0105432 -0.0272989 0.0193551
vn 0.292615 -0.787195 0.542863
v 0.0114724 -0.0298403 0.0143206
vn 0.318946 -0.857712 0.403242
v 0.014627 -0.0287715 0.013716
vn 0.408938 -0.826258 0.387386
v 0.0135043 -0.0265307 0.0186208
vn 0.379774 -0.76212 0.524351
v 0.015424 -0.0302306 0.00869479
vn 0.431639 -0.869376 0.240567
v 0.0187511 -0.0295084 0.00263601
vn 0.507215 -0.858206 0.0788349
v 0.0181671 -0.02887 0.00816692
vn 0.495674 -0.838982 0.224539
v 0.015424 -0.0302306 0.00869479
vn 0.431639 -0.869376 0.240567
v 0.0160658 -0.0309851 0.00287593
vn 0.449312 -0.889368 0.0845136
v 0.0187511 -0.0295084 0.00263601
vn 0.507215 -0.858206 0.0788349
v 0.0083737 -0.0306028 0.0147926
vn 0.23658 -0.876667 0.418909
v 0.0105432 -0.0272989 0.0193551
vn 0.292615 -0.787195 0.542863
v 0.00764648 -0.02785 0.0198864
vn 0.214687 -0.802327 0.556939
v 0.0083737 -0.0306028 0.0147926
vn 0.23658 -0.876667 0.418909
v 0.0114724 -0.0298403 0.0143206
vn 0.318946 -0.857712 0.403242
v 0.0105432 -0.0272989 0.0193551
vn 0.292615 -0.787195 0.542863
v 0.00575323 -0.0310608 0.0150581
vn 0.159884 -0.88912 0.428839
v 0.00764648 -0.02785 0.0198864
vn 0.214687 -0.802327 0.556939
v 0.00522028 -0.02819 0.0201651
vn 0.142792 -0.812961 0.56454
v 0.00575323 -0.0310608 0.0150581
vn 0.159884 -0.88912 0.428839
v 0.0083737 -0.0306028 0.0147926
vn 0.23658 -0.876667 0.418909
v 0.00764648 -0.02785 0.0198864
vn 0.214687 -0.802327 0.556939
v 0.00293011 -0.0313605 0.0152369
vn 0.081259 -0.896415 0.435704
v 0.00522028 -0.02819 0.0201651
vn 0.142792 -0.812961 0.56454
v 0.00264628 -0.0283868 0.0203719
vn 0.0712871 -0.817873 0.570966
v 0.00293011 -0.0313605 0.0152369
vn 0.081259 -0.896415 0.435704
v 0.00575323 -0.0310608 0.0150581
vn 0.159884 -0.88912 0.428839
v 0.00522028 -0.02819 0.0201651
vn 0.142792 -0.812961 0.56454
v 0.0160514 -0.0223686 -0.0223413
vn 0.448028 -0.653671 -0.609906
v 0.013338 -0.0205547 -0.0255739
vn 0.450569 -0.421973 -0.786718
v 0.0165288 -0.0212856 -0.0228987
vn 0.54654 -0.492729 -0.677136
v 0.0160514 -0.0223686 -0.0223413
vn 0.448028 -0.653671 -0.609906
v 0.0130051 -0.0217737 -0.0250287
vn 0.330941 -0.653039 -0.681188
v 0.013338 -0.0205547 -0.0255739
vn 0.450569 -0.421973 -0.786718
v 0.0161765 -0.025565 0.0178749
vn 0.447334 -0.736976 0.506714
v 0.0123228 -0.0236791 0.0228339
vn 0.347917 -0.666622 0.659219
v 0.0135043 -0.0265307 0.0186208
vn 0.379774 -0.76212 0.524351
v 0.0161765 -0.025565 0.0178749
vn 0.447334 -0.736976 0.506714
v 0.0148579 -0.0230124 0.0220137
vn 0.422757 -0.65469 0.626624
v 0.0123228 -0.0236791 0.0228339
vn 0.347917 -0.666622 0.659219
v 0.00764648 -0.02785 0.0198864
vn 0.214687 -0.802327 0.556939
v 0.00959054 -0.02423 0.0235265
vn 0.271583 -0.683555 0.677492
v 0.00689407 -0.024648 0.0240228
vn 0.196756 -0.698644 0.687884
v 0.00764648 -0.02785 0.0198864
vn 0.214687 -0.802327 0.556939
v 0.0105432 -0.0272989 0.0193551
vn 0.292615 -0.787195 0.542863
v 0.00959054 -0.02423 0.0235265
vn 0.271583 -0.683555 0.677492
v 0.00522028 -0.02819 0.0201651
vn 0.142792 -0.812961 0.56454
v 0.00689407 -0.024648 0.0240228
vn 0.196756 -0.698644 0.687884
v 0.00472465 -0.0248721 0.0243049
vn 0.130745 -0.706454 0.695578
v 0.00522028 -0.02819 0.0201651
vn 0.142792 -0.812961 0.56454
v 0.00764648 -0.02785 0.0198864
vn 0.214687 -0.802327 0.556939
v 0.00689407 -0.024648 0.0240228
vn 0.196756 -0.698644 0.687884
v 0.00264628 -0.0283868 0.0203719
vn 0.0712871 -0.817873 0.570966
v 0.00472465 -0.0248721 0.0243049
vn 0.130745 -0.706454 0.695578
v 0.00240046 -0.024971 0.0245351
vn 0.0654999 -0.709635 0.701519
v 0.00264628 -0.0283868 0.0203719
vn 0.0712871 -0.817873 0.570966
v 0.00522028 -0.02819 0.0201651
vn 0.142792 -0.812961 0.56454
v 0.00472465 -0.0248721 0.0243049
vn 0.130745 -0.706454 0.695578
v 3.1665e-08 -0.035 0.00340699
vn -0.0001519 -0.994631 0.103489
v 0.00315791 -0.0334686 0.00986569
vn 0.0938939 -0.953907 0.285036
v 3.1665e-08 -0.0336081 0.00992285
vn 3.02977e-06 -0.957119 0.289696
v 3.1665e-08 -0.035 0.00340699
vn -0.0001519 -0.994631 0.103489
v 0.00340814 -0.0348139 0.00337809
vn 0.106708 -0.988866 0.103719
v 0.00315791 -0.0334686 0.00986569
vn 0.0938939 -0.953907 0.285036
v 0.0235762 -0.0261626 0.00170455
vn 0.824681 -0.56416 0.0403146
v 0.0223989 -0.0266 0.00721662
vn 0.579509 -0.789172 0.203413
v 0.0227526 -0.0270698 0.00191497
vn 0.639185 -0.766697 0.0601561
v 0.0235762 -0.0261626 0.00170455
vn 0.824681 -0.56416 0.0403146
v 0.0232823 -0.0257752 0.00692678
vn 0.748307 -0.639395 0.176665
v 0.0223989 -0.0266 0.00721662
vn 0.579509 -0.789172 0.203413
v 3.1665e-08 -0.0336081 0.00992285
vn 3.02977e-06 -0.957119 0.289696
v 0.00293011 -0.0313605 0.0152369
vn 0.081259 -0.896415 0.435704
v 3.1665e-08 -0.0314674 0.0152949
vn 6.46075e-06 -0.898937 0.438078
v 3.1665e-08 -0.0336081 0.00992285
vn 3.02977e-06 -0.957119 0.289696
v 0.00315791 -0.0334686 0.00986569
vn 0.0938939 -0.953907 0.285036
v 0.00293011 -0.0313605 0.0152369
vn 0.081259 -0.896415 0.435704
v 3.1665e-08 -0.0314674 0.0152949
vn 6.46075e-06 -0.898937 0.438078
v 0.00264628 -0.0283868 0.0203719
vn 0.0712871 -0.817873 0.570966
v 3.1665e-08 -0.0284614 0.0204329
vn 1.22635e-05 -0.819592 0.572948
v 3.1665e-08 -0.0314674 0.0152949
vn 6.46075e-06 -0.898937 0.438078
v 0.00293011 -0.0313605 0.0152369
vn 0.081259 -0.896415 0.435704
v 0.00264628 -0.0283868 0.0203719
vn 0.0712871 -0.817873 0.570966
v 3.1665e-08 -0.0250148 0.0246042
vn 2.36613e-05 -0.71148 0.702706
v 0.00264628 -0.0283868 0.0203719
vn 0.0712871 -0.817873 0.570966
v 0.00240046 -0.024971 0.0245351
vn 0.0654999 -0.709635 0.701519
v 3.1665e-08 -0.0250148 0.0246042
vn 2.36613e-05 -0.71148 0.702706
v 3.1665e-08 -0.0284614 0.0204329
vn 1.22635e-05 -0.819592 0.572948
v 0.00264628 -0.0283868 0.0203719
vn 0.0712871 -0.817873 0.570966
v 0.0154398 -0.00765397 0.03057
vn 0.360066 -0.244125 0.900419
v 0.0178903 -0.0125808 0.0278544
vn 0.544865 -0.323727 0.773513
v 0.0169863 -0.00736246 0.0300328
vn 0.46741 -0.238624 0.851227
v 0.0154398 -0.00765397 0.03057
vn 0.360066 -0.244125 0.900419
v 0.0165113 -0.0129733 0.0283764
vn 0.366793 -0.396821 0.841425
v 0.0178903 -0.0125808 0.0278544
vn 0.544865 -0.323727 0.773513
v 0.0190645 -0.0170358 0.024486
vn 0.570861 -0.456728 0.682288
v 0.0210804 -0.0202308 0.0198141
vn 0.5897 -0.564755 0.577327
v 0.0198639 -0.0165946 0.0239577
vn 0.560356 -0.467743 0.683533
v 0.0190645 -0.0170358 0.024486
vn 0.570861 -0.456728 0.682288
v 0.0203793 -0.0207375 0.0202553
vn 0.622065 -0.527936 0.578203
v 0.0210804 -0.0202308 0.0198141
vn 0.5897 -0.564755 0.577327
v 0.0151333 -0.00393513 0.0315038
vn 0.300199 -0.143186 0.943069
v 0.0169863 -0.00736246 0.0300328
vn 0.46741 -0.238624 0.851227
v 0.0167472 -0.00378802 0.0310366
vn 0.478639 -0.114838 0.870469
v 0.0151333 -0.00393513 0.0315038
vn 0.300199 -0.143186 0.943069
v 0.0154398 -0.00765397 0.03057
vn 0.360066 -0.244125 0.900419
v 0.0169863 -0.00736246 0.0300328
vn 0.46741 -0.238624 0.851227
v 0.0150313 2.13824e-06 0.0318076
vn 0.317151 -0.00901392 0.948332
v 0.0167472 -0.00378802 0.0310366
vn 0.478639 -0.114838 0.870469
v 0.0165925 2.13824e-06 0.0312077
vn 0.513868 -0.000362909 0.857869
v 0.0150313 2.13824e-06 0.0318076
vn 0.317151 -0.00901392 0.948332
v 0.0151333 -0.00393513 0.0315038
vn 0.300199 -0.143186 0.943069
v 0.0167472 -0.00378802 0.0310366
vn 0.478639 -0.114838 0.870469
v 0.0190645 -0.0170358 0.024486
vn 0.570861 -0.456728 0.682288
v 0.0165113 -0.0129733 0.0283764
vn 0.366793 -0.396821 0.841425
v 0.0178168 -0.0176125 0.0249518
vn 0.446104 -0.525964 0.724122
v 0.0190645 -0.0170358 0.024486
vn 0.570861 -0.456728 0.682288
v 0.0178903 -0.0125808 0.0278544
vn 0.544865 -0.323727 0.773513
v 0.0165113 -0.0129733 0.0283764
vn 0.366793 -0.396821 0.841425
v 0.0169863 -0.00736246 0.0300328
vn 0.46741 -0.238624 0.851227
v 0.0187418 -0.0121259 0.0271865
vn 0.558785 -0.315188 0.767083
v 0.0179148 -0.0071071 0.0294184
vn 0.52409 -0.218229 0.823229
v 0.0169863 -0.00736246 0.0300328
vn 0.46741 -0.238624 0.851227
v 0.0178903 -0.0125808 0.0278544
vn 0.544865 -0.323727 0.773513
v 0.0187418 -0.0121259 0.0271865
vn 0.558785 -0.315188 0.767083
v 0.0187418 -0.0121259 0.0271865
vn 0.558785 -0.315188 0.767083
v 0.0189507 -0.00692702 0.0289399
vn 0.475963 -0.213965 0.85304
v 0.0179148 -0.0071071 0.0294184
vn 0.52409 -0.218229 0.823229
v 0.0187418 -0.0121259 0.0271865
vn 0.558785 -0.315188 0.767083
v 0.0197074 -0.0119208 0.0267919
vn 0.470091 -0.367746 0.802358
v 0.0189507 -0.00692702 0.0289399
vn 0.475963 -0.213965 0.85304
v 0.0167472 -0.00378802 0.0310366
vn 0.478639 -0.114838 0.870469
v 0.0179148 -0.0071071 0.0294184
vn 0.52409 -0.218229 0.823229
v 0.0176514 -0.00364253 0.0302479
vn 0.592617 -0.0812753 0.801374
v 0.0167472 -0.00378802 0.0310366
vn 0.478639 -0.114838 0.870469
v 0.0169863 -0.00736246 0.0300328
vn 0.46741 -0.238624 0.851227
v 0.0179148 -0.0071071 0.0294184
vn 0.52409 -0.218229 0.823229
v 0.0165925 2.13824e-06 0.0312077
vn 0.513868 -0.000362909 0.857869
v 0.0176514 -0.00364253 0.0302479
vn 0.592617 -0.0812753 0.801374
v 0.0174771 7.37612e-09 0.0304206
vn 0.571963 -2.86826e-05 0.82028
v 0.0165925 2.13824e-06 0.0312077
vn 0.513868 -0.000362909 0.857869
v 0.0167472 -0.00378802 0.0310366
vn 0.478639 -0.114838 0.870469
v 0.0176514 -0.00364253 0.0302479
vn 0.592617 -0.0812753 0.801374
v 0.0205265 -0.0238359 0.0165921
vn 0.483827 -0.740285 0.466787
v 0.0225965 -0.0247622 0.0114855
vn 0.677052 -0.668212 0.308372
v 0.0216078 -0.0231354 0.0161788
vn 0.688949 -0.579446 0.435422
v 0.0205265 -0.0238359 0.0165921
vn 0.483827 -0.740285 0.466787
v 0.0215758 -0.025488 0.0118143
vn 0.53372 -0.777334 0.333009
v 0.0225965 -0.0247622 0.0114855
vn 0.677052 -0.668212 0.308372
v 0.0178903 -0.0125808 0.0278544
vn 0.544865 -0.323727 0.773513
v 0.0198639 -0.0165946 0.0239577
vn 0.560356 -0.467743 0.683533
v 0.0187418 -0.0121259 0.0271865
vn 0.558785 -0.315188 0.767083
v 0.0178903 -0.0125808 0.0278544
vn 0.544865 -0.323727 0.773513
v 0.0190645 -0.0170358 0.024486
vn 0.570861 -0.456728 0.682288
v 0.0198639 -0.0165946 0.0239577
vn 0.560356 -0.467743 0.683533
v 0.0225965 -0.0247622 0.0114855
vn 0.677052 -0.668212 0.308372
v 0.0237963 -0.0251358 0.00668962
vn 0.714098 -0.681651 0.159426
v 0.0231744 -0.0242087 0.0112019
vn 0.676797 -0.670457 0.304028
v 0.0225965 -0.0247622 0.0114855
vn 0.677052 -0.668212 0.308372
v 0.0232823 -0.0257752 0.00692678
vn 0.748307 -0.639395 0.176665
v 0.0237963 -0.0251358 0.00668962
vn 0.714098 -0.681651 0.159426
v 0.0215758 -0.025488 0.0118143
vn 0.53372 -0.777334 0.333009
v 0.0232823 -0.0257752 0.00692678
vn 0.748307 -0.639395 0.176665
v 0.0225965 -0.0247622 0.0114855
vn 0.677052 -0.668212 0.308372
v 0.0215758 -0.025488 0.0118143
vn 0.53372 -0.777334 0.333009
v 0.0223989 -0.0266 0.00721662
vn 0.579509 -0.789172 0.203413
v 0.0232823 -0.0257752 0.00692678
vn 0.748307 -0.639395 0.176665
v 0.0203793 -0.0207375 0.0202553
vn 0.622065 -0.527936 0.578203
v 0.0205265 -0.0238359 0.0165921
vn 0.483827 -0.740285 0.466787
v 0.0216078 -0.0231354 0.0161788
vn 0.688949 -0.579446 0.435422
v 0.0203793 -0.0207375 0.0202553
vn 0.622065 -0.527936 0.578203
v 0.0192636 -0.0213902 0.0206662
vn 0.441944 -0.64915 0.619104
v 0.0205265 -0.0238359 0.0165921
vn 0.483827 -0.740285 0.466787
v 0.0235762 -0.0261626 0.00170455
vn 0.824681 -0.56416 0.0403146
v 0.0237963 -0.0251358 0.00668962
vn 0.714098 -0.681651 0.159426
v 0.0232823 -0.0257752 0.00692678
vn 0.748307 -0.639395 0.176665
v 0.0235762 -0.0261626 0.00170455
vn 0.824681 -0.56416 0.0403146
v 0.023965 -0.0253851 0.00149867
vn 0.689516 -0.723739 0.0277461
v 0.0237963 -0.0251358 0.00668962
vn 0.714098 -0.681651 0.159426
v 0.0216078 -0.0231354 0.0161788
vn 0.688949 -0.579446 0.435422
v 0.0231744 -0.0242087 0.0112019
vn 0.676797 -0.670457 0.304028
v 0.0222133 -0.0224727 0.0157935
vn 0.680958 -0.589833 0.434043
v 0.0216078 -0.0231354 0.0161788
vn 0.688949 -0.579446 0.435422
v 0.0225965 -0.0247622 0.0114855
vn 0.677052 -0.668212 0.308372
v 0.0231744 -0.0242087 0.0112019
vn 0.676797 -0.670457 0.304028
v 0.0216078 -0.0231354 0.0161788
vn 0.688949 -0.579446 0.435422
v 0.0210804 -0.0202308 0.0198141
vn 0.5897 -0.564755 0.577327
v 0.0203793 -0.0207375 0.0202553
vn 0.622065 -0.527936 0.578203
v 0.0216078 -0.0231354 0.0161788
vn 0.688949 -0.579446 0.435422
v 0.0222133 -0.0224727 0.0157935
vn 0.680958 -0.589833 0.434043
v 0.0210804 -0.0202308 0.0198141
vn 0.5897 -0.564755 0.577327
v 0.0222133 -0.0224727 0.0157935
vn 0.680958 -0.589833 0.434043
v 0.0219791 -0.019806 0.0195812
vn 0.52267 -0.621422 0.583653
v 0.0210804 -0.0202308 0.0198141
vn 0.5897 -0.564755 0.577327
v 0.0222133 -0.0224727 0.0157935
vn 0.680958 -0.589833 0.434043
v 0.0229955 -0.0219963 0.0155375
vn 0.579231 -0.684681 0.442385
v 0.0219791 -0.019806 0.0195812
vn 0.52267 -0.621422 0.583653
v 0.0225997 -0.0266386 -0.00668327
vn 0.614971 -0.768777 -0.175477
v 0.0226474 -0.0251161 -0.0109444
vn 0.741988 -0.591033 -0.316439
v 0.0233173 -0.0258023 -0.00698206
vn 0.778759 -0.607732 -0.155551
v 0.0225997 -0.0266386 -0.00668327
vn 0.614971 -0.768777 -0.175477
v 0.022019 -0.0258761 -0.0106552
vn 0.582629 -0.757782 -0.293784
v 0.0226474 -0.0251161 -0.0109444
vn 0.741988 -0.591033 -0.316439
v 0.0226474 -0.0251161 -0.0109444
vn 0.741988 -0.591033 -0.316439
v 0.0214754 -0.0229247 -0.0157005
vn 0.65775 -0.597647 -0.458457
v 0.0230563 -0.0243659 -0.0111263
vn 0.721718 -0.603296 -0.339348
v 0.0226474 -0.0251161 -0.0109444
vn 0.741988 -0.591033 -0.316439
v 0.0212072 -0.0238276 -0.0155868
vn 0.776356 -0.436965 -0.454238
v 0.0214754 -0.0229247 -0.0157005
vn 0.65775 -0.597647 -0.458457
v 0.022019 -0.0258761 -0.0106552
vn 0.582629 -0.757782 -0.293784
v 0.0212072 -0.0238276 -0.0155868
vn 0.776356 -0.436965 -0.454238
v 0.0226474 -0.0251161 -0.0109444
vn 0.741988 -0.591033 -0.316439
v 0.022019 -0.0258761 -0.0106552
vn 0.582629 -0.757782 -0.293784
v 0.0207045 -0.0247161 -0.0152789
vn 0.58459 -0.689015 -0.428384
v 0.0212072 -0.0238276 -0.0155868
vn 0.776356 -0.436965 -0.454238
v 0.0235899 -0.0260973 -0.00316082
vn 0.874263 -0.481541 -0.0615009
v 0.0225997 -0.0266386 -0.00668327
vn 0.614971 -0.768777 -0.175477
v 0.0233173 -0.0258023 -0.00698206
vn 0.778759 -0.607732 -0.155551
v 0.0235899 -0.0260973 -0.00316082
vn 0.874263 -0.481541 -0.0615009
v 0.0227756 -0.0271018 -0.00300785
vn 0.649527 -0.757491 -0.0657362
v 0.0225997 -0.0266386 -0.00668327
vn 0.614971 -0.768777 -0.175477
v 0.0191731 -0.0224077 -0.0194716
vn 0.653359 -0.489102 -0.577842
v 0.0214754 -0.0229247 -0.0157005
vn 0.65775 -0.597647 -0.458457
v 0.0212072 -0.0238276 -0.0155868
vn 0.776356 -0.436965 -0.454238
v 0.0191731 -0.0224077 -0.0194716
vn 0.653359 -0.489102 -0.577842
v 0.0194905 -0.0215943 -0.0197217
vn 0.540594 -0.632677 -0.554507
v 0.0214754 -0.0229247 -0.0157005
vn 0.65775 -0.597647 -0.458457
v 0.0233173 -0.0258023 -0.00698206
vn 0.778759 -0.607732 -0.155551
v 0.0230563 -0.0243659 -0.0111263
vn 0.721718 -0.603296 -0.339348
v 0.023752 -0.0251092 -0.00717819
vn 0.728569 -0.662774 -0.172968
v 0.0233173 -0.0258023 -0.00698206
vn 0.778759 -0.607732 -0.155551
v 0.0226474 -0.0251161 -0.0109444
vn 0.741988 -0.591033 -0.316439
v 0.0230563 -0.0243659 -0.0111263
vn 0.721718 -0.603296 -0.339348
v 0.0235899 -0.0260973 -0.00316082
vn 0.874263 -0.481541 -0.0615009
v 0.023965 -0.0253851 0.00149867
vn 0.689516 -0.723739 0.0277461
v 0.0235762 -0.0261626 0.00170455
vn 0.824681 -0.56416 0.0403146
v 0.0235899 -0.0260973 -0.00316082
vn 0.874263 -0.481541 -0.0615009
v 0.0238471 -0.025237 -0.0033348
vn 0.697223 -0.714982 -0.0517752
v 0.023965 -0.0253851 0.00149867
vn 0.689516 -0.723739 0.0277461
v 0.0238471 -0.025237 -0.0033348
vn 0.697223 -0.714982 -0.0517752
v 0.024795 -0.0250543 0.00137062
vn 0.496796 -0.867071 0.0371744
v 0.023965 -0.0253851 0.00149867
vn 0.689516 -0.723739 0.0277461
v 0.0238471 -0.025237 -0.0033348
vn 0.697223 -0.714982 -0.0517752
v 0.0247033 -0.0249734 -0.00354326
vn 0.482127 -0.874033 -0.0601725
v 0.024795 -0.0250543 0.00137062
vn 0.496796 -0.867071 0.0371744
v 0.00966685 -0.02107 -0.0267638
vn 0.243097 -0.628244 -0.739062
v 0.00696848 -0.0196201 -0.0285606
vn 0.219653 -0.437325 -0.872066
v 0.00993346 -0.0199031 -0.0274181
vn 0.326961 -0.418887 -0.847131
v 0.00966685 -0.02107 -0.0267638
vn 0.243097 -0.628244 -0.739062
v 0.00676137 -0.0208034 -0.0278058
vn 0.169165 -0.634949 -0.753806
v 0.00696848 -0.0196201 -0.0285606
vn 0.219653 -0.437325 -0.872066
v 0.00696848 -0.0196201 -0.0285606
vn 0.219653 -0.437325 -0.872066
v 0.00360836 -0.0183593 -0.0296447
vn 0.0888189 -0.531641 -0.8423
v 0.00706349 -0.0186063 -0.0288959
vn 0.196216 -0.541538 -0.817457
v 0.00696848 -0.0196201 -0.0285606
vn 0.219653 -0.437325 -0.872066
v 0.0035502 -0.0194117 -0.0292496
vn 0.109008 -0.435757 -0.893439
v 0.00360836 -0.0183593 -0.0296447
vn 0.0888189 -0.531641 -0.8423
v 0.00676137 -0.0208034 -0.0278058
vn 0.169165 -0.634949 -0.753806
v 0.0035502 -0.0194117 -0.0292496
vn 0.109008 -0.435757 -0.893439
v 0.00696848 -0.0196201 -0.0285606
vn 0.219653 -0.437325 -0.872066
v 0.00676137 -0.0208034 -0.0278058
vn 0.169165 -0.634949 -0.753806
v 0.00346403 -0.0206369 -0.0285465
vn 0.0874704 -0.590539 -0.802255
v 0.0035502 -0.0194117 -0.0292496
vn 0.109008 -0.435757 -0.893439
v 0.0130051 -0.0217737 -0.0250287
vn 0.330941 -0.653039 -0.681188
v 0.00993346 -0.0199031 -0.0274181
vn 0.326961 -0.418887 -0.847131
v 0.013338 -0.0205547 -0.0255739
vn 0.450569 -0.421973 -0.786718
v 0.0130051 -0.0217737 -0.0250287
vn 0.330941 -0.653039 -0.681188
v 0.00966685 -0.02107 -0.0267638
vn 0.243097 -0.628244 -0.739062
v 0.00993346 -0.0199031 -0.0274181
vn 0.326961 -0.418887 -0.847131
v 0.0191731 -0.0224077 -0.0194716
vn 0.653359 -0.489102 -0.577842
v 0.0160514 -0.0223686 -0.0223413
vn 0.448028 -0.653671 -0.609906
v 0.0165288 -0.0212856 -0.0228987
vn 0.54654 -0.492729 -0.677136
v 0.0191731 -0.0224077 -0.0194716
vn 0.653359 -0.489102 -0.577842
v 0.0187132 -0.0234164 -0.0190135
vn 0.509257 -0.66418 -0.547287
v 0.0160514 -0.0223686 -0.0223413
vn 0.448028 -0.653671 -0.609906
v 0.0165288 -0.0212856 -0.0228987
vn 0.54654 -0.492729 -0.677136
v 0.0135715 -0.0196283 -0.0258721
vn 0.375494 -0.548759 -0.746906
v 0.0168242 -0.0204001 -0.0232044
vn 0.467343 -0.598368 -0.650805
v 0.0165288 -0.0212856 -0.0228987
vn 0.54654 -0.492729 -0.677136
v 0.013338 -0.0205547 -0.0255739
vn 0.450569 -0.421973 -0.786718
v 0.0135715 -0.0196283 -0.0258721
vn 0.375494 -0.548759 -0.746906
v 3.1665e-08 -0.0205167 -0.0287247
vn 0.00670732 -0.634493 -0.7729
v 0.0035502 -0.0194117 -0.0292496
vn 0.109008 -0.435757 -0.893439
v 0.00346403 -0.0206369 -0.0285465
vn 0.0874704 -0.590539 -0.802255
v 3.1665e-08 -0.0205167 -0.0287247
vn 0.00670732 -0.634493 -0.7729
v 3.1665e-08 -0.0193695 -0.0295565
vn 0.00477543 -0.430746 -0.902461
v 0.0035502 -0.0194117 -0.0292496
vn 0.109008 -0.435757 -0.893439
v 0.00993346 -0.0199031 -0.0274181
vn 0.326961 -0.418887 -0.847131
v 0.00706349 -0.0186063 -0.0288959
vn 0.196216 -0.541538 -0.817457
v 0.0100956 -0.0189003 -0.0277295
vn 0.280408 -0.555889 -0.782533
v 0.00993346 -0.0199031 -0.0274181
vn 0.326961 -0.418887 -0.847131
v 0.00696848 -0.0196201 -0.0285606
vn 0.219653 -0.437325 -0.872066
v 0.00706349 -0.0186063 -0.0288959
vn 0.196216 -0.541538 -0.817457
v 0.013338 -0.0205547 -0.0255739
vn 0.450569 -0.421973 -0.786718
v 0.0100956 -0.0189003 -0.0277295
vn 0.280408 -0.555889 -0.782533
v 0.0135715 -0.0196283 -0.0258721
vn 0.375494 -0.548759 -0.746906
v 0.013338 -0.0205547 -0.0255739
vn 0.450569 -0.421973 -0.786718
v 0.00993346 -0.0199031 -0.0274181
vn 0.326961 -0.418887 -0.847131
v 0.0100956 -0.0189003 -0.0277295
vn 0.280408 -0.555889 -0.782533
v 0.0165288 -0.0212856 -0.0228987
vn 0.54654 -0.492729 -0.677136
v 0.0194905 -0.0215943 -0.0197217
vn 0.540594 -0.632677 -0.554507
v 0.0191731 -0.0224077 -0.0194716
vn 0.653359 -0.489102 -0.577842
v 0.0165288 -0.0212856 -0.0228987
vn 0.54654 -0.492729 -0.677136
v 0.0168242 -0.0204001 -0.0232044
vn 0.467343 -0.598368 -0.650805
v 0.0194905 -0.0215943 -0.0197217
vn 0.540594 -0.632677 -0.554507
v 0.0168242 -0.0204001 -0.0232044
vn 0.467343 -0.598368 -0.650805
v 0.0201007 -0.0210087 -0.0201524
vn 0.472786 -0.694873 -0.541872
v 0.0194905 -0.0215943 -0.0197217
vn 0.540594 -0.632677 -0.554507
v 0.0168242 -0.0204001 -0.0232044
vn 0.467343 -0.598368 -0.650805
v 0.0173152 -0.019668 -0.0238
vn 0.424903 -0.642529 -0.637662
v 0.0201007 -0.0210087 -0.0201524
vn 0.472786 -0.694873 -0.541872
v 0.00937133 -0.0222131 -0.0256072
vn 0.225508 -0.702552 -0.674956
v 0.00676137 -0.0208034 -0.0278058
vn 0.169165 -0.634949 -0.753806
v 0.00966685 -0.02107 -0.0267638
vn 0.243097 -0.628244 -0.739062
v 0.00937133 -0.0222131 -0.0256072
vn 0.225508 -0.702552 -0.674956
v 0.00654028 -0.0218444 -0.0267427
vn 0.162108 -0.700276 -0.695223
v 0.00676137 -0.0208034 -0.0278058
vn 0.169165 -0.634949 -0.753806
v 3.1665e-08 -0.0193695 -0.0295565
vn 0.00477543 -0.430746 -0.902461
v 0.00360836 -0.0183593 -0.0296447
vn 0.0888189 -0.531641 -0.8423
v 0.0035502 -0.0194117 -0.0292496
vn 0.109008 -0.435757 -0.893439
v 3.1665e-08 -0.0193695 -0.0295565
vn 0.00477543 -0.430746 -0.902461
v 3.1665e-08 -0.0182398 -0.0298554
vn -0.000555202 -0.538094 -0.842885
v 0.00360836 -0.0183593 -0.0296447
vn 0.0888189 -0.531641 -0.8423
v 0.0127949 -0.0226862 -0.0237457
vn 0.271362 -0.755403 -0.59643
v 0.00940997 -0.025099 -0.0226895
vn 0.251106 -0.73463 -0.630289
v 0.00937133 -0.0222131 -0.0256072
vn 0.225508 -0.702552 -0.674956
v 0.0127949 -0.0226862 -0.0237457
vn 0.271362 -0.755403 -0.59643
v 0.0124814 -0.0251169 -0.0211808
vn 0.334511 -0.739565 -0.584077
v 0.00940997 -0.025099 -0.0226895
vn 0.251106 -0.73463 -0.630289
v 0.0154329 -0.0233754 -0.0213584
vn 0.376261 -0.735161 -0.563885
v 0.0124814 -0.0251169 -0.0211808
vn 0.334511 -0.739565 -0.584077
v 0.0127949 -0.0226862 -0.0237457
vn 0.271362 -0.755403 -0.59643
v 0.0154329 -0.0233754 -0.0213584
vn 0.376261 -0.735161 -0.563885
v 0.0152148 -0.0251755 -0.0192999
vn 0.392668 -0.747028 -0.536433
v 0.0124814 -0.0251169 -0.0211808
vn 0.334511 -0.739565 -0.584077
v 0.0179121 -0.0243114 -0.0182073
vn 0.413803 -0.755664 -0.507679
v 0.0152148 -0.0251755 -0.0192999
vn 0.392668 -0.747028 -0.536433
v 0.0154329 -0.0233754 -0.0213584
vn 0.376261 -0.735161 -0.563885
v 0.0179121 -0.0243114 -0.0182073
vn 0.413803 -0.755664 -0.507679
v 0.0169216 -0.0256351 -0.0171923
vn 0.439084 -0.753526 -0.489289
v 0.0152148 -0.0251755 -0.0192999
vn 0.392668 -0.747028 -0.536433
v 0.0208427 -0.0266526 -0.0102937
vn 0.474973 -0.834547 -0.279162
v 0.0176161 -0.0265487 -0.0149116
vn 0.449067 -0.80151 -0.394868
v 0.0195393 -0.0254842 -0.0149703
vn 0.435634 -0.806311 -0.400106
v 0.0208427 -0.0266526 -0.0102937
vn 0.474973 -0.834547 -0.279162
v 0.0184773 -0.0279631 -0.0105088
vn 0.48306 -0.825305 -0.292446
v 0.0176161 -0.0265487 -0.0149116
vn 0.449067 -0.80151 -0.394868
v 0.00654028 -0.0218444 -0.0267427
vn 0.162108 -0.700276 -0.695223
v 0.00346403 -0.0206369 -0.0285465
vn 0.0874704 -0.590539 -0.802255
v 0.00676137 -0.0208034 -0.0278058
vn 0.169165 -0.634949 -0.753806
v 0.00654028 -0.0218444 -0.0267427
vn 0.162108 -0.700276 -0.695223
v 0.00332674 -0.0217627 -0.027546
vn 0.0813072 -0.677804 -0.730733
v 0.00346403 -0.0206369 -0.0285465
vn 0.0874704 -0.590539 -0.802255
v 0.0127949 -0.0226862 -0.0237457
vn 0.271362 -0.755403 -0.59643
v 0.00966685 -0.02107 -0.0267638
vn 0.243097 -0.628244 -0.739062
v 0.0130051 -0.0217737 -0.0250287
vn 0.330941 -0.653039 -0.681188
v 0.0127949 -0.0226862 -0.0237457
vn 0.271362 -0.755403 -0.59643
v 0.00937133 -0.0222131 -0.0256072
vn 0.225508 -0.702552 -0.674956
v 0.00966685 -0.02107 -0.0267638
vn 0.243097 -0.628244 -0.739062
v 0.0319278 -0.0119707 0.00675731
vn 0.938214 -0.299088 0.17407
v 0.0314754 -0.00693301 0.0129979
vn 0.919213 -0.185332 0.347417
v 0.0304893 -0.0117907 0.0122093
vn 0.892815 -0.303362 0.332944
v 0.0319278 -0.0119707 0.00675731
vn 0.938214 -0.299088 0.17407
v 0.0330725 -0.00696896 0.00713093
vn 0.968039 -0.177425 0.177262
v 0.0314754 -0.00693301 0.0129979
vn 0.919213 -0.185332 0.347417
v 0.0154329 -0.0233754 -0.0213584
vn 0.376261 -0.735161 -0.563885
v 0.0130051 -0.0217737 -0.0250287
vn 0.330941 -0.653039 -0.681188
v 0.0160514 -0.0223686 -0.0223413
vn 0.448028 -0.653671 -0.609906
v 0.0154329 -0.0233754 -0.0213584
vn 0.376261 -0.735161 -0.563885
v 0.0127949 -0.0226862 -0.0237457
vn 0.271362 -0.755403 -0.59643
v 0.0130051 -0.0217737 -0.0250287
vn 0.330941 -0.653039 -0.681188
v 3.1665e-08 -0.0214552 -0.0278008
vn 0.0014149 -0.685158 -0.728393
v 0.00346403 -0.0206369 -0.0285465
vn 0.0874704 -0.590539 -0.802255
v 0.00332674 -0.0217627 -0.027546
vn 0.0813072 -0.677804 -0.730733
v 3.1665e-08 -0.0214552 -0.0278008
vn 0.0014149 -0.685158 -0.728393
v 3.1665e-08 -0.0205167 -0.0287247
vn 0.00670732 -0.634493 -0.7729
v 0.00346403 -0.0206369 -0.0285465
vn 0.0874704 -0.590539 -0.802255
v 0.0213766 -0.0274106 -0.00636718
vn 0.495967 -0.850047 -0.177303
v 0.0184773 -0.0279631 -0.0105088
vn 0.48306 -0.825305 -0.292446
v 0.0208427 -0.0266526 -0.0102937
vn 0.474973 -0.834547 -0.279162
v 0.0213766 -0.0274106 -0.00636718
vn 0.495967 -0.850047 -0.177303
v 0.0188366 -0.0288941 -0.00645653
vn 0.494461 -0.850365 -0.179968
v 0.0184773 -0.0279631 -0.0105088
vn 0.48306 -0.825305 -0.292446
v 0.0187132 -0.0234164 -0.0190135
vn 0.509257 -0.66418 -0.547287
v 0.0154329 -0.0233754 -0.0213584
vn 0.376261 -0.735161 -0.563885
v 0.0160514 -0.0223686 -0.0223413
vn 0.448028 -0.653671 -0.609906
v 0.0187132 -0.0234164 -0.0190135
vn 0.509257 -0.66418 -0.547287
v 0.0179121 -0.0243114 -0.0182073
vn 0.413803 -0.755664 -0.507679
v 0.0154329 -0.0233754 -0.0213584
vn 0.376261 -0.735161 -0.563885
v 0.0179121 -0.0243114 -0.0182073
vn 0.413803 -0.755664 -0.507679
v 0.0207045 -0.0247161 -0.0152789
vn 0.58459 -0.689015 -0.428384
v 0.0195393 -0.0254842 -0.0149703
vn 0.435634 -0.806311 -0.400106
v 0.0179121 -0.0243114 -0.0182073
vn 0.413803 -0.755664 -0.507679
v 0.0187132 -0.0234164 -0.0190135
vn 0.509257 -0.66418 -0.547287
v 0.0207045 -0.0247161 -0.0152789
vn 0.58459 -0.689015 -0.428384
v 0.0215954 -0.0278515 -0.00257012
vn 0.512778 -0.857037 -0.0504579
v 0.0188366 -0.0288941 -0.00645653
vn 0.494461 -0.850365 -0.179968
v 0.0213766 -0.0274106 -0.00636718
vn 0.495967 -0.850047 -0.177303
v 0.0215954 -0.0278515 -0.00257012
vn 0.512778 -0.857037 -0.0504579
v 0.0189441 -0.0294091 -0.00248354
vn 0.499489 -0.864478 -0.0564695
v 0.0188366 -0.0288941 -0.00645653
vn 0.494461 -0.850365 -0.179968
v 0.0195393 -0.0254842 -0.0149703
vn 0.435634 -0.806311 -0.400106
v 0.0169216 -0.0256351 -0.0171923
vn 0.439084 -0.753526 -0.489289
v 0.0179121 -0.0243114 -0.0182073
vn 0.413803 -0.755664 -0.507679
v 0.0195393 -0.0254842 -0.0149703
vn 0.435634 -0.806311 -0.400106
v 0.0176161 -0.0265487 -0.0149116
vn 0.449067 -0.80151 -0.394868
v 0.0169216 -0.0256351 -0.0171923
vn 0.439084 -0.753526 -0.489289
v 0.0201759 -0.0261141 0.0121355
vn 0.48576 -0.801686 0.348333
v 0.0181671 -0.02887 0.00816692
vn 0.495674 -0.838982 0.224539
v 0.020996 -0.0272014 0.00753779
vn 0.480292 -0.850072 0.216094
v 0.0201759 -0.0261141 0.0121355
vn 0.48576 -0.801686 0.348333
v 0.0173124 -0.0276522 0.0129659
vn 0.475262 -0.801532 0.362867
v 0.0181671 -0.02887 0.00816692
vn 0.495674 -0.838982 0.224539
v 0.0137126 -0.00786448 0.0312146
vn 0.355256 -0.236806 0.904276
v 0.0119975 -0.0139284 0.0298229
vn 0.340321 -0.392255 0.854586
v 0.0147777 -0.0133493 0.028813
vn 0.350906 -0.398153 0.847549
v 0.0137126 -0.00786448 0.0312146
vn 0.355256 -0.236806 0.904276
v 0.0109537 -0.00818948 0.0321859
vn 0.311301 -0.244661 0.918277
v 0.0119975 -0.0139284 0.0298229
vn 0.340321 -0.392255 0.854586
v 0.0208427 -0.0266526 -0.0102937
vn 0.474973 -0.834547 -0.279162
v 0.0207045 -0.0247161 -0.0152789
vn 0.58459 -0.689015 -0.428384
v 0.022019 -0.0258761 -0.0106552
vn 0.582629 -0.757782 -0.293784
v 0.0208427 -0.0266526 -0.0102937
vn 0.474973 -0.834547 -0.279162
v 0.0195393 -0.0254842 -0.0149703
vn 0.435634 -0.806311 -0.400106
v 0.0207045 -0.0247161 -0.0152789
vn 0.58459 -0.689015 -0.428384
v 0.0213766 -0.0274106 -0.00636718
vn 0.495967 -0.850047 -0.177303
v 0.022019 -0.0258761 -0.0106552
vn 0.582629 -0.757782 -0.293784
v 0.0225997 -0.0266386 -0.00668327
vn 0.614971 -0.768777 -0.175477
v 0.0213766 -0.0274106 -0.00636718
vn 0.495967 -0.850047 -0.177303
v 0.0208427 -0.0266526 -0.0102937
vn 0.474973 -0.834547 -0.279162
v 0.022019 -0.0258761 -0.0106552
vn 0.582629 -0.757782 -0.293784
v 0.0227756 -0.0271018 -0.00300785
vn 0.649527 -0.757491 -0.0657362
v 0.0213766 -0.0274106 -0.00636718
vn 0.495967 -0.850047 -0.177303
v 0.0225997 -0.0266386 -0.00668327
vn 0.614971 -0.768777 -0.175477
v 0.0227756 -0.0271018 -0.00300785
vn 0.649527 -0.757491 -0.0657362
v 0.0215954 -0.0278515 -0.00257012
vn 0.512778 -0.857037 -0.0504579
v 0.0213766 -0.0274106 -0.00636718
vn 0.495967 -0.850047 -0.177303
v 0.0214887 -0.0278065 0.00229191
vn 0.518752 -0.851723 0.0739219
v 0.0223989 -0.0266 0.00721662
vn 0.579509 -0.789172 0.203413
v 0.020996 -0.0272014 0.00753779
vn 0.480292 -0.850072 0.216094
v 0.0214887 -0.0278065 0.00229191
vn 0.518752 -0.851723 0.0739219
v 0.0227526 -0.0270698 0.00191497
vn 0.639185 -0.766697 0.0601561
v 0.0223989 -0.0266 0.00721662
vn 0.579509 -0.789172 0.203413
v 0.0176659 -0.0218808 0.0209316
vn 0.412581 -0.669337 0.617871
v 0.0161765 -0.025565 0.0178749
vn 0.447334 -0.736976 0.506714
v 0.0189799 -0.0243596 0.0168931
vn 0.431618 -0.759028 0.487424
v 0.0176659 -0.0218808 0.0209316
vn 0.412581 -0.669337 0.617871
v 0.0148579 -0.0230124 0.0220137
vn 0.422757 -0.65469 0.626624
v 0.0161765 -0.025565 0.0178749
vn 0.447334 -0.736976 0.506714
v 0.020996 -0.0272014 0.00753779
vn 0.480292 -0.850072 0.216094
v 0.0187511 -0.0295084 0.00263601
vn 0.507215 -0.858206 0.0788349
v 0.0214887 -0.0278065 0.00229191
vn 0.518752 -0.851723 0.0739219
v 0.020996 -0.0272014 0.00753779
vn 0.480292 -0.850072 0.216094
v 0.0181671 -0.02887 0.00816692
vn 0.495674 -0.838982 0.224539
v 0.0187511 -0.0295084 0.00263601
vn 0.507215 -0.858206 0.0788349
v 0.0119975 -0.0139284 0.0298229
vn 0.340321 -0.392255 0.854586
v 0.0162203 -0.0182016 0.0254132
vn 0.406801 -0.536454 0.739411
v 0.0147777 -0.0133493 0.028813
vn 0.350906 -0.398153 0.847549
v 0.0119975 -0.0139284 0.0298229
vn 0.340321 -0.392255 0.854586
v 0.0133626 -0.0189081 0.0263763
vn 0.36229 -0.539048 0.760377
v 0.0162203 -0.0182016 0.0254132
vn 0.406801 -0.536454 0.739411
v 0.0201759 -0.0261141 0.0121355
vn 0.48576 -0.801686 0.348333
v 0.0223989 -0.0266 0.00721662
vn 0.579509 -0.789172 0.203413
v 0.0215758 -0.025488 0.0118143
vn 0.53372 -0.777334 0.333009
v 0.0201759 -0.0261141 0.0121355
vn 0.48576 -0.801686 0.348333
v 0.020996 -0.0272014 0.00753779
vn 0.480292 -0.850072 0.216094
v 0.0223989 -0.0266 0.00721662
vn 0.579509 -0.789172 0.203413
v 0.0189799 -0.0243596 0.0168931
vn 0.431618 -0.759028 0.487424
v 0.0215758 -0.025488 0.0118143
vn 0.53372 -0.777334 0.333009
v 0.0205265 -0.0238359 0.0165921
vn 0.483827 -0.740285 0.466787
v 0.0189799 -0.0243596 0.0168931
vn 0.431618 -0.759028 0.487424
v 0.0201759 -0.0261141 0.0121355
vn 0.48576 -0.801686 0.348333
v 0.0215758 -0.025488 0.0118143
vn 0.53372 -0.777334 0.333009
v 0.0192636 -0.0213902 0.0206662
vn 0.441944 -0.64915 0.619104
v 0.0189799 -0.0243596 0.0168931
vn 0.431618 -0.759028 0.487424
v 0.0205265 -0.0238359 0.0165921
vn 0.483827 -0.740285 0.466787
v 0.0192636 -0.0213902 0.0206662
vn 0.441944 -0.64915 0.619104
v 0.0176659 -0.0218808 0.0209316
vn 0.412581 -0.669337 0.617871
v 0.0189799 -0.0243596 0.0168931
vn 0.431618 -0.759028 0.487424
v 0.0176659 -0.0218808 0.0209316
vn 0.412581 -0.669337 0.617871
v 0.0178168 -0.0176125 0.0249518
vn 0.446104 -0.525964 0.724122
v 0.0162203 -0.0182016 0.0254132
vn 0.406801 -0.536454 0.739411
v 0.0176659 -0.0218808 0.0209316
vn 0.412581 -0.669337 0.617871
v 0.0192636 -0.0213902 0.0206662
vn 0.441944 -0.64915 0.619104
v 0.0178168 -0.0176125 0.0249518
vn 0.446104 -0.525964 0.724122
v 0.0133365 -0.0040711 0.0320628
vn 0.324629 -0.12233 0.937898
v 0.0109537 -0.00818948 0.0321859
vn 0.311301 -0.244661 0.918277
v 0.0137126 -0.00786448 0.0312146
vn 0.355256 -0.236806 0.904276
v 0.0133365 -0.0040711 0.0320628
vn 0.324629 -0.12233 0.937898
v 0.0105922 -0.00422555 0.0330305
vn 0.303001 -0.114932 0.946034
v 0.0109537 -0.00818948 0.0321859
vn 0.311301 -0.244661 0.918277
v 0.0131897 7.37612e-09 0.0323671
vn 0.310899 -0.00417169 0.950434
v 0.0105922 -0.00422555 0.0330305
vn 0.303001 -0.114932 0.946034
v 0.0133365 -0.0040711 0.0320628
vn 0.324629 -0.12233 0.937898
v 0.0131897 7.37612e-09 0.0323671
vn 0.310899 -0.00417169 0.950434
v 0.0104507 7.37612e-09 0.0333336
vn 0.299356 0.00110052 0.954141
v 0.0105922 -0.00422555 0.0330305
vn 0.303001 -0.114932 0.946034
v 0.0148579 -0.0230124 0.0220137
vn 0.422757 -0.65469 0.626624
v 0.0162203 -0.0182016 0.0254132
vn 0.406801 -0.536454 0.739411
v 0.0133626 -0.0189081 0.0263763
vn 0.36229 -0.539048 0.760377
v 0.0148579 -0.0230124 0.0220137
vn 0.422757 -0.65469 0.626624
v 0.0176659 -0.0218808 0.0209316
vn 0.412581 -0.669337 0.617871
v 0.0162203 -0.0182016 0.0254132
vn 0.406801 -0.536454 0.739411
v 0.0147777 -0.0133493 0.028813
vn 0.350906 -0.398153 0.847549
v 0.0178168 -0.0176125 0.0249518
vn 0.446104 -0.525964 0.724122
v 0.0165113 -0.0129733 0.0283764
vn 0.366793 -0.396821 0.841425
v 0.0147777 -0.0133493 0.028813
vn 0.350906 -0.398153 0.847549
v 0.0162203 -0.0182016 0.0254132
vn 0.406801 -0.536454 0.739411
v 0.0178168 -0.0176125 0.0249518
vn 0.446104 -0.525964 0.724122
v 0.0133365 -0.0040711 0.0320628
vn 0.324629 -0.12233 0.937898
v 0.0154398 -0.00765397 0.03057
vn 0.360066 -0.244125 0.900419
v 0.0151333 -0.00393513 0.0315038
vn 0.300199 -0.143186 0.943069
v 0.0133365 -0.0040711 0.0320628
vn 0.324629 -0.12233 0.937898
v 0.0137126 -0.00786448 0.0312146
vn 0.355256 -0.236806 0.904276
v 0.0154398 -0.00765397 0.03057
vn 0.360066 -0.244125 0.900419
v 0.0137126 -0.00786448 0.0312146
vn 0.355256 -0.236806 0.904276
v 0.0165113 -0.0129733 0.0283764
vn 0.366793 -0.396821 0.841425
v 0.0154398 -0.00765397 0.03057
vn 0.360066 -0.244125 0.900419
v 0.0137126 -0.00786448 0.0312146
vn 0.355256 -0.236806 0.904276
v 0.0147777 -0.0133493 0.028813
vn 0.350906 -0.398153 0.847549
v 0.0165113 -0.0129733 0.0283764
vn 0.366793 -0.396821 0.841425
v 0.0150313 2.13824e-06 0.0318076
vn 0.317151 -0.00901392 0.948332
v 0.0133365 -0.0040711 0.0320628
vn 0.324629 -0.12233 0.937898
v 0.0151333 -0.00393513 0.0315038
vn 0.300199 -0.143186 0.943069
v 0.0150313 2.13824e-06 0.0318076
vn 0.317151 -0.00901392 0.948332
v 0.0131897 7.37612e-09 0.0323671
vn 0.310899 -0.00417169 0.950434
v 0.0133365 -0.0040711 0.0320628
vn 0.324629 -0.12233 0.937898
v 0.00937133 -0.0222131 -0.0256072
vn 0.225508 -0.702552 -0.674956
v 0.00660616 -0.025121 -0.0235997
vn 0.173098 -0.733287 -0.657516
v 0.00654028 -0.0218444 -0.0267427
vn 0.162108 -0.700276 -0.695223
v 0.00937133 -0.0222131 -0.0256072
vn 0.225508 -0.702552 -0.674956
v 0.00940997 -0.025099 -0.0226895
vn 0.251106 -0.73463 -0.630289
v 0.00660616 -0.025121 -0.0235997
vn 0.173098 -0.733287 -0.657516
v 0.0165672 -0.00418952 -0.030535
vn 0.469172 -0.115355 -0.87554
v 0.0208797 -0.00194099 -0.0280339
vn 0.59752 -0.0576148 -0.799782
v 0.0207886 -0.00449604 -0.0278135
vn 0.594767 -0.125108 -0.794103
v 0.0165672 -0.00418952 -0.030535
vn 0.469172 -0.115355 -0.87554
v 0.0166413 -0.00174952 -0.0307273
vn 0.47159 -0.0539727 -0.880165
v 0.0208797 -0.00194099 -0.0280339
vn 0.59752 -0.0576148 -0.799782
v 0.00341007 -0.0251528 -0.0242131
vn 0.0909013 -0.740051 -0.666379
v 0.00654028 -0.0218444 -0.0267427
vn 0.162108 -0.700276 -0.695223
v 0.00660616 -0.025121 -0.0235997
vn 0.173098 -0.733287 -0.657516
v 0.00341007 -0.0251528 -0.0242131
vn 0.0909013 -0.740051 -0.666379
v 0.00332674 -0.0217627 -0.027546
vn 0.0813072 -0.677804 -0.730733
v 0.00654028 -0.0218444 -0.0267427
vn 0.162108 -0.700276 -0.695223
v 0.0227526 -0.0270698 0.00191497
vn 0.639185 -0.766697 0.0601561
v 0.0215954 -0.0278515 -0.00257012
vn 0.512778 -0.857037 -0.0504579
v 0.0227756 -0.0271018 -0.00300785
vn 0.649527 -0.757491 -0.0657362
v 0.0227526 -0.0270698 0.00191497
vn 0.639185 -0.766697 0.0601561
v 0.0214887 -0.0278065 0.00229191
vn 0.518752 -0.851723 0.0739219
v 0.0215954 -0.0278515 -0.00257012
vn 0.512778 -0.857037 -0.0504579
v 0.0214887 -0.0278065 0.00229191
vn 0.518752 -0.851723 0.0739219
v 0.0189441 -0.0294091 -0.00248354
vn 0.499489 -0.864478 -0.0564695
v 0.0215954 -0.0278515 -0.00257012
vn 0.512778 -0.857037 -0.0504579
v 0.0214887 -0.0278065 0.00229191
vn 0.518752 -0.851723 0.0739219
v 0.0187511 -0.0295084 0.00263601
vn 0.507215 -0.858206 0.0788349
v 0.0189441 -0.0294091 -0.00248354
vn 0.499489 -0.864478 -0.0564695
v 0.023752 -0.0251092 -0.00717819
vn 0.728569 -0.662774 -0.172968
v 0.0247033 -0.0249734 -0.00354326
vn 0.482127 -0.874033 -0.0601725
v 0.0238471 -0.025237 -0.0033348
vn 0.697223 -0.714982 -0.0517752
v 0.023752 -0.0251092 -0.00717819
vn 0.728569 -0.662774 -0.172968
v 0.0243365 -0.0245309 -0.00740804
vn 0.637572 -0.741798 -0.207936
v 0.0247033 -0.0249734 -0.00354326
vn 0.482127 -0.874033 -0.0601725
v 0.0233173 -0.0258023 -0.00698206
vn 0.778759 -0.607732 -0.155551
v 0.0238471 -0.025237 -0.0033348
vn 0.697223 -0.714982 -0.0517752
v 0.0235899 -0.0260973 -0.00316082
vn 0.874263 -0.481541 -0.0615009
v 0.0233173 -0.0258023 -0.00698206
vn 0.778759 -0.607732 -0.155551
v 0.023752 -0.0251092 -0.00717819
vn 0.728569 -0.662774 -0.172968
v 0.0238471 -0.025237 -0.0033348
vn 0.697223 -0.714982 -0.0517752
v 0.0235762 -0.0261626 0.00170455
vn 0.824681 -0.56416 0.0403146
v 0.0227756 -0.0271018 -0.00300785
vn 0.649527 -0.757491 -0.0657362
v 0.0235899 -0.0260973 -0.00316082
vn 0.874263 -0.481541 -0.0615009
v 0.0235762 -0.0261626 0.00170455
vn 0.824681 -0.56416 0.0403146
v 0.0227526 -0.0270698 0.00191497
vn 0.639185 -0.766697 0.0601561
v 0.0227756 -0.0271018 -0.00300785
vn 0.649527 -0.757491 -0.0657362
v 3.1665e-08 -0.0340089 -0.00836248
vn -7.0897e-06 -0.965556 -0.260195
v 0.00358217 -0.0347959 -0.00313332
vn 0.108982 -0.989721 -0.0926074
v 3.1665e-08 -0.0349958 -0.00316732
vn -0.000139583 -0.995524 -0.0945075
v 3.1665e-08 -0.0340089 -0.00836248
vn -7.0897e-06 -0.965556 -0.260195
v 0.00362501 -0.0338289 -0.00827577
vn 0.105523 -0.960915 -0.255946
v 0.00358217 -0.0347959 -0.00313332
vn 0.108982 -0.989721 -0.0926074
v 0.00362501 -0.0338289 -0.00827577
vn 0.105523 -0.960915 -0.255946
v 0.00690513 -0.034253 -0.00305453
vn 0.207093 -0.974354 -0.0880165
v 0.00358217 -0.0347959 -0.00313332
vn 0.108982 -0.989721 -0.0926074
v 0.00362501 -0.0338289 -0.00827577
vn 0.105523 -0.960915 -0.255946
v 0.00697616 -0.0333327 -0.00807868
vn 0.200706 -0.948341 -0.245696
v 0.00690513 -0.034253 -0.00305453
vn 0.207093 -0.974354 -0.0880165
v 0.00697616 -0.0333327 -0.00807868
vn 0.200706 -0.948341 -0.245696
v 0.00986572 -0.0334844 -0.00293361
vn 0.293415 -0.952536 -0.0811312
v 0.00690513 -0.034253 -0.00305453
vn 0.207093 -0.974354 -0.0880165
v 0.00697616 -0.0333327 -0.00807868
vn 0.200706 -0.948341 -0.245696
v 0.00994592 -0.0326309 -0.00778851
vn 0.286525 -0.929824 -0.230934
v 0.00986572 -0.0334844 -0.00293361
vn 0.293415 -0.952536 -0.0811312
v 0.00994592 -0.0326309 -0.00778851
vn 0.286525 -0.929824 -0.230934
v 0.0131847 -0.0323092 -0.00276973
vn 0.374726 -0.924246 -0.0731388
v 0.00986572 -0.0334844 -0.00293361
vn 0.293415 -0.952536 -0.0811312
v 0.00994592 -0.0326309 -0.00778851
vn 0.286525 -0.929824 -0.230934
v 0.0132419 -0.0315574 -0.00735275
vn 0.368994 -0.904854 -0.212328
v 0.0131847 -0.0323092 -0.00276973
vn 0.374726 -0.924246 -0.0731388
v 0.0188366 -0.0288941 -0.00645653
vn 0.494461 -0.850365 -0.179968
v 0.0163584 -0.0308641 -0.00259648
vn 0.452897 -0.889251 -0.0641603
v 0.0163469 -0.0302315 -0.00686025
vn 0.446441 -0.873815 -0.19271
v 0.0188366 -0.0288941 -0.00645653
vn 0.494461 -0.850365 -0.179968
v 0.0189441 -0.0294091 -0.00248354
vn 0.499489 -0.864478 -0.0564695
v 0.0163584 -0.0308641 -0.00259648
vn 0.452897 -0.889251 -0.0641603
v 0.0132419 -0.0315574 -0.00735275
vn 0.368994 -0.904854 -0.212328
v 0.0163584 -0.0308641 -0.00259648
vn 0.452897 -0.889251 -0.0641603
v 0.0131847 -0.0323092 -0.00276973
vn 0.374726 -0.924246 -0.0731388
v 0.0132419 -0.0315574 -0.00735275
vn 0.368994 -0.904854 -0.212328
v 0.0163469 -0.0302315 -0.00686025
vn 0.446441 -0.873815 -0.19271
v 0.0163584 -0.0308641 -0.00259648
vn 0.452897 -0.889251 -0.0641603
v 0.0252791 -0.023648 -0.00773718
vn 0.713459 -0.665749 -0.218527
v 0.0262457 -0.0233057 -0.00427175
vn 0.814518 -0.569918 -0.108411
v 0.0256237 -0.0241578 -0.00408179
vn 0.713952 -0.692484 -0.103631
v 0.0252791 -0.023648 -0.00773718
vn 0.713459 -0.665749 -0.218527
v 0.0258696 -0.0227569 -0.00791195
vn 0.810053 -0.544133 -0.218478
v 0.0262457 -0.0233057 -0.00427175
vn 0.814518 -0.569918 -0.108411
v 0.0268714 -0.0210366 -0.00824691
vn 0.810271 -0.536698 -0.235405
v 0.0289166 -0.0192296 -0.00475143
vn 0.845643 -0.519019 -0.124527
v 0.0273272 -0.0216118 -0.00435561
vn 0.826484 -0.55161 -0.112479
v 0.0268714 -0.0210366 -0.00824691
vn 0.810271 -0.536698 -0.235405
v 0.0283983 -0.0185744 -0.00882299
vn 0.824007 -0.508479 -0.249921
v 0.0289166 -0.0192296 -0.00475143
vn 0.845643 -0.519019 -0.124527
v 0.0258696 -0.0227569 -0.00791195
vn 0.810053 -0.544133 -0.218478
v 0.0273272 -0.0216118 -0.00435561
vn 0.826484 -0.55161 -0.112479
v 0.0262457 -0.0233057 -0.00427175
vn 0.814518 -0.569918 -0.108411
v 0.0258696 -0.0227569 -0.00791195
vn 0.810053 -0.544133 -0.218478
v 0.0268714 -0.0210366 -0.00824691
vn 0.810271 -0.536698 -0.235405
v 0.0273272 -0.0216118 -0.00435561
vn 0.826484 -0.55161 -0.112479
v 0.0243365 -0.0245309 -0.00740804
vn 0.637572 -0.741798 -0.207936
v 0.0256237 -0.0241578 -0.00408179
vn 0.713952 -0.692484 -0.103631
v 0.0247033 -0.0249734 -0.00354326
vn 0.482127 -0.874033 -0.0601725
v 0.0243365 -0.0245309 -0.00740804
vn 0.637572 -0.741798 -0.207936
v 0.0252791 -0.023648 -0.00773718
vn 0.713459 -0.665749 -0.218527
v 0.0256237 -0.0241578 -0.00408179
vn 0.713952 -0.692484 -0.103631
v 0.0329222 -1.3791e-07 -0.0105707
vn 0.964141 6.54855e-06 -0.265391
v 0.0337572 -0.0033459 -0.00574817
vn 0.988645 -0.0768635 -0.129128
v 0.0328073 -0.00317874 -0.0105267
vn 0.960886 -0.0774705 -0.265887
v 0.0329222 -1.3791e-07 -0.0105707
vn 0.964141 6.54855e-06 -0.265391
v 0.0338831 7.37612e-09 -0.00577173
vn 0.991711 2.64483e-05 -0.128489
v 0.0337572 -0.0033459 -0.00574817
vn 0.988645 -0.0768635 -0.129128
v 0.0300404 -0.0151769 -0.00945847
vn 0.879563 -0.399889 -0.257793
v 0.0323142 -0.0114401 -0.00546799
vn 0.949528 -0.284997 -0.131046
v 0.0307051 -0.0158188 -0.00513898
vn 0.902297 -0.411016 -0.130103
v 0.0300404 -0.0151769 -0.00945847
vn 0.879563 -0.399889 -0.257793
v 0.0315016 -0.0109149 -0.0100217
vn 0.922952 -0.279699 -0.264439
v 0.0323142 -0.0114401 -0.00546799
vn 0.949528 -0.284997 -0.131046
v 0.0315016 -0.0109149 -0.0100217
vn 0.922952 -0.279699 -0.264439
v 0.0333866 -0.00658595 -0.00567795
vn 0.977274 -0.167146 -0.130375
v 0.0323142 -0.0114401 -0.00546799
vn 0.949528 -0.284997 -0.131046
v 0.0315016 -0.0109149 -0.0100217
vn 0.922952 -0.279699 -0.264439
v 0.0324623 -0.0063255 -0.0103889
vn 0.949551 -0.16629 -0.265897
v 0.0333866 -0.00658595 -0.00567795
vn 0.977274 -0.167146 -0.130375
v 0.0324623 -0.0063255 -0.0103889
vn 0.949551 -0.16629 -0.265897
v 0.0337572 -0.0033459 -0.00574817
vn 0.988645 -0.0768635 -0.129128
v 0.0333866 -0.00658595 -0.00567795
vn 0.977274 -0.167146 -0.130375
v 0.0324623 -0.0063255 -0.0103889
vn 0.949551 -0.16629 -0.265897
v 0.0328073 -0.00317874 -0.0105267
vn 0.960886 -0.0774705 -0.265887
v 0.0337572 -0.0033459 -0.00574817
vn 0.988645 -0.0768635 -0.129128
v 0.0283983 -0.0185744 -0.00882299
vn 0.824007 -0.508479 -0.249921
v 0.0307051 -0.0158188 -0.00513898
vn 0.902297 -0.411016 -0.130103
v 0.0289166 -0.0192296 -0.00475143
vn 0.845643 -0.519019 -0.124527
v 0.0283983 -0.0185744 -0.00882299
vn 0.824007 -0.508479 -0.249921
v 0.0300404 -0.0151769 -0.00945847
vn 0.879563 -0.399889 -0.257793
v 0.0307051 -0.0158188 -0.00513898
vn 0.902297 -0.411016 -0.130103
vt 0.291633 0.948669
vt 0.333402 0.921644
vt 0.328772 0.950719
vt 0.291633 0.948669
vt 0.293098 0.918775
vt 0.333402 0.921644
vt 0.290594 0.972026
vt 0.328772 0.950719
vt 0.324688 0.972837
vt 0.290594 0.972026
vt 0.291633 0.948669
vt 0.328772 0.950719
vt 0.0244258 0.958667
vt 0.048785 0.935578
vt 0.0395762 0.951949
vt 0.346389 0.229716
vt 0.365155 0.225191
vt 0.378108 0.242808
vt 0.337032 0.888861
vt 0.376777 0.870271
vt 0.374156 0.891837
vt 0.337032 0.888861
vt 0.338589 0.866967
vt 0.376777 0.870271
vt 0.328772 0.950719
vt 0.367939 0.923432
vt 0.360159 0.950736
vt 0.328772 0.950719
vt 0.333402 0.921644
vt 0.367939 0.923432
vt 0.30484 0.191142
vt 0.344973 0.201748
vt 0.326395 0.21132
vt 0.30484 0.191142
vt 0.322852 0.177803
vt 0.344973 0.201748
vt 0.000348107 0.917018
vt 0.0379971 0.883039
vt 0.0330803 0.913412
vt 0.000348107 0.917018
vt 0.00129397 0.884865
vt 0.0379971 0.883039
vt 0.00129397 0.884865
vt 0.0403832 0.862116
vt 0.0379971 0.883039
vt 0.00129397 0.884865
vt 0.00236715 0.863148
vt 0.0403832 0.862116
vt 0.000348105 0.945147
vt 0.0330803 0.913412
vt 0.0279504 0.939481
vt 0.000348105 0.945147
vt 0.000348107 0.917018
vt 0.0330803 0.913412
vt 0.326395 0.21132
vt 0.365155 0.225191
vt 0.346389 0.229716
vt 0.326395 0.21132
vt 0.344973 0.201748
vt 0.365155 0.225191
vt 0.293098 0.918775
vt 0.337032 0.888861
vt 0.333402 0.921644
vt 0.293098 0.918775
vt 0.294544 0.885764
vt 0.337032 0.888861
vt 0.0379971 0.883039
vt 0.0710024 0.862137
vt 0.067357 0.882272
vt 0.0379971 0.883039
vt 0.0403832 0.862116
vt 0.0710024 0.862137
vt 0.481891 0.501598
vt 0.46682 0.526499
vt 0.471609 0.501338
vt 0.481891 0.501598
vt 0.477533 0.526838
vt 0.46682 0.526499
vt 0.0330803 0.913412
vt 0.067357 0.882272
vt 0.0589359 0.91118
vt 0.0330803 0.913412
vt 0.0379971 0.883039
vt 0.067357 0.882272
vt 0.0279504 0.939481
vt 0.0589359 0.91118
vt 0.048785 0.935578
vt 0.0279504 0.939481
vt 0.0330803 0.913412
vt 0.0589359 0.91118
vt 0.149487 0.427311
vt 0.13676 0.465679
vt 0.133007 0.431932
vt 0.149487 0.427311
vt 0.155282 0.460937
vt 0.13676 0.465679
vt 0.042239 0.840138
vt 0.0710024 0.862137
vt 0.0403832 0.862116
vt 0.042239 0.840138
vt 0.0732854 0.841022
vt 0.0710024 0.862137
vt 0.00376997 0.840558
vt 0.0403832 0.862116
vt 0.00236715 0.863148
vt 0.00376997 0.840558
vt 0.042239 0.840138
vt 0.0403832 0.862116
vt 0.339553 0.844317
vt 0.376777 0.870271
vt 0.338589 0.866967
vt 0.339553 0.844317
vt 0.378108 0.847639
vt 0.376777 0.870271
vt 0.338589 0.866967
vt 0.296036 0.842006
vt 0.339553 0.844317
vt 0.338589 0.866967
vt 0.295342 0.864154
vt 0.296036 0.842006
vt 0.633714 0.0270796
vt 0.646732 0.000867605
vt 0.646916 0.0272301
vt 0.633714 0.0270796
vt 0.632986 0.000646114
vt 0.646732 0.000867605
vt 0.471609 0.501338
vt 0.451367 0.525687
vt 0.456747 0.500791
vt 0.471609 0.501338
vt 0.46682 0.526499
vt 0.451367 0.525687
vt 0.456747 0.500791
vt 0.435615 0.52439
vt 0.441283 0.499865
vt 0.456747 0.500791
vt 0.451367 0.525687
vt 0.435615 0.52439
vt 0.65606 0.152482
vt 0.680259 0.167759
vt 0.656157 0.162799
vt 0.65606 0.152482
vt 0.68024 0.156531
vt 0.680259 0.167759
vt 0.656265 0.138647
vt 0.68024 0.156531
vt 0.65606 0.152482
vt 0.656265 0.138647
vt 0.680537 0.142375
vt 0.68024 0.156531
vt 0.46682 0.526499
vt 0.444462 0.547375
vt 0.451367 0.525687
vt 0.46682 0.526499
vt 0.460725 0.548714
vt 0.444462 0.547375
vt 0.451367 0.525687
vt 0.427936 0.545495
vt 0.435615 0.52439
vt 0.451367 0.525687
vt 0.444462 0.547375
vt 0.427936 0.545495
vt 0.68024 0.156531
vt 0.709942 0.174255
vt 0.680259 0.167759
vt 0.68024 0.156531
vt 0.71023 0.161283
vt 0.709942 0.174255
vt 0.680537 0.142375
vt 0.71023 0.161283
vt 0.68024 0.156531
vt 0.680537 0.142375
vt 0.710784 0.146425
vt 0.71023 0.161283
vt 0.0977745 0.344529
vt 0.0882425 0.378025
vt 0.0825477 0.350207
vt 0.0977745 0.344529
vt 0.104981 0.371886
vt 0.0882425 0.378025
vt 0.0825477 0.350207
vt 0.0719665 0.384413
vt 0.0672233 0.356544
vt 0.0825477 0.350207
vt 0.0882425 0.378025
vt 0.0719665 0.384413
vt 0.104981 0.371886
vt 0.12664 0.397747
vt 0.110941 0.402804
vt 0.104981 0.371886
vt 0.117943 0.367624
vt 0.12664 0.397747
vt 0.0882425 0.378025
vt 0.110941 0.402804
vt 0.0923762 0.409277
vt 0.0882425 0.378025
vt 0.104981 0.371886
vt 0.110941 0.402804
vt 0.0719665 0.384413
vt 0.0923762 0.409277
vt 0.0746286 0.415591
vt 0.0719665 0.384413
vt 0.0882425 0.378025
vt 0.0923762 0.409277
vt 0.474447 0.474358
vt 0.481891 0.501598
vt 0.471609 0.501338
vt 0.474447 0.474358
vt 0.484563 0.474552
vt 0.481891 0.501598
vt 0.12664 0.397747
vt 0.149487 0.427311
vt 0.133007 0.431932
vt 0.12664 0.397747
vt 0.141761 0.393211
vt 0.149487 0.427311
vt 0.115095 0.471065
vt 0.139658 0.501298
vt 0.113692 0.506609
vt 0.115095 0.471065
vt 0.13676 0.465679
vt 0.139658 0.501298
vt 0.110941 0.402804
vt 0.133007 0.431932
vt 0.114548 0.437355
vt 0.110941 0.402804
vt 0.12664 0.397747
vt 0.133007 0.431932
vt 0.0923762 0.409277
vt 0.114548 0.437355
vt 0.0932803 0.443704
vt 0.0923762 0.409277
vt 0.110941 0.402804
vt 0.114548 0.437355
vt 0.625673 0.0546744
vt 0.633714 0.0270796
vt 0.63393 0.0547742
vt 0.625673 0.0546744
vt 0.625286 0.0269634
vt 0.633714 0.0270796
vt 0.63393 0.0547742
vt 0.646916 0.0272301
vt 0.646929 0.0549578
vt 0.63393 0.0547742
vt 0.633714 0.0270796
vt 0.646916 0.0272301
vt 0.459799 0.473933
vt 0.471609 0.501338
vt 0.456747 0.500791
vt 0.459799 0.473933
vt 0.474447 0.474358
vt 0.471609 0.501338
vt 0.444459 0.473313
vt 0.456747 0.500791
vt 0.441283 0.499865
vt 0.444459 0.473313
vt 0.459799 0.473933
vt 0.456747 0.500791
vt 0.0746286 0.415591
vt 0.0932803 0.443704
vt 0.0731924 0.448896
vt 0.0746286 0.415591
vt 0.0923762 0.409277
vt 0.0932803 0.443704
vt 0.743546 0.137484
vt 0.777464 0.152309
vt 0.742883 0.149459
vt 0.743546 0.137484
vt 0.778308 0.138171
vt 0.777464 0.152309
vt 0.711384 0.135624
vt 0.742883 0.149459
vt 0.710784 0.146425
vt 0.711384 0.135624
vt 0.743546 0.137484
vt 0.742883 0.149459
vt 0.0276961 0.426558
vt 0.0358521 0.456484
vt 0.026094 0.457193
vt 0.0276961 0.426558
vt 0.036976 0.424491
vt 0.0358521 0.456484
vt 0.681015 0.132792
vt 0.710784 0.146425
vt 0.680537 0.142375
vt 0.681015 0.132792
vt 0.711384 0.135624
vt 0.710784 0.146425
vt 0.656687 0.12974
vt 0.680537 0.142375
vt 0.656265 0.138647
vt 0.656687 0.12974
vt 0.681015 0.132792
vt 0.680537 0.142375
vt 0.625286 0.0269634
vt 0.632986 0.000646114
vt 0.633714 0.0270796
vt 0.625286 0.0269634
vt 0.624094 0.000503242
vt 0.632986 0.000646114
vt 0.0932803 0.443704
vt 0.115095 0.471065
vt 0.0905255 0.476626
vt 0.0932803 0.443704
vt 0.114548 0.437355
vt 0.115095 0.471065
vt 0.0731924 0.448896
vt 0.0905255 0.476626
vt 0.069089 0.4808
vt 0.0731924 0.448896
vt 0.0932803 0.443704
vt 0.0905255 0.476626
vt 0.257477 0.968257
vt 0.291633 0.948669
vt 0.290594 0.972026
vt 0.257477 0.968257
vt 0.256134 0.944586
vt 0.291633 0.948669
vt 0.13676 0.465679
vt 0.158975 0.49683
vt 0.139658 0.501298
vt 0.13676 0.465679
vt 0.155282 0.460937
vt 0.158975 0.49683
vt 0.0905255 0.476626
vt 0.113692 0.506609
vt 0.0866309 0.511395
vt 0.0905255 0.476626
vt 0.115095 0.471065
vt 0.113692 0.506609
vt 0.069089 0.4808
vt 0.0866309 0.511395
vt 0.0632887 0.514875
vt 0.069089 0.4808
vt 0.0905255 0.476626
vt 0.0866309 0.511395
vt 0.196207 0.907674
vt 0.224726 0.881474
vt 0.225969 0.911613
vt 0.196207 0.907674
vt 0.194228 0.880901
vt 0.224726 0.881474
vt 0.194228 0.880901
vt 0.224514 0.861199
vt 0.224726 0.881474
vt 0.194228 0.880901
vt 0.193601 0.86048
vt 0.224514 0.861199
vt 0.199721 0.934766
vt 0.225969 0.911613
vt 0.228381 0.940313
vt 0.199721 0.934766
vt 0.196207 0.907674
vt 0.225969 0.911613
vt 0.0632887 0.514875
vt 0.0827359 0.539315
vt 0.0583165 0.541127
vt 0.0632887 0.514875
vt 0.0866309 0.511395
vt 0.0827359 0.539315
vt 0.114548 0.437355
vt 0.13676 0.465679
vt 0.115095 0.471065
vt 0.114548 0.437355
vt 0.133007 0.431932
vt 0.13676 0.465679
vt 0.255131 0.88313
vt 0.295342 0.864154
vt 0.294544 0.885764
vt 0.255131 0.88313
vt 0.255374 0.862252
vt 0.295342 0.864154
vt 0.105372 0.917428
vt 0.129496 0.889328
vt 0.114395 0.921138
vt 0.105372 0.917428
vt 0.119889 0.887324
vt 0.129496 0.889328
vt 0.255287 0.915033
vt 0.294544 0.885764
vt 0.293098 0.918775
vt 0.255287 0.915033
vt 0.255131 0.88313
vt 0.294544 0.885764
vt 0.256134 0.944586
vt 0.293098 0.918775
vt 0.291633 0.948669
vt 0.256134 0.944586
vt 0.255287 0.915033
vt 0.293098 0.918775
vt 0.329014 0.26083
vt 0.356197 0.267839
vt 0.353893 0.276276
vt 0.329014 0.26083
vt 0.331975 0.253442
vt 0.356197 0.267839
vt 0.255862 0.841001
vt 0.295342 0.864154
vt 0.255374 0.862252
vt 0.255862 0.841001
vt 0.296036 0.842006
vt 0.295342 0.864154
vt 0.193761 0.841863
vt 0.224514 0.861199
vt 0.193601 0.86048
vt 0.193761 0.841863
vt 0.224836 0.841011
vt 0.224514 0.861199
vt 0.170524 0.456997
vt 0.158975 0.49683
vt 0.155282 0.460937
vt 0.170524 0.456997
vt 0.176226 0.492522
vt 0.158975 0.49683
vt 0.155282 0.460937
vt 0.162914 0.423798
vt 0.170524 0.456997
vt 0.155282 0.460937
vt 0.149487 0.427311
vt 0.162914 0.423798
vt 0.306456 0.235665
vt 0.329014 0.26083
vt 0.302961 0.243052
vt 0.306456 0.235665
vt 0.331975 0.253442
vt 0.329014 0.26083
vt 0.283541 0.217257
vt 0.302961 0.243052
vt 0.279698 0.224321
vt 0.283541 0.217257
vt 0.306456 0.235665
vt 0.302961 0.243052
vt 0.25817 0.196512
vt 0.279698 0.224321
vt 0.254956 0.203482
vt 0.25817 0.196512
vt 0.283541 0.217257
vt 0.279698 0.224321
vt 0.231876 0.184029
vt 0.25817 0.196512
vt 0.254956 0.203482
vt 0.231876 0.184029
vt 0.234455 0.17587
vt 0.25817 0.196512
vt 0.300776 0.247964
vt 0.329014 0.26083
vt 0.326647 0.266425
vt 0.300776 0.247964
vt 0.302961 0.243052
vt 0.329014 0.26083
vt 0.277457 0.229357
vt 0.302961 0.243052
vt 0.300776 0.247964
vt 0.277457 0.229357
vt 0.279698 0.224321
vt 0.302961 0.243052
vt 0.252164 0.208124
vt 0.279698 0.224321
vt 0.277457 0.229357
vt 0.252164 0.208124
vt 0.254956 0.203482
vt 0.279698 0.224321
vt 0.0213751 0.282276
vt 0.010738 0.311934
vt 0.013975 0.284225
vt 0.0213751 0.282276
vt 0.0170955 0.311213
vt 0.010738 0.311934
vt 0.034448 0.395906
vt 0.0276961 0.426558
vt 0.0246216 0.399262
vt 0.034448 0.395906
vt 0.036976 0.424491
vt 0.0276961 0.426558
vt 0.0449329 0.423496
vt 0.0565201 0.452958
vt 0.0429911 0.456117
vt 0.0449329 0.423496
vt 0.0589042 0.420571
vt 0.0565201 0.452958
vt 0.0302291 0.370455
vt 0.0246216 0.399262
vt 0.0199607 0.374612
vt 0.0302291 0.370455
vt 0.034448 0.395906
vt 0.0246216 0.399262
vt 0.396071 0.517896
vt 0.378804 0.533752
vt 0.38488 0.515044
vt 0.396071 0.517896
vt 0.389341 0.537469
vt 0.378804 0.533752
vt 0.401285 0.495424
vt 0.38488 0.515044
vt 0.38964 0.493472
vt 0.401285 0.495424
vt 0.396071 0.517896
vt 0.38488 0.515044
vt 0.578172 0.576621
vt 0.593796 0.598832
vt 0.587867 0.601586
vt 0.578172 0.576621
vt 0.58418 0.573405
vt 0.593796 0.598832
vt 0.917513 0.598506
vt 0.908893 0.631877
vt 0.897073 0.602955
vt 0.917513 0.598506
vt 0.929262 0.626058
vt 0.908893 0.631877
vt 0.565377 0.555715
vt 0.58418 0.573405
vt 0.578172 0.576621
vt 0.565377 0.555715
vt 0.57133 0.551453
vt 0.58418 0.573405
vt 0.424127 0.790138
vt 0.431398 0.770884
vt 0.437323 0.77541
vt 0.424127 0.790138
vt 0.417346 0.786201
vt 0.431398 0.770884
vt 0.411939 0.808104
vt 0.417346 0.786201
vt 0.424127 0.790138
vt 0.411939 0.808104
vt 0.40484 0.804908
vt 0.417346 0.786201
vt 0.403937 0.471179
vt 0.38964 0.493472
vt 0.392234 0.470346
vt 0.403937 0.471179
vt 0.401285 0.495424
vt 0.38964 0.493472
vt 0.40283 0.828325
vt 0.40484 0.804908
vt 0.411939 0.808104
vt 0.40283 0.828325
vt 0.394583 0.825715
vt 0.40484 0.804908
vt 0.119889 0.887324
vt 0.13539 0.867943
vt 0.129496 0.889328
vt 0.119889 0.887324
vt 0.125616 0.866379
vt 0.13539 0.867943
vt 0.0857856 0.944743
vt 0.114395 0.921138
vt 0.09365 0.948753
vt 0.0857856 0.944743
vt 0.105372 0.917428
vt 0.114395 0.921138
vt 0.0688557 0.972602
vt 0.0857856 0.944743
vt 0.09365 0.948753
vt 0.0688557 0.972602
vt 0.0615737 0.967921
vt 0.0857856 0.944743
vt 0.0829294 0.911386
vt 0.111473 0.885289
vt 0.0978858 0.91471
vt 0.0829294 0.911386
vt 0.0945746 0.882885
vt 0.111473 0.885289
vt 0.136375 0.891389
vt 0.13539 0.867943
vt 0.142719 0.869444
vt 0.136375 0.891389
vt 0.129496 0.889328
vt 0.13539 0.867943
vt 0.0992629 0.952162
vt 0.114395 0.921138
vt 0.120551 0.923323
vt 0.0992629 0.952162
vt 0.09365 0.948753
vt 0.114395 0.921138
vt 0.0738993 0.976176
vt 0.09365 0.948753
vt 0.0992629 0.952162
vt 0.0738993 0.976176
vt 0.0688557 0.972602
vt 0.09365 0.948753
vt 0.142719 0.869444
vt 0.138622 0.845799
vt 0.145897 0.846705
vt 0.142719 0.869444
vt 0.13539 0.867943
vt 0.138622 0.845799
vt 0.125616 0.866379
vt 0.138622 0.845799
vt 0.13539 0.867943
vt 0.125616 0.866379
vt 0.128686 0.844592
vt 0.138622 0.845799
vt 0.598904 0.690592
vt 0.583193 0.71652
vt 0.590008 0.69114
vt 0.598904 0.690592
vt 0.591395 0.716392
vt 0.583193 0.71652
vt 0.605032 0.65796
vt 0.590008 0.69114
vt 0.595779 0.659001
vt 0.605032 0.65796
vt 0.598904 0.690592
vt 0.590008 0.69114
vt 0.597328 0.628651
vt 0.605032 0.65796
vt 0.595779 0.659001
vt 0.026094 0.457193
vt 0.0358521 0.456484
vt 0.031255 0.487037
vt 0.259023 0.9972
vt 0.290581 0.988248
vt 0.291776 0.999652
vt 0.259023 0.9972
vt 0.25909 0.985325
vt 0.290581 0.988248
vt 0.584483 0.691516
vt 0.583193 0.71652
vt 0.577802 0.716654
vt 0.584483 0.691516
vt 0.590008 0.69114
vt 0.583193 0.71652
vt 0.589938 0.659718
vt 0.590008 0.69114
vt 0.584483 0.691516
vt 0.589938 0.659718
vt 0.595779 0.659001
vt 0.590008 0.69114
vt 0.591325 0.63007
vt 0.595779 0.659001
vt 0.589938 0.659718
vt 0.591325 0.63007
vt 0.597328 0.628651
vt 0.595779 0.659001
vt 0.31737 0.289117
vt 0.282986 0.289093
vt 0.291288 0.269499
vt 0.31737 0.289117
vt 0.311294 0.308776
vt 0.282986 0.289093
vt 0.0250497 0.518193
vt 0.0380259 0.486166
vt 0.0317854 0.517904
vt 0.0250497 0.518193
vt 0.031255 0.487037
vt 0.0380259 0.486166
vt 0.0632887 0.514875
vt 0.0396023 0.541838
vt 0.0445884 0.516695
vt 0.0632887 0.514875
vt 0.0583165 0.541127
vt 0.0396023 0.541838
vt 0.069089 0.4808
vt 0.0445884 0.516695
vt 0.0512745 0.483957
vt 0.069089 0.4808
vt 0.0632887 0.514875
vt 0.0445884 0.516695
vt 0.0565201 0.452958
vt 0.069089 0.4808
vt 0.0512745 0.483957
vt 0.0565201 0.452958
vt 0.0731924 0.448896
vt 0.069089 0.4808
vt 0.031255 0.487037
vt 0.0429911 0.456117
vt 0.0380259 0.486166
vt 0.031255 0.487037
vt 0.0358521 0.456484
vt 0.0429911 0.456117
vt 0.0378509 0.0482011
vt 0.0378509 0.0817174
vt 0.0286195 0.056522
vt 0.0445884 0.516695
vt 0.0396023 0.541838
vt 0.0267923 0.542066
vt 0.0512745 0.483957
vt 0.0317854 0.517904
vt 0.0380259 0.486166
vt 0.0512745 0.483957
vt 0.0445884 0.516695
vt 0.0317854 0.517904
vt 0.0429911 0.456117
vt 0.0512745 0.483957
vt 0.0380259 0.486166
vt 0.0429911 0.456117
vt 0.0565201 0.452958
vt 0.0512745 0.483957
vt 0.246449 0.161068
vt 0.28012 0.168203
vt 0.268655 0.18132
vt 0.25909 0.985325
vt 0.257477 0.968257
vt 0.290594 0.972026
vt 0.0199607 0.541932
vt 0.0317854 0.517904
vt 0.0267923 0.542066
vt 0.0199607 0.541932
vt 0.0250497 0.518193
vt 0.0317854 0.517904
vt 0.234455 0.17587
vt 0.261684 0.190743
vt 0.25817 0.196512
vt 0.234455 0.17587
vt 0.238123 0.170309
vt 0.261684 0.190743
vt 0.333751 0.247305
vt 0.358579 0.250359
vt 0.357302 0.261387
vt 0.333751 0.247305
vt 0.337138 0.237971
vt 0.358579 0.250359
vt 0.105372 0.917428
vt 0.0790326 0.941581
vt 0.0978858 0.91471
vt 0.105372 0.917428
vt 0.0857856 0.944743
vt 0.0790326 0.941581
vt 0.0710024 0.862137
vt 0.0945746 0.882885
vt 0.067357 0.882272
vt 0.0710024 0.862137
vt 0.099319 0.863333
vt 0.0945746 0.882885
vt 0.048785 0.935578
vt 0.0829294 0.911386
vt 0.0673134 0.936334
vt 0.048785 0.935578
vt 0.0589359 0.91118
vt 0.0829294 0.911386
vt 0.0474105 0.957212
vt 0.048785 0.935578
vt 0.0673134 0.936334
vt 0.0474105 0.957212
vt 0.0395762 0.951949
vt 0.048785 0.935578
vt 0.0857856 0.944743
vt 0.0562265 0.964119
vt 0.0790326 0.941581
vt 0.0857856 0.944743
vt 0.0615737 0.967921
vt 0.0562265 0.964119
vt 0.0945746 0.882885
vt 0.117044 0.865315
vt 0.111473 0.885289
vt 0.0945746 0.882885
vt 0.099319 0.863333
vt 0.117044 0.865315
vt 0.0673134 0.936334
vt 0.0978858 0.91471
vt 0.0790326 0.941581
vt 0.0673134 0.936334
vt 0.0829294 0.911386
vt 0.0978858 0.91471
vt 0.0562265 0.964119
vt 0.0673134 0.936334
vt 0.0790326 0.941581
vt 0.0562265 0.964119
vt 0.0474105 0.957212
vt 0.0673134 0.936334
vt 0.0589359 0.91118
vt 0.0945746 0.882885
vt 0.0829294 0.911386
vt 0.0589359 0.91118
vt 0.067357 0.882272
vt 0.0945746 0.882885
vt 0.119889 0.887324
vt 0.0978858 0.91471
vt 0.111473 0.885289
vt 0.119889 0.887324
vt 0.105372 0.917428
vt 0.0978858 0.91471
vt 0.747092 0.753307
vt 0.709141 0.732085
vt 0.748778 0.738875
vt 0.747092 0.753307
vt 0.708143 0.745343
vt 0.709141 0.732085
vt 0.119889 0.887324
vt 0.117044 0.865315
vt 0.125616 0.866379
vt 0.119889 0.887324
vt 0.111473 0.885289
vt 0.117044 0.865315
vt 0.125616 0.866379
vt 0.119903 0.844075
vt 0.128686 0.844592
vt 0.125616 0.866379
vt 0.117044 0.865315
vt 0.119903 0.844075
vt 0.413984 0.471592
vt 0.401285 0.495424
vt 0.403937 0.471179
vt 0.413984 0.471592
vt 0.410938 0.496457
vt 0.401285 0.495424
vt 0.099319 0.863333
vt 0.119903 0.844075
vt 0.117044 0.865315
vt 0.099319 0.863333
vt 0.102006 0.842701
vt 0.119903 0.844075
vt 0.099319 0.863333
vt 0.0732854 0.841022
vt 0.102006 0.842701
vt 0.099319 0.863333
vt 0.0710024 0.862137
vt 0.0732854 0.841022
vt 0.0719665 0.384413
vt 0.0589042 0.420571
vt 0.0569062 0.38993
vt 0.0719665 0.384413
vt 0.0746286 0.415591
vt 0.0589042 0.420571
vt 0.036976 0.424491
vt 0.0432193 0.393684
vt 0.0449329 0.423496
vt 0.036976 0.424491
vt 0.034448 0.395906
vt 0.0432193 0.393684
vt 0.0719665 0.384413
vt 0.0526511 0.36251
vt 0.0672233 0.356544
vt 0.0719665 0.384413
vt 0.0569062 0.38993
vt 0.0526511 0.36251
vt 0.427936 0.545495
vt 0.420064 0.522272
vt 0.435615 0.52439
vt 0.427936 0.545495
vt 0.412449 0.542712
vt 0.420064 0.522272
vt 0.435615 0.52439
vt 0.425898 0.498432
vt 0.441283 0.499865
vt 0.435615 0.52439
vt 0.420064 0.522272
vt 0.425898 0.498432
vt 0.0569062 0.38993
vt 0.0449329 0.423496
vt 0.0432193 0.393684
vt 0.0569062 0.38993
vt 0.0589042 0.420571
vt 0.0449329 0.423496
vt 0.0589042 0.420571
vt 0.0731924 0.448896
vt 0.0565201 0.452958
vt 0.0589042 0.420571
vt 0.0746286 0.415591
vt 0.0731924 0.448896
vt 0.0526511 0.36251
vt 0.0432193 0.393684
vt 0.0391764 0.367675
vt 0.0526511 0.36251
vt 0.0569062 0.38993
vt 0.0432193 0.393684
vt 0.0468772 0.341853
vt 0.0391764 0.367675
vt 0.0332438 0.347636
vt 0.420064 0.522272
vt 0.412449 0.542712
vt 0.398457 0.539258
vt 0.425898 0.498432
vt 0.405516 0.519536
vt 0.410938 0.496457
vt 0.425898 0.498432
vt 0.420064 0.522272
vt 0.405516 0.519536
vt 0.444459 0.473313
vt 0.425898 0.498432
vt 0.429108 0.47252
vt 0.444459 0.473313
vt 0.441283 0.499865
vt 0.425898 0.498432
vt 0.429108 0.47252
vt 0.410938 0.496457
vt 0.413984 0.471592
vt 0.429108 0.47252
vt 0.425898 0.498432
vt 0.410938 0.496457
vt 0.401285 0.495424
vt 0.405516 0.519536
vt 0.396071 0.517896
vt 0.401285 0.495424
vt 0.410938 0.496457
vt 0.405516 0.519536
vt 0.0241075 0.350706
vt 0.0391764 0.367675
vt 0.0302291 0.370455
vt 0.0241075 0.350706
vt 0.0332438 0.347636
vt 0.0391764 0.367675
vt 0.0302291 0.370455
vt 0.0432193 0.393684
vt 0.034448 0.395906
vt 0.0302291 0.370455
vt 0.0391764 0.367675
vt 0.0432193 0.393684
vt 0.036976 0.424491
vt 0.0429911 0.456117
vt 0.0358521 0.456484
vt 0.036976 0.424491
vt 0.0449329 0.423496
vt 0.0429911 0.456117
vt 0.350552 0.438967
vt 0.325658 0.455573
vt 0.340778 0.427762
vt 0.350552 0.438967
vt 0.338626 0.466665
vt 0.325658 0.455573
vt 0.306456 0.235665
vt 0.286383 0.211623
vt 0.308877 0.229967
vt 0.306456 0.235665
vt 0.283541 0.217257
vt 0.286383 0.211623
vt 0.326395 0.21132
vt 0.337138 0.237971
vt 0.313334 0.222205
vt 0.326395 0.21132
vt 0.346389 0.229716
vt 0.337138 0.237971
vt 0.30484 0.191142
vt 0.313334 0.222205
vt 0.292599 0.202534
vt 0.30484 0.191142
vt 0.326395 0.21132
vt 0.313334 0.222205
vt 0.28012 0.168203
vt 0.292599 0.202534
vt 0.268655 0.18132
vt 0.28012 0.168203
vt 0.30484 0.191142
vt 0.292599 0.202534
vt 0.283541 0.217257
vt 0.261684 0.190743
vt 0.286383 0.211623
vt 0.283541 0.217257
vt 0.25817 0.196512
vt 0.261684 0.190743
vt 0.313334 0.222205
vt 0.333751 0.247305
vt 0.308877 0.229967
vt 0.313334 0.222205
vt 0.337138 0.237971
vt 0.333751 0.247305
vt 0.292599 0.202534
vt 0.308877 0.229967
vt 0.286383 0.211623
vt 0.292599 0.202534
vt 0.313334 0.222205
vt 0.308877 0.229967
vt 0.268655 0.18132
vt 0.286383 0.211623
vt 0.261684 0.190743
vt 0.268655 0.18132
vt 0.292599 0.202534
vt 0.286383 0.211623
vt 0.337138 0.237971
vt 0.359912 0.24103
vt 0.358579 0.250359
vt 0.337138 0.237971
vt 0.346389 0.229716
vt 0.359912 0.24103
vt 0.295342 0.864154
vt 0.337032 0.888861
vt 0.294544 0.885764
vt 0.295342 0.864154
vt 0.338589 0.866967
vt 0.337032 0.888861
vt 0.331975 0.253442
vt 0.308877 0.229967
vt 0.333751 0.247305
vt 0.331975 0.253442
vt 0.306456 0.235665
vt 0.308877 0.229967
vt 0.331975 0.253442
vt 0.357302 0.261387
vt 0.356197 0.267839
vt 0.331975 0.253442
vt 0.333751 0.247305
vt 0.357302 0.261387
vt 0.346179 0.38676
vt 0.340778 0.427762
vt 0.328662 0.411272
vt 0.346179 0.38676
vt 0.354553 0.406194
vt 0.340778 0.427762
vt 0.278096 0.493672
vt 0.280613 0.533135
vt 0.259712 0.52422
vt 0.278096 0.493672
vt 0.297693 0.504349
vt 0.280613 0.533135
vt 0.346179 0.38676
vt 0.3149 0.394949
vt 0.334949 0.368235
vt 0.346179 0.38676
vt 0.328662 0.411272
vt 0.3149 0.394949
vt 0.334949 0.368235
vt 0.301387 0.381739
vt 0.323285 0.353883
vt 0.334949 0.368235
vt 0.3149 0.394949
vt 0.301387 0.381739
vt 0.948627 0.622464
vt 0.943029 0.662172
vt 0.929262 0.626058
vt 0.323285 0.353883
vt 0.301387 0.381739
vt 0.28556 0.368338
vt 0.328662 0.411272
vt 0.325658 0.455573
vt 0.309978 0.441309
vt 0.328662 0.411272
vt 0.340778 0.427762
vt 0.325658 0.455573
vt 0.338626 0.466665
vt 0.31131 0.480766
vt 0.325658 0.455573
vt 0.338626 0.466665
vt 0.326512 0.490463
vt 0.31131 0.480766
vt 0.3149 0.394949
vt 0.309978 0.441309
vt 0.293341 0.426882
vt 0.3149 0.394949
vt 0.328662 0.411272
vt 0.309978 0.441309
vt 0.301387 0.381739
vt 0.293341 0.426882
vt 0.27816 0.414713
vt 0.301387 0.381739
vt 0.3149 0.394949
vt 0.293341 0.426882
vt 0.28556 0.368338
vt 0.27816 0.414713
vt 0.261041 0.401999
vt 0.28556 0.368338
vt 0.301387 0.381739
vt 0.27816 0.414713
vt 0.309978 0.441309
vt 0.31131 0.480766
vt 0.293286 0.468512
vt 0.309978 0.441309
vt 0.325658 0.455573
vt 0.31131 0.480766
vt 0.340778 0.427762
vt 0.355984 0.423667
vt 0.350552 0.438967
vt 0.340778 0.427762
vt 0.354553 0.406194
vt 0.355984 0.423667
vt 0.293341 0.426882
vt 0.293286 0.468512
vt 0.274852 0.455759
vt 0.293341 0.426882
vt 0.309978 0.441309
vt 0.293286 0.468512
vt 0.27816 0.414713
vt 0.274852 0.455759
vt 0.258706 0.444654
vt 0.27816 0.414713
vt 0.293341 0.426882
vt 0.274852 0.455759
vt 0.261041 0.401999
vt 0.258706 0.444654
vt 0.240956 0.432637
vt 0.261041 0.401999
vt 0.27816 0.414713
vt 0.258706 0.444654
vt 0.681329 0.754315
vt 0.708143 0.745343
vt 0.707086 0.758364
vt 0.681329 0.754315
vt 0.681916 0.741447
vt 0.708143 0.745343
vt 0.207328 0.224253
vt 0.22021 0.262157
vt 0.195519 0.238678
vt 0.207328 0.224253
vt 0.230661 0.245829
vt 0.22021 0.262157
vt 0.258501 0.482384
vt 0.259712 0.52422
vt 0.239346 0.514636
vt 0.258501 0.482384
vt 0.278096 0.493672
vt 0.259712 0.52422
vt 0.241741 0.47227
vt 0.239346 0.514636
vt 0.22241 0.505844
vt 0.241741 0.47227
vt 0.258501 0.482384
vt 0.239346 0.514636
vt 0.433169 0.140061
vt 0.390325 0.155084
vt 0.391665 0.135365
vt 0.433169 0.140061
vt 0.430812 0.160372
vt 0.390325 0.155084
vt 0.908893 0.631877
vt 0.943029 0.662172
vt 0.922378 0.668814
vt 0.908893 0.631877
vt 0.929262 0.626058
vt 0.943029 0.662172
vt 0.208406 0.280619
vt 0.248988 0.286477
vt 0.239046 0.305498
vt 0.208406 0.280619
vt 0.22021 0.262157
vt 0.248988 0.286477
vt 0.922378 0.668814
vt 0.956212 0.701799
vt 0.935332 0.709061
vt 0.922378 0.668814
vt 0.943029 0.662172
vt 0.956212 0.701799
vt 0.242957 0.389393
vt 0.240956 0.432637
vt 0.22241 0.420094
vt 0.242957 0.389393
vt 0.261041 0.401999
vt 0.240956 0.432637
vt 0.435392 0.117726
vt 0.391665 0.135365
vt 0.393373 0.114077
vt 0.435392 0.117726
vt 0.433169 0.140061
vt 0.391665 0.135365
vt 0.139262 0.972847
vt 0.176156 0.944651
vt 0.15374 0.978256
vt 0.139262 0.972847
vt 0.162856 0.94098
vt 0.176156 0.944651
vt 0.831885 0.585198
vt 0.831885 0.537785
vt 0.844697 0.574682
vt 0.173998 0.157673
vt 0.162268 0.119857
vt 0.173998 0.110576
vt 0.669937 0.285106
vt 0.71136 0.286205
vt 0.706635 0.300685
vt 0.669937 0.285106
vt 0.67391 0.272643
vt 0.71136 0.286205
vt 0.708143 0.745343
vt 0.682557 0.728602
vt 0.709141 0.732085
vt 0.708143 0.745343
vt 0.681916 0.741447
vt 0.682557 0.728602
vt 0.148855 0.157673
vt 0.148855 0.111186
vt 0.161572 0.149729
vt 0.78321 0.762084
vt 0.747092 0.753307
vt 0.748778 0.738875
vt 0.689846 0.360045
vt 0.659265 0.323707
vt 0.6941 0.343825
vt 0.689846 0.360045
vt 0.65606 0.338804
vt 0.659265 0.323707
vt 0.709141 0.732085
vt 0.750177 0.725388
vt 0.748778 0.738875
vt 0.709141 0.732085
vt 0.710014 0.71974
vt 0.750177 0.725388
vt 0.682557 0.728602
vt 0.710014 0.71974
vt 0.709141 0.732085
vt 0.682557 0.728602
vt 0.683237 0.71665
vt 0.710014 0.71974
vt 0.748778 0.738875
vt 0.787886 0.73173
vt 0.785689 0.746642
vt 0.748778 0.738875
vt 0.750177 0.725388
vt 0.787886 0.73173
vt 0.659265 0.323707
vt 0.698752 0.327769
vt 0.6941 0.343825
vt 0.659265 0.323707
vt 0.662985 0.309316
vt 0.698752 0.327769
vt 0.710014 0.71974
vt 0.751166 0.714628
vt 0.750177 0.725388
vt 0.710014 0.71974
vt 0.710683 0.709959
vt 0.751166 0.714628
vt 0.683237 0.71665
vt 0.710683 0.709959
vt 0.710014 0.71974
vt 0.683237 0.71665
vt 0.683814 0.707239
vt 0.710683 0.709959
vt 0.750177 0.725388
vt 0.789388 0.719355
vt 0.787886 0.73173
vt 0.750177 0.725388
vt 0.751166 0.714628
vt 0.789388 0.719355
vt 0.662985 0.309316
vt 0.702641 0.314783
vt 0.698752 0.327769
vt 0.662985 0.309316
vt 0.666314 0.297439
vt 0.702641 0.314783
vt 0.710683 0.709959
vt 0.752088 0.703273
vt 0.751166 0.714628
vt 0.710683 0.709959
vt 0.711363 0.699755
vt 0.752088 0.703273
vt 0.683814 0.707239
vt 0.711363 0.699755
vt 0.710683 0.709959
vt 0.683814 0.707239
vt 0.68444 0.69745
vt 0.711363 0.699755
vt 0.751166 0.714628
vt 0.790591 0.706464
vt 0.789388 0.719355
vt 0.751166 0.714628
vt 0.752088 0.703273
vt 0.790591 0.706464
vt 0.666314 0.297439
vt 0.706635 0.300685
vt 0.702641 0.314783
vt 0.666314 0.297439
vt 0.669937 0.285106
vt 0.706635 0.300685
vt 0.162856 0.94098
vt 0.192905 0.907587
vt 0.176156 0.944651
vt 0.745377 0.767088
vt 0.707086 0.758364
vt 0.708143 0.745343
vt 0.257782 0.269018
vt 0.276266 0.306611
vt 0.248988 0.286477
vt 0.257782 0.269018
vt 0.282986 0.289093
vt 0.276266 0.306611
vt 0.654714 0.738619
vt 0.682557 0.728602
vt 0.681916 0.741447
vt 0.654714 0.738619
vt 0.655153 0.725902
vt 0.682557 0.728602
vt 0.752088 0.703273
vt 0.791565 0.693353
vt 0.790591 0.706464
vt 0.752088 0.703273
vt 0.752938 0.691669
vt 0.791565 0.693353
vt 0.711363 0.699755
vt 0.752938 0.691669
vt 0.752088 0.703273
vt 0.711363 0.699755
vt 0.712077 0.689288
vt 0.752938 0.691669
vt 0.802604 0.549787
vt 0.802604 0.58604
vt 0.794037 0.553142
vt 0.109873 0.118778
vt 0.117727 0.154392
vt 0.109873 0.157673
vt 0.68444 0.69745
vt 0.712077 0.689288
vt 0.711363 0.699755
vt 0.68444 0.69745
vt 0.685123 0.687415
vt 0.712077 0.689288
vt 0.656743 0.695112
vt 0.685123 0.687415
vt 0.68444 0.69745
vt 0.656743 0.695112
vt 0.657402 0.685241
vt 0.685123 0.687415
vt 0.656168 0.704755
vt 0.68444 0.69745
vt 0.683814 0.707239
vt 0.656168 0.704755
vt 0.656743 0.695112
vt 0.68444 0.69745
vt 0.65568 0.71405
vt 0.683814 0.707239
vt 0.683237 0.71665
vt 0.65568 0.71405
vt 0.656168 0.704755
vt 0.683814 0.707239
vt 0.655153 0.725902
vt 0.683237 0.71665
vt 0.682557 0.728602
vt 0.655153 0.725902
vt 0.65568 0.71405
vt 0.683237 0.71665
vt 0.681916 0.741447
vt 0.654413 0.75132
vt 0.654714 0.738619
vt 0.681916 0.741447
vt 0.681329 0.754315
vt 0.654413 0.75132
vt 0.723659 0.359967
vt 0.689846 0.360045
vt 0.6941 0.343825
vt 0.299037 0.343688
vt 0.305155 0.325853
vt 0.332916 0.341134
vt 0.208406 0.280619
vt 0.22984 0.323549
vt 0.197337 0.298578
vt 0.208406 0.280619
vt 0.239046 0.305498
vt 0.22984 0.323549
vt 0.080325 0.110913
vt 0.080325 0.157673
vt 0.0648552 0.118763
vt 0.859882 0.584781
vt 0.845393 0.546742
vt 0.859882 0.537785
vt 0.390325 0.155084
vt 0.35035 0.128739
vt 0.391665 0.135365
vt 0.390325 0.155084
vt 0.349584 0.147457
vt 0.35035 0.128739
vt 0.239046 0.305498
vt 0.276266 0.306611
vt 0.267982 0.325497
vt 0.239046 0.305498
vt 0.248988 0.286477
vt 0.276266 0.306611
vt 0.282986 0.289093
vt 0.305155 0.325853
vt 0.276266 0.306611
vt 0.282986 0.289093
vt 0.311294 0.308776
vt 0.305155 0.325853
vt 0.22984 0.323549
vt 0.267982 0.325497
vt 0.260335 0.342876
vt 0.22984 0.323549
vt 0.239046 0.305498
vt 0.267982 0.325497
vt 0.800426 0.355226
vt 0.76234 0.358157
vt 0.768093 0.342905
vt 0.222299 0.338116
vt 0.22984 0.323549
vt 0.260335 0.342876
vt 0.80738 0.337553
vt 0.768093 0.342905
vt 0.774095 0.326231
vt 0.80738 0.337553
vt 0.800426 0.355226
vt 0.768093 0.342905
vt 0.267982 0.325497
vt 0.305155 0.325853
vt 0.299037 0.343688
vt 0.267982 0.325497
vt 0.276266 0.306611
vt 0.305155 0.325853
vt 0.248988 0.286477
vt 0.230661 0.245829
vt 0.257782 0.269018
vt 0.248988 0.286477
vt 0.22021 0.262157
vt 0.230661 0.245829
vt 0.76234 0.358157
vt 0.723659 0.359967
vt 0.729034 0.342924
vt 0.260335 0.342876
vt 0.267982 0.325497
vt 0.299037 0.343688
vt 0.768093 0.342905
vt 0.729034 0.342924
vt 0.733892 0.328609
vt 0.768093 0.342905
vt 0.76234 0.358157
vt 0.729034 0.342924
vt 0.774095 0.326231
vt 0.733892 0.328609
vt 0.73887 0.313214
vt 0.774095 0.326231
vt 0.768093 0.342905
vt 0.733892 0.328609
vt 0.0140624 0.25608
vt 0.0186193 0.227054
vt 0.0218658 0.253588
vt 0.0140624 0.25608
vt 0.0107171 0.23045
vt 0.0186193 0.227054
vt 0.311294 0.308776
vt 0.332916 0.341134
vt 0.305155 0.325853
vt 0.311294 0.308776
vt 0.337282 0.325075
vt 0.332916 0.341134
vt 0.729034 0.342924
vt 0.6941 0.343825
vt 0.698752 0.327769
vt 0.729034 0.342924
vt 0.723659 0.359967
vt 0.6941 0.343825
vt 0.733892 0.328609
vt 0.698752 0.327769
vt 0.702641 0.314783
vt 0.733892 0.328609
vt 0.729034 0.342924
vt 0.698752 0.327769
vt 0.73887 0.313214
vt 0.702641 0.314783
vt 0.706635 0.300685
vt 0.73887 0.313214
vt 0.733892 0.328609
vt 0.702641 0.314783
vt 0.393373 0.114077
vt 0.35035 0.128739
vt 0.351753 0.10896
vt 0.393373 0.114077
vt 0.391665 0.135365
vt 0.35035 0.128739
vt 0.24945 0.212547
vt 0.271368 0.241143
vt 0.245165 0.219324
vt 0.24945 0.212547
vt 0.275035 0.234101
vt 0.271368 0.241143
vt 0.814062 0.318695
vt 0.774095 0.326231
vt 0.780187 0.308685
vt 0.814062 0.318695
vt 0.80738 0.337553
vt 0.774095 0.326231
vt 0.780187 0.308685
vt 0.73887 0.313214
vt 0.744249 0.297313
vt 0.780187 0.308685
vt 0.774095 0.326231
vt 0.73887 0.313214
vt 0.71136 0.286205
vt 0.73887 0.313214
vt 0.706635 0.300685
vt 0.71136 0.286205
vt 0.744249 0.297313
vt 0.73887 0.313214
vt 0.152798 0.897041
vt 0.127044 0.926762
vt 0.143363 0.893713
vt 0.152798 0.897041
vt 0.135738 0.930667
vt 0.127044 0.926762
vt 0.105075 0.955697
vt 0.0738993 0.976176
vt 0.0992629 0.952162
vt 0.105075 0.955697
vt 0.0788825 0.979681
vt 0.0738993 0.976176
vt 0.0396909 0.134065
vt 0.0286195 0.157673
vt 0.0295868 0.133958
vt 0.159872 0.873534
vt 0.152798 0.897041
vt 0.143363 0.893713
vt 0.163334 0.848827
vt 0.150335 0.87098
vt 0.153334 0.847394
vt 0.0398288 0.108849
vt 0.0396909 0.134065
vt 0.0295868 0.133958
vt 0.105075 0.955697
vt 0.135738 0.930667
vt 0.112722 0.960507
vt 0.105075 0.955697
vt 0.127044 0.926762
vt 0.135738 0.930667
vt 0.143363 0.893713
vt 0.120551 0.923323
vt 0.136375 0.891389
vt 0.143363 0.893713
vt 0.127044 0.926762
vt 0.120551 0.923323
vt 0.120551 0.923323
vt 0.129496 0.889328
vt 0.136375 0.891389
vt 0.120551 0.923323
vt 0.114395 0.921138
vt 0.129496 0.889328
vt 0.150335 0.87098
vt 0.136375 0.891389
vt 0.142719 0.869444
vt 0.150335 0.87098
vt 0.143363 0.893713
vt 0.136375 0.891389
vt 0.153334 0.847394
vt 0.142719 0.869444
vt 0.145897 0.846705
vt 0.153334 0.847394
vt 0.150335 0.87098
vt 0.142719 0.869444
vt 0.321445 0.280235
vt 0.298772 0.252983
vt 0.324541 0.27216
vt 0.321445 0.280235
vt 0.295307 0.260567
vt 0.298772 0.252983
vt 0.127044 0.926762
vt 0.0992629 0.952162
vt 0.120551 0.923323
vt 0.127044 0.926762
vt 0.105075 0.955697
vt 0.0992629 0.952162
vt 0.298772 0.252983
vt 0.277457 0.229357
vt 0.300776 0.247964
vt 0.298772 0.252983
vt 0.275035 0.234101
vt 0.277457 0.229357
vt 0.295307 0.260567
vt 0.275035 0.234101
vt 0.298772 0.252983
vt 0.295307 0.260567
vt 0.271368 0.241143
vt 0.275035 0.234101
vt 0.349996 0.288133
vt 0.321445 0.280235
vt 0.324541 0.27216
vt 0.349996 0.288133
vt 0.347018 0.296281
vt 0.321445 0.280235
vt 0.24945 0.212547
vt 0.277457 0.229357
vt 0.275035 0.234101
vt 0.647625 0.223696
vt 0.652801 0.222398
vt 0.655332 0.255527
vt 0.324541 0.27216
vt 0.300776 0.247964
vt 0.326647 0.266425
vt 0.324541 0.27216
vt 0.298772 0.252983
vt 0.300776 0.247964
vt 0.324541 0.27216
vt 0.351361 0.28218
vt 0.349996 0.288133
vt 0.324541 0.27216
vt 0.326647 0.266425
vt 0.351361 0.28218
vt 0.326647 0.266425
vt 0.353893 0.276276
vt 0.351361 0.28218
vt 0.326647 0.266425
vt 0.329014 0.26083
vt 0.353893 0.276276
vt 0.352385 0.50033
vt 0.368529 0.476303
vt 0.359119 0.500516
vt 0.352385 0.50033
vt 0.362391 0.476218
vt 0.368529 0.476303
vt 0.000348065 0.624361
vt 0.00571005 0.592174
vt 0.00557292 0.623138
vt 0.655332 0.130469
vt 0.650131 0.0999607
vt 0.655332 0.097128
vt 0.362391 0.476218
vt 0.378108 0.44561
vt 0.368529 0.476303
vt 0.00587143 0.341157
vt 0.010738 0.311934
vt 0.0170955 0.311213
vt 0.227053 0.193257
vt 0.206235 0.184819
vt 0.209606 0.178541
vt 0.227053 0.193257
vt 0.222314 0.199898
vt 0.206235 0.184819
vt 0.0213751 0.282276
vt 0.0230186 0.310401
vt 0.0170955 0.311213
vt 0.0213751 0.282276
vt 0.0270703 0.281031
vt 0.0230186 0.310401
vt 0.000586589 0.64782
vt 0.00557292 0.623138
vt 0.00571005 0.646609
vt 0.000586589 0.64782
vt 0.000348065 0.624361
vt 0.00557292 0.623138
vt 0.648964 0.192391
vt 0.652801 0.222398
vt 0.647625 0.223696
vt 0.648964 0.192391
vt 0.653718 0.191193
vt 0.652801 0.222398
vt 0.229627 0.188938
vt 0.254956 0.203482
vt 0.252164 0.208124
vt 0.570262 0.739539
vt 0.575662 0.740027
vt 0.565377 0.768415
vt 0.00587143 0.207776
vt 0.00759454 0.186372
vt 0.0136225 0.203869
vt 0.193987 0.548485
vt 0.199019 0.531342
vt 0.20773 0.533483
vt 0.20773 0.533483
vt 0.218994 0.513491
vt 0.214603 0.534319
vt 0.20773 0.533483
vt 0.211821 0.512695
vt 0.218994 0.513491
vt 0.199019 0.531342
vt 0.211821 0.512695
vt 0.20773 0.533483
vt 0.199019 0.531342
vt 0.202992 0.511324
vt 0.211821 0.512695
vt 0.0107171 0.23045
vt 0.0136225 0.203869
vt 0.0186193 0.227054
vt 0.0107171 0.23045
vt 0.00587143 0.207776
vt 0.0136225 0.203869
vt 0.0213751 0.282276
vt 0.0140624 0.25608
vt 0.0218658 0.253588
vt 0.0213751 0.282276
vt 0.013975 0.284225
vt 0.0140624 0.25608
vt 0.0218658 0.253588
vt 0.0245807 0.225112
vt 0.0279233 0.251916
vt 0.0218658 0.253588
vt 0.0186193 0.227054
vt 0.0245807 0.225112
vt 0.205386 0.489707
vt 0.211821 0.512695
vt 0.202992 0.511324
vt 0.205386 0.489707
vt 0.214102 0.490647
vt 0.211821 0.512695
vt 0.0136225 0.203869
vt 0.0139736 0.183721
vt 0.019996 0.201478
vt 0.0136225 0.203869
vt 0.00759454 0.186372
vt 0.0139736 0.183721
vt 0.0186193 0.227054
vt 0.019996 0.201478
vt 0.0245807 0.225112
vt 0.0186193 0.227054
vt 0.0136225 0.203869
vt 0.019996 0.201478
vt 0.0218658 0.253588
vt 0.0270703 0.281031
vt 0.0213751 0.282276
vt 0.0218658 0.253588
vt 0.0279233 0.251916
vt 0.0270703 0.281031
vt 0.587867 0.601586
vt 0.597328 0.628651
vt 0.591325 0.63007
vt 0.587867 0.601586
vt 0.593796 0.598832
vt 0.597328 0.628651
vt 0.956212 0.597132
vt 0.935429 0.586736
vt 0.95418 0.586917
vt 0.956212 0.597132
vt 0.93757 0.595993
vt 0.935429 0.586736
vt 0.214102 0.490647
vt 0.218994 0.513491
vt 0.211821 0.512695
vt 0.214102 0.490647
vt 0.221214 0.491299
vt 0.218994 0.513491
vt 0.361632 0.372479
vt 0.334949 0.368235
vt 0.351028 0.350409
vt 0.361632 0.372479
vt 0.346179 0.38676
vt 0.334949 0.368235
vt 0.366475 0.394591
vt 0.346179 0.38676
vt 0.361632 0.372479
vt 0.366475 0.394591
vt 0.354553 0.406194
vt 0.346179 0.38676
vt 0.36756 0.420629
vt 0.354553 0.406194
vt 0.366475 0.394591
vt 0.36756 0.420629
vt 0.355984 0.423667
vt 0.354553 0.406194
vt 0.353448 0.474812
vt 0.350552 0.438967
vt 0.363161 0.444402
vt 0.353448 0.474812
vt 0.338626 0.466665
vt 0.350552 0.438967
vt 0.93757 0.595993
vt 0.914843 0.589346
vt 0.935429 0.586736
vt 0.93757 0.595993
vt 0.917513 0.598506
vt 0.914843 0.589346
vt 0.361632 0.372479
vt 0.358969 0.344385
vt 0.36858 0.365902
vt 0.361632 0.372479
vt 0.351028 0.350409
vt 0.358969 0.344385
vt 0.333402 0.921644
vt 0.374156 0.891837
vt 0.367939 0.923432
vt 0.333402 0.921644
vt 0.337032 0.888861
vt 0.374156 0.891837
vt 0.366475 0.394591
vt 0.36858 0.365902
vt 0.37517 0.390689
vt 0.366475 0.394591
vt 0.361632 0.372479
vt 0.36858 0.365902
vt 0.897073 0.602955
vt 0.914843 0.589346
vt 0.917513 0.598506
vt 0.897073 0.602955
vt 0.893999 0.595216
vt 0.914843 0.589346
vt 0.343165 0.498388
vt 0.338626 0.466665
vt 0.353448 0.474812
vt 0.343165 0.498388
vt 0.326512 0.490463
vt 0.338626 0.466665
vt 0.37632 0.418383
vt 0.366475 0.394591
vt 0.37517 0.390689
vt 0.37632 0.418383
vt 0.36756 0.420629
vt 0.366475 0.394591
vt 0.36756 0.420629
vt 0.37196 0.446138
vt 0.363161 0.444402
vt 0.36756 0.420629
vt 0.37632 0.418383
vt 0.37196 0.446138
vt 0.332492 0.520012
vt 0.326512 0.490463
vt 0.343165 0.498388
vt 0.332492 0.520012
vt 0.314521 0.512714
vt 0.326512 0.490463
vt 0.363161 0.444402
vt 0.355984 0.423667
vt 0.36756 0.420629
vt 0.363161 0.444402
vt 0.350552 0.438967
vt 0.355984 0.423667
vt 0.291288 0.269499
vt 0.257782 0.269018
vt 0.267436 0.250042
vt 0.291288 0.269499
vt 0.282986 0.289093
vt 0.257782 0.269018
vt 0.163548 0.899996
vt 0.162856 0.94098
vt 0.145715 0.934743
vt 0.163548 0.899996
vt 0.180574 0.904709
vt 0.162856 0.94098
vt 0.353448 0.474812
vt 0.37196 0.446138
vt 0.362391 0.476218
vt 0.353448 0.474812
vt 0.363161 0.444402
vt 0.37196 0.446138
vt 0.343165 0.498388
vt 0.362391 0.476218
vt 0.352385 0.50033
vt 0.343165 0.498388
vt 0.353448 0.474812
vt 0.362391 0.476218
vt 0.341667 0.521016
vt 0.343165 0.498388
vt 0.352385 0.50033
vt 0.341667 0.521016
vt 0.332492 0.520012
vt 0.343165 0.498388
vt 0.241484 0.228302
vt 0.271368 0.241143
vt 0.267436 0.250042
vt 0.241484 0.228302
vt 0.245165 0.219324
vt 0.271368 0.241143
vt 0.342953 0.305853
vt 0.311294 0.308776
vt 0.31737 0.289117
vt 0.342953 0.305853
vt 0.337282 0.325075
vt 0.311294 0.308776
vt 0.267436 0.250042
vt 0.230661 0.245829
vt 0.241484 0.228302
vt 0.267436 0.250042
vt 0.257782 0.269018
vt 0.230661 0.245829
vt 0.162856 0.94098
vt 0.121986 0.965639
vt 0.145715 0.934743
vt 0.162856 0.94098
vt 0.139262 0.972847
vt 0.121986 0.965639
vt 0.291288 0.269499
vt 0.271368 0.241143
vt 0.295307 0.260567
vt 0.291288 0.269499
vt 0.267436 0.250042
vt 0.271368 0.241143
vt 0.31737 0.289117
vt 0.295307 0.260567
vt 0.321445 0.280235
vt 0.31737 0.289117
vt 0.291288 0.269499
vt 0.295307 0.260567
vt 0.215074 0.345645
vt 0.215074 0.376471
vt 0.205289 0.375055
vt 0.347018 0.296281
vt 0.342953 0.305853
vt 0.31737 0.289117
vt 0.342953 0.305853
vt 0.378108 0.311024
vt 0.37429 0.321232
vt 0.342953 0.305853
vt 0.347018 0.296281
vt 0.378108 0.311024
vt 0.170672 0.876114
vt 0.180574 0.904709
vt 0.163548 0.899996
vt 0.170672 0.876114
vt 0.187688 0.879742
vt 0.180574 0.904709
vt 0.174472 0.850576
vt 0.187688 0.879742
vt 0.170672 0.876114
vt 0.174472 0.850576
vt 0.191527 0.853229
vt 0.187688 0.879742
vt 0.11143 0.999652
vt 0.121986 0.965639
vt 0.139262 0.972847
vt 0.11143 0.999652
vt 0.0940586 0.99022
vt 0.121986 0.965639
vt 0.145715 0.934743
vt 0.112722 0.960507
vt 0.135738 0.930667
vt 0.145715 0.934743
vt 0.121986 0.965639
vt 0.112722 0.960507
vt 0.170672 0.876114
vt 0.152798 0.897041
vt 0.159872 0.873534
vt 0.170672 0.876114
vt 0.163548 0.899996
vt 0.152798 0.897041
vt 0.163548 0.899996
vt 0.135738 0.930667
vt 0.152798 0.897041
vt 0.932752 0.942639
vt 0.943502 0.978902
vt 0.932752 0.982119
vt 0.0398288 0.108849
vt 0.0507409 0.133931
vt 0.0396909 0.134065
vt 0.0398288 0.108849
vt 0.0510074 0.107826
vt 0.0507409 0.133931
vt 0.956212 0.597132
vt 0.948627 0.622464
vt 0.93757 0.595993
vt 0.351028 0.350409
vt 0.334949 0.368235
vt 0.323285 0.353883
vt 0.71023 0.161283
vt 0.742883 0.149459
vt 0.742299 0.164981
vt 0.71023 0.161283
vt 0.710784 0.146425
vt 0.742883 0.149459
vt 0.929262 0.626058
vt 0.93757 0.595993
vt 0.948627 0.622464
vt 0.929262 0.626058
vt 0.917513 0.598506
vt 0.93757 0.595993
vt 0.328235 0.548485
vt 0.332492 0.520012
vt 0.341667 0.521016
vt 0.328235 0.548485
vt 0.318572 0.546309
vt 0.332492 0.520012
vt 0.241484 0.228302
vt 0.207328 0.224253
vt 0.218874 0.208536
vt 0.241484 0.228302
vt 0.230661 0.245829
vt 0.207328 0.224253
vt 0.577802 0.716654
vt 0.575662 0.740027
vt 0.570262 0.739539
vt 0.577802 0.716654
vt 0.583193 0.71652
vt 0.575662 0.740027
vt 0.6505 0.167869
vt 0.653718 0.191193
vt 0.648964 0.192391
vt 0.6505 0.167869
vt 0.655332 0.166652
vt 0.653718 0.191193
vt 0.24945 0.212547
vt 0.222314 0.199898
vt 0.227053 0.193257
vt 0.24945 0.212547
vt 0.245165 0.219324
vt 0.222314 0.199898
vt 0.468613 0.119552
vt 0.433169 0.140061
vt 0.435392 0.117726
vt 0.468613 0.119552
vt 0.466029 0.142151
vt 0.433169 0.140061
vt 0.240956 0.432637
vt 0.241741 0.47227
vt 0.223672 0.46102
vt 0.240956 0.432637
vt 0.258706 0.444654
vt 0.241741 0.47227
vt 0.258706 0.444654
vt 0.258501 0.482384
vt 0.241741 0.47227
vt 0.258706 0.444654
vt 0.274852 0.455759
vt 0.258501 0.482384
vt 0.274852 0.455759
vt 0.278096 0.493672
vt 0.258501 0.482384
vt 0.274852 0.455759
vt 0.293286 0.468512
vt 0.278096 0.493672
vt 0.326512 0.490463
vt 0.297693 0.504349
vt 0.31131 0.480766
vt 0.326512 0.490463
vt 0.314521 0.512714
vt 0.297693 0.504349
vt 0.293286 0.468512
vt 0.297693 0.504349
vt 0.278096 0.493672
vt 0.293286 0.468512
vt 0.31131 0.480766
vt 0.297693 0.504349
vt 0.218325 0.161546
vt 0.238123 0.170309
vt 0.234455 0.17587
vt 0.236482 0.999652
vt 0.23568 0.993341
vt 0.259023 0.9972
vt 0.234098 0.981335
vt 0.257477 0.968257
vt 0.25909 0.985325
vt 0.234098 0.981335
vt 0.231359 0.963785
vt 0.257477 0.968257
vt 0.23568 0.993341
vt 0.25909 0.985325
vt 0.259023 0.9972
vt 0.23568 0.993341
vt 0.234098 0.981335
vt 0.25909 0.985325
vt 0.583193 0.71652
vt 0.584008 0.738706
vt 0.575662 0.740027
vt 0.583193 0.71652
vt 0.591395 0.716392
vt 0.584008 0.738706
vt 0.224836 0.841011
vt 0.255374 0.862252
vt 0.224514 0.861199
vt 0.224836 0.841011
vt 0.255862 0.841001
vt 0.255374 0.862252
vt 0.228381 0.940313
vt 0.255287 0.915033
vt 0.256134 0.944586
vt 0.228381 0.940313
vt 0.225969 0.911613
vt 0.255287 0.915033
vt 0.225969 0.911613
vt 0.255131 0.88313
vt 0.255287 0.915033
vt 0.225969 0.911613
vt 0.224726 0.881474
vt 0.255131 0.88313
vt 0.224726 0.881474
vt 0.255374 0.862252
vt 0.255131 0.88313
vt 0.224726 0.881474
vt 0.224514 0.861199
vt 0.255374 0.862252
vt 0.231359 0.963785
vt 0.256134 0.944586
vt 0.257477 0.968257
vt 0.231359 0.963785
vt 0.228381 0.940313
vt 0.256134 0.944586
vt 0.916107 0.428079
vt 0.885979 0.467667
vt 0.885689 0.426875
vt 0.916107 0.428079
vt 0.915787 0.465624
vt 0.885979 0.467667
vt 0.940449 0.429582
vt 0.915787 0.465624
vt 0.916107 0.428079
vt 0.940449 0.429582
vt 0.939031 0.463927
vt 0.915787 0.465624
vt 0.0397572 0.0817174
vt 0.0397571 0.0461504
vt 0.0510073 0.0653071
vt 0.00589256 0.499748
vt 0.000413251 0.483571
vt 0.00589256 0.464959
vt 0.853267 0.468999
vt 0.833855 0.508911
vt 0.831885 0.469339
vt 0.853267 0.468999
vt 0.85496 0.507461
vt 0.833855 0.508911
vt 0.915787 0.465624
vt 0.886569 0.50337
vt 0.885979 0.467667
vt 0.915787 0.465624
vt 0.914627 0.497876
vt 0.886569 0.50337
vt 0.939031 0.463927
vt 0.914627 0.497876
vt 0.915787 0.465624
vt 0.939031 0.463927
vt 0.935966 0.493091
vt 0.914627 0.497876
vt 0.755015 0.92026
vt 0.717994 0.885606
vt 0.755423 0.888272
vt 0.755015 0.92026
vt 0.721675 0.915962
vt 0.717994 0.885606
vt 0.755423 0.888272
vt 0.716627 0.864564
vt 0.755423 0.866479
vt 0.755423 0.888272
vt 0.717994 0.885606
vt 0.716627 0.864564
vt 0.914627 0.497876
vt 0.887306 0.537089
vt 0.886569 0.50337
vt 0.914627 0.497876
vt 0.912565 0.527519
vt 0.887306 0.537089
vt 0.0652315 0.110217
vt 0.0652315 0.0681428
vt 0.0803251 0.095183
vt 0.0641591 0.108154
vt 0.0533255 0.0839849
vt 0.0641591 0.0665253
vt 0.885689 0.426875
vt 0.853267 0.468999
vt 0.852924 0.426022
vt 0.885689 0.426875
vt 0.885979 0.467667
vt 0.853267 0.468999
vt 0.717994 0.885606
vt 0.685711 0.863484
vt 0.716627 0.864564
vt 0.717994 0.885606
vt 0.688366 0.883804
vt 0.685711 0.863484
vt 0.485276 0.446881
vt 0.473429 0.419744
vt 0.484157 0.419848
vt 0.485276 0.446881
vt 0.474986 0.446738
vt 0.473429 0.419744
vt 0.721675 0.915962
vt 0.688366 0.883804
vt 0.717994 0.885606
vt 0.721675 0.915962
vt 0.69556 0.912887
vt 0.688366 0.883804
vt 0.725981 0.941818
vt 0.69556 0.912887
vt 0.721675 0.915962
vt 0.725981 0.941818
vt 0.704959 0.937342
vt 0.69556 0.912887
vt 0.570722 0.844467
vt 0.5378 0.86683
vt 0.53718 0.847149
vt 0.570722 0.844467
vt 0.570952 0.86212
vt 0.5378 0.86683
vt 0.715985 0.842343
vt 0.685711 0.863484
vt 0.684596 0.842111
vt 0.715985 0.842343
vt 0.716627 0.864564
vt 0.685711 0.863484
vt 0.755276 0.843656
vt 0.716627 0.864564
vt 0.715985 0.842343
vt 0.755276 0.843656
vt 0.755423 0.866479
vt 0.716627 0.864564
vt 0.542467 0.691169
vt 0.562838 0.730767
vt 0.540604 0.73108
vt 0.542467 0.691169
vt 0.564681 0.691233
vt 0.562838 0.730767
vt 0.564681 0.691233
vt 0.542957 0.647214
vt 0.564681 0.647524
vt 0.564681 0.691233
vt 0.542467 0.691169
vt 0.542957 0.647214
vt 0.498617 0.44705
vt 0.484157 0.419848
vt 0.498086 0.419972
vt 0.498617 0.44705
vt 0.485276 0.446881
vt 0.484157 0.419848
vt 0.474986 0.446738
vt 0.457935 0.419603
vt 0.473429 0.419744
vt 0.474986 0.446738
vt 0.460111 0.446407
vt 0.457935 0.419603
vt 0.460111 0.446407
vt 0.442105 0.419565
vt 0.457935 0.419603
vt 0.460111 0.446407
vt 0.444612 0.446066
vt 0.442105 0.419565
vt 0.484157 0.419848
vt 0.470262 0.394755
vt 0.482009 0.394734
vt 0.484157 0.419848
vt 0.473429 0.419744
vt 0.470262 0.394755
vt 0.498086 0.419972
vt 0.482009 0.394734
vt 0.496313 0.394738
vt 0.498086 0.419972
vt 0.484157 0.419848
vt 0.482009 0.394734
vt 0.473429 0.419744
vt 0.453896 0.395061
vt 0.470262 0.394755
vt 0.473429 0.419744
vt 0.457935 0.419603
vt 0.453896 0.395061
vt 0.457935 0.419603
vt 0.437228 0.395482
vt 0.453896 0.395061
vt 0.457935 0.419603
vt 0.442105 0.419565
vt 0.437228 0.395482
vt 0.482009 0.394734
vt 0.463617 0.365578
vt 0.477328 0.365153
vt 0.482009 0.394734
vt 0.470262 0.394755
vt 0.463617 0.365578
vt 0.496313 0.394738
vt 0.477328 0.365153
vt 0.492431 0.36486
vt 0.496313 0.394738
vt 0.482009 0.394734
vt 0.477328 0.365153
vt 0.470262 0.394755
vt 0.445712 0.366272
vt 0.463617 0.365578
vt 0.470262 0.394755
vt 0.453896 0.395061
vt 0.445712 0.366272
vt 0.453896 0.395061
vt 0.428215 0.367352
vt 0.445712 0.366272
vt 0.453896 0.395061
vt 0.437228 0.395482
vt 0.428215 0.367352
vt 0.463617 0.365578
vt 0.47106 0.335368
vt 0.477328 0.365153
vt 0.463617 0.365578
vt 0.454527 0.336151
vt 0.47106 0.335368
vt 0.445712 0.366272
vt 0.454527 0.336151
vt 0.463617 0.365578
vt 0.445712 0.366272
vt 0.434873 0.337554
vt 0.454527 0.336151
vt 0.428215 0.367352
vt 0.434873 0.337554
vt 0.445712 0.366272
vt 0.428215 0.367352
vt 0.416148 0.339664
vt 0.434873 0.337554
vt 0.474447 0.474358
vt 0.485276 0.446881
vt 0.484563 0.474552
vt 0.474447 0.474358
vt 0.474986 0.446738
vt 0.485276 0.446881
vt 0.603868 0.858982
vt 0.570722 0.844467
vt 0.603868 0.842662
vt 0.603868 0.858982
vt 0.570952 0.86212
vt 0.570722 0.844467
vt 0.538176 0.889471
vt 0.501575 0.871831
vt 0.5378 0.86683
vt 0.538176 0.889471
vt 0.503048 0.898636
vt 0.501575 0.871831
vt 0.603257 0.875822
vt 0.570952 0.86212
vt 0.603868 0.858982
vt 0.603257 0.875822
vt 0.570594 0.881698
vt 0.570952 0.86212
vt 0.601707 0.895618
vt 0.570594 0.881698
vt 0.603257 0.875822
vt 0.601707 0.895618
vt 0.569602 0.903954
vt 0.570594 0.881698
vt 0.625673 0.0546744
vt 0.633635 0.0825958
vt 0.625208 0.0825081
vt 0.625673 0.0546744
vt 0.63393 0.0547742
vt 0.633635 0.0825958
vt 0.497682 0.474677
vt 0.485276 0.446881
vt 0.498617 0.44705
vt 0.497682 0.474677
vt 0.484563 0.474552
vt 0.485276 0.446881
vt 0.459799 0.473933
vt 0.474986 0.446738
vt 0.474447 0.474358
vt 0.459799 0.473933
vt 0.460111 0.446407
vt 0.474986 0.446738
vt 0.444459 0.473313
vt 0.460111 0.446407
vt 0.459799 0.473933
vt 0.444459 0.473313
vt 0.444612 0.446066
vt 0.460111 0.446407
vt 0.599735 0.914325
vt 0.569602 0.903954
vt 0.601707 0.895618
vt 0.599735 0.914325
vt 0.568983 0.924472
vt 0.569602 0.903954
vt 0.603323 0.830423
vt 0.570722 0.844467
vt 0.57005 0.829983
vt 0.603323 0.830423
vt 0.603868 0.842662
vt 0.570722 0.844467
vt 0.527344 0.522649
vt 0.507492 0.494481
vt 0.518404 0.491847
vt 0.527344 0.522649
vt 0.517497 0.525031
vt 0.507492 0.494481
vt 0.396906 0.946106
vt 0.403541 0.976073
vt 0.387968 0.948183
vt 0.396906 0.946106
vt 0.41246 0.972505
vt 0.403541 0.976073
vt 0.505693 0.394676
vt 0.492431 0.36486
vt 0.503022 0.364718
vt 0.505693 0.394676
vt 0.496313 0.394738
vt 0.492431 0.36486
vt 0.506795 0.419942
vt 0.496313 0.394738
vt 0.505693 0.394676
vt 0.506795 0.419942
vt 0.498086 0.419972
vt 0.496313 0.394738
vt 0.625208 0.0825081
vt 0.632832 0.109395
vt 0.623939 0.109322
vt 0.625208 0.0825081
vt 0.633635 0.0825958
vt 0.632832 0.109395
vt 0.569602 0.903954
vt 0.538176 0.889471
vt 0.570594 0.881698
vt 0.569602 0.903954
vt 0.538498 0.914588
vt 0.538176 0.889471
vt 0.568983 0.924472
vt 0.538498 0.914588
vt 0.569602 0.903954
vt 0.568983 0.924472
vt 0.53891 0.936009
vt 0.538498 0.914588
vt 0.939572 0.396569
vt 0.916107 0.428079
vt 0.915195 0.392741
vt 0.939572 0.396569
vt 0.940449 0.429582
vt 0.916107 0.428079
vt 0.5378 0.86683
vt 0.500499 0.851443
vt 0.53718 0.847149
vt 0.5378 0.86683
vt 0.501575 0.871831
vt 0.500499 0.851443
vt 0.538498 0.914588
vt 0.503048 0.898636
vt 0.538176 0.889471
vt 0.538498 0.914588
vt 0.504526 0.925862
vt 0.503048 0.898636
vt 0.53891 0.936009
vt 0.504526 0.925862
vt 0.538498 0.914588
vt 0.53891 0.936009
vt 0.50579 0.948764
vt 0.504526 0.925862
vt 0.503048 0.898636
vt 0.470415 0.876206
vt 0.501575 0.871831
vt 0.503048 0.898636
vt 0.473159 0.906254
vt 0.470415 0.876206
vt 0.501575 0.871831
vt 0.468918 0.856012
vt 0.500499 0.851443
vt 0.501575 0.871831
vt 0.470415 0.876206
vt 0.468918 0.856012
vt 0.504526 0.925862
vt 0.473159 0.906254
vt 0.503048 0.898636
vt 0.504526 0.925862
vt 0.476325 0.934919
vt 0.473159 0.906254
vt 0.50579 0.948764
vt 0.476325 0.934919
vt 0.504526 0.925862
vt 0.50579 0.948764
vt 0.479367 0.958409
vt 0.476325 0.934919
vt 0.570594 0.881698
vt 0.5378 0.86683
vt 0.570952 0.86212
vt 0.570594 0.881698
vt 0.538176 0.889471
vt 0.5378 0.86683
vt 0.853889 0.386997
vt 0.831885 0.42563
vt 0.833617 0.386102
vt 0.853889 0.386997
vt 0.852924 0.426022
vt 0.831885 0.42563
vt 0.648731 0.917125
vt 0.626036 0.887839
vt 0.635621 0.886439
vt 0.648731 0.917125
vt 0.639669 0.920278
vt 0.626036 0.887839
vt 0.885387 0.389334
vt 0.852924 0.426022
vt 0.853889 0.386997
vt 0.885387 0.389334
vt 0.885689 0.426875
vt 0.852924 0.426022
vt 0.915195 0.392741
vt 0.885689 0.426875
vt 0.885387 0.389334
vt 0.915195 0.392741
vt 0.916107 0.428079
vt 0.885689 0.426875
vt 0.457008 0.236722
vt 0.456416 0.208127
vt 0.46489 0.235713
vt 0.457008 0.236722
vt 0.447649 0.208144
vt 0.456416 0.208127
vt 0.542145 0.607492
vt 0.564681 0.647524
vt 0.542957 0.647214
vt 0.542145 0.607492
vt 0.562991 0.607961
vt 0.564681 0.647524
vt 0.499474 0.832908
vt 0.468918 0.856012
vt 0.467645 0.835932
vt 0.499474 0.832908
vt 0.500499 0.851443
vt 0.468918 0.856012
vt 0.536391 0.830731
vt 0.500499 0.851443
vt 0.499474 0.832908
vt 0.536391 0.830731
vt 0.53718 0.847149
vt 0.500499 0.851443
vt 0.53718 0.847149
vt 0.57005 0.829983
vt 0.570722 0.844467
vt 0.53718 0.847149
vt 0.536391 0.830731
vt 0.57005 0.829983
vt 0.476137 0.264891
vt 0.457008 0.236722
vt 0.46489 0.235713
vt 0.476137 0.264891
vt 0.46811 0.266466
vt 0.457008 0.236722
vt 0.488296 0.291039
vt 0.46811 0.266466
vt 0.476137 0.264891
vt 0.488296 0.291039
vt 0.480528 0.293098
vt 0.46811 0.266466
vt 0.211814 0.114485
vt 0.201614 0.147301
vt 0.19552 0.142083
vt 0.211814 0.114485
vt 0.217309 0.119797
vt 0.201614 0.147301
vt 0.232976 0.0927159
vt 0.211814 0.114485
vt 0.226703 0.0875772
vt 0.232976 0.0927159
vt 0.217309 0.119797
vt 0.211814 0.114485
vt 0.462811 0.26741
vt 0.457008 0.236722
vt 0.46811 0.266466
vt 0.462811 0.26741
vt 0.450973 0.237602
vt 0.457008 0.236722
vt 0.475215 0.293995
vt 0.46811 0.266466
vt 0.480528 0.293098
vt 0.475215 0.293995
vt 0.462811 0.26741
vt 0.46811 0.266466
vt 0.221429 0.123043
vt 0.201614 0.147301
vt 0.217309 0.119797
vt 0.221429 0.123043
vt 0.205409 0.151076
vt 0.201614 0.147301
vt 0.299765 0.00807583
vt 0.286966 0.0350016
vt 0.282872 0.0298128
vt 0.21577 0.344442
vt 0.221714 0.348812
vt 0.21577 0.376471
vt 0.378804 0.920528
vt 0.396906 0.946106
vt 0.387968 0.948183
vt 0.378804 0.920528
vt 0.388604 0.919486
vt 0.396906 0.946106
vt 0.59813 0.944375
vt 0.56835 0.941206
vt 0.598239 0.93052
vt 0.59813 0.944375
vt 0.567844 0.954617
vt 0.56835 0.941206
vt 0.397934 0.399571
vt 0.379503 0.376848
vt 0.389644 0.374153
vt 0.397934 0.399571
vt 0.386994 0.401543
vt 0.379503 0.376848
vt 0.402039 0.42201
vt 0.386994 0.401543
vt 0.397934 0.399571
vt 0.402039 0.42201
vt 0.390522 0.423028
vt 0.386994 0.401543
vt 0.404348 0.446192
vt 0.390522 0.423028
vt 0.402039 0.42201
vt 0.404348 0.446192
vt 0.3925 0.446379
vt 0.390522 0.423028
vt 0.39566 0.918758
vt 0.396906 0.946106
vt 0.388604 0.919486
vt 0.39566 0.918758
vt 0.403592 0.945
vt 0.396906 0.946106
vt 0.878395 0.612338
vt 0.908893 0.631877
vt 0.889047 0.64029
vt 0.878395 0.612338
vt 0.897073 0.602955
vt 0.908893 0.631877
vt 0.392127 0.893355
vt 0.388604 0.919486
vt 0.3845 0.893268
vt 0.392127 0.893355
vt 0.39566 0.918758
vt 0.388604 0.919486
vt 0.392529 0.872524
vt 0.3845 0.893268
vt 0.384577 0.871311
vt 0.392529 0.872524
vt 0.392127 0.893355
vt 0.3845 0.893268
vt 0.395751 0.850237
vt 0.384577 0.871311
vt 0.387986 0.848426
vt 0.395751 0.850237
vt 0.392529 0.872524
vt 0.384577 0.871311
vt 0.403937 0.471179
vt 0.3925 0.446379
vt 0.404348 0.446192
vt 0.403937 0.471179
vt 0.392234 0.470346
vt 0.3925 0.446379
vt 0.40283 0.828325
vt 0.387986 0.848426
vt 0.394583 0.825715
vt 0.40283 0.828325
vt 0.395751 0.850237
vt 0.387986 0.848426
vt 0.635621 0.886439
vt 0.621214 0.866047
vt 0.630918 0.865115
vt 0.635621 0.886439
vt 0.626036 0.887839
vt 0.621214 0.866047
vt 0.667327 0.945094
vt 0.639669 0.920278
vt 0.648731 0.917125
vt 0.667327 0.945094
vt 0.659402 0.948505
vt 0.639669 0.920278
vt 0.447649 0.208144
vt 0.450436 0.175053
vt 0.456416 0.208127
vt 0.447649 0.208144
vt 0.44157 0.174379
vt 0.450436 0.175053
vt 0.671483 0.912138
vt 0.644123 0.884765
vt 0.661078 0.883206
vt 0.671483 0.912138
vt 0.656387 0.914689
vt 0.644123 0.884765
vt 0.619225 0.889424
vt 0.621214 0.866047
vt 0.626036 0.887839
vt 0.619225 0.889424
vt 0.613974 0.867122
vt 0.621214 0.866047
vt 0.653791 0.95145
vt 0.639669 0.920278
vt 0.659402 0.948505
vt 0.649129 0.165956
vt 0.649129 0.131165
vt 0.655332 0.13337
vt 0.441238 0.209023
vt 0.44157 0.174379
vt 0.447649 0.208144
vt 0.441238 0.209023
vt 0.43483 0.174741
vt 0.44157 0.174379
vt 0.613974 0.867122
vt 0.619322 0.843589
vt 0.621214 0.866047
vt 0.613974 0.867122
vt 0.612139 0.844
vt 0.619322 0.843589
vt 0.630918 0.865115
vt 0.619322 0.843589
vt 0.629014 0.84297
vt 0.630918 0.865115
vt 0.621214 0.866047
vt 0.619322 0.843589
vt 0.251873 0.0414611
vt 0.245333 0.0709079
vt 0.239065 0.0649287
vt 0.251873 0.0414611
vt 0.258429 0.0482354
vt 0.245333 0.0709079
vt 0.268962 0.0140712
vt 0.258429 0.0482354
vt 0.251873 0.0414611
vt 0.268962 0.0140712
vt 0.275495 0.021463
vt 0.258429 0.0482354
vt 0.679389 0.997977
vt 0.679389 0.969175
vt 0.689264 0.99643
vt 0.41246 0.972505
vt 0.4321 0.995456
vt 0.423471 0.999652
vt 0.969795 0.403645
vt 0.959491 0.431998
vt 0.959183 0.40078
vt 0.969795 0.403645
vt 0.969535 0.434149
vt 0.959491 0.431998
vt 0.261947 0.0521132
vt 0.245333 0.0709079
vt 0.258429 0.0482354
vt 0.261947 0.0521132
vt 0.248614 0.074631
vt 0.245333 0.0709079
vt 0.279145 0.0261371
vt 0.258429 0.0482354
vt 0.275495 0.021463
vt 0.279145 0.0261371
vt 0.261947 0.0521132
vt 0.258429 0.0482354
vt 0.418251 0.969981
vt 0.4321 0.995456
vt 0.41246 0.972505
vt 0.418251 0.969981
vt 0.437323 0.992619
vt 0.4321 0.995456
vt 0.426535 0.240644
vt 0.418382 0.274282
vt 0.405848 0.24162
vt 0.426535 0.240644
vt 0.439921 0.271272
vt 0.418382 0.274282
vt 0.509477 0.985237
vt 0.539571 0.966503
vt 0.540033 0.97304
vt 0.509477 0.985237
vt 0.508613 0.978816
vt 0.539571 0.966503
vt 0.226508 0.0148538
vt 0.226406 0.0533723
vt 0.211889 0.0393385
vt 0.226508 0.0148538
vt 0.240044 0.0294707
vt 0.226406 0.0533723
vt 0.53891 0.936009
vt 0.507526 0.968444
vt 0.50579 0.948764
vt 0.53891 0.936009
vt 0.53916 0.953406
vt 0.507526 0.968444
vt 0.56835 0.941206
vt 0.53891 0.936009
vt 0.568983 0.924472
vt 0.56835 0.941206
vt 0.53916 0.953406
vt 0.53891 0.936009
vt 0.540033 0.97304
vt 0.567844 0.954617
vt 0.569088 0.9617
vt 0.540033 0.97304
vt 0.539571 0.966503
vt 0.567844 0.954617
vt 0.240044 0.0294707
vt 0.23411 0.0605228
vt 0.226406 0.0533723
vt 0.240044 0.0294707
vt 0.24722 0.0368698
vt 0.23411 0.0605228
vt 0.53916 0.953406
vt 0.508613 0.978816
vt 0.507526 0.968444
vt 0.53916 0.953406
vt 0.539571 0.966503
vt 0.508613 0.978816
vt 0.567844 0.954617
vt 0.53916 0.953406
vt 0.56835 0.941206
vt 0.567844 0.954617
vt 0.539571 0.966503
vt 0.53916 0.953406
vt 0.959183 0.40078
vt 0.940449 0.429582
vt 0.939572 0.396569
vt 0.830167 0.0763002
vt 0.812942 0.050117
vt 0.830167 0.0417156
vt 0.239065 0.0649287
vt 0.24722 0.0368698
vt 0.251873 0.0414611
vt 0.239065 0.0649287
vt 0.23411 0.0605228
vt 0.24722 0.0368698
vt 0.226703 0.0875772
vt 0.206822 0.109807
vt 0.221755 0.0830655
vt 0.226703 0.0875772
vt 0.211814 0.114485
vt 0.206822 0.109807
vt 0.47121 0.235293
vt 0.473765 0.209437
vt 0.479563 0.233926
vt 0.47121 0.235293
vt 0.462882 0.208509
vt 0.473765 0.209437
vt 0.648731 0.917125
vt 0.674262 0.942284
vt 0.667327 0.945094
vt 0.648731 0.917125
vt 0.656387 0.914689
vt 0.674262 0.942284
vt 0.685711 0.863484
vt 0.661078 0.883206
vt 0.657311 0.863383
vt 0.685711 0.863484
vt 0.688366 0.883804
vt 0.661078 0.883206
vt 0.704959 0.937342
vt 0.671483 0.912138
vt 0.69556 0.912887
vt 0.704959 0.937342
vt 0.686274 0.937441
vt 0.671483 0.912138
vt 0.473765 0.209437
vt 0.485328 0.191264
vt 0.483088 0.210239
vt 0.473765 0.209437
vt 0.470052 0.180352
vt 0.485328 0.191264
vt 0.667327 0.945094
vt 0.696476 0.964937
vt 0.690983 0.968478
vt 0.667327 0.945094
vt 0.674262 0.942284
vt 0.696476 0.964937
vt 0.661078 0.883206
vt 0.639487 0.864426
vt 0.657311 0.863383
vt 0.661078 0.883206
vt 0.644123 0.884765
vt 0.639487 0.864426
vt 0.686274 0.937441
vt 0.656387 0.914689
vt 0.671483 0.912138
vt 0.686274 0.937441
vt 0.674262 0.942284
vt 0.656387 0.914689
vt 0.696476 0.964937
vt 0.686274 0.937441
vt 0.70573 0.958559
vt 0.696476 0.964937
vt 0.674262 0.942284
vt 0.686274 0.937441
vt 0.69556 0.912887
vt 0.661078 0.883206
vt 0.688366 0.883804
vt 0.69556 0.912887
vt 0.671483 0.912138
vt 0.661078 0.883206
vt 0.635621 0.886439
vt 0.656387 0.914689
vt 0.648731 0.917125
vt 0.635621 0.886439
vt 0.644123 0.884765
vt 0.656387 0.914689
vt 0.75589 0.628526
vt 0.715218 0.645884
vt 0.716122 0.632164
vt 0.75589 0.628526
vt 0.755495 0.643597
vt 0.715218 0.645884
vt 0.635621 0.886439
vt 0.639487 0.864426
vt 0.644123 0.884765
vt 0.635621 0.886439
vt 0.630918 0.865115
vt 0.639487 0.864426
vt 0.630918 0.865115
vt 0.637862 0.842868
vt 0.639487 0.864426
vt 0.630918 0.865115
vt 0.629014 0.84297
vt 0.637862 0.842868
vt 0.413984 0.471592
vt 0.404348 0.446192
vt 0.414055 0.446046
vt 0.413984 0.471592
vt 0.403937 0.471179
vt 0.404348 0.446192
vt 0.657311 0.863383
vt 0.637862 0.842868
vt 0.655788 0.842473
vt 0.657311 0.863383
vt 0.639487 0.864426
vt 0.637862 0.842868
vt 0.657311 0.863383
vt 0.684596 0.842111
vt 0.685711 0.863484
vt 0.657311 0.863383
vt 0.655788 0.842473
vt 0.684596 0.842111
vt 0.428215 0.367352
vt 0.399939 0.342751
vt 0.416148 0.339664
vt 0.428215 0.367352
vt 0.412301 0.369361
vt 0.399939 0.342751
vt 0.378804 0.349392
vt 0.398449 0.372399
vt 0.389644 0.374153
vt 0.378804 0.349392
vt 0.386301 0.346804
vt 0.398449 0.372399
vt 0.428215 0.367352
vt 0.4215 0.396603
vt 0.412301 0.369361
vt 0.428215 0.367352
vt 0.437228 0.395482
vt 0.4215 0.396603
vt 0.437228 0.395482
vt 0.426397 0.420034
vt 0.4215 0.396603
vt 0.437228 0.395482
vt 0.442105 0.419565
vt 0.426397 0.420034
vt 0.442105 0.419565
vt 0.429157 0.445905
vt 0.426397 0.420034
vt 0.442105 0.419565
vt 0.444612 0.446066
vt 0.429157 0.445905
vt 0.412301 0.369361
vt 0.386301 0.346804
vt 0.399939 0.342751
vt 0.412301 0.369361
vt 0.398449 0.372399
vt 0.386301 0.346804
vt 0.598239 0.93052
vt 0.568983 0.924472
vt 0.599735 0.914325
vt 0.598239 0.93052
vt 0.56835 0.941206
vt 0.568983 0.924472
vt 0.4215 0.396603
vt 0.398449 0.372399
vt 0.412301 0.369361
vt 0.4215 0.396603
vt 0.407189 0.398417
vt 0.398449 0.372399
vt 0.426397 0.420034
vt 0.407189 0.398417
vt 0.4215 0.396603
vt 0.426397 0.420034
vt 0.411618 0.421099
vt 0.407189 0.398417
vt 0.429157 0.445905
vt 0.411618 0.421099
vt 0.426397 0.420034
vt 0.429157 0.445905
vt 0.414055 0.446046
vt 0.411618 0.421099
vt 0.444459 0.473313
vt 0.429157 0.445905
vt 0.444612 0.446066
vt 0.444459 0.473313
vt 0.429108 0.47252
vt 0.429157 0.445905
vt 0.429108 0.47252
vt 0.414055 0.446046
vt 0.429157 0.445905
vt 0.429108 0.47252
vt 0.413984 0.471592
vt 0.414055 0.446046
vt 0.404348 0.446192
vt 0.411618 0.421099
vt 0.414055 0.446046
vt 0.404348 0.446192
vt 0.402039 0.42201
vt 0.411618 0.421099
vt 0.402039 0.42201
vt 0.407189 0.398417
vt 0.411618 0.421099
vt 0.402039 0.42201
vt 0.397934 0.399571
vt 0.407189 0.398417
vt 0.397934 0.399571
vt 0.398449 0.372399
vt 0.407189 0.398417
vt 0.397934 0.399571
vt 0.389644 0.374153
vt 0.398449 0.372399
vt 0.598841 0.952168
vt 0.567844 0.954617
vt 0.59813 0.944375
vt 0.598841 0.952168
vt 0.569088 0.9617
vt 0.567844 0.954617
vt 0.306023 0.0474795
vt 0.309409 0.0773853
vt 0.292818 0.0739926
vt 0.306023 0.0474795
vt 0.320409 0.0482641
vt 0.309409 0.0773853
vt 0.476137 0.264891
vt 0.494333 0.289423
vt 0.488296 0.291039
vt 0.476137 0.264891
vt 0.48217 0.263743
vt 0.494333 0.289423
vt 0.504048 0.25022
vt 0.479563 0.233926
vt 0.490967 0.226381
vt 0.504048 0.25022
vt 0.490011 0.260709
vt 0.479563 0.233926
vt 0.939031 0.463927
vt 0.953445 0.492938
vt 0.935966 0.493091
vt 0.708477 0.995098
vt 0.68996 0.997084
vt 0.68996 0.969175
vt 0.940449 0.429582
vt 0.957054 0.464545
vt 0.939031 0.463927
vt 0.940449 0.429582
vt 0.959491 0.431998
vt 0.957054 0.464545
vt 0.97226 0.469058
vt 0.969535 0.434149
vt 0.975884 0.436029
vt 0.97226 0.469058
vt 0.966539 0.466861
vt 0.969535 0.434149
vt 0.953445 0.492938
vt 0.952622 0.523797
vt 0.944999 0.519866
vt 0.953445 0.492938
vt 0.96187 0.495418
vt 0.952622 0.523797
vt 0.957054 0.464545
vt 0.96187 0.495418
vt 0.953445 0.492938
vt 0.957054 0.464545
vt 0.966539 0.466861
vt 0.96187 0.495418
vt 0.959491 0.431998
vt 0.966539 0.466861
vt 0.957054 0.464545
vt 0.959491 0.431998
vt 0.969535 0.434149
vt 0.966539 0.466861
vt 0.479563 0.233926
vt 0.483088 0.210239
vt 0.490967 0.226381
vt 0.479563 0.233926
vt 0.473765 0.209437
vt 0.483088 0.210239
vt 0.831885 0.42563
vt 0.853267 0.468999
vt 0.831885 0.469339
vt 0.831885 0.42563
vt 0.852924 0.426022
vt 0.853267 0.468999
vt 0.46489 0.235713
vt 0.48217 0.263743
vt 0.476137 0.264891
vt 0.46489 0.235713
vt 0.47121 0.235293
vt 0.48217 0.263743
vt 0.46489 0.235713
vt 0.462882 0.208509
vt 0.47121 0.235293
vt 0.46489 0.235713
vt 0.456416 0.208127
vt 0.462882 0.208509
vt 0.83836 0.674833
vt 0.830209 0.715931
vt 0.824169 0.690479
vt 0.83836 0.674833
vt 0.846951 0.704826
vt 0.830209 0.715931
vt 0.440291 0.0315441
vt 0.405846 0.00883055
vt 0.440988 0.00989836
vt 0.440291 0.0315441
vt 0.402797 0.0306509
vt 0.405846 0.00883055
vt 0.83836 0.674833
vt 0.865237 0.693879
vt 0.846951 0.704826
vt 0.83836 0.674833
vt 0.854993 0.660541
vt 0.865237 0.693879
vt 0.854993 0.660541
vt 0.882319 0.685333
vt 0.865237 0.693879
vt 0.854993 0.660541
vt 0.870712 0.650037
vt 0.882319 0.685333
vt 0.870712 0.650037
vt 0.901692 0.6768
vt 0.882319 0.685333
vt 0.870712 0.650037
vt 0.889047 0.64029
vt 0.901692 0.6768
vt 0.846951 0.704826
vt 0.835599 0.746493
vt 0.830209 0.715931
vt 0.846951 0.704826
vt 0.854975 0.738947
vt 0.835599 0.746493
vt 0.292818 0.0739926
vt 0.298463 0.1042
vt 0.281471 0.0981812
vt 0.292818 0.0739926
vt 0.309409 0.0773853
vt 0.298463 0.1042
vt 0.865237 0.693879
vt 0.854975 0.738947
vt 0.846951 0.704826
vt 0.865237 0.693879
vt 0.875353 0.730969
vt 0.854975 0.738947
vt 0.882319 0.685333
vt 0.875353 0.730969
vt 0.865237 0.693879
vt 0.882319 0.685333
vt 0.893665 0.724097
vt 0.875353 0.730969
vt 0.901692 0.6768
vt 0.893665 0.724097
vt 0.882319 0.685333
vt 0.901692 0.6768
vt 0.914033 0.716726
vt 0.893665 0.724097
vt 0.329448 0.080924
vt 0.298463 0.1042
vt 0.309409 0.0773853
vt 0.329448 0.080924
vt 0.318527 0.110833
vt 0.298463 0.1042
vt 0.830209 0.715931
vt 0.817188 0.70642
vt 0.824169 0.690479
vt 0.830209 0.715931
vt 0.817406 0.722572
vt 0.817188 0.70642
vt 0.875353 0.730969
vt 0.862125 0.768415
vt 0.854975 0.738947
vt 0.875353 0.730969
vt 0.88366 0.762654
vt 0.862125 0.768415
vt 0.893665 0.724097
vt 0.88366 0.762654
vt 0.875353 0.730969
vt 0.893665 0.724097
vt 0.902538 0.757159
vt 0.88366 0.762654
vt 0.914033 0.716726
vt 0.902538 0.757159
vt 0.893665 0.724097
vt 0.914033 0.716726
vt 0.923275 0.750705
vt 0.902538 0.757159
vt 0.690863 0.619126
vt 0.716122 0.632164
vt 0.6896 0.63249
vt 0.690863 0.619126
vt 0.716943 0.618546
vt 0.716122 0.632164
vt 0.2702 0.12126
vt 0.271723 0.160372
vt 0.255398 0.150069
vt 0.2702 0.12126
vt 0.287101 0.129379
vt 0.271723 0.160372
vt 0.439456 0.0538101
vt 0.402797 0.0306509
vt 0.440291 0.0315441
vt 0.439456 0.0538101
vt 0.399953 0.0526813
vt 0.402797 0.0306509
vt 0.438556 0.0733572
vt 0.399953 0.0526813
vt 0.439456 0.0538101
vt 0.438556 0.0733572
vt 0.397746 0.0716871
vt 0.399953 0.0526813
vt 0.437186 0.0949214
vt 0.397746 0.0716871
vt 0.438556 0.0733572
vt 0.437186 0.0949214
vt 0.395473 0.0924223
vt 0.397746 0.0716871
vt 0.908893 0.631877
vt 0.901692 0.6768
vt 0.889047 0.64029
vt 0.908893 0.631877
vt 0.922378 0.668814
vt 0.901692 0.6768
vt 0.402797 0.0306509
vt 0.36831 0.00883055
vt 0.405846 0.00883055
vt 0.402797 0.0306509
vt 0.363629 0.0302167
vt 0.36831 0.00883055
vt 0.922378 0.668814
vt 0.914033 0.716726
vt 0.901692 0.6768
vt 0.922378 0.668814
vt 0.935332 0.709061
vt 0.914033 0.716726
vt 0.935332 0.709061
vt 0.923275 0.750705
vt 0.914033 0.716726
vt 0.935332 0.709061
vt 0.94499 0.743256
vt 0.923275 0.750705
vt 0.435392 0.117726
vt 0.395473 0.0924223
vt 0.437186 0.0949214
vt 0.435392 0.117726
vt 0.393373 0.114077
vt 0.395473 0.0924223
vt 0.707511 0.192158
vt 0.662696 0.200305
vt 0.669684 0.187231
vt 0.707511 0.192158
vt 0.700661 0.206888
vt 0.662696 0.200305
vt 0.746807 0.195697
vt 0.700661 0.206888
vt 0.707511 0.192158
vt 0.746807 0.195697
vt 0.74013 0.211324
vt 0.700661 0.206888
vt 0.678341 0.260249
vt 0.71136 0.286205
vt 0.67391 0.272643
vt 0.678341 0.260249
vt 0.71643 0.271716
vt 0.71136 0.286205
vt 0.716122 0.632164
vt 0.688401 0.645707
vt 0.6896 0.63249
vt 0.716122 0.632164
vt 0.715218 0.645884
vt 0.688401 0.645707
vt 0.700661 0.206888
vt 0.65606 0.214009
vt 0.662696 0.200305
vt 0.131657 0.112778
vt 0.117334 0.10503
vt 0.131657 0.0697346
vt 0.74013 0.211324
vt 0.693726 0.221785
vt 0.700661 0.206888
vt 0.74013 0.211324
vt 0.733239 0.228064
vt 0.693726 0.221785
vt 0.715218 0.645884
vt 0.754962 0.657515
vt 0.714329 0.658537
vt 0.715218 0.645884
vt 0.755495 0.643597
vt 0.754962 0.657515
vt 0.688401 0.645707
vt 0.714329 0.658537
vt 0.687378 0.657919
vt 0.688401 0.645707
vt 0.715218 0.645884
vt 0.714329 0.658537
vt 0.755495 0.643597
vt 0.793341 0.654356
vt 0.754962 0.657515
vt 0.65606 0.214009
vt 0.693726 0.221785
vt 0.687719 0.236161
vt 0.693726 0.221785
vt 0.726882 0.244568
vt 0.687719 0.236161
vt 0.693726 0.221785
vt 0.733239 0.228064
vt 0.726882 0.244568
vt 0.714329 0.658537
vt 0.754417 0.66851
vt 0.713607 0.668484
vt 0.714329 0.658537
vt 0.754962 0.657515
vt 0.754417 0.66851
vt 0.687378 0.657919
vt 0.713607 0.668484
vt 0.686617 0.667472
vt 0.687378 0.657919
vt 0.714329 0.658537
vt 0.713607 0.668484
vt 0.754962 0.657515
vt 0.793074 0.667075
vt 0.754417 0.66851
vt 0.754962 0.657515
vt 0.793341 0.654356
vt 0.793074 0.667075
vt 0.687719 0.236161
vt 0.72192 0.257764
vt 0.683026 0.24801
vt 0.687719 0.236161
vt 0.726882 0.244568
vt 0.72192 0.257764
vt 0.713607 0.668484
vt 0.753727 0.680013
vt 0.712841 0.678788
vt 0.713607 0.668484
vt 0.754417 0.66851
vt 0.753727 0.680013
vt 0.686617 0.667472
vt 0.712841 0.678788
vt 0.685857 0.677349
vt 0.686617 0.667472
vt 0.713607 0.668484
vt 0.712841 0.678788
vt 0.754417 0.66851
vt 0.792444 0.680174
vt 0.753727 0.680013
vt 0.754417 0.66851
vt 0.793074 0.667075
vt 0.792444 0.680174
vt 0.683026 0.24801
vt 0.71643 0.271716
vt 0.678341 0.260249
vt 0.683026 0.24801
vt 0.72192 0.257764
vt 0.71643 0.271716
vt 0.756179 0.613955
vt 0.716122 0.632164
vt 0.716943 0.618546
vt 0.756179 0.613955
vt 0.75589 0.628526
vt 0.716122 0.632164
vt 0.431743 0.303355
vt 0.399519 0.276055
vt 0.418382 0.274282
vt 0.431743 0.303355
vt 0.412464 0.307209
vt 0.399519 0.276055
vt 0.662298 0.631067
vt 0.688401 0.645707
vt 0.660919 0.644122
vt 0.662298 0.631067
vt 0.6896 0.63249
vt 0.688401 0.645707
vt 0.753727 0.680013
vt 0.791565 0.693353
vt 0.752938 0.691669
vt 0.753727 0.680013
vt 0.792444 0.680174
vt 0.791565 0.693353
vt 0.712841 0.678788
vt 0.752938 0.691669
vt 0.712077 0.689288
vt 0.712841 0.678788
vt 0.753727 0.680013
vt 0.752938 0.691669
vt 0.418967 0.17471
vt 0.434552 0.207336
vt 0.42649 0.209825
vt 0.418967 0.17471
vt 0.428007 0.174036
vt 0.434552 0.207336
vt 0.685857 0.677349
vt 0.712077 0.689288
vt 0.685123 0.687415
vt 0.685857 0.677349
vt 0.712841 0.678788
vt 0.712077 0.689288
vt 0.658136 0.675344
vt 0.685123 0.687415
vt 0.657402 0.685241
vt 0.658136 0.675344
vt 0.685857 0.677349
vt 0.685123 0.687415
vt 0.658927 0.665622
vt 0.685857 0.677349
vt 0.658136 0.675344
vt 0.658927 0.665622
vt 0.686617 0.667472
vt 0.685857 0.677349
vt 0.659758 0.656204
vt 0.686617 0.667472
vt 0.658927 0.665622
vt 0.659758 0.656204
vt 0.687378 0.657919
vt 0.686617 0.667472
vt 0.660919 0.644122
vt 0.687378 0.657919
vt 0.659758 0.656204
vt 0.660919 0.644122
vt 0.688401 0.645707
vt 0.687378 0.657919
vt 0.6896 0.63249
vt 0.663818 0.617921
vt 0.690863 0.619126
vt 0.6896 0.63249
vt 0.662298 0.631067
vt 0.663818 0.617921
vt 0.766674 0.232732
vt 0.74013 0.211324
vt 0.773434 0.214245
vt 0.766674 0.232732
vt 0.733239 0.228064
vt 0.74013 0.211324
vt 0.402797 0.0306509
vt 0.359454 0.0514492
vt 0.363629 0.0302167
vt 0.402797 0.0306509
vt 0.399953 0.0526813
vt 0.359454 0.0514492
vt 0.399953 0.0526813
vt 0.356519 0.0695266
vt 0.359454 0.0514492
vt 0.399953 0.0526813
vt 0.397746 0.0716871
vt 0.356519 0.0695266
vt 0.397746 0.0716871
vt 0.353891 0.0889449
vt 0.356519 0.0695266
vt 0.397746 0.0716871
vt 0.395473 0.0924223
vt 0.353891 0.0889449
vt 0.391243 0.311466
vt 0.399519 0.276055
vt 0.412464 0.307209
vt 0.391243 0.311466
vt 0.378804 0.278686
vt 0.399519 0.276055
vt 0.418382 0.274282
vt 0.387516 0.242846
vt 0.405848 0.24162
vt 0.418382 0.274282
vt 0.399519 0.276055
vt 0.387516 0.242846
vt 0.359454 0.0514492
vt 0.330144 0.0301829
vt 0.363629 0.0302167
vt 0.830174 0.262902
vt 0.796509 0.2571
vt 0.802298 0.237502
vt 0.825661 0.280593
vt 0.796509 0.2571
vt 0.830174 0.262902
vt 0.825661 0.280593
vt 0.791569 0.273472
vt 0.796509 0.2571
vt 0.820266 0.299442
vt 0.791569 0.273472
vt 0.825661 0.280593
vt 0.820266 0.299442
vt 0.786051 0.290869
vt 0.791569 0.273472
vt 0.378804 0.278686
vt 0.387516 0.242846
vt 0.399519 0.276055
vt 0.802298 0.237502
vt 0.766674 0.232732
vt 0.773434 0.214245
vt 0.906122 0.582004
vt 0.906122 0.537839
vt 0.922056 0.548976
vt 0.108204 0.157673
vt 0.093427 0.145569
vt 0.108204 0.113108
vt 0.796509 0.2571
vt 0.766674 0.232732
vt 0.802298 0.237502
vt 0.796509 0.2571
vt 0.76024 0.25064
vt 0.766674 0.232732
vt 0.791569 0.273472
vt 0.76024 0.25064
vt 0.796509 0.2571
vt 0.791569 0.273472
vt 0.755192 0.265608
vt 0.76024 0.25064
vt 0.786051 0.290869
vt 0.755192 0.265608
vt 0.791569 0.273472
vt 0.786051 0.290869
vt 0.749663 0.281272
vt 0.755192 0.265608
vt 0.809768 0.667616
vt 0.818373 0.639431
vt 0.824049 0.645615
vt 0.809768 0.667616
vt 0.803887 0.662314
vt 0.818373 0.639431
vt 0.77893 0.197143
vt 0.74013 0.211324
vt 0.746807 0.195697
vt 0.405848 0.24162
vt 0.387516 0.242846
vt 0.378804 0.211055
vt 0.76024 0.25064
vt 0.733239 0.228064
vt 0.766674 0.232732
vt 0.76024 0.25064
vt 0.726882 0.244568
vt 0.733239 0.228064
vt 0.755192 0.265608
vt 0.726882 0.244568
vt 0.76024 0.25064
vt 0.755192 0.265608
vt 0.72192 0.257764
vt 0.726882 0.244568
vt 0.749663 0.281272
vt 0.72192 0.257764
vt 0.755192 0.265608
vt 0.749663 0.281272
vt 0.71643 0.271716
vt 0.72192 0.257764
vt 0.393373 0.114077
vt 0.353891 0.0889449
vt 0.395473 0.0924223
vt 0.393373 0.114077
vt 0.351753 0.10896
vt 0.353891 0.0889449
vt 0.224716 0.127082
vt 0.21506 0.160372
vt 0.20892 0.155003
vt 0.224716 0.127082
vt 0.231193 0.133006
vt 0.21506 0.160372
vt 0.814062 0.318695
vt 0.786051 0.290869
vt 0.820266 0.299442
vt 0.814062 0.318695
vt 0.780187 0.308685
vt 0.786051 0.290869
vt 0.780187 0.308685
vt 0.749663 0.281272
vt 0.786051 0.290869
vt 0.780187 0.308685
vt 0.744249 0.297313
vt 0.749663 0.281272
vt 0.71136 0.286205
vt 0.749663 0.281272
vt 0.744249 0.297313
vt 0.71136 0.286205
vt 0.71643 0.271716
vt 0.749663 0.281272
vt 0.717362 0.588738
vt 0.752661 0.574846
vt 0.753779 0.584105
vt 0.717362 0.588738
vt 0.716752 0.578672
vt 0.752661 0.574846
vt 0.00709397 0.14551
vt 0.00709397 0.183025
vt 0.00116465 0.179385
vt 0.428007 0.174036
vt 0.43483 0.174741
vt 0.441238 0.209023
vt 0.692846 0.589278
vt 0.716752 0.578672
vt 0.717362 0.588738
vt 0.692846 0.589278
vt 0.693041 0.578877
vt 0.716752 0.578672
vt 0.667553 0.588086
vt 0.693041 0.578877
vt 0.692846 0.589278
vt 0.667553 0.588086
vt 0.668909 0.577885
vt 0.693041 0.578877
vt 0.0269674 0.117241
vt 0.0190106 0.0791064
vt 0.0279232 0.0819451
vt 0.0269674 0.117241
vt 0.0183985 0.115632
vt 0.0190106 0.0791064
vt 0.612169 0.891305
vt 0.633567 0.922008
vt 0.626809 0.925279
vt 0.612169 0.891305
vt 0.619225 0.889424
vt 0.633567 0.922008
vt 0.000625923 0.144814
vt 0.00619773 0.110494
vt 0.00709396 0.144814
vt 0.633567 0.922008
vt 0.619225 0.889424
vt 0.626036 0.887839
vt 0.606232 0.868238
vt 0.619225 0.889424
vt 0.612169 0.891305
vt 0.606232 0.868238
vt 0.613974 0.867122
vt 0.619225 0.889424
vt 0.604565 0.844176
vt 0.613974 0.867122
vt 0.606232 0.868238
vt 0.604565 0.844176
vt 0.612139 0.844
vt 0.613974 0.867122
vt 0.436363 0.239442
vt 0.457529 0.268313
vt 0.449363 0.269873
vt 0.436363 0.239442
vt 0.444957 0.2384
vt 0.457529 0.268313
vt 0.626809 0.925279
vt 0.653791 0.95145
vt 0.647761 0.954668
vt 0.626809 0.925279
vt 0.633567 0.922008
vt 0.653791 0.95145
vt 0.013943 0.528107
vt 0.0142942 0.559513
vt 0.0093445 0.557852
vt 0.457529 0.268313
vt 0.462811 0.26741
vt 0.475215 0.293995
vt 0.449363 0.269873
vt 0.470318 0.295432
vt 0.462549 0.297782
vt 0.449363 0.269873
vt 0.457529 0.268313
vt 0.470318 0.295432
vt 0.434552 0.207336
vt 0.436363 0.239442
vt 0.42649 0.209825
vt 0.434552 0.207336
vt 0.444957 0.2384
vt 0.436363 0.239442
vt 0.00730804 0.591086
vt 0.0142942 0.559513
vt 0.0125034 0.592771
vt 0.00730804 0.591086
vt 0.0093445 0.557852
vt 0.0142942 0.559513
vt 0.444957 0.2384
vt 0.462811 0.26741
vt 0.457529 0.268313
vt 0.444957 0.2384
vt 0.450973 0.237602
vt 0.462811 0.26741
vt 0.444957 0.2384
vt 0.441238 0.209023
vt 0.450973 0.237602
vt 0.444957 0.2384
vt 0.434552 0.207336
vt 0.441238 0.209023
vt 0.450973 0.237602
vt 0.447649 0.208144
vt 0.457008 0.236722
vt 0.450973 0.237602
vt 0.441238 0.209023
vt 0.447649 0.208144
vt 0.256941 0.083607
vt 0.26584 0.0563303
vt 0.270218 0.0611216
vt 0.256941 0.083607
vt 0.251955 0.0783783
vt 0.26584 0.0563303
vt 0.654531 0.347893
vt 0.648434 0.314891
vt 0.654143 0.316286
vt 0.26584 0.0563303
vt 0.261947 0.0521132
vt 0.279145 0.0261371
vt 0.270218 0.0611216
vt 0.282872 0.0298128
vt 0.286966 0.0350016
vt 0.270218 0.0611216
vt 0.26584 0.0563303
vt 0.282872 0.0298128
vt 0.23958 0.0994663
vt 0.256941 0.083607
vt 0.246413 0.104835
vt 0.23958 0.0994663
vt 0.251955 0.0783783
vt 0.256941 0.083607
vt 0.653002 0.286759
vt 0.648434 0.314891
vt 0.647625 0.284913
vt 0.653002 0.286759
vt 0.654143 0.316286
vt 0.648434 0.314891
vt 0.251955 0.0783783
vt 0.261947 0.0521132
vt 0.26584 0.0563303
vt 0.714114 0.996337
vt 0.709174 0.993826
vt 0.714114 0.969175
vt 0.00778605 0.622693
vt 0.0125034 0.592771
vt 0.012638 0.623541
vt 0.00778605 0.622693
vt 0.00730804 0.591086
vt 0.0125034 0.592771
vt 0.000544551 0.566907
vt 0.00473379 0.536615
vt 0.00571012 0.568191
vt 0.236766 0.0963702
vt 0.221429 0.123043
vt 0.217309 0.119797
vt 0.201318 0.426468
vt 0.213001 0.445524
vt 0.20412 0.445996
vt 0.201318 0.426468
vt 0.209886 0.425505
vt 0.213001 0.445524
vt 0.213001 0.445524
vt 0.221714 0.467951
vt 0.214508 0.467889
vt 0.213001 0.445524
vt 0.219939 0.445295
vt 0.221714 0.467951
vt 0.20412 0.445996
vt 0.214508 0.467889
vt 0.205594 0.467651
vt 0.20412 0.445996
vt 0.213001 0.445524
vt 0.214508 0.467889
vt 0.1949 0.403718
vt 0.209886 0.425505
vt 0.201318 0.426468
vt 0.1949 0.403718
vt 0.203312 0.401891
vt 0.209886 0.425505
vt 0.794037 0.689083
vt 0.809768 0.667616
vt 0.799694 0.69373
vt 0.794037 0.689083
vt 0.803887 0.662314
vt 0.809768 0.667616
vt 0.193987 0.378707
vt 0.209482 0.400747
vt 0.203312 0.401891
vt 0.193987 0.378707
vt 0.200096 0.377168
vt 0.209482 0.400747
vt 0.205386 0.489707
vt 0.214508 0.467889
vt 0.214102 0.490647
vt 0.205386 0.489707
vt 0.205594 0.467651
vt 0.214508 0.467889
vt 0.209886 0.425505
vt 0.219939 0.445295
vt 0.213001 0.445524
vt 0.209886 0.425505
vt 0.216662 0.424809
vt 0.219939 0.445295
vt 0.203312 0.401891
vt 0.216662 0.424809
vt 0.209886 0.425505
vt 0.203312 0.401891
vt 0.209482 0.400747
vt 0.216662 0.424809
vt 0.654531 0.258603
vt 0.647625 0.284913
vt 0.648866 0.256223
vt 0.654531 0.258603
vt 0.653002 0.286759
vt 0.647625 0.284913
vt 0.403592 0.945
vt 0.41246 0.972505
vt 0.396906 0.946106
vt 0.403592 0.945
vt 0.418251 0.969981
vt 0.41246 0.972505
vt 0.845686 0.636245
vt 0.855676 0.614931
vt 0.860434 0.623273
vt 0.845686 0.636245
vt 0.840165 0.627265
vt 0.855676 0.614931
vt 0.214102 0.490647
vt 0.221714 0.467951
vt 0.221214 0.491299
vt 0.214102 0.490647
vt 0.214508 0.467889
vt 0.221714 0.467951
vt 0.828472 0.654578
vt 0.854993 0.660541
vt 0.83836 0.674833
vt 0.828472 0.654578
vt 0.845686 0.636245
vt 0.854993 0.660541
vt 0.816711 0.674592
vt 0.83836 0.674833
vt 0.824169 0.690479
vt 0.816711 0.674592
vt 0.828472 0.654578
vt 0.83836 0.674833
vt 0.807281 0.699057
vt 0.824169 0.690479
vt 0.817188 0.70642
vt 0.807281 0.699057
vt 0.816711 0.674592
vt 0.824169 0.690479
vt 0.276982 0.0673059
vt 0.306023 0.0474795
vt 0.292818 0.0739926
vt 0.276982 0.0673059
vt 0.293802 0.0408898
vt 0.306023 0.0474795
vt 0.860434 0.623273
vt 0.874031 0.603763
vt 0.878395 0.612338
vt 0.860434 0.623273
vt 0.855676 0.614931
vt 0.874031 0.603763
vt 0.828472 0.654578
vt 0.840165 0.627265
vt 0.845686 0.636245
vt 0.828472 0.654578
vt 0.824049 0.645615
vt 0.840165 0.627265
vt 0.885979 0.467667
vt 0.85496 0.507461
vt 0.853267 0.468999
vt 0.885979 0.467667
vt 0.886569 0.50337
vt 0.85496 0.507461
vt 0.816711 0.674592
vt 0.824049 0.645615
vt 0.828472 0.654578
vt 0.816711 0.674592
vt 0.809768 0.667616
vt 0.824049 0.645615
vt 0.897073 0.602955
vt 0.874031 0.603763
vt 0.893999 0.595216
vt 0.897073 0.602955
vt 0.878395 0.612338
vt 0.874031 0.603763
vt 0.26469 0.0898982
vt 0.292818 0.0739926
vt 0.281471 0.0981812
vt 0.26469 0.0898982
vt 0.276982 0.0673059
vt 0.292818 0.0739926
vt 0.799694 0.69373
vt 0.816711 0.674592
vt 0.807281 0.699057
vt 0.799694 0.69373
vt 0.809768 0.667616
vt 0.816711 0.674592
vt 0.807281 0.699057
vt 0.79493 0.721125
vt 0.799694 0.69373
vt 0.807281 0.699057
vt 0.803811 0.722724
vt 0.79493 0.721125
vt 0.253423 0.111561
vt 0.281471 0.0981812
vt 0.2702 0.12126
vt 0.253423 0.111561
vt 0.26469 0.0898982
vt 0.281471 0.0981812
vt 0.803811 0.722724
vt 0.817188 0.70642
vt 0.817406 0.722572
vt 0.803811 0.722724
vt 0.807281 0.699057
vt 0.817188 0.70642
vt 0.439921 0.271272
vt 0.431743 0.303355
vt 0.418382 0.274282
vt 0.439921 0.271272
vt 0.452564 0.29871
vt 0.431743 0.303355
vt 0.71723 0.60028
vt 0.756179 0.613955
vt 0.716943 0.618546
vt 0.71723 0.60028
vt 0.754774 0.595683
vt 0.756179 0.613955
vt 0.276982 0.0673059
vt 0.286966 0.0350016
vt 0.293802 0.0408898
vt 0.276982 0.0673059
vt 0.270218 0.0611216
vt 0.286966 0.0350016
vt 0.26469 0.0898982
vt 0.270218 0.0611216
vt 0.276982 0.0673059
vt 0.26469 0.0898982
vt 0.256941 0.083607
vt 0.270218 0.0611216
vt 0.246413 0.104835
vt 0.26469 0.0898982
vt 0.253423 0.111561
vt 0.246413 0.104835
vt 0.256941 0.083607
vt 0.26469 0.0898982
vt 0.474489 0.131322
vt 0.484263 0.100494
vt 0.4835 0.13333
vt 0.474489 0.131322
vt 0.474416 0.0976382
vt 0.484263 0.100494
vt 0.416271 0.211394
vt 0.405848 0.24162
vt 0.395768 0.211396
vt 0.416271 0.211394
vt 0.426535 0.240644
vt 0.405848 0.24162
vt 0.452564 0.29871
vt 0.447343 0.334301
vt 0.431743 0.303355
vt 0.452564 0.29871
vt 0.466909 0.327931
vt 0.447343 0.334301
vt 0.887673 0.537785
vt 0.905426 0.582004
vt 0.887673 0.577352
vt 0.887673 0.537785
vt 0.904728 0.543252
vt 0.905426 0.582004
vt 0.473147 0.0677546
vt 0.484263 0.100494
vt 0.474416 0.0976382
vt 0.439921 0.271272
vt 0.449363 0.269873
vt 0.462549 0.297782
vt 0.426535 0.240644
vt 0.449363 0.269873
vt 0.439921 0.271272
vt 0.426535 0.240644
vt 0.436363 0.239442
vt 0.449363 0.269873
vt 0.0197298 0.153148
vt 0.0118858 0.183025
vt 0.00890778 0.151663
vt 0.42649 0.209825
vt 0.436363 0.239442
vt 0.426535 0.240644
vt 0.00890778 0.151663
vt 0.0183985 0.115632
vt 0.0197298 0.153148
vt 0.00890778 0.151663
vt 0.00779012 0.113466
vt 0.0183985 0.115632
vt 0.692169 0.601023
vt 0.716943 0.618546
vt 0.690863 0.619126
vt 0.692169 0.601023
vt 0.71723 0.60028
vt 0.716943 0.618546
vt 0.666102 0.600059
vt 0.690863 0.619126
vt 0.663818 0.617921
vt 0.666102 0.600059
vt 0.692169 0.601023
vt 0.690863 0.619126
vt 0.395768 0.211396
vt 0.40795 0.175418
vt 0.416271 0.211394
vt 0.746807 0.195697
vt 0.707511 0.192158
vt 0.715473 0.174951
vt 0.00779012 0.0760123
vt 0.0183985 0.115632
vt 0.00779012 0.113466
vt 0.00779012 0.0760123
vt 0.0190106 0.0791064
vt 0.0183985 0.115632
vt 0.692169 0.601023
vt 0.717362 0.588738
vt 0.71723 0.60028
vt 0.692169 0.601023
vt 0.692846 0.589278
vt 0.717362 0.588738
vt 0.71723 0.60028
vt 0.753779 0.584105
vt 0.754774 0.595683
vt 0.71723 0.60028
vt 0.717362 0.588738
vt 0.753779 0.584105
vt 0.667553 0.588086
vt 0.692169 0.601023
vt 0.666102 0.600059
vt 0.667553 0.588086
vt 0.692846 0.589278
vt 0.692169 0.601023
vt 0.845686 0.636245
vt 0.870712 0.650037
vt 0.854993 0.660541
vt 0.845686 0.636245
vt 0.860434 0.623273
vt 0.870712 0.650037
vt 0.477328 0.365153
vt 0.486923 0.334997
vt 0.492431 0.36486
vt 0.477328 0.365153
vt 0.47106 0.335368
vt 0.486923 0.334997
vt 0.889047 0.64029
vt 0.860434 0.623273
vt 0.878395 0.612338
vt 0.889047 0.64029
vt 0.870712 0.650037
vt 0.860434 0.623273
vt 0.4835 0.13333
vt 0.473147 0.162483
vt 0.474489 0.131322
vt 0.231193 0.133006
vt 0.246413 0.104835
vt 0.253423 0.111561
vt 0.23858 0.138364
vt 0.2702 0.12126
vt 0.255398 0.150069
vt 0.23858 0.138364
vt 0.253423 0.111561
vt 0.2702 0.12126
vt 0.248614 0.074631
vt 0.232976 0.0927159
vt 0.245333 0.0709079
vt 0.000544553 0.591477
vt 0.000544551 0.566907
vt 0.00571012 0.568191
vt 0.00878647 0.646612
vt 0.012638 0.623541
vt 0.0142942 0.64782
vt 0.00878647 0.646612
vt 0.00778605 0.622693
vt 0.012638 0.623541
vt 0.224716 0.127082
vt 0.246413 0.104835
vt 0.231193 0.133006
vt 0.224716 0.127082
vt 0.23958 0.0994663
vt 0.246413 0.104835
vt 0.468613 0.119552
vt 0.437186 0.0949214
vt 0.470095 0.0964705
vt 0.468613 0.119552
vt 0.435392 0.117726
vt 0.437186 0.0949214
vt 0.470095 0.0964705
vt 0.438556 0.0733572
vt 0.470722 0.0747129
vt 0.470095 0.0964705
vt 0.437186 0.0949214
vt 0.438556 0.0733572
vt 0.470722 0.0747129
vt 0.439456 0.0538101
vt 0.470545 0.0550867
vt 0.470722 0.0747129
vt 0.438556 0.0733572
vt 0.439456 0.0538101
vt 0.470545 0.0550867
vt 0.440291 0.0315441
vt 0.469627 0.0329228
vt 0.470545 0.0550867
vt 0.439456 0.0538101
vt 0.440291 0.0315441
vt 0.281471 0.0981812
vt 0.287101 0.129379
vt 0.2702 0.12126
vt 0.281471 0.0981812
vt 0.298463 0.1042
vt 0.287101 0.129379
vt 0.318527 0.110833
vt 0.287101 0.129379
vt 0.298463 0.1042
vt 0.318527 0.110833
vt 0.306864 0.138221
vt 0.287101 0.129379
vt 0.629475 0.57415
vt 0.629887 0.550022
vt 0.636393 0.57415
vt 0.239065 0.0649287
vt 0.226703 0.0875772
vt 0.221755 0.0830655
vt 0.226406 0.0533723
vt 0.198868 0.0625864
vt 0.211889 0.0393385
vt 0.226406 0.0533723
vt 0.213962 0.0755448
vt 0.198868 0.0625864
vt 0.23411 0.0605228
vt 0.213962 0.0755448
vt 0.226406 0.0533723
vt 0.23411 0.0605228
vt 0.221755 0.0830655
vt 0.213962 0.0755448
vt 0.245333 0.0709079
vt 0.226703 0.0875772
vt 0.239065 0.0649287
vt 0.245333 0.0709079
vt 0.232976 0.0927159
vt 0.226703 0.0875772
vt 0.467645 0.835932
vt 0.439505 0.860797
vt 0.438019 0.839677
vt 0.467645 0.835932
vt 0.468918 0.856012
vt 0.439505 0.860797
vt 0.914047 0.365541
vt 0.885387 0.389334
vt 0.885337 0.360742
vt 0.914047 0.365541
vt 0.915195 0.392741
vt 0.885387 0.389334
vt 0.473159 0.906254
vt 0.441487 0.881532
vt 0.470415 0.876206
vt 0.473159 0.906254
vt 0.445556 0.913195
vt 0.441487 0.881532
vt 0.470415 0.876206
vt 0.439505 0.860797
vt 0.468918 0.856012
vt 0.470415 0.876206
vt 0.441487 0.881532
vt 0.439505 0.860797
vt 0.937946 0.370858
vt 0.915195 0.392741
vt 0.914047 0.365541
vt 0.937946 0.370858
vt 0.939572 0.396569
vt 0.915195 0.392741
vt 0.272352 0.592579
vt 0.258886 0.640444
vt 0.245034 0.603317
vt 0.272352 0.592579
vt 0.284609 0.62699
vt 0.258886 0.640444
vt 0.295495 0.584881
vt 0.284609 0.62699
vt 0.272352 0.592579
vt 0.295495 0.584881
vt 0.305648 0.616774
vt 0.284609 0.62699
vt 0.320641 0.671434
vt 0.315908 0.706429
vt 0.307013 0.686434
vt 0.320641 0.671434
vt 0.323855 0.688934
vt 0.315908 0.706429
vt 0.339541 0.800967
vt 0.37806 0.825261
vt 0.339873 0.821974
vt 0.339541 0.800967
vt 0.376651 0.804398
vt 0.37806 0.825261
vt 0.284609 0.62699
vt 0.273258 0.67352
vt 0.258886 0.640444
vt 0.284609 0.62699
vt 0.295979 0.657486
vt 0.273258 0.67352
vt 0.305648 0.616774
vt 0.295979 0.657486
vt 0.284609 0.62699
vt 0.305648 0.616774
vt 0.313897 0.645043
vt 0.295979 0.657486
vt 0.273258 0.67352
vt 0.267704 0.72438
vt 0.248263 0.690142
vt 0.273258 0.67352
vt 0.288961 0.705405
vt 0.267704 0.72438
vt 0.248263 0.690142
vt 0.252701 0.73531
vt 0.231871 0.700333
vt 0.248263 0.690142
vt 0.267704 0.72438
vt 0.252701 0.73531
vt 0.295979 0.657486
vt 0.288961 0.705405
vt 0.273258 0.67352
vt 0.295979 0.657486
vt 0.307013 0.686434
vt 0.288961 0.705405
vt 0.313897 0.645043
vt 0.307013 0.686434
vt 0.295979 0.657486
vt 0.313897 0.645043
vt 0.320641 0.671434
vt 0.307013 0.686434
vt 0.29737 0.769111
vt 0.339541 0.800967
vt 0.297009 0.799469
vt 0.29737 0.769111
vt 0.337712 0.770665
vt 0.339541 0.800967
vt 0.0438918 0.79882
vt 0.0739357 0.820227
vt 0.0434316 0.818579
vt 0.0438918 0.79882
vt 0.0730427 0.800994
vt 0.0739357 0.820227
vt 0.60308 0.0267341
vt 0.589885 0.000399351
vt 0.600821 0.000348151
vt 0.60308 0.0267341
vt 0.592581 0.0267254
vt 0.589885 0.000399351
vt 0.288961 0.705405
vt 0.284292 0.748552
vt 0.267704 0.72438
vt 0.288961 0.705405
vt 0.302255 0.727999
vt 0.284292 0.748552
vt 0.307013 0.686434
vt 0.302255 0.727999
vt 0.288961 0.705405
vt 0.307013 0.686434
vt 0.315908 0.706429
vt 0.302255 0.727999
vt 0.779046 0.123799
vt 0.812246 0.101572
vt 0.811711 0.121163
vt 0.779046 0.123799
vt 0.779955 0.106236
vt 0.812246 0.101572
vt 0.042239 0.840138
vt 0.0739357 0.820227
vt 0.0732854 0.841022
vt 0.042239 0.840138
vt 0.0434316 0.818579
vt 0.0739357 0.820227
vt 0.00376997 0.840558
vt 0.0434316 0.818579
vt 0.042239 0.840138
vt 0.00376997 0.840558
vt 0.0055002 0.818416
vt 0.0434316 0.818579
vt 0.339553 0.844317
vt 0.37806 0.825261
vt 0.378108 0.847639
vt 0.339553 0.844317
vt 0.339873 0.821974
vt 0.37806 0.825261
vt 0.339873 0.821974
vt 0.296036 0.842006
vt 0.296601 0.820169
vt 0.339873 0.821974
vt 0.339553 0.844317
vt 0.296036 0.842006
vt 0.616773 0.026888
vt 0.600821 0.000348151
vt 0.615108 0.000443697
vt 0.616773 0.026888
vt 0.60308 0.0267341
vt 0.600821 0.000348151
vt 0.592581 0.0267254
vt 0.574192 0.000676453
vt 0.589885 0.000399351
vt 0.592581 0.0267254
vt 0.577491 0.0267694
vt 0.574192 0.000676453
vt 0.577491 0.0267694
vt 0.558285 0.0012908
vt 0.574192 0.000676453
vt 0.577491 0.0267694
vt 0.561882 0.0270377
vt 0.558285 0.0012908
vt 0.658609 0.106537
vt 0.684207 0.0966104
vt 0.682905 0.108501
vt 0.658609 0.106537
vt 0.659882 0.0956833
vt 0.684207 0.0966104
vt 0.657257 0.120755
vt 0.682905 0.108501
vt 0.681606 0.123113
vt 0.657257 0.120755
vt 0.658609 0.106537
vt 0.682905 0.108501
vt 0.659882 0.0956833
vt 0.686129 0.0801594
vt 0.684207 0.0966104
vt 0.659882 0.0956833
vt 0.662037 0.0801456
vt 0.686129 0.0801594
vt 0.662037 0.0801456
vt 0.688412 0.063573
vt 0.686129 0.0801594
vt 0.662037 0.0801456
vt 0.664526 0.0644233
vt 0.688412 0.063573
vt 0.682905 0.108501
vt 0.714323 0.0953125
vt 0.713119 0.109229
vt 0.682905 0.108501
vt 0.684207 0.0966104
vt 0.714323 0.0953125
vt 0.681606 0.123113
vt 0.713119 0.109229
vt 0.71199 0.124687
vt 0.681606 0.123113
vt 0.682905 0.108501
vt 0.713119 0.109229
vt 0.684207 0.0966104
vt 0.716222 0.0773165
vt 0.714323 0.0953125
vt 0.684207 0.0966104
vt 0.686129 0.0801594
vt 0.716222 0.0773165
vt 0.686129 0.0801594
vt 0.718171 0.0598702
vt 0.716222 0.0773165
vt 0.686129 0.0801594
vt 0.688412 0.063573
vt 0.718171 0.0598702
vt 0.714323 0.0953125
vt 0.745399 0.109118
vt 0.713119 0.109229
vt 0.714323 0.0953125
vt 0.74668 0.0923315
vt 0.745399 0.109118
vt 0.716222 0.0773165
vt 0.74668 0.0923315
vt 0.714323 0.0953125
vt 0.716222 0.0773165
vt 0.748314 0.0725424
vt 0.74668 0.0923315
vt 0.718171 0.0598702
vt 0.748314 0.0725424
vt 0.716222 0.0773165
vt 0.718171 0.0598702
vt 0.749642 0.0537829
vt 0.748314 0.0725424
vt 0.593538 0.0544025
vt 0.60308 0.0267341
vt 0.603866 0.0544704
vt 0.593538 0.0544025
vt 0.592581 0.0267254
vt 0.60308 0.0267341
vt 0.745399 0.109118
vt 0.779046 0.123799
vt 0.744221 0.125343
vt 0.745399 0.109118
vt 0.779955 0.106236
vt 0.779046 0.123799
vt 0.94304 0.325374
vt 0.970848 0.296076
vt 0.963201 0.331631
vt 0.94304 0.325374
vt 0.946483 0.289554
vt 0.970848 0.296076
vt 0.74668 0.0923315
vt 0.779955 0.106236
vt 0.745399 0.109118
vt 0.74668 0.0923315
vt 0.780844 0.0866988
vt 0.779955 0.106236
vt 0.748314 0.0725424
vt 0.780844 0.0866988
vt 0.74668 0.0923315
vt 0.748314 0.0725424
vt 0.781503 0.064411
vt 0.780844 0.0866988
vt 0.625673 0.0546744
vt 0.616773 0.026888
vt 0.625286 0.0269634
vt 0.625673 0.0546744
vt 0.617334 0.0545865
vt 0.616773 0.026888
vt 0.617334 0.0545865
vt 0.60308 0.0267341
vt 0.616773 0.026888
vt 0.617334 0.0545865
vt 0.603866 0.0544704
vt 0.60308 0.0267341
vt 0.578667 0.0543361
vt 0.592581 0.0267254
vt 0.593538 0.0544025
vt 0.578667 0.0543361
vt 0.577491 0.0267694
vt 0.592581 0.0267254
vt 0.563197 0.0543059
vt 0.577491 0.0267694
vt 0.578667 0.0543361
vt 0.563197 0.0543059
vt 0.561882 0.0270377
vt 0.577491 0.0267694
vt 0.749642 0.0537829
vt 0.781503 0.064411
vt 0.748314 0.0725424
vt 0.749642 0.0537829
vt 0.780933 0.0437981
vt 0.781503 0.064411
vt 0.743546 0.137484
vt 0.779046 0.123799
vt 0.778308 0.138171
vt 0.743546 0.137484
vt 0.744221 0.125343
vt 0.779046 0.123799
vt 0.711384 0.135624
vt 0.744221 0.125343
vt 0.743546 0.137484
vt 0.711384 0.135624
vt 0.71199 0.124687
vt 0.744221 0.125343
vt 0.850001 0.356109
vt 0.862877 0.330093
vt 0.85905 0.360045
vt 0.850001 0.356109
vt 0.852843 0.327327
vt 0.862877 0.330093
vt 0.681015 0.132792
vt 0.71199 0.124687
vt 0.711384 0.135624
vt 0.681015 0.132792
vt 0.681606 0.123113
vt 0.71199 0.124687
vt 0.656687 0.12974
vt 0.681606 0.123113
vt 0.681015 0.132792
vt 0.656687 0.12974
vt 0.657257 0.120755
vt 0.681606 0.123113
vt 0.625286 0.0269634
vt 0.615108 0.000443697
vt 0.624094 0.000503242
vt 0.625286 0.0269634
vt 0.616773 0.026888
vt 0.615108 0.000443697
vt 0.781503 0.064411
vt 0.812246 0.0789543
vt 0.780844 0.0866988
vt 0.781503 0.064411
vt 0.811146 0.0537595
vt 0.812246 0.0789543
vt 0.898719 0.342493
vt 0.91986 0.317895
vt 0.917681 0.349624
vt 0.898719 0.342493
vt 0.899334 0.311251
vt 0.91986 0.317895
vt 0.894694 0.220775
vt 0.917255 0.189888
vt 0.919209 0.224152
vt 0.894694 0.220775
vt 0.892755 0.188917
vt 0.917255 0.189888
vt 0.963201 0.331631
vt 0.988716 0.300732
vt 0.980256 0.336492
vt 0.963201 0.331631
vt 0.970848 0.296076
vt 0.988716 0.300732
vt 0.91986 0.317895
vt 0.946483 0.289554
vt 0.94304 0.325374
vt 0.91986 0.317895
vt 0.920689 0.282351
vt 0.946483 0.289554
vt 0.899334 0.311251
vt 0.920689 0.282351
vt 0.91986 0.317895
vt 0.899334 0.311251
vt 0.898112 0.275845
vt 0.920689 0.282351
vt 0.946483 0.289554
vt 0.975659 0.264563
vt 0.970848 0.296076
vt 0.946483 0.289554
vt 0.947987 0.258284
vt 0.975659 0.264563
vt 0.196425 0.803915
vt 0.225658 0.82111
vt 0.194657 0.823495
vt 0.196425 0.803915
vt 0.227004 0.801696
vt 0.225658 0.82111
vt 0.920689 0.282351
vt 0.947987 0.258284
vt 0.946483 0.289554
vt 0.920689 0.282351
vt 0.920196 0.252164
vt 0.947987 0.258284
vt 0.898112 0.275845
vt 0.920196 0.252164
vt 0.920689 0.282351
vt 0.898112 0.275845
vt 0.896286 0.247044
vt 0.920196 0.252164
vt 0.780844 0.0866988
vt 0.812246 0.101572
vt 0.779955 0.106236
vt 0.780844 0.0866988
vt 0.812246 0.0789543
vt 0.812246 0.101572
vt 0.257503 0.800067
vt 0.296601 0.820169
vt 0.256579 0.820054
vt 0.257503 0.800067
vt 0.297009 0.799469
vt 0.296601 0.820169
vt 0.156702 0.0734392
vt 0.156702 0.11049
vt 0.148855 0.105778
vt 0.175253 0.0557203
vt 0.183822 0.0598195
vt 0.175253 0.0912631
vt 0.259406 0.770745
vt 0.297009 0.799469
vt 0.257503 0.800067
vt 0.259406 0.770745
vt 0.29737 0.769111
vt 0.297009 0.799469
vt 0.919209 0.224152
vt 0.946809 0.192226
vt 0.948157 0.228738
vt 0.919209 0.224152
vt 0.917255 0.189888
vt 0.946809 0.192226
vt 0.356805 0.670185
vt 0.349586 0.697912
vt 0.349103 0.669244
vt 0.356805 0.670185
vt 0.357849 0.699952
vt 0.349586 0.697912
vt 0.255862 0.841001
vt 0.296601 0.820169
vt 0.296036 0.842006
vt 0.255862 0.841001
vt 0.256579 0.820054
vt 0.296601 0.820169
vt 0.193761 0.841863
vt 0.225658 0.82111
vt 0.224836 0.841011
vt 0.193761 0.841863
vt 0.194657 0.823495
vt 0.225658 0.82111
vt 0.170524 0.456997
vt 0.192905 0.488083
vt 0.176226 0.492522
vt 0.170524 0.456997
vt 0.185348 0.453186
vt 0.192905 0.488083
vt 0.811711 0.121163
vt 0.778308 0.138171
vt 0.779046 0.123799
vt 0.811711 0.121163
vt 0.810936 0.137456
vt 0.778308 0.138171
vt 0.345648 0.638189
vt 0.356805 0.670185
vt 0.349103 0.669244
vt 0.345648 0.638189
vt 0.353604 0.638622
vt 0.356805 0.670185
vt 0.339574 0.609539
vt 0.353604 0.638622
vt 0.345648 0.638189
vt 0.339574 0.609539
vt 0.347472 0.609485
vt 0.353604 0.638622
vt 0.331835 0.578024
vt 0.347472 0.609485
vt 0.339574 0.609539
vt 0.331835 0.578024
vt 0.339365 0.578458
vt 0.347472 0.609485
vt 0.849004 0.213965
vt 0.855899 0.18522
vt 0.856667 0.216545
vt 0.331106 0.549859
vt 0.339365 0.578458
vt 0.331835 0.578024
vt 0.358947 0.63899
vt 0.356805 0.670185
vt 0.353604 0.638622
vt 0.358947 0.63899
vt 0.362739 0.670847
vt 0.356805 0.670185
vt 0.352989 0.60978
vt 0.353604 0.638622
vt 0.347472 0.609485
vt 0.352989 0.60978
vt 0.358947 0.63899
vt 0.353604 0.638622
vt 0.344921 0.578177
vt 0.347472 0.609485
vt 0.339365 0.578458
vt 0.344921 0.578177
vt 0.352989 0.60978
vt 0.347472 0.609485
vt 0.842617 0.323219
vt 0.835829 0.292206
vt 0.842265 0.294297
vt 0.842617 0.323219
vt 0.835329 0.320021
vt 0.835829 0.292206
vt 0.71887 0.0207835
vt 0.746351 0.00639576
vt 0.747547 0.0154887
vt 0.71887 0.0207835
vt 0.718868 0.0108538
vt 0.746351 0.00639576
vt 0.748791 0.0233749
vt 0.779902 0.0269286
vt 0.749929 0.0374858
vt 0.748791 0.0233749
vt 0.778902 0.0132769
vt 0.779902 0.0269286
vt 0.691848 0.024378
vt 0.718868 0.0108538
vt 0.71887 0.0207835
vt 0.691848 0.024378
vt 0.692566 0.0136029
vt 0.718868 0.0108538
vt 0.669407 0.02462
vt 0.692566 0.0136029
vt 0.691848 0.024378
vt 0.669407 0.02462
vt 0.671138 0.0134938
vt 0.692566 0.0136029
vt 0.521827 0.029488
vt 0.507215 0.00789148
vt 0.518382 0.00585437
vt 0.521827 0.029488
vt 0.510197 0.0305672
vt 0.507215 0.00789148
vt 0.819147 0.104445
vt 0.819025 0.0769966
vt 0.825688 0.103966
vt 0.819147 0.104445
vt 0.812942 0.0778118
vt 0.819025 0.0769966
vt 0.078756 0.756947
vt 0.0536891 0.732856
vt 0.0751986 0.729783
vt 0.148159 0.113474
vt 0.146272 0.134789
vt 0.118423 0.129858
vt 0.820454 0.129813
vt 0.825688 0.103966
vt 0.827577 0.130206
vt 0.820454 0.129813
vt 0.819147 0.104445
vt 0.825688 0.103966
vt 0.81826 0.150441
vt 0.827577 0.130206
vt 0.825526 0.151926
vt 0.81826 0.150441
vt 0.820454 0.129813
vt 0.827577 0.130206
vt 0.812942 0.172313
vt 0.825526 0.151926
vt 0.819703 0.174255
vt 0.812942 0.172313
vt 0.81826 0.150441
vt 0.825526 0.151926
vt 0.522622 0.054336
vt 0.510197 0.0305672
vt 0.521827 0.029488
vt 0.522622 0.054336
vt 0.511037 0.0543938
vt 0.510197 0.0305672
vt 0.886977 0.560222
vt 0.88407 0.58483
vt 0.879193 0.561472
vt 0.504257 0.054571
vt 0.503193 0.0314731
vt 0.510197 0.0305672
vt 0.12585 0.802151
vt 0.138643 0.823535
vt 0.128802 0.822749
vt 0.12585 0.802151
vt 0.135576 0.802495
vt 0.138643 0.823535
vt 0.811229 0.549809
vt 0.811229 0.58604
vt 0.8033 0.582636
vt 0.345085 0.730618
vt 0.353132 0.733525
vt 0.343435 0.763406
vt 0.357849 0.699952
vt 0.345085 0.730618
vt 0.349586 0.697912
vt 0.357849 0.699952
vt 0.353132 0.733525
vt 0.345085 0.730618
vt 0.0923801 0.77634
vt 0.117204 0.803412
vt 0.100145 0.803297
vt 0.0923801 0.77634
vt 0.107664 0.774998
vt 0.117204 0.803412
vt 0.142595 0.802299
vt 0.138643 0.823535
vt 0.135576 0.802495
vt 0.142595 0.802299
vt 0.145937 0.823763
vt 0.138643 0.823535
vt 0.0130783 0.456072
vt 0.00810646 0.490785
vt 0.00680248 0.456195
vt 0.0130783 0.456072
vt 0.0142942 0.49196
vt 0.00810646 0.490785
vt 0.363926 0.700607
vt 0.353132 0.733525
vt 0.357849 0.699952
vt 0.363926 0.700607
vt 0.359372 0.734757
vt 0.353132 0.733525
vt 0.145937 0.823763
vt 0.138622 0.845799
vt 0.138643 0.823535
vt 0.145937 0.823763
vt 0.145897 0.846705
vt 0.138622 0.845799
vt 0.128802 0.822749
vt 0.138622 0.845799
vt 0.128686 0.844592
vt 0.128802 0.822749
vt 0.138643 0.823535
vt 0.138622 0.845799
vt 0.860485 0.266478
vt 0.850016 0.238438
vt 0.858127 0.239805
vt 0.860485 0.266478
vt 0.851694 0.264599
vt 0.850016 0.238438
vt 0.862687 0.299629
vt 0.851694 0.264599
vt 0.860485 0.266478
vt 0.862687 0.299629
vt 0.853317 0.297215
vt 0.851694 0.264599
vt 0.852843 0.327327
vt 0.862687 0.299629
vt 0.862877 0.330093
vt 0.852843 0.327327
vt 0.853317 0.297215
vt 0.862687 0.299629
vt 0.315832 0.549181
vt 0.312982 0.580852
vt 0.303402 0.552485
vt 0.863435 0.217623
vt 0.862649 0.186344
vt 0.874867 0.188551
vt 0.846326 0.263384
vt 0.850016 0.238438
vt 0.851694 0.264599
vt 0.846326 0.263384
vt 0.844886 0.237441
vt 0.850016 0.238438
vt 0.185637 0.0988628
vt 0.184518 0.0675349
vt 0.191256 0.0995119
vt 0.848046 0.295615
vt 0.846326 0.263384
vt 0.851694 0.264599
vt 0.187699 0.128771
vt 0.191256 0.0995119
vt 0.192905 0.130119
vt 0.187699 0.128771
vt 0.185637 0.0988628
vt 0.191256 0.0995119
vt 0.674688 0.494252
vt 0.690596 0.464561
vt 0.694124 0.499242
vt 0.119501 0.0690383
vt 0.111184 0.0368087
vt 0.131657 0.0368087
vt 0.860485 0.266478
vt 0.869258 0.301436
vt 0.862687 0.299629
vt 0.860485 0.266478
vt 0.867161 0.267925
vt 0.869258 0.301436
vt 0.898112 0.275845
vt 0.877717 0.243222
vt 0.896286 0.247044
vt 0.898112 0.275845
vt 0.879716 0.270977
vt 0.877717 0.243222
vt 0.899334 0.311251
vt 0.879716 0.270977
vt 0.898112 0.275845
vt 0.899334 0.311251
vt 0.882092 0.305483
vt 0.879716 0.270977
vt 0.882815 0.33631
vt 0.899334 0.311251
vt 0.898719 0.342493
vt 0.882815 0.33631
vt 0.882092 0.305483
vt 0.899334 0.311251
vt 0.862687 0.299629
vt 0.86986 0.331361
vt 0.862877 0.330093
vt 0.862687 0.299629
vt 0.869258 0.301436
vt 0.86986 0.331361
vt 0.879716 0.270977
vt 0.864984 0.240899
vt 0.877717 0.243222
vt 0.879716 0.270977
vt 0.867161 0.267925
vt 0.864984 0.240899
vt 0.882092 0.305483
vt 0.867161 0.267925
vt 0.879716 0.270977
vt 0.882092 0.305483
vt 0.869258 0.301436
vt 0.867161 0.267925
vt 0.86986 0.331361
vt 0.882092 0.305483
vt 0.882815 0.33631
vt 0.86986 0.331361
vt 0.869258 0.301436
vt 0.882092 0.305483
vt 0.876322 0.218247
vt 0.892755 0.188917
vt 0.894694 0.220775
vt 0.303402 0.552485
vt 0.312982 0.580852
vt 0.295495 0.584881
vt 0.858127 0.239805
vt 0.867161 0.267925
vt 0.860485 0.266478
vt 0.858127 0.239805
vt 0.864984 0.240899
vt 0.867161 0.267925
vt 0.856667 0.216545
vt 0.862649 0.186344
vt 0.863435 0.217623
vt 0.856667 0.216545
vt 0.855899 0.18522
vt 0.862649 0.186344
vt 0.342768 0.668017
vt 0.332729 0.692077
vt 0.332514 0.666972
vt 0.342768 0.668017
vt 0.343343 0.695847
vt 0.332729 0.692077
vt 0.33488 0.759808
vt 0.338568 0.726977
vt 0.345085 0.730618
vt 0.33488 0.759808
vt 0.32828 0.7554
vt 0.338568 0.726977
vt 0.0739357 0.820227
vt 0.100145 0.803297
vt 0.102193 0.822264
vt 0.0739357 0.820227
vt 0.0730427 0.800994
vt 0.100145 0.803297
vt 0.315908 0.706429
vt 0.316679 0.746088
vt 0.302255 0.727999
vt 0.315908 0.706429
vt 0.327443 0.720538
vt 0.316679 0.746088
vt 0.332729 0.692077
vt 0.315908 0.706429
vt 0.323855 0.688934
vt 0.332729 0.692077
vt 0.327443 0.720538
vt 0.315908 0.706429
vt 0.345085 0.730618
vt 0.343343 0.695847
vt 0.349586 0.697912
vt 0.345085 0.730618
vt 0.338568 0.726977
vt 0.343343 0.695847
vt 0.100145 0.803297
vt 0.120033 0.822948
vt 0.102193 0.822264
vt 0.100145 0.803297
vt 0.117204 0.803412
vt 0.120033 0.822948
vt 0.327443 0.720538
vt 0.32828 0.7554
vt 0.316679 0.746088
vt 0.327443 0.720538
vt 0.338568 0.726977
vt 0.32828 0.7554
vt 0.343343 0.695847
vt 0.327443 0.720538
vt 0.332729 0.692077
vt 0.343343 0.695847
vt 0.338568 0.726977
vt 0.327443 0.720538
vt 0.0685305 0.774414
vt 0.100145 0.803297
vt 0.0730427 0.800994
vt 0.0685305 0.774414
vt 0.0923801 0.77634
vt 0.100145 0.803297
vt 0.12585 0.802151
vt 0.107664 0.774998
vt 0.115467 0.773187
vt 0.12585 0.802151
vt 0.117204 0.803412
vt 0.107664 0.774998
vt 0.810422 0.890318
vt 0.823144 0.933646
vt 0.809803 0.93056
vt 0.810422 0.890318
vt 0.825101 0.893251
vt 0.823144 0.933646
vt 0.12585 0.802151
vt 0.120033 0.822948
vt 0.117204 0.803412
vt 0.12585 0.802151
vt 0.128802 0.822749
vt 0.120033 0.822948
vt 0.128802 0.822749
vt 0.119903 0.844075
vt 0.120033 0.822948
vt 0.128802 0.822749
vt 0.128686 0.844592
vt 0.119903 0.844075
vt 0.532756 0.0543559
vt 0.521827 0.029488
vt 0.531476 0.0288052
vt 0.532756 0.0543559
vt 0.522622 0.054336
vt 0.521827 0.029488
vt 0.102193 0.822264
vt 0.119903 0.844075
vt 0.102006 0.842701
vt 0.102193 0.822264
vt 0.120033 0.822948
vt 0.119903 0.844075
vt 0.102193 0.822264
vt 0.0732854 0.841022
vt 0.0739357 0.820227
vt 0.102193 0.822264
vt 0.102006 0.842701
vt 0.0732854 0.841022
vt 0.718171 0.0598702
vt 0.749929 0.0374858
vt 0.749642 0.0537829
vt 0.718171 0.0598702
vt 0.71931 0.043976
vt 0.749929 0.0374858
vt 0.747547 0.0154887
vt 0.719036 0.0298097
vt 0.71887 0.0207835
vt 0.747547 0.0154887
vt 0.748791 0.0233749
vt 0.719036 0.0298097
vt 0.718171 0.0598702
vt 0.690249 0.0479645
vt 0.71931 0.043976
vt 0.718171 0.0598702
vt 0.688412 0.063573
vt 0.690249 0.0479645
vt 0.688412 0.063573
vt 0.666895 0.048902
vt 0.690249 0.0479645
vt 0.688412 0.063573
vt 0.664526 0.0644233
vt 0.666895 0.048902
vt 0.558285 0.0012908
vt 0.546432 0.0276884
vt 0.542632 0.00260866
vt 0.558285 0.0012908
vt 0.561882 0.0270377
vt 0.546432 0.0276884
vt 0.71931 0.043976
vt 0.748791 0.0233749
vt 0.749929 0.0374858
vt 0.71931 0.043976
vt 0.719036 0.0298097
vt 0.748791 0.0233749
vt 0.749929 0.0374858
vt 0.780933 0.0437981
vt 0.749642 0.0537829
vt 0.749929 0.0374858
vt 0.779902 0.0269286
vt 0.780933 0.0437981
vt 0.690249 0.0479645
vt 0.719036 0.0298097
vt 0.71931 0.043976
vt 0.690249 0.0479645
vt 0.691379 0.0336921
vt 0.719036 0.0298097
vt 0.666895 0.048902
vt 0.691379 0.0336921
vt 0.690249 0.0479645
vt 0.666895 0.048902
vt 0.668707 0.0342622
vt 0.691379 0.0336921
vt 0.546432 0.0276884
vt 0.527966 0.0045315
vt 0.542632 0.00260866
vt 0.546432 0.0276884
vt 0.531476 0.0288052
vt 0.527966 0.0045315
vt 0.563197 0.0543059
vt 0.546432 0.0276884
vt 0.561882 0.0270377
vt 0.563197 0.0543059
vt 0.547817 0.054314
vt 0.546432 0.0276884
vt 0.547817 0.054314
vt 0.531476 0.0288052
vt 0.546432 0.0276884
vt 0.547817 0.054314
vt 0.532756 0.0543559
vt 0.531476 0.0288052
vt 0.521827 0.029488
vt 0.527966 0.0045315
vt 0.531476 0.0288052
vt 0.521827 0.029488
vt 0.518382 0.00585437
vt 0.527966 0.0045315
vt 0.669407 0.02462
vt 0.691379 0.0336921
vt 0.668707 0.0342622
vt 0.669407 0.02462
vt 0.691848 0.024378
vt 0.691379 0.0336921
vt 0.691848 0.024378
vt 0.719036 0.0298097
vt 0.691379 0.0336921
vt 0.691848 0.024378
vt 0.71887 0.0207835
vt 0.719036 0.0298097
vt 0.747547 0.0154887
vt 0.778902 0.0132769
vt 0.748791 0.0233749
vt 0.747547 0.0154887
vt 0.777235 0.00637931
vt 0.778902 0.0132769
vt 0.162491 0.664071
vt 0.149868 0.637258
vt 0.165881 0.634078
vt 0.162491 0.664071
vt 0.148929 0.668948
vt 0.149868 0.637258
vt 0.345648 0.638189
vt 0.33316 0.609477
vt 0.339574 0.609539
vt 0.345648 0.638189
vt 0.339372 0.637747
vt 0.33316 0.609477
vt 0.313897 0.645043
vt 0.332514 0.666972
vt 0.320641 0.671434
vt 0.313897 0.645043
vt 0.33001 0.638352
vt 0.332514 0.666972
vt 0.305648 0.616774
vt 0.33001 0.638352
vt 0.313897 0.645043
vt 0.305648 0.616774
vt 0.321851 0.610991
vt 0.33001 0.638352
vt 0.295495 0.584881
vt 0.321851 0.610991
vt 0.305648 0.616774
vt 0.295495 0.584881
vt 0.312982 0.580852
vt 0.321851 0.610991
vt 0.339574 0.609539
vt 0.324943 0.578527
vt 0.331835 0.578024
vt 0.339574 0.609539
vt 0.33316 0.609477
vt 0.324943 0.578527
vt 0.33001 0.638352
vt 0.342768 0.668017
vt 0.332514 0.666972
vt 0.33001 0.638352
vt 0.339372 0.637747
vt 0.342768 0.668017
vt 0.321851 0.610991
vt 0.339372 0.637747
vt 0.33001 0.638352
vt 0.321851 0.610991
vt 0.33316 0.609477
vt 0.339372 0.637747
vt 0.312982 0.580852
vt 0.33316 0.609477
vt 0.321851 0.610991
vt 0.312982 0.580852
vt 0.324943 0.578527
vt 0.33316 0.609477
vt 0.332514 0.666972
vt 0.323855 0.688934
vt 0.320641 0.671434
vt 0.332514 0.666972
vt 0.332729 0.692077
vt 0.323855 0.688934
vt 0.296601 0.820169
vt 0.339541 0.800967
vt 0.339873 0.821974
vt 0.296601 0.820169
vt 0.297009 0.799469
vt 0.339541 0.800967
vt 0.349103 0.669244
vt 0.339372 0.637747
vt 0.345648 0.638189
vt 0.349103 0.669244
vt 0.342768 0.668017
vt 0.339372 0.637747
vt 0.349103 0.669244
vt 0.343343 0.695847
vt 0.342768 0.668017
vt 0.349103 0.669244
vt 0.349586 0.697912
vt 0.343343 0.695847
vt 0.132272 0.707391
vt 0.148929 0.668948
vt 0.149256 0.694577
vt 0.132272 0.707391
vt 0.130543 0.677268
vt 0.148929 0.668948
vt 0.72434 0.362284
vt 0.704082 0.397417
vt 0.702308 0.364542
vt 0.72434 0.362284
vt 0.726467 0.397387
vt 0.704082 0.397417
vt 0.132272 0.707391
vt 0.110546 0.684659
vt 0.130543 0.677268
vt 0.132272 0.707391
vt 0.113014 0.717947
vt 0.110546 0.684659
vt 0.113014 0.717947
vt 0.0920776 0.689494
vt 0.110546 0.684659
vt 0.113014 0.717947
vt 0.0953685 0.724723
vt 0.0920776 0.689494
vt 0.0953685 0.724723
vt 0.071214 0.693374
vt 0.0920776 0.689494
vt 0.0953685 0.724723
vt 0.0751986 0.729783
vt 0.071214 0.693374
vt 0.130543 0.677268
vt 0.149868 0.637258
vt 0.148929 0.668948
vt 0.130543 0.677268
vt 0.129795 0.641868
vt 0.149868 0.637258
vt 0.165881 0.634078
vt 0.149536 0.60829
vt 0.166702 0.607436
vt 0.165881 0.634078
vt 0.149868 0.637258
vt 0.149536 0.60829
vt 0.110546 0.684659
vt 0.129795 0.641868
vt 0.130543 0.677268
vt 0.110546 0.684659
vt 0.10847 0.646175
vt 0.129795 0.641868
vt 0.0920776 0.689494
vt 0.10847 0.646175
vt 0.110546 0.684659
vt 0.0920776 0.689494
vt 0.0892023 0.649265
vt 0.10847 0.646175
vt 0.071214 0.693374
vt 0.0892023 0.649265
vt 0.0920776 0.689494
vt 0.071214 0.693374
vt 0.067647 0.651901
vt 0.0892023 0.649265
vt 0.129795 0.641868
vt 0.149536 0.60829
vt 0.149868 0.637258
vt 0.129795 0.641868
vt 0.128504 0.609988
vt 0.149536 0.60829
vt 0.148929 0.668948
vt 0.159504 0.680174
vt 0.149256 0.694577
vt 0.148929 0.668948
vt 0.162491 0.664071
vt 0.159504 0.680174
vt 0.10847 0.646175
vt 0.128504 0.609988
vt 0.129795 0.641868
vt 0.10847 0.646175
vt 0.106537 0.611943
vt 0.128504 0.609988
vt 0.0892023 0.649265
vt 0.106537 0.611943
vt 0.10847 0.646175
vt 0.0892023 0.649265
vt 0.0870268 0.613627
vt 0.106537 0.611943
vt 0.067647 0.651901
vt 0.0870268 0.613627
vt 0.0892023 0.649265
vt 0.067647 0.651901
vt 0.0653225 0.615339
vt 0.0870268 0.613627
vt 0.794796 0.952109
vt 0.809803 0.93056
vt 0.807699 0.955709
vt 0.794796 0.952109
vt 0.796632 0.927281
vt 0.809803 0.93056
vt 0.683917 0.366805
vt 0.704082 0.397417
vt 0.685054 0.397542
vt 0.683917 0.366805
vt 0.702308 0.364542
vt 0.704082 0.397417
vt 0.746845 0.360742
vt 0.726467 0.397387
vt 0.72434 0.362284
vt 0.746845 0.360742
vt 0.748883 0.397804
vt 0.726467 0.397387
vt 0.0850368 0.581309
vt 0.101638 0.543474
vt 0.104581 0.580793
vt 0.0850368 0.581309
vt 0.0824986 0.542762
vt 0.101638 0.543474
vt 0.0634473 0.582197
vt 0.0824986 0.542762
vt 0.0850368 0.581309
vt 0.0634473 0.582197
vt 0.0616414 0.542762
vt 0.0824986 0.542762
vt 0.0536891 0.732856
vt 0.071214 0.693374
vt 0.0751986 0.729783
vt 0.0536891 0.732856
vt 0.0489956 0.695891
vt 0.071214 0.693374
vt 0.726467 0.397387
vt 0.706619 0.43445
vt 0.704082 0.397417
vt 0.726467 0.397387
vt 0.728619 0.436307
vt 0.706619 0.43445
vt 0.0489956 0.695891
vt 0.067647 0.651901
vt 0.071214 0.693374
vt 0.0489956 0.695891
vt 0.0449055 0.653999
vt 0.067647 0.651901
vt 0.0449055 0.653999
vt 0.0653225 0.615339
vt 0.067647 0.651901
vt 0.0449055 0.653999
vt 0.0422247 0.617154
vt 0.0653225 0.615339
vt 0.0405923 0.58363
vt 0.0616414 0.542762
vt 0.0634473 0.582197
vt 0.0405923 0.58363
vt 0.039898 0.543748
vt 0.0616414 0.542762
vt 0.793522 0.847628
vt 0.810422 0.890318
vt 0.796316 0.887231
vt 0.793522 0.847628
vt 0.809187 0.849793
vt 0.810422 0.890318
vt 0.789317 0.809837
vt 0.809187 0.849793
vt 0.793522 0.847628
vt 0.789317 0.809837
vt 0.805794 0.811262
vt 0.809187 0.849793
vt 0.865735 0.858887
vt 0.884657 0.821713
vt 0.878782 0.861023
vt 0.865735 0.858887
vt 0.869429 0.819354
vt 0.884657 0.821713
vt 0.809803 0.93056
vt 0.820542 0.958948
vt 0.807699 0.955709
vt 0.809803 0.93056
vt 0.823144 0.933646
vt 0.820542 0.958948
vt 0.809187 0.849793
vt 0.825101 0.893251
vt 0.810422 0.890318
vt 0.809187 0.849793
vt 0.825068 0.852465
vt 0.825101 0.893251
vt 0.805794 0.811262
vt 0.825068 0.852465
vt 0.809187 0.849793
vt 0.805794 0.811262
vt 0.823438 0.813112
vt 0.825068 0.852465
vt 0.823144 0.933646
vt 0.838725 0.895821
vt 0.835511 0.936297
vt 0.823144 0.933646
vt 0.825101 0.893251
vt 0.838725 0.895821
vt 0.820542 0.958948
vt 0.835511 0.936297
vt 0.832473 0.96163
vt 0.820542 0.958948
vt 0.823144 0.933646
vt 0.835511 0.936297
vt 0.825101 0.893251
vt 0.840292 0.854792
vt 0.838725 0.895821
vt 0.825101 0.893251
vt 0.825068 0.852465
vt 0.840292 0.854792
vt 0.825068 0.852465
vt 0.840794 0.81506
vt 0.840292 0.854792
vt 0.825068 0.852465
vt 0.823438 0.813112
vt 0.840794 0.81506
vt 0.835511 0.936297
vt 0.849532 0.897769
vt 0.845276 0.938239
vt 0.835511 0.936297
vt 0.838725 0.895821
vt 0.849532 0.897769
vt 0.832473 0.96163
vt 0.845276 0.938239
vt 0.841851 0.963541
vt 0.832473 0.96163
vt 0.835511 0.936297
vt 0.845276 0.938239
vt 0.838725 0.895821
vt 0.852813 0.85675
vt 0.849532 0.897769
vt 0.838725 0.895821
vt 0.840292 0.854792
vt 0.852813 0.85675
vt 0.840292 0.854792
vt 0.854676 0.816867
vt 0.852813 0.85675
vt 0.840292 0.854792
vt 0.840794 0.81506
vt 0.854676 0.816867
vt 0.845276 0.938239
vt 0.860877 0.899734
vt 0.855433 0.940117
vt 0.845276 0.938239
vt 0.849532 0.897769
vt 0.860877 0.899734
vt 0.841851 0.963541
vt 0.855433 0.940117
vt 0.851588 0.965353
vt 0.841851 0.963541
vt 0.845276 0.938239
vt 0.855433 0.940117
vt 0.849532 0.897769
vt 0.865735 0.858887
vt 0.860877 0.899734
vt 0.849532 0.897769
vt 0.852813 0.85675
vt 0.865735 0.858887
vt 0.852813 0.85675
vt 0.869429 0.819354
vt 0.865735 0.858887
vt 0.852813 0.85675
vt 0.854676 0.816867
vt 0.869429 0.819354
vt 0.796316 0.887231
vt 0.809803 0.93056
vt 0.796632 0.927281
vt 0.796316 0.887231
vt 0.810422 0.890318
vt 0.809803 0.93056
vt 0.687428 0.432559
vt 0.709034 0.46827
vt 0.690596 0.464561
vt 0.687428 0.432559
vt 0.706619 0.43445
vt 0.709034 0.46827
vt 0.654714 0.738619
vt 0.628276 0.724097
vt 0.655153 0.725902
vt 0.654714 0.738619
vt 0.628039 0.736975
vt 0.628276 0.724097
vt 0.860877 0.899734
vt 0.878782 0.861023
vt 0.872419 0.901617
vt 0.860877 0.899734
vt 0.865735 0.858887
vt 0.878782 0.861023
vt 0.855433 0.940117
vt 0.872419 0.901617
vt 0.86583 0.941853
vt 0.855433 0.940117
vt 0.860877 0.899734
vt 0.872419 0.901617
vt 0.374114 0.738597
vt 0.369755 0.7022
vt 0.378108 0.703451
vt 0.374114 0.738597
vt 0.36557 0.736971
vt 0.369755 0.7022
vt 0.851588 0.965353
vt 0.86583 0.941853
vt 0.861554 0.967016
vt 0.851588 0.965353
vt 0.855433 0.940117
vt 0.86583 0.941853
vt 0.656743 0.695112
vt 0.630253 0.682861
vt 0.657402 0.685241
vt 0.656743 0.695112
vt 0.629596 0.692898
vt 0.630253 0.682861
vt 0.656168 0.704755
vt 0.629596 0.692898
vt 0.656743 0.695112
vt 0.656168 0.704755
vt 0.629058 0.702695
vt 0.629596 0.692898
vt 0.65568 0.71405
vt 0.629058 0.702695
vt 0.656168 0.704755
vt 0.65568 0.71405
vt 0.62865 0.71212
vt 0.629058 0.702695
vt 0.655153 0.725902
vt 0.62865 0.71212
vt 0.65568 0.71405
vt 0.655153 0.725902
vt 0.628276 0.724097
vt 0.62865 0.71212
vt 0.628039 0.736975
vt 0.654413 0.75132
vt 0.628029 0.749892
vt 0.628039 0.736975
vt 0.654714 0.738619
vt 0.654413 0.75132
vt 0.73183 0.507772
vt 0.71486 0.535394
vt 0.712236 0.503247
vt 0.73183 0.507772
vt 0.732686 0.540009
vt 0.71486 0.535394
vt 0.726467 0.397387
vt 0.750261 0.438363
vt 0.728619 0.436307
vt 0.726467 0.397387
vt 0.748883 0.397804
vt 0.750261 0.438363
vt 0.748883 0.397804
vt 0.768517 0.440012
vt 0.750261 0.438363
vt 0.748883 0.397804
vt 0.768065 0.39848
vt 0.768517 0.440012
vt 0.768065 0.39848
vt 0.787958 0.441806
vt 0.768517 0.440012
vt 0.768065 0.39848
vt 0.788826 0.399706
vt 0.787958 0.441806
vt 0.728619 0.436307
vt 0.709034 0.46827
vt 0.706619 0.43445
vt 0.728619 0.436307
vt 0.730316 0.471488
vt 0.709034 0.46827
vt 0.690596 0.464561
vt 0.712236 0.503247
vt 0.694124 0.499242
vt 0.690596 0.464561
vt 0.709034 0.46827
vt 0.712236 0.503247
vt 0.750261 0.438363
vt 0.730316 0.471488
vt 0.728619 0.436307
vt 0.750261 0.438363
vt 0.750767 0.474525
vt 0.730316 0.471488
vt 0.768517 0.440012
vt 0.750767 0.474525
vt 0.750261 0.438363
vt 0.768517 0.440012
vt 0.767772 0.476688
vt 0.750767 0.474525
vt 0.787958 0.441806
vt 0.767772 0.476688
vt 0.768517 0.440012
vt 0.787958 0.441806
vt 0.785788 0.478784
vt 0.767772 0.476688
vt 0.730316 0.471488
vt 0.712236 0.503247
vt 0.709034 0.46827
vt 0.730316 0.471488
vt 0.73183 0.507772
vt 0.712236 0.503247
vt 0.706619 0.43445
vt 0.685054 0.397542
vt 0.704082 0.397417
vt 0.706619 0.43445
vt 0.687428 0.432559
vt 0.685054 0.397542
vt 0.750767 0.474525
vt 0.73183 0.507772
vt 0.730316 0.471488
vt 0.750767 0.474525
vt 0.750688 0.511499
vt 0.73183 0.507772
vt 0.767772 0.476688
vt 0.750688 0.511499
vt 0.750767 0.474525
vt 0.767772 0.476688
vt 0.766297 0.513878
vt 0.750688 0.511499
vt 0.785788 0.478784
vt 0.766297 0.513878
vt 0.767772 0.476688
vt 0.785788 0.478784
vt 0.782599 0.516216
vt 0.766297 0.513878
vt 0.00224904 0.368569
vt 0.0122577 0.396079
vt 0.00394626 0.394823
vt 0.00224904 0.368569
vt 0.0101249 0.368978
vt 0.0122577 0.396079
vt 0.694124 0.499242
vt 0.71486 0.535394
vt 0.69808 0.530384
vt 0.694124 0.499242
vt 0.712236 0.503247
vt 0.71486 0.535394
vt 0.750688 0.511499
vt 0.732686 0.540009
vt 0.73183 0.507772
vt 0.750688 0.511499
vt 0.750092 0.543678
vt 0.732686 0.540009
vt 0.766297 0.513878
vt 0.750092 0.543678
vt 0.750688 0.511499
vt 0.766297 0.513878
vt 0.763921 0.546173
vt 0.750092 0.543678
vt 0.782599 0.516216
vt 0.763921 0.546173
vt 0.766297 0.513878
vt 0.782599 0.516216
vt 0.778514 0.548714
vt 0.763921 0.546173
vt 0.810301 0.401496
vt 0.787958 0.441806
vt 0.788826 0.399706
vt 0.810301 0.401496
vt 0.807805 0.443708
vt 0.787958 0.441806
vt 0.350222 0.577772
vt 0.366277 0.609874
vt 0.358497 0.609738
vt 0.350222 0.577772
vt 0.358184 0.577162
vt 0.366277 0.609874
vt 0.807805 0.443708
vt 0.785788 0.478784
vt 0.787958 0.441806
vt 0.807805 0.443708
vt 0.804167 0.480626
vt 0.785788 0.478784
vt 0.804167 0.480626
vt 0.782599 0.516216
vt 0.785788 0.478784
vt 0.804167 0.480626
vt 0.799163 0.517978
vt 0.782599 0.516216
vt 0.884657 0.821713
vt 0.8724 0.787215
vt 0.889218 0.789622
vt 0.884657 0.821713
vt 0.869429 0.819354
vt 0.8724 0.787215
vt 0.768124 0.9207
vt 0.758293 0.882467
vt 0.767265 0.883319
vt 0.768124 0.9207
vt 0.758196 0.919078
vt 0.758293 0.882467
vt 0.36557 0.736971
vt 0.363926 0.700607
vt 0.369755 0.7022
vt 0.36557 0.736971
vt 0.359372 0.734757
vt 0.363926 0.700607
vt 0.766355 0.94432
vt 0.758196 0.919078
vt 0.768124 0.9207
vt 0.766355 0.94432
vt 0.756119 0.942058
vt 0.758196 0.919078
vt 0.0398288 0.108849
vt 0.0286195 0.0859951
vt 0.0386865 0.0842415
vt 0.163334 0.848827
vt 0.153334 0.847394
vt 0.15366 0.823473
vt 0.756119 0.846291
vt 0.767265 0.883319
vt 0.758293 0.882467
vt 0.756119 0.846291
vt 0.764635 0.845879
vt 0.767265 0.883319
vt 0.149747 0.801393
vt 0.131189 0.771335
vt 0.138076 0.769156
vt 0.149747 0.801393
vt 0.142595 0.802299
vt 0.131189 0.771335
vt 0.0142942 0.49196
vt 0.00680247 0.52576
vt 0.00810646 0.490785
vt 0.0142942 0.49196
vt 0.0133842 0.527411
vt 0.00680247 0.52576
vt 0.15366 0.823473
vt 0.142595 0.802299
vt 0.149747 0.801393
vt 0.15366 0.823473
vt 0.145937 0.823763
vt 0.142595 0.802299
vt 0.153334 0.847394
vt 0.145937 0.823763
vt 0.15366 0.823473
vt 0.153334 0.847394
vt 0.145897 0.846705
vt 0.145937 0.823763
vt 0.377198 0.67268
vt 0.364453 0.639477
vt 0.372542 0.640002
vt 0.377198 0.67268
vt 0.368941 0.671667
vt 0.364453 0.639477
vt 0.355736 0.768415
vt 0.359372 0.734757
vt 0.36557 0.736971
vt 0.355736 0.768415
vt 0.349068 0.765612
vt 0.359372 0.734757
vt 0.364453 0.639477
vt 0.352989 0.60978
vt 0.358497 0.609738
vt 0.364453 0.639477
vt 0.358947 0.63899
vt 0.352989 0.60978
vt 0.372542 0.640002
vt 0.358497 0.609738
vt 0.366277 0.609874
vt 0.372542 0.640002
vt 0.364453 0.639477
vt 0.358497 0.609738
vt 0.369755 0.7022
vt 0.377198 0.67268
vt 0.378108 0.703451
vt 0.369755 0.7022
vt 0.368941 0.671667
vt 0.377198 0.67268
vt 0.350222 0.577772
vt 0.352989 0.60978
vt 0.344921 0.578177
vt 0.350222 0.577772
vt 0.358497 0.609738
vt 0.352989 0.60978
vt 0.368941 0.671667
vt 0.358947 0.63899
vt 0.364453 0.639477
vt 0.368941 0.671667
vt 0.362739 0.670847
vt 0.358947 0.63899
vt 0.368941 0.671667
vt 0.363926 0.700607
vt 0.362739 0.670847
vt 0.368941 0.671667
vt 0.369755 0.7022
vt 0.363926 0.700607
vt 0.362739 0.670847
vt 0.357849 0.699952
vt 0.356805 0.670185
vt 0.654682 0.969175
vt 0.654682 0.998968
vt 0.648572 0.99723
vt 0.832546 0.234655
vt 0.840924 0.2621
vt 0.834627 0.260555
vt 0.832546 0.234655
vt 0.839603 0.236155
vt 0.840924 0.2621
vt 0.840924 0.2621
vt 0.848046 0.295615
vt 0.842265 0.294297
vt 0.840924 0.2621
vt 0.846326 0.263384
vt 0.848046 0.295615
vt 0.834627 0.260555
vt 0.842265 0.294297
vt 0.835829 0.292206
vt 0.834627 0.260555
vt 0.840924 0.2621
vt 0.842265 0.294297
vt 0.838285 0.212473
vt 0.832546 0.234655
vt 0.830871 0.211796
vt 0.838285 0.212473
vt 0.839603 0.236155
vt 0.832546 0.234655
vt 0.842617 0.323219
vt 0.848046 0.295615
vt 0.847803 0.325141
vt 0.842617 0.323219
vt 0.842265 0.294297
vt 0.848046 0.295615
vt 0.839603 0.236155
vt 0.846326 0.263384
vt 0.840924 0.2621
vt 0.839603 0.236155
vt 0.844886 0.237441
vt 0.846326 0.263384
vt 0.838285 0.212473
vt 0.843517 0.184001
vt 0.844021 0.213477
vt 0.838285 0.212473
vt 0.838278 0.182504
vt 0.843517 0.184001
vt 0.336373 0.549922
vt 0.339365 0.578458
vt 0.331106 0.549859
vt 0.336373 0.549922
vt 0.344921 0.578177
vt 0.339365 0.578458
vt 0.00440261 0.419153
vt 0.0106121 0.440993
vt 0.00224904 0.438407
vt 0.00440261 0.419153
vt 0.0125668 0.421101
vt 0.0106121 0.440993
vt 0.493629 0.010083
vt 0.503193 0.0314731
vt 0.495915 0.0318202
vt 0.493629 0.010083
vt 0.500591 0.0095616
vt 0.503193 0.0314731
vt 0.48496 0.0114474
vt 0.495915 0.0318202
vt 0.487188 0.0324647
vt 0.48496 0.0114474
vt 0.493629 0.010083
vt 0.495915 0.0318202
vt 0.00394626 0.394823
vt 0.0125668 0.421101
vt 0.00440261 0.419153
vt 0.00394626 0.394823
vt 0.0122577 0.396079
vt 0.0125668 0.421101
vt 0.842617 0.323219
vt 0.830871 0.346556
vt 0.835329 0.320021
vt 0.842617 0.323219
vt 0.838335 0.350473
vt 0.830871 0.346556
vt 0.0101249 0.368978
vt 0.0186317 0.396707
vt 0.0122577 0.396079
vt 0.0101249 0.368978
vt 0.0166315 0.369363
vt 0.0186317 0.396707
vt 0.48829 0.0546746
vt 0.495915 0.0318202
vt 0.496759 0.0545613
vt 0.48829 0.0546746
vt 0.487188 0.0324647
vt 0.495915 0.0318202
vt 0.0125668 0.421101
vt 0.0174362 0.442461
vt 0.0106121 0.440993
vt 0.0125668 0.421101
vt 0.0192645 0.422215
vt 0.0174362 0.442461
vt 0.0122577 0.396079
vt 0.0192645 0.422215
vt 0.0125668 0.421101
vt 0.0122577 0.396079
vt 0.0186317 0.396707
vt 0.0192645 0.422215
vt 0.0101249 0.368978
vt 0.0106205 0.341853
vt 0.0166315 0.369363
vt 0.838335 0.350473
vt 0.842617 0.323219
vt 0.847803 0.325141
vt 0.844277 0.352604
vt 0.852843 0.327327
vt 0.850001 0.356109
vt 0.184518 0.157673
vt 0.187699 0.128771
vt 0.192905 0.130119
vt 0.116288 0.741638
vt 0.101576 0.759131
vt 0.0989484 0.75085
vt 0.116288 0.741638
vt 0.119505 0.75077
vt 0.101576 0.759131
vt 0.496759 0.0545613
vt 0.503193 0.0314731
vt 0.504257 0.054571
vt 0.496759 0.0545613
vt 0.495915 0.0318202
vt 0.503193 0.0314731
vt 0.137375 0.728043
vt 0.113014 0.717947
vt 0.132272 0.707391
vt 0.137375 0.728043
vt 0.116288 0.741638
vt 0.113014 0.717947
vt 0.152936 0.710743
vt 0.132272 0.707391
vt 0.149256 0.694577
vt 0.152936 0.710743
vt 0.137375 0.728043
vt 0.132272 0.707391
vt 0.064159 0.132536
vt 0.0517036 0.14522
vt 0.0525639 0.128525
vt 0.064159 0.132536
vt 0.064159 0.157673
vt 0.0517036 0.14522
vt 0.811925 0.585489
vt 0.811925 0.549787
vt 0.825584 0.576691
vt 0.181986 0.634385
vt 0.175485 0.665638
vt 0.162491 0.664071
vt 0.0989484 0.75085
vt 0.0809688 0.765444
vt 0.078756 0.756947
vt 0.0989484 0.75085
vt 0.101576 0.759131
vt 0.0809688 0.765444
vt 0.137375 0.728043
vt 0.119505 0.75077
vt 0.116288 0.741638
vt 0.137375 0.728043
vt 0.139568 0.73716
vt 0.119505 0.75077
vt 0.258886 0.640444
vt 0.248263 0.690142
vt 0.231871 0.654931
vt 0.258886 0.640444
vt 0.273258 0.67352
vt 0.248263 0.690142
vt 0.152936 0.710743
vt 0.139568 0.73716
vt 0.137375 0.728043
vt 0.152936 0.710743
vt 0.158287 0.718715
vt 0.139568 0.73716
vt 0.0580963 0.760684
vt 0.0809688 0.765444
vt 0.0592274 0.768204
vt 0.0580963 0.760684
vt 0.078756 0.756947
vt 0.0809688 0.765444
vt 0.094162 0.0688697
vt 0.094162 0.0363939
vt 0.108512 0.0586256
vt 0.18414 0.608847
vt 0.181986 0.634385
vt 0.165881 0.634078
vt 0.173329 0.694868
vt 0.152936 0.710743
vt 0.16719 0.688512
vt 0.173329 0.694868
vt 0.158287 0.718715
vt 0.152936 0.710743
vt 0.16719 0.688512
vt 0.183967 0.668605
vt 0.173329 0.694868
vt 0.16719 0.688512
vt 0.175485 0.665638
vt 0.183967 0.668605
vt 0.184558 0.584943
vt 0.166702 0.607436
vt 0.166397 0.582239
vt 0.184558 0.584943
vt 0.18414 0.608847
vt 0.166702 0.607436
vt 0.175485 0.665638
vt 0.159504 0.680174
vt 0.162491 0.664071
vt 0.0601319 0.10885
vt 0.064159 0.132536
vt 0.0525639 0.128525
vt 0.670352 0.461156
vt 0.687428 0.432559
vt 0.690596 0.464561
vt 0.0279233 0.075316
vt 0.00920281 0.0509136
vt 0.0279233 0.0425742
vt 0.779113 0.923275
vt 0.796316 0.887231
vt 0.796632 0.927281
vt 0.779113 0.923275
vt 0.778401 0.884453
vt 0.796316 0.887231
vt 0.181986 0.634385
vt 0.183967 0.668605
vt 0.175485 0.665638
vt 0.181986 0.634385
vt 0.190262 0.637615
vt 0.183967 0.668605
vt 0.18414 0.608847
vt 0.190262 0.637615
vt 0.181986 0.634385
vt 0.18414 0.608847
vt 0.19283 0.611731
vt 0.190262 0.637615
vt 0.192774 0.588542
vt 0.18414 0.608847
vt 0.184558 0.584943
vt 0.192774 0.588542
vt 0.19283 0.611731
vt 0.18414 0.608847
vt 0.665254 0.397416
vt 0.657645 0.429214
vt 0.65606 0.395865
vt 0.665254 0.397416
vt 0.667201 0.430657
vt 0.657645 0.429214
vt 0.678629 0.524872
vt 0.694124 0.499242
vt 0.69808 0.530384
vt 0.150348 0.068221
vt 0.132353 0.0431842
vt 0.150348 0.0359978
vt 0.667201 0.430657
vt 0.685054 0.397542
vt 0.687428 0.432559
vt 0.667201 0.430657
vt 0.665254 0.397416
vt 0.685054 0.397542
vt 0.796316 0.887231
vt 0.775281 0.845753
vt 0.793522 0.847628
vt 0.796316 0.887231
vt 0.778401 0.884453
vt 0.775281 0.845753
vt 0.670352 0.461156
vt 0.657645 0.429214
vt 0.667201 0.430657
vt 0.670352 0.461156
vt 0.660463 0.45974
vt 0.657645 0.429214
vt 0.674688 0.494252
vt 0.660463 0.45974
vt 0.670352 0.461156
vt 0.674688 0.494252
vt 0.664566 0.492574
vt 0.660463 0.45974
vt 0.668164 0.523136
vt 0.674688 0.494252
vt 0.678629 0.524872
vt 0.668164 0.523136
vt 0.664566 0.492574
vt 0.674688 0.494252
vt 0.770414 0.809644
vt 0.764635 0.845879
vt 0.760215 0.810302
vt 0.770414 0.809644
vt 0.775281 0.845753
vt 0.764635 0.845879
vt 0.777538 0.94719
vt 0.796632 0.927281
vt 0.794796 0.952109
vt 0.777538 0.94719
vt 0.779113 0.923275
vt 0.796632 0.927281
vt 0.654235 0.768415
vt 0.628029 0.749892
vt 0.654413 0.75132
vt 0.670335 0.998377
vt 0.655378 0.977735
vt 0.670335 0.969175
vt 0.789317 0.809837
vt 0.775281 0.845753
vt 0.770414 0.809644
vt 0.789317 0.809837
vt 0.793522 0.847628
vt 0.775281 0.845753
vt 0.778401 0.884453
vt 0.764635 0.845879
vt 0.775281 0.845753
vt 0.778401 0.884453
vt 0.767265 0.883319
vt 0.764635 0.845879
vt 0.777538 0.94719
vt 0.768124 0.9207
vt 0.779113 0.923275
vt 0.777538 0.94719
vt 0.766355 0.94432
vt 0.768124 0.9207
vt 0.779113 0.923275
vt 0.767265 0.883319
vt 0.778401 0.884453
vt 0.779113 0.923275
vt 0.768124 0.9207
vt 0.767265 0.883319
vt 0.0398288 0.108849
vt 0.0496987 0.0824136
vt 0.0510074 0.107826
vt 0.0398288 0.108849
vt 0.0386865 0.0842415
vt 0.0496987 0.0824136
vt 0.116288 0.741638
vt 0.0953685 0.724723
vt 0.113014 0.717947
vt 0.116288 0.741638
vt 0.0989484 0.75085
vt 0.0953685 0.724723
vt 0.713119 0.109229
vt 0.744221 0.125343
vt 0.71199 0.124687
vt 0.713119 0.109229
vt 0.745399 0.109118
vt 0.744221 0.125343
vt 0.0751986 0.729783
vt 0.0989484 0.75085
vt 0.078756 0.756947
vt 0.0751986 0.729783
vt 0.0953685 0.724723
vt 0.0989484 0.75085
vt 0.65606 0.395865
vt 0.665222 0.368365
vt 0.665254 0.397416
vt 0.192905 0.558345
vt 0.192774 0.588542
vt 0.184558 0.584943
vt 0.665254 0.397416
vt 0.683917 0.366805
vt 0.685054 0.397542
vt 0.633705 0.998388
vt 0.629151 0.969175
vt 0.647876 0.969175
vt 0.844886 0.237441
vt 0.849004 0.213965
vt 0.850016 0.238438
vt 0.844886 0.237441
vt 0.844021 0.213477
vt 0.849004 0.213965
vt 0.839603 0.236155
vt 0.844021 0.213477
vt 0.844886 0.237441
vt 0.839603 0.236155
vt 0.838285 0.212473
vt 0.844021 0.213477
vt 0.628455 0.969175
vt 0.623745 0.99902
vt 0.620654 0.969175
vt 0.677477 0.998209
vt 0.671031 0.969175
vt 0.678693 0.969175
vt 0.0422247 0.617154
vt 0.0634473 0.582197
vt 0.0653225 0.615339
vt 0.0422247 0.617154
vt 0.0405923 0.58363
vt 0.0634473 0.582197
vt 0.0653225 0.615339
vt 0.0850368 0.581309
vt 0.0870268 0.613627
vt 0.0653225 0.615339
vt 0.0634473 0.582197
vt 0.0850368 0.581309
vt 0.0870268 0.613627
vt 0.104581 0.580793
vt 0.106537 0.611943
vt 0.0870268 0.613627
vt 0.0850368 0.581309
vt 0.104581 0.580793
vt 0.106537 0.611943
vt 0.126834 0.580683
vt 0.128504 0.609988
vt 0.106537 0.611943
vt 0.104581 0.580793
vt 0.126834 0.580683
vt 0.166702 0.607436
vt 0.148464 0.581133
vt 0.166397 0.582239
vt 0.166702 0.607436
vt 0.149536 0.60829
vt 0.148464 0.581133
vt 0.128504 0.609988
vt 0.148464 0.581133
vt 0.149536 0.60829
vt 0.128504 0.609988
vt 0.126834 0.580683
vt 0.148464 0.581133
vt 0.858127 0.239805
vt 0.863435 0.217623
vt 0.864984 0.240899
vt 0.858127 0.239805
vt 0.856667 0.216545
vt 0.863435 0.217623
vt 0.877717 0.243222
vt 0.894694 0.220775
vt 0.896286 0.247044
vt 0.877717 0.243222
vt 0.876322 0.218247
vt 0.894694 0.220775
vt 0.864984 0.240899
vt 0.876322 0.218247
vt 0.877717 0.243222
vt 0.864984 0.240899
vt 0.863435 0.217623
vt 0.876322 0.218247
vt 0.850016 0.238438
vt 0.856667 0.216545
vt 0.858127 0.239805
vt 0.850016 0.238438
vt 0.849004 0.213965
vt 0.856667 0.216545
vt 0.224836 0.841011
vt 0.256579 0.820054
vt 0.255862 0.841001
vt 0.224836 0.841011
vt 0.225658 0.82111
vt 0.256579 0.820054
vt 0.920196 0.252164
vt 0.948157 0.228738
vt 0.947987 0.258284
vt 0.920196 0.252164
vt 0.919209 0.224152
vt 0.948157 0.228738
vt 0.947987 0.258284
vt 0.977628 0.234204
vt 0.975659 0.264563
vt 0.947987 0.258284
vt 0.948157 0.228738
vt 0.977628 0.234204
vt 0.227004 0.801696
vt 0.256579 0.820054
vt 0.225658 0.82111
vt 0.227004 0.801696
vt 0.257503 0.800067
vt 0.256579 0.820054
vt 0.896286 0.247044
vt 0.919209 0.224152
vt 0.920196 0.252164
vt 0.896286 0.247044
vt 0.894694 0.220775
vt 0.919209 0.224152
vt 0.436171 0.647567
vt 0.465042 0.687818
vt 0.435684 0.685113
vt 0.436171 0.647567
vt 0.466234 0.647048
vt 0.465042 0.687818
vt 0.412638 0.648544
vt 0.435684 0.685113
vt 0.413214 0.682914
vt 0.412638 0.648544
vt 0.436171 0.647567
vt 0.435684 0.685113
vt 0.00571012 0.500444
vt 0.00571012 0.535919
vt 0.000413229 0.516926
vt 0.944198 0.942639
vt 0.955324 0.959819
vt 0.944198 0.97726
vt 0.497975 0.689887
vt 0.518017 0.730249
vt 0.4964 0.728317
vt 0.497975 0.689887
vt 0.519877 0.690714
vt 0.518017 0.730249
vt 0.435684 0.685113
vt 0.46456 0.723513
vt 0.436862 0.717396
vt 0.435684 0.685113
vt 0.465042 0.687818
vt 0.46456 0.723513
vt 0.413214 0.682914
vt 0.436862 0.717396
vt 0.416125 0.712186
vt 0.413214 0.682914
vt 0.435684 0.685113
vt 0.436862 0.717396
vt 0.46456 0.723513
vt 0.494539 0.76534
vt 0.464825 0.757229
vt 0.46456 0.723513
vt 0.4964 0.728317
vt 0.494539 0.76534
vt 0.4964 0.728317
vt 0.515243 0.768415
vt 0.494539 0.76534
vt 0.4964 0.728317
vt 0.518017 0.730249
vt 0.515243 0.768415
vt 0.436862 0.717396
vt 0.464825 0.757229
vt 0.439622 0.747078
vt 0.436862 0.717396
vt 0.46456 0.723513
vt 0.464825 0.757229
vt 0.416125 0.712186
vt 0.439622 0.747078
vt 0.421164 0.738332
vt 0.416125 0.712186
vt 0.436862 0.717396
vt 0.439622 0.747078
vt 0.466234 0.647048
vt 0.497975 0.689887
vt 0.465042 0.687818
vt 0.466234 0.647048
vt 0.499305 0.646935
vt 0.497975 0.689887
vt 0.717029 0.800217
vt 0.68523 0.820992
vt 0.687436 0.8014
vt 0.717029 0.800217
vt 0.716128 0.820422
vt 0.68523 0.820992
vt 0.603001 0.0823244
vt 0.589731 0.108862
vt 0.592502 0.0821971
vt 0.603001 0.0823244
vt 0.600666 0.109049
vt 0.589731 0.108862
vt 0.148159 0.0689174
vt 0.148159 0.112778
vt 0.132353 0.0897449
vt 0.860578 0.537785
vt 0.878497 0.562471
vt 0.860578 0.584609
vt 0.0927309 0.0695825
vt 0.0927309 0.11173
vt 0.0821575 0.0870398
vt 0.093427 0.069566
vt 0.108512 0.0921752
vt 0.093427 0.112412
vt 0.569066 0.815697
vt 0.533713 0.795844
vt 0.567307 0.798814
vt 0.569066 0.815697
vt 0.535304 0.814569
vt 0.533713 0.795844
vt 0.715985 0.842343
vt 0.68523 0.820992
vt 0.716128 0.820422
vt 0.715985 0.842343
vt 0.684596 0.842111
vt 0.68523 0.820992
vt 0.755276 0.843656
vt 0.716128 0.820422
vt 0.754912 0.821125
vt 0.755276 0.843656
vt 0.715985 0.842343
vt 0.716128 0.820422
vt 0.542467 0.691169
vt 0.518017 0.730249
vt 0.519877 0.690714
vt 0.542467 0.691169
vt 0.540604 0.73108
vt 0.518017 0.730249
vt 0.519877 0.690714
vt 0.542957 0.647214
vt 0.542467 0.691169
vt 0.519877 0.690714
vt 0.52088 0.647016
vt 0.542957 0.647214
vt 0.616694 0.0824043
vt 0.600666 0.109049
vt 0.603001 0.0823244
vt 0.616694 0.0824043
vt 0.614953 0.109193
vt 0.600666 0.109049
vt 0.592502 0.0821971
vt 0.574039 0.108457
vt 0.577412 0.0820222
vt 0.592502 0.0821971
vt 0.589731 0.108862
vt 0.574039 0.108457
vt 0.577412 0.0820222
vt 0.558133 0.107794
vt 0.561804 0.0816963
vt 0.577412 0.0820222
vt 0.574039 0.108457
vt 0.558133 0.107794
vt 0.600666 0.109049
vt 0.585734 0.133099
vt 0.589731 0.108862
vt 0.600666 0.109049
vt 0.597693 0.13345
vt 0.585734 0.133099
vt 0.614953 0.109193
vt 0.597693 0.13345
vt 0.600666 0.109049
vt 0.614953 0.109193
vt 0.612354 0.133729
vt 0.597693 0.13345
vt 0.589731 0.108862
vt 0.5692 0.1322
vt 0.574039 0.108457
vt 0.589731 0.108862
vt 0.585734 0.133099
vt 0.5692 0.1322
vt 0.574039 0.108457
vt 0.552499 0.131011
vt 0.558133 0.107794
vt 0.574039 0.108457
vt 0.5692 0.1322
vt 0.552499 0.131011
vt 0.559749 0.54483
vt 0.564635 0.512459
vt 0.570718 0.541343
vt 0.559749 0.54483
vt 0.551685 0.516266
vt 0.564635 0.512459
vt 0.546324 0.548714
vt 0.551685 0.516266
vt 0.559749 0.54483
vt 0.612354 0.133729
vt 0.607888 0.162217
vt 0.59243 0.161616
vt 0.570718 0.541343
vt 0.581487 0.507043
vt 0.586019 0.536268
vt 0.570718 0.541343
vt 0.564635 0.512459
vt 0.581487 0.507043
vt 0.586019 0.536268
vt 0.597998 0.501511
vt 0.60154 0.530664
vt 0.586019 0.536268
vt 0.581487 0.507043
vt 0.597998 0.501511
vt 0.564635 0.512459
vt 0.544588 0.484978
vt 0.560293 0.480512
vt 0.564635 0.512459
vt 0.551685 0.516266
vt 0.544588 0.484978
vt 0.581487 0.507043
vt 0.560293 0.480512
vt 0.579011 0.47492
vt 0.581487 0.507043
vt 0.564635 0.512459
vt 0.560293 0.480512
vt 0.597998 0.501511
vt 0.579011 0.47492
vt 0.597032 0.46963
vt 0.597998 0.501511
vt 0.581487 0.507043
vt 0.579011 0.47492
vt 0.593538 0.0544025
vt 0.603001 0.0823244
vt 0.592502 0.0821971
vt 0.593538 0.0544025
vt 0.603866 0.0544704
vt 0.603001 0.0823244
vt 0.544588 0.484978
vt 0.524024 0.454383
vt 0.540393 0.450268
vt 0.544588 0.484978
vt 0.529571 0.489081
vt 0.524024 0.454383
vt 0.531595 0.775157
vt 0.497169 0.795296
vt 0.495694 0.770884
vt 0.531595 0.775157
vt 0.533713 0.795844
vt 0.497169 0.795296
vt 0.560293 0.480512
vt 0.540393 0.450268
vt 0.558863 0.445602
vt 0.560293 0.480512
vt 0.544588 0.484978
vt 0.540393 0.450268
vt 0.579011 0.47492
vt 0.558863 0.445602
vt 0.580303 0.440364
vt 0.579011 0.47492
vt 0.560293 0.480512
vt 0.558863 0.445602
vt 0.625673 0.0546744
vt 0.616694 0.0824043
vt 0.617334 0.0545865
vt 0.625673 0.0546744
vt 0.625208 0.0825081
vt 0.616694 0.0824043
vt 0.617334 0.0545865
vt 0.603001 0.0823244
vt 0.603866 0.0544704
vt 0.617334 0.0545865
vt 0.616694 0.0824043
vt 0.603001 0.0823244
vt 0.578667 0.0543361
vt 0.592502 0.0821971
vt 0.577412 0.0820222
vt 0.578667 0.0543361
vt 0.593538 0.0544025
vt 0.592502 0.0821971
vt 0.563197 0.0543059
vt 0.577412 0.0820222
vt 0.561804 0.0816963
vt 0.563197 0.0543059
vt 0.578667 0.0543361
vt 0.577412 0.0820222
vt 0.597032 0.46963
vt 0.580303 0.440364
vt 0.600643 0.436441
vt 0.597032 0.46963
vt 0.579011 0.47492
vt 0.580303 0.440364
vt 0.518404 0.491847
vt 0.524024 0.454383
vt 0.529571 0.489081
vt 0.518404 0.491847
vt 0.510783 0.457605
vt 0.524024 0.454383
vt 0.527344 0.522649
vt 0.529571 0.489081
vt 0.537399 0.520163
vt 0.527344 0.522649
vt 0.518404 0.491847
vt 0.529571 0.489081
vt 0.644756 0.462067
vt 0.638549 0.43155
vt 0.648504 0.431784
vt 0.644756 0.462067
vt 0.635144 0.463233
vt 0.638549 0.43155
vt 0.62203 0.133899
vt 0.607888 0.162217
vt 0.612354 0.133729
vt 0.62203 0.133899
vt 0.618808 0.162483
vt 0.607888 0.162217
vt 0.623939 0.109322
vt 0.612354 0.133729
vt 0.614953 0.109193
vt 0.623939 0.109322
vt 0.62203 0.133899
vt 0.612354 0.133729
vt 0.625208 0.0825081
vt 0.614953 0.109193
vt 0.616694 0.0824043
vt 0.625208 0.0825081
vt 0.623939 0.109322
vt 0.614953 0.109193
vt 0.580303 0.440364
vt 0.560796 0.412307
vt 0.585507 0.408116
vt 0.580303 0.440364
vt 0.558863 0.445602
vt 0.560796 0.412307
vt 0.600643 0.436441
vt 0.585507 0.408116
vt 0.607184 0.405388
vt 0.600643 0.436441
vt 0.580303 0.440364
vt 0.585507 0.408116
vt 0.414915 0.615566
vt 0.436171 0.647567
vt 0.412638 0.648544
vt 0.414915 0.615566
vt 0.438664 0.612274
vt 0.436171 0.647567
vt 0.533713 0.795844
vt 0.498382 0.814675
vt 0.497169 0.795296
vt 0.533713 0.795844
vt 0.535304 0.814569
vt 0.498382 0.814675
vt 0.585507 0.408116
vt 0.565235 0.377993
vt 0.592404 0.374781
vt 0.585507 0.408116
vt 0.560796 0.412307
vt 0.565235 0.377993
vt 0.607184 0.405388
vt 0.592404 0.374781
vt 0.615992 0.37291
vt 0.607184 0.405388
vt 0.585507 0.408116
vt 0.592404 0.374781
vt 0.472656 0.552516
vt 0.500321 0.578384
vt 0.470257 0.580967
vt 0.472656 0.552516
vt 0.499312 0.54941
vt 0.500321 0.578384
vt 0.497169 0.795296
vt 0.466627 0.816158
vt 0.465849 0.796895
vt 0.497169 0.795296
vt 0.498382 0.814675
vt 0.466627 0.816158
vt 0.445682 0.557543
vt 0.470257 0.580967
vt 0.441601 0.585125
vt 0.445682 0.557543
vt 0.472656 0.552516
vt 0.470257 0.580967
vt 0.423039 0.563255
vt 0.441601 0.585125
vt 0.41814 0.589914
vt 0.615992 0.37291
vt 0.592404 0.374781
vt 0.599045 0.348589
vt 0.558863 0.445602
vt 0.539145 0.416748
vt 0.560796 0.412307
vt 0.558863 0.445602
vt 0.540393 0.450268
vt 0.539145 0.416748
vt 0.50014 0.607908
vt 0.52088 0.647016
vt 0.499305 0.646935
vt 0.50014 0.607908
vt 0.52097 0.607474
vt 0.52088 0.647016
vt 0.925093 0.117022
vt 0.913082 0.151693
vt 0.915186 0.116989
vt 0.925093 0.117022
vt 0.922949 0.149944
vt 0.913082 0.151693
vt 0.468259 0.609534
vt 0.499305 0.646935
vt 0.466234 0.647048
vt 0.468259 0.609534
vt 0.50014 0.607908
vt 0.499305 0.646935
vt 0.438664 0.612274
vt 0.466234 0.647048
vt 0.436171 0.647567
vt 0.438664 0.612274
vt 0.468259 0.609534
vt 0.466234 0.647048
vt 0.177293 0.280593
vt 0.185708 0.306868
vt 0.177566 0.30997
vt 0.177293 0.280593
vt 0.184879 0.278642
vt 0.185708 0.306868
vt 0.542145 0.607492
vt 0.52088 0.647016
vt 0.52097 0.607474
vt 0.542145 0.607492
vt 0.542957 0.647214
vt 0.52088 0.647016
vt 0.499474 0.832908
vt 0.466627 0.816158
vt 0.498382 0.814675
vt 0.499474 0.832908
vt 0.467645 0.835932
vt 0.466627 0.816158
vt 0.536391 0.830731
vt 0.498382 0.814675
vt 0.535304 0.814569
vt 0.536391 0.830731
vt 0.499474 0.832908
vt 0.498382 0.814675
vt 0.535304 0.814569
vt 0.57005 0.829983
vt 0.536391 0.830731
vt 0.535304 0.814569
vt 0.569066 0.815697
vt 0.57005 0.829983
vt 0.185203 0.247506
vt 0.177293 0.280593
vt 0.1773 0.248989
vt 0.185203 0.247506
vt 0.184879 0.278642
vt 0.177293 0.280593
vt 0.186233 0.218199
vt 0.1773 0.248989
vt 0.178513 0.219194
vt 0.186233 0.218199
vt 0.185203 0.247506
vt 0.1773 0.248989
vt 0.186732 0.185615
vt 0.178513 0.219194
vt 0.179435 0.18707
vt 0.186732 0.185615
vt 0.186233 0.218199
vt 0.178513 0.219194
vt 0.218918 0.60184
vt 0.217846 0.573194
vt 0.225465 0.572565
vt 0.218918 0.60184
vt 0.210612 0.603958
vt 0.217846 0.573194
vt 0.172158 0.250074
vt 0.177293 0.280593
vt 0.171428 0.281979
vt 0.172158 0.250074
vt 0.1773 0.248989
vt 0.177293 0.280593
vt 0.173255 0.220327
vt 0.1773 0.248989
vt 0.172158 0.250074
vt 0.173255 0.220327
vt 0.178513 0.219194
vt 0.1773 0.248989
vt 0.173717 0.187962
vt 0.178513 0.219194
vt 0.173255 0.220327
vt 0.173717 0.187962
vt 0.179435 0.18707
vt 0.178513 0.219194
vt 0.944459 0.843835
vt 0.956888 0.815091
vt 0.951912 0.842282
vt 0.944459 0.843835
vt 0.950128 0.815609
vt 0.956888 0.815091
vt 0.636003 0.492275
vt 0.644756 0.462067
vt 0.646234 0.489872
vt 0.636003 0.492275
vt 0.635144 0.463233
vt 0.644756 0.462067
vt 0.627174 0.463721
vt 0.617614 0.433599
vt 0.631411 0.431432
vt 0.627174 0.463721
vt 0.613059 0.465716
vt 0.617614 0.433599
vt 0.639129 0.518847
vt 0.646234 0.489872
vt 0.649801 0.515624
vt 0.639129 0.518847
vt 0.636003 0.492275
vt 0.646234 0.489872
vt 0.644586 0.539974
vt 0.649801 0.515624
vt 0.655363 0.535769
vt 0.644586 0.539974
vt 0.639129 0.518847
vt 0.649801 0.515624
vt 0.521608 0.079425
vt 0.507074 0.101379
vt 0.510101 0.0784075
vt 0.521608 0.079425
vt 0.518287 0.103228
vt 0.507074 0.101379
vt 0.231175 0.764689
vt 0.213954 0.744108
vt 0.219756 0.740801
vt 0.231175 0.764689
vt 0.225316 0.768415
vt 0.213954 0.744108
vt 0.139851 0.155303
vt 0.118423 0.129858
vt 0.146272 0.134789
vt 0.0367072 0.76003
vt 0.0320955 0.732931
vt 0.0536891 0.732856
vt 0.943491 0.92561
vt 0.932752 0.903038
vt 0.939189 0.900974
vt 0.174694 0.132385
vt 0.182065 0.133577
vt 0.175564 0.157673
vt 0.176274 0.112799
vt 0.182065 0.133577
vt 0.174694 0.132385
vt 0.176274 0.112799
vt 0.183822 0.113085
vt 0.182065 0.133577
vt 0.174694 0.0919594
vt 0.183822 0.113085
vt 0.176274 0.112799
vt 0.503141 0.0777456
vt 0.510101 0.0784075
vt 0.507074 0.101379
vt 0.522622 0.054336
vt 0.510101 0.0784075
vt 0.511037 0.0543938
vt 0.522622 0.054336
vt 0.521608 0.079425
vt 0.510101 0.0784075
vt 0.504257 0.054571
vt 0.510101 0.0784075
vt 0.503141 0.0777456
vt 0.886977 0.560222
vt 0.879193 0.561472
vt 0.879193 0.537785
vt 0.922949 0.149944
vt 0.914944 0.172916
vt 0.913082 0.151693
vt 0.922949 0.149944
vt 0.924891 0.170888
vt 0.914944 0.172916
vt 0.931924 0.0837508
vt 0.915186 0.116989
vt 0.923062 0.0830682
vt 0.931924 0.0837508
vt 0.925093 0.117022
vt 0.915186 0.116989
vt 0.934941 0.0500459
vt 0.931924 0.0837508
vt 0.923062 0.0830682
vt 0.934941 0.0500459
vt 0.943564 0.0516393
vt 0.931924 0.0837508
vt 0.947296 0.113168
vt 0.931095 0.14827
vt 0.93269 0.116316
vt 0.947296 0.113168
vt 0.947324 0.14368
vt 0.931095 0.14827
vt 0.905705 0.152255
vt 0.914944 0.172916
vt 0.907508 0.174227
vt 0.905705 0.152255
vt 0.913082 0.151693
vt 0.914944 0.172916
vt 0.916324 0.0819277
vt 0.915186 0.116989
vt 0.908391 0.117142
vt 0.916324 0.0819277
vt 0.923062 0.0830682
vt 0.915186 0.116989
vt 0.92861 0.0484579
vt 0.923062 0.0830682
vt 0.916324 0.0819277
vt 0.92861 0.0484579
vt 0.934941 0.0500459
vt 0.923062 0.0830682
vt 0.613451 0.820832
vt 0.619322 0.843589
vt 0.612139 0.844
vt 0.613451 0.820832
vt 0.620709 0.8212
vt 0.619322 0.843589
vt 0.630345 0.821032
vt 0.619322 0.843589
vt 0.620709 0.8212
vt 0.645572 0.549959
vt 0.654763 0.568468
vt 0.645572 0.573106
vt 0.200963 0.653299
vt 0.214155 0.625978
vt 0.210008 0.651902
vt 0.200963 0.653299
vt 0.205804 0.626893
vt 0.214155 0.625978
vt 0.197872 0.686363
vt 0.210008 0.651902
vt 0.207245 0.684446
vt 0.197872 0.686363
vt 0.200963 0.653299
vt 0.210008 0.651902
vt 0.208219 0.714792
vt 0.197872 0.686363
vt 0.207245 0.684446
vt 0.648504 0.431784
vt 0.638549 0.43155
vt 0.645558 0.402047
vt 0.385832 0.619923
vt 0.396197 0.650203
vt 0.384815 0.652476
vt 0.385832 0.619923
vt 0.397886 0.618867
vt 0.396197 0.650203
vt 0.215406 0.650945
vt 0.214155 0.625978
vt 0.219467 0.625221
vt 0.215406 0.650945
vt 0.210008 0.651902
vt 0.214155 0.625978
vt 0.21304 0.683171
vt 0.210008 0.651902
vt 0.215406 0.650945
vt 0.21304 0.683171
vt 0.207245 0.684446
vt 0.210008 0.651902
vt 0.21397 0.7129
vt 0.207245 0.684446
vt 0.21304 0.683171
vt 0.21397 0.7129
vt 0.208219 0.714792
vt 0.207245 0.684446
vt 0.147417 0.288103
vt 0.128573 0.259733
vt 0.14945 0.254957
vt 0.147417 0.288103
vt 0.12783 0.29433
vt 0.128573 0.259733
vt 0.654674 0.372639
vt 0.638745 0.402377
vt 0.647879 0.372336
vt 0.654674 0.372639
vt 0.645558 0.402047
vt 0.638745 0.402377
vt 0.615992 0.37291
vt 0.642446 0.349449
vt 0.634952 0.372606
vt 0.948412 0.575585
vt 0.935949 0.54954
vt 0.948412 0.537785
vt 0.607184 0.405388
vt 0.634952 0.372606
vt 0.625292 0.40362
vt 0.607184 0.405388
vt 0.615992 0.37291
vt 0.634952 0.372606
vt 0.617614 0.433599
vt 0.607184 0.405388
vt 0.625292 0.40362
vt 0.617614 0.433599
vt 0.600643 0.436441
vt 0.607184 0.405388
vt 0.645558 0.402047
vt 0.631411 0.431432
vt 0.638745 0.402377
vt 0.645558 0.402047
vt 0.638549 0.43155
vt 0.631411 0.431432
vt 0.949108 0.570916
vt 0.949108 0.537785
vt 0.95819 0.562171
vt 0.634952 0.372606
vt 0.642446 0.349449
vt 0.655363 0.350114
vt 0.625292 0.40362
vt 0.647879 0.372336
vt 0.638745 0.402377
vt 0.625292 0.40362
vt 0.634952 0.372606
vt 0.647879 0.372336
vt 0.631411 0.431432
vt 0.625292 0.40362
vt 0.638745 0.402377
vt 0.631411 0.431432
vt 0.617614 0.433599
vt 0.625292 0.40362
vt 0.397886 0.618867
vt 0.412638 0.648544
vt 0.396197 0.650203
vt 0.397886 0.618867
vt 0.414915 0.615566
vt 0.412638 0.648544
vt 0.205804 0.626893
vt 0.194844 0.654455
vt 0.19954 0.62769
vt 0.205804 0.626893
vt 0.200963 0.653299
vt 0.194844 0.654455
vt 0.379673 0.621445
vt 0.384815 0.652476
vt 0.378804 0.654219
vt 0.379673 0.621445
vt 0.385832 0.619923
vt 0.384815 0.652476
vt 0.400833 0.742513
vt 0.420429 0.760373
vt 0.412869 0.767306
vt 0.400833 0.742513
vt 0.409631 0.737865
vt 0.420429 0.760373
vt 0.925093 0.117022
vt 0.939053 0.0837486
vt 0.93269 0.116316
vt 0.925093 0.117022
vt 0.931924 0.0837508
vt 0.939053 0.0837486
vt 0.68523 0.820992
vt 0.660164 0.802509
vt 0.687436 0.8014
vt 0.68523 0.820992
vt 0.656847 0.821743
vt 0.660164 0.802509
vt 0.967769 0.0762908
vt 0.947296 0.113168
vt 0.951472 0.0835204
vt 0.967769 0.0762908
vt 0.968535 0.103281
vt 0.947296 0.113168
vt 0.959905 0.0552539
vt 0.967769 0.0762908
vt 0.951472 0.0835204
vt 0.959905 0.0552539
vt 0.968876 0.0567843
vt 0.967769 0.0762908
vt 0.931924 0.0837508
vt 0.949712 0.0529356
vt 0.939053 0.0837486
vt 0.931924 0.0837508
vt 0.943564 0.0516393
vt 0.949712 0.0529356
vt 0.660164 0.802509
vt 0.639074 0.821537
vt 0.643187 0.801738
vt 0.660164 0.802509
vt 0.656847 0.821743
vt 0.639074 0.821537
vt 0.951472 0.0835204
vt 0.93269 0.116316
vt 0.939053 0.0837486
vt 0.951472 0.0835204
vt 0.947296 0.113168
vt 0.93269 0.116316
vt 0.949712 0.0529356
vt 0.951472 0.0835204
vt 0.939053 0.0837486
vt 0.949712 0.0529356
vt 0.959905 0.0552539
vt 0.951472 0.0835204
vt 0.968535 0.103281
vt 0.947324 0.14368
vt 0.947296 0.113168
vt 0.968535 0.103281
vt 0.971833 0.132984
vt 0.947324 0.14368
vt 0.63467 0.800273
vt 0.654769 0.773078
vt 0.643187 0.801738
vt 0.63467 0.800273
vt 0.647076 0.770884
vt 0.654769 0.773078
vt 0.846028 0.116757
vt 0.83087 0.157736
vt 0.831317 0.117508
vt 0.0810212 0.112426
vt 0.0927308 0.150996
vt 0.0810212 0.157673
vt 0.63467 0.800273
vt 0.639074 0.821537
vt 0.630345 0.821032
vt 0.63467 0.800273
vt 0.643187 0.801738
vt 0.639074 0.821537
vt 0.630345 0.821032
vt 0.637862 0.842868
vt 0.629014 0.84297
vt 0.630345 0.821032
vt 0.639074 0.821537
vt 0.637862 0.842868
vt 0.532756 0.0543559
vt 0.521608 0.079425
vt 0.522622 0.054336
vt 0.532756 0.0543559
vt 0.531304 0.0800957
vt 0.521608 0.079425
vt 0.656847 0.821743
vt 0.637862 0.842868
vt 0.639074 0.821537
vt 0.656847 0.821743
vt 0.655788 0.842473
vt 0.637862 0.842868
vt 0.656847 0.821743
vt 0.684596 0.842111
vt 0.655788 0.842473
vt 0.656847 0.821743
vt 0.68523 0.820992
vt 0.684596 0.842111
vt 0.597998 0.501511
vt 0.613059 0.465716
vt 0.613345 0.496931
vt 0.597998 0.501511
vt 0.597032 0.46963
vt 0.613059 0.465716
vt 0.635144 0.463233
vt 0.627162 0.493926
vt 0.627174 0.463721
vt 0.635144 0.463233
vt 0.636003 0.492275
vt 0.627162 0.493926
vt 0.597998 0.501511
vt 0.616386 0.525538
vt 0.60154 0.530664
vt 0.597998 0.501511
vt 0.613345 0.496931
vt 0.616386 0.525538
vt 0.552499 0.131011
vt 0.542485 0.106494
vt 0.558133 0.107794
vt 0.552499 0.131011
vt 0.53688 0.129041
vt 0.542485 0.106494
vt 0.558133 0.107794
vt 0.54635 0.0810711
vt 0.561804 0.0816963
vt 0.558133 0.107794
vt 0.542485 0.106494
vt 0.54635 0.0810711
vt 0.613345 0.496931
vt 0.627174 0.463721
vt 0.627162 0.493926
vt 0.613345 0.496931
vt 0.613059 0.465716
vt 0.627174 0.463721
vt 0.613059 0.465716
vt 0.600643 0.436441
vt 0.617614 0.433599
vt 0.613059 0.465716
vt 0.597032 0.46963
vt 0.600643 0.436441
vt 0.616386 0.525538
vt 0.627162 0.493926
vt 0.629988 0.520684
vt 0.616386 0.525538
vt 0.613345 0.496931
vt 0.627162 0.493926
vt 0.628779 0.557788
vt 0.605728 0.57415
vt 0.614527 0.553706
vt 0.542485 0.106494
vt 0.53688 0.129041
vt 0.523173 0.125704
vt 0.54635 0.0810711
vt 0.527993 0.104396
vt 0.531304 0.0800957
vt 0.54635 0.0810711
vt 0.542485 0.106494
vt 0.527993 0.104396
vt 0.563197 0.0543059
vt 0.54635 0.0810711
vt 0.547817 0.054314
vt 0.563197 0.0543059
vt 0.561804 0.0816963
vt 0.54635 0.0810711
vt 0.547817 0.054314
vt 0.531304 0.0800957
vt 0.532756 0.0543559
vt 0.547817 0.054314
vt 0.54635 0.0810711
vt 0.531304 0.0800957
vt 0.521608 0.079425
vt 0.527993 0.104396
vt 0.518287 0.103228
vt 0.521608 0.079425
vt 0.531304 0.0800957
vt 0.527993 0.104396
vt 0.664668 0.549959
vt 0.664668 0.57296
vt 0.655459 0.57003
vt 0.605728 0.549959
vt 0.614527 0.553706
vt 0.605728 0.57415
vt 0.639129 0.518847
vt 0.627162 0.493926
vt 0.636003 0.492275
vt 0.639129 0.518847
vt 0.629988 0.520684
vt 0.627162 0.493926
vt 0.635144 0.463233
vt 0.631411 0.431432
vt 0.638549 0.43155
vt 0.635144 0.463233
vt 0.627174 0.463721
vt 0.631411 0.431432
vt 0.549867 0.247152
vt 0.563183 0.220131
vt 0.564058 0.251828
vt 0.549867 0.247152
vt 0.546187 0.217205
vt 0.563183 0.220131
vt 0.185203 0.247506
vt 0.191994 0.217246
vt 0.190804 0.246171
vt 0.185203 0.247506
vt 0.186233 0.218199
vt 0.191994 0.217246
vt 0.619958 0.971466
vt 0.608464 0.997469
vt 0.604565 0.969175
vt 0.619958 0.971466
vt 0.619958 0.998723
vt 0.608464 0.997469
vt 0.413214 0.682914
vt 0.399764 0.71124
vt 0.397139 0.68286
vt 0.413214 0.682914
vt 0.416125 0.712186
vt 0.399764 0.71124
vt 0.412638 0.648544
vt 0.397139 0.68286
vt 0.396197 0.650203
vt 0.412638 0.648544
vt 0.413214 0.682914
vt 0.397139 0.68286
vt 0.186233 0.218199
vt 0.192905 0.185137
vt 0.191994 0.217246
vt 0.381628 0.687319
vt 0.378804 0.654219
vt 0.384815 0.652476
vt 0.399764 0.71124
vt 0.400833 0.742513
vt 0.391369 0.713917
vt 0.399764 0.71124
vt 0.409631 0.737865
vt 0.400833 0.742513
vt 0.397139 0.68286
vt 0.391369 0.713917
vt 0.386952 0.685257
vt 0.397139 0.68286
vt 0.399764 0.71124
vt 0.391369 0.713917
vt 0.396197 0.650203
vt 0.386952 0.685257
vt 0.384815 0.652476
vt 0.396197 0.650203
vt 0.397139 0.68286
vt 0.386952 0.685257
vt 0.970129 0.0341014
vt 0.968876 0.0567843
vt 0.959905 0.0552539
vt 0.970129 0.0341014
vt 0.978711 0.0434443
vt 0.968876 0.0567843
vt 0.52088 0.647016
vt 0.497975 0.689887
vt 0.499305 0.646935
vt 0.52088 0.647016
vt 0.519877 0.690714
vt 0.497975 0.689887
vt 0.184879 0.278642
vt 0.190804 0.246171
vt 0.190485 0.276531
vt 0.184879 0.278642
vt 0.185203 0.247506
vt 0.190804 0.246171
vt 0.955749 0.0273175
vt 0.949712 0.0529356
vt 0.943564 0.0516393
vt 0.955749 0.0273175
vt 0.961622 0.0293847
vt 0.949712 0.0529356
vt 0.579401 0.290144
vt 0.564058 0.251828
vt 0.582794 0.259916
vt 0.579401 0.290144
vt 0.562616 0.277554
vt 0.564058 0.251828
vt 0.0921678 0.158687
vt 0.112276 0.193198
vt 0.0895741 0.194516
vt 0.0921678 0.158687
vt 0.11452 0.159646
vt 0.112276 0.193198
vt 0.579401 0.290144
vt 0.602693 0.267079
vt 0.59806 0.300541
vt 0.579401 0.290144
vt 0.582794 0.259916
vt 0.602693 0.267079
vt 0.59806 0.300541
vt 0.620695 0.271716
vt 0.61494 0.307132
vt 0.59806 0.300541
vt 0.602693 0.267079
vt 0.620695 0.271716
vt 0.61494 0.307132
vt 0.640603 0.2754
vt 0.633968 0.312073
vt 0.61494 0.307132
vt 0.620695 0.271716
vt 0.640603 0.2754
vt 0.582794 0.259916
vt 0.563183 0.220131
vt 0.583992 0.224456
vt 0.582794 0.259916
vt 0.564058 0.251828
vt 0.563183 0.220131
vt 0.546187 0.217205
vt 0.562589 0.191197
vt 0.563183 0.220131
vt 0.546187 0.217205
vt 0.544343 0.190616
vt 0.562589 0.191197
vt 0.602693 0.267079
vt 0.583992 0.224456
vt 0.605513 0.228494
vt 0.602693 0.267079
vt 0.582794 0.259916
vt 0.583992 0.224456
vt 0.620695 0.271716
vt 0.605513 0.228494
vt 0.624488 0.231369
vt 0.620695 0.271716
vt 0.602693 0.267079
vt 0.605513 0.228494
vt 0.640603 0.2754
vt 0.624488 0.231369
vt 0.6452 0.233793
vt 0.640603 0.2754
vt 0.620695 0.271716
vt 0.624488 0.231369
vt 0.583992 0.224456
vt 0.562589 0.191197
vt 0.584436 0.19259
vt 0.583992 0.224456
vt 0.563183 0.220131
vt 0.562589 0.191197
vt 0.564058 0.251828
vt 0.552742 0.263155
vt 0.549867 0.247152
vt 0.564058 0.251828
vt 0.562616 0.277554
vt 0.552742 0.263155
vt 0.605513 0.228494
vt 0.584436 0.19259
vt 0.606697 0.194261
vt 0.605513 0.228494
vt 0.583992 0.224456
vt 0.584436 0.19259
vt 0.624488 0.231369
vt 0.606697 0.194261
vt 0.625999 0.19572
vt 0.624488 0.231369
vt 0.605513 0.228494
vt 0.606697 0.194261
vt 0.6452 0.233793
vt 0.625999 0.19572
vt 0.646929 0.197216
vt 0.6452 0.233793
vt 0.624488 0.231369
vt 0.625999 0.19572
vt 0.859575 0.180136
vt 0.844089 0.15664
vt 0.857563 0.155325
vt 0.859575 0.180136
vt 0.846455 0.181807
vt 0.844089 0.15664
vt 0.133528 0.160734
vt 0.112276 0.193198
vt 0.11452 0.159646
vt 0.133528 0.160734
vt 0.131931 0.19208
vt 0.112276 0.193198
vt 0.0697539 0.158369
vt 0.0895741 0.194516
vt 0.0672596 0.196176
vt 0.0697539 0.158369
vt 0.0921678 0.158687
vt 0.0895741 0.194516
vt 0.0505597 0.158723
vt 0.0672596 0.196176
vt 0.0485107 0.197826
vt 0.0505597 0.158723
vt 0.0697539 0.158369
vt 0.0672596 0.196176
vt 0.0299294 0.16002
vt 0.0485107 0.197826
vt 0.0286195 0.200016
vt 0.0299294 0.16002
vt 0.0505597 0.158723
vt 0.0485107 0.197826
vt 0.0536891 0.732856
vt 0.0269148 0.696577
vt 0.0489956 0.695891
vt 0.0536891 0.732856
vt 0.0320955 0.732931
vt 0.0269148 0.696577
vt 0.0895741 0.194516
vt 0.110519 0.230667
vt 0.0883805 0.233829
vt 0.0895741 0.194516
vt 0.112276 0.193198
vt 0.110519 0.230667
vt 0.0489956 0.695891
vt 0.0224465 0.655168
vt 0.0449055 0.653999
vt 0.0489956 0.695891
vt 0.0269148 0.696577
vt 0.0224465 0.655168
vt 0.0449055 0.653999
vt 0.0195052 0.618651
vt 0.0422247 0.617154
vt 0.0449055 0.653999
vt 0.0224465 0.655168
vt 0.0195052 0.618651
vt 0.0405923 0.58363
vt 0.0185679 0.54586
vt 0.039898 0.543748
vt 0.0405923 0.58363
vt 0.018171 0.585468
vt 0.0185679 0.54586
vt 0.869734 0.0770004
vt 0.846028 0.116757
vt 0.853331 0.076849
vt 0.869734 0.0770004
vt 0.860667 0.115768
vt 0.846028 0.116757
vt 0.883425 0.0402116
vt 0.853331 0.076849
vt 0.865969 0.0392148
vt 0.883425 0.0402116
vt 0.869734 0.0770004
vt 0.853331 0.076849
vt 0.891827 0.862974
vt 0.884657 0.821713
vt 0.899839 0.824118
vt 0.891827 0.862974
vt 0.878782 0.861023
vt 0.884657 0.821713
vt 0.611287 0.623464
vt 0.634121 0.641202
vt 0.60927 0.637092
vt 0.611287 0.623464
vt 0.635721 0.62801
vt 0.634121 0.641202
vt 0.853331 0.076849
vt 0.831317 0.117508
vt 0.837207 0.0771664
vt 0.853331 0.076849
vt 0.846028 0.116757
vt 0.831317 0.117508
vt 0.865969 0.0392148
vt 0.837207 0.0771664
vt 0.847946 0.0384699
vt 0.865969 0.0392148
vt 0.853331 0.076849
vt 0.837207 0.0771664
vt 0.908694 0.947049
vt 0.906086 0.906375
vt 0.919661 0.908066
vt 0.908694 0.947049
vt 0.896252 0.945814
vt 0.906086 0.906375
vt 0.634121 0.641202
vt 0.607702 0.649688
vt 0.60927 0.637092
vt 0.634121 0.641202
vt 0.632791 0.653389
vt 0.607702 0.649688
vt 0.919661 0.908066
vt 0.917084 0.866823
vt 0.932056 0.869227
vt 0.919661 0.908066
vt 0.906086 0.906375
vt 0.917084 0.866823
vt 0.837207 0.0771664
vt 0.83087 0.0378439
vt 0.847946 0.0384699
vt 0.932056 0.869227
vt 0.917084 0.866823
vt 0.928131 0.828743
vt 0.896252 0.945814
vt 0.895302 0.904939
vt 0.906086 0.906375
vt 0.896252 0.945814
vt 0.886438 0.944688
vt 0.895302 0.904939
vt 0.632791 0.653389
vt 0.606652 0.659607
vt 0.607702 0.649688
vt 0.632791 0.653389
vt 0.631862 0.662928
vt 0.606652 0.659607
vt 0.906086 0.906375
vt 0.904699 0.864879
vt 0.917084 0.866823
vt 0.906086 0.906375
vt 0.895302 0.904939
vt 0.904699 0.864879
vt 0.917084 0.866823
vt 0.914529 0.826244
vt 0.928131 0.828743
vt 0.917084 0.866823
vt 0.904699 0.864879
vt 0.914529 0.826244
vt 0.886438 0.944688
vt 0.883962 0.903352
vt 0.895302 0.904939
vt 0.886438 0.944688
vt 0.876242 0.943377
vt 0.883962 0.903352
vt 0.631862 0.662928
vt 0.605728 0.669899
vt 0.606652 0.659607
vt 0.631862 0.662928
vt 0.631013 0.672798
vt 0.605728 0.669899
vt 0.895302 0.904939
vt 0.891827 0.862974
vt 0.904699 0.864879
vt 0.895302 0.904939
vt 0.883962 0.903352
vt 0.891827 0.862974
vt 0.904699 0.864879
vt 0.899839 0.824118
vt 0.914529 0.826244
vt 0.904699 0.864879
vt 0.891827 0.862974
vt 0.899839 0.824118
vt 0.860667 0.115768
vt 0.844089 0.15664
vt 0.846028 0.116757
vt 0.860667 0.115768
vt 0.857563 0.155325
vt 0.844089 0.15664
vt 0.130185 0.227538
vt 0.10992 0.264592
vt 0.110519 0.230667
vt 0.130185 0.227538
vt 0.128573 0.259733
vt 0.10992 0.264592
vt 0.662298 0.631067
vt 0.634121 0.641202
vt 0.635721 0.62801
vt 0.662298 0.631067
vt 0.660919 0.644122
vt 0.634121 0.641202
vt 0.883962 0.903352
vt 0.878782 0.861023
vt 0.891827 0.862974
vt 0.883962 0.903352
vt 0.872419 0.901617
vt 0.878782 0.861023
vt 0.876242 0.943377
vt 0.872419 0.901617
vt 0.883962 0.903352
vt 0.876242 0.943377
vt 0.86583 0.941853
vt 0.872419 0.901617
vt 0.900557 0.0794973
vt 0.922682 0.0470628
vt 0.909715 0.0811784
vt 0.900557 0.0794973
vt 0.914289 0.0447767
vt 0.922682 0.0470628
vt 0.871537 0.968478
vt 0.86583 0.941853
vt 0.876242 0.943377
vt 0.871537 0.968478
vt 0.861554 0.967016
vt 0.86583 0.941853
vt 0.658136 0.675344
vt 0.630253 0.682861
vt 0.631013 0.672798
vt 0.658136 0.675344
vt 0.657402 0.685241
vt 0.630253 0.682861
vt 0.658927 0.665622
vt 0.631013 0.672798
vt 0.631862 0.662928
vt 0.658927 0.665622
vt 0.658136 0.675344
vt 0.631013 0.672798
vt 0.659758 0.656204
vt 0.631862 0.662928
vt 0.632791 0.653389
vt 0.659758 0.656204
vt 0.658927 0.665622
vt 0.631862 0.662928
vt 0.660919 0.644122
vt 0.632791 0.653389
vt 0.634121 0.641202
vt 0.660919 0.644122
vt 0.659758 0.656204
vt 0.632791 0.653389
vt 0.635721 0.62801
vt 0.663818 0.617921
vt 0.662298 0.631067
vt 0.635721 0.62801
vt 0.637562 0.614687
vt 0.663818 0.617921
vt 0.0904639 0.305011
vt 0.110906 0.331108
vt 0.0936132 0.336634
vt 0.0904639 0.305011
vt 0.109694 0.299417
vt 0.110906 0.331108
vt 0.0895741 0.194516
vt 0.0670166 0.237059
vt 0.0672596 0.196176
vt 0.0895741 0.194516
vt 0.0883805 0.233829
vt 0.0670166 0.237059
vt 0.0672596 0.196176
vt 0.049304 0.239613
vt 0.0485107 0.197826
vt 0.0672596 0.196176
vt 0.0670166 0.237059
vt 0.049304 0.239613
vt 0.0485107 0.197826
vt 0.0307755 0.242281
vt 0.0286195 0.200016
vt 0.0485107 0.197826
vt 0.049304 0.239613
vt 0.0307755 0.242281
vt 0.0883805 0.233829
vt 0.10992 0.264592
vt 0.0887237 0.269031
vt 0.0883805 0.233829
vt 0.110519 0.230667
vt 0.10992 0.264592
vt 0.128573 0.259733
vt 0.109694 0.299417
vt 0.10992 0.264592
vt 0.128573 0.259733
vt 0.12783 0.29433
vt 0.109694 0.299417
vt 0.0670166 0.237059
vt 0.0887237 0.269031
vt 0.0687306 0.273139
vt 0.0670166 0.237059
vt 0.0883805 0.233829
vt 0.0887237 0.269031
vt 0.049304 0.239613
vt 0.0687306 0.273139
vt 0.0523631 0.276118
vt 0.049304 0.239613
vt 0.0670166 0.237059
vt 0.0687306 0.273139
vt 0.0307755 0.242281
vt 0.0523631 0.276118
vt 0.0352888 0.279003
vt 0.0307755 0.242281
vt 0.049304 0.239613
vt 0.0523631 0.276118
vt 0.0887237 0.269031
vt 0.109694 0.299417
vt 0.0904639 0.305011
vt 0.0887237 0.269031
vt 0.10992 0.264592
vt 0.109694 0.299417
vt 0.110519 0.230667
vt 0.131931 0.19208
vt 0.130185 0.227538
vt 0.110519 0.230667
vt 0.112276 0.193198
vt 0.131931 0.19208
vt 0.0687306 0.273139
vt 0.0904639 0.305011
vt 0.0722331 0.309683
vt 0.0687306 0.273139
vt 0.0887237 0.269031
vt 0.0904639 0.305011
vt 0.0523631 0.276118
vt 0.0722331 0.309683
vt 0.0573183 0.312787
vt 0.0523631 0.276118
vt 0.0687306 0.273139
vt 0.0722331 0.309683
vt 0.822211 0.482225
vt 0.831189 0.520009
vt 0.815494 0.519324
vt 0.0352888 0.279003
vt 0.0523631 0.276118
vt 0.0573183 0.312787
vt 0.950683 0.870261
vt 0.945371 0.89925
vt 0.942669 0.872288
vt 0.950683 0.870261
vt 0.95372 0.896425
vt 0.945371 0.89925
vt 0.173998 0.0683622
vt 0.173998 0.10988
vt 0.159998 0.0807903
vt 0.922752 0.537785
vt 0.935253 0.565973
vt 0.922752 0.578271
vt 0.0722331 0.309683
vt 0.0936132 0.336634
vt 0.0769149 0.341157
vt 0.0722331 0.309683
vt 0.0904639 0.305011
vt 0.0936132 0.336634
vt 0.922094 0.795454
vt 0.928131 0.828743
vt 0.914529 0.826244
vt 0.0573183 0.312787
vt 0.0722331 0.309683
vt 0.0769149 0.341157
vt 0.905924 0.792467
vt 0.914529 0.826244
vt 0.899839 0.824118
vt 0.905924 0.792467
vt 0.922094 0.795454
vt 0.914529 0.826244
vt 0.810301 0.401496
vt 0.827213 0.445516
vt 0.807805 0.443708
vt 0.810301 0.401496
vt 0.831189 0.40372
vt 0.827213 0.445516
vt 0.16925 0.1882
vt 0.161019 0.222172
vt 0.161916 0.188598
vt 0.16925 0.1882
vt 0.168464 0.221097
vt 0.161019 0.222172
vt 0.807805 0.443708
vt 0.822211 0.482225
vt 0.804167 0.480626
vt 0.807805 0.443708
vt 0.827213 0.445516
vt 0.822211 0.482225
vt 0.804167 0.480626
vt 0.815494 0.519324
vt 0.799163 0.517978
vt 0.804167 0.480626
vt 0.822211 0.482225
vt 0.815494 0.519324
vt 0.884657 0.821713
vt 0.905924 0.792467
vt 0.899839 0.824118
vt 0.884657 0.821713
vt 0.889218 0.789622
vt 0.905924 0.792467
vt 0.887872 0.152973
vt 0.901089 0.11676
vt 0.898437 0.152821
vt 0.887872 0.152973
vt 0.891338 0.116292
vt 0.901089 0.11676
vt 0.909715 0.0811784
vt 0.92861 0.0484579
vt 0.916324 0.0819277
vt 0.909715 0.0811784
vt 0.922682 0.0470628
vt 0.92861 0.0484579
vt 0.889556 0.176696
vt 0.898437 0.152821
vt 0.900076 0.175957
vt 0.889556 0.176696
vt 0.887872 0.152973
vt 0.898437 0.152821
vt 0.667553 0.588086
vt 0.645261 0.574846
vt 0.668909 0.577885
vt 0.667553 0.588086
vt 0.643098 0.585254
vt 0.645261 0.574846
vt 0.909715 0.0811784
vt 0.891338 0.116292
vt 0.900557 0.0794973
vt 0.909715 0.0811784
vt 0.901089 0.11676
vt 0.891338 0.116292
vt 0.898437 0.152821
vt 0.908391 0.117142
vt 0.905705 0.152255
vt 0.898437 0.152821
vt 0.901089 0.11676
vt 0.908391 0.117142
vt 0.908391 0.117142
vt 0.913082 0.151693
vt 0.905705 0.152255
vt 0.908391 0.117142
vt 0.915186 0.116989
vt 0.913082 0.151693
vt 0.605771 0.820084
vt 0.618203 0.799105
vt 0.613451 0.820832
vt 0.900076 0.175957
vt 0.898437 0.152821
vt 0.905705 0.152255
vt 0.604565 0.844176
vt 0.613451 0.820832
vt 0.612139 0.844
vt 0.604565 0.844176
vt 0.605771 0.820084
vt 0.613451 0.820832
vt 0.157808 0.285899
vt 0.167245 0.251329
vt 0.166038 0.283691
vt 0.157808 0.285899
vt 0.159293 0.252926
vt 0.167245 0.251329
vt 0.901089 0.11676
vt 0.916324 0.0819277
vt 0.908391 0.117142
vt 0.901089 0.11676
vt 0.909715 0.0811784
vt 0.916324 0.0819277
vt 0.167245 0.251329
vt 0.173255 0.220327
vt 0.172158 0.250074
vt 0.0142942 0.76846
vt 0.00900089 0.738784
vt 0.0137029 0.737073
vt 0.159293 0.252926
vt 0.168464 0.221097
vt 0.167245 0.251329
vt 0.159293 0.252926
vt 0.161019 0.222172
vt 0.168464 0.221097
vt 0.922682 0.0470628
vt 0.928547 0.0181679
vt 0.93683 0.0207142
vt 0.922682 0.0470628
vt 0.914289 0.0447767
vt 0.928547 0.0181679
vt 0.00713935 0.705195
vt 0.0137029 0.737073
vt 0.00900089 0.738784
vt 0.00713935 0.705195
vt 0.0125415 0.703777
vt 0.0137029 0.737073
vt 0.109873 0.118082
vt 0.109873 0.0849111
vt 0.115169 0.116074
vt 0.166038 0.283691
vt 0.167245 0.251329
vt 0.172158 0.250074
vt 0.93683 0.0207142
vt 0.92861 0.0484579
vt 0.922682 0.0470628
vt 0.93683 0.0207142
vt 0.942321 0.0231625
vt 0.92861 0.0484579
vt 0.171428 0.281979
vt 0.177566 0.30997
vt 0.171181 0.311399
vt 0.171428 0.281979
vt 0.177293 0.280593
vt 0.177566 0.30997
vt 0.516604 0.195289
vt 0.51463 0.224242
vt 0.510382 0.198594
vt 0.516604 0.195289
vt 0.520137 0.221122
vt 0.51463 0.224242
vt 0.00709399 0.0774779
vt 0.00709399 0.109798
vt 0.00206876 0.0799345
vt 0.193987 0.34461
vt 0.199254 0.373449
vt 0.193987 0.376471
vt 0.520137 0.221122
vt 0.522145 0.255601
vt 0.51463 0.224242
vt 0.963867 0.787215
vt 0.956888 0.815091
vt 0.950128 0.815609
vt 0.507492 0.174802
vt 0.516604 0.195289
vt 0.510382 0.198594
vt 0.507492 0.174802
vt 0.5148 0.172054
vt 0.516604 0.195289
vt 0.944459 0.843835
vt 0.944148 0.816335
vt 0.950128 0.815609
vt 0.944459 0.843835
vt 0.938715 0.844802
vt 0.944148 0.816335
vt 0.224289 0.624192
vt 0.215406 0.650945
vt 0.219467 0.625221
vt 0.19995 0.348925
vt 0.204521 0.373576
vt 0.19995 0.376471
vt 0.00773665 0.674117
vt 0.0125415 0.703777
vt 0.00713935 0.705195
vt 0.00773665 0.674117
vt 0.0134843 0.672993
vt 0.0125415 0.703777
vt 0.224666 0.602194
vt 0.225465 0.572565
vt 0.231175 0.573253
vt 0.224666 0.602194
vt 0.218918 0.60184
vt 0.225465 0.572565
vt 0.957872 0.919879
vt 0.955892 0.941943
vt 0.949908 0.923393
vt 0.957872 0.919879
vt 0.963867 0.9377
vt 0.955892 0.941943
vt 0.493527 0.0994523
vt 0.503141 0.0777456
vt 0.500362 0.100055
vt 0.493527 0.0994523
vt 0.495968 0.0773909
vt 0.503141 0.0777456
vt 0.48496 0.0982173
vt 0.495968 0.0773909
vt 0.493527 0.0994523
vt 0.48496 0.0982173
vt 0.487223 0.0769163
vt 0.495968 0.0773909
vt 0.95372 0.896425
vt 0.949908 0.923393
vt 0.945371 0.89925
vt 0.95372 0.896425
vt 0.957872 0.919879
vt 0.949908 0.923393
vt 0.944459 0.843835
vt 0.950683 0.870261
vt 0.942669 0.872288
vt 0.944459 0.843835
vt 0.951912 0.842282
vt 0.950683 0.870261
vt 0.942669 0.872288
vt 0.939189 0.900974
vt 0.936531 0.873707
vt 0.942669 0.872288
vt 0.945371 0.89925
vt 0.939189 0.900974
vt 0.48829 0.0546746
vt 0.495968 0.0773909
vt 0.487223 0.0769163
vt 0.48829 0.0546746
vt 0.496759 0.0545613
vt 0.495968 0.0773909
vt 0.489892 0.118708
vt 0.500362 0.100055
vt 0.49662 0.119745
vt 0.489892 0.118708
vt 0.493527 0.0994523
vt 0.500362 0.100055
vt 0.945371 0.89925
vt 0.943491 0.92561
vt 0.939189 0.900974
vt 0.945371 0.89925
vt 0.949908 0.923393
vt 0.943491 0.92561
vt 0.942669 0.872288
vt 0.938715 0.844802
vt 0.944459 0.843835
vt 0.942669 0.872288
vt 0.936531 0.873707
vt 0.938715 0.844802
vt 0.219756 0.740801
vt 0.208219 0.714792
vt 0.21397 0.7129
vt 0.219756 0.740801
vt 0.213954 0.744108
vt 0.208219 0.714792
vt 0.592259 0.324356
vt 0.604934 0.341716
vt 0.588152 0.333668
vt 0.592259 0.324356
vt 0.608389 0.333158
vt 0.604934 0.341716
vt 0.496759 0.0545613
vt 0.503141 0.0777456
vt 0.495968 0.0773909
vt 0.496759 0.0545613
vt 0.504257 0.054571
vt 0.503141 0.0777456
vt 0.714811 0.982653
vt 0.73623 0.969175
vt 0.73623 0.99488
vt 0.572559 0.31071
vt 0.579401 0.290144
vt 0.59806 0.300541
vt 0.557717 0.293749
vt 0.579401 0.290144
vt 0.572559 0.31071
vt 0.557717 0.293749
vt 0.562616 0.277554
vt 0.579401 0.290144
vt 0.544035 0.271716
vt 0.562616 0.277554
vt 0.557717 0.293749
vt 0.544035 0.271716
vt 0.552742 0.263155
vt 0.562616 0.277554
vt 0.528838 0.217754
vt 0.549867 0.247152
vt 0.535892 0.249005
vt 0.528838 0.217754
vt 0.546187 0.217205
vt 0.549867 0.247152
vt 0.608389 0.333158
vt 0.624098 0.347893
vt 0.604934 0.341716
vt 0.63709 0.549959
vt 0.644876 0.567972
vt 0.63709 0.57335
vt 0.572559 0.31071
vt 0.588152 0.333668
vt 0.569626 0.320323
vt 0.572559 0.31071
vt 0.592259 0.324356
vt 0.588152 0.333668
vt 0.465042 0.687818
vt 0.4964 0.728317
vt 0.46456 0.723513
vt 0.465042 0.687818
vt 0.497975 0.689887
vt 0.4964 0.728317
vt 0.557717 0.293749
vt 0.569626 0.320323
vt 0.551995 0.301587
vt 0.557717 0.293749
vt 0.572559 0.31071
vt 0.569626 0.320323
vt 0.146272 0.134789
vt 0.148159 0.157673
vt 0.139851 0.155303
vt 0.0580963 0.760684
vt 0.0592274 0.768204
vt 0.0371849 0.76846
vt 0.525591 0.192225
vt 0.546187 0.217205
vt 0.528838 0.217754
vt 0.525591 0.192225
vt 0.544343 0.190616
vt 0.546187 0.217205
vt 0.537448 0.278174
vt 0.557717 0.293749
vt 0.551995 0.301587
vt 0.537448 0.278174
vt 0.544035 0.271716
vt 0.557717 0.293749
vt 0.544035 0.271716
vt 0.527248 0.25204
vt 0.535892 0.249005
vt 0.544035 0.271716
vt 0.537448 0.278174
vt 0.527248 0.25204
vt 0.523412 0.168286
vt 0.544343 0.190616
vt 0.525591 0.192225
vt 0.523412 0.168286
vt 0.542912 0.165503
vt 0.544343 0.190616
vt 0.535892 0.249005
vt 0.552742 0.263155
vt 0.544035 0.271716
vt 0.535892 0.249005
vt 0.549867 0.247152
vt 0.552742 0.263155
vt 0.14945 0.254957
vt 0.130185 0.227538
vt 0.151229 0.224249
vt 0.14945 0.254957
vt 0.128573 0.259733
vt 0.130185 0.227538
vt 0.876135 0.153925
vt 0.860667 0.115768
vt 0.879869 0.115663
vt 0.876135 0.153925
vt 0.857563 0.155325
vt 0.860667 0.115768
vt 0.528838 0.217754
vt 0.527248 0.25204
vt 0.520137 0.221122
vt 0.528838 0.217754
vt 0.535892 0.249005
vt 0.527248 0.25204
vt 0.525591 0.192225
vt 0.520137 0.221122
vt 0.516604 0.195289
vt 0.525591 0.192225
vt 0.528838 0.217754
vt 0.520137 0.221122
vt 0.5148 0.172054
vt 0.525591 0.192225
vt 0.516604 0.195289
vt 0.5148 0.172054
vt 0.523412 0.168286
vt 0.525591 0.192225
vt 0.152535 0.190669
vt 0.161019 0.222172
vt 0.151229 0.224249
vt 0.152535 0.190669
vt 0.161916 0.188598
vt 0.161019 0.222172
vt 0.903862 0.0429596
vt 0.897999 0.0127981
vt 0.918254 0.0162761
vt 0.903862 0.0429596
vt 0.883425 0.0402116
vt 0.897999 0.0127981
vt 0.151229 0.224249
vt 0.131931 0.19208
vt 0.152535 0.190669
vt 0.151229 0.224249
vt 0.130185 0.227538
vt 0.131931 0.19208
vt 0.860667 0.115768
vt 0.889443 0.0777506
vt 0.879869 0.115663
vt 0.860667 0.115768
vt 0.869734 0.0770004
vt 0.889443 0.0777506
vt 0.14945 0.254957
vt 0.161019 0.222172
vt 0.159293 0.252926
vt 0.14945 0.254957
vt 0.151229 0.224249
vt 0.161019 0.222172
vt 0.147417 0.288103
vt 0.159293 0.252926
vt 0.157808 0.285899
vt 0.147417 0.288103
vt 0.14945 0.254957
vt 0.159293 0.252926
vt 0.157396 0.316104
vt 0.147417 0.288103
vt 0.157808 0.285899
vt 0.157396 0.316104
vt 0.146808 0.31819
vt 0.147417 0.288103
vt 0.903862 0.0429596
vt 0.900557 0.0794973
vt 0.889443 0.0777506
vt 0.903862 0.0429596
vt 0.914289 0.0447767
vt 0.900557 0.0794973
vt 0.877783 0.177797
vt 0.857563 0.155325
vt 0.876135 0.153925
vt 0.877783 0.177797
vt 0.859575 0.180136
vt 0.857563 0.155325
vt 0.666102 0.600059
vt 0.637562 0.614687
vt 0.640824 0.596871
vt 0.666102 0.600059
vt 0.663818 0.617921
vt 0.637562 0.614687
vt 0.883425 0.0402116
vt 0.889443 0.0777506
vt 0.869734 0.0770004
vt 0.883425 0.0402116
vt 0.903862 0.0429596
vt 0.889443 0.0777506
vt 0.879869 0.115663
vt 0.900557 0.0794973
vt 0.891338 0.116292
vt 0.879869 0.115663
vt 0.889443 0.0777506
vt 0.900557 0.0794973
vt 0.877783 0.177797
vt 0.887872 0.152973
vt 0.889556 0.176696
vt 0.877783 0.177797
vt 0.876135 0.153925
vt 0.887872 0.152973
vt 0.876135 0.153925
vt 0.891338 0.116292
vt 0.887872 0.152973
vt 0.876135 0.153925
vt 0.879869 0.115663
vt 0.891338 0.116292
vt 0.667553 0.588086
vt 0.640824 0.596871
vt 0.643098 0.585254
vt 0.667553 0.588086
vt 0.666102 0.600059
vt 0.640824 0.596871
vt 0.736927 0.994794
vt 0.743016 0.969175
vt 0.755699 0.994794
vt 0.592259 0.324356
vt 0.59806 0.300541
vt 0.61494 0.307132
vt 0.551685 0.516266
vt 0.529571 0.489081
vt 0.544588 0.484978
vt 0.551685 0.516266
vt 0.537399 0.520163
vt 0.529571 0.489081
vt 0.633968 0.312073
vt 0.608389 0.333158
vt 0.61494 0.307132
vt 0.633968 0.312073
vt 0.627323 0.339495
vt 0.608389 0.333158
vt 0.161916 0.188598
vt 0.153212 0.160722
vt 0.162152 0.158369
vt 0.161916 0.188598
vt 0.152535 0.190669
vt 0.153212 0.160722
vt 0.152535 0.190669
vt 0.133528 0.160734
vt 0.153212 0.160722
vt 0.152535 0.190669
vt 0.131931 0.19208
vt 0.133528 0.160734
vt 0.219467 0.625221
vt 0.218918 0.60184
vt 0.224666 0.602194
vt 0.219467 0.625221
vt 0.214155 0.625978
vt 0.218918 0.60184
vt 0.0093612 0.649911
vt 0.0134843 0.672993
vt 0.00773665 0.674117
vt 0.0093612 0.649911
vt 0.0142942 0.648516
vt 0.0134843 0.672993
vt 0.00713935 0.705195
vt 0.000348103 0.675407
vt 0.00773665 0.674117
vt 0.16925 0.1882
vt 0.161916 0.188598
vt 0.162152 0.158369
vt 0.0422247 0.617154
vt 0.018171 0.585468
vt 0.0405923 0.58363
vt 0.0422247 0.617154
vt 0.0195052 0.618651
vt 0.018171 0.585468
vt 0.646929 0.197216
vt 0.626105 0.163469
vt 0.646929 0.164139
vt 0.646929 0.197216
vt 0.625999 0.19572
vt 0.626105 0.163469
vt 0.625999 0.19572
vt 0.606772 0.163179
vt 0.626105 0.163469
vt 0.625999 0.19572
vt 0.606697 0.194261
vt 0.606772 0.163179
vt 0.606697 0.194261
vt 0.584256 0.163356
vt 0.606772 0.163179
vt 0.606697 0.194261
vt 0.584436 0.19259
vt 0.584256 0.163356
vt 0.544343 0.190616
vt 0.561869 0.164117
vt 0.562589 0.191197
vt 0.544343 0.190616
vt 0.542912 0.165503
vt 0.561869 0.164117
vt 0.584436 0.19259
vt 0.561869 0.164117
vt 0.584256 0.163356
vt 0.584436 0.19259
vt 0.562589 0.191197
vt 0.561869 0.164117
vt 0.205804 0.626893
vt 0.204282 0.604727
vt 0.210612 0.603958
vt 0.382235 0.598337
vt 0.388598 0.596934
vt 0.385832 0.619923
vt 0.400701 0.594323
vt 0.414915 0.615566
vt 0.397886 0.618867
vt 0.400701 0.594323
vt 0.41814 0.589914
vt 0.414915 0.615566
vt 0.388598 0.596934
vt 0.397886 0.618867
vt 0.385832 0.619923
vt 0.388598 0.596934
vt 0.400701 0.594323
vt 0.397886 0.618867
vt 0.214155 0.625978
vt 0.210612 0.603958
vt 0.218918 0.60184
vt 0.214155 0.625978
vt 0.205804 0.626893
vt 0.210612 0.603958
vt 0.540636 0.577409
vt 0.52097 0.607474
vt 0.520527 0.577527
vt 0.540636 0.577409
vt 0.542145 0.607492
vt 0.52097 0.607474
vt 0.441601 0.585125
vt 0.468259 0.609534
vt 0.438664 0.612274
vt 0.441601 0.585125
vt 0.470257 0.580967
vt 0.468259 0.609534
vt 0.470257 0.580967
vt 0.50014 0.607908
vt 0.468259 0.609534
vt 0.470257 0.580967
vt 0.500321 0.578384
vt 0.50014 0.607908
vt 0.500321 0.578384
vt 0.52097 0.607474
vt 0.50014 0.607908
vt 0.500321 0.578384
vt 0.520527 0.577527
vt 0.52097 0.607474
vt 0.41814 0.589914
vt 0.438664 0.612274
vt 0.414915 0.615566
vt 0.41814 0.589914
vt 0.441601 0.585125
vt 0.438664 0.612274
usemtl 1a7346e0575149abab9fac3184dc94c3_visual_0
f 1/1/1 2/2/2 3/3/3
f 4/4/4 5/5/5 6/6/6
f 7/7/7 8/8/8 9/9/9
f 10/10/10 11/11/11 12/12/12
f 13/13/13 14/14/14 15/15/15
f 16/16/16 17/17/17 18/18/18
f 19/19/19 20/20/20 21/21/21
f 22/22/22 23/23/23 24/24/24
f 25/25/25 26/26/26 27/27/27
f 28/28/28 29/29/29 30/30/30
f 31/31/31 32/32/32 33/33/33
f 34/34/34 35/35/35 36/36/36
f 37/37/37 38/38/38 39/39/39
f 40/40/40 41/41/41 42/42/42
f 43/43/43 44/44/44 45/45/45
f 46/46/46 47/47/47 48/48/48
f 49/49/49 50/50/50 51/51/51
f 52/52/52 53/53/53 54/54/54
f 55/55/55 56/56/56 57/57/57
f 58/58/58 59/59/59 60/60/60
f 61/61/61 62/62/62 63/63/63
f 64/64/64 65/65/65 66/66/66
f 67/67/67 68/68/68 69/69/69
f 70/70/70 71/71/71 72/72/72
f 73/73/73 74/74/74 75/75/75
f 76/76/76 77/77/77 78/78/78
f 79/79/79 80/80/80 81/81/81
f 82/82/82 83/83/83 84/84/84
f 85/85/85 86/86/86 87/87/87
f 88/88/88 89/89/89 90/90/90
f 91/91/91 92/92/92 93/93/93
f 94/94/94 95/95/95 96/96/96
f 97/97/97 98/98/98 99/99/99
f 100/100/100 101/101/101 102/102/102
f 103/103/103 104/104/104 105/105/105
f 106/106/106 107/107/107 108/108/108
f 109/109/109 110/110/110 111/111/111
f 112/112/112 113/113/113 114/114/114
f 115/115/115 116/116/116 117/117/117
f 118/118/118 119/119/119 120/120/120
f 121/121/121 122/122/122 123/123/123
f 124/124/124 125/125/125 126/126/126
f 127/127/127 128/128/128 129/129/129
f 130/130/130 131/131/131 132/132/132
f 133/133/133 134/134/134 135/135/135
f 136/136/136 137/137/137 138/138/138
f 139/139/139 140/140/140 141/141/141
f 142/142/142 143/143/143 144/144/144
f 145/145/145 146/146/146 147/147/147
f 148/148/148 149/149/149 150/150/150
f 151/151/151 152/152/152 153/153/153
f 154/154/154 155/155/155 156/156/156
f 157/157/157 158/158/158 159/159/159
f 160/160/160 161/161/161 162/162/162
f 163/163/163 164/164/164 165/165/165
f 166/166/166 167/167/167 168/168/168
f 169/169/169 170/170/170 171/171/171
f 172/172/172 173/173/173 174/174/174
f 175/175/175 176/176/176 177/177/177
f 178/178/178 179/179/179 180/180/180
f 181/181/181 182/182/182 183/183/183
f 184/184/184 185/185/185 186/186/186
f 187/187/187 188/188/188 189/189/189
f 190/190/190 191/191/191 192/192/192
f 193/193/193 194/194/194 195/195/195
f 196/196/196 197/197/197 198/198/198
f 199/199/199 200/200/200 201/201/201
f 202/202/202 203/203/203 204/204/204
f 205/205/205 206/206/206 207/207/207
f 208/208/208 209/209/209 210/210/210
f 211/211/211 212/212/212 213/213/213
f 214/214/214 215/215/215 216/216/216
f 217/217/217 218/218/218 219/219/219
f 220/220/220 221/221/221 222/222/222
f 223/223/223 224/224/224 225/225/225
f 226/226/226 227/227/227 228/228/228
f 229/229/229 230/230/230 231/231/231
f 232/232/232 233/233/233 234/234/234
f 235/235/235 236/236/236 237/237/237
f 238/238/238 239/239/239 240/240/240
f 241/241/241 242/242/242 243/243/243
f 244/244/244 245/245/245 246/246/246
f 247/247/247 248/248/248 249/249/249
f 250/250/250 251/251/251 252/252/252
f 253/253/253 254/254/254 255/255/255
f 256/256/256 257/257/257 258/258/258
f 259/259/259 260/260/260 261/261/261
f 262/262/262 263/263/263 264/264/264
f 265/265/265 266/266/266 267/267/267
f 268/268/268 269/269/269 270/270/270
f 271/271/271 272/272/272 273/273/273
f 274/274/274 275/275/275 276/276/276
f 277/277/277 278/278/278 279/279/279
f 280/280/280 281/281/281 282/282/282
f 283/283/283 284/284/284 285/285/285
f 286/286/286 287/287/287 288/288/288
f 289/289/289 290/290/290 291/291/291
f 292/292/292 293/293/293 294/294/294
f 295/295/295 296/296/296 297/297/297
f 298/298/298 299/299/299 300/300/300
f 301/301/301 302/302/302 303/303/303
f 304/304/304 305/305/305 306/306/306
f 307/307/307 308/308/308 309/309/309
f 310/310/310 311/311/311 312/312/312
f 313/313/313 314/314/314 315/315/315
f 316/316/316 317/317/317 318/318/318
f 319/319/319 320/320/320 321/321/321
f 322/322/322 323/323/323 324/324/324
f 325/325/325 326/326/326 327/327/327
f 328/328/328 329/329/329 330/330/330
f 331/331/331 332/332/332 333/333/333
f 334/334/334 335/335/335 336/336/336
f 337/337/337 338/338/338 339/339/339
f 340/340/340 341/341/341 342/342/342
f 343/343/343 344/344/344 345/345/345
f 346/346/346 347/347/347 348/348/348
f 349/349/349 350/350/350 351/351/351
f 352/352/352 353/353/353 354/354/354
f 355/355/355 356/356/356 357/357/357
f 358/358/358 359/359/359 360/360/360
f 361/361/361 362/362/362 363/363/363
f 364/364/364 365/365/365 366/366/366
f 367/367/367 368/368/368 369/369/369
f 370/370/370 371/371/371 372/372/372
f 373/373/373 374/374/374 375/375/375
f 376/376/376 377/377/377 378/378/378
f 379/379/379 380/380/380 381/381/381
f 382/382/382 383/383/383 384/384/384
f 385/385/385 386/386/386 387/387/387
f 388/388/388 389/389/389 390/390/390
f 391/391/391 392/392/392 393/393/393
f 394/394/394 395/395/395 396/396/396
f 397/397/397 398/398/398 399/399/399
f 400/400/400 401/401/401 402/402/402
f 403/403/403 404/404/404 405/405/405
f 406/406/406 407/407/407 408/408/408
f 409/409/409 410/410/410 411/411/411
f 412/412/412 413/413/413 414/414/414
f 415/415/415 416/416/416 417/417/417
f 418/418/418 419/419/419 420/420/420
f 421/421/421 422/422/422 423/423/423
f 424/424/424 425/425/425 426/426/426
f 427/427/427 428/428/428 429/429/429
f 430/430/430 431/431/431 432/432/432
f 433/433/433 434/434/434 435/435/435
f 436/436/436 437/437/437 438/438/438
f 439/439/439 440/440/440 441/441/441
f 442/442/442 443/443/443 444/444/444
f 445/445/445 446/446/446 447/447/447
f 448/448/448 449/449/449 450/450/450
f 451/451/451 452/452/452 453/453/453
f 454/454/454 455/455/455 456/456/456
f 457/457/457 458/458/458 459/459/459
f 460/460/460 461/461/461 462/462/462
f 463/463/463 464/464/464 465/465/465
f 466/466/466 467/467/467 468/468/468
f 469/469/469 470/470/470 471/471/471
f 472/472/472 473/473/473 474/474/474
f 475/475/475 476/476/476 477/477/477
f 478/478/478 479/479/479 480/480/480
f 481/481/481 482/482/482 483/483/483
f 484/484/484 485/485/485 486/486/486
f 487/487/487 488/488/488 489/489/489
f 490/490/490 491/491/491 492/492/492
f 493/493/493 494/494/494 495/495/495
f 496/496/496 497/497/497 498/498/498
f 499/499/499 500/500/500 501/501/501
f 502/502/502 503/503/503 504/504/504
f 505/505/505 506/506/506 507/507/507
f 508/508/508 509/509/509 510/510/510
f 511/511/511 512/512/512 513/513/513
f 514/514/514 515/515/515 516/516/516
f 517/517/517 518/518/518 519/519/519
f 520/520/520 521/521/521 522/522/522
f 523/523/523 524/524/524 525/525/525
f 526/526/526 527/527/527 528/528/528
f 529/529/529 530/530/530 531/531/531
f 532/532/532 533/533/533 534/534/534
f 535/535/535 536/536/536 537/537/537
f 538/538/538 539/539/539 540/540/540
f 541/541/541 542/542/542 543/543/543
f 544/544/544 545/545/545 546/546/546
f 547/547/547 548/548/548 549/549/549
f 550/550/550 551/551/551 552/552/552
f 553/553/553 554/554/554 555/555/555
f 556/556/556 557/557/557 558/558/558
f 559/559/559 560/560/560 561/561/561
f 562/562/562 563/563/563 564/564/564
f 565/565/565 566/566/566 567/567/567
f 568/568/568 569/569/569 570/570/570
f 571/571/571 572/572/572 573/573/573
f 574/574/574 575/575/575 576/576/576
f 577/577/577 578/578/578 579/579/579
f 580/580/580 581/581/581 582/582/582
f 583/583/583 584/584/584 585/585/585
f 586/586/586 587/587/587 588/588/588
f 589/589/589 590/590/590 591/591/591
f 592/592/592 593/593/593 594/594/594
f 595/595/595 596/596/596 597/597/597
f 598/598/598 599/599/599 600/600/600
f 601/601/601 602/602/602 603/603/603
f 604/604/604 605/605/605 606/606/606
f 607/607/607 608/608/608 609/609/609
f 610/610/610 611/611/611 612/612/612
f 613/613/613 614/614/614 615/615/615
f 616/616/616 617/617/617 618/618/618
f 619/619/619 620/620/620 621/621/621
f 622/622/622 623/623/623 624/624/624
f 625/625/625 626/626/626 627/627/627
f 628/628/628 629/629/629 630/630/630
f 631/631/631 632/632/632 633/633/633
f 634/634/634 635/635/635 636/636/636
f 637/637/637 638/638/638 639/639/639
f 640/640/640 641/641/641 642/642/642
f 643/643/643 644/644/644 645/645/645
f 646/646/646 647/647/647 648/648/648
f 649/649/649 650/650/650 651/651/651
f 652/652/652 653/653/653 654/654/654
f 655/655/655 656/656/656 657/657/657
f 658/658/658 659/659/659 660/660/660
f 661/661/661 662/662/662 663/663/663
f 664/664/664 665/665/665 666/666/666
f 667/667/667 668/668/668 669/669/669
f 670/670/670 671/671/671 672/672/672
f 673/673/673 674/674/674 675/675/675
f 676/676/676 677/677/677 678/678/678
f 679/679/679 680/680/680 681/681/681
f 682/682/682 683/683/683 684/684/684
f 685/685/685 686/686/686 687/687/687
f 688/688/688 689/689/689 690/690/690
f 691/691/691 692/692/692 693/693/693
f 694/694/694 695/695/695 696/696/696
f 697/697/697 698/698/698 699/699/699
f 700/700/700 701/701/701 702/702/702
f 703/703/703 704/704/704 705/705/705
f 706/706/706 707/707/707 708/708/708
f 709/709/709 710/710/710 711/711/711
f 712/712/712 713/713/713 714/714/714
f 715/715/715 716/716/716 717/717/717
f 718/718/718 719/719/719 720/720/720
f 721/721/721 722/722/722 723/723/723
f 724/724/724 725/725/725 726/726/726
f 727/727/727 728/728/728 729/729/729
f 730/730/730 731/731/731 732/732/732
f 733/733/733 734/734/734 735/735/735
f 736/736/736 737/737/737 738/738/738
f 739/739/739 740/740/740 741/741/741
f 742/742/742 743/743/743 744/744/744
f 745/745/745 746/746/746 747/747/747
f 748/748/748 749/749/749 750/750/750
f 751/751/751 752/752/752 753/753/753
f 754/754/754 755/755/755 756/756/756
f 757/757/757 758/758/758 759/759/759
f 760/760/760 761/761/761 762/762/762
f 763/763/763 764/764/764 765/765/765
f 766/766/766 767/767/767 768/768/768
f 769/769/769 770/770/770 771/771/771
f 772/772/772 773/773/773 774/774/774
f 775/775/775 776/776/776 777/777/777
f 778/778/778 779/779/779 780/780/780
f 781/781/781 782/782/782 783/783/783
f 784/784/784 785/785/785 786/786/786
f 787/787/787 788/788/788 789/789/789
f 790/790/790 791/791/791 792/792/792
f 793/793/793 794/794/794 795/795/795
f 796/796/796 797/797/797 798/798/798
f 799/799/799 800/800/800 801/801/801
f 802/802/802 803/803/803 804/804/804
f 805/805/805 806/806/806 807/807/807
f 808/808/808 809/809/809 810/810/810
f 811/811/811 812/812/812 813/813/813
f 814/814/814 815/815/815 816/816/816
f 817/817/817 818/818/818 819/819/819
f 820/820/820 821/821/821 822/822/822
f 823/823/823 824/824/824 825/825/825
f 826/826/826 827/827/827 828/828/828
f 829/829/829 830/830/830 831/831/831
f 832/832/832 833/833/833 834/834/834
f 835/835/835 836/836/836 837/837/837
f 838/838/838 839/839/839 840/840/840
f 841/841/841 842/842/842 843/843/843
f 844/844/844 845/845/845 846/846/846
f 847/847/847 848/848/848 849/849/849
f 850/850/850 851/851/851 852/852/852
f 853/853/853 854/854/854 855/855/855
f 856/856/856 857/857/857 858/858/858
f 859/859/859 860/860/860 861/861/861
f 862/862/862 863/863/863 864/864/864
f 865/865/865 866/866/866 867/867/867
f 868/868/868 869/869/869 870/870/870
f 871/871/871 872/872/872 873/873/873
f 874/874/874 875/875/875 876/876/876
f 877/877/877 878/878/878 879/879/879
f 880/880/880 881/881/881 882/882/882
f 883/883/883 884/884/884 885/885/885
f 886/886/886 887/887/887 888/888/888
f 889/889/889 890/890/890 891/891/891
f 892/892/892 893/893/893 894/894/894
f 895/895/895 896/896/896 897/897/897
f 898/898/898 899/899/899 900/900/900
f 901/901/901 902/902/902 903/903/903
f 904/904/904 905/905/905 906/906/906
f 907/907/907 908/908/908 909/909/909
f 910/910/910 911/911/911 912/912/912
f 913/913/913 914/914/914 915/915/915
f 916/916/916 917/917/917 918/918/918
f 919/919/919 920/920/920 921/921/921
f 922/922/922 923/923/923 924/924/924
f 925/925/925 926/926/926 927/927/927
f 928/928/928 929/929/929 930/930/930
f 931/931/931 932/932/932 933/933/933
f 934/934/934 935/935/935 936/936/936
f 937/937/937 938/938/938 939/939/939
f 940/940/940 941/941/941 942/942/942
f 943/943/943 944/944/944 945/945/945
f 946/946/946 947/947/947 948/948/948
f 949/949/949 950/950/950 951/951/951
f 952/952/952 953/953/953 954/954/954
f 955/955/955 956/956/956 957/957/957
f 958/958/958 959/959/959 960/960/960
f 961/961/961 962/962/962 963/963/963
f 964/964/964 965/965/965 966/966/966
f 967/967/967 968/968/968 969/969/969
f 970/970/970 971/971/971 972/972/972
f 973/973/973 974/974/974 975/975/975
f 976/976/976 977/977/977 978/978/978
f 979/979/979 980/980/980 981/981/981
f 982/982/982 983/983/983 984/984/984
f 985/985/985 986/986/986 987/987/987
f 988/988/988 989/989/989 990/990/990
f 991/991/991 992/992/992 993/993/993
f 994/994/994 995/995/995 996/996/996
f 997/997/997 998/998/998 999/999/999
f 1000/1000/1000 1001/1001/1001 1002/1002/1002
f 1003/1003/1003 1004/1004/1004 1005/1005/1005
f 1006/1006/1006 1007/1007/1007 1008/1008/1008
f 1009/1009/1009 1010/1010/1010 1011/1011/1011
f 1012/1012/1012 1013/1013/1013 1014/1014/1014
f 1015/1015/1015 1016/1016/1016 1017/1017/1017
f 1018/1018/1018 1019/1019/1019 1020/1020/1020
f 1021/1021/1021 1022/1022/1022 1023/1023/1023
f 1024/1024/1024 1025/1025/1025 1026/1026/1026
f 1027/1027/1027 1028/1028/1028 1029/1029/1029
f 1030/1030/1030 1031/1031/1031 1032/1032/1032
f 1033/1033/1033 1034/1034/1034 1035/1035/1035
f 1036/1036/1036 1037/1037/1037 1038/1038/1038
f 1039/1039/1039 1040/1040/1040 1041/1041/1041
f 1042/1042/1042 1043/1043/1043 1044/1044/1044
f 1045/1045/1045 1046/1046/1046 1047/1047/1047
f 1048/1048/1048 1049/1049/1049 1050/1050/1050
f 1051/1051/1051 1052/1052/1052 1053/1053/1053
f 1054/1054/1054 1055/1055/1055 1056/1056/1056
f 1057/1057/1057 1058/1058/1058 1059/1059/1059
f 1060/1060/1060 1061/1061/1061 1062/1062/1062
f 1063/1063/1063 1064/1064/1064 1065/1065/1065
f 1066/1066/1066 1067/1067/1067 1068/1068/1068
f 1069/1069/1069 1070/1070/1070 1071/1071/1071
f 1072/1072/1072 1073/1073/1073 1074/1074/1074
f 1075/1075/1075 1076/1076/1076 1077/1077/1077
f 1078/1078/1078 1079/1079/1079 1080/1080/1080
f 1081/1081/1081 1082/1082/1082 1083/1083/1083
f 1084/1084/1084 1085/1085/1085 1086/1086/1086
f 1087/1087/1087 1088/1088/1088 1089/1089/1089
f 1090/1090/1090 1091/1091/1091 1092/1092/1092
f 1093/1093/1093 1094/1094/1094 1095/1095/1095
f 1096/1096/1096 1097/1097/1097 1098/1098/1098
f 1099/1099/1099 1100/1100/1100 1101/1101/1101
f 1102/1102/1102 1103/1103/1103 1104/1104/1104
f 1105/1105/1105 1106/1106/1106 1107/1107/1107
f 1108/1108/1108 1109/1109/1109 1110/1110/1110
f 1111/1111/1111 1112/1112/1112 1113/1113/1113
f 1114/1114/1114 1115/1115/1115 1116/1116/1116
f 1117/1117/1117 1118/1118/1118 1119/1119/1119
f 1120/1120/1120 1121/1121/1121 1122/1122/1122
f 1123/1123/1123 1124/1124/1124 1125/1125/1125
f 1126/1126/1126 1127/1127/1127 1128/1128/1128
f 1129/1129/1129 1130/1130/1130 1131/1131/1131
f 1132/1132/1132 1133/1133/1133 1134/1134/1134
f 1135/1135/1135 1136/1136/1136 1137/1137/1137
f 1138/1138/1138 1139/1139/1139 1140/1140/1140
f 1141/1141/1141 1142/1142/1142 1143/1143/1143
f 1144/1144/1144 1145/1145/1145 1146/1146/1146
f 1147/1147/1147 1148/1148/1148 1149/1149/1149
f 1150/1150/1150 1151/1151/1151 1152/1152/1152
f 1153/1153/1153 1154/1154/1154 1155/1155/1155
f 1156/1156/1156 1157/1157/1157 1158/1158/1158
f 1159/1159/1159 1160/1160/1160 1161/1161/1161
f 1162/1162/1162 1163/1163/1163 1164/1164/1164
f 1165/1165/1165 1166/1166/1166 1167/1167/1167
f 1168/1168/1168 1169/1169/1169 1170/1170/1170
f 1171/1171/1171 1172/1172/1172 1173/1173/1173
f 1174/1174/1174 1175/1175/1175 1176/1176/1176
f 1177/1177/1177 1178/1178/1178 1179/1179/1179
f 1180/1180/1180 1181/1181/1181 1182/1182/1182
f 1183/1183/1183 1184/1184/1184 1185/1185/1185
f 1186/1186/1186 1187/1187/1187 1188/1188/1188
f 1189/1189/1189 1190/1190/1190 1191/1191/1191
f 1192/1192/1192 1193/1193/1193 1194/1194/1194
f 1195/1195/1195 1196/1196/1196 1197/1197/1197
f 1198/1198/1198 1199/1199/1199 1200/1200/1200
f 1201/1201/1201 1202/1202/1202 1203/1203/1203
f 1204/1204/1204 1205/1205/1205 1206/1206/1206
f 1207/1207/1207 1208/1208/1208 1209/1209/1209
f 1210/1210/1210 1211/1211/1211 1212/1212/1212
f 1213/1213/1213 1214/1214/1214 1215/1215/1215
f 1216/1216/1216 1217/1217/1217 1218/1218/1218
f 1219/1219/1219 1220/1220/1220 1221/1221/1221
f 1222/1222/1222 1223/1223/1223 1224/1224/1224
f 1225/1225/1225 1226/1226/1226 1227/1227/1227
f 1228/1228/1228 1229/1229/1229 1230/1230/1230
f 1231/1231/1231 1232/1232/1232 1233/1233/1233
f 1234/1234/1234 1235/1235/1235 1236/1236/1236
f 1237/1237/1237 1238/1238/1238 1239/1239/1239
f 1240/1240/1240 1241/1241/1241 1242/1242/1242
f 1243/1243/1243 1244/1244/1244 1245/1245/1245
f 1246/1246/1246 1247/1247/1247 1248/1248/1248
f 1249/1249/1249 1250/1250/1250 1251/1251/1251
f 1252/1252/1252 1253/1253/1253 1254/1254/1254
f 1255/1255/1255 1256/1256/1256 1257/1257/1257
f 1258/1258/1258 1259/1259/1259 1260/1260/1260
f 1261/1261/1261 1262/1262/1262 1263/1263/1263
f 1264/1264/1264 1265/1265/1265 1266/1266/1266
f 1267/1267/1267 1268/1268/1268 1269/1269/1269
f 1270/1270/1270 1271/1271/1271 1272/1272/1272
f 1273/1273/1273 1274/1274/1274 1275/1275/1275
f 1276/1276/1276 1277/1277/1277 1278/1278/1278
f 1279/1279/1279 1280/1280/1280 1281/1281/1281
f 1282/1282/1282 1283/1283/1283 1284/1284/1284
f 1285/1285/1285 1286/1286/1286 1287/1287/1287
f 1288/1288/1288 1289/1289/1289 1290/1290/1290
f 1291/1291/1291 1292/1292/1292 1293/1293/1293
f 1294/1294/1294 1295/1295/1295 1296/1296/1296
f 1297/1297/1297 1298/1298/1298 1299/1299/1299
f 1300/1300/1300 1301/1301/1301 1302/1302/1302
f 1303/1303/1303 1304/1304/1304 1305/1305/1305
f 1306/1306/1306 1307/1307/1307 1308/1308/1308
f 1309/1309/1309 1310/1310/1310 1311/1311/1311
f 1312/1312/1312 1313/1313/1313 1314/1314/1314
f 1315/1315/1315 1316/1316/1316 1317/1317/1317
f 1318/1318/1318 1319/1319/1319 1320/1320/1320
f 1321/1321/1321 1322/1322/1322 1323/1323/1323
f 1324/1324/1324 1325/1325/1325 1326/1326/1326
f 1327/1327/1327 1328/1328/1328 1329/1329/1329
f 1330/1330/1330 1331/1331/1331 1332/1332/1332
f 1333/1333/1333 1334/1334/1334 1335/1335/1335
f 1336/1336/1336 1337/1337/1337 1338/1338/1338
f 1339/1339/1339 1340/1340/1340 1341/1341/1341
f 1342/1342/1342 1343/1343/1343 1344/1344/1344
f 1345/1345/1345 1346/1346/1346 1347/1347/1347
f 1348/1348/1348 1349/1349/1349 1350/1350/1350
f 1351/1351/1351 1352/1352/1352 1353/1353/1353
f 1354/1354/1354 1355/1355/1355 1356/1356/1356
f 1357/1357/1357 1358/1358/1358 1359/1359/1359
f 1360/1360/1360 1361/1361/1361 1362/1362/1362
f 1363/1363/1363 1364/1364/1364 1365/1365/1365
f 1366/1366/1366 1367/1367/1367 1368/1368/1368
f 1369/1369/1369 1370/1370/1370 1371/1371/1371
f 1372/1372/1372 1373/1373/1373 1374/1374/1374
f 1375/1375/1375 1376/1376/1376 1377/1377/1377
f 1378/1378/1378 1379/1379/1379 1380/1380/1380
f 1381/1381/1381 1382/1382/1382 1383/1383/1383
f 1384/1384/1384 1385/1385/1385 1386/1386/1386
f 1387/1387/1387 1388/1388/1388 1389/1389/1389
f 1390/1390/1390 1391/1391/1391 1392/1392/1392
f 1393/1393/1393 1394/1394/1394 1395/1395/1395
f 1396/1396/1396 1397/1397/1397 1398/1398/1398
f 1399/1399/1399 1400/1400/1400 1401/1401/1401
f 1402/1402/1402 1403/1403/1403 1404/1404/1404
f 1405/1405/1405 1406/1406/1406 1407/1407/1407
f 1408/1408/1408 1409/1409/1409 1410/1410/1410
f 1411/1411/1411 1412/1412/1412 1413/1413/1413
f 1414/1414/1414 1415/1415/1415 1416/1416/1416
f 1417/1417/1417 1418/1418/1418 1419/1419/1419
f 1420/1420/1420 1421/1421/1421 1422/1422/1422
f 1423/1423/1423 1424/1424/1424 1425/1425/1425
f 1426/1426/1426 1427/1427/1427 1428/1428/1428
f 1429/1429/1429 1430/1430/1430 1431/1431/1431
f 1432/1432/1432 1433/1433/1433 1434/1434/1434
f 1435/1435/1435 1436/1436/1436 1437/1437/1437
f 1438/1438/1438 1439/1439/1439 1440/1440/1440
f 1441/1441/1441 1442/1442/1442 1443/1443/1443
f 1444/1444/1444 1445/1445/1445 1446/1446/1446
f 1447/1447/1447 1448/1448/1448 1449/1449/1449
f 1450/1450/1450 1451/1451/1451 1452/1452/1452
f 1453/1453/1453 1454/1454/1454 1455/1455/1455
f 1456/1456/1456 1457/1457/1457 1458/1458/1458
f 1459/1459/1459 1460/1460/1460 1461/1461/1461
f 1462/1462/1462 1463/1463/1463 1464/1464/1464
f 1465/1465/1465 1466/1466/1466 1467/1467/1467
f 1468/1468/1468 1469/1469/1469 1470/1470/1470
f 1471/1471/1471 1472/1472/1472 1473/1473/1473
f 1474/1474/1474 1475/1475/1475 1476/1476/1476
f 1477/1477/1477 1478/1478/1478 1479/1479/1479
f 1480/1480/1480 1481/1481/1481 1482/1482/1482
f 1483/1483/1483 1484/1484/1484 1485/1485/1485
f 1486/1486/1486 1487/1487/1487 1488/1488/1488
f 1489/1489/1489 1490/1490/1490 1491/1491/1491
f 1492/1492/1492 1493/1493/1493 1494/1494/1494
f 1495/1495/1495 1496/1496/1496 1497/1497/1497
f 1498/1498/1498 1499/1499/1499 1500/1500/1500
f 1501/1501/1501 1502/1502/1502 1503/1503/1503
f 1504/1504/1504 1505/1505/1505 1506/1506/1506
f 1507/1507/1507 1508/1508/1508 1509/1509/1509
f 1510/1510/1510 1511/1511/1511 1512/1512/1512
f 1513/1513/1513 1514/1514/1514 1515/1515/1515
f 1516/1516/1516 1517/1517/1517 1518/1518/1518
f 1519/1519/1519 1520/1520/1520 1521/1521/1521
f 1522/1522/1522 1523/1523/1523 1524/1524/1524
f 1525/1525/1525 1526/1526/1526 1527/1527/1527
f 1528/1528/1528 1529/1529/1529 1530/1530/1530
f 1531/1531/1531 1532/1532/1532 1533/1533/1533
f 1534/1534/1534 1535/1535/1535 1536/1536/1536
f 1537/1537/1537 1538/1538/1538 1539/1539/1539
f 1540/1540/1540 1541/1541/1541 1542/1542/1542
f 1543/1543/1543 1544/1544/1544 1545/1545/1545
f 1546/1546/1546 1547/1547/1547 1548/1548/1548
f 1549/1549/1549 1550/1550/1550 1551/1551/1551
f 1552/1552/1552 1553/1553/1553 1554/1554/1554
f 1555/1555/1555 1556/1556/1556 1557/1557/1557
f 1558/1558/1558 1559/1559/1559 1560/1560/1560
f 1561/1561/1561 1562/1562/1562 1563/1563/1563
f 1564/1564/1564 1565/1565/1565 1566/1566/1566
f 1567/1567/1567 1568/1568/1568 1569/1569/1569
f 1570/1570/1570 1571/1571/1571 1572/1572/1572
f 1573/1573/1573 1574/1574/1574 1575/1575/1575
f 1576/1576/1576 1577/1577/1577 1578/1578/1578
f 1579/1579/1579 1580/1580/1580 1581/1581/1581
f 1582/1582/1582 1583/1583/1583 1584/1584/1584
f 1585/1585/1585 1586/1586/1586 1587/1587/1587
f 1588/1588/1588 1589/1589/1589 1590/1590/1590
f 1591/1591/1591 1592/1592/1592 1593/1593/1593
f 1594/1594/1594 1595/1595/1595 1596/1596/1596
f 1597/1597/1597 1598/1598/1598 1599/1599/1599
f 1600/1600/1600 1601/1601/1601 1602/1602/1602
f 1603/1603/1603 1604/1604/1604 1605/1605/1605
f 1606/1606/1606 1607/1607/1607 1608/1608/1608
f 1609/1609/1609 1610/1610/1610 1611/1611/1611
f 1612/1612/1612 1613/1613/1613 1614/1614/1614
f 1615/1615/1615 1616/1616/1616 1617/1617/1617
f 1618/1618/1618 1619/1619/1619 1620/1620/1620
f 1621/1621/1621 1622/1622/1622 1623/1623/1623
f 1624/1624/1624 1625/1625/1625 1626/1626/1626
f 1627/1627/1627 1628/1628/1628 1629/1629/1629
f 1630/1630/1630 1631/1631/1631 1632/1632/1632
f 1633/1633/1633 1634/1634/1634 1635/1635/1635
f 1636/1636/1636 1637/1637/1637 1638/1638/1638
f 1639/1639/1639 1640/1640/1640 1641/1641/1641
f 1642/1642/1642 1643/1643/1643 1644/1644/1644
f 1645/1645/1645 1646/1646/1646 1647/1647/1647
f 1648/1648/1648 1649/1649/1649 1650/1650/1650
f 1651/1651/1651 1652/1652/1652 1653/1653/1653
f 1654/1654/1654 1655/1655/1655 1656/1656/1656
f 1657/1657/1657 1658/1658/1658 1659/1659/1659
f 1660/1660/1660 1661/1661/1661 1662/1662/1662
f 1663/1663/1663 1664/1664/1664 1665/1665/1665
f 1666/1666/1666 1667/1667/1667 1668/1668/1668
f 1669/1669/1669 1670/1670/1670 1671/1671/1671
f 1672/1672/1672 1673/1673/1673 1674/1674/1674
f 1675/1675/1675 1676/1676/1676 1677/1677/1677
f 1678/1678/1678 1679/1679/1679 1680/1680/1680
f 1681/1681/1681 1682/1682/1682 1683/1683/1683
f 1684/1684/1684 1685/1685/1685 1686/1686/1686
f 1687/1687/1687 1688/1688/1688 1689/1689/1689
f 1690/1690/1690 1691/1691/1691 1692/1692/1692
f 1693/1693/1693 1694/1694/1694 1695/1695/1695
f 1696/1696/1696 1697/1697/1697 1698/1698/1698
f 1699/1699/1699 1700/1700/1700 1701/1701/1701
f 1702/1702/1702 1703/1703/1703 1704/1704/1704
f 1705/1705/1705 1706/1706/1706 1707/1707/1707
f 1708/1708/1708 1709/1709/1709 1710/1710/1710
f 1711/1711/1711 1712/1712/1712 1713/1713/1713
f 1714/1714/1714 1715/1715/1715 1716/1716/1716
f 1717/1717/1717 1718/1718/1718 1719/1719/1719
f 1720/1720/1720 1721/1721/1721 1722/1722/1722
f 1723/1723/1723 1724/1724/1724 1725/1725/1725
f 1726/1726/1726 1727/1727/1727 1728/1728/1728
f 1729/1729/1729 1730/1730/1730 1731/1731/1731
f 1732/1732/1732 1733/1733/1733 1734/1734/1734
f 1735/1735/1735 1736/1736/1736 1737/1737/1737
f 1738/1738/1738 1739/1739/1739 1740/1740/1740
f 1741/1741/1741 1742/1742/1742 1743/1743/1743
f 1744/1744/1744 1745/1745/1745 1746/1746/1746
f 1747/1747/1747 1748/1748/1748 1749/1749/1749
f 1750/1750/1750 1751/1751/1751 1752/1752/1752
f 1753/1753/1753 1754/1754/1754 1755/1755/1755
f 1756/1756/1756 1757/1757/1757 1758/1758/1758
f 1759/1759/1759 1760/1760/1760 1761/1761/1761
f 1762/1762/1762 1763/1763/1763 1764/1764/1764
f 1765/1765/1765 1766/1766/1766 1767/1767/1767
f 1768/1768/1768 1769/1769/1769 1770/1770/1770
f 1771/1771/1771 1772/1772/1772 1773/1773/1773
f 1774/1774/1774 1775/1775/1775 1776/1776/1776
f 1777/1777/1777 1778/1778/1778 1779/1779/1779
f 1780/1780/1780 1781/1781/1781 1782/1782/1782
f 1783/1783/1783 1784/1784/1784 1785/1785/1785
f 1786/1786/1786 1787/1787/1787 1788/1788/1788
f 1789/1789/1789 1790/1790/1790 1791/1791/1791
f 1792/1792/1792 1793/1793/1793 1794/1794/1794
f 1795/1795/1795 1796/1796/1796 1797/1797/1797
f 1798/1798/1798 1799/1799/1799 1800/1800/1800
f 1801/1801/1801 1802/1802/1802 1803/1803/1803
f 1804/1804/1804 1805/1805/1805 1806/1806/1806
f 1807/1807/1807 1808/1808/1808 1809/1809/1809
f 1810/1810/1810 1811/1811/1811 1812/1812/1812
f 1813/1813/1813 1814/1814/1814 1815/1815/1815
f 1816/1816/1816 1817/1817/1817 1818/1818/1818
f 1819/1819/1819 1820/1820/1820 1821/1821/1821
f 1822/1822/1822 1823/1823/1823 1824/1824/1824
f 1825/1825/1825 1826/1826/1826 1827/1827/1827
f 1828/1828/1828 1829/1829/1829 1830/1830/1830
f 1831/1831/1831 1832/1832/1832 1833/1833/1833
f 1834/1834/1834 1835/1835/1835 1836/1836/1836
f 1837/1837/1837 1838/1838/1838 1839/1839/1839
f 1840/1840/1840 1841/1841/1841 1842/1842/1842
f 1843/1843/1843 1844/1844/1844 1845/1845/1845
f 1846/1846/1846 1847/1847/1847 1848/1848/1848
f 1849/1849/1849 1850/1850/1850 1851/1851/1851
f 1852/1852/1852 1853/1853/1853 1854/1854/1854
f 1855/1855/1855 1856/1856/1856 1857/1857/1857
f 1858/1858/1858 1859/1859/1859 1860/1860/1860
f 1861/1861/1861 1862/1862/1862 1863/1863/1863
f 1864/1864/1864 1865/1865/1865 1866/1866/1866
f 1867/1867/1867 1868/1868/1868 1869/1869/1869
f 1870/1870/1870 1871/1871/1871 1872/1872/1872
f 1873/1873/1873 1874/1874/1874 1875/1875/1875
f 1876/1876/1876 1877/1877/1877 1878/1878/1878
f 1879/1879/1879 1880/1880/1880 1881/1881/1881
f 1882/1882/1882 1883/1883/1883 1884/1884/1884
f 1885/1885/1885 1886/1886/1886 1887/1887/1887
f 1888/1888/1888 1889/1889/1889 1890/1890/1890
f 1891/1891/1891 1892/1892/1892 1893/1893/1893
f 1894/1894/1894 1895/1895/1895 1896/1896/1896
f 1897/1897/1897 1898/1898/1898 1899/1899/1899
f 1900/1900/1900 1901/1901/1901 1902/1902/1902
f 1903/1903/1903 1904/1904/1904 1905/1905/1905
f 1906/1906/1906 1907/1907/1907 1908/1908/1908
f 1909/1909/1909 1910/1910/1910 1911/1911/1911
f 1912/1912/1912 1913/1913/1913 1914/1914/1914
f 1915/1915/1915 1916/1916/1916 1917/1917/1917
f 1918/1918/1918 1919/1919/1919 1920/1920/1920
f 1921/1921/1921 1922/1922/1922 1923/1923/1923
f 1924/1924/1924 1925/1925/1925 1926/1926/1926
f 1927/1927/1927 1928/1928/1928 1929/1929/1929
f 1930/1930/1930 1931/1931/1931 1932/1932/1932
f 1933/1933/1933 1934/1934/1934 1935/1935/1935
f 1936/1936/1936 1937/1937/1937 1938/1938/1938
f 1939/1939/1939 1940/1940/1940 1941/1941/1941
f 1942/1942/1942 1943/1943/1943 1944/1944/1944
f 1945/1945/1945 1946/1946/1946 1947/1947/1947
f 1948/1948/1948 1949/1949/1949 1950/1950/1950
f 1951/1951/1951 1952/1952/1952 1953/1953/1953
f 1954/1954/1954 1955/1955/1955 1956/1956/1956
f 1957/1957/1957 1958/1958/1958 1959/1959/1959
f 1960/1960/1960 1961/1961/1961 1962/1962/1962
f 1963/1963/1963 1964/1964/1964 1965/1965/1965
f 1966/1966/1966 1967/1967/1967 1968/1968/1968
f 1969/1969/1969 1970/1970/1970 1971/1971/1971
f 1972/1972/1972 1973/1973/1973 1974/1974/1974
f 1975/1975/1975 1976/1976/1976 1977/1977/1977
f 1978/1978/1978 1979/1979/1979 1980/1980/1980
f 1981/1981/1981 1982/1982/1982 1983/1983/1983
f 1984/1984/1984 1985/1985/1985 1986/1986/1986
f 1987/1987/1987 1988/1988/1988 1989/1989/1989
f 1990/1990/1990 1991/1991/1991 1992/1992/1992
f 1993/1993/1993 1994/1994/1994 1995/1995/1995
f 1996/1996/1996 1997/1997/1997 1998/1998/1998
f 1999/1999/1999 2000/2000/2000 2001/2001/2001
f 2002/2002/2002 2003/2003/2003 2004/2004/2004
f 2005/2005/2005 2006/2006/2006 2007/2007/2007
f 2008/2008/2008 2009/2009/2009 2010/2010/2010
f 2011/2011/2011 2012/2012/2012 2013/2013/2013
f 2014/2014/2014 2015/2015/2015 2016/2016/2016
f 2017/2017/2017 2018/2018/2018 2019/2019/2019
f 2020/2020/2020 2021/2021/2021 2022/2022/2022
f 2023/2023/2023 2024/2024/2024 2025/2025/2025
f 2026/2026/2026 2027/2027/2027 2028/2028/2028
f 2029/2029/2029 2030/2030/2030 2031/2031/2031
f 2032/2032/2032 2033/2033/2033 2034/2034/2034
f 2035/2035/2035 2036/2036/2036 2037/2037/2037
f 2038/2038/2038 2039/2039/2039 2040/2040/2040
f 2041/2041/2041 2042/2042/2042 2043/2043/2043
f 2044/2044/2044 2045/2045/2045 2046/2046/2046
f 2047/2047/2047 2048/2048/2048 2049/2049/2049
f 2050/2050/2050 2051/2051/2051 2052/2052/2052
f 2053/2053/2053 2054/2054/2054 2055/2055/2055
f 2056/2056/2056 2057/2057/2057 2058/2058/2058
f 2059/2059/2059 2060/2060/2060 2061/2061/2061
f 2062/2062/2062 2063/2063/2063 2064/2064/2064
f 2065/2065/2065 2066/2066/2066 2067/2067/2067
f 2068/2068/2068 2069/2069/2069 2070/2070/2070
f 2071/2071/2071 2072/2072/2072 2073/2073/2073
f 2074/2074/2074 2075/2075/2075 2076/2076/2076
f 2077/2077/2077 2078/2078/2078 2079/2079/2079
f 2080/2080/2080 2081/2081/2081 2082/2082/2082
f 2083/2083/2083 2084/2084/2084 2085/2085/2085
f 2086/2086/2086 2087/2087/2087 2088/2088/2088
f 2089/2089/2089 2090/2090/2090 2091/2091/2091
f 2092/2092/2092 2093/2093/2093 2094/2094/2094
f 2095/2095/2095 2096/2096/2096 2097/2097/2097
f 2098/2098/2098 2099/2099/2099 2100/2100/2100
f 2101/2101/2101 2102/2102/2102 2103/2103/2103
f 2104/2104/2104 2105/2105/2105 2106/2106/2106
f 2107/2107/2107 2108/2108/2108 2109/2109/2109
f 2110/2110/2110 2111/2111/2111 2112/2112/2112
f 2113/2113/2113 2114/2114/2114 2115/2115/2115
f 2116/2116/2116 2117/2117/2117 2118/2118/2118
f 2119/2119/2119 2120/2120/2120 2121/2121/2121
f 2122/2122/2122 2123/2123/2123 2124/2124/2124
f 2125/2125/2125 2126/2126/2126 2127/2127/2127
f 2128/2128/2128 2129/2129/2129 2130/2130/2130
f 2131/2131/2131 2132/2132/2132 2133/2133/2133
f 2134/2134/2134 2135/2135/2135 2136/2136/2136
f 2137/2137/2137 2138/2138/2138 2139/2139/2139
f 2140/2140/2140 2141/2141/2141 2142/2142/2142
f 2143/2143/2143 2144/2144/2144 2145/2145/2145
f 2146/2146/2146 2147/2147/2147 2148/2148/2148
f 2149/2149/2149 2150/2150/2150 2151/2151/2151
f 2152/2152/2152 2153/2153/2153 2154/2154/2154
f 2155/2155/2155 2156/2156/2156 2157/2157/2157
f 2158/2158/2158 2159/2159/2159 2160/2160/2160
f 2161/2161/2161 2162/2162/2162 2163/2163/2163
f 2164/2164/2164 2165/2165/2165 2166/2166/2166
f 2167/2167/2167 2168/2168/2168 2169/2169/2169
f 2170/2170/2170 2171/2171/2171 2172/2172/2172
f 2173/2173/2173 2174/2174/2174 2175/2175/2175
f 2176/2176/2176 2177/2177/2177 2178/2178/2178
f 2179/2179/2179 2180/2180/2180 2181/2181/2181
f 2182/2182/2182 2183/2183/2183 2184/2184/2184
f 2185/2185/2185 2186/2186/2186 2187/2187/2187
f 2188/2188/2188 2189/2189/2189 2190/2190/2190
f 2191/2191/2191 2192/2192/2192 2193/2193/2193
f 2194/2194/2194 2195/2195/2195 2196/2196/2196
f 2197/2197/2197 2198/2198/2198 2199/2199/2199
f 2200/2200/2200 2201/2201/2201 2202/2202/2202
f 2203/2203/2203 2204/2204/2204 2205/2205/2205
f 2206/2206/2206 2207/2207/2207 2208/2208/2208
f 2209/2209/2209 2210/2210/2210 2211/2211/2211
f 2212/2212/2212 2213/2213/2213 2214/2214/2214
f 2215/2215/2215 2216/2216/2216 2217/2217/2217
f 2218/2218/2218 2219/2219/2219 2220/2220/2220
f 2221/2221/2221 2222/2222/2222 2223/2223/2223
f 2224/2224/2224 2225/2225/2225 2226/2226/2226
f 2227/2227/2227 2228/2228/2228 2229/2229/2229
f 2230/2230/2230 2231/2231/2231 2232/2232/2232
f 2233/2233/2233 2234/2234/2234 2235/2235/2235
f 2236/2236/2236 2237/2237/2237 2238/2238/2238
f 2239/2239/2239 2240/2240/2240 2241/2241/2241
f 2242/2242/2242 2243/2243/2243 2244/2244/2244
f 2245/2245/2245 2246/2246/2246 2247/2247/2247
f 2248/2248/2248 2249/2249/2249 2250/2250/2250
f 2251/2251/2251 2252/2252/2252 2253/2253/2253
f 2254/2254/2254 2255/2255/2255 2256/2256/2256
f 2257/2257/2257 2258/2258/2258 2259/2259/2259
f 2260/2260/2260 2261/2261/2261 2262/2262/2262
f 2263/2263/2263 2264/2264/2264 2265/2265/2265
f 2266/2266/2266 2267/2267/2267 2268/2268/2268
f 2269/2269/2269 2270/2270/2270 2271/2271/2271
f 2272/2272/2272 2273/2273/2273 2274/2274/2274
f 2275/2275/2275 2276/2276/2276 2277/2277/2277
f 2278/2278/2278 2279/2279/2279 2280/2280/2280
f 2281/2281/2281 2282/2282/2282 2283/2283/2283
f 2284/2284/2284 2285/2285/2285 2286/2286/2286
f 2287/2287/2287 2288/2288/2288 2289/2289/2289
f 2290/2290/2290 2291/2291/2291 2292/2292/2292
f 2293/2293/2293 2294/2294/2294 2295/2295/2295
f 2296/2296/2296 2297/2297/2297 2298/2298/2298
f 2299/2299/2299 2300/2300/2300 2301/2301/2301
f 2302/2302/2302 2303/2303/2303 2304/2304/2304
f 2305/2305/2305 2306/2306/2306 2307/2307/2307
f 2308/2308/2308 2309/2309/2309 2310/2310/2310
f 2311/2311/2311 2312/2312/2312 2313/2313/2313
f 2314/2314/2314 2315/2315/2315 2316/2316/2316
f 2317/2317/2317 2318/2318/2318 2319/2319/2319
f 2320/2320/2320 2321/2321/2321 2322/2322/2322
f 2323/2323/2323 2324/2324/2324 2325/2325/2325
f 2326/2326/2326 2327/2327/2327 2328/2328/2328
f 2329/2329/2329 2330/2330/2330 2331/2331/2331
f 2332/2332/2332 2333/2333/2333 2334/2334/2334
f 2335/2335/2335 2336/2336/2336 2337/2337/2337
f 2338/2338/2338 2339/2339/2339 2340/2340/2340
f 2341/2341/2341 2342/2342/2342 2343/2343/2343
f 2344/2344/2344 2345/2345/2345 2346/2346/2346
f 2347/2347/2347 2348/2348/2348 2349/2349/2349
f 2350/2350/2350 2351/2351/2351 2352/2352/2352
f 2353/2353/2353 2354/2354/2354 2355/2355/2355
f 2356/2356/2356 2357/2357/2357 2358/2358/2358
f 2359/2359/2359 2360/2360/2360 2361/2361/2361
f 2362/2362/2362 2363/2363/2363 2364/2364/2364
f 2365/2365/2365 2366/2366/2366 2367/2367/2367
f 2368/2368/2368 2369/2369/2369 2370/2370/2370
f 2371/2371/2371 2372/2372/2372 2373/2373/2373
f 2374/2374/2374 2375/2375/2375 2376/2376/2376
f 2377/2377/2377 2378/2378/2378 2379/2379/2379
f 2380/2380/2380 2381/2381/2381 2382/2382/2382
f 2383/2383/2383 2384/2384/2384 2385/2385/2385
f 2386/2386/2386 2387/2387/2387 2388/2388/2388
f 2389/2389/2389 2390/2390/2390 2391/2391/2391
f 2392/2392/2392 2393/2393/2393 2394/2394/2394
f 2395/2395/2395 2396/2396/2396 2397/2397/2397
f 2398/2398/2398 2399/2399/2399 2400/2400/2400
f 2401/2401/2401 2402/2402/2402 2403/2403/2403
f 2404/2404/2404 2405/2405/2405 2406/2406/2406
f 2407/2407/2407 2408/2408/2408 2409/2409/2409
f 2410/2410/2410 2411/2411/2411 2412/2412/2412
f 2413/2413/2413 2414/2414/2414 2415/2415/2415
f 2416/2416/2416 2417/2417/2417 2418/2418/2418
f 2419/2419/2419 2420/2420/2420 2421/2421/2421
f 2422/2422/2422 2423/2423/2423 2424/2424/2424
f 2425/2425/2425 2426/2426/2426 2427/2427/2427
f 2428/2428/2428 2429/2429/2429 2430/2430/2430
f 2431/2431/2431 2432/2432/2432 2433/2433/2433
f 2434/2434/2434 2435/2435/2435 2436/2436/2436
f 2437/2437/2437 2438/2438/2438 2439/2439/2439
f 2440/2440/2440 2441/2441/2441 2442/2442/2442
f 2443/2443/2443 2444/2444/2444 2445/2445/2445
f 2446/2446/2446 2447/2447/2447 2448/2448/2448
f 2449/2449/2449 2450/2450/2450 2451/2451/2451
f 2452/2452/2452 2453/2453/2453 2454/2454/2454
f 2455/2455/2455 2456/2456/2456 2457/2457/2457
f 2458/2458/2458 2459/2459/2459 2460/2460/2460
f 2461/2461/2461 2462/2462/2462 2463/2463/2463
f 2464/2464/2464 2465/2465/2465 2466/2466/2466
f 2467/2467/2467 2468/2468/2468 2469/2469/2469
f 2470/2470/2470 2471/2471/2471 2472/2472/2472
f 2473/2473/2473 2474/2474/2474 2475/2475/2475
f 2476/2476/2476 2477/2477/2477 2478/2478/2478
f 2479/2479/2479 2480/2480/2480 2481/2481/2481
f 2482/2482/2482 2483/2483/2483 2484/2484/2484
f 2485/2485/2485 2486/2486/2486 2487/2487/2487
f 2488/2488/2488 2489/2489/2489 2490/2490/2490
f 2491/2491/2491 2492/2492/2492 2493/2493/2493
f 2494/2494/2494 2495/2495/2495 2496/2496/2496
f 2497/2497/2497 2498/2498/2498 2499/2499/2499
f 2500/2500/2500 2501/2501/2501 2502/2502/2502
f 2503/2503/2503 2504/2504/2504 2505/2505/2505
f 2506/2506/2506 2507/2507/2507 2508/2508/2508
f 2509/2509/2509 2510/2510/2510 2511/2511/2511
f 2512/2512/2512 2513/2513/2513 2514/2514/2514
f 2515/2515/2515 2516/2516/2516 2517/2517/2517
f 2518/2518/2518 2519/2519/2519 2520/2520/2520
f 2521/2521/2521 2522/2522/2522 2523/2523/2523
f 2524/2524/2524 2525/2525/2525 2526/2526/2526
f 2527/2527/2527 2528/2528/2528 2529/2529/2529
f 2530/2530/2530 2531/2531/2531 2532/2532/2532
f 2533/2533/2533 2534/2534/2534 2535/2535/2535
f 2536/2536/2536 2537/2537/2537 2538/2538/2538
f 2539/2539/2539 2540/2540/2540 2541/2541/2541
f 2542/2542/2542 2543/2543/2543 2544/2544/2544
f 2545/2545/2545 2546/2546/2546 2547/2547/2547
f 2548/2548/2548 2549/2549/2549 2550/2550/2550
f 2551/2551/2551 2552/2552/2552 2553/2553/2553
f 2554/2554/2554 2555/2555/2555 2556/2556/2556
f 2557/2557/2557 2558/2558/2558 2559/2559/2559
f 2560/2560/2560 2561/2561/2561 2562/2562/2562
f 2563/2563/2563 2564/2564/2564 2565/2565/2565
f 2566/2566/2566 2567/2567/2567 2568/2568/2568
f 2569/2569/2569 2570/2570/2570 2571/2571/2571
f 2572/2572/2572 2573/2573/2573 2574/2574/2574
f 2575/2575/2575 2576/2576/2576 2577/2577/2577
f 2578/2578/2578 2579/2579/2579 2580/2580/2580
f 2581/2581/2581 2582/2582/2582 2583/2583/2583
f 2584/2584/2584 2585/2585/2585 2586/2586/2586
f 2587/2587/2587 2588/2588/2588 2589/2589/2589
f 2590/2590/2590 2591/2591/2591 2592/2592/2592
f 2593/2593/2593 2594/2594/2594 2595/2595/2595
f 2596/2596/2596 2597/2597/2597 2598/2598/2598
f 2599/2599/2599 2600/2600/2600 2601/2601/2601
f 2602/2602/2602 2603/2603/2603 2604/2604/2604
f 2605/2605/2605 2606/2606/2606 2607/2607/2607
f 2608/2608/2608 2609/2609/2609 2610/2610/2610
f 2611/2611/2611 2612/2612/2612 2613/2613/2613
f 2614/2614/2614 2615/2615/2615 2616/2616/2616
f 2617/2617/2617 2618/2618/2618 2619/2619/2619
f 2620/2620/2620 2621/2621/2621 2622/2622/2622
f 2623/2623/2623 2624/2624/2624 2625/2625/2625
f 2626/2626/2626 2627/2627/2627 2628/2628/2628
f 2629/2629/2629 2630/2630/2630 2631/2631/2631
f 2632/2632/2632 2633/2633/2633 2634/2634/2634
f 2635/2635/2635 2636/2636/2636 2637/2637/2637
f 2638/2638/2638 2639/2639/2639 2640/2640/2640
f 2641/2641/2641 2642/2642/2642 2643/2643/2643
f 2644/2644/2644 2645/2645/2645 2646/2646/2646
f 2647/2647/2647 2648/2648/2648 2649/2649/2649
f 2650/2650/2650 2651/2651/2651 2652/2652/2652
f 2653/2653/2653 2654/2654/2654 2655/2655/2655
f 2656/2656/2656 2657/2657/2657 2658/2658/2658
f 2659/2659/2659 2660/2660/2660 2661/2661/2661
f 2662/2662/2662 2663/2663/2663 2664/2664/2664
f 2665/2665/2665 2666/2666/2666 2667/2667/2667
f 2668/2668/2668 2669/2669/2669 2670/2670/2670
f 2671/2671/2671 2672/2672/2672 2673/2673/2673
f 2674/2674/2674 2675/2675/2675 2676/2676/2676
f 2677/2677/2677 2678/2678/2678 2679/2679/2679
f 2680/2680/2680 2681/2681/2681 2682/2682/2682
f 2683/2683/2683 2684/2684/2684 2685/2685/2685
f 2686/2686/2686 2687/2687/2687 2688/2688/2688
f 2689/2689/2689 2690/2690/2690 2691/2691/2691
f 2692/2692/2692 2693/2693/2693 2694/2694/2694
f 2695/2695/2695 2696/2696/2696 2697/2697/2697
f 2698/2698/2698 2699/2699/2699 2700/2700/2700
f 2701/2701/2701 2702/2702/2702 2703/2703/2703
f 2704/2704/2704 2705/2705/2705 2706/2706/2706
f 2707/2707/2707 2708/2708/2708 2709/2709/2709
f 2710/2710/2710 2711/2711/2711 2712/2712/2712
f 2713/2713/2713 2714/2714/2714 2715/2715/2715
f 2716/2716/2716 2717/2717/2717 2718/2718/2718
f 2719/2719/2719 2720/2720/2720 2721/2721/2721
f 2722/2722/2722 2723/2723/2723 2724/2724/2724
f 2725/2725/2725 2726/2726/2726 2727/2727/2727
f 2728/2728/2728 2729/2729/2729 2730/2730/2730
f 2731/2731/2731 2732/2732/2732 2733/2733/2733
f 2734/2734/2734 2735/2735/2735 2736/2736/2736
f 2737/2737/2737 2738/2738/2738 2739/2739/2739
f 2740/2740/2740 2741/2741/2741 2742/2742/2742
f 2743/2743/2743 2744/2744/2744 2745/2745/2745
f 2746/2746/2746 2747/2747/2747 2748/2748/2748
f 2749/2749/2749 2750/2750/2750 2751/2751/2751
f 2752/2752/2752 2753/2753/2753 2754/2754/2754
f 2755/2755/2755 2756/2756/2756 2757/2757/2757
f 2758/2758/2758 2759/2759/2759 2760/2760/2760
f 2761/2761/2761 2762/2762/2762 2763/2763/2763
f 2764/2764/2764 2765/2765/2765 2766/2766/2766
f 2767/2767/2767 2768/2768/2768 2769/2769/2769
f 2770/2770/2770 2771/2771/2771 2772/2772/2772
f 2773/2773/2773 2774/2774/2774 2775/2775/2775
f 2776/2776/2776 2777/2777/2777 2778/2778/2778
f 2779/2779/2779 2780/2780/2780 2781/2781/2781
f 2782/2782/2782 2783/2783/2783 2784/2784/2784
f 2785/2785/2785 2786/2786/2786 2787/2787/2787
f 2788/2788/2788 2789/2789/2789 2790/2790/2790
f 2791/2791/2791 2792/2792/2792 2793/2793/2793
f 2794/2794/2794 2795/2795/2795 2796/2796/2796
f 2797/2797/2797 2798/2798/2798 2799/2799/2799
f 2800/2800/2800 2801/2801/2801 2802/2802/2802
f 2803/2803/2803 2804/2804/2804 2805/2805/2805
f 2806/2806/2806 2807/2807/2807 2808/2808/2808
f 2809/2809/2809 2810/2810/2810 2811/2811/2811
f 2812/2812/2812 2813/2813/2813 2814/2814/2814
f 2815/2815/2815 2816/2816/2816 2817/2817/2817
f 2818/2818/2818 2819/2819/2819 2820/2820/2820
f 2821/2821/2821 2822/2822/2822 2823/2823/2823
f 2824/2824/2824 2825/2825/2825 2826/2826/2826
f 2827/2827/2827 2828/2828/2828 2829/2829/2829
f 2830/2830/2830 2831/2831/2831 2832/2832/2832
f 2833/2833/2833 2834/2834/2834 2835/2835/2835
f 2836/2836/2836 2837/2837/2837 2838/2838/2838
f 2839/2839/2839 2840/2840/2840 2841/2841/2841
f 2842/2842/2842 2843/2843/2843 2844/2844/2844
f 2845/2845/2845 2846/2846/2846 2847/2847/2847
f 2848/2848/2848 2849/2849/2849 2850/2850/2850
f 2851/2851/2851 2852/2852/2852 2853/2853/2853
f 2854/2854/2854 2855/2855/2855 2856/2856/2856
f 2857/2857/2857 2858/2858/2858 2859/2859/2859
f 2860/2860/2860 2861/2861/2861 2862/2862/2862
f 2863/2863/2863 2864/2864/2864 2865/2865/2865
f 2866/2866/2866 2867/2867/2867 2868/2868/2868
f 2869/2869/2869 2870/2870/2870 2871/2871/2871
f 2872/2872/2872 2873/2873/2873 2874/2874/2874
f 2875/2875/2875 2876/2876/2876 2877/2877/2877
f 2878/2878/2878 2879/2879/2879 2880/2880/2880
f 2881/2881/2881 2882/2882/2882 2883/2883/2883
f 2884/2884/2884 2885/2885/2885 2886/2886/2886
f 2887/2887/2887 2888/2888/2888 2889/2889/2889
f 2890/2890/2890 2891/2891/2891 2892/2892/2892
f 2893/2893/2893 2894/2894/2894 2895/2895/2895
f 2896/2896/2896 2897/2897/2897 2898/2898/2898
f 2899/2899/2899 2900/2900/2900 2901/2901/2901
f 2902/2902/2902 2903/2903/2903 2904/2904/2904
f 2905/2905/2905 2906/2906/2906 2907/2907/2907
f 2908/2908/2908 2909/2909/2909 2910/2910/2910
f 2911/2911/2911 2912/2912/2912 2913/2913/2913
f 2914/2914/2914 2915/2915/2915 2916/2916/2916
f 2917/2917/2917 2918/2918/2918 2919/2919/2919
f 2920/2920/2920 2921/2921/2921 2922/2922/2922
f 2923/2923/2923 2924/2924/2924 2925/2925/2925
f 2926/2926/2926 2927/2927/2927 2928/2928/2928
f 2929/2929/2929 2930/2930/2930 2931/2931/2931
f 2932/2932/2932 2933/2933/2933 2934/2934/2934
f 2935/2935/2935 2936/2936/2936 2937/2937/2937
f 2938/2938/2938 2939/2939/2939 2940/2940/2940
f 2941/2941/2941 2942/2942/2942 2943/2943/2943
f 2944/2944/2944 2945/2945/2945 2946/2946/2946
f 2947/2947/2947 2948/2948/2948 2949/2949/2949
f 2950/2950/2950 2951/2951/2951 2952/2952/2952
f 2953/2953/2953 2954/2954/2954 2955/2955/2955
f 2956/2956/2956 2957/2957/2957 2958/2958/2958
f 2959/2959/2959 2960/2960/2960 2961/2961/2961
f 2962/2962/2962 2963/2963/2963 2964/2964/2964
f 2965/2965/2965 2966/2966/2966 2967/2967/2967
f 2968/2968/2968 2969/2969/2969 2970/2970/2970
f 2971/2971/2971 2972/2972/2972 2973/2973/2973
f 2974/2974/2974 2975/2975/2975 2976/2976/2976
f 2977/2977/2977 2978/2978/2978 2979/2979/2979
f 2980/2980/2980 2981/2981/2981 2982/2982/2982
f 2983/2983/2983 2984/2984/2984 2985/2985/2985
f 2986/2986/2986 2987/2987/2987 2988/2988/2988
f 2989/2989/2989 2990/2990/2990 2991/2991/2991
f 2992/2992/2992 2993/2993/2993 2994/2994/2994
f 2995/2995/2995 2996/2996/2996 2997/2997/2997
f 2998/2998/2998 2999/2999/2999 3000/3000/3000
f 3001/3001/3001 3002/3002/3002 3003/3003/3003
f 3004/3004/3004 3005/3005/3005 3006/3006/3006
f 3007/3007/3007 3008/3008/3008 3009/3009/3009
f 3010/3010/3010 3011/3011/3011 3012/3012/3012
f 3013/3013/3013 3014/3014/3014 3015/3015/3015
f 3016/3016/3016 3017/3017/3017 3018/3018/3018
f 3019/3019/3019 3020/3020/3020 3021/3021/3021
f 3022/3022/3022 3023/3023/3023 3024/3024/3024
f 3025/3025/3025 3026/3026/3026 3027/3027/3027
f 3028/3028/3028 3029/3029/3029 3030/3030/3030
f 3031/3031/3031 3032/3032/3032 3033/3033/3033
f 3034/3034/3034 3035/3035/3035 3036/3036/3036
f 3037/3037/3037 3038/3038/3038 3039/3039/3039
f 3040/3040/3040 3041/3041/3041 3042/3042/3042
f 3043/3043/3043 3044/3044/3044 3045/3045/3045
f 3046/3046/3046 3047/3047/3047 3048/3048/3048
f 3049/3049/3049 3050/3050/3050 3051/3051/3051
f 3052/3052/3052 3053/3053/3053 3054/3054/3054
f 3055/3055/3055 3056/3056/3056 3057/3057/3057
f 3058/3058/3058 3059/3059/3059 3060/3060/3060
f 3061/3061/3061 3062/3062/3062 3063/3063/3063
f 3064/3064/3064 3065/3065/3065 3066/3066/3066
f 3067/3067/3067 3068/3068/3068 3069/3069/3069
f 3070/3070/3070 3071/3071/3071 3072/3072/3072
f 3073/3073/3073 3074/3074/3074 3075/3075/3075
f 3076/3076/3076 3077/3077/3077 3078/3078/3078
f 3079/3079/3079 3080/3080/3080 3081/3081/3081
f 3082/3082/3082 3083/3083/3083 3084/3084/3084
f 3085/3085/3085 3086/3086/3086 3087/3087/3087
f 3088/3088/3088 3089/3089/3089 3090/3090/3090
f 3091/3091/3091 3092/3092/3092 3093/3093/3093
f 3094/3094/3094 3095/3095/3095 3096/3096/3096
f 3097/3097/3097 3098/3098/3098 3099/3099/3099
f 3100/3100/3100 3101/3101/3101 3102/3102/3102
f 3103/3103/3103 3104/3104/3104 3105/3105/3105
f 3106/3106/3106 3107/3107/3107 3108/3108/3108
f 3109/3109/3109 3110/3110/3110 3111/3111/3111
f 3112/3112/3112 3113/3113/3113 3114/3114/3114
f 3115/3115/3115 3116/3116/3116 3117/3117/3117
f 3118/3118/3118 3119/3119/3119 3120/3120/3120
f 3121/3121/3121 3122/3122/3122 3123/3123/3123
f 3124/3124/3124 3125/3125/3125 3126/3126/3126
f 3127/3127/3127 3128/3128/3128 3129/3129/3129
f 3130/3130/3130 3131/3131/3131 3132/3132/3132
f 3133/3133/3133 3134/3134/3134 3135/3135/3135
f 3136/3136/3136 3137/3137/3137 3138/3138/3138
f 3139/3139/3139 3140/3140/3140 3141/3141/3141
f 3142/3142/3142 3143/3143/3143 3144/3144/3144
f 3145/3145/3145 3146/3146/3146 3147/3147/3147
f 3148/3148/3148 3149/3149/3149 3150/3150/3150
f 3151/3151/3151 3152/3152/3152 3153/3153/3153
f 3154/3154/3154 3155/3155/3155 3156/3156/3156
f 3157/3157/3157 3158/3158/3158 3159/3159/3159
f 3160/3160/3160 3161/3161/3161 3162/3162/3162
f 3163/3163/3163 3164/3164/3164 3165/3165/3165
f 3166/3166/3166 3167/3167/3167 3168/3168/3168
f 3169/3169/3169 3170/3170/3170 3171/3171/3171
f 3172/3172/3172 3173/3173/3173 3174/3174/3174
f 3175/3175/3175 3176/3176/3176 3177/3177/3177
f 3178/3178/3178 3179/3179/3179 3180/3180/3180
f 3181/3181/3181 3182/3182/3182 3183/3183/3183
f 3184/3184/3184 3185/3185/3185 3186/3186/3186
f 3187/3187/3187 3188/3188/3188 3189/3189/3189
f 3190/3190/3190 3191/3191/3191 3192/3192/3192
f 3193/3193/3193 3194/3194/3194 3195/3195/3195
f 3196/3196/3196 3197/3197/3197 3198/3198/3198
f 3199/3199/3199 3200/3200/3200 3201/3201/3201
f 3202/3202/3202 3203/3203/3203 3204/3204/3204
f 3205/3205/3205 3206/3206/3206 3207/3207/3207
f 3208/3208/3208 3209/3209/3209 3210/3210/3210
f 3211/3211/3211 3212/3212/3212 3213/3213/3213
f 3214/3214/3214 3215/3215/3215 3216/3216/3216
f 3217/3217/3217 3218/3218/3218 3219/3219/3219
f 3220/3220/3220 3221/3221/3221 3222/3222/3222
f 3223/3223/3223 3224/3224/3224 3225/3225/3225
f 3226/3226/3226 3227/3227/3227 3228/3228/3228
f 3229/3229/3229 3230/3230/3230 3231/3231/3231
f 3232/3232/3232 3233/3233/3233 3234/3234/3234
f 3235/3235/3235 3236/3236/3236 3237/3237/3237
f 3238/3238/3238 3239/3239/3239 3240/3240/3240
f 3241/3241/3241 3242/3242/3242 3243/3243/3243
f 3244/3244/3244 3245/3245/3245 3246/3246/3246
f 3247/3247/3247 3248/3248/3248 3249/3249/3249
f 3250/3250/3250 3251/3251/3251 3252/3252/3252
f 3253/3253/3253 3254/3254/3254 3255/3255/3255
f 3256/3256/3256 3257/3257/3257 3258/3258/3258
f 3259/3259/3259 3260/3260/3260 3261/3261/3261
f 3262/3262/3262 3263/3263/3263 3264/3264/3264
f 3265/3265/3265 3266/3266/3266 3267/3267/3267
f 3268/3268/3268 3269/3269/3269 3270/3270/3270
f 3271/3271/3271 3272/3272/3272 3273/3273/3273
f 3274/3274/3274 3275/3275/3275 3276/3276/3276
f 3277/3277/3277 3278/3278/3278 3279/3279/3279
f 3280/3280/3280 3281/3281/3281 3282/3282/3282
f 3283/3283/3283 3284/3284/3284 3285/3285/3285
f 3286/3286/3286 3287/3287/3287 3288/3288/3288
f 3289/3289/3289 3290/3290/3290 3291/3291/3291
f 3292/3292/3292 3293/3293/3293 3294/3294/3294
f 3295/3295/3295 3296/3296/3296 3297/3297/3297
f 3298/3298/3298 3299/3299/3299 3300/3300/3300
f 3301/3301/3301 3302/3302/3302 3303/3303/3303
f 3304/3304/3304 3305/3305/3305 3306/3306/3306
f 3307/3307/3307 3308/3308/3308 3309/3309/3309
f 3310/3310/3310 3311/3311/3311 3312/3312/3312
f 3313/3313/3313 3314/3314/3314 3315/3315/3315
f 3316/3316/3316 3317/3317/3317 3318/3318/3318
f 3319/3319/3319 3320/3320/3320 3321/3321/3321
f 3322/3322/3322 3323/3323/3323 3324/3324/3324
f 3325/3325/3325 3326/3326/3326 3327/3327/3327
f 3328/3328/3328 3329/3329/3329 3330/3330/3330
f 3331/3331/3331 3332/3332/3332 3333/3333/3333
f 3334/3334/3334 3335/3335/3335 3336/3336/3336
f 3337/3337/3337 3338/3338/3338 3339/3339/3339
f 3340/3340/3340 3341/3341/3341 3342/3342/3342
f 3343/3343/3343 3344/3344/3344 3345/3345/3345
f 3346/3346/3346 3347/3347/3347 3348/3348/3348
f 3349/3349/3349 3350/3350/3350 3351/3351/3351
f 3352/3352/3352 3353/3353/3353 3354/3354/3354
f 3355/3355/3355 3356/3356/3356 3357/3357/3357
f 3358/3358/3358 3359/3359/3359 3360/3360/3360
f 3361/3361/3361 3362/3362/3362 3363/3363/3363
f 3364/3364/3364 3365/3365/3365 3366/3366/3366
f 3367/3367/3367 3368/3368/3368 3369/3369/3369
f 3370/3370/3370 3371/3371/3371 3372/3372/3372
f 3373/3373/3373 3374/3374/3374 3375/3375/3375
f 3376/3376/3376 3377/3377/3377 3378/3378/3378
f 3379/3379/3379 3380/3380/3380 3381/3381/3381
f 3382/3382/3382 3383/3383/3383 3384/3384/3384
f 3385/3385/3385 3386/3386/3386 3387/3387/3387
f 3388/3388/3388 3389/3389/3389 3390/3390/3390
f 3391/3391/3391 3392/3392/3392 3393/3393/3393
f 3394/3394/3394 3395/3395/3395 3396/3396/3396
f 3397/3397/3397 3398/3398/3398 3399/3399/3399
f 3400/3400/3400 3401/3401/3401 3402/3402/3402
f 3403/3403/3403 3404/3404/3404 3405/3405/3405
f 3406/3406/3406 3407/3407/3407 3408/3408/3408
f 3409/3409/3409 3410/3410/3410 3411/3411/3411
f 3412/3412/3412 3413/3413/3413 3414/3414/3414
f 3415/3415/3415 3416/3416/3416 3417/3417/3417
f 3418/3418/3418 3419/3419/3419 3420/3420/3420
f 3421/3421/3421 3422/3422/3422 3423/3423/3423
f 3424/3424/3424 3425/3425/3425 3426/3426/3426
f 3427/3427/3427 3428/3428/3428 3429/3429/3429
f 3430/3430/3430 3431/3431/3431 3432/3432/3432
f 3433/3433/3433 3434/3434/3434 3435/3435/3435
f 3436/3436/3436 3437/3437/3437 3438/3438/3438
f 3439/3439/3439 3440/3440/3440 3441/3441/3441
f 3442/3442/3442 3443/3443/3443 3444/3444/3444
f 3445/3445/3445 3446/3446/3446 3447/3447/3447
f 3448/3448/3448 3449/3449/3449 3450/3450/3450
f 3451/3451/3451 3452/3452/3452 3453/3453/3453
f 3454/3454/3454 3455/3455/3455 3456/3456/3456
f 3457/3457/3457 3458/3458/3458 3459/3459/3459
f 3460/3460/3460 3461/3461/3461 3462/3462/3462
f 3463/3463/3463 3464/3464/3464 3465/3465/3465
f 3466/3466/3466 3467/3467/3467 3468/3468/3468
f 3469/3469/3469 3470/3470/3470 3471/3471/3471
f 3472/3472/3472 3473/3473/3473 3474/3474/3474
f 3475/3475/3475 3476/3476/3476 3477/3477/3477
f 3478/3478/3478 3479/3479/3479 3480/3480/3480
f 3481/3481/3481 3482/3482/3482 3483/3483/3483
f 3484/3484/3484 3485/3485/3485 3486/3486/3486
f 3487/3487/3487 3488/3488/3488 3489/3489/3489
f 3490/3490/3490 3491/3491/3491 3492/3492/3492
f 3493/3493/3493 3494/3494/3494 3495/3495/3495
f 3496/3496/3496 3497/3497/3497 3498/3498/3498
f 3499/3499/3499 3500/3500/3500 3501/3501/3501
f 3502/3502/3502 3503/3503/3503 3504/3504/3504
f 3505/3505/3505 3506/3506/3506 3507/3507/3507
f 3508/3508/3508 3509/3509/3509 3510/3510/3510
f 3511/3511/3511 3512/3512/3512 3513/3513/3513
f 3514/3514/3514 3515/3515/3515 3516/3516/3516
f 3517/3517/3517 3518/3518/3518 3519/3519/3519
f 3520/3520/3520 3521/3521/3521 3522/3522/3522
f 3523/3523/3523 3524/3524/3524 3525/3525/3525
f 3526/3526/3526 3527/3527/3527 3528/3528/3528
f 3529/3529/3529 3530/3530/3530 3531/3531/3531
f 3532/3532/3532 3533/3533/3533 3534/3534/3534
f 3535/3535/3535 3536/3536/3536 3537/3537/3537
f 3538/3538/3538 3539/3539/3539 3540/3540/3540
f 3541/3541/3541 3542/3542/3542 3543/3543/3543
f 3544/3544/3544 3545/3545/3545 3546/3546/3546
f 3547/3547/3547 3548/3548/3548 3549/3549/3549
f 3550/3550/3550 3551/3551/3551 3552/3552/3552
f 3553/3553/3553 3554/3554/3554 3555/3555/3555
f 3556/3556/3556 3557/3557/3557 3558/3558/3558
f 3559/3559/3559 3560/3560/3560 3561/3561/3561
f 3562/3562/3562 3563/3563/3563 3564/3564/3564
f 3565/3565/3565 3566/3566/3566 3567/3567/3567
f 3568/3568/3568 3569/3569/3569 3570/3570/3570
f 3571/3571/3571 3572/3572/3572 3573/3573/3573
f 3574/3574/3574 3575/3575/3575 3576/3576/3576
f 3577/3577/3577 3578/3578/3578 3579/3579/3579
f 3580/3580/3580 3581/3581/3581 3582/3582/3582
f 3583/3583/3583 3584/3584/3584 3585/3585/3585
f 3586/3586/3586 3587/3587/3587 3588/3588/3588
f 3589/3589/3589 3590/3590/3590 3591/3591/3591
f 3592/3592/3592 3593/3593/3593 3594/3594/3594
f 3595/3595/3595 3596/3596/3596 3597/3597/3597
f 3598/3598/3598 3599/3599/3599 3600/3600/3600
f 3601/3601/3601 3602/3602/3602 3603/3603/3603
f 3604/3604/3604 3605/3605/3605 3606/3606/3606
f 3607/3607/3607 3608/3608/3608 3609/3609/3609
f 3610/3610/3610 3611/3611/3611 3612/3612/3612
f 3613/3613/3613 3614/3614/3614 3615/3615/3615
f 3616/3616/3616 3617/3617/3617 3618/3618/3618
f 3619/3619/3619 3620/3620/3620 3621/3621/3621
f 3622/3622/3622 3623/3623/3623 3624/3624/3624
f 3625/3625/3625 3626/3626/3626 3627/3627/3627
f 3628/3628/3628 3629/3629/3629 3630/3630/3630
f 3631/3631/3631 3632/3632/3632 3633/3633/3633
f 3634/3634/3634 3635/3635/3635 3636/3636/3636
f 3637/3637/3637 3638/3638/3638 3639/3639/3639
f 3640/3640/3640 3641/3641/3641 3642/3642/3642
f 3643/3643/3643 3644/3644/3644 3645/3645/3645
f 3646/3646/3646 3647/3647/3647 3648/3648/3648
f 3649/3649/3649 3650/3650/3650 3651/3651/3651
f 3652/3652/3652 3653/3653/3653 3654/3654/3654
f 3655/3655/3655 3656/3656/3656 3657/3657/3657
f 3658/3658/3658 3659/3659/3659 3660/3660/3660
f 3661/3661/3661 3662/3662/3662 3663/3663/3663
f 3664/3664/3664 3665/3665/3665 3666/3666/3666
f 3667/3667/3667 3668/3668/3668 3669/3669/3669
f 3670/3670/3670 3671/3671/3671 3672/3672/3672
f 3673/3673/3673 3674/3674/3674 3675/3675/3675
f 3676/3676/3676 3677/3677/3677 3678/3678/3678
f 3679/3679/3679 3680/3680/3680 3681/3681/3681
f 3682/3682/3682 3683/3683/3683 3684/3684/3684
f 3685/3685/3685 3686/3686/3686 3687/3687/3687
f 3688/3688/3688 3689/3689/3689 3690/3690/3690
f 3691/3691/3691 3692/3692/3692 3693/3693/3693
f 3694/3694/3694 3695/3695/3695 3696/3696/3696
f 3697/3697/3697 3698/3698/3698 3699/3699/3699
f 3700/3700/3700 3701/3701/3701 3702/3702/3702
f 3703/3703/3703 3704/3704/3704 3705/3705/3705
f 3706/3706/3706 3707/3707/3707 3708/3708/3708
f 3709/3709/3709 3710/3710/3710 3711/3711/3711
f 3712/3712/3712 3713/3713/3713 3714/3714/3714
f 3715/3715/3715 3716/3716/3716 3717/3717/3717
f 3718/3718/3718 3719/3719/3719 3720/3720/3720
f 3721/3721/3721 3722/3722/3722 3723/3723/3723
f 3724/3724/3724 3725/3725/3725 3726/3726/3726
f 3727/3727/3727 3728/3728/3728 3729/3729/3729
f 3730/3730/3730 3731/3731/3731 3732/3732/3732
f 3733/3733/3733 3734/3734/3734 3735/3735/3735
f 3736/3736/3736 3737/3737/3737 3738/3738/3738
f 3739/3739/3739 3740/3740/3740 3741/3741/3741
f 3742/3742/3742 3743/3743/3743 3744/3744/3744
f 3745/3745/3745 3746/3746/3746 3747/3747/3747
f 3748/3748/3748 3749/3749/3749 3750/3750/3750
f 3751/3751/3751 3752/3752/3752 3753/3753/3753
f 3754/3754/3754 3755/3755/3755 3756/3756/3756
f 3757/3757/3757 3758/3758/3758 3759/3759/3759
f 3760/3760/3760 3761/3761/3761 3762/3762/3762
f 3763/3763/3763 3764/3764/3764 3765/3765/3765
f 3766/3766/3766 3767/3767/3767 3768/3768/3768
f 3769/3769/3769 3770/3770/3770 3771/3771/3771
f 3772/3772/3772 3773/3773/3773 3774/3774/3774
f 3775/3775/3775 3776/3776/3776 3777/3777/3777
f 3778/3778/3778 3779/3779/3779 3780/3780/3780
f 3781/3781/3781 3782/3782/3782 3783/3783/3783
f 3784/3784/3784 3785/3785/3785 3786/3786/3786
f 3787/3787/3787 3788/3788/3788 3789/3789/3789
f 3790/3790/3790 3791/3791/3791 3792/3792/3792
f 3793/3793/3793 3794/3794/3794 3795/3795/3795
f 3796/3796/3796 3797/3797/3797 3798/3798/3798
f 3799/3799/3799 3800/3800/3800 3801/3801/3801
f 3802/3802/3802 3803/3803/3803 3804/3804/3804
f 3805/3805/3805 3806/3806/3806 3807/3807/3807
f 3808/3808/3808 3809/3809/3809 3810/3810/3810
f 3811/3811/3811 3812/3812/3812 3813/3813/3813
f 3814/3814/3814 3815/3815/3815 3816/3816/3816
f 3817/3817/3817 3818/3818/3818 3819/3819/3819
f 3820/3820/3820 3821/3821/3821 3822/3822/3822
f 3823/3823/3823 3824/3824/3824 3825/3825/3825
f 3826/3826/3826 3827/3827/3827 3828/3828/3828
f 3829/3829/3829 3830/3830/3830 3831/3831/3831
f 3832/3832/3832 3833/3833/3833 3834/3834/3834
f 3835/3835/3835 3836/3836/3836 3837/3837/3837
f 3838/3838/3838 3839/3839/3839 3840/3840/3840
f 3841/3841/3841 3842/3842/3842 3843/3843/3843
f 3844/3844/3844 3845/3845/3845 3846/3846/3846
f 3847/3847/3847 3848/3848/3848 3849/3849/3849
f 3850/3850/3850 3851/3851/3851 3852/3852/3852
f 3853/3853/3853 3854/3854/3854 3855/3855/3855
f 3856/3856/3856 3857/3857/3857 3858/3858/3858
f 3859/3859/3859 3860/3860/3860 3861/3861/3861
f 3862/3862/3862 3863/3863/3863 3864/3864/3864
f 3865/3865/3865 3866/3866/3866 3867/3867/3867
f 3868/3868/3868 3869/3869/3869 3870/3870/3870
f 3871/3871/3871 3872/3872/3872 3873/3873/3873
f 3874/3874/3874 3875/3875/3875 3876/3876/3876
f 3877/3877/3877 3878/3878/3878 3879/3879/3879
f 3880/3880/3880 3881/3881/3881 3882/3882/3882
f 3883/3883/3883 3884/3884/3884 3885/3885/3885
f 3886/3886/3886 3887/3887/3887 3888/3888/3888
f 3889/3889/3889 3890/3890/3890 3891/3891/3891
f 3892/3892/3892 3893/3893/3893 3894/3894/3894
f 3895/3895/3895 3896/3896/3896 3897/3897/3897
f 3898/3898/3898 3899/3899/3899 3900/3900/3900
f 3901/3901/3901 3902/3902/3902 3903/3903/3903
f 3904/3904/3904 3905/3905/3905 3906/3906/3906
f 3907/3907/3907 3908/3908/3908 3909/3909/3909
f 3910/3910/3910 3911/3911/3911 3912/3912/3912
f 3913/3913/3913 3914/3914/3914 3915/3915/3915
f 3916/3916/3916 3917/3917/3917 3918/3918/3918
f 3919/3919/3919 3920/3920/3920 3921/3921/3921
f 3922/3922/3922 3923/3923/3923 3924/3924/3924
f 3925/3925/3925 3926/3926/3926 3927/3927/3927
f 3928/3928/3928 3929/3929/3929 3930/3930/3930
f 3931/3931/3931 3932/3932/3932 3933/3933/3933
f 3934/3934/3934 3935/3935/3935 3936/3936/3936
f 3937/3937/3937 3938/3938/3938 3939/3939/3939
f 3940/3940/3940 3941/3941/3941 3942/3942/3942
f 3943/3943/3943 3944/3944/3944 3945/3945/3945
f 3946/3946/3946 3947/3947/3947 3948/3948/3948
f 3949/3949/3949 3950/3950/3950 3951/3951/3951
f 3952/3952/3952 3953/3953/3953 3954/3954/3954
f 3955/3955/3955 3956/3956/3956 3957/3957/3957
f 3958/3958/3958 3959/3959/3959 3960/3960/3960
f 3961/3961/3961 3962/3962/3962 3963/3963/3963
f 3964/3964/3964 3965/3965/3965 3966/3966/3966
f 3967/3967/3967 3968/3968/3968 3969/3969/3969
f 3970/3970/3970 3971/3971/3971 3972/3972/3972
f 3973/3973/3973 3974/3974/3974 3975/3975/3975
f 3976/3976/3976 3977/3977/3977 3978/3978/3978
f 3979/3979/3979 3980/3980/3980 3981/3981/3981
f 3982/3982/3982 3983/3983/3983 3984/3984/3984
f 3985/3985/3985 3986/3986/3986 3987/3987/3987
f 3988/3988/3988 3989/3989/3989 3990/3990/3990
f 3991/3991/3991 3992/3992/3992 3993/3993/3993
f 3994/3994/3994 3995/3995/3995 3996/3996/3996
f 3997/3997/3997 3998/3998/3998 3999/3999/3999
f 4000/4000/4000 4001/4001/4001 4002/4002/4002
f 4003/4003/4003 4004/4004/4004 4005/4005/4005
f 4006/4006/4006 4007/4007/4007 4008/4008/4008
f 4009/4009/4009 4010/4010/4010 4011/4011/4011
f 4012/4012/4012 4013/4013/4013 4014/4014/4014
f 4015/4015/4015 4016/4016/4016 4017/4017/4017
f 4018/4018/4018 4019/4019/4019 4020/4020/4020
f 4021/4021/4021 4022/4022/4022 4023/4023/4023
f 4024/4024/4024 4025/4025/4025 4026/4026/4026
f 4027/4027/4027 4028/4028/4028 4029/4029/4029
f 4030/4030/4030 4031/4031/4031 4032/4032/4032
f 4033/4033/4033 4034/4034/4034 4035/4035/4035
f 4036/4036/4036 4037/4037/4037 4038/4038/4038
f 4039/4039/4039 4040/4040/4040 4041/4041/4041
f 4042/4042/4042 4043/4043/4043 4044/4044/4044
f 4045/4045/4045 4046/4046/4046 4047/4047/4047
f 4048/4048/4048 4049/4049/4049 4050/4050/4050
f 4051/4051/4051 4052/4052/4052 4053/4053/4053
f 4054/4054/4054 4055/4055/4055 4056/4056/4056
f 4057/4057/4057 4058/4058/4058 4059/4059/4059
f 4060/4060/4060 4061/4061/4061 4062/4062/4062
f 4063/4063/4063 4064/4064/4064 4065/4065/4065
f 4066/4066/4066 4067/4067/4067 4068/4068/4068
f 4069/4069/4069 4070/4070/4070 4071/4071/4071
f 4072/4072/4072 4073/4073/4073 4074/4074/4074
f 4075/4075/4075 4076/4076/4076 4077/4077/4077
f 4078/4078/4078 4079/4079/4079 4080/4080/4080
f 4081/4081/4081 4082/4082/4082 4083/4083/4083
f 4084/4084/4084 4085/4085/4085 4086/4086/4086
f 4087/4087/4087 4088/4088/4088 4089/4089/4089
f 4090/4090/4090 4091/4091/4091 4092/4092/4092
f 4093/4093/4093 4094/4094/4094 4095/4095/4095
f 4096/4096/4096 4097/4097/4097 4098/4098/4098
f 4099/4099/4099 4100/4100/4100 4101/4101/4101
f 4102/4102/4102 4103/4103/4103 4104/4104/4104
f 4105/4105/4105 4106/4106/4106 4107/4107/4107
f 4108/4108/4108 4109/4109/4109 4110/4110/4110
f 4111/4111/4111 4112/4112/4112 4113/4113/4113
f 4114/4114/4114 4115/4115/4115 4116/4116/4116
f 4117/4117/4117 4118/4118/4118 4119/4119/4119
f 4120/4120/4120 4121/4121/4121 4122/4122/4122
f 4123/4123/4123 4124/4124/4124 4125/4125/4125
f 4126/4126/4126 4127/4127/4127 4128/4128/4128
f 4129/4129/4129 4130/4130/4130 4131/4131/4131
f 4132/4132/4132 4133/4133/4133 4134/4134/4134
f 4135/4135/4135 4136/4136/4136 4137/4137/4137
f 4138/4138/4138 4139/4139/4139 4140/4140/4140
f 4141/4141/4141 4142/4142/4142 4143/4143/4143
f 4144/4144/4144 4145/4145/4145 4146/4146/4146
f 4147/4147/4147 4148/4148/4148 4149/4149/4149
f 4150/4150/4150 4151/4151/4151 4152/4152/4152
f 4153/4153/4153 4154/4154/4154 4155/4155/4155
f 4156/4156/4156 4157/4157/4157 4158/4158/4158
f 4159/4159/4159 4160/4160/4160 4161/4161/4161
f 4162/4162/4162 4163/4163/4163 4164/4164/4164
f 4165/4165/4165 4166/4166/4166 4167/4167/4167
f 4168/4168/4168 4169/4169/4169 4170/4170/4170
f 4171/4171/4171 4172/4172/4172 4173/4173/4173
f 4174/4174/4174 4175/4175/4175 4176/4176/4176
f 4177/4177/4177 4178/4178/4178 4179/4179/4179
f 4180/4180/4180 4181/4181/4181 4182/4182/4182
f 4183/4183/4183 4184/4184/4184 4185/4185/4185
f 4186/4186/4186 4187/4187/4187 4188/4188/4188
f 4189/4189/4189 4190/4190/4190 4191/4191/4191
f 4192/4192/4192 4193/4193/4193 4194/4194/4194
f 4195/4195/4195 4196/4196/4196 4197/4197/4197
f 4198/4198/4198 4199/4199/4199 4200/4200/4200
f 4201/4201/4201 4202/4202/4202 4203/4203/4203
f 4204/4204/4204 4205/4205/4205 4206/4206/4206
f 4207/4207/4207 4208/4208/4208 4209/4209/4209
f 4210/4210/4210 4211/4211/4211 4212/4212/4212
f 4213/4213/4213 4214/4214/4214 4215/4215/4215
f 4216/4216/4216 4217/4217/4217 4218/4218/4218
f 4219/4219/4219 4220/4220/4220 4221/4221/4221
f 4222/4222/4222 4223/4223/4223 4224/4224/4224
f 4225/4225/4225 4226/4226/4226 4227/4227/4227
f 4228/4228/4228 4229/4229/4229 4230/4230/4230
f 4231/4231/4231 4232/4232/4232 4233/4233/4233
f 4234/4234/4234 4235/4235/4235 4236/4236/4236
f 4237/4237/4237 4238/4238/4238 4239/4239/4239
f 4240/4240/4240 4241/4241/4241 4242/4242/4242
f 4243/4243/4243 4244/4244/4244 4245/4245/4245
f 4246/4246/4246 4247/4247/4247 4248/4248/4248
f 4249/4249/4249 4250/4250/4250 4251/4251/4251
f 4252/4252/4252 4253/4253/4253 4254/4254/4254
f 4255/4255/4255 4256/4256/4256 4257/4257/4257
f 4258/4258/4258 4259/4259/4259 4260/4260/4260
f 4261/4261/4261 4262/4262/4262 4263/4263/4263
f 4264/4264/4264 4265/4265/4265 4266/4266/4266
f 4267/4267/4267 4268/4268/4268 4269/4269/4269
f 4270/4270/4270 4271/4271/4271 4272/4272/4272
f 4273/4273/4273 4274/4274/4274 4275/4275/4275
f 4276/4276/4276 4277/4277/4277 4278/4278/4278
f 4279/4279/4279 4280/4280/4280 4281/4281/4281
f 4282/4282/4282 4283/4283/4283 4284/4284/4284
f 4285/4285/4285 4286/4286/4286 4287/4287/4287
f 4288/4288/4288 4289/4289/4289 4290/4290/4290
f 4291/4291/4291 4292/4292/4292 4293/4293/4293
f 4294/4294/4294 4295/4295/4295 4296/4296/4296
f 4297/4297/4297 4298/4298/4298 4299/4299/4299
f 4300/4300/4300 4301/4301/4301 4302/4302/4302
f 4303/4303/4303 4304/4304/4304 4305/4305/4305
f 4306/4306/4306 4307/4307/4307 4308/4308/4308
f 4309/4309/4309 4310/4310/4310 4311/4311/4311
f 4312/4312/4312 4313/4313/4313 4314/4314/4314
f 4315/4315/4315 4316/4316/4316 4317/4317/4317
f 4318/4318/4318 4319/4319/4319 4320/4320/4320
f 4321/4321/4321 4322/4322/4322 4323/4323/4323
f 4324/4324/4324 4325/4325/4325 4326/4326/4326
f 4327/4327/4327 4328/4328/4328 4329/4329/4329
f 4330/4330/4330 4331/4331/4331 4332/4332/4332
f 4333/4333/4333 4334/4334/4334 4335/4335/4335
f 4336/4336/4336 4337/4337/4337 4338/4338/4338
f 4339/4339/4339 4340/4340/4340 4341/4341/4341
f 4342/4342/4342 4343/4343/4343 4344/4344/4344
f 4345/4345/4345 4346/4346/4346 4347/4347/4347
f 4348/4348/4348 4349/4349/4349 4350/4350/4350
f 4351/4351/4351 4352/4352/4352 4353/4353/4353
f 4354/4354/4354 4355/4355/4355 4356/4356/4356
f 4357/4357/4357 4358/4358/4358 4359/4359/4359
f 4360/4360/4360 4361/4361/4361 4362/4362/4362
f 4363/4363/4363 4364/4364/4364 4365/4365/4365
f 4366/4366/4366 4367/4367/4367 4368/4368/4368
f 4369/4369/4369 4370/4370/4370 4371/4371/4371
f 4372/4372/4372 4373/4373/4373 4374/4374/4374
f 4375/4375/4375 4376/4376/4376 4377/4377/4377
f 4378/4378/4378 4379/4379/4379 4380/4380/4380
f 4381/4381/4381 4382/4382/4382 4383/4383/4383
f 4384/4384/4384 4385/4385/4385 4386/4386/4386
f 4387/4387/4387 4388/4388/4388 4389/4389/4389
f 4390/4390/4390 4391/4391/4391 4392/4392/4392
f 4393/4393/4393 4394/4394/4394 4395/4395/4395
f 4396/4396/4396 4397/4397/4397 4398/4398/4398
f 4399/4399/4399 4400/4400/4400 4401/4401/4401
f 4402/4402/4402 4403/4403/4403 4404/4404/4404
f 4405/4405/4405 4406/4406/4406 4407/4407/4407
f 4408/4408/4408 4409/4409/4409 4410/4410/4410
f 4411/4411/4411 4412/4412/4412 4413/4413/4413
f 4414/4414/4414 4415/4415/4415 4416/4416/4416
f 4417/4417/4417 4418/4418/4418 4419/4419/4419
f 4420/4420/4420 4421/4421/4421 4422/4422/4422
f 4423/4423/4423 4424/4424/4424 4425/4425/4425
f 4426/4426/4426 4427/4427/4427 4428/4428/4428
f 4429/4429/4429 4430/4430/4430 4431/4431/4431
f 4432/4432/4432 4433/4433/4433 4434/4434/4434
f 4435/4435/4435 4436/4436/4436 4437/4437/4437
f 4438/4438/4438 4439/4439/4439 4440/4440/4440
f 4441/4441/4441 4442/4442/4442 4443/4443/4443
f 4444/4444/4444 4445/4445/4445 4446/4446/4446
f 4447/4447/4447 4448/4448/4448 4449/4449/4449
f 4450/4450/4450 4451/4451/4451 4452/4452/4452
f 4453/4453/4453 4454/4454/4454 4455/4455/4455
f 4456/4456/4456 4457/4457/4457 4458/4458/4458
f 4459/4459/4459 4460/4460/4460 4461/4461/4461
f 4462/4462/4462 4463/4463/4463 4464/4464/4464
f 4465/4465/4465 4466/4466/4466 4467/4467/4467
f 4468/4468/4468 4469/4469/4469 4470/4470/4470
f 4471/4471/4471 4472/4472/4472 4473/4473/4473
f 4474/4474/4474 4475/4475/4475 4476/4476/4476
f 4477/4477/4477 4478/4478/4478 4479/4479/4479
f 4480/4480/4480 4481/4481/4481 4482/4482/4482
f 4483/4483/4483 4484/4484/4484 4485/4485/4485
f 4486/4486/4486 4487/4487/4487 4488/4488/4488
f 4489/4489/4489 4490/4490/4490 4491/4491/4491
f 4492/4492/4492 4493/4493/4493 4494/4494/4494
f 4495/4495/4495 4496/4496/4496 4497/4497/4497
f 4498/4498/4498 4499/4499/4499 4500/4500/4500
f 4501/4501/4501 4502/4502/4502 4503/4503/4503
f 4504/4504/4504 4505/4505/4505 4506/4506/4506
f 4507/4507/4507 4508/4508/4508 4509/4509/4509
f 4510/4510/4510 4511/4511/4511 4512/4512/4512
f 4513/4513/4513 4514/4514/4514 4515/4515/4515
f 4516/4516/4516 4517/4517/4517 4518/4518/4518
f 4519/4519/4519 4520/4520/4520 4521/4521/4521
f 4522/4522/4522 4523/4523/4523 4524/4524/4524
f 4525/4525/4525 4526/4526/4526 4527/4527/4527
f 4528/4528/4528 4529/4529/4529 4530/4530/4530
f 4531/4531/4531 4532/4532/4532 4533/4533/4533
f 4534/4534/4534 4535/4535/4535 4536/4536/4536
f 4537/4537/4537 4538/4538/4538 4539/4539/4539
f 4540/4540/4540 4541/4541/4541 4542/4542/4542
f 4543/4543/4543 4544/4544/4544 4545/4545/4545
f 4546/4546/4546 4547/4547/4547 4548/4548/4548
f 4549/4549/4549 4550/4550/4550 4551/4551/4551
f 4552/4552/4552 4553/4553/4553 4554/4554/4554
f 4555/4555/4555 4556/4556/4556 4557/4557/4557
f 4558/4558/4558 4559/4559/4559 4560/4560/4560
f 4561/4561/4561 4562/4562/4562 4563/4563/4563
f 4564/4564/4564 4565/4565/4565 4566/4566/4566
f 4567/4567/4567 4568/4568/4568 4569/4569/4569
f 4570/4570/4570 4571/4571/4571 4572/4572/4572
f 4573/4573/4573 4574/4574/4574 4575/4575/4575
f 4576/4576/4576 4577/4577/4577 4578/4578/4578
f 4579/4579/4579 4580/4580/4580 4581/4581/4581
f 4582/4582/4582 4583/4583/4583 4584/4584/4584
f 4585/4585/4585 4586/4586/4586 4587/4587/4587
f 4588/4588/4588 4589/4589/4589 4590/4590/4590
f 4591/4591/4591 4592/4592/4592 4593/4593/4593
f 4594/4594/4594 4595/4595/4595 4596/4596/4596
f 4597/4597/4597 4598/4598/4598 4599/4599/4599
f 4600/4600/4600 4601/4601/4601 4602/4602/4602
f 4603/4603/4603 4604/4604/4604 4605/4605/4605
f 4606/4606/4606 4607/4607/4607 4608/4608/4608
f 4609/4609/4609 4610/4610/4610 4611/4611/4611
f 4612/4612/4612 4613/4613/4613 4614/4614/4614
f 4615/4615/4615 4616/4616/4616 4617/4617/4617
f 4618/4618/4618 4619/4619/4619 4620/4620/4620
f 4621/4621/4621 4622/4622/4622 4623/4623/4623
f 4624/4624/4624 4625/4625/4625 4626/4626/4626
f 4627/4627/4627 4628/4628/4628 4629/4629/4629
f 4630/4630/4630 4631/4631/4631 4632/4632/4632
f 4633/4633/4633 4634/4634/4634 4635/4635/4635
f 4636/4636/4636 4637/4637/4637 4638/4638/4638
f 4639/4639/4639 4640/4640/4640 4641/4641/4641
f 4642/4642/4642 4643/4643/4643 4644/4644/4644
f 4645/4645/4645 4646/4646/4646 4647/4647/4647
f 4648/4648/4648 4649/4649/4649 4650/4650/4650
f 4651/4651/4651 4652/4652/4652 4653/4653/4653
f 4654/4654/4654 4655/4655/4655 4656/4656/4656
f 4657/4657/4657 4658/4658/4658 4659/4659/4659
f 4660/4660/4660 4661/4661/4661 4662/4662/4662
f 4663/4663/4663 4664/4664/4664 4665/4665/4665
f 4666/4666/4666 4667/4667/4667 4668/4668/4668
f 4669/4669/4669 4670/4670/4670 4671/4671/4671
f 4672/4672/4672 4673/4673/4673 4674/4674/4674
f 4675/4675/4675 4676/4676/4676 4677/4677/4677
f 4678/4678/4678 4679/4679/4679 4680/4680/4680
f 4681/4681/4681 4682/4682/4682 4683/4683/4683
f 4684/4684/4684 4685/4685/4685 4686/4686/4686
f 4687/4687/4687 4688/4688/4688 4689/4689/4689
f 4690/4690/4690 4691/4691/4691 4692/4692/4692
f 4693/4693/4693 4694/4694/4694 4695/4695/4695
f 4696/4696/4696 4697/4697/4697 4698/4698/4698
f 4699/4699/4699 4700/4700/4700 4701/4701/4701
f 4702/4702/4702 4703/4703/4703 4704/4704/4704
f 4705/4705/4705 4706/4706/4706 4707/4707/4707
f 4708/4708/4708 4709/4709/4709 4710/4710/4710
f 4711/4711/4711 4712/4712/4712 4713/4713/4713
f 4714/4714/4714 4715/4715/4715 4716/4716/4716
f 4717/4717/4717 4718/4718/4718 4719/4719/4719
f 4720/4720/4720 4721/4721/4721 4722/4722/4722
f 4723/4723/4723 4724/4724/4724 4725/4725/4725
f 4726/4726/4726 4727/4727/4727 4728/4728/4728
f 4729/4729/4729 4730/4730/4730 4731/4731/4731
f 4732/4732/4732 4733/4733/4733 4734/4734/4734
f 4735/4735/4735 4736/4736/4736 4737/4737/4737
f 4738/4738/4738 4739/4739/4739 4740/4740/4740
f 4741/4741/4741 4742/4742/4742 4743/4743/4743
f 4744/4744/4744 4745/4745/4745 4746/4746/4746
f 4747/4747/4747 4748/4748/4748 4749/4749/4749
f 4750/4750/4750 4751/4751/4751 4752/4752/4752
f 4753/4753/4753 4754/4754/4754 4755/4755/4755
f 4756/4756/4756 4757/4757/4757 4758/4758/4758
f 4759/4759/4759 4760/4760/4760 4761/4761/4761
f 4762/4762/4762 4763/4763/4763 4764/4764/4764
f 4765/4765/4765 4766/4766/4766 4767/4767/4767
f 4768/4768/4768 4769/4769/4769 4770/4770/4770
f 4771/4771/4771 4772/4772/4772 4773/4773/4773
f 4774/4774/4774 4775/4775/4775 4776/4776/4776
f 4777/4777/4777 4778/4778/4778 4779/4779/4779
f 4780/4780/4780 4781/4781/4781 4782/4782/4782
f 4783/4783/4783 4784/4784/4784 4785/4785/4785
f 4786/4786/4786 4787/4787/4787 4788/4788/4788
f 4789/4789/4789 4790/4790/4790 4791/4791/4791
f 4792/4792/4792 4793/4793/4793 4794/4794/4794
f 4795/4795/4795 4796/4796/4796 4797/4797/4797
f 4798/4798/4798 4799/4799/4799 4800/4800/4800
f 4801/4801/4801 4802/4802/4802 4803/4803/4803
f 4804/4804/4804 4805/4805/4805 4806/4806/4806
f 4807/4807/4807 4808/4808/4808 4809/4809/4809
f 4810/4810/4810 4811/4811/4811 4812/4812/4812
f 4813/4813/4813 4814/4814/4814 4815/4815/4815
f 4816/4816/4816 4817/4817/4817 4818/4818/4818
f 4819/4819/4819 4820/4820/4820 4821/4821/4821
f 4822/4822/4822 4823/4823/4823 4824/4824/4824
f 4825/4825/4825 4826/4826/4826 4827/4827/4827
f 4828/4828/4828 4829/4829/4829 4830/4830/4830
f 4831/4831/4831 4832/4832/4832 4833/4833/4833
f 4834/4834/4834 4835/4835/4835 4836/4836/4836
f 4837/4837/4837 4838/4838/4838 4839/4839/4839
f 4840/4840/4840 4841/4841/4841 4842/4842/4842
f 4843/4843/4843 4844/4844/4844 4845/4845/4845
f 4846/4846/4846 4847/4847/4847 4848/4848/4848
f 4849/4849/4849 4850/4850/4850 4851/4851/4851
f 4852/4852/4852 4853/4853/4853 4854/4854/4854
f 4855/4855/4855 4856/4856/4856 4857/4857/4857
f 4858/4858/4858 4859/4859/4859 4860/4860/4860
f 4861/4861/4861 4862/4862/4862 4863/4863/4863
f 4864/4864/4864 4865/4865/4865 4866/4866/4866
f 4867/4867/4867 4868/4868/4868 4869/4869/4869
f 4870/4870/4870 4871/4871/4871 4872/4872/4872
f 4873/4873/4873 4874/4874/4874 4875/4875/4875
f 4876/4876/4876 4877/4877/4877 4878/4878/4878
f 4879/4879/4879 4880/4880/4880 4881/4881/4881
f 4882/4882/4882 4883/4883/4883 4884/4884/4884
f 4885/4885/4885 4886/4886/4886 4887/4887/4887
f 4888/4888/4888 4889/4889/4889 4890/4890/4890
f 4891/4891/4891 4892/4892/4892 4893/4893/4893
f 4894/4894/4894 4895/4895/4895 4896/4896/4896
f 4897/4897/4897 4898/4898/4898 4899/4899/4899
f 4900/4900/4900 4901/4901/4901 4902/4902/4902
f 4903/4903/4903 4904/4904/4904 4905/4905/4905
f 4906/4906/4906 4907/4907/4907 4908/4908/4908
f 4909/4909/4909 4910/4910/4910 4911/4911/4911
f 4912/4912/4912 4913/4913/4913 4914/4914/4914
f 4915/4915/4915 4916/4916/4916 4917/4917/4917
f 4918/4918/4918 4919/4919/4919 4920/4920/4920
f 4921/4921/4921 4922/4922/4922 4923/4923/4923
f 4924/4924/4924 4925/4925/4925 4926/4926/4926
f 4927/4927/4927 4928/4928/4928 4929/4929/4929
f 4930/4930/4930 4931/4931/4931 4932/4932/4932
f 4933/4933/4933 4934/4934/4934 4935/4935/4935
f 4936/4936/4936 4937/4937/4937 4938/4938/4938
f 4939/4939/4939 4940/4940/4940 4941/4941/4941
f 4942/4942/4942 4943/4943/4943 4944/4944/4944
f 4945/4945/4945 4946/4946/4946 4947/4947/4947
f 4948/4948/4948 4949/4949/4949 4950/4950/4950
f 4951/4951/4951 4952/4952/4952 4953/4953/4953
f 4954/4954/4954 4955/4955/4955 4956/4956/4956
f 4957/4957/4957 4958/4958/4958 4959/4959/4959
f 4960/4960/4960 4961/4961/4961 4962/4962/4962
f 4963/4963/4963 4964/4964/4964 4965/4965/4965
f 4966/4966/4966 4967/4967/4967 4968/4968/4968
f 4969/4969/4969 4970/4970/4970 4971/4971/4971
f 4972/4972/4972 4973/4973/4973 4974/4974/4974
f 4975/4975/4975 4976/4976/4976 4977/4977/4977
f 4978/4978/4978 4979/4979/4979 4980/4980/4980
f 4981/4981/4981 4982/4982/4982 4983/4983/4983
f 4984/4984/4984 4985/4985/4985 4986/4986/4986
f 4987/4987/4987 4988/4988/4988 4989/4989/4989
f 4990/4990/4990 4991/4991/4991 4992/4992/4992
f 4993/4993/4993 4994/4994/4994 4995/4995/4995
f 4996/4996/4996 4997/4997/4997 4998/4998/4998
f 4999/4999/4999 5000/5000/5000 5001/5001/5001
f 5002/5002/5002 5003/5003/5003 5004/5004/5004
f 5005/5005/5005 5006/5006/5006 5007/5007/5007
f 5008/5008/5008 5009/5009/5009 5010/5010/5010
f 5011/5011/5011 5012/5012/5012 5013/5013/5013
f 5014/5014/5014 5015/5015/5015 5016/5016/5016
f 5017/5017/5017 5018/5018/5018 5019/5019/5019
f 5020/5020/5020 5021/5021/5021 5022/5022/5022
f 5023/5023/5023 5024/5024/5024 5025/5025/5025
f 5026/5026/5026 5027/5027/5027 5028/5028/5028
f 5029/5029/5029 5030/5030/5030 5031/5031/5031
f 5032/5032/5032 5033/5033/5033 5034/5034/5034
f 5035/5035/5035 5036/5036/5036 5037/5037/5037
f 5038/5038/5038 5039/5039/5039 5040/5040/5040
f 5041/5041/5041 5042/5042/5042 5043/5043/5043
f 5044/5044/5044 5045/5045/5045 5046/5046/5046
f 5047/5047/5047 5048/5048/5048 5049/5049/5049
f 5050/5050/5050 5051/5051/5051 5052/5052/5052
f 5053/5053/5053 5054/5054/5054 5055/5055/5055
f 5056/5056/5056 5057/5057/5057 5058/5058/5058
f 5059/5059/5059 5060/5060/5060 5061/5061/5061
f 5062/5062/5062 5063/5063/5063 5064/5064/5064
f 5065/5065/5065 5066/5066/5066 5067/5067/5067
f 5068/5068/5068 5069/5069/5069 5070/5070/5070
f 5071/5071/5071 5072/5072/5072 5073/5073/5073
f 5074/5074/5074 5075/5075/5075 5076/5076/5076
f 5077/5077/5077 5078/5078/5078 5079/5079/5079
f 5080/5080/5080 5081/5081/5081 5082/5082/5082
f 5083/5083/5083 5084/5084/5084 5085/5085/5085
f 5086/5086/5086 5087/5087/5087 5088/5088/5088
f 5089/5089/5089 5090/5090/5090 5091/5091/5091
f 5092/5092/5092 5093/5093/5093 5094/5094/5094
f 5095/5095/5095 5096/5096/5096 5097/5097/5097
f 5098/5098/5098 5099/5099/5099 5100/5100/5100
f 5101/5101/5101 5102/5102/5102 5103/5103/5103
f 5104/5104/5104 5105/5105/5105 5106/5106/5106
f 5107/5107/5107 5108/5108/5108 5109/5109/5109
f 5110/5110/5110 5111/5111/5111 5112/5112/5112
f 5113/5113/5113 5114/5114/5114 5115/5115/5115
f 5116/5116/5116 5117/5117/5117 5118/5118/5118
f 5119/5119/5119 5120/5120/5120 5121/5121/5121
f 5122/5122/5122 5123/5123/5123 5124/5124/5124
f 5125/5125/5125 5126/5126/5126 5127/5127/5127
f 5128/5128/5128 5129/5129/5129 5130/5130/5130
f 5131/5131/5131 5132/5132/5132 5133/5133/5133
f 5134/5134/5134 5135/5135/5135 5136/5136/5136
f 5137/5137/5137 5138/5138/5138 5139/5139/5139
f 5140/5140/5140 5141/5141/5141 5142/5142/5142
f 5143/5143/5143 5144/5144/5144 5145/5145/5145
f 5146/5146/5146 5147/5147/5147 5148/5148/5148
f 5149/5149/5149 5150/5150/5150 5151/5151/5151
f 5152/5152/5152 5153/5153/5153 5154/5154/5154
f 5155/5155/5155 5156/5156/5156 5157/5157/5157
f 5158/5158/5158 5159/5159/5159 5160/5160/5160
f 5161/5161/5161 5162/5162/5162 5163/5163/5163
f 5164/5164/5164 5165/5165/5165 5166/5166/5166
f 5167/5167/5167 5168/5168/5168 5169/5169/5169
f 5170/5170/5170 5171/5171/5171 5172/5172/5172
f 5173/5173/5173 5174/5174/5174 5175/5175/5175
f 5176/5176/5176 5177/5177/5177 5178/5178/5178
f 5179/5179/5179 5180/5180/5180 5181/5181/5181
f 5182/5182/5182 5183/5183/5183 5184/5184/5184
f 5185/5185/5185 5186/5186/5186 5187/5187/5187
f 5188/5188/5188 5189/5189/5189 5190/5190/5190
f 5191/5191/5191 5192/5192/5192 5193/5193/5193
f 5194/5194/5194 5195/5195/5195 5196/5196/5196
f 5197/5197/5197 5198/5198/5198 5199/5199/5199
f 5200/5200/5200 5201/5201/5201 5202/5202/5202
f 5203/5203/5203 5204/5204/5204 5205/5205/5205
f 5206/5206/5206 5207/5207/5207 5208/5208/5208
f 5209/5209/5209 5210/5210/5210 5211/5211/5211
f 5212/5212/5212 5213/5213/5213 5214/5214/5214
f 5215/5215/5215 5216/5216/5216 5217/5217/5217
f 5218/5218/5218 5219/5219/5219 5220/5220/5220
f 5221/5221/5221 5222/5222/5222 5223/5223/5223
f 5224/5224/5224 5225/5225/5225 5226/5226/5226
f 5227/5227/5227 5228/5228/5228 5229/5229/5229
f 5230/5230/5230 5231/5231/5231 5232/5232/5232
f 5233/5233/5233 5234/5234/5234 5235/5235/5235
f 5236/5236/5236 5237/5237/5237 5238/5238/5238
f 5239/5239/5239 5240/5240/5240 5241/5241/5241
f 5242/5242/5242 5243/5243/5243 5244/5244/5244
f 5245/5245/5245 5246/5246/5246 5247/5247/5247
f 5248/5248/5248 5249/5249/5249 5250/5250/5250
f 5251/5251/5251 5252/5252/5252 5253/5253/5253
f 5254/5254/5254 5255/5255/5255 5256/5256/5256
f 5257/5257/5257 5258/5258/5258 5259/5259/5259
f 5260/5260/5260 5261/5261/5261 5262/5262/5262
f 5263/5263/5263 5264/5264/5264 5265/5265/5265
f 5266/5266/5266 5267/5267/5267 5268/5268/5268
f 5269/5269/5269 5270/5270/5270 5271/5271/5271
f 5272/5272/5272 5273/5273/5273 5274/5274/5274
f 5275/5275/5275 5276/5276/5276 5277/5277/5277
f 5278/5278/5278 5279/5279/5279 5280/5280/5280
f 5281/5281/5281 5282/5282/5282 5283/5283/5283
f 5284/5284/5284 5285/5285/5285 5286/5286/5286
f 5287/5287/5287 5288/5288/5288 5289/5289/5289
f 5290/5290/5290 5291/5291/5291 5292/5292/5292
f 5293/5293/5293 5294/5294/5294 5295/5295/5295
f 5296/5296/5296 5297/5297/5297 5298/5298/5298
f 5299/5299/5299 5300/5300/5300 5301/5301/5301
f 5302/5302/5302 5303/5303/5303 5304/5304/5304
f 5305/5305/5305 5306/5306/5306 5307/5307/5307
f 5308/5308/5308 5309/5309/5309 5310/5310/5310
f 5311/5311/5311 5312/5312/5312 5313/5313/5313
f 5314/5314/5314 5315/5315/5315 5316/5316/5316
f 5317/5317/5317 5318/5318/5318 5319/5319/5319
f 5320/5320/5320 5321/5321/5321 5322/5322/5322
f 5323/5323/5323 5324/5324/5324 5325/5325/5325
f 5326/5326/5326 5327/5327/5327 5328/5328/5328
f 5329/5329/5329 5330/5330/5330 5331/5331/5331
f 5332/5332/5332 5333/5333/5333 5334/5334/5334
f 5335/5335/5335 5336/5336/5336 5337/5337/5337
f 5338/5338/5338 5339/5339/5339 5340/5340/5340
f 5341/5341/5341 5342/5342/5342 5343/5343/5343
f 5344/5344/5344 5345/5345/5345 5346/5346/5346
f 5347/5347/5347 5348/5348/5348 5349/5349/5349
f 5350/5350/5350 5351/5351/5351 5352/5352/5352
f 5353/5353/5353 5354/5354/5354 5355/5355/5355
f 5356/5356/5356 5357/5357/5357 5358/5358/5358
f 5359/5359/5359 5360/5360/5360 5361/5361/5361
f 5362/5362/5362 5363/5363/5363 5364/5364/5364
f 5365/5365/5365 5366/5366/5366 5367/5367/5367
f 5368/5368/5368 5369/5369/5369 5370/5370/5370
f 5371/5371/5371 5372/5372/5372 5373/5373/5373
f 5374/5374/5374 5375/5375/5375 5376/5376/5376
f 5377/5377/5377 5378/5378/5378 5379/5379/5379
f 5380/5380/5380 5381/5381/5381 5382/5382/5382
f 5383/5383/5383 5384/5384/5384 5385/5385/5385
f 5386/5386/5386 5387/5387/5387 5388/5388/5388
f 5389/5389/5389 5390/5390/5390 5391/5391/5391
f 5392/5392/5392 5393/5393/5393 5394/5394/5394
f 5395/5395/5395 5396/5396/5396 5397/5397/5397
f 5398/5398/5398 5399/5399/5399 5400/5400/5400
f 5401/5401/5401 5402/5402/5402 5403/5403/5403
f 5404/5404/5404 5405/5405/5405 5406/5406/5406
f 5407/5407/5407 5408/5408/5408 5409/5409/5409
f 5410/5410/5410 5411/5411/5411 5412/5412/5412
f 5413/5413/5413 5414/5414/5414 5415/5415/5415
f 5416/5416/5416 5417/5417/5417 5418/5418/5418
f 5419/5419/5419 5420/5420/5420 5421/5421/5421
f 5422/5422/5422 5423/5423/5423 5424/5424/5424
f 5425/5425/5425 5426/5426/5426 5427/5427/5427
f 5428/5428/5428 5429/5429/5429 5430/5430/5430
f 5431/5431/5431 5432/5432/5432 5433/5433/5433
f 5434/5434/5434 5435/5435/5435 5436/5436/5436
f 5437/5437/5437 5438/5438/5438 5439/5439/5439
f 5440/5440/5440 5441/5441/5441 5442/5442/5442
f 5443/5443/5443 5444/5444/5444 5445/5445/5445
f 5446/5446/5446 5447/5447/5447 5448/5448/5448
f 5449/5449/5449 5450/5450/5450 5451/5451/5451
f 5452/5452/5452 5453/5453/5453 5454/5454/5454
f 5455/5455/5455 5456/5456/5456 5457/5457/5457
f 5458/5458/5458 5459/5459/5459 5460/5460/5460
f 5461/5461/5461 5462/5462/5462 5463/5463/5463
f 5464/5464/5464 5465/5465/5465 5466/5466/5466
f 5467/5467/5467 5468/5468/5468 5469/5469/5469
f 5470/5470/5470 5471/5471/5471 5472/5472/5472
f 5473/5473/5473 5474/5474/5474 5475/5475/5475
f 5476/5476/5476 5477/5477/5477 5478/5478/5478
f 5479/5479/5479 5480/5480/5480 5481/5481/5481
f 5482/5482/5482 5483/5483/5483 5484/5484/5484
f 5485/5485/5485 5486/5486/5486 5487/5487/5487
f 5488/5488/5488 5489/5489/5489 5490/5490/5490
f 5491/5491/5491 5492/5492/5492 5493/5493/5493
f 5494/5494/5494 5495/5495/5495 5496/5496/5496
f 5497/5497/5497 5498/5498/5498 5499/5499/5499
f 5500/5500/5500 5501/5501/5501 5502/5502/5502
f 5503/5503/5503 5504/5504/5504 5505/5505/5505
f 5506/5506/5506 5507/5507/5507 5508/5508/5508
f 5509/5509/5509 5510/5510/5510 5511/5511/5511
f 5512/5512/5512 5513/5513/5513 5514/5514/5514
f 5515/5515/5515 5516/5516/5516 5517/5517/5517
f 5518/5518/5518 5519/5519/5519 5520/5520/5520
f 5521/5521/5521 5522/5522/5522 5523/5523/5523
f 5524/5524/5524 5525/5525/5525 5526/5526/5526
f 5527/5527/5527 5528/5528/5528 5529/5529/5529
f 5530/5530/5530 5531/5531/5531 5532/5532/5532
f 5533/5533/5533 5534/5534/5534 5535/5535/5535
f 5536/5536/5536 5537/5537/5537 5538/5538/5538
f 5539/5539/5539 5540/5540/5540 5541/5541/5541
f 5542/5542/5542 5543/5543/5543 5544/5544/5544
f 5545/5545/5545 5546/5546/5546 5547/5547/5547
f 5548/5548/5548 5549/5549/5549 5550/5550/5550
f 5551/5551/5551 5552/5552/5552 5553/5553/5553
f 5554/5554/5554 5555/5555/5555 5556/5556/5556
f 5557/5557/5557 5558/5558/5558 5559/5559/5559
f 5560/5560/5560 5561/5561/5561 5562/5562/5562
f 5563/5563/5563 5564/5564/5564 5565/5565/5565
f 5566/5566/5566 5567/5567/5567 5568/5568/5568
f 5569/5569/5569 5570/5570/5570 5571/5571/5571
f 5572/5572/5572 5573/5573/5573 5574/5574/5574
f 5575/5575/5575 5576/5576/5576 5577/5577/5577
f 5578/5578/5578 5579/5579/5579 5580/5580/5580
f 5581/5581/5581 5582/5582/5582 5583/5583/5583
f 5584/5584/5584 5585/5585/5585 5586/5586/5586
f 5587/5587/5587 5588/5588/5588 5589/5589/5589
f 5590/5590/5590 5591/5591/5591 5592/5592/5592
f 5593/5593/5593 5594/5594/5594 5595/5595/5595
f 5596/5596/5596 5597/5597/5597 5598/5598/5598
f 5599/5599/5599 5600/5600/5600 5601/5601/5601
f 5602/5602/5602 5603/5603/5603 5604/5604/5604
f 5605/5605/5605 5606/5606/5606 5607/5607/5607
f 5608/5608/5608 5609/5609/5609 5610/5610/5610
f 5611/5611/5611 5612/5612/5612 5613/5613/5613
f 5614/5614/5614 5615/5615/5615 5616/5616/5616
f 5617/5617/5617 5618/5618/5618 5619/5619/5619
f 5620/5620/5620 5621/5621/5621 5622/5622/5622
f 5623/5623/5623 5624/5624/5624 5625/5625/5625
f 5626/5626/5626 5627/5627/5627 5628/5628/5628
f 5629/5629/5629 5630/5630/5630 5631/5631/5631
f 5632/5632/5632 5633/5633/5633 5634/5634/5634
f 5635/5635/5635 5636/5636/5636 5637/5637/5637
f 5638/5638/5638 5639/5639/5639 5640/5640/5640
f 5641/5641/5641 5642/5642/5642 5643/5643/5643
f 5644/5644/5644 5645/5645/5645 5646/5646/5646
f 5647/5647/5647 5648/5648/5648 5649/5649/5649
f 5650/5650/5650 5651/5651/5651 5652/5652/5652
f 5653/5653/5653 5654/5654/5654 5655/5655/5655
f 5656/5656/5656 5657/5657/5657 5658/5658/5658
f 5659/5659/5659 5660/5660/5660 5661/5661/5661
f 5662/5662/5662 5663/5663/5663 5664/5664/5664
f 5665/5665/5665 5666/5666/5666 5667/5667/5667
f 5668/5668/5668 5669/5669/5669 5670/5670/5670
f 5671/5671/5671 5672/5672/5672 5673/5673/5673
f 5674/5674/5674 5675/5675/5675 5676/5676/5676
f 5677/5677/5677 5678/5678/5678 5679/5679/5679
f 5680/5680/5680 5681/5681/5681 5682/5682/5682
f 5683/5683/5683 5684/5684/5684 5685/5685/5685
f 5686/5686/5686 5687/5687/5687 5688/5688/5688
f 5689/5689/5689 5690/5690/5690 5691/5691/5691
f 5692/5692/5692 5693/5693/5693 5694/5694/5694
f 5695/5695/5695 5696/5696/5696 5697/5697/5697
f 5698/5698/5698 5699/5699/5699 5700/5700/5700
f 5701/5701/5701 5702/5702/5702 5703/5703/5703
f 5704/5704/5704 5705/5705/5705 5706/5706/5706
f 5707/5707/5707 5708/5708/5708 5709/5709/5709
f 5710/5710/5710 5711/5711/5711 5712/5712/5712
f 5713/5713/5713 5714/5714/5714 5715/5715/5715
f 5716/5716/5716 5717/5717/5717 5718/5718/5718
f 5719/5719/5719 5720/5720/5720 5721/5721/5721
f 5722/5722/5722 5723/5723/5723 5724/5724/5724
f 5725/5725/5725 5726/5726/5726 5727/5727/5727
f 5728/5728/5728 5729/5729/5729 5730/5730/5730
f 5731/5731/5731 5732/5732/5732 5733/5733/5733
f 5734/5734/5734 5735/5735/5735 5736/5736/5736
f 5737/5737/5737 5738/5738/5738 5739/5739/5739
f 5740/5740/5740 5741/5741/5741 5742/5742/5742
f 5743/5743/5743 5744/5744/5744 5745/5745/5745
f 5746/5746/5746 5747/5747/5747 5748/5748/5748
f 5749/5749/5749 5750/5750/5750 5751/5751/5751
f 5752/5752/5752 5753/5753/5753 5754/5754/5754
f 5755/5755/5755 5756/5756/5756 5757/5757/5757
f 5758/5758/5758 5759/5759/5759 5760/5760/5760
f 5761/5761/5761 5762/5762/5762 5763/5763/5763
f 5764/5764/5764 5765/5765/5765 5766/5766/5766
f 5767/5767/5767 5768/5768/5768 5769/5769/5769
f 5770/5770/5770 5771/5771/5771 5772/5772/5772
f 5773/5773/5773 5774/5774/5774 5775/5775/5775
f 5776/5776/5776 5777/5777/5777 5778/5778/5778
f 5779/5779/5779 5780/5780/5780 5781/5781/5781
f 5782/5782/5782 5783/5783/5783 5784/5784/5784
f 5785/5785/5785 5786/5786/5786 5787/5787/5787
f 5788/5788/5788 5789/5789/5789 5790/5790/5790
f 5791/5791/5791 5792/5792/5792 5793/5793/5793
f 5794/5794/5794 5795/5795/5795 5796/5796/5796
f 5797/5797/5797 5798/5798/5798 5799/5799/5799
f 5800/5800/5800 5801/5801/5801 5802/5802/5802
f 5803/5803/5803 5804/5804/5804 5805/5805/5805
f 5806/5806/5806 5807/5807/5807 5808/5808/5808
f 5809/5809/5809 5810/5810/5810 5811/5811/5811
f 5812/5812/5812 5813/5813/5813 5814/5814/5814
f 5815/5815/5815 5816/5816/5816 5817/5817/5817
f 5818/5818/5818 5819/5819/5819 5820/5820/5820
f 5821/5821/5821 5822/5822/5822 5823/5823/5823
f 5824/5824/5824 5825/5825/5825 5826/5826/5826
f 5827/5827/5827 5828/5828/5828 5829/5829/5829
f 5830/5830/5830 5831/5831/5831 5832/5832/5832
f 5833/5833/5833 5834/5834/5834 5835/5835/5835
f 5836/5836/5836 5837/5837/5837 5838/5838/5838
f 5839/5839/5839 5840/5840/5840 5841/5841/5841
f 5842/5842/5842 5843/5843/5843 5844/5844/5844
f 5845/5845/5845 5846/5846/5846 5847/5847/5847
f 5848/5848/5848 5849/5849/5849 5850/5850/5850
f 5851/5851/5851 5852/5852/5852 5853/5853/5853
f 5854/5854/5854 5855/5855/5855 5856/5856/5856
f 5857/5857/5857 5858/5858/5858 5859/5859/5859
f 5860/5860/5860 5861/5861/5861 5862/5862/5862
f 5863/5863/5863 5864/5864/5864 5865/5865/5865
f 5866/5866/5866 5867/5867/5867 5868/5868/5868
f 5869/5869/5869 5870/5870/5870 5871/5871/5871
f 5872/5872/5872 5873/5873/5873 5874/5874/5874
f 5875/5875/5875 5876/5876/5876 5877/5877/5877
f 5878/5878/5878 5879/5879/5879 5880/5880/5880
f 5881/5881/5881 5882/5882/5882 5883/5883/5883
f 5884/5884/5884 5885/5885/5885 5886/5886/5886
f 5887/5887/5887 5888/5888/5888 5889/5889/5889
f 5890/5890/5890 5891/5891/5891 5892/5892/5892
f 5893/5893/5893 5894/5894/5894 5895/5895/5895
f 5896/5896/5896 5897/5897/5897 5898/5898/5898
f 5899/5899/5899 5900/5900/5900 5901/5901/5901
f 5902/5902/5902 5903/5903/5903 5904/5904/5904
f 5905/5905/5905 5906/5906/5906 5907/5907/5907
f 5908/5908/5908 5909/5909/5909 5910/5910/5910
f 5911/5911/5911 5912/5912/5912 5913/5913/5913
f 5914/5914/5914 5915/5915/5915 5916/5916/5916
f 5917/5917/5917 5918/5918/5918 5919/5919/5919
f 5920/5920/5920 5921/5921/5921 5922/5922/5922
f 5923/5923/5923 5924/5924/5924 5925/5925/5925
f 5926/5926/5926 5927/5927/5927 5928/5928/5928
f 5929/5929/5929 5930/5930/5930 5931/5931/5931
f 5932/5932/5932 5933/5933/5933 5934/5934/5934
f 5935/5935/5935 5936/5936/5936 5937/5937/5937
f 5938/5938/5938 5939/5939/5939 5940/5940/5940
f 5941/5941/5941 5942/5942/5942 5943/5943/5943
f 5944/5944/5944 5945/5945/5945 5946/5946/5946
f 5947/5947/5947 5948/5948/5948 5949/5949/5949
f 5950/5950/5950 5951/5951/5951 5952/5952/5952
f 5953/5953/5953 5954/5954/5954 5955/5955/5955
f 5956/5956/5956 5957/5957/5957 5958/5958/5958
f 5959/5959/5959 5960/5960/5960 5961/5961/5961
f 5962/5962/5962 5963/5963/5963 5964/5964/5964
f 5965/5965/5965 5966/5966/5966 5967/5967/5967
f 5968/5968/5968 5969/5969/5969 5970/5970/5970
f 5971/5971/5971 5972/5972/5972 5973/5973/5973
f 5974/5974/5974 5975/5975/5975 5976/5976/5976
f 5977/5977/5977 5978/5978/5978 5979/5979/5979
f 5980/5980/5980 5981/5981/5981 5982/5982/5982
f 5983/5983/5983 5984/5984/5984 5985/5985/5985
f 5986/5986/5986 5987/5987/5987 5988/5988/5988
f 5989/5989/5989 5990/5990/5990 5991/5991/5991
f 5992/5992/5992 5993/5993/5993 5994/5994/5994
f 5995/5995/5995 5996/5996/5996 5997/5997/5997
f 5998/5998/5998 5999/5999/5999 6000/6000/6000
f 6001/6001/6001 6002/6002/6002 6003/6003/6003
f 6004/6004/6004 6005/6005/6005 6006/6006/6006
f 6007/6007/6007 6008/6008/6008 6009/6009/6009
f 6010/6010/6010 6011/6011/6011 6012/6012/6012
f 6013/6013/6013 6014/6014/6014 6015/6015/6015
f 6016/6016/6016 6017/6017/6017 6018/6018/6018
f 6019/6019/6019 6020/6020/6020 6021/6021/6021
f 6022/6022/6022 6023/6023/6023 6024/6024/6024
f 6025/6025/6025 6026/6026/6026 6027/6027/6027
f 6028/6028/6028 6029/6029/6029 6030/6030/6030
f 6031/6031/6031 6032/6032/6032 6033/6033/6033
f 6034/6034/6034 6035/6035/6035 6036/6036/6036
f 6037/6037/6037 6038/6038/6038 6039/6039/6039
f 6040/6040/6040 6041/6041/6041 6042/6042/6042
f 6043/6043/6043 6044/6044/6044 6045/6045/6045
f 6046/6046/6046 6047/6047/6047 6048/6048/6048
f 6049/6049/6049 6050/6050/6050 6051/6051/6051
f 6052/6052/6052 6053/6053/6053 6054/6054/6054
f 6055/6055/6055 6056/6056/6056 6057/6057/6057
f 6058/6058/6058 6059/6059/6059 6060/6060/6060
f 6061/6061/6061 6062/6062/6062 6063/6063/6063
f 6064/6064/6064 6065/6065/6065 6066/6066/6066
f 6067/6067/6067 6068/6068/6068 6069/6069/6069
f 6070/6070/6070 6071/6071/6071 6072/6072/6072
f 6073/6073/6073 6074/6074/6074 6075/6075/6075
f 6076/6076/6076 6077/6077/6077 6078/6078/6078
f 6079/6079/6079 6080/6080/6080 6081/6081/6081
f 6082/6082/6082 6083/6083/6083 6084/6084/6084
f 6085/6085/6085 6086/6086/6086 6087/6087/6087
f 6088/6088/6088 6089/6089/6089 6090/6090/6090
f 6091/6091/6091 6092/6092/6092 6093/6093/6093
f 6094/6094/6094 6095/6095/6095 6096/6096/6096
f 6097/6097/6097 6098/6098/6098 6099/6099/6099
f 6100/6100/6100 6101/6101/6101 6102/6102/6102
f 6103/6103/6103 6104/6104/6104 6105/6105/6105
f 6106/6106/6106 6107/6107/6107 6108/6108/6108
f 6109/6109/6109 6110/6110/6110 6111/6111/6111
f 6112/6112/6112 6113/6113/6113 6114/6114/6114
f 6115/6115/6115 6116/6116/6116 6117/6117/6117
f 6118/6118/6118 6119/6119/6119 6120/6120/6120
f 6121/6121/6121 6122/6122/6122 6123/6123/6123
f 6124/6124/6124 6125/6125/6125 6126/6126/6126
f 6127/6127/6127 6128/6128/6128 6129/6129/6129
f 6130/6130/6130 6131/6131/6131 6132/6132/6132
f 6133/6133/6133 6134/6134/6134 6135/6135/6135
f 6136/6136/6136 6137/6137/6137 6138/6138/6138
f 6139/6139/6139 6140/6140/6140 6141/6141/6141
f 6142/6142/6142 6143/6143/6143 6144/6144/6144
f 6145/6145/6145 6146/6146/6146 6147/6147/6147
f 6148/6148/6148 6149/6149/6149 6150/6150/6150
f 6151/6151/6151 6152/6152/6152 6153/6153/6153
f 6154/6154/6154 6155/6155/6155 6156/6156/6156
f 6157/6157/6157 6158/6158/6158 6159/6159/6159
f 6160/6160/6160 6161/6161/6161 6162/6162/6162
f 6163/6163/6163 6164/6164/6164 6165/6165/6165
f 6166/6166/6166 6167/6167/6167 6168/6168/6168
f 6169/6169/6169 6170/6170/6170 6171/6171/6171
f 6172/6172/6172 6173/6173/6173 6174/6174/6174
f 6175/6175/6175 6176/6176/6176 6177/6177/6177
f 6178/6178/6178 6179/6179/6179 6180/6180/6180
f 6181/6181/6181 6182/6182/6182 6183/6183/6183
f 6184/6184/6184 6185/6185/6185 6186/6186/6186
f 6187/6187/6187 6188/6188/6188 6189/6189/6189
f 6190/6190/6190 6191/6191/6191 6192/6192/6192
f 6193/6193/6193 6194/6194/6194 6195/6195/6195
f 6196/6196/6196 6197/6197/6197 6198/6198/6198
f 6199/6199/6199 6200/6200/6200 6201/6201/6201
f 6202/6202/6202 6203/6203/6203 6204/6204/6204
f 6205/6205/6205 6206/6206/6206 6207/6207/6207
f 6208/6208/6208 6209/6209/6209 6210/6210/6210
f 6211/6211/6211 6212/6212/6212 6213/6213/6213
f 6214/6214/6214 6215/6215/6215 6216/6216/6216
f 6217/6217/6217 6218/6218/6218 6219/6219/6219
f 6220/6220/6220 6221/6221/6221 6222/6222/6222
f 6223/6223/6223 6224/6224/6224 6225/6225/6225
f 6226/6226/6226 6227/6227/6227 6228/6228/6228
f 6229/6229/6229 6230/6230/6230 6231/6231/6231
f 6232/6232/6232 6233/6233/6233 6234/6234/6234
f 6235/6235/6235 6236/6236/6236 6237/6237/6237
f 6238/6238/6238 6239/6239/6239 6240/6240/6240
f 6241/6241/6241 6242/6242/6242 6243/6243/6243
f 6244/6244/6244 6245/6245/6245 6246/6246/6246
f 6247/6247/6247 6248/6248/6248 6249/6249/6249
f 6250/6250/6250 6251/6251/6251 6252/6252/6252
f 6253/6253/6253 6254/6254/6254 6255/6255/6255
f 6256/6256/6256 6257/6257/6257 6258/6258/6258
f 6259/6259/6259 6260/6260/6260 6261/6261/6261
f 6262/6262/6262 6263/6263/6263 6264/6264/6264
f 6265/6265/6265 6266/6266/6266 6267/6267/6267
f 6268/6268/6268 6269/6269/6269 6270/6270/6270
f 6271/6271/6271 6272/6272/6272 6273/6273/6273
f 6274/6274/6274 6275/6275/6275 6276/6276/6276
f 6277/6277/6277 6278/6278/6278 6279/6279/6279
f 6280/6280/6280 6281/6281/6281 6282/6282/6282
f 6283/6283/6283 6284/6284/6284 6285/6285/6285
f 6286/6286/6286 6287/6287/6287 6288/6288/6288
f 6289/6289/6289 6290/6290/6290 6291/6291/6291
f 6292/6292/6292 6293/6293/6293 6294/6294/6294
f 6295/6295/6295 6296/6296/6296 6297/6297/6297
f 6298/6298/6298 6299/6299/6299 6300/6300/6300
f 6301/6301/6301 6302/6302/6302 6303/6303/6303
f 6304/6304/6304 6305/6305/6305 6306/6306/6306
f 6307/6307/6307 6308/6308/6308 6309/6309/6309
f 6310/6310/6310 6311/6311/6311 6312/6312/6312
f 6313/6313/6313 6314/6314/6314 6315/6315/6315
f 6316/6316/6316 6317/6317/6317 6318/6318/6318
f 6319/6319/6319 6320/6320/6320 6321/6321/6321
f 6322/6322/6322 6323/6323/6323 6324/6324/6324
f 6325/6325/6325 6326/6326/6326 6327/6327/6327
f 6328/6328/6328 6329/6329/6329 6330/6330/6330
f 6331/6331/6331 6332/6332/6332 6333/6333/6333
f 6334/6334/6334 6335/6335/6335 6336/6336/6336
f 6337/6337/6337 6338/6338/6338 6339/6339/6339
f 6340/6340/6340 6341/6341/6341 6342/6342/6342
f 6343/6343/6343 6344/6344/6344 6345/6345/6345
f 6346/6346/6346 6347/6347/6347 6348/6348/6348
f 6349/6349/6349 6350/6350/6350 6351/6351/6351
f 6352/6352/6352 6353/6353/6353 6354/6354/6354
f 6355/6355/6355 6356/6356/6356 6357/6357/6357
f 6358/6358/6358 6359/6359/6359 6360/6360/6360
f 6361/6361/6361 6362/6362/6362 6363/6363/6363
f 6364/6364/6364 6365/6365/6365 6366/6366/6366
f 6367/6367/6367 6368/6368/6368 6369/6369/6369
f 6370/6370/6370 6371/6371/6371 6372/6372/6372
f 6373/6373/6373 6374/6374/6374 6375/6375/6375
f 6376/6376/6376 6377/6377/6377 6378/6378/6378
f 6379/6379/6379 6380/6380/6380 6381/6381/6381
f 6382/6382/6382 6383/6383/6383 6384/6384/6384
f 6385/6385/6385 6386/6386/6386 6387/6387/6387
f 6388/6388/6388 6389/6389/6389 6390/6390/6390
f 6391/6391/6391 6392/6392/6392 6393/6393/6393
f 6394/6394/6394 6395/6395/6395 6396/6396/6396
f 6397/6397/6397 6398/6398/6398 6399/6399/6399
f 6400/6400/6400 6401/6401/6401 6402/6402/6402
f 6403/6403/6403 6404/6404/6404 6405/6405/6405
f 6406/6406/6406 6407/6407/6407 6408/6408/6408
f 6409/6409/6409 6410/6410/6410 6411/6411/6411
f 6412/6412/6412 6413/6413/6413 6414/6414/6414
f 6415/6415/6415 6416/6416/6416 6417/6417/6417
f 6418/6418/6418 6419/6419/6419 6420/6420/6420
f 6421/6421/6421 6422/6422/6422 6423/6423/6423
f 6424/6424/6424 6425/6425/6425 6426/6426/6426
f 6427/6427/6427 6428/6428/6428 6429/6429/6429
f 6430/6430/6430 6431/6431/6431 6432/6432/6432
f 6433/6433/6433 6434/6434/6434 6435/6435/6435
f 6436/6436/6436 6437/6437/6437 6438/6438/6438
f 6439/6439/6439 6440/6440/6440 6441/6441/6441
f 6442/6442/6442 6443/6443/6443 6444/6444/6444
f 6445/6445/6445 6446/6446/6446 6447/6447/6447
f 6448/6448/6448 6449/6449/6449 6450/6450/6450
f 6451/6451/6451 6452/6452/6452 6453/6453/6453
f 6454/6454/6454 6455/6455/6455 6456/6456/6456
f 6457/6457/6457 6458/6458/6458 6459/6459/6459
f 6460/6460/6460 6461/6461/6461 6462/6462/6462
f 6463/6463/6463 6464/6464/6464 6465/6465/6465
f 6466/6466/6466 6467/6467/6467 6468/6468/6468
f 6469/6469/6469 6470/6470/6470 6471/6471/6471
f 6472/6472/6472 6473/6473/6473 6474/6474/6474
f 6475/6475/6475 6476/6476/6476 6477/6477/6477
f 6478/6478/6478 6479/6479/6479 6480/6480/6480
f 6481/6481/6481 6482/6482/6482 6483/6483/6483
f 6484/6484/6484 6485/6485/6485 6486/6486/6486
f 6487/6487/6487 6488/6488/6488 6489/6489/6489
f 6490/6490/6490 6491/6491/6491 6492/6492/6492
f 6493/6493/6493 6494/6494/6494 6495/6495/6495
f 6496/6496/6496 6497/6497/6497 6498/6498/6498
f 6499/6499/6499 6500/6500/6500 6501/6501/6501
f 6502/6502/6502 6503/6503/6503 6504/6504/6504
f 6505/6505/6505 6506/6506/6506 6507/6507/6507
f 6508/6508/6508 6509/6509/6509 6510/6510/6510
f 6511/6511/6511 6512/6512/6512 6513/6513/6513
f 6514/6514/6514 6515/6515/6515 6516/6516/6516
f 6517/6517/6517 6518/6518/6518 6519/6519/6519
f 6520/6520/6520 6521/6521/6521 6522/6522/6522
f 6523/6523/6523 6524/6524/6524 6525/6525/6525
f 6526/6526/6526 6527/6527/6527 6528/6528/6528
f 6529/6529/6529 6530/6530/6530 6531/6531/6531
f 6532/6532/6532 6533/6533/6533 6534/6534/6534
f 6535/6535/6535 6536/6536/6536 6537/6537/6537
f 6538/6538/6538 6539/6539/6539 6540/6540/6540
f 6541/6541/6541 6542/6542/6542 6543/6543/6543
f 6544/6544/6544 6545/6545/6545 6546/6546/6546
f 6547/6547/6547 6548/6548/6548 6549/6549/6549
f 6550/6550/6550 6551/6551/6551 6552/6552/6552
f 6553/6553/6553 6554/6554/6554 6555/6555/6555
f 6556/6556/6556 6557/6557/6557 6558/6558/6558
f 6559/6559/6559 6560/6560/6560 6561/6561/6561
f 6562/6562/6562 6563/6563/6563 6564/6564/6564
f 6565/6565/6565 6566/6566/6566 6567/6567/6567
f 6568/6568/6568 6569/6569/6569 6570/6570/6570
f 6571/6571/6571 6572/6572/6572 6573/6573/6573
f 6574/6574/6574 6575/6575/6575 6576/6576/6576
f 6577/6577/6577 6578/6578/6578 6579/6579/6579
f 6580/6580/6580 6581/6581/6581 6582/6582/6582
f 6583/6583/6583 6584/6584/6584 6585/6585/6585
f 6586/6586/6586 6587/6587/6587 6588/6588/6588
f 6589/6589/6589 6590/6590/6590 6591/6591/6591
f 6592/6592/6592 6593/6593/6593 6594/6594/6594
f 6595/6595/6595 6596/6596/6596 6597/6597/6597
f 6598/6598/6598 6599/6599/6599 6600/6600/6600
f 6601/6601/6601 6602/6602/6602 6603/6603/6603
f 6604/6604/6604 6605/6605/6605 6606/6606/6606
f 6607/6607/6607 6608/6608/6608 6609/6609/6609
f 6610/6610/6610 6611/6611/6611 6612/6612/6612
f 6613/6613/6613 6614/6614/6614 6615/6615/6615
f 6616/6616/6616 6617/6617/6617 6618/6618/6618
f 6619/6619/6619 6620/6620/6620 6621/6621/6621
f 6622/6622/6622 6623/6623/6623 6624/6624/6624
f 6625/6625/6625 6626/6626/6626 6627/6627/6627
f 6628/6628/6628 6629/6629/6629 6630/6630/6630
f 6631/6631/6631 6632/6632/6632 6633/6633/6633
f 6634/6634/6634 6635/6635/6635 6636/6636/6636
f 6637/6637/6637 6638/6638/6638 6639/6639/6639
f 6640/6640/6640 6641/6641/6641 6642/6642/6642
f 6643/6643/6643 6644/6644/6644 6645/6645/6645
f 6646/6646/6646 6647/6647/6647 6648/6648/6648
f 6649/6649/6649 6650/6650/6650 6651/6651/6651
f 6652/6652/6652 6653/6653/6653 6654/6654/6654
f 6655/6655/6655 6656/6656/6656 6657/6657/6657
f 6658/6658/6658 6659/6659/6659 6660/6660/6660
f 6661/6661/6661 6662/6662/6662 6663/6663/6663
f 6664/6664/6664 6665/6665/6665 6666/6666/6666
f 6667/6667/6667 6668/6668/6668 6669/6669/6669
f 6670/6670/6670 6671/6671/6671 6672/6672/6672
f 6673/6673/6673 6674/6674/6674 6675/6675/6675
f 6676/6676/6676 6677/6677/6677 6678/6678/6678
f 6679/6679/6679 6680/6680/6680 6681/6681/6681
f 6682/6682/6682 6683/6683/6683 6684/6684/6684
f 6685/6685/6685 6686/6686/6686 6687/6687/6687
f 6688/6688/6688 6689/6689/6689 6690/6690/6690
f 6691/6691/6691 6692/6692/6692 6693/6693/6693
f 6694/6694/6694 6695/6695/6695 6696/6696/6696
f 6697/6697/6697 6698/6698/6698 6699/6699/6699
f 6700/6700/6700 6701/6701/6701 6702/6702/6702
f 6703/6703/6703 6704/6704/6704 6705/6705/6705
f 6706/6706/6706 6707/6707/6707 6708/6708/6708
f 6709/6709/6709 6710/6710/6710 6711/6711/6711
f 6712/6712/6712 6713/6713/6713 6714/6714/6714
f 6715/6715/6715 6716/6716/6716 6717/6717/6717
f 6718/6718/6718 6719/6719/6719 6720/6720/6720
f 6721/6721/6721 6722/6722/6722 6723/6723/6723
f 6724/6724/6724 6725/6725/6725 6726/6726/6726
f 6727/6727/6727 6728/6728/6728 6729/6729/6729
f 6730/6730/6730 6731/6731/6731 6732/6732/6732
f 6733/6733/6733 6734/6734/6734 6735/6735/6735
f 6736/6736/6736 6737/6737/6737 6738/6738/6738
f 6739/6739/6739 6740/6740/6740 6741/6741/6741
f 6742/6742/6742 6743/6743/6743 6744/6744/6744
f 6745/6745/6745 6746/6746/6746 6747/6747/6747
f 6748/6748/6748 6749/6749/6749 6750/6750/6750
f 6751/6751/6751 6752/6752/6752 6753/6753/6753
f 6754/6754/6754 6755/6755/6755 6756/6756/6756
f 6757/6757/6757 6758/6758/6758 6759/6759/6759
f 6760/6760/6760 6761/6761/6761 6762/6762/6762
f 6763/6763/6763 6764/6764/6764 6765/6765/6765
f 6766/6766/6766 6767/6767/6767 6768/6768/6768
f 6769/6769/6769 6770/6770/6770 6771/6771/6771
f 6772/6772/6772 6773/6773/6773 6774/6774/6774
f 6775/6775/6775 6776/6776/6776 6777/6777/6777
f 6778/6778/6778 6779/6779/6779 6780/6780/6780
f 6781/6781/6781 6782/6782/6782 6783/6783/6783
f 6784/6784/6784 6785/6785/6785 6786/6786/6786
f 6787/6787/6787 6788/6788/6788 6789/6789/6789
f 6790/6790/6790 6791/6791/6791 6792/6792/6792
f 6793/6793/6793 6794/6794/6794 6795/6795/6795
f 6796/6796/6796 6797/6797/6797 6798/6798/6798
f 6799/6799/6799 6800/6800/6800 6801/6801/6801
f 6802/6802/6802 6803/6803/6803 6804/6804/6804
f 6805/6805/6805 6806/6806/6806 6807/6807/6807
f 6808/6808/6808 6809/6809/6809 6810/6810/6810
f 6811/6811/6811 6812/6812/6812 6813/6813/6813
f 6814/6814/6814 6815/6815/6815 6816/6816/6816
f 6817/6817/6817 6818/6818/6818 6819/6819/6819
f 6820/6820/6820 6821/6821/6821 6822/6822/6822
f 6823/6823/6823 6824/6824/6824 6825/6825/6825
f 6826/6826/6826 6827/6827/6827 6828/6828/6828
f 6829/6829/6829 6830/6830/6830 6831/6831/6831
f 6832/6832/6832 6833/6833/6833 6834/6834/6834
f 6835/6835/6835 6836/6836/6836 6837/6837/6837
f 6838/6838/6838 6839/6839/6839 6840/6840/6840
f 6841/6841/6841 6842/6842/6842 6843/6843/6843
f 6844/6844/6844 6845/6845/6845 6846/6846/6846
f 6847/6847/6847 6848/6848/6848 6849/6849/6849
f 6850/6850/6850 6851/6851/6851 6852/6852/6852
f 6853/6853/6853 6854/6854/6854 6855/6855/6855
f 6856/6856/6856 6857/6857/6857 6858/6858/6858
f 6859/6859/6859 6860/6860/6860 6861/6861/6861
f 6862/6862/6862 6863/6863/6863 6864/6864/6864
f 6865/6865/6865 6866/6866/6866 6867/6867/6867
f 6868/6868/6868 6869/6869/6869 6870/6870/6870
f 6871/6871/6871 6872/6872/6872 6873/6873/6873
f 6874/6874/6874 6875/6875/6875 6876/6876/6876
f 6877/6877/6877 6878/6878/6878 6879/6879/6879
f 6880/6880/6880 6881/6881/6881 6882/6882/6882
f 6883/6883/6883 6884/6884/6884 6885/6885/6885
f 6886/6886/6886 6887/6887/6887 6888/6888/6888
f 6889/6889/6889 6890/6890/6890 6891/6891/6891
f 6892/6892/6892 6893/6893/6893 6894/6894/6894
f 6895/6895/6895 6896/6896/6896 6897/6897/6897
f 6898/6898/6898 6899/6899/6899 6900/6900/6900
f 6901/6901/6901 6902/6902/6902 6903/6903/6903
f 6904/6904/6904 6905/6905/6905 6906/6906/6906
f 6907/6907/6907 6908/6908/6908 6909/6909/6909
f 6910/6910/6910 6911/6911/6911 6912/6912/6912
f 6913/6913/6913 6914/6914/6914 6915/6915/6915
f 6916/6916/6916 6917/6917/6917 6918/6918/6918
f 6919/6919/6919 6920/6920/6920 6921/6921/6921
f 6922/6922/6922 6923/6923/6923 6924/6924/6924
f 6925/6925/6925 6926/6926/6926 6927/6927/6927
f 6928/6928/6928 6929/6929/6929 6930/6930/6930
f 6931/6931/6931 6932/6932/6932 6933/6933/6933
f 6934/6934/6934 6935/6935/6935 6936/6936/6936
f 6937/6937/6937 6938/6938/6938 6939/6939/6939
f 6940/6940/6940 6941/6941/6941 6942/6942/6942
f 6943/6943/6943 6944/6944/6944 6945/6945/6945
f 6946/6946/6946 6947/6947/6947 6948/6948/6948
f 6949/6949/6949 6950/6950/6950 6951/6951/6951
f 6952/6952/6952 6953/6953/6953 6954/6954/6954
f 6955/6955/6955 6956/6956/6956 6957/6957/6957
f 6958/6958/6958 6959/6959/6959 6960/6960/6960
f 6961/6961/6961 6962/6962/6962 6963/6963/6963
f 6964/6964/6964 6965/6965/6965 6966/6966/6966
f 6967/6967/6967 6968/6968/6968 6969/6969/6969
f 6970/6970/6970 6971/6971/6971 6972/6972/6972
f 6973/6973/6973 6974/6974/6974 6975/6975/6975
f 6976/6976/6976 6977/6977/6977 6978/6978/6978
f 6979/6979/6979 6980/6980/6980 6981/6981/6981
f 6982/6982/6982 6983/6983/6983 6984/6984/6984
f 6985/6985/6985 6986/6986/6986 6987/6987/6987
f 6988/6988/6988 6989/6989/6989 6990/6990/6990
f 6991/6991/6991 6992/6992/6992 6993/6993/6993
f 6994/6994/6994 6995/6995/6995 6996/6996/6996
f 6997/6997/6997 6998/6998/6998 6999/6999/6999
f 7000/7000/7000 7001/7001/7001 7002/7002/7002
f 7003/7003/7003 7004/7004/7004 7005/7005/7005
f 7006/7006/7006 7007/7007/7007 7008/7008/7008
f 7009/7009/7009 7010/7010/7010 7011/7011/7011
f 7012/7012/7012 7013/7013/7013 7014/7014/7014
f 7015/7015/7015 7016/7016/7016 7017/7017/7017
f 7018/7018/7018 7019/7019/7019 7020/7020/7020
f 7021/7021/7021 7022/7022/7022 7023/7023/7023
f 7024/7024/7024 7025/7025/7025 7026/7026/7026
f 7027/7027/7027 7028/7028/7028 7029/7029/7029
f 7030/7030/7030 7031/7031/7031 7032/7032/7032
f 7033/7033/7033 7034/7034/7034 7035/7035/7035
f 7036/7036/7036 7037/7037/7037 7038/7038/7038
f 7039/7039/7039 7040/7040/7040 7041/7041/7041
f 7042/7042/7042 7043/7043/7043 7044/7044/7044
f 7045/7045/7045 7046/7046/7046 7047/7047/7047
f 7048/7048/7048 7049/7049/7049 7050/7050/7050
f 7051/7051/7051 7052/7052/7052 7053/7053/7053
f 7054/7054/7054 7055/7055/7055 7056/7056/7056
f 7057/7057/7057 7058/7058/7058 7059/7059/7059
f 7060/7060/7060 7061/7061/7061 7062/7062/7062
f 7063/7063/7063 7064/7064/7064 7065/7065/7065
f 7066/7066/7066 7067/7067/7067 7068/7068/7068
f 7069/7069/7069 7070/7070/7070 7071/7071/7071
f 7072/7072/7072 7073/7073/7073 7074/7074/7074
f 7075/7075/7075 7076/7076/7076 7077/7077/7077
f 7078/7078/7078 7079/7079/7079 7080/7080/7080
f 7081/7081/7081 7082/7082/7082 7083/7083/7083
f 7084/7084/7084 7085/7085/7085 7086/7086/7086
f 7087/7087/7087 7088/7088/7088 7089/7089/7089
f 7090/7090/7090 7091/7091/7091 7092/7092/7092
f 7093/7093/7093 7094/7094/7094 7095/7095/7095
f 7096/7096/7096 7097/7097/7097 7098/7098/7098
f 7099/7099/7099 7100/7100/7100 7101/7101/7101
f 7102/7102/7102 7103/7103/7103 7104/7104/7104
f 7105/7105/7105 7106/7106/7106 7107/7107/7107
f 7108/7108/7108 7109/7109/7109 7110/7110/7110
f 7111/7111/7111 7112/7112/7112 7113/7113/7113
f 7114/7114/7114 7115/7115/7115 7116/7116/7116
f 7117/7117/7117 7118/7118/7118 7119/7119/7119
f 7120/7120/7120 7121/7121/7121 7122/7122/7122
f 7123/7123/7123 7124/7124/7124 7125/7125/7125
f 7126/7126/7126 7127/7127/7127 7128/7128/7128
f 7129/7129/7129 7130/7130/7130 7131/7131/7131
f 7132/7132/7132 7133/7133/7133 7134/7134/7134
f 7135/7135/7135 7136/7136/7136 7137/7137/7137
f 7138/7138/7138 7139/7139/7139 7140/7140/7140
f 7141/7141/7141 7142/7142/7142 7143/7143/7143
f 7144/7144/7144 7145/7145/7145 7146/7146/7146
f 7147/7147/7147 7148/7148/7148 7149/7149/7149
f 7150/7150/7150 7151/7151/7151 7152/7152/7152
f 7153/7153/7153 7154/7154/7154 7155/7155/7155
f 7156/7156/7156 7157/7157/7157 7158/7158/7158
f 7159/7159/7159 7160/7160/7160 7161/7161/7161
f 7162/7162/7162 7163/7163/7163 7164/7164/7164
f 7165/7165/7165 7166/7166/7166 7167/7167/7167
f 7168/7168/7168 7169/7169/7169 7170/7170/7170
f 7171/7171/7171 7172/7172/7172 7173/7173/7173
f 7174/7174/7174 7175/7175/7175 7176/7176/7176
f 7177/7177/7177 7178/7178/7178 7179/7179/7179
f 7180/7180/7180 7181/7181/7181 7182/7182/7182
f 7183/7183/7183 7184/7184/7184 7185/7185/7185
f 7186/7186/7186 7187/7187/7187 7188/7188/7188
f 7189/7189/7189 7190/7190/7190 7191/7191/7191
f 7192/7192/7192 7193/7193/7193 7194/7194/7194
f 7195/7195/7195 7196/7196/7196 7197/7197/7197
f 7198/7198/7198 7199/7199/7199 7200/7200/7200
f 7201/7201/7201 7202/7202/7202 7203/7203/7203
f 7204/7204/7204 7205/7205/7205 7206/7206/7206
f 7207/7207/7207 7208/7208/7208 7209/7209/7209
f 7210/7210/7210 7211/7211/7211 7212/7212/7212
f 7213/7213/7213 7214/7214/7214 7215/7215/7215
f 7216/7216/7216 7217/7217/7217 7218/7218/7218
f 7219/7219/7219 7220/7220/7220 7221/7221/7221
f 7222/7222/7222 7223/7223/7223 7224/7224/7224
f 7225/7225/7225 7226/7226/7226 7227/7227/7227
f 7228/7228/7228 7229/7229/7229 7230/7230/7230
f 7231/7231/7231 7232/7232/7232 7233/7233/7233
f 7234/7234/7234 7235/7235/7235 7236/7236/7236
f 7237/7237/7237 7238/7238/7238 7239/7239/7239
f 7240/7240/7240 7241/7241/7241 7242/7242/7242
f 7243/7243/7243 7244/7244/7244 7245/7245/7245
f 7246/7246/7246 7247/7247/7247 7248/7248/7248
f 7249/7249/7249 7250/7250/7250 7251/7251/7251
f 7252/7252/7252 7253/7253/7253 7254/7254/7254
f 7255/7255/7255 7256/7256/7256 7257/7257/7257
f 7258/7258/7258 7259/7259/7259 7260/7260/7260
f 7261/7261/7261 7262/7262/7262 7263/7263/7263
f 7264/7264/7264 7265/7265/7265 7266/7266/7266
f 7267/7267/7267 7268/7268/7268 7269/7269/7269
f 7270/7270/7270 7271/7271/7271 7272/7272/7272
f 7273/7273/7273 7274/7274/7274 7275/7275/7275
f 7276/7276/7276 7277/7277/7277 7278/7278/7278
f 7279/7279/7279 7280/7280/7280 7281/7281/7281
f 7282/7282/7282 7283/7283/7283 7284/7284/7284
f 7285/7285/7285 7286/7286/7286 7287/7287/7287
f 7288/7288/7288 7289/7289/7289 7290/7290/7290
f 7291/7291/7291 7292/7292/7292 7293/7293/7293
f 7294/7294/7294 7295/7295/7295 7296/7296/7296
f 7297/7297/7297 7298/7298/7298 7299/7299/7299
f 7300/7300/7300 7301/7301/7301 7302/7302/7302
f 7303/7303/7303 7304/7304/7304 7305/7305/7305
f 7306/7306/7306 7307/7307/7307 7308/7308/7308
f 7309/7309/7309 7310/7310/7310 7311/7311/7311
f 7312/7312/7312 7313/7313/7313 7314/7314/7314
f 7315/7315/7315 7316/7316/7316 7317/7317/7317
f 7318/7318/7318 7319/7319/7319 7320/7320/7320
f 7321/7321/7321 7322/7322/7322 7323/7323/7323
f 7324/7324/7324 7325/7325/7325 7326/7326/7326
f 7327/7327/7327 7328/7328/7328 7329/7329/7329
f 7330/7330/7330 7331/7331/7331 7332/7332/7332
f 7333/7333/7333 7334/7334/7334 7335/7335/7335
f 7336/7336/7336 7337/7337/7337 7338/7338/7338
f 7339/7339/7339 7340/7340/7340 7341/7341/7341
f 7342/7342/7342 7343/7343/7343 7344/7344/7344
f 7345/7345/7345 7346/7346/7346 7347/7347/7347
f 7348/7348/7348 7349/7349/7349 7350/7350/7350
f 7351/7351/7351 7352/7352/7352 7353/7353/7353
f 7354/7354/7354 7355/7355/7355 7356/7356/7356
f 7357/7357/7357 7358/7358/7358 7359/7359/7359
f 7360/7360/7360 7361/7361/7361 7362/7362/7362
f 7363/7363/7363 7364/7364/7364 7365/7365/7365
f 7366/7366/7366 7367/7367/7367 7368/7368/7368
f 7369/7369/7369 7370/7370/7370 7371/7371/7371
f 7372/7372/7372 7373/7373/7373 7374/7374/7374
f 7375/7375/7375 7376/7376/7376 7377/7377/7377
f 7378/7378/7378 7379/7379/7379 7380/7380/7380
f 7381/7381/7381 7382/7382/7382 7383/7383/7383
f 7384/7384/7384 7385/7385/7385 7386/7386/7386
f 7387/7387/7387 7388/7388/7388 7389/7389/7389
f 7390/7390/7390 7391/7391/7391 7392/7392/7392
f 7393/7393/7393 7394/7394/7394 7395/7395/7395
f 7396/7396/7396 7397/7397/7397 7398/7398/7398
f 7399/7399/7399 7400/7400/7400 7401/7401/7401
f 7402/7402/7402 7403/7403/7403 7404/7404/7404
f 7405/7405/7405 7406/7406/7406 7407/7407/7407
f 7408/7408/7408 7409/7409/7409 7410/7410/7410
f 7411/7411/7411 7412/7412/7412 7413/7413/7413
f 7414/7414/7414 7415/7415/7415 7416/7416/7416
f 7417/7417/7417 7418/7418/7418 7419/7419/7419
f 7420/7420/7420 7421/7421/7421 7422/7422/7422
f 7423/7423/7423 7424/7424/7424 7425/7425/7425
f 7426/7426/7426 7427/7427/7427 7428/7428/7428
f 7429/7429/7429 7430/7430/7430 7431/7431/7431
f 7432/7432/7432 7433/7433/7433 7434/7434/7434
f 7435/7435/7435 7436/7436/7436 7437/7437/7437
f 7438/7438/7438 7439/7439/7439 7440/7440/7440
f 7441/7441/7441 7442/7442/7442 7443/7443/7443
f 7444/7444/7444 7445/7445/7445 7446/7446/7446
f 7447/7447/7447 7448/7448/7448 7449/7449/7449
f 7450/7450/7450 7451/7451/7451 7452/7452/7452
f 7453/7453/7453 7454/7454/7454 7455/7455/7455
f 7456/7456/7456 7457/7457/7457 7458/7458/7458
f 7459/7459/7459 7460/7460/7460 7461/7461/7461
f 7462/7462/7462 7463/7463/7463 7464/7464/7464
f 7465/7465/7465 7466/7466/7466 7467/7467/7467
f 7468/7468/7468 7469/7469/7469 7470/7470/7470
f 7471/7471/7471 7472/7472/7472 7473/7473/7473
f 7474/7474/7474 7475/7475/7475 7476/7476/7476
f 7477/7477/7477 7478/7478/7478 7479/7479/7479
f 7480/7480/7480 7481/7481/7481 7482/7482/7482
f 7483/7483/7483 7484/7484/7484 7485/7485/7485
f 7486/7486/7486 7487/7487/7487 7488/7488/7488
f 7489/7489/7489 7490/7490/7490 7491/7491/7491
f 7492/7492/7492 7493/7493/7493 7494/7494/7494
f 7495/7495/7495 7496/7496/7496 7497/7497/7497
f 7498/7498/7498 7499/7499/7499 7500/7500/7500
f 7501/7501/7501 7502/7502/7502 7503/7503/7503
f 7504/7504/7504 7505/7505/7505 7506/7506/7506
f 7507/7507/7507 7508/7508/7508 7509/7509/7509
f 7510/7510/7510 7511/7511/7511 7512/7512/7512
f 7513/7513/7513 7514/7514/7514 7515/7515/7515
f 7516/7516/7516 7517/7517/7517 7518/7518/7518
f 7519/7519/7519 7520/7520/7520 7521/7521/7521
f 7522/7522/7522 7523/7523/7523 7524/7524/7524
f 7525/7525/7525 7526/7526/7526 7527/7527/7527
f 7528/7528/7528 7529/7529/7529 7530/7530/7530
f 7531/7531/7531 7532/7532/7532 7533/7533/7533
f 7534/7534/7534 7535/7535/7535 7536/7536/7536
f 7537/7537/7537 7538/7538/7538 7539/7539/7539
f 7540/7540/7540 7541/7541/7541 7542/7542/7542
f 7543/7543/7543 7544/7544/7544 7545/7545/7545
f 7546/7546/7546 7547/7547/7547 7548/7548/7548
f 7549/7549/7549 7550/7550/7550 7551/7551/7551
f 7552/7552/7552 7553/7553/7553 7554/7554/7554
f 7555/7555/7555 7556/7556/7556 7557/7557/7557
f 7558/7558/7558 7559/7559/7559 7560/7560/7560
f 7561/7561/7561 7562/7562/7562 7563/7563/7563
f 7564/7564/7564 7565/7565/7565 7566/7566/7566
f 7567/7567/7567 7568/7568/7568 7569/7569/7569
f 7570/7570/7570 7571/7571/7571 7572/7572/7572
f 7573/7573/7573 7574/7574/7574 7575/7575/7575
f 7576/7576/7576 7577/7577/7577 7578/7578/7578
f 7579/7579/7579 7580/7580/7580 7581/7581/7581
f 7582/7582/7582 7583/7583/7583 7584/7584/7584
f 7585/7585/7585 7586/7586/7586 7587/7587/7587
f 7588/7588/7588 7589/7589/7589 7590/7590/7590
f 7591/7591/7591 7592/7592/7592 7593/7593/7593
f 7594/7594/7594 7595/7595/7595 7596/7596/7596
f 7597/7597/7597 7598/7598/7598 7599/7599/7599
f 7600/7600/7600 7601/7601/7601 7602/7602/7602
f 7603/7603/7603 7604/7604/7604 7605/7605/7605
f 7606/7606/7606 7607/7607/7607 7608/7608/7608
f 7609/7609/7609 7610/7610/7610 7611/7611/7611
f 7612/7612/7612 7613/7613/7613 7614/7614/7614
f 7615/7615/7615 7616/7616/7616 7617/7617/7617
f 7618/7618/7618 7619/7619/7619 7620/7620/7620
f 7621/7621/7621 7622/7622/7622 7623/7623/7623
f 7624/7624/7624 7625/7625/7625 7626/7626/7626
f 7627/7627/7627 7628/7628/7628 7629/7629/7629
f 7630/7630/7630 7631/7631/7631 7632/7632/7632
f 7633/7633/7633 7634/7634/7634 7635/7635/7635
f 7636/7636/7636 7637/7637/7637 7638/7638/7638
f 7639/7639/7639 7640/7640/7640 7641/7641/7641
f 7642/7642/7642 7643/7643/7643 7644/7644/7644
f 7645/7645/7645 7646/7646/7646 7647/7647/7647
f 7648/7648/7648 7649/7649/7649 7650/7650/7650
f 7651/7651/7651 7652/7652/7652 7653/7653/7653
f 7654/7654/7654 7655/7655/7655 7656/7656/7656
f 7657/7657/7657 7658/7658/7658 7659/7659/7659
f 7660/7660/7660 7661/7661/7661 7662/7662/7662
f 7663/7663/7663 7664/7664/7664 7665/7665/7665
f 7666/7666/7666 7667/7667/7667 7668/7668/7668
f 7669/7669/7669 7670/7670/7670 7671/7671/7671
f 7672/7672/7672 7673/7673/7673 7674/7674/7674
f 7675/7675/7675 7676/7676/7676 7677/7677/7677
f 7678/7678/7678 7679/7679/7679 7680/7680/7680
f 7681/7681/7681 7682/7682/7682 7683/7683/7683
f 7684/7684/7684 7685/7685/7685 7686/7686/7686
f 7687/7687/7687 7688/7688/7688 7689/7689/7689
f 7690/7690/7690 7691/7691/7691 7692/7692/7692
f 7693/7693/7693 7694/7694/7694 7695/7695/7695
f 7696/7696/7696 7697/7697/7697 7698/7698/7698
f 7699/7699/7699 7700/7700/7700 7701/7701/7701
f 7702/7702/7702 7703/7703/7703 7704/7704/7704
f 7705/7705/7705 7706/7706/7706 7707/7707/7707
f 7708/7708/7708 7709/7709/7709 7710/7710/7710
f 7711/7711/7711 7712/7712/7712 7713/7713/7713
f 7714/7714/7714 7715/7715/7715 7716/7716/7716
f 7717/7717/7717 7718/7718/7718 7719/7719/7719
f 7720/7720/7720 7721/7721/7721 7722/7722/7722
f 7723/7723/7723 7724/7724/7724 7725/7725/7725
f 7726/7726/7726 7727/7727/7727 7728/7728/7728
f 7729/7729/7729 7730/7730/7730 7731/7731/7731
f 7732/7732/7732 7733/7733/7733 7734/7734/7734
f 7735/7735/7735 7736/7736/7736 7737/7737/7737
f 7738/7738/7738 7739/7739/7739 7740/7740/7740
f 7741/7741/7741 7742/7742/7742 7743/7743/7743
f 7744/7744/7744 7745/7745/7745 7746/7746/7746
f 7747/7747/7747 7748/7748/7748 7749/7749/7749
f 7750/7750/7750 7751/7751/7751 7752/7752/7752
f 7753/7753/7753 7754/7754/7754 7755/7755/7755
f 7756/7756/7756 7757/7757/7757 7758/7758/7758
f 7759/7759/7759 7760/7760/7760 7761/7761/7761
f 7762/7762/7762 7763/7763/7763 7764/7764/7764
f 7765/7765/7765 7766/7766/7766 7767/7767/7767
f 7768/7768/7768 7769/7769/7769 7770/7770/7770
f 7771/7771/7771 7772/7772/7772 7773/7773/7773
f 7774/7774/7774 7775/7775/7775 7776/7776/7776
f 7777/7777/7777 7778/7778/7778 7779/7779/7779
f 7780/7780/7780 7781/7781/7781 7782/7782/7782
f 7783/7783/7783 7784/7784/7784 7785/7785/7785
f 7786/7786/7786 7787/7787/7787 7788/7788/7788
f 7789/7789/7789 7790/7790/7790 7791/7791/7791
f 7792/7792/7792 7793/7793/7793 7794/7794/7794
f 7795/7795/7795 7796/7796/7796 7797/7797/7797
f 7798/7798/7798 7799/7799/7799 7800/7800/7800
f 7801/7801/7801 7802/7802/7802 7803/7803/7803
f 7804/7804/7804 7805/7805/7805 7806/7806/7806
f 7807/7807/7807 7808/7808/7808 7809/7809/7809
f 7810/7810/7810 7811/7811/7811 7812/7812/7812
f 7813/7813/7813 7814/7814/7814 7815/7815/7815
f 7816/7816/7816 7817/7817/7817 7818/7818/7818
f 7819/7819/7819 7820/7820/7820 7821/7821/7821
f 7822/7822/7822 7823/7823/7823 7824/7824/7824
f 7825/7825/7825 7826/7826/7826 7827/7827/7827
f 7828/7828/7828 7829/7829/7829 7830/7830/7830
f 7831/7831/7831 7832/7832/7832 7833/7833/7833
f 7834/7834/7834 7835/7835/7835 7836/7836/7836
f 7837/7837/7837 7838/7838/7838 7839/7839/7839
f 7840/7840/7840 7841/7841/7841 7842/7842/7842
f 7843/7843/7843 7844/7844/7844 7845/7845/7845
f 7846/7846/7846 7847/7847/7847 7848/7848/7848
f 7849/7849/7849 7850/7850/7850 7851/7851/7851
f 7852/7852/7852 7853/7853/7853 7854/7854/7854
f 7855/7855/7855 7856/7856/7856 7857/7857/7857
f 7858/7858/7858 7859/7859/7859 7860/7860/7860
f 7861/7861/7861 7862/7862/7862 7863/7863/7863
f 7864/7864/7864 7865/7865/7865 7866/7866/7866
f 7867/7867/7867 7868/7868/7868 7869/7869/7869
f 7870/7870/7870 7871/7871/7871 7872/7872/7872
f 7873/7873/7873 7874/7874/7874 7875/7875/7875
f 7876/7876/7876 7877/7877/7877 7878/7878/7878
f 7879/7879/7879 7880/7880/7880 7881/7881/7881
f 7882/7882/7882 7883/7883/7883 7884/7884/7884
f 7885/7885/7885 7886/7886/7886 7887/7887/7887
f 7888/7888/7888 7889/7889/7889 7890/7890/7890
f 7891/7891/7891 7892/7892/7892 7893/7893/7893
f 7894/7894/7894 7895/7895/7895 7896/7896/7896
f 7897/7897/7897 7898/7898/7898 7899/7899/7899
f 7900/7900/7900 7901/7901/7901 7902/7902/7902
f 7903/7903/7903 7904/7904/7904 7905/7905/7905
f 7906/7906/7906 7907/7907/7907 7908/7908/7908
f 7909/7909/7909 7910/7910/7910 7911/7911/7911
f 7912/7912/7912 7913/7913/7913 7914/7914/7914
f 7915/7915/7915 7916/7916/7916 7917/7917/7917
f 7918/7918/7918 7919/7919/7919 7920/7920/7920
f 7921/7921/7921 7922/7922/7922 7923/7923/7923
f 7924/7924/7924 7925/7925/7925 7926/7926/7926
f 7927/7927/7927 7928/7928/7928 7929/7929/7929
f 7930/7930/7930 7931/7931/7931 7932/7932/7932
f 7933/7933/7933 7934/7934/7934 7935/7935/7935
f 7936/7936/7936 7937/7937/7937 7938/7938/7938
f 7939/7939/7939 7940/7940/7940 7941/7941/7941
f 7942/7942/7942 7943/7943/7943 7944/7944/7944
f 7945/7945/7945 7946/7946/7946 7947/7947/7947
f 7948/7948/7948 7949/7949/7949 7950/7950/7950
f 7951/7951/7951 7952/7952/7952 7953/7953/7953
f 7954/7954/7954 7955/7955/7955 7956/7956/7956
f 7957/7957/7957 7958/7958/7958 7959/7959/7959
f 7960/7960/7960 7961/7961/7961 7962/7962/7962
f 7963/7963/7963 7964/7964/7964 7965/7965/7965
f 7966/7966/7966 7967/7967/7967 7968/7968/7968
f 7969/7969/7969 7970/7970/7970 7971/7971/7971
f 7972/7972/7972 7973/7973/7973 7974/7974/7974
f 7975/7975/7975 7976/7976/7976 7977/7977/7977
f 7978/7978/7978 7979/7979/7979 7980/7980/7980
f 7981/7981/7981 7982/7982/7982 7983/7983/7983
f 7984/7984/7984 7985/7985/7985 7986/7986/7986
f 7987/7987/7987 7988/7988/7988 7989/7989/7989
f 7990/7990/7990 7991/7991/7991 7992/7992/7992
f 7993/7993/7993 7994/7994/7994 7995/7995/7995
f 7996/7996/7996 7997/7997/7997 7998/7998/7998
f 7999/7999/7999 8000/8000/8000 8001/8001/8001
f 8002/8002/8002 8003/8003/8003 8004/8004/8004
f 8005/8005/8005 8006/8006/8006 8007/8007/8007
f 8008/8008/8008 8009/8009/8009 8010/8010/8010
f 8011/8011/8011 8012/8012/8012 8013/8013/8013
f 8014/8014/8014 8015/8015/8015 8016/8016/8016
f 8017/8017/8017 8018/8018/8018 8019/8019/8019
f 8020/8020/8020 8021/8021/8021 8022/8022/8022
f 8023/8023/8023 8024/8024/8024 8025/8025/8025
f 8026/8026/8026 8027/8027/8027 8028/8028/8028
f 8029/8029/8029 8030/8030/8030 8031/8031/8031
f 8032/8032/8032 8033/8033/8033 8034/8034/8034
f 8035/8035/8035 8036/8036/8036 8037/8037/8037
f 8038/8038/8038 8039/8039/8039 8040/8040/8040
f 8041/8041/8041 8042/8042/8042 8043/8043/8043
f 8044/8044/8044 8045/8045/8045 8046/8046/8046
f 8047/8047/8047 8048/8048/8048 8049/8049/8049
f 8050/8050/8050 8051/8051/8051 8052/8052/8052
f 8053/8053/8053 8054/8054/8054 8055/8055/8055
f 8056/8056/8056 8057/8057/8057 8058/8058/8058
f 8059/8059/8059 8060/8060/8060 8061/8061/8061
f 8062/8062/8062 8063/8063/8063 8064/8064/8064
f 8065/8065/8065 8066/8066/8066 8067/8067/8067
f 8068/8068/8068 8069/8069/8069 8070/8070/8070
f 8071/8071/8071 8072/8072/8072 8073/8073/8073
f 8074/8074/8074 8075/8075/8075 8076/8076/8076
f 8077/8077/8077 8078/8078/8078 8079/8079/8079
f 8080/8080/8080 8081/8081/8081 8082/8082/8082
f 8083/8083/8083 8084/8084/8084 8085/8085/8085
f 8086/8086/8086 8087/8087/8087 8088/8088/8088
f 8089/8089/8089 8090/8090/8090 8091/8091/8091
f 8092/8092/8092 8093/8093/8093 8094/8094/8094
f 8095/8095/8095 8096/8096/8096 8097/8097/8097
f 8098/8098/8098 8099/8099/8099 8100/8100/8100
f 8101/8101/8101 8102/8102/8102 8103/8103/8103
f 8104/8104/8104 8105/8105/8105 8106/8106/8106
f 8107/8107/8107 8108/8108/8108 8109/8109/8109
f 8110/8110/8110 8111/8111/8111 8112/8112/8112
f 8113/8113/8113 8114/8114/8114 8115/8115/8115
f 8116/8116/8116 8117/8117/8117 8118/8118/8118
f 8119/8119/8119 8120/8120/8120 8121/8121/8121
f 8122/8122/8122 8123/8123/8123 8124/8124/8124
f 8125/8125/8125 8126/8126/8126 8127/8127/8127
f 8128/8128/8128 8129/8129/8129 8130/8130/8130
f 8131/8131/8131 8132/8132/8132 8133/8133/8133
f 8134/8134/8134 8135/8135/8135 8136/8136/8136
