# Created by Open3D 
# object name: 556bcb16c03841e58f331792637b14b8_visual
# number of vertices: 5904
# number of triangles: 1968
mtllib vase_556bcb16_visual.mtl
v -0.0147403 -0.149288 -0.00610561
vn -0.0950277 -0.994696 -0.0393606
v 0.0021312 -0.15 2.8871e-08
vn 0.0393403 0.999226 -2.48997e-07
v -0.0159548 -0.149288 2.88399e-08
vn -0.102857 -0.994696 1.00038e-06
v 0.0021312 -0.15 2.8871e-08
vn 0.0393403 0.999226 -2.48997e-07
v -0.0147403 -0.149288 -0.00610561
vn -0.0950277 -0.994696 -0.0393606
v 0.00196899 -0.15 0.000815592
vn 0.0363457 0.999226 0.0150541
v -0.0159548 -0.149288 2.88399e-08
vn -0.102857 -0.994696 1.00038e-06
v -0.0267131 -0.147294 -0.0110649
vn -0.23481 -0.967163 -0.097261
v -0.0147403 -0.149288 -0.00610561
vn -0.0950277 -0.994696 -0.0393606
v -0.0347389 -0.144232 -0.0143893
vn -0.447211 -0.875036 -0.18524
v -0.0289141 -0.147294 2.87527e-08
vn -0.254157 -0.967163 4.781e-07
v -0.0376011 -0.144232 2.86189e-08
vn -0.484057 -0.875036 3.86601e-07
v -0.0267131 -0.147294 -0.0110649
vn -0.23481 -0.967163 -0.097261
v -0.0289141 -0.147294 2.87527e-08
vn -0.254157 -0.967163 4.781e-07
v -0.0347389 -0.144232 -0.0143893
vn -0.447211 -0.875036 -0.18524
v -0.0159548 -0.149288 2.88399e-08
vn -0.102857 -0.994696 1.00038e-06
v -0.0289141 -0.147294 2.87527e-08
vn -0.254157 -0.967163 4.781e-07
v -0.0267131 -0.147294 -0.0110649
vn -0.23481 -0.967163 -0.097261
v -0.0376011 -0.144232 2.86189e-08
vn -0.484057 -0.875036 3.86601e-07
v -0.0396069 -0.140316 -0.0164057
vn -0.695947 -0.657691 -0.288271
v -0.0347389 -0.144232 -0.0143893
vn -0.447211 -0.875036 -0.18524
v -0.0421067 -0.135759 -0.0174412
vn -0.864879 -0.35163 -0.358245
v -0.0428702 -0.140316 2.84477e-08
vn -0.753287 -0.657691 -1.8183e-07
v -0.045576 -0.135759 2.82485e-08
vn -0.936139 -0.351629 -3.44323e-07
v -0.0396069 -0.140316 -0.0164057
vn -0.695947 -0.657691 -0.288271
v -0.0428702 -0.140316 2.84477e-08
vn -0.753287 -0.657691 -1.8183e-07
v -0.0421067 -0.135759 -0.0174412
vn -0.864879 -0.35163 -0.358245
v -0.0376011 -0.144232 2.86189e-08
vn -0.484057 -0.875036 3.86601e-07
v -0.0428702 -0.140316 2.84477e-08
vn -0.753287 -0.657691 -1.8183e-07
v -0.0396069 -0.140316 -0.0164057
vn -0.695947 -0.657691 -0.288271
v -0.045576 -0.135759 2.82485e-08
vn -0.936139 -0.351629 -3.44323e-07
v -0.0430277 -0.130775 -0.0178226
vn -0.91817 -0.110999 -0.380319
v -0.0421067 -0.135759 -0.0174412
vn -0.864879 -0.35163 -0.358245
v -0.0431593 0.0209628 -0.0178772
vn -0.923174 0.0390879 -0.38239
v -0.0467153 -0.125577 2.78034e-08
vn -0.999907 -0.0136704 3.39134e-08
v -0.0467153 0.0209628 -2.23742e-08
vn -0.999236 0.0390881 2.9666e-07
v -0.0431593 -0.125577 -0.0178771
vn -0.923793 -0.0136702 -0.382648
v -0.0467153 -0.125577 2.78034e-08
vn -0.999907 -0.0136704 3.39134e-08
v -0.0431593 0.0209628 -0.0178772
vn -0.923174 0.0390879 -0.38239
v -0.0431593 -0.125577 -0.0178771
vn -0.923793 -0.0136702 -0.382648
v -0.0465729 -0.130775 2.80306e-08
vn -0.993821 -0.110998 -2.63549e-08
v -0.0467153 -0.125577 2.78034e-08
vn -0.999907 -0.0136704 3.39134e-08
v -0.0430277 -0.130775 -0.0178226
vn -0.91817 -0.110999 -0.380319
v -0.0465729 -0.130775 2.80306e-08
vn -0.993821 -0.110998 -2.63549e-08
v -0.0431593 -0.125577 -0.0178771
vn -0.923793 -0.0136702 -0.382648
v -0.045576 -0.135759 2.82485e-08
vn -0.936139 -0.351629 -3.44323e-07
v -0.0465729 -0.130775 2.80306e-08
vn -0.993821 -0.110998 -2.63549e-08
v -0.0430277 -0.130775 -0.0178226
vn -0.91817 -0.110999 -0.380319
v -0.0467153 0.0209628 -2.23742e-08
vn -0.999236 0.0390881 2.9666e-07
v -0.0425015 0.0300058 -0.0176047
vn -0.907939 0.184961 -0.37608
v -0.0431593 0.0209628 -0.0178772
vn -0.923174 0.0390879 -0.38239
v -0.0406595 0.0364855 -0.0168417
vn -0.832759 0.433046 -0.344941
v -0.0460032 0.0300058 -3.20827e-08
vn -0.982746 0.18496 2.6361e-07
v -0.0440095 0.0364855 -3.23659e-08
vn -0.901372 0.433045 3.52523e-07
v -0.0425015 0.0300058 -0.0176047
vn -0.907939 0.184961 -0.37608
v -0.0460032 0.0300058 -3.20827e-08
vn -0.982746 0.18496 2.6361e-07
v -0.0406595 0.0364855 -0.0168417
vn -0.832759 0.433046 -0.344941
v -0.0467153 0.0209628 -2.23742e-08
vn -0.999236 0.0390881 2.9666e-07
v -0.0460032 0.0300058 -3.20827e-08
vn -0.982746 0.18496 2.6361e-07
v -0.0425015 0.0300058 -0.0176047
vn -0.907939 0.184961 -0.37608
v -0.0440095 0.0364855 -3.23659e-08
vn -0.901372 0.433045 3.52523e-07
v -0.0378307 0.0408289 -0.01567
vn -0.656449 0.703662 -0.271911
v -0.0406595 0.0364855 -0.0168417
vn -0.832759 0.433046 -0.344941
v -0.0342126 0.0434635 -0.0141713
vn -0.407886 0.897265 -0.168952
v -0.0409477 0.0408289 -3.25558e-08
vn -0.710536 0.703661 -7.73297e-08
v -0.0370314 0.0434635 -3.26709e-08
vn -0.441492 0.897265 -2.07635e-07
v -0.0378307 0.0408289 -0.01567
vn -0.656449 0.703662 -0.271911
v -0.0409477 0.0408289 -3.25558e-08
vn -0.710536 0.703661 -7.73297e-08
v -0.0342126 0.0434635 -0.0141713
vn -0.407886 0.897265 -0.168952
v -0.0440095 0.0364855 -3.23659e-08
vn -0.901372 0.433045 3.52523e-07
v -0.0409477 0.0408289 -3.25558e-08
vn -0.710536 0.703661 -7.73297e-08
v -0.0378307 0.0408289 -0.01567
vn -0.656449 0.703662 -0.271911
v -0.0370314 0.0434635 -3.26709e-08
vn -0.441492 0.897265 -2.07635e-07
v -0.0300024 0.0448164 -0.0124274
vn -0.18866 0.978928 -0.0781457
v -0.0342126 0.0434635 -0.0141713
vn -0.407886 0.897265 -0.168952
v -0.0253974 0.0453148 -0.01052
vn -0.223348 0.970339 -0.0925134
v -0.0324743 0.0448164 -3.27301e-08
vn -0.204205 0.978928 -2.13298e-07
v -0.02749 0.0453148 -3.27519e-08
vn -0.241749 0.970339 5.05233e-07
v -0.0300024 0.0448164 -0.0124274
vn -0.18866 0.978928 -0.0781457
v -0.0324743 0.0448164 -3.27301e-08
vn -0.204205 0.978928 -2.13298e-07
v -0.0253974 0.0453148 -0.01052
vn -0.223348 0.970339 -0.0925134
v -0.0370314 0.0434635 -3.26709e-08
vn -0.441492 0.897265 -2.07635e-07
v -0.0324743 0.0448164 -3.27301e-08
vn -0.204205 0.978928 -2.13298e-07
v -0.0300024 0.0448164 -0.0124274
vn -0.18866 0.978928 -0.0781457
v -0.0234773 0.136318 -0.00972469
vn -0.755232 0.575982 -0.31284
v -0.0254117 0.135718 -6.27805e-08
vn -0.998075 0.0620207 4.03865e-06
v -0.0254117 0.136318 -6.28068e-08
vn -0.817463 0.575982 6.58078e-06
v -0.0234773 0.135718 -0.00972469
vn -0.922098 0.0620173 -0.381954
v -0.0254117 0.135718 -6.27805e-08
vn -0.998075 0.0620207 4.03865e-06
v -0.0234773 0.136318 -0.00972469
vn -0.755232 0.575982 -0.31284
v -0.0234773 0.135718 -0.00972469
vn -0.922098 0.0620173 -0.381954
v -0.025644 0.133841 -6.26985e-08
vn -0.998133 0.0610813 1.01054e-06
v -0.0254117 0.135718 -6.27805e-08
vn -0.998075 0.0620207 4.03865e-06
v -0.023692 0.133841 -0.00981359
vn -0.922156 0.0610759 -0.381966
v -0.025644 0.133841 -6.26985e-08
vn -0.998133 0.0610813 1.01054e-06
v -0.0234773 0.135718 -0.00972469
vn -0.922098 0.0620173 -0.381954
v -0.023692 0.133841 -0.00981359
vn -0.922156 0.0610759 -0.381966
v -0.025644 0.131964 -6.26164e-08
vn -0.877241 -0.480051 1.83016e-06
v -0.025644 0.133841 -6.26985e-08
vn -0.998133 0.0610813 1.01054e-06
v -0.023692 0.131964 -0.00981359
vn -0.810464 -0.480052 -0.335705
v -0.025644 0.131964 -6.26164e-08
vn -0.877241 -0.480051 1.83016e-06
v -0.023692 0.133841 -0.00981359
vn -0.922156 0.0610759 -0.381966
v -0.0112817 -0.149288 -0.0112817
vn -0.0727307 -0.994696 -0.0727309
v 0.00196899 -0.15 0.000815592
vn 0.0363457 0.999226 0.0150541
v -0.0147403 -0.149288 -0.00610561
vn -0.0950277 -0.994696 -0.0393606
v 0.00196899 -0.15 0.000815592
vn 0.0363457 0.999226 0.0150541
v -0.0112817 -0.149288 -0.0112817
vn -0.0727307 -0.994696 -0.0727309
v 0.00150701 -0.15 0.00150702
vn 0.0278177 0.999226 0.0278172
v -0.0147403 -0.149288 -0.00610561
vn -0.0950277 -0.994696 -0.0393606
v -0.0204453 -0.147294 -0.0204453
vn -0.179716 -0.967163 -0.179716
v -0.0112817 -0.149288 -0.0112817
vn -0.0727307 -0.994696 -0.0727309
v -0.026588 -0.144232 -0.0265879
vn -0.34228 -0.875036 -0.342281
v -0.0267131 -0.147294 -0.0110649
vn -0.23481 -0.967163 -0.097261
v -0.0347389 -0.144232 -0.0143893
vn -0.447211 -0.875036 -0.18524
v -0.0204453 -0.147294 -0.0204453
vn -0.179716 -0.967163 -0.179716
v -0.0267131 -0.147294 -0.0110649
vn -0.23481 -0.967163 -0.097261
v -0.026588 -0.144232 -0.0265879
vn -0.34228 -0.875036 -0.342281
v -0.0147403 -0.149288 -0.00610561
vn -0.0950277 -0.994696 -0.0393606
v -0.0267131 -0.147294 -0.0110649
vn -0.23481 -0.967163 -0.097261
v -0.0204453 -0.147294 -0.0204453
vn -0.179716 -0.967163 -0.179716
v -0.0347389 -0.144232 -0.0143893
vn -0.447211 -0.875036 -0.18524
v -0.0303138 -0.140316 -0.0303138
vn -0.532654 -0.657692 -0.532654
v -0.026588 -0.144232 -0.0265879
vn -0.34228 -0.875036 -0.342281
v -0.0322271 -0.135759 -0.0322271
vn -0.66195 -0.351631 -0.661951
v -0.0396069 -0.140316 -0.0164057
vn -0.695947 -0.657691 -0.288271
v -0.0421067 -0.135759 -0.0174412
vn -0.864879 -0.35163 -0.358245
v -0.0303138 -0.140316 -0.0303138
vn -0.532654 -0.657692 -0.532654
v -0.0396069 -0.140316 -0.0164057
vn -0.695947 -0.657691 -0.288271
v -0.0322271 -0.135759 -0.0322271
vn -0.66195 -0.351631 -0.661951
v -0.0347389 -0.144232 -0.0143893
vn -0.447211 -0.875036 -0.18524
v -0.0396069 -0.140316 -0.0164057
vn -0.695947 -0.657691 -0.288271
v -0.0303138 -0.140316 -0.0303138
vn -0.532654 -0.657692 -0.532654
v -0.0421067 -0.135759 -0.0174412
vn -0.864879 -0.35163 -0.358245
v -0.032932 -0.130775 -0.032932
vn -0.702737 -0.111 -0.702737
v -0.0322271 -0.135759 -0.0322271
vn -0.66195 -0.351631 -0.661951
v -0.0330327 0.0209628 -0.0330327
vn -0.706566 0.0390885 -0.706567
v -0.0431593 -0.125577 -0.0178771
vn -0.923793 -0.0136702 -0.382648
v -0.0431593 0.0209628 -0.0178772
vn -0.923174 0.0390879 -0.38239
v -0.0330327 -0.125577 -0.0330327
vn -0.70704 -0.0136722 -0.707041
v -0.0431593 -0.125577 -0.0178771
vn -0.923793 -0.0136702 -0.382648
v -0.0330327 0.0209628 -0.0330327
vn -0.706566 0.0390885 -0.706567
v -0.0330327 -0.125577 -0.0330327
vn -0.70704 -0.0136722 -0.707041
v -0.0430277 -0.130775 -0.0178226
vn -0.91817 -0.110999 -0.380319
v -0.0431593 -0.125577 -0.0178771
vn -0.923793 -0.0136702 -0.382648
v -0.032932 -0.130775 -0.032932
vn -0.702737 -0.111 -0.702737
v -0.0430277 -0.130775 -0.0178226
vn -0.91817 -0.110999 -0.380319
v -0.0330327 -0.125577 -0.0330327
vn -0.70704 -0.0136722 -0.707041
v -0.0421067 -0.135759 -0.0174412
vn -0.864879 -0.35163 -0.358245
v -0.0430277 -0.130775 -0.0178226
vn -0.91817 -0.110999 -0.380319
v -0.032932 -0.130775 -0.032932
vn -0.702737 -0.111 -0.702737
v -0.0431593 0.0209628 -0.0178772
vn -0.923174 0.0390879 -0.38239
v -0.0325292 0.0300058 -0.0325292
vn -0.694906 0.184961 -0.694907
v -0.0330327 0.0209628 -0.0330327
vn -0.706566 0.0390885 -0.706567
v -0.0311194 0.0364854 -0.0311194
vn -0.637366 0.433045 -0.637367
v -0.0425015 0.0300058 -0.0176047
vn -0.907939 0.184961 -0.37608
v -0.0406595 0.0364855 -0.0168417
vn -0.832759 0.433046 -0.344941
v -0.0325292 0.0300058 -0.0325292
vn -0.694906 0.184961 -0.694907
v -0.0425015 0.0300058 -0.0176047
vn -0.907939 0.184961 -0.37608
v -0.0311194 0.0364854 -0.0311194
vn -0.637366 0.433045 -0.637367
v -0.0431593 0.0209628 -0.0178772
vn -0.923174 0.0390879 -0.38239
v -0.0425015 0.0300058 -0.0176047
vn -0.907939 0.184961 -0.37608
v -0.0325292 0.0300058 -0.0325292
vn -0.694906 0.184961 -0.694907
v -0.0406595 0.0364855 -0.0168417
vn -0.832759 0.433046 -0.344941
v -0.0289544 0.0408289 -0.0289544
vn -0.502425 0.703661 -0.502425
v -0.0311194 0.0364854 -0.0311194
vn -0.637366 0.433045 -0.637367
v -0.0261852 0.0434635 -0.0261852
vn -0.312183 0.897265 -0.312182
v -0.0378307 0.0408289 -0.01567
vn -0.656449 0.703662 -0.271911
v -0.0342126 0.0434635 -0.0141713
vn -0.407886 0.897265 -0.168952
v -0.0289544 0.0408289 -0.0289544
vn -0.502425 0.703661 -0.502425
v -0.0378307 0.0408289 -0.01567
vn -0.656449 0.703662 -0.271911
v -0.0261852 0.0434635 -0.0261852
vn -0.312183 0.897265 -0.312182
v -0.0406595 0.0364855 -0.0168417
vn -0.832759 0.433046 -0.344941
v -0.0378307 0.0408289 -0.01567
vn -0.656449 0.703662 -0.271911
v -0.0289544 0.0408289 -0.0289544
vn -0.502425 0.703661 -0.502425
v -0.0342126 0.0434635 -0.0141713
vn -0.407886 0.897265 -0.168952
v -0.0229628 0.0448164 -0.0229629
vn -0.144396 0.978928 -0.144394
v -0.0261852 0.0434635 -0.0261852
vn -0.312183 0.897265 -0.312182
v -0.0194384 0.0453148 -0.0194384
vn -0.170943 0.970339 -0.170942
v -0.0300024 0.0448164 -0.0124274
vn -0.18866 0.978928 -0.0781457
v -0.0253974 0.0453148 -0.01052
vn -0.223348 0.970339 -0.0925134
v -0.0229628 0.0448164 -0.0229629
vn -0.144396 0.978928 -0.144394
v -0.0300024 0.0448164 -0.0124274
vn -0.18866 0.978928 -0.0781457
v -0.0194384 0.0453148 -0.0194384
vn -0.170943 0.970339 -0.170942
v -0.0342126 0.0434635 -0.0141713
vn -0.407886 0.897265 -0.168952
v -0.0300024 0.0448164 -0.0124274
vn -0.18866 0.978928 -0.0781457
v -0.0229628 0.0448164 -0.0229629
vn -0.144396 0.978928 -0.144394
v -0.0179688 0.136318 -0.0179688
vn -0.578029 0.57598 -0.578039
v -0.0234773 0.135718 -0.00972469
vn -0.922098 0.0620173 -0.381954
v -0.0234773 0.136318 -0.00972469
vn -0.755232 0.575982 -0.31284
v -0.0179688 0.135718 -0.0179688
vn -0.705742 0.0620183 -0.705749
v -0.0234773 0.135718 -0.00972469
vn -0.922098 0.0620173 -0.381954
v -0.0179688 0.136318 -0.0179688
vn -0.578029 0.57598 -0.578039
v -0.0179688 0.135718 -0.0179688
vn -0.705742 0.0620183 -0.705749
v -0.023692 0.133841 -0.00981359
vn -0.922156 0.0610759 -0.381966
v -0.0234773 0.135718 -0.00972469
vn -0.922098 0.0620173 -0.381954
v -0.0181331 0.133841 -0.0181331
vn -0.705789 0.0610787 -0.705784
v -0.023692 0.133841 -0.00981359
vn -0.922156 0.0610759 -0.381966
v -0.0179688 0.135718 -0.0179688
vn -0.705742 0.0620183 -0.705749
v -0.0181331 0.133841 -0.0181331
vn -0.705789 0.0610787 -0.705784
v -0.023692 0.131964 -0.00981359
vn -0.810464 -0.480052 -0.335705
v -0.023692 0.133841 -0.00981359
vn -0.922156 0.0610759 -0.381966
v -0.0181331 0.131964 -0.0181331
vn -0.620305 -0.480049 -0.620302
v -0.023692 0.131964 -0.00981359
vn -0.810464 -0.480052 -0.335705
v -0.0181331 0.133841 -0.0181331
vn -0.705789 0.0610787 -0.705784
v -0.00610562 -0.149288 -0.0147403
vn -0.0393616 -0.994696 -0.0950274
v 0.00150701 -0.15 0.00150702
vn 0.0278177 0.999226 0.0278172
v -0.0112817 -0.149288 -0.0112817
vn -0.0727307 -0.994696 -0.0727309
v 0.00150701 -0.15 0.00150702
vn 0.0278177 0.999226 0.0278172
v -0.00610562 -0.149288 -0.0147403
vn -0.0393616 -0.994696 -0.0950274
v 0.000815595 -0.15 0.00196901
vn 0.0150552 0.999226 0.0363453
v -0.0112817 -0.149288 -0.0112817
vn -0.0727307 -0.994696 -0.0727309
v -0.0110649 -0.147294 -0.0267131
vn -0.0972611 -0.967163 -0.23481
v -0.00610562 -0.149288 -0.0147403
vn -0.0393616 -0.994696 -0.0950274
v -0.0143893 -0.144232 -0.0347388
vn -0.18524 -0.875037 -0.44721
v -0.0204453 -0.147294 -0.0204453
vn -0.179716 -0.967163 -0.179716
v -0.026588 -0.144232 -0.0265879
vn -0.34228 -0.875036 -0.342281
v -0.0110649 -0.147294 -0.0267131
vn -0.0972611 -0.967163 -0.23481
v -0.0204453 -0.147294 -0.0204453
vn -0.179716 -0.967163 -0.179716
v -0.0143893 -0.144232 -0.0347388
vn -0.18524 -0.875037 -0.44721
v -0.0112817 -0.149288 -0.0112817
vn -0.0727307 -0.994696 -0.0727309
v -0.0204453 -0.147294 -0.0204453
vn -0.179716 -0.967163 -0.179716
v -0.0110649 -0.147294 -0.0267131
vn -0.0972611 -0.967163 -0.23481
v -0.026588 -0.144232 -0.0265879
vn -0.34228 -0.875036 -0.342281
v -0.0164057 -0.140316 -0.0396069
vn -0.28827 -0.657691 -0.695947
v -0.0143893 -0.144232 -0.0347388
vn -0.18524 -0.875037 -0.44721
v -0.0174412 -0.135759 -0.0421067
vn -0.358245 -0.351629 -0.86488
v -0.0303138 -0.140316 -0.0303138
vn -0.532654 -0.657692 -0.532654
v -0.0322271 -0.135759 -0.0322271
vn -0.66195 -0.351631 -0.661951
v -0.0164057 -0.140316 -0.0396069
vn -0.28827 -0.657691 -0.695947
v -0.0303138 -0.140316 -0.0303138
vn -0.532654 -0.657692 -0.532654
v -0.0174412 -0.135759 -0.0421067
vn -0.358245 -0.351629 -0.86488
v -0.026588 -0.144232 -0.0265879
vn -0.34228 -0.875036 -0.342281
v -0.0303138 -0.140316 -0.0303138
vn -0.532654 -0.657692 -0.532654
v -0.0164057 -0.140316 -0.0396069
vn -0.28827 -0.657691 -0.695947
v -0.0322271 -0.135759 -0.0322271
vn -0.66195 -0.351631 -0.661951
v -0.0178227 -0.130775 -0.0430277
vn -0.380318 -0.110999 -0.918171
v -0.0174412 -0.135759 -0.0421067
vn -0.358245 -0.351629 -0.86488
v -0.0178772 0.0209628 -0.0431593
vn -0.38239 0.0390876 -0.923174
v -0.0330327 -0.125577 -0.0330327
vn -0.70704 -0.0136722 -0.707041
v -0.0330327 0.0209628 -0.0330327
vn -0.706566 0.0390885 -0.706567
v -0.0178772 -0.125577 -0.0431593
vn -0.382647 -0.0136718 -0.923793
v -0.0330327 -0.125577 -0.0330327
vn -0.70704 -0.0136722 -0.707041
v -0.0178772 0.0209628 -0.0431593
vn -0.38239 0.0390876 -0.923174
v -0.0178772 -0.125577 -0.0431593
vn -0.382647 -0.0136718 -0.923793
v -0.032932 -0.130775 -0.032932
vn -0.702737 -0.111 -0.702737
v -0.0330327 -0.125577 -0.0330327
vn -0.70704 -0.0136722 -0.707041
v -0.0178227 -0.130775 -0.0430277
vn -0.380318 -0.110999 -0.918171
v -0.032932 -0.130775 -0.032932
vn -0.702737 -0.111 -0.702737
v -0.0178772 -0.125577 -0.0431593
vn -0.382647 -0.0136718 -0.923793
v -0.0322271 -0.135759 -0.0322271
vn -0.66195 -0.351631 -0.661951
v -0.032932 -0.130775 -0.032932
vn -0.702737 -0.111 -0.702737
v -0.0178227 -0.130775 -0.0430277
vn -0.380318 -0.110999 -0.918171
v -0.0330327 0.0209628 -0.0330327
vn -0.706566 0.0390885 -0.706567
v -0.0176047 0.0300058 -0.0425015
vn -0.37608 0.184961 -0.907939
v -0.0178772 0.0209628 -0.0431593
vn -0.38239 0.0390876 -0.923174
v -0.0168417 0.0364854 -0.0406595
vn -0.34494 0.433045 -0.83276
v -0.0325292 0.0300058 -0.0325292
vn -0.694906 0.184961 -0.694907
v -0.0311194 0.0364854 -0.0311194
vn -0.637366 0.433045 -0.637367
v -0.0176047 0.0300058 -0.0425015
vn -0.37608 0.184961 -0.907939
v -0.0325292 0.0300058 -0.0325292
vn -0.694906 0.184961 -0.694907
v -0.0168417 0.0364854 -0.0406595
vn -0.34494 0.433045 -0.83276
v -0.0330327 0.0209628 -0.0330327
vn -0.706566 0.0390885 -0.706567
v -0.0325292 0.0300058 -0.0325292
vn -0.694906 0.184961 -0.694907
v -0.0176047 0.0300058 -0.0425015
vn -0.37608 0.184961 -0.907939
v -0.0311194 0.0364854 -0.0311194
vn -0.637366 0.433045 -0.637367
v -0.01567 0.0408289 -0.0378308
vn -0.27191 0.70366 -0.656451
v -0.0168417 0.0364854 -0.0406595
vn -0.34494 0.433045 -0.83276
v -0.0141713 0.0434635 -0.0342126
vn -0.168952 0.897265 -0.407886
v -0.0289544 0.0408289 -0.0289544
vn -0.502425 0.703661 -0.502425
v -0.0261852 0.0434635 -0.0261852
vn -0.312183 0.897265 -0.312182
v -0.01567 0.0408289 -0.0378308
vn -0.27191 0.70366 -0.656451
v -0.0289544 0.0408289 -0.0289544
vn -0.502425 0.703661 -0.502425
v -0.0141713 0.0434635 -0.0342126
vn -0.168952 0.897265 -0.407886
v -0.0311194 0.0364854 -0.0311194
vn -0.637366 0.433045 -0.637367
v -0.0289544 0.0408289 -0.0289544
vn -0.502425 0.703661 -0.502425
v -0.01567 0.0408289 -0.0378308
vn -0.27191 0.70366 -0.656451
v -0.0261852 0.0434635 -0.0261852
vn -0.312183 0.897265 -0.312182
v -0.0124274 0.0448164 -0.0300024
vn -0.0781464 0.978928 -0.188661
v -0.0141713 0.0434635 -0.0342126
vn -0.168952 0.897265 -0.407886
v -0.01052 0.0453148 -0.0253975
vn -0.0925133 0.970339 -0.223348
v -0.0229628 0.0448164 -0.0229629
vn -0.144396 0.978928 -0.144394
v -0.0194384 0.0453148 -0.0194384
vn -0.170943 0.970339 -0.170942
v -0.0124274 0.0448164 -0.0300024
vn -0.0781464 0.978928 -0.188661
v -0.0229628 0.0448164 -0.0229629
vn -0.144396 0.978928 -0.144394
v -0.01052 0.0453148 -0.0253975
vn -0.0925133 0.970339 -0.223348
v -0.0261852 0.0434635 -0.0261852
vn -0.312183 0.897265 -0.312182
v -0.0229628 0.0448164 -0.0229629
vn -0.144396 0.978928 -0.144394
v -0.0124274 0.0448164 -0.0300024
vn -0.0781464 0.978928 -0.188661
v -0.00972464 0.136318 -0.0234774
vn -0.312829 0.575981 -0.755237
v -0.0179688 0.135718 -0.0179688
vn -0.705742 0.0620183 -0.705749
v -0.0179688 0.136318 -0.0179688
vn -0.578029 0.57598 -0.578039
v -0.00972465 0.135718 -0.0234774
vn -0.381949 0.0620208 -0.9221
v -0.0179688 0.135718 -0.0179688
vn -0.705742 0.0620183 -0.705749
v -0.00972464 0.136318 -0.0234774
vn -0.312829 0.575981 -0.755237
v -0.00972465 0.135718 -0.0234774
vn -0.381949 0.0620208 -0.9221
v -0.0181331 0.133841 -0.0181331
vn -0.705789 0.0610787 -0.705784
v -0.0179688 0.135718 -0.0179688
vn -0.705742 0.0620183 -0.705749
v -0.00981357 0.133841 -0.0236921
vn -0.381968 0.0610784 -0.922155
v -0.0181331 0.133841 -0.0181331
vn -0.705789 0.0610787 -0.705784
v -0.00972465 0.135718 -0.0234774
vn -0.381949 0.0620208 -0.9221
v -0.00981357 0.133841 -0.0236921
vn -0.381968 0.0610784 -0.922155
v -0.0181331 0.131964 -0.0181331
vn -0.620305 -0.480049 -0.620302
v -0.0181331 0.133841 -0.0181331
vn -0.705789 0.0610787 -0.705784
v -0.00981356 0.131964 -0.0236921
vn -0.335703 -0.48005 -0.810466
v -0.0181331 0.131964 -0.0181331
vn -0.620305 -0.480049 -0.620302
v -0.00981357 0.133841 -0.0236921
vn -0.381968 0.0610784 -0.922155
v 1.83936e-08 -0.149288 -0.0159548
vn 2.16958e-08 -0.994696 -0.102857
v 0.000815595 -0.15 0.00196901
vn 0.0150552 0.999226 0.0363453
v -0.00610562 -0.149288 -0.0147403
vn -0.0393616 -0.994696 -0.0950274
v 0.000815595 -0.15 0.00196901
vn 0.0150552 0.999226 0.0363453
v 1.83936e-08 -0.149288 -0.0159548
vn 2.16958e-08 -0.994696 -0.102857
v 1.83936e-08 -0.15 0.00213126
vn 6.08437e-07 0.999226 0.0393398
v -0.00610562 -0.149288 -0.0147403
vn -0.0393616 -0.994696 -0.0950274
v 1.83936e-08 -0.147294 -0.028914
vn 1.60862e-07 -0.967163 -0.254157
v 1.83936e-08 -0.149288 -0.0159548
vn 2.16958e-08 -0.994696 -0.102857
v 1.83936e-08 -0.144232 -0.037601
vn 2.62597e-07 -0.875036 -0.484057
v -0.0110649 -0.147294 -0.0267131
vn -0.0972611 -0.967163 -0.23481
v -0.0143893 -0.144232 -0.0347388
vn -0.18524 -0.875037 -0.44721
v 1.83936e-08 -0.147294 -0.028914
vn 1.60862e-07 -0.967163 -0.254157
v -0.0110649 -0.147294 -0.0267131
vn -0.0972611 -0.967163 -0.23481
v 1.83936e-08 -0.144232 -0.037601
vn 2.62597e-07 -0.875036 -0.484057
v -0.00610562 -0.149288 -0.0147403
vn -0.0393616 -0.994696 -0.0950274
v -0.0110649 -0.147294 -0.0267131
vn -0.0972611 -0.967163 -0.23481
v 1.83936e-08 -0.147294 -0.028914
vn 1.60862e-07 -0.967163 -0.254157
v -0.0143893 -0.144232 -0.0347388
vn -0.18524 -0.875037 -0.44721
v 1.83936e-08 -0.140316 -0.0428702
vn 5.80361e-07 -0.657692 -0.753287
v 1.83936e-08 -0.144232 -0.037601
vn 2.62597e-07 -0.875036 -0.484057
v 1.83936e-08 -0.135759 -0.045576
vn 6.08802e-07 -0.351629 -0.936139
v -0.0164057 -0.140316 -0.0396069
vn -0.28827 -0.657691 -0.695947
v -0.0174412 -0.135759 -0.0421067
vn -0.358245 -0.351629 -0.86488
v 1.83936e-08 -0.140316 -0.0428702
vn 5.80361e-07 -0.657692 -0.753287
v -0.0164057 -0.140316 -0.0396069
vn -0.28827 -0.657691 -0.695947
v 1.83936e-08 -0.135759 -0.045576
vn 6.08802e-07 -0.351629 -0.936139
v -0.0143893 -0.144232 -0.0347388
vn -0.18524 -0.875037 -0.44721
v -0.0164057 -0.140316 -0.0396069
vn -0.28827 -0.657691 -0.695947
v 1.83936e-08 -0.140316 -0.0428702
vn 5.80361e-07 -0.657692 -0.753287
v -0.0174412 -0.135759 -0.0421067
vn -0.358245 -0.351629 -0.86488
v 1.83936e-08 -0.130775 -0.0465728
vn 4.65807e-07 -0.111 -0.99382
v 1.83936e-08 -0.135759 -0.045576
vn 6.08802e-07 -0.351629 -0.936139
v -1.39698e-09 0.0209628 -0.0467153
vn -3.20976e-07 0.0390888 -0.999236
v -0.0178772 -0.125577 -0.0431593
vn -0.382647 -0.0136718 -0.923793
v -0.0178772 0.0209628 -0.0431593
vn -0.38239 0.0390876 -0.923174
v 1.83936e-08 -0.125577 -0.0467152
vn 1.74412e-07 -0.0136719 -0.999907
v -0.0178772 -0.125577 -0.0431593
vn -0.382647 -0.0136718 -0.923793
v -1.39698e-09 0.0209628 -0.0467153
vn -3.20976e-07 0.0390888 -0.999236
v 1.83936e-08 -0.125577 -0.0467152
vn 1.74412e-07 -0.0136719 -0.999907
v -0.0178227 -0.130775 -0.0430277
vn -0.380318 -0.110999 -0.918171
v -0.0178772 -0.125577 -0.0431593
vn -0.382647 -0.0136718 -0.923793
v 1.83936e-08 -0.130775 -0.0465728
vn 4.65807e-07 -0.111 -0.99382
v -0.0178227 -0.130775 -0.0430277
vn -0.380318 -0.110999 -0.918171
v 1.83936e-08 -0.125577 -0.0467152
vn 1.74412e-07 -0.0136719 -0.999907
v -0.0174412 -0.135759 -0.0421067
vn -0.358245 -0.351629 -0.86488
v -0.0178227 -0.130775 -0.0430277
vn -0.380318 -0.110999 -0.918171
v 1.83936e-08 -0.130775 -0.0465728
vn 4.65807e-07 -0.111 -0.99382
v -0.0178772 0.0209628 -0.0431593
vn -0.38239 0.0390876 -0.923174
v -7.91624e-09 0.0300058 -0.0460033
vn -1.72455e-07 0.184961 -0.982746
v -1.39698e-09 0.0209628 -0.0467153
vn -3.20976e-07 0.0390888 -0.999236
v -7.91624e-09 0.0364854 -0.0440095
vn -3.22732e-08 0.433045 -0.901372
v -0.0176047 0.0300058 -0.0425015
vn -0.37608 0.184961 -0.907939
v -0.0168417 0.0364854 -0.0406595
vn -0.34494 0.433045 -0.83276
v -7.91624e-09 0.0300058 -0.0460033
vn -1.72455e-07 0.184961 -0.982746
v -0.0176047 0.0300058 -0.0425015
vn -0.37608 0.184961 -0.907939
v -7.91624e-09 0.0364854 -0.0440095
vn -3.22732e-08 0.433045 -0.901372
v -0.0178772 0.0209628 -0.0431593
vn -0.38239 0.0390876 -0.923174
v -0.0176047 0.0300058 -0.0425015
vn -0.37608 0.184961 -0.907939
v -7.91624e-09 0.0300058 -0.0460033
vn -1.72455e-07 0.184961 -0.982746
v -0.0168417 0.0364854 -0.0406595
vn -0.34494 0.433045 -0.83276
v -7.91624e-09 0.0408289 -0.0409477
vn 5.93892e-08 0.703661 -0.710536
v -7.91624e-09 0.0364854 -0.0440095
vn -3.22732e-08 0.433045 -0.901372
v -7.91624e-09 0.0434635 -0.0370315
vn 1.38423e-07 0.897265 -0.441492
v -0.01567 0.0408289 -0.0378308
vn -0.27191 0.70366 -0.656451
v -0.0141713 0.0434635 -0.0342126
vn -0.168952 0.897265 -0.407886
v -7.91624e-09 0.0408289 -0.0409477
vn 5.93892e-08 0.703661 -0.710536
v -0.01567 0.0408289 -0.0378308
vn -0.27191 0.70366 -0.656451
v -7.91624e-09 0.0434635 -0.0370315
vn 1.38423e-07 0.897265 -0.441492
v -0.0168417 0.0364854 -0.0406595
vn -0.34494 0.433045 -0.83276
v -0.01567 0.0408289 -0.0378308
vn -0.27191 0.70366 -0.656451
v -7.91624e-09 0.0408289 -0.0409477
vn 5.93892e-08 0.703661 -0.710536
v -0.0141713 0.0434635 -0.0342126
vn -0.168952 0.897265 -0.407886
v -7.91624e-09 0.0448164 -0.0324744
vn -1.19495e-08 0.978928 -0.204207
v -7.91624e-09 0.0434635 -0.0370315
vn 1.38423e-07 0.897265 -0.441492
v -7.91624e-09 0.0453148 -0.02749
vn -4.54949e-08 0.970338 -0.241751
v -0.0124274 0.0448164 -0.0300024
vn -0.0781464 0.978928 -0.188661
v -0.01052 0.0453148 -0.0253975
vn -0.0925133 0.970339 -0.223348
v -7.91624e-09 0.0448164 -0.0324744
vn -1.19495e-08 0.978928 -0.204207
v -0.0124274 0.0448164 -0.0300024
vn -0.0781464 0.978928 -0.188661
v -7.91624e-09 0.0453148 -0.02749
vn -4.54949e-08 0.970338 -0.241751
v -0.0141713 0.0434635 -0.0342126
vn -0.168952 0.897265 -0.407886
v -0.0124274 0.0448164 -0.0300024
vn -0.0781464 0.978928 -0.188661
v -7.91624e-09 0.0448164 -0.0324744
vn -1.19495e-08 0.978928 -0.204207
v -2.95695e-08 0.136318 -0.0254117
vn -1.54664e-05 0.575979 -0.817464
v -0.00972465 0.135718 -0.0234774
vn -0.381949 0.0620208 -0.9221
v -0.00972464 0.136318 -0.0234774
vn -0.312829 0.575981 -0.755237
v -2.53785e-08 0.135718 -0.0254117
vn -1.24958e-05 0.0620186 -0.998075
v -0.00972465 0.135718 -0.0234774
vn -0.381949 0.0620208 -0.9221
v -2.95695e-08 0.136318 -0.0254117
vn -1.54664e-05 0.575979 -0.817464
v -2.53785e-08 0.135718 -0.0254117
vn -1.24958e-05 0.0620186 -0.998075
v -0.00981357 0.133841 -0.0236921
vn -0.381968 0.0610784 -0.922155
v -0.00972465 0.135718 -0.0234774
vn -0.381949 0.0620208 -0.9221
v -2.09548e-08 0.133841 -0.0256441
vn -4.49131e-07 0.0610796 -0.998133
v -0.00981357 0.133841 -0.0236921
vn -0.381968 0.0610784 -0.922155
v -2.53785e-08 0.135718 -0.0254117
vn -1.24958e-05 0.0620186 -0.998075
v -2.09548e-08 0.133841 -0.0256441
vn -4.49131e-07 0.0610796 -0.998133
v -0.00981356 0.131964 -0.0236921
vn -0.335703 -0.48005 -0.810466
v -0.00981357 0.133841 -0.0236921
vn -0.381968 0.0610784 -0.922155
v -2.09548e-08 0.131964 -0.0256441
vn 7.23829e-07 -0.480056 -0.877238
v -0.00981356 0.131964 -0.0236921
vn -0.335703 -0.48005 -0.810466
v -2.09548e-08 0.133841 -0.0256441
vn -4.49131e-07 0.0610796 -0.998133
v 0.00610566 -0.149288 -0.0147403
vn 0.0393618 -0.994696 -0.0950274
v 1.83936e-08 -0.15 0.00213126
vn 6.08437e-07 0.999226 0.0393398
v 1.83936e-08 -0.149288 -0.0159548
vn 2.16958e-08 -0.994696 -0.102857
v 1.83936e-08 -0.15 0.00213126
vn 6.08437e-07 0.999226 0.0393398
v 0.00610566 -0.149288 -0.0147403
vn 0.0393618 -0.994696 -0.0950274
v -0.000815562 -0.15 0.00196903
vn -0.0150542 0.999226 0.0363456
v 1.83936e-08 -0.149288 -0.0159548
vn 2.16958e-08 -0.994696 -0.102857
v 0.011065 -0.147294 -0.0267131
vn 0.0972618 -0.967163 -0.23481
v 0.00610566 -0.149288 -0.0147403
vn 0.0393618 -0.994696 -0.0950274
v 0.0143893 -0.144232 -0.0347388
vn 0.185241 -0.875036 -0.44721
v 1.83936e-08 -0.147294 -0.028914
vn 1.60862e-07 -0.967163 -0.254157
v 1.83936e-08 -0.144232 -0.037601
vn 2.62597e-07 -0.875036 -0.484057
v 0.011065 -0.147294 -0.0267131
vn 0.0972618 -0.967163 -0.23481
v 1.83936e-08 -0.147294 -0.028914
vn 1.60862e-07 -0.967163 -0.254157
v 0.0143893 -0.144232 -0.0347388
vn 0.185241 -0.875036 -0.44721
v 1.83936e-08 -0.149288 -0.0159548
vn 2.16958e-08 -0.994696 -0.102857
v 1.83936e-08 -0.147294 -0.028914
vn 1.60862e-07 -0.967163 -0.254157
v 0.011065 -0.147294 -0.0267131
vn 0.0972618 -0.967163 -0.23481
v 1.83936e-08 -0.144232 -0.037601
vn 2.62597e-07 -0.875036 -0.484057
v 0.0164057 -0.140316 -0.0396069
vn 0.288271 -0.657691 -0.695947
v 0.0143893 -0.144232 -0.0347388
vn 0.185241 -0.875036 -0.44721
v 0.0174412 -0.135759 -0.0421067
vn 0.358245 -0.351629 -0.86488
v 1.83936e-08 -0.140316 -0.0428702
vn 5.80361e-07 -0.657692 -0.753287
v 1.83936e-08 -0.135759 -0.045576
vn 6.08802e-07 -0.351629 -0.936139
v 0.0164057 -0.140316 -0.0396069
vn 0.288271 -0.657691 -0.695947
v 1.83936e-08 -0.140316 -0.0428702
vn 5.80361e-07 -0.657692 -0.753287
v 0.0174412 -0.135759 -0.0421067
vn 0.358245 -0.351629 -0.86488
v 1.83936e-08 -0.144232 -0.037601
vn 2.62597e-07 -0.875036 -0.484057
v 1.83936e-08 -0.140316 -0.0428702
vn 5.80361e-07 -0.657692 -0.753287
v 0.0164057 -0.140316 -0.0396069
vn 0.288271 -0.657691 -0.695947
v 1.83936e-08 -0.135759 -0.045576
vn 6.08802e-07 -0.351629 -0.936139
v 0.0178227 -0.130775 -0.0430277
vn 0.380319 -0.111001 -0.91817
v 0.0174412 -0.135759 -0.0421067
vn 0.358245 -0.351629 -0.86488
v 0.0178772 0.0209628 -0.0431593
vn 0.382391 0.0390887 -0.923173
v 1.83936e-08 -0.125577 -0.0467152
vn 1.74412e-07 -0.0136719 -0.999907
v -1.39698e-09 0.0209628 -0.0467153
vn -3.20976e-07 0.0390888 -0.999236
v 0.0178772 -0.125577 -0.0431593
vn 0.382648 -0.013673 -0.923793
v 1.83936e-08 -0.125577 -0.0467152
vn 1.74412e-07 -0.0136719 -0.999907
v 0.0178772 0.0209628 -0.0431593
vn 0.382391 0.0390887 -0.923173
v 0.0178772 -0.125577 -0.0431593
vn 0.382648 -0.013673 -0.923793
v 1.83936e-08 -0.130775 -0.0465728
vn 4.65807e-07 -0.111 -0.99382
v 1.83936e-08 -0.125577 -0.0467152
vn 1.74412e-07 -0.0136719 -0.999907
v 0.0178227 -0.130775 -0.0430277
vn 0.380319 -0.111001 -0.91817
v 1.83936e-08 -0.130775 -0.0465728
vn 4.65807e-07 -0.111 -0.99382
v 0.0178772 -0.125577 -0.0431593
vn 0.382648 -0.013673 -0.923793
v 1.83936e-08 -0.135759 -0.045576
vn 6.08802e-07 -0.351629 -0.936139
v 1.83936e-08 -0.130775 -0.0465728
vn 4.65807e-07 -0.111 -0.99382
v 0.0178227 -0.130775 -0.0430277
vn 0.380319 -0.111001 -0.91817
v -1.39698e-09 0.0209628 -0.0467153
vn -3.20976e-07 0.0390888 -0.999236
v 0.0176047 0.0300058 -0.0425015
vn 0.376081 0.184962 -0.907939
v 0.0178772 0.0209628 -0.0431593
vn 0.382391 0.0390887 -0.923173
v 0.0168417 0.0364854 -0.0406595
vn 0.34494 0.433045 -0.83276
v -7.91624e-09 0.0300058 -0.0460033
vn -1.72455e-07 0.184961 -0.982746
v -7.91624e-09 0.0364854 -0.0440095
vn -3.22732e-08 0.433045 -0.901372
v 0.0176047 0.0300058 -0.0425015
vn 0.376081 0.184962 -0.907939
v -7.91624e-09 0.0300058 -0.0460033
vn -1.72455e-07 0.184961 -0.982746
v 0.0168417 0.0364854 -0.0406595
vn 0.34494 0.433045 -0.83276
v -1.39698e-09 0.0209628 -0.0467153
vn -3.20976e-07 0.0390888 -0.999236
v -7.91624e-09 0.0300058 -0.0460033
vn -1.72455e-07 0.184961 -0.982746
v 0.0176047 0.0300058 -0.0425015
vn 0.376081 0.184962 -0.907939
v -7.91624e-09 0.0364854 -0.0440095
vn -3.22732e-08 0.433045 -0.901372
v 0.01567 0.0408289 -0.0378308
vn 0.27191 0.703658 -0.656452
v 0.0168417 0.0364854 -0.0406595
vn 0.34494 0.433045 -0.83276
v 0.0141713 0.0434635 -0.0342126
vn 0.168952 0.897263 -0.407889
v -7.91624e-09 0.0408289 -0.0409477
vn 5.93892e-08 0.703661 -0.710536
v -7.91624e-09 0.0434635 -0.0370315
vn 1.38423e-07 0.897265 -0.441492
v 0.01567 0.0408289 -0.0378308
vn 0.27191 0.703658 -0.656452
v -7.91624e-09 0.0408289 -0.0409477
vn 5.93892e-08 0.703661 -0.710536
v 0.0141713 0.0434635 -0.0342126
vn 0.168952 0.897263 -0.407889
v -7.91624e-09 0.0364854 -0.0440095
vn -3.22732e-08 0.433045 -0.901372
v -7.91624e-09 0.0408289 -0.0409477
vn 5.93892e-08 0.703661 -0.710536
v 0.01567 0.0408289 -0.0378308
vn 0.27191 0.703658 -0.656452
v -7.91624e-09 0.0434635 -0.0370315
vn 1.38423e-07 0.897265 -0.441492
v 0.0124274 0.0448164 -0.0300024
vn 0.0781464 0.978928 -0.188663
v 0.0141713 0.0434635 -0.0342126
vn 0.168952 0.897263 -0.407889
v 0.0105199 0.0453148 -0.0253975
vn 0.0925136 0.970338 -0.223349
v -7.91624e-09 0.0448164 -0.0324744
vn -1.19495e-08 0.978928 -0.204207
v -7.91624e-09 0.0453148 -0.02749
vn -4.54949e-08 0.970338 -0.241751
v 0.0124274 0.0448164 -0.0300024
vn 0.0781464 0.978928 -0.188663
v -7.91624e-09 0.0448164 -0.0324744
vn -1.19495e-08 0.978928 -0.204207
v 0.0105199 0.0453148 -0.0253975
vn 0.0925136 0.970338 -0.223349
v -7.91624e-09 0.0434635 -0.0370315
vn 1.38423e-07 0.897265 -0.441492
v -7.91624e-09 0.0448164 -0.0324744
vn -1.19495e-08 0.978928 -0.204207
v 0.0124274 0.0448164 -0.0300024
vn 0.0781464 0.978928 -0.188663
v 0.00972459 0.136318 -0.0234774
vn 0.312829 0.575972 -0.755245
v -2.53785e-08 0.135718 -0.0254117
vn -1.24958e-05 0.0620186 -0.998075
v -2.95695e-08 0.136318 -0.0254117
vn -1.54664e-05 0.575979 -0.817464
v 0.00972459 0.135718 -0.0234774
vn 0.381945 0.0620124 -0.922102
v -2.53785e-08 0.135718 -0.0254117
vn -1.24958e-05 0.0620186 -0.998075
v 0.00972459 0.136318 -0.0234774
vn 0.312829 0.575972 -0.755245
v 0.00972459 0.135718 -0.0234774
vn 0.381945 0.0620124 -0.922102
v -2.09548e-08 0.133841 -0.0256441
vn -4.49131e-07 0.0610796 -0.998133
v -2.53785e-08 0.135718 -0.0254117
vn -1.24958e-05 0.0620186 -0.998075
v 0.00981352 0.133841 -0.0236921
vn 0.381968 0.0610776 -0.922155
v -2.09548e-08 0.133841 -0.0256441
vn -4.49131e-07 0.0610796 -0.998133
v 0.00972459 0.135718 -0.0234774
vn 0.381945 0.0620124 -0.922102
v 0.00981352 0.133841 -0.0236921
vn 0.381968 0.0610776 -0.922155
v -2.09548e-08 0.131964 -0.0256441
vn 7.23829e-07 -0.480056 -0.877238
v -2.09548e-08 0.133841 -0.0256441
vn -4.49131e-07 0.0610796 -0.998133
v 0.00981352 0.131964 -0.0236921
vn 0.335705 -0.480053 -0.810464
v -2.09548e-08 0.131964 -0.0256441
vn 7.23829e-07 -0.480056 -0.877238
v 0.00981352 0.133841 -0.0236921
vn 0.381968 0.0610776 -0.922155
v 0.0112818 -0.149288 -0.0112817
vn 0.072731 -0.994696 -0.0727305
v -0.000815562 -0.15 0.00196903
vn -0.0150542 0.999226 0.0363456
v 0.00610566 -0.149288 -0.0147403
vn 0.0393618 -0.994696 -0.0950274
v -0.000815562 -0.15 0.00196903
vn -0.0150542 0.999226 0.0363456
v 0.0112818 -0.149288 -0.0112817
vn 0.072731 -0.994696 -0.0727305
v -0.00150698 -0.15 0.00150707
vn -0.0278172 0.999226 0.0278176
v 0.00610566 -0.149288 -0.0147403
vn 0.0393618 -0.994696 -0.0950274
v 0.0204453 -0.147294 -0.0204453
vn 0.179716 -0.967163 -0.179716
v 0.0112818 -0.149288 -0.0112817
vn 0.072731 -0.994696 -0.0727305
v 0.026588 -0.144232 -0.0265879
vn 0.34228 -0.875037 -0.342279
v 0.011065 -0.147294 -0.0267131
vn 0.0972618 -0.967163 -0.23481
v 0.0143893 -0.144232 -0.0347388
vn 0.185241 -0.875036 -0.44721
v 0.0204453 -0.147294 -0.0204453
vn 0.179716 -0.967163 -0.179716
v 0.011065 -0.147294 -0.0267131
vn 0.0972618 -0.967163 -0.23481
v 0.026588 -0.144232 -0.0265879
vn 0.34228 -0.875037 -0.342279
v 0.00610566 -0.149288 -0.0147403
vn 0.0393618 -0.994696 -0.0950274
v 0.011065 -0.147294 -0.0267131
vn 0.0972618 -0.967163 -0.23481
v 0.0204453 -0.147294 -0.0204453
vn 0.179716 -0.967163 -0.179716
v 0.0143893 -0.144232 -0.0347388
vn 0.185241 -0.875036 -0.44721
v 0.0303138 -0.140316 -0.0303138
vn 0.532655 -0.657691 -0.532654
v 0.026588 -0.144232 -0.0265879
vn 0.34228 -0.875037 -0.342279
v 0.0322271 -0.135759 -0.032227
vn 0.661951 -0.351629 -0.66195
v 0.0164057 -0.140316 -0.0396069
vn 0.288271 -0.657691 -0.695947
v 0.0174412 -0.135759 -0.0421067
vn 0.358245 -0.351629 -0.86488
v 0.0303138 -0.140316 -0.0303138
vn 0.532655 -0.657691 -0.532654
v 0.0164057 -0.140316 -0.0396069
vn 0.288271 -0.657691 -0.695947
v 0.0322271 -0.135759 -0.032227
vn 0.661951 -0.351629 -0.66195
v 0.0143893 -0.144232 -0.0347388
vn 0.185241 -0.875036 -0.44721
v 0.0164057 -0.140316 -0.0396069
vn 0.288271 -0.657691 -0.695947
v 0.0303138 -0.140316 -0.0303138
vn 0.532655 -0.657691 -0.532654
v 0.0174412 -0.135759 -0.0421067
vn 0.358245 -0.351629 -0.86488
v 0.032932 -0.130775 -0.0329319
vn 0.702737 -0.111001 -0.702737
v 0.0322271 -0.135759 -0.032227
vn 0.661951 -0.351629 -0.66195
v 0.0330327 0.0209628 -0.0330327
vn 0.706566 0.0390888 -0.706566
v 0.0178772 -0.125577 -0.0431593
vn 0.382648 -0.013673 -0.923793
v 0.0178772 0.0209628 -0.0431593
vn 0.382391 0.0390887 -0.923173
v 0.0330327 -0.125577 -0.0330326
vn 0.707041 -0.0136733 -0.70704
v 0.0178772 -0.125577 -0.0431593
vn 0.382648 -0.013673 -0.923793
v 0.0330327 0.0209628 -0.0330327
vn 0.706566 0.0390888 -0.706566
v 0.0330327 -0.125577 -0.0330326
vn 0.707041 -0.0136733 -0.70704
v 0.0178227 -0.130775 -0.0430277
vn 0.380319 -0.111001 -0.91817
v 0.0178772 -0.125577 -0.0431593
vn 0.382648 -0.013673 -0.923793
v 0.032932 -0.130775 -0.0329319
vn 0.702737 -0.111001 -0.702737
v 0.0178227 -0.130775 -0.0430277
vn 0.380319 -0.111001 -0.91817
v 0.0330327 -0.125577 -0.0330326
vn 0.707041 -0.0136733 -0.70704
v 0.0174412 -0.135759 -0.0421067
vn 0.358245 -0.351629 -0.86488
v 0.0178227 -0.130775 -0.0430277
vn 0.380319 -0.111001 -0.91817
v 0.032932 -0.130775 -0.0329319
vn 0.702737 -0.111001 -0.702737
v 0.0178772 0.0209628 -0.0431593
vn 0.382391 0.0390887 -0.923173
v 0.0325292 0.0300058 -0.0325292
vn 0.694906 0.184961 -0.694906
v 0.0330327 0.0209628 -0.0330327
vn 0.706566 0.0390888 -0.706566
v 0.0311194 0.0364854 -0.0311195
vn 0.637366 0.433045 -0.637367
v 0.0176047 0.0300058 -0.0425015
vn 0.376081 0.184962 -0.907939
v 0.0168417 0.0364854 -0.0406595
vn 0.34494 0.433045 -0.83276
v 0.0325292 0.0300058 -0.0325292
vn 0.694906 0.184961 -0.694906
v 0.0176047 0.0300058 -0.0425015
vn 0.376081 0.184962 -0.907939
v 0.0311194 0.0364854 -0.0311195
vn 0.637366 0.433045 -0.637367
v 0.0178772 0.0209628 -0.0431593
vn 0.382391 0.0390887 -0.923173
v 0.0176047 0.0300058 -0.0425015
vn 0.376081 0.184962 -0.907939
v 0.0325292 0.0300058 -0.0325292
vn 0.694906 0.184961 -0.694906
v 0.0168417 0.0364854 -0.0406595
vn 0.34494 0.433045 -0.83276
v 0.0289544 0.0408289 -0.0289544
vn 0.502424 0.70366 -0.502427
v 0.0311194 0.0364854 -0.0311195
vn 0.637366 0.433045 -0.637367
v 0.0261852 0.0434635 -0.0261852
vn 0.312183 0.897264 -0.312185
v 0.01567 0.0408289 -0.0378308
vn 0.27191 0.703658 -0.656452
v 0.0141713 0.0434635 -0.0342126
vn 0.168952 0.897263 -0.407889
v 0.0289544 0.0408289 -0.0289544
vn 0.502424 0.70366 -0.502427
v 0.01567 0.0408289 -0.0378308
vn 0.27191 0.703658 -0.656452
v 0.0261852 0.0434635 -0.0261852
vn 0.312183 0.897264 -0.312185
v 0.0168417 0.0364854 -0.0406595
vn 0.34494 0.433045 -0.83276
v 0.01567 0.0408289 -0.0378308
vn 0.27191 0.703658 -0.656452
v 0.0289544 0.0408289 -0.0289544
vn 0.502424 0.70366 -0.502427
v 0.0141713 0.0434635 -0.0342126
vn 0.168952 0.897263 -0.407889
v 0.0229628 0.0448164 -0.0229629
vn 0.144395 0.978928 -0.144395
v 0.0261852 0.0434635 -0.0261852
vn 0.312183 0.897264 -0.312185
v 0.0194383 0.0453148 -0.0194384
vn 0.170943 0.970339 -0.170941
v 0.0124274 0.0448164 -0.0300024
vn 0.0781464 0.978928 -0.188663
v 0.0105199 0.0453148 -0.0253975
vn 0.0925136 0.970338 -0.223349
v 0.0229628 0.0448164 -0.0229629
vn 0.144395 0.978928 -0.144395
v 0.0124274 0.0448164 -0.0300024
vn 0.0781464 0.978928 -0.188663
v 0.0194383 0.0453148 -0.0194384
vn 0.170943 0.970339 -0.170941
v 0.0141713 0.0434635 -0.0342126
vn 0.168952 0.897263 -0.407889
v 0.0124274 0.0448164 -0.0300024
vn 0.0781464 0.978928 -0.188663
v 0.0229628 0.0448164 -0.0229629
vn 0.144395 0.978928 -0.144395
v 0.0179687 0.136318 -0.0179689
vn 0.578033 0.575974 -0.578041
v 0.00972459 0.135718 -0.0234774
vn 0.381945 0.0620124 -0.922102
v 0.00972459 0.136318 -0.0234774
vn 0.312829 0.575972 -0.755245
v 0.0179687 0.135718 -0.0179688
vn 0.705743 0.0620122 -0.705749
v 0.00972459 0.135718 -0.0234774
vn 0.381945 0.0620124 -0.922102
v 0.0179687 0.136318 -0.0179689
vn 0.578033 0.575974 -0.578041
v 0.0179687 0.135718 -0.0179688
vn 0.705743 0.0620122 -0.705749
v 0.00981352 0.133841 -0.0236921
vn 0.381968 0.0610776 -0.922155
v 0.00972459 0.135718 -0.0234774
vn 0.381945 0.0620124 -0.922102
v 0.018133 0.133841 -0.0181331
vn 0.705785 0.0610781 -0.705788
v 0.00981352 0.133841 -0.0236921
vn 0.381968 0.0610776 -0.922155
v 0.0179687 0.135718 -0.0179688
vn 0.705743 0.0620122 -0.705749
v 0.018133 0.133841 -0.0181331
vn 0.705785 0.0610781 -0.705788
v 0.00981352 0.131964 -0.0236921
vn 0.335705 -0.480053 -0.810464
v 0.00981352 0.133841 -0.0236921
vn 0.381968 0.0610776 -0.922155
v 0.018133 0.131964 -0.0181331
vn 0.620302 -0.480051 -0.620304
v 0.00981352 0.131964 -0.0236921
vn 0.335705 -0.480053 -0.810464
v 0.018133 0.133841 -0.0181331
vn 0.705785 0.0610781 -0.705788
v 0.0147403 -0.149288 -0.00610557
vn 0.0950278 -0.994696 -0.0393604
v -0.00150698 -0.15 0.00150707
vn -0.0278172 0.999226 0.0278176
v 0.0112818 -0.149288 -0.0112817
vn 0.072731 -0.994696 -0.0727305
v -0.00150698 -0.15 0.00150707
vn -0.0278172 0.999226 0.0278176
v 0.0147403 -0.149288 -0.00610557
vn 0.0950278 -0.994696 -0.0393604
v -0.00196897 -0.15 0.000815636
vn -0.0363457 0.999226 0.0150554
v 0.0112818 -0.149288 -0.0112817
vn 0.072731 -0.994696 -0.0727305
v 0.0267131 -0.147294 -0.0110649
vn 0.23481 -0.967163 -0.0972607
v 0.0147403 -0.149288 -0.00610557
vn 0.0950278 -0.994696 -0.0393604
v 0.0347389 -0.144232 -0.0143892
vn 0.447211 -0.875036 -0.18524
v 0.0204453 -0.147294 -0.0204453
vn 0.179716 -0.967163 -0.179716
v 0.026588 -0.144232 -0.0265879
vn 0.34228 -0.875037 -0.342279
v 0.0267131 -0.147294 -0.0110649
vn 0.23481 -0.967163 -0.0972607
v 0.0204453 -0.147294 -0.0204453
vn 0.179716 -0.967163 -0.179716
v 0.0347389 -0.144232 -0.0143892
vn 0.447211 -0.875036 -0.18524
v 0.0112818 -0.149288 -0.0112817
vn 0.072731 -0.994696 -0.0727305
v 0.0204453 -0.147294 -0.0204453
vn 0.179716 -0.967163 -0.179716
v 0.0267131 -0.147294 -0.0110649
vn 0.23481 -0.967163 -0.0972607
v 0.026588 -0.144232 -0.0265879
vn 0.34228 -0.875037 -0.342279
v 0.0396069 -0.140316 -0.0164056
vn 0.695947 -0.657692 -0.288269
v 0.0347389 -0.144232 -0.0143892
vn 0.447211 -0.875036 -0.18524
v 0.0421067 -0.135759 -0.0174411
vn 0.86488 -0.351629 -0.358245
v 0.0303138 -0.140316 -0.0303138
vn 0.532655 -0.657691 -0.532654
v 0.0322271 -0.135759 -0.032227
vn 0.661951 -0.351629 -0.66195
v 0.0396069 -0.140316 -0.0164056
vn 0.695947 -0.657692 -0.288269
v 0.0303138 -0.140316 -0.0303138
vn 0.532655 -0.657691 -0.532654
v 0.0421067 -0.135759 -0.0174411
vn 0.86488 -0.351629 -0.358245
v 0.026588 -0.144232 -0.0265879
vn 0.34228 -0.875037 -0.342279
v 0.0303138 -0.140316 -0.0303138
vn 0.532655 -0.657691 -0.532654
v 0.0396069 -0.140316 -0.0164056
vn 0.695947 -0.657692 -0.288269
v 0.0322271 -0.135759 -0.032227
vn 0.661951 -0.351629 -0.66195
v 0.0430277 -0.130775 -0.0178226
vn 0.918171 -0.110999 -0.380318
v 0.0421067 -0.135759 -0.0174411
vn 0.86488 -0.351629 -0.358245
v 0.0431593 0.0209628 -0.0178772
vn 0.923174 0.0390881 -0.382391
v 0.0330327 -0.125577 -0.0330326
vn 0.707041 -0.0136733 -0.70704
v 0.0330327 0.0209628 -0.0330327
vn 0.706566 0.0390888 -0.706566
v 0.0431593 -0.125577 -0.0178771
vn 0.923793 -0.0136721 -0.382647
v 0.0330327 -0.125577 -0.0330326
vn 0.707041 -0.0136733 -0.70704
v 0.0431593 0.0209628 -0.0178772
vn 0.923174 0.0390881 -0.382391
v 0.0431593 -0.125577 -0.0178771
vn 0.923793 -0.0136721 -0.382647
v 0.032932 -0.130775 -0.0329319
vn 0.702737 -0.111001 -0.702737
v 0.0330327 -0.125577 -0.0330326
vn 0.707041 -0.0136733 -0.70704
v 0.0430277 -0.130775 -0.0178226
vn 0.918171 -0.110999 -0.380318
v 0.032932 -0.130775 -0.0329319
vn 0.702737 -0.111001 -0.702737
v 0.0431593 -0.125577 -0.0178771
vn 0.923793 -0.0136721 -0.382647
v 0.0322271 -0.135759 -0.032227
vn 0.661951 -0.351629 -0.66195
v 0.032932 -0.130775 -0.0329319
vn 0.702737 -0.111001 -0.702737
v 0.0430277 -0.130775 -0.0178226
vn 0.918171 -0.110999 -0.380318
v 0.0330327 0.0209628 -0.0330327
vn 0.706566 0.0390888 -0.706566
v 0.0425014 0.0300058 -0.0176047
vn 0.907939 0.184961 -0.376081
v 0.0431593 0.0209628 -0.0178772
vn 0.923174 0.0390881 -0.382391
v 0.0406595 0.0364855 -0.0168417
vn 0.832759 0.433046 -0.34494
v 0.0325292 0.0300058 -0.0325292
vn 0.694906 0.184961 -0.694906
v 0.0311194 0.0364854 -0.0311195
vn 0.637366 0.433045 -0.637367
v 0.0425014 0.0300058 -0.0176047
vn 0.907939 0.184961 -0.376081
v 0.0325292 0.0300058 -0.0325292
vn 0.694906 0.184961 -0.694906
v 0.0406595 0.0364855 -0.0168417
vn 0.832759 0.433046 -0.34494
v 0.0330327 0.0209628 -0.0330327
vn 0.706566 0.0390888 -0.706566
v 0.0325292 0.0300058 -0.0325292
vn 0.694906 0.184961 -0.694906
v 0.0425014 0.0300058 -0.0176047
vn 0.907939 0.184961 -0.376081
v 0.0311194 0.0364854 -0.0311195
vn 0.637366 0.433045 -0.637367
v 0.0378307 0.0408289 -0.01567
vn 0.65645 0.703661 -0.271909
v 0.0406595 0.0364855 -0.0168417
vn 0.832759 0.433046 -0.34494
v 0.0342126 0.0434635 -0.0141714
vn 0.407886 0.897265 -0.168952
v 0.0289544 0.0408289 -0.0289544
vn 0.502424 0.70366 -0.502427
v 0.0261852 0.0434635 -0.0261852
vn 0.312183 0.897264 -0.312185
v 0.0378307 0.0408289 -0.01567
vn 0.65645 0.703661 -0.271909
v 0.0289544 0.0408289 -0.0289544
vn 0.502424 0.70366 -0.502427
v 0.0342126 0.0434635 -0.0141714
vn 0.407886 0.897265 -0.168952
v 0.0311194 0.0364854 -0.0311195
vn 0.637366 0.433045 -0.637367
v 0.0289544 0.0408289 -0.0289544
vn 0.502424 0.70366 -0.502427
v 0.0378307 0.0408289 -0.01567
vn 0.65645 0.703661 -0.271909
v 0.0261852 0.0434635 -0.0261852
vn 0.312183 0.897264 -0.312185
v 0.0300023 0.0448164 -0.0124274
vn 0.188661 0.978928 -0.0781462
v 0.0342126 0.0434635 -0.0141714
vn 0.407886 0.897265 -0.168952
v 0.0253974 0.0453148 -0.01052
vn 0.223348 0.970339 -0.0925129
v 0.0229628 0.0448164 -0.0229629
vn 0.144395 0.978928 -0.144395
v 0.0194383 0.0453148 -0.0194384
vn 0.170943 0.970339 -0.170941
v 0.0300023 0.0448164 -0.0124274
vn 0.188661 0.978928 -0.0781462
v 0.0229628 0.0448164 -0.0229629
vn 0.144395 0.978928 -0.144395
v 0.0253974 0.0453148 -0.01052
vn 0.223348 0.970339 -0.0925129
v 0.0261852 0.0434635 -0.0261852
vn 0.312183 0.897264 -0.312185
v 0.0229628 0.0448164 -0.0229629
vn 0.144395 0.978928 -0.144395
v 0.0300023 0.0448164 -0.0124274
vn 0.188661 0.978928 -0.0781462
v 0.0234773 0.136318 -0.00972473
vn 0.755235 0.575987 -0.312826
v 0.0179687 0.135718 -0.0179688
vn 0.705743 0.0620122 -0.705749
v 0.0179687 0.136318 -0.0179689
vn 0.578033 0.575974 -0.578041
v 0.0234773 0.135718 -0.00972471
vn 0.922103 0.0620226 -0.381942
v 0.0179687 0.135718 -0.0179688
vn 0.705743 0.0620122 -0.705749
v 0.0234773 0.136318 -0.00972473
vn 0.755235 0.575987 -0.312826
v 0.0234773 0.135718 -0.00972471
vn 0.922103 0.0620226 -0.381942
v 0.018133 0.133841 -0.0181331
vn 0.705785 0.0610781 -0.705788
v 0.0179687 0.135718 -0.0179688
vn 0.705743 0.0620122 -0.705749
v 0.023692 0.133841 -0.00981364
vn 0.922154 0.0610789 -0.381971
v 0.018133 0.133841 -0.0181331
vn 0.705785 0.0610781 -0.705788
v 0.0234773 0.135718 -0.00972471
vn 0.922103 0.0620226 -0.381942
v 0.023692 0.133841 -0.00981364
vn 0.922154 0.0610789 -0.381971
v 0.018133 0.131964 -0.0181331
vn 0.620302 -0.480051 -0.620304
v 0.018133 0.133841 -0.0181331
vn 0.705785 0.0610781 -0.705788
v 0.023692 0.131964 -0.00981364
vn 0.810463 -0.480051 -0.33571
v 0.018133 0.131964 -0.0181331
vn 0.620302 -0.480051 -0.620304
v 0.023692 0.133841 -0.00981364
vn 0.922154 0.0610789 -0.381971
v 0.0159548 -0.149288 7.2612e-08
vn 0.102857 -0.994696 1.46907e-06
v -0.00196897 -0.15 0.000815636
vn -0.0363457 0.999226 0.0150554
v 0.0147403 -0.149288 -0.00610557
vn 0.0950278 -0.994696 -0.0393604
v -0.00196897 -0.15 0.000815636
vn -0.0363457 0.999226 0.0150554
v 0.0159548 -0.149288 7.2612e-08
vn 0.102857 -0.994696 1.46907e-06
v -0.00213121 -0.15 7.26432e-08
vn -0.0393408 0.999226 4.14318e-07
v 0.0147403 -0.149288 -0.00610557
vn 0.0950278 -0.994696 -0.0393604
v 0.0289141 -0.147294 7.25249e-08
vn 0.254157 -0.967163 9.49621e-07
v 0.0159548 -0.149288 7.2612e-08
vn 0.102857 -0.994696 1.46907e-06
v 0.0376011 -0.144232 7.23911e-08
vn 0.484057 -0.875036 7.63477e-07
v 0.0267131 -0.147294 -0.0110649
vn 0.23481 -0.967163 -0.0972607
v 0.0347389 -0.144232 -0.0143892
vn 0.447211 -0.875036 -0.18524
v 0.0289141 -0.147294 7.25249e-08
vn 0.254157 -0.967163 9.49621e-07
v 0.0267131 -0.147294 -0.0110649
vn 0.23481 -0.967163 -0.0972607
v 0.0376011 -0.144232 7.23911e-08
vn 0.484057 -0.875036 7.63477e-07
v 0.0147403 -0.149288 -0.00610557
vn 0.0950278 -0.994696 -0.0393604
v 0.0267131 -0.147294 -0.0110649
vn 0.23481 -0.967163 -0.0972607
v 0.0289141 -0.147294 7.25249e-08
vn 0.254157 -0.967163 9.49621e-07
v 0.0347389 -0.144232 -0.0143892
vn 0.447211 -0.875036 -0.18524
v 0.0428702 -0.140316 7.22199e-08
vn 0.753288 -0.657691 7.62191e-07
v 0.0376011 -0.144232 7.23911e-08
vn 0.484057 -0.875036 7.63477e-07
v 0.045576 -0.135759 7.20207e-08
vn 0.936139 -0.35163 9.23183e-07
v 0.0396069 -0.140316 -0.0164056
vn 0.695947 -0.657692 -0.288269
v 0.0421067 -0.135759 -0.0174411
vn 0.86488 -0.351629 -0.358245
v 0.0428702 -0.140316 7.22199e-08
vn 0.753288 -0.657691 7.62191e-07
v 0.0396069 -0.140316 -0.0164056
vn 0.695947 -0.657692 -0.288269
v 0.045576 -0.135759 7.20207e-08
vn 0.936139 -0.35163 9.23183e-07
v 0.0347389 -0.144232 -0.0143892
vn 0.447211 -0.875036 -0.18524
v 0.0396069 -0.140316 -0.0164056
vn 0.695947 -0.657692 -0.288269
v 0.0428702 -0.140316 7.22199e-08
vn 0.753288 -0.657691 7.62191e-07
v 0.0421067 -0.135759 -0.0174411
vn 0.86488 -0.351629 -0.358245
v 0.0465729 -0.130775 7.18028e-08
vn 0.99382 -0.111 8.58067e-07
v 0.045576 -0.135759 7.20207e-08
vn 0.936139 -0.35163 9.23183e-07
v 0.0467153 0.0209628 -2.23742e-08
vn 0.999236 0.0390889 -1.94531e-08
v 0.0431593 -0.125577 -0.0178771
vn 0.923793 -0.0136721 -0.382647
v 0.0431593 0.0209628 -0.0178772
vn 0.923174 0.0390881 -0.382391
v 0.0467153 -0.125577 7.15756e-08
vn 0.999907 -0.0136713 8.52679e-07
v 0.0431593 -0.125577 -0.0178771
vn 0.923793 -0.0136721 -0.382647
v 0.0467153 0.0209628 -2.23742e-08
vn 0.999236 0.0390889 -1.94531e-08
v 0.0467153 -0.125577 7.15756e-08
vn 0.999907 -0.0136713 8.52679e-07
v 0.0430277 -0.130775 -0.0178226
vn 0.918171 -0.110999 -0.380318
v 0.0431593 -0.125577 -0.0178771
vn 0.923793 -0.0136721 -0.382647
v 0.0465729 -0.130775 7.18028e-08
vn 0.99382 -0.111 8.58067e-07
v 0.0430277 -0.130775 -0.0178226
vn 0.918171 -0.110999 -0.380318
v 0.0467153 -0.125577 7.15756e-08
vn 0.999907 -0.0136713 8.52679e-07
v 0.0421067 -0.135759 -0.0174411
vn 0.86488 -0.351629 -0.358245
v 0.0430277 -0.130775 -0.0178226
vn 0.918171 -0.110999 -0.380318
v 0.0465729 -0.130775 7.18028e-08
vn 0.99382 -0.111 8.58067e-07
v 0.0431593 0.0209628 -0.0178772
vn 0.923174 0.0390881 -0.382391
v 0.0460032 0.0300058 -3.20827e-08
vn 0.982746 0.184961 -4.38529e-07
v 0.0467153 0.0209628 -2.23742e-08
vn 0.999236 0.0390889 -1.94531e-08
v 0.0440095 0.0364855 -3.23659e-08
vn 0.901372 0.433046 -4.74168e-07
v 0.0425014 0.0300058 -0.0176047
vn 0.907939 0.184961 -0.376081
v 0.0406595 0.0364855 -0.0168417
vn 0.832759 0.433046 -0.34494
v 0.0460032 0.0300058 -3.20827e-08
vn 0.982746 0.184961 -4.38529e-07
v 0.0425014 0.0300058 -0.0176047
vn 0.907939 0.184961 -0.376081
v 0.0440095 0.0364855 -3.23659e-08
vn 0.901372 0.433046 -4.74168e-07
v 0.0431593 0.0209628 -0.0178772
vn 0.923174 0.0390881 -0.382391
v 0.0425014 0.0300058 -0.0176047
vn 0.907939 0.184961 -0.376081
v 0.0460032 0.0300058 -3.20827e-08
vn 0.982746 0.184961 -4.38529e-07
v 0.0406595 0.0364855 -0.0168417
vn 0.832759 0.433046 -0.34494
v 0.0409477 0.0408289 -3.25558e-08
vn 0.710535 0.703662 -1.73218e-07
v 0.0440095 0.0364855 -3.23659e-08
vn 0.901372 0.433046 -4.74168e-07
v 0.0370314 0.0434635 -3.26709e-08
vn 0.441492 0.897265 1.61494e-07
v 0.0378307 0.0408289 -0.01567
vn 0.65645 0.703661 -0.271909
v 0.0342126 0.0434635 -0.0141714
vn 0.407886 0.897265 -0.168952
v 0.0409477 0.0408289 -3.25558e-08
vn 0.710535 0.703662 -1.73218e-07
v 0.0378307 0.0408289 -0.01567
vn 0.65645 0.703661 -0.271909
v 0.0370314 0.0434635 -3.26709e-08
vn 0.441492 0.897265 1.61494e-07
v 0.0406595 0.0364855 -0.0168417
vn 0.832759 0.433046 -0.34494
v 0.0378307 0.0408289 -0.01567
vn 0.65645 0.703661 -0.271909
v 0.0409477 0.0408289 -3.25558e-08
vn 0.710535 0.703662 -1.73218e-07
v 0.0342126 0.0434635 -0.0141714
vn 0.407886 0.897265 -0.168952
v 0.0324743 0.0448164 -3.27301e-08
vn 0.204205 0.978928 -1.76853e-07
v 0.0370314 0.0434635 -3.26709e-08
vn 0.441492 0.897265 1.61494e-07
v 0.02749 0.0453148 -3.27519e-08
vn 0.24175 0.970339 -3.43606e-07
v 0.0300023 0.0448164 -0.0124274
vn 0.188661 0.978928 -0.0781462
v 0.0253974 0.0453148 -0.01052
vn 0.223348 0.970339 -0.0925129
v 0.0324743 0.0448164 -3.27301e-08
vn 0.204205 0.978928 -1.76853e-07
v 0.0300023 0.0448164 -0.0124274
vn 0.188661 0.978928 -0.0781462
v 0.02749 0.0453148 -3.27519e-08
vn 0.24175 0.970339 -3.43606e-07
v 0.0342126 0.0434635 -0.0141714
vn 0.407886 0.897265 -0.168952
v 0.0300023 0.0448164 -0.0124274
vn 0.188661 0.978928 -0.0781462
v 0.0324743 0.0448164 -3.27301e-08
vn 0.204205 0.978928 -1.76853e-07
v 0.0254116 0.136318 -1.05648e-07
vn 0.817463 0.575982 -1.35397e-06
v 0.0234773 0.135718 -0.00972471
vn 0.922103 0.0620226 -0.381942
v 0.0234773 0.136318 -0.00972473
vn 0.755235 0.575987 -0.312826
v 0.0254116 0.135718 -9.72395e-08
vn 0.998075 0.0620179 6.39453e-07
v 0.0234773 0.135718 -0.00972471
vn 0.922103 0.0620226 -0.381942
v 0.0254116 0.136318 -1.05648e-07
vn 0.817463 0.575982 -1.35397e-06
v 0.0254116 0.135718 -9.72395e-08
vn 0.998075 0.0620179 6.39453e-07
v 0.023692 0.133841 -0.00981364
vn 0.922154 0.0610789 -0.381971
v 0.0234773 0.135718 -0.00972471
vn 0.922103 0.0620226 -0.381942
v 0.025644 0.133841 -9.71574e-08
vn 0.998133 0.0610791 -1.48408e-06
v 0.023692 0.133841 -0.00981364
vn 0.922154 0.0610789 -0.381971
v 0.0254116 0.135718 -9.72395e-08
vn 0.998075 0.0620179 6.39453e-07
v 0.025644 0.133841 -9.71574e-08
vn 0.998133 0.0610791 -1.48408e-06
v 0.023692 0.131964 -0.00981364
vn 0.810463 -0.480051 -0.33571
v 0.023692 0.133841 -0.00981364
vn 0.922154 0.0610789 -0.381971
v 0.025644 0.131964 -9.70754e-08
vn 0.877241 -0.48005 -2.23621e-06
v 0.023692 0.131964 -0.00981364
vn 0.810463 -0.480051 -0.33571
v 0.025644 0.133841 -9.71574e-08
vn 0.998133 0.0610791 -1.48408e-06
v 0.0147403 -0.149288 0.00610572
vn 0.0950277 -0.994696 0.039362
v -0.00213121 -0.15 7.26432e-08
vn -0.0393408 0.999226 4.14318e-07
v 0.0159548 -0.149288 7.2612e-08
vn 0.102857 -0.994696 1.46907e-06
v -0.00213121 -0.15 7.26432e-08
vn -0.0393408 0.999226 4.14318e-07
v 0.0147403 -0.149288 0.00610572
vn 0.0950277 -0.994696 0.039362
v -0.00196899 -0.15 -0.000815509
vn -0.0363463 0.999226 -0.0150547
v 0.0159548 -0.149288 7.2612e-08
vn 0.102857 -0.994696 1.46907e-06
v 0.0267131 -0.147294 0.011065
vn 0.23481 -0.967163 0.0972619
v 0.0147403 -0.149288 0.00610572
vn 0.0950277 -0.994696 0.039362
v 0.0347388 -0.144232 0.0143894
vn 0.44721 -0.875036 0.185241
v 0.0289141 -0.147294 7.25249e-08
vn 0.254157 -0.967163 9.49621e-07
v 0.0376011 -0.144232 7.23911e-08
vn 0.484057 -0.875036 7.63477e-07
v 0.0267131 -0.147294 0.011065
vn 0.23481 -0.967163 0.0972619
v 0.0289141 -0.147294 7.25249e-08
vn 0.254157 -0.967163 9.49621e-07
v 0.0347388 -0.144232 0.0143894
vn 0.44721 -0.875036 0.185241
v 0.0159548 -0.149288 7.2612e-08
vn 0.102857 -0.994696 1.46907e-06
v 0.0289141 -0.147294 7.25249e-08
vn 0.254157 -0.967163 9.49621e-07
v 0.0267131 -0.147294 0.011065
vn 0.23481 -0.967163 0.0972619
v 0.0376011 -0.144232 7.23911e-08
vn 0.484057 -0.875036 7.63477e-07
v 0.0396069 -0.140316 0.0164058
vn 0.695947 -0.657691 0.288271
v 0.0347388 -0.144232 0.0143894
vn 0.44721 -0.875036 0.185241
v 0.0421067 -0.135759 0.0174412
vn 0.86488 -0.351629 0.358245
v 0.0428702 -0.140316 7.22199e-08
vn 0.753288 -0.657691 7.62191e-07
v 0.045576 -0.135759 7.20207e-08
vn 0.936139 -0.35163 9.23183e-07
v 0.0396069 -0.140316 0.0164058
vn 0.695947 -0.657691 0.288271
v 0.0428702 -0.140316 7.22199e-08
vn 0.753288 -0.657691 7.62191e-07
v 0.0421067 -0.135759 0.0174412
vn 0.86488 -0.351629 0.358245
v 0.0376011 -0.144232 7.23911e-08
vn 0.484057 -0.875036 7.63477e-07
v 0.0428702 -0.140316 7.22199e-08
vn 0.753288 -0.657691 7.62191e-07
v 0.0396069 -0.140316 0.0164058
vn 0.695947 -0.657691 0.288271
v 0.045576 -0.135759 7.20207e-08
vn 0.936139 -0.35163 9.23183e-07
v 0.0430277 -0.130775 0.0178227
vn 0.91817 -0.110999 0.380319
v 0.0421067 -0.135759 0.0174412
vn 0.86488 -0.351629 0.358245
v 0.0431593 0.0209628 0.0178771
vn 0.923173 0.0390889 0.382391
v 0.0467153 -0.125577 7.15756e-08
vn 0.999907 -0.0136713 8.52679e-07
v 0.0467153 0.0209628 -2.23742e-08
vn 0.999236 0.0390889 -1.94531e-08
v 0.0431593 -0.125577 0.0178772
vn 0.923793 -0.0136705 0.382648
v 0.0467153 -0.125577 7.15756e-08
vn 0.999907 -0.0136713 8.52679e-07
v 0.0431593 0.0209628 0.0178771
vn 0.923173 0.0390889 0.382391
v 0.0431593 -0.125577 0.0178772
vn 0.923793 -0.0136705 0.382648
v 0.0465729 -0.130775 7.18028e-08
vn 0.99382 -0.111 8.58067e-07
v 0.0467153 -0.125577 7.15756e-08
vn 0.999907 -0.0136713 8.52679e-07
v 0.0430277 -0.130775 0.0178227
vn 0.91817 -0.110999 0.380319
v 0.0465729 -0.130775 7.18028e-08
vn 0.99382 -0.111 8.58067e-07
v 0.0431593 -0.125577 0.0178772
vn 0.923793 -0.0136705 0.382648
v 0.045576 -0.135759 7.20207e-08
vn 0.936139 -0.35163 9.23183e-07
v 0.0465729 -0.130775 7.18028e-08
vn 0.99382 -0.111 8.58067e-07
v 0.0430277 -0.130775 0.0178227
vn 0.91817 -0.110999 0.380319
v 0.0467153 0.0209628 -2.23742e-08
vn 0.999236 0.0390889 -1.94531e-08
v 0.0425014 0.0300058 0.0176046
vn 0.907939 0.184962 0.376081
v 0.0431593 0.0209628 0.0178771
vn 0.923173 0.0390889 0.382391
v 0.0406595 0.0364855 0.0168417
vn 0.832759 0.433045 0.34494
v 0.0460032 0.0300058 -3.20827e-08
vn 0.982746 0.184961 -4.38529e-07
v 0.0440095 0.0364855 -3.23659e-08
vn 0.901372 0.433046 -4.74168e-07
v 0.0425014 0.0300058 0.0176046
vn 0.907939 0.184962 0.376081
v 0.0460032 0.0300058 -3.20827e-08
vn 0.982746 0.184961 -4.38529e-07
v 0.0406595 0.0364855 0.0168417
vn 0.832759 0.433045 0.34494
v 0.0467153 0.0209628 -2.23742e-08
vn 0.999236 0.0390889 -1.94531e-08
v 0.0460032 0.0300058 -3.20827e-08
vn 0.982746 0.184961 -4.38529e-07
v 0.0425014 0.0300058 0.0176046
vn 0.907939 0.184962 0.376081
v 0.0440095 0.0364855 -3.23659e-08
vn 0.901372 0.433046 -4.74168e-07
v 0.0378307 0.040829 0.0156699
vn 0.656449 0.703662 0.271909
v 0.0406595 0.0364855 0.0168417
vn 0.832759 0.433045 0.34494
v 0.0342126 0.0434636 0.0141713
vn 0.407886 0.897265 0.168951
v 0.0409477 0.0408289 -3.25558e-08
vn 0.710535 0.703662 -1.73218e-07
v 0.0370314 0.0434635 -3.26709e-08
vn 0.441492 0.897265 1.61494e-07
v 0.0378307 0.040829 0.0156699
vn 0.656449 0.703662 0.271909
v 0.0409477 0.0408289 -3.25558e-08
vn 0.710535 0.703662 -1.73218e-07
v 0.0342126 0.0434636 0.0141713
vn 0.407886 0.897265 0.168951
v 0.0440095 0.0364855 -3.23659e-08
vn 0.901372 0.433046 -4.74168e-07
v 0.0409477 0.0408289 -3.25558e-08
vn 0.710535 0.703662 -1.73218e-07
v 0.0378307 0.040829 0.0156699
vn 0.656449 0.703662 0.271909
v 0.0370314 0.0434635 -3.26709e-08
vn 0.441492 0.897265 1.61494e-07
v 0.0300023 0.0448164 0.0124273
vn 0.18866 0.978928 0.0781448
v 0.0342126 0.0434636 0.0141713
vn 0.407886 0.897265 0.168951
v 0.0253974 0.0453148 0.0105199
vn 0.223345 0.970339 0.0925126
v 0.0324743 0.0448164 -3.27301e-08
vn 0.204205 0.978928 -1.76853e-07
v 0.02749 0.0453148 -3.27519e-08
vn 0.24175 0.970339 -3.43606e-07
v 0.0300023 0.0448164 0.0124273
vn 0.18866 0.978928 0.0781448
v 0.0324743 0.0448164 -3.27301e-08
vn 0.204205 0.978928 -1.76853e-07
v 0.0253974 0.0453148 0.0105199
vn 0.223345 0.970339 0.0925126
v 0.0370314 0.0434635 -3.26709e-08
vn 0.441492 0.897265 1.61494e-07
v 0.0324743 0.0448164 -3.27301e-08
vn 0.204205 0.978928 -1.76853e-07
v 0.0300023 0.0448164 0.0124273
vn 0.18866 0.978928 0.0781448
v 0.0234773 0.136318 0.00972451
vn 0.75524 0.575984 0.312818
v 0.0254116 0.135718 -9.72395e-08
vn 0.998075 0.0620179 6.39453e-07
v 0.0254116 0.136318 -1.05648e-07
vn 0.817463 0.575982 -1.35397e-06
v 0.0234773 0.135718 0.00972453
vn 0.922102 0.062023 0.381944
v 0.0254116 0.135718 -9.72395e-08
vn 0.998075 0.0620179 6.39453e-07
v 0.0234773 0.136318 0.00972451
vn 0.75524 0.575984 0.312818
v 0.0234773 0.135718 0.00972453
vn 0.922102 0.062023 0.381944
v 0.025644 0.133841 -9.71574e-08
vn 0.998133 0.0610791 -1.48408e-06
v 0.0254116 0.135718 -9.72395e-08
vn 0.998075 0.0620179 6.39453e-07
v 0.023692 0.133841 0.00981345
vn 0.922155 0.0610769 0.381969
v 0.025644 0.133841 -9.71574e-08
vn 0.998133 0.0610791 -1.48408e-06
v 0.0234773 0.135718 0.00972453
vn 0.922102 0.062023 0.381944
v 0.023692 0.133841 0.00981345
vn 0.922155 0.0610769 0.381969
v 0.025644 0.131964 -9.70754e-08
vn 0.877241 -0.48005 -2.23621e-06
v 0.025644 0.133841 -9.71574e-08
vn 0.998133 0.0610791 -1.48408e-06
v 0.023692 0.131964 0.00981345
vn 0.810465 -0.480052 0.335704
v 0.025644 0.131964 -9.70754e-08
vn 0.877241 -0.48005 -2.23621e-06
v 0.023692 0.133841 0.00981345
vn 0.922155 0.0610769 0.381969
v 0.0112817 -0.149288 0.0112818
vn 0.0727308 -0.994696 0.0727313
v -0.00196899 -0.15 -0.000815509
vn -0.0363463 0.999226 -0.0150547
v 0.0147403 -0.149288 0.00610572
vn 0.0950277 -0.994696 0.039362
v -0.00196899 -0.15 -0.000815509
vn -0.0363463 0.999226 -0.0150547
v 0.0112817 -0.149288 0.0112818
vn 0.0727308 -0.994696 0.0727313
v -0.00150701 -0.15 -0.00150693
vn -0.0278187 0.999226 -0.0278178
v 0.0147403 -0.149288 0.00610572
vn 0.0950277 -0.994696 0.039362
v 0.0204453 -0.147294 0.0204454
vn 0.179716 -0.967163 0.179716
v 0.0112817 -0.149288 0.0112818
vn 0.0727308 -0.994696 0.0727313
v 0.0265879 -0.144232 0.026588
vn 0.34228 -0.875036 0.342281
v 0.0267131 -0.147294 0.011065
vn 0.23481 -0.967163 0.0972619
v 0.0347388 -0.144232 0.0143894
vn 0.44721 -0.875036 0.185241
v 0.0204453 -0.147294 0.0204454
vn 0.179716 -0.967163 0.179716
v 0.0267131 -0.147294 0.011065
vn 0.23481 -0.967163 0.0972619
v 0.0265879 -0.144232 0.026588
vn 0.34228 -0.875036 0.342281
v 0.0147403 -0.149288 0.00610572
vn 0.0950277 -0.994696 0.039362
v 0.0267131 -0.147294 0.011065
vn 0.23481 -0.967163 0.0972619
v 0.0204453 -0.147294 0.0204454
vn 0.179716 -0.967163 0.179716
v 0.0347388 -0.144232 0.0143894
vn 0.44721 -0.875036 0.185241
v 0.0303138 -0.140316 0.0303139
vn 0.532655 -0.65769 0.532656
v 0.0265879 -0.144232 0.026588
vn 0.34228 -0.875036 0.342281
v 0.0322271 -0.135759 0.0322271
vn 0.66195 -0.351629 0.661951
v 0.0396069 -0.140316 0.0164058
vn 0.695947 -0.657691 0.288271
v 0.0421067 -0.135759 0.0174412
vn 0.86488 -0.351629 0.358245
v 0.0303138 -0.140316 0.0303139
vn 0.532655 -0.65769 0.532656
v 0.0396069 -0.140316 0.0164058
vn 0.695947 -0.657691 0.288271
v 0.0322271 -0.135759 0.0322271
vn 0.66195 -0.351629 0.661951
v 0.0347388 -0.144232 0.0143894
vn 0.44721 -0.875036 0.185241
v 0.0396069 -0.140316 0.0164058
vn 0.695947 -0.657691 0.288271
v 0.0303138 -0.140316 0.0303139
vn 0.532655 -0.65769 0.532656
v 0.0421067 -0.135759 0.0174412
vn 0.86488 -0.351629 0.358245
v 0.032932 -0.130775 0.0329321
vn 0.702736 -0.111 0.702738
v 0.0322271 -0.135759 0.0322271
vn 0.66195 -0.351629 0.661951
v 0.0330327 0.0209628 0.0330327
vn 0.706567 0.0390892 0.706566
v 0.0431593 -0.125577 0.0178772
vn 0.923793 -0.0136705 0.382648
v 0.0431593 0.0209628 0.0178771
vn 0.923173 0.0390889 0.382391
v 0.0330327 -0.125577 0.0330327
vn 0.70704 -0.0136709 0.707041
v 0.0431593 -0.125577 0.0178772
vn 0.923793 -0.0136705 0.382648
v 0.0330327 0.0209628 0.0330327
vn 0.706567 0.0390892 0.706566
v 0.0330327 -0.125577 0.0330327
vn 0.70704 -0.0136709 0.707041
v 0.0430277 -0.130775 0.0178227
vn 0.91817 -0.110999 0.380319
v 0.0431593 -0.125577 0.0178772
vn 0.923793 -0.0136705 0.382648
v 0.032932 -0.130775 0.0329321
vn 0.702736 -0.111 0.702738
v 0.0430277 -0.130775 0.0178227
vn 0.91817 -0.110999 0.380319
v 0.0330327 -0.125577 0.0330327
vn 0.70704 -0.0136709 0.707041
v 0.0421067 -0.135759 0.0174412
vn 0.86488 -0.351629 0.358245
v 0.0430277 -0.130775 0.0178227
vn 0.91817 -0.110999 0.380319
v 0.032932 -0.130775 0.0329321
vn 0.702736 -0.111 0.702738
v 0.0431593 0.0209628 0.0178771
vn 0.923173 0.0390889 0.382391
v 0.0325292 0.0300058 0.0325291
vn 0.694906 0.184961 0.694906
v 0.0330327 0.0209628 0.0330327
vn 0.706567 0.0390892 0.706566
v 0.0311194 0.0364855 0.0311194
vn 0.637366 0.433044 0.637368
v 0.0425014 0.0300058 0.0176046
vn 0.907939 0.184962 0.376081
v 0.0406595 0.0364855 0.0168417
vn 0.832759 0.433045 0.34494
v 0.0325292 0.0300058 0.0325291
vn 0.694906 0.184961 0.694906
v 0.0425014 0.0300058 0.0176046
vn 0.907939 0.184962 0.376081
v 0.0311194 0.0364855 0.0311194
vn 0.637366 0.433044 0.637368
v 0.0431593 0.0209628 0.0178771
vn 0.923173 0.0390889 0.382391
v 0.0425014 0.0300058 0.0176046
vn 0.907939 0.184962 0.376081
v 0.0325292 0.0300058 0.0325291
vn 0.694906 0.184961 0.694906
v 0.0406595 0.0364855 0.0168417
vn 0.832759 0.433045 0.34494
v 0.0289544 0.040829 0.0289543
vn 0.502424 0.703661 0.502425
v 0.0311194 0.0364855 0.0311194
vn 0.637366 0.433044 0.637368
v 0.0261852 0.0434636 0.0261851
vn 0.312182 0.897265 0.312181
v 0.0378307 0.040829 0.0156699
vn 0.656449 0.703662 0.271909
v 0.0342126 0.0434636 0.0141713
vn 0.407886 0.897265 0.168951
v 0.0289544 0.040829 0.0289543
vn 0.502424 0.703661 0.502425
v 0.0378307 0.040829 0.0156699
vn 0.656449 0.703662 0.271909
v 0.0261852 0.0434636 0.0261851
vn 0.312182 0.897265 0.312181
v 0.0406595 0.0364855 0.0168417
vn 0.832759 0.433045 0.34494
v 0.0378307 0.040829 0.0156699
vn 0.656449 0.703662 0.271909
v 0.0289544 0.040829 0.0289543
vn 0.502424 0.703661 0.502425
v 0.0342126 0.0434636 0.0141713
vn 0.407886 0.897265 0.168951
v 0.0229628 0.0448164 0.0229628
vn 0.144394 0.978929 0.144392
v 0.0261852 0.0434636 0.0261851
vn 0.312182 0.897265 0.312181
v 0.0194383 0.0453148 0.0194383
vn 0.170942 0.970339 0.170943
v 0.0300023 0.0448164 0.0124273
vn 0.18866 0.978928 0.0781448
v 0.0253974 0.0453148 0.0105199
vn 0.223345 0.970339 0.0925126
v 0.0229628 0.0448164 0.0229628
vn 0.144394 0.978929 0.144392
v 0.0300023 0.0448164 0.0124273
vn 0.18866 0.978928 0.0781448
v 0.0194383 0.0453148 0.0194383
vn 0.170942 0.970339 0.170943
v 0.0342126 0.0434636 0.0141713
vn 0.407886 0.897265 0.168951
v 0.0300023 0.0448164 0.0124273
vn 0.18866 0.978928 0.0781448
v 0.0229628 0.0448164 0.0229628
vn 0.144394 0.978929 0.144392
v 0.0179687 0.136318 0.0179686
vn 0.578028 0.575994 0.578027
v 0.0234773 0.135718 0.00972453
vn 0.922102 0.062023 0.381944
v 0.0234773 0.136318 0.00972451
vn 0.75524 0.575984 0.312818
v 0.0179687 0.135718 0.0179687
vn 0.705742 0.0620354 0.705748
v 0.0234773 0.135718 0.00972453
vn 0.922102 0.062023 0.381944
v 0.0179687 0.136318 0.0179686
vn 0.578028 0.575994 0.578027
v 0.0179687 0.135718 0.0179687
vn 0.705742 0.0620354 0.705748
v 0.023692 0.133841 0.00981345
vn 0.922155 0.0610769 0.381969
v 0.0234773 0.135718 0.00972453
vn 0.922102 0.062023 0.381944
v 0.0181331 0.133841 0.018133
vn 0.70579 0.0610794 0.705783
v 0.023692 0.133841 0.00981345
vn 0.922155 0.0610769 0.381969
v 0.0179687 0.135718 0.0179687
vn 0.705742 0.0620354 0.705748
v 0.0181331 0.133841 0.018133
vn 0.70579 0.0610794 0.705783
v 0.023692 0.131964 0.00981345
vn 0.810465 -0.480052 0.335704
v 0.023692 0.133841 0.00981345
vn 0.922155 0.0610769 0.381969
v 0.0181331 0.131964 0.018133
vn 0.620305 -0.480051 0.6203
v 0.023692 0.131964 0.00981345
vn 0.810465 -0.480052 0.335704
v 0.0181331 0.133841 0.018133
vn 0.70579 0.0610794 0.705783
v 0.0061056 -0.149288 0.0147404
vn 0.0393616 -0.994696 0.0950278
v -0.00150701 -0.15 -0.00150693
vn -0.0278187 0.999226 -0.0278178
v 0.0112817 -0.149288 0.0112818
vn 0.0727308 -0.994696 0.0727313
v -0.00150701 -0.15 -0.00150693
vn -0.0278187 0.999226 -0.0278178
v 0.0061056 -0.149288 0.0147404
vn 0.0393616 -0.994696 0.0950278
v -0.000815611 -0.15 -0.00196893
vn -0.0150552 0.999226 -0.0363459
v 0.0112817 -0.149288 0.0112818
vn 0.0727308 -0.994696 0.0727313
v 0.0110649 -0.147294 0.0267132
vn 0.0972614 -0.967163 0.23481
v 0.0061056 -0.149288 0.0147404
vn 0.0393616 -0.994696 0.0950278
v 0.0143893 -0.144232 0.0347389
vn 0.18524 -0.875037 0.44721
v 0.0204453 -0.147294 0.0204454
vn 0.179716 -0.967163 0.179716
v 0.0265879 -0.144232 0.026588
vn 0.34228 -0.875036 0.342281
v 0.0110649 -0.147294 0.0267132
vn 0.0972614 -0.967163 0.23481
v 0.0204453 -0.147294 0.0204454
vn 0.179716 -0.967163 0.179716
v 0.0143893 -0.144232 0.0347389
vn 0.18524 -0.875037 0.44721
v 0.0112817 -0.149288 0.0112818
vn 0.0727308 -0.994696 0.0727313
v 0.0204453 -0.147294 0.0204454
vn 0.179716 -0.967163 0.179716
v 0.0110649 -0.147294 0.0267132
vn 0.0972614 -0.967163 0.23481
v 0.0265879 -0.144232 0.026588
vn 0.34228 -0.875036 0.342281
v 0.0164057 -0.140316 0.039607
vn 0.28827 -0.657691 0.695947
v 0.0143893 -0.144232 0.0347389
vn 0.18524 -0.875037 0.44721
v 0.0174411 -0.135759 0.0421068
vn 0.358244 -0.351629 0.86488
v 0.0303138 -0.140316 0.0303139
vn 0.532655 -0.65769 0.532656
v 0.0322271 -0.135759 0.0322271
vn 0.66195 -0.351629 0.661951
v 0.0164057 -0.140316 0.039607
vn 0.28827 -0.657691 0.695947
v 0.0303138 -0.140316 0.0303139
vn 0.532655 -0.65769 0.532656
v 0.0174411 -0.135759 0.0421068
vn 0.358244 -0.351629 0.86488
v 0.0265879 -0.144232 0.026588
vn 0.34228 -0.875036 0.342281
v 0.0303138 -0.140316 0.0303139
vn 0.532655 -0.65769 0.532656
v 0.0164057 -0.140316 0.039607
vn 0.28827 -0.657691 0.695947
v 0.0322271 -0.135759 0.0322271
vn 0.66195 -0.351629 0.661951
v 0.0178226 -0.130775 0.0430278
vn 0.380318 -0.110998 0.918171
v 0.0174411 -0.135759 0.0421068
vn 0.358244 -0.351629 0.86488
v 0.0178771 0.0209628 0.0431593
vn 0.382391 0.0390888 0.923173
v 0.0330327 -0.125577 0.0330327
vn 0.70704 -0.0136709 0.707041
v 0.0330327 0.0209628 0.0330327
vn 0.706567 0.0390892 0.706566
v 0.0178771 -0.125577 0.0431593
vn 0.382647 -0.01367 0.923793
v 0.0330327 -0.125577 0.0330327
vn 0.70704 -0.0136709 0.707041
v 0.0178771 0.0209628 0.0431593
vn 0.382391 0.0390888 0.923173
v 0.0178771 -0.125577 0.0431593
vn 0.382647 -0.01367 0.923793
v 0.032932 -0.130775 0.0329321
vn 0.702736 -0.111 0.702738
v 0.0330327 -0.125577 0.0330327
vn 0.70704 -0.0136709 0.707041
v 0.0178226 -0.130775 0.0430278
vn 0.380318 -0.110998 0.918171
v 0.032932 -0.130775 0.0329321
vn 0.702736 -0.111 0.702738
v 0.0178771 -0.125577 0.0431593
vn 0.382647 -0.01367 0.923793
v 0.0322271 -0.135759 0.0322271
vn 0.66195 -0.351629 0.661951
v 0.032932 -0.130775 0.0329321
vn 0.702736 -0.111 0.702738
v 0.0178226 -0.130775 0.0430278
vn 0.380318 -0.110998 0.918171
v 0.0330327 0.0209628 0.0330327
vn 0.706567 0.0390892 0.706566
v 0.0176047 0.0300058 0.0425014
vn 0.376081 0.184962 0.907938
v 0.0178771 0.0209628 0.0431593
vn 0.382391 0.0390888 0.923173
v 0.0168417 0.0364855 0.0406594
vn 0.344941 0.433047 0.832758
v 0.0325292 0.0300058 0.0325291
vn 0.694906 0.184961 0.694906
v 0.0311194 0.0364855 0.0311194
vn 0.637366 0.433044 0.637368
v 0.0176047 0.0300058 0.0425014
vn 0.376081 0.184962 0.907938
v 0.0325292 0.0300058 0.0325291
vn 0.694906 0.184961 0.694906
v 0.0168417 0.0364855 0.0406594
vn 0.344941 0.433047 0.832758
v 0.0330327 0.0209628 0.0330327
vn 0.706567 0.0390892 0.706566
v 0.0325292 0.0300058 0.0325291
vn 0.694906 0.184961 0.694906
v 0.0176047 0.0300058 0.0425014
vn 0.376081 0.184962 0.907938
v 0.0311194 0.0364855 0.0311194
vn 0.637366 0.433044 0.637368
v 0.01567 0.040829 0.0378307
vn 0.27191 0.703662 0.656449
v 0.0168417 0.0364855 0.0406594
vn 0.344941 0.433047 0.832758
v 0.0141713 0.0434636 0.0342125
vn 0.168952 0.897265 0.407887
v 0.0289544 0.040829 0.0289543
vn 0.502424 0.703661 0.502425
v 0.0261852 0.0434636 0.0261851
vn 0.312182 0.897265 0.312181
v 0.01567 0.040829 0.0378307
vn 0.27191 0.703662 0.656449
v 0.0289544 0.040829 0.0289543
vn 0.502424 0.703661 0.502425
v 0.0141713 0.0434636 0.0342125
vn 0.168952 0.897265 0.407887
v 0.0311194 0.0364855 0.0311194
vn 0.637366 0.433044 0.637368
v 0.0289544 0.040829 0.0289543
vn 0.502424 0.703661 0.502425
v 0.01567 0.040829 0.0378307
vn 0.27191 0.703662 0.656449
v 0.0261852 0.0434636 0.0261851
vn 0.312182 0.897265 0.312181
v 0.0124274 0.0448164 0.0300023
vn 0.0781456 0.978929 0.188658
v 0.0141713 0.0434636 0.0342125
vn 0.168952 0.897265 0.407887
v 0.0105199 0.0453148 0.0253974
vn 0.0925125 0.97034 0.223344
v 0.0229628 0.0448164 0.0229628
vn 0.144394 0.978929 0.144392
v 0.0194383 0.0453148 0.0194383
vn 0.170942 0.970339 0.170943
v 0.0124274 0.0448164 0.0300023
vn 0.0781456 0.978929 0.188658
v 0.0229628 0.0448164 0.0229628
vn 0.144394 0.978929 0.144392
v 0.0105199 0.0453148 0.0253974
vn 0.0925125 0.97034 0.223344
v 0.0261852 0.0434636 0.0261851
vn 0.312182 0.897265 0.312181
v 0.0229628 0.0448164 0.0229628
vn 0.144394 0.978929 0.144392
v 0.0124274 0.0448164 0.0300023
vn 0.0781456 0.978929 0.188658
v 0.00972462 0.136318 0.0234772
vn 0.312817 0.575977 0.755246
v 0.0179687 0.135718 0.0179687
vn 0.705742 0.0620354 0.705748
v 0.0179687 0.136318 0.0179686
vn 0.578028 0.575994 0.578027
v 0.00972462 0.135718 0.0234772
vn 0.381934 0.0620131 0.922107
v 0.0179687 0.135718 0.0179687
vn 0.705742 0.0620354 0.705748
v 0.00972462 0.136318 0.0234772
vn 0.312817 0.575977 0.755246
v 0.00972462 0.135718 0.0234772
vn 0.381934 0.0620131 0.922107
v 0.0181331 0.133841 0.018133
vn 0.70579 0.0610794 0.705783
v 0.0179687 0.135718 0.0179687
vn 0.705742 0.0620354 0.705748
v 0.00981353 0.133841 0.0236919
vn 0.381965 0.0610766 0.922156
v 0.0181331 0.133841 0.018133
vn 0.70579 0.0610794 0.705783
v 0.00972462 0.135718 0.0234772
vn 0.381934 0.0620131 0.922107
v 0.00981353 0.133841 0.0236919
vn 0.381965 0.0610766 0.922156
v 0.0181331 0.131964 0.018133
vn 0.620305 -0.480051 0.6203
v 0.0181331 0.133841 0.018133
vn 0.70579 0.0610794 0.705783
v 0.00981354 0.131964 0.0236919
vn 0.3357 -0.48005 0.810468
v 0.0181331 0.131964 0.018133
vn 0.620305 -0.480051 0.6203
v 0.00981353 0.133841 0.0236919
vn 0.381965 0.0610766 0.922156
v -2.95695e-08 -0.149288 0.0159548
vn -1.18287e-07 -0.994696 0.102857
v -0.000815611 -0.15 -0.00196893
vn -0.0150552 0.999226 -0.0363459
v 0.0061056 -0.149288 0.0147404
vn 0.0393616 -0.994696 0.0950278
v -0.000815611 -0.15 -0.00196893
vn -0.0150552 0.999226 -0.0363459
v -2.95695e-08 -0.149288 0.0159548
vn -1.18287e-07 -0.994696 0.102857
v -2.95695e-08 -0.15 -0.00213115
vn -3.89585e-08 0.999226 -0.0393408
v 0.0061056 -0.149288 0.0147404
vn 0.0393616 -0.994696 0.0950278
v -2.95695e-08 -0.147294 0.0289141
vn -2.42189e-07 -0.967163 0.254157
v -2.95695e-08 -0.149288 0.0159548
vn -1.18287e-07 -0.994696 0.102857
v -2.95695e-08 -0.144232 0.0376011
vn -2.89343e-07 -0.875036 0.484057
v 0.0110649 -0.147294 0.0267132
vn 0.0972614 -0.967163 0.23481
v 0.0143893 -0.144232 0.0347389
vn 0.18524 -0.875037 0.44721
v -2.95695e-08 -0.147294 0.0289141
vn -2.42189e-07 -0.967163 0.254157
v 0.0110649 -0.147294 0.0267132
vn 0.0972614 -0.967163 0.23481
v -2.95695e-08 -0.144232 0.0376011
vn -2.89343e-07 -0.875036 0.484057
v 0.0061056 -0.149288 0.0147404
vn 0.0393616 -0.994696 0.0950278
v 0.0110649 -0.147294 0.0267132
vn 0.0972614 -0.967163 0.23481
v -2.95695e-08 -0.147294 0.0289141
vn -2.42189e-07 -0.967163 0.254157
v 0.0143893 -0.144232 0.0347389
vn 0.18524 -0.875037 0.44721
v -2.95695e-08 -0.140316 0.0428703
vn -3.98531e-07 -0.657691 0.753288
v -2.95695e-08 -0.144232 0.0376011
vn -2.89343e-07 -0.875036 0.484057
v -2.95695e-08 -0.135759 0.045576
vn -1.03796e-06 -0.35163 0.936139
v 0.0164057 -0.140316 0.039607
vn 0.28827 -0.657691 0.695947
v 0.0174411 -0.135759 0.0421068
vn 0.358244 -0.351629 0.86488
v -2.95695e-08 -0.140316 0.0428703
vn -3.98531e-07 -0.657691 0.753288
v 0.0164057 -0.140316 0.039607
vn 0.28827 -0.657691 0.695947
v -2.95695e-08 -0.135759 0.045576
vn -1.03796e-06 -0.35163 0.936139
v 0.0143893 -0.144232 0.0347389
vn 0.18524 -0.875037 0.44721
v 0.0164057 -0.140316 0.039607
vn 0.28827 -0.657691 0.695947
v -2.95695e-08 -0.140316 0.0428703
vn -3.98531e-07 -0.657691 0.753288
v 0.0174411 -0.135759 0.0421068
vn 0.358244 -0.351629 0.86488
v -2.95695e-08 -0.130775 0.0465729
vn -8.18841e-07 -0.111 0.99382
v -2.95695e-08 -0.135759 0.045576
vn -1.03796e-06 -0.35163 0.936139
v -1.39698e-09 0.0209628 0.0467152
vn -1.36172e-07 0.0390889 0.999236
v 0.0178771 -0.125577 0.0431593
vn 0.382647 -0.01367 0.923793
v 0.0178771 0.0209628 0.0431593
vn 0.382391 0.0390888 0.923173
v -2.95695e-08 -0.125577 0.0467153
vn -4.84477e-09 -0.01367 0.999907
v 0.0178771 -0.125577 0.0431593
vn 0.382647 -0.01367 0.923793
v -1.39698e-09 0.0209628 0.0467152
vn -1.36172e-07 0.0390889 0.999236
v -2.95695e-08 -0.125577 0.0467153
vn -4.84477e-09 -0.01367 0.999907
v 0.0178226 -0.130775 0.0430278
vn 0.380318 -0.110998 0.918171
v 0.0178771 -0.125577 0.0431593
vn 0.382647 -0.01367 0.923793
v -2.95695e-08 -0.130775 0.0465729
vn -8.18841e-07 -0.111 0.99382
v 0.0178226 -0.130775 0.0430278
vn 0.380318 -0.110998 0.918171
v -2.95695e-08 -0.125577 0.0467153
vn -4.84477e-09 -0.01367 0.999907
v 0.0174411 -0.135759 0.0421068
vn 0.358244 -0.351629 0.86488
v 0.0178226 -0.130775 0.0430278
vn 0.380318 -0.110998 0.918171
v -2.95695e-08 -0.130775 0.0465729
vn -8.18841e-07 -0.111 0.99382
v 0.0178771 0.0209628 0.0431593
vn 0.382391 0.0390888 0.923173
v -1.39698e-09 0.0300058 0.0460032
vn -5.96202e-07 0.184961 0.982746
v -1.39698e-09 0.0209628 0.0467152
vn -1.36172e-07 0.0390889 0.999236
v -1.39698e-09 0.0364855 0.0440095
vn -2.87976e-07 0.433045 0.901372
v 0.0176047 0.0300058 0.0425014
vn 0.376081 0.184962 0.907938
v 0.0168417 0.0364855 0.0406594
vn 0.344941 0.433047 0.832758
v -1.39698e-09 0.0300058 0.0460032
vn -5.96202e-07 0.184961 0.982746
v 0.0176047 0.0300058 0.0425014
vn 0.376081 0.184962 0.907938
v -1.39698e-09 0.0364855 0.0440095
vn -2.87976e-07 0.433045 0.901372
v 0.0178771 0.0209628 0.0431593
vn 0.382391 0.0390888 0.923173
v 0.0176047 0.0300058 0.0425014
vn 0.376081 0.184962 0.907938
v -1.39698e-09 0.0300058 0.0460032
vn -5.96202e-07 0.184961 0.982746
v 0.0168417 0.0364855 0.0406594
vn 0.344941 0.433047 0.832758
v -1.39698e-09 0.040829 0.0409476
vn -1.78168e-07 0.703661 0.710536
v -1.39698e-09 0.0364855 0.0440095
vn -2.87976e-07 0.433045 0.901372
v -1.39698e-09 0.0434636 0.0370314
vn -1.961e-07 0.897265 0.441493
v 0.01567 0.040829 0.0378307
vn 0.27191 0.703662 0.656449
v 0.0141713 0.0434636 0.0342125
vn 0.168952 0.897265 0.407887
v -1.39698e-09 0.040829 0.0409476
vn -1.78168e-07 0.703661 0.710536
v 0.01567 0.040829 0.0378307
vn 0.27191 0.703662 0.656449
v -1.39698e-09 0.0434636 0.0370314
vn -1.961e-07 0.897265 0.441493
v 0.0168417 0.0364855 0.0406594
vn 0.344941 0.433047 0.832758
v 0.01567 0.040829 0.0378307
vn 0.27191 0.703662 0.656449
v -1.39698e-09 0.040829 0.0409476
vn -1.78168e-07 0.703661 0.710536
v 0.0141713 0.0434636 0.0342125
vn 0.168952 0.897265 0.407887
v -1.39698e-09 0.0448164 0.0324743
vn 7.2892e-08 0.978929 0.204204
v -1.39698e-09 0.0434636 0.0370314
vn -1.961e-07 0.897265 0.441493
v -1.39698e-09 0.0453148 0.0274899
vn 2.45433e-07 0.970339 0.241748
v 0.0124274 0.0448164 0.0300023
vn 0.0781456 0.978929 0.188658
v 0.0105199 0.0453148 0.0253974
vn 0.0925125 0.97034 0.223344
v -1.39698e-09 0.0448164 0.0324743
vn 7.2892e-08 0.978929 0.204204
v 0.0124274 0.0448164 0.0300023
vn 0.0781456 0.978929 0.188658
v -1.39698e-09 0.0453148 0.0274899
vn 2.45433e-07 0.970339 0.241748
v 0.0141713 0.0434636 0.0342125
vn 0.168952 0.897265 0.407887
v 0.0124274 0.0448164 0.0300023
vn 0.0781456 0.978929 0.188658
v -1.39698e-09 0.0448164 0.0324743
vn 7.2892e-08 0.978929 0.204204
v 1.83936e-08 0.136318 0.0254116
vn -2.89376e-06 0.575979 0.817465
v 0.00972462 0.135718 0.0234772
vn 0.381934 0.0620131 0.922107
v 0.00972462 0.136318 0.0234772
vn 0.312817 0.575977 0.755246
v 9.54606e-09 0.135718 0.0254116
vn -2.24529e-06 0.0620181 0.998075
v 0.00972462 0.135718 0.0234772
vn 0.381934 0.0620131 0.922107
v 1.83936e-08 0.136318 0.0254116
vn -2.89376e-06 0.575979 0.817465
v 9.54606e-09 0.135718 0.0254116
vn -2.24529e-06 0.0620181 0.998075
v 0.00981353 0.133841 0.0236919
vn 0.381965 0.0610766 0.922156
v 0.00972462 0.135718 0.0234772
vn 0.381934 0.0620131 0.922107
v 9.54606e-09 0.133841 0.0256439
vn 2.74848e-06 0.0610814 0.998133
v 0.00981353 0.133841 0.0236919
vn 0.381965 0.0610766 0.922156
v 9.54606e-09 0.135718 0.0254116
vn -2.24529e-06 0.0620181 0.998075
v 9.54606e-09 0.133841 0.0256439
vn 2.74848e-06 0.0610814 0.998133
v 0.00981354 0.131964 0.0236919
vn 0.3357 -0.48005 0.810468
v 0.00981353 0.133841 0.0236919
vn 0.381965 0.0610766 0.922156
v 5.3551e-09 0.131964 0.0256439
vn 1.6183e-06 -0.480043 0.877245
v 0.00981354 0.131964 0.0236919
vn 0.3357 -0.48005 0.810468
v 9.54606e-09 0.133841 0.0256439
vn 2.74848e-06 0.0610814 0.998133
v -0.00610568 -0.149288 0.0147404
vn -0.039362 -0.994696 0.0950277
v -2.95695e-08 -0.15 -0.00213115
vn -3.89585e-08 0.999226 -0.0393408
v -2.95695e-08 -0.149288 0.0159548
vn -1.18287e-07 -0.994696 0.102857
v -2.95695e-08 -0.15 -0.00213115
vn -3.89585e-08 0.999226 -0.0393408
v -0.00610568 -0.149288 0.0147404
vn -0.039362 -0.994696 0.0950277
v 0.000815551 -0.15 -0.00196893
vn 0.0150546 0.999226 -0.0363465
v -2.95695e-08 -0.149288 0.0159548
vn -1.18287e-07 -0.994696 0.102857
v -0.011065 -0.147294 0.0267132
vn -0.0972618 -0.967163 0.23481
v -0.00610568 -0.149288 0.0147404
vn -0.039362 -0.994696 0.0950277
v -0.0143893 -0.144232 0.0347389
vn -0.185241 -0.875036 0.44721
v -2.95695e-08 -0.147294 0.0289141
vn -2.42189e-07 -0.967163 0.254157
v -2.95695e-08 -0.144232 0.0376011
vn -2.89343e-07 -0.875036 0.484057
v -0.011065 -0.147294 0.0267132
vn -0.0972618 -0.967163 0.23481
v -2.95695e-08 -0.147294 0.0289141
vn -2.42189e-07 -0.967163 0.254157
v -0.0143893 -0.144232 0.0347389
vn -0.185241 -0.875036 0.44721
v -2.95695e-08 -0.149288 0.0159548
vn -1.18287e-07 -0.994696 0.102857
v -2.95695e-08 -0.147294 0.0289141
vn -2.42189e-07 -0.967163 0.254157
v -0.011065 -0.147294 0.0267132
vn -0.0972618 -0.967163 0.23481
v -2.95695e-08 -0.144232 0.0376011
vn -2.89343e-07 -0.875036 0.484057
v -0.0164058 -0.140316 0.0396069
vn -0.288271 -0.657691 0.695947
v -0.0143893 -0.144232 0.0347389
vn -0.185241 -0.875036 0.44721
v -0.0174412 -0.135759 0.0421068
vn -0.358246 -0.351628 0.86488
v -2.95695e-08 -0.140316 0.0428703
vn -3.98531e-07 -0.657691 0.753288
v -2.95695e-08 -0.135759 0.045576
vn -1.03796e-06 -0.35163 0.936139
v -0.0164058 -0.140316 0.0396069
vn -0.288271 -0.657691 0.695947
v -2.95695e-08 -0.140316 0.0428703
vn -3.98531e-07 -0.657691 0.753288
v -0.0174412 -0.135759 0.0421068
vn -0.358246 -0.351628 0.86488
v -2.95695e-08 -0.144232 0.0376011
vn -2.89343e-07 -0.875036 0.484057
v -2.95695e-08 -0.140316 0.0428703
vn -3.98531e-07 -0.657691 0.753288
v -0.0164058 -0.140316 0.0396069
vn -0.288271 -0.657691 0.695947
v -2.95695e-08 -0.135759 0.045576
vn -1.03796e-06 -0.35163 0.936139
v -0.0178227 -0.130775 0.0430277
vn -0.38032 -0.111001 0.91817
v -0.0174412 -0.135759 0.0421068
vn -0.358246 -0.351628 0.86488
v -0.0178772 0.0209628 0.0431593
vn -0.382391 0.0390905 0.923174
v -2.95695e-08 -0.125577 0.0467153
vn -4.84477e-09 -0.01367 0.999907
v -1.39698e-09 0.0209628 0.0467152
vn -1.36172e-07 0.0390889 0.999236
v -0.0178772 -0.125577 0.0431593
vn -0.382648 -0.0136731 0.923793
v -2.95695e-08 -0.125577 0.0467153
vn -4.84477e-09 -0.01367 0.999907
v -0.0178772 0.0209628 0.0431593
vn -0.382391 0.0390905 0.923174
v -0.0178772 -0.125577 0.0431593
vn -0.382648 -0.0136731 0.923793
v -2.95695e-08 -0.130775 0.0465729
vn -8.18841e-07 -0.111 0.99382
v -2.95695e-08 -0.125577 0.0467153
vn -4.84477e-09 -0.01367 0.999907
v -0.0178227 -0.130775 0.0430277
vn -0.38032 -0.111001 0.91817
v -2.95695e-08 -0.130775 0.0465729
vn -8.18841e-07 -0.111 0.99382
v -0.0178772 -0.125577 0.0431593
vn -0.382648 -0.0136731 0.923793
v -2.95695e-08 -0.135759 0.045576
vn -1.03796e-06 -0.35163 0.936139
v -2.95695e-08 -0.130775 0.0465729
vn -8.18841e-07 -0.111 0.99382
v -0.0178227 -0.130775 0.0430277
vn -0.38032 -0.111001 0.91817
v -1.39698e-09 0.0209628 0.0467152
vn -1.36172e-07 0.0390889 0.999236
v -0.0176047 0.0300058 0.0425014
vn -0.376081 0.184962 0.907939
v -0.0178772 0.0209628 0.0431593
vn -0.382391 0.0390905 0.923174
v -0.0168417 0.0364855 0.0406594
vn -0.34494 0.433046 0.832759
v -1.39698e-09 0.0300058 0.0460032
vn -5.96202e-07 0.184961 0.982746
v -1.39698e-09 0.0364855 0.0440095
vn -2.87976e-07 0.433045 0.901372
v -0.0176047 0.0300058 0.0425014
vn -0.376081 0.184962 0.907939
v -1.39698e-09 0.0300058 0.0460032
vn -5.96202e-07 0.184961 0.982746
v -0.0168417 0.0364855 0.0406594
vn -0.34494 0.433046 0.832759
v -1.39698e-09 0.0209628 0.0467152
vn -1.36172e-07 0.0390889 0.999236
v -1.39698e-09 0.0300058 0.0460032
vn -5.96202e-07 0.184961 0.982746
v -0.0176047 0.0300058 0.0425014
vn -0.376081 0.184962 0.907939
v -1.39698e-09 0.0364855 0.0440095
vn -2.87976e-07 0.433045 0.901372
v -0.01567 0.040829 0.0378307
vn -0.271909 0.703662 0.656449
v -0.0168417 0.0364855 0.0406594
vn -0.34494 0.433046 0.832759
v -0.0141713 0.0434636 0.0342125
vn -0.168952 0.897264 0.407887
v -1.39698e-09 0.040829 0.0409476
vn -1.78168e-07 0.703661 0.710536
v -1.39698e-09 0.0434636 0.0370314
vn -1.961e-07 0.897265 0.441493
v -0.01567 0.040829 0.0378307
vn -0.271909 0.703662 0.656449
v -1.39698e-09 0.040829 0.0409476
vn -1.78168e-07 0.703661 0.710536
v -0.0141713 0.0434636 0.0342125
vn -0.168952 0.897264 0.407887
v -1.39698e-09 0.0364855 0.0440095
vn -2.87976e-07 0.433045 0.901372
v -1.39698e-09 0.040829 0.0409476
vn -1.78168e-07 0.703661 0.710536
v -0.01567 0.040829 0.0378307
vn -0.271909 0.703662 0.656449
v -1.39698e-09 0.0434636 0.0370314
vn -1.961e-07 0.897265 0.441493
v -0.0124274 0.0448164 0.0300023
vn -0.0781456 0.978928 0.188661
v -0.0141713 0.0434636 0.0342125
vn -0.168952 0.897264 0.407887
v -0.01052 0.0453148 0.0253974
vn -0.0925126 0.97034 0.223344
v -1.39698e-09 0.0448164 0.0324743
vn 7.2892e-08 0.978929 0.204204
v -1.39698e-09 0.0453148 0.0274899
vn 2.45433e-07 0.970339 0.241748
v -0.0124274 0.0448164 0.0300023
vn -0.0781456 0.978928 0.188661
v -1.39698e-09 0.0448164 0.0324743
vn 7.2892e-08 0.978929 0.204204
v -0.01052 0.0453148 0.0253974
vn -0.0925126 0.97034 0.223344
v -1.39698e-09 0.0434636 0.0370314
vn -1.961e-07 0.897265 0.441493
v -1.39698e-09 0.0448164 0.0324743
vn 7.2892e-08 0.978929 0.204204
v -0.0124274 0.0448164 0.0300023
vn -0.0781456 0.978928 0.188661
v -0.0097246 0.136318 0.0234772
vn -0.312834 0.575986 0.755231
v 9.54606e-09 0.135718 0.0254116
vn -2.24529e-06 0.0620181 0.998075
v 1.83936e-08 0.136318 0.0254116
vn -2.89376e-06 0.575979 0.817465
v -0.00972462 0.135718 0.0234772
vn -0.38195 0.0620262 0.922099
v 9.54606e-09 0.135718 0.0254116
vn -2.24529e-06 0.0620181 0.998075
v -0.0097246 0.136318 0.0234772
vn -0.312834 0.575986 0.755231
v -0.00972462 0.135718 0.0234772
vn -0.38195 0.0620262 0.922099
v 9.54606e-09 0.133841 0.0256439
vn 2.74848e-06 0.0610814 0.998133
v 9.54606e-09 0.135718 0.0254116
vn -2.24529e-06 0.0620181 0.998075
v -0.00981354 0.133841 0.0236919
vn -0.381969 0.0610828 0.922154
v 9.54606e-09 0.133841 0.0256439
vn 2.74848e-06 0.0610814 0.998133
v -0.00972462 0.135718 0.0234772
vn -0.38195 0.0620262 0.922099
v -0.00981354 0.133841 0.0236919
vn -0.381969 0.0610828 0.922154
v 5.3551e-09 0.131964 0.0256439
vn 1.6183e-06 -0.480043 0.877245
v 9.54606e-09 0.133841 0.0256439
vn 2.74848e-06 0.0610814 0.998133
v -0.00981354 0.131964 0.0236919
vn -0.335707 -0.480049 0.810465
v 5.3551e-09 0.131964 0.0256439
vn 1.6183e-06 -0.480043 0.877245
v -0.00981354 0.133841 0.0236919
vn -0.381969 0.0610828 0.922154
v -0.0112818 -0.149288 0.0112818
vn -0.0727312 -0.994696 0.0727309
v 0.000815551 -0.15 -0.00196893
vn 0.0150546 0.999226 -0.0363465
v -0.00610568 -0.149288 0.0147404
vn -0.039362 -0.994696 0.0950277
v 0.000815551 -0.15 -0.00196893
vn 0.0150546 0.999226 -0.0363465
v -0.0112818 -0.149288 0.0112818
vn -0.0727312 -0.994696 0.0727309
v 0.00150696 -0.15 -0.00150697
vn 0.0278176 0.999226 -0.0278189
v -0.00610568 -0.149288 0.0147404
vn -0.039362 -0.994696 0.0950277
v -0.0204454 -0.147294 0.0204454
vn -0.179716 -0.967163 0.179716
v -0.0112818 -0.149288 0.0112818
vn -0.0727312 -0.994696 0.0727309
v -0.026588 -0.144232 0.026588
vn -0.34228 -0.875036 0.34228
v -0.011065 -0.147294 0.0267132
vn -0.0972618 -0.967163 0.23481
v -0.0143893 -0.144232 0.0347389
vn -0.185241 -0.875036 0.44721
v -0.0204454 -0.147294 0.0204454
vn -0.179716 -0.967163 0.179716
v -0.011065 -0.147294 0.0267132
vn -0.0972618 -0.967163 0.23481
v -0.026588 -0.144232 0.026588
vn -0.34228 -0.875036 0.34228
v -0.00610568 -0.149288 0.0147404
vn -0.039362 -0.994696 0.0950277
v -0.011065 -0.147294 0.0267132
vn -0.0972618 -0.967163 0.23481
v -0.0204454 -0.147294 0.0204454
vn -0.179716 -0.967163 0.179716
v -0.0143893 -0.144232 0.0347389
vn -0.185241 -0.875036 0.44721
v -0.0303139 -0.140316 0.0303138
vn -0.532655 -0.657691 0.532655
v -0.026588 -0.144232 0.026588
vn -0.34228 -0.875036 0.34228
v -0.0322271 -0.135759 0.0322271
vn -0.661951 -0.351628 0.66195
v -0.0164058 -0.140316 0.0396069
vn -0.288271 -0.657691 0.695947
v -0.0174412 -0.135759 0.0421068
vn -0.358246 -0.351628 0.86488
v -0.0303139 -0.140316 0.0303138
vn -0.532655 -0.657691 0.532655
v -0.0164058 -0.140316 0.0396069
vn -0.288271 -0.657691 0.695947
v -0.0322271 -0.135759 0.0322271
vn -0.661951 -0.351628 0.66195
v -0.0143893 -0.144232 0.0347389
vn -0.185241 -0.875036 0.44721
v -0.0164058 -0.140316 0.0396069
vn -0.288271 -0.657691 0.695947
v -0.0303139 -0.140316 0.0303138
vn -0.532655 -0.657691 0.532655
v -0.0174412 -0.135759 0.0421068
vn -0.358246 -0.351628 0.86488
v -0.032932 -0.130775 0.032932
vn -0.702738 -0.111 0.702736
v -0.0322271 -0.135759 0.0322271
vn -0.661951 -0.351628 0.66195
v -0.0330327 0.0209628 0.0330327
vn -0.706566 0.0390899 0.706566
v -0.0178772 -0.125577 0.0431593
vn -0.382648 -0.0136731 0.923793
v -0.0178772 0.0209628 0.0431593
vn -0.382391 0.0390905 0.923174
v -0.0330327 -0.125577 0.0330327
vn -0.707042 -0.0136727 0.70704
v -0.0178772 -0.125577 0.0431593
vn -0.382648 -0.0136731 0.923793
v -0.0330327 0.0209628 0.0330327
vn -0.706566 0.0390899 0.706566
v -0.0330327 -0.125577 0.0330327
vn -0.707042 -0.0136727 0.70704
v -0.0178227 -0.130775 0.0430277
vn -0.38032 -0.111001 0.91817
v -0.0178772 -0.125577 0.0431593
vn -0.382648 -0.0136731 0.923793
v -0.032932 -0.130775 0.032932
vn -0.702738 -0.111 0.702736
v -0.0178227 -0.130775 0.0430277
vn -0.38032 -0.111001 0.91817
v -0.0330327 -0.125577 0.0330327
vn -0.707042 -0.0136727 0.70704
v -0.0174412 -0.135759 0.0421068
vn -0.358246 -0.351628 0.86488
v -0.0178227 -0.130775 0.0430277
vn -0.38032 -0.111001 0.91817
v -0.032932 -0.130775 0.032932
vn -0.702738 -0.111 0.702736
v -0.0178772 0.0209628 0.0431593
vn -0.382391 0.0390905 0.923174
v -0.0325292 0.0300058 0.0325291
vn -0.694906 0.184961 0.694907
v -0.0330327 0.0209628 0.0330327
vn -0.706566 0.0390899 0.706566
v -0.0311194 0.0364855 0.0311194
vn -0.637367 0.433044 0.637367
v -0.0176047 0.0300058 0.0425014
vn -0.376081 0.184962 0.907939
v -0.0168417 0.0364855 0.0406594
vn -0.34494 0.433046 0.832759
v -0.0325292 0.0300058 0.0325291
vn -0.694906 0.184961 0.694907
v -0.0176047 0.0300058 0.0425014
vn -0.376081 0.184962 0.907939
v -0.0311194 0.0364855 0.0311194
vn -0.637367 0.433044 0.637367
v -0.0178772 0.0209628 0.0431593
vn -0.382391 0.0390905 0.923174
v -0.0176047 0.0300058 0.0425014
vn -0.376081 0.184962 0.907939
v -0.0325292 0.0300058 0.0325291
vn -0.694906 0.184961 0.694907
v -0.0168417 0.0364855 0.0406594
vn -0.34494 0.433046 0.832759
v -0.0289544 0.040829 0.0289543
vn -0.502425 0.703662 0.502424
v -0.0311194 0.0364855 0.0311194
vn -0.637367 0.433044 0.637367
v -0.0261852 0.0434636 0.0261851
vn -0.312182 0.897266 0.312181
v -0.01567 0.040829 0.0378307
vn -0.271909 0.703662 0.656449
v -0.0141713 0.0434636 0.0342125
vn -0.168952 0.897264 0.407887
v -0.0289544 0.040829 0.0289543
vn -0.502425 0.703662 0.502424
v -0.01567 0.040829 0.0378307
vn -0.271909 0.703662 0.656449
v -0.0261852 0.0434636 0.0261851
vn -0.312182 0.897266 0.312181
v -0.0168417 0.0364855 0.0406594
vn -0.34494 0.433046 0.832759
v -0.01567 0.040829 0.0378307
vn -0.271909 0.703662 0.656449
v -0.0289544 0.040829 0.0289543
vn -0.502425 0.703662 0.502424
v -0.0141713 0.0434636 0.0342125
vn -0.168952 0.897264 0.407887
v -0.0229628 0.0448164 0.0229628
vn -0.144394 0.978929 0.144393
v -0.0261852 0.0434636 0.0261851
vn -0.312182 0.897266 0.312181
v -0.0194384 0.0453148 0.0194383
vn -0.170941 0.970339 0.17094
v -0.0124274 0.0448164 0.0300023
vn -0.0781456 0.978928 0.188661
v -0.01052 0.0453148 0.0253974
vn -0.0925126 0.97034 0.223344
v -0.0229628 0.0448164 0.0229628
vn -0.144394 0.978929 0.144393
v -0.0124274 0.0448164 0.0300023
vn -0.0781456 0.978928 0.188661
v -0.0194384 0.0453148 0.0194383
vn -0.170941 0.970339 0.17094
v -0.0141713 0.0434636 0.0342125
vn -0.168952 0.897264 0.407887
v -0.0124274 0.0448164 0.0300023
vn -0.0781456 0.978928 0.188661
v -0.0229628 0.0448164 0.0229628
vn -0.144394 0.978929 0.144393
v -0.0179688 0.136318 0.0179687
vn -0.578035 0.575983 0.578031
v -0.00972462 0.135718 0.0234772
vn -0.38195 0.0620262 0.922099
v -0.0097246 0.136318 0.0234772
vn -0.312834 0.575986 0.755231
v -0.0179688 0.135718 0.0179687
vn -0.705747 0.0620174 0.705745
v -0.00972462 0.135718 0.0234772
vn -0.38195 0.0620262 0.922099
v -0.0179688 0.136318 0.0179687
vn -0.578035 0.575983 0.578031
v -0.0179688 0.135718 0.0179687
vn -0.705747 0.0620174 0.705745
v -0.00981354 0.133841 0.0236919
vn -0.381969 0.0610828 0.922154
v -0.00972462 0.135718 0.0234772
vn -0.38195 0.0620262 0.922099
v -0.0181331 0.133841 0.018133
vn -0.70579 0.0610787 0.705783
v -0.00981354 0.133841 0.0236919
vn -0.381969 0.0610828 0.922154
v -0.0179688 0.135718 0.0179687
vn -0.705747 0.0620174 0.705745
v -0.0181331 0.133841 0.018133
vn -0.70579 0.0610787 0.705783
v -0.00981354 0.131964 0.0236919
vn -0.335707 -0.480049 0.810465
v -0.00981354 0.133841 0.0236919
vn -0.381969 0.0610828 0.922154
v -0.0181331 0.131964 0.018133
vn -0.620305 -0.48005 0.620302
v -0.00981354 0.131964 0.0236919
vn -0.335707 -0.480049 0.810465
v -0.0181331 0.133841 0.018133
vn -0.70579 0.0610787 0.705783
v -0.0147403 -0.149288 0.00610565
vn -0.0950277 -0.994696 0.0393617
v 0.00150696 -0.15 -0.00150697
vn 0.0278176 0.999226 -0.0278189
v -0.0112818 -0.149288 0.0112818
vn -0.0727312 -0.994696 0.0727309
v 0.00150696 -0.15 -0.00150697
vn 0.0278176 0.999226 -0.0278189
v -0.0147403 -0.149288 0.00610565
vn -0.0950277 -0.994696 0.0393617
v 0.00196896 -0.15 -0.00081557
vn 0.0363459 0.999226 -0.0150556
v -0.0112818 -0.149288 0.0112818
vn -0.0727312 -0.994696 0.0727309
v -0.0267131 -0.147294 0.011065
vn -0.23481 -0.967163 0.0972614
v -0.0147403 -0.149288 0.00610565
vn -0.0950277 -0.994696 0.0393617
v -0.0347389 -0.144232 0.0143893
vn -0.44721 -0.875037 0.18524
v -0.0204454 -0.147294 0.0204454
vn -0.179716 -0.967163 0.179716
v -0.026588 -0.144232 0.026588
vn -0.34228 -0.875036 0.34228
v -0.0267131 -0.147294 0.011065
vn -0.23481 -0.967163 0.0972614
v -0.0204454 -0.147294 0.0204454
vn -0.179716 -0.967163 0.179716
v -0.0347389 -0.144232 0.0143893
vn -0.44721 -0.875037 0.18524
v -0.0112818 -0.149288 0.0112818
vn -0.0727312 -0.994696 0.0727309
v -0.0204454 -0.147294 0.0204454
vn -0.179716 -0.967163 0.179716
v -0.0267131 -0.147294 0.011065
vn -0.23481 -0.967163 0.0972614
v -0.026588 -0.144232 0.026588
vn -0.34228 -0.875036 0.34228
v -0.0396069 -0.140316 0.0164057
vn -0.695947 -0.657692 0.28827
v -0.0347389 -0.144232 0.0143893
vn -0.44721 -0.875037 0.18524
v -0.0421068 -0.135759 0.0174412
vn -0.864881 -0.351628 0.358244
v -0.0303139 -0.140316 0.0303138
vn -0.532655 -0.657691 0.532655
v -0.0322271 -0.135759 0.0322271
vn -0.661951 -0.351628 0.66195
v -0.0396069 -0.140316 0.0164057
vn -0.695947 -0.657692 0.28827
v -0.0303139 -0.140316 0.0303138
vn -0.532655 -0.657691 0.532655
v -0.0421068 -0.135759 0.0174412
vn -0.864881 -0.351628 0.358244
v -0.026588 -0.144232 0.026588
vn -0.34228 -0.875036 0.34228
v -0.0303139 -0.140316 0.0303138
vn -0.532655 -0.657691 0.532655
v -0.0396069 -0.140316 0.0164057
vn -0.695947 -0.657692 0.28827
v -0.0322271 -0.135759 0.0322271
vn -0.661951 -0.351628 0.66195
v -0.0430277 -0.130775 0.0178227
vn -0.918171 -0.110997 0.380319
v -0.0421068 -0.135759 0.0174412
vn -0.864881 -0.351628 0.358244
v -0.0431593 0.0209628 0.0178771
vn -0.923174 0.0390883 0.38239
v -0.0330327 -0.125577 0.0330327
vn -0.707042 -0.0136727 0.70704
v -0.0330327 0.0209628 0.0330327
vn -0.706566 0.0390899 0.706566
v -0.0431593 -0.125577 0.0178772
vn -0.923793 -0.0136706 0.382647
v -0.0330327 -0.125577 0.0330327
vn -0.707042 -0.0136727 0.70704
v -0.0431593 0.0209628 0.0178771
vn -0.923174 0.0390883 0.38239
v -0.0431593 -0.125577 0.0178772
vn -0.923793 -0.0136706 0.382647
v -0.032932 -0.130775 0.032932
vn -0.702738 -0.111 0.702736
v -0.0330327 -0.125577 0.0330327
vn -0.707042 -0.0136727 0.70704
v -0.0430277 -0.130775 0.0178227
vn -0.918171 -0.110997 0.380319
v -0.032932 -0.130775 0.032932
vn -0.702738 -0.111 0.702736
v -0.0431593 -0.125577 0.0178772
vn -0.923793 -0.0136706 0.382647
v -0.0322271 -0.135759 0.0322271
vn -0.661951 -0.351628 0.66195
v -0.032932 -0.130775 0.032932
vn -0.702738 -0.111 0.702736
v -0.0430277 -0.130775 0.0178227
vn -0.918171 -0.110997 0.380319
v -0.0330327 0.0209628 0.0330327
vn -0.706566 0.0390899 0.706566
v -0.0425015 0.0300058 0.0176046
vn -0.907939 0.184961 0.37608
v -0.0431593 0.0209628 0.0178771
vn -0.923174 0.0390883 0.38239
v -0.0406595 0.0364855 0.0168417
vn -0.83276 0.433045 0.344939
v -0.0325292 0.0300058 0.0325291
vn -0.694906 0.184961 0.694907
v -0.0311194 0.0364855 0.0311194
vn -0.637367 0.433044 0.637367
v -0.0425015 0.0300058 0.0176046
vn -0.907939 0.184961 0.37608
v -0.0325292 0.0300058 0.0325291
vn -0.694906 0.184961 0.694907
v -0.0406595 0.0364855 0.0168417
vn -0.83276 0.433045 0.344939
v -0.0330327 0.0209628 0.0330327
vn -0.706566 0.0390899 0.706566
v -0.0325292 0.0300058 0.0325291
vn -0.694906 0.184961 0.694907
v -0.0425015 0.0300058 0.0176046
vn -0.907939 0.184961 0.37608
v -0.0311194 0.0364855 0.0311194
vn -0.637367 0.433044 0.637367
v -0.0378307 0.040829 0.01567
vn -0.656449 0.703662 0.271909
v -0.0406595 0.0364855 0.0168417
vn -0.83276 0.433045 0.344939
v -0.0342126 0.0434636 0.0141713
vn -0.407885 0.897265 0.168951
v -0.0289544 0.040829 0.0289543
vn -0.502425 0.703662 0.502424
v -0.0261852 0.0434636 0.0261851
vn -0.312182 0.897266 0.312181
v -0.0378307 0.040829 0.01567
vn -0.656449 0.703662 0.271909
v -0.0289544 0.040829 0.0289543
vn -0.502425 0.703662 0.502424
v -0.0342126 0.0434636 0.0141713
vn -0.407885 0.897265 0.168951
v -0.0311194 0.0364855 0.0311194
vn -0.637367 0.433044 0.637367
v -0.0289544 0.040829 0.0289543
vn -0.502425 0.703662 0.502424
v -0.0378307 0.040829 0.01567
vn -0.656449 0.703662 0.271909
v -0.0261852 0.0434636 0.0261851
vn -0.312182 0.897266 0.312181
v -0.0300024 0.0448164 0.0124273
vn -0.18866 0.978928 0.0781455
v -0.0342126 0.0434636 0.0141713
vn -0.407885 0.897265 0.168951
v -0.0253974 0.0453148 0.0105199
vn -0.223345 0.970339 0.092512
v -0.0229628 0.0448164 0.0229628
vn -0.144394 0.978929 0.144393
v -0.0194384 0.0453148 0.0194383
vn -0.170941 0.970339 0.17094
v -0.0300024 0.0448164 0.0124273
vn -0.18866 0.978928 0.0781455
v -0.0229628 0.0448164 0.0229628
vn -0.144394 0.978929 0.144393
v -0.0253974 0.0453148 0.0105199
vn -0.223345 0.970339 0.092512
v -0.0261852 0.0434636 0.0261851
vn -0.312182 0.897266 0.312181
v -0.0229628 0.0448164 0.0229628
vn -0.144394 0.978929 0.144393
v -0.0300024 0.0448164 0.0124273
vn -0.18866 0.978928 0.0781455
v -0.0234773 0.136318 0.00972455
vn -0.755234 0.575983 0.312834
v -0.0179688 0.135718 0.0179687
vn -0.705747 0.0620174 0.705745
v -0.0179688 0.136318 0.0179687
vn -0.578035 0.575983 0.578031
v -0.0234773 0.135718 0.00972455
vn -0.9221 0.0620187 0.381949
v -0.0179688 0.135718 0.0179687
vn -0.705747 0.0620174 0.705745
v -0.0234773 0.136318 0.00972455
vn -0.755234 0.575983 0.312834
v -0.0234773 0.135718 0.00972455
vn -0.9221 0.0620187 0.381949
v -0.0181331 0.133841 0.018133
vn -0.70579 0.0610787 0.705783
v -0.0179688 0.135718 0.0179687
vn -0.705747 0.0620174 0.705745
v -0.023692 0.133841 0.00981348
vn -0.922155 0.0610797 0.381968
v -0.0181331 0.133841 0.018133
vn -0.70579 0.0610787 0.705783
v -0.0234773 0.135718 0.00972455
vn -0.9221 0.0620187 0.381949
v -0.023692 0.133841 0.00981348
vn -0.922155 0.0610797 0.381968
v -0.0181331 0.131964 0.018133
vn -0.620305 -0.48005 0.620302
v -0.0181331 0.133841 0.018133
vn -0.70579 0.0610787 0.705783
v -0.023692 0.131964 0.00981348
vn -0.810464 -0.480051 0.335707
v -0.0181331 0.131964 0.018133
vn -0.620305 -0.48005 0.620302
v -0.023692 0.133841 0.00981348
vn -0.922155 0.0610797 0.381968
v -0.0159548 -0.149288 2.88399e-08
vn -0.102857 -0.994696 1.00038e-06
v 0.00196896 -0.15 -0.00081557
vn 0.0363459 0.999226 -0.0150556
v -0.0147403 -0.149288 0.00610565
vn -0.0950277 -0.994696 0.0393617
v 0.00196896 -0.15 -0.00081557
vn 0.0363459 0.999226 -0.0150556
v -0.0159548 -0.149288 2.88399e-08
vn -0.102857 -0.994696 1.00038e-06
v 0.0021312 -0.15 2.8871e-08
vn 0.0393403 0.999226 -2.48997e-07
v -0.0147403 -0.149288 0.00610565
vn -0.0950277 -0.994696 0.0393617
v -0.0289141 -0.147294 2.87527e-08
vn -0.254157 -0.967163 4.781e-07
v -0.0159548 -0.149288 2.88399e-08
vn -0.102857 -0.994696 1.00038e-06
v -0.0376011 -0.144232 2.86189e-08
vn -0.484057 -0.875036 3.86601e-07
v -0.0267131 -0.147294 0.011065
vn -0.23481 -0.967163 0.0972614
v -0.0347389 -0.144232 0.0143893
vn -0.44721 -0.875037 0.18524
v -0.0289141 -0.147294 2.87527e-08
vn -0.254157 -0.967163 4.781e-07
v -0.0267131 -0.147294 0.011065
vn -0.23481 -0.967163 0.0972614
v -0.0376011 -0.144232 2.86189e-08
vn -0.484057 -0.875036 3.86601e-07
v -0.0147403 -0.149288 0.00610565
vn -0.0950277 -0.994696 0.0393617
v -0.0267131 -0.147294 0.011065
vn -0.23481 -0.967163 0.0972614
v -0.0289141 -0.147294 2.87527e-08
vn -0.254157 -0.967163 4.781e-07
v -0.0347389 -0.144232 0.0143893
vn -0.44721 -0.875037 0.18524
v -0.0428702 -0.140316 2.84477e-08
vn -0.753287 -0.657691 -1.8183e-07
v -0.0376011 -0.144232 2.86189e-08
vn -0.484057 -0.875036 3.86601e-07
v -0.045576 -0.135759 2.82485e-08
vn -0.936139 -0.351629 -3.44323e-07
v -0.0396069 -0.140316 0.0164057
vn -0.695947 -0.657692 0.28827
v -0.0421068 -0.135759 0.0174412
vn -0.864881 -0.351628 0.358244
v -0.0428702 -0.140316 2.84477e-08
vn -0.753287 -0.657691 -1.8183e-07
v -0.0396069 -0.140316 0.0164057
vn -0.695947 -0.657692 0.28827
v -0.045576 -0.135759 2.82485e-08
vn -0.936139 -0.351629 -3.44323e-07
v -0.0347389 -0.144232 0.0143893
vn -0.44721 -0.875037 0.18524
v -0.0396069 -0.140316 0.0164057
vn -0.695947 -0.657692 0.28827
v -0.0428702 -0.140316 2.84477e-08
vn -0.753287 -0.657691 -1.8183e-07
v -0.0421068 -0.135759 0.0174412
vn -0.864881 -0.351628 0.358244
v -0.0465729 -0.130775 2.80306e-08
vn -0.993821 -0.110998 -2.63549e-08
v -0.045576 -0.135759 2.82485e-08
vn -0.936139 -0.351629 -3.44323e-07
v -0.0467153 0.0209628 -2.23742e-08
vn -0.999236 0.0390881 2.9666e-07
v -0.0431593 -0.125577 0.0178772
vn -0.923793 -0.0136706 0.382647
v -0.0431593 0.0209628 0.0178771
vn -0.923174 0.0390883 0.38239
v -0.0467153 -0.125577 2.78034e-08
vn -0.999907 -0.0136704 3.39134e-08
v -0.0431593 -0.125577 0.0178772
vn -0.923793 -0.0136706 0.382647
v -0.0467153 0.0209628 -2.23742e-08
vn -0.999236 0.0390881 2.9666e-07
v -0.0467153 -0.125577 2.78034e-08
vn -0.999907 -0.0136704 3.39134e-08
v -0.0430277 -0.130775 0.0178227
vn -0.918171 -0.110997 0.380319
v -0.0431593 -0.125577 0.0178772
vn -0.923793 -0.0136706 0.382647
v -0.0465729 -0.130775 2.80306e-08
vn -0.993821 -0.110998 -2.63549e-08
v -0.0430277 -0.130775 0.0178227
vn -0.918171 -0.110997 0.380319
v -0.0467153 -0.125577 2.78034e-08
vn -0.999907 -0.0136704 3.39134e-08
v -0.0421068 -0.135759 0.0174412
vn -0.864881 -0.351628 0.358244
v -0.0430277 -0.130775 0.0178227
vn -0.918171 -0.110997 0.380319
v -0.0465729 -0.130775 2.80306e-08
vn -0.993821 -0.110998 -2.63549e-08
v -0.0431593 0.0209628 0.0178771
vn -0.923174 0.0390883 0.38239
v -0.0460032 0.0300058 -3.20827e-08
vn -0.982746 0.18496 2.6361e-07
v -0.0467153 0.0209628 -2.23742e-08
vn -0.999236 0.0390881 2.9666e-07
v -0.0440095 0.0364855 -3.23659e-08
vn -0.901372 0.433045 3.52523e-07
v -0.0425015 0.0300058 0.0176046
vn -0.907939 0.184961 0.37608
v -0.0406595 0.0364855 0.0168417
vn -0.83276 0.433045 0.344939
v -0.0460032 0.0300058 -3.20827e-08
vn -0.982746 0.18496 2.6361e-07
v -0.0425015 0.0300058 0.0176046
vn -0.907939 0.184961 0.37608
v -0.0440095 0.0364855 -3.23659e-08
vn -0.901372 0.433045 3.52523e-07
v -0.0431593 0.0209628 0.0178771
vn -0.923174 0.0390883 0.38239
v -0.0425015 0.0300058 0.0176046
vn -0.907939 0.184961 0.37608
v -0.0460032 0.0300058 -3.20827e-08
vn -0.982746 0.18496 2.6361e-07
v -0.0406595 0.0364855 0.0168417
vn -0.83276 0.433045 0.344939
v -0.0409477 0.0408289 -3.25558e-08
vn -0.710536 0.703661 -7.73297e-08
v -0.0440095 0.0364855 -3.23659e-08
vn -0.901372 0.433045 3.52523e-07
v -0.0370314 0.0434635 -3.26709e-08
vn -0.441492 0.897265 -2.07635e-07
v -0.0378307 0.040829 0.01567
vn -0.656449 0.703662 0.271909
v -0.0342126 0.0434636 0.0141713
vn -0.407885 0.897265 0.168951
v -0.0409477 0.0408289 -3.25558e-08
vn -0.710536 0.703661 -7.73297e-08
v -0.0378307 0.040829 0.01567
vn -0.656449 0.703662 0.271909
v -0.0370314 0.0434635 -3.26709e-08
vn -0.441492 0.897265 -2.07635e-07
v -0.0406595 0.0364855 0.0168417
vn -0.83276 0.433045 0.344939
v -0.0378307 0.040829 0.01567
vn -0.656449 0.703662 0.271909
v -0.0409477 0.0408289 -3.25558e-08
vn -0.710536 0.703661 -7.73297e-08
v -0.0342126 0.0434636 0.0141713
vn -0.407885 0.897265 0.168951
v -0.0324743 0.0448164 -3.27301e-08
vn -0.204205 0.978928 -2.13298e-07
v -0.0370314 0.0434635 -3.26709e-08
vn -0.441492 0.897265 -2.07635e-07
v -0.02749 0.0453148 -3.27519e-08
vn -0.241749 0.970339 5.05233e-07
v -0.0300024 0.0448164 0.0124273
vn -0.18866 0.978928 0.0781455
v -0.0253974 0.0453148 0.0105199
vn -0.223345 0.970339 0.092512
v -0.0324743 0.0448164 -3.27301e-08
vn -0.204205 0.978928 -2.13298e-07
v -0.0300024 0.0448164 0.0124273
vn -0.18866 0.978928 0.0781455
v -0.02749 0.0453148 -3.27519e-08
vn -0.241749 0.970339 5.05233e-07
v -0.0342126 0.0434636 0.0141713
vn -0.407885 0.897265 0.168951
v -0.0300024 0.0448164 0.0124273
vn -0.18866 0.978928 0.0781455
v -0.0324743 0.0448164 -3.27301e-08
vn -0.204205 0.978928 -2.13298e-07
v -0.0254117 0.136318 -6.28068e-08
vn -0.817463 0.575982 6.58078e-06
v -0.0234773 0.135718 0.00972455
vn -0.9221 0.0620187 0.381949
v -0.0234773 0.136318 0.00972455
vn -0.755234 0.575983 0.312834
v -0.0254117 0.135718 -6.27805e-08
vn -0.998075 0.0620207 4.03865e-06
v -0.0234773 0.135718 0.00972455
vn -0.9221 0.0620187 0.381949
v -0.0254117 0.136318 -6.28068e-08
vn -0.817463 0.575982 6.58078e-06
v -0.0254117 0.135718 -6.27805e-08
vn -0.998075 0.0620207 4.03865e-06
v -0.023692 0.133841 0.00981348
vn -0.922155 0.0610797 0.381968
v -0.0234773 0.135718 0.00972455
vn -0.9221 0.0620187 0.381949
v -0.025644 0.133841 -6.26985e-08
vn -0.998133 0.0610813 1.01054e-06
v -0.023692 0.133841 0.00981348
vn -0.922155 0.0610797 0.381968
v -0.0254117 0.135718 -6.27805e-08
vn -0.998075 0.0620207 4.03865e-06
v -0.025644 0.133841 -6.26985e-08
vn -0.998133 0.0610813 1.01054e-06
v -0.023692 0.131964 0.00981348
vn -0.810464 -0.480051 0.335707
v -0.023692 0.133841 0.00981348
vn -0.922155 0.0610797 0.381968
v -0.025644 0.131964 -6.26164e-08
vn -0.877241 -0.480051 1.83016e-06
v -0.023692 0.131964 0.00981348
vn -0.810464 -0.480051 0.335707
v -0.025644 0.133841 -6.26985e-08
vn -0.998133 0.0610813 1.01054e-06
v -0.0235915 0.0470954 -3.28297e-08
vn -0.744916 0.667158 1.21947e-06
v -0.0253974 0.0453148 -0.01052
vn -0.223348 0.970339 -0.0925134
v -0.02749 0.0453148 -3.27519e-08
vn -0.241749 0.970339 5.05233e-07
v -0.0253974 0.0453148 -0.01052
vn -0.223348 0.970339 -0.0925134
v -0.0235915 0.0470954 -3.28297e-08
vn -0.744916 0.667158 1.21947e-06
v -0.0217957 0.0470954 -0.00902813
vn -0.688213 0.667158 -0.285068
v -0.0217957 0.0470954 -0.00902813
vn -0.688213 0.667158 -0.285068
v -0.0194384 0.0453148 -0.0194384
vn -0.170943 0.970339 -0.170942
v -0.0253974 0.0453148 -0.01052
vn -0.223348 0.970339 -0.0925134
v -0.0194384 0.0453148 -0.0194384
vn -0.170943 0.970339 -0.170942
v -0.0217957 0.0470954 -0.00902813
vn -0.688213 0.667158 -0.285068
v -0.0166817 0.0470954 -0.0166818
vn -0.526734 0.667158 -0.526736
v -0.0166817 0.0470954 -0.0166818
vn -0.526734 0.667158 -0.526736
v -0.01052 0.0453148 -0.0253975
vn -0.0925133 0.970339 -0.223348
v -0.0194384 0.0453148 -0.0194384
vn -0.170943 0.970339 -0.170942
v -0.01052 0.0453148 -0.0253975
vn -0.0925133 0.970339 -0.223348
v -0.0166817 0.0470954 -0.0166818
vn -0.526734 0.667158 -0.526736
v -0.0090281 0.0470954 -0.0217958
vn -0.285068 0.667159 -0.688212
v -0.0090281 0.0470954 -0.0217958
vn -0.285068 0.667159 -0.688212
v -7.91624e-09 0.0453148 -0.02749
vn -4.54949e-08 0.970338 -0.241751
v -0.01052 0.0453148 -0.0253975
vn -0.0925133 0.970339 -0.223348
v -7.91624e-09 0.0453148 -0.02749
vn -4.54949e-08 0.970338 -0.241751
v -0.0090281 0.0470954 -0.0217958
vn -0.285068 0.667159 -0.688212
v -7.91624e-09 0.0470954 -0.0235916
vn -1.47968e-07 0.667158 -0.744916
v -7.91624e-09 0.0470954 -0.0235916
vn -1.47968e-07 0.667158 -0.744916
v 0.0105199 0.0453148 -0.0253975
vn 0.0925136 0.970338 -0.223349
v -7.91624e-09 0.0453148 -0.02749
vn -4.54949e-08 0.970338 -0.241751
v 0.0105199 0.0453148 -0.0253975
vn 0.0925136 0.970338 -0.223349
v -7.91624e-09 0.0470954 -0.0235916
vn -1.47968e-07 0.667158 -0.744916
v 0.00902807 0.0470954 -0.0217958
vn 0.285067 0.667157 -0.688214
v 0.00902807 0.0470954 -0.0217958
vn 0.285067 0.667157 -0.688214
v 0.0194383 0.0453148 -0.0194384
vn 0.170943 0.970339 -0.170941
v 0.0105199 0.0453148 -0.0253975
vn 0.0925136 0.970338 -0.223349
v 0.0194383 0.0453148 -0.0194384
vn 0.170943 0.970339 -0.170941
v 0.00902807 0.0470954 -0.0217958
vn 0.285067 0.667157 -0.688214
v 0.0166817 0.0470954 -0.0166818
vn 0.526736 0.667159 -0.526733
v 0.0166817 0.0470954 -0.0166818
vn 0.526736 0.667159 -0.526733
v 0.0253974 0.0453148 -0.01052
vn 0.223348 0.970339 -0.0925129
v 0.0194383 0.0453148 -0.0194384
vn 0.170943 0.970339 -0.170941
v 0.0253974 0.0453148 -0.01052
vn 0.223348 0.970339 -0.0925129
v 0.0166817 0.0470954 -0.0166818
vn 0.526736 0.667159 -0.526733
v 0.0217957 0.0470954 -0.00902813
vn 0.688213 0.667158 -0.285066
v 0.0217957 0.0470954 -0.00902813
vn 0.688213 0.667158 -0.285066
v 0.02749 0.0453148 -3.27519e-08
vn 0.24175 0.970339 -3.43606e-07
v 0.0253974 0.0453148 -0.01052
vn 0.223348 0.970339 -0.0925129
v 0.02749 0.0453148 -3.27519e-08
vn 0.24175 0.970339 -3.43606e-07
v 0.0217957 0.0470954 -0.00902813
vn 0.688213 0.667158 -0.285066
v 0.0235915 0.0470954 -3.28297e-08
vn 0.744916 0.667158 4.33701e-07
v 0.0235915 0.0470954 -3.28297e-08
vn 0.744916 0.667158 4.33701e-07
v 0.0253974 0.0453148 0.0105199
vn 0.223345 0.970339 0.0925126
v 0.02749 0.0453148 -3.27519e-08
vn 0.24175 0.970339 -3.43606e-07
v 0.0253974 0.0453148 0.0105199
vn 0.223345 0.970339 0.0925126
v 0.0235915 0.0470954 -3.28297e-08
vn 0.744916 0.667158 4.33701e-07
v 0.0217957 0.0470954 0.00902803
vn 0.688213 0.667158 0.285066
v 0.0217957 0.0470954 0.00902803
vn 0.688213 0.667158 0.285066
v 0.0194383 0.0453148 0.0194383
vn 0.170942 0.970339 0.170943
v 0.0253974 0.0453148 0.0105199
vn 0.223345 0.970339 0.0925126
v 0.0194383 0.0453148 0.0194383
vn 0.170942 0.970339 0.170943
v 0.0217957 0.0470954 0.00902803
vn 0.688213 0.667158 0.285066
v 0.0166817 0.0470954 0.0166817
vn 0.526735 0.667157 0.526738
v 0.0166817 0.0470954 0.0166817
vn 0.526735 0.667157 0.526738
v 0.0105199 0.0453148 0.0253974
vn 0.0925125 0.97034 0.223344
v 0.0194383 0.0453148 0.0194383
vn 0.170942 0.970339 0.170943
v 0.0105199 0.0453148 0.0253974
vn 0.0925125 0.97034 0.223344
v 0.0166817 0.0470954 0.0166817
vn 0.526735 0.667157 0.526738
v 0.00902807 0.0470954 0.0217957
vn 0.285066 0.667157 0.688215
v 0.00902807 0.0470954 0.0217957
vn 0.285066 0.667157 0.688215
v -1.39698e-09 0.0453148 0.0274899
vn 2.45433e-07 0.970339 0.241748
v 0.0105199 0.0453148 0.0253974
vn 0.0925125 0.97034 0.223344
v -1.39698e-09 0.0453148 0.0274899
vn 2.45433e-07 0.970339 0.241748
v 0.00902807 0.0470954 0.0217957
vn 0.285066 0.667157 0.688215
v -1.39698e-09 0.0470954 0.0235915
vn 4.49008e-07 0.667156 0.744918
v -1.39698e-09 0.0470954 0.0235915
vn 4.49008e-07 0.667156 0.744918
v -0.01052 0.0453148 0.0253974
vn -0.0925126 0.97034 0.223344
v -1.39698e-09 0.0453148 0.0274899
vn 2.45433e-07 0.970339 0.241748
v -0.01052 0.0453148 0.0253974
vn -0.0925126 0.97034 0.223344
v -1.39698e-09 0.0470954 0.0235915
vn 4.49008e-07 0.667156 0.744918
v -0.0090281 0.0470954 0.0217957
vn -0.285067 0.667158 0.688213
v -0.0090281 0.0470954 0.0217957
vn -0.285067 0.667158 0.688213
v -0.0194384 0.0453148 0.0194383
vn -0.170941 0.970339 0.17094
v -0.01052 0.0453148 0.0253974
vn -0.0925126 0.97034 0.223344
v -0.0194384 0.0453148 0.0194383
vn -0.170941 0.970339 0.17094
v -0.0090281 0.0470954 0.0217957
vn -0.285067 0.667158 0.688213
v -0.0166817 0.0470954 0.0166817
vn -0.526736 0.667159 0.526734
v -0.0166817 0.0470954 0.0166817
vn -0.526736 0.667159 0.526734
v -0.0253974 0.0453148 0.0105199
vn -0.223345 0.970339 0.092512
v -0.0194384 0.0453148 0.0194383
vn -0.170941 0.970339 0.17094
v -0.0253974 0.0453148 0.0105199
vn -0.223345 0.970339 0.092512
v -0.0166817 0.0470954 0.0166817
vn -0.526736 0.667159 0.526734
v -0.0217957 0.0470954 0.00902803
vn -0.688213 0.667159 0.285065
v -0.0217957 0.0470954 0.00902803
vn -0.688213 0.667159 0.285065
v -0.02749 0.0453148 -3.27519e-08
vn -0.241749 0.970339 5.05233e-07
v -0.0253974 0.0453148 0.0105199
vn -0.223345 0.970339 0.092512
v -0.02749 0.0453148 -3.27519e-08
vn -0.241749 0.970339 5.05233e-07
v -0.0217957 0.0470954 0.00902803
vn -0.688213 0.667159 0.285065
v -0.0235915 0.0470954 -3.28297e-08
vn -0.744916 0.667158 1.21947e-06
v -0.0108881 0.143079 -0.0108882
vn -0.29502 0.908802 -0.295028
v -2.09548e-08 0.143079 -0.0153982
vn -3.69478e-07 0.908808 -0.417215
v -0.00589263 0.143079 -0.0142261
vn -0.159665 0.908806 -0.38546
v -2.09548e-08 0.143079 -0.0153982
vn -3.69478e-07 0.908808 -0.417215
v 0.0108881 0.143079 -0.0108882
vn 0.295019 0.908806 -0.295017
v 0.00589259 0.143079 -0.0142261
vn 0.159661 0.908804 -0.385465
v 0.0108881 0.143079 -0.0108882
vn 0.295019 0.908806 -0.295017
v 0.0153981 0.143079 -1.15256e-07
vn 0.417221 0.908805 1.62466e-06
v 0.014226 0.143079 -0.00589272
vn 0.385464 0.908804 -0.159663
v -2.09548e-08 0.143079 -0.0153982
vn -3.69478e-07 0.908808 -0.417215
v 0.0153981 0.143079 -1.15256e-07
vn 0.417221 0.908805 1.62466e-06
v 0.0108881 0.143079 -0.0108882
vn 0.295019 0.908806 -0.295017
v 0.0153981 0.143079 -1.15256e-07
vn 0.417221 0.908805 1.62466e-06
v 0.0108881 0.143079 0.010888
vn 0.295021 0.908805 0.295019
v 0.014226 0.143079 0.0058925
vn 0.385464 0.908804 0.159668
v 0.0108881 0.143079 0.010888
vn 0.295021 0.908805 0.295019
v 5.3551e-09 0.143079 0.015398
vn 6.23665e-07 0.908796 0.417241
v 0.0058926 0.143079 0.0142259
vn 0.159666 0.908806 0.385458
v 0.0153981 0.143079 -1.15256e-07
vn 0.417221 0.908805 1.62466e-06
v 5.3551e-09 0.143079 0.015398
vn 6.23665e-07 0.908796 0.417241
v 0.0108881 0.143079 0.010888
vn 0.295021 0.908805 0.295019
v 5.3551e-09 0.143079 0.015398
vn 6.23665e-07 0.908796 0.417241
v -0.0108881 0.143079 0.010888
vn -0.295022 0.908805 0.295018
v -0.0058926 0.143079 0.0142259
vn -0.159667 0.908805 0.385459
v -0.0108881 0.143079 0.010888
vn -0.295022 0.908805 0.295018
v -0.0153981 0.143079 -7.14842e-08
vn -0.417219 0.908806 2.62041e-07
v -0.014226 0.143079 0.00589253
vn -0.385461 0.908806 0.159663
v 5.3551e-09 0.143079 0.015398
vn 6.23665e-07 0.908796 0.417241
v -0.0153981 0.143079 -7.14842e-08
vn -0.417219 0.908806 2.62041e-07
v -0.0108881 0.143079 0.010888
vn -0.295022 0.908805 0.295018
v 0.0153981 0.143079 -1.15256e-07
vn 0.417221 0.908805 1.62466e-06
v -0.0153981 0.143079 -7.14842e-08
vn -0.417219 0.908806 2.62041e-07
v 5.3551e-09 0.143079 0.015398
vn 6.23665e-07 0.908796 0.417241
v -2.09548e-08 0.143079 -0.0153982
vn -3.69478e-07 0.908808 -0.417215
v -0.0153981 0.143079 -7.14842e-08
vn -0.417219 0.908806 2.62041e-07
v 0.0153981 0.143079 -1.15256e-07
vn 0.417221 0.908805 1.62466e-06
v -0.0108881 0.143079 -0.0108882
vn -0.29502 0.908802 -0.295028
v -0.0153981 0.143079 -7.14842e-08
vn -0.417219 0.908806 2.62041e-07
v -2.09548e-08 0.143079 -0.0153982
vn -3.69478e-07 0.908808 -0.417215
v -0.014226 0.143079 -0.00589268
vn -0.385462 0.908805 -0.159664
v -0.0153981 0.143079 -7.14842e-08
vn -0.417219 0.908806 2.62041e-07
v -0.0108881 0.143079 -0.0108882
vn -0.29502 0.908802 -0.295028
v -0.0254117 0.136318 -6.28068e-08
vn -0.817463 0.575982 6.58078e-06
v -0.0195336 0.137444 -0.00809116
vn -0.433572 0.883042 -0.179591
v -0.0234773 0.136318 -0.00972469
vn -0.755232 0.575982 -0.31284
v -0.0195336 0.137444 -0.00809116
vn -0.433572 0.883042 -0.179591
v -0.0254117 0.136318 -6.28068e-08
vn -0.817463 0.575982 6.58078e-06
v -0.0211431 0.137444 -7.12379e-08
vn -0.469295 0.883041 -1.08441e-06
v -0.0211431 0.137444 -7.12379e-08
vn -0.469295 0.883041 -1.08441e-06
v -0.0184721 0.138571 -0.00765146
vn -0.646916 0.71393 -0.267963
v -0.0195336 0.137444 -0.00809116
vn -0.433572 0.883042 -0.179591
v -0.0163491 0.140825 -0.00677207
vn -0.646917 0.713929 -0.267963
v -0.0188451 0.139698 -7.13364e-08
vn -0.700215 0.713932 9.96106e-07
v -0.0176961 0.140825 -7.13857e-08
vn -0.700216 0.713931 -3.99879e-07
v -0.0174106 0.139698 -0.00721176
vn -0.646916 0.71393 -0.267962
v -0.0188451 0.139698 -7.13364e-08
vn -0.700215 0.713932 9.96106e-07
v -0.0163491 0.140825 -0.00677207
vn -0.646917 0.713929 -0.267963
v -0.0174106 0.139698 -0.00721176
vn -0.646916 0.71393 -0.267962
v -0.0199941 0.138571 -7.12872e-08
vn -0.700217 0.713931 -4.99849e-07
v -0.0188451 0.139698 -7.13364e-08
vn -0.700215 0.713932 9.96106e-07
v -0.0184721 0.138571 -0.00765146
vn -0.646916 0.71393 -0.267963
v -0.0199941 0.138571 -7.12872e-08
vn -0.700217 0.713931 -4.99849e-07
v -0.0174106 0.139698 -0.00721176
vn -0.646916 0.71393 -0.267962
v -0.0211431 0.137444 -7.12379e-08
vn -0.469295 0.883041 -1.08441e-06
v -0.0199941 0.138571 -7.12872e-08
vn -0.700217 0.713931 -4.99849e-07
v -0.0184721 0.138571 -0.00765146
vn -0.646916 0.71393 -0.267963
v -0.0234773 0.136318 -0.00972469
vn -0.755232 0.575982 -0.31284
v -0.0149504 0.137444 -0.0149505
vn -0.331844 0.88304 -0.331843
v -0.0179688 0.136318 -0.0179688
vn -0.578029 0.57598 -0.578039
v -0.0149504 0.137444 -0.0149505
vn -0.331844 0.88304 -0.331843
v -0.0234773 0.136318 -0.00972469
vn -0.755232 0.575982 -0.31284
v -0.0195336 0.137444 -0.00809116
vn -0.433572 0.883042 -0.179591
v -0.0195336 0.137444 -0.00809116
vn -0.433572 0.883042 -0.179591
v -0.014138 0.138571 -0.014138
vn -0.495127 0.713926 -0.495135
v -0.0149504 0.137444 -0.0149505
vn -0.331844 0.88304 -0.331843
v -0.012513 0.140825 -0.0125131
vn -0.495129 0.713933 -0.495122
v -0.0174106 0.139698 -0.00721176
vn -0.646916 0.71393 -0.267962
v -0.0163491 0.140825 -0.00677207
vn -0.646917 0.713929 -0.267963
v -0.0133255 0.139698 -0.0133256
vn -0.495129 0.713932 -0.495125
v -0.0174106 0.139698 -0.00721176
vn -0.646916 0.71393 -0.267962
v -0.012513 0.140825 -0.0125131
vn -0.495129 0.713933 -0.495122
v -0.0133255 0.139698 -0.0133256
vn -0.495129 0.713932 -0.495125
v -0.0184721 0.138571 -0.00765146
vn -0.646916 0.71393 -0.267963
v -0.0174106 0.139698 -0.00721176
vn -0.646916 0.71393 -0.267962
v -0.014138 0.138571 -0.014138
vn -0.495127 0.713926 -0.495135
v -0.0184721 0.138571 -0.00765146
vn -0.646916 0.71393 -0.267963
v -0.0133255 0.139698 -0.0133256
vn -0.495129 0.713932 -0.495125
v -0.0195336 0.137444 -0.00809116
vn -0.433572 0.883042 -0.179591
v -0.0184721 0.138571 -0.00765146
vn -0.646916 0.71393 -0.267963
v -0.014138 0.138571 -0.014138
vn -0.495127 0.713926 -0.495135
v -0.0179688 0.136318 -0.0179688
vn -0.578029 0.57598 -0.578039
v -0.00809112 0.137444 -0.0195337
vn -0.179594 0.883041 -0.433573
v -0.00972464 0.136318 -0.0234774
vn -0.312829 0.575981 -0.755237
v -0.00809112 0.137444 -0.0195337
vn -0.179594 0.883041 -0.433573
v -0.0179688 0.136318 -0.0179688
vn -0.578029 0.57598 -0.578039
v -0.0149504 0.137444 -0.0149505
vn -0.331844 0.88304 -0.331843
v -0.0149504 0.137444 -0.0149505
vn -0.331844 0.88304 -0.331843
v -0.00765142 0.138571 -0.0184722
vn -0.267962 0.713931 -0.646915
v -0.00809112 0.137444 -0.0195337
vn -0.179594 0.883041 -0.433573
v -0.00677202 0.140825 -0.0163491
vn -0.267959 0.713922 -0.646926
v -0.0133255 0.139698 -0.0133256
vn -0.495129 0.713932 -0.495125
v -0.012513 0.140825 -0.0125131
vn -0.495129 0.713933 -0.495122
v -0.00721172 0.139698 -0.0174107
vn -0.267959 0.713935 -0.646912
v -0.0133255 0.139698 -0.0133256
vn -0.495129 0.713932 -0.495125
v -0.00677202 0.140825 -0.0163491
vn -0.267959 0.713922 -0.646926
v -0.00721172 0.139698 -0.0174107
vn -0.267959 0.713935 -0.646912
v -0.014138 0.138571 -0.014138
vn -0.495127 0.713926 -0.495135
v -0.0133255 0.139698 -0.0133256
vn -0.495129 0.713932 -0.495125
v -0.00765142 0.138571 -0.0184722
vn -0.267962 0.713931 -0.646915
v -0.014138 0.138571 -0.014138
vn -0.495127 0.713926 -0.495135
v -0.00721172 0.139698 -0.0174107
vn -0.267959 0.713935 -0.646912
v -0.0149504 0.137444 -0.0149505
vn -0.331844 0.88304 -0.331843
v -0.014138 0.138571 -0.014138
vn -0.495127 0.713926 -0.495135
v -0.00765142 0.138571 -0.0184722
vn -0.267962 0.713931 -0.646915
v -0.00972464 0.136318 -0.0234774
vn -0.312829 0.575981 -0.755237
v -2.53785e-08 0.137444 -0.0211431
vn -1.27607e-06 0.883043 -0.469292
v -2.95695e-08 0.136318 -0.0254117
vn -1.54664e-05 0.575979 -0.817464
v -2.53785e-08 0.137444 -0.0211431
vn -1.27607e-06 0.883043 -0.469292
v -0.00972464 0.136318 -0.0234774
vn -0.312829 0.575981 -0.755237
v -0.00809112 0.137444 -0.0195337
vn -0.179594 0.883041 -0.433573
v -0.00809112 0.137444 -0.0195337
vn -0.179594 0.883041 -0.433573
v -2.53785e-08 0.138571 -0.0199941
vn -7.63841e-07 0.713931 -0.700216
v -2.53785e-08 0.137444 -0.0211431
vn -1.27607e-06 0.883043 -0.469292
v -2.53785e-08 0.140825 -0.0176962
vn -2.62615e-06 0.713934 -0.700213
v -0.00721172 0.139698 -0.0174107
vn -0.267959 0.713935 -0.646912
v -0.00677202 0.140825 -0.0163491
vn -0.267959 0.713922 -0.646926
v -2.53785e-08 0.139698 -0.0188452
vn 1.74798e-07 0.713938 -0.700209
v -0.00721172 0.139698 -0.0174107
vn -0.267959 0.713935 -0.646912
v -2.53785e-08 0.140825 -0.0176962
vn -2.62615e-06 0.713934 -0.700213
v -2.53785e-08 0.139698 -0.0188452
vn 1.74798e-07 0.713938 -0.700209
v -0.00765142 0.138571 -0.0184722
vn -0.267962 0.713931 -0.646915
v -0.00721172 0.139698 -0.0174107
vn -0.267959 0.713935 -0.646912
v -2.53785e-08 0.138571 -0.0199941
vn -7.63841e-07 0.713931 -0.700216
v -0.00765142 0.138571 -0.0184722
vn -0.267962 0.713931 -0.646915
v -2.53785e-08 0.139698 -0.0188452
vn 1.74798e-07 0.713938 -0.700209
v -0.00809112 0.137444 -0.0195337
vn -0.179594 0.883041 -0.433573
v -0.00765142 0.138571 -0.0184722
vn -0.267962 0.713931 -0.646915
v -2.53785e-08 0.138571 -0.0199941
vn -7.63841e-07 0.713931 -0.700216
v -2.95695e-08 0.136318 -0.0254117
vn -1.54664e-05 0.575979 -0.817464
v 0.00809108 0.137444 -0.0195337
vn 0.179592 0.88304 -0.433575
v 0.00972459 0.136318 -0.0234774
vn 0.312829 0.575972 -0.755245
v 0.00809108 0.137444 -0.0195337
vn 0.179592 0.88304 -0.433575
v -2.95695e-08 0.136318 -0.0254117
vn -1.54664e-05 0.575979 -0.817464
v -2.53785e-08 0.137444 -0.0211431
vn -1.27607e-06 0.883043 -0.469292
v -2.53785e-08 0.137444 -0.0211431
vn -1.27607e-06 0.883043 -0.469292
v 0.00765137 0.138571 -0.0184722
vn 0.26796 0.713927 -0.64692
v 0.00809108 0.137444 -0.0195337
vn 0.179592 0.88304 -0.433575
v 0.00677198 0.140825 -0.0163492
vn 0.267961 0.713935 -0.646911
v -2.53785e-08 0.139698 -0.0188452
vn 1.74798e-07 0.713938 -0.700209
v -2.53785e-08 0.140825 -0.0176962
vn -2.62615e-06 0.713934 -0.700213
v 0.00721168 0.139698 -0.0174107
vn 0.267961 0.713939 -0.646906
v -2.53785e-08 0.139698 -0.0188452
vn 1.74798e-07 0.713938 -0.700209
v 0.00677198 0.140825 -0.0163492
vn 0.267961 0.713935 -0.646911
v 0.00721168 0.139698 -0.0174107
vn 0.267961 0.713939 -0.646906
v -2.53785e-08 0.138571 -0.0199941
vn -7.63841e-07 0.713931 -0.700216
v -2.53785e-08 0.139698 -0.0188452
vn 1.74798e-07 0.713938 -0.700209
v 0.00765137 0.138571 -0.0184722
vn 0.26796 0.713927 -0.64692
v -2.53785e-08 0.138571 -0.0199941
vn -7.63841e-07 0.713931 -0.700216
v 0.00721168 0.139698 -0.0174107
vn 0.267961 0.713939 -0.646906
v -2.53785e-08 0.137444 -0.0211431
vn -1.27607e-06 0.883043 -0.469292
v -2.53785e-08 0.138571 -0.0199941
vn -7.63841e-07 0.713931 -0.700216
v 0.00765137 0.138571 -0.0184722
vn 0.26796 0.713927 -0.64692
v 0.00972459 0.136318 -0.0234774
vn 0.312829 0.575972 -0.755245
v 0.0149504 0.137444 -0.0149505
vn 0.331842 0.883042 -0.33184
v 0.0179687 0.136318 -0.0179689
vn 0.578033 0.575974 -0.578041
v 0.0149504 0.137444 -0.0149505
vn 0.331842 0.883042 -0.33184
v 0.00972459 0.136318 -0.0234774
vn 0.312829 0.575972 -0.755245
v 0.00809108 0.137444 -0.0195337
vn 0.179592 0.88304 -0.433575
v 0.00809108 0.137444 -0.0195337
vn 0.179592 0.88304 -0.433575
v 0.0141379 0.138571 -0.014138
vn 0.495126 0.713931 -0.495128
v 0.0149504 0.137444 -0.0149505
vn 0.331842 0.883042 -0.33184
v 0.012513 0.140825 -0.0125131
vn 0.495126 0.713929 -0.495131
v 0.00721168 0.139698 -0.0174107
vn 0.267961 0.713939 -0.646906
v 0.00677198 0.140825 -0.0163492
vn 0.267961 0.713935 -0.646911
v 0.0133255 0.139698 -0.0133256
vn 0.495128 0.713929 -0.495129
v 0.00721168 0.139698 -0.0174107
vn 0.267961 0.713939 -0.646906
v 0.012513 0.140825 -0.0125131
vn 0.495126 0.713929 -0.495131
v 0.0133255 0.139698 -0.0133256
vn 0.495128 0.713929 -0.495129
v 0.00765137 0.138571 -0.0184722
vn 0.26796 0.713927 -0.64692
v 0.00721168 0.139698 -0.0174107
vn 0.267961 0.713939 -0.646906
v 0.0141379 0.138571 -0.014138
vn 0.495126 0.713931 -0.495128
v 0.00765137 0.138571 -0.0184722
vn 0.26796 0.713927 -0.64692
v 0.0133255 0.139698 -0.0133256
vn 0.495128 0.713929 -0.495129
v 0.00809108 0.137444 -0.0195337
vn 0.179592 0.88304 -0.433575
v 0.00765137 0.138571 -0.0184722
vn 0.26796 0.713927 -0.64692
v 0.0141379 0.138571 -0.014138
vn 0.495126 0.713931 -0.495128
v 0.0179687 0.136318 -0.0179689
vn 0.578033 0.575974 -0.578041
v 0.0195336 0.137444 -0.0080912
vn 0.433572 0.883042 -0.179587
v 0.0234773 0.136318 -0.00972473
vn 0.755235 0.575987 -0.312826
v 0.0195336 0.137444 -0.0080912
vn 0.433572 0.883042 -0.179587
v 0.0179687 0.136318 -0.0179689
vn 0.578033 0.575974 -0.578041
v 0.0149504 0.137444 -0.0149505
vn 0.331842 0.883042 -0.33184
v 0.0149504 0.137444 -0.0149505
vn 0.331842 0.883042 -0.33184
v 0.0184721 0.138571 -0.0076515
vn 0.646916 0.71393 -0.267962
v 0.0195336 0.137444 -0.0080912
vn 0.433572 0.883042 -0.179587
v 0.016349 0.140825 -0.00677211
vn 0.646916 0.713931 -0.267961
v 0.0133255 0.139698 -0.0133256
vn 0.495128 0.713929 -0.495129
v 0.012513 0.140825 -0.0125131
vn 0.495126 0.713929 -0.495131
v 0.0174106 0.139698 -0.0072118
vn 0.646916 0.71393 -0.267962
v 0.0133255 0.139698 -0.0133256
vn 0.495128 0.713929 -0.495129
v 0.016349 0.140825 -0.00677211
vn 0.646916 0.713931 -0.267961
v 0.0174106 0.139698 -0.0072118
vn 0.646916 0.71393 -0.267962
v 0.0141379 0.138571 -0.014138
vn 0.495126 0.713931 -0.495128
v 0.0133255 0.139698 -0.0133256
vn 0.495128 0.713929 -0.495129
v 0.0184721 0.138571 -0.0076515
vn 0.646916 0.71393 -0.267962
v 0.0141379 0.138571 -0.014138
vn 0.495126 0.713931 -0.495128
v 0.0174106 0.139698 -0.0072118
vn 0.646916 0.71393 -0.267962
v 0.0149504 0.137444 -0.0149505
vn 0.331842 0.883042 -0.33184
v 0.0141379 0.138571 -0.014138
vn 0.495126 0.713931 -0.495128
v 0.0184721 0.138571 -0.0076515
vn 0.646916 0.71393 -0.267962
v 0.0234773 0.136318 -0.00972473
vn 0.755235 0.575987 -0.312826
v 0.021143 0.137444 -1.1501e-07
vn 0.469294 0.883042 5.7981e-07
v 0.0254116 0.136318 -1.05648e-07
vn 0.817463 0.575982 -1.35397e-06
v 0.021143 0.137444 -1.1501e-07
vn 0.469294 0.883042 5.7981e-07
v 0.0234773 0.136318 -0.00972473
vn 0.755235 0.575987 -0.312826
v 0.0195336 0.137444 -0.0080912
vn 0.433572 0.883042 -0.179587
v 0.0195336 0.137444 -0.0080912
vn 0.433572 0.883042 -0.179587
v 0.0199941 0.138571 -1.15059e-07
vn 0.700217 0.71393 -6.12989e-07
v 0.021143 0.137444 -1.1501e-07
vn 0.469294 0.883042 5.7981e-07
v 0.0176961 0.140825 -1.15158e-07
vn 0.700217 0.71393 6.69858e-07
v 0.0174106 0.139698 -0.0072118
vn 0.646916 0.71393 -0.267962
v 0.016349 0.140825 -0.00677211
vn 0.646916 0.713931 -0.267961
v 0.0188451 0.139698 -1.15109e-07
vn 0.700216 0.713931 -1.00089e-06
v 0.0174106 0.139698 -0.0072118
vn 0.646916 0.71393 -0.267962
v 0.0176961 0.140825 -1.15158e-07
vn 0.700217 0.71393 6.69858e-07
v 0.0188451 0.139698 -1.15109e-07
vn 0.700216 0.713931 -1.00089e-06
v 0.0184721 0.138571 -0.0076515
vn 0.646916 0.71393 -0.267962
v 0.0174106 0.139698 -0.0072118
vn 0.646916 0.71393 -0.267962
v 0.0199941 0.138571 -1.15059e-07
vn 0.700217 0.71393 -6.12989e-07
v 0.0184721 0.138571 -0.0076515
vn 0.646916 0.71393 -0.267962
v 0.0188451 0.139698 -1.15109e-07
vn 0.700216 0.713931 -1.00089e-06
v 0.0195336 0.137444 -0.0080912
vn 0.433572 0.883042 -0.179587
v 0.0184721 0.138571 -0.0076515
vn 0.646916 0.71393 -0.267962
v 0.0199941 0.138571 -1.15059e-07
vn 0.700217 0.71393 -6.12989e-07
v 0.0254116 0.136318 -1.05648e-07
vn 0.817463 0.575982 -1.35397e-06
v 0.0195336 0.137444 0.00809098
vn 0.433572 0.883042 0.179591
v 0.0234773 0.136318 0.00972451
vn 0.75524 0.575984 0.312818
v 0.0195336 0.137444 0.00809098
vn 0.433572 0.883042 0.179591
v 0.0254116 0.136318 -1.05648e-07
vn 0.817463 0.575982 -1.35397e-06
v 0.021143 0.137444 -1.1501e-07
vn 0.469294 0.883042 5.7981e-07
v 0.021143 0.137444 -1.1501e-07
vn 0.469294 0.883042 5.7981e-07
v 0.0184721 0.138571 0.00765129
vn 0.646916 0.71393 0.267962
v 0.0195336 0.137444 0.00809098
vn 0.433572 0.883042 0.179591
v 0.0163491 0.140825 0.00677189
vn 0.646917 0.713929 0.267962
v 0.0188451 0.139698 -1.15109e-07
vn 0.700216 0.713931 -1.00089e-06
v 0.0176961 0.140825 -1.15158e-07
vn 0.700217 0.71393 6.69858e-07
v 0.0174106 0.139698 0.00721158
vn 0.646916 0.713931 0.26796
v 0.0188451 0.139698 -1.15109e-07
vn 0.700216 0.713931 -1.00089e-06
v 0.0163491 0.140825 0.00677189
vn 0.646917 0.713929 0.267962
v 0.0174106 0.139698 0.00721158
vn 0.646916 0.713931 0.26796
v 0.0199941 0.138571 -1.15059e-07
vn 0.700217 0.71393 -6.12989e-07
v 0.0188451 0.139698 -1.15109e-07
vn 0.700216 0.713931 -1.00089e-06
v 0.0184721 0.138571 0.00765129
vn 0.646916 0.71393 0.267962
v 0.0199941 0.138571 -1.15059e-07
vn 0.700217 0.71393 -6.12989e-07
v 0.0174106 0.139698 0.00721158
vn 0.646916 0.713931 0.26796
v 0.021143 0.137444 -1.1501e-07
vn 0.469294 0.883042 5.7981e-07
v 0.0199941 0.138571 -1.15059e-07
vn 0.700217 0.71393 -6.12989e-07
v 0.0184721 0.138571 0.00765129
vn 0.646916 0.71393 0.267962
v 0.0234773 0.136318 0.00972451
vn 0.75524 0.575984 0.312818
v 0.0149504 0.137444 0.0149503
vn 0.331842 0.883043 0.331837
v 0.0179687 0.136318 0.0179686
vn 0.578028 0.575994 0.578027
v 0.0149504 0.137444 0.0149503
vn 0.331842 0.883043 0.331837
v 0.0234773 0.136318 0.00972451
vn 0.75524 0.575984 0.312818
v 0.0195336 0.137444 0.00809098
vn 0.433572 0.883042 0.179591
v 0.0195336 0.137444 0.00809098
vn 0.433572 0.883042 0.179591
v 0.0141379 0.138571 0.0141378
vn 0.495127 0.71393 0.495129
v 0.0149504 0.137444 0.0149503
vn 0.331842 0.883043 0.331837
v 0.012513 0.140825 0.0125129
vn 0.495132 0.713932 0.495121
v 0.0174106 0.139698 0.00721158
vn 0.646916 0.713931 0.26796
v 0.0163491 0.140825 0.00677189
vn 0.646917 0.713929 0.267962
v 0.0133255 0.139698 0.0133254
vn 0.495129 0.713931 0.495125
v 0.0174106 0.139698 0.00721158
vn 0.646916 0.713931 0.26796
v 0.012513 0.140825 0.0125129
vn 0.495132 0.713932 0.495121
v 0.0133255 0.139698 0.0133254
vn 0.495129 0.713931 0.495125
v 0.0184721 0.138571 0.00765129
vn 0.646916 0.71393 0.267962
v 0.0174106 0.139698 0.00721158
vn 0.646916 0.713931 0.26796
v 0.0141379 0.138571 0.0141378
vn 0.495127 0.71393 0.495129
v 0.0184721 0.138571 0.00765129
vn 0.646916 0.71393 0.267962
v 0.0133255 0.139698 0.0133254
vn 0.495129 0.713931 0.495125
v 0.0195336 0.137444 0.00809098
vn 0.433572 0.883042 0.179591
v 0.0184721 0.138571 0.00765129
vn 0.646916 0.71393 0.267962
v 0.0141379 0.138571 0.0141378
vn 0.495127 0.71393 0.495129
v 0.0179687 0.136318 0.0179686
vn 0.578028 0.575994 0.578027
v 0.0080911 0.137445 0.0195335
vn 0.179591 0.883045 0.433565
v 0.00972462 0.136318 0.0234772
vn 0.312817 0.575977 0.755246
v 0.0080911 0.137445 0.0195335
vn 0.179591 0.883045 0.433565
v 0.0179687 0.136318 0.0179686
vn 0.578028 0.575994 0.578027
v 0.0149504 0.137444 0.0149503
vn 0.331842 0.883043 0.331837
v 0.0149504 0.137444 0.0149503
vn 0.331842 0.883043 0.331837
v 0.0076514 0.138571 0.018472
vn 0.267959 0.713936 0.64691
v 0.0080911 0.137445 0.0195335
vn 0.179591 0.883045 0.433565
v 0.006772 0.140825 0.016349
vn 0.267961 0.713929 0.646917
v 0.0133255 0.139698 0.0133254
vn 0.495129 0.713931 0.495125
v 0.012513 0.140825 0.0125129
vn 0.495132 0.713932 0.495121
v 0.0072117 0.139698 0.0174105
vn 0.267962 0.713931 0.646915
v 0.0133255 0.139698 0.0133254
vn 0.495129 0.713931 0.495125
v 0.006772 0.140825 0.016349
vn 0.267961 0.713929 0.646917
v 0.0072117 0.139698 0.0174105
vn 0.267962 0.713931 0.646915
v 0.0141379 0.138571 0.0141378
vn 0.495127 0.71393 0.495129
v 0.0133255 0.139698 0.0133254
vn 0.495129 0.713931 0.495125
v 0.0076514 0.138571 0.018472
vn 0.267959 0.713936 0.64691
v 0.0141379 0.138571 0.0141378
vn 0.495127 0.71393 0.495129
v 0.0072117 0.139698 0.0174105
vn 0.267962 0.713931 0.646915
v 0.0149504 0.137444 0.0149503
vn 0.331842 0.883043 0.331837
v 0.0141379 0.138571 0.0141378
vn 0.495127 0.71393 0.495129
v 0.0076514 0.138571 0.018472
vn 0.267959 0.713936 0.64691
v 0.00972462 0.136318 0.0234772
vn 0.312817 0.575977 0.755246
v 9.54606e-09 0.137445 0.021143
vn 8.83055e-07 0.883045 0.469289
v 1.83936e-08 0.136318 0.0254116
vn -2.89376e-06 0.575979 0.817465
v 9.54606e-09 0.137445 0.021143
vn 8.83055e-07 0.883045 0.469289
v 0.00972462 0.136318 0.0234772
vn 0.312817 0.575977 0.755246
v 0.0080911 0.137445 0.0195335
vn 0.179591 0.883045 0.433565
v 0.0080911 0.137445 0.0195335
vn 0.179591 0.883045 0.433565
v 9.54606e-09 0.138571 0.019994
vn 5.91437e-07 0.713939 0.700208
v 9.54606e-09 0.137445 0.021143
vn 8.83055e-07 0.883045 0.469289
v 9.54606e-09 0.140825 0.017696
vn 1.6079e-06 0.713929 0.700218
v 0.0072117 0.139698 0.0174105
vn 0.267962 0.713931 0.646915
v 0.006772 0.140825 0.016349
vn 0.267961 0.713929 0.646917
v 9.54606e-09 0.139698 0.018845
vn 9.26667e-07 0.71393 0.700217
v 0.0072117 0.139698 0.0174105
vn 0.267962 0.713931 0.646915
v 9.54606e-09 0.140825 0.017696
vn 1.6079e-06 0.713929 0.700218
v 9.54606e-09 0.139698 0.018845
vn 9.26667e-07 0.71393 0.700217
v 0.0076514 0.138571 0.018472
vn 0.267959 0.713936 0.64691
v 0.0072117 0.139698 0.0174105
vn 0.267962 0.713931 0.646915
v 9.54606e-09 0.138571 0.019994
vn 5.91437e-07 0.713939 0.700208
v 0.0076514 0.138571 0.018472
vn 0.267959 0.713936 0.64691
v 9.54606e-09 0.139698 0.018845
vn 9.26667e-07 0.71393 0.700217
v 0.0080911 0.137445 0.0195335
vn 0.179591 0.883045 0.433565
v 0.0076514 0.138571 0.018472
vn 0.267959 0.713936 0.64691
v 9.54606e-09 0.138571 0.019994
vn 5.91437e-07 0.713939 0.700208
v 1.83936e-08 0.136318 0.0254116
vn -2.89376e-06 0.575979 0.817465
v -0.00809108 0.137445 0.0195335
vn -0.179592 0.883041 0.433572
v -0.0097246 0.136318 0.0234772
vn -0.312834 0.575986 0.755231
v -0.00809108 0.137445 0.0195335
vn -0.179592 0.883041 0.433572
v 1.83936e-08 0.136318 0.0254116
vn -2.89376e-06 0.575979 0.817465
v 9.54606e-09 0.137445 0.021143
vn 8.83055e-07 0.883045 0.469289
v 9.54606e-09 0.137445 0.021143
vn 8.83055e-07 0.883045 0.469289
v -0.00765139 0.138571 0.018472
vn -0.26796 0.713936 0.64691
v -0.00809108 0.137445 0.0195335
vn -0.179592 0.883041 0.433572
v -0.00677199 0.140825 0.016349
vn -0.26796 0.713931 0.646915
v 9.54606e-09 0.139698 0.018845
vn 9.26667e-07 0.71393 0.700217
v 9.54606e-09 0.140825 0.017696
vn 1.6079e-06 0.713929 0.700218
v -0.00721169 0.139698 0.0174105
vn -0.267963 0.713938 0.646907
v 9.54606e-09 0.139698 0.018845
vn 9.26667e-07 0.71393 0.700217
v -0.00677199 0.140825 0.016349
vn -0.26796 0.713931 0.646915
v -0.00721169 0.139698 0.0174105
vn -0.267963 0.713938 0.646907
v 9.54606e-09 0.138571 0.019994
vn 5.91437e-07 0.713939 0.700208
v 9.54606e-09 0.139698 0.018845
vn 9.26667e-07 0.71393 0.700217
v -0.00765139 0.138571 0.018472
vn -0.26796 0.713936 0.64691
v 9.54606e-09 0.138571 0.019994
vn 5.91437e-07 0.713939 0.700208
v -0.00721169 0.139698 0.0174105
vn -0.267963 0.713938 0.646907
v 9.54606e-09 0.137445 0.021143
vn 8.83055e-07 0.883045 0.469289
v 9.54606e-09 0.138571 0.019994
vn 5.91437e-07 0.713939 0.700208
v -0.00765139 0.138571 0.018472
vn -0.26796 0.713936 0.64691
v -0.0097246 0.136318 0.0234772
vn -0.312834 0.575986 0.755231
v -0.0149504 0.137444 0.0149503
vn -0.331841 0.883041 0.331843
v -0.0179688 0.136318 0.0179687
vn -0.578035 0.575983 0.578031
v -0.0149504 0.137444 0.0149503
vn -0.331841 0.883041 0.331843
v -0.0097246 0.136318 0.0234772
vn -0.312834 0.575986 0.755231
v -0.00809108 0.137445 0.0195335
vn -0.179592 0.883041 0.433572
v -0.00809108 0.137445 0.0195335
vn -0.179592 0.883041 0.433572
v -0.0141379 0.138571 0.0141379
vn -0.495128 0.713928 0.495132
v -0.0149504 0.137444 0.0149503
vn -0.331841 0.883041 0.331843
v -0.012513 0.140825 0.0125129
vn -0.495125 0.713926 0.495137
v -0.00721169 0.139698 0.0174105
vn -0.267963 0.713938 0.646907
v -0.00677199 0.140825 0.016349
vn -0.26796 0.713931 0.646915
v -0.0133255 0.139698 0.0133254
vn -0.495127 0.713929 0.495131
v -0.00721169 0.139698 0.0174105
vn -0.267963 0.713938 0.646907
v -0.012513 0.140825 0.0125129
vn -0.495125 0.713926 0.495137
v -0.0133255 0.139698 0.0133254
vn -0.495127 0.713929 0.495131
v -0.00765139 0.138571 0.018472
vn -0.26796 0.713936 0.64691
v -0.00721169 0.139698 0.0174105
vn -0.267963 0.713938 0.646907
v -0.0141379 0.138571 0.0141379
vn -0.495128 0.713928 0.495132
v -0.00765139 0.138571 0.018472
vn -0.26796 0.713936 0.64691
v -0.0133255 0.139698 0.0133254
vn -0.495127 0.713929 0.495131
v -0.00809108 0.137445 0.0195335
vn -0.179592 0.883041 0.433572
v -0.00765139 0.138571 0.018472
vn -0.26796 0.713936 0.64691
v -0.0141379 0.138571 0.0141379
vn -0.495128 0.713928 0.495132
v -0.0179688 0.136318 0.0179687
vn -0.578035 0.575983 0.578031
v -0.0195336 0.137444 0.00809102
vn -0.43357 0.883042 0.179593
v -0.0234773 0.136318 0.00972455
vn -0.755234 0.575983 0.312834
v -0.0195336 0.137444 0.00809102
vn -0.43357 0.883042 0.179593
v -0.0179688 0.136318 0.0179687
vn -0.578035 0.575983 0.578031
v -0.0149504 0.137444 0.0149503
vn -0.331841 0.883041 0.331843
v -0.0149504 0.137444 0.0149503
vn -0.331841 0.883041 0.331843
v -0.0184721 0.138571 0.00765133
vn -0.646915 0.71393 0.267964
v -0.0195336 0.137444 0.00809102
vn -0.43357 0.883042 0.179593
v -0.0163491 0.140825 0.00677193
vn -0.646915 0.713931 0.26796
v -0.0133255 0.139698 0.0133254
vn -0.495127 0.713929 0.495131
v -0.012513 0.140825 0.0125129
vn -0.495125 0.713926 0.495137
v -0.0174106 0.139698 0.00721163
vn -0.646917 0.713931 0.267959
v -0.0133255 0.139698 0.0133254
vn -0.495127 0.713929 0.495131
v -0.0163491 0.140825 0.00677193
vn -0.646915 0.713931 0.26796
v -0.0174106 0.139698 0.00721163
vn -0.646917 0.713931 0.267959
v -0.0141379 0.138571 0.0141379
vn -0.495128 0.713928 0.495132
v -0.0133255 0.139698 0.0133254
vn -0.495127 0.713929 0.495131
v -0.0184721 0.138571 0.00765133
vn -0.646915 0.71393 0.267964
v -0.0141379 0.138571 0.0141379
vn -0.495128 0.713928 0.495132
v -0.0174106 0.139698 0.00721163
vn -0.646917 0.713931 0.267959
v -0.0149504 0.137444 0.0149503
vn -0.331841 0.883041 0.331843
v -0.0141379 0.138571 0.0141379
vn -0.495128 0.713928 0.495132
v -0.0184721 0.138571 0.00765133
vn -0.646915 0.71393 0.267964
v -0.0234773 0.136318 0.00972455
vn -0.755234 0.575983 0.312834
v -0.0211431 0.137444 -7.12379e-08
vn -0.469295 0.883041 -1.08441e-06
v -0.0254117 0.136318 -6.28068e-08
vn -0.817463 0.575982 6.58078e-06
v -0.0211431 0.137444 -7.12379e-08
vn -0.469295 0.883041 -1.08441e-06
v -0.0234773 0.136318 0.00972455
vn -0.755234 0.575983 0.312834
v -0.0195336 0.137444 0.00809102
vn -0.43357 0.883042 0.179593
v -0.0195336 0.137444 0.00809102
vn -0.43357 0.883042 0.179593
v -0.0199941 0.138571 -7.12872e-08
vn -0.700217 0.713931 -4.99849e-07
v -0.0211431 0.137444 -7.12379e-08
vn -0.469295 0.883041 -1.08441e-06
v -0.0176961 0.140825 -7.13857e-08
vn -0.700216 0.713931 -3.99879e-07
v -0.0174106 0.139698 0.00721163
vn -0.646917 0.713931 0.267959
v -0.0163491 0.140825 0.00677193
vn -0.646915 0.713931 0.26796
v -0.0188451 0.139698 -7.13364e-08
vn -0.700215 0.713932 9.96106e-07
v -0.0174106 0.139698 0.00721163
vn -0.646917 0.713931 0.267959
v -0.0176961 0.140825 -7.13857e-08
vn -0.700216 0.713931 -3.99879e-07
v -0.0188451 0.139698 -7.13364e-08
vn -0.700215 0.713932 9.96106e-07
v -0.0184721 0.138571 0.00765133
vn -0.646915 0.71393 0.267964
v -0.0174106 0.139698 0.00721163
vn -0.646917 0.713931 0.267959
v -0.0199941 0.138571 -7.12872e-08
vn -0.700217 0.713931 -4.99849e-07
v -0.0184721 0.138571 0.00765133
vn -0.646915 0.71393 0.267964
v -0.0188451 0.139698 -7.13364e-08
vn -0.700215 0.713932 9.96106e-07
v -0.0195336 0.137444 0.00809102
vn -0.43357 0.883042 0.179593
v -0.0184721 0.138571 0.00765133
vn -0.646915 0.71393 0.267964
v -0.0199941 0.138571 -7.12872e-08
vn -0.700217 0.713931 -4.99849e-07
v -0.0108881 0.143079 -0.0108882
vn -0.29502 0.908802 -0.295028
v -0.0152875 0.141952 -0.00633238
vn -0.646913 0.713933 -0.26796
v -0.014226 0.143079 -0.00589268
vn -0.385462 0.908805 -0.159664
v -0.0152875 0.141952 -0.00633238
vn -0.646913 0.713933 -0.26796
v -0.0108881 0.143079 -0.0108882
vn -0.29502 0.908802 -0.295028
v -0.0117006 0.141952 -0.0117006
vn -0.495126 0.713934 -0.495124
v -0.0117006 0.141952 -0.0117006
vn -0.495126 0.713934 -0.495124
v -0.0163491 0.140825 -0.00677207
vn -0.646917 0.713929 -0.267963
v -0.0152875 0.141952 -0.00633238
vn -0.646913 0.713933 -0.26796
v -0.0163491 0.140825 -0.00677207
vn -0.646917 0.713929 -0.267963
v -0.0117006 0.141952 -0.0117006
vn -0.495126 0.713934 -0.495124
v -0.012513 0.140825 -0.0125131
vn -0.495129 0.713933 -0.495122
v -0.00589263 0.143079 -0.0142261
vn -0.159665 0.908806 -0.38546
v -0.0117006 0.141952 -0.0117006
vn -0.495126 0.713934 -0.495124
v -0.0108881 0.143079 -0.0108882
vn -0.29502 0.908802 -0.295028
v -0.0117006 0.141952 -0.0117006
vn -0.495126 0.713934 -0.495124
v -0.00589263 0.143079 -0.0142261
vn -0.159665 0.908806 -0.38546
v -0.00633232 0.141952 -0.0152876
vn -0.26796 0.713925 -0.646922
v -0.00633232 0.141952 -0.0152876
vn -0.26796 0.713925 -0.646922
v -0.012513 0.140825 -0.0125131
vn -0.495129 0.713933 -0.495122
v -0.0117006 0.141952 -0.0117006
vn -0.495126 0.713934 -0.495124
v -0.012513 0.140825 -0.0125131
vn -0.495129 0.713933 -0.495122
v -0.00633232 0.141952 -0.0152876
vn -0.26796 0.713925 -0.646922
v -0.00677202 0.140825 -0.0163491
vn -0.267959 0.713922 -0.646926
v -2.09548e-08 0.143079 -0.0153982
vn -3.69478e-07 0.908808 -0.417215
v -0.00633232 0.141952 -0.0152876
vn -0.26796 0.713925 -0.646922
v -0.00589263 0.143079 -0.0142261
vn -0.159665 0.908806 -0.38546
v -0.00633232 0.141952 -0.0152876
vn -0.26796 0.713925 -0.646922
v -2.09548e-08 0.143079 -0.0153982
vn -3.69478e-07 0.908808 -0.417215
v -2.53785e-08 0.141952 -0.0165472
vn -2.60041e-06 0.713933 -0.700214
v -2.53785e-08 0.141952 -0.0165472
vn -2.60041e-06 0.713933 -0.700214
v -0.00677202 0.140825 -0.0163491
vn -0.267959 0.713922 -0.646926
v -0.00633232 0.141952 -0.0152876
vn -0.26796 0.713925 -0.646922
v -0.00677202 0.140825 -0.0163491
vn -0.267959 0.713922 -0.646926
v -2.53785e-08 0.141952 -0.0165472
vn -2.60041e-06 0.713933 -0.700214
v -2.53785e-08 0.140825 -0.0176962
vn -2.62615e-06 0.713934 -0.700213
v 0.00589259 0.143079 -0.0142261
vn 0.159661 0.908804 -0.385465
v -2.53785e-08 0.141952 -0.0165472
vn -2.60041e-06 0.713933 -0.700214
v -2.09548e-08 0.143079 -0.0153982
vn -3.69478e-07 0.908808 -0.417215
v -2.53785e-08 0.141952 -0.0165472
vn -2.60041e-06 0.713933 -0.700214
v 0.00589259 0.143079 -0.0142261
vn 0.159661 0.908804 -0.385465
v 0.00633228 0.141952 -0.0152876
vn 0.267958 0.713927 -0.646921
v 0.00633228 0.141952 -0.0152876
vn 0.267958 0.713927 -0.646921
v -2.53785e-08 0.140825 -0.0176962
vn -2.62615e-06 0.713934 -0.700213
v -2.53785e-08 0.141952 -0.0165472
vn -2.60041e-06 0.713933 -0.700214
v -2.53785e-08 0.140825 -0.0176962
vn -2.62615e-06 0.713934 -0.700213
v 0.00633228 0.141952 -0.0152876
vn 0.267958 0.713927 -0.646921
v 0.00677198 0.140825 -0.0163492
vn 0.267961 0.713935 -0.646911
v 0.0108881 0.143079 -0.0108882
vn 0.295019 0.908806 -0.295017
v 0.00633228 0.141952 -0.0152876
vn 0.267958 0.713927 -0.646921
v 0.00589259 0.143079 -0.0142261
vn 0.159661 0.908804 -0.385465
v 0.00633228 0.141952 -0.0152876
vn 0.267958 0.713927 -0.646921
v 0.0108881 0.143079 -0.0108882
vn 0.295019 0.908806 -0.295017
v 0.0117006 0.141952 -0.0117007
vn 0.495123 0.713934 -0.495127
v 0.0117006 0.141952 -0.0117007
vn 0.495123 0.713934 -0.495127
v 0.00677198 0.140825 -0.0163492
vn 0.267961 0.713935 -0.646911
v 0.00633228 0.141952 -0.0152876
vn 0.267958 0.713927 -0.646921
v 0.00677198 0.140825 -0.0163492
vn 0.267961 0.713935 -0.646911
v 0.0117006 0.141952 -0.0117007
vn 0.495123 0.713934 -0.495127
v 0.012513 0.140825 -0.0125131
vn 0.495126 0.713929 -0.495131
v 0.014226 0.143079 -0.00589272
vn 0.385464 0.908804 -0.159663
v 0.0117006 0.141952 -0.0117007
vn 0.495123 0.713934 -0.495127
v 0.0108881 0.143079 -0.0108882
vn 0.295019 0.908806 -0.295017
v 0.0117006 0.141952 -0.0117007
vn 0.495123 0.713934 -0.495127
v 0.014226 0.143079 -0.00589272
vn 0.385464 0.908804 -0.159663
v 0.0152875 0.141952 -0.00633241
vn 0.646913 0.713933 -0.267961
v 0.0152875 0.141952 -0.00633241
vn 0.646913 0.713933 -0.267961
v 0.012513 0.140825 -0.0125131
vn 0.495126 0.713929 -0.495131
v 0.0117006 0.141952 -0.0117007
vn 0.495123 0.713934 -0.495127
v 0.012513 0.140825 -0.0125131
vn 0.495126 0.713929 -0.495131
v 0.0152875 0.141952 -0.00633241
vn 0.646913 0.713933 -0.267961
v 0.016349 0.140825 -0.00677211
vn 0.646916 0.713931 -0.267961
v 0.0153981 0.143079 -1.15256e-07
vn 0.417221 0.908805 1.62466e-06
v 0.0152875 0.141952 -0.00633241
vn 0.646913 0.713933 -0.267961
v 0.014226 0.143079 -0.00589272
vn 0.385464 0.908804 -0.159663
v 0.0152875 0.141952 -0.00633241
vn 0.646913 0.713933 -0.267961
v 0.0153981 0.143079 -1.15256e-07
vn 0.417221 0.908805 1.62466e-06
v 0.0165471 0.141952 -1.15207e-07
vn 0.700214 0.713933 -6.70457e-07
v 0.0165471 0.141952 -1.15207e-07
vn 0.700214 0.713933 -6.70457e-07
v 0.016349 0.140825 -0.00677211
vn 0.646916 0.713931 -0.267961
v 0.0152875 0.141952 -0.00633241
vn 0.646913 0.713933 -0.267961
v 0.016349 0.140825 -0.00677211
vn 0.646916 0.713931 -0.267961
v 0.0165471 0.141952 -1.15207e-07
vn 0.700214 0.713933 -6.70457e-07
v 0.0176961 0.140825 -1.15158e-07
vn 0.700217 0.71393 6.69858e-07
v 0.014226 0.143079 0.0058925
vn 0.385464 0.908804 0.159668
v 0.0165471 0.141952 -1.15207e-07
vn 0.700214 0.713933 -6.70457e-07
v 0.0153981 0.143079 -1.15256e-07
vn 0.417221 0.908805 1.62466e-06
v 0.0165471 0.141952 -1.15207e-07
vn 0.700214 0.713933 -6.70457e-07
v 0.014226 0.143079 0.0058925
vn 0.385464 0.908804 0.159668
v 0.0152875 0.141952 0.00633219
vn 0.646914 0.713935 0.267953
v 0.0152875 0.141952 0.00633219
vn 0.646914 0.713935 0.267953
v 0.0176961 0.140825 -1.15158e-07
vn 0.700217 0.71393 6.69858e-07
v 0.0165471 0.141952 -1.15207e-07
vn 0.700214 0.713933 -6.70457e-07
v 0.0176961 0.140825 -1.15158e-07
vn 0.700217 0.71393 6.69858e-07
v 0.0152875 0.141952 0.00633219
vn 0.646914 0.713935 0.267953
v 0.0163491 0.140825 0.00677189
vn 0.646917 0.713929 0.267962
v 0.0108881 0.143079 0.010888
vn 0.295021 0.908805 0.295019
v 0.0152875 0.141952 0.00633219
vn 0.646914 0.713935 0.267953
v 0.014226 0.143079 0.0058925
vn 0.385464 0.908804 0.159668
v 0.0152875 0.141952 0.00633219
vn 0.646914 0.713935 0.267953
v 0.0108881 0.143079 0.010888
vn 0.295021 0.908805 0.295019
v 0.0117006 0.141952 0.0117005
vn 0.495128 0.713935 0.495121
v 0.0117006 0.141952 0.0117005
vn 0.495128 0.713935 0.495121
v 0.0163491 0.140825 0.00677189
vn 0.646917 0.713929 0.267962
v 0.0152875 0.141952 0.00633219
vn 0.646914 0.713935 0.267953
v 0.0163491 0.140825 0.00677189
vn 0.646917 0.713929 0.267962
v 0.0117006 0.141952 0.0117005
vn 0.495128 0.713935 0.495121
v 0.012513 0.140825 0.0125129
vn 0.495132 0.713932 0.495121
v 0.0058926 0.143079 0.0142259
vn 0.159666 0.908806 0.385458
v 0.0117006 0.141952 0.0117005
vn 0.495128 0.713935 0.495121
v 0.0108881 0.143079 0.010888
vn 0.295021 0.908805 0.295019
v 0.0117006 0.141952 0.0117005
vn 0.495128 0.713935 0.495121
v 0.0058926 0.143079 0.0142259
vn 0.159666 0.908806 0.385458
v 0.0063323 0.141952 0.0152874
vn 0.267961 0.713928 0.646919
v 0.0063323 0.141952 0.0152874
vn 0.267961 0.713928 0.646919
v 0.012513 0.140825 0.0125129
vn 0.495132 0.713932 0.495121
v 0.0117006 0.141952 0.0117005
vn 0.495128 0.713935 0.495121
v 0.012513 0.140825 0.0125129
vn 0.495132 0.713932 0.495121
v 0.0063323 0.141952 0.0152874
vn 0.267961 0.713928 0.646919
v 0.006772 0.140825 0.016349
vn 0.267961 0.713929 0.646917
v 5.3551e-09 0.143079 0.015398
vn 6.23665e-07 0.908796 0.417241
v 0.0063323 0.141952 0.0152874
vn 0.267961 0.713928 0.646919
v 0.0058926 0.143079 0.0142259
vn 0.159666 0.908806 0.385458
v 0.0063323 0.141952 0.0152874
vn 0.267961 0.713928 0.646919
v 5.3551e-09 0.143079 0.015398
vn 6.23665e-07 0.908796 0.417241
v 9.54606e-09 0.141952 0.016547
vn -3.23256e-07 0.713924 0.700223
v 9.54606e-09 0.141952 0.016547
vn -3.23256e-07 0.713924 0.700223
v 0.006772 0.140825 0.016349
vn 0.267961 0.713929 0.646917
v 0.0063323 0.141952 0.0152874
vn 0.267961 0.713928 0.646919
v 0.006772 0.140825 0.016349
vn 0.267961 0.713929 0.646917
v 9.54606e-09 0.141952 0.016547
vn -3.23256e-07 0.713924 0.700223
v 9.54606e-09 0.140825 0.017696
vn 1.6079e-06 0.713929 0.700218
v -0.0058926 0.143079 0.0142259
vn -0.159667 0.908805 0.385459
v 9.54606e-09 0.141952 0.016547
vn -3.23256e-07 0.713924 0.700223
v 5.3551e-09 0.143079 0.015398
vn 6.23665e-07 0.908796 0.417241
v 9.54606e-09 0.141952 0.016547
vn -3.23256e-07 0.713924 0.700223
v -0.0058926 0.143079 0.0142259
vn -0.159667 0.908805 0.385459
v -0.0063323 0.141952 0.0152874
vn -0.267964 0.713938 0.646906
v -0.0063323 0.141952 0.0152874
vn -0.267964 0.713938 0.646906
v 9.54606e-09 0.140825 0.017696
vn 1.6079e-06 0.713929 0.700218
v 9.54606e-09 0.141952 0.016547
vn -3.23256e-07 0.713924 0.700223
v 9.54606e-09 0.140825 0.017696
vn 1.6079e-06 0.713929 0.700218
v -0.0063323 0.141952 0.0152874
vn -0.267964 0.713938 0.646906
v -0.00677199 0.140825 0.016349
vn -0.26796 0.713931 0.646915
v -0.0108881 0.143079 0.010888
vn -0.295022 0.908805 0.295018
v -0.0063323 0.141952 0.0152874
vn -0.267964 0.713938 0.646906
v -0.0058926 0.143079 0.0142259
vn -0.159667 0.908805 0.385459
v -0.0063323 0.141952 0.0152874
vn -0.267964 0.713938 0.646906
v -0.0108881 0.143079 0.010888
vn -0.295022 0.908805 0.295018
v -0.0117006 0.141952 0.0117005
vn -0.495126 0.713933 0.495127
v -0.0117006 0.141952 0.0117005
vn -0.495126 0.713933 0.495127
v -0.00677199 0.140825 0.016349
vn -0.26796 0.713931 0.646915
v -0.0063323 0.141952 0.0152874
vn -0.267964 0.713938 0.646906
v -0.00677199 0.140825 0.016349
vn -0.26796 0.713931 0.646915
v -0.0117006 0.141952 0.0117005
vn -0.495126 0.713933 0.495127
v -0.012513 0.140825 0.0125129
vn -0.495125 0.713926 0.495137
v -0.014226 0.143079 0.00589253
vn -0.385461 0.908806 0.159663
v -0.0117006 0.141952 0.0117005
vn -0.495126 0.713933 0.495127
v -0.0108881 0.143079 0.010888
vn -0.295022 0.908805 0.295018
v -0.0117006 0.141952 0.0117005
vn -0.495126 0.713933 0.495127
v -0.014226 0.143079 0.00589253
vn -0.385461 0.908806 0.159663
v -0.0152875 0.141952 0.00633223
vn -0.646913 0.713935 0.267957
v -0.0152875 0.141952 0.00633223
vn -0.646913 0.713935 0.267957
v -0.012513 0.140825 0.0125129
vn -0.495125 0.713926 0.495137
v -0.0117006 0.141952 0.0117005
vn -0.495126 0.713933 0.495127
v -0.012513 0.140825 0.0125129
vn -0.495125 0.713926 0.495137
v -0.0152875 0.141952 0.00633223
vn -0.646913 0.713935 0.267957
v -0.0163491 0.140825 0.00677193
vn -0.646915 0.713931 0.26796
v -0.0153981 0.143079 -7.14842e-08
vn -0.417219 0.908806 2.62041e-07
v -0.0152875 0.141952 0.00633223
vn -0.646913 0.713935 0.267957
v -0.014226 0.143079 0.00589253
vn -0.385461 0.908806 0.159663
v -0.0152875 0.141952 0.00633223
vn -0.646913 0.713935 0.267957
v -0.0153981 0.143079 -7.14842e-08
vn -0.417219 0.908806 2.62041e-07
v -0.0165471 0.141952 -7.1435e-08
vn -0.700212 0.713935 1.82221e-06
v -0.0165471 0.141952 -7.1435e-08
vn -0.700212 0.713935 1.82221e-06
v -0.0163491 0.140825 0.00677193
vn -0.646915 0.713931 0.26796
v -0.0152875 0.141952 0.00633223
vn -0.646913 0.713935 0.267957
v -0.0163491 0.140825 0.00677193
vn -0.646915 0.713931 0.26796
v -0.0165471 0.141952 -7.1435e-08
vn -0.700212 0.713935 1.82221e-06
v -0.0176961 0.140825 -7.13857e-08
vn -0.700216 0.713931 -3.99879e-07
v -0.014226 0.143079 -0.00589268
vn -0.385462 0.908805 -0.159664
v -0.0165471 0.141952 -7.1435e-08
vn -0.700212 0.713935 1.82221e-06
v -0.0153981 0.143079 -7.14842e-08
vn -0.417219 0.908806 2.62041e-07
v -0.0165471 0.141952 -7.1435e-08
vn -0.700212 0.713935 1.82221e-06
v -0.014226 0.143079 -0.00589268
vn -0.385462 0.908805 -0.159664
v -0.0152875 0.141952 -0.00633238
vn -0.646913 0.713933 -0.26796
v -0.0152875 0.141952 -0.00633238
vn -0.646913 0.713933 -0.26796
v -0.0176961 0.140825 -7.13857e-08
vn -0.700216 0.713931 -3.99879e-07
v -0.0165471 0.141952 -7.1435e-08
vn -0.700212 0.713935 1.82221e-06
v -0.0176961 0.140825 -7.13857e-08
vn -0.700216 0.713931 -3.99879e-07
v -0.0152875 0.141952 -0.00633238
vn -0.646913 0.713933 -0.26796
v -0.0163491 0.140825 -0.00677207
vn -0.646917 0.713929 -0.267963
v -0.022292 0.0522948 -4.14389e-08
vn -0.992278 0.124033 9.11536e-08
v -0.0217957 0.0470954 -0.00902813
vn -0.688213 0.667158 -0.285068
v -0.0235915 0.0470954 -3.28297e-08
vn -0.744916 0.667158 1.21947e-06
v -0.022292 0.0522948 -4.14389e-08
vn -0.992278 0.124033 9.11536e-08
v -0.0205952 0.0522948 -0.00853084
vn -0.916745 0.124032 -0.379729
v -0.0217957 0.0470954 -0.00902813
vn -0.688213 0.667158 -0.285068
v -0.022292 0.0522948 -4.14389e-08
vn -0.992278 0.124033 9.11536e-08
v -0.0205952 0.130087 -0.00853084
vn -0.780444 -0.535167 -0.32327
v -0.0205952 0.0522948 -0.00853084
vn -0.916745 0.124032 -0.379729
v -0.022292 0.130087 -6.25344e-08
vn -0.844746 -0.535167 5.53553e-08
v -0.0205952 0.130087 -0.00853084
vn -0.780444 -0.535167 -0.32327
v -0.022292 0.0522948 -4.14389e-08
vn -0.992278 0.124033 9.11536e-08
v -0.0205952 0.0522948 -0.00853084
vn -0.916745 0.124032 -0.379729
v -0.0166817 0.0470954 -0.0166818
vn -0.526734 0.667158 -0.526736
v -0.0217957 0.0470954 -0.00902813
vn -0.688213 0.667158 -0.285068
v -0.0205952 0.0522948 -0.00853084
vn -0.916745 0.124032 -0.379729
v -0.0157629 0.0522948 -0.0157629
vn -0.701646 0.124032 -0.701647
v -0.0166817 0.0470954 -0.0166818
vn -0.526734 0.667158 -0.526736
v -0.0205952 0.0522948 -0.00853084
vn -0.916745 0.124032 -0.379729
v -0.0157629 0.130087 -0.0157629
vn -0.597326 -0.535167 -0.597326
v -0.0157629 0.0522948 -0.0157629
vn -0.701646 0.124032 -0.701647
v -0.0205952 0.130087 -0.00853084
vn -0.780444 -0.535167 -0.32327
v -0.0157629 0.130087 -0.0157629
vn -0.597326 -0.535167 -0.597326
v -0.0205952 0.0522948 -0.00853084
vn -0.916745 0.124032 -0.379729
v -0.0157629 0.0522948 -0.0157629
vn -0.701646 0.124032 -0.701647
v -0.0090281 0.0470954 -0.0217958
vn -0.285068 0.667159 -0.688212
v -0.0166817 0.0470954 -0.0166818
vn -0.526734 0.667158 -0.526736
v -0.0157629 0.0522948 -0.0157629
vn -0.701646 0.124032 -0.701647
v -0.00853081 0.0522948 -0.0205952
vn -0.379729 0.124031 -0.916745
v -0.0090281 0.0470954 -0.0217958
vn -0.285068 0.667159 -0.688212
v -0.0157629 0.0522948 -0.0157629
vn -0.701646 0.124032 -0.701647
v -0.00853081 0.130087 -0.0205952
vn -0.323271 -0.535168 -0.780443
v -0.00853081 0.0522948 -0.0205952
vn -0.379729 0.124031 -0.916745
v -0.0157629 0.130087 -0.0157629
vn -0.597326 -0.535167 -0.597326
v -0.00853081 0.130087 -0.0205952
vn -0.323271 -0.535168 -0.780443
v -0.0157629 0.0522948 -0.0157629
vn -0.701646 0.124032 -0.701647
v -0.00853081 0.0522948 -0.0205952
vn -0.379729 0.124031 -0.916745
v -7.91624e-09 0.0470954 -0.0235916
vn -1.47968e-07 0.667158 -0.744916
v -0.0090281 0.0470954 -0.0217958
vn -0.285068 0.667159 -0.688212
v -0.00853081 0.0522948 -0.0205952
vn -0.379729 0.124031 -0.916745
v -7.91624e-09 0.0522948 -0.0222921
vn 4.75858e-07 0.124033 -0.992278
v -7.91624e-09 0.0470954 -0.0235916
vn -1.47968e-07 0.667158 -0.744916
v -0.00853081 0.0522948 -0.0205952
vn -0.379729 0.124031 -0.916745
v -1.44355e-08 0.130087 -0.0222921
vn -5.27196e-09 -0.535174 -0.844742
v -7.91624e-09 0.0522948 -0.0222921
vn 4.75858e-07 0.124033 -0.992278
v -0.00853081 0.130087 -0.0205952
vn -0.323271 -0.535168 -0.780443
v -1.44355e-08 0.130087 -0.0222921
vn -5.27196e-09 -0.535174 -0.844742
v -0.00853081 0.0522948 -0.0205952
vn -0.379729 0.124031 -0.916745
v -7.91624e-09 0.0522948 -0.0222921
vn 4.75858e-07 0.124033 -0.992278
v 0.00902807 0.0470954 -0.0217958
vn 0.285067 0.667157 -0.688214
v -7.91624e-09 0.0470954 -0.0235916
vn -1.47968e-07 0.667158 -0.744916
v -7.91624e-09 0.0522948 -0.0222921
vn 4.75858e-07 0.124033 -0.992278
v 0.00853078 0.0522948 -0.0205952
vn 0.379729 0.124032 -0.916745
v 0.00902807 0.0470954 -0.0217958
vn 0.285067 0.667157 -0.688214
v -7.91624e-09 0.0522948 -0.0222921
vn 4.75858e-07 0.124033 -0.992278
v 0.00853078 0.130087 -0.0205952
vn 0.323271 -0.535168 -0.780443
v 0.00853078 0.0522948 -0.0205952
vn 0.379729 0.124032 -0.916745
v -1.44355e-08 0.130087 -0.0222921
vn -5.27196e-09 -0.535174 -0.844742
v 0.00853078 0.130087 -0.0205952
vn 0.323271 -0.535168 -0.780443
v -7.91624e-09 0.0522948 -0.0222921
vn 4.75858e-07 0.124033 -0.992278
v 0.00853078 0.0522948 -0.0205952
vn 0.379729 0.124032 -0.916745
v 0.0166817 0.0470954 -0.0166818
vn 0.526736 0.667159 -0.526733
v 0.00902807 0.0470954 -0.0217958
vn 0.285067 0.667157 -0.688214
v 0.00853078 0.0522948 -0.0205952
vn 0.379729 0.124032 -0.916745
v 0.0157628 0.0522948 -0.0157629
vn 0.701647 0.124032 -0.701647
v 0.0166817 0.0470954 -0.0166818
vn 0.526736 0.667159 -0.526733
v 0.00853078 0.0522948 -0.0205952
vn 0.379729 0.124032 -0.916745
v 0.0157628 0.130087 -0.0157629
vn 0.597326 -0.535168 -0.597325
v 0.0157628 0.0522948 -0.0157629
vn 0.701647 0.124032 -0.701647
v 0.00853078 0.130087 -0.0205952
vn 0.323271 -0.535168 -0.780443
v 0.0157628 0.130087 -0.0157629
vn 0.597326 -0.535168 -0.597325
v 0.00853078 0.0522948 -0.0205952
vn 0.379729 0.124032 -0.916745
v 0.0157628 0.0522948 -0.0157629
vn 0.701647 0.124032 -0.701647
v 0.0217957 0.0470954 -0.00902813
vn 0.688213 0.667158 -0.285066
v 0.0166817 0.0470954 -0.0166818
vn 0.526736 0.667159 -0.526733
v 0.0157628 0.0522948 -0.0157629
vn 0.701647 0.124032 -0.701647
v 0.0205951 0.0522948 -0.00853086
vn 0.916745 0.124031 -0.379729
v 0.0217957 0.0470954 -0.00902813
vn 0.688213 0.667158 -0.285066
v 0.0157628 0.0522948 -0.0157629
vn 0.701647 0.124032 -0.701647
v 0.0205951 0.130087 -0.00853088
vn 0.780443 -0.535167 -0.323273
v 0.0205951 0.0522948 -0.00853086
vn 0.916745 0.124031 -0.379729
v 0.0157628 0.130087 -0.0157629
vn 0.597326 -0.535168 -0.597325
v 0.0205951 0.130087 -0.00853088
vn 0.780443 -0.535167 -0.323273
v 0.0157628 0.0522948 -0.0157629
vn 0.701647 0.124032 -0.701647
v 0.0205951 0.0522948 -0.00853086
vn 0.916745 0.124031 -0.379729
v 0.0235915 0.0470954 -3.28297e-08
vn 0.744916 0.667158 4.33701e-07
v 0.0217957 0.0470954 -0.00902813
vn 0.688213 0.667158 -0.285066
v 0.0205951 0.0522948 -0.00853086
vn 0.916745 0.124031 -0.379729
v 0.022292 0.0522948 -4.14389e-08
vn 0.992278 0.124032 4.65363e-07
v 0.0235915 0.0470954 -3.28297e-08
vn 0.744916 0.667158 4.33701e-07
v 0.0205951 0.0522948 -0.00853086
vn 0.916745 0.124031 -0.379729
v 0.022292 0.130087 -8.86114e-08
vn 0.844746 -0.535167 2.63597e-07
v 0.022292 0.0522948 -4.14389e-08
vn 0.992278 0.124032 4.65363e-07
v 0.0205951 0.130087 -0.00853088
vn 0.780443 -0.535167 -0.323273
v 0.022292 0.130087 -8.86114e-08
vn 0.844746 -0.535167 2.63597e-07
v 0.0205951 0.0522948 -0.00853086
vn 0.916745 0.124031 -0.379729
v 0.022292 0.0522948 -4.14389e-08
vn 0.992278 0.124032 4.65363e-07
v 0.0217957 0.0470954 0.00902803
vn 0.688213 0.667158 0.285066
v 0.0235915 0.0470954 -3.28297e-08
vn 0.744916 0.667158 4.33701e-07
v 0.022292 0.0522948 -4.14389e-08
vn 0.992278 0.124032 4.65363e-07
v 0.0205951 0.0522948 0.00853074
vn 0.916745 0.124033 0.379728
v 0.0217957 0.0470954 0.00902803
vn 0.688213 0.667158 0.285066
v 0.022292 0.0522948 -4.14389e-08
vn 0.992278 0.124032 4.65363e-07
v 0.0205951 0.130087 0.0085307
vn 0.780444 -0.535167 0.32327
v 0.0205951 0.0522948 0.00853074
vn 0.916745 0.124033 0.379728
v 0.022292 0.130087 -8.86114e-08
vn 0.844746 -0.535167 2.63597e-07
v 0.0205951 0.130087 0.0085307
vn 0.780444 -0.535167 0.32327
v 0.022292 0.0522948 -4.14389e-08
vn 0.992278 0.124032 4.65363e-07
v 0.0205951 0.0522948 0.00853074
vn 0.916745 0.124033 0.379728
v 0.0166817 0.0470954 0.0166817
vn 0.526735 0.667157 0.526738
v 0.0217957 0.0470954 0.00902803
vn 0.688213 0.667158 0.285066
v 0.0205951 0.0522948 0.00853074
vn 0.916745 0.124033 0.379728
v 0.0157628 0.0522948 0.0157628
vn 0.701647 0.124034 0.701646
v 0.0166817 0.0470954 0.0166817
vn 0.526735 0.667157 0.526738
v 0.0205951 0.0522948 0.00853074
vn 0.916745 0.124033 0.379728
v 0.0157628 0.130087 0.0157628
vn 0.597326 -0.535169 0.597324
v 0.0157628 0.0522948 0.0157628
vn 0.701647 0.124034 0.701646
v 0.0205951 0.130087 0.0085307
vn 0.780444 -0.535167 0.32327
v 0.0157628 0.130087 0.0157628
vn 0.597326 -0.535169 0.597324
v 0.0205951 0.0522948 0.00853074
vn 0.916745 0.124033 0.379728
v 0.0157628 0.0522948 0.0157628
vn 0.701647 0.124034 0.701646
v 0.00902807 0.0470954 0.0217957
vn 0.285066 0.667157 0.688215
v 0.0166817 0.0470954 0.0166817
vn 0.526735 0.667157 0.526738
v 0.0157628 0.0522948 0.0157628
vn 0.701647 0.124034 0.701646
v 0.00853078 0.0522948 0.0205951
vn 0.379729 0.124032 0.916745
v 0.00902807 0.0470954 0.0217957
vn 0.285066 0.667157 0.688215
v 0.0157628 0.0522948 0.0157628
vn 0.701647 0.124034 0.701646
v 0.00853078 0.130087 0.0205951
vn 0.32327 -0.535166 0.780444
v 0.00853078 0.0522948 0.0205951
vn 0.379729 0.124032 0.916745
v 0.0157628 0.130087 0.0157628
vn 0.597326 -0.535169 0.597324
v 0.00853078 0.130087 0.0205951
vn 0.32327 -0.535166 0.780444
v 0.0157628 0.0522948 0.0157628
vn 0.701647 0.124034 0.701646
v 0.00853078 0.0522948 0.0205951
vn 0.379729 0.124032 0.916745
v -1.39698e-09 0.0470954 0.0235915
vn 4.49008e-07 0.667156 0.744918
v 0.00902807 0.0470954 0.0217957
vn 0.285066 0.667157 0.688215
v 0.00853078 0.0522948 0.0205951
vn 0.379729 0.124032 0.916745
v -1.39698e-09 0.0522948 0.022292
vn 5.93997e-07 0.124032 0.992278
v -1.39698e-09 0.0470954 0.0235915
vn 4.49008e-07 0.667156 0.744918
v 0.00853078 0.0522948 0.0205951
vn 0.379729 0.124032 0.916745
v 9.31323e-10 0.130087 0.022292
vn 2.04287e-06 -0.535161 0.84475
v -1.39698e-09 0.0522948 0.022292
vn 5.93997e-07 0.124032 0.992278
v 0.00853078 0.130087 0.0205951
vn 0.32327 -0.535166 0.780444
v 9.31323e-10 0.130087 0.022292
vn 2.04287e-06 -0.535161 0.84475
v 0.00853078 0.0522948 0.0205951
vn 0.379729 0.124032 0.916745
v -1.39698e-09 0.0522948 0.022292
vn 5.93997e-07 0.124032 0.992278
v -0.0090281 0.0470954 0.0217957
vn -0.285067 0.667158 0.688213
v -1.39698e-09 0.0470954 0.0235915
vn 4.49008e-07 0.667156 0.744918
v -1.39698e-09 0.0522948 0.022292
vn 5.93997e-07 0.124032 0.992278
v -0.00853079 0.0522948 0.0205951
vn -0.379728 0.124033 0.916745
v -0.0090281 0.0470954 0.0217957
vn -0.285067 0.667158 0.688213
v -1.39698e-09 0.0522948 0.022292
vn 5.93997e-07 0.124032 0.992278
v -0.00853079 0.130087 0.0205951
vn -0.32327 -0.535165 0.780445
v -0.00853079 0.0522948 0.0205951
vn -0.379728 0.124033 0.916745
v 9.31323e-10 0.130087 0.022292
vn 2.04287e-06 -0.535161 0.84475
v -0.00853079 0.130087 0.0205951
vn -0.32327 -0.535165 0.780445
v -1.39698e-09 0.0522948 0.022292
vn 5.93997e-07 0.124032 0.992278
v -0.00853079 0.0522948 0.0205951
vn -0.379728 0.124033 0.916745
v -0.0166817 0.0470954 0.0166817
vn -0.526736 0.667159 0.526734
v -0.0090281 0.0470954 0.0217957
vn -0.285067 0.667158 0.688213
v -0.00853079 0.0522948 0.0205951
vn -0.379728 0.124033 0.916745
v -0.0157629 0.0522948 0.0157628
vn -0.701648 0.124034 0.701645
v -0.0166817 0.0470954 0.0166817
vn -0.526736 0.667159 0.526734
v -0.00853079 0.0522948 0.0205951
vn -0.379728 0.124033 0.916745
v -0.0157629 0.130087 0.0157628
vn -0.597326 -0.535167 0.597326
v -0.0157629 0.0522948 0.0157628
vn -0.701648 0.124034 0.701645
v -0.00853079 0.130087 0.0205951
vn -0.32327 -0.535165 0.780445
v -0.0157629 0.130087 0.0157628
vn -0.597326 -0.535167 0.597326
v -0.00853079 0.0522948 0.0205951
vn -0.379728 0.124033 0.916745
v -0.0157629 0.0522948 0.0157628
vn -0.701648 0.124034 0.701645
v -0.0217957 0.0470954 0.00902803
vn -0.688213 0.667159 0.285065
v -0.0166817 0.0470954 0.0166817
vn -0.526736 0.667159 0.526734
v -0.0157629 0.0522948 0.0157628
vn -0.701648 0.124034 0.701645
v -0.0205952 0.0522948 0.00853074
vn -0.916745 0.124032 0.379729
v -0.0217957 0.0470954 0.00902803
vn -0.688213 0.667159 0.285065
v -0.0157629 0.0522948 0.0157628
vn -0.701648 0.124034 0.701645
v -0.0205952 0.130087 0.00853072
vn -0.780444 -0.535168 0.323269
v -0.0205952 0.0522948 0.00853074
vn -0.916745 0.124032 0.379729
v -0.0157629 0.130087 0.0157628
vn -0.597326 -0.535167 0.597326
v -0.0205952 0.130087 0.00853072
vn -0.780444 -0.535168 0.323269
v -0.0157629 0.0522948 0.0157628
vn -0.701648 0.124034 0.701645
v -0.0205952 0.0522948 0.00853074
vn -0.916745 0.124032 0.379729
v -0.0235915 0.0470954 -3.28297e-08
vn -0.744916 0.667158 1.21947e-06
v -0.0217957 0.0470954 0.00902803
vn -0.688213 0.667159 0.285065
v -0.0205952 0.0522948 0.00853074
vn -0.916745 0.124032 0.379729
v -0.022292 0.0522948 -4.14389e-08
vn -0.992278 0.124033 9.11536e-08
v -0.0235915 0.0470954 -3.28297e-08
vn -0.744916 0.667158 1.21947e-06
v -0.0205952 0.0522948 0.00853074
vn -0.916745 0.124032 0.379729
v -0.022292 0.130087 -6.25344e-08
vn -0.844746 -0.535167 5.53553e-08
v -0.022292 0.0522948 -4.14389e-08
vn -0.992278 0.124033 9.11536e-08
v -0.0205952 0.130087 0.00853072
vn -0.780444 -0.535168 0.323269
v -0.022292 0.130087 -6.25344e-08
vn -0.844746 -0.535167 5.53553e-08
v -0.0205952 0.0522948 0.00853074
vn -0.916745 0.124032 0.379729
v -0.022292 0.130087 -6.25344e-08
vn -0.844746 -0.535167 5.53553e-08
v -0.023692 0.131964 -0.00981359
vn -0.810464 -0.480052 -0.335705
v -0.0205952 0.130087 -0.00853084
vn -0.780444 -0.535167 -0.32327
v -0.023692 0.131964 -0.00981359
vn -0.810464 -0.480052 -0.335705
v -0.022292 0.130087 -6.25344e-08
vn -0.844746 -0.535167 5.53553e-08
v -0.025644 0.131964 -6.26164e-08
vn -0.877241 -0.480051 1.83016e-06
v -0.0205952 0.130087 -0.00853084
vn -0.780444 -0.535167 -0.32327
v -0.0181331 0.131964 -0.0181331
vn -0.620305 -0.480049 -0.620302
v -0.0157629 0.130087 -0.0157629
vn -0.597326 -0.535167 -0.597326
v -0.0181331 0.131964 -0.0181331
vn -0.620305 -0.480049 -0.620302
v -0.0205952 0.130087 -0.00853084
vn -0.780444 -0.535167 -0.32327
v -0.023692 0.131964 -0.00981359
vn -0.810464 -0.480052 -0.335705
v -0.0157629 0.130087 -0.0157629
vn -0.597326 -0.535167 -0.597326
v -0.00981356 0.131964 -0.0236921
vn -0.335703 -0.48005 -0.810466
v -0.00853081 0.130087 -0.0205952
vn -0.323271 -0.535168 -0.780443
v -0.00981356 0.131964 -0.0236921
vn -0.335703 -0.48005 -0.810466
v -0.0157629 0.130087 -0.0157629
vn -0.597326 -0.535167 -0.597326
v -0.0181331 0.131964 -0.0181331
vn -0.620305 -0.480049 -0.620302
v -0.00853081 0.130087 -0.0205952
vn -0.323271 -0.535168 -0.780443
v -2.09548e-08 0.131964 -0.0256441
vn 7.23829e-07 -0.480056 -0.877238
v -1.44355e-08 0.130087 -0.0222921
vn -5.27196e-09 -0.535174 -0.844742
v -2.09548e-08 0.131964 -0.0256441
vn 7.23829e-07 -0.480056 -0.877238
v -0.00853081 0.130087 -0.0205952
vn -0.323271 -0.535168 -0.780443
v -0.00981356 0.131964 -0.0236921
vn -0.335703 -0.48005 -0.810466
v -1.44355e-08 0.130087 -0.0222921
vn -5.27196e-09 -0.535174 -0.844742
v 0.00981352 0.131964 -0.0236921
vn 0.335705 -0.480053 -0.810464
v 0.00853078 0.130087 -0.0205952
vn 0.323271 -0.535168 -0.780443
v 0.00981352 0.131964 -0.0236921
vn 0.335705 -0.480053 -0.810464
v -1.44355e-08 0.130087 -0.0222921
vn -5.27196e-09 -0.535174 -0.844742
v -2.09548e-08 0.131964 -0.0256441
vn 7.23829e-07 -0.480056 -0.877238
v 0.00853078 0.130087 -0.0205952
vn 0.323271 -0.535168 -0.780443
v 0.018133 0.131964 -0.0181331
vn 0.620302 -0.480051 -0.620304
v 0.0157628 0.130087 -0.0157629
vn 0.597326 -0.535168 -0.597325
v 0.018133 0.131964 -0.0181331
vn 0.620302 -0.480051 -0.620304
v 0.00853078 0.130087 -0.0205952
vn 0.323271 -0.535168 -0.780443
v 0.00981352 0.131964 -0.0236921
vn 0.335705 -0.480053 -0.810464
v 0.0157628 0.130087 -0.0157629
vn 0.597326 -0.535168 -0.597325
v 0.023692 0.131964 -0.00981364
vn 0.810463 -0.480051 -0.33571
v 0.0205951 0.130087 -0.00853088
vn 0.780443 -0.535167 -0.323273
v 0.023692 0.131964 -0.00981364
vn 0.810463 -0.480051 -0.33571
v 0.0157628 0.130087 -0.0157629
vn 0.597326 -0.535168 -0.597325
v 0.018133 0.131964 -0.0181331
vn 0.620302 -0.480051 -0.620304
v 0.0205951 0.130087 -0.00853088
vn 0.780443 -0.535167 -0.323273
v 0.025644 0.131964 -9.70754e-08
vn 0.877241 -0.48005 -2.23621e-06
v 0.022292 0.130087 -8.86114e-08
vn 0.844746 -0.535167 2.63597e-07
v 0.025644 0.131964 -9.70754e-08
vn 0.877241 -0.48005 -2.23621e-06
v 0.0205951 0.130087 -0.00853088
vn 0.780443 -0.535167 -0.323273
v 0.023692 0.131964 -0.00981364
vn 0.810463 -0.480051 -0.33571
v 0.022292 0.130087 -8.86114e-08
vn 0.844746 -0.535167 2.63597e-07
v 0.023692 0.131964 0.00981345
vn 0.810465 -0.480052 0.335704
v 0.0205951 0.130087 0.0085307
vn 0.780444 -0.535167 0.32327
v 0.023692 0.131964 0.00981345
vn 0.810465 -0.480052 0.335704
v 0.022292 0.130087 -8.86114e-08
vn 0.844746 -0.535167 2.63597e-07
v 0.025644 0.131964 -9.70754e-08
vn 0.877241 -0.48005 -2.23621e-06
v 0.0205951 0.130087 0.0085307
vn 0.780444 -0.535167 0.32327
v 0.0181331 0.131964 0.018133
vn 0.620305 -0.480051 0.6203
v 0.0157628 0.130087 0.0157628
vn 0.597326 -0.535169 0.597324
v 0.0181331 0.131964 0.018133
vn 0.620305 -0.480051 0.6203
v 0.0205951 0.130087 0.0085307
vn 0.780444 -0.535167 0.32327
v 0.023692 0.131964 0.00981345
vn 0.810465 -0.480052 0.335704
v 0.0157628 0.130087 0.0157628
vn 0.597326 -0.535169 0.597324
v 0.00981354 0.131964 0.0236919
vn 0.3357 -0.48005 0.810468
v 0.00853078 0.130087 0.0205951
vn 0.32327 -0.535166 0.780444
v 0.00981354 0.131964 0.0236919
vn 0.3357 -0.48005 0.810468
v 0.0157628 0.130087 0.0157628
vn 0.597326 -0.535169 0.597324
v 0.0181331 0.131964 0.018133
vn 0.620305 -0.480051 0.6203
v 0.00853078 0.130087 0.0205951
vn 0.32327 -0.535166 0.780444
v 5.3551e-09 0.131964 0.0256439
vn 1.6183e-06 -0.480043 0.877245
v 9.31323e-10 0.130087 0.022292
vn 2.04287e-06 -0.535161 0.84475
v 5.3551e-09 0.131964 0.0256439
vn 1.6183e-06 -0.480043 0.877245
v 0.00853078 0.130087 0.0205951
vn 0.32327 -0.535166 0.780444
v 0.00981354 0.131964 0.0236919
vn 0.3357 -0.48005 0.810468
v 9.31323e-10 0.130087 0.022292
vn 2.04287e-06 -0.535161 0.84475
v -0.00981354 0.131964 0.0236919
vn -0.335707 -0.480049 0.810465
v -0.00853079 0.130087 0.0205951
vn -0.32327 -0.535165 0.780445
v -0.00981354 0.131964 0.0236919
vn -0.335707 -0.480049 0.810465
v 9.31323e-10 0.130087 0.022292
vn 2.04287e-06 -0.535161 0.84475
v 5.3551e-09 0.131964 0.0256439
vn 1.6183e-06 -0.480043 0.877245
v -0.00853079 0.130087 0.0205951
vn -0.32327 -0.535165 0.780445
v -0.0181331 0.131964 0.018133
vn -0.620305 -0.48005 0.620302
v -0.0157629 0.130087 0.0157628
vn -0.597326 -0.535167 0.597326
v -0.0181331 0.131964 0.018133
vn -0.620305 -0.48005 0.620302
v -0.00853079 0.130087 0.0205951
vn -0.32327 -0.535165 0.780445
v -0.00981354 0.131964 0.0236919
vn -0.335707 -0.480049 0.810465
v -0.0157629 0.130087 0.0157628
vn -0.597326 -0.535167 0.597326
v -0.023692 0.131964 0.00981348
vn -0.810464 -0.480051 0.335707
v -0.0205952 0.130087 0.00853072
vn -0.780444 -0.535168 0.323269
v -0.023692 0.131964 0.00981348
vn -0.810464 -0.480051 0.335707
v -0.0157629 0.130087 0.0157628
vn -0.597326 -0.535167 0.597326
v -0.0181331 0.131964 0.018133
vn -0.620305 -0.48005 0.620302
v -0.0205952 0.130087 0.00853072
vn -0.780444 -0.535168 0.323269
v -0.025644 0.131964 -6.26164e-08
vn -0.877241 -0.480051 1.83016e-06
v -0.022292 0.130087 -6.25344e-08
vn -0.844746 -0.535167 5.53553e-08
v -0.025644 0.131964 -6.26164e-08
vn -0.877241 -0.480051 1.83016e-06
v -0.0205952 0.130087 0.00853072
vn -0.780444 -0.535168 0.323269
v -0.023692 0.131964 0.00981348
vn -0.810464 -0.480051 0.335707
v 0.0208949 0.15 -0.000148544
vn 0.826171 0.563419 8.52649e-07
v 0.0182057 0.144626 -0.00666679
vn 0.924371 -0.170372 -0.341339
v 0.0196364 0.15 -0.00717975
vn 0.77493 0.563733 -0.285813
v 0.0196364 0.15 -0.00717975
vn 0.77493 0.563733 -0.285813
v 0.0196364 0.15 0.00688266
vn 0.774931 0.563731 0.285813
v 0.0208949 0.15 -0.000148544
vn 0.826171 0.563419 8.52649e-07
v 0.0193724 0.144626 -0.000148544
vn 0.985328 -0.170671 5.55261e-07
v 0.0182057 0.144626 -0.00666679
vn 0.924371 -0.170372 -0.341339
v 0.0208949 0.15 -0.000148544
vn 0.826171 0.563419 8.52649e-07
v 0.0196364 0.15 0.00688266
vn 0.774931 0.563731 0.285813
v 0.0193724 0.144626 -0.000148544
vn 0.985328 -0.170671 5.55261e-07
v 0.0208949 0.15 -0.000148544
vn 0.826171 0.563419 8.52649e-07
v 0.0196364 0.15 0.00688266
vn 0.774931 0.563731 0.285813
v 0.0104606 0.15 0.0176551
vn 0.408314 0.565389 0.71667
v 0.0160126 0.15 0.0130658
vn 0.628833 0.564512 0.534692
v 0.0196364 0.15 0.00688266
vn 0.774931 0.563731 0.285813
v -0.00359762 0.15 0.020097
vn -0.141327 0.565953 0.812234
v 0.0104606 0.15 0.0176551
vn 0.408314 0.565389 0.71667
v 0.0104606 0.15 -0.0179522
vn 0.408311 0.565386 -0.716673
v 0.0196364 0.15 0.00688266
vn 0.774931 0.563731 0.285813
v 0.0196364 0.15 -0.00717975
vn 0.77493 0.563733 -0.285813
v 0.0104606 0.15 -0.0179522
vn 0.408311 0.565386 -0.716673
v -0.00359762 0.15 0.020097
vn -0.141327 0.565953 0.812234
v 0.0196364 0.15 0.00688266
vn 0.774931 0.563731 0.285813
v 0.0182057 0.144626 0.00636964
vn 0.924371 -0.170372 0.341339
v 0.0193724 0.144626 -0.000148544
vn 0.985328 -0.170671 5.55261e-07
v 0.0196364 0.15 0.00688266
vn 0.774931 0.563731 0.285813
v 0.0160126 0.15 0.0130658
vn 0.628833 0.564512 0.534692
v 0.0182057 0.144626 0.00636964
vn 0.924371 -0.170372 0.341339
v 0.0196364 0.15 0.00688266
vn 0.774931 0.563731 0.285813
v -0.00359762 0.15 0.020097
vn -0.141327 0.565953 0.812234
v 0.00338566 0.144626 0.0186199
vn 0.16879 -0.168245 0.971187
v 0.00365001 0.15 0.020097
vn 0.141333 0.565962 0.812227
v 0.0104606 0.15 0.0176551
vn 0.408314 0.565389 0.71667
v -0.00359762 0.15 0.020097
vn -0.141327 0.565953 0.812234
v 0.00365001 0.15 0.020097
vn 0.141333 0.565962 0.812227
v -0.00333321 0.144626 0.0186199
vn -0.168787 -0.168247 0.971187
v 0.00338566 0.144626 0.0186199
vn 0.16879 -0.168245 0.971187
v -0.00359762 0.15 0.020097
vn -0.141327 0.565953 0.812234
v -0.0104082 0.15 0.0176551
vn -0.408316 0.565388 0.716669
v -0.00333321 0.144626 0.0186199
vn -0.168787 -0.168247 0.971187
v -0.00359762 0.15 0.020097
vn -0.141327 0.565953 0.812234
v -0.0159602 0.15 -0.0133629
vn -0.628831 0.564512 -0.534695
v -0.00359762 0.15 0.020097
vn -0.141327 0.565953 0.812234
v 0.0104606 0.15 -0.0179522
vn 0.408311 0.565386 -0.716673
v -0.00359762 0.15 0.020097
vn -0.141327 0.565953 0.812234
v -0.0159602 0.15 0.0130658
vn -0.628834 0.564508 0.534695
v -0.0104082 0.15 0.0176551
vn -0.408316 0.565388 0.716669
v -0.0159602 0.15 -0.0133629
vn -0.628831 0.564512 -0.534695
v -0.0159602 0.15 0.0130658
vn -0.628834 0.564508 0.534695
v -0.00359762 0.15 0.020097
vn -0.141327 0.565953 0.812234
v -0.0104082 0.15 -0.0179522
vn -0.408311 0.565387 -0.716672
v -0.0147939 0.144626 -0.0123988
vn -0.750408 -0.169622 -0.638839
v -0.0159602 0.15 -0.0133629
vn -0.628831 0.564512 -0.534695
v -0.0159602 0.15 -0.0133629
vn -0.628831 0.564512 -0.534695
v -0.00359762 0.15 -0.0203941
vn -0.141325 0.565948 -0.812238
v -0.0104082 0.15 -0.0179522
vn -0.408311 0.565387 -0.716672
v -0.0147939 0.144626 -0.0123988
vn -0.750408 -0.169622 -0.638839
v -0.0181533 0.144626 -0.00666679
vn -0.924372 -0.170367 -0.341337
v -0.0159602 0.15 -0.0133629
vn -0.628831 0.564512 -0.534695
v -0.0159602 0.15 -0.0133629
vn -0.628831 0.564512 -0.534695
v -0.0181533 0.144626 -0.00666679
vn -0.924372 -0.170367 -0.341337
v -0.0195839 0.15 -0.00717975
vn -0.774928 0.563737 -0.28581
v -0.0208426 0.15 -0.000148544
vn -0.826172 0.563418 -3.07381e-06
v -0.0159602 0.15 0.0130658
vn -0.628834 0.564508 0.534695
v -0.0159602 0.15 -0.0133629
vn -0.628831 0.564512 -0.534695
v -0.0159602 0.15 -0.0133629
vn -0.628831 0.564512 -0.534695
v 0.0104606 0.15 -0.0179522
vn 0.408311 0.565386 -0.716673
v -0.00359762 0.15 -0.0203941
vn -0.141325 0.565948 -0.812238
v -0.0208426 0.15 -0.000148544
vn -0.826172 0.563418 -3.07381e-06
v -0.0159602 0.15 -0.0133629
vn -0.628831 0.564512 -0.534695
v -0.0195839 0.15 -0.00717975
vn -0.774928 0.563737 -0.28581
v -0.00359762 0.15 -0.0203941
vn -0.141325 0.565948 -0.812238
v 0.0104606 0.15 -0.0179522
vn 0.408311 0.565386 -0.716673
v 0.00365001 0.15 -0.0203941
vn 0.141329 0.565959 -0.812229
v 0.00365001 0.15 -0.0203941
vn 0.141329 0.565959 -0.812229
v -0.00333321 0.144626 -0.018917
vn -0.168782 -0.168248 -0.971188
v -0.00359762 0.15 -0.0203941
vn -0.141325 0.565948 -0.812238
v -0.00333321 0.144626 -0.018917
vn -0.168782 -0.168248 -0.971188
v -0.00964689 0.144626 -0.0166533
vn -0.487482 -0.168792 -0.856663
v -0.00359762 0.15 -0.0203941
vn -0.141325 0.565948 -0.812238
v -0.00359762 0.15 -0.0203941
vn -0.141325 0.565948 -0.812238
v -0.00964689 0.144626 -0.0166533
vn -0.487482 -0.168792 -0.856663
v -0.0104082 0.15 -0.0179522
vn -0.408311 0.565387 -0.716672
v -0.0145347 0.139251 -0.0121846
vn -0.751764 -0.124927 -0.647491
v -0.00964689 0.144626 -0.0166533
vn -0.487482 -0.168792 -0.856663
v -0.00947773 0.139251 -0.0163646
vn -0.484529 -0.146485 -0.862423
v -0.00947773 0.139251 -0.0163646
vn -0.484529 -0.146485 -0.862423
v -0.00964689 0.144626 -0.0166533
vn -0.487482 -0.168792 -0.856663
v -0.00333321 0.144626 -0.018917
vn -0.168782 -0.168248 -0.971188
v -0.00964689 0.144626 -0.0166533
vn -0.487482 -0.168792 -0.856663
v -0.0147939 0.144626 -0.0123988
vn -0.750408 -0.169622 -0.638839
v -0.0104082 0.15 -0.0179522
vn -0.408311 0.565387 -0.716672
v -0.0145347 0.139251 -0.0121846
vn -0.751764 -0.124927 -0.647491
v -0.0147939 0.144626 -0.0123988
vn -0.750408 -0.169622 -0.638839
v -0.00964689 0.144626 -0.0166533
vn -0.487482 -0.168792 -0.856663
v -0.0145347 0.139251 -0.0121846
vn -0.751764 -0.124927 -0.647491
v -0.0171429 0.133876 -0.00603975
vn -0.926822 -0.143669 -0.34693
v -0.0178354 0.139251 -0.00655282
vn -0.931654 -0.106187 -0.347484
v -0.0178354 0.139251 -0.00655282
vn -0.931654 -0.106187 -0.347484
v -0.0147939 0.144626 -0.0123988
vn -0.750408 -0.169622 -0.638839
v -0.0145347 0.139251 -0.0121846
vn -0.751764 -0.124927 -0.647491
v -0.00947773 0.139251 -0.0163646
vn -0.484529 -0.146485 -0.862423
v -0.0139701 0.133876 -0.0112205
vn -0.748904 -0.145198 -0.646575
v -0.0145347 0.139251 -0.0121846
vn -0.751764 -0.124927 -0.647491
v -0.0171429 0.133876 -0.00603975
vn -0.926822 -0.143669 -0.34693
v -0.0145347 0.139251 -0.0121846
vn -0.751764 -0.124927 -0.647491
v -0.0139701 0.133876 -0.0112205
vn -0.748904 -0.145198 -0.646575
v -0.0139701 0.133876 -0.0112205
vn -0.748904 -0.145198 -0.646575
v -0.00947773 0.139251 -0.0163646
vn -0.484529 -0.146485 -0.862423
v -0.00910926 0.133876 -0.0150657
vn -0.484167 -0.143536 -0.863122
v -0.0133684 0.128502 -0.0112205
vn -0.756306 -0.0391865 -0.653043
v -0.0164046 0.128502 -0.00603975
vn -0.934448 -0.061579 -0.350735
v -0.0139701 0.133876 -0.0112205
vn -0.748904 -0.145198 -0.646575
v -0.00910926 0.133876 -0.0150657
vn -0.484167 -0.143536 -0.863122
v -0.0133684 0.128502 -0.0112205
vn -0.756306 -0.0391865 -0.653043
v -0.0139701 0.133876 -0.0112205
vn -0.748904 -0.145198 -0.646575
v -0.0139701 0.133876 -0.0112205
vn -0.748904 -0.145198 -0.646575
v -0.0164046 0.128502 -0.00603975
vn -0.934448 -0.061579 -0.350735
v -0.0171429 0.133876 -0.00603975
vn -0.926822 -0.143669 -0.34693
v -0.00871646 0.128502 -0.0150657
vn -0.489881 -0.0158396 -0.871645
v -0.0133684 0.128502 -0.0112205
vn -0.756306 -0.0391865 -0.653043
v -0.00910926 0.133876 -0.0150657
vn -0.484167 -0.143536 -0.863122
v -0.00314653 0.133876 -0.0171117
vn -0.167141 -0.139639 -0.975994
v -0.00871646 0.128502 -0.0150657
vn -0.489881 -0.0158396 -0.871645
v -0.00910926 0.133876 -0.0150657
vn -0.484167 -0.143536 -0.863122
v -0.00910926 0.133876 -0.0150657
vn -0.484167 -0.143536 -0.863122
v -0.00327444 0.139251 -0.0185888
vn -0.166275 -0.16096 -0.972854
v -0.00314653 0.133876 -0.0171117
vn -0.167141 -0.139639 -0.975994
v -0.00327444 0.139251 -0.0185888
vn -0.166275 -0.16096 -0.972854
v -0.00910926 0.133876 -0.0150657
vn -0.484167 -0.143536 -0.863122
v -0.00947773 0.139251 -0.0163646
vn -0.484529 -0.146485 -0.862423
v -0.00314653 0.133876 -0.0171117
vn -0.167141 -0.139639 -0.975994
v 0.00332689 0.139251 -0.0185888
vn 0.167873 -0.162578 -0.97231
v 0.00319892 0.133876 -0.0171117
vn 0.167353 -0.135866 -0.97649
v 0.00332689 0.139251 -0.0185888
vn 0.167873 -0.162578 -0.97231
v -0.00314653 0.133876 -0.0171117
vn -0.167141 -0.139639 -0.975994
v -0.00327444 0.139251 -0.0185888
vn -0.166275 -0.16096 -0.972854
v 0.00319892 0.133876 -0.0171117
vn 0.167353 -0.135866 -0.97649
v -0.00301015 0.128502 -0.0171117
vn -0.169942 -0.00213969 -0.985452
v -0.00314653 0.133876 -0.0171117
vn -0.167141 -0.139639 -0.975994
v -0.00301015 0.128502 -0.0171117
vn -0.169942 -0.00213969 -0.985452
v -0.00871646 0.128502 -0.0150657
vn -0.489881 -0.0158396 -0.871645
v -0.00314653 0.133876 -0.0171117
vn -0.167141 -0.139639 -0.975994
v 0.00306249 0.128502 -0.0171117
vn 0.168104 -0.00390425 -0.985761
v -0.00301015 0.128502 -0.0171117
vn -0.169942 -0.00213969 -0.985452
v 0.00319892 0.133876 -0.0171117
vn 0.167353 -0.135866 -0.97649
v -0.00301015 0.123127 -0.0171117
vn -0.127078 -0.67051 -0.730937
v -0.00301015 0.128502 -0.0171117
vn -0.169942 -0.00213969 -0.985452
v 0.00306249 0.128502 -0.0171117
vn 0.168104 -0.00390425 -0.985761
v -0.00871646 0.123127 -0.0150657
vn -0.367129 -0.670289 -0.644925
v -0.00871646 0.128502 -0.0150657
vn -0.489881 -0.0158396 -0.871645
v -0.00301015 0.128502 -0.0171117
vn -0.169942 -0.00213969 -0.985452
v -0.00871646 0.123127 -0.0150657
vn -0.367129 -0.670289 -0.644925
v -0.00301015 0.128502 -0.0171117
vn -0.169942 -0.00213969 -0.985452
v -0.00301015 0.123127 -0.0171117
vn -0.127078 -0.67051 -0.730937
v -0.00301015 0.123127 -0.0171117
vn -0.127078 -0.67051 -0.730937
v -0.0133684 0.123127 -0.0112205
vn -0.56539 -0.669944 -0.481154
v -0.00871646 0.123127 -0.0150657
vn -0.367129 -0.670289 -0.644925
v -0.0133684 0.123127 -0.0112205
vn -0.56539 -0.669944 -0.481154
v -0.00871646 0.128502 -0.0150657
vn -0.489881 -0.0158396 -0.871645
v -0.00871646 0.123127 -0.0150657
vn -0.367129 -0.670289 -0.644925
v -0.0133684 0.123127 -0.0112205
vn -0.56539 -0.669944 -0.481154
v -0.0133684 0.128502 -0.0112205
vn -0.756306 -0.0391865 -0.653043
v -0.00871646 0.128502 -0.0150657
vn -0.489881 -0.0158396 -0.871645
v -0.0164046 0.123127 -0.00603975
vn -0.696734 -0.669642 -0.25718
v -0.0133684 0.128502 -0.0112205
vn -0.756306 -0.0391865 -0.653043
v -0.0133684 0.123127 -0.0112205
vn -0.56539 -0.669944 -0.481154
v -0.0133684 0.123127 -0.0112205
vn -0.56539 -0.669944 -0.481154
v -0.0174592 0.123127 -0.000148543
vn -0.742798 -0.669515 -1.34579e-06
v -0.0164046 0.123127 -0.00603975
vn -0.696734 -0.669642 -0.25718
v -0.00301003 0.123127 0.0168146
vn -0.127075 -0.67051 0.730936
v -0.0174592 0.123127 -0.000148543
vn -0.742798 -0.669515 -1.34579e-06
v -0.0133684 0.123127 -0.0112205
vn -0.56539 -0.669944 -0.481154
v 0.016457 0.123127 0.00574272
vn 0.696732 -0.66964 0.25719
v -0.0133684 0.123127 -0.0112205
vn -0.56539 -0.669944 -0.481154
v 0.00876886 0.123127 -0.0150657
vn 0.367127 -0.670289 -0.644926
v -0.00301003 0.123127 0.0168146
vn -0.127075 -0.67051 0.730936
v -0.0133684 0.123127 -0.0112205
vn -0.56539 -0.669944 -0.481154
v 0.016457 0.123127 0.00574272
vn 0.696732 -0.66964 0.25719
v 0.00876886 0.123127 -0.0150657
vn 0.367127 -0.670289 -0.644926
v -0.0133684 0.123127 -0.0112205
vn -0.56539 -0.669944 -0.481154
v -0.00301015 0.123127 -0.0171117
vn -0.127078 -0.67051 -0.730937
v -0.00301003 0.123127 0.0168146
vn -0.127075 -0.67051 0.730936
v 0.016457 0.123127 0.00574272
vn 0.696732 -0.66964 0.25719
v 0.00876886 0.123127 0.0147686
vn 0.367131 -0.67029 0.644923
v -0.0133684 0.123127 0.0109234
vn -0.56539 -0.669946 0.481152
v -0.0174592 0.123127 -0.000148543
vn -0.742798 -0.669515 -1.34579e-06
v -0.00301003 0.123127 0.0168146
vn -0.127075 -0.67051 0.730936
v -0.0133684 0.123127 0.0109234
vn -0.56539 -0.669946 0.481152
v -0.00301003 0.123127 0.0168146
vn -0.127075 -0.67051 0.730936
v -0.00871646 0.123127 0.0147687
vn -0.367132 -0.670293 0.64492
v -0.00301003 0.123127 0.0168146
vn -0.127075 -0.67051 0.730936
v -0.00871646 0.128502 0.0147687
vn -0.489101 -0.0204655 0.871987
v -0.00871646 0.123127 0.0147687
vn -0.367132 -0.670293 0.64492
v -0.00301003 0.123127 0.0168146
vn -0.127075 -0.67051 0.730936
v 0.00876886 0.123127 0.0147686
vn 0.367131 -0.67029 0.644923
v 0.00306249 0.123127 0.0168146
vn 0.12708 -0.670509 0.730937
v 0.00306249 0.123127 0.0168146
vn 0.12708 -0.670509 0.730937
v -0.00301003 0.128502 0.0168146
vn -0.168103 -0.00390393 0.985762
v -0.00301003 0.123127 0.0168146
vn -0.127075 -0.67051 0.730936
v -0.00301003 0.123127 0.0168146
vn -0.127075 -0.67051 0.730936
v -0.00301003 0.128502 0.0168146
vn -0.168103 -0.00390393 0.985762
v -0.00871646 0.128502 0.0147687
vn -0.489101 -0.0204655 0.871987
v -0.00871646 0.123127 0.0147687
vn -0.367132 -0.670293 0.64492
v -0.0133684 0.128502 0.0109234
vn -0.756514 -0.0447112 0.652448
v -0.0133684 0.123127 0.0109234
vn -0.56539 -0.669946 0.481152
v -0.0133684 0.123127 0.0109234
vn -0.56539 -0.669946 0.481152
v -0.0133684 0.128502 0.0109234
vn -0.756514 -0.0447112 0.652448
v -0.0164046 0.128502 0.00574272
vn -0.934827 -0.0653216 0.349043
v -0.0133684 0.123127 0.0109234
vn -0.56539 -0.669946 0.481152
v -0.0164046 0.128502 0.00574272
vn -0.934827 -0.0653216 0.349043
v -0.0164046 0.123127 0.00574272
vn -0.696735 -0.669642 0.257178
v -0.0164046 0.123127 0.00574272
vn -0.696735 -0.669642 0.257178
v -0.0174592 0.123127 -0.000148543
vn -0.742798 -0.669515 -1.34579e-06
v -0.0133684 0.123127 0.0109234
vn -0.56539 -0.669946 0.481152
v -0.0164046 0.123127 0.00574272
vn -0.696735 -0.669642 0.257178
v -0.0174592 0.128502 -0.000148543
vn -0.997399 -0.0720739 -0.00106086
v -0.0174592 0.123127 -0.000148543
vn -0.742798 -0.669515 -1.34579e-06
v -0.0164046 0.123127 0.00574272
vn -0.696735 -0.669642 0.257178
v -0.0164046 0.128502 0.00574272
vn -0.934827 -0.0653216 0.349043
v -0.0174592 0.128502 -0.000148543
vn -0.997399 -0.0720739 -0.00106086
v -0.0171429 0.133876 -0.00603975
vn -0.926822 -0.143669 -0.34693
v -0.0174592 0.128502 -0.000148543
vn -0.997399 -0.0720739 -0.00106086
v -0.0182447 0.133876 -0.000148543
vn -0.990119 -0.14023 0.000139611
v -0.0164046 0.128502 -0.00603975
vn -0.934448 -0.061579 -0.350735
v -0.0174592 0.128502 -0.000148543
vn -0.997399 -0.0720739 -0.00106086
v -0.0171429 0.133876 -0.00603975
vn -0.926822 -0.143669 -0.34693
v -0.0174592 0.128502 -0.000148543
vn -0.997399 -0.0720739 -0.00106086
v -0.0164046 0.128502 0.00574272
vn -0.934827 -0.0653216 0.349043
v -0.0182447 0.133876 -0.000148543
vn -0.990119 -0.14023 0.000139611
v -0.0174592 0.123127 -0.000148543
vn -0.742798 -0.669515 -1.34579e-06
v -0.0174592 0.128502 -0.000148543
vn -0.997399 -0.0720739 -0.00106086
v -0.0164046 0.128502 -0.00603975
vn -0.934448 -0.061579 -0.350735
v -0.0182447 0.133876 -0.000148543
vn -0.990119 -0.14023 0.000139611
v -0.0178354 0.139251 -0.00655282
vn -0.931654 -0.106187 -0.347484
v -0.0171429 0.133876 -0.00603975
vn -0.926822 -0.143669 -0.34693
v -0.0182447 0.133876 -0.000148543
vn -0.990119 -0.14023 0.000139611
v -0.0164046 0.128502 0.00574272
vn -0.934827 -0.0653216 0.349043
v -0.0171429 0.133876 0.00574272
vn -0.927673 -0.136767 0.347443
v -0.0178354 0.139251 -0.00655282
vn -0.931654 -0.106187 -0.347484
v -0.0182447 0.133876 -0.000148543
vn -0.990119 -0.14023 0.000139611
v -0.0189817 0.139251 -0.000148544
vn -0.994988 -0.0999882 0.000990405
v -0.0171429 0.133876 0.00574272
vn -0.927673 -0.136767 0.347443
v -0.0189817 0.139251 -0.000148544
vn -0.994988 -0.0999882 0.000990405
v -0.0182447 0.133876 -0.000148543
vn -0.990119 -0.14023 0.000139611
v -0.0164046 0.128502 0.00574272
vn -0.934827 -0.0653216 0.349043
v -0.0133684 0.128502 0.0109234
vn -0.756514 -0.0447112 0.652448
v -0.0171429 0.133876 0.00574272
vn -0.927673 -0.136767 0.347443
v -0.0171429 0.133876 0.00574272
vn -0.927673 -0.136767 0.347443
v -0.0133684 0.128502 0.0109234
vn -0.756514 -0.0447112 0.652448
v -0.0139701 0.133876 0.0109234
vn -0.750049 -0.134449 0.647572
v -0.0139701 0.133876 0.0109234
vn -0.750049 -0.134449 0.647572
v -0.0178354 0.139251 0.00625568
vn -0.930744 -0.10974 0.348817
v -0.0171429 0.133876 0.00574272
vn -0.927673 -0.136767 0.347443
v -0.0189817 0.139251 -0.000148544
vn -0.994988 -0.0999882 0.000990405
v -0.0171429 0.133876 0.00574272
vn -0.927673 -0.136767 0.347443
v -0.0178354 0.139251 0.00625568
vn -0.930744 -0.10974 0.348817
v -0.0178354 0.139251 0.00625568
vn -0.930744 -0.10974 0.348817
v -0.0139701 0.133876 0.0109234
vn -0.750049 -0.134449 0.647572
v -0.0145347 0.139251 0.0118875
vn -0.750949 -0.130088 0.64742
v -0.0145347 0.139251 0.0118875
vn -0.750949 -0.130088 0.64742
v -0.0181533 0.144626 0.0063697
vn -0.92437 -0.170368 0.341342
v -0.0178354 0.139251 0.00625568
vn -0.930744 -0.10974 0.348817
v -0.0178354 0.139251 0.00625568
vn -0.930744 -0.10974 0.348817
v -0.0181533 0.144626 0.0063697
vn -0.92437 -0.170368 0.341342
v -0.01932 0.144626 -0.000148544
vn -0.985328 -0.17067 -1.05787e-06
v -0.0178354 0.139251 0.00625568
vn -0.930744 -0.10974 0.348817
v -0.01932 0.144626 -0.000148544
vn -0.985328 -0.17067 -1.05787e-06
v -0.0189817 0.139251 -0.000148544
vn -0.994988 -0.0999882 0.000990405
v -0.00910926 0.133876 0.0147687
vn -0.484905 -0.133999 0.86424
v -0.0145347 0.139251 0.0118875
vn -0.750949 -0.130088 0.64742
v -0.0139701 0.133876 0.0109234
vn -0.750049 -0.134449 0.647572
v -0.0145347 0.139251 0.0118875
vn -0.750949 -0.130088 0.64742
v -0.00910926 0.133876 0.0147687
vn -0.484905 -0.133999 0.86424
v -0.00947773 0.139251 0.0160676
vn -0.48492 -0.150743 0.86147
v -0.00947773 0.139251 0.0160676
vn -0.48492 -0.150743 0.86147
v -0.0147939 0.144626 0.0121017
vn -0.750408 -0.169623 0.638839
v -0.0145347 0.139251 0.0118875
vn -0.750949 -0.130088 0.64742
v -0.0145347 0.139251 0.0118875
vn -0.750949 -0.130088 0.64742
v -0.0147939 0.144626 0.0121017
vn -0.750408 -0.169623 0.638839
v -0.0181533 0.144626 0.0063697
vn -0.92437 -0.170368 0.341342
v -0.00314653 0.133876 0.0168146
vn -0.167353 -0.135863 0.976491
v -0.00947773 0.139251 0.0160676
vn -0.48492 -0.150743 0.86147
v -0.00910926 0.133876 0.0147687
vn -0.484905 -0.133999 0.86424
v -0.00947773 0.139251 0.0160676
vn -0.48492 -0.150743 0.86147
v -0.00314653 0.133876 0.0168146
vn -0.167353 -0.135863 0.976491
v -0.00327444 0.139251 0.0182917
vn -0.167871 -0.162575 0.972311
v -0.00327444 0.139251 0.0182917
vn -0.167871 -0.162575 0.972311
v -0.00964689 0.144626 0.0163562
vn -0.487489 -0.168788 0.856659
v -0.00947773 0.139251 0.0160676
vn -0.48492 -0.150743 0.86147
v -0.00947773 0.139251 0.0160676
vn -0.48492 -0.150743 0.86147
v -0.00964689 0.144626 0.0163562
vn -0.487489 -0.168788 0.856659
v -0.0147939 0.144626 0.0121017
vn -0.750408 -0.169623 0.638839
v -0.00964689 0.144626 0.0163562
vn -0.487489 -0.168788 0.856659
v -0.00333321 0.144626 0.0186199
vn -0.168787 -0.168247 0.971187
v -0.0104082 0.15 0.0176551
vn -0.408316 0.565388 0.716669
v -0.00327444 0.139251 0.0182917
vn -0.167871 -0.162575 0.972311
v -0.00333321 0.144626 0.0186199
vn -0.168787 -0.168247 0.971187
v -0.00964689 0.144626 0.0163562
vn -0.487489 -0.168788 0.856659
v -0.0147939 0.144626 0.0121017
vn -0.750408 -0.169623 0.638839
v -0.00964689 0.144626 0.0163562
vn -0.487489 -0.168788 0.856659
v -0.0159602 0.15 0.0130658
vn -0.628834 0.564508 0.534695
v -0.0159602 0.15 0.0130658
vn -0.628834 0.564508 0.534695
v -0.00964689 0.144626 0.0163562
vn -0.487489 -0.168788 0.856659
v -0.0104082 0.15 0.0176551
vn -0.408316 0.565388 0.716669
v 0.00319892 0.133876 0.0168146
vn 0.167144 -0.139636 0.975994
v -0.00327444 0.139251 0.0182917
vn -0.167871 -0.162575 0.972311
v -0.00314653 0.133876 0.0168146
vn -0.167353 -0.135863 0.976491
v -0.00327444 0.139251 0.0182917
vn -0.167871 -0.162575 0.972311
v 0.00319892 0.133876 0.0168146
vn 0.167144 -0.139636 0.975994
v 0.00332689 0.139251 0.0182917
vn 0.166277 -0.160962 0.972853
v 0.00332689 0.139251 0.0182917
vn 0.166277 -0.160962 0.972853
v -0.00333321 0.144626 0.0186199
vn -0.168787 -0.168247 0.971187
v -0.00327444 0.139251 0.0182917
vn -0.167871 -0.162575 0.972311
v 0.00916171 0.133876 0.0147686
vn 0.48417 -0.143536 0.86312
v 0.00332689 0.139251 0.0182917
vn 0.166277 -0.160962 0.972853
v 0.00319892 0.133876 0.0168146
vn 0.167144 -0.139636 0.975994
v 0.00332689 0.139251 0.0182917
vn 0.166277 -0.160962 0.972853
v 0.00916171 0.133876 0.0147686
vn 0.48417 -0.143536 0.86312
v 0.00953013 0.139251 0.0160675
vn 0.484536 -0.146479 0.86242
v 0.00953013 0.139251 0.0160675
vn 0.484536 -0.146479 0.86242
v 0.00338566 0.144626 0.0186199
vn 0.16879 -0.168245 0.971187
v 0.00332689 0.139251 0.0182917
vn 0.166277 -0.160962 0.972853
v 0.00332689 0.139251 0.0182917
vn 0.166277 -0.160962 0.972853
v 0.00338566 0.144626 0.0186199
vn 0.16879 -0.168245 0.971187
v -0.00333321 0.144626 0.0186199
vn -0.168787 -0.168247 0.971187
v 0.0140226 0.133876 0.0109234
vn 0.748907 -0.14519 0.646574
v 0.00953013 0.139251 0.0160675
vn 0.484536 -0.146479 0.86242
v 0.00916171 0.133876 0.0147686
vn 0.48417 -0.143536 0.86312
v 0.00953013 0.139251 0.0160675
vn 0.484536 -0.146479 0.86242
v 0.0140226 0.133876 0.0109234
vn 0.748907 -0.14519 0.646574
v 0.014587 0.139251 0.0118875
vn 0.751765 -0.124919 0.64749
v 0.014587 0.139251 0.0118875
vn 0.751765 -0.124919 0.64749
v 0.00969929 0.144626 0.0163562
vn 0.48749 -0.168787 0.856659
v 0.00953013 0.139251 0.0160675
vn 0.484536 -0.146479 0.86242
v 0.00953013 0.139251 0.0160675
vn 0.484536 -0.146479 0.86242
v 0.00969929 0.144626 0.0163562
vn 0.48749 -0.168787 0.856659
v 0.00338566 0.144626 0.0186199
vn 0.16879 -0.168245 0.971187
v 0.0178878 0.139251 0.00625568
vn 0.931653 -0.106184 0.347488
v 0.0148463 0.144626 0.0121017
vn 0.750407 -0.169628 0.63884
v 0.014587 0.139251 0.0118875
vn 0.751765 -0.124919 0.64749
v 0.014587 0.139251 0.0118875
vn 0.751765 -0.124919 0.64749
v 0.0148463 0.144626 0.0121017
vn 0.750407 -0.169628 0.63884
v 0.00969929 0.144626 0.0163562
vn 0.48749 -0.168787 0.856659
v 0.014587 0.139251 0.0118875
vn 0.751765 -0.124919 0.64749
v 0.0171953 0.133876 0.00574272
vn 0.926821 -0.143665 0.346933
v 0.0178878 0.139251 0.00625568
vn 0.931653 -0.106184 0.347488
v 0.0171953 0.133876 0.00574272
vn 0.926821 -0.143665 0.346933
v 0.014587 0.139251 0.0118875
vn 0.751765 -0.124919 0.64749
v 0.0140226 0.133876 0.0109234
vn 0.748907 -0.14519 0.646574
v 0.0171953 0.133876 0.00574272
vn 0.926821 -0.143665 0.346933
v 0.0175115 0.128502 -0.000148543
vn 0.997398 -0.0720781 0.00106057
v 0.0182972 0.133876 -0.000148543
vn 0.990119 -0.140229 -0.000140829
v 0.0182972 0.133876 -0.000148543
vn 0.990119 -0.140229 -0.000140829
v 0.0178878 0.139251 0.00625568
vn 0.931653 -0.106184 0.347488
v 0.0171953 0.133876 0.00574272
vn 0.926821 -0.143665 0.346933
v 0.016457 0.128502 0.00574272
vn 0.934448 -0.06158 0.350735
v 0.0175115 0.128502 -0.000148543
vn 0.997398 -0.0720781 0.00106057
v 0.0171953 0.133876 0.00574272
vn 0.926821 -0.143665 0.346933
v 0.0140226 0.133876 0.0109234
vn 0.748907 -0.14519 0.646574
v 0.016457 0.128502 0.00574272
vn 0.934448 -0.06158 0.350735
v 0.0171953 0.133876 0.00574272
vn 0.926821 -0.143665 0.346933
v 0.0175115 0.123127 -0.000148543
vn 0.742798 -0.669515 -6.29945e-07
v 0.0175115 0.128502 -0.000148543
vn 0.997398 -0.0720781 0.00106057
v 0.016457 0.128502 0.00574272
vn 0.934448 -0.06158 0.350735
v 0.0134208 0.128502 0.0109234
vn 0.756304 -0.0391906 0.653045
v 0.016457 0.128502 0.00574272
vn 0.934448 -0.06158 0.350735
v 0.0140226 0.133876 0.0109234
vn 0.748907 -0.14519 0.646574
v 0.016457 0.123127 0.00574272
vn 0.696732 -0.66964 0.25719
v 0.016457 0.128502 0.00574272
vn 0.934448 -0.06158 0.350735
v 0.0134208 0.128502 0.0109234
vn 0.756304 -0.0391906 0.653045
v 0.0175115 0.123127 -0.000148543
vn 0.742798 -0.669515 -6.29945e-07
v 0.016457 0.128502 0.00574272
vn 0.934448 -0.06158 0.350735
v 0.016457 0.123127 0.00574272
vn 0.696732 -0.66964 0.25719
v 0.016457 0.123127 0.00574272
vn 0.696732 -0.66964 0.25719
v 0.016457 0.123127 -0.00603975
vn 0.696733 -0.66964 -0.257188
v 0.0175115 0.123127 -0.000148543
vn 0.742798 -0.669515 -6.29945e-07
v 0.016457 0.123127 -0.00603975
vn 0.696733 -0.66964 -0.257188
v 0.0175115 0.128502 -0.000148543
vn 0.997398 -0.0720781 0.00106057
v 0.0175115 0.123127 -0.000148543
vn 0.742798 -0.669515 -6.29945e-07
v 0.016457 0.123127 -0.00603975
vn 0.696733 -0.66964 -0.257188
v 0.016457 0.128502 -0.00603975
vn 0.934827 -0.0653228 -0.349043
v 0.0175115 0.128502 -0.000148543
vn 0.997398 -0.0720781 0.00106057
v 0.0134208 0.123127 -0.0112205
vn 0.565393 -0.669948 -0.481145
v 0.016457 0.128502 -0.00603975
vn 0.934827 -0.0653228 -0.349043
v 0.016457 0.123127 -0.00603975
vn 0.696733 -0.66964 -0.257188
v 0.016457 0.123127 0.00574272
vn 0.696732 -0.66964 0.25719
v 0.00876886 0.123127 -0.0150657
vn 0.367127 -0.670289 -0.644926
v 0.016457 0.123127 -0.00603975
vn 0.696733 -0.66964 -0.257188
v 0.016457 0.123127 -0.00603975
vn 0.696733 -0.66964 -0.257188
v 0.00876886 0.123127 -0.0150657
vn 0.367127 -0.670289 -0.644926
v 0.0134208 0.123127 -0.0112205
vn 0.565393 -0.669948 -0.481145
v 0.00876886 0.123127 -0.0150657
vn 0.367127 -0.670289 -0.644926
v 0.0134208 0.128502 -0.0112205
vn 0.756513 -0.0447143 -0.652448
v 0.0134208 0.123127 -0.0112205
vn 0.565393 -0.669948 -0.481145
v 0.0134208 0.123127 -0.0112205
vn 0.565393 -0.669948 -0.481145
v 0.0134208 0.128502 -0.0112205
vn 0.756513 -0.0447143 -0.652448
v 0.016457 0.128502 -0.00603975
vn 0.934827 -0.0653228 -0.349043
v 0.0171953 0.133876 -0.00603975
vn 0.927674 -0.13677 -0.34744
v 0.0134208 0.128502 -0.0112205
vn 0.756513 -0.0447143 -0.652448
v 0.0140226 0.133876 -0.0112205
vn 0.75005 -0.134452 -0.64757
v 0.016457 0.128502 -0.00603975
vn 0.934827 -0.0653228 -0.349043
v 0.0134208 0.128502 -0.0112205
vn 0.756513 -0.0447143 -0.652448
v 0.0171953 0.133876 -0.00603975
vn 0.927674 -0.13677 -0.34744
v 0.0134208 0.128502 -0.0112205
vn 0.756513 -0.0447143 -0.652448
v 0.00876886 0.128502 -0.0150657
vn 0.489099 -0.0204682 -0.871988
v 0.0140226 0.133876 -0.0112205
vn 0.75005 -0.134452 -0.64757
v 0.00876886 0.123127 -0.0150657
vn 0.367127 -0.670289 -0.644926
v 0.00876886 0.128502 -0.0150657
vn 0.489099 -0.0204682 -0.871988
v 0.0134208 0.128502 -0.0112205
vn 0.756513 -0.0447143 -0.652448
v 0.0140226 0.133876 -0.0112205
vn 0.75005 -0.134452 -0.64757
v 0.0178878 0.139251 -0.00655282
vn 0.930743 -0.109739 -0.34882
v 0.0171953 0.133876 -0.00603975
vn 0.927674 -0.13677 -0.34744
v 0.00916171 0.133876 -0.0150657
vn 0.484902 -0.133998 -0.864242
v 0.014587 0.139251 -0.0121846
vn 0.750945 -0.130087 -0.647425
v 0.0140226 0.133876 -0.0112205
vn 0.75005 -0.134452 -0.64757
v 0.0178878 0.139251 -0.00655282
vn 0.930743 -0.109739 -0.34882
v 0.0140226 0.133876 -0.0112205
vn 0.75005 -0.134452 -0.64757
v 0.014587 0.139251 -0.0121846
vn 0.750945 -0.130087 -0.647425
v 0.0140226 0.133876 -0.0112205
vn 0.75005 -0.134452 -0.64757
v 0.00876886 0.128502 -0.0150657
vn 0.489099 -0.0204682 -0.871988
v 0.00916171 0.133876 -0.0150657
vn 0.484902 -0.133998 -0.864242
v 0.014587 0.139251 -0.0121846
vn 0.750945 -0.130087 -0.647425
v 0.0182057 0.144626 -0.00666679
vn 0.924371 -0.170372 -0.341339
v 0.0178878 0.139251 -0.00655282
vn 0.930743 -0.109739 -0.34882
v 0.0178878 0.139251 -0.00655282
vn 0.930743 -0.109739 -0.34882
v 0.0182057 0.144626 -0.00666679
vn 0.924371 -0.170372 -0.341339
v 0.0193724 0.144626 -0.000148544
vn 0.985328 -0.170671 5.55261e-07
v 0.0178878 0.139251 -0.00655282
vn 0.930743 -0.109739 -0.34882
v 0.0193724 0.144626 -0.000148544
vn 0.985328 -0.170671 5.55261e-07
v 0.0190341 0.139251 -0.000148544
vn 0.994989 -0.0999844 -0.000990153
v 0.0190341 0.139251 -0.000148544
vn 0.994989 -0.0999844 -0.000990153
v 0.0171953 0.133876 -0.00603975
vn 0.927674 -0.13677 -0.34744
v 0.0178878 0.139251 -0.00655282
vn 0.930743 -0.109739 -0.34882
v 0.0190341 0.139251 -0.000148544
vn 0.994989 -0.0999844 -0.000990153
v 0.0193724 0.144626 -0.000148544
vn 0.985328 -0.170671 5.55261e-07
v 0.0182057 0.144626 0.00636964
vn 0.924371 -0.170372 0.341339
v 0.0171953 0.133876 -0.00603975
vn 0.927674 -0.13677 -0.34744
v 0.0190341 0.139251 -0.000148544
vn 0.994989 -0.0999844 -0.000990153
v 0.0182972 0.133876 -0.000148543
vn 0.990119 -0.140229 -0.000140829
v 0.0178878 0.139251 0.00625568
vn 0.931653 -0.106184 0.347488
v 0.0182972 0.133876 -0.000148543
vn 0.990119 -0.140229 -0.000140829
v 0.0190341 0.139251 -0.000148544
vn 0.994989 -0.0999844 -0.000990153
v 0.0190341 0.139251 -0.000148544
vn 0.994989 -0.0999844 -0.000990153
v 0.0182057 0.144626 0.00636964
vn 0.924371 -0.170372 0.341339
v 0.0178878 0.139251 0.00625568
vn 0.931653 -0.106184 0.347488
v 0.00319892 0.133876 -0.0171117
vn 0.167353 -0.135866 -0.97649
v 0.00953013 0.139251 -0.0163646
vn 0.48492 -0.150751 -0.861468
v 0.00916171 0.133876 -0.0150657
vn 0.484902 -0.133998 -0.864242
v 0.014587 0.139251 -0.0121846
vn 0.750945 -0.130087 -0.647425
v 0.00916171 0.133876 -0.0150657
vn 0.484902 -0.133998 -0.864242
v 0.00953013 0.139251 -0.0163646
vn 0.48492 -0.150751 -0.861468
v 0.00876886 0.128502 -0.0150657
vn 0.489099 -0.0204682 -0.871988
v 0.00306249 0.128502 -0.0171117
vn 0.168104 -0.00390425 -0.985761
v 0.00916171 0.133876 -0.0150657
vn 0.484902 -0.133998 -0.864242
v 0.00916171 0.133876 -0.0150657
vn 0.484902 -0.133998 -0.864242
v 0.00306249 0.128502 -0.0171117
vn 0.168104 -0.00390425 -0.985761
v 0.00319892 0.133876 -0.0171117
vn 0.167353 -0.135866 -0.97649
v 0.00953013 0.139251 -0.0163646
vn 0.48492 -0.150751 -0.861468
v 0.0148463 0.144626 -0.0123988
vn 0.750409 -0.169627 -0.638838
v 0.014587 0.139251 -0.0121846
vn 0.750945 -0.130087 -0.647425
v 0.00953013 0.139251 -0.0163646
vn 0.48492 -0.150751 -0.861468
v 0.00319892 0.133876 -0.0171117
vn 0.167353 -0.135866 -0.97649
v 0.00332689 0.139251 -0.0185888
vn 0.167873 -0.162578 -0.97231
v 0.00332689 0.139251 -0.0185888
vn 0.167873 -0.162578 -0.97231
v 0.00969929 0.144626 -0.0166533
vn 0.487485 -0.16879 -0.856661
v 0.00953013 0.139251 -0.0163646
vn 0.48492 -0.150751 -0.861468
v 0.00953013 0.139251 -0.0163646
vn 0.48492 -0.150751 -0.861468
v 0.00969929 0.144626 -0.0166533
vn 0.487485 -0.16879 -0.856661
v 0.0148463 0.144626 -0.0123988
vn 0.750409 -0.169627 -0.638838
v 0.0148463 0.144626 -0.0123988
vn 0.750409 -0.169627 -0.638838
v 0.00969929 0.144626 -0.0166533
vn 0.487485 -0.16879 -0.856661
v 0.0160126 0.15 -0.0133629
vn 0.628833 0.564514 -0.534689
v 0.00332689 0.139251 -0.0185888
vn 0.167873 -0.162578 -0.97231
v 0.00338566 0.144626 -0.018917
vn 0.168783 -0.168244 -0.971188
v 0.00969929 0.144626 -0.0166533
vn 0.487485 -0.16879 -0.856661
v 0.00969929 0.144626 -0.0166533
vn 0.487485 -0.16879 -0.856661
v 0.00338566 0.144626 -0.018917
vn 0.168783 -0.168244 -0.971188
v 0.0104606 0.15 -0.0179522
vn 0.408311 0.565386 -0.716673
v 0.0160126 0.15 -0.0133629
vn 0.628833 0.564514 -0.534689
v 0.00969929 0.144626 -0.0166533
vn 0.487485 -0.16879 -0.856661
v 0.0104606 0.15 -0.0179522
vn 0.408311 0.565386 -0.716673
v 0.0104606 0.15 -0.0179522
vn 0.408311 0.565386 -0.716673
v 0.0196364 0.15 -0.00717975
vn 0.77493 0.563733 -0.285813
v 0.0160126 0.15 -0.0133629
vn 0.628833 0.564514 -0.534689
v 0.0196364 0.15 -0.00717975
vn 0.77493 0.563733 -0.285813
v 0.0148463 0.144626 -0.0123988
vn 0.750409 -0.169627 -0.638838
v 0.0160126 0.15 -0.0133629
vn 0.628833 0.564514 -0.534689
v -0.00327444 0.139251 -0.0185888
vn -0.166275 -0.16096 -0.972854
v 0.00338566 0.144626 -0.018917
vn 0.168783 -0.168244 -0.971188
v 0.00332689 0.139251 -0.0185888
vn 0.167873 -0.162578 -0.97231
v -0.00327444 0.139251 -0.0185888
vn -0.166275 -0.16096 -0.972854
v -0.00333321 0.144626 -0.018917
vn -0.168782 -0.168248 -0.971188
v 0.00338566 0.144626 -0.018917
vn 0.168783 -0.168244 -0.971188
v 0.00338566 0.144626 -0.018917
vn 0.168783 -0.168244 -0.971188
v -0.00333321 0.144626 -0.018917
vn -0.168782 -0.168248 -0.971188
v 0.00365001 0.15 -0.0203941
vn 0.141329 0.565959 -0.812229
v 0.0104606 0.15 -0.0179522
vn 0.408311 0.565386 -0.716673
v 0.00338566 0.144626 -0.018917
vn 0.168783 -0.168244 -0.971188
v 0.00365001 0.15 -0.0203941
vn 0.141329 0.565959 -0.812229
v 0.0182057 0.144626 -0.00666679
vn 0.924371 -0.170372 -0.341339
v 0.0148463 0.144626 -0.0123988
vn 0.750409 -0.169627 -0.638838
v 0.0196364 0.15 -0.00717975
vn 0.77493 0.563733 -0.285813
v 0.014587 0.139251 -0.0121846
vn 0.750945 -0.130087 -0.647425
v 0.0148463 0.144626 -0.0123988
vn 0.750409 -0.169627 -0.638838
v 0.0182057 0.144626 -0.00666679
vn 0.924371 -0.170372 -0.341339
v 0.00306249 0.123127 -0.0171117
vn 0.127076 -0.67051 -0.730937
v 0.00876886 0.128502 -0.0150657
vn 0.489099 -0.0204682 -0.871988
v 0.00876886 0.123127 -0.0150657
vn 0.367127 -0.670289 -0.644926
v 0.00306249 0.123127 -0.0171117
vn 0.127076 -0.67051 -0.730937
v 0.00306249 0.128502 -0.0171117
vn 0.168104 -0.00390425 -0.985761
v 0.00876886 0.128502 -0.0150657
vn 0.489099 -0.0204682 -0.871988
v -0.00301015 0.123127 -0.0171117
vn -0.127078 -0.67051 -0.730937
v 0.00306249 0.128502 -0.0171117
vn 0.168104 -0.00390425 -0.985761
v 0.00306249 0.123127 -0.0171117
vn 0.127076 -0.67051 -0.730937
v 0.00876886 0.123127 -0.0150657
vn 0.367127 -0.670289 -0.644926
v -0.00301015 0.123127 -0.0171117
vn -0.127078 -0.67051 -0.730937
v 0.00306249 0.123127 -0.0171117
vn 0.127076 -0.67051 -0.730937
v 0.0182972 0.133876 -0.000148543
vn 0.990119 -0.140229 -0.000140829
v 0.016457 0.128502 -0.00603975
vn 0.934827 -0.0653228 -0.349043
v 0.0171953 0.133876 -0.00603975
vn 0.927674 -0.13677 -0.34744
v 0.0175115 0.128502 -0.000148543
vn 0.997398 -0.0720781 0.00106057
v 0.016457 0.128502 -0.00603975
vn 0.934827 -0.0653228 -0.349043
v 0.0182972 0.133876 -0.000148543
vn 0.990119 -0.140229 -0.000140829
v 0.00916171 0.133876 0.0147686
vn 0.48417 -0.143536 0.86312
v 0.0134208 0.128502 0.0109234
vn 0.756304 -0.0391906 0.653045
v 0.0140226 0.133876 0.0109234
vn 0.748907 -0.14519 0.646574
v 0.00876886 0.128502 0.0147686
vn 0.489884 -0.0158424 0.871644
v 0.0134208 0.128502 0.0109234
vn 0.756304 -0.0391906 0.653045
v 0.00916171 0.133876 0.0147686
vn 0.48417 -0.143536 0.86312
v 0.0134208 0.123127 0.0109234
vn 0.565391 -0.669949 0.481146
v 0.0134208 0.128502 0.0109234
vn 0.756304 -0.0391906 0.653045
v 0.00876886 0.128502 0.0147686
vn 0.489884 -0.0158424 0.871644
v 0.016457 0.123127 0.00574272
vn 0.696732 -0.66964 0.25719
v 0.0134208 0.128502 0.0109234
vn 0.756304 -0.0391906 0.653045
v 0.0134208 0.123127 0.0109234
vn 0.565391 -0.669949 0.481146
v 0.00876886 0.123127 0.0147686
vn 0.367131 -0.67029 0.644923
v 0.016457 0.123127 0.00574272
vn 0.696732 -0.66964 0.25719
v 0.0134208 0.123127 0.0109234
vn 0.565391 -0.669949 0.481146
v 0.0134208 0.123127 0.0109234
vn 0.565391 -0.669949 0.481146
v 0.00876886 0.128502 0.0147686
vn 0.489884 -0.0158424 0.871644
v 0.00876886 0.123127 0.0147686
vn 0.367131 -0.67029 0.644923
v 0.00319892 0.133876 0.0168146
vn 0.167144 -0.139636 0.975994
v 0.00876886 0.128502 0.0147686
vn 0.489884 -0.0158424 0.871644
v 0.00916171 0.133876 0.0147686
vn 0.48417 -0.143536 0.86312
v 0.00306249 0.128502 0.0168146
vn 0.169944 -0.0021404 0.985451
v 0.00876886 0.128502 0.0147686
vn 0.489884 -0.0158424 0.871644
v 0.00319892 0.133876 0.0168146
vn 0.167144 -0.139636 0.975994
v 0.00876886 0.123127 0.0147686
vn 0.367131 -0.67029 0.644923
v 0.00876886 0.128502 0.0147686
vn 0.489884 -0.0158424 0.871644
v 0.00306249 0.128502 0.0168146
vn 0.169944 -0.0021404 0.985451
v -0.00314653 0.133876 0.0168146
vn -0.167353 -0.135863 0.976491
v 0.00306249 0.128502 0.0168146
vn 0.169944 -0.0021404 0.985451
v 0.00319892 0.133876 0.0168146
vn 0.167144 -0.139636 0.975994
v 0.00876886 0.123127 0.0147686
vn 0.367131 -0.67029 0.644923
v 0.00306249 0.128502 0.0168146
vn 0.169944 -0.0021404 0.985451
v 0.00306249 0.123127 0.0168146
vn 0.12708 -0.670509 0.730937
v 0.00306249 0.123127 0.0168146
vn 0.12708 -0.670509 0.730937
v 0.00306249 0.128502 0.0168146
vn 0.169944 -0.0021404 0.985451
v -0.00301003 0.128502 0.0168146
vn -0.168103 -0.00390393 0.985762
v -0.00301003 0.128502 0.0168146
vn -0.168103 -0.00390393 0.985762
v 0.00306249 0.128502 0.0168146
vn 0.169944 -0.0021404 0.985451
v -0.00314653 0.133876 0.0168146
vn -0.167353 -0.135863 0.976491
v 0.0178878 0.139251 0.00625568
vn 0.931653 -0.106184 0.347488
v 0.0182057 0.144626 0.00636964
vn 0.924371 -0.170372 0.341339
v 0.0148463 0.144626 0.0121017
vn 0.750407 -0.169628 0.63884
v 0.0148463 0.144626 0.0121017
vn 0.750407 -0.169628 0.63884
v 0.0182057 0.144626 0.00636964
vn 0.924371 -0.170372 0.341339
v 0.0160126 0.15 0.0130658
vn 0.628833 0.564512 0.534692
v 0.0104606 0.15 0.0176551
vn 0.408314 0.565389 0.71667
v 0.0148463 0.144626 0.0121017
vn 0.750407 -0.169628 0.63884
v 0.0160126 0.15 0.0130658
vn 0.628833 0.564512 0.534692
v 0.00969929 0.144626 0.0163562
vn 0.48749 -0.168787 0.856659
v 0.0148463 0.144626 0.0121017
vn 0.750407 -0.169628 0.63884
v 0.0104606 0.15 0.0176551
vn 0.408314 0.565389 0.71667
v 0.00365001 0.15 0.020097
vn 0.141333 0.565962 0.812227
v 0.00969929 0.144626 0.0163562
vn 0.48749 -0.168787 0.856659
v 0.0104606 0.15 0.0176551
vn 0.408314 0.565389 0.71667
v 0.00338566 0.144626 0.0186199
vn 0.16879 -0.168245 0.971187
v 0.00969929 0.144626 0.0163562
vn 0.48749 -0.168787 0.856659
v 0.00365001 0.15 0.020097
vn 0.141333 0.565962 0.812227
v -0.00910926 0.133876 0.0147687
vn -0.484905 -0.133999 0.86424
v -0.00301003 0.128502 0.0168146
vn -0.168103 -0.00390393 0.985762
v -0.00314653 0.133876 0.0168146
vn -0.167353 -0.135863 0.976491
v -0.0181533 0.144626 0.0063697
vn -0.92437 -0.170368 0.341342
v -0.0147939 0.144626 0.0121017
vn -0.750408 -0.169623 0.638839
v -0.0195839 0.15 0.00688266
vn -0.774926 0.563737 0.285816
v -0.0195839 0.15 0.00688266
vn -0.774926 0.563737 0.285816
v -0.0147939 0.144626 0.0121017
vn -0.750408 -0.169623 0.638839
v -0.0159602 0.15 0.0130658
vn -0.628834 0.564508 0.534695
v -0.0208426 0.15 -0.000148544
vn -0.826172 0.563418 -3.07381e-06
v -0.0181533 0.144626 0.0063697
vn -0.92437 -0.170368 0.341342
v -0.0195839 0.15 0.00688266
vn -0.774926 0.563737 0.285816
v -0.0195839 0.15 0.00688266
vn -0.774926 0.563737 0.285816
v -0.0159602 0.15 0.0130658
vn -0.628834 0.564508 0.534695
v -0.0208426 0.15 -0.000148544
vn -0.826172 0.563418 -3.07381e-06
v -0.00871646 0.128502 0.0147687
vn -0.489101 -0.0204655 0.871987
v -0.00301003 0.128502 0.0168146
vn -0.168103 -0.00390393 0.985762
v -0.00910926 0.133876 0.0147687
vn -0.484905 -0.133999 0.86424
v -0.0139701 0.133876 0.0109234
vn -0.750049 -0.134449 0.647572
v -0.00871646 0.128502 0.0147687
vn -0.489101 -0.0204655 0.871987
v -0.00910926 0.133876 0.0147687
vn -0.484905 -0.133999 0.86424
v -0.0189817 0.139251 -0.000148544
vn -0.994988 -0.0999882 0.000990405
v -0.01932 0.144626 -0.000148544
vn -0.985328 -0.17067 -1.05787e-06
v -0.0181533 0.144626 -0.00666679
vn -0.924372 -0.170367 -0.341337
v -0.0195839 0.15 -0.00717975
vn -0.774928 0.563737 -0.28581
v -0.01932 0.144626 -0.000148544
vn -0.985328 -0.17067 -1.05787e-06
v -0.0208426 0.15 -0.000148544
vn -0.826172 0.563418 -3.07381e-06
v -0.01932 0.144626 -0.000148544
vn -0.985328 -0.17067 -1.05787e-06
v -0.0181533 0.144626 0.0063697
vn -0.92437 -0.170368 0.341342
v -0.0208426 0.15 -0.000148544
vn -0.826172 0.563418 -3.07381e-06
v -0.0181533 0.144626 -0.00666679
vn -0.924372 -0.170367 -0.341337
v -0.01932 0.144626 -0.000148544
vn -0.985328 -0.17067 -1.05787e-06
v -0.0195839 0.15 -0.00717975
vn -0.774928 0.563737 -0.28581
v -0.0133684 0.128502 0.0109234
vn -0.756514 -0.0447112 0.652448
v -0.00871646 0.128502 0.0147687
vn -0.489101 -0.0204655 0.871987
v -0.0139701 0.133876 0.0109234
vn -0.750049 -0.134449 0.647572
v -0.0189817 0.139251 -0.000148544
vn -0.994988 -0.0999882 0.000990405
v -0.0181533 0.144626 -0.00666679
vn -0.924372 -0.170367 -0.341337
v -0.0178354 0.139251 -0.00655282
vn -0.931654 -0.106187 -0.347484
v -0.00871646 0.123127 0.0147687
vn -0.367132 -0.670293 0.64492
v -0.00871646 0.128502 0.0147687
vn -0.489101 -0.0204655 0.871987
v -0.0133684 0.128502 0.0109234
vn -0.756514 -0.0447112 0.652448
v -0.0174592 0.123127 -0.000148543
vn -0.742798 -0.669515 -1.34579e-06
v -0.0164046 0.128502 -0.00603975
vn -0.934448 -0.061579 -0.350735
v -0.0164046 0.123127 -0.00603975
vn -0.696734 -0.669642 -0.25718
v -0.0164046 0.123127 -0.00603975
vn -0.696734 -0.669642 -0.25718
v -0.0164046 0.128502 -0.00603975
vn -0.934448 -0.061579 -0.350735
v -0.0133684 0.128502 -0.0112205
vn -0.756306 -0.0391865 -0.653043
v -0.00947773 0.139251 -0.0163646
vn -0.484529 -0.146485 -0.862423
v -0.00333321 0.144626 -0.018917
vn -0.168782 -0.168248 -0.971188
v -0.00327444 0.139251 -0.0185888
vn -0.166275 -0.16096 -0.972854
v -0.0178354 0.139251 -0.00655282
vn -0.931654 -0.106187 -0.347484
v -0.0181533 0.144626 -0.00666679
vn -0.924372 -0.170367 -0.341337
v -0.0147939 0.144626 -0.0123988
vn -0.750408 -0.169622 -0.638839
v -0.0147403 -0.149288 -0.00610561
vn 0.0950277 0.994696 0.0393606
v -0.0159548 -0.149288 2.88399e-08
vn 0.102857 0.994696 -1.00038e-06
v 0.0021312 -0.15 2.8871e-08
vn -0.0393403 -0.999226 2.48997e-07
v 0.0021312 -0.15 2.8871e-08
vn -0.0393403 -0.999226 2.48997e-07
v 0.00196899 -0.15 0.000815592
vn -0.0363457 -0.999226 -0.0150541
v -0.0147403 -0.149288 -0.00610561
vn 0.0950277 0.994696 0.0393606
v -0.0159548 -0.149288 2.88399e-08
vn 0.102857 0.994696 -1.00038e-06
v -0.0147403 -0.149288 -0.00610561
vn 0.0950277 0.994696 0.0393606
v -0.0267131 -0.147294 -0.0110649
vn 0.23481 0.967163 0.097261
v -0.0347389 -0.144232 -0.0143893
vn 0.447211 0.875036 0.18524
v -0.0376011 -0.144232 2.86189e-08
vn 0.484057 0.875036 -3.86601e-07
v -0.0289141 -0.147294 2.87527e-08
vn 0.254157 0.967163 -4.781e-07
v -0.0267131 -0.147294 -0.0110649
vn 0.23481 0.967163 0.097261
v -0.0347389 -0.144232 -0.0143893
vn 0.447211 0.875036 0.18524
v -0.0289141 -0.147294 2.87527e-08
vn 0.254157 0.967163 -4.781e-07
v -0.0159548 -0.149288 2.88399e-08
vn 0.102857 0.994696 -1.00038e-06
v -0.0267131 -0.147294 -0.0110649
vn 0.23481 0.967163 0.097261
v -0.0289141 -0.147294 2.87527e-08
vn 0.254157 0.967163 -4.781e-07
v -0.0376011 -0.144232 2.86189e-08
vn 0.484057 0.875036 -3.86601e-07
v -0.0347389 -0.144232 -0.0143893
vn 0.447211 0.875036 0.18524
v -0.0396069 -0.140316 -0.0164057
vn 0.695947 0.657691 0.288271
v -0.0421067 -0.135759 -0.0174412
vn 0.864879 0.35163 0.358245
v -0.045576 -0.135759 2.82485e-08
vn 0.936139 0.351629 3.44323e-07
v -0.0428702 -0.140316 2.84477e-08
vn 0.753287 0.657691 1.8183e-07
v -0.0396069 -0.140316 -0.0164057
vn 0.695947 0.657691 0.288271
v -0.0421067 -0.135759 -0.0174412
vn 0.864879 0.35163 0.358245
v -0.0428702 -0.140316 2.84477e-08
vn 0.753287 0.657691 1.8183e-07
v -0.0376011 -0.144232 2.86189e-08
vn 0.484057 0.875036 -3.86601e-07
v -0.0396069 -0.140316 -0.0164057
vn 0.695947 0.657691 0.288271
v -0.0428702 -0.140316 2.84477e-08
vn 0.753287 0.657691 1.8183e-07
v -0.045576 -0.135759 2.82485e-08
vn 0.936139 0.351629 3.44323e-07
v -0.0421067 -0.135759 -0.0174412
vn 0.864879 0.35163 0.358245
v -0.0430277 -0.130775 -0.0178226
vn 0.91817 0.110999 0.380319
v -0.0431593 0.0209628 -0.0178772
vn 0.923174 -0.0390879 0.38239
v -0.0467153 0.0209628 -2.23742e-08
vn 0.999236 -0.0390881 -2.9666e-07
v -0.0467153 -0.125577 2.78034e-08
vn 0.999907 0.0136704 -3.39134e-08
v -0.0431593 -0.125577 -0.0178771
vn 0.923793 0.0136702 0.382648
v -0.0431593 0.0209628 -0.0178772
vn 0.923174 -0.0390879 0.38239
v -0.0467153 -0.125577 2.78034e-08
vn 0.999907 0.0136704 -3.39134e-08
v -0.0431593 -0.125577 -0.0178771
vn 0.923793 0.0136702 0.382648
v -0.0467153 -0.125577 2.78034e-08
vn 0.999907 0.0136704 -3.39134e-08
v -0.0465729 -0.130775 2.80306e-08
vn 0.993821 0.110998 2.63549e-08
v -0.0430277 -0.130775 -0.0178226
vn 0.91817 0.110999 0.380319
v -0.0431593 -0.125577 -0.0178771
vn 0.923793 0.0136702 0.382648
v -0.0465729 -0.130775 2.80306e-08
vn 0.993821 0.110998 2.63549e-08
v -0.045576 -0.135759 2.82485e-08
vn 0.936139 0.351629 3.44323e-07
v -0.0430277 -0.130775 -0.0178226
vn 0.91817 0.110999 0.380319
v -0.0465729 -0.130775 2.80306e-08
vn 0.993821 0.110998 2.63549e-08
v -0.0467153 0.0209628 -2.23742e-08
vn 0.999236 -0.0390881 -2.9666e-07
v -0.0431593 0.0209628 -0.0178772
vn 0.923174 -0.0390879 0.38239
v -0.0425015 0.0300058 -0.0176047
vn 0.907939 -0.184961 0.37608
v -0.0406595 0.0364855 -0.0168417
vn 0.832759 -0.433046 0.344941
v -0.0440095 0.0364855 -3.23659e-08
vn 0.901372 -0.433045 -3.52523e-07
v -0.0460032 0.0300058 -3.20827e-08
vn 0.982746 -0.18496 -2.6361e-07
v -0.0425015 0.0300058 -0.0176047
vn 0.907939 -0.184961 0.37608
v -0.0406595 0.0364855 -0.0168417
vn 0.832759 -0.433046 0.344941
v -0.0460032 0.0300058 -3.20827e-08
vn 0.982746 -0.18496 -2.6361e-07
v -0.0467153 0.0209628 -2.23742e-08
vn 0.999236 -0.0390881 -2.9666e-07
v -0.0425015 0.0300058 -0.0176047
vn 0.907939 -0.184961 0.37608
v -0.0460032 0.0300058 -3.20827e-08
vn 0.982746 -0.18496 -2.6361e-07
v -0.0440095 0.0364855 -3.23659e-08
vn 0.901372 -0.433045 -3.52523e-07
v -0.0406595 0.0364855 -0.0168417
vn 0.832759 -0.433046 0.344941
v -0.0378307 0.0408289 -0.01567
vn 0.656449 -0.703662 0.271911
v -0.0342126 0.0434635 -0.0141713
vn 0.407886 -0.897265 0.168952
v -0.0370314 0.0434635 -3.26709e-08
vn 0.441492 -0.897265 2.07635e-07
v -0.0409477 0.0408289 -3.25558e-08
vn 0.710536 -0.703661 7.73297e-08
v -0.0378307 0.0408289 -0.01567
vn 0.656449 -0.703662 0.271911
v -0.0342126 0.0434635 -0.0141713
vn 0.407886 -0.897265 0.168952
v -0.0409477 0.0408289 -3.25558e-08
vn 0.710536 -0.703661 7.73297e-08
v -0.0440095 0.0364855 -3.23659e-08
vn 0.901372 -0.433045 -3.52523e-07
v -0.0378307 0.0408289 -0.01567
vn 0.656449 -0.703662 0.271911
v -0.0409477 0.0408289 -3.25558e-08
vn 0.710536 -0.703661 7.73297e-08
v -0.0370314 0.0434635 -3.26709e-08
vn 0.441492 -0.897265 2.07635e-07
v -0.0342126 0.0434635 -0.0141713
vn 0.407886 -0.897265 0.168952
v -0.0300024 0.0448164 -0.0124274
vn 0.18866 -0.978928 0.0781457
v -0.0253974 0.0453148 -0.01052
vn 0.223348 -0.970339 0.0925134
v -0.02749 0.0453148 -3.27519e-08
vn 0.241749 -0.970339 -5.05233e-07
v -0.0324743 0.0448164 -3.27301e-08
vn 0.204205 -0.978928 2.13298e-07
v -0.0300024 0.0448164 -0.0124274
vn 0.18866 -0.978928 0.0781457
v -0.0253974 0.0453148 -0.01052
vn 0.223348 -0.970339 0.0925134
v -0.0324743 0.0448164 -3.27301e-08
vn 0.204205 -0.978928 2.13298e-07
v -0.0370314 0.0434635 -3.26709e-08
vn 0.441492 -0.897265 2.07635e-07
v -0.0300024 0.0448164 -0.0124274
vn 0.18866 -0.978928 0.0781457
v -0.0324743 0.0448164 -3.27301e-08
vn 0.204205 -0.978928 2.13298e-07
v -0.0234773 0.136318 -0.00972469
vn 0.755232 -0.575982 0.31284
v -0.0254117 0.136318 -6.28068e-08
vn 0.817463 -0.575982 -6.58078e-06
v -0.0254117 0.135718 -6.27805e-08
vn 0.998075 -0.0620207 -4.03865e-06
v -0.0234773 0.135718 -0.00972469
vn 0.922098 -0.0620173 0.381954
v -0.0234773 0.136318 -0.00972469
vn 0.755232 -0.575982 0.31284
v -0.0254117 0.135718 -6.27805e-08
vn 0.998075 -0.0620207 -4.03865e-06
v -0.0234773 0.135718 -0.00972469
vn 0.922098 -0.0620173 0.381954
v -0.0254117 0.135718 -6.27805e-08
vn 0.998075 -0.0620207 -4.03865e-06
v -0.025644 0.133841 -6.26985e-08
vn 0.998133 -0.0610813 -1.01054e-06
v -0.023692 0.133841 -0.00981359
vn 0.922156 -0.0610759 0.381966
v -0.0234773 0.135718 -0.00972469
vn 0.922098 -0.0620173 0.381954
v -0.025644 0.133841 -6.26985e-08
vn 0.998133 -0.0610813 -1.01054e-06
v -0.023692 0.133841 -0.00981359
vn 0.922156 -0.0610759 0.381966
v -0.025644 0.133841 -6.26985e-08
vn 0.998133 -0.0610813 -1.01054e-06
v -0.025644 0.131964 -6.26164e-08
vn 0.877241 0.480051 -1.83016e-06
v -0.023692 0.131964 -0.00981359
vn 0.810464 0.480052 0.335705
v -0.023692 0.133841 -0.00981359
vn 0.922156 -0.0610759 0.381966
v -0.025644 0.131964 -6.26164e-08
vn 0.877241 0.480051 -1.83016e-06
v -0.0112817 -0.149288 -0.0112817
vn 0.0727307 0.994696 0.0727309
v -0.0147403 -0.149288 -0.00610561
vn 0.0950277 0.994696 0.0393606
v 0.00196899 -0.15 0.000815592
vn -0.0363457 -0.999226 -0.0150541
v 0.00196899 -0.15 0.000815592
vn -0.0363457 -0.999226 -0.0150541
v 0.00150701 -0.15 0.00150702
vn -0.0278177 -0.999226 -0.0278172
v -0.0112817 -0.149288 -0.0112817
vn 0.0727307 0.994696 0.0727309
v -0.0147403 -0.149288 -0.00610561
vn 0.0950277 0.994696 0.0393606
v -0.0112817 -0.149288 -0.0112817
vn 0.0727307 0.994696 0.0727309
v -0.0204453 -0.147294 -0.0204453
vn 0.179716 0.967163 0.179716
v -0.026588 -0.144232 -0.0265879
vn 0.34228 0.875036 0.342281
v -0.0347389 -0.144232 -0.0143893
vn 0.447211 0.875036 0.18524
v -0.0267131 -0.147294 -0.0110649
vn 0.23481 0.967163 0.097261
v -0.0204453 -0.147294 -0.0204453
vn 0.179716 0.967163 0.179716
v -0.026588 -0.144232 -0.0265879
vn 0.34228 0.875036 0.342281
v -0.0267131 -0.147294 -0.0110649
vn 0.23481 0.967163 0.097261
v -0.0147403 -0.149288 -0.00610561
vn 0.0950277 0.994696 0.0393606
v -0.0204453 -0.147294 -0.0204453
vn 0.179716 0.967163 0.179716
v -0.0267131 -0.147294 -0.0110649
vn 0.23481 0.967163 0.097261
v -0.0347389 -0.144232 -0.0143893
vn 0.447211 0.875036 0.18524
v -0.026588 -0.144232 -0.0265879
vn 0.34228 0.875036 0.342281
v -0.0303138 -0.140316 -0.0303138
vn 0.532654 0.657692 0.532654
v -0.0322271 -0.135759 -0.0322271
vn 0.66195 0.351631 0.661951
v -0.0421067 -0.135759 -0.0174412
vn 0.864879 0.35163 0.358245
v -0.0396069 -0.140316 -0.0164057
vn 0.695947 0.657691 0.288271
v -0.0303138 -0.140316 -0.0303138
vn 0.532654 0.657692 0.532654
v -0.0322271 -0.135759 -0.0322271
vn 0.66195 0.351631 0.661951
v -0.0396069 -0.140316 -0.0164057
vn 0.695947 0.657691 0.288271
v -0.0347389 -0.144232 -0.0143893
vn 0.447211 0.875036 0.18524
v -0.0303138 -0.140316 -0.0303138
vn 0.532654 0.657692 0.532654
v -0.0396069 -0.140316 -0.0164057
vn 0.695947 0.657691 0.288271
v -0.0421067 -0.135759 -0.0174412
vn 0.864879 0.35163 0.358245
v -0.0322271 -0.135759 -0.0322271
vn 0.66195 0.351631 0.661951
v -0.032932 -0.130775 -0.032932
vn 0.702737 0.111 0.702737
v -0.0330327 0.0209628 -0.0330327
vn 0.706566 -0.0390885 0.706567
v -0.0431593 0.0209628 -0.0178772
vn 0.923174 -0.0390879 0.38239
v -0.0431593 -0.125577 -0.0178771
vn 0.923793 0.0136702 0.382648
v -0.0330327 -0.125577 -0.0330327
vn 0.70704 0.0136722 0.707041
v -0.0330327 0.0209628 -0.0330327
vn 0.706566 -0.0390885 0.706567
v -0.0431593 -0.125577 -0.0178771
vn 0.923793 0.0136702 0.382648
v -0.0330327 -0.125577 -0.0330327
vn 0.70704 0.0136722 0.707041
v -0.0431593 -0.125577 -0.0178771
vn 0.923793 0.0136702 0.382648
v -0.0430277 -0.130775 -0.0178226
vn 0.91817 0.110999 0.380319
v -0.032932 -0.130775 -0.032932
vn 0.702737 0.111 0.702737
v -0.0330327 -0.125577 -0.0330327
vn 0.70704 0.0136722 0.707041
v -0.0430277 -0.130775 -0.0178226
vn 0.91817 0.110999 0.380319
v -0.0421067 -0.135759 -0.0174412
vn 0.864879 0.35163 0.358245
v -0.032932 -0.130775 -0.032932
vn 0.702737 0.111 0.702737
v -0.0430277 -0.130775 -0.0178226
vn 0.91817 0.110999 0.380319
v -0.0431593 0.0209628 -0.0178772
vn 0.923174 -0.0390879 0.38239
v -0.0330327 0.0209628 -0.0330327
vn 0.706566 -0.0390885 0.706567
v -0.0325292 0.0300058 -0.0325292
vn 0.694906 -0.184961 0.694907
v -0.0311194 0.0364854 -0.0311194
vn 0.637366 -0.433045 0.637367
v -0.0406595 0.0364855 -0.0168417
vn 0.832759 -0.433046 0.344941
v -0.0425015 0.0300058 -0.0176047
vn 0.907939 -0.184961 0.37608
v -0.0325292 0.0300058 -0.0325292
vn 0.694906 -0.184961 0.694907
v -0.0311194 0.0364854 -0.0311194
vn 0.637366 -0.433045 0.637367
v -0.0425015 0.0300058 -0.0176047
vn 0.907939 -0.184961 0.37608
v -0.0431593 0.0209628 -0.0178772
vn 0.923174 -0.0390879 0.38239
v -0.0325292 0.0300058 -0.0325292
vn 0.694906 -0.184961 0.694907
v -0.0425015 0.0300058 -0.0176047
vn 0.907939 -0.184961 0.37608
v -0.0406595 0.0364855 -0.0168417
vn 0.832759 -0.433046 0.344941
v -0.0311194 0.0364854 -0.0311194
vn 0.637366 -0.433045 0.637367
v -0.0289544 0.0408289 -0.0289544
vn 0.502425 -0.703661 0.502425
v -0.0261852 0.0434635 -0.0261852
vn 0.312183 -0.897265 0.312182
v -0.0342126 0.0434635 -0.0141713
vn 0.407886 -0.897265 0.168952
v -0.0378307 0.0408289 -0.01567
vn 0.656449 -0.703662 0.271911
v -0.0289544 0.0408289 -0.0289544
vn 0.502425 -0.703661 0.502425
v -0.0261852 0.0434635 -0.0261852
vn 0.312183 -0.897265 0.312182
v -0.0378307 0.0408289 -0.01567
vn 0.656449 -0.703662 0.271911
v -0.0406595 0.0364855 -0.0168417
vn 0.832759 -0.433046 0.344941
v -0.0289544 0.0408289 -0.0289544
vn 0.502425 -0.703661 0.502425
v -0.0378307 0.0408289 -0.01567
vn 0.656449 -0.703662 0.271911
v -0.0342126 0.0434635 -0.0141713
vn 0.407886 -0.897265 0.168952
v -0.0261852 0.0434635 -0.0261852
vn 0.312183 -0.897265 0.312182
v -0.0229628 0.0448164 -0.0229629
vn 0.144396 -0.978928 0.144394
v -0.0194384 0.0453148 -0.0194384
vn 0.170943 -0.970339 0.170942
v -0.0253974 0.0453148 -0.01052
vn 0.223348 -0.970339 0.0925134
v -0.0300024 0.0448164 -0.0124274
vn 0.18866 -0.978928 0.0781457
v -0.0229628 0.0448164 -0.0229629
vn 0.144396 -0.978928 0.144394
v -0.0194384 0.0453148 -0.0194384
vn 0.170943 -0.970339 0.170942
v -0.0300024 0.0448164 -0.0124274
vn 0.18866 -0.978928 0.0781457
v -0.0342126 0.0434635 -0.0141713
vn 0.407886 -0.897265 0.168952
v -0.0229628 0.0448164 -0.0229629
vn 0.144396 -0.978928 0.144394
v -0.0300024 0.0448164 -0.0124274
vn 0.18866 -0.978928 0.0781457
v -0.0179688 0.136318 -0.0179688
vn 0.578029 -0.57598 0.578039
v -0.0234773 0.136318 -0.00972469
vn 0.755232 -0.575982 0.31284
v -0.0234773 0.135718 -0.00972469
vn 0.922098 -0.0620173 0.381954
v -0.0179688 0.135718 -0.0179688
vn 0.705742 -0.0620183 0.705749
v -0.0179688 0.136318 -0.0179688
vn 0.578029 -0.57598 0.578039
v -0.0234773 0.135718 -0.00972469
vn 0.922098 -0.0620173 0.381954
v -0.0179688 0.135718 -0.0179688
vn 0.705742 -0.0620183 0.705749
v -0.0234773 0.135718 -0.00972469
vn 0.922098 -0.0620173 0.381954
v -0.023692 0.133841 -0.00981359
vn 0.922156 -0.0610759 0.381966
v -0.0181331 0.133841 -0.0181331
vn 0.705789 -0.0610787 0.705784
v -0.0179688 0.135718 -0.0179688
vn 0.705742 -0.0620183 0.705749
v -0.023692 0.133841 -0.00981359
vn 0.922156 -0.0610759 0.381966
v -0.0181331 0.133841 -0.0181331
vn 0.705789 -0.0610787 0.705784
v -0.023692 0.133841 -0.00981359
vn 0.922156 -0.0610759 0.381966
v -0.023692 0.131964 -0.00981359
vn 0.810464 0.480052 0.335705
v -0.0181331 0.131964 -0.0181331
vn 0.620305 0.480049 0.620302
v -0.0181331 0.133841 -0.0181331
vn 0.705789 -0.0610787 0.705784
v -0.023692 0.131964 -0.00981359
vn 0.810464 0.480052 0.335705
v -0.00610562 -0.149288 -0.0147403
vn 0.0393616 0.994696 0.0950274
v -0.0112817 -0.149288 -0.0112817
vn 0.0727307 0.994696 0.0727309
v 0.00150701 -0.15 0.00150702
vn -0.0278177 -0.999226 -0.0278172
v 0.00150701 -0.15 0.00150702
vn -0.0278177 -0.999226 -0.0278172
v 0.000815595 -0.15 0.00196901
vn -0.0150552 -0.999226 -0.0363453
v -0.00610562 -0.149288 -0.0147403
vn 0.0393616 0.994696 0.0950274
v -0.0112817 -0.149288 -0.0112817
vn 0.0727307 0.994696 0.0727309
v -0.00610562 -0.149288 -0.0147403
vn 0.0393616 0.994696 0.0950274
v -0.0110649 -0.147294 -0.0267131
vn 0.0972611 0.967163 0.23481
v -0.0143893 -0.144232 -0.0347388
vn 0.18524 0.875037 0.44721
v -0.026588 -0.144232 -0.0265879
vn 0.34228 0.875036 0.342281
v -0.0204453 -0.147294 -0.0204453
vn 0.179716 0.967163 0.179716
v -0.0110649 -0.147294 -0.0267131
vn 0.0972611 0.967163 0.23481
v -0.0143893 -0.144232 -0.0347388
vn 0.18524 0.875037 0.44721
v -0.0204453 -0.147294 -0.0204453
vn 0.179716 0.967163 0.179716
v -0.0112817 -0.149288 -0.0112817
vn 0.0727307 0.994696 0.0727309
v -0.0110649 -0.147294 -0.0267131
vn 0.0972611 0.967163 0.23481
v -0.0204453 -0.147294 -0.0204453
vn 0.179716 0.967163 0.179716
v -0.026588 -0.144232 -0.0265879
vn 0.34228 0.875036 0.342281
v -0.0143893 -0.144232 -0.0347388
vn 0.18524 0.875037 0.44721
v -0.0164057 -0.140316 -0.0396069
vn 0.28827 0.657691 0.695947
v -0.0174412 -0.135759 -0.0421067
vn 0.358245 0.351629 0.86488
v -0.0322271 -0.135759 -0.0322271
vn 0.66195 0.351631 0.661951
v -0.0303138 -0.140316 -0.0303138
vn 0.532654 0.657692 0.532654
v -0.0164057 -0.140316 -0.0396069
vn 0.28827 0.657691 0.695947
v -0.0174412 -0.135759 -0.0421067
vn 0.358245 0.351629 0.86488
v -0.0303138 -0.140316 -0.0303138
vn 0.532654 0.657692 0.532654
v -0.026588 -0.144232 -0.0265879
vn 0.34228 0.875036 0.342281
v -0.0164057 -0.140316 -0.0396069
vn 0.28827 0.657691 0.695947
v -0.0303138 -0.140316 -0.0303138
vn 0.532654 0.657692 0.532654
v -0.0322271 -0.135759 -0.0322271
vn 0.66195 0.351631 0.661951
v -0.0174412 -0.135759 -0.0421067
vn 0.358245 0.351629 0.86488
v -0.0178227 -0.130775 -0.0430277
vn 0.380318 0.110999 0.918171
v -0.0178772 0.0209628 -0.0431593
vn 0.38239 -0.0390876 0.923174
v -0.0330327 0.0209628 -0.0330327
vn 0.706566 -0.0390885 0.706567
v -0.0330327 -0.125577 -0.0330327
vn 0.70704 0.0136722 0.707041
v -0.0178772 -0.125577 -0.0431593
vn 0.382647 0.0136718 0.923793
v -0.0178772 0.0209628 -0.0431593
vn 0.38239 -0.0390876 0.923174
v -0.0330327 -0.125577 -0.0330327
vn 0.70704 0.0136722 0.707041
v -0.0178772 -0.125577 -0.0431593
vn 0.382647 0.0136718 0.923793
v -0.0330327 -0.125577 -0.0330327
vn 0.70704 0.0136722 0.707041
v -0.032932 -0.130775 -0.032932
vn 0.702737 0.111 0.702737
v -0.0178227 -0.130775 -0.0430277
vn 0.380318 0.110999 0.918171
v -0.0178772 -0.125577 -0.0431593
vn 0.382647 0.0136718 0.923793
v -0.032932 -0.130775 -0.032932
vn 0.702737 0.111 0.702737
v -0.0322271 -0.135759 -0.0322271
vn 0.66195 0.351631 0.661951
v -0.0178227 -0.130775 -0.0430277
vn 0.380318 0.110999 0.918171
v -0.032932 -0.130775 -0.032932
vn 0.702737 0.111 0.702737
v -0.0330327 0.0209628 -0.0330327
vn 0.706566 -0.0390885 0.706567
v -0.0178772 0.0209628 -0.0431593
vn 0.38239 -0.0390876 0.923174
v -0.0176047 0.0300058 -0.0425015
vn 0.37608 -0.184961 0.907939
v -0.0168417 0.0364854 -0.0406595
vn 0.34494 -0.433045 0.83276
v -0.0311194 0.0364854 -0.0311194
vn 0.637366 -0.433045 0.637367
v -0.0325292 0.0300058 -0.0325292
vn 0.694906 -0.184961 0.694907
v -0.0176047 0.0300058 -0.0425015
vn 0.37608 -0.184961 0.907939
v -0.0168417 0.0364854 -0.0406595
vn 0.34494 -0.433045 0.83276
v -0.0325292 0.0300058 -0.0325292
vn 0.694906 -0.184961 0.694907
v -0.0330327 0.0209628 -0.0330327
vn 0.706566 -0.0390885 0.706567
v -0.0176047 0.0300058 -0.0425015
vn 0.37608 -0.184961 0.907939
v -0.0325292 0.0300058 -0.0325292
vn 0.694906 -0.184961 0.694907
v -0.0311194 0.0364854 -0.0311194
vn 0.637366 -0.433045 0.637367
v -0.0168417 0.0364854 -0.0406595
vn 0.34494 -0.433045 0.83276
v -0.01567 0.0408289 -0.0378308
vn 0.27191 -0.70366 0.656451
v -0.0141713 0.0434635 -0.0342126
vn 0.168952 -0.897265 0.407886
v -0.0261852 0.0434635 -0.0261852
vn 0.312183 -0.897265 0.312182
v -0.0289544 0.0408289 -0.0289544
vn 0.502425 -0.703661 0.502425
v -0.01567 0.0408289 -0.0378308
vn 0.27191 -0.70366 0.656451
v -0.0141713 0.0434635 -0.0342126
vn 0.168952 -0.897265 0.407886
v -0.0289544 0.0408289 -0.0289544
vn 0.502425 -0.703661 0.502425
v -0.0311194 0.0364854 -0.0311194
vn 0.637366 -0.433045 0.637367
v -0.01567 0.0408289 -0.0378308
vn 0.27191 -0.70366 0.656451
v -0.0289544 0.0408289 -0.0289544
vn 0.502425 -0.703661 0.502425
v -0.0261852 0.0434635 -0.0261852
vn 0.312183 -0.897265 0.312182
v -0.0141713 0.0434635 -0.0342126
vn 0.168952 -0.897265 0.407886
v -0.0124274 0.0448164 -0.0300024
vn 0.0781464 -0.978928 0.188661
v -0.01052 0.0453148 -0.0253975
vn 0.0925133 -0.970339 0.223348
v -0.0194384 0.0453148 -0.0194384
vn 0.170943 -0.970339 0.170942
v -0.0229628 0.0448164 -0.0229629
vn 0.144396 -0.978928 0.144394
v -0.0124274 0.0448164 -0.0300024
vn 0.0781464 -0.978928 0.188661
v -0.01052 0.0453148 -0.0253975
vn 0.0925133 -0.970339 0.223348
v -0.0229628 0.0448164 -0.0229629
vn 0.144396 -0.978928 0.144394
v -0.0261852 0.0434635 -0.0261852
vn 0.312183 -0.897265 0.312182
v -0.0124274 0.0448164 -0.0300024
vn 0.0781464 -0.978928 0.188661
v -0.0229628 0.0448164 -0.0229629
vn 0.144396 -0.978928 0.144394
v -0.00972464 0.136318 -0.0234774
vn 0.312829 -0.575981 0.755237
v -0.0179688 0.136318 -0.0179688
vn 0.578029 -0.57598 0.578039
v -0.0179688 0.135718 -0.0179688
vn 0.705742 -0.0620183 0.705749
v -0.00972465 0.135718 -0.0234774
vn 0.381949 -0.0620208 0.9221
v -0.00972464 0.136318 -0.0234774
vn 0.312829 -0.575981 0.755237
v -0.0179688 0.135718 -0.0179688
vn 0.705742 -0.0620183 0.705749
v -0.00972465 0.135718 -0.0234774
vn 0.381949 -0.0620208 0.9221
v -0.0179688 0.135718 -0.0179688
vn 0.705742 -0.0620183 0.705749
v -0.0181331 0.133841 -0.0181331
vn 0.705789 -0.0610787 0.705784
v -0.00981357 0.133841 -0.0236921
vn 0.381968 -0.0610784 0.922155
v -0.00972465 0.135718 -0.0234774
vn 0.381949 -0.0620208 0.9221
v -0.0181331 0.133841 -0.0181331
vn 0.705789 -0.0610787 0.705784
v -0.00981357 0.133841 -0.0236921
vn 0.381968 -0.0610784 0.922155
v -0.0181331 0.133841 -0.0181331
vn 0.705789 -0.0610787 0.705784
v -0.0181331 0.131964 -0.0181331
vn 0.620305 0.480049 0.620302
v -0.00981356 0.131964 -0.0236921
vn 0.335703 0.48005 0.810466
v -0.00981357 0.133841 -0.0236921
vn 0.381968 -0.0610784 0.922155
v -0.0181331 0.131964 -0.0181331
vn 0.620305 0.480049 0.620302
v 1.83936e-08 -0.149288 -0.0159548
vn -2.16958e-08 0.994696 0.102857
v -0.00610562 -0.149288 -0.0147403
vn 0.0393616 0.994696 0.0950274
v 0.000815595 -0.15 0.00196901
vn -0.0150552 -0.999226 -0.0363453
v 0.000815595 -0.15 0.00196901
vn -0.0150552 -0.999226 -0.0363453
v 1.83936e-08 -0.15 0.00213126
vn -6.08437e-07 -0.999226 -0.0393398
v 1.83936e-08 -0.149288 -0.0159548
vn -2.16958e-08 0.994696 0.102857
v -0.00610562 -0.149288 -0.0147403
vn 0.0393616 0.994696 0.0950274
v 1.83936e-08 -0.149288 -0.0159548
vn -2.16958e-08 0.994696 0.102857
v 1.83936e-08 -0.147294 -0.028914
vn -1.60862e-07 0.967163 0.254157
v 1.83936e-08 -0.144232 -0.037601
vn -2.62597e-07 0.875036 0.484057
v -0.0143893 -0.144232 -0.0347388
vn 0.18524 0.875037 0.44721
v -0.0110649 -0.147294 -0.0267131
vn 0.0972611 0.967163 0.23481
v 1.83936e-08 -0.147294 -0.028914
vn -1.60862e-07 0.967163 0.254157
v 1.83936e-08 -0.144232 -0.037601
vn -2.62597e-07 0.875036 0.484057
v -0.0110649 -0.147294 -0.0267131
vn 0.0972611 0.967163 0.23481
v -0.00610562 -0.149288 -0.0147403
vn 0.0393616 0.994696 0.0950274
v 1.83936e-08 -0.147294 -0.028914
vn -1.60862e-07 0.967163 0.254157
v -0.0110649 -0.147294 -0.0267131
vn 0.0972611 0.967163 0.23481
v -0.0143893 -0.144232 -0.0347388
vn 0.18524 0.875037 0.44721
v 1.83936e-08 -0.144232 -0.037601
vn -2.62597e-07 0.875036 0.484057
v 1.83936e-08 -0.140316 -0.0428702
vn -5.80361e-07 0.657692 0.753287
v 1.83936e-08 -0.135759 -0.045576
vn -6.08802e-07 0.351629 0.936139
v -0.0174412 -0.135759 -0.0421067
vn 0.358245 0.351629 0.86488
v -0.0164057 -0.140316 -0.0396069
vn 0.28827 0.657691 0.695947
v 1.83936e-08 -0.140316 -0.0428702
vn -5.80361e-07 0.657692 0.753287
v 1.83936e-08 -0.135759 -0.045576
vn -6.08802e-07 0.351629 0.936139
v -0.0164057 -0.140316 -0.0396069
vn 0.28827 0.657691 0.695947
v -0.0143893 -0.144232 -0.0347388
vn 0.18524 0.875037 0.44721
v 1.83936e-08 -0.140316 -0.0428702
vn -5.80361e-07 0.657692 0.753287
v -0.0164057 -0.140316 -0.0396069
vn 0.28827 0.657691 0.695947
v -0.0174412 -0.135759 -0.0421067
vn 0.358245 0.351629 0.86488
v 1.83936e-08 -0.135759 -0.045576
vn -6.08802e-07 0.351629 0.936139
v 1.83936e-08 -0.130775 -0.0465728
vn -4.65807e-07 0.111 0.99382
v -1.39698e-09 0.0209628 -0.0467153
vn 3.20976e-07 -0.0390888 0.999236
v -0.0178772 0.0209628 -0.0431593
vn 0.38239 -0.0390876 0.923174
v -0.0178772 -0.125577 -0.0431593
vn 0.382647 0.0136718 0.923793
v 1.83936e-08 -0.125577 -0.0467152
vn -1.74412e-07 0.0136719 0.999907
v -1.39698e-09 0.0209628 -0.0467153
vn 3.20976e-07 -0.0390888 0.999236
v -0.0178772 -0.125577 -0.0431593
vn 0.382647 0.0136718 0.923793
v 1.83936e-08 -0.125577 -0.0467152
vn -1.74412e-07 0.0136719 0.999907
v -0.0178772 -0.125577 -0.0431593
vn 0.382647 0.0136718 0.923793
v -0.0178227 -0.130775 -0.0430277
vn 0.380318 0.110999 0.918171
v 1.83936e-08 -0.130775 -0.0465728
vn -4.65807e-07 0.111 0.99382
v 1.83936e-08 -0.125577 -0.0467152
vn -1.74412e-07 0.0136719 0.999907
v -0.0178227 -0.130775 -0.0430277
vn 0.380318 0.110999 0.918171
v -0.0174412 -0.135759 -0.0421067
vn 0.358245 0.351629 0.86488
v 1.83936e-08 -0.130775 -0.0465728
vn -4.65807e-07 0.111 0.99382
v -0.0178227 -0.130775 -0.0430277
vn 0.380318 0.110999 0.918171
v -0.0178772 0.0209628 -0.0431593
vn 0.38239 -0.0390876 0.923174
v -1.39698e-09 0.0209628 -0.0467153
vn 3.20976e-07 -0.0390888 0.999236
v -7.91624e-09 0.0300058 -0.0460033
vn 1.72455e-07 -0.184961 0.982746
v -7.91624e-09 0.0364854 -0.0440095
vn 3.22732e-08 -0.433045 0.901372
v -0.0168417 0.0364854 -0.0406595
vn 0.34494 -0.433045 0.83276
v -0.0176047 0.0300058 -0.0425015
vn 0.37608 -0.184961 0.907939
v -7.91624e-09 0.0300058 -0.0460033
vn 1.72455e-07 -0.184961 0.982746
v -7.91624e-09 0.0364854 -0.0440095
vn 3.22732e-08 -0.433045 0.901372
v -0.0176047 0.0300058 -0.0425015
vn 0.37608 -0.184961 0.907939
v -0.0178772 0.0209628 -0.0431593
vn 0.38239 -0.0390876 0.923174
v -7.91624e-09 0.0300058 -0.0460033
vn 1.72455e-07 -0.184961 0.982746
v -0.0176047 0.0300058 -0.0425015
vn 0.37608 -0.184961 0.907939
v -0.0168417 0.0364854 -0.0406595
vn 0.34494 -0.433045 0.83276
v -7.91624e-09 0.0364854 -0.0440095
vn 3.22732e-08 -0.433045 0.901372
v -7.91624e-09 0.0408289 -0.0409477
vn -5.93892e-08 -0.703661 0.710536
v -7.91624e-09 0.0434635 -0.0370315
vn -1.38423e-07 -0.897265 0.441492
v -0.0141713 0.0434635 -0.0342126
vn 0.168952 -0.897265 0.407886
v -0.01567 0.0408289 -0.0378308
vn 0.27191 -0.70366 0.656451
v -7.91624e-09 0.0408289 -0.0409477
vn -5.93892e-08 -0.703661 0.710536
v -7.91624e-09 0.0434635 -0.0370315
vn -1.38423e-07 -0.897265 0.441492
v -0.01567 0.0408289 -0.0378308
vn 0.27191 -0.70366 0.656451
v -0.0168417 0.0364854 -0.0406595
vn 0.34494 -0.433045 0.83276
v -7.91624e-09 0.0408289 -0.0409477
vn -5.93892e-08 -0.703661 0.710536
v -0.01567 0.0408289 -0.0378308
vn 0.27191 -0.70366 0.656451
v -0.0141713 0.0434635 -0.0342126
vn 0.168952 -0.897265 0.407886
v -7.91624e-09 0.0434635 -0.0370315
vn -1.38423e-07 -0.897265 0.441492
v -7.91624e-09 0.0448164 -0.0324744
vn 1.19495e-08 -0.978928 0.204207
v -7.91624e-09 0.0453148 -0.02749
vn 4.54949e-08 -0.970338 0.241751
v -0.01052 0.0453148 -0.0253975
vn 0.0925133 -0.970339 0.223348
v -0.0124274 0.0448164 -0.0300024
vn 0.0781464 -0.978928 0.188661
v -7.91624e-09 0.0448164 -0.0324744
vn 1.19495e-08 -0.978928 0.204207
v -7.91624e-09 0.0453148 -0.02749
vn 4.54949e-08 -0.970338 0.241751
v -0.0124274 0.0448164 -0.0300024
vn 0.0781464 -0.978928 0.188661
v -0.0141713 0.0434635 -0.0342126
vn 0.168952 -0.897265 0.407886
v -7.91624e-09 0.0448164 -0.0324744
vn 1.19495e-08 -0.978928 0.204207
v -0.0124274 0.0448164 -0.0300024
vn 0.0781464 -0.978928 0.188661
v -2.95695e-08 0.136318 -0.0254117
vn 1.54664e-05 -0.575979 0.817464
v -0.00972464 0.136318 -0.0234774
vn 0.312829 -0.575981 0.755237
v -0.00972465 0.135718 -0.0234774
vn 0.381949 -0.0620208 0.9221
v -2.53785e-08 0.135718 -0.0254117
vn 1.24958e-05 -0.0620186 0.998075
v -2.95695e-08 0.136318 -0.0254117
vn 1.54664e-05 -0.575979 0.817464
v -0.00972465 0.135718 -0.0234774
vn 0.381949 -0.0620208 0.9221
v -2.53785e-08 0.135718 -0.0254117
vn 1.24958e-05 -0.0620186 0.998075
v -0.00972465 0.135718 -0.0234774
vn 0.381949 -0.0620208 0.9221
v -0.00981357 0.133841 -0.0236921
vn 0.381968 -0.0610784 0.922155
v -2.09548e-08 0.133841 -0.0256441
vn 4.49131e-07 -0.0610796 0.998133
v -2.53785e-08 0.135718 -0.0254117
vn 1.24958e-05 -0.0620186 0.998075
v -0.00981357 0.133841 -0.0236921
vn 0.381968 -0.0610784 0.922155
v -2.09548e-08 0.133841 -0.0256441
vn 4.49131e-07 -0.0610796 0.998133
v -0.00981357 0.133841 -0.0236921
vn 0.381968 -0.0610784 0.922155
v -0.00981356 0.131964 -0.0236921
vn 0.335703 0.48005 0.810466
v -2.09548e-08 0.131964 -0.0256441
vn -7.23829e-07 0.480056 0.877238
v -2.09548e-08 0.133841 -0.0256441
vn 4.49131e-07 -0.0610796 0.998133
v -0.00981356 0.131964 -0.0236921
vn 0.335703 0.48005 0.810466
v 0.00610566 -0.149288 -0.0147403
vn -0.0393618 0.994696 0.0950274
v 1.83936e-08 -0.149288 -0.0159548
vn -2.16958e-08 0.994696 0.102857
v 1.83936e-08 -0.15 0.00213126
vn -6.08437e-07 -0.999226 -0.0393398
v 1.83936e-08 -0.15 0.00213126
vn -6.08437e-07 -0.999226 -0.0393398
v -0.000815562 -0.15 0.00196903
vn 0.0150542 -0.999226 -0.0363456
v 0.00610566 -0.149288 -0.0147403
vn -0.0393618 0.994696 0.0950274
v 1.83936e-08 -0.149288 -0.0159548
vn -2.16958e-08 0.994696 0.102857
v 0.00610566 -0.149288 -0.0147403
vn -0.0393618 0.994696 0.0950274
v 0.011065 -0.147294 -0.0267131
vn -0.0972618 0.967163 0.23481
v 0.0143893 -0.144232 -0.0347388
vn -0.185241 0.875036 0.44721
v 1.83936e-08 -0.144232 -0.037601
vn -2.62597e-07 0.875036 0.484057
v 1.83936e-08 -0.147294 -0.028914
vn -1.60862e-07 0.967163 0.254157
v 0.011065 -0.147294 -0.0267131
vn -0.0972618 0.967163 0.23481
v 0.0143893 -0.144232 -0.0347388
vn -0.185241 0.875036 0.44721
v 1.83936e-08 -0.147294 -0.028914
vn -1.60862e-07 0.967163 0.254157
v 1.83936e-08 -0.149288 -0.0159548
vn -2.16958e-08 0.994696 0.102857
v 0.011065 -0.147294 -0.0267131
vn -0.0972618 0.967163 0.23481
v 1.83936e-08 -0.147294 -0.028914
vn -1.60862e-07 0.967163 0.254157
v 1.83936e-08 -0.144232 -0.037601
vn -2.62597e-07 0.875036 0.484057
v 0.0143893 -0.144232 -0.0347388
vn -0.185241 0.875036 0.44721
v 0.0164057 -0.140316 -0.0396069
vn -0.288271 0.657691 0.695947
v 0.0174412 -0.135759 -0.0421067
vn -0.358245 0.351629 0.86488
v 1.83936e-08 -0.135759 -0.045576
vn -6.08802e-07 0.351629 0.936139
v 1.83936e-08 -0.140316 -0.0428702
vn -5.80361e-07 0.657692 0.753287
v 0.0164057 -0.140316 -0.0396069
vn -0.288271 0.657691 0.695947
v 0.0174412 -0.135759 -0.0421067
vn -0.358245 0.351629 0.86488
v 1.83936e-08 -0.140316 -0.0428702
vn -5.80361e-07 0.657692 0.753287
v 1.83936e-08 -0.144232 -0.037601
vn -2.62597e-07 0.875036 0.484057
v 0.0164057 -0.140316 -0.0396069
vn -0.288271 0.657691 0.695947
v 1.83936e-08 -0.140316 -0.0428702
vn -5.80361e-07 0.657692 0.753287
v 1.83936e-08 -0.135759 -0.045576
vn -6.08802e-07 0.351629 0.936139
v 0.0174412 -0.135759 -0.0421067
vn -0.358245 0.351629 0.86488
v 0.0178227 -0.130775 -0.0430277
vn -0.380319 0.111001 0.91817
v 0.0178772 0.0209628 -0.0431593
vn -0.382391 -0.0390887 0.923173
v -1.39698e-09 0.0209628 -0.0467153
vn 3.20976e-07 -0.0390888 0.999236
v 1.83936e-08 -0.125577 -0.0467152
vn -1.74412e-07 0.0136719 0.999907
v 0.0178772 -0.125577 -0.0431593
vn -0.382648 0.013673 0.923793
v 0.0178772 0.0209628 -0.0431593
vn -0.382391 -0.0390887 0.923173
v 1.83936e-08 -0.125577 -0.0467152
vn -1.74412e-07 0.0136719 0.999907
v 0.0178772 -0.125577 -0.0431593
vn -0.382648 0.013673 0.923793
v 1.83936e-08 -0.125577 -0.0467152
vn -1.74412e-07 0.0136719 0.999907
v 1.83936e-08 -0.130775 -0.0465728
vn -4.65807e-07 0.111 0.99382
v 0.0178227 -0.130775 -0.0430277
vn -0.380319 0.111001 0.91817
v 0.0178772 -0.125577 -0.0431593
vn -0.382648 0.013673 0.923793
v 1.83936e-08 -0.130775 -0.0465728
vn -4.65807e-07 0.111 0.99382
v 1.83936e-08 -0.135759 -0.045576
vn -6.08802e-07 0.351629 0.936139
v 0.0178227 -0.130775 -0.0430277
vn -0.380319 0.111001 0.91817
v 1.83936e-08 -0.130775 -0.0465728
vn -4.65807e-07 0.111 0.99382
v -1.39698e-09 0.0209628 -0.0467153
vn 3.20976e-07 -0.0390888 0.999236
v 0.0178772 0.0209628 -0.0431593
vn -0.382391 -0.0390887 0.923173
v 0.0176047 0.0300058 -0.0425015
vn -0.376081 -0.184962 0.907939
v 0.0168417 0.0364854 -0.0406595
vn -0.34494 -0.433045 0.83276
v -7.91624e-09 0.0364854 -0.0440095
vn 3.22732e-08 -0.433045 0.901372
v -7.91624e-09 0.0300058 -0.0460033
vn 1.72455e-07 -0.184961 0.982746
v 0.0176047 0.0300058 -0.0425015
vn -0.376081 -0.184962 0.907939
v 0.0168417 0.0364854 -0.0406595
vn -0.34494 -0.433045 0.83276
v -7.91624e-09 0.0300058 -0.0460033
vn 1.72455e-07 -0.184961 0.982746
v -1.39698e-09 0.0209628 -0.0467153
vn 3.20976e-07 -0.0390888 0.999236
v 0.0176047 0.0300058 -0.0425015
vn -0.376081 -0.184962 0.907939
v -7.91624e-09 0.0300058 -0.0460033
vn 1.72455e-07 -0.184961 0.982746
v -7.91624e-09 0.0364854 -0.0440095
vn 3.22732e-08 -0.433045 0.901372
v 0.0168417 0.0364854 -0.0406595
vn -0.34494 -0.433045 0.83276
v 0.01567 0.0408289 -0.0378308
vn -0.27191 -0.703658 0.656452
v 0.0141713 0.0434635 -0.0342126
vn -0.168952 -0.897263 0.407889
v -7.91624e-09 0.0434635 -0.0370315
vn -1.38423e-07 -0.897265 0.441492
v -7.91624e-09 0.0408289 -0.0409477
vn -5.93892e-08 -0.703661 0.710536
v 0.01567 0.0408289 -0.0378308
vn -0.27191 -0.703658 0.656452
v 0.0141713 0.0434635 -0.0342126
vn -0.168952 -0.897263 0.407889
v -7.91624e-09 0.0408289 -0.0409477
vn -5.93892e-08 -0.703661 0.710536
v -7.91624e-09 0.0364854 -0.0440095
vn 3.22732e-08 -0.433045 0.901372
v 0.01567 0.0408289 -0.0378308
vn -0.27191 -0.703658 0.656452
v -7.91624e-09 0.0408289 -0.0409477
vn -5.93892e-08 -0.703661 0.710536
v -7.91624e-09 0.0434635 -0.0370315
vn -1.38423e-07 -0.897265 0.441492
v 0.0141713 0.0434635 -0.0342126
vn -0.168952 -0.897263 0.407889
v 0.0124274 0.0448164 -0.0300024
vn -0.0781464 -0.978928 0.188663
v 0.0105199 0.0453148 -0.0253975
vn -0.0925136 -0.970338 0.223349
v -7.91624e-09 0.0453148 -0.02749
vn 4.54949e-08 -0.970338 0.241751
v -7.91624e-09 0.0448164 -0.0324744
vn 1.19495e-08 -0.978928 0.204207
v 0.0124274 0.0448164 -0.0300024
vn -0.0781464 -0.978928 0.188663
v 0.0105199 0.0453148 -0.0253975
vn -0.0925136 -0.970338 0.223349
v -7.91624e-09 0.0448164 -0.0324744
vn 1.19495e-08 -0.978928 0.204207
v -7.91624e-09 0.0434635 -0.0370315
vn -1.38423e-07 -0.897265 0.441492
v 0.0124274 0.0448164 -0.0300024
vn -0.0781464 -0.978928 0.188663
v -7.91624e-09 0.0448164 -0.0324744
vn 1.19495e-08 -0.978928 0.204207
v 0.00972459 0.136318 -0.0234774
vn -0.312829 -0.575972 0.755245
v -2.95695e-08 0.136318 -0.0254117
vn 1.54664e-05 -0.575979 0.817464
v -2.53785e-08 0.135718 -0.0254117
vn 1.24958e-05 -0.0620186 0.998075
v 0.00972459 0.135718 -0.0234774
vn -0.381945 -0.0620124 0.922102
v 0.00972459 0.136318 -0.0234774
vn -0.312829 -0.575972 0.755245
v -2.53785e-08 0.135718 -0.0254117
vn 1.24958e-05 -0.0620186 0.998075
v 0.00972459 0.135718 -0.0234774
vn -0.381945 -0.0620124 0.922102
v -2.53785e-08 0.135718 -0.0254117
vn 1.24958e-05 -0.0620186 0.998075
v -2.09548e-08 0.133841 -0.0256441
vn 4.49131e-07 -0.0610796 0.998133
v 0.00981352 0.133841 -0.0236921
vn -0.381968 -0.0610776 0.922155
v 0.00972459 0.135718 -0.0234774
vn -0.381945 -0.0620124 0.922102
v -2.09548e-08 0.133841 -0.0256441
vn 4.49131e-07 -0.0610796 0.998133
v 0.00981352 0.133841 -0.0236921
vn -0.381968 -0.0610776 0.922155
v -2.09548e-08 0.133841 -0.0256441
vn 4.49131e-07 -0.0610796 0.998133
v -2.09548e-08 0.131964 -0.0256441
vn -7.23829e-07 0.480056 0.877238
v 0.00981352 0.131964 -0.0236921
vn -0.335705 0.480053 0.810464
v 0.00981352 0.133841 -0.0236921
vn -0.381968 -0.0610776 0.922155
v -2.09548e-08 0.131964 -0.0256441
vn -7.23829e-07 0.480056 0.877238
v 0.0112818 -0.149288 -0.0112817
vn -0.072731 0.994696 0.0727305
v 0.00610566 -0.149288 -0.0147403
vn -0.0393618 0.994696 0.0950274
v -0.000815562 -0.15 0.00196903
vn 0.0150542 -0.999226 -0.0363456
v -0.000815562 -0.15 0.00196903
vn 0.0150542 -0.999226 -0.0363456
v -0.00150698 -0.15 0.00150707
vn 0.0278172 -0.999226 -0.0278176
v 0.0112818 -0.149288 -0.0112817
vn -0.072731 0.994696 0.0727305
v 0.00610566 -0.149288 -0.0147403
vn -0.0393618 0.994696 0.0950274
v 0.0112818 -0.149288 -0.0112817
vn -0.072731 0.994696 0.0727305
v 0.0204453 -0.147294 -0.0204453
vn -0.179716 0.967163 0.179716
v 0.026588 -0.144232 -0.0265879
vn -0.34228 0.875037 0.342279
v 0.0143893 -0.144232 -0.0347388
vn -0.185241 0.875036 0.44721
v 0.011065 -0.147294 -0.0267131
vn -0.0972618 0.967163 0.23481
v 0.0204453 -0.147294 -0.0204453
vn -0.179716 0.967163 0.179716
v 0.026588 -0.144232 -0.0265879
vn -0.34228 0.875037 0.342279
v 0.011065 -0.147294 -0.0267131
vn -0.0972618 0.967163 0.23481
v 0.00610566 -0.149288 -0.0147403
vn -0.0393618 0.994696 0.0950274
v 0.0204453 -0.147294 -0.0204453
vn -0.179716 0.967163 0.179716
v 0.011065 -0.147294 -0.0267131
vn -0.0972618 0.967163 0.23481
v 0.0143893 -0.144232 -0.0347388
vn -0.185241 0.875036 0.44721
v 0.026588 -0.144232 -0.0265879
vn -0.34228 0.875037 0.342279
v 0.0303138 -0.140316 -0.0303138
vn -0.532655 0.657691 0.532654
v 0.0322271 -0.135759 -0.032227
vn -0.661951 0.351629 0.66195
v 0.0174412 -0.135759 -0.0421067
vn -0.358245 0.351629 0.86488
v 0.0164057 -0.140316 -0.0396069
vn -0.288271 0.657691 0.695947
v 0.0303138 -0.140316 -0.0303138
vn -0.532655 0.657691 0.532654
v 0.0322271 -0.135759 -0.032227
vn -0.661951 0.351629 0.66195
v 0.0164057 -0.140316 -0.0396069
vn -0.288271 0.657691 0.695947
v 0.0143893 -0.144232 -0.0347388
vn -0.185241 0.875036 0.44721
v 0.0303138 -0.140316 -0.0303138
vn -0.532655 0.657691 0.532654
v 0.0164057 -0.140316 -0.0396069
vn -0.288271 0.657691 0.695947
v 0.0174412 -0.135759 -0.0421067
vn -0.358245 0.351629 0.86488
v 0.0322271 -0.135759 -0.032227
vn -0.661951 0.351629 0.66195
v 0.032932 -0.130775 -0.0329319
vn -0.702737 0.111001 0.702737
v 0.0330327 0.0209628 -0.0330327
vn -0.706566 -0.0390888 0.706566
v 0.0178772 0.0209628 -0.0431593
vn -0.382391 -0.0390887 0.923173
v 0.0178772 -0.125577 -0.0431593
vn -0.382648 0.013673 0.923793
v 0.0330327 -0.125577 -0.0330326
vn -0.707041 0.0136733 0.70704
v 0.0330327 0.0209628 -0.0330327
vn -0.706566 -0.0390888 0.706566
v 0.0178772 -0.125577 -0.0431593
vn -0.382648 0.013673 0.923793
v 0.0330327 -0.125577 -0.0330326
vn -0.707041 0.0136733 0.70704
v 0.0178772 -0.125577 -0.0431593
vn -0.382648 0.013673 0.923793
v 0.0178227 -0.130775 -0.0430277
vn -0.380319 0.111001 0.91817
v 0.032932 -0.130775 -0.0329319
vn -0.702737 0.111001 0.702737
v 0.0330327 -0.125577 -0.0330326
vn -0.707041 0.0136733 0.70704
v 0.0178227 -0.130775 -0.0430277
vn -0.380319 0.111001 0.91817
v 0.0174412 -0.135759 -0.0421067
vn -0.358245 0.351629 0.86488
v 0.032932 -0.130775 -0.0329319
vn -0.702737 0.111001 0.702737
v 0.0178227 -0.130775 -0.0430277
vn -0.380319 0.111001 0.91817
v 0.0178772 0.0209628 -0.0431593
vn -0.382391 -0.0390887 0.923173
v 0.0330327 0.0209628 -0.0330327
vn -0.706566 -0.0390888 0.706566
v 0.0325292 0.0300058 -0.0325292
vn -0.694906 -0.184961 0.694906
v 0.0311194 0.0364854 -0.0311195
vn -0.637366 -0.433045 0.637367
v 0.0168417 0.0364854 -0.0406595
vn -0.34494 -0.433045 0.83276
v 0.0176047 0.0300058 -0.0425015
vn -0.376081 -0.184962 0.907939
v 0.0325292 0.0300058 -0.0325292
vn -0.694906 -0.184961 0.694906
v 0.0311194 0.0364854 -0.0311195
vn -0.637366 -0.433045 0.637367
v 0.0176047 0.0300058 -0.0425015
vn -0.376081 -0.184962 0.907939
v 0.0178772 0.0209628 -0.0431593
vn -0.382391 -0.0390887 0.923173
v 0.0325292 0.0300058 -0.0325292
vn -0.694906 -0.184961 0.694906
v 0.0176047 0.0300058 -0.0425015
vn -0.376081 -0.184962 0.907939
v 0.0168417 0.0364854 -0.0406595
vn -0.34494 -0.433045 0.83276
v 0.0311194 0.0364854 -0.0311195
vn -0.637366 -0.433045 0.637367
v 0.0289544 0.0408289 -0.0289544
vn -0.502424 -0.70366 0.502427
v 0.0261852 0.0434635 -0.0261852
vn -0.312183 -0.897264 0.312185
v 0.0141713 0.0434635 -0.0342126
vn -0.168952 -0.897263 0.407889
v 0.01567 0.0408289 -0.0378308
vn -0.27191 -0.703658 0.656452
v 0.0289544 0.0408289 -0.0289544
vn -0.502424 -0.70366 0.502427
v 0.0261852 0.0434635 -0.0261852
vn -0.312183 -0.897264 0.312185
v 0.01567 0.0408289 -0.0378308
vn -0.27191 -0.703658 0.656452
v 0.0168417 0.0364854 -0.0406595
vn -0.34494 -0.433045 0.83276
v 0.0289544 0.0408289 -0.0289544
vn -0.502424 -0.70366 0.502427
v 0.01567 0.0408289 -0.0378308
vn -0.27191 -0.703658 0.656452
v 0.0141713 0.0434635 -0.0342126
vn -0.168952 -0.897263 0.407889
v 0.0261852 0.0434635 -0.0261852
vn -0.312183 -0.897264 0.312185
v 0.0229628 0.0448164 -0.0229629
vn -0.144395 -0.978928 0.144395
v 0.0194383 0.0453148 -0.0194384
vn -0.170943 -0.970339 0.170941
v 0.0105199 0.0453148 -0.0253975
vn -0.0925136 -0.970338 0.223349
v 0.0124274 0.0448164 -0.0300024
vn -0.0781464 -0.978928 0.188663
v 0.0229628 0.0448164 -0.0229629
vn -0.144395 -0.978928 0.144395
v 0.0194383 0.0453148 -0.0194384
vn -0.170943 -0.970339 0.170941
v 0.0124274 0.0448164 -0.0300024
vn -0.0781464 -0.978928 0.188663
v 0.0141713 0.0434635 -0.0342126
vn -0.168952 -0.897263 0.407889
v 0.0229628 0.0448164 -0.0229629
vn -0.144395 -0.978928 0.144395
v 0.0124274 0.0448164 -0.0300024
vn -0.0781464 -0.978928 0.188663
v 0.0179687 0.136318 -0.0179689
vn -0.578033 -0.575974 0.578041
v 0.00972459 0.136318 -0.0234774
vn -0.312829 -0.575972 0.755245
v 0.00972459 0.135718 -0.0234774
vn -0.381945 -0.0620124 0.922102
v 0.0179687 0.135718 -0.0179688
vn -0.705743 -0.0620122 0.705749
v 0.0179687 0.136318 -0.0179689
vn -0.578033 -0.575974 0.578041
v 0.00972459 0.135718 -0.0234774
vn -0.381945 -0.0620124 0.922102
v 0.0179687 0.135718 -0.0179688
vn -0.705743 -0.0620122 0.705749
v 0.00972459 0.135718 -0.0234774
vn -0.381945 -0.0620124 0.922102
v 0.00981352 0.133841 -0.0236921
vn -0.381968 -0.0610776 0.922155
v 0.018133 0.133841 -0.0181331
vn -0.705785 -0.0610781 0.705788
v 0.0179687 0.135718 -0.0179688
vn -0.705743 -0.0620122 0.705749
v 0.00981352 0.133841 -0.0236921
vn -0.381968 -0.0610776 0.922155
v 0.018133 0.133841 -0.0181331
vn -0.705785 -0.0610781 0.705788
v 0.00981352 0.133841 -0.0236921
vn -0.381968 -0.0610776 0.922155
v 0.00981352 0.131964 -0.0236921
vn -0.335705 0.480053 0.810464
v 0.018133 0.131964 -0.0181331
vn -0.620302 0.480051 0.620304
v 0.018133 0.133841 -0.0181331
vn -0.705785 -0.0610781 0.705788
v 0.00981352 0.131964 -0.0236921
vn -0.335705 0.480053 0.810464
v 0.0147403 -0.149288 -0.00610557
vn -0.0950278 0.994696 0.0393604
v 0.0112818 -0.149288 -0.0112817
vn -0.072731 0.994696 0.0727305
v -0.00150698 -0.15 0.00150707
vn 0.0278172 -0.999226 -0.0278176
v -0.00150698 -0.15 0.00150707
vn 0.0278172 -0.999226 -0.0278176
v -0.00196897 -0.15 0.000815636
vn 0.0363457 -0.999226 -0.0150554
v 0.0147403 -0.149288 -0.00610557
vn -0.0950278 0.994696 0.0393604
v 0.0112818 -0.149288 -0.0112817
vn -0.072731 0.994696 0.0727305
v 0.0147403 -0.149288 -0.00610557
vn -0.0950278 0.994696 0.0393604
v 0.0267131 -0.147294 -0.0110649
vn -0.23481 0.967163 0.0972607
v 0.0347389 -0.144232 -0.0143892
vn -0.447211 0.875036 0.18524
v 0.026588 -0.144232 -0.0265879
vn -0.34228 0.875037 0.342279
v 0.0204453 -0.147294 -0.0204453
vn -0.179716 0.967163 0.179716
v 0.0267131 -0.147294 -0.0110649
vn -0.23481 0.967163 0.0972607
v 0.0347389 -0.144232 -0.0143892
vn -0.447211 0.875036 0.18524
v 0.0204453 -0.147294 -0.0204453
vn -0.179716 0.967163 0.179716
v 0.0112818 -0.149288 -0.0112817
vn -0.072731 0.994696 0.0727305
v 0.0267131 -0.147294 -0.0110649
vn -0.23481 0.967163 0.0972607
v 0.0204453 -0.147294 -0.0204453
vn -0.179716 0.967163 0.179716
v 0.026588 -0.144232 -0.0265879
vn -0.34228 0.875037 0.342279
v 0.0347389 -0.144232 -0.0143892
vn -0.447211 0.875036 0.18524
v 0.0396069 -0.140316 -0.0164056
vn -0.695947 0.657692 0.288269
v 0.0421067 -0.135759 -0.0174411
vn -0.86488 0.351629 0.358245
v 0.0322271 -0.135759 -0.032227
vn -0.661951 0.351629 0.66195
v 0.0303138 -0.140316 -0.0303138
vn -0.532655 0.657691 0.532654
v 0.0396069 -0.140316 -0.0164056
vn -0.695947 0.657692 0.288269
v 0.0421067 -0.135759 -0.0174411
vn -0.86488 0.351629 0.358245
v 0.0303138 -0.140316 -0.0303138
vn -0.532655 0.657691 0.532654
v 0.026588 -0.144232 -0.0265879
vn -0.34228 0.875037 0.342279
v 0.0396069 -0.140316 -0.0164056
vn -0.695947 0.657692 0.288269
v 0.0303138 -0.140316 -0.0303138
vn -0.532655 0.657691 0.532654
v 0.0322271 -0.135759 -0.032227
vn -0.661951 0.351629 0.66195
v 0.0421067 -0.135759 -0.0174411
vn -0.86488 0.351629 0.358245
v 0.0430277 -0.130775 -0.0178226
vn -0.918171 0.110999 0.380318
v 0.0431593 0.0209628 -0.0178772
vn -0.923174 -0.0390881 0.382391
v 0.0330327 0.0209628 -0.0330327
vn -0.706566 -0.0390888 0.706566
v 0.0330327 -0.125577 -0.0330326
vn -0.707041 0.0136733 0.70704
v 0.0431593 -0.125577 -0.0178771
vn -0.923793 0.0136721 0.382647
v 0.0431593 0.0209628 -0.0178772
vn -0.923174 -0.0390881 0.382391
v 0.0330327 -0.125577 -0.0330326
vn -0.707041 0.0136733 0.70704
v 0.0431593 -0.125577 -0.0178771
vn -0.923793 0.0136721 0.382647
v 0.0330327 -0.125577 -0.0330326
vn -0.707041 0.0136733 0.70704
v 0.032932 -0.130775 -0.0329319
vn -0.702737 0.111001 0.702737
v 0.0430277 -0.130775 -0.0178226
vn -0.918171 0.110999 0.380318
v 0.0431593 -0.125577 -0.0178771
vn -0.923793 0.0136721 0.382647
v 0.032932 -0.130775 -0.0329319
vn -0.702737 0.111001 0.702737
v 0.0322271 -0.135759 -0.032227
vn -0.661951 0.351629 0.66195
v 0.0430277 -0.130775 -0.0178226
vn -0.918171 0.110999 0.380318
v 0.032932 -0.130775 -0.0329319
vn -0.702737 0.111001 0.702737
v 0.0330327 0.0209628 -0.0330327
vn -0.706566 -0.0390888 0.706566
v 0.0431593 0.0209628 -0.0178772
vn -0.923174 -0.0390881 0.382391
v 0.0425014 0.0300058 -0.0176047
vn -0.907939 -0.184961 0.376081
v 0.0406595 0.0364855 -0.0168417
vn -0.832759 -0.433046 0.34494
v 0.0311194 0.0364854 -0.0311195
vn -0.637366 -0.433045 0.637367
v 0.0325292 0.0300058 -0.0325292
vn -0.694906 -0.184961 0.694906
v 0.0425014 0.0300058 -0.0176047
vn -0.907939 -0.184961 0.376081
v 0.0406595 0.0364855 -0.0168417
vn -0.832759 -0.433046 0.34494
v 0.0325292 0.0300058 -0.0325292
vn -0.694906 -0.184961 0.694906
v 0.0330327 0.0209628 -0.0330327
vn -0.706566 -0.0390888 0.706566
v 0.0425014 0.0300058 -0.0176047
vn -0.907939 -0.184961 0.376081
v 0.0325292 0.0300058 -0.0325292
vn -0.694906 -0.184961 0.694906
v 0.0311194 0.0364854 -0.0311195
vn -0.637366 -0.433045 0.637367
v 0.0406595 0.0364855 -0.0168417
vn -0.832759 -0.433046 0.34494
v 0.0378307 0.0408289 -0.01567
vn -0.65645 -0.703661 0.271909
v 0.0342126 0.0434635 -0.0141714
vn -0.407886 -0.897265 0.168952
v 0.0261852 0.0434635 -0.0261852
vn -0.312183 -0.897264 0.312185
v 0.0289544 0.0408289 -0.0289544
vn -0.502424 -0.70366 0.502427
v 0.0378307 0.0408289 -0.01567
vn -0.65645 -0.703661 0.271909
v 0.0342126 0.0434635 -0.0141714
vn -0.407886 -0.897265 0.168952
v 0.0289544 0.0408289 -0.0289544
vn -0.502424 -0.70366 0.502427
v 0.0311194 0.0364854 -0.0311195
vn -0.637366 -0.433045 0.637367
v 0.0378307 0.0408289 -0.01567
vn -0.65645 -0.703661 0.271909
v 0.0289544 0.0408289 -0.0289544
vn -0.502424 -0.70366 0.502427
v 0.0261852 0.0434635 -0.0261852
vn -0.312183 -0.897264 0.312185
v 0.0342126 0.0434635 -0.0141714
vn -0.407886 -0.897265 0.168952
v 0.0300023 0.0448164 -0.0124274
vn -0.188661 -0.978928 0.0781462
v 0.0253974 0.0453148 -0.01052
vn -0.223348 -0.970339 0.0925129
v 0.0194383 0.0453148 -0.0194384
vn -0.170943 -0.970339 0.170941
v 0.0229628 0.0448164 -0.0229629
vn -0.144395 -0.978928 0.144395
v 0.0300023 0.0448164 -0.0124274
vn -0.188661 -0.978928 0.0781462
v 0.0253974 0.0453148 -0.01052
vn -0.223348 -0.970339 0.0925129
v 0.0229628 0.0448164 -0.0229629
vn -0.144395 -0.978928 0.144395
v 0.0261852 0.0434635 -0.0261852
vn -0.312183 -0.897264 0.312185
v 0.0300023 0.0448164 -0.0124274
vn -0.188661 -0.978928 0.0781462
v 0.0229628 0.0448164 -0.0229629
vn -0.144395 -0.978928 0.144395
v 0.0234773 0.136318 -0.00972473
vn -0.755235 -0.575987 0.312826
v 0.0179687 0.136318 -0.0179689
vn -0.578033 -0.575974 0.578041
v 0.0179687 0.135718 -0.0179688
vn -0.705743 -0.0620122 0.705749
v 0.0234773 0.135718 -0.00972471
vn -0.922103 -0.0620226 0.381942
v 0.0234773 0.136318 -0.00972473
vn -0.755235 -0.575987 0.312826
v 0.0179687 0.135718 -0.0179688
vn -0.705743 -0.0620122 0.705749
v 0.0234773 0.135718 -0.00972471
vn -0.922103 -0.0620226 0.381942
v 0.0179687 0.135718 -0.0179688
vn -0.705743 -0.0620122 0.705749
v 0.018133 0.133841 -0.0181331
vn -0.705785 -0.0610781 0.705788
v 0.023692 0.133841 -0.00981364
vn -0.922154 -0.0610789 0.381971
v 0.0234773 0.135718 -0.00972471
vn -0.922103 -0.0620226 0.381942
v 0.018133 0.133841 -0.0181331
vn -0.705785 -0.0610781 0.705788
v 0.023692 0.133841 -0.00981364
vn -0.922154 -0.0610789 0.381971
v 0.018133 0.133841 -0.0181331
vn -0.705785 -0.0610781 0.705788
v 0.018133 0.131964 -0.0181331
vn -0.620302 0.480051 0.620304
v 0.023692 0.131964 -0.00981364
vn -0.810463 0.480051 0.33571
v 0.023692 0.133841 -0.00981364
vn -0.922154 -0.0610789 0.381971
v 0.018133 0.131964 -0.0181331
vn -0.620302 0.480051 0.620304
v 0.0159548 -0.149288 7.2612e-08
vn -0.102857 0.994696 -1.46907e-06
v 0.0147403 -0.149288 -0.00610557
vn -0.0950278 0.994696 0.0393604
v -0.00196897 -0.15 0.000815636
vn 0.0363457 -0.999226 -0.0150554
v -0.00196897 -0.15 0.000815636
vn 0.0363457 -0.999226 -0.0150554
v -0.00213121 -0.15 7.26432e-08
vn 0.0393408 -0.999226 -4.14318e-07
v 0.0159548 -0.149288 7.2612e-08
vn -0.102857 0.994696 -1.46907e-06
v 0.0147403 -0.149288 -0.00610557
vn -0.0950278 0.994696 0.0393604
v 0.0159548 -0.149288 7.2612e-08
vn -0.102857 0.994696 -1.46907e-06
v 0.0289141 -0.147294 7.25249e-08
vn -0.254157 0.967163 -9.49621e-07
v 0.0376011 -0.144232 7.23911e-08
vn -0.484057 0.875036 -7.63477e-07
v 0.0347389 -0.144232 -0.0143892
vn -0.447211 0.875036 0.18524
v 0.0267131 -0.147294 -0.0110649
vn -0.23481 0.967163 0.0972607
v 0.0289141 -0.147294 7.25249e-08
vn -0.254157 0.967163 -9.49621e-07
v 0.0376011 -0.144232 7.23911e-08
vn -0.484057 0.875036 -7.63477e-07
v 0.0267131 -0.147294 -0.0110649
vn -0.23481 0.967163 0.0972607
v 0.0147403 -0.149288 -0.00610557
vn -0.0950278 0.994696 0.0393604
v 0.0289141 -0.147294 7.25249e-08
vn -0.254157 0.967163 -9.49621e-07
v 0.0267131 -0.147294 -0.0110649
vn -0.23481 0.967163 0.0972607
v 0.0347389 -0.144232 -0.0143892
vn -0.447211 0.875036 0.18524
v 0.0376011 -0.144232 7.23911e-08
vn -0.484057 0.875036 -7.63477e-07
v 0.0428702 -0.140316 7.22199e-08
vn -0.753288 0.657691 -7.62191e-07
v 0.045576 -0.135759 7.20207e-08
vn -0.936139 0.35163 -9.23183e-07
v 0.0421067 -0.135759 -0.0174411
vn -0.86488 0.351629 0.358245
v 0.0396069 -0.140316 -0.0164056
vn -0.695947 0.657692 0.288269
v 0.0428702 -0.140316 7.22199e-08
vn -0.753288 0.657691 -7.62191e-07
v 0.045576 -0.135759 7.20207e-08
vn -0.936139 0.35163 -9.23183e-07
v 0.0396069 -0.140316 -0.0164056
vn -0.695947 0.657692 0.288269
v 0.0347389 -0.144232 -0.0143892
vn -0.447211 0.875036 0.18524
v 0.0428702 -0.140316 7.22199e-08
vn -0.753288 0.657691 -7.62191e-07
v 0.0396069 -0.140316 -0.0164056
vn -0.695947 0.657692 0.288269
v 0.0421067 -0.135759 -0.0174411
vn -0.86488 0.351629 0.358245
v 0.045576 -0.135759 7.20207e-08
vn -0.936139 0.35163 -9.23183e-07
v 0.0465729 -0.130775 7.18028e-08
vn -0.99382 0.111 -8.58067e-07
v 0.0467153 0.0209628 -2.23742e-08
vn -0.999236 -0.0390889 1.94531e-08
v 0.0431593 0.0209628 -0.0178772
vn -0.923174 -0.0390881 0.382391
v 0.0431593 -0.125577 -0.0178771
vn -0.923793 0.0136721 0.382647
v 0.0467153 -0.125577 7.15756e-08
vn -0.999907 0.0136713 -8.52679e-07
v 0.0467153 0.0209628 -2.23742e-08
vn -0.999236 -0.0390889 1.94531e-08
v 0.0431593 -0.125577 -0.0178771
vn -0.923793 0.0136721 0.382647
v 0.0467153 -0.125577 7.15756e-08
vn -0.999907 0.0136713 -8.52679e-07
v 0.0431593 -0.125577 -0.0178771
vn -0.923793 0.0136721 0.382647
v 0.0430277 -0.130775 -0.0178226
vn -0.918171 0.110999 0.380318
v 0.0465729 -0.130775 7.18028e-08
vn -0.99382 0.111 -8.58067e-07
v 0.0467153 -0.125577 7.15756e-08
vn -0.999907 0.0136713 -8.52679e-07
v 0.0430277 -0.130775 -0.0178226
vn -0.918171 0.110999 0.380318
v 0.0421067 -0.135759 -0.0174411
vn -0.86488 0.351629 0.358245
v 0.0465729 -0.130775 7.18028e-08
vn -0.99382 0.111 -8.58067e-07
v 0.0430277 -0.130775 -0.0178226
vn -0.918171 0.110999 0.380318
v 0.0431593 0.0209628 -0.0178772
vn -0.923174 -0.0390881 0.382391
v 0.0467153 0.0209628 -2.23742e-08
vn -0.999236 -0.0390889 1.94531e-08
v 0.0460032 0.0300058 -3.20827e-08
vn -0.982746 -0.184961 4.38529e-07
v 0.0440095 0.0364855 -3.23659e-08
vn -0.901372 -0.433046 4.74168e-07
v 0.0406595 0.0364855 -0.0168417
vn -0.832759 -0.433046 0.34494
v 0.0425014 0.0300058 -0.0176047
vn -0.907939 -0.184961 0.376081
v 0.0460032 0.0300058 -3.20827e-08
vn -0.982746 -0.184961 4.38529e-07
v 0.0440095 0.0364855 -3.23659e-08
vn -0.901372 -0.433046 4.74168e-07
v 0.0425014 0.0300058 -0.0176047
vn -0.907939 -0.184961 0.376081
v 0.0431593 0.0209628 -0.0178772
vn -0.923174 -0.0390881 0.382391
v 0.0460032 0.0300058 -3.20827e-08
vn -0.982746 -0.184961 4.38529e-07
v 0.0425014 0.0300058 -0.0176047
vn -0.907939 -0.184961 0.376081
v 0.0406595 0.0364855 -0.0168417
vn -0.832759 -0.433046 0.34494
v 0.0440095 0.0364855 -3.23659e-08
vn -0.901372 -0.433046 4.74168e-07
v 0.0409477 0.0408289 -3.25558e-08
vn -0.710535 -0.703662 1.73218e-07
v 0.0370314 0.0434635 -3.26709e-08
vn -0.441492 -0.897265 -1.61494e-07
v 0.0342126 0.0434635 -0.0141714
vn -0.407886 -0.897265 0.168952
v 0.0378307 0.0408289 -0.01567
vn -0.65645 -0.703661 0.271909
v 0.0409477 0.0408289 -3.25558e-08
vn -0.710535 -0.703662 1.73218e-07
v 0.0370314 0.0434635 -3.26709e-08
vn -0.441492 -0.897265 -1.61494e-07
v 0.0378307 0.0408289 -0.01567
vn -0.65645 -0.703661 0.271909
v 0.0406595 0.0364855 -0.0168417
vn -0.832759 -0.433046 0.34494
v 0.0409477 0.0408289 -3.25558e-08
vn -0.710535 -0.703662 1.73218e-07
v 0.0378307 0.0408289 -0.01567
vn -0.65645 -0.703661 0.271909
v 0.0342126 0.0434635 -0.0141714
vn -0.407886 -0.897265 0.168952
v 0.0370314 0.0434635 -3.26709e-08
vn -0.441492 -0.897265 -1.61494e-07
v 0.0324743 0.0448164 -3.27301e-08
vn -0.204205 -0.978928 1.76853e-07
v 0.02749 0.0453148 -3.27519e-08
vn -0.24175 -0.970339 3.43606e-07
v 0.0253974 0.0453148 -0.01052
vn -0.223348 -0.970339 0.0925129
v 0.0300023 0.0448164 -0.0124274
vn -0.188661 -0.978928 0.0781462
v 0.0324743 0.0448164 -3.27301e-08
vn -0.204205 -0.978928 1.76853e-07
v 0.02749 0.0453148 -3.27519e-08
vn -0.24175 -0.970339 3.43606e-07
v 0.0300023 0.0448164 -0.0124274
vn -0.188661 -0.978928 0.0781462
v 0.0342126 0.0434635 -0.0141714
vn -0.407886 -0.897265 0.168952
v 0.0324743 0.0448164 -3.27301e-08
vn -0.204205 -0.978928 1.76853e-07
v 0.0300023 0.0448164 -0.0124274
vn -0.188661 -0.978928 0.0781462
v 0.0254116 0.136318 -1.05648e-07
vn -0.817463 -0.575982 1.35397e-06
v 0.0234773 0.136318 -0.00972473
vn -0.755235 -0.575987 0.312826
v 0.0234773 0.135718 -0.00972471
vn -0.922103 -0.0620226 0.381942
v 0.0254116 0.135718 -9.72395e-08
vn -0.998075 -0.0620179 -6.39453e-07
v 0.0254116 0.136318 -1.05648e-07
vn -0.817463 -0.575982 1.35397e-06
v 0.0234773 0.135718 -0.00972471
vn -0.922103 -0.0620226 0.381942
v 0.0254116 0.135718 -9.72395e-08
vn -0.998075 -0.0620179 -6.39453e-07
v 0.0234773 0.135718 -0.00972471
vn -0.922103 -0.0620226 0.381942
v 0.023692 0.133841 -0.00981364
vn -0.922154 -0.0610789 0.381971
v 0.025644 0.133841 -9.71574e-08
vn -0.998133 -0.0610791 1.48408e-06
v 0.0254116 0.135718 -9.72395e-08
vn -0.998075 -0.0620179 -6.39453e-07
v 0.023692 0.133841 -0.00981364
vn -0.922154 -0.0610789 0.381971
v 0.025644 0.133841 -9.71574e-08
vn -0.998133 -0.0610791 1.48408e-06
v 0.023692 0.133841 -0.00981364
vn -0.922154 -0.0610789 0.381971
v 0.023692 0.131964 -0.00981364
vn -0.810463 0.480051 0.33571
v 0.025644 0.131964 -9.70754e-08
vn -0.877241 0.48005 2.23621e-06
v 0.025644 0.133841 -9.71574e-08
vn -0.998133 -0.0610791 1.48408e-06
v 0.023692 0.131964 -0.00981364
vn -0.810463 0.480051 0.33571
v 0.0147403 -0.149288 0.00610572
vn -0.0950277 0.994696 -0.039362
v 0.0159548 -0.149288 7.2612e-08
vn -0.102857 0.994696 -1.46907e-06
v -0.00213121 -0.15 7.26432e-08
vn 0.0393408 -0.999226 -4.14318e-07
v -0.00213121 -0.15 7.26432e-08
vn 0.0393408 -0.999226 -4.14318e-07
v -0.00196899 -0.15 -0.000815509
vn 0.0363463 -0.999226 0.0150547
v 0.0147403 -0.149288 0.00610572
vn -0.0950277 0.994696 -0.039362
v 0.0159548 -0.149288 7.2612e-08
vn -0.102857 0.994696 -1.46907e-06
v 0.0147403 -0.149288 0.00610572
vn -0.0950277 0.994696 -0.039362
v 0.0267131 -0.147294 0.011065
vn -0.23481 0.967163 -0.0972619
v 0.0347388 -0.144232 0.0143894
vn -0.44721 0.875036 -0.185241
v 0.0376011 -0.144232 7.23911e-08
vn -0.484057 0.875036 -7.63477e-07
v 0.0289141 -0.147294 7.25249e-08
vn -0.254157 0.967163 -9.49621e-07
v 0.0267131 -0.147294 0.011065
vn -0.23481 0.967163 -0.0972619
v 0.0347388 -0.144232 0.0143894
vn -0.44721 0.875036 -0.185241
v 0.0289141 -0.147294 7.25249e-08
vn -0.254157 0.967163 -9.49621e-07
v 0.0159548 -0.149288 7.2612e-08
vn -0.102857 0.994696 -1.46907e-06
v 0.0267131 -0.147294 0.011065
vn -0.23481 0.967163 -0.0972619
v 0.0289141 -0.147294 7.25249e-08
vn -0.254157 0.967163 -9.49621e-07
v 0.0376011 -0.144232 7.23911e-08
vn -0.484057 0.875036 -7.63477e-07
v 0.0347388 -0.144232 0.0143894
vn -0.44721 0.875036 -0.185241
v 0.0396069 -0.140316 0.0164058
vn -0.695947 0.657691 -0.288271
v 0.0421067 -0.135759 0.0174412
vn -0.86488 0.351629 -0.358245
v 0.045576 -0.135759 7.20207e-08
vn -0.936139 0.35163 -9.23183e-07
v 0.0428702 -0.140316 7.22199e-08
vn -0.753288 0.657691 -7.62191e-07
v 0.0396069 -0.140316 0.0164058
vn -0.695947 0.657691 -0.288271
v 0.0421067 -0.135759 0.0174412
vn -0.86488 0.351629 -0.358245
v 0.0428702 -0.140316 7.22199e-08
vn -0.753288 0.657691 -7.62191e-07
v 0.0376011 -0.144232 7.23911e-08
vn -0.484057 0.875036 -7.63477e-07
v 0.0396069 -0.140316 0.0164058
vn -0.695947 0.657691 -0.288271
v 0.0428702 -0.140316 7.22199e-08
vn -0.753288 0.657691 -7.62191e-07
v 0.045576 -0.135759 7.20207e-08
vn -0.936139 0.35163 -9.23183e-07
v 0.0421067 -0.135759 0.0174412
vn -0.86488 0.351629 -0.358245
v 0.0430277 -0.130775 0.0178227
vn -0.91817 0.110999 -0.380319
v 0.0431593 0.0209628 0.0178771
vn -0.923173 -0.0390889 -0.382391
v 0.0467153 0.0209628 -2.23742e-08
vn -0.999236 -0.0390889 1.94531e-08
v 0.0467153 -0.125577 7.15756e-08
vn -0.999907 0.0136713 -8.52679e-07
v 0.0431593 -0.125577 0.0178772
vn -0.923793 0.0136705 -0.382648
v 0.0431593 0.0209628 0.0178771
vn -0.923173 -0.0390889 -0.382391
v 0.0467153 -0.125577 7.15756e-08
vn -0.999907 0.0136713 -8.52679e-07
v 0.0431593 -0.125577 0.0178772
vn -0.923793 0.0136705 -0.382648
v 0.0467153 -0.125577 7.15756e-08
vn -0.999907 0.0136713 -8.52679e-07
v 0.0465729 -0.130775 7.18028e-08
vn -0.99382 0.111 -8.58067e-07
v 0.0430277 -0.130775 0.0178227
vn -0.91817 0.110999 -0.380319
v 0.0431593 -0.125577 0.0178772
vn -0.923793 0.0136705 -0.382648
v 0.0465729 -0.130775 7.18028e-08
vn -0.99382 0.111 -8.58067e-07
v 0.045576 -0.135759 7.20207e-08
vn -0.936139 0.35163 -9.23183e-07
v 0.0430277 -0.130775 0.0178227
vn -0.91817 0.110999 -0.380319
v 0.0465729 -0.130775 7.18028e-08
vn -0.99382 0.111 -8.58067e-07
v 0.0467153 0.0209628 -2.23742e-08
vn -0.999236 -0.0390889 1.94531e-08
v 0.0431593 0.0209628 0.0178771
vn -0.923173 -0.0390889 -0.382391
v 0.0425014 0.0300058 0.0176046
vn -0.907939 -0.184962 -0.376081
v 0.0406595 0.0364855 0.0168417
vn -0.832759 -0.433045 -0.34494
v 0.0440095 0.0364855 -3.23659e-08
vn -0.901372 -0.433046 4.74168e-07
v 0.0460032 0.0300058 -3.20827e-08
vn -0.982746 -0.184961 4.38529e-07
v 0.0425014 0.0300058 0.0176046
vn -0.907939 -0.184962 -0.376081
v 0.0406595 0.0364855 0.0168417
vn -0.832759 -0.433045 -0.34494
v 0.0460032 0.0300058 -3.20827e-08
vn -0.982746 -0.184961 4.38529e-07
v 0.0467153 0.0209628 -2.23742e-08
vn -0.999236 -0.0390889 1.94531e-08
v 0.0425014 0.0300058 0.0176046
vn -0.907939 -0.184962 -0.376081
v 0.0460032 0.0300058 -3.20827e-08
vn -0.982746 -0.184961 4.38529e-07
v 0.0440095 0.0364855 -3.23659e-08
vn -0.901372 -0.433046 4.74168e-07
v 0.0406595 0.0364855 0.0168417
vn -0.832759 -0.433045 -0.34494
v 0.0378307 0.040829 0.0156699
vn -0.656449 -0.703662 -0.271909
v 0.0342126 0.0434636 0.0141713
vn -0.407886 -0.897265 -0.168951
v 0.0370314 0.0434635 -3.26709e-08
vn -0.441492 -0.897265 -1.61494e-07
v 0.0409477 0.0408289 -3.25558e-08
vn -0.710535 -0.703662 1.73218e-07
v 0.0378307 0.040829 0.0156699
vn -0.656449 -0.703662 -0.271909
v 0.0342126 0.0434636 0.0141713
vn -0.407886 -0.897265 -0.168951
v 0.0409477 0.0408289 -3.25558e-08
vn -0.710535 -0.703662 1.73218e-07
v 0.0440095 0.0364855 -3.23659e-08
vn -0.901372 -0.433046 4.74168e-07
v 0.0378307 0.040829 0.0156699
vn -0.656449 -0.703662 -0.271909
v 0.0409477 0.0408289 -3.25558e-08
vn -0.710535 -0.703662 1.73218e-07
v 0.0370314 0.0434635 -3.26709e-08
vn -0.441492 -0.897265 -1.61494e-07
v 0.0342126 0.0434636 0.0141713
vn -0.407886 -0.897265 -0.168951
v 0.0300023 0.0448164 0.0124273
vn -0.18866 -0.978928 -0.0781448
v 0.0253974 0.0453148 0.0105199
vn -0.223345 -0.970339 -0.0925126
v 0.02749 0.0453148 -3.27519e-08
vn -0.24175 -0.970339 3.43606e-07
v 0.0324743 0.0448164 -3.27301e-08
vn -0.204205 -0.978928 1.76853e-07
v 0.0300023 0.0448164 0.0124273
vn -0.18866 -0.978928 -0.0781448
v 0.0253974 0.0453148 0.0105199
vn -0.223345 -0.970339 -0.0925126
v 0.0324743 0.0448164 -3.27301e-08
vn -0.204205 -0.978928 1.76853e-07
v 0.0370314 0.0434635 -3.26709e-08
vn -0.441492 -0.897265 -1.61494e-07
v 0.0300023 0.0448164 0.0124273
vn -0.18866 -0.978928 -0.0781448
v 0.0324743 0.0448164 -3.27301e-08
vn -0.204205 -0.978928 1.76853e-07
v 0.0234773 0.136318 0.00972451
vn -0.75524 -0.575984 -0.312818
v 0.0254116 0.136318 -1.05648e-07
vn -0.817463 -0.575982 1.35397e-06
v 0.0254116 0.135718 -9.72395e-08
vn -0.998075 -0.0620179 -6.39453e-07
v 0.0234773 0.135718 0.00972453
vn -0.922102 -0.062023 -0.381944
v 0.0234773 0.136318 0.00972451
vn -0.75524 -0.575984 -0.312818
v 0.0254116 0.135718 -9.72395e-08
vn -0.998075 -0.0620179 -6.39453e-07
v 0.0234773 0.135718 0.00972453
vn -0.922102 -0.062023 -0.381944
v 0.0254116 0.135718 -9.72395e-08
vn -0.998075 -0.0620179 -6.39453e-07
v 0.025644 0.133841 -9.71574e-08
vn -0.998133 -0.0610791 1.48408e-06
v 0.023692 0.133841 0.00981345
vn -0.922155 -0.0610769 -0.381969
v 0.0234773 0.135718 0.00972453
vn -0.922102 -0.062023 -0.381944
v 0.025644 0.133841 -9.71574e-08
vn -0.998133 -0.0610791 1.48408e-06
v 0.023692 0.133841 0.00981345
vn -0.922155 -0.0610769 -0.381969
v 0.025644 0.133841 -9.71574e-08
vn -0.998133 -0.0610791 1.48408e-06
v 0.025644 0.131964 -9.70754e-08
vn -0.877241 0.48005 2.23621e-06
v 0.023692 0.131964 0.00981345
vn -0.810465 0.480052 -0.335704
v 0.023692 0.133841 0.00981345
vn -0.922155 -0.0610769 -0.381969
v 0.025644 0.131964 -9.70754e-08
vn -0.877241 0.48005 2.23621e-06
v 0.0112817 -0.149288 0.0112818
vn -0.0727308 0.994696 -0.0727313
v 0.0147403 -0.149288 0.00610572
vn -0.0950277 0.994696 -0.039362
v -0.00196899 -0.15 -0.000815509
vn 0.0363463 -0.999226 0.0150547
v -0.00196899 -0.15 -0.000815509
vn 0.0363463 -0.999226 0.0150547
v -0.00150701 -0.15 -0.00150693
vn 0.0278187 -0.999226 0.0278178
v 0.0112817 -0.149288 0.0112818
vn -0.0727308 0.994696 -0.0727313
v 0.0147403 -0.149288 0.00610572
vn -0.0950277 0.994696 -0.039362
v 0.0112817 -0.149288 0.0112818
vn -0.0727308 0.994696 -0.0727313
v 0.0204453 -0.147294 0.0204454
vn -0.179716 0.967163 -0.179716
v 0.0265879 -0.144232 0.026588
vn -0.34228 0.875036 -0.342281
v 0.0347388 -0.144232 0.0143894
vn -0.44721 0.875036 -0.185241
v 0.0267131 -0.147294 0.011065
vn -0.23481 0.967163 -0.0972619
v 0.0204453 -0.147294 0.0204454
vn -0.179716 0.967163 -0.179716
v 0.0265879 -0.144232 0.026588
vn -0.34228 0.875036 -0.342281
v 0.0267131 -0.147294 0.011065
vn -0.23481 0.967163 -0.0972619
v 0.0147403 -0.149288 0.00610572
vn -0.0950277 0.994696 -0.039362
v 0.0204453 -0.147294 0.0204454
vn -0.179716 0.967163 -0.179716
v 0.0267131 -0.147294 0.011065
vn -0.23481 0.967163 -0.0972619
v 0.0347388 -0.144232 0.0143894
vn -0.44721 0.875036 -0.185241
v 0.0265879 -0.144232 0.026588
vn -0.34228 0.875036 -0.342281
v 0.0303138 -0.140316 0.0303139
vn -0.532655 0.65769 -0.532656
v 0.0322271 -0.135759 0.0322271
vn -0.66195 0.351629 -0.661951
v 0.0421067 -0.135759 0.0174412
vn -0.86488 0.351629 -0.358245
v 0.0396069 -0.140316 0.0164058
vn -0.695947 0.657691 -0.288271
v 0.0303138 -0.140316 0.0303139
vn -0.532655 0.65769 -0.532656
v 0.0322271 -0.135759 0.0322271
vn -0.66195 0.351629 -0.661951
v 0.0396069 -0.140316 0.0164058
vn -0.695947 0.657691 -0.288271
v 0.0347388 -0.144232 0.0143894
vn -0.44721 0.875036 -0.185241
v 0.0303138 -0.140316 0.0303139
vn -0.532655 0.65769 -0.532656
v 0.0396069 -0.140316 0.0164058
vn -0.695947 0.657691 -0.288271
v 0.0421067 -0.135759 0.0174412
vn -0.86488 0.351629 -0.358245
v 0.0322271 -0.135759 0.0322271
vn -0.66195 0.351629 -0.661951
v 0.032932 -0.130775 0.0329321
vn -0.702736 0.111 -0.702738
v 0.0330327 0.0209628 0.0330327
vn -0.706567 -0.0390892 -0.706566
v 0.0431593 0.0209628 0.0178771
vn -0.923173 -0.0390889 -0.382391
v 0.0431593 -0.125577 0.0178772
vn -0.923793 0.0136705 -0.382648
v 0.0330327 -0.125577 0.0330327
vn -0.70704 0.0136709 -0.707041
v 0.0330327 0.0209628 0.0330327
vn -0.706567 -0.0390892 -0.706566
v 0.0431593 -0.125577 0.0178772
vn -0.923793 0.0136705 -0.382648
v 0.0330327 -0.125577 0.0330327
vn -0.70704 0.0136709 -0.707041
v 0.0431593 -0.125577 0.0178772
vn -0.923793 0.0136705 -0.382648
v 0.0430277 -0.130775 0.0178227
vn -0.91817 0.110999 -0.380319
v 0.032932 -0.130775 0.0329321
vn -0.702736 0.111 -0.702738
v 0.0330327 -0.125577 0.0330327
vn -0.70704 0.0136709 -0.707041
v 0.0430277 -0.130775 0.0178227
vn -0.91817 0.110999 -0.380319
v 0.0421067 -0.135759 0.0174412
vn -0.86488 0.351629 -0.358245
v 0.032932 -0.130775 0.0329321
vn -0.702736 0.111 -0.702738
v 0.0430277 -0.130775 0.0178227
vn -0.91817 0.110999 -0.380319
v 0.0431593 0.0209628 0.0178771
vn -0.923173 -0.0390889 -0.382391
v 0.0330327 0.0209628 0.0330327
vn -0.706567 -0.0390892 -0.706566
v 0.0325292 0.0300058 0.0325291
vn -0.694906 -0.184961 -0.694906
v 0.0311194 0.0364855 0.0311194
vn -0.637366 -0.433044 -0.637368
v 0.0406595 0.0364855 0.0168417
vn -0.832759 -0.433045 -0.34494
v 0.0425014 0.0300058 0.0176046
vn -0.907939 -0.184962 -0.376081
v 0.0325292 0.0300058 0.0325291
vn -0.694906 -0.184961 -0.694906
v 0.0311194 0.0364855 0.0311194
vn -0.637366 -0.433044 -0.637368
v 0.0425014 0.0300058 0.0176046
vn -0.907939 -0.184962 -0.376081
v 0.0431593 0.0209628 0.0178771
vn -0.923173 -0.0390889 -0.382391
v 0.0325292 0.0300058 0.0325291
vn -0.694906 -0.184961 -0.694906
v 0.0425014 0.0300058 0.0176046
vn -0.907939 -0.184962 -0.376081
v 0.0406595 0.0364855 0.0168417
vn -0.832759 -0.433045 -0.34494
v 0.0311194 0.0364855 0.0311194
vn -0.637366 -0.433044 -0.637368
v 0.0289544 0.040829 0.0289543
vn -0.502424 -0.703661 -0.502425
v 0.0261852 0.0434636 0.0261851
vn -0.312182 -0.897265 -0.312181
v 0.0342126 0.0434636 0.0141713
vn -0.407886 -0.897265 -0.168951
v 0.0378307 0.040829 0.0156699
vn -0.656449 -0.703662 -0.271909
v 0.0289544 0.040829 0.0289543
vn -0.502424 -0.703661 -0.502425
v 0.0261852 0.0434636 0.0261851
vn -0.312182 -0.897265 -0.312181
v 0.0378307 0.040829 0.0156699
vn -0.656449 -0.703662 -0.271909
v 0.0406595 0.0364855 0.0168417
vn -0.832759 -0.433045 -0.34494
v 0.0289544 0.040829 0.0289543
vn -0.502424 -0.703661 -0.502425
v 0.0378307 0.040829 0.0156699
vn -0.656449 -0.703662 -0.271909
v 0.0342126 0.0434636 0.0141713
vn -0.407886 -0.897265 -0.168951
v 0.0261852 0.0434636 0.0261851
vn -0.312182 -0.897265 -0.312181
v 0.0229628 0.0448164 0.0229628
vn -0.144394 -0.978929 -0.144392
v 0.0194383 0.0453148 0.0194383
vn -0.170942 -0.970339 -0.170943
v 0.0253974 0.0453148 0.0105199
vn -0.223345 -0.970339 -0.0925126
v 0.0300023 0.0448164 0.0124273
vn -0.18866 -0.978928 -0.0781448
v 0.0229628 0.0448164 0.0229628
vn -0.144394 -0.978929 -0.144392
v 0.0194383 0.0453148 0.0194383
vn -0.170942 -0.970339 -0.170943
v 0.0300023 0.0448164 0.0124273
vn -0.18866 -0.978928 -0.0781448
v 0.0342126 0.0434636 0.0141713
vn -0.407886 -0.897265 -0.168951
v 0.0229628 0.0448164 0.0229628
vn -0.144394 -0.978929 -0.144392
v 0.0300023 0.0448164 0.0124273
vn -0.18866 -0.978928 -0.0781448
v 0.0179687 0.136318 0.0179686
vn -0.578028 -0.575994 -0.578027
v 0.0234773 0.136318 0.00972451
vn -0.75524 -0.575984 -0.312818
v 0.0234773 0.135718 0.00972453
vn -0.922102 -0.062023 -0.381944
v 0.0179687 0.135718 0.0179687
vn -0.705742 -0.0620354 -0.705748
v 0.0179687 0.136318 0.0179686
vn -0.578028 -0.575994 -0.578027
v 0.0234773 0.135718 0.00972453
vn -0.922102 -0.062023 -0.381944
v 0.0179687 0.135718 0.0179687
vn -0.705742 -0.0620354 -0.705748
v 0.0234773 0.135718 0.00972453
vn -0.922102 -0.062023 -0.381944
v 0.023692 0.133841 0.00981345
vn -0.922155 -0.0610769 -0.381969
v 0.0181331 0.133841 0.018133
vn -0.70579 -0.0610794 -0.705783
v 0.0179687 0.135718 0.0179687
vn -0.705742 -0.0620354 -0.705748
v 0.023692 0.133841 0.00981345
vn -0.922155 -0.0610769 -0.381969
v 0.0181331 0.133841 0.018133
vn -0.70579 -0.0610794 -0.705783
v 0.023692 0.133841 0.00981345
vn -0.922155 -0.0610769 -0.381969
v 0.023692 0.131964 0.00981345
vn -0.810465 0.480052 -0.335704
v 0.0181331 0.131964 0.018133
vn -0.620305 0.480051 -0.6203
v 0.0181331 0.133841 0.018133
vn -0.70579 -0.0610794 -0.705783
v 0.023692 0.131964 0.00981345
vn -0.810465 0.480052 -0.335704
v 0.0061056 -0.149288 0.0147404
vn -0.0393616 0.994696 -0.0950278
v 0.0112817 -0.149288 0.0112818
vn -0.0727308 0.994696 -0.0727313
v -0.00150701 -0.15 -0.00150693
vn 0.0278187 -0.999226 0.0278178
v -0.00150701 -0.15 -0.00150693
vn 0.0278187 -0.999226 0.0278178
v -0.000815611 -0.15 -0.00196893
vn 0.0150552 -0.999226 0.0363459
v 0.0061056 -0.149288 0.0147404
vn -0.0393616 0.994696 -0.0950278
v 0.0112817 -0.149288 0.0112818
vn -0.0727308 0.994696 -0.0727313
v 0.0061056 -0.149288 0.0147404
vn -0.0393616 0.994696 -0.0950278
v 0.0110649 -0.147294 0.0267132
vn -0.0972614 0.967163 -0.23481
v 0.0143893 -0.144232 0.0347389
vn -0.18524 0.875037 -0.44721
v 0.0265879 -0.144232 0.026588
vn -0.34228 0.875036 -0.342281
v 0.0204453 -0.147294 0.0204454
vn -0.179716 0.967163 -0.179716
v 0.0110649 -0.147294 0.0267132
vn -0.0972614 0.967163 -0.23481
v 0.0143893 -0.144232 0.0347389
vn -0.18524 0.875037 -0.44721
v 0.0204453 -0.147294 0.0204454
vn -0.179716 0.967163 -0.179716
v 0.0112817 -0.149288 0.0112818
vn -0.0727308 0.994696 -0.0727313
v 0.0110649 -0.147294 0.0267132
vn -0.0972614 0.967163 -0.23481
v 0.0204453 -0.147294 0.0204454
vn -0.179716 0.967163 -0.179716
v 0.0265879 -0.144232 0.026588
vn -0.34228 0.875036 -0.342281
v 0.0143893 -0.144232 0.0347389
vn -0.18524 0.875037 -0.44721
v 0.0164057 -0.140316 0.039607
vn -0.28827 0.657691 -0.695947
v 0.0174411 -0.135759 0.0421068
vn -0.358244 0.351629 -0.86488
v 0.0322271 -0.135759 0.0322271
vn -0.66195 0.351629 -0.661951
v 0.0303138 -0.140316 0.0303139
vn -0.532655 0.65769 -0.532656
v 0.0164057 -0.140316 0.039607
vn -0.28827 0.657691 -0.695947
v 0.0174411 -0.135759 0.0421068
vn -0.358244 0.351629 -0.86488
v 0.0303138 -0.140316 0.0303139
vn -0.532655 0.65769 -0.532656
v 0.0265879 -0.144232 0.026588
vn -0.34228 0.875036 -0.342281
v 0.0164057 -0.140316 0.039607
vn -0.28827 0.657691 -0.695947
v 0.0303138 -0.140316 0.0303139
vn -0.532655 0.65769 -0.532656
v 0.0322271 -0.135759 0.0322271
vn -0.66195 0.351629 -0.661951
v 0.0174411 -0.135759 0.0421068
vn -0.358244 0.351629 -0.86488
v 0.0178226 -0.130775 0.0430278
vn -0.380318 0.110998 -0.918171
v 0.0178771 0.0209628 0.0431593
vn -0.382391 -0.0390888 -0.923173
v 0.0330327 0.0209628 0.0330327
vn -0.706567 -0.0390892 -0.706566
v 0.0330327 -0.125577 0.0330327
vn -0.70704 0.0136709 -0.707041
v 0.0178771 -0.125577 0.0431593
vn -0.382647 0.01367 -0.923793
v 0.0178771 0.0209628 0.0431593
vn -0.382391 -0.0390888 -0.923173
v 0.0330327 -0.125577 0.0330327
vn -0.70704 0.0136709 -0.707041
v 0.0178771 -0.125577 0.0431593
vn -0.382647 0.01367 -0.923793
v 0.0330327 -0.125577 0.0330327
vn -0.70704 0.0136709 -0.707041
v 0.032932 -0.130775 0.0329321
vn -0.702736 0.111 -0.702738
v 0.0178226 -0.130775 0.0430278
vn -0.380318 0.110998 -0.918171
v 0.0178771 -0.125577 0.0431593
vn -0.382647 0.01367 -0.923793
v 0.032932 -0.130775 0.0329321
vn -0.702736 0.111 -0.702738
v 0.0322271 -0.135759 0.0322271
vn -0.66195 0.351629 -0.661951
v 0.0178226 -0.130775 0.0430278
vn -0.380318 0.110998 -0.918171
v 0.032932 -0.130775 0.0329321
vn -0.702736 0.111 -0.702738
v 0.0330327 0.0209628 0.0330327
vn -0.706567 -0.0390892 -0.706566
v 0.0178771 0.0209628 0.0431593
vn -0.382391 -0.0390888 -0.923173
v 0.0176047 0.0300058 0.0425014
vn -0.376081 -0.184962 -0.907938
v 0.0168417 0.0364855 0.0406594
vn -0.344941 -0.433047 -0.832758
v 0.0311194 0.0364855 0.0311194
vn -0.637366 -0.433044 -0.637368
v 0.0325292 0.0300058 0.0325291
vn -0.694906 -0.184961 -0.694906
v 0.0176047 0.0300058 0.0425014
vn -0.376081 -0.184962 -0.907938
v 0.0168417 0.0364855 0.0406594
vn -0.344941 -0.433047 -0.832758
v 0.0325292 0.0300058 0.0325291
vn -0.694906 -0.184961 -0.694906
v 0.0330327 0.0209628 0.0330327
vn -0.706567 -0.0390892 -0.706566
v 0.0176047 0.0300058 0.0425014
vn -0.376081 -0.184962 -0.907938
v 0.0325292 0.0300058 0.0325291
vn -0.694906 -0.184961 -0.694906
v 0.0311194 0.0364855 0.0311194
vn -0.637366 -0.433044 -0.637368
v 0.0168417 0.0364855 0.0406594
vn -0.344941 -0.433047 -0.832758
v 0.01567 0.040829 0.0378307
vn -0.27191 -0.703662 -0.656449
v 0.0141713 0.0434636 0.0342125
vn -0.168952 -0.897265 -0.407887
v 0.0261852 0.0434636 0.0261851
vn -0.312182 -0.897265 -0.312181
v 0.0289544 0.040829 0.0289543
vn -0.502424 -0.703661 -0.502425
v 0.01567 0.040829 0.0378307
vn -0.27191 -0.703662 -0.656449
v 0.0141713 0.0434636 0.0342125
vn -0.168952 -0.897265 -0.407887
v 0.0289544 0.040829 0.0289543
vn -0.502424 -0.703661 -0.502425
v 0.0311194 0.0364855 0.0311194
vn -0.637366 -0.433044 -0.637368
v 0.01567 0.040829 0.0378307
vn -0.27191 -0.703662 -0.656449
v 0.0289544 0.040829 0.0289543
vn -0.502424 -0.703661 -0.502425
v 0.0261852 0.0434636 0.0261851
vn -0.312182 -0.897265 -0.312181
v 0.0141713 0.0434636 0.0342125
vn -0.168952 -0.897265 -0.407887
v 0.0124274 0.0448164 0.0300023
vn -0.0781456 -0.978929 -0.188658
v 0.0105199 0.0453148 0.0253974
vn -0.0925125 -0.97034 -0.223344
v 0.0194383 0.0453148 0.0194383
vn -0.170942 -0.970339 -0.170943
v 0.0229628 0.0448164 0.0229628
vn -0.144394 -0.978929 -0.144392
v 0.0124274 0.0448164 0.0300023
vn -0.0781456 -0.978929 -0.188658
v 0.0105199 0.0453148 0.0253974
vn -0.0925125 -0.97034 -0.223344
v 0.0229628 0.0448164 0.0229628
vn -0.144394 -0.978929 -0.144392
v 0.0261852 0.0434636 0.0261851
vn -0.312182 -0.897265 -0.312181
v 0.0124274 0.0448164 0.0300023
vn -0.0781456 -0.978929 -0.188658
v 0.0229628 0.0448164 0.0229628
vn -0.144394 -0.978929 -0.144392
v 0.00972462 0.136318 0.0234772
vn -0.312817 -0.575977 -0.755246
v 0.0179687 0.136318 0.0179686
vn -0.578028 -0.575994 -0.578027
v 0.0179687 0.135718 0.0179687
vn -0.705742 -0.0620354 -0.705748
v 0.00972462 0.135718 0.0234772
vn -0.381934 -0.0620131 -0.922107
v 0.00972462 0.136318 0.0234772
vn -0.312817 -0.575977 -0.755246
v 0.0179687 0.135718 0.0179687
vn -0.705742 -0.0620354 -0.705748
v 0.00972462 0.135718 0.0234772
vn -0.381934 -0.0620131 -0.922107
v 0.0179687 0.135718 0.0179687
vn -0.705742 -0.0620354 -0.705748
v 0.0181331 0.133841 0.018133
vn -0.70579 -0.0610794 -0.705783
v 0.00981353 0.133841 0.0236919
vn -0.381965 -0.0610766 -0.922156
v 0.00972462 0.135718 0.0234772
vn -0.381934 -0.0620131 -0.922107
v 0.0181331 0.133841 0.018133
vn -0.70579 -0.0610794 -0.705783
v 0.00981353 0.133841 0.0236919
vn -0.381965 -0.0610766 -0.922156
v 0.0181331 0.133841 0.018133
vn -0.70579 -0.0610794 -0.705783
v 0.0181331 0.131964 0.018133
vn -0.620305 0.480051 -0.6203
v 0.00981354 0.131964 0.0236919
vn -0.3357 0.48005 -0.810468
v 0.00981353 0.133841 0.0236919
vn -0.381965 -0.0610766 -0.922156
v 0.0181331 0.131964 0.018133
vn -0.620305 0.480051 -0.6203
v -2.95695e-08 -0.149288 0.0159548
vn 1.18287e-07 0.994696 -0.102857
v 0.0061056 -0.149288 0.0147404
vn -0.0393616 0.994696 -0.0950278
v -0.000815611 -0.15 -0.00196893
vn 0.0150552 -0.999226 0.0363459
v -0.000815611 -0.15 -0.00196893
vn 0.0150552 -0.999226 0.0363459
v -2.95695e-08 -0.15 -0.00213115
vn 3.89585e-08 -0.999226 0.0393408
v -2.95695e-08 -0.149288 0.0159548
vn 1.18287e-07 0.994696 -0.102857
v 0.0061056 -0.149288 0.0147404
vn -0.0393616 0.994696 -0.0950278
v -2.95695e-08 -0.149288 0.0159548
vn 1.18287e-07 0.994696 -0.102857
v -2.95695e-08 -0.147294 0.0289141
vn 2.42189e-07 0.967163 -0.254157
v -2.95695e-08 -0.144232 0.0376011
vn 2.89343e-07 0.875036 -0.484057
v 0.0143893 -0.144232 0.0347389
vn -0.18524 0.875037 -0.44721
v 0.0110649 -0.147294 0.0267132
vn -0.0972614 0.967163 -0.23481
v -2.95695e-08 -0.147294 0.0289141
vn 2.42189e-07 0.967163 -0.254157
v -2.95695e-08 -0.144232 0.0376011
vn 2.89343e-07 0.875036 -0.484057
v 0.0110649 -0.147294 0.0267132
vn -0.0972614 0.967163 -0.23481
v 0.0061056 -0.149288 0.0147404
vn -0.0393616 0.994696 -0.0950278
v -2.95695e-08 -0.147294 0.0289141
vn 2.42189e-07 0.967163 -0.254157
v 0.0110649 -0.147294 0.0267132
vn -0.0972614 0.967163 -0.23481
v 0.0143893 -0.144232 0.0347389
vn -0.18524 0.875037 -0.44721
v -2.95695e-08 -0.144232 0.0376011
vn 2.89343e-07 0.875036 -0.484057
v -2.95695e-08 -0.140316 0.0428703
vn 3.98531e-07 0.657691 -0.753288
v -2.95695e-08 -0.135759 0.045576
vn 1.03796e-06 0.35163 -0.936139
v 0.0174411 -0.135759 0.0421068
vn -0.358244 0.351629 -0.86488
v 0.0164057 -0.140316 0.039607
vn -0.28827 0.657691 -0.695947
v -2.95695e-08 -0.140316 0.0428703
vn 3.98531e-07 0.657691 -0.753288
v -2.95695e-08 -0.135759 0.045576
vn 1.03796e-06 0.35163 -0.936139
v 0.0164057 -0.140316 0.039607
vn -0.28827 0.657691 -0.695947
v 0.0143893 -0.144232 0.0347389
vn -0.18524 0.875037 -0.44721
v -2.95695e-08 -0.140316 0.0428703
vn 3.98531e-07 0.657691 -0.753288
v 0.0164057 -0.140316 0.039607
vn -0.28827 0.657691 -0.695947
v 0.0174411 -0.135759 0.0421068
vn -0.358244 0.351629 -0.86488
v -2.95695e-08 -0.135759 0.045576
vn 1.03796e-06 0.35163 -0.936139
v -2.95695e-08 -0.130775 0.0465729
vn 8.18841e-07 0.111 -0.99382
v -1.39698e-09 0.0209628 0.0467152
vn 1.36172e-07 -0.0390889 -0.999236
v 0.0178771 0.0209628 0.0431593
vn -0.382391 -0.0390888 -0.923173
v 0.0178771 -0.125577 0.0431593
vn -0.382647 0.01367 -0.923793
v -2.95695e-08 -0.125577 0.0467153
vn 4.84477e-09 0.01367 -0.999907
v -1.39698e-09 0.0209628 0.0467152
vn 1.36172e-07 -0.0390889 -0.999236
v 0.0178771 -0.125577 0.0431593
vn -0.382647 0.01367 -0.923793
v -2.95695e-08 -0.125577 0.0467153
vn 4.84477e-09 0.01367 -0.999907
v 0.0178771 -0.125577 0.0431593
vn -0.382647 0.01367 -0.923793
v 0.0178226 -0.130775 0.0430278
vn -0.380318 0.110998 -0.918171
v -2.95695e-08 -0.130775 0.0465729
vn 8.18841e-07 0.111 -0.99382
v -2.95695e-08 -0.125577 0.0467153
vn 4.84477e-09 0.01367 -0.999907
v 0.0178226 -0.130775 0.0430278
vn -0.380318 0.110998 -0.918171
v 0.0174411 -0.135759 0.0421068
vn -0.358244 0.351629 -0.86488
v -2.95695e-08 -0.130775 0.0465729
vn 8.18841e-07 0.111 -0.99382
v 0.0178226 -0.130775 0.0430278
vn -0.380318 0.110998 -0.918171
v 0.0178771 0.0209628 0.0431593
vn -0.382391 -0.0390888 -0.923173
v -1.39698e-09 0.0209628 0.0467152
vn 1.36172e-07 -0.0390889 -0.999236
v -1.39698e-09 0.0300058 0.0460032
vn 5.96202e-07 -0.184961 -0.982746
v -1.39698e-09 0.0364855 0.0440095
vn 2.87976e-07 -0.433045 -0.901372
v 0.0168417 0.0364855 0.0406594
vn -0.344941 -0.433047 -0.832758
v 0.0176047 0.0300058 0.0425014
vn -0.376081 -0.184962 -0.907938
v -1.39698e-09 0.0300058 0.0460032
vn 5.96202e-07 -0.184961 -0.982746
v -1.39698e-09 0.0364855 0.0440095
vn 2.87976e-07 -0.433045 -0.901372
v 0.0176047 0.0300058 0.0425014
vn -0.376081 -0.184962 -0.907938
v 0.0178771 0.0209628 0.0431593
vn -0.382391 -0.0390888 -0.923173
v -1.39698e-09 0.0300058 0.0460032
vn 5.96202e-07 -0.184961 -0.982746
v 0.0176047 0.0300058 0.0425014
vn -0.376081 -0.184962 -0.907938
v 0.0168417 0.0364855 0.0406594
vn -0.344941 -0.433047 -0.832758
v -1.39698e-09 0.0364855 0.0440095
vn 2.87976e-07 -0.433045 -0.901372
v -1.39698e-09 0.040829 0.0409476
vn 1.78168e-07 -0.703661 -0.710536
v -1.39698e-09 0.0434636 0.0370314
vn 1.961e-07 -0.897265 -0.441493
v 0.0141713 0.0434636 0.0342125
vn -0.168952 -0.897265 -0.407887
v 0.01567 0.040829 0.0378307
vn -0.27191 -0.703662 -0.656449
v -1.39698e-09 0.040829 0.0409476
vn 1.78168e-07 -0.703661 -0.710536
v -1.39698e-09 0.0434636 0.0370314
vn 1.961e-07 -0.897265 -0.441493
v 0.01567 0.040829 0.0378307
vn -0.27191 -0.703662 -0.656449
v 0.0168417 0.0364855 0.0406594
vn -0.344941 -0.433047 -0.832758
v -1.39698e-09 0.040829 0.0409476
vn 1.78168e-07 -0.703661 -0.710536
v 0.01567 0.040829 0.0378307
vn -0.27191 -0.703662 -0.656449
v 0.0141713 0.0434636 0.0342125
vn -0.168952 -0.897265 -0.407887
v -1.39698e-09 0.0434636 0.0370314
vn 1.961e-07 -0.897265 -0.441493
v -1.39698e-09 0.0448164 0.0324743
vn -7.2892e-08 -0.978929 -0.204204
v -1.39698e-09 0.0453148 0.0274899
vn -2.45433e-07 -0.970339 -0.241748
v 0.0105199 0.0453148 0.0253974
vn -0.0925125 -0.97034 -0.223344
v 0.0124274 0.0448164 0.0300023
vn -0.0781456 -0.978929 -0.188658
v -1.39698e-09 0.0448164 0.0324743
vn -7.2892e-08 -0.978929 -0.204204
v -1.39698e-09 0.0453148 0.0274899
vn -2.45433e-07 -0.970339 -0.241748
v 0.0124274 0.0448164 0.0300023
vn -0.0781456 -0.978929 -0.188658
v 0.0141713 0.0434636 0.0342125
vn -0.168952 -0.897265 -0.407887
v -1.39698e-09 0.0448164 0.0324743
vn -7.2892e-08 -0.978929 -0.204204
v 0.0124274 0.0448164 0.0300023
vn -0.0781456 -0.978929 -0.188658
v 1.83936e-08 0.136318 0.0254116
vn 2.89376e-06 -0.575979 -0.817465
v 0.00972462 0.136318 0.0234772
vn -0.312817 -0.575977 -0.755246
v 0.00972462 0.135718 0.0234772
vn -0.381934 -0.0620131 -0.922107
v 9.54606e-09 0.135718 0.0254116
vn 2.24529e-06 -0.0620181 -0.998075
v 1.83936e-08 0.136318 0.0254116
vn 2.89376e-06 -0.575979 -0.817465
v 0.00972462 0.135718 0.0234772
vn -0.381934 -0.0620131 -0.922107
v 9.54606e-09 0.135718 0.0254116
vn 2.24529e-06 -0.0620181 -0.998075
v 0.00972462 0.135718 0.0234772
vn -0.381934 -0.0620131 -0.922107
v 0.00981353 0.133841 0.0236919
vn -0.381965 -0.0610766 -0.922156
v 9.54606e-09 0.133841 0.0256439
vn -2.74848e-06 -0.0610814 -0.998133
v 9.54606e-09 0.135718 0.0254116
vn 2.24529e-06 -0.0620181 -0.998075
v 0.00981353 0.133841 0.0236919
vn -0.381965 -0.0610766 -0.922156
v 9.54606e-09 0.133841 0.0256439
vn -2.74848e-06 -0.0610814 -0.998133
v 0.00981353 0.133841 0.0236919
vn -0.381965 -0.0610766 -0.922156
v 0.00981354 0.131964 0.0236919
vn -0.3357 0.48005 -0.810468
v 5.3551e-09 0.131964 0.0256439
vn -1.6183e-06 0.480043 -0.877245
v 9.54606e-09 0.133841 0.0256439
vn -2.74848e-06 -0.0610814 -0.998133
v 0.00981354 0.131964 0.0236919
vn -0.3357 0.48005 -0.810468
v -0.00610568 -0.149288 0.0147404
vn 0.039362 0.994696 -0.0950277
v -2.95695e-08 -0.149288 0.0159548
vn 1.18287e-07 0.994696 -0.102857
v -2.95695e-08 -0.15 -0.00213115
vn 3.89585e-08 -0.999226 0.0393408
v -2.95695e-08 -0.15 -0.00213115
vn 3.89585e-08 -0.999226 0.0393408
v 0.000815551 -0.15 -0.00196893
vn -0.0150546 -0.999226 0.0363465
v -0.00610568 -0.149288 0.0147404
vn 0.039362 0.994696 -0.0950277
v -2.95695e-08 -0.149288 0.0159548
vn 1.18287e-07 0.994696 -0.102857
v -0.00610568 -0.149288 0.0147404
vn 0.039362 0.994696 -0.0950277
v -0.011065 -0.147294 0.0267132
vn 0.0972618 0.967163 -0.23481
v -0.0143893 -0.144232 0.0347389
vn 0.185241 0.875036 -0.44721
v -2.95695e-08 -0.144232 0.0376011
vn 2.89343e-07 0.875036 -0.484057
v -2.95695e-08 -0.147294 0.0289141
vn 2.42189e-07 0.967163 -0.254157
v -0.011065 -0.147294 0.0267132
vn 0.0972618 0.967163 -0.23481
v -0.0143893 -0.144232 0.0347389
vn 0.185241 0.875036 -0.44721
v -2.95695e-08 -0.147294 0.0289141
vn 2.42189e-07 0.967163 -0.254157
v -2.95695e-08 -0.149288 0.0159548
vn 1.18287e-07 0.994696 -0.102857
v -0.011065 -0.147294 0.0267132
vn 0.0972618 0.967163 -0.23481
v -2.95695e-08 -0.147294 0.0289141
vn 2.42189e-07 0.967163 -0.254157
v -2.95695e-08 -0.144232 0.0376011
vn 2.89343e-07 0.875036 -0.484057
v -0.0143893 -0.144232 0.0347389
vn 0.185241 0.875036 -0.44721
v -0.0164058 -0.140316 0.0396069
vn 0.288271 0.657691 -0.695947
v -0.0174412 -0.135759 0.0421068
vn 0.358246 0.351628 -0.86488
v -2.95695e-08 -0.135759 0.045576
vn 1.03796e-06 0.35163 -0.936139
v -2.95695e-08 -0.140316 0.0428703
vn 3.98531e-07 0.657691 -0.753288
v -0.0164058 -0.140316 0.0396069
vn 0.288271 0.657691 -0.695947
v -0.0174412 -0.135759 0.0421068
vn 0.358246 0.351628 -0.86488
v -2.95695e-08 -0.140316 0.0428703
vn 3.98531e-07 0.657691 -0.753288
v -2.95695e-08 -0.144232 0.0376011
vn 2.89343e-07 0.875036 -0.484057
v -0.0164058 -0.140316 0.0396069
vn 0.288271 0.657691 -0.695947
v -2.95695e-08 -0.140316 0.0428703
vn 3.98531e-07 0.657691 -0.753288
v -2.95695e-08 -0.135759 0.045576
vn 1.03796e-06 0.35163 -0.936139
v -0.0174412 -0.135759 0.0421068
vn 0.358246 0.351628 -0.86488
v -0.0178227 -0.130775 0.0430277
vn 0.38032 0.111001 -0.91817
v -0.0178772 0.0209628 0.0431593
vn 0.382391 -0.0390905 -0.923174
v -1.39698e-09 0.0209628 0.0467152
vn 1.36172e-07 -0.0390889 -0.999236
v -2.95695e-08 -0.125577 0.0467153
vn 4.84477e-09 0.01367 -0.999907
v -0.0178772 -0.125577 0.0431593
vn 0.382648 0.0136731 -0.923793
v -0.0178772 0.0209628 0.0431593
vn 0.382391 -0.0390905 -0.923174
v -2.95695e-08 -0.125577 0.0467153
vn 4.84477e-09 0.01367 -0.999907
v -0.0178772 -0.125577 0.0431593
vn 0.382648 0.0136731 -0.923793
v -2.95695e-08 -0.125577 0.0467153
vn 4.84477e-09 0.01367 -0.999907
v -2.95695e-08 -0.130775 0.0465729
vn 8.18841e-07 0.111 -0.99382
v -0.0178227 -0.130775 0.0430277
vn 0.38032 0.111001 -0.91817
v -0.0178772 -0.125577 0.0431593
vn 0.382648 0.0136731 -0.923793
v -2.95695e-08 -0.130775 0.0465729
vn 8.18841e-07 0.111 -0.99382
v -2.95695e-08 -0.135759 0.045576
vn 1.03796e-06 0.35163 -0.936139
v -0.0178227 -0.130775 0.0430277
vn 0.38032 0.111001 -0.91817
v -2.95695e-08 -0.130775 0.0465729
vn 8.18841e-07 0.111 -0.99382
v -1.39698e-09 0.0209628 0.0467152
vn 1.36172e-07 -0.0390889 -0.999236
v -0.0178772 0.0209628 0.0431593
vn 0.382391 -0.0390905 -0.923174
v -0.0176047 0.0300058 0.0425014
vn 0.376081 -0.184962 -0.907939
v -0.0168417 0.0364855 0.0406594
vn 0.34494 -0.433046 -0.832759
v -1.39698e-09 0.0364855 0.0440095
vn 2.87976e-07 -0.433045 -0.901372
v -1.39698e-09 0.0300058 0.0460032
vn 5.96202e-07 -0.184961 -0.982746
v -0.0176047 0.0300058 0.0425014
vn 0.376081 -0.184962 -0.907939
v -0.0168417 0.0364855 0.0406594
vn 0.34494 -0.433046 -0.832759
v -1.39698e-09 0.0300058 0.0460032
vn 5.96202e-07 -0.184961 -0.982746
v -1.39698e-09 0.0209628 0.0467152
vn 1.36172e-07 -0.0390889 -0.999236
v -0.0176047 0.0300058 0.0425014
vn 0.376081 -0.184962 -0.907939
v -1.39698e-09 0.0300058 0.0460032
vn 5.96202e-07 -0.184961 -0.982746
v -1.39698e-09 0.0364855 0.0440095
vn 2.87976e-07 -0.433045 -0.901372
v -0.0168417 0.0364855 0.0406594
vn 0.34494 -0.433046 -0.832759
v -0.01567 0.040829 0.0378307
vn 0.271909 -0.703662 -0.656449
v -0.0141713 0.0434636 0.0342125
vn 0.168952 -0.897264 -0.407887
v -1.39698e-09 0.0434636 0.0370314
vn 1.961e-07 -0.897265 -0.441493
v -1.39698e-09 0.040829 0.0409476
vn 1.78168e-07 -0.703661 -0.710536
v -0.01567 0.040829 0.0378307
vn 0.271909 -0.703662 -0.656449
v -0.0141713 0.0434636 0.0342125
vn 0.168952 -0.897264 -0.407887
v -1.39698e-09 0.040829 0.0409476
vn 1.78168e-07 -0.703661 -0.710536
v -1.39698e-09 0.0364855 0.0440095
vn 2.87976e-07 -0.433045 -0.901372
v -0.01567 0.040829 0.0378307
vn 0.271909 -0.703662 -0.656449
v -1.39698e-09 0.040829 0.0409476
vn 1.78168e-07 -0.703661 -0.710536
v -1.39698e-09 0.0434636 0.0370314
vn 1.961e-07 -0.897265 -0.441493
v -0.0141713 0.0434636 0.0342125
vn 0.168952 -0.897264 -0.407887
v -0.0124274 0.0448164 0.0300023
vn 0.0781456 -0.978928 -0.188661
v -0.01052 0.0453148 0.0253974
vn 0.0925126 -0.97034 -0.223344
v -1.39698e-09 0.0453148 0.0274899
vn -2.45433e-07 -0.970339 -0.241748
v -1.39698e-09 0.0448164 0.0324743
vn -7.2892e-08 -0.978929 -0.204204
v -0.0124274 0.0448164 0.0300023
vn 0.0781456 -0.978928 -0.188661
v -0.01052 0.0453148 0.0253974
vn 0.0925126 -0.97034 -0.223344
v -1.39698e-09 0.0448164 0.0324743
vn -7.2892e-08 -0.978929 -0.204204
v -1.39698e-09 0.0434636 0.0370314
vn 1.961e-07 -0.897265 -0.441493
v -0.0124274 0.0448164 0.0300023
vn 0.0781456 -0.978928 -0.188661
v -1.39698e-09 0.0448164 0.0324743
vn -7.2892e-08 -0.978929 -0.204204
v -0.0097246 0.136318 0.0234772
vn 0.312834 -0.575986 -0.755231
v 1.83936e-08 0.136318 0.0254116
vn 2.89376e-06 -0.575979 -0.817465
v 9.54606e-09 0.135718 0.0254116
vn 2.24529e-06 -0.0620181 -0.998075
v -0.00972462 0.135718 0.0234772
vn 0.38195 -0.0620262 -0.922099
v -0.0097246 0.136318 0.0234772
vn 0.312834 -0.575986 -0.755231
v 9.54606e-09 0.135718 0.0254116
vn 2.24529e-06 -0.0620181 -0.998075
v -0.00972462 0.135718 0.0234772
vn 0.38195 -0.0620262 -0.922099
v 9.54606e-09 0.135718 0.0254116
vn 2.24529e-06 -0.0620181 -0.998075
v 9.54606e-09 0.133841 0.0256439
vn -2.74848e-06 -0.0610814 -0.998133
v -0.00981354 0.133841 0.0236919
vn 0.381969 -0.0610828 -0.922154
v -0.00972462 0.135718 0.0234772
vn 0.38195 -0.0620262 -0.922099
v 9.54606e-09 0.133841 0.0256439
vn -2.74848e-06 -0.0610814 -0.998133
v -0.00981354 0.133841 0.0236919
vn 0.381969 -0.0610828 -0.922154
v 9.54606e-09 0.133841 0.0256439
vn -2.74848e-06 -0.0610814 -0.998133
v 5.3551e-09 0.131964 0.0256439
vn -1.6183e-06 0.480043 -0.877245
v -0.00981354 0.131964 0.0236919
vn 0.335707 0.480049 -0.810465
v -0.00981354 0.133841 0.0236919
vn 0.381969 -0.0610828 -0.922154
v 5.3551e-09 0.131964 0.0256439
vn -1.6183e-06 0.480043 -0.877245
v -0.0112818 -0.149288 0.0112818
vn 0.0727312 0.994696 -0.0727309
v -0.00610568 -0.149288 0.0147404
vn 0.039362 0.994696 -0.0950277
v 0.000815551 -0.15 -0.00196893
vn -0.0150546 -0.999226 0.0363465
v 0.000815551 -0.15 -0.00196893
vn -0.0150546 -0.999226 0.0363465
v 0.00150696 -0.15 -0.00150697
vn -0.0278176 -0.999226 0.0278189
v -0.0112818 -0.149288 0.0112818
vn 0.0727312 0.994696 -0.0727309
v -0.00610568 -0.149288 0.0147404
vn 0.039362 0.994696 -0.0950277
v -0.0112818 -0.149288 0.0112818
vn 0.0727312 0.994696 -0.0727309
v -0.0204454 -0.147294 0.0204454
vn 0.179716 0.967163 -0.179716
v -0.026588 -0.144232 0.026588
vn 0.34228 0.875036 -0.34228
v -0.0143893 -0.144232 0.0347389
vn 0.185241 0.875036 -0.44721
v -0.011065 -0.147294 0.0267132
vn 0.0972618 0.967163 -0.23481
v -0.0204454 -0.147294 0.0204454
vn 0.179716 0.967163 -0.179716
v -0.026588 -0.144232 0.026588
vn 0.34228 0.875036 -0.34228
v -0.011065 -0.147294 0.0267132
vn 0.0972618 0.967163 -0.23481
v -0.00610568 -0.149288 0.0147404
vn 0.039362 0.994696 -0.0950277
v -0.0204454 -0.147294 0.0204454
vn 0.179716 0.967163 -0.179716
v -0.011065 -0.147294 0.0267132
vn 0.0972618 0.967163 -0.23481
v -0.0143893 -0.144232 0.0347389
vn 0.185241 0.875036 -0.44721
v -0.026588 -0.144232 0.026588
vn 0.34228 0.875036 -0.34228
v -0.0303139 -0.140316 0.0303138
vn 0.532655 0.657691 -0.532655
v -0.0322271 -0.135759 0.0322271
vn 0.661951 0.351628 -0.66195
v -0.0174412 -0.135759 0.0421068
vn 0.358246 0.351628 -0.86488
v -0.0164058 -0.140316 0.0396069
vn 0.288271 0.657691 -0.695947
v -0.0303139 -0.140316 0.0303138
vn 0.532655 0.657691 -0.532655
v -0.0322271 -0.135759 0.0322271
vn 0.661951 0.351628 -0.66195
v -0.0164058 -0.140316 0.0396069
vn 0.288271 0.657691 -0.695947
v -0.0143893 -0.144232 0.0347389
vn 0.185241 0.875036 -0.44721
v -0.0303139 -0.140316 0.0303138
vn 0.532655 0.657691 -0.532655
v -0.0164058 -0.140316 0.0396069
vn 0.288271 0.657691 -0.695947
v -0.0174412 -0.135759 0.0421068
vn 0.358246 0.351628 -0.86488
v -0.0322271 -0.135759 0.0322271
vn 0.661951 0.351628 -0.66195
v -0.032932 -0.130775 0.032932
vn 0.702738 0.111 -0.702736
v -0.0330327 0.0209628 0.0330327
vn 0.706566 -0.0390899 -0.706566
v -0.0178772 0.0209628 0.0431593
vn 0.382391 -0.0390905 -0.923174
v -0.0178772 -0.125577 0.0431593
vn 0.382648 0.0136731 -0.923793
v -0.0330327 -0.125577 0.0330327
vn 0.707042 0.0136727 -0.70704
v -0.0330327 0.0209628 0.0330327
vn 0.706566 -0.0390899 -0.706566
v -0.0178772 -0.125577 0.0431593
vn 0.382648 0.0136731 -0.923793
v -0.0330327 -0.125577 0.0330327
vn 0.707042 0.0136727 -0.70704
v -0.0178772 -0.125577 0.0431593
vn 0.382648 0.0136731 -0.923793
v -0.0178227 -0.130775 0.0430277
vn 0.38032 0.111001 -0.91817
v -0.032932 -0.130775 0.032932
vn 0.702738 0.111 -0.702736
v -0.0330327 -0.125577 0.0330327
vn 0.707042 0.0136727 -0.70704
v -0.0178227 -0.130775 0.0430277
vn 0.38032 0.111001 -0.91817
v -0.0174412 -0.135759 0.0421068
vn 0.358246 0.351628 -0.86488
v -0.032932 -0.130775 0.032932
vn 0.702738 0.111 -0.702736
v -0.0178227 -0.130775 0.0430277
vn 0.38032 0.111001 -0.91817
v -0.0178772 0.0209628 0.0431593
vn 0.382391 -0.0390905 -0.923174
v -0.0330327 0.0209628 0.0330327
vn 0.706566 -0.0390899 -0.706566
v -0.0325292 0.0300058 0.0325291
vn 0.694906 -0.184961 -0.694907
v -0.0311194 0.0364855 0.0311194
vn 0.637367 -0.433044 -0.637367
v -0.0168417 0.0364855 0.0406594
vn 0.34494 -0.433046 -0.832759
v -0.0176047 0.0300058 0.0425014
vn 0.376081 -0.184962 -0.907939
v -0.0325292 0.0300058 0.0325291
vn 0.694906 -0.184961 -0.694907
v -0.0311194 0.0364855 0.0311194
vn 0.637367 -0.433044 -0.637367
v -0.0176047 0.0300058 0.0425014
vn 0.376081 -0.184962 -0.907939
v -0.0178772 0.0209628 0.0431593
vn 0.382391 -0.0390905 -0.923174
v -0.0325292 0.0300058 0.0325291
vn 0.694906 -0.184961 -0.694907
v -0.0176047 0.0300058 0.0425014
vn 0.376081 -0.184962 -0.907939
v -0.0168417 0.0364855 0.0406594
vn 0.34494 -0.433046 -0.832759
v -0.0311194 0.0364855 0.0311194
vn 0.637367 -0.433044 -0.637367
v -0.0289544 0.040829 0.0289543
vn 0.502425 -0.703662 -0.502424
v -0.0261852 0.0434636 0.0261851
vn 0.312182 -0.897266 -0.312181
v -0.0141713 0.0434636 0.0342125
vn 0.168952 -0.897264 -0.407887
v -0.01567 0.040829 0.0378307
vn 0.271909 -0.703662 -0.656449
v -0.0289544 0.040829 0.0289543
vn 0.502425 -0.703662 -0.502424
v -0.0261852 0.0434636 0.0261851
vn 0.312182 -0.897266 -0.312181
v -0.01567 0.040829 0.0378307
vn 0.271909 -0.703662 -0.656449
v -0.0168417 0.0364855 0.0406594
vn 0.34494 -0.433046 -0.832759
v -0.0289544 0.040829 0.0289543
vn 0.502425 -0.703662 -0.502424
v -0.01567 0.040829 0.0378307
vn 0.271909 -0.703662 -0.656449
v -0.0141713 0.0434636 0.0342125
vn 0.168952 -0.897264 -0.407887
v -0.0261852 0.0434636 0.0261851
vn 0.312182 -0.897266 -0.312181
v -0.0229628 0.0448164 0.0229628
vn 0.144394 -0.978929 -0.144393
v -0.0194384 0.0453148 0.0194383
vn 0.170941 -0.970339 -0.17094
v -0.01052 0.0453148 0.0253974
vn 0.0925126 -0.97034 -0.223344
v -0.0124274 0.0448164 0.0300023
vn 0.0781456 -0.978928 -0.188661
v -0.0229628 0.0448164 0.0229628
vn 0.144394 -0.978929 -0.144393
v -0.0194384 0.0453148 0.0194383
vn 0.170941 -0.970339 -0.17094
v -0.0124274 0.0448164 0.0300023
vn 0.0781456 -0.978928 -0.188661
v -0.0141713 0.0434636 0.0342125
vn 0.168952 -0.897264 -0.407887
v -0.0229628 0.0448164 0.0229628
vn 0.144394 -0.978929 -0.144393
v -0.0124274 0.0448164 0.0300023
vn 0.0781456 -0.978928 -0.188661
v -0.0179688 0.136318 0.0179687
vn 0.578035 -0.575983 -0.578031
v -0.0097246 0.136318 0.0234772
vn 0.312834 -0.575986 -0.755231
v -0.00972462 0.135718 0.0234772
vn 0.38195 -0.0620262 -0.922099
v -0.0179688 0.135718 0.0179687
vn 0.705747 -0.0620174 -0.705745
v -0.0179688 0.136318 0.0179687
vn 0.578035 -0.575983 -0.578031
v -0.00972462 0.135718 0.0234772
vn 0.38195 -0.0620262 -0.922099
v -0.0179688 0.135718 0.0179687
vn 0.705747 -0.0620174 -0.705745
v -0.00972462 0.135718 0.0234772
vn 0.38195 -0.0620262 -0.922099
v -0.00981354 0.133841 0.0236919
vn 0.381969 -0.0610828 -0.922154
v -0.0181331 0.133841 0.018133
vn 0.70579 -0.0610787 -0.705783
v -0.0179688 0.135718 0.0179687
vn 0.705747 -0.0620174 -0.705745
v -0.00981354 0.133841 0.0236919
vn 0.381969 -0.0610828 -0.922154
v -0.0181331 0.133841 0.018133
vn 0.70579 -0.0610787 -0.705783
v -0.00981354 0.133841 0.0236919
vn 0.381969 -0.0610828 -0.922154
v -0.00981354 0.131964 0.0236919
vn 0.335707 0.480049 -0.810465
v -0.0181331 0.131964 0.018133
vn 0.620305 0.48005 -0.620302
v -0.0181331 0.133841 0.018133
vn 0.70579 -0.0610787 -0.705783
v -0.00981354 0.131964 0.0236919
vn 0.335707 0.480049 -0.810465
v -0.0147403 -0.149288 0.00610565
vn 0.0950277 0.994696 -0.0393617
v -0.0112818 -0.149288 0.0112818
vn 0.0727312 0.994696 -0.0727309
v 0.00150696 -0.15 -0.00150697
vn -0.0278176 -0.999226 0.0278189
v 0.00150696 -0.15 -0.00150697
vn -0.0278176 -0.999226 0.0278189
v 0.00196896 -0.15 -0.00081557
vn -0.0363459 -0.999226 0.0150556
v -0.0147403 -0.149288 0.00610565
vn 0.0950277 0.994696 -0.0393617
v -0.0112818 -0.149288 0.0112818
vn 0.0727312 0.994696 -0.0727309
v -0.0147403 -0.149288 0.00610565
vn 0.0950277 0.994696 -0.0393617
v -0.0267131 -0.147294 0.011065
vn 0.23481 0.967163 -0.0972614
v -0.0347389 -0.144232 0.0143893
vn 0.44721 0.875037 -0.18524
v -0.026588 -0.144232 0.026588
vn 0.34228 0.875036 -0.34228
v -0.0204454 -0.147294 0.0204454
vn 0.179716 0.967163 -0.179716
v -0.0267131 -0.147294 0.011065
vn 0.23481 0.967163 -0.0972614
v -0.0347389 -0.144232 0.0143893
vn 0.44721 0.875037 -0.18524
v -0.0204454 -0.147294 0.0204454
vn 0.179716 0.967163 -0.179716
v -0.0112818 -0.149288 0.0112818
vn 0.0727312 0.994696 -0.0727309
v -0.0267131 -0.147294 0.011065
vn 0.23481 0.967163 -0.0972614
v -0.0204454 -0.147294 0.0204454
vn 0.179716 0.967163 -0.179716
v -0.026588 -0.144232 0.026588
vn 0.34228 0.875036 -0.34228
v -0.0347389 -0.144232 0.0143893
vn 0.44721 0.875037 -0.18524
v -0.0396069 -0.140316 0.0164057
vn 0.695947 0.657692 -0.28827
v -0.0421068 -0.135759 0.0174412
vn 0.864881 0.351628 -0.358244
v -0.0322271 -0.135759 0.0322271
vn 0.661951 0.351628 -0.66195
v -0.0303139 -0.140316 0.0303138
vn 0.532655 0.657691 -0.532655
v -0.0396069 -0.140316 0.0164057
vn 0.695947 0.657692 -0.28827
v -0.0421068 -0.135759 0.0174412
vn 0.864881 0.351628 -0.358244
v -0.0303139 -0.140316 0.0303138
vn 0.532655 0.657691 -0.532655
v -0.026588 -0.144232 0.026588
vn 0.34228 0.875036 -0.34228
v -0.0396069 -0.140316 0.0164057
vn 0.695947 0.657692 -0.28827
v -0.0303139 -0.140316 0.0303138
vn 0.532655 0.657691 -0.532655
v -0.0322271 -0.135759 0.0322271
vn 0.661951 0.351628 -0.66195
v -0.0421068 -0.135759 0.0174412
vn 0.864881 0.351628 -0.358244
v -0.0430277 -0.130775 0.0178227
vn 0.918171 0.110997 -0.380319
v -0.0431593 0.0209628 0.0178771
vn 0.923174 -0.0390883 -0.38239
v -0.0330327 0.0209628 0.0330327
vn 0.706566 -0.0390899 -0.706566
v -0.0330327 -0.125577 0.0330327
vn 0.707042 0.0136727 -0.70704
v -0.0431593 -0.125577 0.0178772
vn 0.923793 0.0136706 -0.382647
v -0.0431593 0.0209628 0.0178771
vn 0.923174 -0.0390883 -0.38239
v -0.0330327 -0.125577 0.0330327
vn 0.707042 0.0136727 -0.70704
v -0.0431593 -0.125577 0.0178772
vn 0.923793 0.0136706 -0.382647
v -0.0330327 -0.125577 0.0330327
vn 0.707042 0.0136727 -0.70704
v -0.032932 -0.130775 0.032932
vn 0.702738 0.111 -0.702736
v -0.0430277 -0.130775 0.0178227
vn 0.918171 0.110997 -0.380319
v -0.0431593 -0.125577 0.0178772
vn 0.923793 0.0136706 -0.382647
v -0.032932 -0.130775 0.032932
vn 0.702738 0.111 -0.702736
v -0.0322271 -0.135759 0.0322271
vn 0.661951 0.351628 -0.66195
v -0.0430277 -0.130775 0.0178227
vn 0.918171 0.110997 -0.380319
v -0.032932 -0.130775 0.032932
vn 0.702738 0.111 -0.702736
v -0.0330327 0.0209628 0.0330327
vn 0.706566 -0.0390899 -0.706566
v -0.0431593 0.0209628 0.0178771
vn 0.923174 -0.0390883 -0.38239
v -0.0425015 0.0300058 0.0176046
vn 0.907939 -0.184961 -0.37608
v -0.0406595 0.0364855 0.0168417
vn 0.83276 -0.433045 -0.344939
v -0.0311194 0.0364855 0.0311194
vn 0.637367 -0.433044 -0.637367
v -0.0325292 0.0300058 0.0325291
vn 0.694906 -0.184961 -0.694907
v -0.0425015 0.0300058 0.0176046
vn 0.907939 -0.184961 -0.37608
v -0.0406595 0.0364855 0.0168417
vn 0.83276 -0.433045 -0.344939
v -0.0325292 0.0300058 0.0325291
vn 0.694906 -0.184961 -0.694907
v -0.0330327 0.0209628 0.0330327
vn 0.706566 -0.0390899 -0.706566
v -0.0425015 0.0300058 0.0176046
vn 0.907939 -0.184961 -0.37608
v -0.0325292 0.0300058 0.0325291
vn 0.694906 -0.184961 -0.694907
v -0.0311194 0.0364855 0.0311194
vn 0.637367 -0.433044 -0.637367
v -0.0406595 0.0364855 0.0168417
vn 0.83276 -0.433045 -0.344939
v -0.0378307 0.040829 0.01567
vn 0.656449 -0.703662 -0.271909
v -0.0342126 0.0434636 0.0141713
vn 0.407885 -0.897265 -0.168951
v -0.0261852 0.0434636 0.0261851
vn 0.312182 -0.897266 -0.312181
v -0.0289544 0.040829 0.0289543
vn 0.502425 -0.703662 -0.502424
v -0.0378307 0.040829 0.01567
vn 0.656449 -0.703662 -0.271909
v -0.0342126 0.0434636 0.0141713
vn 0.407885 -0.897265 -0.168951
v -0.0289544 0.040829 0.0289543
vn 0.502425 -0.703662 -0.502424
v -0.0311194 0.0364855 0.0311194
vn 0.637367 -0.433044 -0.637367
v -0.0378307 0.040829 0.01567
vn 0.656449 -0.703662 -0.271909
v -0.0289544 0.040829 0.0289543
vn 0.502425 -0.703662 -0.502424
v -0.0261852 0.0434636 0.0261851
vn 0.312182 -0.897266 -0.312181
v -0.0342126 0.0434636 0.0141713
vn 0.407885 -0.897265 -0.168951
v -0.0300024 0.0448164 0.0124273
vn 0.18866 -0.978928 -0.0781455
v -0.0253974 0.0453148 0.0105199
vn 0.223345 -0.970339 -0.092512
v -0.0194384 0.0453148 0.0194383
vn 0.170941 -0.970339 -0.17094
v -0.0229628 0.0448164 0.0229628
vn 0.144394 -0.978929 -0.144393
v -0.0300024 0.0448164 0.0124273
vn 0.18866 -0.978928 -0.0781455
v -0.0253974 0.0453148 0.0105199
vn 0.223345 -0.970339 -0.092512
v -0.0229628 0.0448164 0.0229628
vn 0.144394 -0.978929 -0.144393
v -0.0261852 0.0434636 0.0261851
vn 0.312182 -0.897266 -0.312181
v -0.0300024 0.0448164 0.0124273
vn 0.18866 -0.978928 -0.0781455
v -0.0229628 0.0448164 0.0229628
vn 0.144394 -0.978929 -0.144393
v -0.0234773 0.136318 0.00972455
vn 0.755234 -0.575983 -0.312834
v -0.0179688 0.136318 0.0179687
vn 0.578035 -0.575983 -0.578031
v -0.0179688 0.135718 0.0179687
vn 0.705747 -0.0620174 -0.705745
v -0.0234773 0.135718 0.00972455
vn 0.9221 -0.0620187 -0.381949
v -0.0234773 0.136318 0.00972455
vn 0.755234 -0.575983 -0.312834
v -0.0179688 0.135718 0.0179687
vn 0.705747 -0.0620174 -0.705745
v -0.0234773 0.135718 0.00972455
vn 0.9221 -0.0620187 -0.381949
v -0.0179688 0.135718 0.0179687
vn 0.705747 -0.0620174 -0.705745
v -0.0181331 0.133841 0.018133
vn 0.70579 -0.0610787 -0.705783
v -0.023692 0.133841 0.00981348
vn 0.922155 -0.0610797 -0.381968
v -0.0234773 0.135718 0.00972455
vn 0.9221 -0.0620187 -0.381949
v -0.0181331 0.133841 0.018133
vn 0.70579 -0.0610787 -0.705783
v -0.023692 0.133841 0.00981348
vn 0.922155 -0.0610797 -0.381968
v -0.0181331 0.133841 0.018133
vn 0.70579 -0.0610787 -0.705783
v -0.0181331 0.131964 0.018133
vn 0.620305 0.48005 -0.620302
v -0.023692 0.131964 0.00981348
vn 0.810464 0.480051 -0.335707
v -0.023692 0.133841 0.00981348
vn 0.922155 -0.0610797 -0.381968
v -0.0181331 0.131964 0.018133
vn 0.620305 0.48005 -0.620302
v -0.0159548 -0.149288 2.88399e-08
vn 0.102857 0.994696 -1.00038e-06
v -0.0147403 -0.149288 0.00610565
vn 0.0950277 0.994696 -0.0393617
v 0.00196896 -0.15 -0.00081557
vn -0.0363459 -0.999226 0.0150556
v 0.00196896 -0.15 -0.00081557
vn -0.0363459 -0.999226 0.0150556
v 0.0021312 -0.15 2.8871e-08
vn -0.0393403 -0.999226 2.48997e-07
v -0.0159548 -0.149288 2.88399e-08
vn 0.102857 0.994696 -1.00038e-06
v -0.0147403 -0.149288 0.00610565
vn 0.0950277 0.994696 -0.0393617
v -0.0159548 -0.149288 2.88399e-08
vn 0.102857 0.994696 -1.00038e-06
v -0.0289141 -0.147294 2.87527e-08
vn 0.254157 0.967163 -4.781e-07
v -0.0376011 -0.144232 2.86189e-08
vn 0.484057 0.875036 -3.86601e-07
v -0.0347389 -0.144232 0.0143893
vn 0.44721 0.875037 -0.18524
v -0.0267131 -0.147294 0.011065
vn 0.23481 0.967163 -0.0972614
v -0.0289141 -0.147294 2.87527e-08
vn 0.254157 0.967163 -4.781e-07
v -0.0376011 -0.144232 2.86189e-08
vn 0.484057 0.875036 -3.86601e-07
v -0.0267131 -0.147294 0.011065
vn 0.23481 0.967163 -0.0972614
v -0.0147403 -0.149288 0.00610565
vn 0.0950277 0.994696 -0.0393617
v -0.0289141 -0.147294 2.87527e-08
vn 0.254157 0.967163 -4.781e-07
v -0.0267131 -0.147294 0.011065
vn 0.23481 0.967163 -0.0972614
v -0.0347389 -0.144232 0.0143893
vn 0.44721 0.875037 -0.18524
v -0.0376011 -0.144232 2.86189e-08
vn 0.484057 0.875036 -3.86601e-07
v -0.0428702 -0.140316 2.84477e-08
vn 0.753287 0.657691 1.8183e-07
v -0.045576 -0.135759 2.82485e-08
vn 0.936139 0.351629 3.44323e-07
v -0.0421068 -0.135759 0.0174412
vn 0.864881 0.351628 -0.358244
v -0.0396069 -0.140316 0.0164057
vn 0.695947 0.657692 -0.28827
v -0.0428702 -0.140316 2.84477e-08
vn 0.753287 0.657691 1.8183e-07
v -0.045576 -0.135759 2.82485e-08
vn 0.936139 0.351629 3.44323e-07
v -0.0396069 -0.140316 0.0164057
vn 0.695947 0.657692 -0.28827
v -0.0347389 -0.144232 0.0143893
vn 0.44721 0.875037 -0.18524
v -0.0428702 -0.140316 2.84477e-08
vn 0.753287 0.657691 1.8183e-07
v -0.0396069 -0.140316 0.0164057
vn 0.695947 0.657692 -0.28827
v -0.0421068 -0.135759 0.0174412
vn 0.864881 0.351628 -0.358244
v -0.045576 -0.135759 2.82485e-08
vn 0.936139 0.351629 3.44323e-07
v -0.0465729 -0.130775 2.80306e-08
vn 0.993821 0.110998 2.63549e-08
v -0.0467153 0.0209628 -2.23742e-08
vn 0.999236 -0.0390881 -2.9666e-07
v -0.0431593 0.0209628 0.0178771
vn 0.923174 -0.0390883 -0.38239
v -0.0431593 -0.125577 0.0178772
vn 0.923793 0.0136706 -0.382647
v -0.0467153 -0.125577 2.78034e-08
vn 0.999907 0.0136704 -3.39134e-08
v -0.0467153 0.0209628 -2.23742e-08
vn 0.999236 -0.0390881 -2.9666e-07
v -0.0431593 -0.125577 0.0178772
vn 0.923793 0.0136706 -0.382647
v -0.0467153 -0.125577 2.78034e-08
vn 0.999907 0.0136704 -3.39134e-08
v -0.0431593 -0.125577 0.0178772
vn 0.923793 0.0136706 -0.382647
v -0.0430277 -0.130775 0.0178227
vn 0.918171 0.110997 -0.380319
v -0.0465729 -0.130775 2.80306e-08
vn 0.993821 0.110998 2.63549e-08
v -0.0467153 -0.125577 2.78034e-08
vn 0.999907 0.0136704 -3.39134e-08
v -0.0430277 -0.130775 0.0178227
vn 0.918171 0.110997 -0.380319
v -0.0421068 -0.135759 0.0174412
vn 0.864881 0.351628 -0.358244
v -0.0465729 -0.130775 2.80306e-08
vn 0.993821 0.110998 2.63549e-08
v -0.0430277 -0.130775 0.0178227
vn 0.918171 0.110997 -0.380319
v -0.0431593 0.0209628 0.0178771
vn 0.923174 -0.0390883 -0.38239
v -0.0467153 0.0209628 -2.23742e-08
vn 0.999236 -0.0390881 -2.9666e-07
v -0.0460032 0.0300058 -3.20827e-08
vn 0.982746 -0.18496 -2.6361e-07
v -0.0440095 0.0364855 -3.23659e-08
vn 0.901372 -0.433045 -3.52523e-07
v -0.0406595 0.0364855 0.0168417
vn 0.83276 -0.433045 -0.344939
v -0.0425015 0.0300058 0.0176046
vn 0.907939 -0.184961 -0.37608
v -0.0460032 0.0300058 -3.20827e-08
vn 0.982746 -0.18496 -2.6361e-07
v -0.0440095 0.0364855 -3.23659e-08
vn 0.901372 -0.433045 -3.52523e-07
v -0.0425015 0.0300058 0.0176046
vn 0.907939 -0.184961 -0.37608
v -0.0431593 0.0209628 0.0178771
vn 0.923174 -0.0390883 -0.38239
v -0.0460032 0.0300058 -3.20827e-08
vn 0.982746 -0.18496 -2.6361e-07
v -0.0425015 0.0300058 0.0176046
vn 0.907939 -0.184961 -0.37608
v -0.0406595 0.0364855 0.0168417
vn 0.83276 -0.433045 -0.344939
v -0.0440095 0.0364855 -3.23659e-08
vn 0.901372 -0.433045 -3.52523e-07
v -0.0409477 0.0408289 -3.25558e-08
vn 0.710536 -0.703661 7.73297e-08
v -0.0370314 0.0434635 -3.26709e-08
vn 0.441492 -0.897265 2.07635e-07
v -0.0342126 0.0434636 0.0141713
vn 0.407885 -0.897265 -0.168951
v -0.0378307 0.040829 0.01567
vn 0.656449 -0.703662 -0.271909
v -0.0409477 0.0408289 -3.25558e-08
vn 0.710536 -0.703661 7.73297e-08
v -0.0370314 0.0434635 -3.26709e-08
vn 0.441492 -0.897265 2.07635e-07
v -0.0378307 0.040829 0.01567
vn 0.656449 -0.703662 -0.271909
v -0.0406595 0.0364855 0.0168417
vn 0.83276 -0.433045 -0.344939
v -0.0409477 0.0408289 -3.25558e-08
vn 0.710536 -0.703661 7.73297e-08
v -0.0378307 0.040829 0.01567
vn 0.656449 -0.703662 -0.271909
v -0.0342126 0.0434636 0.0141713
vn 0.407885 -0.897265 -0.168951
v -0.0370314 0.0434635 -3.26709e-08
vn 0.441492 -0.897265 2.07635e-07
v -0.0324743 0.0448164 -3.27301e-08
vn 0.204205 -0.978928 2.13298e-07
v -0.02749 0.0453148 -3.27519e-08
vn 0.241749 -0.970339 -5.05233e-07
v -0.0253974 0.0453148 0.0105199
vn 0.223345 -0.970339 -0.092512
v -0.0300024 0.0448164 0.0124273
vn 0.18866 -0.978928 -0.0781455
v -0.0324743 0.0448164 -3.27301e-08
vn 0.204205 -0.978928 2.13298e-07
v -0.02749 0.0453148 -3.27519e-08
vn 0.241749 -0.970339 -5.05233e-07
v -0.0300024 0.0448164 0.0124273
vn 0.18866 -0.978928 -0.0781455
v -0.0342126 0.0434636 0.0141713
vn 0.407885 -0.897265 -0.168951
v -0.0324743 0.0448164 -3.27301e-08
vn 0.204205 -0.978928 2.13298e-07
v -0.0300024 0.0448164 0.0124273
vn 0.18866 -0.978928 -0.0781455
v -0.0254117 0.136318 -6.28068e-08
vn 0.817463 -0.575982 -6.58078e-06
v -0.0234773 0.136318 0.00972455
vn 0.755234 -0.575983 -0.312834
v -0.0234773 0.135718 0.00972455
vn 0.9221 -0.0620187 -0.381949
v -0.0254117 0.135718 -6.27805e-08
vn 0.998075 -0.0620207 -4.03865e-06
v -0.0254117 0.136318 -6.28068e-08
vn 0.817463 -0.575982 -6.58078e-06
v -0.0234773 0.135718 0.00972455
vn 0.9221 -0.0620187 -0.381949
v -0.0254117 0.135718 -6.27805e-08
vn 0.998075 -0.0620207 -4.03865e-06
v -0.0234773 0.135718 0.00972455
vn 0.9221 -0.0620187 -0.381949
v -0.023692 0.133841 0.00981348
vn 0.922155 -0.0610797 -0.381968
v -0.025644 0.133841 -6.26985e-08
vn 0.998133 -0.0610813 -1.01054e-06
v -0.0254117 0.135718 -6.27805e-08
vn 0.998075 -0.0620207 -4.03865e-06
v -0.023692 0.133841 0.00981348
vn 0.922155 -0.0610797 -0.381968
v -0.025644 0.133841 -6.26985e-08
vn 0.998133 -0.0610813 -1.01054e-06
v -0.023692 0.133841 0.00981348
vn 0.922155 -0.0610797 -0.381968
v -0.023692 0.131964 0.00981348
vn 0.810464 0.480051 -0.335707
v -0.025644 0.131964 -6.26164e-08
vn 0.877241 0.480051 -1.83016e-06
v -0.025644 0.133841 -6.26985e-08
vn 0.998133 -0.0610813 -1.01054e-06
v -0.023692 0.131964 0.00981348
vn 0.810464 0.480051 -0.335707
v -0.0235915 0.0470954 -3.28297e-08
vn 0.744916 -0.667158 -1.21947e-06
v -0.02749 0.0453148 -3.27519e-08
vn 0.241749 -0.970339 -5.05233e-07
v -0.0253974 0.0453148 -0.01052
vn 0.223348 -0.970339 0.0925134
v -0.0253974 0.0453148 -0.01052
vn 0.223348 -0.970339 0.0925134
v -0.0217957 0.0470954 -0.00902813
vn 0.688213 -0.667158 0.285068
v -0.0235915 0.0470954 -3.28297e-08
vn 0.744916 -0.667158 -1.21947e-06
v -0.0217957 0.0470954 -0.00902813
vn 0.688213 -0.667158 0.285068
v -0.0253974 0.0453148 -0.01052
vn 0.223348 -0.970339 0.0925134
v -0.0194384 0.0453148 -0.0194384
vn 0.170943 -0.970339 0.170942
v -0.0194384 0.0453148 -0.0194384
vn 0.170943 -0.970339 0.170942
v -0.0166817 0.0470954 -0.0166818
vn 0.526734 -0.667158 0.526736
v -0.0217957 0.0470954 -0.00902813
vn 0.688213 -0.667158 0.285068
v -0.0166817 0.0470954 -0.0166818
vn 0.526734 -0.667158 0.526736
v -0.0194384 0.0453148 -0.0194384
vn 0.170943 -0.970339 0.170942
v -0.01052 0.0453148 -0.0253975
vn 0.0925133 -0.970339 0.223348
v -0.01052 0.0453148 -0.0253975
vn 0.0925133 -0.970339 0.223348
v -0.0090281 0.0470954 -0.0217958
vn 0.285068 -0.667159 0.688212
v -0.0166817 0.0470954 -0.0166818
vn 0.526734 -0.667158 0.526736
v -0.0090281 0.0470954 -0.0217958
vn 0.285068 -0.667159 0.688212
v -0.01052 0.0453148 -0.0253975
vn 0.0925133 -0.970339 0.223348
v -7.91624e-09 0.0453148 -0.02749
vn 4.54949e-08 -0.970338 0.241751
v -7.91624e-09 0.0453148 -0.02749
vn 4.54949e-08 -0.970338 0.241751
v -7.91624e-09 0.0470954 -0.0235916
vn 1.47968e-07 -0.667158 0.744916
v -0.0090281 0.0470954 -0.0217958
vn 0.285068 -0.667159 0.688212
v -7.91624e-09 0.0470954 -0.0235916
vn 1.47968e-07 -0.667158 0.744916
v -7.91624e-09 0.0453148 -0.02749
vn 4.54949e-08 -0.970338 0.241751
v 0.0105199 0.0453148 -0.0253975
vn -0.0925136 -0.970338 0.223349
v 0.0105199 0.0453148 -0.0253975
vn -0.0925136 -0.970338 0.223349
v 0.00902807 0.0470954 -0.0217958
vn -0.285067 -0.667157 0.688214
v -7.91624e-09 0.0470954 -0.0235916
vn 1.47968e-07 -0.667158 0.744916
v 0.00902807 0.0470954 -0.0217958
vn -0.285067 -0.667157 0.688214
v 0.0105199 0.0453148 -0.0253975
vn -0.0925136 -0.970338 0.223349
v 0.0194383 0.0453148 -0.0194384
vn -0.170943 -0.970339 0.170941
v 0.0194383 0.0453148 -0.0194384
vn -0.170943 -0.970339 0.170941
v 0.0166817 0.0470954 -0.0166818
vn -0.526736 -0.667159 0.526733
v 0.00902807 0.0470954 -0.0217958
vn -0.285067 -0.667157 0.688214
v 0.0166817 0.0470954 -0.0166818
vn -0.526736 -0.667159 0.526733
v 0.0194383 0.0453148 -0.0194384
vn -0.170943 -0.970339 0.170941
v 0.0253974 0.0453148 -0.01052
vn -0.223348 -0.970339 0.0925129
v 0.0253974 0.0453148 -0.01052
vn -0.223348 -0.970339 0.0925129
v 0.0217957 0.0470954 -0.00902813
vn -0.688213 -0.667158 0.285066
v 0.0166817 0.0470954 -0.0166818
vn -0.526736 -0.667159 0.526733
v 0.0217957 0.0470954 -0.00902813
vn -0.688213 -0.667158 0.285066
v 0.0253974 0.0453148 -0.01052
vn -0.223348 -0.970339 0.0925129
v 0.02749 0.0453148 -3.27519e-08
vn -0.24175 -0.970339 3.43606e-07
v 0.02749 0.0453148 -3.27519e-08
vn -0.24175 -0.970339 3.43606e-07
v 0.0235915 0.0470954 -3.28297e-08
vn -0.744916 -0.667158 -4.33701e-07
v 0.0217957 0.0470954 -0.00902813
vn -0.688213 -0.667158 0.285066
v 0.0235915 0.0470954 -3.28297e-08
vn -0.744916 -0.667158 -4.33701e-07
v 0.02749 0.0453148 -3.27519e-08
vn -0.24175 -0.970339 3.43606e-07
v 0.0253974 0.0453148 0.0105199
vn -0.223345 -0.970339 -0.0925126
v 0.0253974 0.0453148 0.0105199
vn -0.223345 -0.970339 -0.0925126
v 0.0217957 0.0470954 0.00902803
vn -0.688213 -0.667158 -0.285066
v 0.0235915 0.0470954 -3.28297e-08
vn -0.744916 -0.667158 -4.33701e-07
v 0.0217957 0.0470954 0.00902803
vn -0.688213 -0.667158 -0.285066
v 0.0253974 0.0453148 0.0105199
vn -0.223345 -0.970339 -0.0925126
v 0.0194383 0.0453148 0.0194383
vn -0.170942 -0.970339 -0.170943
v 0.0194383 0.0453148 0.0194383
vn -0.170942 -0.970339 -0.170943
v 0.0166817 0.0470954 0.0166817
vn -0.526735 -0.667157 -0.526738
v 0.0217957 0.0470954 0.00902803
vn -0.688213 -0.667158 -0.285066
v 0.0166817 0.0470954 0.0166817
vn -0.526735 -0.667157 -0.526738
v 0.0194383 0.0453148 0.0194383
vn -0.170942 -0.970339 -0.170943
v 0.0105199 0.0453148 0.0253974
vn -0.0925125 -0.97034 -0.223344
v 0.0105199 0.0453148 0.0253974
vn -0.0925125 -0.97034 -0.223344
v 0.00902807 0.0470954 0.0217957
vn -0.285066 -0.667157 -0.688215
v 0.0166817 0.0470954 0.0166817
vn -0.526735 -0.667157 -0.526738
v 0.00902807 0.0470954 0.0217957
vn -0.285066 -0.667157 -0.688215
v 0.0105199 0.0453148 0.0253974
vn -0.0925125 -0.97034 -0.223344
v -1.39698e-09 0.0453148 0.0274899
vn -2.45433e-07 -0.970339 -0.241748
v -1.39698e-09 0.0453148 0.0274899
vn -2.45433e-07 -0.970339 -0.241748
v -1.39698e-09 0.0470954 0.0235915
vn -4.49008e-07 -0.667156 -0.744918
v 0.00902807 0.0470954 0.0217957
vn -0.285066 -0.667157 -0.688215
v -1.39698e-09 0.0470954 0.0235915
vn -4.49008e-07 -0.667156 -0.744918
v -1.39698e-09 0.0453148 0.0274899
vn -2.45433e-07 -0.970339 -0.241748
v -0.01052 0.0453148 0.0253974
vn 0.0925126 -0.97034 -0.223344
v -0.01052 0.0453148 0.0253974
vn 0.0925126 -0.97034 -0.223344
v -0.0090281 0.0470954 0.0217957
vn 0.285067 -0.667158 -0.688213
v -1.39698e-09 0.0470954 0.0235915
vn -4.49008e-07 -0.667156 -0.744918
v -0.0090281 0.0470954 0.0217957
vn 0.285067 -0.667158 -0.688213
v -0.01052 0.0453148 0.0253974
vn 0.0925126 -0.97034 -0.223344
v -0.0194384 0.0453148 0.0194383
vn 0.170941 -0.970339 -0.17094
v -0.0194384 0.0453148 0.0194383
vn 0.170941 -0.970339 -0.17094
v -0.0166817 0.0470954 0.0166817
vn 0.526736 -0.667159 -0.526734
v -0.0090281 0.0470954 0.0217957
vn 0.285067 -0.667158 -0.688213
v -0.0166817 0.0470954 0.0166817
vn 0.526736 -0.667159 -0.526734
v -0.0194384 0.0453148 0.0194383
vn 0.170941 -0.970339 -0.17094
v -0.0253974 0.0453148 0.0105199
vn 0.223345 -0.970339 -0.092512
v -0.0253974 0.0453148 0.0105199
vn 0.223345 -0.970339 -0.092512
v -0.0217957 0.0470954 0.00902803
vn 0.688213 -0.667159 -0.285065
v -0.0166817 0.0470954 0.0166817
vn 0.526736 -0.667159 -0.526734
v -0.0217957 0.0470954 0.00902803
vn 0.688213 -0.667159 -0.285065
v -0.0253974 0.0453148 0.0105199
vn 0.223345 -0.970339 -0.092512
v -0.02749 0.0453148 -3.27519e-08
vn 0.241749 -0.970339 -5.05233e-07
v -0.02749 0.0453148 -3.27519e-08
vn 0.241749 -0.970339 -5.05233e-07
v -0.0235915 0.0470954 -3.28297e-08
vn 0.744916 -0.667158 -1.21947e-06
v -0.0217957 0.0470954 0.00902803
vn 0.688213 -0.667159 -0.285065
v -0.0108881 0.143079 -0.0108882
vn 0.29502 -0.908802 0.295028
v -0.00589263 0.143079 -0.0142261
vn 0.159665 -0.908806 0.38546
v -2.09548e-08 0.143079 -0.0153982
vn 3.69478e-07 -0.908808 0.417215
v -2.09548e-08 0.143079 -0.0153982
vn 3.69478e-07 -0.908808 0.417215
v 0.00589259 0.143079 -0.0142261
vn -0.159661 -0.908804 0.385465
v 0.0108881 0.143079 -0.0108882
vn -0.295019 -0.908806 0.295017
v 0.0108881 0.143079 -0.0108882
vn -0.295019 -0.908806 0.295017
v 0.014226 0.143079 -0.00589272
vn -0.385464 -0.908804 0.159663
v 0.0153981 0.143079 -1.15256e-07
vn -0.417221 -0.908805 -1.62466e-06
v -2.09548e-08 0.143079 -0.0153982
vn 3.69478e-07 -0.908808 0.417215
v 0.0108881 0.143079 -0.0108882
vn -0.295019 -0.908806 0.295017
v 0.0153981 0.143079 -1.15256e-07
vn -0.417221 -0.908805 -1.62466e-06
v 0.0153981 0.143079 -1.15256e-07
vn -0.417221 -0.908805 -1.62466e-06
v 0.014226 0.143079 0.0058925
vn -0.385464 -0.908804 -0.159668
v 0.0108881 0.143079 0.010888
vn -0.295021 -0.908805 -0.295019
v 0.0108881 0.143079 0.010888
vn -0.295021 -0.908805 -0.295019
v 0.0058926 0.143079 0.0142259
vn -0.159666 -0.908806 -0.385458
v 5.3551e-09 0.143079 0.015398
vn -6.23665e-07 -0.908796 -0.417241
v 0.0153981 0.143079 -1.15256e-07
vn -0.417221 -0.908805 -1.62466e-06
v 0.0108881 0.143079 0.010888
vn -0.295021 -0.908805 -0.295019
v 5.3551e-09 0.143079 0.015398
vn -6.23665e-07 -0.908796 -0.417241
v 5.3551e-09 0.143079 0.015398
vn -6.23665e-07 -0.908796 -0.417241
v -0.0058926 0.143079 0.0142259
vn 0.159667 -0.908805 -0.385459
v -0.0108881 0.143079 0.010888
vn 0.295022 -0.908805 -0.295018
v -0.0108881 0.143079 0.010888
vn 0.295022 -0.908805 -0.295018
v -0.014226 0.143079 0.00589253
vn 0.385461 -0.908806 -0.159663
v -0.0153981 0.143079 -7.14842e-08
vn 0.417219 -0.908806 -2.62041e-07
v 5.3551e-09 0.143079 0.015398
vn -6.23665e-07 -0.908796 -0.417241
v -0.0108881 0.143079 0.010888
vn 0.295022 -0.908805 -0.295018
v -0.0153981 0.143079 -7.14842e-08
vn 0.417219 -0.908806 -2.62041e-07
v 0.0153981 0.143079 -1.15256e-07
vn -0.417221 -0.908805 -1.62466e-06
v 5.3551e-09 0.143079 0.015398
vn -6.23665e-07 -0.908796 -0.417241
v -0.0153981 0.143079 -7.14842e-08
vn 0.417219 -0.908806 -2.62041e-07
v -2.09548e-08 0.143079 -0.0153982
vn 3.69478e-07 -0.908808 0.417215
v 0.0153981 0.143079 -1.15256e-07
vn -0.417221 -0.908805 -1.62466e-06
v -0.0153981 0.143079 -7.14842e-08
vn 0.417219 -0.908806 -2.62041e-07
v -0.0108881 0.143079 -0.0108882
vn 0.29502 -0.908802 0.295028
v -2.09548e-08 0.143079 -0.0153982
vn 3.69478e-07 -0.908808 0.417215
v -0.0153981 0.143079 -7.14842e-08
vn 0.417219 -0.908806 -2.62041e-07
v -0.014226 0.143079 -0.00589268
vn 0.385462 -0.908805 0.159664
v -0.0108881 0.143079 -0.0108882
vn 0.29502 -0.908802 0.295028
v -0.0153981 0.143079 -7.14842e-08
vn 0.417219 -0.908806 -2.62041e-07
v -0.0254117 0.136318 -6.28068e-08
vn 0.817463 -0.575982 -6.58078e-06
v -0.0234773 0.136318 -0.00972469
vn 0.755232 -0.575982 0.31284
v -0.0195336 0.137444 -0.00809116
vn 0.433572 -0.883042 0.179591
v -0.0195336 0.137444 -0.00809116
vn 0.433572 -0.883042 0.179591
v -0.0211431 0.137444 -7.12379e-08
vn 0.469295 -0.883041 1.08441e-06
v -0.0254117 0.136318 -6.28068e-08
vn 0.817463 -0.575982 -6.58078e-06
v -0.0211431 0.137444 -7.12379e-08
vn 0.469295 -0.883041 1.08441e-06
v -0.0195336 0.137444 -0.00809116
vn 0.433572 -0.883042 0.179591
v -0.0184721 0.138571 -0.00765146
vn 0.646916 -0.71393 0.267963
v -0.0163491 0.140825 -0.00677207
vn 0.646917 -0.713929 0.267963
v -0.0176961 0.140825 -7.13857e-08
vn 0.700216 -0.713931 3.99879e-07
v -0.0188451 0.139698 -7.13364e-08
vn 0.700215 -0.713932 -9.96106e-07
v -0.0174106 0.139698 -0.00721176
vn 0.646916 -0.71393 0.267962
v -0.0163491 0.140825 -0.00677207
vn 0.646917 -0.713929 0.267963
v -0.0188451 0.139698 -7.13364e-08
vn 0.700215 -0.713932 -9.96106e-07
v -0.0174106 0.139698 -0.00721176
vn 0.646916 -0.71393 0.267962
v -0.0188451 0.139698 -7.13364e-08
vn 0.700215 -0.713932 -9.96106e-07
v -0.0199941 0.138571 -7.12872e-08
vn 0.700217 -0.713931 4.99849e-07
v -0.0184721 0.138571 -0.00765146
vn 0.646916 -0.71393 0.267963
v -0.0174106 0.139698 -0.00721176
vn 0.646916 -0.71393 0.267962
v -0.0199941 0.138571 -7.12872e-08
vn 0.700217 -0.713931 4.99849e-07
v -0.0211431 0.137444 -7.12379e-08
vn 0.469295 -0.883041 1.08441e-06
v -0.0184721 0.138571 -0.00765146
vn 0.646916 -0.71393 0.267963
v -0.0199941 0.138571 -7.12872e-08
vn 0.700217 -0.713931 4.99849e-07
v -0.0234773 0.136318 -0.00972469
vn 0.755232 -0.575982 0.31284
v -0.0179688 0.136318 -0.0179688
vn 0.578029 -0.57598 0.578039
v -0.0149504 0.137444 -0.0149505
vn 0.331844 -0.88304 0.331843
v -0.0149504 0.137444 -0.0149505
vn 0.331844 -0.88304 0.331843
v -0.0195336 0.137444 -0.00809116
vn 0.433572 -0.883042 0.179591
v -0.0234773 0.136318 -0.00972469
vn 0.755232 -0.575982 0.31284
v -0.0195336 0.137444 -0.00809116
vn 0.433572 -0.883042 0.179591
v -0.0149504 0.137444 -0.0149505
vn 0.331844 -0.88304 0.331843
v -0.014138 0.138571 -0.014138
vn 0.495127 -0.713926 0.495135
v -0.012513 0.140825 -0.0125131
vn 0.495129 -0.713933 0.495122
v -0.0163491 0.140825 -0.00677207
vn 0.646917 -0.713929 0.267963
v -0.0174106 0.139698 -0.00721176
vn 0.646916 -0.71393 0.267962
v -0.0133255 0.139698 -0.0133256
vn 0.495129 -0.713932 0.495125
v -0.012513 0.140825 -0.0125131
vn 0.495129 -0.713933 0.495122
v -0.0174106 0.139698 -0.00721176
vn 0.646916 -0.71393 0.267962
v -0.0133255 0.139698 -0.0133256
vn 0.495129 -0.713932 0.495125
v -0.0174106 0.139698 -0.00721176
vn 0.646916 -0.71393 0.267962
v -0.0184721 0.138571 -0.00765146
vn 0.646916 -0.71393 0.267963
v -0.014138 0.138571 -0.014138
vn 0.495127 -0.713926 0.495135
v -0.0133255 0.139698 -0.0133256
vn 0.495129 -0.713932 0.495125
v -0.0184721 0.138571 -0.00765146
vn 0.646916 -0.71393 0.267963
v -0.0195336 0.137444 -0.00809116
vn 0.433572 -0.883042 0.179591
v -0.014138 0.138571 -0.014138
vn 0.495127 -0.713926 0.495135
v -0.0184721 0.138571 -0.00765146
vn 0.646916 -0.71393 0.267963
v -0.0179688 0.136318 -0.0179688
vn 0.578029 -0.57598 0.578039
v -0.00972464 0.136318 -0.0234774
vn 0.312829 -0.575981 0.755237
v -0.00809112 0.137444 -0.0195337
vn 0.179594 -0.883041 0.433573
v -0.00809112 0.137444 -0.0195337
vn 0.179594 -0.883041 0.433573
v -0.0149504 0.137444 -0.0149505
vn 0.331844 -0.88304 0.331843
v -0.0179688 0.136318 -0.0179688
vn 0.578029 -0.57598 0.578039
v -0.0149504 0.137444 -0.0149505
vn 0.331844 -0.88304 0.331843
v -0.00809112 0.137444 -0.0195337
vn 0.179594 -0.883041 0.433573
v -0.00765142 0.138571 -0.0184722
vn 0.267962 -0.713931 0.646915
v -0.00677202 0.140825 -0.0163491
vn 0.267959 -0.713922 0.646926
v -0.012513 0.140825 -0.0125131
vn 0.495129 -0.713933 0.495122
v -0.0133255 0.139698 -0.0133256
vn 0.495129 -0.713932 0.495125
v -0.00721172 0.139698 -0.0174107
vn 0.267959 -0.713935 0.646912
v -0.00677202 0.140825 -0.0163491
vn 0.267959 -0.713922 0.646926
v -0.0133255 0.139698 -0.0133256
vn 0.495129 -0.713932 0.495125
v -0.00721172 0.139698 -0.0174107
vn 0.267959 -0.713935 0.646912
v -0.0133255 0.139698 -0.0133256
vn 0.495129 -0.713932 0.495125
v -0.014138 0.138571 -0.014138
vn 0.495127 -0.713926 0.495135
v -0.00765142 0.138571 -0.0184722
vn 0.267962 -0.713931 0.646915
v -0.00721172 0.139698 -0.0174107
vn 0.267959 -0.713935 0.646912
v -0.014138 0.138571 -0.014138
vn 0.495127 -0.713926 0.495135
v -0.0149504 0.137444 -0.0149505
vn 0.331844 -0.88304 0.331843
v -0.00765142 0.138571 -0.0184722
vn 0.267962 -0.713931 0.646915
v -0.014138 0.138571 -0.014138
vn 0.495127 -0.713926 0.495135
v -0.00972464 0.136318 -0.0234774
vn 0.312829 -0.575981 0.755237
v -2.95695e-08 0.136318 -0.0254117
vn 1.54664e-05 -0.575979 0.817464
v -2.53785e-08 0.137444 -0.0211431
vn 1.27607e-06 -0.883043 0.469292
v -2.53785e-08 0.137444 -0.0211431
vn 1.27607e-06 -0.883043 0.469292
v -0.00809112 0.137444 -0.0195337
vn 0.179594 -0.883041 0.433573
v -0.00972464 0.136318 -0.0234774
vn 0.312829 -0.575981 0.755237
v -0.00809112 0.137444 -0.0195337
vn 0.179594 -0.883041 0.433573
v -2.53785e-08 0.137444 -0.0211431
vn 1.27607e-06 -0.883043 0.469292
v -2.53785e-08 0.138571 -0.0199941
vn 7.63841e-07 -0.713931 0.700216
v -2.53785e-08 0.140825 -0.0176962
vn 2.62615e-06 -0.713934 0.700213
v -0.00677202 0.140825 -0.0163491
vn 0.267959 -0.713922 0.646926
v -0.00721172 0.139698 -0.0174107
vn 0.267959 -0.713935 0.646912
v -2.53785e-08 0.139698 -0.0188452
vn -1.74798e-07 -0.713938 0.700209
v -2.53785e-08 0.140825 -0.0176962
vn 2.62615e-06 -0.713934 0.700213
v -0.00721172 0.139698 -0.0174107
vn 0.267959 -0.713935 0.646912
v -2.53785e-08 0.139698 -0.0188452
vn -1.74798e-07 -0.713938 0.700209
v -0.00721172 0.139698 -0.0174107
vn 0.267959 -0.713935 0.646912
v -0.00765142 0.138571 -0.0184722
vn 0.267962 -0.713931 0.646915
v -2.53785e-08 0.138571 -0.0199941
vn 7.63841e-07 -0.713931 0.700216
v -2.53785e-08 0.139698 -0.0188452
vn -1.74798e-07 -0.713938 0.700209
v -0.00765142 0.138571 -0.0184722
vn 0.267962 -0.713931 0.646915
v -0.00809112 0.137444 -0.0195337
vn 0.179594 -0.883041 0.433573
v -2.53785e-08 0.138571 -0.0199941
vn 7.63841e-07 -0.713931 0.700216
v -0.00765142 0.138571 -0.0184722
vn 0.267962 -0.713931 0.646915
v -2.95695e-08 0.136318 -0.0254117
vn 1.54664e-05 -0.575979 0.817464
v 0.00972459 0.136318 -0.0234774
vn -0.312829 -0.575972 0.755245
v 0.00809108 0.137444 -0.0195337
vn -0.179592 -0.88304 0.433575
v 0.00809108 0.137444 -0.0195337
vn -0.179592 -0.88304 0.433575
v -2.53785e-08 0.137444 -0.0211431
vn 1.27607e-06 -0.883043 0.469292
v -2.95695e-08 0.136318 -0.0254117
vn 1.54664e-05 -0.575979 0.817464
v -2.53785e-08 0.137444 -0.0211431
vn 1.27607e-06 -0.883043 0.469292
v 0.00809108 0.137444 -0.0195337
vn -0.179592 -0.88304 0.433575
v 0.00765137 0.138571 -0.0184722
vn -0.26796 -0.713927 0.64692
v 0.00677198 0.140825 -0.0163492
vn -0.267961 -0.713935 0.646911
v -2.53785e-08 0.140825 -0.0176962
vn 2.62615e-06 -0.713934 0.700213
v -2.53785e-08 0.139698 -0.0188452
vn -1.74798e-07 -0.713938 0.700209
v 0.00721168 0.139698 -0.0174107
vn -0.267961 -0.713939 0.646906
v 0.00677198 0.140825 -0.0163492
vn -0.267961 -0.713935 0.646911
v -2.53785e-08 0.139698 -0.0188452
vn -1.74798e-07 -0.713938 0.700209
v 0.00721168 0.139698 -0.0174107
vn -0.267961 -0.713939 0.646906
v -2.53785e-08 0.139698 -0.0188452
vn -1.74798e-07 -0.713938 0.700209
v -2.53785e-08 0.138571 -0.0199941
vn 7.63841e-07 -0.713931 0.700216
v 0.00765137 0.138571 -0.0184722
vn -0.26796 -0.713927 0.64692
v 0.00721168 0.139698 -0.0174107
vn -0.267961 -0.713939 0.646906
v -2.53785e-08 0.138571 -0.0199941
vn 7.63841e-07 -0.713931 0.700216
v -2.53785e-08 0.137444 -0.0211431
vn 1.27607e-06 -0.883043 0.469292
v 0.00765137 0.138571 -0.0184722
vn -0.26796 -0.713927 0.64692
v -2.53785e-08 0.138571 -0.0199941
vn 7.63841e-07 -0.713931 0.700216
v 0.00972459 0.136318 -0.0234774
vn -0.312829 -0.575972 0.755245
v 0.0179687 0.136318 -0.0179689
vn -0.578033 -0.575974 0.578041
v 0.0149504 0.137444 -0.0149505
vn -0.331842 -0.883042 0.33184
v 0.0149504 0.137444 -0.0149505
vn -0.331842 -0.883042 0.33184
v 0.00809108 0.137444 -0.0195337
vn -0.179592 -0.88304 0.433575
v 0.00972459 0.136318 -0.0234774
vn -0.312829 -0.575972 0.755245
v 0.00809108 0.137444 -0.0195337
vn -0.179592 -0.88304 0.433575
v 0.0149504 0.137444 -0.0149505
vn -0.331842 -0.883042 0.33184
v 0.0141379 0.138571 -0.014138
vn -0.495126 -0.713931 0.495128
v 0.012513 0.140825 -0.0125131
vn -0.495126 -0.713929 0.495131
v 0.00677198 0.140825 -0.0163492
vn -0.267961 -0.713935 0.646911
v 0.00721168 0.139698 -0.0174107
vn -0.267961 -0.713939 0.646906
v 0.0133255 0.139698 -0.0133256
vn -0.495128 -0.713929 0.495129
v 0.012513 0.140825 -0.0125131
vn -0.495126 -0.713929 0.495131
v 0.00721168 0.139698 -0.0174107
vn -0.267961 -0.713939 0.646906
v 0.0133255 0.139698 -0.0133256
vn -0.495128 -0.713929 0.495129
v 0.00721168 0.139698 -0.0174107
vn -0.267961 -0.713939 0.646906
v 0.00765137 0.138571 -0.0184722
vn -0.26796 -0.713927 0.64692
v 0.0141379 0.138571 -0.014138
vn -0.495126 -0.713931 0.495128
v 0.0133255 0.139698 -0.0133256
vn -0.495128 -0.713929 0.495129
v 0.00765137 0.138571 -0.0184722
vn -0.26796 -0.713927 0.64692
v 0.00809108 0.137444 -0.0195337
vn -0.179592 -0.88304 0.433575
v 0.0141379 0.138571 -0.014138
vn -0.495126 -0.713931 0.495128
v 0.00765137 0.138571 -0.0184722
vn -0.26796 -0.713927 0.64692
v 0.0179687 0.136318 -0.0179689
vn -0.578033 -0.575974 0.578041
v 0.0234773 0.136318 -0.00972473
vn -0.755235 -0.575987 0.312826
v 0.0195336 0.137444 -0.0080912
vn -0.433572 -0.883042 0.179587
v 0.0195336 0.137444 -0.0080912
vn -0.433572 -0.883042 0.179587
v 0.0149504 0.137444 -0.0149505
vn -0.331842 -0.883042 0.33184
v 0.0179687 0.136318 -0.0179689
vn -0.578033 -0.575974 0.578041
v 0.0149504 0.137444 -0.0149505
vn -0.331842 -0.883042 0.33184
v 0.0195336 0.137444 -0.0080912
vn -0.433572 -0.883042 0.179587
v 0.0184721 0.138571 -0.0076515
vn -0.646916 -0.71393 0.267962
v 0.016349 0.140825 -0.00677211
vn -0.646916 -0.713931 0.267961
v 0.012513 0.140825 -0.0125131
vn -0.495126 -0.713929 0.495131
v 0.0133255 0.139698 -0.0133256
vn -0.495128 -0.713929 0.495129
v 0.0174106 0.139698 -0.0072118
vn -0.646916 -0.71393 0.267962
v 0.016349 0.140825 -0.00677211
vn -0.646916 -0.713931 0.267961
v 0.0133255 0.139698 -0.0133256
vn -0.495128 -0.713929 0.495129
v 0.0174106 0.139698 -0.0072118
vn -0.646916 -0.71393 0.267962
v 0.0133255 0.139698 -0.0133256
vn -0.495128 -0.713929 0.495129
v 0.0141379 0.138571 -0.014138
vn -0.495126 -0.713931 0.495128
v 0.0184721 0.138571 -0.0076515
vn -0.646916 -0.71393 0.267962
v 0.0174106 0.139698 -0.0072118
vn -0.646916 -0.71393 0.267962
v 0.0141379 0.138571 -0.014138
vn -0.495126 -0.713931 0.495128
v 0.0149504 0.137444 -0.0149505
vn -0.331842 -0.883042 0.33184
v 0.0184721 0.138571 -0.0076515
vn -0.646916 -0.71393 0.267962
v 0.0141379 0.138571 -0.014138
vn -0.495126 -0.713931 0.495128
v 0.0234773 0.136318 -0.00972473
vn -0.755235 -0.575987 0.312826
v 0.0254116 0.136318 -1.05648e-07
vn -0.817463 -0.575982 1.35397e-06
v 0.021143 0.137444 -1.1501e-07
vn -0.469294 -0.883042 -5.7981e-07
v 0.021143 0.137444 -1.1501e-07
vn -0.469294 -0.883042 -5.7981e-07
v 0.0195336 0.137444 -0.0080912
vn -0.433572 -0.883042 0.179587
v 0.0234773 0.136318 -0.00972473
vn -0.755235 -0.575987 0.312826
v 0.0195336 0.137444 -0.0080912
vn -0.433572 -0.883042 0.179587
v 0.021143 0.137444 -1.1501e-07
vn -0.469294 -0.883042 -5.7981e-07
v 0.0199941 0.138571 -1.15059e-07
vn -0.700217 -0.71393 6.12989e-07
v 0.0176961 0.140825 -1.15158e-07
vn -0.700217 -0.71393 -6.69858e-07
v 0.016349 0.140825 -0.00677211
vn -0.646916 -0.713931 0.267961
v 0.0174106 0.139698 -0.0072118
vn -0.646916 -0.71393 0.267962
v 0.0188451 0.139698 -1.15109e-07
vn -0.700216 -0.713931 1.00089e-06
v 0.0176961 0.140825 -1.15158e-07
vn -0.700217 -0.71393 -6.69858e-07
v 0.0174106 0.139698 -0.0072118
vn -0.646916 -0.71393 0.267962
v 0.0188451 0.139698 -1.15109e-07
vn -0.700216 -0.713931 1.00089e-06
v 0.0174106 0.139698 -0.0072118
vn -0.646916 -0.71393 0.267962
v 0.0184721 0.138571 -0.0076515
vn -0.646916 -0.71393 0.267962
v 0.0199941 0.138571 -1.15059e-07
vn -0.700217 -0.71393 6.12989e-07
v 0.0188451 0.139698 -1.15109e-07
vn -0.700216 -0.713931 1.00089e-06
v 0.0184721 0.138571 -0.0076515
vn -0.646916 -0.71393 0.267962
v 0.0195336 0.137444 -0.0080912
vn -0.433572 -0.883042 0.179587
v 0.0199941 0.138571 -1.15059e-07
vn -0.700217 -0.71393 6.12989e-07
v 0.0184721 0.138571 -0.0076515
vn -0.646916 -0.71393 0.267962
v 0.0254116 0.136318 -1.05648e-07
vn -0.817463 -0.575982 1.35397e-06
v 0.0234773 0.136318 0.00972451
vn -0.75524 -0.575984 -0.312818
v 0.0195336 0.137444 0.00809098
vn -0.433572 -0.883042 -0.179591
v 0.0195336 0.137444 0.00809098
vn -0.433572 -0.883042 -0.179591
v 0.021143 0.137444 -1.1501e-07
vn -0.469294 -0.883042 -5.7981e-07
v 0.0254116 0.136318 -1.05648e-07
vn -0.817463 -0.575982 1.35397e-06
v 0.021143 0.137444 -1.1501e-07
vn -0.469294 -0.883042 -5.7981e-07
v 0.0195336 0.137444 0.00809098
vn -0.433572 -0.883042 -0.179591
v 0.0184721 0.138571 0.00765129
vn -0.646916 -0.71393 -0.267962
v 0.0163491 0.140825 0.00677189
vn -0.646917 -0.713929 -0.267962
v 0.0176961 0.140825 -1.15158e-07
vn -0.700217 -0.71393 -6.69858e-07
v 0.0188451 0.139698 -1.15109e-07
vn -0.700216 -0.713931 1.00089e-06
v 0.0174106 0.139698 0.00721158
vn -0.646916 -0.713931 -0.26796
v 0.0163491 0.140825 0.00677189
vn -0.646917 -0.713929 -0.267962
v 0.0188451 0.139698 -1.15109e-07
vn -0.700216 -0.713931 1.00089e-06
v 0.0174106 0.139698 0.00721158
vn -0.646916 -0.713931 -0.26796
v 0.0188451 0.139698 -1.15109e-07
vn -0.700216 -0.713931 1.00089e-06
v 0.0199941 0.138571 -1.15059e-07
vn -0.700217 -0.71393 6.12989e-07
v 0.0184721 0.138571 0.00765129
vn -0.646916 -0.71393 -0.267962
v 0.0174106 0.139698 0.00721158
vn -0.646916 -0.713931 -0.26796
v 0.0199941 0.138571 -1.15059e-07
vn -0.700217 -0.71393 6.12989e-07
v 0.021143 0.137444 -1.1501e-07
vn -0.469294 -0.883042 -5.7981e-07
v 0.0184721 0.138571 0.00765129
vn -0.646916 -0.71393 -0.267962
v 0.0199941 0.138571 -1.15059e-07
vn -0.700217 -0.71393 6.12989e-07
v 0.0234773 0.136318 0.00972451
vn -0.75524 -0.575984 -0.312818
v 0.0179687 0.136318 0.0179686
vn -0.578028 -0.575994 -0.578027
v 0.0149504 0.137444 0.0149503
vn -0.331842 -0.883043 -0.331837
v 0.0149504 0.137444 0.0149503
vn -0.331842 -0.883043 -0.331837
v 0.0195336 0.137444 0.00809098
vn -0.433572 -0.883042 -0.179591
v 0.0234773 0.136318 0.00972451
vn -0.75524 -0.575984 -0.312818
v 0.0195336 0.137444 0.00809098
vn -0.433572 -0.883042 -0.179591
v 0.0149504 0.137444 0.0149503
vn -0.331842 -0.883043 -0.331837
v 0.0141379 0.138571 0.0141378
vn -0.495127 -0.71393 -0.495129
v 0.012513 0.140825 0.0125129
vn -0.495132 -0.713932 -0.495121
v 0.0163491 0.140825 0.00677189
vn -0.646917 -0.713929 -0.267962
v 0.0174106 0.139698 0.00721158
vn -0.646916 -0.713931 -0.26796
v 0.0133255 0.139698 0.0133254
vn -0.495129 -0.713931 -0.495125
v 0.012513 0.140825 0.0125129
vn -0.495132 -0.713932 -0.495121
v 0.0174106 0.139698 0.00721158
vn -0.646916 -0.713931 -0.26796
v 0.0133255 0.139698 0.0133254
vn -0.495129 -0.713931 -0.495125
v 0.0174106 0.139698 0.00721158
vn -0.646916 -0.713931 -0.26796
v 0.0184721 0.138571 0.00765129
vn -0.646916 -0.71393 -0.267962
v 0.0141379 0.138571 0.0141378
vn -0.495127 -0.71393 -0.495129
v 0.0133255 0.139698 0.0133254
vn -0.495129 -0.713931 -0.495125
v 0.0184721 0.138571 0.00765129
vn -0.646916 -0.71393 -0.267962
v 0.0195336 0.137444 0.00809098
vn -0.433572 -0.883042 -0.179591
v 0.0141379 0.138571 0.0141378
vn -0.495127 -0.71393 -0.495129
v 0.0184721 0.138571 0.00765129
vn -0.646916 -0.71393 -0.267962
v 0.0179687 0.136318 0.0179686
vn -0.578028 -0.575994 -0.578027
v 0.00972462 0.136318 0.0234772
vn -0.312817 -0.575977 -0.755246
v 0.0080911 0.137445 0.0195335
vn -0.179591 -0.883045 -0.433565
v 0.0080911 0.137445 0.0195335
vn -0.179591 -0.883045 -0.433565
v 0.0149504 0.137444 0.0149503
vn -0.331842 -0.883043 -0.331837
v 0.0179687 0.136318 0.0179686
vn -0.578028 -0.575994 -0.578027
v 0.0149504 0.137444 0.0149503
vn -0.331842 -0.883043 -0.331837
v 0.0080911 0.137445 0.0195335
vn -0.179591 -0.883045 -0.433565
v 0.0076514 0.138571 0.018472
vn -0.267959 -0.713936 -0.64691
v 0.006772 0.140825 0.016349
vn -0.267961 -0.713929 -0.646917
v 0.012513 0.140825 0.0125129
vn -0.495132 -0.713932 -0.495121
v 0.0133255 0.139698 0.0133254
vn -0.495129 -0.713931 -0.495125
v 0.0072117 0.139698 0.0174105
vn -0.267962 -0.713931 -0.646915
v 0.006772 0.140825 0.016349
vn -0.267961 -0.713929 -0.646917
v 0.0133255 0.139698 0.0133254
vn -0.495129 -0.713931 -0.495125
v 0.0072117 0.139698 0.0174105
vn -0.267962 -0.713931 -0.646915
v 0.0133255 0.139698 0.0133254
vn -0.495129 -0.713931 -0.495125
v 0.0141379 0.138571 0.0141378
vn -0.495127 -0.71393 -0.495129
v 0.0076514 0.138571 0.018472
vn -0.267959 -0.713936 -0.64691
v 0.0072117 0.139698 0.0174105
vn -0.267962 -0.713931 -0.646915
v 0.0141379 0.138571 0.0141378
vn -0.495127 -0.71393 -0.495129
v 0.0149504 0.137444 0.0149503
vn -0.331842 -0.883043 -0.331837
v 0.0076514 0.138571 0.018472
vn -0.267959 -0.713936 -0.64691
v 0.0141379 0.138571 0.0141378
vn -0.495127 -0.71393 -0.495129
v 0.00972462 0.136318 0.0234772
vn -0.312817 -0.575977 -0.755246
v 1.83936e-08 0.136318 0.0254116
vn 2.89376e-06 -0.575979 -0.817465
v 9.54606e-09 0.137445 0.021143
vn -8.83055e-07 -0.883045 -0.469289
v 9.54606e-09 0.137445 0.021143
vn -8.83055e-07 -0.883045 -0.469289
v 0.0080911 0.137445 0.0195335
vn -0.179591 -0.883045 -0.433565
v 0.00972462 0.136318 0.0234772
vn -0.312817 -0.575977 -0.755246
v 0.0080911 0.137445 0.0195335
vn -0.179591 -0.883045 -0.433565
v 9.54606e-09 0.137445 0.021143
vn -8.83055e-07 -0.883045 -0.469289
v 9.54606e-09 0.138571 0.019994
vn -5.91437e-07 -0.713939 -0.700208
v 9.54606e-09 0.140825 0.017696
vn -1.6079e-06 -0.713929 -0.700218
v 0.006772 0.140825 0.016349
vn -0.267961 -0.713929 -0.646917
v 0.0072117 0.139698 0.0174105
vn -0.267962 -0.713931 -0.646915
v 9.54606e-09 0.139698 0.018845
vn -9.26667e-07 -0.71393 -0.700217
v 9.54606e-09 0.140825 0.017696
vn -1.6079e-06 -0.713929 -0.700218
v 0.0072117 0.139698 0.0174105
vn -0.267962 -0.713931 -0.646915
v 9.54606e-09 0.139698 0.018845
vn -9.26667e-07 -0.71393 -0.700217
v 0.0072117 0.139698 0.0174105
vn -0.267962 -0.713931 -0.646915
v 0.0076514 0.138571 0.018472
vn -0.267959 -0.713936 -0.64691
v 9.54606e-09 0.138571 0.019994
vn -5.91437e-07 -0.713939 -0.700208
v 9.54606e-09 0.139698 0.018845
vn -9.26667e-07 -0.71393 -0.700217
v 0.0076514 0.138571 0.018472
vn -0.267959 -0.713936 -0.64691
v 0.0080911 0.137445 0.0195335
vn -0.179591 -0.883045 -0.433565
v 9.54606e-09 0.138571 0.019994
vn -5.91437e-07 -0.713939 -0.700208
v 0.0076514 0.138571 0.018472
vn -0.267959 -0.713936 -0.64691
v 1.83936e-08 0.136318 0.0254116
vn 2.89376e-06 -0.575979 -0.817465
v -0.0097246 0.136318 0.0234772
vn 0.312834 -0.575986 -0.755231
v -0.00809108 0.137445 0.0195335
vn 0.179592 -0.883041 -0.433572
v -0.00809108 0.137445 0.0195335
vn 0.179592 -0.883041 -0.433572
v 9.54606e-09 0.137445 0.021143
vn -8.83055e-07 -0.883045 -0.469289
v 1.83936e-08 0.136318 0.0254116
vn 2.89376e-06 -0.575979 -0.817465
v 9.54606e-09 0.137445 0.021143
vn -8.83055e-07 -0.883045 -0.469289
v -0.00809108 0.137445 0.0195335
vn 0.179592 -0.883041 -0.433572
v -0.00765139 0.138571 0.018472
vn 0.26796 -0.713936 -0.64691
v -0.00677199 0.140825 0.016349
vn 0.26796 -0.713931 -0.646915
v 9.54606e-09 0.140825 0.017696
vn -1.6079e-06 -0.713929 -0.700218
v 9.54606e-09 0.139698 0.018845
vn -9.26667e-07 -0.71393 -0.700217
v -0.00721169 0.139698 0.0174105
vn 0.267963 -0.713938 -0.646907
v -0.00677199 0.140825 0.016349
vn 0.26796 -0.713931 -0.646915
v 9.54606e-09 0.139698 0.018845
vn -9.26667e-07 -0.71393 -0.700217
v -0.00721169 0.139698 0.0174105
vn 0.267963 -0.713938 -0.646907
v 9.54606e-09 0.139698 0.018845
vn -9.26667e-07 -0.71393 -0.700217
v 9.54606e-09 0.138571 0.019994
vn -5.91437e-07 -0.713939 -0.700208
v -0.00765139 0.138571 0.018472
vn 0.26796 -0.713936 -0.64691
v -0.00721169 0.139698 0.0174105
vn 0.267963 -0.713938 -0.646907
v 9.54606e-09 0.138571 0.019994
vn -5.91437e-07 -0.713939 -0.700208
v 9.54606e-09 0.137445 0.021143
vn -8.83055e-07 -0.883045 -0.469289
v -0.00765139 0.138571 0.018472
vn 0.26796 -0.713936 -0.64691
v 9.54606e-09 0.138571 0.019994
vn -5.91437e-07 -0.713939 -0.700208
v -0.0097246 0.136318 0.0234772
vn 0.312834 -0.575986 -0.755231
v -0.0179688 0.136318 0.0179687
vn 0.578035 -0.575983 -0.578031
v -0.0149504 0.137444 0.0149503
vn 0.331841 -0.883041 -0.331843
v -0.0149504 0.137444 0.0149503
vn 0.331841 -0.883041 -0.331843
v -0.00809108 0.137445 0.0195335
vn 0.179592 -0.883041 -0.433572
v -0.0097246 0.136318 0.0234772
vn 0.312834 -0.575986 -0.755231
v -0.00809108 0.137445 0.0195335
vn 0.179592 -0.883041 -0.433572
v -0.0149504 0.137444 0.0149503
vn 0.331841 -0.883041 -0.331843
v -0.0141379 0.138571 0.0141379
vn 0.495128 -0.713928 -0.495132
v -0.012513 0.140825 0.0125129
vn 0.495125 -0.713926 -0.495137
v -0.00677199 0.140825 0.016349
vn 0.26796 -0.713931 -0.646915
v -0.00721169 0.139698 0.0174105
vn 0.267963 -0.713938 -0.646907
v -0.0133255 0.139698 0.0133254
vn 0.495127 -0.713929 -0.495131
v -0.012513 0.140825 0.0125129
vn 0.495125 -0.713926 -0.495137
v -0.00721169 0.139698 0.0174105
vn 0.267963 -0.713938 -0.646907
v -0.0133255 0.139698 0.0133254
vn 0.495127 -0.713929 -0.495131
v -0.00721169 0.139698 0.0174105
vn 0.267963 -0.713938 -0.646907
v -0.00765139 0.138571 0.018472
vn 0.26796 -0.713936 -0.64691
v -0.0141379 0.138571 0.0141379
vn 0.495128 -0.713928 -0.495132
v -0.0133255 0.139698 0.0133254
vn 0.495127 -0.713929 -0.495131
v -0.00765139 0.138571 0.018472
vn 0.26796 -0.713936 -0.64691
v -0.00809108 0.137445 0.0195335
vn 0.179592 -0.883041 -0.433572
v -0.0141379 0.138571 0.0141379
vn 0.495128 -0.713928 -0.495132
v -0.00765139 0.138571 0.018472
vn 0.26796 -0.713936 -0.64691
v -0.0179688 0.136318 0.0179687
vn 0.578035 -0.575983 -0.578031
v -0.0234773 0.136318 0.00972455
vn 0.755234 -0.575983 -0.312834
v -0.0195336 0.137444 0.00809102
vn 0.43357 -0.883042 -0.179593
v -0.0195336 0.137444 0.00809102
vn 0.43357 -0.883042 -0.179593
v -0.0149504 0.137444 0.0149503
vn 0.331841 -0.883041 -0.331843
v -0.0179688 0.136318 0.0179687
vn 0.578035 -0.575983 -0.578031
v -0.0149504 0.137444 0.0149503
vn 0.331841 -0.883041 -0.331843
v -0.0195336 0.137444 0.00809102
vn 0.43357 -0.883042 -0.179593
v -0.0184721 0.138571 0.00765133
vn 0.646915 -0.71393 -0.267964
v -0.0163491 0.140825 0.00677193
vn 0.646915 -0.713931 -0.26796
v -0.012513 0.140825 0.0125129
vn 0.495125 -0.713926 -0.495137
v -0.0133255 0.139698 0.0133254
vn 0.495127 -0.713929 -0.495131
v -0.0174106 0.139698 0.00721163
vn 0.646917 -0.713931 -0.267959
v -0.0163491 0.140825 0.00677193
vn 0.646915 -0.713931 -0.26796
v -0.0133255 0.139698 0.0133254
vn 0.495127 -0.713929 -0.495131
v -0.0174106 0.139698 0.00721163
vn 0.646917 -0.713931 -0.267959
v -0.0133255 0.139698 0.0133254
vn 0.495127 -0.713929 -0.495131
v -0.0141379 0.138571 0.0141379
vn 0.495128 -0.713928 -0.495132
v -0.0184721 0.138571 0.00765133
vn 0.646915 -0.71393 -0.267964
v -0.0174106 0.139698 0.00721163
vn 0.646917 -0.713931 -0.267959
v -0.0141379 0.138571 0.0141379
vn 0.495128 -0.713928 -0.495132
v -0.0149504 0.137444 0.0149503
vn 0.331841 -0.883041 -0.331843
v -0.0184721 0.138571 0.00765133
vn 0.646915 -0.71393 -0.267964
v -0.0141379 0.138571 0.0141379
vn 0.495128 -0.713928 -0.495132
v -0.0234773 0.136318 0.00972455
vn 0.755234 -0.575983 -0.312834
v -0.0254117 0.136318 -6.28068e-08
vn 0.817463 -0.575982 -6.58078e-06
v -0.0211431 0.137444 -7.12379e-08
vn 0.469295 -0.883041 1.08441e-06
v -0.0211431 0.137444 -7.12379e-08
vn 0.469295 -0.883041 1.08441e-06
v -0.0195336 0.137444 0.00809102
vn 0.43357 -0.883042 -0.179593
v -0.0234773 0.136318 0.00972455
vn 0.755234 -0.575983 -0.312834
v -0.0195336 0.137444 0.00809102
vn 0.43357 -0.883042 -0.179593
v -0.0211431 0.137444 -7.12379e-08
vn 0.469295 -0.883041 1.08441e-06
v -0.0199941 0.138571 -7.12872e-08
vn 0.700217 -0.713931 4.99849e-07
v -0.0176961 0.140825 -7.13857e-08
vn 0.700216 -0.713931 3.99879e-07
v -0.0163491 0.140825 0.00677193
vn 0.646915 -0.713931 -0.26796
v -0.0174106 0.139698 0.00721163
vn 0.646917 -0.713931 -0.267959
v -0.0188451 0.139698 -7.13364e-08
vn 0.700215 -0.713932 -9.96106e-07
v -0.0176961 0.140825 -7.13857e-08
vn 0.700216 -0.713931 3.99879e-07
v -0.0174106 0.139698 0.00721163
vn 0.646917 -0.713931 -0.267959
v -0.0188451 0.139698 -7.13364e-08
vn 0.700215 -0.713932 -9.96106e-07
v -0.0174106 0.139698 0.00721163
vn 0.646917 -0.713931 -0.267959
v -0.0184721 0.138571 0.00765133
vn 0.646915 -0.71393 -0.267964
v -0.0199941 0.138571 -7.12872e-08
vn 0.700217 -0.713931 4.99849e-07
v -0.0188451 0.139698 -7.13364e-08
vn 0.700215 -0.713932 -9.96106e-07
v -0.0184721 0.138571 0.00765133
vn 0.646915 -0.71393 -0.267964
v -0.0195336 0.137444 0.00809102
vn 0.43357 -0.883042 -0.179593
v -0.0199941 0.138571 -7.12872e-08
vn 0.700217 -0.713931 4.99849e-07
v -0.0184721 0.138571 0.00765133
vn 0.646915 -0.71393 -0.267964
v -0.0108881 0.143079 -0.0108882
vn 0.29502 -0.908802 0.295028
v -0.014226 0.143079 -0.00589268
vn 0.385462 -0.908805 0.159664
v -0.0152875 0.141952 -0.00633238
vn 0.646913 -0.713933 0.26796
v -0.0152875 0.141952 -0.00633238
vn 0.646913 -0.713933 0.26796
v -0.0117006 0.141952 -0.0117006
vn 0.495126 -0.713934 0.495124
v -0.0108881 0.143079 -0.0108882
vn 0.29502 -0.908802 0.295028
v -0.0117006 0.141952 -0.0117006
vn 0.495126 -0.713934 0.495124
v -0.0152875 0.141952 -0.00633238
vn 0.646913 -0.713933 0.26796
v -0.0163491 0.140825 -0.00677207
vn 0.646917 -0.713929 0.267963
v -0.0163491 0.140825 -0.00677207
vn 0.646917 -0.713929 0.267963
v -0.012513 0.140825 -0.0125131
vn 0.495129 -0.713933 0.495122
v -0.0117006 0.141952 -0.0117006
vn 0.495126 -0.713934 0.495124
v -0.00589263 0.143079 -0.0142261
vn 0.159665 -0.908806 0.38546
v -0.0108881 0.143079 -0.0108882
vn 0.29502 -0.908802 0.295028
v -0.0117006 0.141952 -0.0117006
vn 0.495126 -0.713934 0.495124
v -0.0117006 0.141952 -0.0117006
vn 0.495126 -0.713934 0.495124
v -0.00633232 0.141952 -0.0152876
vn 0.26796 -0.713925 0.646922
v -0.00589263 0.143079 -0.0142261
vn 0.159665 -0.908806 0.38546
v -0.00633232 0.141952 -0.0152876
vn 0.26796 -0.713925 0.646922
v -0.0117006 0.141952 -0.0117006
vn 0.495126 -0.713934 0.495124
v -0.012513 0.140825 -0.0125131
vn 0.495129 -0.713933 0.495122
v -0.012513 0.140825 -0.0125131
vn 0.495129 -0.713933 0.495122
v -0.00677202 0.140825 -0.0163491
vn 0.267959 -0.713922 0.646926
v -0.00633232 0.141952 -0.0152876
vn 0.26796 -0.713925 0.646922
v -2.09548e-08 0.143079 -0.0153982
vn 3.69478e-07 -0.908808 0.417215
v -0.00589263 0.143079 -0.0142261
vn 0.159665 -0.908806 0.38546
v -0.00633232 0.141952 -0.0152876
vn 0.26796 -0.713925 0.646922
v -0.00633232 0.141952 -0.0152876
vn 0.26796 -0.713925 0.646922
v -2.53785e-08 0.141952 -0.0165472
vn 2.60041e-06 -0.713933 0.700214
v -2.09548e-08 0.143079 -0.0153982
vn 3.69478e-07 -0.908808 0.417215
v -2.53785e-08 0.141952 -0.0165472
vn 2.60041e-06 -0.713933 0.700214
v -0.00633232 0.141952 -0.0152876
vn 0.26796 -0.713925 0.646922
v -0.00677202 0.140825 -0.0163491
vn 0.267959 -0.713922 0.646926
v -0.00677202 0.140825 -0.0163491
vn 0.267959 -0.713922 0.646926
v -2.53785e-08 0.140825 -0.0176962
vn 2.62615e-06 -0.713934 0.700213
v -2.53785e-08 0.141952 -0.0165472
vn 2.60041e-06 -0.713933 0.700214
v 0.00589259 0.143079 -0.0142261
vn -0.159661 -0.908804 0.385465
v -2.09548e-08 0.143079 -0.0153982
vn 3.69478e-07 -0.908808 0.417215
v -2.53785e-08 0.141952 -0.0165472
vn 2.60041e-06 -0.713933 0.700214
v -2.53785e-08 0.141952 -0.0165472
vn 2.60041e-06 -0.713933 0.700214
v 0.00633228 0.141952 -0.0152876
vn -0.267958 -0.713927 0.646921
v 0.00589259 0.143079 -0.0142261
vn -0.159661 -0.908804 0.385465
v 0.00633228 0.141952 -0.0152876
vn -0.267958 -0.713927 0.646921
v -2.53785e-08 0.141952 -0.0165472
vn 2.60041e-06 -0.713933 0.700214
v -2.53785e-08 0.140825 -0.0176962
vn 2.62615e-06 -0.713934 0.700213
v -2.53785e-08 0.140825 -0.0176962
vn 2.62615e-06 -0.713934 0.700213
v 0.00677198 0.140825 -0.0163492
vn -0.267961 -0.713935 0.646911
v 0.00633228 0.141952 -0.0152876
vn -0.267958 -0.713927 0.646921
v 0.0108881 0.143079 -0.0108882
vn -0.295019 -0.908806 0.295017
v 0.00589259 0.143079 -0.0142261
vn -0.159661 -0.908804 0.385465
v 0.00633228 0.141952 -0.0152876
vn -0.267958 -0.713927 0.646921
v 0.00633228 0.141952 -0.0152876
vn -0.267958 -0.713927 0.646921
v 0.0117006 0.141952 -0.0117007
vn -0.495123 -0.713934 0.495127
v 0.0108881 0.143079 -0.0108882
vn -0.295019 -0.908806 0.295017
v 0.0117006 0.141952 -0.0117007
vn -0.495123 -0.713934 0.495127
v 0.00633228 0.141952 -0.0152876
vn -0.267958 -0.713927 0.646921
v 0.00677198 0.140825 -0.0163492
vn -0.267961 -0.713935 0.646911
v 0.00677198 0.140825 -0.0163492
vn -0.267961 -0.713935 0.646911
v 0.012513 0.140825 -0.0125131
vn -0.495126 -0.713929 0.495131
v 0.0117006 0.141952 -0.0117007
vn -0.495123 -0.713934 0.495127
v 0.014226 0.143079 -0.00589272
vn -0.385464 -0.908804 0.159663
v 0.0108881 0.143079 -0.0108882
vn -0.295019 -0.908806 0.295017
v 0.0117006 0.141952 -0.0117007
vn -0.495123 -0.713934 0.495127
v 0.0117006 0.141952 -0.0117007
vn -0.495123 -0.713934 0.495127
v 0.0152875 0.141952 -0.00633241
vn -0.646913 -0.713933 0.267961
v 0.014226 0.143079 -0.00589272
vn -0.385464 -0.908804 0.159663
v 0.0152875 0.141952 -0.00633241
vn -0.646913 -0.713933 0.267961
v 0.0117006 0.141952 -0.0117007
vn -0.495123 -0.713934 0.495127
v 0.012513 0.140825 -0.0125131
vn -0.495126 -0.713929 0.495131
v 0.012513 0.140825 -0.0125131
vn -0.495126 -0.713929 0.495131
v 0.016349 0.140825 -0.00677211
vn -0.646916 -0.713931 0.267961
v 0.0152875 0.141952 -0.00633241
vn -0.646913 -0.713933 0.267961
v 0.0153981 0.143079 -1.15256e-07
vn -0.417221 -0.908805 -1.62466e-06
v 0.014226 0.143079 -0.00589272
vn -0.385464 -0.908804 0.159663
v 0.0152875 0.141952 -0.00633241
vn -0.646913 -0.713933 0.267961
v 0.0152875 0.141952 -0.00633241
vn -0.646913 -0.713933 0.267961
v 0.0165471 0.141952 -1.15207e-07
vn -0.700214 -0.713933 6.70457e-07
v 0.0153981 0.143079 -1.15256e-07
vn -0.417221 -0.908805 -1.62466e-06
v 0.0165471 0.141952 -1.15207e-07
vn -0.700214 -0.713933 6.70457e-07
v 0.0152875 0.141952 -0.00633241
vn -0.646913 -0.713933 0.267961
v 0.016349 0.140825 -0.00677211
vn -0.646916 -0.713931 0.267961
v 0.016349 0.140825 -0.00677211
vn -0.646916 -0.713931 0.267961
v 0.0176961 0.140825 -1.15158e-07
vn -0.700217 -0.71393 -6.69858e-07
v 0.0165471 0.141952 -1.15207e-07
vn -0.700214 -0.713933 6.70457e-07
v 0.014226 0.143079 0.0058925
vn -0.385464 -0.908804 -0.159668
v 0.0153981 0.143079 -1.15256e-07
vn -0.417221 -0.908805 -1.62466e-06
v 0.0165471 0.141952 -1.15207e-07
vn -0.700214 -0.713933 6.70457e-07
v 0.0165471 0.141952 -1.15207e-07
vn -0.700214 -0.713933 6.70457e-07
v 0.0152875 0.141952 0.00633219
vn -0.646914 -0.713935 -0.267953
v 0.014226 0.143079 0.0058925
vn -0.385464 -0.908804 -0.159668
v 0.0152875 0.141952 0.00633219
vn -0.646914 -0.713935 -0.267953
v 0.0165471 0.141952 -1.15207e-07
vn -0.700214 -0.713933 6.70457e-07
v 0.0176961 0.140825 -1.15158e-07
vn -0.700217 -0.71393 -6.69858e-07
v 0.0176961 0.140825 -1.15158e-07
vn -0.700217 -0.71393 -6.69858e-07
v 0.0163491 0.140825 0.00677189
vn -0.646917 -0.713929 -0.267962
v 0.0152875 0.141952 0.00633219
vn -0.646914 -0.713935 -0.267953
v 0.0108881 0.143079 0.010888
vn -0.295021 -0.908805 -0.295019
v 0.014226 0.143079 0.0058925
vn -0.385464 -0.908804 -0.159668
v 0.0152875 0.141952 0.00633219
vn -0.646914 -0.713935 -0.267953
v 0.0152875 0.141952 0.00633219
vn -0.646914 -0.713935 -0.267953
v 0.0117006 0.141952 0.0117005
vn -0.495128 -0.713935 -0.495121
v 0.0108881 0.143079 0.010888
vn -0.295021 -0.908805 -0.295019
v 0.0117006 0.141952 0.0117005
vn -0.495128 -0.713935 -0.495121
v 0.0152875 0.141952 0.00633219
vn -0.646914 -0.713935 -0.267953
v 0.0163491 0.140825 0.00677189
vn -0.646917 -0.713929 -0.267962
v 0.0163491 0.140825 0.00677189
vn -0.646917 -0.713929 -0.267962
v 0.012513 0.140825 0.0125129
vn -0.495132 -0.713932 -0.495121
v 0.0117006 0.141952 0.0117005
vn -0.495128 -0.713935 -0.495121
v 0.0058926 0.143079 0.0142259
vn -0.159666 -0.908806 -0.385458
v 0.0108881 0.143079 0.010888
vn -0.295021 -0.908805 -0.295019
v 0.0117006 0.141952 0.0117005
vn -0.495128 -0.713935 -0.495121
v 0.0117006 0.141952 0.0117005
vn -0.495128 -0.713935 -0.495121
v 0.0063323 0.141952 0.0152874
vn -0.267961 -0.713928 -0.646919
v 0.0058926 0.143079 0.0142259
vn -0.159666 -0.908806 -0.385458
v 0.0063323 0.141952 0.0152874
vn -0.267961 -0.713928 -0.646919
v 0.0117006 0.141952 0.0117005
vn -0.495128 -0.713935 -0.495121
v 0.012513 0.140825 0.0125129
vn -0.495132 -0.713932 -0.495121
v 0.012513 0.140825 0.0125129
vn -0.495132 -0.713932 -0.495121
v 0.006772 0.140825 0.016349
vn -0.267961 -0.713929 -0.646917
v 0.0063323 0.141952 0.0152874
vn -0.267961 -0.713928 -0.646919
v 5.3551e-09 0.143079 0.015398
vn -6.23665e-07 -0.908796 -0.417241
v 0.0058926 0.143079 0.0142259
vn -0.159666 -0.908806 -0.385458
v 0.0063323 0.141952 0.0152874
vn -0.267961 -0.713928 -0.646919
v 0.0063323 0.141952 0.0152874
vn -0.267961 -0.713928 -0.646919
v 9.54606e-09 0.141952 0.016547
vn 3.23256e-07 -0.713924 -0.700223
v 5.3551e-09 0.143079 0.015398
vn -6.23665e-07 -0.908796 -0.417241
v 9.54606e-09 0.141952 0.016547
vn 3.23256e-07 -0.713924 -0.700223
v 0.0063323 0.141952 0.0152874
vn -0.267961 -0.713928 -0.646919
v 0.006772 0.140825 0.016349
vn -0.267961 -0.713929 -0.646917
v 0.006772 0.140825 0.016349
vn -0.267961 -0.713929 -0.646917
v 9.54606e-09 0.140825 0.017696
vn -1.6079e-06 -0.713929 -0.700218
v 9.54606e-09 0.141952 0.016547
vn 3.23256e-07 -0.713924 -0.700223
v -0.0058926 0.143079 0.0142259
vn 0.159667 -0.908805 -0.385459
v 5.3551e-09 0.143079 0.015398
vn -6.23665e-07 -0.908796 -0.417241
v 9.54606e-09 0.141952 0.016547
vn 3.23256e-07 -0.713924 -0.700223
v 9.54606e-09 0.141952 0.016547
vn 3.23256e-07 -0.713924 -0.700223
v -0.0063323 0.141952 0.0152874
vn 0.267964 -0.713938 -0.646906
v -0.0058926 0.143079 0.0142259
vn 0.159667 -0.908805 -0.385459
v -0.0063323 0.141952 0.0152874
vn 0.267964 -0.713938 -0.646906
v 9.54606e-09 0.141952 0.016547
vn 3.23256e-07 -0.713924 -0.700223
v 9.54606e-09 0.140825 0.017696
vn -1.6079e-06 -0.713929 -0.700218
v 9.54606e-09 0.140825 0.017696
vn -1.6079e-06 -0.713929 -0.700218
v -0.00677199 0.140825 0.016349
vn 0.26796 -0.713931 -0.646915
v -0.0063323 0.141952 0.0152874
vn 0.267964 -0.713938 -0.646906
v -0.0108881 0.143079 0.010888
vn 0.295022 -0.908805 -0.295018
v -0.0058926 0.143079 0.0142259
vn 0.159667 -0.908805 -0.385459
v -0.0063323 0.141952 0.0152874
vn 0.267964 -0.713938 -0.646906
v -0.0063323 0.141952 0.0152874
vn 0.267964 -0.713938 -0.646906
v -0.0117006 0.141952 0.0117005
vn 0.495126 -0.713933 -0.495127
v -0.0108881 0.143079 0.010888
vn 0.295022 -0.908805 -0.295018
v -0.0117006 0.141952 0.0117005
vn 0.495126 -0.713933 -0.495127
v -0.0063323 0.141952 0.0152874
vn 0.267964 -0.713938 -0.646906
v -0.00677199 0.140825 0.016349
vn 0.26796 -0.713931 -0.646915
v -0.00677199 0.140825 0.016349
vn 0.26796 -0.713931 -0.646915
v -0.012513 0.140825 0.0125129
vn 0.495125 -0.713926 -0.495137
v -0.0117006 0.141952 0.0117005
vn 0.495126 -0.713933 -0.495127
v -0.014226 0.143079 0.00589253
vn 0.385461 -0.908806 -0.159663
v -0.0108881 0.143079 0.010888
vn 0.295022 -0.908805 -0.295018
v -0.0117006 0.141952 0.0117005
vn 0.495126 -0.713933 -0.495127
v -0.0117006 0.141952 0.0117005
vn 0.495126 -0.713933 -0.495127
v -0.0152875 0.141952 0.00633223
vn 0.646913 -0.713935 -0.267957
v -0.014226 0.143079 0.00589253
vn 0.385461 -0.908806 -0.159663
v -0.0152875 0.141952 0.00633223
vn 0.646913 -0.713935 -0.267957
v -0.0117006 0.141952 0.0117005
vn 0.495126 -0.713933 -0.495127
v -0.012513 0.140825 0.0125129
vn 0.495125 -0.713926 -0.495137
v -0.012513 0.140825 0.0125129
vn 0.495125 -0.713926 -0.495137
v -0.0163491 0.140825 0.00677193
vn 0.646915 -0.713931 -0.26796
v -0.0152875 0.141952 0.00633223
vn 0.646913 -0.713935 -0.267957
v -0.0153981 0.143079 -7.14842e-08
vn 0.417219 -0.908806 -2.62041e-07
v -0.014226 0.143079 0.00589253
vn 0.385461 -0.908806 -0.159663
v -0.0152875 0.141952 0.00633223
vn 0.646913 -0.713935 -0.267957
v -0.0152875 0.141952 0.00633223
vn 0.646913 -0.713935 -0.267957
v -0.0165471 0.141952 -7.1435e-08
vn 0.700212 -0.713935 -1.82221e-06
v -0.0153981 0.143079 -7.14842e-08
vn 0.417219 -0.908806 -2.62041e-07
v -0.0165471 0.141952 -7.1435e-08
vn 0.700212 -0.713935 -1.82221e-06
v -0.0152875 0.141952 0.00633223
vn 0.646913 -0.713935 -0.267957
v -0.0163491 0.140825 0.00677193
vn 0.646915 -0.713931 -0.26796
v -0.0163491 0.140825 0.00677193
vn 0.646915 -0.713931 -0.26796
v -0.0176961 0.140825 -7.13857e-08
vn 0.700216 -0.713931 3.99879e-07
v -0.0165471 0.141952 -7.1435e-08
vn 0.700212 -0.713935 -1.82221e-06
v -0.014226 0.143079 -0.00589268
vn 0.385462 -0.908805 0.159664
v -0.0153981 0.143079 -7.14842e-08
vn 0.417219 -0.908806 -2.62041e-07
v -0.0165471 0.141952 -7.1435e-08
vn 0.700212 -0.713935 -1.82221e-06
v -0.0165471 0.141952 -7.1435e-08
vn 0.700212 -0.713935 -1.82221e-06
v -0.0152875 0.141952 -0.00633238
vn 0.646913 -0.713933 0.26796
v -0.014226 0.143079 -0.00589268
vn 0.385462 -0.908805 0.159664
v -0.0152875 0.141952 -0.00633238
vn 0.646913 -0.713933 0.26796
v -0.0165471 0.141952 -7.1435e-08
vn 0.700212 -0.713935 -1.82221e-06
v -0.0176961 0.140825 -7.13857e-08
vn 0.700216 -0.713931 3.99879e-07
v -0.0176961 0.140825 -7.13857e-08
vn 0.700216 -0.713931 3.99879e-07
v -0.0163491 0.140825 -0.00677207
vn 0.646917 -0.713929 0.267963
v -0.0152875 0.141952 -0.00633238
vn 0.646913 -0.713933 0.26796
v -0.022292 0.0522948 -4.14389e-08
vn 0.992278 -0.124033 -9.11536e-08
v -0.0235915 0.0470954 -3.28297e-08
vn 0.744916 -0.667158 -1.21947e-06
v -0.0217957 0.0470954 -0.00902813
vn 0.688213 -0.667158 0.285068
v -0.022292 0.0522948 -4.14389e-08
vn 0.992278 -0.124033 -9.11536e-08
v -0.0217957 0.0470954 -0.00902813
vn 0.688213 -0.667158 0.285068
v -0.0205952 0.0522948 -0.00853084
vn 0.916745 -0.124032 0.379729
v -0.022292 0.0522948 -4.14389e-08
vn 0.992278 -0.124033 -9.11536e-08
v -0.0205952 0.0522948 -0.00853084
vn 0.916745 -0.124032 0.379729
v -0.0205952 0.130087 -0.00853084
vn 0.780444 0.535167 0.32327
v -0.022292 0.130087 -6.25344e-08
vn 0.844746 0.535167 -5.53553e-08
v -0.022292 0.0522948 -4.14389e-08
vn 0.992278 -0.124033 -9.11536e-08
v -0.0205952 0.130087 -0.00853084
vn 0.780444 0.535167 0.32327
v -0.0205952 0.0522948 -0.00853084
vn 0.916745 -0.124032 0.379729
v -0.0217957 0.0470954 -0.00902813
vn 0.688213 -0.667158 0.285068
v -0.0166817 0.0470954 -0.0166818
vn 0.526734 -0.667158 0.526736
v -0.0205952 0.0522948 -0.00853084
vn 0.916745 -0.124032 0.379729
v -0.0166817 0.0470954 -0.0166818
vn 0.526734 -0.667158 0.526736
v -0.0157629 0.0522948 -0.0157629
vn 0.701646 -0.124032 0.701647
v -0.0205952 0.0522948 -0.00853084
vn 0.916745 -0.124032 0.379729
v -0.0157629 0.0522948 -0.0157629
vn 0.701646 -0.124032 0.701647
v -0.0157629 0.130087 -0.0157629
vn 0.597326 0.535167 0.597326
v -0.0205952 0.130087 -0.00853084
vn 0.780444 0.535167 0.32327
v -0.0205952 0.0522948 -0.00853084
vn 0.916745 -0.124032 0.379729
v -0.0157629 0.130087 -0.0157629
vn 0.597326 0.535167 0.597326
v -0.0157629 0.0522948 -0.0157629
vn 0.701646 -0.124032 0.701647
v -0.0166817 0.0470954 -0.0166818
vn 0.526734 -0.667158 0.526736
v -0.0090281 0.0470954 -0.0217958
vn 0.285068 -0.667159 0.688212
v -0.0157629 0.0522948 -0.0157629
vn 0.701646 -0.124032 0.701647
v -0.0090281 0.0470954 -0.0217958
vn 0.285068 -0.667159 0.688212
v -0.00853081 0.0522948 -0.0205952
vn 0.379729 -0.124031 0.916745
v -0.0157629 0.0522948 -0.0157629
vn 0.701646 -0.124032 0.701647
v -0.00853081 0.0522948 -0.0205952
vn 0.379729 -0.124031 0.916745
v -0.00853081 0.130087 -0.0205952
vn 0.323271 0.535168 0.780443
v -0.0157629 0.130087 -0.0157629
vn 0.597326 0.535167 0.597326
v -0.0157629 0.0522948 -0.0157629
vn 0.701646 -0.124032 0.701647
v -0.00853081 0.130087 -0.0205952
vn 0.323271 0.535168 0.780443
v -0.00853081 0.0522948 -0.0205952
vn 0.379729 -0.124031 0.916745
v -0.0090281 0.0470954 -0.0217958
vn 0.285068 -0.667159 0.688212
v -7.91624e-09 0.0470954 -0.0235916
vn 1.47968e-07 -0.667158 0.744916
v -0.00853081 0.0522948 -0.0205952
vn 0.379729 -0.124031 0.916745
v -7.91624e-09 0.0470954 -0.0235916
vn 1.47968e-07 -0.667158 0.744916
v -7.91624e-09 0.0522948 -0.0222921
vn -4.75858e-07 -0.124033 0.992278
v -0.00853081 0.0522948 -0.0205952
vn 0.379729 -0.124031 0.916745
v -7.91624e-09 0.0522948 -0.0222921
vn -4.75858e-07 -0.124033 0.992278
v -1.44355e-08 0.130087 -0.0222921
vn 5.27196e-09 0.535174 0.844742
v -0.00853081 0.130087 -0.0205952
vn 0.323271 0.535168 0.780443
v -0.00853081 0.0522948 -0.0205952
vn 0.379729 -0.124031 0.916745
v -1.44355e-08 0.130087 -0.0222921
vn 5.27196e-09 0.535174 0.844742
v -7.91624e-09 0.0522948 -0.0222921
vn -4.75858e-07 -0.124033 0.992278
v -7.91624e-09 0.0470954 -0.0235916
vn 1.47968e-07 -0.667158 0.744916
v 0.00902807 0.0470954 -0.0217958
vn -0.285067 -0.667157 0.688214
v -7.91624e-09 0.0522948 -0.0222921
vn -4.75858e-07 -0.124033 0.992278
v 0.00902807 0.0470954 -0.0217958
vn -0.285067 -0.667157 0.688214
v 0.00853078 0.0522948 -0.0205952
vn -0.379729 -0.124032 0.916745
v -7.91624e-09 0.0522948 -0.0222921
vn -4.75858e-07 -0.124033 0.992278
v 0.00853078 0.0522948 -0.0205952
vn -0.379729 -0.124032 0.916745
v 0.00853078 0.130087 -0.0205952
vn -0.323271 0.535168 0.780443
v -1.44355e-08 0.130087 -0.0222921
vn 5.27196e-09 0.535174 0.844742
v -7.91624e-09 0.0522948 -0.0222921
vn -4.75858e-07 -0.124033 0.992278
v 0.00853078 0.130087 -0.0205952
vn -0.323271 0.535168 0.780443
v 0.00853078 0.0522948 -0.0205952
vn -0.379729 -0.124032 0.916745
v 0.00902807 0.0470954 -0.0217958
vn -0.285067 -0.667157 0.688214
v 0.0166817 0.0470954 -0.0166818
vn -0.526736 -0.667159 0.526733
v 0.00853078 0.0522948 -0.0205952
vn -0.379729 -0.124032 0.916745
v 0.0166817 0.0470954 -0.0166818
vn -0.526736 -0.667159 0.526733
v 0.0157628 0.0522948 -0.0157629
vn -0.701647 -0.124032 0.701647
v 0.00853078 0.0522948 -0.0205952
vn -0.379729 -0.124032 0.916745
v 0.0157628 0.0522948 -0.0157629
vn -0.701647 -0.124032 0.701647
v 0.0157628 0.130087 -0.0157629
vn -0.597326 0.535168 0.597325
v 0.00853078 0.130087 -0.0205952
vn -0.323271 0.535168 0.780443
v 0.00853078 0.0522948 -0.0205952
vn -0.379729 -0.124032 0.916745
v 0.0157628 0.130087 -0.0157629
vn -0.597326 0.535168 0.597325
v 0.0157628 0.0522948 -0.0157629
vn -0.701647 -0.124032 0.701647
v 0.0166817 0.0470954 -0.0166818
vn -0.526736 -0.667159 0.526733
v 0.0217957 0.0470954 -0.00902813
vn -0.688213 -0.667158 0.285066
v 0.0157628 0.0522948 -0.0157629
vn -0.701647 -0.124032 0.701647
v 0.0217957 0.0470954 -0.00902813
vn -0.688213 -0.667158 0.285066
v 0.0205951 0.0522948 -0.00853086
vn -0.916745 -0.124031 0.379729
v 0.0157628 0.0522948 -0.0157629
vn -0.701647 -0.124032 0.701647
v 0.0205951 0.0522948 -0.00853086
vn -0.916745 -0.124031 0.379729
v 0.0205951 0.130087 -0.00853088
vn -0.780443 0.535167 0.323273
v 0.0157628 0.130087 -0.0157629
vn -0.597326 0.535168 0.597325
v 0.0157628 0.0522948 -0.0157629
vn -0.701647 -0.124032 0.701647
v 0.0205951 0.130087 -0.00853088
vn -0.780443 0.535167 0.323273
v 0.0205951 0.0522948 -0.00853086
vn -0.916745 -0.124031 0.379729
v 0.0217957 0.0470954 -0.00902813
vn -0.688213 -0.667158 0.285066
v 0.0235915 0.0470954 -3.28297e-08
vn -0.744916 -0.667158 -4.33701e-07
v 0.0205951 0.0522948 -0.00853086
vn -0.916745 -0.124031 0.379729
v 0.0235915 0.0470954 -3.28297e-08
vn -0.744916 -0.667158 -4.33701e-07
v 0.022292 0.0522948 -4.14389e-08
vn -0.992278 -0.124032 -4.65363e-07
v 0.0205951 0.0522948 -0.00853086
vn -0.916745 -0.124031 0.379729
v 0.022292 0.0522948 -4.14389e-08
vn -0.992278 -0.124032 -4.65363e-07
v 0.022292 0.130087 -8.86114e-08
vn -0.844746 0.535167 -2.63597e-07
v 0.0205951 0.130087 -0.00853088
vn -0.780443 0.535167 0.323273
v 0.0205951 0.0522948 -0.00853086
vn -0.916745 -0.124031 0.379729
v 0.022292 0.130087 -8.86114e-08
vn -0.844746 0.535167 -2.63597e-07
v 0.022292 0.0522948 -4.14389e-08
vn -0.992278 -0.124032 -4.65363e-07
v 0.0235915 0.0470954 -3.28297e-08
vn -0.744916 -0.667158 -4.33701e-07
v 0.0217957 0.0470954 0.00902803
vn -0.688213 -0.667158 -0.285066
v 0.022292 0.0522948 -4.14389e-08
vn -0.992278 -0.124032 -4.65363e-07
v 0.0217957 0.0470954 0.00902803
vn -0.688213 -0.667158 -0.285066
v 0.0205951 0.0522948 0.00853074
vn -0.916745 -0.124033 -0.379728
v 0.022292 0.0522948 -4.14389e-08
vn -0.992278 -0.124032 -4.65363e-07
v 0.0205951 0.0522948 0.00853074
vn -0.916745 -0.124033 -0.379728
v 0.0205951 0.130087 0.0085307
vn -0.780444 0.535167 -0.32327
v 0.022292 0.130087 -8.86114e-08
vn -0.844746 0.535167 -2.63597e-07
v 0.022292 0.0522948 -4.14389e-08
vn -0.992278 -0.124032 -4.65363e-07
v 0.0205951 0.130087 0.0085307
vn -0.780444 0.535167 -0.32327
v 0.0205951 0.0522948 0.00853074
vn -0.916745 -0.124033 -0.379728
v 0.0217957 0.0470954 0.00902803
vn -0.688213 -0.667158 -0.285066
v 0.0166817 0.0470954 0.0166817
vn -0.526735 -0.667157 -0.526738
v 0.0205951 0.0522948 0.00853074
vn -0.916745 -0.124033 -0.379728
v 0.0166817 0.0470954 0.0166817
vn -0.526735 -0.667157 -0.526738
v 0.0157628 0.0522948 0.0157628
vn -0.701647 -0.124034 -0.701646
v 0.0205951 0.0522948 0.00853074
vn -0.916745 -0.124033 -0.379728
v 0.0157628 0.0522948 0.0157628
vn -0.701647 -0.124034 -0.701646
v 0.0157628 0.130087 0.0157628
vn -0.597326 0.535169 -0.597324
v 0.0205951 0.130087 0.0085307
vn -0.780444 0.535167 -0.32327
v 0.0205951 0.0522948 0.00853074
vn -0.916745 -0.124033 -0.379728
v 0.0157628 0.130087 0.0157628
vn -0.597326 0.535169 -0.597324
v 0.0157628 0.0522948 0.0157628
vn -0.701647 -0.124034 -0.701646
v 0.0166817 0.0470954 0.0166817
vn -0.526735 -0.667157 -0.526738
v 0.00902807 0.0470954 0.0217957
vn -0.285066 -0.667157 -0.688215
v 0.0157628 0.0522948 0.0157628
vn -0.701647 -0.124034 -0.701646
v 0.00902807 0.0470954 0.0217957
vn -0.285066 -0.667157 -0.688215
v 0.00853078 0.0522948 0.0205951
vn -0.379729 -0.124032 -0.916745
v 0.0157628 0.0522948 0.0157628
vn -0.701647 -0.124034 -0.701646
v 0.00853078 0.0522948 0.0205951
vn -0.379729 -0.124032 -0.916745
v 0.00853078 0.130087 0.0205951
vn -0.32327 0.535166 -0.780444
v 0.0157628 0.130087 0.0157628
vn -0.597326 0.535169 -0.597324
v 0.0157628 0.0522948 0.0157628
vn -0.701647 -0.124034 -0.701646
v 0.00853078 0.130087 0.0205951
vn -0.32327 0.535166 -0.780444
v 0.00853078 0.0522948 0.0205951
vn -0.379729 -0.124032 -0.916745
v 0.00902807 0.0470954 0.0217957
vn -0.285066 -0.667157 -0.688215
v -1.39698e-09 0.0470954 0.0235915
vn -4.49008e-07 -0.667156 -0.744918
v 0.00853078 0.0522948 0.0205951
vn -0.379729 -0.124032 -0.916745
v -1.39698e-09 0.0470954 0.0235915
vn -4.49008e-07 -0.667156 -0.744918
v -1.39698e-09 0.0522948 0.022292
vn -5.93997e-07 -0.124032 -0.992278
v 0.00853078 0.0522948 0.0205951
vn -0.379729 -0.124032 -0.916745
v -1.39698e-09 0.0522948 0.022292
vn -5.93997e-07 -0.124032 -0.992278
v 9.31323e-10 0.130087 0.022292
vn -2.04287e-06 0.535161 -0.84475
v 0.00853078 0.130087 0.0205951
vn -0.32327 0.535166 -0.780444
v 0.00853078 0.0522948 0.0205951
vn -0.379729 -0.124032 -0.916745
v 9.31323e-10 0.130087 0.022292
vn -2.04287e-06 0.535161 -0.84475
v -1.39698e-09 0.0522948 0.022292
vn -5.93997e-07 -0.124032 -0.992278
v -1.39698e-09 0.0470954 0.0235915
vn -4.49008e-07 -0.667156 -0.744918
v -0.0090281 0.0470954 0.0217957
vn 0.285067 -0.667158 -0.688213
v -1.39698e-09 0.0522948 0.022292
vn -5.93997e-07 -0.124032 -0.992278
v -0.0090281 0.0470954 0.0217957
vn 0.285067 -0.667158 -0.688213
v -0.00853079 0.0522948 0.0205951
vn 0.379728 -0.124033 -0.916745
v -1.39698e-09 0.0522948 0.022292
vn -5.93997e-07 -0.124032 -0.992278
v -0.00853079 0.0522948 0.0205951
vn 0.379728 -0.124033 -0.916745
v -0.00853079 0.130087 0.0205951
vn 0.32327 0.535165 -0.780445
v 9.31323e-10 0.130087 0.022292
vn -2.04287e-06 0.535161 -0.84475
v -1.39698e-09 0.0522948 0.022292
vn -5.93997e-07 -0.124032 -0.992278
v -0.00853079 0.130087 0.0205951
vn 0.32327 0.535165 -0.780445
v -0.00853079 0.0522948 0.0205951
vn 0.379728 -0.124033 -0.916745
v -0.0090281 0.0470954 0.0217957
vn 0.285067 -0.667158 -0.688213
v -0.0166817 0.0470954 0.0166817
vn 0.526736 -0.667159 -0.526734
v -0.00853079 0.0522948 0.0205951
vn 0.379728 -0.124033 -0.916745
v -0.0166817 0.0470954 0.0166817
vn 0.526736 -0.667159 -0.526734
v -0.0157629 0.0522948 0.0157628
vn 0.701648 -0.124034 -0.701645
v -0.00853079 0.0522948 0.0205951
vn 0.379728 -0.124033 -0.916745
v -0.0157629 0.0522948 0.0157628
vn 0.701648 -0.124034 -0.701645
v -0.0157629 0.130087 0.0157628
vn 0.597326 0.535167 -0.597326
v -0.00853079 0.130087 0.0205951
vn 0.32327 0.535165 -0.780445
v -0.00853079 0.0522948 0.0205951
vn 0.379728 -0.124033 -0.916745
v -0.0157629 0.130087 0.0157628
vn 0.597326 0.535167 -0.597326
v -0.0157629 0.0522948 0.0157628
vn 0.701648 -0.124034 -0.701645
v -0.0166817 0.0470954 0.0166817
vn 0.526736 -0.667159 -0.526734
v -0.0217957 0.0470954 0.00902803
vn 0.688213 -0.667159 -0.285065
v -0.0157629 0.0522948 0.0157628
vn 0.701648 -0.124034 -0.701645
v -0.0217957 0.0470954 0.00902803
vn 0.688213 -0.667159 -0.285065
v -0.0205952 0.0522948 0.00853074
vn 0.916745 -0.124032 -0.379729
v -0.0157629 0.0522948 0.0157628
vn 0.701648 -0.124034 -0.701645
v -0.0205952 0.0522948 0.00853074
vn 0.916745 -0.124032 -0.379729
v -0.0205952 0.130087 0.00853072
vn 0.780444 0.535168 -0.323269
v -0.0157629 0.130087 0.0157628
vn 0.597326 0.535167 -0.597326
v -0.0157629 0.0522948 0.0157628
vn 0.701648 -0.124034 -0.701645
v -0.0205952 0.130087 0.00853072
vn 0.780444 0.535168 -0.323269
v -0.0205952 0.0522948 0.00853074
vn 0.916745 -0.124032 -0.379729
v -0.0217957 0.0470954 0.00902803
vn 0.688213 -0.667159 -0.285065
v -0.0235915 0.0470954 -3.28297e-08
vn 0.744916 -0.667158 -1.21947e-06
v -0.0205952 0.0522948 0.00853074
vn 0.916745 -0.124032 -0.379729
v -0.0235915 0.0470954 -3.28297e-08
vn 0.744916 -0.667158 -1.21947e-06
v -0.022292 0.0522948 -4.14389e-08
vn 0.992278 -0.124033 -9.11536e-08
v -0.0205952 0.0522948 0.00853074
vn 0.916745 -0.124032 -0.379729
v -0.022292 0.0522948 -4.14389e-08
vn 0.992278 -0.124033 -9.11536e-08
v -0.022292 0.130087 -6.25344e-08
vn 0.844746 0.535167 -5.53553e-08
v -0.0205952 0.130087 0.00853072
vn 0.780444 0.535168 -0.323269
v -0.0205952 0.0522948 0.00853074
vn 0.916745 -0.124032 -0.379729
v -0.022292 0.130087 -6.25344e-08
vn 0.844746 0.535167 -5.53553e-08
v -0.022292 0.130087 -6.25344e-08
vn 0.844746 0.535167 -5.53553e-08
v -0.0205952 0.130087 -0.00853084
vn 0.780444 0.535167 0.32327
v -0.023692 0.131964 -0.00981359
vn 0.810464 0.480052 0.335705
v -0.023692 0.131964 -0.00981359
vn 0.810464 0.480052 0.335705
v -0.025644 0.131964 -6.26164e-08
vn 0.877241 0.480051 -1.83016e-06
v -0.022292 0.130087 -6.25344e-08
vn 0.844746 0.535167 -5.53553e-08
v -0.0205952 0.130087 -0.00853084
vn 0.780444 0.535167 0.32327
v -0.0157629 0.130087 -0.0157629
vn 0.597326 0.535167 0.597326
v -0.0181331 0.131964 -0.0181331
vn 0.620305 0.480049 0.620302
v -0.0181331 0.131964 -0.0181331
vn 0.620305 0.480049 0.620302
v -0.023692 0.131964 -0.00981359
vn 0.810464 0.480052 0.335705
v -0.0205952 0.130087 -0.00853084
vn 0.780444 0.535167 0.32327
v -0.0157629 0.130087 -0.0157629
vn 0.597326 0.535167 0.597326
v -0.00853081 0.130087 -0.0205952
vn 0.323271 0.535168 0.780443
v -0.00981356 0.131964 -0.0236921
vn 0.335703 0.48005 0.810466
v -0.00981356 0.131964 -0.0236921
vn 0.335703 0.48005 0.810466
v -0.0181331 0.131964 -0.0181331
vn 0.620305 0.480049 0.620302
v -0.0157629 0.130087 -0.0157629
vn 0.597326 0.535167 0.597326
v -0.00853081 0.130087 -0.0205952
vn 0.323271 0.535168 0.780443
v -1.44355e-08 0.130087 -0.0222921
vn 5.27196e-09 0.535174 0.844742
v -2.09548e-08 0.131964 -0.0256441
vn -7.23829e-07 0.480056 0.877238
v -2.09548e-08 0.131964 -0.0256441
vn -7.23829e-07 0.480056 0.877238
v -0.00981356 0.131964 -0.0236921
vn 0.335703 0.48005 0.810466
v -0.00853081 0.130087 -0.0205952
vn 0.323271 0.535168 0.780443
v -1.44355e-08 0.130087 -0.0222921
vn 5.27196e-09 0.535174 0.844742
v 0.00853078 0.130087 -0.0205952
vn -0.323271 0.535168 0.780443
v 0.00981352 0.131964 -0.0236921
vn -0.335705 0.480053 0.810464
v 0.00981352 0.131964 -0.0236921
vn -0.335705 0.480053 0.810464
v -2.09548e-08 0.131964 -0.0256441
vn -7.23829e-07 0.480056 0.877238
v -1.44355e-08 0.130087 -0.0222921
vn 5.27196e-09 0.535174 0.844742
v 0.00853078 0.130087 -0.0205952
vn -0.323271 0.535168 0.780443
v 0.0157628 0.130087 -0.0157629
vn -0.597326 0.535168 0.597325
v 0.018133 0.131964 -0.0181331
vn -0.620302 0.480051 0.620304
v 0.018133 0.131964 -0.0181331
vn -0.620302 0.480051 0.620304
v 0.00981352 0.131964 -0.0236921
vn -0.335705 0.480053 0.810464
v 0.00853078 0.130087 -0.0205952
vn -0.323271 0.535168 0.780443
v 0.0157628 0.130087 -0.0157629
vn -0.597326 0.535168 0.597325
v 0.0205951 0.130087 -0.00853088
vn -0.780443 0.535167 0.323273
v 0.023692 0.131964 -0.00981364
vn -0.810463 0.480051 0.33571
v 0.023692 0.131964 -0.00981364
vn -0.810463 0.480051 0.33571
v 0.018133 0.131964 -0.0181331
vn -0.620302 0.480051 0.620304
v 0.0157628 0.130087 -0.0157629
vn -0.597326 0.535168 0.597325
v 0.0205951 0.130087 -0.00853088
vn -0.780443 0.535167 0.323273
v 0.022292 0.130087 -8.86114e-08
vn -0.844746 0.535167 -2.63597e-07
v 0.025644 0.131964 -9.70754e-08
vn -0.877241 0.48005 2.23621e-06
v 0.025644 0.131964 -9.70754e-08
vn -0.877241 0.48005 2.23621e-06
v 0.023692 0.131964 -0.00981364
vn -0.810463 0.480051 0.33571
v 0.0205951 0.130087 -0.00853088
vn -0.780443 0.535167 0.323273
v 0.022292 0.130087 -8.86114e-08
vn -0.844746 0.535167 -2.63597e-07
v 0.0205951 0.130087 0.0085307
vn -0.780444 0.535167 -0.32327
v 0.023692 0.131964 0.00981345
vn -0.810465 0.480052 -0.335704
v 0.023692 0.131964 0.00981345
vn -0.810465 0.480052 -0.335704
v 0.025644 0.131964 -9.70754e-08
vn -0.877241 0.48005 2.23621e-06
v 0.022292 0.130087 -8.86114e-08
vn -0.844746 0.535167 -2.63597e-07
v 0.0205951 0.130087 0.0085307
vn -0.780444 0.535167 -0.32327
v 0.0157628 0.130087 0.0157628
vn -0.597326 0.535169 -0.597324
v 0.0181331 0.131964 0.018133
vn -0.620305 0.480051 -0.6203
v 0.0181331 0.131964 0.018133
vn -0.620305 0.480051 -0.6203
v 0.023692 0.131964 0.00981345
vn -0.810465 0.480052 -0.335704
v 0.0205951 0.130087 0.0085307
vn -0.780444 0.535167 -0.32327
v 0.0157628 0.130087 0.0157628
vn -0.597326 0.535169 -0.597324
v 0.00853078 0.130087 0.0205951
vn -0.32327 0.535166 -0.780444
v 0.00981354 0.131964 0.0236919
vn -0.3357 0.48005 -0.810468
v 0.00981354 0.131964 0.0236919
vn -0.3357 0.48005 -0.810468
v 0.0181331 0.131964 0.018133
vn -0.620305 0.480051 -0.6203
v 0.0157628 0.130087 0.0157628
vn -0.597326 0.535169 -0.597324
v 0.00853078 0.130087 0.0205951
vn -0.32327 0.535166 -0.780444
v 9.31323e-10 0.130087 0.022292
vn -2.04287e-06 0.535161 -0.84475
v 5.3551e-09 0.131964 0.0256439
vn -1.6183e-06 0.480043 -0.877245
v 5.3551e-09 0.131964 0.0256439
vn -1.6183e-06 0.480043 -0.877245
v 0.00981354 0.131964 0.0236919
vn -0.3357 0.48005 -0.810468
v 0.00853078 0.130087 0.0205951
vn -0.32327 0.535166 -0.780444
v 9.31323e-10 0.130087 0.022292
vn -2.04287e-06 0.535161 -0.84475
v -0.00853079 0.130087 0.0205951
vn 0.32327 0.535165 -0.780445
v -0.00981354 0.131964 0.0236919
vn 0.335707 0.480049 -0.810465
v -0.00981354 0.131964 0.0236919
vn 0.335707 0.480049 -0.810465
v 5.3551e-09 0.131964 0.0256439
vn -1.6183e-06 0.480043 -0.877245
v 9.31323e-10 0.130087 0.022292
vn -2.04287e-06 0.535161 -0.84475
v -0.00853079 0.130087 0.0205951
vn 0.32327 0.535165 -0.780445
v -0.0157629 0.130087 0.0157628
vn 0.597326 0.535167 -0.597326
v -0.0181331 0.131964 0.018133
vn 0.620305 0.48005 -0.620302
v -0.0181331 0.131964 0.018133
vn 0.620305 0.48005 -0.620302
v -0.00981354 0.131964 0.0236919
vn 0.335707 0.480049 -0.810465
v -0.00853079 0.130087 0.0205951
vn 0.32327 0.535165 -0.780445
v -0.0157629 0.130087 0.0157628
vn 0.597326 0.535167 -0.597326
v -0.0205952 0.130087 0.00853072
vn 0.780444 0.535168 -0.323269
v -0.023692 0.131964 0.00981348
vn 0.810464 0.480051 -0.335707
v -0.023692 0.131964 0.00981348
vn 0.810464 0.480051 -0.335707
v -0.0181331 0.131964 0.018133
vn 0.620305 0.48005 -0.620302
v -0.0157629 0.130087 0.0157628
vn 0.597326 0.535167 -0.597326
v -0.0205952 0.130087 0.00853072
vn 0.780444 0.535168 -0.323269
v -0.022292 0.130087 -6.25344e-08
vn 0.844746 0.535167 -5.53553e-08
v -0.025644 0.131964 -6.26164e-08
vn 0.877241 0.480051 -1.83016e-06
v -0.025644 0.131964 -6.26164e-08
vn 0.877241 0.480051 -1.83016e-06
v -0.023692 0.131964 0.00981348
vn 0.810464 0.480051 -0.335707
v -0.0205952 0.130087 0.00853072
vn 0.780444 0.535168 -0.323269
vt 0.331416 0.232882
vt 0.371237 0.203572
vt 0.343547 0.245013
vt 0.277055 0.225114
vt 0.279303 0.17572
vt 0.279303 0.225561
vt 0.343547 0.245013
vt 0.301722 0.252723
vt 0.331416 0.232882
vt 0.281817 0.266023
vt 0.323706 0.274707
vt 0.310406 0.294612
vt 0.301722 0.252723
vt 0.323706 0.274707
vt 0.281817 0.266023
vt 0.343547 0.245013
vt 0.323706 0.274707
vt 0.301722 0.252723
vt 0.551283 0.171158
vt 0.56153 0.130291
vt 0.574471 0.142117
vt 0.431938 0.429725
vt 0.446429 0.477281
vt 0.431938 0.47873
vt 0.446429 0.431186
vt 0.446429 0.477281
vt 0.431938 0.429725
vt 0.551283 0.171158
vt 0.535092 0.163401
vt 0.56153 0.130291
vt 0.527444 0.524753
vt 0.477901 0.538452
vt 0.478438 0.524753
vt 0.477824 0.956565
vt 0.528055 0.55277
vt 0.528055 0.956565
vt 0.477824 0.55277
vt 0.528055 0.55277
vt 0.477824 0.956565
vt 0.477824 0.55277
vt 0.527979 0.538452
vt 0.528055 0.55277
vt 0.477901 0.538452
vt 0.527979 0.538452
vt 0.477824 0.55277
vt 0.527444 0.524753
vt 0.527979 0.538452
vt 0.477901 0.538452
vt 0.528055 0.956565
vt 0.478208 0.981509
vt 0.477824 0.956565
vt 0.479283 0.999434
vt 0.527673 0.981508
vt 0.526604 0.999434
vt 0.478208 0.981509
vt 0.527673 0.981508
vt 0.479283 0.999434
vt 0.528055 0.956565
vt 0.527673 0.981508
vt 0.478208 0.981509
vt 0.89886 0.824027
vt 0.884344 0.778352
vt 0.89886 0.776706
vt 0.872058 0.780458
vt 0.884344 0.822381
vt 0.872058 0.820276
vt 0.884344 0.778352
vt 0.884344 0.822381
vt 0.872058 0.780458
vt 0.89886 0.824027
vt 0.884344 0.822381
vt 0.884344 0.778352
vt 0.248489 0.251224
vt 0.251409 0.211986
vt 0.263726 0.214437
vt 0.237937 0.209307
vt 0.238047 0.244246
vt 0.226626 0.236615
vt 0.251409 0.211986
vt 0.238047 0.244246
vt 0.237937 0.209307
vt 0.248489 0.251224
vt 0.238047 0.244246
vt 0.251409 0.211986
vt 0.31036 0.419342
vt 0.308778 0.392014
vt 0.310431 0.392019
vt 0.308707 0.419338
vt 0.308778 0.392014
vt 0.31036 0.419342
vt 0.308707 0.419338
vt 0.303598 0.391876
vt 0.308778 0.392014
vt 0.303526 0.41945
vt 0.303598 0.391876
vt 0.308707 0.419338
vt 0.303526 0.41945
vt 0.298426 0.391863
vt 0.303598 0.391876
vt 0.298354 0.419436
vt 0.298426 0.391863
vt 0.303526 0.41945
vt 0.324851 0.217033
vt 0.372857 0.205192
vt 0.331416 0.232882
vt 0.277055 0.326106
vt 0.279303 0.276712
vt 0.279303 0.326553
vt 0.331416 0.232882
vt 0.289824 0.224
vt 0.324851 0.217033
vt 0.893433 0.954252
vt 0.927514 0.978305
vt 0.906283 0.991605
vt 0.917633 0.949582
vt 0.927514 0.978305
vt 0.893433 0.954252
vt 0.331416 0.232882
vt 0.301722 0.252723
vt 0.289824 0.224
vt 0.906283 0.991605
vt 0.875594 0.957085
vt 0.893433 0.954252
vt 0.440125 0.384544
vt 0.446429 0.431186
vt 0.431938 0.429725
vt 0.454131 0.388687
vt 0.446429 0.431186
vt 0.440125 0.384544
vt 0.906283 0.991605
vt 0.890245 0.999672
vt 0.875594 0.957085
vt 0.716419 0.0496366
vt 0.671743 0.0634158
vt 0.671199 0.0496747
vt 0.431427 0.956818
vt 0.477824 0.55277
vt 0.477824 0.956565
vt 0.431427 0.553023
vt 0.477824 0.55277
vt 0.431427 0.956818
vt 0.431427 0.553023
vt 0.477901 0.538452
vt 0.477824 0.55277
vt 0.431645 0.538705
vt 0.477901 0.538452
vt 0.431427 0.553023
vt 0.716419 0.0496366
vt 0.717952 0.0633768
vt 0.671743 0.0634158
vt 0.477824 0.956565
vt 0.432518 0.981757
vt 0.431427 0.956818
vt 0.435573 0.999672
vt 0.478208 0.981509
vt 0.479283 0.999434
vt 0.432518 0.981757
vt 0.478208 0.981509
vt 0.435573 0.999672
vt 0.477824 0.956565
vt 0.478208 0.981509
vt 0.432518 0.981757
vt 0.939279 0.433291
vt 0.942465 0.478657
vt 0.92795 0.47701
vt 0.862526 0.743671
vt 0.884344 0.778352
vt 0.872058 0.780458
vt 0.873804 0.737675
vt 0.884344 0.778352
vt 0.862526 0.743671
vt 0.89886 0.776706
vt 0.884344 0.778352
vt 0.873804 0.737675
vt 0.263726 0.214437
vt 0.251409 0.177069
vt 0.263726 0.174619
vt 0.237937 0.179748
vt 0.251409 0.211986
vt 0.237937 0.209307
vt 0.251409 0.177069
vt 0.251409 0.211986
vt 0.237937 0.179748
vt 0.263726 0.214437
vt 0.251409 0.211986
vt 0.251409 0.177069
vt 0.310431 0.444581
vt 0.308707 0.419338
vt 0.31036 0.419342
vt 0.308778 0.444577
vt 0.308707 0.419338
vt 0.310431 0.444581
vt 0.308778 0.444577
vt 0.303526 0.41945
vt 0.308707 0.419338
vt 0.303598 0.44492
vt 0.303526 0.41945
vt 0.308778 0.444577
vt 0.303598 0.44492
vt 0.298354 0.419436
vt 0.303526 0.41945
vt 0.298426 0.444906
vt 0.298354 0.419436
vt 0.303598 0.44492
vt 0.324851 0.199877
vt 0.373734 0.207309
vt 0.324851 0.217033
vt 0.00271579 0.193177
vt 0.00496333 0.143784
vt 0.00496333 0.193624
vt 0.324851 0.217033
vt 0.289824 0.19291
vt 0.324851 0.199877
vt 0.893433 0.913822
vt 0.917633 0.949582
vt 0.893433 0.954252
vt 0.917633 0.918492
vt 0.917633 0.949582
vt 0.893433 0.913822
vt 0.324851 0.217033
vt 0.289824 0.224
vt 0.289824 0.19291
vt 0.893433 0.954252
vt 0.875594 0.910989
vt 0.893433 0.913822
vt 0.862526 0.909534
vt 0.875594 0.957085
vt 0.862526 0.95854
vt 0.875594 0.910989
vt 0.875594 0.957085
vt 0.862526 0.909534
vt 0.893433 0.954252
vt 0.875594 0.957085
vt 0.875594 0.910989
vt 0.671199 0.0496747
vt 0.621665 0.0634161
vt 0.622193 0.049675
vt 0.62159 0.48157
vt 0.67182 0.0777409
vt 0.67182 0.481569
vt 0.62159 0.0777412
vt 0.67182 0.0777409
vt 0.62159 0.48157
vt 0.62159 0.0777412
vt 0.671743 0.0634158
vt 0.67182 0.0777409
vt 0.621665 0.0634161
vt 0.671743 0.0634158
vt 0.62159 0.0777412
vt 0.671199 0.0496747
vt 0.671743 0.0634158
vt 0.621665 0.0634161
vt 0.67182 0.481569
vt 0.621967 0.506486
vt 0.62159 0.48157
vt 0.623023 0.524332
vt 0.671432 0.506486
vt 0.670344 0.524331
vt 0.621967 0.506486
vt 0.671432 0.506486
vt 0.623023 0.524332
vt 0.67182 0.481569
vt 0.671432 0.506486
vt 0.621967 0.506486
vt 0.92795 0.47701
vt 0.942465 0.522686
vt 0.92795 0.524332
vt 0.954751 0.52058
vt 0.942465 0.478657
vt 0.954751 0.480762
vt 0.942465 0.522686
vt 0.942465 0.478657
vt 0.954751 0.52058
vt 0.92795 0.47701
vt 0.942465 0.478657
vt 0.942465 0.522686
vt 0.263726 0.174619
vt 0.238047 0.144809
vt 0.248489 0.137831
vt 0.226626 0.15244
vt 0.251409 0.177069
vt 0.237937 0.179748
vt 0.238047 0.144809
vt 0.251409 0.177069
vt 0.226626 0.15244
vt 0.263726 0.174619
vt 0.251409 0.177069
vt 0.238047 0.144809
vt 0.298413 0.338291
vt 0.300066 0.365615
vt 0.298413 0.365615
vt 0.300066 0.338291
vt 0.300066 0.365615
vt 0.298413 0.338291
vt 0.300066 0.338291
vt 0.305237 0.365741
vt 0.300066 0.365615
vt 0.305237 0.338168
vt 0.305237 0.365741
vt 0.300066 0.338291
vt 0.305237 0.338168
vt 0.31041 0.365741
vt 0.305237 0.365741
vt 0.31041 0.338168
vt 0.31041 0.365741
vt 0.305237 0.338168
vt 0.331416 0.184028
vt 0.373734 0.209601
vt 0.324851 0.199877
vt 0.048286 0.383439
vt 0.0505335 0.334045
vt 0.0505335 0.383886
vt 0.324851 0.199877
vt 0.301722 0.164187
vt 0.331416 0.184028
vt 0.906283 0.876469
vt 0.917633 0.918492
vt 0.893433 0.913822
vt 0.927514 0.889769
vt 0.917633 0.918492
vt 0.906283 0.876469
vt 0.324851 0.199877
vt 0.289824 0.19291
vt 0.301722 0.164187
vt 0.893433 0.913822
vt 0.890245 0.868402
vt 0.906283 0.876469
vt 0.295407 0.429814
vt 0.271998 0.388681
vt 0.28597 0.384539
vt 0.280875 0.431269
vt 0.271998 0.388681
vt 0.295407 0.429814
vt 0.893433 0.913822
vt 0.875594 0.910989
vt 0.890245 0.868402
vt 0.622193 0.049675
vt 0.575344 0.0633777
vt 0.576863 0.0496374
vt 0.575127 0.481531
vt 0.62159 0.0777412
vt 0.62159 0.48157
vt 0.575127 0.0777026
vt 0.62159 0.0777412
vt 0.575127 0.481531
vt 0.575127 0.0777026
vt 0.621665 0.0634161
vt 0.62159 0.0777412
vt 0.575344 0.0633777
vt 0.621665 0.0634161
vt 0.575127 0.0777026
vt 0.622193 0.049675
vt 0.621665 0.0634161
vt 0.575344 0.0633777
vt 0.143372 0.956815
vt 0.0965602 0.981504
vt 0.0969405 0.95656
vt 0.0954952 0.999431
vt 0.142284 0.981755
vt 0.139237 0.99967
vt 0.0965602 0.981504
vt 0.142284 0.981755
vt 0.0954952 0.999431
vt 0.143372 0.956815
vt 0.142284 0.981755
vt 0.0965602 0.981504
vt 0.948628 0.729413
vt 0.939864 0.684788
vt 0.954471 0.684629
vt 0.927412 0.684216
vt 0.934427 0.726456
vt 0.922495 0.721899
vt 0.939864 0.684788
vt 0.934427 0.726456
vt 0.927412 0.684216
vt 0.948628 0.729413
vt 0.934427 0.726456
vt 0.939864 0.684788
vt 0.248489 0.137831
vt 0.213356 0.120118
vt 0.220333 0.109676
vt 0.205725 0.131539
vt 0.238047 0.144809
vt 0.226626 0.15244
vt 0.213356 0.120118
vt 0.238047 0.144809
vt 0.205725 0.131539
vt 0.248489 0.137831
vt 0.238047 0.144809
vt 0.213356 0.120118
vt 0.298434 0.313016
vt 0.300066 0.338291
vt 0.298413 0.338291
vt 0.300087 0.313016
vt 0.300066 0.338291
vt 0.298434 0.313016
vt 0.293754 0.330986
vt 0.288781 0.305361
vt 0.29396 0.30573
vt 0.288574 0.330848
vt 0.288781 0.305361
vt 0.293754 0.330986
vt 0.305258 0.312662
vt 0.31041 0.338168
vt 0.305237 0.338168
vt 0.310431 0.312662
vt 0.31041 0.338168
vt 0.305258 0.312662
vt 0.343547 0.171897
vt 0.372857 0.211718
vt 0.331416 0.184028
vt 0.431938 0.383442
vt 0.434186 0.334048
vt 0.434186 0.383889
vt 0.331416 0.184028
vt 0.323706 0.142203
vt 0.343547 0.171897
vt 0.310406 0.122298
vt 0.301722 0.164187
vt 0.281817 0.150887
vt 0.323706 0.142203
vt 0.301722 0.164187
vt 0.310406 0.122298
vt 0.331416 0.184028
vt 0.301722 0.164187
vt 0.323706 0.142203
vt 0.264381 0.434102
vt 0.280875 0.477365
vt 0.264381 0.474532
vt 0.295407 0.47882
vt 0.280875 0.431269
vt 0.295407 0.429814
vt 0.280875 0.477365
vt 0.280875 0.431269
vt 0.295407 0.47882
vt 0.264381 0.434102
vt 0.280875 0.431269
vt 0.280875 0.477365
vt 0.0963319 0.52475
vt 0.046787 0.53845
vt 0.0473264 0.524751
vt 0.0467101 0.956561
vt 0.0969405 0.552767
vt 0.0969405 0.95656
vt 0.04671 0.552768
vt 0.0969405 0.552767
vt 0.0467101 0.956561
vt 0.04671 0.552768
vt 0.0968644 0.538449
vt 0.0969405 0.552767
vt 0.046787 0.53845
vt 0.0968644 0.538449
vt 0.04671 0.552768
vt 0.0963319 0.52475
vt 0.0968644 0.538449
vt 0.046787 0.53845
vt 0.0969405 0.95656
vt 0.0470953 0.981505
vt 0.0467101 0.956561
vt 0.0481741 0.999431
vt 0.0965602 0.981504
vt 0.0954952 0.999431
vt 0.0470953 0.981505
vt 0.0965602 0.981504
vt 0.0481741 0.999431
vt 0.0969405 0.95656
vt 0.0965602 0.981504
vt 0.0470953 0.981505
vt 0.954471 0.684629
vt 0.934427 0.641096
vt 0.948628 0.63767
vt 0.922495 0.644703
vt 0.939864 0.684788
vt 0.927412 0.684216
vt 0.934427 0.641096
vt 0.939864 0.684788
vt 0.922495 0.644703
vt 0.954471 0.684629
vt 0.939864 0.684788
vt 0.934427 0.641096
vt 0.220333 0.109676
vt 0.181096 0.106755
vt 0.183546 0.0944382
vt 0.178416 0.120227
vt 0.213356 0.120118
vt 0.205725 0.131539
vt 0.181096 0.106755
vt 0.213356 0.120118
vt 0.178416 0.120227
vt 0.220333 0.109676
vt 0.213356 0.120118
vt 0.181096 0.106755
vt 0.295335 0.358314
vt 0.293754 0.330986
vt 0.295407 0.330991
vt 0.293682 0.35831
vt 0.293754 0.330986
vt 0.295335 0.358314
vt 0.293682 0.35831
vt 0.288574 0.330848
vt 0.293754 0.330986
vt 0.288501 0.358422
vt 0.288574 0.330848
vt 0.293682 0.35831
vt 0.288501 0.358422
vt 0.283402 0.330835
vt 0.288574 0.330848
vt 0.283329 0.358408
vt 0.283402 0.330835
vt 0.288501 0.358422
vt 0.359396 0.165332
vt 0.371237 0.213338
vt 0.343547 0.171897
vt 0.0511888 0.383439
vt 0.0534363 0.334045
vt 0.0534363 0.383886
vt 0.343547 0.171897
vt 0.352429 0.130305
vt 0.359396 0.165332
vt 0.896387 0.405886
vt 0.862306 0.381833
vt 0.883537 0.368533
vt 0.872187 0.410556
vt 0.862306 0.381833
vt 0.896387 0.405886
vt 0.343547 0.171897
vt 0.323706 0.142203
vt 0.352429 0.130305
vt 0.883537 0.368533
vt 0.914226 0.403053
vt 0.896387 0.405886
vt 0.28597 0.524095
vt 0.280875 0.477365
vt 0.295407 0.47882
vt 0.271998 0.519952
vt 0.280875 0.477365
vt 0.28597 0.524095
vt 0.883537 0.368533
vt 0.899576 0.360466
vt 0.914226 0.403053
vt 0.860121 0.524987
vt 0.815422 0.538751
vt 0.814881 0.525012
vt 0.000327723 0.956817
vt 0.04671 0.552768
vt 0.0467101 0.956561
vt 0.000327636 0.553023
vt 0.04671 0.552768
vt 0.000327723 0.956817
vt 0.815499 0.553076
vt 0.861652 0.538726
vt 0.86187 0.55305
vt 0.815422 0.538751
vt 0.861652 0.538726
vt 0.815499 0.553076
vt 0.860121 0.524987
vt 0.861652 0.538726
vt 0.815422 0.538751
vt 0.0467101 0.956561
vt 0.00141999 0.981757
vt 0.000327723 0.956817
vt 0.00447827 0.999672
vt 0.0470953 0.981505
vt 0.0481741 0.999431
vt 0.00141999 0.981757
vt 0.0470953 0.981505
vt 0.00447827 0.999672
vt 0.0467101 0.956561
vt 0.0470953 0.981505
vt 0.00141999 0.981757
vt 0.491934 0.138395
vt 0.506398 0.182464
vt 0.491934 0.183559
vt 0.901164 0.591818
vt 0.908179 0.634058
vt 0.896247 0.629501
vt 0.913616 0.592391
vt 0.908179 0.634058
vt 0.901164 0.591818
vt 0.92238 0.637015
vt 0.908179 0.634058
vt 0.913616 0.592391
vt 0.183546 0.0944382
vt 0.146178 0.106755
vt 0.143728 0.0944382
vt 0.148858 0.120227
vt 0.181096 0.106755
vt 0.178416 0.120227
vt 0.146178 0.106755
vt 0.181096 0.106755
vt 0.148858 0.120227
vt 0.183546 0.0944382
vt 0.181096 0.106755
vt 0.146178 0.106755
vt 0.295407 0.383545
vt 0.293682 0.35831
vt 0.295335 0.358314
vt 0.293754 0.383541
vt 0.293682 0.35831
vt 0.295407 0.383545
vt 0.293754 0.383541
vt 0.288501 0.358422
vt 0.293682 0.35831
vt 0.288574 0.383884
vt 0.288501 0.358422
vt 0.293754 0.383541
vt 0.288574 0.383884
vt 0.283329 0.358408
vt 0.288501 0.358422
vt 0.283402 0.38387
vt 0.283329 0.358408
vt 0.288574 0.383884
vt 0.376551 0.165332
vt 0.36912 0.214215
vt 0.359396 0.165332
vt 0.00271581 0.243674
vt 0.00496341 0.19428
vt 0.00496341 0.244121
vt 0.359396 0.165332
vt 0.383519 0.130305
vt 0.376551 0.165332
vt 0.896387 0.446317
vt 0.872187 0.410556
vt 0.896387 0.405886
vt 0.872187 0.441646
vt 0.872187 0.410556
vt 0.896387 0.446317
vt 0.359396 0.165332
vt 0.352429 0.130305
vt 0.383519 0.130305
vt 0.896387 0.405886
vt 0.914226 0.449149
vt 0.896387 0.446317
vt 0.927295 0.450604
vt 0.914226 0.403053
vt 0.927295 0.401599
vt 0.914226 0.449149
vt 0.914226 0.403053
vt 0.927295 0.450604
vt 0.896387 0.405886
vt 0.914226 0.403053
vt 0.914226 0.449149
vt 0.814881 0.525012
vt 0.765344 0.538752
vt 0.765875 0.525012
vt 0.765269 0.956905
vt 0.815499 0.553076
vt 0.815499 0.956905
vt 0.765269 0.553076
vt 0.815499 0.553076
vt 0.765269 0.956905
vt 0.765269 0.553076
vt 0.815422 0.538751
vt 0.815499 0.553076
vt 0.765344 0.538752
vt 0.815422 0.538751
vt 0.765269 0.553076
vt 0.814881 0.525012
vt 0.815422 0.538751
vt 0.765344 0.538752
vt 0.815499 0.956905
vt 0.765648 0.981823
vt 0.765269 0.956905
vt 0.76671 0.999672
vt 0.815113 0.981823
vt 0.814031 0.999672
vt 0.765648 0.981823
vt 0.815113 0.981823
vt 0.76671 0.999672
vt 0.815499 0.956905
vt 0.815113 0.981823
vt 0.765648 0.981823
vt 0.928223 0.592232
vt 0.908179 0.548699
vt 0.92238 0.545273
vt 0.896247 0.552305
vt 0.913616 0.592391
vt 0.901164 0.591818
vt 0.908179 0.548699
vt 0.913616 0.592391
vt 0.896247 0.552305
vt 0.928223 0.592232
vt 0.913616 0.592391
vt 0.908179 0.548699
vt 0.143728 0.0944382
vt 0.113918 0.120118
vt 0.106941 0.109676
vt 0.121549 0.131539
vt 0.146178 0.106755
vt 0.148858 0.120227
vt 0.113918 0.120118
vt 0.146178 0.106755
vt 0.121549 0.131539
vt 0.143728 0.0944382
vt 0.146178 0.106755
vt 0.113918 0.120118
vt 0.494387 0.209832
vt 0.49604 0.237156
vt 0.494387 0.237156
vt 0.496039 0.209832
vt 0.49604 0.237156
vt 0.494387 0.209832
vt 0.496039 0.209832
vt 0.501212 0.237282
vt 0.49604 0.237156
vt 0.501212 0.209708
vt 0.501212 0.237282
vt 0.496039 0.209832
vt 0.501212 0.209708
vt 0.506384 0.237282
vt 0.501212 0.237282
vt 0.506384 0.209708
vt 0.506384 0.237282
vt 0.501212 0.209708
vt 0.392401 0.171897
vt 0.366828 0.214215
vt 0.376551 0.165332
vt 0.2764 0.169702
vt 0.274152 0.219096
vt 0.274152 0.169255
vt 0.376551 0.165332
vt 0.412242 0.142203
vt 0.392401 0.171897
vt 0.883537 0.48367
vt 0.872187 0.441646
vt 0.896387 0.446317
vt 0.862306 0.47037
vt 0.872187 0.441646
vt 0.883537 0.48367
vt 0.376551 0.165332
vt 0.383519 0.130305
vt 0.412242 0.142203
vt 0.896387 0.446317
vt 0.899576 0.491737
vt 0.883537 0.48367
vt 0.048286 0.478727
vt 0.0704786 0.519953
vt 0.0564736 0.524095
vt 0.0627771 0.477278
vt 0.0704786 0.519953
vt 0.048286 0.478727
vt 0.896387 0.446317
vt 0.914226 0.449149
vt 0.899576 0.491737
vt 0.765875 0.525012
vt 0.719043 0.538726
vt 0.720565 0.524987
vt 0.718826 0.95688
vt 0.765269 0.553076
vt 0.765269 0.956905
vt 0.718826 0.553051
vt 0.765269 0.553076
vt 0.718826 0.95688
vt 0.718826 0.553051
vt 0.765344 0.538752
vt 0.765269 0.553076
vt 0.719043 0.538726
vt 0.765344 0.538752
vt 0.718826 0.553051
vt 0.765875 0.525012
vt 0.765344 0.538752
vt 0.719043 0.538726
vt 0.430772 0.956817
vt 0.383973 0.981508
vt 0.384355 0.956565
vt 0.382904 0.999434
vt 0.429682 0.981757
vt 0.426632 0.999671
vt 0.383973 0.981508
vt 0.429682 0.981757
vt 0.382904 0.999434
vt 0.430772 0.956817
vt 0.429682 0.981757
vt 0.383973 0.981508
vt 0.925648 0.829417
vt 0.916884 0.784793
vt 0.931491 0.784634
vt 0.904432 0.784221
vt 0.911447 0.826461
vt 0.899515 0.821903
vt 0.916884 0.784793
vt 0.911447 0.826461
vt 0.904432 0.784221
vt 0.925648 0.829417
vt 0.911447 0.826461
vt 0.916884 0.784793
vt 0.106941 0.109676
vt 0.0892273 0.144808
vt 0.0787855 0.137831
vt 0.100648 0.15244
vt 0.113918 0.120118
vt 0.121549 0.131539
vt 0.0892273 0.144808
vt 0.113918 0.120118
vt 0.100648 0.15244
vt 0.106941 0.109676
vt 0.113918 0.120118
vt 0.0892273 0.144808
vt 0.494401 0.184569
vt 0.496039 0.209832
vt 0.494387 0.209832
vt 0.496053 0.184569
vt 0.496039 0.209832
vt 0.494401 0.184569
vt 0.308778 0.471193
vt 0.303803 0.445575
vt 0.308982 0.445944
vt 0.303598 0.471054
vt 0.303803 0.445575
vt 0.308778 0.471193
vt 0.501226 0.184214
vt 0.506384 0.209708
vt 0.501212 0.209708
vt 0.506398 0.184214
vt 0.506384 0.209708
vt 0.501226 0.184214
vt 0.404532 0.184028
vt 0.364711 0.213338
vt 0.392401 0.171897
vt 0.0577452 0.334492
vt 0.0554976 0.383886
vt 0.0554976 0.334045
vt 0.392401 0.171897
vt 0.434226 0.164187
vt 0.404532 0.184028
vt 0.454131 0.150887
vt 0.412242 0.142203
vt 0.425542 0.122298
vt 0.434226 0.164187
vt 0.412242 0.142203
vt 0.454131 0.150887
vt 0.392401 0.171897
vt 0.412242 0.142203
vt 0.434226 0.164187
vt 0.862306 0.207281
vt 0.901686 0.228565
vt 0.885495 0.236321
vt 0.048286 0.429722
vt 0.0627771 0.477278
vt 0.048286 0.478727
vt 0.0627771 0.431183
vt 0.0627771 0.477278
vt 0.048286 0.429722
vt 0.883537 0.48367
vt 0.899576 0.491737
vt 0.872505 0.524332
vt 0.383744 0.524753
vt 0.334201 0.538453
vt 0.334738 0.524753
vt 0.334125 0.956565
vt 0.384355 0.55277
vt 0.384355 0.956565
vt 0.334124 0.55277
vt 0.384355 0.55277
vt 0.334125 0.956565
vt 0.334124 0.55277
vt 0.384278 0.538452
vt 0.384355 0.55277
vt 0.334201 0.538453
vt 0.384278 0.538452
vt 0.334124 0.55277
vt 0.383744 0.524753
vt 0.384278 0.538452
vt 0.334201 0.538453
vt 0.384355 0.956565
vt 0.334508 0.981509
vt 0.334125 0.956565
vt 0.335583 0.999434
vt 0.383973 0.981508
vt 0.382904 0.999434
vt 0.334508 0.981509
vt 0.383973 0.981508
vt 0.335583 0.999434
vt 0.384355 0.956565
vt 0.383973 0.981508
vt 0.334508 0.981509
vt 0.931491 0.784634
vt 0.911447 0.741101
vt 0.925648 0.737675
vt 0.899515 0.744707
vt 0.916884 0.784793
vt 0.904432 0.784221
vt 0.911447 0.741101
vt 0.916884 0.784793
vt 0.899515 0.744707
vt 0.931491 0.784634
vt 0.916884 0.784793
vt 0.911447 0.741101
vt 0.0787855 0.137831
vt 0.0758648 0.177068
vt 0.0635477 0.174618
vt 0.0893366 0.179748
vt 0.0892273 0.144808
vt 0.100648 0.15244
vt 0.0758648 0.177068
vt 0.0892273 0.144808
vt 0.0893366 0.179748
vt 0.0787855 0.137831
vt 0.0892273 0.144808
vt 0.0758648 0.177068
vt 0.31036 0.498521
vt 0.308778 0.471193
vt 0.310431 0.471197
vt 0.308707 0.498516
vt 0.308778 0.471193
vt 0.31036 0.498521
vt 0.308707 0.498516
vt 0.303598 0.471054
vt 0.308778 0.471193
vt 0.303526 0.498628
vt 0.303598 0.471054
vt 0.308707 0.498516
vt 0.303526 0.498628
vt 0.298426 0.471041
vt 0.303598 0.471054
vt 0.298353 0.498614
vt 0.298426 0.471041
vt 0.303526 0.498628
vt 0.411097 0.199877
vt 0.36309 0.211718
vt 0.404532 0.184028
vt 0.490755 0.187888
vt 0.488507 0.237282
vt 0.488507 0.187441
vt 0.404532 0.184028
vt 0.446123 0.19291
vt 0.411097 0.199877
vt 0.897623 0.273915
vt 0.864012 0.24921
vt 0.885495 0.236321
vt 0.873338 0.278118
vt 0.864012 0.24921
vt 0.897623 0.273915
vt 0.404532 0.184028
vt 0.434226 0.164187
vt 0.446123 0.19291
vt 0.885495 0.236321
vt 0.915513 0.271426
vt 0.897623 0.273915
vt 0.0564736 0.384541
vt 0.0627771 0.431183
vt 0.048286 0.429722
vt 0.0704786 0.388684
vt 0.0627771 0.431183
vt 0.0564736 0.384541
vt 0.885495 0.236321
vt 0.901686 0.228565
vt 0.915513 0.271426
vt 0.860118 0.0496365
vt 0.815442 0.0634158
vt 0.814898 0.0496747
vt 0.287727 0.956818
vt 0.334124 0.55277
vt 0.334125 0.956565
vt 0.287727 0.553023
vt 0.334124 0.55277
vt 0.287727 0.956818
vt 0.287727 0.553023
vt 0.334201 0.538453
vt 0.334124 0.55277
vt 0.287945 0.538705
vt 0.334201 0.538453
vt 0.287727 0.553023
vt 0.860118 0.0496365
vt 0.861651 0.0633768
vt 0.815442 0.0634158
vt 0.334125 0.956565
vt 0.288818 0.981758
vt 0.287727 0.956818
vt 0.291873 0.999672
vt 0.334508 0.981509
vt 0.335583 0.999434
vt 0.288818 0.981758
vt 0.334508 0.981509
vt 0.291873 0.999672
vt 0.334125 0.956565
vt 0.334508 0.981509
vt 0.288818 0.981758
vt 0.882366 0.611142
vt 0.881272 0.656606
vt 0.866976 0.653602
vt 0.265376 0.1686
vt 0.265376 0.125781
vt 0.2764 0.132232
vt 0.265376 0.125126
vt 0.275164 0.0842606
vt 0.278148 0.125126
vt 0.882366 0.611142
vt 0.895592 0.6171
vt 0.881272 0.656606
vt 0.0635477 0.174618
vt 0.0758648 0.211986
vt 0.0635478 0.214436
vt 0.0893365 0.209307
vt 0.0758648 0.177068
vt 0.0893366 0.179748
vt 0.0758648 0.211986
vt 0.0758648 0.177068
vt 0.0893365 0.209307
vt 0.0635477 0.174618
vt 0.0758648 0.177068
vt 0.0758648 0.211986
vt 0.310431 0.52376
vt 0.308707 0.498516
vt 0.31036 0.498521
vt 0.308778 0.523755
vt 0.308707 0.498516
vt 0.310431 0.52376
vt 0.308778 0.523755
vt 0.303526 0.498628
vt 0.308707 0.498516
vt 0.303598 0.524098
vt 0.303526 0.498628
vt 0.308778 0.523755
vt 0.303598 0.524098
vt 0.298353 0.498614
vt 0.303526 0.498628
vt 0.298425 0.524084
vt 0.298353 0.498614
vt 0.303598 0.524098
vt 0.411097 0.217033
vt 0.362213 0.209601
vt 0.411097 0.199877
vt 0.279303 0.226663
vt 0.277055 0.276057
vt 0.277055 0.226216
vt 0.411097 0.199877
vt 0.446123 0.224
vt 0.411097 0.217033
vt 0.896844 0.314338
vt 0.873338 0.278118
vt 0.897623 0.273915
vt 0.872739 0.309202
vt 0.873338 0.278118
vt 0.896844 0.314338
vt 0.411097 0.199877
vt 0.446123 0.19291
vt 0.446123 0.224
vt 0.897623 0.273915
vt 0.914626 0.317514
vt 0.896844 0.314338
vt 0.927664 0.31922
vt 0.915513 0.271426
vt 0.928608 0.270223
vt 0.914626 0.317514
vt 0.915513 0.271426
vt 0.927664 0.31922
vt 0.897623 0.273915
vt 0.915513 0.271426
vt 0.914626 0.317514
vt 0.814898 0.0496747
vt 0.765365 0.0634161
vt 0.765893 0.049675
vt 0.765289 0.48157
vt 0.81552 0.0777408
vt 0.81552 0.481569
vt 0.765289 0.0777411
vt 0.81552 0.0777408
vt 0.765289 0.48157
vt 0.765289 0.0777411
vt 0.815442 0.0634158
vt 0.81552 0.0777408
vt 0.765365 0.0634161
vt 0.815442 0.0634158
vt 0.765289 0.0777411
vt 0.814898 0.0496747
vt 0.815442 0.0634158
vt 0.765365 0.0634161
vt 0.81552 0.481569
vt 0.765667 0.506486
vt 0.765289 0.48157
vt 0.766723 0.524332
vt 0.815131 0.506486
vt 0.814044 0.524331
vt 0.765667 0.506486
vt 0.815131 0.506486
vt 0.766723 0.524332
vt 0.81552 0.481569
vt 0.815131 0.506486
vt 0.765667 0.506486
vt 0.866976 0.653602
vt 0.877131 0.70044
vt 0.862526 0.700714
vt 0.889561 0.699499
vt 0.881272 0.656606
vt 0.893306 0.659858
vt 0.877131 0.70044
vt 0.881272 0.656606
vt 0.889561 0.699499
vt 0.866976 0.653602
vt 0.881272 0.656606
vt 0.877131 0.70044
vt 0.0635478 0.214436
vt 0.0892273 0.244246
vt 0.0787854 0.251223
vt 0.100648 0.236615
vt 0.0758648 0.211986
vt 0.0893365 0.209307
vt 0.0892273 0.244246
vt 0.0758648 0.211986
vt 0.100648 0.236615
vt 0.0635478 0.214436
vt 0.0758648 0.211986
vt 0.0892273 0.244246
vt 0.264382 0.299103
vt 0.266035 0.326427
vt 0.264382 0.326427
vt 0.266034 0.299103
vt 0.266035 0.326427
vt 0.264382 0.299103
vt 0.266034 0.299103
vt 0.271206 0.326553
vt 0.266035 0.326427
vt 0.271206 0.29898
vt 0.271206 0.326553
vt 0.266034 0.299103
vt 0.271206 0.29898
vt 0.276379 0.326553
vt 0.271206 0.326553
vt 0.276379 0.29898
vt 0.276379 0.326553
vt 0.271206 0.29898
vt 0.404532 0.232882
vt 0.362213 0.207309
vt 0.411097 0.217033
vt 0.269538 0.169702
vt 0.267291 0.219096
vt 0.267291 0.169255
vt 0.411097 0.217033
vt 0.434226 0.252723
vt 0.404532 0.232882
vt 0.883277 0.351436
vt 0.872739 0.309202
vt 0.896844 0.314338
vt 0.862306 0.33773
vt 0.872739 0.309202
vt 0.883277 0.351436
vt 0.411097 0.217033
vt 0.446123 0.224
vt 0.434226 0.252723
vt 0.896844 0.314338
vt 0.899157 0.359811
vt 0.883277 0.351436
vt 0.0318667 0.249342
vt 0.0552763 0.290474
vt 0.0413041 0.294617
vt 0.0463992 0.247887
vt 0.0552763 0.290474
vt 0.0318667 0.249342
vt 0.896844 0.314338
vt 0.914626 0.317514
vt 0.899157 0.359811
vt 0.765893 0.049675
vt 0.719043 0.0633777
vt 0.720563 0.0496374
vt 0.718826 0.481531
vt 0.765289 0.0777411
vt 0.765289 0.48157
vt 0.718826 0.0777026
vt 0.765289 0.0777411
vt 0.718826 0.481531
vt 0.718826 0.0777026
vt 0.765365 0.0634161
vt 0.765289 0.0777411
vt 0.719043 0.0633777
vt 0.765365 0.0634161
vt 0.718826 0.0777026
vt 0.765893 0.049675
vt 0.765365 0.0634161
vt 0.719043 0.0633777
vt 0.287072 0.956815
vt 0.24026 0.981504
vt 0.24064 0.956561
vt 0.239195 0.999431
vt 0.285984 0.981755
vt 0.282937 0.99967
vt 0.24026 0.981504
vt 0.285984 0.981755
vt 0.239195 0.999431
vt 0.287072 0.956815
vt 0.285984 0.981755
vt 0.24026 0.981504
vt 0.474627 0.163826
vt 0.473532 0.20929
vt 0.459236 0.206286
vt 0.895592 0.73702
vt 0.877131 0.70044
vt 0.889561 0.699499
vt 0.473532 0.20929
vt 0.487852 0.169784
vt 0.485566 0.212541
vt 0.474627 0.163826
vt 0.487852 0.169784
vt 0.473532 0.20929
vt 0.0787854 0.251223
vt 0.113918 0.268937
vt 0.106941 0.279379
vt 0.121549 0.257516
vt 0.0892273 0.244246
vt 0.100648 0.236615
vt 0.113918 0.268937
vt 0.0892273 0.244246
vt 0.121549 0.257516
vt 0.0787854 0.251223
vt 0.0892273 0.244246
vt 0.113918 0.268937
vt 0.264402 0.273828
vt 0.266034 0.299103
vt 0.264382 0.299103
vt 0.266055 0.273828
vt 0.266034 0.299103
vt 0.264402 0.273828
vt 0.068826 0.330988
vt 0.0638528 0.305363
vt 0.0690314 0.305732
vt 0.0636455 0.330851
vt 0.0638528 0.305363
vt 0.068826 0.330988
vt 0.271227 0.273474
vt 0.276379 0.29898
vt 0.271206 0.29898
vt 0.2764 0.273474
vt 0.276379 0.29898
vt 0.271227 0.273474
vt 0.392401 0.245013
vt 0.36309 0.205192
vt 0.404532 0.232882
vt 0.273497 0.169702
vt 0.271249 0.219096
vt 0.271249 0.169255
vt 0.404532 0.232882
vt 0.412242 0.274707
vt 0.392401 0.245013
vt 0.425542 0.294612
vt 0.434226 0.252723
vt 0.454131 0.266023
vt 0.412242 0.274707
vt 0.434226 0.252723
vt 0.425542 0.294612
vt 0.404532 0.232882
vt 0.434226 0.252723
vt 0.412242 0.274707
vt 0.0628924 0.245054
vt 0.0463993 0.201791
vt 0.0628924 0.204624
vt 0.0318667 0.200336
vt 0.0463992 0.247887
vt 0.0318667 0.249342
vt 0.0463993 0.201791
vt 0.0463992 0.247887
vt 0.0318667 0.200336
vt 0.0628924 0.245054
vt 0.0463992 0.247887
vt 0.0463993 0.201791
vt 0.240032 0.52475
vt 0.190487 0.53845
vt 0.191026 0.524751
vt 0.19041 0.956561
vt 0.24064 0.552767
vt 0.24064 0.956561
vt 0.19041 0.552768
vt 0.24064 0.552767
vt 0.19041 0.956561
vt 0.19041 0.552768
vt 0.240564 0.538449
vt 0.24064 0.552767
vt 0.190487 0.53845
vt 0.240564 0.538449
vt 0.19041 0.552768
vt 0.240032 0.52475
vt 0.240564 0.538449
vt 0.190487 0.53845
vt 0.24064 0.956561
vt 0.190795 0.981505
vt 0.19041 0.956561
vt 0.191874 0.999431
vt 0.24026 0.981504
vt 0.239195 0.999431
vt 0.190795 0.981505
vt 0.24026 0.981504
vt 0.191874 0.999431
vt 0.24064 0.956561
vt 0.24026 0.981504
vt 0.190795 0.981505
vt 0.459236 0.206286
vt 0.469392 0.253123
vt 0.454786 0.253397
vt 0.481821 0.252183
vt 0.473532 0.20929
vt 0.485566 0.212541
vt 0.469392 0.253123
vt 0.473532 0.20929
vt 0.481821 0.252183
vt 0.459236 0.206286
vt 0.473532 0.20929
vt 0.469392 0.253123
vt 0.106941 0.279379
vt 0.146178 0.2823
vt 0.143728 0.294617
vt 0.148858 0.268828
vt 0.113918 0.268937
vt 0.121549 0.257516
vt 0.146178 0.2823
vt 0.113918 0.268937
vt 0.148858 0.268828
vt 0.106941 0.279379
vt 0.113918 0.268937
vt 0.146178 0.2823
vt 0.0704066 0.358317
vt 0.068826 0.330988
vt 0.0704787 0.330993
vt 0.0687539 0.358312
vt 0.068826 0.330988
vt 0.0704066 0.358317
vt 0.0687539 0.358312
vt 0.0636455 0.330851
vt 0.068826 0.330988
vt 0.0635728 0.358424
vt 0.0636455 0.330851
vt 0.0687539 0.358312
vt 0.0635728 0.358424
vt 0.0584733 0.330837
vt 0.0636455 0.330851
vt 0.0584004 0.35841
vt 0.0584733 0.330837
vt 0.0635728 0.358424
vt 0.376551 0.251578
vt 0.364711 0.203572
vt 0.392401 0.245013
vt 0.266636 0.169702
vt 0.264388 0.219096
vt 0.264388 0.169255
vt 0.392401 0.245013
vt 0.383519 0.286604
vt 0.376551 0.251578
vt 0.539933 0.249174
vt 0.574471 0.272566
vt 0.5535 0.286273
vt 0.564039 0.244038
vt 0.574471 0.272566
vt 0.539933 0.249174
vt 0.392401 0.245013
vt 0.412242 0.274707
vt 0.383519 0.286604
vt 0.5535 0.286273
vt 0.522152 0.25235
vt 0.539933 0.249174
vt 0.0413042 0.155061
vt 0.0463993 0.201791
vt 0.0318667 0.200336
vt 0.0552764 0.159203
vt 0.0463993 0.201791
vt 0.0413042 0.155061
vt 0.5535 0.286273
vt 0.53762 0.294647
vt 0.522152 0.25235
vt 0.716422 0.524987
vt 0.671722 0.538751
vt 0.671181 0.525012
vt 0.144027 0.956817
vt 0.19041 0.552768
vt 0.19041 0.956561
vt 0.144027 0.553023
vt 0.19041 0.552768
vt 0.144027 0.956817
vt 0.671799 0.553076
vt 0.717952 0.538726
vt 0.718171 0.55305
vt 0.671722 0.538751
vt 0.717952 0.538726
vt 0.671799 0.553076
vt 0.716422 0.524987
vt 0.717952 0.538726
vt 0.671722 0.538751
vt 0.19041 0.956561
vt 0.14512 0.981757
vt 0.144027 0.956817
vt 0.148178 0.999672
vt 0.190795 0.981505
vt 0.191874 0.999431
vt 0.14512 0.981757
vt 0.190795 0.981505
vt 0.148178 0.999672
vt 0.19041 0.956561
vt 0.190795 0.981505
vt 0.14512 0.981757
vt 0.0474201 0.0633653
vt 0.0506064 0.10873
vt 0.0360911 0.107084
vt 0.487852 0.289703
vt 0.469392 0.253123
vt 0.481821 0.252183
vt 0.47606 0.294612
vt 0.469392 0.253123
vt 0.487852 0.289703
vt 0.454786 0.253397
vt 0.469392 0.253123
vt 0.47606 0.294612
vt 0.143728 0.294617
vt 0.181096 0.2823
vt 0.183546 0.294617
vt 0.178416 0.268828
vt 0.146178 0.2823
vt 0.148858 0.268828
vt 0.181096 0.2823
vt 0.146178 0.2823
vt 0.178416 0.268828
vt 0.143728 0.294617
vt 0.146178 0.2823
vt 0.181096 0.2823
vt 0.0704787 0.383547
vt 0.0687539 0.358312
vt 0.0704066 0.358317
vt 0.068826 0.383543
vt 0.0687539 0.358312
vt 0.0704787 0.383547
vt 0.068826 0.383543
vt 0.0635728 0.358424
vt 0.0687539 0.358312
vt 0.0636456 0.383886
vt 0.0635728 0.358424
vt 0.068826 0.383543
vt 0.0636456 0.383886
vt 0.0584004 0.35841
vt 0.0635728 0.358424
vt 0.0584732 0.383872
vt 0.0584004 0.35841
vt 0.0636456 0.383886
vt 0.359396 0.251578
vt 0.366828 0.202695
vt 0.376551 0.251578
vt 0.493731 0.187888
vt 0.491484 0.237282
vt 0.491484 0.187441
vt 0.376551 0.251578
vt 0.352429 0.286604
vt 0.359396 0.251578
vt 0.539154 0.208751
vt 0.564039 0.244038
vt 0.539933 0.249174
vt 0.56344 0.212954
vt 0.564039 0.244038
vt 0.539154 0.208751
vt 0.376551 0.251578
vt 0.383519 0.286604
vt 0.352429 0.286604
vt 0.539933 0.249174
vt 0.521264 0.206262
vt 0.539154 0.208751
vt 0.50817 0.20506
vt 0.522152 0.25235
vt 0.509114 0.254056
vt 0.521264 0.206262
vt 0.522152 0.25235
vt 0.50817 0.20506
vt 0.539933 0.249174
vt 0.522152 0.25235
vt 0.521264 0.206262
vt 0.671181 0.525012
vt 0.621645 0.538752
vt 0.622176 0.525012
vt 0.621569 0.956905
vt 0.671799 0.553076
vt 0.671799 0.956905
vt 0.621569 0.553076
vt 0.671799 0.553076
vt 0.621569 0.956905
vt 0.621569 0.553076
vt 0.671722 0.538751
vt 0.671799 0.553076
vt 0.621645 0.538752
vt 0.671722 0.538751
vt 0.621569 0.553076
vt 0.671181 0.525012
vt 0.671722 0.538751
vt 0.621645 0.538752
vt 0.671799 0.956905
vt 0.621948 0.981823
vt 0.621569 0.956905
vt 0.62301 0.999672
vt 0.671413 0.981823
vt 0.670331 0.999672
vt 0.621948 0.981823
vt 0.671413 0.981823
vt 0.62301 0.999672
vt 0.671799 0.956905
vt 0.671413 0.981823
vt 0.621948 0.981823
vt 0.0360911 0.107084
vt 0.0506064 0.152759
vt 0.0360912 0.154406
vt 0.0628924 0.150654
vt 0.0506064 0.10873
vt 0.0628924 0.110836
vt 0.0506064 0.152759
vt 0.0506064 0.10873
vt 0.0628924 0.150654
vt 0.0360911 0.107084
vt 0.0506064 0.10873
vt 0.0506064 0.152759
vt 0.183546 0.294617
vt 0.213356 0.268937
vt 0.220333 0.279379
vt 0.205725 0.257516
vt 0.181096 0.2823
vt 0.178416 0.268828
vt 0.213356 0.268937
vt 0.181096 0.2823
vt 0.205725 0.257516
vt 0.183546 0.294617
vt 0.181096 0.2823
vt 0.213356 0.268937
vt 0.264382 0.245369
vt 0.266034 0.272693
vt 0.264382 0.272693
vt 0.266034 0.245369
vt 0.266034 0.272693
vt 0.264382 0.245369
vt 0.266034 0.245369
vt 0.271206 0.272819
vt 0.266034 0.272693
vt 0.271206 0.245245
vt 0.271206 0.272819
vt 0.266034 0.245369
vt 0.271206 0.245245
vt 0.276379 0.272819
vt 0.271206 0.272819
vt 0.276379 0.245245
vt 0.276379 0.272819
vt 0.271206 0.245245
vt 0.343547 0.245013
vt 0.369119 0.202695
vt 0.359396 0.251578
vt 0.00496341 0.245223
vt 0.0027158 0.294617
vt 0.0027158 0.244776
vt 0.359396 0.251578
vt 0.323706 0.274707
vt 0.343547 0.245013
vt 0.551283 0.171158
vt 0.56344 0.212954
vt 0.539154 0.208751
vt 0.572766 0.184046
vt 0.56344 0.212954
vt 0.551283 0.171158
vt 0.359396 0.251578
vt 0.352429 0.286604
vt 0.323706 0.274707
vt 0.539154 0.208751
vt 0.535092 0.163401
vt 0.551283 0.171158
vt 0.431938 0.47873
vt 0.454131 0.519956
vt 0.440126 0.524098
vt 0.446429 0.477281
vt 0.454131 0.519956
vt 0.431938 0.47873
vt 0.539154 0.208751
vt 0.521264 0.206262
vt 0.535092 0.163401
vt 0.622176 0.525012
vt 0.575344 0.538726
vt 0.576866 0.524987
vt 0.575127 0.95688
vt 0.621569 0.553076
vt 0.621569 0.956905
vt 0.575127 0.553051
vt 0.621569 0.553076
vt 0.575127 0.95688
vt 0.575127 0.553051
vt 0.621645 0.538752
vt 0.621569 0.553076
vt 0.575344 0.538726
vt 0.621645 0.538752
vt 0.575127 0.553051
vt 0.622176 0.525012
vt 0.621645 0.538752
vt 0.575344 0.538726
vt 0.574471 0.956817
vt 0.527673 0.981508
vt 0.528055 0.956565
vt 0.526604 0.999434
vt 0.573382 0.981757
vt 0.570332 0.999672
vt 0.527673 0.981508
vt 0.573382 0.981757
vt 0.526604 0.999434
vt 0.574471 0.956817
vt 0.573382 0.981757
vt 0.527673 0.981508
vt 0.887531 0.867746
vt 0.884344 0.822381
vt 0.89886 0.824027
vt 0.872058 0.820276
vt 0.873804 0.863059
vt 0.862526 0.857063
vt 0.884344 0.822381
vt 0.873804 0.863059
vt 0.872058 0.820276
vt 0.887531 0.867746
vt 0.873804 0.863059
vt 0.884344 0.822381
vt 0.220333 0.279379
vt 0.238047 0.244246
vt 0.248489 0.251224
vt 0.226626 0.236615
vt 0.213356 0.268937
vt 0.205725 0.257516
vt 0.238047 0.244246
vt 0.213356 0.268937
vt 0.226626 0.236615
vt 0.220333 0.279379
vt 0.213356 0.268937
vt 0.238047 0.244246
vt 0.264396 0.220106
vt 0.266034 0.245369
vt 0.264382 0.245369
vt 0.266048 0.220106
vt 0.266034 0.245369
vt 0.264396 0.220106
vt 0.308778 0.392014
vt 0.303803 0.366397
vt 0.308982 0.366766
vt 0.303598 0.391876
vt 0.303803 0.366397
vt 0.308778 0.392014
vt 0.27122 0.219751
vt 0.276379 0.245245
vt 0.271206 0.245245
vt 0.276393 0.219751
vt 0.276379 0.245245
vt 0.27122 0.219751
vt 0.217693 0.230647
vt 0.237937 0.209307
vt 0.226626 0.236615
vt 0.237937 0.209307
vt 0.217693 0.230647
vt 0.227401 0.207211
vt 0.227401 0.207211
vt 0.237937 0.179748
vt 0.237937 0.209307
vt 0.237937 0.179748
vt 0.227401 0.207211
vt 0.227401 0.181844
vt 0.227401 0.181844
vt 0.226626 0.15244
vt 0.237937 0.179748
vt 0.226626 0.15244
vt 0.227401 0.181844
vt 0.217693 0.158408
vt 0.217693 0.158408
vt 0.205725 0.131539
vt 0.226626 0.15244
vt 0.205725 0.131539
vt 0.217693 0.158408
vt 0.199756 0.140471
vt 0.199756 0.140471
vt 0.178416 0.120227
vt 0.205725 0.131539
vt 0.178416 0.120227
vt 0.199756 0.140471
vt 0.17632 0.130764
vt 0.17632 0.130764
vt 0.148858 0.120227
vt 0.178416 0.120227
vt 0.148858 0.120227
vt 0.17632 0.130764
vt 0.150954 0.130764
vt 0.150954 0.130764
vt 0.121549 0.131539
vt 0.148858 0.120227
vt 0.121549 0.131539
vt 0.150954 0.130764
vt 0.127518 0.140471
vt 0.127518 0.140471
vt 0.100648 0.15244
vt 0.121549 0.131539
vt 0.100648 0.15244
vt 0.127518 0.140471
vt 0.109581 0.158408
vt 0.109581 0.158408
vt 0.0893366 0.179748
vt 0.100648 0.15244
vt 0.0893366 0.179748
vt 0.109581 0.158408
vt 0.0998734 0.181844
vt 0.0998734 0.181844
vt 0.0893365 0.209307
vt 0.0893366 0.179748
vt 0.0893365 0.209307
vt 0.0998734 0.181844
vt 0.0998734 0.207211
vt 0.0998734 0.207211
vt 0.100648 0.236615
vt 0.0893365 0.209307
vt 0.100648 0.236615
vt 0.0998734 0.207211
vt 0.109581 0.230647
vt 0.109581 0.230647
vt 0.121549 0.257516
vt 0.100648 0.236615
vt 0.121549 0.257516
vt 0.109581 0.230647
vt 0.127518 0.248584
vt 0.127518 0.248584
vt 0.148858 0.268828
vt 0.121549 0.257516
vt 0.148858 0.268828
vt 0.127518 0.248584
vt 0.150954 0.258291
vt 0.150954 0.258291
vt 0.178416 0.268828
vt 0.148858 0.268828
vt 0.178416 0.268828
vt 0.150954 0.258291
vt 0.17632 0.258291
vt 0.17632 0.258291
vt 0.205725 0.257516
vt 0.178416 0.268828
vt 0.205725 0.257516
vt 0.17632 0.258291
vt 0.199756 0.248584
vt 0.199756 0.248584
vt 0.226626 0.236615
vt 0.205725 0.257516
vt 0.226626 0.236615
vt 0.199756 0.248584
vt 0.217693 0.230647
vt 0.409305 0.0384061
vt 0.382301 0.0564496
vt 0.394009 0.0447421
vt 0.382301 0.0564496
vt 0.375965 0.0883029
vt 0.375965 0.0717461
vt 0.375965 0.0883029
vt 0.394009 0.115307
vt 0.382301 0.103599
vt 0.382301 0.0564496
vt 0.394009 0.115307
vt 0.375965 0.0883029
vt 0.394009 0.115307
vt 0.425862 0.121643
vt 0.409305 0.121643
vt 0.425862 0.121643
vt 0.452866 0.103599
vt 0.441158 0.115307
vt 0.394009 0.115307
vt 0.452866 0.103599
vt 0.425862 0.121643
vt 0.452866 0.103599
vt 0.459202 0.0717461
vt 0.459202 0.0883029
vt 0.459202 0.0717461
vt 0.441158 0.0447421
vt 0.452866 0.0564495
vt 0.452866 0.103599
vt 0.441158 0.0447421
vt 0.459202 0.0717461
vt 0.394009 0.115307
vt 0.441158 0.0447421
vt 0.452866 0.103599
vt 0.382301 0.0564496
vt 0.441158 0.0447421
vt 0.394009 0.115307
vt 0.409305 0.0384061
vt 0.441158 0.0447421
vt 0.382301 0.0564496
vt 0.425862 0.0384061
vt 0.441158 0.0447421
vt 0.409305 0.0384061
vt 0.989216 0.176848
vt 0.988135 0.149309
vt 0.999672 0.151604
vt 0.988135 0.149309
vt 0.989216 0.176848
vt 0.979435 0.170313
vt 0.955055 0.340566
vt 0.950689 0.31845
vt 0.955055 0.317832
vt 0.941958 0.319686
vt 0.946323 0.339331
vt 0.941958 0.338713
vt 0.946323 0.319068
vt 0.946323 0.339331
vt 0.941958 0.319686
vt 0.946323 0.319068
vt 0.950689 0.339949
vt 0.946323 0.339331
vt 0.950689 0.31845
vt 0.950689 0.339949
vt 0.946323 0.319068
vt 0.955055 0.340566
vt 0.950689 0.339949
vt 0.950689 0.31845
vt 0.999672 0.151604
vt 0.988135 0.126575
vt 0.999672 0.12428
vt 0.988135 0.126575
vt 0.999672 0.151604
vt 0.988135 0.149309
vt 0.955055 0.317832
vt 0.945542 0.298588
vt 0.949612 0.296829
vt 0.937402 0.302106
vt 0.946323 0.319068
vt 0.941958 0.319686
vt 0.941472 0.300347
vt 0.946323 0.319068
vt 0.937402 0.302106
vt 0.941472 0.300347
vt 0.950689 0.31845
vt 0.946323 0.319068
vt 0.945542 0.298588
vt 0.950689 0.31845
vt 0.941472 0.300347
vt 0.955055 0.317832
vt 0.950689 0.31845
vt 0.945542 0.298588
vt 0.999672 0.12428
vt 0.979435 0.105572
vt 0.989216 0.0990364
vt 0.979435 0.105572
vt 0.999672 0.12428
vt 0.988135 0.126575
vt 0.884134 0.0686038
vt 0.879768 0.0464874
vt 0.884134 0.0458697
vt 0.871037 0.0477229
vt 0.875403 0.0673683
vt 0.871037 0.0667506
vt 0.875403 0.0471051
vt 0.875403 0.0673683
vt 0.871037 0.0477229
vt 0.875403 0.0471051
vt 0.879768 0.067986
vt 0.875403 0.0673683
vt 0.879768 0.0464874
vt 0.879768 0.067986
vt 0.875403 0.0471051
vt 0.884134 0.0686038
vt 0.879768 0.067986
vt 0.879768 0.0464874
vt 0.989216 0.0990364
vt 0.96336 0.0894963
vt 0.969895 0.0797155
vt 0.96336 0.0894963
vt 0.989216 0.0990364
vt 0.979435 0.105572
vt 0.459214 0.141703
vt 0.459214 0.16317
vt 0.454786 0.162944
vt 0.875622 0.568603
vt 0.876108 0.549264
vt 0.880178 0.551023
vt 0.870552 0.0283844
vt 0.875403 0.0471051
vt 0.866482 0.0301436
vt 0.870552 0.0283844
vt 0.879768 0.0464874
vt 0.875403 0.0471051
vt 0.866891 0.567367
vt 0.872038 0.547505
vt 0.871257 0.567985
vt 0.867968 0.545746
vt 0.872038 0.547505
vt 0.866891 0.567367
vt 0.969895 0.0797155
vt 0.942356 0.0807964
vt 0.944651 0.0692591
vt 0.942356 0.0807964
vt 0.969895 0.0797155
vt 0.96336 0.0894963
vt 0.862526 0.566749
vt 0.866891 0.588866
vt 0.862526 0.589484
vt 0.875622 0.58763
vt 0.871257 0.567985
vt 0.875622 0.568603
vt 0.871257 0.588248
vt 0.871257 0.567985
vt 0.875622 0.58763
vt 0.871257 0.588248
vt 0.866891 0.567367
vt 0.871257 0.567985
vt 0.866891 0.588866
vt 0.866891 0.567367
vt 0.871257 0.588248
vt 0.862526 0.566749
vt 0.866891 0.567367
vt 0.866891 0.588866
vt 0.944651 0.0692591
vt 0.919622 0.0807964
vt 0.917327 0.0692591
vt 0.919622 0.0807964
vt 0.944651 0.0692591
vt 0.942356 0.0807964
vt 0.862526 0.589484
vt 0.872038 0.608728
vt 0.867968 0.610487
vt 0.880178 0.60521
vt 0.871257 0.588248
vt 0.875622 0.58763
vt 0.876108 0.606969
vt 0.871257 0.588248
vt 0.880178 0.60521
vt 0.876108 0.606969
vt 0.866891 0.588866
vt 0.871257 0.588248
vt 0.0810098 0.0739209
vt 0.0758629 0.093783
vt 0.0766443 0.0733032
vt 0.862526 0.589484
vt 0.866891 0.588866
vt 0.872038 0.608728
vt 0.917327 0.0692591
vt 0.898619 0.0894963
vt 0.892083 0.0797155
vt 0.898619 0.0894963
vt 0.917327 0.0692591
vt 0.919622 0.0807964
vt 0.0853754 0.0745387
vt 0.0810098 0.0524223
vt 0.0853754 0.0518046
vt 0.0722788 0.0536578
vt 0.0766443 0.0733032
vt 0.0722788 0.0726855
vt 0.0766443 0.05304
vt 0.0766443 0.0733032
vt 0.0722788 0.0536578
vt 0.0766443 0.05304
vt 0.0810098 0.0739209
vt 0.0766443 0.0733032
vt 0.0810098 0.0524223
vt 0.0810098 0.0739209
vt 0.0766443 0.05304
vt 0.0853754 0.0745387
vt 0.0810098 0.0739209
vt 0.0810098 0.0524223
vt 0.892083 0.0797155
vt 0.882543 0.105572
vt 0.872763 0.0990364
vt 0.882543 0.105572
vt 0.892083 0.0797155
vt 0.898619 0.0894963
vt 0.0257688 0.0946075
vt 0.026846 0.0729863
vt 0.0312115 0.073604
vt 0.0181148 0.0717509
vt 0.0176293 0.0910892
vt 0.0135595 0.0893301
vt 0.0224804 0.0723686
vt 0.0176293 0.0910892
vt 0.0181148 0.0717509
vt 0.0224804 0.0723686
vt 0.021699 0.0928484
vt 0.0176293 0.0910892
vt 0.075863 0.0325602
vt 0.0810098 0.0524223
vt 0.0717932 0.0343194
vt 0.0853754 0.0518046
vt 0.0810098 0.0524223
vt 0.075863 0.0325602
vt 0.872763 0.0990364
vt 0.873843 0.126575
vt 0.862306 0.12428
vt 0.873843 0.126575
vt 0.872763 0.0990364
vt 0.882543 0.105572
vt 0.0312115 0.073604
vt 0.026846 0.0514877
vt 0.0312115 0.05087
vt 0.0181148 0.0527232
vt 0.0224804 0.0723686
vt 0.0181148 0.0717509
vt 0.0224804 0.0521055
vt 0.0224804 0.0723686
vt 0.0181148 0.0527232
vt 0.0224804 0.0521055
vt 0.026846 0.0729863
vt 0.0224804 0.0723686
vt 0.026846 0.0514877
vt 0.026846 0.0729863
vt 0.0224804 0.0521055
vt 0.0312115 0.073604
vt 0.026846 0.0729863
vt 0.026846 0.0514877
vt 0.862306 0.12428
vt 0.873843 0.149309
vt 0.862306 0.151604
vt 0.873843 0.149309
vt 0.862306 0.12428
vt 0.873843 0.126575
vt 0.475612 0.141732
vt 0.476708 0.163171
vt 0.472274 0.163171
vt 0.947721 0.761302
vt 0.950591 0.742171
vt 0.954413 0.74442
vt 0.0176292 0.0333847
vt 0.0224804 0.0521055
vt 0.0135595 0.0351439
vt 0.0176292 0.0333847
vt 0.026846 0.0514877
vt 0.0224804 0.0521055
vt 0.93921 0.758998
vt 0.94677 0.739923
vt 0.943466 0.76015
vt 0.942949 0.737675
vt 0.94677 0.739923
vt 0.93921 0.758998
vt 0.862306 0.151604
vt 0.882543 0.170313
vt 0.872762 0.176848
vt 0.882543 0.170313
vt 0.862306 0.151604
vt 0.873843 0.149309
vt 0.934954 0.757846
vt 0.936555 0.780332
vt 0.932147 0.780406
vt 0.945372 0.780184
vt 0.943466 0.76015
vt 0.947721 0.761302
vt 0.940963 0.780258
vt 0.943466 0.76015
vt 0.945372 0.780184
vt 0.940963 0.780258
vt 0.93921 0.758998
vt 0.943466 0.76015
vt 0.936555 0.780332
vt 0.93921 0.758998
vt 0.940963 0.780258
vt 0.934954 0.757846
vt 0.93921 0.758998
vt 0.936555 0.780332
vt 0.872762 0.176848
vt 0.898619 0.186388
vt 0.892083 0.196169
vt 0.898619 0.186388
vt 0.872762 0.176848
vt 0.882543 0.170313
vt 0.463207 0.141732
vt 0.464303 0.163171
vt 0.459869 0.163171
vt 0.947721 0.798191
vt 0.940963 0.780258
vt 0.945372 0.780184
vt 0.943466 0.799434
vt 0.940963 0.780258
vt 0.947721 0.798191
vt 0.943466 0.799434
vt 0.936555 0.780332
vt 0.940963 0.780258
vt 0.145405 0.0563846
vt 0.152181 0.0370177
vt 0.149704 0.0573621
vt 0.148271 0.0349271
vt 0.152181 0.0370177
vt 0.145405 0.0563846
vt 0.892083 0.196169
vt 0.919622 0.195088
vt 0.917327 0.206625
vt 0.919622 0.195088
vt 0.892083 0.196169
vt 0.898619 0.186388
vt 0.141106 0.0554069
vt 0.143622 0.0778091
vt 0.139221 0.0780627
vt 0.152426 0.0773019
vt 0.149704 0.0573621
vt 0.154004 0.0583398
vt 0.148024 0.0775555
vt 0.149704 0.0573621
vt 0.152426 0.0773019
vt 0.148024 0.0775555
vt 0.145405 0.0563846
vt 0.149704 0.0573621
vt 0.143622 0.0778091
vt 0.145405 0.0563846
vt 0.148024 0.0775555
vt 0.141106 0.0554069
vt 0.145405 0.0563846
vt 0.143622 0.0778091
vt 0.917327 0.206625
vt 0.942356 0.195088
vt 0.944651 0.206625
vt 0.942356 0.195088
vt 0.917327 0.206625
vt 0.919622 0.195088
vt 0.944335 0.432636
vt 0.945412 0.411015
vt 0.949778 0.411633
vt 0.936681 0.409779
vt 0.936196 0.429118
vt 0.932126 0.427359
vt 0.941047 0.410397
vt 0.936196 0.429118
vt 0.936681 0.409779
vt 0.941047 0.410397
vt 0.940265 0.430877
vt 0.936196 0.429118
vt 0.945412 0.411015
vt 0.940265 0.430877
vt 0.941047 0.410397
vt 0.944335 0.432636
vt 0.940265 0.430877
vt 0.945412 0.411015
vt 0.944651 0.206625
vt 0.96336 0.186388
vt 0.969895 0.196169
vt 0.96336 0.186388
vt 0.944651 0.206625
vt 0.942356 0.195088
vt 0.949778 0.411633
vt 0.945412 0.389516
vt 0.949778 0.388899
vt 0.936681 0.390752
vt 0.941047 0.410397
vt 0.936681 0.409779
vt 0.941047 0.390134
vt 0.941047 0.410397
vt 0.936681 0.390752
vt 0.941047 0.390134
vt 0.945412 0.411015
vt 0.941047 0.410397
vt 0.945412 0.389516
vt 0.945412 0.411015
vt 0.941047 0.390134
vt 0.949778 0.411633
vt 0.945412 0.411015
vt 0.945412 0.389516
vt 0.969895 0.196169
vt 0.979435 0.170313
vt 0.989216 0.176848
vt 0.979435 0.170313
vt 0.969895 0.196169
vt 0.96336 0.186388
vt 0.949778 0.388899
vt 0.940265 0.369654
vt 0.944335 0.367895
vt 0.932126 0.373172
vt 0.941047 0.390134
vt 0.936681 0.390752
vt 0.946323 0.339331
vt 0.941472 0.358052
vt 0.941958 0.338713
vt 0.946323 0.339331
vt 0.945542 0.359811
vt 0.941472 0.358052
vt 0.940265 0.369654
vt 0.945412 0.389516
vt 0.936196 0.371413
vt 0.949778 0.388899
vt 0.945412 0.389516
vt 0.940265 0.369654
vt 0.929263 0.305624
vt 0.937592 0.320303
vt 0.933227 0.320921
vt 0.937592 0.320303
vt 0.929263 0.305624
vt 0.933333 0.303865
vt 0.933333 0.303865
vt 0.941958 0.319686
vt 0.937592 0.320303
vt 0.941958 0.319686
vt 0.933333 0.303865
vt 0.937402 0.302106
vt 0.862306 0.0489583
vt 0.866672 0.0661328
vt 0.862306 0.0655151
vt 0.866672 0.0661328
vt 0.862306 0.0489583
vt 0.866672 0.0483406
vt 0.866672 0.0483406
vt 0.871037 0.0667506
vt 0.866672 0.0661328
vt 0.871037 0.0667506
vt 0.866672 0.0483406
vt 0.871037 0.0477229
vt 0.884353 0.569838
vt 0.884247 0.552782
vt 0.888317 0.554542
vt 0.884247 0.552782
vt 0.884353 0.569838
vt 0.879988 0.56922
vt 0.879988 0.56922
vt 0.880178 0.551023
vt 0.884247 0.552782
vt 0.880178 0.551023
vt 0.879988 0.56922
vt 0.875622 0.568603
vt 0.884353 0.586395
vt 0.879988 0.56922
vt 0.884353 0.569838
vt 0.879988 0.56922
vt 0.884353 0.586395
vt 0.879988 0.587013
vt 0.879988 0.587013
vt 0.875622 0.568603
vt 0.879988 0.56922
vt 0.875622 0.568603
vt 0.879988 0.587013
vt 0.875622 0.58763
vt 0.888317 0.601691
vt 0.879988 0.587013
vt 0.884353 0.586395
vt 0.0636536 0.0885056
vt 0.0635477 0.07145
vt 0.0679132 0.0720677
vt 0.0679132 0.0720677
vt 0.0677234 0.0902648
vt 0.0636536 0.0885056
vt 0.875622 0.58763
vt 0.884247 0.603451
vt 0.880178 0.60521
vt 0.0635477 0.0548933
vt 0.0679132 0.0720677
vt 0.0635477 0.07145
vt 0.0679132 0.0720677
vt 0.0635477 0.0548933
vt 0.0679132 0.0542755
vt 0.0679132 0.0542755
vt 0.0722788 0.0726855
vt 0.0679132 0.0720677
vt 0.0722788 0.0726855
vt 0.0679132 0.0542755
vt 0.0722788 0.0536578
vt 0.00938378 0.0705155
vt 0.00948969 0.087571
vt 0.00541998 0.0858119
vt 0.00948969 0.087571
vt 0.00938378 0.0705155
vt 0.0137493 0.0711331
vt 0.0137493 0.0711331
vt 0.0135595 0.0893301
vt 0.00948969 0.087571
vt 0.0135595 0.0893301
vt 0.0137493 0.0711331
vt 0.0181148 0.0717509
vt 0.00938378 0.0539586
vt 0.0137493 0.0711331
vt 0.00938378 0.0705155
vt 0.0137493 0.0711331
vt 0.00938378 0.0539586
vt 0.0137493 0.0533409
vt 0.0137493 0.0533409
vt 0.0181148 0.0717509
vt 0.0137493 0.0711331
vt 0.0181148 0.0717509
vt 0.0137493 0.0533409
vt 0.0181148 0.0527232
vt 0.00541998 0.0386621
vt 0.0137493 0.0533409
vt 0.00938378 0.0539586
vt 0.0137493 0.0533409
vt 0.00541998 0.0386621
vt 0.00948969 0.036903
vt 0.00948969 0.036903
vt 0.0181148 0.0527232
vt 0.0137493 0.0533409
vt 0.954413 0.74442
vt 0.951977 0.762454
vt 0.947721 0.761302
vt 0.954189 0.780036
vt 0.951977 0.762454
vt 0.956233 0.763606
vt 0.951977 0.762454
vt 0.954189 0.780036
vt 0.94978 0.78011
vt 0.94978 0.78011
vt 0.947721 0.761302
vt 0.951977 0.762454
vt 0.947721 0.761302
vt 0.94978 0.78011
vt 0.945372 0.780184
vt 0.956233 0.795705
vt 0.94978 0.78011
vt 0.954189 0.780036
vt 0.163911 0.0432893
vt 0.162602 0.060295
vt 0.158303 0.0593174
vt 0.158303 0.0593174
vt 0.160001 0.0411988
vt 0.163911 0.0432893
vt 0.945372 0.780184
vt 0.951977 0.796948
vt 0.947721 0.798191
vt 0.161229 0.0767947
vt 0.158303 0.0593174
vt 0.162602 0.060295
vt 0.158303 0.0593174
vt 0.161229 0.0767947
vt 0.156827 0.0770484
vt 0.156827 0.0770484
vt 0.154004 0.0583398
vt 0.158303 0.0593174
vt 0.154004 0.0583398
vt 0.156827 0.0770484
vt 0.152426 0.0773019
vt 0.277055 0.175065
vt 0.277055 0.158009
vt 0.281114 0.159793
vt 0.156827 0.0770484
vt 0.163911 0.0923672
vt 0.159709 0.0937828
vt 0.159709 0.0937828
vt 0.152426 0.0773019
vt 0.156827 0.0770484
vt 0.932126 0.427359
vt 0.932316 0.409162
vt 0.936681 0.409779
vt 0.92795 0.391987
vt 0.932316 0.409162
vt 0.92795 0.408544
vt 0.932316 0.409162
vt 0.92795 0.391987
vt 0.932316 0.39137
vt 0.932316 0.39137
vt 0.936681 0.409779
vt 0.932316 0.409162
vt 0.936681 0.409779
vt 0.932316 0.39137
vt 0.936681 0.390752
vt 0.933227 0.337478
vt 0.933333 0.354533
vt 0.929263 0.352774
vt 0.933333 0.354533
vt 0.933227 0.337478
vt 0.937592 0.338096
vt 0.937592 0.338096
vt 0.937402 0.356293
vt 0.933333 0.354533
vt 0.936681 0.390752
vt 0.928056 0.374932
vt 0.932126 0.373172
vt 0.933227 0.320921
vt 0.937592 0.338096
vt 0.933227 0.337478
vt 0.937592 0.338096
vt 0.933227 0.320921
vt 0.937592 0.320303
vt 0.937592 0.320303
vt 0.941958 0.338713
vt 0.937592 0.338096
vt 0.941958 0.338713
vt 0.937592 0.320303
vt 0.941958 0.319686
vt 0.192091 0.309738
vt 0.167459 0.2953
vt 0.192825 0.295366
vt 0.192091 0.309738
vt 0.168121 0.309675
vt 0.167459 0.2953
vt 0.192091 0.309738
vt 0.16756 0.524032
vt 0.168121 0.309675
vt 0.191529 0.524095
vt 0.16756 0.524032
vt 0.192091 0.309738
vt 0.168121 0.309675
vt 0.144027 0.295366
vt 0.167459 0.2953
vt 0.168121 0.309675
vt 0.145981 0.309738
vt 0.144027 0.295366
vt 0.168121 0.309675
vt 0.145419 0.524095
vt 0.145981 0.309738
vt 0.16756 0.524032
vt 0.145419 0.524095
vt 0.168121 0.309675
vt 0.0464686 0.309595
vt 0.0217667 0.295351
vt 0.0471332 0.295272
vt 0.0464686 0.309595
vt 0.0224994 0.30967
vt 0.0217667 0.295351
vt 0.0464686 0.309595
vt 0.023164 0.524044
vt 0.0224994 0.30967
vt 0.0471332 0.52397
vt 0.023164 0.524044
vt 0.0464686 0.309595
vt 0.572447 0.309921
vt 0.551024 0.295369
vt 0.574471 0.29556
vt 0.572447 0.309921
vt 0.550291 0.309741
vt 0.551024 0.295369
vt 0.0224994 0.30967
vt 0.000992186 0.524095
vt 0.000327632 0.30972
vt 0.023164 0.524044
vt 0.000992186 0.524095
vt 0.0224994 0.30967
vt 0.550291 0.309741
vt 0.525657 0.295302
vt 0.551024 0.295369
vt 0.550291 0.309741
vt 0.526322 0.309678
vt 0.525657 0.295302
vt 0.550291 0.309741
vt 0.525752 0.524034
vt 0.526322 0.309678
vt 0.549722 0.524098
vt 0.525752 0.524034
vt 0.550291 0.309741
vt 0.526322 0.309678
vt 0.502233 0.295369
vt 0.525657 0.295302
vt 0.526322 0.309678
vt 0.504188 0.309741
vt 0.502233 0.295369
vt 0.526322 0.309678
vt 0.503619 0.524098
vt 0.504188 0.309741
vt 0.525752 0.524034
vt 0.503619 0.524098
vt 0.526322 0.309678
vt 0.500917 0.309593
vt 0.476211 0.295345
vt 0.501578 0.295267
vt 0.500917 0.309593
vt 0.476948 0.309667
vt 0.476211 0.295345
vt 0.500917 0.309593
vt 0.477609 0.524042
vt 0.476948 0.309667
vt 0.501578 0.523968
vt 0.477609 0.524042
vt 0.500917 0.309593
vt 0.141346 0.309916
vt 0.119932 0.295366
vt 0.143372 0.295555
vt 0.141346 0.309916
vt 0.119197 0.309738
vt 0.119932 0.295366
vt 0.476948 0.309667
vt 0.455447 0.524098
vt 0.454786 0.309723
vt 0.477609 0.524042
vt 0.455447 0.524098
vt 0.476948 0.309667
vt 0.119197 0.309738
vt 0.0945652 0.2953
vt 0.119932 0.295366
vt 0.119197 0.309738
vt 0.0952279 0.309675
vt 0.0945652 0.2953
vt 0.119197 0.309738
vt 0.0946663 0.524032
vt 0.0952279 0.309675
vt 0.118636 0.524095
vt 0.0946663 0.524032
vt 0.119197 0.309738
vt 0.0952279 0.309675
vt 0.0711339 0.295367
vt 0.0945652 0.2953
vt 0.0952279 0.309675
vt 0.0730873 0.309738
vt 0.0711339 0.295367
vt 0.0952279 0.309675
vt 0.0725257 0.524095
vt 0.0730873 0.309738
vt 0.0946663 0.524032
vt 0.0725257 0.524095
vt 0.0952279 0.309675
vt 0.263062 0.309595
vt 0.23836 0.295351
vt 0.263726 0.295272
vt 0.263062 0.309595
vt 0.239092 0.30967
vt 0.23836 0.295351
vt 0.263062 0.309595
vt 0.239757 0.524044
vt 0.239092 0.30967
vt 0.263726 0.52397
vt 0.239757 0.524044
vt 0.263062 0.309595
vt 0.428748 0.309921
vt 0.407324 0.295369
vt 0.430772 0.29556
vt 0.428748 0.309921
vt 0.406592 0.309741
vt 0.407324 0.295369
vt 0.239092 0.30967
vt 0.217585 0.524095
vt 0.216921 0.30972
vt 0.239757 0.524044
vt 0.217585 0.524095
vt 0.239092 0.30967
vt 0.406592 0.309741
vt 0.381957 0.295302
vt 0.407324 0.295369
vt 0.406592 0.309741
vt 0.382622 0.309678
vt 0.381957 0.295302
vt 0.406592 0.309741
vt 0.382053 0.524035
vt 0.382622 0.309678
vt 0.406022 0.524098
vt 0.382053 0.524035
vt 0.406592 0.309741
vt 0.382622 0.309678
vt 0.358534 0.295369
vt 0.381957 0.295302
vt 0.382622 0.309678
vt 0.360489 0.309741
vt 0.358534 0.295369
vt 0.382622 0.309678
vt 0.359919 0.524098
vt 0.360489 0.309741
vt 0.382053 0.524035
vt 0.359919 0.524098
vt 0.382622 0.309678
vt 0.357217 0.309593
vt 0.332512 0.295345
vt 0.357878 0.295267
vt 0.357217 0.309593
vt 0.333248 0.309667
vt 0.332512 0.295345
vt 0.357217 0.309593
vt 0.333909 0.524042
vt 0.333248 0.309667
vt 0.357878 0.523968
vt 0.333909 0.524042
vt 0.357217 0.309593
vt 0.21424 0.309916
vt 0.192825 0.295366
vt 0.216265 0.295555
vt 0.21424 0.309916
vt 0.192091 0.309738
vt 0.192825 0.295366
vt 0.333248 0.309667
vt 0.311747 0.524098
vt 0.311086 0.309723
vt 0.333909 0.524042
vt 0.311747 0.524098
vt 0.333248 0.309667
vt 0.0200858 0.120693
vt 0.022912 0.0952627
vt 0.0312116 0.101676
vt 0.022912 0.0952627
vt 0.0200858 0.120693
vt 0.0101131 0.117139
vt 0.454131 0.378757
vt 0.436107 0.358414
vt 0.446512 0.356612
vt 0.436107 0.358414
vt 0.454131 0.378757
vt 0.444871 0.383889
vt 0.446512 0.356612
vt 0.436107 0.33084
vt 0.446512 0.332642
vt 0.436107 0.33084
vt 0.446512 0.356612
vt 0.436107 0.358414
vt 0.446512 0.332642
vt 0.444871 0.305366
vt 0.454131 0.310498
vt 0.444871 0.305366
vt 0.446512 0.332642
vt 0.436107 0.33084
vt 0.0487878 0.33339
vt 0.0487878 0.307803
vt 0.0577451 0.31326
vt 0.484603 0.163171
vt 0.477363 0.138034
vt 0.487852 0.138034
vt 0.92184 0.730447
vt 0.900741 0.713314
vt 0.910714 0.70984
vt 0.900741 0.713314
vt 0.92184 0.730447
vt 0.91354 0.73702
vt 0.910714 0.70984
vt 0.896247 0.686109
vt 0.906807 0.686191
vt 0.896247 0.686109
vt 0.910714 0.70984
vt 0.900741 0.713314
vt 0.906807 0.686191
vt 0.900741 0.659547
vt 0.910714 0.663101
vt 0.900741 0.659547
vt 0.906807 0.686191
vt 0.896247 0.686109
vt 0.910714 0.663101
vt 0.91354 0.63767
vt 0.92184 0.644084
vt 0.91354 0.63767
vt 0.910714 0.663101
vt 0.900741 0.659547
vt 0.0312115 0.288044
vt 0.010113 0.270911
vt 0.0200857 0.267437
vt 0.010113 0.270911
vt 0.0312115 0.288044
vt 0.0229118 0.294617
vt 0.0200857 0.267437
vt 0.00561867 0.243706
vt 0.0161788 0.243788
vt 0.00561867 0.243706
vt 0.0200857 0.267437
vt 0.010113 0.270911
vt 0.0161788 0.243788
vt 0.010113 0.217144
vt 0.0200856 0.220698
vt 0.010113 0.217144
vt 0.0161788 0.243788
vt 0.00561867 0.243706
vt 0.0200856 0.220698
vt 0.0229118 0.195267
vt 0.0312115 0.201681
vt 0.0229118 0.195267
vt 0.0200856 0.220698
vt 0.010113 0.217144
vt 0.0312116 0.188039
vt 0.0101131 0.170906
vt 0.0200858 0.167432
vt 0.0101131 0.170906
vt 0.0312116 0.188039
vt 0.022912 0.194612
vt 0.0200858 0.167432
vt 0.00561877 0.143701
vt 0.0161789 0.143783
vt 0.00561877 0.143701
vt 0.0200858 0.167432
vt 0.0101131 0.170906
vt 0.0161789 0.143783
vt 0.0101131 0.117139
vt 0.0200858 0.120693
vt 0.0101131 0.117139
vt 0.0161789 0.143783
vt 0.00561877 0.143701
vt 0.282273 0.345597
vt 0.264381 0.329257
vt 0.279291 0.327209
vt 0.461629 0.0833753
vt 0.481223 0.116809
vt 0.468434 0.101846
vt 0.267145 0.346304
vt 0.264381 0.329257
vt 0.282273 0.345597
vt 0.282273 0.36528
vt 0.267145 0.346304
vt 0.282273 0.345597
vt 0.481223 0.116809
vt 0.518049 0.129636
vt 0.498454 0.126461
vt 0.481223 0.116809
vt 0.554876 0.115853
vt 0.518049 0.129636
vt 0.468434 0.0449777
vt 0.481223 0.116809
vt 0.461629 0.0833753
vt 0.468434 0.0449777
vt 0.554876 0.115853
vt 0.481223 0.116809
vt 0.267145 0.364551
vt 0.267145 0.346304
vt 0.282273 0.36528
vt 0.279292 0.383884
vt 0.267145 0.364551
vt 0.282273 0.36528
vt 0.966908 0.412935
vt 0.950433 0.394651
vt 0.965187 0.393324
vt 0.518049 0.129636
vt 0.554876 0.115853
vt 0.537644 0.125952
vt 0.952028 0.412832
vt 0.950433 0.394651
vt 0.966908 0.412935
vt 0.965187 0.432636
vt 0.952028 0.412832
vt 0.966908 0.412935
vt 0.537646 0.0190745
vt 0.554876 0.115853
vt 0.468434 0.0449777
vt 0.554876 0.115853
vt 0.574471 0.0819099
vt 0.567666 0.100557
vt 0.537646 0.0190745
vt 0.574471 0.0819099
vt 0.554876 0.115853
vt 0.947528 0.924936
vt 0.966062 0.910113
vt 0.96727 0.924932
vt 0.537646 0.0190745
vt 0.498456 0.0195835
vt 0.518051 0.0158994
vt 0.488507 0.292526
vt 0.491271 0.275279
vt 0.503417 0.294612
vt 0.503417 0.294612
vt 0.491271 0.275279
vt 0.506398 0.276009
vt 0.567666 0.0436892
vt 0.574471 0.0819099
vt 0.537646 0.0190745
vt 0.537646 0.0190745
vt 0.468434 0.0449777
vt 0.498456 0.0195835
vt 0.567666 0.0436892
vt 0.537646 0.0190745
vt 0.554877 0.0287259
vt 0.498456 0.0195835
vt 0.468434 0.0449777
vt 0.481224 0.0296823
vt 0.901264 0.0489026
vt 0.884789 0.030619
vt 0.899543 0.0292911
vt 0.929814 0.910108
vt 0.94776 0.910117
vt 0.92817 0.924926
vt 0.92817 0.924926
vt 0.94776 0.910117
vt 0.947528 0.924936
vt 0.965793 0.8953
vt 0.94776 0.910117
vt 0.947812 0.895304
vt 0.947812 0.895304
vt 0.94776 0.910117
vt 0.929814 0.910108
vt 0.94776 0.910117
vt 0.966062 0.910113
vt 0.947528 0.924936
vt 0.965793 0.8953
vt 0.966062 0.910113
vt 0.94776 0.910117
vt 0.0864707 0.078971
vt 0.104479 0.0641117
vt 0.103464 0.0788935
vt 0.103464 0.0788935
vt 0.0860306 0.0937699
vt 0.0864707 0.078971
vt 0.947812 0.895304
vt 0.965967 0.880483
vt 0.965793 0.8953
vt 0.104479 0.0641117
vt 0.0864707 0.078971
vt 0.0887742 0.0641879
vt 0.965967 0.880483
vt 0.947812 0.895304
vt 0.948946 0.880486
vt 0.0884514 0.0493999
vt 0.104084 0.0493283
vt 0.0887742 0.0641879
vt 0.948946 0.880486
vt 0.964585 0.865671
vt 0.965967 0.880483
vt 0.0887742 0.0641879
vt 0.104084 0.0493283
vt 0.104479 0.0641117
vt 0.948044 0.865674
vt 0.964585 0.865671
vt 0.948946 0.880486
vt 0.932137 0.880477
vt 0.948044 0.865674
vt 0.948946 0.880486
vt 0.948946 0.880486
vt 0.93018 0.895295
vt 0.932137 0.880477
vt 0.93018 0.895295
vt 0.948946 0.880486
vt 0.947812 0.895304
vt 0.265376 0.0475984
vt 0.28019 0.0658668
vt 0.265376 0.0648348
vt 0.28019 0.0658668
vt 0.265376 0.0475984
vt 0.28019 0.0479358
vt 0.193381 0.0789459
vt 0.210129 0.0641366
vt 0.210536 0.0789459
vt 0.931824 0.865666
vt 0.948044 0.865674
vt 0.932137 0.880477
vt 0.193711 0.0641366
vt 0.210129 0.0641366
vt 0.193381 0.0789459
vt 0.21009 0.0493269
vt 0.210129 0.0641366
vt 0.193711 0.0641366
vt 0.948044 0.850863
vt 0.948044 0.865674
vt 0.931824 0.865666
vt 0.948044 0.850863
vt 0.931824 0.865666
vt 0.931824 0.850855
vt 0.37531 0.0650899
vt 0.359075 0.036545
vt 0.369672 0.0493646
vt 0.964585 0.85086
vt 0.948044 0.865674
vt 0.948044 0.850863
vt 0.964585 0.85086
vt 0.964585 0.865671
vt 0.948044 0.865674
vt 0.104084 0.0345185
vt 0.0884514 0.0493999
vt 0.0884514 0.0345902
vt 0.359075 0.036545
vt 0.328563 0.0252717
vt 0.344798 0.0281777
vt 0.281817 0.0650902
vt 0.328563 0.0252717
vt 0.359075 0.036545
vt 0.312328 0.118737
vt 0.359075 0.036545
vt 0.369672 0.0975502
vt 0.281817 0.0650902
vt 0.359075 0.036545
vt 0.312328 0.118737
vt 0.369672 0.0975502
vt 0.359075 0.036545
vt 0.37531 0.0650899
vt 0.281817 0.0650902
vt 0.312328 0.118737
vt 0.287455 0.0975501
vt 0.298052 0.036545
vt 0.328563 0.0252717
vt 0.281817 0.0650902
vt 0.298052 0.036545
vt 0.281817 0.0650902
vt 0.287455 0.0493646
vt 0.949914 0.800089
vt 0.933433 0.814975
vt 0.933395 0.800166
vt 0.281817 0.0650902
vt 0.287455 0.0975501
vt 0.281817 0.0818247
vt 0.966332 0.800089
vt 0.949953 0.814899
vt 0.949914 0.800089
vt 0.949914 0.800089
vt 0.949953 0.814899
vt 0.933433 0.814975
vt 0.963563 0.562942
vt 0.947639 0.577759
vt 0.947639 0.562948
vt 0.947639 0.562948
vt 0.947639 0.577759
vt 0.931118 0.577758
vt 0.947639 0.562948
vt 0.931118 0.577758
vt 0.931118 0.562947
vt 0.312328 0.0281777
vt 0.328563 0.0252717
vt 0.298052 0.036545
vt 0.135933 0.0346017
vt 0.120574 0.0493326
vt 0.120574 0.0345228
vt 0.135933 0.0346017
vt 0.135933 0.0494114
vt 0.120574 0.0493326
vt 0.104479 0.0641117
vt 0.120574 0.0493326
vt 0.120995 0.064114
vt 0.104084 0.0493283
vt 0.120574 0.0493326
vt 0.104479 0.0641117
vt 0.120574 0.0493326
vt 0.135933 0.0494114
vt 0.120995 0.064114
vt 0.120574 0.0345228
vt 0.120574 0.0493326
vt 0.104084 0.0493283
vt 0.120995 0.064114
vt 0.103464 0.0788935
vt 0.104479 0.0641117
vt 0.120995 0.064114
vt 0.135933 0.0494114
vt 0.136329 0.0641945
vt 0.103464 0.0788935
vt 0.120995 0.064114
vt 0.12139 0.0788978
vt 0.136329 0.0641945
vt 0.12139 0.0788978
vt 0.120995 0.064114
vt 0.931118 0.577758
vt 0.947639 0.577759
vt 0.929991 0.592571
vt 0.929991 0.592571
vt 0.947639 0.577759
vt 0.94672 0.592572
vt 0.94672 0.592572
vt 0.93011 0.607385
vt 0.929991 0.592571
vt 0.12139 0.0788978
vt 0.136329 0.0641945
vt 0.138087 0.0789838
vt 0.93011 0.607385
vt 0.94672 0.592572
vt 0.94807 0.607387
vt 0.94807 0.607387
vt 0.929886 0.622197
vt 0.93011 0.607385
vt 0.138087 0.0789838
vt 0.138565 0.093783
vt 0.121572 0.0936956
vt 0.138087 0.0789838
vt 0.121572 0.0936956
vt 0.12139 0.0788978
vt 0.962963 0.592565
vt 0.94807 0.607387
vt 0.94672 0.592572
vt 0.94807 0.607387
vt 0.962963 0.592565
vt 0.965381 0.607379
vt 0.965381 0.607379
vt 0.948165 0.622199
vt 0.94807 0.607387
vt 0.94807 0.607387
vt 0.948165 0.622199
vt 0.929886 0.622197
vt 0.949623 0.829708
vt 0.932147 0.844546
vt 0.93241 0.829784
vt 0.956063 0.561851
vt 0.944379 0.543079
vt 0.959192 0.544112
vt 0.91436 0.849565
vt 0.899526 0.831303
vt 0.914324 0.831607
vt 0.965381 0.607379
vt 0.965784 0.622192
vt 0.948165 0.622199
vt 0.950433 0.431096
vt 0.952028 0.412832
vt 0.965187 0.432636
vt 0.91436 0.849565
vt 0.899563 0.849582
vt 0.899526 0.831303
vt 0.948165 0.622199
vt 0.965784 0.622192
vt 0.948597 0.637015
vt 0.948597 0.637015
vt 0.965784 0.622192
vt 0.967602 0.637007
vt 0.944379 0.525843
vt 0.959192 0.544112
vt 0.944379 0.543079
vt 0.959192 0.544112
vt 0.944379 0.525843
vt 0.959192 0.52618
vt 0.914313 0.867412
vt 0.899563 0.849582
vt 0.91436 0.849565
vt 0.948946 0.955222
vt 0.93018 0.970032
vt 0.932137 0.955213
vt 0.93018 0.970032
vt 0.948946 0.955222
vt 0.947812 0.970041
vt 0.947812 0.970041
vt 0.929814 0.984844
vt 0.93018 0.970032
vt 0.914313 0.867412
vt 0.899515 0.867746
vt 0.899563 0.849582
vt 0.965967 0.955219
vt 0.947812 0.970041
vt 0.948946 0.955222
vt 0.947812 0.970041
vt 0.965967 0.955219
vt 0.965793 0.970037
vt 0.965793 0.970037
vt 0.94776 0.984853
vt 0.947812 0.970041
vt 0.947812 0.970041
vt 0.94776 0.984853
vt 0.929814 0.984844
vt 0.228625 0.0788932
vt 0.211192 0.0937696
vt 0.211632 0.0789707
vt 0.965793 0.970037
vt 0.966061 0.98485
vt 0.94776 0.984853
vt 0.211632 0.0789707
vt 0.22964 0.0641117
vt 0.228625 0.0788932
vt 0.22964 0.0641117
vt 0.211632 0.0789707
vt 0.213935 0.0641879
vt 0.22964 0.0641117
vt 0.245735 0.0493326
vt 0.246156 0.064114
vt 0.246156 0.064114
vt 0.228625 0.0788932
vt 0.22964 0.0641117
vt 0.229245 0.0493283
vt 0.245735 0.0493326
vt 0.22964 0.0641117
vt 0.213935 0.0641879
vt 0.229245 0.0493283
vt 0.22964 0.0641117
vt 0.245735 0.0345228
vt 0.245735 0.0493326
vt 0.229245 0.0493283
vt 0.213613 0.0493999
vt 0.229245 0.0493283
vt 0.213935 0.0641879
vt 0.229245 0.0345185
vt 0.229245 0.0493283
vt 0.213613 0.0493999
vt 0.245735 0.0345228
vt 0.229245 0.0493283
vt 0.229245 0.0345185
vt 0.312328 0.118737
vt 0.344798 0.118737
vt 0.328563 0.121643
vt 0.261094 0.0346017
vt 0.245735 0.0493326
vt 0.245735 0.0345228
vt 0.261094 0.0346017
vt 0.261094 0.0494114
vt 0.245735 0.0493326
vt 0.948023 0.207287
vt 0.931502 0.222097
vt 0.931502 0.207286
vt 0.312328 0.118737
vt 0.369672 0.0975502
vt 0.344798 0.118737
vt 0.344798 0.118737
vt 0.369672 0.0975502
vt 0.359075 0.11037
vt 0.963947 0.207281
vt 0.948023 0.222098
vt 0.948023 0.207287
vt 0.948023 0.207287
vt 0.948023 0.222098
vt 0.931502 0.222097
vt 0.930375 0.23691
vt 0.948023 0.222098
vt 0.947104 0.236911
vt 0.931502 0.222097
vt 0.948023 0.222098
vt 0.930375 0.23691
vt 0.948023 0.222098
vt 0.963947 0.222092
vt 0.947104 0.236911
vt 0.963947 0.207281
vt 0.963947 0.222092
vt 0.948023 0.222098
vt 0.947104 0.236911
vt 0.930494 0.251724
vt 0.930375 0.23691
vt 0.963347 0.236904
vt 0.948454 0.251725
vt 0.947104 0.236911
vt 0.930494 0.251724
vt 0.947104 0.236911
vt 0.948454 0.251725
vt 0.947104 0.236911
vt 0.963947 0.222092
vt 0.963347 0.236904
vt 0.948454 0.251725
vt 0.930271 0.266536
vt 0.930494 0.251724
vt 0.263248 0.0789832
vt 0.263726 0.0937827
vt 0.246733 0.0936953
vt 0.263248 0.0789832
vt 0.246733 0.0936953
vt 0.246551 0.0788974
vt 0.246551 0.0788974
vt 0.26149 0.0641945
vt 0.263248 0.0789832
vt 0.246551 0.0788974
vt 0.246733 0.0936953
vt 0.228488 0.0936908
vt 0.26149 0.0641945
vt 0.246551 0.0788974
vt 0.246156 0.064114
vt 0.228625 0.0788932
vt 0.246156 0.064114
vt 0.246551 0.0788974
vt 0.246551 0.0788974
vt 0.228488 0.0936908
vt 0.228625 0.0788932
vt 0.193381 0.0789459
vt 0.175905 0.0937834
vt 0.176168 0.0790222
vt 0.948454 0.251725
vt 0.963347 0.236904
vt 0.965765 0.251718
vt 0.177192 0.064213
vt 0.193711 0.0641366
vt 0.176168 0.0790222
vt 0.176168 0.0790222
vt 0.193711 0.0641366
vt 0.193381 0.0789459
vt 0.965765 0.251718
vt 0.94855 0.266538
vt 0.948454 0.251725
vt 0.277061 0.0836055
vt 0.265376 0.0648348
vt 0.28019 0.0658668
vt 0.943724 0.544105
vt 0.92889 0.525844
vt 0.943688 0.526147
vt 0.965765 0.251718
vt 0.966169 0.266531
vt 0.94855 0.266538
vt 0.94855 0.266538
vt 0.966169 0.266531
vt 0.948981 0.281354
vt 0.943724 0.544105
vt 0.928926 0.544122
vt 0.92889 0.525844
vt 0.884789 0.0670632
vt 0.886384 0.0487999
vt 0.899543 0.0686036
vt 0.948981 0.281354
vt 0.966169 0.266531
vt 0.967986 0.281346
vt 0.468434 0.0449777
vt 0.461629 0.0833753
vt 0.461629 0.0636253
vt 0.929263 0.281352
vt 0.94855 0.266538
vt 0.948981 0.281354
vt 0.943677 0.561952
vt 0.928926 0.544122
vt 0.943724 0.544105
vt 0.943677 0.561952
vt 0.928879 0.562286
vt 0.928926 0.544122
vt 0.886384 0.0487999
vt 0.884789 0.030619
vt 0.901264 0.0489026
vt 0.899543 0.0686036
vt 0.886384 0.0487999
vt 0.901264 0.0489026
vt 0.930271 0.266536
vt 0.94855 0.266538
vt 0.929263 0.281352
vt 0.948454 0.251725
vt 0.94855 0.266538
vt 0.930271 0.266536
vt 0.193673 0.0493269
vt 0.177192 0.064213
vt 0.177153 0.0494034
vt 0.193673 0.0493269
vt 0.193711 0.0641366
vt 0.177192 0.064213
vt 0.21009 0.0493269
vt 0.193711 0.0641366
vt 0.193673 0.0493269
vt 0.369672 0.0975502
vt 0.37531 0.0650899
vt 0.37531 0.0818247
vt 0.246156 0.064114
vt 0.261094 0.0494114
vt 0.26149 0.0641945
vt 0.245735 0.0493326
vt 0.261094 0.0494114
vt 0.246156 0.064114
vt 0.948946 0.955222
vt 0.964585 0.940407
vt 0.965967 0.955219
vt 0.948044 0.94041
vt 0.964585 0.940407
vt 0.948946 0.955222
vt 0.964585 0.925596
vt 0.964585 0.940407
vt 0.948044 0.94041
vt 0.229245 0.0345185
vt 0.213613 0.0493999
vt 0.213613 0.0345902
vt 0.287455 0.0975501
vt 0.312328 0.118737
vt 0.298052 0.11037
vt 0.964585 0.925596
vt 0.948044 0.94041
vt 0.948044 0.925599
vt 0.932137 0.955213
vt 0.948044 0.94041
vt 0.948946 0.955222
vt 0.931824 0.940402
vt 0.948044 0.94041
vt 0.932137 0.955213
vt 0.948044 0.925599
vt 0.948044 0.94041
vt 0.931824 0.940402
vt 0.949623 0.829708
vt 0.96637 0.814899
vt 0.966778 0.829708
vt 0.948044 0.925599
vt 0.931824 0.940402
vt 0.931824 0.925591
vt 0.966332 0.800089
vt 0.96637 0.814899
vt 0.949953 0.814899
vt 0.949953 0.814899
vt 0.96637 0.814899
vt 0.949623 0.829708
vt 0.228625 0.0788932
vt 0.228488 0.0936908
vt 0.211192 0.0937696
vt 0.264381 0.381797
vt 0.267145 0.364551
vt 0.279292 0.383884
vt 0.947528 0.999672
vt 0.966061 0.98485
vt 0.96727 0.999668
vt 0.94776 0.984853
vt 0.966061 0.98485
vt 0.947528 0.999672
vt 0.92817 0.999663
vt 0.94776 0.984853
vt 0.947528 0.999672
vt 0.929814 0.984844
vt 0.94776 0.984853
vt 0.92817 0.999663
vt 0.93241 0.829784
vt 0.949953 0.814899
vt 0.949623 0.829708
vt 0.929886 0.622197
vt 0.948165 0.622199
vt 0.928879 0.637014
vt 0.928879 0.637014
vt 0.948165 0.622199
vt 0.948597 0.637015
vt 0.506398 0.256326
vt 0.488507 0.239985
vt 0.503417 0.237937
vt 0.574471 0.0621599
vt 0.574471 0.0819099
vt 0.567666 0.0436892
vt 0.933433 0.814975
vt 0.949953 0.814899
vt 0.93241 0.829784
vt 0.94672 0.592572
vt 0.963563 0.577753
vt 0.962963 0.592565
vt 0.12139 0.0788978
vt 0.121572 0.0936956
vt 0.103326 0.0936911
vt 0.506398 0.276009
vt 0.491271 0.257032
vt 0.506398 0.256326
vt 0.491271 0.257032
vt 0.488507 0.239985
vt 0.506398 0.256326
vt 0.491271 0.275279
vt 0.491271 0.257032
vt 0.506398 0.276009
vt 0.947639 0.577759
vt 0.963563 0.577753
vt 0.94672 0.592572
vt 0.12139 0.0788978
vt 0.103326 0.0936911
vt 0.103464 0.0788935
vt 0.963563 0.562942
vt 0.963563 0.577753
vt 0.947639 0.577759
vt 0.120574 0.0345228
vt 0.104084 0.0493283
vt 0.104084 0.0345185
vt 0.104084 0.0345185
vt 0.104084 0.0493283
vt 0.0884514 0.0493999
vt 0.947812 0.895304
vt 0.929814 0.910108
vt 0.93018 0.895295
vt 0.103464 0.0788935
vt 0.103326 0.0936911
vt 0.0860306 0.0937699
vt 0.331416 0.232882
vt 0.343547 0.245013
vt 0.371237 0.203572
vt 0.277055 0.225114
vt 0.279303 0.225561
vt 0.279303 0.17572
vt 0.343547 0.245013
vt 0.331416 0.232882
vt 0.301722 0.252723
vt 0.281817 0.266023
vt 0.310406 0.294612
vt 0.323706 0.274707
vt 0.301722 0.252723
vt 0.281817 0.266023
vt 0.323706 0.274707
vt 0.343547 0.245013
vt 0.301722 0.252723
vt 0.323706 0.274707
vt 0.551283 0.171158
vt 0.574471 0.142117
vt 0.56153 0.130291
vt 0.431938 0.429725
vt 0.431938 0.47873
vt 0.446429 0.477281
vt 0.446429 0.431186
vt 0.431938 0.429725
vt 0.446429 0.477281
vt 0.551283 0.171158
vt 0.56153 0.130291
vt 0.535092 0.163401
vt 0.527444 0.524753
vt 0.478438 0.524753
vt 0.477901 0.538452
vt 0.477824 0.956565
vt 0.528055 0.956565
vt 0.528055 0.55277
vt 0.477824 0.55277
vt 0.477824 0.956565
vt 0.528055 0.55277
vt 0.477824 0.55277
vt 0.528055 0.55277
vt 0.527979 0.538452
vt 0.477901 0.538452
vt 0.477824 0.55277
vt 0.527979 0.538452
vt 0.527444 0.524753
vt 0.477901 0.538452
vt 0.527979 0.538452
vt 0.528055 0.956565
vt 0.477824 0.956565
vt 0.478208 0.981509
vt 0.479283 0.999434
vt 0.526604 0.999434
vt 0.527673 0.981508
vt 0.478208 0.981509
vt 0.479283 0.999434
vt 0.527673 0.981508
vt 0.528055 0.956565
vt 0.478208 0.981509
vt 0.527673 0.981508
vt 0.89886 0.824027
vt 0.89886 0.776706
vt 0.884344 0.778352
vt 0.872058 0.780458
vt 0.872058 0.820276
vt 0.884344 0.822381
vt 0.884344 0.778352
vt 0.872058 0.780458
vt 0.884344 0.822381
vt 0.89886 0.824027
vt 0.884344 0.778352
vt 0.884344 0.822381
vt 0.248489 0.251224
vt 0.263726 0.214437
vt 0.251409 0.211986
vt 0.237937 0.209307
vt 0.226626 0.236615
vt 0.238047 0.244246
vt 0.251409 0.211986
vt 0.237937 0.209307
vt 0.238047 0.244246
vt 0.248489 0.251224
vt 0.251409 0.211986
vt 0.238047 0.244246
vt 0.31036 0.419342
vt 0.310431 0.392019
vt 0.308778 0.392014
vt 0.308707 0.419338
vt 0.31036 0.419342
vt 0.308778 0.392014
vt 0.308707 0.419338
vt 0.308778 0.392014
vt 0.303598 0.391876
vt 0.303526 0.41945
vt 0.308707 0.419338
vt 0.303598 0.391876
vt 0.303526 0.41945
vt 0.303598 0.391876
vt 0.298426 0.391863
vt 0.298354 0.419436
vt 0.303526 0.41945
vt 0.298426 0.391863
vt 0.324851 0.217033
vt 0.331416 0.232882
vt 0.372857 0.205192
vt 0.277055 0.326106
vt 0.279303 0.326553
vt 0.279303 0.276712
vt 0.331416 0.232882
vt 0.324851 0.217033
vt 0.289824 0.224
vt 0.893433 0.954252
vt 0.906283 0.991605
vt 0.927514 0.978305
vt 0.917633 0.949582
vt 0.893433 0.954252
vt 0.927514 0.978305
vt 0.331416 0.232882
vt 0.289824 0.224
vt 0.301722 0.252723
vt 0.906283 0.991605
vt 0.893433 0.954252
vt 0.875594 0.957085
vt 0.440125 0.384544
vt 0.431938 0.429725
vt 0.446429 0.431186
vt 0.454131 0.388687
vt 0.440125 0.384544
vt 0.446429 0.431186
vt 0.906283 0.991605
vt 0.875594 0.957085
vt 0.890245 0.999672
vt 0.716419 0.0496366
vt 0.671199 0.0496747
vt 0.671743 0.0634158
vt 0.431427 0.956818
vt 0.477824 0.956565
vt 0.477824 0.55277
vt 0.431427 0.553023
vt 0.431427 0.956818
vt 0.477824 0.55277
vt 0.431427 0.553023
vt 0.477824 0.55277
vt 0.477901 0.538452
vt 0.431645 0.538705
vt 0.431427 0.553023
vt 0.477901 0.538452
vt 0.716419 0.0496366
vt 0.671743 0.0634158
vt 0.717952 0.0633768
vt 0.477824 0.956565
vt 0.431427 0.956818
vt 0.432518 0.981757
vt 0.435573 0.999672
vt 0.479283 0.999434
vt 0.478208 0.981509
vt 0.432518 0.981757
vt 0.435573 0.999672
vt 0.478208 0.981509
vt 0.477824 0.956565
vt 0.432518 0.981757
vt 0.478208 0.981509
vt 0.939279 0.433291
vt 0.92795 0.47701
vt 0.942465 0.478657
vt 0.862526 0.743671
vt 0.872058 0.780458
vt 0.884344 0.778352
vt 0.873804 0.737675
vt 0.862526 0.743671
vt 0.884344 0.778352
vt 0.89886 0.776706
vt 0.873804 0.737675
vt 0.884344 0.778352
vt 0.263726 0.214437
vt 0.263726 0.174619
vt 0.251409 0.177069
vt 0.237937 0.179748
vt 0.237937 0.209307
vt 0.251409 0.211986
vt 0.251409 0.177069
vt 0.237937 0.179748
vt 0.251409 0.211986
vt 0.263726 0.214437
vt 0.251409 0.177069
vt 0.251409 0.211986
vt 0.310431 0.444581
vt 0.31036 0.419342
vt 0.308707 0.419338
vt 0.308778 0.444577
vt 0.310431 0.444581
vt 0.308707 0.419338
vt 0.308778 0.444577
vt 0.308707 0.419338
vt 0.303526 0.41945
vt 0.303598 0.44492
vt 0.308778 0.444577
vt 0.303526 0.41945
vt 0.303598 0.44492
vt 0.303526 0.41945
vt 0.298354 0.419436
vt 0.298426 0.444906
vt 0.303598 0.44492
vt 0.298354 0.419436
vt 0.324851 0.199877
vt 0.324851 0.217033
vt 0.373734 0.207309
vt 0.00271579 0.193177
vt 0.00496333 0.193624
vt 0.00496333 0.143784
vt 0.324851 0.217033
vt 0.324851 0.199877
vt 0.289824 0.19291
vt 0.893433 0.913822
vt 0.893433 0.954252
vt 0.917633 0.949582
vt 0.917633 0.918492
vt 0.893433 0.913822
vt 0.917633 0.949582
vt 0.324851 0.217033
vt 0.289824 0.19291
vt 0.289824 0.224
vt 0.893433 0.954252
vt 0.893433 0.913822
vt 0.875594 0.910989
vt 0.862526 0.909534
vt 0.862526 0.95854
vt 0.875594 0.957085
vt 0.875594 0.910989
vt 0.862526 0.909534
vt 0.875594 0.957085
vt 0.893433 0.954252
vt 0.875594 0.910989
vt 0.875594 0.957085
vt 0.671199 0.0496747
vt 0.622193 0.049675
vt 0.621665 0.0634161
vt 0.62159 0.48157
vt 0.67182 0.481569
vt 0.67182 0.0777409
vt 0.62159 0.0777412
vt 0.62159 0.48157
vt 0.67182 0.0777409
vt 0.62159 0.0777412
vt 0.67182 0.0777409
vt 0.671743 0.0634158
vt 0.621665 0.0634161
vt 0.62159 0.0777412
vt 0.671743 0.0634158
vt 0.671199 0.0496747
vt 0.621665 0.0634161
vt 0.671743 0.0634158
vt 0.67182 0.481569
vt 0.62159 0.48157
vt 0.621967 0.506486
vt 0.623023 0.524332
vt 0.670344 0.524331
vt 0.671432 0.506486
vt 0.621967 0.506486
vt 0.623023 0.524332
vt 0.671432 0.506486
vt 0.67182 0.481569
vt 0.621967 0.506486
vt 0.671432 0.506486
vt 0.92795 0.47701
vt 0.92795 0.524332
vt 0.942465 0.522686
vt 0.954751 0.52058
vt 0.954751 0.480762
vt 0.942465 0.478657
vt 0.942465 0.522686
vt 0.954751 0.52058
vt 0.942465 0.478657
vt 0.92795 0.47701
vt 0.942465 0.522686
vt 0.942465 0.478657
vt 0.263726 0.174619
vt 0.248489 0.137831
vt 0.238047 0.144809
vt 0.226626 0.15244
vt 0.237937 0.179748
vt 0.251409 0.177069
vt 0.238047 0.144809
vt 0.226626 0.15244
vt 0.251409 0.177069
vt 0.263726 0.174619
vt 0.238047 0.144809
vt 0.251409 0.177069
vt 0.298413 0.338291
vt 0.298413 0.365615
vt 0.300066 0.365615
vt 0.300066 0.338291
vt 0.298413 0.338291
vt 0.300066 0.365615
vt 0.300066 0.338291
vt 0.300066 0.365615
vt 0.305237 0.365741
vt 0.305237 0.338168
vt 0.300066 0.338291
vt 0.305237 0.365741
vt 0.305237 0.338168
vt 0.305237 0.365741
vt 0.31041 0.365741
vt 0.31041 0.338168
vt 0.305237 0.338168
vt 0.31041 0.365741
vt 0.331416 0.184028
vt 0.324851 0.199877
vt 0.373734 0.209601
vt 0.048286 0.383439
vt 0.0505335 0.383886
vt 0.0505335 0.334045
vt 0.324851 0.199877
vt 0.331416 0.184028
vt 0.301722 0.164187
vt 0.906283 0.876469
vt 0.893433 0.913822
vt 0.917633 0.918492
vt 0.927514 0.889769
vt 0.906283 0.876469
vt 0.917633 0.918492
vt 0.324851 0.199877
vt 0.301722 0.164187
vt 0.289824 0.19291
vt 0.893433 0.913822
vt 0.906283 0.876469
vt 0.890245 0.868402
vt 0.295407 0.429814
vt 0.28597 0.384539
vt 0.271998 0.388681
vt 0.280875 0.431269
vt 0.295407 0.429814
vt 0.271998 0.388681
vt 0.893433 0.913822
vt 0.890245 0.868402
vt 0.875594 0.910989
vt 0.622193 0.049675
vt 0.576863 0.0496374
vt 0.575344 0.0633777
vt 0.575127 0.481531
vt 0.62159 0.48157
vt 0.62159 0.0777412
vt 0.575127 0.0777026
vt 0.575127 0.481531
vt 0.62159 0.0777412
vt 0.575127 0.0777026
vt 0.62159 0.0777412
vt 0.621665 0.0634161
vt 0.575344 0.0633777
vt 0.575127 0.0777026
vt 0.621665 0.0634161
vt 0.622193 0.049675
vt 0.575344 0.0633777
vt 0.621665 0.0634161
vt 0.143372 0.956815
vt 0.0969405 0.95656
vt 0.0965602 0.981504
vt 0.0954952 0.999431
vt 0.139237 0.99967
vt 0.142284 0.981755
vt 0.0965602 0.981504
vt 0.0954952 0.999431
vt 0.142284 0.981755
vt 0.143372 0.956815
vt 0.0965602 0.981504
vt 0.142284 0.981755
vt 0.948628 0.729413
vt 0.954471 0.684629
vt 0.939864 0.684788
vt 0.927412 0.684216
vt 0.922495 0.721899
vt 0.934427 0.726456
vt 0.939864 0.684788
vt 0.927412 0.684216
vt 0.934427 0.726456
vt 0.948628 0.729413
vt 0.939864 0.684788
vt 0.934427 0.726456
vt 0.248489 0.137831
vt 0.220333 0.109676
vt 0.213356 0.120118
vt 0.205725 0.131539
vt 0.226626 0.15244
vt 0.238047 0.144809
vt 0.213356 0.120118
vt 0.205725 0.131539
vt 0.238047 0.144809
vt 0.248489 0.137831
vt 0.213356 0.120118
vt 0.238047 0.144809
vt 0.298434 0.313016
vt 0.298413 0.338291
vt 0.300066 0.338291
vt 0.300087 0.313016
vt 0.298434 0.313016
vt 0.300066 0.338291
vt 0.293754 0.330986
vt 0.29396 0.30573
vt 0.288781 0.305361
vt 0.288574 0.330848
vt 0.293754 0.330986
vt 0.288781 0.305361
vt 0.305258 0.312662
vt 0.305237 0.338168
vt 0.31041 0.338168
vt 0.310431 0.312662
vt 0.305258 0.312662
vt 0.31041 0.338168
vt 0.343547 0.171897
vt 0.331416 0.184028
vt 0.372857 0.211718
vt 0.431938 0.383442
vt 0.434186 0.383889
vt 0.434186 0.334048
vt 0.331416 0.184028
vt 0.343547 0.171897
vt 0.323706 0.142203
vt 0.310406 0.122298
vt 0.281817 0.150887
vt 0.301722 0.164187
vt 0.323706 0.142203
vt 0.310406 0.122298
vt 0.301722 0.164187
vt 0.331416 0.184028
vt 0.323706 0.142203
vt 0.301722 0.164187
vt 0.264381 0.434102
vt 0.264381 0.474532
vt 0.280875 0.477365
vt 0.295407 0.47882
vt 0.295407 0.429814
vt 0.280875 0.431269
vt 0.280875 0.477365
vt 0.295407 0.47882
vt 0.280875 0.431269
vt 0.264381 0.434102
vt 0.280875 0.477365
vt 0.280875 0.431269
vt 0.0963319 0.52475
vt 0.0473264 0.524751
vt 0.046787 0.53845
vt 0.0467101 0.956561
vt 0.0969405 0.95656
vt 0.0969405 0.552767
vt 0.04671 0.552768
vt 0.0467101 0.956561
vt 0.0969405 0.552767
vt 0.04671 0.552768
vt 0.0969405 0.552767
vt 0.0968644 0.538449
vt 0.046787 0.53845
vt 0.04671 0.552768
vt 0.0968644 0.538449
vt 0.0963319 0.52475
vt 0.046787 0.53845
vt 0.0968644 0.538449
vt 0.0969405 0.95656
vt 0.0467101 0.956561
vt 0.0470953 0.981505
vt 0.0481741 0.999431
vt 0.0954952 0.999431
vt 0.0965602 0.981504
vt 0.0470953 0.981505
vt 0.0481741 0.999431
vt 0.0965602 0.981504
vt 0.0969405 0.95656
vt 0.0470953 0.981505
vt 0.0965602 0.981504
vt 0.954471 0.684629
vt 0.948628 0.63767
vt 0.934427 0.641096
vt 0.922495 0.644703
vt 0.927412 0.684216
vt 0.939864 0.684788
vt 0.934427 0.641096
vt 0.922495 0.644703
vt 0.939864 0.684788
vt 0.954471 0.684629
vt 0.934427 0.641096
vt 0.939864 0.684788
vt 0.220333 0.109676
vt 0.183546 0.0944382
vt 0.181096 0.106755
vt 0.178416 0.120227
vt 0.205725 0.131539
vt 0.213356 0.120118
vt 0.181096 0.106755
vt 0.178416 0.120227
vt 0.213356 0.120118
vt 0.220333 0.109676
vt 0.181096 0.106755
vt 0.213356 0.120118
vt 0.295335 0.358314
vt 0.295407 0.330991
vt 0.293754 0.330986
vt 0.293682 0.35831
vt 0.295335 0.358314
vt 0.293754 0.330986
vt 0.293682 0.35831
vt 0.293754 0.330986
vt 0.288574 0.330848
vt 0.288501 0.358422
vt 0.293682 0.35831
vt 0.288574 0.330848
vt 0.288501 0.358422
vt 0.288574 0.330848
vt 0.283402 0.330835
vt 0.283329 0.358408
vt 0.288501 0.358422
vt 0.283402 0.330835
vt 0.359396 0.165332
vt 0.343547 0.171897
vt 0.371237 0.213338
vt 0.0511888 0.383439
vt 0.0534363 0.383886
vt 0.0534363 0.334045
vt 0.343547 0.171897
vt 0.359396 0.165332
vt 0.352429 0.130305
vt 0.896387 0.405886
vt 0.883537 0.368533
vt 0.862306 0.381833
vt 0.872187 0.410556
vt 0.896387 0.405886
vt 0.862306 0.381833
vt 0.343547 0.171897
vt 0.352429 0.130305
vt 0.323706 0.142203
vt 0.883537 0.368533
vt 0.896387 0.405886
vt 0.914226 0.403053
vt 0.28597 0.524095
vt 0.295407 0.47882
vt 0.280875 0.477365
vt 0.271998 0.519952
vt 0.28597 0.524095
vt 0.280875 0.477365
vt 0.883537 0.368533
vt 0.914226 0.403053
vt 0.899576 0.360466
vt 0.860121 0.524987
vt 0.814881 0.525012
vt 0.815422 0.538751
vt 0.000327723 0.956817
vt 0.0467101 0.956561
vt 0.04671 0.552768
vt 0.000327636 0.553023
vt 0.000327723 0.956817
vt 0.04671 0.552768
vt 0.815499 0.553076
vt 0.86187 0.55305
vt 0.861652 0.538726
vt 0.815422 0.538751
vt 0.815499 0.553076
vt 0.861652 0.538726
vt 0.860121 0.524987
vt 0.815422 0.538751
vt 0.861652 0.538726
vt 0.0467101 0.956561
vt 0.000327723 0.956817
vt 0.00141999 0.981757
vt 0.00447827 0.999672
vt 0.0481741 0.999431
vt 0.0470953 0.981505
vt 0.00141999 0.981757
vt 0.00447827 0.999672
vt 0.0470953 0.981505
vt 0.0467101 0.956561
vt 0.00141999 0.981757
vt 0.0470953 0.981505
vt 0.491934 0.138395
vt 0.491934 0.183559
vt 0.506398 0.182464
vt 0.901164 0.591818
vt 0.896247 0.629501
vt 0.908179 0.634058
vt 0.913616 0.592391
vt 0.901164 0.591818
vt 0.908179 0.634058
vt 0.92238 0.637015
vt 0.913616 0.592391
vt 0.908179 0.634058
vt 0.183546 0.0944382
vt 0.143728 0.0944382
vt 0.146178 0.106755
vt 0.148858 0.120227
vt 0.178416 0.120227
vt 0.181096 0.106755
vt 0.146178 0.106755
vt 0.148858 0.120227
vt 0.181096 0.106755
vt 0.183546 0.0944382
vt 0.146178 0.106755
vt 0.181096 0.106755
vt 0.295407 0.383545
vt 0.295335 0.358314
vt 0.293682 0.35831
vt 0.293754 0.383541
vt 0.295407 0.383545
vt 0.293682 0.35831
vt 0.293754 0.383541
vt 0.293682 0.35831
vt 0.288501 0.358422
vt 0.288574 0.383884
vt 0.293754 0.383541
vt 0.288501 0.358422
vt 0.288574 0.383884
vt 0.288501 0.358422
vt 0.283329 0.358408
vt 0.283402 0.38387
vt 0.288574 0.383884
vt 0.283329 0.358408
vt 0.376551 0.165332
vt 0.359396 0.165332
vt 0.36912 0.214215
vt 0.00271581 0.243674
vt 0.00496341 0.244121
vt 0.00496341 0.19428
vt 0.359396 0.165332
vt 0.376551 0.165332
vt 0.383519 0.130305
vt 0.896387 0.446317
vt 0.896387 0.405886
vt 0.872187 0.410556
vt 0.872187 0.441646
vt 0.896387 0.446317
vt 0.872187 0.410556
vt 0.359396 0.165332
vt 0.383519 0.130305
vt 0.352429 0.130305
vt 0.896387 0.405886
vt 0.896387 0.446317
vt 0.914226 0.449149
vt 0.927295 0.450604
vt 0.927295 0.401599
vt 0.914226 0.403053
vt 0.914226 0.449149
vt 0.927295 0.450604
vt 0.914226 0.403053
vt 0.896387 0.405886
vt 0.914226 0.449149
vt 0.914226 0.403053
vt 0.814881 0.525012
vt 0.765875 0.525012
vt 0.765344 0.538752
vt 0.765269 0.956905
vt 0.815499 0.956905
vt 0.815499 0.553076
vt 0.765269 0.553076
vt 0.765269 0.956905
vt 0.815499 0.553076
vt 0.765269 0.553076
vt 0.815499 0.553076
vt 0.815422 0.538751
vt 0.765344 0.538752
vt 0.765269 0.553076
vt 0.815422 0.538751
vt 0.814881 0.525012
vt 0.765344 0.538752
vt 0.815422 0.538751
vt 0.815499 0.956905
vt 0.765269 0.956905
vt 0.765648 0.981823
vt 0.76671 0.999672
vt 0.814031 0.999672
vt 0.815113 0.981823
vt 0.765648 0.981823
vt 0.76671 0.999672
vt 0.815113 0.981823
vt 0.815499 0.956905
vt 0.765648 0.981823
vt 0.815113 0.981823
vt 0.928223 0.592232
vt 0.92238 0.545273
vt 0.908179 0.548699
vt 0.896247 0.552305
vt 0.901164 0.591818
vt 0.913616 0.592391
vt 0.908179 0.548699
vt 0.896247 0.552305
vt 0.913616 0.592391
vt 0.928223 0.592232
vt 0.908179 0.548699
vt 0.913616 0.592391
vt 0.143728 0.0944382
vt 0.106941 0.109676
vt 0.113918 0.120118
vt 0.121549 0.131539
vt 0.148858 0.120227
vt 0.146178 0.106755
vt 0.113918 0.120118
vt 0.121549 0.131539
vt 0.146178 0.106755
vt 0.143728 0.0944382
vt 0.113918 0.120118
vt 0.146178 0.106755
vt 0.494387 0.209832
vt 0.494387 0.237156
vt 0.49604 0.237156
vt 0.496039 0.209832
vt 0.494387 0.209832
vt 0.49604 0.237156
vt 0.496039 0.209832
vt 0.49604 0.237156
vt 0.501212 0.237282
vt 0.501212 0.209708
vt 0.496039 0.209832
vt 0.501212 0.237282
vt 0.501212 0.209708
vt 0.501212 0.237282
vt 0.506384 0.237282
vt 0.506384 0.209708
vt 0.501212 0.209708
vt 0.506384 0.237282
vt 0.392401 0.171897
vt 0.376551 0.165332
vt 0.366828 0.214215
vt 0.2764 0.169702
vt 0.274152 0.169255
vt 0.274152 0.219096
vt 0.376551 0.165332
vt 0.392401 0.171897
vt 0.412242 0.142203
vt 0.883537 0.48367
vt 0.896387 0.446317
vt 0.872187 0.441646
vt 0.862306 0.47037
vt 0.883537 0.48367
vt 0.872187 0.441646
vt 0.376551 0.165332
vt 0.412242 0.142203
vt 0.383519 0.130305
vt 0.896387 0.446317
vt 0.883537 0.48367
vt 0.899576 0.491737
vt 0.048286 0.478727
vt 0.0564736 0.524095
vt 0.0704786 0.519953
vt 0.0627771 0.477278
vt 0.048286 0.478727
vt 0.0704786 0.519953
vt 0.896387 0.446317
vt 0.899576 0.491737
vt 0.914226 0.449149
vt 0.765875 0.525012
vt 0.720565 0.524987
vt 0.719043 0.538726
vt 0.718826 0.95688
vt 0.765269 0.956905
vt 0.765269 0.553076
vt 0.718826 0.553051
vt 0.718826 0.95688
vt 0.765269 0.553076
vt 0.718826 0.553051
vt 0.765269 0.553076
vt 0.765344 0.538752
vt 0.719043 0.538726
vt 0.718826 0.553051
vt 0.765344 0.538752
vt 0.765875 0.525012
vt 0.719043 0.538726
vt 0.765344 0.538752
vt 0.430772 0.956817
vt 0.384355 0.956565
vt 0.383973 0.981508
vt 0.382904 0.999434
vt 0.426632 0.999671
vt 0.429682 0.981757
vt 0.383973 0.981508
vt 0.382904 0.999434
vt 0.429682 0.981757
vt 0.430772 0.956817
vt 0.383973 0.981508
vt 0.429682 0.981757
vt 0.925648 0.829417
vt 0.931491 0.784634
vt 0.916884 0.784793
vt 0.904432 0.784221
vt 0.899515 0.821903
vt 0.911447 0.826461
vt 0.916884 0.784793
vt 0.904432 0.784221
vt 0.911447 0.826461
vt 0.925648 0.829417
vt 0.916884 0.784793
vt 0.911447 0.826461
vt 0.106941 0.109676
vt 0.0787855 0.137831
vt 0.0892273 0.144808
vt 0.100648 0.15244
vt 0.121549 0.131539
vt 0.113918 0.120118
vt 0.0892273 0.144808
vt 0.100648 0.15244
vt 0.113918 0.120118
vt 0.106941 0.109676
vt 0.0892273 0.144808
vt 0.113918 0.120118
vt 0.494401 0.184569
vt 0.494387 0.209832
vt 0.496039 0.209832
vt 0.496053 0.184569
vt 0.494401 0.184569
vt 0.496039 0.209832
vt 0.308778 0.471193
vt 0.308982 0.445944
vt 0.303803 0.445575
vt 0.303598 0.471054
vt 0.308778 0.471193
vt 0.303803 0.445575
vt 0.501226 0.184214
vt 0.501212 0.209708
vt 0.506384 0.209708
vt 0.506398 0.184214
vt 0.501226 0.184214
vt 0.506384 0.209708
vt 0.404532 0.184028
vt 0.392401 0.171897
vt 0.364711 0.213338
vt 0.0577452 0.334492
vt 0.0554976 0.334045
vt 0.0554976 0.383886
vt 0.392401 0.171897
vt 0.404532 0.184028
vt 0.434226 0.164187
vt 0.454131 0.150887
vt 0.425542 0.122298
vt 0.412242 0.142203
vt 0.434226 0.164187
vt 0.454131 0.150887
vt 0.412242 0.142203
vt 0.392401 0.171897
vt 0.434226 0.164187
vt 0.412242 0.142203
vt 0.862306 0.207281
vt 0.885495 0.236321
vt 0.901686 0.228565
vt 0.048286 0.429722
vt 0.048286 0.478727
vt 0.0627771 0.477278
vt 0.0627771 0.431183
vt 0.048286 0.429722
vt 0.0627771 0.477278
vt 0.883537 0.48367
vt 0.872505 0.524332
vt 0.899576 0.491737
vt 0.383744 0.524753
vt 0.334738 0.524753
vt 0.334201 0.538453
vt 0.334125 0.956565
vt 0.384355 0.956565
vt 0.384355 0.55277
vt 0.334124 0.55277
vt 0.334125 0.956565
vt 0.384355 0.55277
vt 0.334124 0.55277
vt 0.384355 0.55277
vt 0.384278 0.538452
vt 0.334201 0.538453
vt 0.334124 0.55277
vt 0.384278 0.538452
vt 0.383744 0.524753
vt 0.334201 0.538453
vt 0.384278 0.538452
vt 0.384355 0.956565
vt 0.334125 0.956565
vt 0.334508 0.981509
vt 0.335583 0.999434
vt 0.382904 0.999434
vt 0.383973 0.981508
vt 0.334508 0.981509
vt 0.335583 0.999434
vt 0.383973 0.981508
vt 0.384355 0.956565
vt 0.334508 0.981509
vt 0.383973 0.981508
vt 0.931491 0.784634
vt 0.925648 0.737675
vt 0.911447 0.741101
vt 0.899515 0.744707
vt 0.904432 0.784221
vt 0.916884 0.784793
vt 0.911447 0.741101
vt 0.899515 0.744707
vt 0.916884 0.784793
vt 0.931491 0.784634
vt 0.911447 0.741101
vt 0.916884 0.784793
vt 0.0787855 0.137831
vt 0.0635477 0.174618
vt 0.0758648 0.177068
vt 0.0893366 0.179748
vt 0.100648 0.15244
vt 0.0892273 0.144808
vt 0.0758648 0.177068
vt 0.0893366 0.179748
vt 0.0892273 0.144808
vt 0.0787855 0.137831
vt 0.0758648 0.177068
vt 0.0892273 0.144808
vt 0.31036 0.498521
vt 0.310431 0.471197
vt 0.308778 0.471193
vt 0.308707 0.498516
vt 0.31036 0.498521
vt 0.308778 0.471193
vt 0.308707 0.498516
vt 0.308778 0.471193
vt 0.303598 0.471054
vt 0.303526 0.498628
vt 0.308707 0.498516
vt 0.303598 0.471054
vt 0.303526 0.498628
vt 0.303598 0.471054
vt 0.298426 0.471041
vt 0.298353 0.498614
vt 0.303526 0.498628
vt 0.298426 0.471041
vt 0.411097 0.199877
vt 0.404532 0.184028
vt 0.36309 0.211718
vt 0.490755 0.187888
vt 0.488507 0.187441
vt 0.488507 0.237282
vt 0.404532 0.184028
vt 0.411097 0.199877
vt 0.446123 0.19291
vt 0.897623 0.273915
vt 0.885495 0.236321
vt 0.864012 0.24921
vt 0.873338 0.278118
vt 0.897623 0.273915
vt 0.864012 0.24921
vt 0.404532 0.184028
vt 0.446123 0.19291
vt 0.434226 0.164187
vt 0.885495 0.236321
vt 0.897623 0.273915
vt 0.915513 0.271426
vt 0.0564736 0.384541
vt 0.048286 0.429722
vt 0.0627771 0.431183
vt 0.0704786 0.388684
vt 0.0564736 0.384541
vt 0.0627771 0.431183
vt 0.885495 0.236321
vt 0.915513 0.271426
vt 0.901686 0.228565
vt 0.860118 0.0496365
vt 0.814898 0.0496747
vt 0.815442 0.0634158
vt 0.287727 0.956818
vt 0.334125 0.956565
vt 0.334124 0.55277
vt 0.287727 0.553023
vt 0.287727 0.956818
vt 0.334124 0.55277
vt 0.287727 0.553023
vt 0.334124 0.55277
vt 0.334201 0.538453
vt 0.287945 0.538705
vt 0.287727 0.553023
vt 0.334201 0.538453
vt 0.860118 0.0496365
vt 0.815442 0.0634158
vt 0.861651 0.0633768
vt 0.334125 0.956565
vt 0.287727 0.956818
vt 0.288818 0.981758
vt 0.291873 0.999672
vt 0.335583 0.999434
vt 0.334508 0.981509
vt 0.288818 0.981758
vt 0.291873 0.999672
vt 0.334508 0.981509
vt 0.334125 0.956565
vt 0.288818 0.981758
vt 0.334508 0.981509
vt 0.882366 0.611142
vt 0.866976 0.653602
vt 0.881272 0.656606
vt 0.265376 0.1686
vt 0.2764 0.132232
vt 0.265376 0.125781
vt 0.265376 0.125126
vt 0.278148 0.125126
vt 0.275164 0.0842606
vt 0.882366 0.611142
vt 0.881272 0.656606
vt 0.895592 0.6171
vt 0.0635477 0.174618
vt 0.0635478 0.214436
vt 0.0758648 0.211986
vt 0.0893365 0.209307
vt 0.0893366 0.179748
vt 0.0758648 0.177068
vt 0.0758648 0.211986
vt 0.0893365 0.209307
vt 0.0758648 0.177068
vt 0.0635477 0.174618
vt 0.0758648 0.211986
vt 0.0758648 0.177068
vt 0.310431 0.52376
vt 0.31036 0.498521
vt 0.308707 0.498516
vt 0.308778 0.523755
vt 0.310431 0.52376
vt 0.308707 0.498516
vt 0.308778 0.523755
vt 0.308707 0.498516
vt 0.303526 0.498628
vt 0.303598 0.524098
vt 0.308778 0.523755
vt 0.303526 0.498628
vt 0.303598 0.524098
vt 0.303526 0.498628
vt 0.298353 0.498614
vt 0.298425 0.524084
vt 0.303598 0.524098
vt 0.298353 0.498614
vt 0.411097 0.217033
vt 0.411097 0.199877
vt 0.362213 0.209601
vt 0.279303 0.226663
vt 0.277055 0.226216
vt 0.277055 0.276057
vt 0.411097 0.199877
vt 0.411097 0.217033
vt 0.446123 0.224
vt 0.896844 0.314338
vt 0.897623 0.273915
vt 0.873338 0.278118
vt 0.872739 0.309202
vt 0.896844 0.314338
vt 0.873338 0.278118
vt 0.411097 0.199877
vt 0.446123 0.224
vt 0.446123 0.19291
vt 0.897623 0.273915
vt 0.896844 0.314338
vt 0.914626 0.317514
vt 0.927664 0.31922
vt 0.928608 0.270223
vt 0.915513 0.271426
vt 0.914626 0.317514
vt 0.927664 0.31922
vt 0.915513 0.271426
vt 0.897623 0.273915
vt 0.914626 0.317514
vt 0.915513 0.271426
vt 0.814898 0.0496747
vt 0.765893 0.049675
vt 0.765365 0.0634161
vt 0.765289 0.48157
vt 0.81552 0.481569
vt 0.81552 0.0777408
vt 0.765289 0.0777411
vt 0.765289 0.48157
vt 0.81552 0.0777408
vt 0.765289 0.0777411
vt 0.81552 0.0777408
vt 0.815442 0.0634158
vt 0.765365 0.0634161
vt 0.765289 0.0777411
vt 0.815442 0.0634158
vt 0.814898 0.0496747
vt 0.765365 0.0634161
vt 0.815442 0.0634158
vt 0.81552 0.481569
vt 0.765289 0.48157
vt 0.765667 0.506486
vt 0.766723 0.524332
vt 0.814044 0.524331
vt 0.815131 0.506486
vt 0.765667 0.506486
vt 0.766723 0.524332
vt 0.815131 0.506486
vt 0.81552 0.481569
vt 0.765667 0.506486
vt 0.815131 0.506486
vt 0.866976 0.653602
vt 0.862526 0.700714
vt 0.877131 0.70044
vt 0.889561 0.699499
vt 0.893306 0.659858
vt 0.881272 0.656606
vt 0.877131 0.70044
vt 0.889561 0.699499
vt 0.881272 0.656606
vt 0.866976 0.653602
vt 0.877131 0.70044
vt 0.881272 0.656606
vt 0.0635478 0.214436
vt 0.0787854 0.251223
vt 0.0892273 0.244246
vt 0.100648 0.236615
vt 0.0893365 0.209307
vt 0.0758648 0.211986
vt 0.0892273 0.244246
vt 0.100648 0.236615
vt 0.0758648 0.211986
vt 0.0635478 0.214436
vt 0.0892273 0.244246
vt 0.0758648 0.211986
vt 0.264382 0.299103
vt 0.264382 0.326427
vt 0.266035 0.326427
vt 0.266034 0.299103
vt 0.264382 0.299103
vt 0.266035 0.326427
vt 0.266034 0.299103
vt 0.266035 0.326427
vt 0.271206 0.326553
vt 0.271206 0.29898
vt 0.266034 0.299103
vt 0.271206 0.326553
vt 0.271206 0.29898
vt 0.271206 0.326553
vt 0.276379 0.326553
vt 0.276379 0.29898
vt 0.271206 0.29898
vt 0.276379 0.326553
vt 0.404532 0.232882
vt 0.411097 0.217033
vt 0.362213 0.207309
vt 0.269538 0.169702
vt 0.267291 0.169255
vt 0.267291 0.219096
vt 0.411097 0.217033
vt 0.404532 0.232882
vt 0.434226 0.252723
vt 0.883277 0.351436
vt 0.896844 0.314338
vt 0.872739 0.309202
vt 0.862306 0.33773
vt 0.883277 0.351436
vt 0.872739 0.309202
vt 0.411097 0.217033
vt 0.434226 0.252723
vt 0.446123 0.224
vt 0.896844 0.314338
vt 0.883277 0.351436
vt 0.899157 0.359811
vt 0.0318667 0.249342
vt 0.0413041 0.294617
vt 0.0552763 0.290474
vt 0.0463992 0.247887
vt 0.0318667 0.249342
vt 0.0552763 0.290474
vt 0.896844 0.314338
vt 0.899157 0.359811
vt 0.914626 0.317514
vt 0.765893 0.049675
vt 0.720563 0.0496374
vt 0.719043 0.0633777
vt 0.718826 0.481531
vt 0.765289 0.48157
vt 0.765289 0.0777411
vt 0.718826 0.0777026
vt 0.718826 0.481531
vt 0.765289 0.0777411
vt 0.718826 0.0777026
vt 0.765289 0.0777411
vt 0.765365 0.0634161
vt 0.719043 0.0633777
vt 0.718826 0.0777026
vt 0.765365 0.0634161
vt 0.765893 0.049675
vt 0.719043 0.0633777
vt 0.765365 0.0634161
vt 0.287072 0.956815
vt 0.24064 0.956561
vt 0.24026 0.981504
vt 0.239195 0.999431
vt 0.282937 0.99967
vt 0.285984 0.981755
vt 0.24026 0.981504
vt 0.239195 0.999431
vt 0.285984 0.981755
vt 0.287072 0.956815
vt 0.24026 0.981504
vt 0.285984 0.981755
vt 0.474627 0.163826
vt 0.459236 0.206286
vt 0.473532 0.20929
vt 0.895592 0.73702
vt 0.889561 0.699499
vt 0.877131 0.70044
vt 0.473532 0.20929
vt 0.485566 0.212541
vt 0.487852 0.169784
vt 0.474627 0.163826
vt 0.473532 0.20929
vt 0.487852 0.169784
vt 0.0787854 0.251223
vt 0.106941 0.279379
vt 0.113918 0.268937
vt 0.121549 0.257516
vt 0.100648 0.236615
vt 0.0892273 0.244246
vt 0.113918 0.268937
vt 0.121549 0.257516
vt 0.0892273 0.244246
vt 0.0787854 0.251223
vt 0.113918 0.268937
vt 0.0892273 0.244246
vt 0.264402 0.273828
vt 0.264382 0.299103
vt 0.266034 0.299103
vt 0.266055 0.273828
vt 0.264402 0.273828
vt 0.266034 0.299103
vt 0.068826 0.330988
vt 0.0690314 0.305732
vt 0.0638528 0.305363
vt 0.0636455 0.330851
vt 0.068826 0.330988
vt 0.0638528 0.305363
vt 0.271227 0.273474
vt 0.271206 0.29898
vt 0.276379 0.29898
vt 0.2764 0.273474
vt 0.271227 0.273474
vt 0.276379 0.29898
vt 0.392401 0.245013
vt 0.404532 0.232882
vt 0.36309 0.205192
vt 0.273497 0.169702
vt 0.271249 0.169255
vt 0.271249 0.219096
vt 0.404532 0.232882
vt 0.392401 0.245013
vt 0.412242 0.274707
vt 0.425542 0.294612
vt 0.454131 0.266023
vt 0.434226 0.252723
vt 0.412242 0.274707
vt 0.425542 0.294612
vt 0.434226 0.252723
vt 0.404532 0.232882
vt 0.412242 0.274707
vt 0.434226 0.252723
vt 0.0628924 0.245054
vt 0.0628924 0.204624
vt 0.0463993 0.201791
vt 0.0318667 0.200336
vt 0.0318667 0.249342
vt 0.0463992 0.247887
vt 0.0463993 0.201791
vt 0.0318667 0.200336
vt 0.0463992 0.247887
vt 0.0628924 0.245054
vt 0.0463993 0.201791
vt 0.0463992 0.247887
vt 0.240032 0.52475
vt 0.191026 0.524751
vt 0.190487 0.53845
vt 0.19041 0.956561
vt 0.24064 0.956561
vt 0.24064 0.552767
vt 0.19041 0.552768
vt 0.19041 0.956561
vt 0.24064 0.552767
vt 0.19041 0.552768
vt 0.24064 0.552767
vt 0.240564 0.538449
vt 0.190487 0.53845
vt 0.19041 0.552768
vt 0.240564 0.538449
vt 0.240032 0.52475
vt 0.190487 0.53845
vt 0.240564 0.538449
vt 0.24064 0.956561
vt 0.19041 0.956561
vt 0.190795 0.981505
vt 0.191874 0.999431
vt 0.239195 0.999431
vt 0.24026 0.981504
vt 0.190795 0.981505
vt 0.191874 0.999431
vt 0.24026 0.981504
vt 0.24064 0.956561
vt 0.190795 0.981505
vt 0.24026 0.981504
vt 0.459236 0.206286
vt 0.454786 0.253397
vt 0.469392 0.253123
vt 0.481821 0.252183
vt 0.485566 0.212541
vt 0.473532 0.20929
vt 0.469392 0.253123
vt 0.481821 0.252183
vt 0.473532 0.20929
vt 0.459236 0.206286
vt 0.469392 0.253123
vt 0.473532 0.20929
vt 0.106941 0.279379
vt 0.143728 0.294617
vt 0.146178 0.2823
vt 0.148858 0.268828
vt 0.121549 0.257516
vt 0.113918 0.268937
vt 0.146178 0.2823
vt 0.148858 0.268828
vt 0.113918 0.268937
vt 0.106941 0.279379
vt 0.146178 0.2823
vt 0.113918 0.268937
vt 0.0704066 0.358317
vt 0.0704787 0.330993
vt 0.068826 0.330988
vt 0.0687539 0.358312
vt 0.0704066 0.358317
vt 0.068826 0.330988
vt 0.0687539 0.358312
vt 0.068826 0.330988
vt 0.0636455 0.330851
vt 0.0635728 0.358424
vt 0.0687539 0.358312
vt 0.0636455 0.330851
vt 0.0635728 0.358424
vt 0.0636455 0.330851
vt 0.0584733 0.330837
vt 0.0584004 0.35841
vt 0.0635728 0.358424
vt 0.0584733 0.330837
vt 0.376551 0.251578
vt 0.392401 0.245013
vt 0.364711 0.203572
vt 0.266636 0.169702
vt 0.264388 0.169255
vt 0.264388 0.219096
vt 0.392401 0.245013
vt 0.376551 0.251578
vt 0.383519 0.286604
vt 0.539933 0.249174
vt 0.5535 0.286273
vt 0.574471 0.272566
vt 0.564039 0.244038
vt 0.539933 0.249174
vt 0.574471 0.272566
vt 0.392401 0.245013
vt 0.383519 0.286604
vt 0.412242 0.274707
vt 0.5535 0.286273
vt 0.539933 0.249174
vt 0.522152 0.25235
vt 0.0413042 0.155061
vt 0.0318667 0.200336
vt 0.0463993 0.201791
vt 0.0552764 0.159203
vt 0.0413042 0.155061
vt 0.0463993 0.201791
vt 0.5535 0.286273
vt 0.522152 0.25235
vt 0.53762 0.294647
vt 0.716422 0.524987
vt 0.671181 0.525012
vt 0.671722 0.538751
vt 0.144027 0.956817
vt 0.19041 0.956561
vt 0.19041 0.552768
vt 0.144027 0.553023
vt 0.144027 0.956817
vt 0.19041 0.552768
vt 0.671799 0.553076
vt 0.718171 0.55305
vt 0.717952 0.538726
vt 0.671722 0.538751
vt 0.671799 0.553076
vt 0.717952 0.538726
vt 0.716422 0.524987
vt 0.671722 0.538751
vt 0.717952 0.538726
vt 0.19041 0.956561
vt 0.144027 0.956817
vt 0.14512 0.981757
vt 0.148178 0.999672
vt 0.191874 0.999431
vt 0.190795 0.981505
vt 0.14512 0.981757
vt 0.148178 0.999672
vt 0.190795 0.981505
vt 0.19041 0.956561
vt 0.14512 0.981757
vt 0.190795 0.981505
vt 0.0474201 0.0633653
vt 0.0360911 0.107084
vt 0.0506064 0.10873
vt 0.487852 0.289703
vt 0.481821 0.252183
vt 0.469392 0.253123
vt 0.47606 0.294612
vt 0.487852 0.289703
vt 0.469392 0.253123
vt 0.454786 0.253397
vt 0.47606 0.294612
vt 0.469392 0.253123
vt 0.143728 0.294617
vt 0.183546 0.294617
vt 0.181096 0.2823
vt 0.178416 0.268828
vt 0.148858 0.268828
vt 0.146178 0.2823
vt 0.181096 0.2823
vt 0.178416 0.268828
vt 0.146178 0.2823
vt 0.143728 0.294617
vt 0.181096 0.2823
vt 0.146178 0.2823
vt 0.0704787 0.383547
vt 0.0704066 0.358317
vt 0.0687539 0.358312
vt 0.068826 0.383543
vt 0.0704787 0.383547
vt 0.0687539 0.358312
vt 0.068826 0.383543
vt 0.0687539 0.358312
vt 0.0635728 0.358424
vt 0.0636456 0.383886
vt 0.068826 0.383543
vt 0.0635728 0.358424
vt 0.0636456 0.383886
vt 0.0635728 0.358424
vt 0.0584004 0.35841
vt 0.0584732 0.383872
vt 0.0636456 0.383886
vt 0.0584004 0.35841
vt 0.359396 0.251578
vt 0.376551 0.251578
vt 0.366828 0.202695
vt 0.493731 0.187888
vt 0.491484 0.187441
vt 0.491484 0.237282
vt 0.376551 0.251578
vt 0.359396 0.251578
vt 0.352429 0.286604
vt 0.539154 0.208751
vt 0.539933 0.249174
vt 0.564039 0.244038
vt 0.56344 0.212954
vt 0.539154 0.208751
vt 0.564039 0.244038
vt 0.376551 0.251578
vt 0.352429 0.286604
vt 0.383519 0.286604
vt 0.539933 0.249174
vt 0.539154 0.208751
vt 0.521264 0.206262
vt 0.50817 0.20506
vt 0.509114 0.254056
vt 0.522152 0.25235
vt 0.521264 0.206262
vt 0.50817 0.20506
vt 0.522152 0.25235
vt 0.539933 0.249174
vt 0.521264 0.206262
vt 0.522152 0.25235
vt 0.671181 0.525012
vt 0.622176 0.525012
vt 0.621645 0.538752
vt 0.621569 0.956905
vt 0.671799 0.956905
vt 0.671799 0.553076
vt 0.621569 0.553076
vt 0.621569 0.956905
vt 0.671799 0.553076
vt 0.621569 0.553076
vt 0.671799 0.553076
vt 0.671722 0.538751
vt 0.621645 0.538752
vt 0.621569 0.553076
vt 0.671722 0.538751
vt 0.671181 0.525012
vt 0.621645 0.538752
vt 0.671722 0.538751
vt 0.671799 0.956905
vt 0.621569 0.956905
vt 0.621948 0.981823
vt 0.62301 0.999672
vt 0.670331 0.999672
vt 0.671413 0.981823
vt 0.621948 0.981823
vt 0.62301 0.999672
vt 0.671413 0.981823
vt 0.671799 0.956905
vt 0.621948 0.981823
vt 0.671413 0.981823
vt 0.0360911 0.107084
vt 0.0360912 0.154406
vt 0.0506064 0.152759
vt 0.0628924 0.150654
vt 0.0628924 0.110836
vt 0.0506064 0.10873
vt 0.0506064 0.152759
vt 0.0628924 0.150654
vt 0.0506064 0.10873
vt 0.0360911 0.107084
vt 0.0506064 0.152759
vt 0.0506064 0.10873
vt 0.183546 0.294617
vt 0.220333 0.279379
vt 0.213356 0.268937
vt 0.205725 0.257516
vt 0.178416 0.268828
vt 0.181096 0.2823
vt 0.213356 0.268937
vt 0.205725 0.257516
vt 0.181096 0.2823
vt 0.183546 0.294617
vt 0.213356 0.268937
vt 0.181096 0.2823
vt 0.264382 0.245369
vt 0.264382 0.272693
vt 0.266034 0.272693
vt 0.266034 0.245369
vt 0.264382 0.245369
vt 0.266034 0.272693
vt 0.266034 0.245369
vt 0.266034 0.272693
vt 0.271206 0.272819
vt 0.271206 0.245245
vt 0.266034 0.245369
vt 0.271206 0.272819
vt 0.271206 0.245245
vt 0.271206 0.272819
vt 0.276379 0.272819
vt 0.276379 0.245245
vt 0.271206 0.245245
vt 0.276379 0.272819
vt 0.343547 0.245013
vt 0.359396 0.251578
vt 0.369119 0.202695
vt 0.00496341 0.245223
vt 0.0027158 0.244776
vt 0.0027158 0.294617
vt 0.359396 0.251578
vt 0.343547 0.245013
vt 0.323706 0.274707
vt 0.551283 0.171158
vt 0.539154 0.208751
vt 0.56344 0.212954
vt 0.572766 0.184046
vt 0.551283 0.171158
vt 0.56344 0.212954
vt 0.359396 0.251578
vt 0.323706 0.274707
vt 0.352429 0.286604
vt 0.539154 0.208751
vt 0.551283 0.171158
vt 0.535092 0.163401
vt 0.431938 0.47873
vt 0.440126 0.524098
vt 0.454131 0.519956
vt 0.446429 0.477281
vt 0.431938 0.47873
vt 0.454131 0.519956
vt 0.539154 0.208751
vt 0.535092 0.163401
vt 0.521264 0.206262
vt 0.622176 0.525012
vt 0.576866 0.524987
vt 0.575344 0.538726
vt 0.575127 0.95688
vt 0.621569 0.956905
vt 0.621569 0.553076
vt 0.575127 0.553051
vt 0.575127 0.95688
vt 0.621569 0.553076
vt 0.575127 0.553051
vt 0.621569 0.553076
vt 0.621645 0.538752
vt 0.575344 0.538726
vt 0.575127 0.553051
vt 0.621645 0.538752
vt 0.622176 0.525012
vt 0.575344 0.538726
vt 0.621645 0.538752
vt 0.574471 0.956817
vt 0.528055 0.956565
vt 0.527673 0.981508
vt 0.526604 0.999434
vt 0.570332 0.999672
vt 0.573382 0.981757
vt 0.527673 0.981508
vt 0.526604 0.999434
vt 0.573382 0.981757
vt 0.574471 0.956817
vt 0.527673 0.981508
vt 0.573382 0.981757
vt 0.887531 0.867746
vt 0.89886 0.824027
vt 0.884344 0.822381
vt 0.872058 0.820276
vt 0.862526 0.857063
vt 0.873804 0.863059
vt 0.884344 0.822381
vt 0.872058 0.820276
vt 0.873804 0.863059
vt 0.887531 0.867746
vt 0.884344 0.822381
vt 0.873804 0.863059
vt 0.220333 0.279379
vt 0.248489 0.251224
vt 0.238047 0.244246
vt 0.226626 0.236615
vt 0.205725 0.257516
vt 0.213356 0.268937
vt 0.238047 0.244246
vt 0.226626 0.236615
vt 0.213356 0.268937
vt 0.220333 0.279379
vt 0.238047 0.244246
vt 0.213356 0.268937
vt 0.264396 0.220106
vt 0.264382 0.245369
vt 0.266034 0.245369
vt 0.266048 0.220106
vt 0.264396 0.220106
vt 0.266034 0.245369
vt 0.308778 0.392014
vt 0.308982 0.366766
vt 0.303803 0.366397
vt 0.303598 0.391876
vt 0.308778 0.392014
vt 0.303803 0.366397
vt 0.27122 0.219751
vt 0.271206 0.245245
vt 0.276379 0.245245
vt 0.276393 0.219751
vt 0.27122 0.219751
vt 0.276379 0.245245
vt 0.217693 0.230647
vt 0.226626 0.236615
vt 0.237937 0.209307
vt 0.237937 0.209307
vt 0.227401 0.207211
vt 0.217693 0.230647
vt 0.227401 0.207211
vt 0.237937 0.209307
vt 0.237937 0.179748
vt 0.237937 0.179748
vt 0.227401 0.181844
vt 0.227401 0.207211
vt 0.227401 0.181844
vt 0.237937 0.179748
vt 0.226626 0.15244
vt 0.226626 0.15244
vt 0.217693 0.158408
vt 0.227401 0.181844
vt 0.217693 0.158408
vt 0.226626 0.15244
vt 0.205725 0.131539
vt 0.205725 0.131539
vt 0.199756 0.140471
vt 0.217693 0.158408
vt 0.199756 0.140471
vt 0.205725 0.131539
vt 0.178416 0.120227
vt 0.178416 0.120227
vt 0.17632 0.130764
vt 0.199756 0.140471
vt 0.17632 0.130764
vt 0.178416 0.120227
vt 0.148858 0.120227
vt 0.148858 0.120227
vt 0.150954 0.130764
vt 0.17632 0.130764
vt 0.150954 0.130764
vt 0.148858 0.120227
vt 0.121549 0.131539
vt 0.121549 0.131539
vt 0.127518 0.140471
vt 0.150954 0.130764
vt 0.127518 0.140471
vt 0.121549 0.131539
vt 0.100648 0.15244
vt 0.100648 0.15244
vt 0.109581 0.158408
vt 0.127518 0.140471
vt 0.109581 0.158408
vt 0.100648 0.15244
vt 0.0893366 0.179748
vt 0.0893366 0.179748
vt 0.0998734 0.181844
vt 0.109581 0.158408
vt 0.0998734 0.181844
vt 0.0893366 0.179748
vt 0.0893365 0.209307
vt 0.0893365 0.209307
vt 0.0998734 0.207211
vt 0.0998734 0.181844
vt 0.0998734 0.207211
vt 0.0893365 0.209307
vt 0.100648 0.236615
vt 0.100648 0.236615
vt 0.109581 0.230647
vt 0.0998734 0.207211
vt 0.109581 0.230647
vt 0.100648 0.236615
vt 0.121549 0.257516
vt 0.121549 0.257516
vt 0.127518 0.248584
vt 0.109581 0.230647
vt 0.127518 0.248584
vt 0.121549 0.257516
vt 0.148858 0.268828
vt 0.148858 0.268828
vt 0.150954 0.258291
vt 0.127518 0.248584
vt 0.150954 0.258291
vt 0.148858 0.268828
vt 0.178416 0.268828
vt 0.178416 0.268828
vt 0.17632 0.258291
vt 0.150954 0.258291
vt 0.17632 0.258291
vt 0.178416 0.268828
vt 0.205725 0.257516
vt 0.205725 0.257516
vt 0.199756 0.248584
vt 0.17632 0.258291
vt 0.199756 0.248584
vt 0.205725 0.257516
vt 0.226626 0.236615
vt 0.226626 0.236615
vt 0.217693 0.230647
vt 0.199756 0.248584
vt 0.409305 0.0384061
vt 0.394009 0.0447421
vt 0.382301 0.0564496
vt 0.382301 0.0564496
vt 0.375965 0.0717461
vt 0.375965 0.0883029
vt 0.375965 0.0883029
vt 0.382301 0.103599
vt 0.394009 0.115307
vt 0.382301 0.0564496
vt 0.375965 0.0883029
vt 0.394009 0.115307
vt 0.394009 0.115307
vt 0.409305 0.121643
vt 0.425862 0.121643
vt 0.425862 0.121643
vt 0.441158 0.115307
vt 0.452866 0.103599
vt 0.394009 0.115307
vt 0.425862 0.121643
vt 0.452866 0.103599
vt 0.452866 0.103599
vt 0.459202 0.0883029
vt 0.459202 0.0717461
vt 0.459202 0.0717461
vt 0.452866 0.0564495
vt 0.441158 0.0447421
vt 0.452866 0.103599
vt 0.459202 0.0717461
vt 0.441158 0.0447421
vt 0.394009 0.115307
vt 0.452866 0.103599
vt 0.441158 0.0447421
vt 0.382301 0.0564496
vt 0.394009 0.115307
vt 0.441158 0.0447421
vt 0.409305 0.0384061
vt 0.382301 0.0564496
vt 0.441158 0.0447421
vt 0.425862 0.0384061
vt 0.409305 0.0384061
vt 0.441158 0.0447421
vt 0.989216 0.176848
vt 0.999672 0.151604
vt 0.988135 0.149309
vt 0.988135 0.149309
vt 0.979435 0.170313
vt 0.989216 0.176848
vt 0.955055 0.340566
vt 0.955055 0.317832
vt 0.950689 0.31845
vt 0.941958 0.319686
vt 0.941958 0.338713
vt 0.946323 0.339331
vt 0.946323 0.319068
vt 0.941958 0.319686
vt 0.946323 0.339331
vt 0.946323 0.319068
vt 0.946323 0.339331
vt 0.950689 0.339949
vt 0.950689 0.31845
vt 0.946323 0.319068
vt 0.950689 0.339949
vt 0.955055 0.340566
vt 0.950689 0.31845
vt 0.950689 0.339949
vt 0.999672 0.151604
vt 0.999672 0.12428
vt 0.988135 0.126575
vt 0.988135 0.126575
vt 0.988135 0.149309
vt 0.999672 0.151604
vt 0.955055 0.317832
vt 0.949612 0.296829
vt 0.945542 0.298588
vt 0.937402 0.302106
vt 0.941958 0.319686
vt 0.946323 0.319068
vt 0.941472 0.300347
vt 0.937402 0.302106
vt 0.946323 0.319068
vt 0.941472 0.300347
vt 0.946323 0.319068
vt 0.950689 0.31845
vt 0.945542 0.298588
vt 0.941472 0.300347
vt 0.950689 0.31845
vt 0.955055 0.317832
vt 0.945542 0.298588
vt 0.950689 0.31845
vt 0.999672 0.12428
vt 0.989216 0.0990364
vt 0.979435 0.105572
vt 0.979435 0.105572
vt 0.988135 0.126575
vt 0.999672 0.12428
vt 0.884134 0.0686038
vt 0.884134 0.0458697
vt 0.879768 0.0464874
vt 0.871037 0.0477229
vt 0.871037 0.0667506
vt 0.875403 0.0673683
vt 0.875403 0.0471051
vt 0.871037 0.0477229
vt 0.875403 0.0673683
vt 0.875403 0.0471051
vt 0.875403 0.0673683
vt 0.879768 0.067986
vt 0.879768 0.0464874
vt 0.875403 0.0471051
vt 0.879768 0.067986
vt 0.884134 0.0686038
vt 0.879768 0.0464874
vt 0.879768 0.067986
vt 0.989216 0.0990364
vt 0.969895 0.0797155
vt 0.96336 0.0894963
vt 0.96336 0.0894963
vt 0.979435 0.105572
vt 0.989216 0.0990364
vt 0.459214 0.141703
vt 0.454786 0.162944
vt 0.459214 0.16317
vt 0.875622 0.568603
vt 0.880178 0.551023
vt 0.876108 0.549264
vt 0.870552 0.0283844
vt 0.866482 0.0301436
vt 0.875403 0.0471051
vt 0.870552 0.0283844
vt 0.875403 0.0471051
vt 0.879768 0.0464874
vt 0.866891 0.567367
vt 0.871257 0.567985
vt 0.872038 0.547505
vt 0.867968 0.545746
vt 0.866891 0.567367
vt 0.872038 0.547505
vt 0.969895 0.0797155
vt 0.944651 0.0692591
vt 0.942356 0.0807964
vt 0.942356 0.0807964
vt 0.96336 0.0894963
vt 0.969895 0.0797155
vt 0.862526 0.566749
vt 0.862526 0.589484
vt 0.866891 0.588866
vt 0.875622 0.58763
vt 0.875622 0.568603
vt 0.871257 0.567985
vt 0.871257 0.588248
vt 0.875622 0.58763
vt 0.871257 0.567985
vt 0.871257 0.588248
vt 0.871257 0.567985
vt 0.866891 0.567367
vt 0.866891 0.588866
vt 0.871257 0.588248
vt 0.866891 0.567367
vt 0.862526 0.566749
vt 0.866891 0.588866
vt 0.866891 0.567367
vt 0.944651 0.0692591
vt 0.917327 0.0692591
vt 0.919622 0.0807964
vt 0.919622 0.0807964
vt 0.942356 0.0807964
vt 0.944651 0.0692591
vt 0.862526 0.589484
vt 0.867968 0.610487
vt 0.872038 0.608728
vt 0.880178 0.60521
vt 0.875622 0.58763
vt 0.871257 0.588248
vt 0.876108 0.606969
vt 0.880178 0.60521
vt 0.871257 0.588248
vt 0.876108 0.606969
vt 0.871257 0.588248
vt 0.866891 0.588866
vt 0.0810098 0.0739209
vt 0.0766443 0.0733032
vt 0.0758629 0.093783
vt 0.862526 0.589484
vt 0.872038 0.608728
vt 0.866891 0.588866
vt 0.917327 0.0692591
vt 0.892083 0.0797155
vt 0.898619 0.0894963
vt 0.898619 0.0894963
vt 0.919622 0.0807964
vt 0.917327 0.0692591
vt 0.0853754 0.0745387
vt 0.0853754 0.0518046
vt 0.0810098 0.0524223
vt 0.0722788 0.0536578
vt 0.0722788 0.0726855
vt 0.0766443 0.0733032
vt 0.0766443 0.05304
vt 0.0722788 0.0536578
vt 0.0766443 0.0733032
vt 0.0766443 0.05304
vt 0.0766443 0.0733032
vt 0.0810098 0.0739209
vt 0.0810098 0.0524223
vt 0.0766443 0.05304
vt 0.0810098 0.0739209
vt 0.0853754 0.0745387
vt 0.0810098 0.0524223
vt 0.0810098 0.0739209
vt 0.892083 0.0797155
vt 0.872763 0.0990364
vt 0.882543 0.105572
vt 0.882543 0.105572
vt 0.898619 0.0894963
vt 0.892083 0.0797155
vt 0.0257688 0.0946075
vt 0.0312115 0.073604
vt 0.026846 0.0729863
vt 0.0181148 0.0717509
vt 0.0135595 0.0893301
vt 0.0176293 0.0910892
vt 0.0224804 0.0723686
vt 0.0181148 0.0717509
vt 0.0176293 0.0910892
vt 0.0224804 0.0723686
vt 0.0176293 0.0910892
vt 0.021699 0.0928484
vt 0.075863 0.0325602
vt 0.0717932 0.0343194
vt 0.0810098 0.0524223
vt 0.0853754 0.0518046
vt 0.075863 0.0325602
vt 0.0810098 0.0524223
vt 0.872763 0.0990364
vt 0.862306 0.12428
vt 0.873843 0.126575
vt 0.873843 0.126575
vt 0.882543 0.105572
vt 0.872763 0.0990364
vt 0.0312115 0.073604
vt 0.0312115 0.05087
vt 0.026846 0.0514877
vt 0.0181148 0.0527232
vt 0.0181148 0.0717509
vt 0.0224804 0.0723686
vt 0.0224804 0.0521055
vt 0.0181148 0.0527232
vt 0.0224804 0.0723686
vt 0.0224804 0.0521055
vt 0.0224804 0.0723686
vt 0.026846 0.0729863
vt 0.026846 0.0514877
vt 0.0224804 0.0521055
vt 0.026846 0.0729863
vt 0.0312115 0.073604
vt 0.026846 0.0514877
vt 0.026846 0.0729863
vt 0.862306 0.12428
vt 0.862306 0.151604
vt 0.873843 0.149309
vt 0.873843 0.149309
vt 0.873843 0.126575
vt 0.862306 0.12428
vt 0.475612 0.141732
vt 0.472274 0.163171
vt 0.476708 0.163171
vt 0.947721 0.761302
vt 0.954413 0.74442
vt 0.950591 0.742171
vt 0.0176292 0.0333847
vt 0.0135595 0.0351439
vt 0.0224804 0.0521055
vt 0.0176292 0.0333847
vt 0.0224804 0.0521055
vt 0.026846 0.0514877
vt 0.93921 0.758998
vt 0.943466 0.76015
vt 0.94677 0.739923
vt 0.942949 0.737675
vt 0.93921 0.758998
vt 0.94677 0.739923
vt 0.862306 0.151604
vt 0.872762 0.176848
vt 0.882543 0.170313
vt 0.882543 0.170313
vt 0.873843 0.149309
vt 0.862306 0.151604
vt 0.934954 0.757846
vt 0.932147 0.780406
vt 0.936555 0.780332
vt 0.945372 0.780184
vt 0.947721 0.761302
vt 0.943466 0.76015
vt 0.940963 0.780258
vt 0.945372 0.780184
vt 0.943466 0.76015
vt 0.940963 0.780258
vt 0.943466 0.76015
vt 0.93921 0.758998
vt 0.936555 0.780332
vt 0.940963 0.780258
vt 0.93921 0.758998
vt 0.934954 0.757846
vt 0.936555 0.780332
vt 0.93921 0.758998
vt 0.872762 0.176848
vt 0.892083 0.196169
vt 0.898619 0.186388
vt 0.898619 0.186388
vt 0.882543 0.170313
vt 0.872762 0.176848
vt 0.463207 0.141732
vt 0.459869 0.163171
vt 0.464303 0.163171
vt 0.947721 0.798191
vt 0.945372 0.780184
vt 0.940963 0.780258
vt 0.943466 0.799434
vt 0.947721 0.798191
vt 0.940963 0.780258
vt 0.943466 0.799434
vt 0.940963 0.780258
vt 0.936555 0.780332
vt 0.145405 0.0563846
vt 0.149704 0.0573621
vt 0.152181 0.0370177
vt 0.148271 0.0349271
vt 0.145405 0.0563846
vt 0.152181 0.0370177
vt 0.892083 0.196169
vt 0.917327 0.206625
vt 0.919622 0.195088
vt 0.919622 0.195088
vt 0.898619 0.186388
vt 0.892083 0.196169
vt 0.141106 0.0554069
vt 0.139221 0.0780627
vt 0.143622 0.0778091
vt 0.152426 0.0773019
vt 0.154004 0.0583398
vt 0.149704 0.0573621
vt 0.148024 0.0775555
vt 0.152426 0.0773019
vt 0.149704 0.0573621
vt 0.148024 0.0775555
vt 0.149704 0.0573621
vt 0.145405 0.0563846
vt 0.143622 0.0778091
vt 0.148024 0.0775555
vt 0.145405 0.0563846
vt 0.141106 0.0554069
vt 0.143622 0.0778091
vt 0.145405 0.0563846
vt 0.917327 0.206625
vt 0.944651 0.206625
vt 0.942356 0.195088
vt 0.942356 0.195088
vt 0.919622 0.195088
vt 0.917327 0.206625
vt 0.944335 0.432636
vt 0.949778 0.411633
vt 0.945412 0.411015
vt 0.936681 0.409779
vt 0.932126 0.427359
vt 0.936196 0.429118
vt 0.941047 0.410397
vt 0.936681 0.409779
vt 0.936196 0.429118
vt 0.941047 0.410397
vt 0.936196 0.429118
vt 0.940265 0.430877
vt 0.945412 0.411015
vt 0.941047 0.410397
vt 0.940265 0.430877
vt 0.944335 0.432636
vt 0.945412 0.411015
vt 0.940265 0.430877
vt 0.944651 0.206625
vt 0.969895 0.196169
vt 0.96336 0.186388
vt 0.96336 0.186388
vt 0.942356 0.195088
vt 0.944651 0.206625
vt 0.949778 0.411633
vt 0.949778 0.388899
vt 0.945412 0.389516
vt 0.936681 0.390752
vt 0.936681 0.409779
vt 0.941047 0.410397
vt 0.941047 0.390134
vt 0.936681 0.390752
vt 0.941047 0.410397
vt 0.941047 0.390134
vt 0.941047 0.410397
vt 0.945412 0.411015
vt 0.945412 0.389516
vt 0.941047 0.390134
vt 0.945412 0.411015
vt 0.949778 0.411633
vt 0.945412 0.389516
vt 0.945412 0.411015
vt 0.969895 0.196169
vt 0.989216 0.176848
vt 0.979435 0.170313
vt 0.979435 0.170313
vt 0.96336 0.186388
vt 0.969895 0.196169
vt 0.949778 0.388899
vt 0.944335 0.367895
vt 0.940265 0.369654
vt 0.932126 0.373172
vt 0.936681 0.390752
vt 0.941047 0.390134
vt 0.946323 0.339331
vt 0.941958 0.338713
vt 0.941472 0.358052
vt 0.946323 0.339331
vt 0.941472 0.358052
vt 0.945542 0.359811
vt 0.940265 0.369654
vt 0.936196 0.371413
vt 0.945412 0.389516
vt 0.949778 0.388899
vt 0.940265 0.369654
vt 0.945412 0.389516
vt 0.929263 0.305624
vt 0.933227 0.320921
vt 0.937592 0.320303
vt 0.937592 0.320303
vt 0.933333 0.303865
vt 0.929263 0.305624
vt 0.933333 0.303865
vt 0.937592 0.320303
vt 0.941958 0.319686
vt 0.941958 0.319686
vt 0.937402 0.302106
vt 0.933333 0.303865
vt 0.862306 0.0489583
vt 0.862306 0.0655151
vt 0.866672 0.0661328
vt 0.866672 0.0661328
vt 0.866672 0.0483406
vt 0.862306 0.0489583
vt 0.866672 0.0483406
vt 0.866672 0.0661328
vt 0.871037 0.0667506
vt 0.871037 0.0667506
vt 0.871037 0.0477229
vt 0.866672 0.0483406
vt 0.884353 0.569838
vt 0.888317 0.554542
vt 0.884247 0.552782
vt 0.884247 0.552782
vt 0.879988 0.56922
vt 0.884353 0.569838
vt 0.879988 0.56922
vt 0.884247 0.552782
vt 0.880178 0.551023
vt 0.880178 0.551023
vt 0.875622 0.568603
vt 0.879988 0.56922
vt 0.884353 0.586395
vt 0.884353 0.569838
vt 0.879988 0.56922
vt 0.879988 0.56922
vt 0.879988 0.587013
vt 0.884353 0.586395
vt 0.879988 0.587013
vt 0.879988 0.56922
vt 0.875622 0.568603
vt 0.875622 0.568603
vt 0.875622 0.58763
vt 0.879988 0.587013
vt 0.888317 0.601691
vt 0.884353 0.586395
vt 0.879988 0.587013
vt 0.0636536 0.0885056
vt 0.0679132 0.0720677
vt 0.0635477 0.07145
vt 0.0679132 0.0720677
vt 0.0636536 0.0885056
vt 0.0677234 0.0902648
vt 0.875622 0.58763
vt 0.880178 0.60521
vt 0.884247 0.603451
vt 0.0635477 0.0548933
vt 0.0635477 0.07145
vt 0.0679132 0.0720677
vt 0.0679132 0.0720677
vt 0.0679132 0.0542755
vt 0.0635477 0.0548933
vt 0.0679132 0.0542755
vt 0.0679132 0.0720677
vt 0.0722788 0.0726855
vt 0.0722788 0.0726855
vt 0.0722788 0.0536578
vt 0.0679132 0.0542755
vt 0.00938378 0.0705155
vt 0.00541998 0.0858119
vt 0.00948969 0.087571
vt 0.00948969 0.087571
vt 0.0137493 0.0711331
vt 0.00938378 0.0705155
vt 0.0137493 0.0711331
vt 0.00948969 0.087571
vt 0.0135595 0.0893301
vt 0.0135595 0.0893301
vt 0.0181148 0.0717509
vt 0.0137493 0.0711331
vt 0.00938378 0.0539586
vt 0.00938378 0.0705155
vt 0.0137493 0.0711331
vt 0.0137493 0.0711331
vt 0.0137493 0.0533409
vt 0.00938378 0.0539586
vt 0.0137493 0.0533409
vt 0.0137493 0.0711331
vt 0.0181148 0.0717509
vt 0.0181148 0.0717509
vt 0.0181148 0.0527232
vt 0.0137493 0.0533409
vt 0.00541998 0.0386621
vt 0.00938378 0.0539586
vt 0.0137493 0.0533409
vt 0.0137493 0.0533409
vt 0.00948969 0.036903
vt 0.00541998 0.0386621
vt 0.00948969 0.036903
vt 0.0137493 0.0533409
vt 0.0181148 0.0527232
vt 0.954413 0.74442
vt 0.947721 0.761302
vt 0.951977 0.762454
vt 0.954189 0.780036
vt 0.956233 0.763606
vt 0.951977 0.762454
vt 0.951977 0.762454
vt 0.94978 0.78011
vt 0.954189 0.780036
vt 0.94978 0.78011
vt 0.951977 0.762454
vt 0.947721 0.761302
vt 0.947721 0.761302
vt 0.945372 0.780184
vt 0.94978 0.78011
vt 0.956233 0.795705
vt 0.954189 0.780036
vt 0.94978 0.78011
vt 0.163911 0.0432893
vt 0.158303 0.0593174
vt 0.162602 0.060295
vt 0.158303 0.0593174
vt 0.163911 0.0432893
vt 0.160001 0.0411988
vt 0.945372 0.780184
vt 0.947721 0.798191
vt 0.951977 0.796948
vt 0.161229 0.0767947
vt 0.162602 0.060295
vt 0.158303 0.0593174
vt 0.158303 0.0593174
vt 0.156827 0.0770484
vt 0.161229 0.0767947
vt 0.156827 0.0770484
vt 0.158303 0.0593174
vt 0.154004 0.0583398
vt 0.154004 0.0583398
vt 0.152426 0.0773019
vt 0.156827 0.0770484
vt 0.277055 0.175065
vt 0.281114 0.159793
vt 0.277055 0.158009
vt 0.156827 0.0770484
vt 0.159709 0.0937828
vt 0.163911 0.0923672
vt 0.159709 0.0937828
vt 0.156827 0.0770484
vt 0.152426 0.0773019
vt 0.932126 0.427359
vt 0.936681 0.409779
vt 0.932316 0.409162
vt 0.92795 0.391987
vt 0.92795 0.408544
vt 0.932316 0.409162
vt 0.932316 0.409162
vt 0.932316 0.39137
vt 0.92795 0.391987
vt 0.932316 0.39137
vt 0.932316 0.409162
vt 0.936681 0.409779
vt 0.936681 0.409779
vt 0.936681 0.390752
vt 0.932316 0.39137
vt 0.933227 0.337478
vt 0.929263 0.352774
vt 0.933333 0.354533
vt 0.933333 0.354533
vt 0.937592 0.338096
vt 0.933227 0.337478
vt 0.937592 0.338096
vt 0.933333 0.354533
vt 0.937402 0.356293
vt 0.936681 0.390752
vt 0.932126 0.373172
vt 0.928056 0.374932
vt 0.933227 0.320921
vt 0.933227 0.337478
vt 0.937592 0.338096
vt 0.937592 0.338096
vt 0.937592 0.320303
vt 0.933227 0.320921
vt 0.937592 0.320303
vt 0.937592 0.338096
vt 0.941958 0.338713
vt 0.941958 0.338713
vt 0.941958 0.319686
vt 0.937592 0.320303
vt 0.192091 0.309738
vt 0.192825 0.295366
vt 0.167459 0.2953
vt 0.192091 0.309738
vt 0.167459 0.2953
vt 0.168121 0.309675
vt 0.192091 0.309738
vt 0.168121 0.309675
vt 0.16756 0.524032
vt 0.191529 0.524095
vt 0.192091 0.309738
vt 0.16756 0.524032
vt 0.168121 0.309675
vt 0.167459 0.2953
vt 0.144027 0.295366
vt 0.168121 0.309675
vt 0.144027 0.295366
vt 0.145981 0.309738
vt 0.168121 0.309675
vt 0.145981 0.309738
vt 0.145419 0.524095
vt 0.16756 0.524032
vt 0.168121 0.309675
vt 0.145419 0.524095
vt 0.0464686 0.309595
vt 0.0471332 0.295272
vt 0.0217667 0.295351
vt 0.0464686 0.309595
vt 0.0217667 0.295351
vt 0.0224994 0.30967
vt 0.0464686 0.309595
vt 0.0224994 0.30967
vt 0.023164 0.524044
vt 0.0471332 0.52397
vt 0.0464686 0.309595
vt 0.023164 0.524044
vt 0.572447 0.309921
vt 0.574471 0.29556
vt 0.551024 0.295369
vt 0.572447 0.309921
vt 0.551024 0.295369
vt 0.550291 0.309741
vt 0.0224994 0.30967
vt 0.000327632 0.30972
vt 0.000992186 0.524095
vt 0.023164 0.524044
vt 0.0224994 0.30967
vt 0.000992186 0.524095
vt 0.550291 0.309741
vt 0.551024 0.295369
vt 0.525657 0.295302
vt 0.550291 0.309741
vt 0.525657 0.295302
vt 0.526322 0.309678
vt 0.550291 0.309741
vt 0.526322 0.309678
vt 0.525752 0.524034
vt 0.549722 0.524098
vt 0.550291 0.309741
vt 0.525752 0.524034
vt 0.526322 0.309678
vt 0.525657 0.295302
vt 0.502233 0.295369
vt 0.526322 0.309678
vt 0.502233 0.295369
vt 0.504188 0.309741
vt 0.526322 0.309678
vt 0.504188 0.309741
vt 0.503619 0.524098
vt 0.525752 0.524034
vt 0.526322 0.309678
vt 0.503619 0.524098
vt 0.500917 0.309593
vt 0.501578 0.295267
vt 0.476211 0.295345
vt 0.500917 0.309593
vt 0.476211 0.295345
vt 0.476948 0.309667
vt 0.500917 0.309593
vt 0.476948 0.309667
vt 0.477609 0.524042
vt 0.501578 0.523968
vt 0.500917 0.309593
vt 0.477609 0.524042
vt 0.141346 0.309916
vt 0.143372 0.295555
vt 0.119932 0.295366
vt 0.141346 0.309916
vt 0.119932 0.295366
vt 0.119197 0.309738
vt 0.476948 0.309667
vt 0.454786 0.309723
vt 0.455447 0.524098
vt 0.477609 0.524042
vt 0.476948 0.309667
vt 0.455447 0.524098
vt 0.119197 0.309738
vt 0.119932 0.295366
vt 0.0945652 0.2953
vt 0.119197 0.309738
vt 0.0945652 0.2953
vt 0.0952279 0.309675
vt 0.119197 0.309738
vt 0.0952279 0.309675
vt 0.0946663 0.524032
vt 0.118636 0.524095
vt 0.119197 0.309738
vt 0.0946663 0.524032
vt 0.0952279 0.309675
vt 0.0945652 0.2953
vt 0.0711339 0.295367
vt 0.0952279 0.309675
vt 0.0711339 0.295367
vt 0.0730873 0.309738
vt 0.0952279 0.309675
vt 0.0730873 0.309738
vt 0.0725257 0.524095
vt 0.0946663 0.524032
vt 0.0952279 0.309675
vt 0.0725257 0.524095
vt 0.263062 0.309595
vt 0.263726 0.295272
vt 0.23836 0.295351
vt 0.263062 0.309595
vt 0.23836 0.295351
vt 0.239092 0.30967
vt 0.263062 0.309595
vt 0.239092 0.30967
vt 0.239757 0.524044
vt 0.263726 0.52397
vt 0.263062 0.309595
vt 0.239757 0.524044
vt 0.428748 0.309921
vt 0.430772 0.29556
vt 0.407324 0.295369
vt 0.428748 0.309921
vt 0.407324 0.295369
vt 0.406592 0.309741
vt 0.239092 0.30967
vt 0.216921 0.30972
vt 0.217585 0.524095
vt 0.239757 0.524044
vt 0.239092 0.30967
vt 0.217585 0.524095
vt 0.406592 0.309741
vt 0.407324 0.295369
vt 0.381957 0.295302
vt 0.406592 0.309741
vt 0.381957 0.295302
vt 0.382622 0.309678
vt 0.406592 0.309741
vt 0.382622 0.309678
vt 0.382053 0.524035
vt 0.406022 0.524098
vt 0.406592 0.309741
vt 0.382053 0.524035
vt 0.382622 0.309678
vt 0.381957 0.295302
vt 0.358534 0.295369
vt 0.382622 0.309678
vt 0.358534 0.295369
vt 0.360489 0.309741
vt 0.382622 0.309678
vt 0.360489 0.309741
vt 0.359919 0.524098
vt 0.382053 0.524035
vt 0.382622 0.309678
vt 0.359919 0.524098
vt 0.357217 0.309593
vt 0.357878 0.295267
vt 0.332512 0.295345
vt 0.357217 0.309593
vt 0.332512 0.295345
vt 0.333248 0.309667
vt 0.357217 0.309593
vt 0.333248 0.309667
vt 0.333909 0.524042
vt 0.357878 0.523968
vt 0.357217 0.309593
vt 0.333909 0.524042
vt 0.21424 0.309916
vt 0.216265 0.295555
vt 0.192825 0.295366
vt 0.21424 0.309916
vt 0.192825 0.295366
vt 0.192091 0.309738
vt 0.333248 0.309667
vt 0.311086 0.309723
vt 0.311747 0.524098
vt 0.333909 0.524042
vt 0.333248 0.309667
vt 0.311747 0.524098
vt 0.0200858 0.120693
vt 0.0312116 0.101676
vt 0.022912 0.0952627
vt 0.022912 0.0952627
vt 0.0101131 0.117139
vt 0.0200858 0.120693
vt 0.454131 0.378757
vt 0.446512 0.356612
vt 0.436107 0.358414
vt 0.436107 0.358414
vt 0.444871 0.383889
vt 0.454131 0.378757
vt 0.446512 0.356612
vt 0.446512 0.332642
vt 0.436107 0.33084
vt 0.436107 0.33084
vt 0.436107 0.358414
vt 0.446512 0.356612
vt 0.446512 0.332642
vt 0.454131 0.310498
vt 0.444871 0.305366
vt 0.444871 0.305366
vt 0.436107 0.33084
vt 0.446512 0.332642
vt 0.0487878 0.33339
vt 0.0577451 0.31326
vt 0.0487878 0.307803
vt 0.484603 0.163171
vt 0.487852 0.138034
vt 0.477363 0.138034
vt 0.92184 0.730447
vt 0.910714 0.70984
vt 0.900741 0.713314
vt 0.900741 0.713314
vt 0.91354 0.73702
vt 0.92184 0.730447
vt 0.910714 0.70984
vt 0.906807 0.686191
vt 0.896247 0.686109
vt 0.896247 0.686109
vt 0.900741 0.713314
vt 0.910714 0.70984
vt 0.906807 0.686191
vt 0.910714 0.663101
vt 0.900741 0.659547
vt 0.900741 0.659547
vt 0.896247 0.686109
vt 0.906807 0.686191
vt 0.910714 0.663101
vt 0.92184 0.644084
vt 0.91354 0.63767
vt 0.91354 0.63767
vt 0.900741 0.659547
vt 0.910714 0.663101
vt 0.0312115 0.288044
vt 0.0200857 0.267437
vt 0.010113 0.270911
vt 0.010113 0.270911
vt 0.0229118 0.294617
vt 0.0312115 0.288044
vt 0.0200857 0.267437
vt 0.0161788 0.243788
vt 0.00561867 0.243706
vt 0.00561867 0.243706
vt 0.010113 0.270911
vt 0.0200857 0.267437
vt 0.0161788 0.243788
vt 0.0200856 0.220698
vt 0.010113 0.217144
vt 0.010113 0.217144
vt 0.00561867 0.243706
vt 0.0161788 0.243788
vt 0.0200856 0.220698
vt 0.0312115 0.201681
vt 0.0229118 0.195267
vt 0.0229118 0.195267
vt 0.010113 0.217144
vt 0.0200856 0.220698
vt 0.0312116 0.188039
vt 0.0200858 0.167432
vt 0.0101131 0.170906
vt 0.0101131 0.170906
vt 0.022912 0.194612
vt 0.0312116 0.188039
vt 0.0200858 0.167432
vt 0.0161789 0.143783
vt 0.00561877 0.143701
vt 0.00561877 0.143701
vt 0.0101131 0.170906
vt 0.0200858 0.167432
vt 0.0161789 0.143783
vt 0.0200858 0.120693
vt 0.0101131 0.117139
vt 0.0101131 0.117139
vt 0.00561877 0.143701
vt 0.0161789 0.143783
usemtl 556bcb16c03841e58f331792637b14b8_visual_0
f 1/1/1 2/2/2 3/3/3
f 4/4/4 5/5/5 6/6/6
f 7/7/7 8/8/8 9/9/9
f 10/10/10 11/11/11 12/12/12
f 13/13/13 14/14/14 15/15/15
f 16/16/16 17/17/17 18/18/18
f 19/19/19 20/20/20 21/21/21
f 22/22/22 23/23/23 24/24/24
f 25/25/25 26/26/26 27/27/27
f 28/28/28 29/29/29 30/30/30
f 31/31/31 32/32/32 33/33/33
f 34/34/34 35/35/35 36/36/36
f 37/37/37 38/38/38 39/39/39
f 40/40/40 41/41/41 42/42/42
f 43/43/43 44/44/44 45/45/45
f 46/46/46 47/47/47 48/48/48
f 49/49/49 50/50/50 51/51/51
f 52/52/52 53/53/53 54/54/54
f 55/55/55 56/56/56 57/57/57
f 58/58/58 59/59/59 60/60/60
f 61/61/61 62/62/62 63/63/63
f 64/64/64 65/65/65 66/66/66
f 67/67/67 68/68/68 69/69/69
f 70/70/70 71/71/71 72/72/72
f 73/73/73 74/74/74 75/75/75
f 76/76/76 77/77/77 78/78/78
f 79/79/79 80/80/80 81/81/81
f 82/82/82 83/83/83 84/84/84
f 85/85/85 86/86/86 87/87/87
f 88/88/88 89/89/89 90/90/90
f 91/91/91 92/92/92 93/93/93
f 94/94/94 95/95/95 96/96/96
f 97/97/97 98/98/98 99/99/99
f 100/100/100 101/101/101 102/102/102
f 103/103/103 104/104/104 105/105/105
f 106/106/106 107/107/107 108/108/108
f 109/109/109 110/110/110 111/111/111
f 112/112/112 113/113/113 114/114/114
f 115/115/115 116/116/116 117/117/117
f 118/118/118 119/119/119 120/120/120
f 121/121/121 122/122/122 123/123/123
f 124/124/124 125/125/125 126/126/126
f 127/127/127 128/128/128 129/129/129
f 130/130/130 131/131/131 132/132/132
f 133/133/133 134/134/134 135/135/135
f 136/136/136 137/137/137 138/138/138
f 139/139/139 140/140/140 141/141/141
f 142/142/142 143/143/143 144/144/144
f 145/145/145 146/146/146 147/147/147
f 148/148/148 149/149/149 150/150/150
f 151/151/151 152/152/152 153/153/153
f 154/154/154 155/155/155 156/156/156
f 157/157/157 158/158/158 159/159/159
f 160/160/160 161/161/161 162/162/162
f 163/163/163 164/164/164 165/165/165
f 166/166/166 167/167/167 168/168/168
f 169/169/169 170/170/170 171/171/171
f 172/172/172 173/173/173 174/174/174
f 175/175/175 176/176/176 177/177/177
f 178/178/178 179/179/179 180/180/180
f 181/181/181 182/182/182 183/183/183
f 184/184/184 185/185/185 186/186/186
f 187/187/187 188/188/188 189/189/189
f 190/190/190 191/191/191 192/192/192
f 193/193/193 194/194/194 195/195/195
f 196/196/196 197/197/197 198/198/198
f 199/199/199 200/200/200 201/201/201
f 202/202/202 203/203/203 204/204/204
f 205/205/205 206/206/206 207/207/207
f 208/208/208 209/209/209 210/210/210
f 211/211/211 212/212/212 213/213/213
f 214/214/214 215/215/215 216/216/216
f 217/217/217 218/218/218 219/219/219
f 220/220/220 221/221/221 222/222/222
f 223/223/223 224/224/224 225/225/225
f 226/226/226 227/227/227 228/228/228
f 229/229/229 230/230/230 231/231/231
f 232/232/232 233/233/233 234/234/234
f 235/235/235 236/236/236 237/237/237
f 238/238/238 239/239/239 240/240/240
f 241/241/241 242/242/242 243/243/243
f 244/244/244 245/245/245 246/246/246
f 247/247/247 248/248/248 249/249/249
f 250/250/250 251/251/251 252/252/252
f 253/253/253 254/254/254 255/255/255
f 256/256/256 257/257/257 258/258/258
f 259/259/259 260/260/260 261/261/261
f 262/262/262 263/263/263 264/264/264
f 265/265/265 266/266/266 267/267/267
f 268/268/268 269/269/269 270/270/270
f 271/271/271 272/272/272 273/273/273
f 274/274/274 275/275/275 276/276/276
f 277/277/277 278/278/278 279/279/279
f 280/280/280 281/281/281 282/282/282
f 283/283/283 284/284/284 285/285/285
f 286/286/286 287/287/287 288/288/288
f 289/289/289 290/290/290 291/291/291
f 292/292/292 293/293/293 294/294/294
f 295/295/295 296/296/296 297/297/297
f 298/298/298 299/299/299 300/300/300
f 301/301/301 302/302/302 303/303/303
f 304/304/304 305/305/305 306/306/306
f 307/307/307 308/308/308 309/309/309
f 310/310/310 311/311/311 312/312/312
f 313/313/313 314/314/314 315/315/315
f 316/316/316 317/317/317 318/318/318
f 319/319/319 320/320/320 321/321/321
f 322/322/322 323/323/323 324/324/324
f 325/325/325 326/326/326 327/327/327
f 328/328/328 329/329/329 330/330/330
f 331/331/331 332/332/332 333/333/333
f 334/334/334 335/335/335 336/336/336
f 337/337/337 338/338/338 339/339/339
f 340/340/340 341/341/341 342/342/342
f 343/343/343 344/344/344 345/345/345
f 346/346/346 347/347/347 348/348/348
f 349/349/349 350/350/350 351/351/351
f 352/352/352 353/353/353 354/354/354
f 355/355/355 356/356/356 357/357/357
f 358/358/358 359/359/359 360/360/360
f 361/361/361 362/362/362 363/363/363
f 364/364/364 365/365/365 366/366/366
f 367/367/367 368/368/368 369/369/369
f 370/370/370 371/371/371 372/372/372
f 373/373/373 374/374/374 375/375/375
f 376/376/376 377/377/377 378/378/378
f 379/379/379 380/380/380 381/381/381
f 382/382/382 383/383/383 384/384/384
f 385/385/385 386/386/386 387/387/387
f 388/388/388 389/389/389 390/390/390
f 391/391/391 392/392/392 393/393/393
f 394/394/394 395/395/395 396/396/396
f 397/397/397 398/398/398 399/399/399
f 400/400/400 401/401/401 402/402/402
f 403/403/403 404/404/404 405/405/405
f 406/406/406 407/407/407 408/408/408
f 409/409/409 410/410/410 411/411/411
f 412/412/412 413/413/413 414/414/414
f 415/415/415 416/416/416 417/417/417
f 418/418/418 419/419/419 420/420/420
f 421/421/421 422/422/422 423/423/423
f 424/424/424 425/425/425 426/426/426
f 427/427/427 428/428/428 429/429/429
f 430/430/430 431/431/431 432/432/432
f 433/433/433 434/434/434 435/435/435
f 436/436/436 437/437/437 438/438/438
f 439/439/439 440/440/440 441/441/441
f 442/442/442 443/443/443 444/444/444
f 445/445/445 446/446/446 447/447/447
f 448/448/448 449/449/449 450/450/450
f 451/451/451 452/452/452 453/453/453
f 454/454/454 455/455/455 456/456/456
f 457/457/457 458/458/458 459/459/459
f 460/460/460 461/461/461 462/462/462
f 463/463/463 464/464/464 465/465/465
f 466/466/466 467/467/467 468/468/468
f 469/469/469 470/470/470 471/471/471
f 472/472/472 473/473/473 474/474/474
f 475/475/475 476/476/476 477/477/477
f 478/478/478 479/479/479 480/480/480
f 481/481/481 482/482/482 483/483/483
f 484/484/484 485/485/485 486/486/486
f 487/487/487 488/488/488 489/489/489
f 490/490/490 491/491/491 492/492/492
f 493/493/493 494/494/494 495/495/495
f 496/496/496 497/497/497 498/498/498
f 499/499/499 500/500/500 501/501/501
f 502/502/502 503/503/503 504/504/504
f 505/505/505 506/506/506 507/507/507
f 508/508/508 509/509/509 510/510/510
f 511/511/511 512/512/512 513/513/513
f 514/514/514 515/515/515 516/516/516
f 517/517/517 518/518/518 519/519/519
f 520/520/520 521/521/521 522/522/522
f 523/523/523 524/524/524 525/525/525
f 526/526/526 527/527/527 528/528/528
f 529/529/529 530/530/530 531/531/531
f 532/532/532 533/533/533 534/534/534
f 535/535/535 536/536/536 537/537/537
f 538/538/538 539/539/539 540/540/540
f 541/541/541 542/542/542 543/543/543
f 544/544/544 545/545/545 546/546/546
f 547/547/547 548/548/548 549/549/549
f 550/550/550 551/551/551 552/552/552
f 553/553/553 554/554/554 555/555/555
f 556/556/556 557/557/557 558/558/558
f 559/559/559 560/560/560 561/561/561
f 562/562/562 563/563/563 564/564/564
f 565/565/565 566/566/566 567/567/567
f 568/568/568 569/569/569 570/570/570
f 571/571/571 572/572/572 573/573/573
f 574/574/574 575/575/575 576/576/576
f 577/577/577 578/578/578 579/579/579
f 580/580/580 581/581/581 582/582/582
f 583/583/583 584/584/584 585/585/585
f 586/586/586 587/587/587 588/588/588
f 589/589/589 590/590/590 591/591/591
f 592/592/592 593/593/593 594/594/594
f 595/595/595 596/596/596 597/597/597
f 598/598/598 599/599/599 600/600/600
f 601/601/601 602/602/602 603/603/603
f 604/604/604 605/605/605 606/606/606
f 607/607/607 608/608/608 609/609/609
f 610/610/610 611/611/611 612/612/612
f 613/613/613 614/614/614 615/615/615
f 616/616/616 617/617/617 618/618/618
f 619/619/619 620/620/620 621/621/621
f 622/622/622 623/623/623 624/624/624
f 625/625/625 626/626/626 627/627/627
f 628/628/628 629/629/629 630/630/630
f 631/631/631 632/632/632 633/633/633
f 634/634/634 635/635/635 636/636/636
f 637/637/637 638/638/638 639/639/639
f 640/640/640 641/641/641 642/642/642
f 643/643/643 644/644/644 645/645/645
f 646/646/646 647/647/647 648/648/648
f 649/649/649 650/650/650 651/651/651
f 652/652/652 653/653/653 654/654/654
f 655/655/655 656/656/656 657/657/657
f 658/658/658 659/659/659 660/660/660
f 661/661/661 662/662/662 663/663/663
f 664/664/664 665/665/665 666/666/666
f 667/667/667 668/668/668 669/669/669
f 670/670/670 671/671/671 672/672/672
f 673/673/673 674/674/674 675/675/675
f 676/676/676 677/677/677 678/678/678
f 679/679/679 680/680/680 681/681/681
f 682/682/682 683/683/683 684/684/684
f 685/685/685 686/686/686 687/687/687
f 688/688/688 689/689/689 690/690/690
f 691/691/691 692/692/692 693/693/693
f 694/694/694 695/695/695 696/696/696
f 697/697/697 698/698/698 699/699/699
f 700/700/700 701/701/701 702/702/702
f 703/703/703 704/704/704 705/705/705
f 706/706/706 707/707/707 708/708/708
f 709/709/709 710/710/710 711/711/711
f 712/712/712 713/713/713 714/714/714
f 715/715/715 716/716/716 717/717/717
f 718/718/718 719/719/719 720/720/720
f 721/721/721 722/722/722 723/723/723
f 724/724/724 725/725/725 726/726/726
f 727/727/727 728/728/728 729/729/729
f 730/730/730 731/731/731 732/732/732
f 733/733/733 734/734/734 735/735/735
f 736/736/736 737/737/737 738/738/738
f 739/739/739 740/740/740 741/741/741
f 742/742/742 743/743/743 744/744/744
f 745/745/745 746/746/746 747/747/747
f 748/748/748 749/749/749 750/750/750
f 751/751/751 752/752/752 753/753/753
f 754/754/754 755/755/755 756/756/756
f 757/757/757 758/758/758 759/759/759
f 760/760/760 761/761/761 762/762/762
f 763/763/763 764/764/764 765/765/765
f 766/766/766 767/767/767 768/768/768
f 769/769/769 770/770/770 771/771/771
f 772/772/772 773/773/773 774/774/774
f 775/775/775 776/776/776 777/777/777
f 778/778/778 779/779/779 780/780/780
f 781/781/781 782/782/782 783/783/783
f 784/784/784 785/785/785 786/786/786
f 787/787/787 788/788/788 789/789/789
f 790/790/790 791/791/791 792/792/792
f 793/793/793 794/794/794 795/795/795
f 796/796/796 797/797/797 798/798/798
f 799/799/799 800/800/800 801/801/801
f 802/802/802 803/803/803 804/804/804
f 805/805/805 806/806/806 807/807/807
f 808/808/808 809/809/809 810/810/810
f 811/811/811 812/812/812 813/813/813
f 814/814/814 815/815/815 816/816/816
f 817/817/817 818/818/818 819/819/819
f 820/820/820 821/821/821 822/822/822
f 823/823/823 824/824/824 825/825/825
f 826/826/826 827/827/827 828/828/828
f 829/829/829 830/830/830 831/831/831
f 832/832/832 833/833/833 834/834/834
f 835/835/835 836/836/836 837/837/837
f 838/838/838 839/839/839 840/840/840
f 841/841/841 842/842/842 843/843/843
f 844/844/844 845/845/845 846/846/846
f 847/847/847 848/848/848 849/849/849
f 850/850/850 851/851/851 852/852/852
f 853/853/853 854/854/854 855/855/855
f 856/856/856 857/857/857 858/858/858
f 859/859/859 860/860/860 861/861/861
f 862/862/862 863/863/863 864/864/864
f 865/865/865 866/866/866 867/867/867
f 868/868/868 869/869/869 870/870/870
f 871/871/871 872/872/872 873/873/873
f 874/874/874 875/875/875 876/876/876
f 877/877/877 878/878/878 879/879/879
f 880/880/880 881/881/881 882/882/882
f 883/883/883 884/884/884 885/885/885
f 886/886/886 887/887/887 888/888/888
f 889/889/889 890/890/890 891/891/891
f 892/892/892 893/893/893 894/894/894
f 895/895/895 896/896/896 897/897/897
f 898/898/898 899/899/899 900/900/900
f 901/901/901 902/902/902 903/903/903
f 904/904/904 905/905/905 906/906/906
f 907/907/907 908/908/908 909/909/909
f 910/910/910 911/911/911 912/912/912
f 913/913/913 914/914/914 915/915/915
f 916/916/916 917/917/917 918/918/918
f 919/919/919 920/920/920 921/921/921
f 922/922/922 923/923/923 924/924/924
f 925/925/925 926/926/926 927/927/927
f 928/928/928 929/929/929 930/930/930
f 931/931/931 932/932/932 933/933/933
f 934/934/934 935/935/935 936/936/936
f 937/937/937 938/938/938 939/939/939
f 940/940/940 941/941/941 942/942/942
f 943/943/943 944/944/944 945/945/945
f 946/946/946 947/947/947 948/948/948
f 949/949/949 950/950/950 951/951/951
f 952/952/952 953/953/953 954/954/954
f 955/955/955 956/956/956 957/957/957
f 958/958/958 959/959/959 960/960/960
f 961/961/961 962/962/962 963/963/963
f 964/964/964 965/965/965 966/966/966
f 967/967/967 968/968/968 969/969/969
f 970/970/970 971/971/971 972/972/972
f 973/973/973 974/974/974 975/975/975
f 976/976/976 977/977/977 978/978/978
f 979/979/979 980/980/980 981/981/981
f 982/982/982 983/983/983 984/984/984
f 985/985/985 986/986/986 987/987/987
f 988/988/988 989/989/989 990/990/990
f 991/991/991 992/992/992 993/993/993
f 994/994/994 995/995/995 996/996/996
f 997/997/997 998/998/998 999/999/999
f 1000/1000/1000 1001/1001/1001 1002/1002/1002
f 1003/1003/1003 1004/1004/1004 1005/1005/1005
f 1006/1006/1006 1007/1007/1007 1008/1008/1008
f 1009/1009/1009 1010/1010/1010 1011/1011/1011
f 1012/1012/1012 1013/1013/1013 1014/1014/1014
f 1015/1015/1015 1016/1016/1016 1017/1017/1017
f 1018/1018/1018 1019/1019/1019 1020/1020/1020
f 1021/1021/1021 1022/1022/1022 1023/1023/1023
f 1024/1024/1024 1025/1025/1025 1026/1026/1026
f 1027/1027/1027 1028/1028/1028 1029/1029/1029
f 1030/1030/1030 1031/1031/1031 1032/1032/1032
f 1033/1033/1033 1034/1034/1034 1035/1035/1035
f 1036/1036/1036 1037/1037/1037 1038/1038/1038
f 1039/1039/1039 1040/1040/1040 1041/1041/1041
f 1042/1042/1042 1043/1043/1043 1044/1044/1044
f 1045/1045/1045 1046/1046/1046 1047/1047/1047
f 1048/1048/1048 1049/1049/1049 1050/1050/1050
f 1051/1051/1051 1052/1052/1052 1053/1053/1053
f 1054/1054/1054 1055/1055/1055 1056/1056/1056
f 1057/1057/1057 1058/1058/1058 1059/1059/1059
f 1060/1060/1060 1061/1061/1061 1062/1062/1062
f 1063/1063/1063 1064/1064/1064 1065/1065/1065
f 1066/1066/1066 1067/1067/1067 1068/1068/1068
f 1069/1069/1069 1070/1070/1070 1071/1071/1071
f 1072/1072/1072 1073/1073/1073 1074/1074/1074
f 1075/1075/1075 1076/1076/1076 1077/1077/1077
f 1078/1078/1078 1079/1079/1079 1080/1080/1080
f 1081/1081/1081 1082/1082/1082 1083/1083/1083
f 1084/1084/1084 1085/1085/1085 1086/1086/1086
f 1087/1087/1087 1088/1088/1088 1089/1089/1089
f 1090/1090/1090 1091/1091/1091 1092/1092/1092
f 1093/1093/1093 1094/1094/1094 1095/1095/1095
f 1096/1096/1096 1097/1097/1097 1098/1098/1098
f 1099/1099/1099 1100/1100/1100 1101/1101/1101
f 1102/1102/1102 1103/1103/1103 1104/1104/1104
f 1105/1105/1105 1106/1106/1106 1107/1107/1107
f 1108/1108/1108 1109/1109/1109 1110/1110/1110
f 1111/1111/1111 1112/1112/1112 1113/1113/1113
f 1114/1114/1114 1115/1115/1115 1116/1116/1116
f 1117/1117/1117 1118/1118/1118 1119/1119/1119
f 1120/1120/1120 1121/1121/1121 1122/1122/1122
f 1123/1123/1123 1124/1124/1124 1125/1125/1125
f 1126/1126/1126 1127/1127/1127 1128/1128/1128
f 1129/1129/1129 1130/1130/1130 1131/1131/1131
f 1132/1132/1132 1133/1133/1133 1134/1134/1134
f 1135/1135/1135 1136/1136/1136 1137/1137/1137
f 1138/1138/1138 1139/1139/1139 1140/1140/1140
f 1141/1141/1141 1142/1142/1142 1143/1143/1143
f 1144/1144/1144 1145/1145/1145 1146/1146/1146
f 1147/1147/1147 1148/1148/1148 1149/1149/1149
f 1150/1150/1150 1151/1151/1151 1152/1152/1152
f 1153/1153/1153 1154/1154/1154 1155/1155/1155
f 1156/1156/1156 1157/1157/1157 1158/1158/1158
f 1159/1159/1159 1160/1160/1160 1161/1161/1161
f 1162/1162/1162 1163/1163/1163 1164/1164/1164
f 1165/1165/1165 1166/1166/1166 1167/1167/1167
f 1168/1168/1168 1169/1169/1169 1170/1170/1170
f 1171/1171/1171 1172/1172/1172 1173/1173/1173
f 1174/1174/1174 1175/1175/1175 1176/1176/1176
f 1177/1177/1177 1178/1178/1178 1179/1179/1179
f 1180/1180/1180 1181/1181/1181 1182/1182/1182
f 1183/1183/1183 1184/1184/1184 1185/1185/1185
f 1186/1186/1186 1187/1187/1187 1188/1188/1188
f 1189/1189/1189 1190/1190/1190 1191/1191/1191
f 1192/1192/1192 1193/1193/1193 1194/1194/1194
f 1195/1195/1195 1196/1196/1196 1197/1197/1197
f 1198/1198/1198 1199/1199/1199 1200/1200/1200
f 1201/1201/1201 1202/1202/1202 1203/1203/1203
f 1204/1204/1204 1205/1205/1205 1206/1206/1206
f 1207/1207/1207 1208/1208/1208 1209/1209/1209
f 1210/1210/1210 1211/1211/1211 1212/1212/1212
f 1213/1213/1213 1214/1214/1214 1215/1215/1215
f 1216/1216/1216 1217/1217/1217 1218/1218/1218
f 1219/1219/1219 1220/1220/1220 1221/1221/1221
f 1222/1222/1222 1223/1223/1223 1224/1224/1224
f 1225/1225/1225 1226/1226/1226 1227/1227/1227
f 1228/1228/1228 1229/1229/1229 1230/1230/1230
f 1231/1231/1231 1232/1232/1232 1233/1233/1233
f 1234/1234/1234 1235/1235/1235 1236/1236/1236
f 1237/1237/1237 1238/1238/1238 1239/1239/1239
f 1240/1240/1240 1241/1241/1241 1242/1242/1242
f 1243/1243/1243 1244/1244/1244 1245/1245/1245
f 1246/1246/1246 1247/1247/1247 1248/1248/1248
f 1249/1249/1249 1250/1250/1250 1251/1251/1251
f 1252/1252/1252 1253/1253/1253 1254/1254/1254
f 1255/1255/1255 1256/1256/1256 1257/1257/1257
f 1258/1258/1258 1259/1259/1259 1260/1260/1260
f 1261/1261/1261 1262/1262/1262 1263/1263/1263
f 1264/1264/1264 1265/1265/1265 1266/1266/1266
f 1267/1267/1267 1268/1268/1268 1269/1269/1269
f 1270/1270/1270 1271/1271/1271 1272/1272/1272
f 1273/1273/1273 1274/1274/1274 1275/1275/1275
f 1276/1276/1276 1277/1277/1277 1278/1278/1278
f 1279/1279/1279 1280/1280/1280 1281/1281/1281
f 1282/1282/1282 1283/1283/1283 1284/1284/1284
f 1285/1285/1285 1286/1286/1286 1287/1287/1287
f 1288/1288/1288 1289/1289/1289 1290/1290/1290
f 1291/1291/1291 1292/1292/1292 1293/1293/1293
f 1294/1294/1294 1295/1295/1295 1296/1296/1296
f 1297/1297/1297 1298/1298/1298 1299/1299/1299
f 1300/1300/1300 1301/1301/1301 1302/1302/1302
f 1303/1303/1303 1304/1304/1304 1305/1305/1305
f 1306/1306/1306 1307/1307/1307 1308/1308/1308
f 1309/1309/1309 1310/1310/1310 1311/1311/1311
f 1312/1312/1312 1313/1313/1313 1314/1314/1314
f 1315/1315/1315 1316/1316/1316 1317/1317/1317
f 1318/1318/1318 1319/1319/1319 1320/1320/1320
f 1321/1321/1321 1322/1322/1322 1323/1323/1323
f 1324/1324/1324 1325/1325/1325 1326/1326/1326
f 1327/1327/1327 1328/1328/1328 1329/1329/1329
f 1330/1330/1330 1331/1331/1331 1332/1332/1332
f 1333/1333/1333 1334/1334/1334 1335/1335/1335
f 1336/1336/1336 1337/1337/1337 1338/1338/1338
f 1339/1339/1339 1340/1340/1340 1341/1341/1341
f 1342/1342/1342 1343/1343/1343 1344/1344/1344
f 1345/1345/1345 1346/1346/1346 1347/1347/1347
f 1348/1348/1348 1349/1349/1349 1350/1350/1350
f 1351/1351/1351 1352/1352/1352 1353/1353/1353
f 1354/1354/1354 1355/1355/1355 1356/1356/1356
f 1357/1357/1357 1358/1358/1358 1359/1359/1359
f 1360/1360/1360 1361/1361/1361 1362/1362/1362
f 1363/1363/1363 1364/1364/1364 1365/1365/1365
f 1366/1366/1366 1367/1367/1367 1368/1368/1368
f 1369/1369/1369 1370/1370/1370 1371/1371/1371
f 1372/1372/1372 1373/1373/1373 1374/1374/1374
f 1375/1375/1375 1376/1376/1376 1377/1377/1377
f 1378/1378/1378 1379/1379/1379 1380/1380/1380
f 1381/1381/1381 1382/1382/1382 1383/1383/1383
f 1384/1384/1384 1385/1385/1385 1386/1386/1386
f 1387/1387/1387 1388/1388/1388 1389/1389/1389
f 1390/1390/1390 1391/1391/1391 1392/1392/1392
f 1393/1393/1393 1394/1394/1394 1395/1395/1395
f 1396/1396/1396 1397/1397/1397 1398/1398/1398
f 1399/1399/1399 1400/1400/1400 1401/1401/1401
f 1402/1402/1402 1403/1403/1403 1404/1404/1404
f 1405/1405/1405 1406/1406/1406 1407/1407/1407
f 1408/1408/1408 1409/1409/1409 1410/1410/1410
f 1411/1411/1411 1412/1412/1412 1413/1413/1413
f 1414/1414/1414 1415/1415/1415 1416/1416/1416
f 1417/1417/1417 1418/1418/1418 1419/1419/1419
f 1420/1420/1420 1421/1421/1421 1422/1422/1422
f 1423/1423/1423 1424/1424/1424 1425/1425/1425
f 1426/1426/1426 1427/1427/1427 1428/1428/1428
f 1429/1429/1429 1430/1430/1430 1431/1431/1431
f 1432/1432/1432 1433/1433/1433 1434/1434/1434
f 1435/1435/1435 1436/1436/1436 1437/1437/1437
f 1438/1438/1438 1439/1439/1439 1440/1440/1440
f 1441/1441/1441 1442/1442/1442 1443/1443/1443
f 1444/1444/1444 1445/1445/1445 1446/1446/1446
f 1447/1447/1447 1448/1448/1448 1449/1449/1449
f 1450/1450/1450 1451/1451/1451 1452/1452/1452
f 1453/1453/1453 1454/1454/1454 1455/1455/1455
f 1456/1456/1456 1457/1457/1457 1458/1458/1458
f 1459/1459/1459 1460/1460/1460 1461/1461/1461
f 1462/1462/1462 1463/1463/1463 1464/1464/1464
f 1465/1465/1465 1466/1466/1466 1467/1467/1467
f 1468/1468/1468 1469/1469/1469 1470/1470/1470
f 1471/1471/1471 1472/1472/1472 1473/1473/1473
f 1474/1474/1474 1475/1475/1475 1476/1476/1476
f 1477/1477/1477 1478/1478/1478 1479/1479/1479
f 1480/1480/1480 1481/1481/1481 1482/1482/1482
f 1483/1483/1483 1484/1484/1484 1485/1485/1485
f 1486/1486/1486 1487/1487/1487 1488/1488/1488
f 1489/1489/1489 1490/1490/1490 1491/1491/1491
f 1492/1492/1492 1493/1493/1493 1494/1494/1494
f 1495/1495/1495 1496/1496/1496 1497/1497/1497
f 1498/1498/1498 1499/1499/1499 1500/1500/1500
f 1501/1501/1501 1502/1502/1502 1503/1503/1503
f 1504/1504/1504 1505/1505/1505 1506/1506/1506
f 1507/1507/1507 1508/1508/1508 1509/1509/1509
f 1510/1510/1510 1511/1511/1511 1512/1512/1512
f 1513/1513/1513 1514/1514/1514 1515/1515/1515
f 1516/1516/1516 1517/1517/1517 1518/1518/1518
f 1519/1519/1519 1520/1520/1520 1521/1521/1521
f 1522/1522/1522 1523/1523/1523 1524/1524/1524
f 1525/1525/1525 1526/1526/1526 1527/1527/1527
f 1528/1528/1528 1529/1529/1529 1530/1530/1530
f 1531/1531/1531 1532/1532/1532 1533/1533/1533
f 1534/1534/1534 1535/1535/1535 1536/1536/1536
f 1537/1537/1537 1538/1538/1538 1539/1539/1539
f 1540/1540/1540 1541/1541/1541 1542/1542/1542
f 1543/1543/1543 1544/1544/1544 1545/1545/1545
f 1546/1546/1546 1547/1547/1547 1548/1548/1548
f 1549/1549/1549 1550/1550/1550 1551/1551/1551
f 1552/1552/1552 1553/1553/1553 1554/1554/1554
f 1555/1555/1555 1556/1556/1556 1557/1557/1557
f 1558/1558/1558 1559/1559/1559 1560/1560/1560
f 1561/1561/1561 1562/1562/1562 1563/1563/1563
f 1564/1564/1564 1565/1565/1565 1566/1566/1566
f 1567/1567/1567 1568/1568/1568 1569/1569/1569
f 1570/1570/1570 1571/1571/1571 1572/1572/1572
f 1573/1573/1573 1574/1574/1574 1575/1575/1575
f 1576/1576/1576 1577/1577/1577 1578/1578/1578
f 1579/1579/1579 1580/1580/1580 1581/1581/1581
f 1582/1582/1582 1583/1583/1583 1584/1584/1584
f 1585/1585/1585 1586/1586/1586 1587/1587/1587
f 1588/1588/1588 1589/1589/1589 1590/1590/1590
f 1591/1591/1591 1592/1592/1592 1593/1593/1593
f 1594/1594/1594 1595/1595/1595 1596/1596/1596
f 1597/1597/1597 1598/1598/1598 1599/1599/1599
f 1600/1600/1600 1601/1601/1601 1602/1602/1602
f 1603/1603/1603 1604/1604/1604 1605/1605/1605
f 1606/1606/1606 1607/1607/1607 1608/1608/1608
f 1609/1609/1609 1610/1610/1610 1611/1611/1611
f 1612/1612/1612 1613/1613/1613 1614/1614/1614
f 1615/1615/1615 1616/1616/1616 1617/1617/1617
f 1618/1618/1618 1619/1619/1619 1620/1620/1620
f 1621/1621/1621 1622/1622/1622 1623/1623/1623
f 1624/1624/1624 1625/1625/1625 1626/1626/1626
f 1627/1627/1627 1628/1628/1628 1629/1629/1629
f 1630/1630/1630 1631/1631/1631 1632/1632/1632
f 1633/1633/1633 1634/1634/1634 1635/1635/1635
f 1636/1636/1636 1637/1637/1637 1638/1638/1638
f 1639/1639/1639 1640/1640/1640 1641/1641/1641
f 1642/1642/1642 1643/1643/1643 1644/1644/1644
f 1645/1645/1645 1646/1646/1646 1647/1647/1647
f 1648/1648/1648 1649/1649/1649 1650/1650/1650
f 1651/1651/1651 1652/1652/1652 1653/1653/1653
f 1654/1654/1654 1655/1655/1655 1656/1656/1656
f 1657/1657/1657 1658/1658/1658 1659/1659/1659
f 1660/1660/1660 1661/1661/1661 1662/1662/1662
f 1663/1663/1663 1664/1664/1664 1665/1665/1665
f 1666/1666/1666 1667/1667/1667 1668/1668/1668
f 1669/1669/1669 1670/1670/1670 1671/1671/1671
f 1672/1672/1672 1673/1673/1673 1674/1674/1674
f 1675/1675/1675 1676/1676/1676 1677/1677/1677
f 1678/1678/1678 1679/1679/1679 1680/1680/1680
f 1681/1681/1681 1682/1682/1682 1683/1683/1683
f 1684/1684/1684 1685/1685/1685 1686/1686/1686
f 1687/1687/1687 1688/1688/1688 1689/1689/1689
f 1690/1690/1690 1691/1691/1691 1692/1692/1692
f 1693/1693/1693 1694/1694/1694 1695/1695/1695
f 1696/1696/1696 1697/1697/1697 1698/1698/1698
f 1699/1699/1699 1700/1700/1700 1701/1701/1701
f 1702/1702/1702 1703/1703/1703 1704/1704/1704
f 1705/1705/1705 1706/1706/1706 1707/1707/1707
f 1708/1708/1708 1709/1709/1709 1710/1710/1710
f 1711/1711/1711 1712/1712/1712 1713/1713/1713
f 1714/1714/1714 1715/1715/1715 1716/1716/1716
f 1717/1717/1717 1718/1718/1718 1719/1719/1719
f 1720/1720/1720 1721/1721/1721 1722/1722/1722
f 1723/1723/1723 1724/1724/1724 1725/1725/1725
f 1726/1726/1726 1727/1727/1727 1728/1728/1728
f 1729/1729/1729 1730/1730/1730 1731/1731/1731
f 1732/1732/1732 1733/1733/1733 1734/1734/1734
f 1735/1735/1735 1736/1736/1736 1737/1737/1737
f 1738/1738/1738 1739/1739/1739 1740/1740/1740
f 1741/1741/1741 1742/1742/1742 1743/1743/1743
f 1744/1744/1744 1745/1745/1745 1746/1746/1746
f 1747/1747/1747 1748/1748/1748 1749/1749/1749
f 1750/1750/1750 1751/1751/1751 1752/1752/1752
f 1753/1753/1753 1754/1754/1754 1755/1755/1755
f 1756/1756/1756 1757/1757/1757 1758/1758/1758
f 1759/1759/1759 1760/1760/1760 1761/1761/1761
f 1762/1762/1762 1763/1763/1763 1764/1764/1764
f 1765/1765/1765 1766/1766/1766 1767/1767/1767
f 1768/1768/1768 1769/1769/1769 1770/1770/1770
f 1771/1771/1771 1772/1772/1772 1773/1773/1773
f 1774/1774/1774 1775/1775/1775 1776/1776/1776
f 1777/1777/1777 1778/1778/1778 1779/1779/1779
f 1780/1780/1780 1781/1781/1781 1782/1782/1782
f 1783/1783/1783 1784/1784/1784 1785/1785/1785
f 1786/1786/1786 1787/1787/1787 1788/1788/1788
f 1789/1789/1789 1790/1790/1790 1791/1791/1791
f 1792/1792/1792 1793/1793/1793 1794/1794/1794
f 1795/1795/1795 1796/1796/1796 1797/1797/1797
f 1798/1798/1798 1799/1799/1799 1800/1800/1800
f 1801/1801/1801 1802/1802/1802 1803/1803/1803
f 1804/1804/1804 1805/1805/1805 1806/1806/1806
f 1807/1807/1807 1808/1808/1808 1809/1809/1809
f 1810/1810/1810 1811/1811/1811 1812/1812/1812
f 1813/1813/1813 1814/1814/1814 1815/1815/1815
f 1816/1816/1816 1817/1817/1817 1818/1818/1818
f 1819/1819/1819 1820/1820/1820 1821/1821/1821
f 1822/1822/1822 1823/1823/1823 1824/1824/1824
f 1825/1825/1825 1826/1826/1826 1827/1827/1827
f 1828/1828/1828 1829/1829/1829 1830/1830/1830
f 1831/1831/1831 1832/1832/1832 1833/1833/1833
f 1834/1834/1834 1835/1835/1835 1836/1836/1836
f 1837/1837/1837 1838/1838/1838 1839/1839/1839
f 1840/1840/1840 1841/1841/1841 1842/1842/1842
f 1843/1843/1843 1844/1844/1844 1845/1845/1845
f 1846/1846/1846 1847/1847/1847 1848/1848/1848
f 1849/1849/1849 1850/1850/1850 1851/1851/1851
f 1852/1852/1852 1853/1853/1853 1854/1854/1854
f 1855/1855/1855 1856/1856/1856 1857/1857/1857
f 1858/1858/1858 1859/1859/1859 1860/1860/1860
f 1861/1861/1861 1862/1862/1862 1863/1863/1863
f 1864/1864/1864 1865/1865/1865 1866/1866/1866
f 1867/1867/1867 1868/1868/1868 1869/1869/1869
f 1870/1870/1870 1871/1871/1871 1872/1872/1872
f 1873/1873/1873 1874/1874/1874 1875/1875/1875
f 1876/1876/1876 1877/1877/1877 1878/1878/1878
f 1879/1879/1879 1880/1880/1880 1881/1881/1881
f 1882/1882/1882 1883/1883/1883 1884/1884/1884
f 1885/1885/1885 1886/1886/1886 1887/1887/1887
f 1888/1888/1888 1889/1889/1889 1890/1890/1890
f 1891/1891/1891 1892/1892/1892 1893/1893/1893
f 1894/1894/1894 1895/1895/1895 1896/1896/1896
f 1897/1897/1897 1898/1898/1898 1899/1899/1899
f 1900/1900/1900 1901/1901/1901 1902/1902/1902
f 1903/1903/1903 1904/1904/1904 1905/1905/1905
f 1906/1906/1906 1907/1907/1907 1908/1908/1908
f 1909/1909/1909 1910/1910/1910 1911/1911/1911
f 1912/1912/1912 1913/1913/1913 1914/1914/1914
f 1915/1915/1915 1916/1916/1916 1917/1917/1917
f 1918/1918/1918 1919/1919/1919 1920/1920/1920
f 1921/1921/1921 1922/1922/1922 1923/1923/1923
f 1924/1924/1924 1925/1925/1925 1926/1926/1926
f 1927/1927/1927 1928/1928/1928 1929/1929/1929
f 1930/1930/1930 1931/1931/1931 1932/1932/1932
f 1933/1933/1933 1934/1934/1934 1935/1935/1935
f 1936/1936/1936 1937/1937/1937 1938/1938/1938
f 1939/1939/1939 1940/1940/1940 1941/1941/1941
f 1942/1942/1942 1943/1943/1943 1944/1944/1944
f 1945/1945/1945 1946/1946/1946 1947/1947/1947
f 1948/1948/1948 1949/1949/1949 1950/1950/1950
f 1951/1951/1951 1952/1952/1952 1953/1953/1953
f 1954/1954/1954 1955/1955/1955 1956/1956/1956
f 1957/1957/1957 1958/1958/1958 1959/1959/1959
f 1960/1960/1960 1961/1961/1961 1962/1962/1962
f 1963/1963/1963 1964/1964/1964 1965/1965/1965
f 1966/1966/1966 1967/1967/1967 1968/1968/1968
f 1969/1969/1969 1970/1970/1970 1971/1971/1971
f 1972/1972/1972 1973/1973/1973 1974/1974/1974
f 1975/1975/1975 1976/1976/1976 1977/1977/1977
f 1978/1978/1978 1979/1979/1979 1980/1980/1980
f 1981/1981/1981 1982/1982/1982 1983/1983/1983
f 1984/1984/1984 1985/1985/1985 1986/1986/1986
f 1987/1987/1987 1988/1988/1988 1989/1989/1989
f 1990/1990/1990 1991/1991/1991 1992/1992/1992
f 1993/1993/1993 1994/1994/1994 1995/1995/1995
f 1996/1996/1996 1997/1997/1997 1998/1998/1998
f 1999/1999/1999 2000/2000/2000 2001/2001/2001
f 2002/2002/2002 2003/2003/2003 2004/2004/2004
f 2005/2005/2005 2006/2006/2006 2007/2007/2007
f 2008/2008/2008 2009/2009/2009 2010/2010/2010
f 2011/2011/2011 2012/2012/2012 2013/2013/2013
f 2014/2014/2014 2015/2015/2015 2016/2016/2016
f 2017/2017/2017 2018/2018/2018 2019/2019/2019
f 2020/2020/2020 2021/2021/2021 2022/2022/2022
f 2023/2023/2023 2024/2024/2024 2025/2025/2025
f 2026/2026/2026 2027/2027/2027 2028/2028/2028
f 2029/2029/2029 2030/2030/2030 2031/2031/2031
f 2032/2032/2032 2033/2033/2033 2034/2034/2034
f 2035/2035/2035 2036/2036/2036 2037/2037/2037
f 2038/2038/2038 2039/2039/2039 2040/2040/2040
f 2041/2041/2041 2042/2042/2042 2043/2043/2043
f 2044/2044/2044 2045/2045/2045 2046/2046/2046
f 2047/2047/2047 2048/2048/2048 2049/2049/2049
f 2050/2050/2050 2051/2051/2051 2052/2052/2052
f 2053/2053/2053 2054/2054/2054 2055/2055/2055
f 2056/2056/2056 2057/2057/2057 2058/2058/2058
f 2059/2059/2059 2060/2060/2060 2061/2061/2061
f 2062/2062/2062 2063/2063/2063 2064/2064/2064
f 2065/2065/2065 2066/2066/2066 2067/2067/2067
f 2068/2068/2068 2069/2069/2069 2070/2070/2070
f 2071/2071/2071 2072/2072/2072 2073/2073/2073
f 2074/2074/2074 2075/2075/2075 2076/2076/2076
f 2077/2077/2077 2078/2078/2078 2079/2079/2079
f 2080/2080/2080 2081/2081/2081 2082/2082/2082
f 2083/2083/2083 2084/2084/2084 2085/2085/2085
f 2086/2086/2086 2087/2087/2087 2088/2088/2088
f 2089/2089/2089 2090/2090/2090 2091/2091/2091
f 2092/2092/2092 2093/2093/2093 2094/2094/2094
f 2095/2095/2095 2096/2096/2096 2097/2097/2097
f 2098/2098/2098 2099/2099/2099 2100/2100/2100
f 2101/2101/2101 2102/2102/2102 2103/2103/2103
f 2104/2104/2104 2105/2105/2105 2106/2106/2106
f 2107/2107/2107 2108/2108/2108 2109/2109/2109
f 2110/2110/2110 2111/2111/2111 2112/2112/2112
f 2113/2113/2113 2114/2114/2114 2115/2115/2115
f 2116/2116/2116 2117/2117/2117 2118/2118/2118
f 2119/2119/2119 2120/2120/2120 2121/2121/2121
f 2122/2122/2122 2123/2123/2123 2124/2124/2124
f 2125/2125/2125 2126/2126/2126 2127/2127/2127
f 2128/2128/2128 2129/2129/2129 2130/2130/2130
f 2131/2131/2131 2132/2132/2132 2133/2133/2133
f 2134/2134/2134 2135/2135/2135 2136/2136/2136
f 2137/2137/2137 2138/2138/2138 2139/2139/2139
f 2140/2140/2140 2141/2141/2141 2142/2142/2142
f 2143/2143/2143 2144/2144/2144 2145/2145/2145
f 2146/2146/2146 2147/2147/2147 2148/2148/2148
f 2149/2149/2149 2150/2150/2150 2151/2151/2151
f 2152/2152/2152 2153/2153/2153 2154/2154/2154
f 2155/2155/2155 2156/2156/2156 2157/2157/2157
f 2158/2158/2158 2159/2159/2159 2160/2160/2160
f 2161/2161/2161 2162/2162/2162 2163/2163/2163
f 2164/2164/2164 2165/2165/2165 2166/2166/2166
f 2167/2167/2167 2168/2168/2168 2169/2169/2169
f 2170/2170/2170 2171/2171/2171 2172/2172/2172
f 2173/2173/2173 2174/2174/2174 2175/2175/2175
f 2176/2176/2176 2177/2177/2177 2178/2178/2178
f 2179/2179/2179 2180/2180/2180 2181/2181/2181
f 2182/2182/2182 2183/2183/2183 2184/2184/2184
f 2185/2185/2185 2186/2186/2186 2187/2187/2187
f 2188/2188/2188 2189/2189/2189 2190/2190/2190
f 2191/2191/2191 2192/2192/2192 2193/2193/2193
f 2194/2194/2194 2195/2195/2195 2196/2196/2196
f 2197/2197/2197 2198/2198/2198 2199/2199/2199
f 2200/2200/2200 2201/2201/2201 2202/2202/2202
f 2203/2203/2203 2204/2204/2204 2205/2205/2205
f 2206/2206/2206 2207/2207/2207 2208/2208/2208
f 2209/2209/2209 2210/2210/2210 2211/2211/2211
f 2212/2212/2212 2213/2213/2213 2214/2214/2214
f 2215/2215/2215 2216/2216/2216 2217/2217/2217
f 2218/2218/2218 2219/2219/2219 2220/2220/2220
f 2221/2221/2221 2222/2222/2222 2223/2223/2223
f 2224/2224/2224 2225/2225/2225 2226/2226/2226
f 2227/2227/2227 2228/2228/2228 2229/2229/2229
f 2230/2230/2230 2231/2231/2231 2232/2232/2232
f 2233/2233/2233 2234/2234/2234 2235/2235/2235
f 2236/2236/2236 2237/2237/2237 2238/2238/2238
f 2239/2239/2239 2240/2240/2240 2241/2241/2241
f 2242/2242/2242 2243/2243/2243 2244/2244/2244
f 2245/2245/2245 2246/2246/2246 2247/2247/2247
f 2248/2248/2248 2249/2249/2249 2250/2250/2250
f 2251/2251/2251 2252/2252/2252 2253/2253/2253
f 2254/2254/2254 2255/2255/2255 2256/2256/2256
f 2257/2257/2257 2258/2258/2258 2259/2259/2259
f 2260/2260/2260 2261/2261/2261 2262/2262/2262
f 2263/2263/2263 2264/2264/2264 2265/2265/2265
f 2266/2266/2266 2267/2267/2267 2268/2268/2268
f 2269/2269/2269 2270/2270/2270 2271/2271/2271
f 2272/2272/2272 2273/2273/2273 2274/2274/2274
f 2275/2275/2275 2276/2276/2276 2277/2277/2277
f 2278/2278/2278 2279/2279/2279 2280/2280/2280
f 2281/2281/2281 2282/2282/2282 2283/2283/2283
f 2284/2284/2284 2285/2285/2285 2286/2286/2286
f 2287/2287/2287 2288/2288/2288 2289/2289/2289
f 2290/2290/2290 2291/2291/2291 2292/2292/2292
f 2293/2293/2293 2294/2294/2294 2295/2295/2295
f 2296/2296/2296 2297/2297/2297 2298/2298/2298
f 2299/2299/2299 2300/2300/2300 2301/2301/2301
f 2302/2302/2302 2303/2303/2303 2304/2304/2304
f 2305/2305/2305 2306/2306/2306 2307/2307/2307
f 2308/2308/2308 2309/2309/2309 2310/2310/2310
f 2311/2311/2311 2312/2312/2312 2313/2313/2313
f 2314/2314/2314 2315/2315/2315 2316/2316/2316
f 2317/2317/2317 2318/2318/2318 2319/2319/2319
f 2320/2320/2320 2321/2321/2321 2322/2322/2322
f 2323/2323/2323 2324/2324/2324 2325/2325/2325
f 2326/2326/2326 2327/2327/2327 2328/2328/2328
f 2329/2329/2329 2330/2330/2330 2331/2331/2331
f 2332/2332/2332 2333/2333/2333 2334/2334/2334
f 2335/2335/2335 2336/2336/2336 2337/2337/2337
f 2338/2338/2338 2339/2339/2339 2340/2340/2340
f 2341/2341/2341 2342/2342/2342 2343/2343/2343
f 2344/2344/2344 2345/2345/2345 2346/2346/2346
f 2347/2347/2347 2348/2348/2348 2349/2349/2349
f 2350/2350/2350 2351/2351/2351 2352/2352/2352
f 2353/2353/2353 2354/2354/2354 2355/2355/2355
f 2356/2356/2356 2357/2357/2357 2358/2358/2358
f 2359/2359/2359 2360/2360/2360 2361/2361/2361
f 2362/2362/2362 2363/2363/2363 2364/2364/2364
f 2365/2365/2365 2366/2366/2366 2367/2367/2367
f 2368/2368/2368 2369/2369/2369 2370/2370/2370
f 2371/2371/2371 2372/2372/2372 2373/2373/2373
f 2374/2374/2374 2375/2375/2375 2376/2376/2376
f 2377/2377/2377 2378/2378/2378 2379/2379/2379
f 2380/2380/2380 2381/2381/2381 2382/2382/2382
f 2383/2383/2383 2384/2384/2384 2385/2385/2385
f 2386/2386/2386 2387/2387/2387 2388/2388/2388
f 2389/2389/2389 2390/2390/2390 2391/2391/2391
f 2392/2392/2392 2393/2393/2393 2394/2394/2394
f 2395/2395/2395 2396/2396/2396 2397/2397/2397
f 2398/2398/2398 2399/2399/2399 2400/2400/2400
f 2401/2401/2401 2402/2402/2402 2403/2403/2403
f 2404/2404/2404 2405/2405/2405 2406/2406/2406
f 2407/2407/2407 2408/2408/2408 2409/2409/2409
f 2410/2410/2410 2411/2411/2411 2412/2412/2412
f 2413/2413/2413 2414/2414/2414 2415/2415/2415
f 2416/2416/2416 2417/2417/2417 2418/2418/2418
f 2419/2419/2419 2420/2420/2420 2421/2421/2421
f 2422/2422/2422 2423/2423/2423 2424/2424/2424
f 2425/2425/2425 2426/2426/2426 2427/2427/2427
f 2428/2428/2428 2429/2429/2429 2430/2430/2430
f 2431/2431/2431 2432/2432/2432 2433/2433/2433
f 2434/2434/2434 2435/2435/2435 2436/2436/2436
f 2437/2437/2437 2438/2438/2438 2439/2439/2439
f 2440/2440/2440 2441/2441/2441 2442/2442/2442
f 2443/2443/2443 2444/2444/2444 2445/2445/2445
f 2446/2446/2446 2447/2447/2447 2448/2448/2448
f 2449/2449/2449 2450/2450/2450 2451/2451/2451
f 2452/2452/2452 2453/2453/2453 2454/2454/2454
f 2455/2455/2455 2456/2456/2456 2457/2457/2457
f 2458/2458/2458 2459/2459/2459 2460/2460/2460
f 2461/2461/2461 2462/2462/2462 2463/2463/2463
f 2464/2464/2464 2465/2465/2465 2466/2466/2466
f 2467/2467/2467 2468/2468/2468 2469/2469/2469
f 2470/2470/2470 2471/2471/2471 2472/2472/2472
f 2473/2473/2473 2474/2474/2474 2475/2475/2475
f 2476/2476/2476 2477/2477/2477 2478/2478/2478
f 2479/2479/2479 2480/2480/2480 2481/2481/2481
f 2482/2482/2482 2483/2483/2483 2484/2484/2484
f 2485/2485/2485 2486/2486/2486 2487/2487/2487
f 2488/2488/2488 2489/2489/2489 2490/2490/2490
f 2491/2491/2491 2492/2492/2492 2493/2493/2493
f 2494/2494/2494 2495/2495/2495 2496/2496/2496
f 2497/2497/2497 2498/2498/2498 2499/2499/2499
f 2500/2500/2500 2501/2501/2501 2502/2502/2502
f 2503/2503/2503 2504/2504/2504 2505/2505/2505
f 2506/2506/2506 2507/2507/2507 2508/2508/2508
f 2509/2509/2509 2510/2510/2510 2511/2511/2511
f 2512/2512/2512 2513/2513/2513 2514/2514/2514
f 2515/2515/2515 2516/2516/2516 2517/2517/2517
f 2518/2518/2518 2519/2519/2519 2520/2520/2520
f 2521/2521/2521 2522/2522/2522 2523/2523/2523
f 2524/2524/2524 2525/2525/2525 2526/2526/2526
f 2527/2527/2527 2528/2528/2528 2529/2529/2529
f 2530/2530/2530 2531/2531/2531 2532/2532/2532
f 2533/2533/2533 2534/2534/2534 2535/2535/2535
f 2536/2536/2536 2537/2537/2537 2538/2538/2538
f 2539/2539/2539 2540/2540/2540 2541/2541/2541
f 2542/2542/2542 2543/2543/2543 2544/2544/2544
f 2545/2545/2545 2546/2546/2546 2547/2547/2547
f 2548/2548/2548 2549/2549/2549 2550/2550/2550
f 2551/2551/2551 2552/2552/2552 2553/2553/2553
f 2554/2554/2554 2555/2555/2555 2556/2556/2556
f 2557/2557/2557 2558/2558/2558 2559/2559/2559
f 2560/2560/2560 2561/2561/2561 2562/2562/2562
f 2563/2563/2563 2564/2564/2564 2565/2565/2565
f 2566/2566/2566 2567/2567/2567 2568/2568/2568
f 2569/2569/2569 2570/2570/2570 2571/2571/2571
f 2572/2572/2572 2573/2573/2573 2574/2574/2574
f 2575/2575/2575 2576/2576/2576 2577/2577/2577
f 2578/2578/2578 2579/2579/2579 2580/2580/2580
f 2581/2581/2581 2582/2582/2582 2583/2583/2583
f 2584/2584/2584 2585/2585/2585 2586/2586/2586
f 2587/2587/2587 2588/2588/2588 2589/2589/2589
f 2590/2590/2590 2591/2591/2591 2592/2592/2592
f 2593/2593/2593 2594/2594/2594 2595/2595/2595
f 2596/2596/2596 2597/2597/2597 2598/2598/2598
f 2599/2599/2599 2600/2600/2600 2601/2601/2601
f 2602/2602/2602 2603/2603/2603 2604/2604/2604
f 2605/2605/2605 2606/2606/2606 2607/2607/2607
f 2608/2608/2608 2609/2609/2609 2610/2610/2610
f 2611/2611/2611 2612/2612/2612 2613/2613/2613
f 2614/2614/2614 2615/2615/2615 2616/2616/2616
f 2617/2617/2617 2618/2618/2618 2619/2619/2619
f 2620/2620/2620 2621/2621/2621 2622/2622/2622
f 2623/2623/2623 2624/2624/2624 2625/2625/2625
f 2626/2626/2626 2627/2627/2627 2628/2628/2628
f 2629/2629/2629 2630/2630/2630 2631/2631/2631
f 2632/2632/2632 2633/2633/2633 2634/2634/2634
f 2635/2635/2635 2636/2636/2636 2637/2637/2637
f 2638/2638/2638 2639/2639/2639 2640/2640/2640
f 2641/2641/2641 2642/2642/2642 2643/2643/2643
f 2644/2644/2644 2645/2645/2645 2646/2646/2646
f 2647/2647/2647 2648/2648/2648 2649/2649/2649
f 2650/2650/2650 2651/2651/2651 2652/2652/2652
f 2653/2653/2653 2654/2654/2654 2655/2655/2655
f 2656/2656/2656 2657/2657/2657 2658/2658/2658
f 2659/2659/2659 2660/2660/2660 2661/2661/2661
f 2662/2662/2662 2663/2663/2663 2664/2664/2664
f 2665/2665/2665 2666/2666/2666 2667/2667/2667
f 2668/2668/2668 2669/2669/2669 2670/2670/2670
f 2671/2671/2671 2672/2672/2672 2673/2673/2673
f 2674/2674/2674 2675/2675/2675 2676/2676/2676
f 2677/2677/2677 2678/2678/2678 2679/2679/2679
f 2680/2680/2680 2681/2681/2681 2682/2682/2682
f 2683/2683/2683 2684/2684/2684 2685/2685/2685
f 2686/2686/2686 2687/2687/2687 2688/2688/2688
f 2689/2689/2689 2690/2690/2690 2691/2691/2691
f 2692/2692/2692 2693/2693/2693 2694/2694/2694
f 2695/2695/2695 2696/2696/2696 2697/2697/2697
f 2698/2698/2698 2699/2699/2699 2700/2700/2700
f 2701/2701/2701 2702/2702/2702 2703/2703/2703
f 2704/2704/2704 2705/2705/2705 2706/2706/2706
f 2707/2707/2707 2708/2708/2708 2709/2709/2709
f 2710/2710/2710 2711/2711/2711 2712/2712/2712
f 2713/2713/2713 2714/2714/2714 2715/2715/2715
f 2716/2716/2716 2717/2717/2717 2718/2718/2718
f 2719/2719/2719 2720/2720/2720 2721/2721/2721
f 2722/2722/2722 2723/2723/2723 2724/2724/2724
f 2725/2725/2725 2726/2726/2726 2727/2727/2727
f 2728/2728/2728 2729/2729/2729 2730/2730/2730
f 2731/2731/2731 2732/2732/2732 2733/2733/2733
f 2734/2734/2734 2735/2735/2735 2736/2736/2736
f 2737/2737/2737 2738/2738/2738 2739/2739/2739
f 2740/2740/2740 2741/2741/2741 2742/2742/2742
f 2743/2743/2743 2744/2744/2744 2745/2745/2745
f 2746/2746/2746 2747/2747/2747 2748/2748/2748
f 2749/2749/2749 2750/2750/2750 2751/2751/2751
f 2752/2752/2752 2753/2753/2753 2754/2754/2754
f 2755/2755/2755 2756/2756/2756 2757/2757/2757
f 2758/2758/2758 2759/2759/2759 2760/2760/2760
f 2761/2761/2761 2762/2762/2762 2763/2763/2763
f 2764/2764/2764 2765/2765/2765 2766/2766/2766
f 2767/2767/2767 2768/2768/2768 2769/2769/2769
f 2770/2770/2770 2771/2771/2771 2772/2772/2772
f 2773/2773/2773 2774/2774/2774 2775/2775/2775
f 2776/2776/2776 2777/2777/2777 2778/2778/2778
f 2779/2779/2779 2780/2780/2780 2781/2781/2781
f 2782/2782/2782 2783/2783/2783 2784/2784/2784
f 2785/2785/2785 2786/2786/2786 2787/2787/2787
f 2788/2788/2788 2789/2789/2789 2790/2790/2790
f 2791/2791/2791 2792/2792/2792 2793/2793/2793
f 2794/2794/2794 2795/2795/2795 2796/2796/2796
f 2797/2797/2797 2798/2798/2798 2799/2799/2799
f 2800/2800/2800 2801/2801/2801 2802/2802/2802
f 2803/2803/2803 2804/2804/2804 2805/2805/2805
f 2806/2806/2806 2807/2807/2807 2808/2808/2808
f 2809/2809/2809 2810/2810/2810 2811/2811/2811
f 2812/2812/2812 2813/2813/2813 2814/2814/2814
f 2815/2815/2815 2816/2816/2816 2817/2817/2817
f 2818/2818/2818 2819/2819/2819 2820/2820/2820
f 2821/2821/2821 2822/2822/2822 2823/2823/2823
f 2824/2824/2824 2825/2825/2825 2826/2826/2826
f 2827/2827/2827 2828/2828/2828 2829/2829/2829
f 2830/2830/2830 2831/2831/2831 2832/2832/2832
f 2833/2833/2833 2834/2834/2834 2835/2835/2835
f 2836/2836/2836 2837/2837/2837 2838/2838/2838
f 2839/2839/2839 2840/2840/2840 2841/2841/2841
f 2842/2842/2842 2843/2843/2843 2844/2844/2844
f 2845/2845/2845 2846/2846/2846 2847/2847/2847
f 2848/2848/2848 2849/2849/2849 2850/2850/2850
f 2851/2851/2851 2852/2852/2852 2853/2853/2853
f 2854/2854/2854 2855/2855/2855 2856/2856/2856
f 2857/2857/2857 2858/2858/2858 2859/2859/2859
f 2860/2860/2860 2861/2861/2861 2862/2862/2862
f 2863/2863/2863 2864/2864/2864 2865/2865/2865
f 2866/2866/2866 2867/2867/2867 2868/2868/2868
f 2869/2869/2869 2870/2870/2870 2871/2871/2871
f 2872/2872/2872 2873/2873/2873 2874/2874/2874
f 2875/2875/2875 2876/2876/2876 2877/2877/2877
f 2878/2878/2878 2879/2879/2879 2880/2880/2880
f 2881/2881/2881 2882/2882/2882 2883/2883/2883
f 2884/2884/2884 2885/2885/2885 2886/2886/2886
f 2887/2887/2887 2888/2888/2888 2889/2889/2889
f 2890/2890/2890 2891/2891/2891 2892/2892/2892
f 2893/2893/2893 2894/2894/2894 2895/2895/2895
f 2896/2896/2896 2897/2897/2897 2898/2898/2898
f 2899/2899/2899 2900/2900/2900 2901/2901/2901
f 2902/2902/2902 2903/2903/2903 2904/2904/2904
f 2905/2905/2905 2906/2906/2906 2907/2907/2907
f 2908/2908/2908 2909/2909/2909 2910/2910/2910
f 2911/2911/2911 2912/2912/2912 2913/2913/2913
f 2914/2914/2914 2915/2915/2915 2916/2916/2916
f 2917/2917/2917 2918/2918/2918 2919/2919/2919
f 2920/2920/2920 2921/2921/2921 2922/2922/2922
f 2923/2923/2923 2924/2924/2924 2925/2925/2925
f 2926/2926/2926 2927/2927/2927 2928/2928/2928
f 2929/2929/2929 2930/2930/2930 2931/2931/2931
f 2932/2932/2932 2933/2933/2933 2934/2934/2934
f 2935/2935/2935 2936/2936/2936 2937/2937/2937
f 2938/2938/2938 2939/2939/2939 2940/2940/2940
f 2941/2941/2941 2942/2942/2942 2943/2943/2943
f 2944/2944/2944 2945/2945/2945 2946/2946/2946
f 2947/2947/2947 2948/2948/2948 2949/2949/2949
f 2950/2950/2950 2951/2951/2951 2952/2952/2952
f 2953/2953/2953 2954/2954/2954 2955/2955/2955
f 2956/2956/2956 2957/2957/2957 2958/2958/2958
f 2959/2959/2959 2960/2960/2960 2961/2961/2961
f 2962/2962/2962 2963/2963/2963 2964/2964/2964
f 2965/2965/2965 2966/2966/2966 2967/2967/2967
f 2968/2968/2968 2969/2969/2969 2970/2970/2970
f 2971/2971/2971 2972/2972/2972 2973/2973/2973
f 2974/2974/2974 2975/2975/2975 2976/2976/2976
f 2977/2977/2977 2978/2978/2978 2979/2979/2979
f 2980/2980/2980 2981/2981/2981 2982/2982/2982
f 2983/2983/2983 2984/2984/2984 2985/2985/2985
f 2986/2986/2986 2987/2987/2987 2988/2988/2988
f 2989/2989/2989 2990/2990/2990 2991/2991/2991
f 2992/2992/2992 2993/2993/2993 2994/2994/2994
f 2995/2995/2995 2996/2996/2996 2997/2997/2997
f 2998/2998/2998 2999/2999/2999 3000/3000/3000
f 3001/3001/3001 3002/3002/3002 3003/3003/3003
f 3004/3004/3004 3005/3005/3005 3006/3006/3006
f 3007/3007/3007 3008/3008/3008 3009/3009/3009
f 3010/3010/3010 3011/3011/3011 3012/3012/3012
f 3013/3013/3013 3014/3014/3014 3015/3015/3015
f 3016/3016/3016 3017/3017/3017 3018/3018/3018
f 3019/3019/3019 3020/3020/3020 3021/3021/3021
f 3022/3022/3022 3023/3023/3023 3024/3024/3024
f 3025/3025/3025 3026/3026/3026 3027/3027/3027
f 3028/3028/3028 3029/3029/3029 3030/3030/3030
f 3031/3031/3031 3032/3032/3032 3033/3033/3033
f 3034/3034/3034 3035/3035/3035 3036/3036/3036
f 3037/3037/3037 3038/3038/3038 3039/3039/3039
f 3040/3040/3040 3041/3041/3041 3042/3042/3042
f 3043/3043/3043 3044/3044/3044 3045/3045/3045
f 3046/3046/3046 3047/3047/3047 3048/3048/3048
f 3049/3049/3049 3050/3050/3050 3051/3051/3051
f 3052/3052/3052 3053/3053/3053 3054/3054/3054
f 3055/3055/3055 3056/3056/3056 3057/3057/3057
f 3058/3058/3058 3059/3059/3059 3060/3060/3060
f 3061/3061/3061 3062/3062/3062 3063/3063/3063
f 3064/3064/3064 3065/3065/3065 3066/3066/3066
f 3067/3067/3067 3068/3068/3068 3069/3069/3069
f 3070/3070/3070 3071/3071/3071 3072/3072/3072
f 3073/3073/3073 3074/3074/3074 3075/3075/3075
f 3076/3076/3076 3077/3077/3077 3078/3078/3078
f 3079/3079/3079 3080/3080/3080 3081/3081/3081
f 3082/3082/3082 3083/3083/3083 3084/3084/3084
f 3085/3085/3085 3086/3086/3086 3087/3087/3087
f 3088/3088/3088 3089/3089/3089 3090/3090/3090
f 3091/3091/3091 3092/3092/3092 3093/3093/3093
f 3094/3094/3094 3095/3095/3095 3096/3096/3096
f 3097/3097/3097 3098/3098/3098 3099/3099/3099
f 3100/3100/3100 3101/3101/3101 3102/3102/3102
f 3103/3103/3103 3104/3104/3104 3105/3105/3105
f 3106/3106/3106 3107/3107/3107 3108/3108/3108
f 3109/3109/3109 3110/3110/3110 3111/3111/3111
f 3112/3112/3112 3113/3113/3113 3114/3114/3114
f 3115/3115/3115 3116/3116/3116 3117/3117/3117
f 3118/3118/3118 3119/3119/3119 3120/3120/3120
f 3121/3121/3121 3122/3122/3122 3123/3123/3123
f 3124/3124/3124 3125/3125/3125 3126/3126/3126
f 3127/3127/3127 3128/3128/3128 3129/3129/3129
f 3130/3130/3130 3131/3131/3131 3132/3132/3132
f 3133/3133/3133 3134/3134/3134 3135/3135/3135
f 3136/3136/3136 3137/3137/3137 3138/3138/3138
f 3139/3139/3139 3140/3140/3140 3141/3141/3141
f 3142/3142/3142 3143/3143/3143 3144/3144/3144
f 3145/3145/3145 3146/3146/3146 3147/3147/3147
f 3148/3148/3148 3149/3149/3149 3150/3150/3150
f 3151/3151/3151 3152/3152/3152 3153/3153/3153
f 3154/3154/3154 3155/3155/3155 3156/3156/3156
f 3157/3157/3157 3158/3158/3158 3159/3159/3159
f 3160/3160/3160 3161/3161/3161 3162/3162/3162
f 3163/3163/3163 3164/3164/3164 3165/3165/3165
f 3166/3166/3166 3167/3167/3167 3168/3168/3168
f 3169/3169/3169 3170/3170/3170 3171/3171/3171
f 3172/3172/3172 3173/3173/3173 3174/3174/3174
f 3175/3175/3175 3176/3176/3176 3177/3177/3177
f 3178/3178/3178 3179/3179/3179 3180/3180/3180
f 3181/3181/3181 3182/3182/3182 3183/3183/3183
f 3184/3184/3184 3185/3185/3185 3186/3186/3186
f 3187/3187/3187 3188/3188/3188 3189/3189/3189
f 3190/3190/3190 3191/3191/3191 3192/3192/3192
f 3193/3193/3193 3194/3194/3194 3195/3195/3195
f 3196/3196/3196 3197/3197/3197 3198/3198/3198
f 3199/3199/3199 3200/3200/3200 3201/3201/3201
f 3202/3202/3202 3203/3203/3203 3204/3204/3204
f 3205/3205/3205 3206/3206/3206 3207/3207/3207
f 3208/3208/3208 3209/3209/3209 3210/3210/3210
f 3211/3211/3211 3212/3212/3212 3213/3213/3213
f 3214/3214/3214 3215/3215/3215 3216/3216/3216
f 3217/3217/3217 3218/3218/3218 3219/3219/3219
f 3220/3220/3220 3221/3221/3221 3222/3222/3222
f 3223/3223/3223 3224/3224/3224 3225/3225/3225
f 3226/3226/3226 3227/3227/3227 3228/3228/3228
f 3229/3229/3229 3230/3230/3230 3231/3231/3231
f 3232/3232/3232 3233/3233/3233 3234/3234/3234
f 3235/3235/3235 3236/3236/3236 3237/3237/3237
f 3238/3238/3238 3239/3239/3239 3240/3240/3240
f 3241/3241/3241 3242/3242/3242 3243/3243/3243
f 3244/3244/3244 3245/3245/3245 3246/3246/3246
f 3247/3247/3247 3248/3248/3248 3249/3249/3249
f 3250/3250/3250 3251/3251/3251 3252/3252/3252
f 3253/3253/3253 3254/3254/3254 3255/3255/3255
f 3256/3256/3256 3257/3257/3257 3258/3258/3258
f 3259/3259/3259 3260/3260/3260 3261/3261/3261
f 3262/3262/3262 3263/3263/3263 3264/3264/3264
f 3265/3265/3265 3266/3266/3266 3267/3267/3267
f 3268/3268/3268 3269/3269/3269 3270/3270/3270
f 3271/3271/3271 3272/3272/3272 3273/3273/3273
f 3274/3274/3274 3275/3275/3275 3276/3276/3276
f 3277/3277/3277 3278/3278/3278 3279/3279/3279
f 3280/3280/3280 3281/3281/3281 3282/3282/3282
f 3283/3283/3283 3284/3284/3284 3285/3285/3285
f 3286/3286/3286 3287/3287/3287 3288/3288/3288
f 3289/3289/3289 3290/3290/3290 3291/3291/3291
f 3292/3292/3292 3293/3293/3293 3294/3294/3294
f 3295/3295/3295 3296/3296/3296 3297/3297/3297
f 3298/3298/3298 3299/3299/3299 3300/3300/3300
f 3301/3301/3301 3302/3302/3302 3303/3303/3303
f 3304/3304/3304 3305/3305/3305 3306/3306/3306
f 3307/3307/3307 3308/3308/3308 3309/3309/3309
f 3310/3310/3310 3311/3311/3311 3312/3312/3312
f 3313/3313/3313 3314/3314/3314 3315/3315/3315
f 3316/3316/3316 3317/3317/3317 3318/3318/3318
f 3319/3319/3319 3320/3320/3320 3321/3321/3321
f 3322/3322/3322 3323/3323/3323 3324/3324/3324
f 3325/3325/3325 3326/3326/3326 3327/3327/3327
f 3328/3328/3328 3329/3329/3329 3330/3330/3330
f 3331/3331/3331 3332/3332/3332 3333/3333/3333
f 3334/3334/3334 3335/3335/3335 3336/3336/3336
f 3337/3337/3337 3338/3338/3338 3339/3339/3339
f 3340/3340/3340 3341/3341/3341 3342/3342/3342
f 3343/3343/3343 3344/3344/3344 3345/3345/3345
f 3346/3346/3346 3347/3347/3347 3348/3348/3348
f 3349/3349/3349 3350/3350/3350 3351/3351/3351
f 3352/3352/3352 3353/3353/3353 3354/3354/3354
f 3355/3355/3355 3356/3356/3356 3357/3357/3357
f 3358/3358/3358 3359/3359/3359 3360/3360/3360
f 3361/3361/3361 3362/3362/3362 3363/3363/3363
f 3364/3364/3364 3365/3365/3365 3366/3366/3366
f 3367/3367/3367 3368/3368/3368 3369/3369/3369
f 3370/3370/3370 3371/3371/3371 3372/3372/3372
f 3373/3373/3373 3374/3374/3374 3375/3375/3375
f 3376/3376/3376 3377/3377/3377 3378/3378/3378
f 3379/3379/3379 3380/3380/3380 3381/3381/3381
f 3382/3382/3382 3383/3383/3383 3384/3384/3384
f 3385/3385/3385 3386/3386/3386 3387/3387/3387
f 3388/3388/3388 3389/3389/3389 3390/3390/3390
f 3391/3391/3391 3392/3392/3392 3393/3393/3393
f 3394/3394/3394 3395/3395/3395 3396/3396/3396
f 3397/3397/3397 3398/3398/3398 3399/3399/3399
f 3400/3400/3400 3401/3401/3401 3402/3402/3402
f 3403/3403/3403 3404/3404/3404 3405/3405/3405
f 3406/3406/3406 3407/3407/3407 3408/3408/3408
f 3409/3409/3409 3410/3410/3410 3411/3411/3411
f 3412/3412/3412 3413/3413/3413 3414/3414/3414
f 3415/3415/3415 3416/3416/3416 3417/3417/3417
f 3418/3418/3418 3419/3419/3419 3420/3420/3420
f 3421/3421/3421 3422/3422/3422 3423/3423/3423
f 3424/3424/3424 3425/3425/3425 3426/3426/3426
f 3427/3427/3427 3428/3428/3428 3429/3429/3429
f 3430/3430/3430 3431/3431/3431 3432/3432/3432
f 3433/3433/3433 3434/3434/3434 3435/3435/3435
f 3436/3436/3436 3437/3437/3437 3438/3438/3438
f 3439/3439/3439 3440/3440/3440 3441/3441/3441
f 3442/3442/3442 3443/3443/3443 3444/3444/3444
f 3445/3445/3445 3446/3446/3446 3447/3447/3447
f 3448/3448/3448 3449/3449/3449 3450/3450/3450
f 3451/3451/3451 3452/3452/3452 3453/3453/3453
f 3454/3454/3454 3455/3455/3455 3456/3456/3456
f 3457/3457/3457 3458/3458/3458 3459/3459/3459
f 3460/3460/3460 3461/3461/3461 3462/3462/3462
f 3463/3463/3463 3464/3464/3464 3465/3465/3465
f 3466/3466/3466 3467/3467/3467 3468/3468/3468
f 3469/3469/3469 3470/3470/3470 3471/3471/3471
f 3472/3472/3472 3473/3473/3473 3474/3474/3474
f 3475/3475/3475 3476/3476/3476 3477/3477/3477
f 3478/3478/3478 3479/3479/3479 3480/3480/3480
f 3481/3481/3481 3482/3482/3482 3483/3483/3483
f 3484/3484/3484 3485/3485/3485 3486/3486/3486
f 3487/3487/3487 3488/3488/3488 3489/3489/3489
f 3490/3490/3490 3491/3491/3491 3492/3492/3492
f 3493/3493/3493 3494/3494/3494 3495/3495/3495
f 3496/3496/3496 3497/3497/3497 3498/3498/3498
f 3499/3499/3499 3500/3500/3500 3501/3501/3501
f 3502/3502/3502 3503/3503/3503 3504/3504/3504
f 3505/3505/3505 3506/3506/3506 3507/3507/3507
f 3508/3508/3508 3509/3509/3509 3510/3510/3510
f 3511/3511/3511 3512/3512/3512 3513/3513/3513
f 3514/3514/3514 3515/3515/3515 3516/3516/3516
f 3517/3517/3517 3518/3518/3518 3519/3519/3519
f 3520/3520/3520 3521/3521/3521 3522/3522/3522
f 3523/3523/3523 3524/3524/3524 3525/3525/3525
f 3526/3526/3526 3527/3527/3527 3528/3528/3528
f 3529/3529/3529 3530/3530/3530 3531/3531/3531
f 3532/3532/3532 3533/3533/3533 3534/3534/3534
f 3535/3535/3535 3536/3536/3536 3537/3537/3537
f 3538/3538/3538 3539/3539/3539 3540/3540/3540
f 3541/3541/3541 3542/3542/3542 3543/3543/3543
f 3544/3544/3544 3545/3545/3545 3546/3546/3546
f 3547/3547/3547 3548/3548/3548 3549/3549/3549
f 3550/3550/3550 3551/3551/3551 3552/3552/3552
f 3553/3553/3553 3554/3554/3554 3555/3555/3555
f 3556/3556/3556 3557/3557/3557 3558/3558/3558
f 3559/3559/3559 3560/3560/3560 3561/3561/3561
f 3562/3562/3562 3563/3563/3563 3564/3564/3564
f 3565/3565/3565 3566/3566/3566 3567/3567/3567
f 3568/3568/3568 3569/3569/3569 3570/3570/3570
f 3571/3571/3571 3572/3572/3572 3573/3573/3573
f 3574/3574/3574 3575/3575/3575 3576/3576/3576
f 3577/3577/3577 3578/3578/3578 3579/3579/3579
f 3580/3580/3580 3581/3581/3581 3582/3582/3582
f 3583/3583/3583 3584/3584/3584 3585/3585/3585
f 3586/3586/3586 3587/3587/3587 3588/3588/3588
f 3589/3589/3589 3590/3590/3590 3591/3591/3591
f 3592/3592/3592 3593/3593/3593 3594/3594/3594
f 3595/3595/3595 3596/3596/3596 3597/3597/3597
f 3598/3598/3598 3599/3599/3599 3600/3600/3600
f 3601/3601/3601 3602/3602/3602 3603/3603/3603
f 3604/3604/3604 3605/3605/3605 3606/3606/3606
f 3607/3607/3607 3608/3608/3608 3609/3609/3609
f 3610/3610/3610 3611/3611/3611 3612/3612/3612
f 3613/3613/3613 3614/3614/3614 3615/3615/3615
f 3616/3616/3616 3617/3617/3617 3618/3618/3618
f 3619/3619/3619 3620/3620/3620 3621/3621/3621
f 3622/3622/3622 3623/3623/3623 3624/3624/3624
f 3625/3625/3625 3626/3626/3626 3627/3627/3627
f 3628/3628/3628 3629/3629/3629 3630/3630/3630
f 3631/3631/3631 3632/3632/3632 3633/3633/3633
f 3634/3634/3634 3635/3635/3635 3636/3636/3636
f 3637/3637/3637 3638/3638/3638 3639/3639/3639
f 3640/3640/3640 3641/3641/3641 3642/3642/3642
f 3643/3643/3643 3644/3644/3644 3645/3645/3645
f 3646/3646/3646 3647/3647/3647 3648/3648/3648
f 3649/3649/3649 3650/3650/3650 3651/3651/3651
f 3652/3652/3652 3653/3653/3653 3654/3654/3654
f 3655/3655/3655 3656/3656/3656 3657/3657/3657
f 3658/3658/3658 3659/3659/3659 3660/3660/3660
f 3661/3661/3661 3662/3662/3662 3663/3663/3663
f 3664/3664/3664 3665/3665/3665 3666/3666/3666
f 3667/3667/3667 3668/3668/3668 3669/3669/3669
f 3670/3670/3670 3671/3671/3671 3672/3672/3672
f 3673/3673/3673 3674/3674/3674 3675/3675/3675
f 3676/3676/3676 3677/3677/3677 3678/3678/3678
f 3679/3679/3679 3680/3680/3680 3681/3681/3681
f 3682/3682/3682 3683/3683/3683 3684/3684/3684
f 3685/3685/3685 3686/3686/3686 3687/3687/3687
f 3688/3688/3688 3689/3689/3689 3690/3690/3690
f 3691/3691/3691 3692/3692/3692 3693/3693/3693
f 3694/3694/3694 3695/3695/3695 3696/3696/3696
f 3697/3697/3697 3698/3698/3698 3699/3699/3699
f 3700/3700/3700 3701/3701/3701 3702/3702/3702
f 3703/3703/3703 3704/3704/3704 3705/3705/3705
f 3706/3706/3706 3707/3707/3707 3708/3708/3708
f 3709/3709/3709 3710/3710/3710 3711/3711/3711
f 3712/3712/3712 3713/3713/3713 3714/3714/3714
f 3715/3715/3715 3716/3716/3716 3717/3717/3717
f 3718/3718/3718 3719/3719/3719 3720/3720/3720
f 3721/3721/3721 3722/3722/3722 3723/3723/3723
f 3724/3724/3724 3725/3725/3725 3726/3726/3726
f 3727/3727/3727 3728/3728/3728 3729/3729/3729
f 3730/3730/3730 3731/3731/3731 3732/3732/3732
f 3733/3733/3733 3734/3734/3734 3735/3735/3735
f 3736/3736/3736 3737/3737/3737 3738/3738/3738
f 3739/3739/3739 3740/3740/3740 3741/3741/3741
f 3742/3742/3742 3743/3743/3743 3744/3744/3744
f 3745/3745/3745 3746/3746/3746 3747/3747/3747
f 3748/3748/3748 3749/3749/3749 3750/3750/3750
f 3751/3751/3751 3752/3752/3752 3753/3753/3753
f 3754/3754/3754 3755/3755/3755 3756/3756/3756
f 3757/3757/3757 3758/3758/3758 3759/3759/3759
f 3760/3760/3760 3761/3761/3761 3762/3762/3762
f 3763/3763/3763 3764/3764/3764 3765/3765/3765
f 3766/3766/3766 3767/3767/3767 3768/3768/3768
f 3769/3769/3769 3770/3770/3770 3771/3771/3771
f 3772/3772/3772 3773/3773/3773 3774/3774/3774
f 3775/3775/3775 3776/3776/3776 3777/3777/3777
f 3778/3778/3778 3779/3779/3779 3780/3780/3780
f 3781/3781/3781 3782/3782/3782 3783/3783/3783
f 3784/3784/3784 3785/3785/3785 3786/3786/3786
f 3787/3787/3787 3788/3788/3788 3789/3789/3789
f 3790/3790/3790 3791/3791/3791 3792/3792/3792
f 3793/3793/3793 3794/3794/3794 3795/3795/3795
f 3796/3796/3796 3797/3797/3797 3798/3798/3798
f 3799/3799/3799 3800/3800/3800 3801/3801/3801
f 3802/3802/3802 3803/3803/3803 3804/3804/3804
f 3805/3805/3805 3806/3806/3806 3807/3807/3807
f 3808/3808/3808 3809/3809/3809 3810/3810/3810
f 3811/3811/3811 3812/3812/3812 3813/3813/3813
f 3814/3814/3814 3815/3815/3815 3816/3816/3816
f 3817/3817/3817 3818/3818/3818 3819/3819/3819
f 3820/3820/3820 3821/3821/3821 3822/3822/3822
f 3823/3823/3823 3824/3824/3824 3825/3825/3825
f 3826/3826/3826 3827/3827/3827 3828/3828/3828
f 3829/3829/3829 3830/3830/3830 3831/3831/3831
f 3832/3832/3832 3833/3833/3833 3834/3834/3834
f 3835/3835/3835 3836/3836/3836 3837/3837/3837
f 3838/3838/3838 3839/3839/3839 3840/3840/3840
f 3841/3841/3841 3842/3842/3842 3843/3843/3843
f 3844/3844/3844 3845/3845/3845 3846/3846/3846
f 3847/3847/3847 3848/3848/3848 3849/3849/3849
f 3850/3850/3850 3851/3851/3851 3852/3852/3852
f 3853/3853/3853 3854/3854/3854 3855/3855/3855
f 3856/3856/3856 3857/3857/3857 3858/3858/3858
f 3859/3859/3859 3860/3860/3860 3861/3861/3861
f 3862/3862/3862 3863/3863/3863 3864/3864/3864
f 3865/3865/3865 3866/3866/3866 3867/3867/3867
f 3868/3868/3868 3869/3869/3869 3870/3870/3870
f 3871/3871/3871 3872/3872/3872 3873/3873/3873
f 3874/3874/3874 3875/3875/3875 3876/3876/3876
f 3877/3877/3877 3878/3878/3878 3879/3879/3879
f 3880/3880/3880 3881/3881/3881 3882/3882/3882
f 3883/3883/3883 3884/3884/3884 3885/3885/3885
f 3886/3886/3886 3887/3887/3887 3888/3888/3888
f 3889/3889/3889 3890/3890/3890 3891/3891/3891
f 3892/3892/3892 3893/3893/3893 3894/3894/3894
f 3895/3895/3895 3896/3896/3896 3897/3897/3897
f 3898/3898/3898 3899/3899/3899 3900/3900/3900
f 3901/3901/3901 3902/3902/3902 3903/3903/3903
f 3904/3904/3904 3905/3905/3905 3906/3906/3906
f 3907/3907/3907 3908/3908/3908 3909/3909/3909
f 3910/3910/3910 3911/3911/3911 3912/3912/3912
f 3913/3913/3913 3914/3914/3914 3915/3915/3915
f 3916/3916/3916 3917/3917/3917 3918/3918/3918
f 3919/3919/3919 3920/3920/3920 3921/3921/3921
f 3922/3922/3922 3923/3923/3923 3924/3924/3924
f 3925/3925/3925 3926/3926/3926 3927/3927/3927
f 3928/3928/3928 3929/3929/3929 3930/3930/3930
f 3931/3931/3931 3932/3932/3932 3933/3933/3933
f 3934/3934/3934 3935/3935/3935 3936/3936/3936
f 3937/3937/3937 3938/3938/3938 3939/3939/3939
f 3940/3940/3940 3941/3941/3941 3942/3942/3942
f 3943/3943/3943 3944/3944/3944 3945/3945/3945
f 3946/3946/3946 3947/3947/3947 3948/3948/3948
f 3949/3949/3949 3950/3950/3950 3951/3951/3951
f 3952/3952/3952 3953/3953/3953 3954/3954/3954
f 3955/3955/3955 3956/3956/3956 3957/3957/3957
f 3958/3958/3958 3959/3959/3959 3960/3960/3960
f 3961/3961/3961 3962/3962/3962 3963/3963/3963
f 3964/3964/3964 3965/3965/3965 3966/3966/3966
f 3967/3967/3967 3968/3968/3968 3969/3969/3969
f 3970/3970/3970 3971/3971/3971 3972/3972/3972
f 3973/3973/3973 3974/3974/3974 3975/3975/3975
f 3976/3976/3976 3977/3977/3977 3978/3978/3978
f 3979/3979/3979 3980/3980/3980 3981/3981/3981
f 3982/3982/3982 3983/3983/3983 3984/3984/3984
f 3985/3985/3985 3986/3986/3986 3987/3987/3987
f 3988/3988/3988 3989/3989/3989 3990/3990/3990
f 3991/3991/3991 3992/3992/3992 3993/3993/3993
f 3994/3994/3994 3995/3995/3995 3996/3996/3996
f 3997/3997/3997 3998/3998/3998 3999/3999/3999
f 4000/4000/4000 4001/4001/4001 4002/4002/4002
f 4003/4003/4003 4004/4004/4004 4005/4005/4005
f 4006/4006/4006 4007/4007/4007 4008/4008/4008
f 4009/4009/4009 4010/4010/4010 4011/4011/4011
f 4012/4012/4012 4013/4013/4013 4014/4014/4014
f 4015/4015/4015 4016/4016/4016 4017/4017/4017
f 4018/4018/4018 4019/4019/4019 4020/4020/4020
f 4021/4021/4021 4022/4022/4022 4023/4023/4023
f 4024/4024/4024 4025/4025/4025 4026/4026/4026
f 4027/4027/4027 4028/4028/4028 4029/4029/4029
f 4030/4030/4030 4031/4031/4031 4032/4032/4032
f 4033/4033/4033 4034/4034/4034 4035/4035/4035
f 4036/4036/4036 4037/4037/4037 4038/4038/4038
f 4039/4039/4039 4040/4040/4040 4041/4041/4041
f 4042/4042/4042 4043/4043/4043 4044/4044/4044
f 4045/4045/4045 4046/4046/4046 4047/4047/4047
f 4048/4048/4048 4049/4049/4049 4050/4050/4050
f 4051/4051/4051 4052/4052/4052 4053/4053/4053
f 4054/4054/4054 4055/4055/4055 4056/4056/4056
f 4057/4057/4057 4058/4058/4058 4059/4059/4059
f 4060/4060/4060 4061/4061/4061 4062/4062/4062
f 4063/4063/4063 4064/4064/4064 4065/4065/4065
f 4066/4066/4066 4067/4067/4067 4068/4068/4068
f 4069/4069/4069 4070/4070/4070 4071/4071/4071
f 4072/4072/4072 4073/4073/4073 4074/4074/4074
f 4075/4075/4075 4076/4076/4076 4077/4077/4077
f 4078/4078/4078 4079/4079/4079 4080/4080/4080
f 4081/4081/4081 4082/4082/4082 4083/4083/4083
f 4084/4084/4084 4085/4085/4085 4086/4086/4086
f 4087/4087/4087 4088/4088/4088 4089/4089/4089
f 4090/4090/4090 4091/4091/4091 4092/4092/4092
f 4093/4093/4093 4094/4094/4094 4095/4095/4095
f 4096/4096/4096 4097/4097/4097 4098/4098/4098
f 4099/4099/4099 4100/4100/4100 4101/4101/4101
f 4102/4102/4102 4103/4103/4103 4104/4104/4104
f 4105/4105/4105 4106/4106/4106 4107/4107/4107
f 4108/4108/4108 4109/4109/4109 4110/4110/4110
f 4111/4111/4111 4112/4112/4112 4113/4113/4113
f 4114/4114/4114 4115/4115/4115 4116/4116/4116
f 4117/4117/4117 4118/4118/4118 4119/4119/4119
f 4120/4120/4120 4121/4121/4121 4122/4122/4122
f 4123/4123/4123 4124/4124/4124 4125/4125/4125
f 4126/4126/4126 4127/4127/4127 4128/4128/4128
f 4129/4129/4129 4130/4130/4130 4131/4131/4131
f 4132/4132/4132 4133/4133/4133 4134/4134/4134
f 4135/4135/4135 4136/4136/4136 4137/4137/4137
f 4138/4138/4138 4139/4139/4139 4140/4140/4140
f 4141/4141/4141 4142/4142/4142 4143/4143/4143
f 4144/4144/4144 4145/4145/4145 4146/4146/4146
f 4147/4147/4147 4148/4148/4148 4149/4149/4149
f 4150/4150/4150 4151/4151/4151 4152/4152/4152
f 4153/4153/4153 4154/4154/4154 4155/4155/4155
f 4156/4156/4156 4157/4157/4157 4158/4158/4158
f 4159/4159/4159 4160/4160/4160 4161/4161/4161
f 4162/4162/4162 4163/4163/4163 4164/4164/4164
f 4165/4165/4165 4166/4166/4166 4167/4167/4167
f 4168/4168/4168 4169/4169/4169 4170/4170/4170
f 4171/4171/4171 4172/4172/4172 4173/4173/4173
f 4174/4174/4174 4175/4175/4175 4176/4176/4176
f 4177/4177/4177 4178/4178/4178 4179/4179/4179
f 4180/4180/4180 4181/4181/4181 4182/4182/4182
f 4183/4183/4183 4184/4184/4184 4185/4185/4185
f 4186/4186/4186 4187/4187/4187 4188/4188/4188
f 4189/4189/4189 4190/4190/4190 4191/4191/4191
f 4192/4192/4192 4193/4193/4193 4194/4194/4194
f 4195/4195/4195 4196/4196/4196 4197/4197/4197
f 4198/4198/4198 4199/4199/4199 4200/4200/4200
f 4201/4201/4201 4202/4202/4202 4203/4203/4203
f 4204/4204/4204 4205/4205/4205 4206/4206/4206
f 4207/4207/4207 4208/4208/4208 4209/4209/4209
f 4210/4210/4210 4211/4211/4211 4212/4212/4212
f 4213/4213/4213 4214/4214/4214 4215/4215/4215
f 4216/4216/4216 4217/4217/4217 4218/4218/4218
f 4219/4219/4219 4220/4220/4220 4221/4221/4221
f 4222/4222/4222 4223/4223/4223 4224/4224/4224
f 4225/4225/4225 4226/4226/4226 4227/4227/4227
f 4228/4228/4228 4229/4229/4229 4230/4230/4230
f 4231/4231/4231 4232/4232/4232 4233/4233/4233
f 4234/4234/4234 4235/4235/4235 4236/4236/4236
f 4237/4237/4237 4238/4238/4238 4239/4239/4239
f 4240/4240/4240 4241/4241/4241 4242/4242/4242
f 4243/4243/4243 4244/4244/4244 4245/4245/4245
f 4246/4246/4246 4247/4247/4247 4248/4248/4248
f 4249/4249/4249 4250/4250/4250 4251/4251/4251
f 4252/4252/4252 4253/4253/4253 4254/4254/4254
f 4255/4255/4255 4256/4256/4256 4257/4257/4257
f 4258/4258/4258 4259/4259/4259 4260/4260/4260
f 4261/4261/4261 4262/4262/4262 4263/4263/4263
f 4264/4264/4264 4265/4265/4265 4266/4266/4266
f 4267/4267/4267 4268/4268/4268 4269/4269/4269
f 4270/4270/4270 4271/4271/4271 4272/4272/4272
f 4273/4273/4273 4274/4274/4274 4275/4275/4275
f 4276/4276/4276 4277/4277/4277 4278/4278/4278
f 4279/4279/4279 4280/4280/4280 4281/4281/4281
f 4282/4282/4282 4283/4283/4283 4284/4284/4284
f 4285/4285/4285 4286/4286/4286 4287/4287/4287
f 4288/4288/4288 4289/4289/4289 4290/4290/4290
f 4291/4291/4291 4292/4292/4292 4293/4293/4293
f 4294/4294/4294 4295/4295/4295 4296/4296/4296
f 4297/4297/4297 4298/4298/4298 4299/4299/4299
f 4300/4300/4300 4301/4301/4301 4302/4302/4302
f 4303/4303/4303 4304/4304/4304 4305/4305/4305
f 4306/4306/4306 4307/4307/4307 4308/4308/4308
f 4309/4309/4309 4310/4310/4310 4311/4311/4311
f 4312/4312/4312 4313/4313/4313 4314/4314/4314
f 4315/4315/4315 4316/4316/4316 4317/4317/4317
f 4318/4318/4318 4319/4319/4319 4320/4320/4320
f 4321/4321/4321 4322/4322/4322 4323/4323/4323
f 4324/4324/4324 4325/4325/4325 4326/4326/4326
f 4327/4327/4327 4328/4328/4328 4329/4329/4329
f 4330/4330/4330 4331/4331/4331 4332/4332/4332
f 4333/4333/4333 4334/4334/4334 4335/4335/4335
f 4336/4336/4336 4337/4337/4337 4338/4338/4338
f 4339/4339/4339 4340/4340/4340 4341/4341/4341
f 4342/4342/4342 4343/4343/4343 4344/4344/4344
f 4345/4345/4345 4346/4346/4346 4347/4347/4347
f 4348/4348/4348 4349/4349/4349 4350/4350/4350
f 4351/4351/4351 4352/4352/4352 4353/4353/4353
f 4354/4354/4354 4355/4355/4355 4356/4356/4356
f 4357/4357/4357 4358/4358/4358 4359/4359/4359
f 4360/4360/4360 4361/4361/4361 4362/4362/4362
f 4363/4363/4363 4364/4364/4364 4365/4365/4365
f 4366/4366/4366 4367/4367/4367 4368/4368/4368
f 4369/4369/4369 4370/4370/4370 4371/4371/4371
f 4372/4372/4372 4373/4373/4373 4374/4374/4374
f 4375/4375/4375 4376/4376/4376 4377/4377/4377
f 4378/4378/4378 4379/4379/4379 4380/4380/4380
f 4381/4381/4381 4382/4382/4382 4383/4383/4383
f 4384/4384/4384 4385/4385/4385 4386/4386/4386
f 4387/4387/4387 4388/4388/4388 4389/4389/4389
f 4390/4390/4390 4391/4391/4391 4392/4392/4392
f 4393/4393/4393 4394/4394/4394 4395/4395/4395
f 4396/4396/4396 4397/4397/4397 4398/4398/4398
f 4399/4399/4399 4400/4400/4400 4401/4401/4401
f 4402/4402/4402 4403/4403/4403 4404/4404/4404
f 4405/4405/4405 4406/4406/4406 4407/4407/4407
f 4408/4408/4408 4409/4409/4409 4410/4410/4410
f 4411/4411/4411 4412/4412/4412 4413/4413/4413
f 4414/4414/4414 4415/4415/4415 4416/4416/4416
f 4417/4417/4417 4418/4418/4418 4419/4419/4419
f 4420/4420/4420 4421/4421/4421 4422/4422/4422
f 4423/4423/4423 4424/4424/4424 4425/4425/4425
f 4426/4426/4426 4427/4427/4427 4428/4428/4428
f 4429/4429/4429 4430/4430/4430 4431/4431/4431
f 4432/4432/4432 4433/4433/4433 4434/4434/4434
f 4435/4435/4435 4436/4436/4436 4437/4437/4437
f 4438/4438/4438 4439/4439/4439 4440/4440/4440
f 4441/4441/4441 4442/4442/4442 4443/4443/4443
f 4444/4444/4444 4445/4445/4445 4446/4446/4446
f 4447/4447/4447 4448/4448/4448 4449/4449/4449
f 4450/4450/4450 4451/4451/4451 4452/4452/4452
f 4453/4453/4453 4454/4454/4454 4455/4455/4455
f 4456/4456/4456 4457/4457/4457 4458/4458/4458
f 4459/4459/4459 4460/4460/4460 4461/4461/4461
f 4462/4462/4462 4463/4463/4463 4464/4464/4464
f 4465/4465/4465 4466/4466/4466 4467/4467/4467
f 4468/4468/4468 4469/4469/4469 4470/4470/4470
f 4471/4471/4471 4472/4472/4472 4473/4473/4473
f 4474/4474/4474 4475/4475/4475 4476/4476/4476
f 4477/4477/4477 4478/4478/4478 4479/4479/4479
f 4480/4480/4480 4481/4481/4481 4482/4482/4482
f 4483/4483/4483 4484/4484/4484 4485/4485/4485
f 4486/4486/4486 4487/4487/4487 4488/4488/4488
f 4489/4489/4489 4490/4490/4490 4491/4491/4491
f 4492/4492/4492 4493/4493/4493 4494/4494/4494
f 4495/4495/4495 4496/4496/4496 4497/4497/4497
f 4498/4498/4498 4499/4499/4499 4500/4500/4500
f 4501/4501/4501 4502/4502/4502 4503/4503/4503
f 4504/4504/4504 4505/4505/4505 4506/4506/4506
f 4507/4507/4507 4508/4508/4508 4509/4509/4509
f 4510/4510/4510 4511/4511/4511 4512/4512/4512
f 4513/4513/4513 4514/4514/4514 4515/4515/4515
f 4516/4516/4516 4517/4517/4517 4518/4518/4518
f 4519/4519/4519 4520/4520/4520 4521/4521/4521
f 4522/4522/4522 4523/4523/4523 4524/4524/4524
f 4525/4525/4525 4526/4526/4526 4527/4527/4527
f 4528/4528/4528 4529/4529/4529 4530/4530/4530
f 4531/4531/4531 4532/4532/4532 4533/4533/4533
f 4534/4534/4534 4535/4535/4535 4536/4536/4536
f 4537/4537/4537 4538/4538/4538 4539/4539/4539
f 4540/4540/4540 4541/4541/4541 4542/4542/4542
f 4543/4543/4543 4544/4544/4544 4545/4545/4545
f 4546/4546/4546 4547/4547/4547 4548/4548/4548
f 4549/4549/4549 4550/4550/4550 4551/4551/4551
f 4552/4552/4552 4553/4553/4553 4554/4554/4554
f 4555/4555/4555 4556/4556/4556 4557/4557/4557
f 4558/4558/4558 4559/4559/4559 4560/4560/4560
f 4561/4561/4561 4562/4562/4562 4563/4563/4563
f 4564/4564/4564 4565/4565/4565 4566/4566/4566
f 4567/4567/4567 4568/4568/4568 4569/4569/4569
f 4570/4570/4570 4571/4571/4571 4572/4572/4572
f 4573/4573/4573 4574/4574/4574 4575/4575/4575
f 4576/4576/4576 4577/4577/4577 4578/4578/4578
f 4579/4579/4579 4580/4580/4580 4581/4581/4581
f 4582/4582/4582 4583/4583/4583 4584/4584/4584
f 4585/4585/4585 4586/4586/4586 4587/4587/4587
f 4588/4588/4588 4589/4589/4589 4590/4590/4590
f 4591/4591/4591 4592/4592/4592 4593/4593/4593
f 4594/4594/4594 4595/4595/4595 4596/4596/4596
f 4597/4597/4597 4598/4598/4598 4599/4599/4599
f 4600/4600/4600 4601/4601/4601 4602/4602/4602
f 4603/4603/4603 4604/4604/4604 4605/4605/4605
f 4606/4606/4606 4607/4607/4607 4608/4608/4608
f 4609/4609/4609 4610/4610/4610 4611/4611/4611
f 4612/4612/4612 4613/4613/4613 4614/4614/4614
f 4615/4615/4615 4616/4616/4616 4617/4617/4617
f 4618/4618/4618 4619/4619/4619 4620/4620/4620
f 4621/4621/4621 4622/4622/4622 4623/4623/4623
f 4624/4624/4624 4625/4625/4625 4626/4626/4626
f 4627/4627/4627 4628/4628/4628 4629/4629/4629
f 4630/4630/4630 4631/4631/4631 4632/4632/4632
f 4633/4633/4633 4634/4634/4634 4635/4635/4635
f 4636/4636/4636 4637/4637/4637 4638/4638/4638
f 4639/4639/4639 4640/4640/4640 4641/4641/4641
f 4642/4642/4642 4643/4643/4643 4644/4644/4644
f 4645/4645/4645 4646/4646/4646 4647/4647/4647
f 4648/4648/4648 4649/4649/4649 4650/4650/4650
f 4651/4651/4651 4652/4652/4652 4653/4653/4653
f 4654/4654/4654 4655/4655/4655 4656/4656/4656
f 4657/4657/4657 4658/4658/4658 4659/4659/4659
f 4660/4660/4660 4661/4661/4661 4662/4662/4662
f 4663/4663/4663 4664/4664/4664 4665/4665/4665
f 4666/4666/4666 4667/4667/4667 4668/4668/4668
f 4669/4669/4669 4670/4670/4670 4671/4671/4671
f 4672/4672/4672 4673/4673/4673 4674/4674/4674
f 4675/4675/4675 4676/4676/4676 4677/4677/4677
f 4678/4678/4678 4679/4679/4679 4680/4680/4680
f 4681/4681/4681 4682/4682/4682 4683/4683/4683
f 4684/4684/4684 4685/4685/4685 4686/4686/4686
f 4687/4687/4687 4688/4688/4688 4689/4689/4689
f 4690/4690/4690 4691/4691/4691 4692/4692/4692
f 4693/4693/4693 4694/4694/4694 4695/4695/4695
f 4696/4696/4696 4697/4697/4697 4698/4698/4698
f 4699/4699/4699 4700/4700/4700 4701/4701/4701
f 4702/4702/4702 4703/4703/4703 4704/4704/4704
f 4705/4705/4705 4706/4706/4706 4707/4707/4707
f 4708/4708/4708 4709/4709/4709 4710/4710/4710
f 4711/4711/4711 4712/4712/4712 4713/4713/4713
f 4714/4714/4714 4715/4715/4715 4716/4716/4716
f 4717/4717/4717 4718/4718/4718 4719/4719/4719
f 4720/4720/4720 4721/4721/4721 4722/4722/4722
f 4723/4723/4723 4724/4724/4724 4725/4725/4725
f 4726/4726/4726 4727/4727/4727 4728/4728/4728
f 4729/4729/4729 4730/4730/4730 4731/4731/4731
f 4732/4732/4732 4733/4733/4733 4734/4734/4734
f 4735/4735/4735 4736/4736/4736 4737/4737/4737
f 4738/4738/4738 4739/4739/4739 4740/4740/4740
f 4741/4741/4741 4742/4742/4742 4743/4743/4743
f 4744/4744/4744 4745/4745/4745 4746/4746/4746
f 4747/4747/4747 4748/4748/4748 4749/4749/4749
f 4750/4750/4750 4751/4751/4751 4752/4752/4752
f 4753/4753/4753 4754/4754/4754 4755/4755/4755
f 4756/4756/4756 4757/4757/4757 4758/4758/4758
f 4759/4759/4759 4760/4760/4760 4761/4761/4761
f 4762/4762/4762 4763/4763/4763 4764/4764/4764
f 4765/4765/4765 4766/4766/4766 4767/4767/4767
f 4768/4768/4768 4769/4769/4769 4770/4770/4770
f 4771/4771/4771 4772/4772/4772 4773/4773/4773
f 4774/4774/4774 4775/4775/4775 4776/4776/4776
f 4777/4777/4777 4778/4778/4778 4779/4779/4779
f 4780/4780/4780 4781/4781/4781 4782/4782/4782
f 4783/4783/4783 4784/4784/4784 4785/4785/4785
f 4786/4786/4786 4787/4787/4787 4788/4788/4788
f 4789/4789/4789 4790/4790/4790 4791/4791/4791
f 4792/4792/4792 4793/4793/4793 4794/4794/4794
f 4795/4795/4795 4796/4796/4796 4797/4797/4797
f 4798/4798/4798 4799/4799/4799 4800/4800/4800
f 4801/4801/4801 4802/4802/4802 4803/4803/4803
f 4804/4804/4804 4805/4805/4805 4806/4806/4806
f 4807/4807/4807 4808/4808/4808 4809/4809/4809
f 4810/4810/4810 4811/4811/4811 4812/4812/4812
f 4813/4813/4813 4814/4814/4814 4815/4815/4815
f 4816/4816/4816 4817/4817/4817 4818/4818/4818
f 4819/4819/4819 4820/4820/4820 4821/4821/4821
f 4822/4822/4822 4823/4823/4823 4824/4824/4824
f 4825/4825/4825 4826/4826/4826 4827/4827/4827
f 4828/4828/4828 4829/4829/4829 4830/4830/4830
f 4831/4831/4831 4832/4832/4832 4833/4833/4833
f 4834/4834/4834 4835/4835/4835 4836/4836/4836
f 4837/4837/4837 4838/4838/4838 4839/4839/4839
f 4840/4840/4840 4841/4841/4841 4842/4842/4842
f 4843/4843/4843 4844/4844/4844 4845/4845/4845
f 4846/4846/4846 4847/4847/4847 4848/4848/4848
f 4849/4849/4849 4850/4850/4850 4851/4851/4851
f 4852/4852/4852 4853/4853/4853 4854/4854/4854
f 4855/4855/4855 4856/4856/4856 4857/4857/4857
f 4858/4858/4858 4859/4859/4859 4860/4860/4860
f 4861/4861/4861 4862/4862/4862 4863/4863/4863
f 4864/4864/4864 4865/4865/4865 4866/4866/4866
f 4867/4867/4867 4868/4868/4868 4869/4869/4869
f 4870/4870/4870 4871/4871/4871 4872/4872/4872
f 4873/4873/4873 4874/4874/4874 4875/4875/4875
f 4876/4876/4876 4877/4877/4877 4878/4878/4878
f 4879/4879/4879 4880/4880/4880 4881/4881/4881
f 4882/4882/4882 4883/4883/4883 4884/4884/4884
f 4885/4885/4885 4886/4886/4886 4887/4887/4887
f 4888/4888/4888 4889/4889/4889 4890/4890/4890
f 4891/4891/4891 4892/4892/4892 4893/4893/4893
f 4894/4894/4894 4895/4895/4895 4896/4896/4896
f 4897/4897/4897 4898/4898/4898 4899/4899/4899
f 4900/4900/4900 4901/4901/4901 4902/4902/4902
f 4903/4903/4903 4904/4904/4904 4905/4905/4905
f 4906/4906/4906 4907/4907/4907 4908/4908/4908
f 4909/4909/4909 4910/4910/4910 4911/4911/4911
f 4912/4912/4912 4913/4913/4913 4914/4914/4914
f 4915/4915/4915 4916/4916/4916 4917/4917/4917
f 4918/4918/4918 4919/4919/4919 4920/4920/4920
f 4921/4921/4921 4922/4922/4922 4923/4923/4923
f 4924/4924/4924 4925/4925/4925 4926/4926/4926
f 4927/4927/4927 4928/4928/4928 4929/4929/4929
f 4930/4930/4930 4931/4931/4931 4932/4932/4932
f 4933/4933/4933 4934/4934/4934 4935/4935/4935
f 4936/4936/4936 4937/4937/4937 4938/4938/4938
f 4939/4939/4939 4940/4940/4940 4941/4941/4941
f 4942/4942/4942 4943/4943/4943 4944/4944/4944
f 4945/4945/4945 4946/4946/4946 4947/4947/4947
f 4948/4948/4948 4949/4949/4949 4950/4950/4950
f 4951/4951/4951 4952/4952/4952 4953/4953/4953
f 4954/4954/4954 4955/4955/4955 4956/4956/4956
f 4957/4957/4957 4958/4958/4958 4959/4959/4959
f 4960/4960/4960 4961/4961/4961 4962/4962/4962
f 4963/4963/4963 4964/4964/4964 4965/4965/4965
f 4966/4966/4966 4967/4967/4967 4968/4968/4968
f 4969/4969/4969 4970/4970/4970 4971/4971/4971
f 4972/4972/4972 4973/4973/4973 4974/4974/4974
f 4975/4975/4975 4976/4976/4976 4977/4977/4977
f 4978/4978/4978 4979/4979/4979 4980/4980/4980
f 4981/4981/4981 4982/4982/4982 4983/4983/4983
f 4984/4984/4984 4985/4985/4985 4986/4986/4986
f 4987/4987/4987 4988/4988/4988 4989/4989/4989
f 4990/4990/4990 4991/4991/4991 4992/4992/4992
f 4993/4993/4993 4994/4994/4994 4995/4995/4995
f 4996/4996/4996 4997/4997/4997 4998/4998/4998
f 4999/4999/4999 5000/5000/5000 5001/5001/5001
f 5002/5002/5002 5003/5003/5003 5004/5004/5004
f 5005/5005/5005 5006/5006/5006 5007/5007/5007
f 5008/5008/5008 5009/5009/5009 5010/5010/5010
f 5011/5011/5011 5012/5012/5012 5013/5013/5013
f 5014/5014/5014 5015/5015/5015 5016/5016/5016
f 5017/5017/5017 5018/5018/5018 5019/5019/5019
f 5020/5020/5020 5021/5021/5021 5022/5022/5022
f 5023/5023/5023 5024/5024/5024 5025/5025/5025
f 5026/5026/5026 5027/5027/5027 5028/5028/5028
f 5029/5029/5029 5030/5030/5030 5031/5031/5031
f 5032/5032/5032 5033/5033/5033 5034/5034/5034
f 5035/5035/5035 5036/5036/5036 5037/5037/5037
f 5038/5038/5038 5039/5039/5039 5040/5040/5040
f 5041/5041/5041 5042/5042/5042 5043/5043/5043
f 5044/5044/5044 5045/5045/5045 5046/5046/5046
f 5047/5047/5047 5048/5048/5048 5049/5049/5049
f 5050/5050/5050 5051/5051/5051 5052/5052/5052
f 5053/5053/5053 5054/5054/5054 5055/5055/5055
f 5056/5056/5056 5057/5057/5057 5058/5058/5058
f 5059/5059/5059 5060/5060/5060 5061/5061/5061
f 5062/5062/5062 5063/5063/5063 5064/5064/5064
f 5065/5065/5065 5066/5066/5066 5067/5067/5067
f 5068/5068/5068 5069/5069/5069 5070/5070/5070
f 5071/5071/5071 5072/5072/5072 5073/5073/5073
f 5074/5074/5074 5075/5075/5075 5076/5076/5076
f 5077/5077/5077 5078/5078/5078 5079/5079/5079
f 5080/5080/5080 5081/5081/5081 5082/5082/5082
f 5083/5083/5083 5084/5084/5084 5085/5085/5085
f 5086/5086/5086 5087/5087/5087 5088/5088/5088
f 5089/5089/5089 5090/5090/5090 5091/5091/5091
f 5092/5092/5092 5093/5093/5093 5094/5094/5094
f 5095/5095/5095 5096/5096/5096 5097/5097/5097
f 5098/5098/5098 5099/5099/5099 5100/5100/5100
f 5101/5101/5101 5102/5102/5102 5103/5103/5103
f 5104/5104/5104 5105/5105/5105 5106/5106/5106
f 5107/5107/5107 5108/5108/5108 5109/5109/5109
f 5110/5110/5110 5111/5111/5111 5112/5112/5112
f 5113/5113/5113 5114/5114/5114 5115/5115/5115
f 5116/5116/5116 5117/5117/5117 5118/5118/5118
f 5119/5119/5119 5120/5120/5120 5121/5121/5121
f 5122/5122/5122 5123/5123/5123 5124/5124/5124
f 5125/5125/5125 5126/5126/5126 5127/5127/5127
f 5128/5128/5128 5129/5129/5129 5130/5130/5130
f 5131/5131/5131 5132/5132/5132 5133/5133/5133
f 5134/5134/5134 5135/5135/5135 5136/5136/5136
f 5137/5137/5137 5138/5138/5138 5139/5139/5139
f 5140/5140/5140 5141/5141/5141 5142/5142/5142
f 5143/5143/5143 5144/5144/5144 5145/5145/5145
f 5146/5146/5146 5147/5147/5147 5148/5148/5148
f 5149/5149/5149 5150/5150/5150 5151/5151/5151
f 5152/5152/5152 5153/5153/5153 5154/5154/5154
f 5155/5155/5155 5156/5156/5156 5157/5157/5157
f 5158/5158/5158 5159/5159/5159 5160/5160/5160
f 5161/5161/5161 5162/5162/5162 5163/5163/5163
f 5164/5164/5164 5165/5165/5165 5166/5166/5166
f 5167/5167/5167 5168/5168/5168 5169/5169/5169
f 5170/5170/5170 5171/5171/5171 5172/5172/5172
f 5173/5173/5173 5174/5174/5174 5175/5175/5175
f 5176/5176/5176 5177/5177/5177 5178/5178/5178
f 5179/5179/5179 5180/5180/5180 5181/5181/5181
f 5182/5182/5182 5183/5183/5183 5184/5184/5184
f 5185/5185/5185 5186/5186/5186 5187/5187/5187
f 5188/5188/5188 5189/5189/5189 5190/5190/5190
f 5191/5191/5191 5192/5192/5192 5193/5193/5193
f 5194/5194/5194 5195/5195/5195 5196/5196/5196
f 5197/5197/5197 5198/5198/5198 5199/5199/5199
f 5200/5200/5200 5201/5201/5201 5202/5202/5202
f 5203/5203/5203 5204/5204/5204 5205/5205/5205
f 5206/5206/5206 5207/5207/5207 5208/5208/5208
f 5209/5209/5209 5210/5210/5210 5211/5211/5211
f 5212/5212/5212 5213/5213/5213 5214/5214/5214
f 5215/5215/5215 5216/5216/5216 5217/5217/5217
f 5218/5218/5218 5219/5219/5219 5220/5220/5220
f 5221/5221/5221 5222/5222/5222 5223/5223/5223
f 5224/5224/5224 5225/5225/5225 5226/5226/5226
f 5227/5227/5227 5228/5228/5228 5229/5229/5229
f 5230/5230/5230 5231/5231/5231 5232/5232/5232
f 5233/5233/5233 5234/5234/5234 5235/5235/5235
f 5236/5236/5236 5237/5237/5237 5238/5238/5238
f 5239/5239/5239 5240/5240/5240 5241/5241/5241
f 5242/5242/5242 5243/5243/5243 5244/5244/5244
f 5245/5245/5245 5246/5246/5246 5247/5247/5247
f 5248/5248/5248 5249/5249/5249 5250/5250/5250
f 5251/5251/5251 5252/5252/5252 5253/5253/5253
f 5254/5254/5254 5255/5255/5255 5256/5256/5256
f 5257/5257/5257 5258/5258/5258 5259/5259/5259
f 5260/5260/5260 5261/5261/5261 5262/5262/5262
f 5263/5263/5263 5264/5264/5264 5265/5265/5265
f 5266/5266/5266 5267/5267/5267 5268/5268/5268
f 5269/5269/5269 5270/5270/5270 5271/5271/5271
f 5272/5272/5272 5273/5273/5273 5274/5274/5274
f 5275/5275/5275 5276/5276/5276 5277/5277/5277
f 5278/5278/5278 5279/5279/5279 5280/5280/5280
f 5281/5281/5281 5282/5282/5282 5283/5283/5283
f 5284/5284/5284 5285/5285/5285 5286/5286/5286
f 5287/5287/5287 5288/5288/5288 5289/5289/5289
f 5290/5290/5290 5291/5291/5291 5292/5292/5292
f 5293/5293/5293 5294/5294/5294 5295/5295/5295
f 5296/5296/5296 5297/5297/5297 5298/5298/5298
f 5299/5299/5299 5300/5300/5300 5301/5301/5301
f 5302/5302/5302 5303/5303/5303 5304/5304/5304
f 5305/5305/5305 5306/5306/5306 5307/5307/5307
f 5308/5308/5308 5309/5309/5309 5310/5310/5310
f 5311/5311/5311 5312/5312/5312 5313/5313/5313
f 5314/5314/5314 5315/5315/5315 5316/5316/5316
f 5317/5317/5317 5318/5318/5318 5319/5319/5319
f 5320/5320/5320 5321/5321/5321 5322/5322/5322
f 5323/5323/5323 5324/5324/5324 5325/5325/5325
f 5326/5326/5326 5327/5327/5327 5328/5328/5328
f 5329/5329/5329 5330/5330/5330 5331/5331/5331
f 5332/5332/5332 5333/5333/5333 5334/5334/5334
f 5335/5335/5335 5336/5336/5336 5337/5337/5337
f 5338/5338/5338 5339/5339/5339 5340/5340/5340
f 5341/5341/5341 5342/5342/5342 5343/5343/5343
f 5344/5344/5344 5345/5345/5345 5346/5346/5346
f 5347/5347/5347 5348/5348/5348 5349/5349/5349
f 5350/5350/5350 5351/5351/5351 5352/5352/5352
f 5353/5353/5353 5354/5354/5354 5355/5355/5355
f 5356/5356/5356 5357/5357/5357 5358/5358/5358
f 5359/5359/5359 5360/5360/5360 5361/5361/5361
f 5362/5362/5362 5363/5363/5363 5364/5364/5364
f 5365/5365/5365 5366/5366/5366 5367/5367/5367
f 5368/5368/5368 5369/5369/5369 5370/5370/5370
f 5371/5371/5371 5372/5372/5372 5373/5373/5373
f 5374/5374/5374 5375/5375/5375 5376/5376/5376
f 5377/5377/5377 5378/5378/5378 5379/5379/5379
f 5380/5380/5380 5381/5381/5381 5382/5382/5382
f 5383/5383/5383 5384/5384/5384 5385/5385/5385
f 5386/5386/5386 5387/5387/5387 5388/5388/5388
f 5389/5389/5389 5390/5390/5390 5391/5391/5391
f 5392/5392/5392 5393/5393/5393 5394/5394/5394
f 5395/5395/5395 5396/5396/5396 5397/5397/5397
f 5398/5398/5398 5399/5399/5399 5400/5400/5400
f 5401/5401/5401 5402/5402/5402 5403/5403/5403
f 5404/5404/5404 5405/5405/5405 5406/5406/5406
f 5407/5407/5407 5408/5408/5408 5409/5409/5409
f 5410/5410/5410 5411/5411/5411 5412/5412/5412
f 5413/5413/5413 5414/5414/5414 5415/5415/5415
f 5416/5416/5416 5417/5417/5417 5418/5418/5418
f 5419/5419/5419 5420/5420/5420 5421/5421/5421
f 5422/5422/5422 5423/5423/5423 5424/5424/5424
f 5425/5425/5425 5426/5426/5426 5427/5427/5427
f 5428/5428/5428 5429/5429/5429 5430/5430/5430
f 5431/5431/5431 5432/5432/5432 5433/5433/5433
f 5434/5434/5434 5435/5435/5435 5436/5436/5436
f 5437/5437/5437 5438/5438/5438 5439/5439/5439
f 5440/5440/5440 5441/5441/5441 5442/5442/5442
f 5443/5443/5443 5444/5444/5444 5445/5445/5445
f 5446/5446/5446 5447/5447/5447 5448/5448/5448
f 5449/5449/5449 5450/5450/5450 5451/5451/5451
f 5452/5452/5452 5453/5453/5453 5454/5454/5454
f 5455/5455/5455 5456/5456/5456 5457/5457/5457
f 5458/5458/5458 5459/5459/5459 5460/5460/5460
f 5461/5461/5461 5462/5462/5462 5463/5463/5463
f 5464/5464/5464 5465/5465/5465 5466/5466/5466
f 5467/5467/5467 5468/5468/5468 5469/5469/5469
f 5470/5470/5470 5471/5471/5471 5472/5472/5472
f 5473/5473/5473 5474/5474/5474 5475/5475/5475
f 5476/5476/5476 5477/5477/5477 5478/5478/5478
f 5479/5479/5479 5480/5480/5480 5481/5481/5481
f 5482/5482/5482 5483/5483/5483 5484/5484/5484
f 5485/5485/5485 5486/5486/5486 5487/5487/5487
f 5488/5488/5488 5489/5489/5489 5490/5490/5490
f 5491/5491/5491 5492/5492/5492 5493/5493/5493
f 5494/5494/5494 5495/5495/5495 5496/5496/5496
f 5497/5497/5497 5498/5498/5498 5499/5499/5499
f 5500/5500/5500 5501/5501/5501 5502/5502/5502
f 5503/5503/5503 5504/5504/5504 5505/5505/5505
f 5506/5506/5506 5507/5507/5507 5508/5508/5508
f 5509/5509/5509 5510/5510/5510 5511/5511/5511
f 5512/5512/5512 5513/5513/5513 5514/5514/5514
f 5515/5515/5515 5516/5516/5516 5517/5517/5517
f 5518/5518/5518 5519/5519/5519 5520/5520/5520
f 5521/5521/5521 5522/5522/5522 5523/5523/5523
f 5524/5524/5524 5525/5525/5525 5526/5526/5526
f 5527/5527/5527 5528/5528/5528 5529/5529/5529
f 5530/5530/5530 5531/5531/5531 5532/5532/5532
f 5533/5533/5533 5534/5534/5534 5535/5535/5535
f 5536/5536/5536 5537/5537/5537 5538/5538/5538
f 5539/5539/5539 5540/5540/5540 5541/5541/5541
f 5542/5542/5542 5543/5543/5543 5544/5544/5544
f 5545/5545/5545 5546/5546/5546 5547/5547/5547
f 5548/5548/5548 5549/5549/5549 5550/5550/5550
f 5551/5551/5551 5552/5552/5552 5553/5553/5553
f 5554/5554/5554 5555/5555/5555 5556/5556/5556
f 5557/5557/5557 5558/5558/5558 5559/5559/5559
f 5560/5560/5560 5561/5561/5561 5562/5562/5562
f 5563/5563/5563 5564/5564/5564 5565/5565/5565
f 5566/5566/5566 5567/5567/5567 5568/5568/5568
f 5569/5569/5569 5570/5570/5570 5571/5571/5571
f 5572/5572/5572 5573/5573/5573 5574/5574/5574
f 5575/5575/5575 5576/5576/5576 5577/5577/5577
f 5578/5578/5578 5579/5579/5579 5580/5580/5580
f 5581/5581/5581 5582/5582/5582 5583/5583/5583
f 5584/5584/5584 5585/5585/5585 5586/5586/5586
f 5587/5587/5587 5588/5588/5588 5589/5589/5589
f 5590/5590/5590 5591/5591/5591 5592/5592/5592
f 5593/5593/5593 5594/5594/5594 5595/5595/5595
f 5596/5596/5596 5597/5597/5597 5598/5598/5598
f 5599/5599/5599 5600/5600/5600 5601/5601/5601
f 5602/5602/5602 5603/5603/5603 5604/5604/5604
f 5605/5605/5605 5606/5606/5606 5607/5607/5607
f 5608/5608/5608 5609/5609/5609 5610/5610/5610
f 5611/5611/5611 5612/5612/5612 5613/5613/5613
f 5614/5614/5614 5615/5615/5615 5616/5616/5616
f 5617/5617/5617 5618/5618/5618 5619/5619/5619
f 5620/5620/5620 5621/5621/5621 5622/5622/5622
f 5623/5623/5623 5624/5624/5624 5625/5625/5625
f 5626/5626/5626 5627/5627/5627 5628/5628/5628
f 5629/5629/5629 5630/5630/5630 5631/5631/5631
f 5632/5632/5632 5633/5633/5633 5634/5634/5634
f 5635/5635/5635 5636/5636/5636 5637/5637/5637
f 5638/5638/5638 5639/5639/5639 5640/5640/5640
f 5641/5641/5641 5642/5642/5642 5643/5643/5643
f 5644/5644/5644 5645/5645/5645 5646/5646/5646
f 5647/5647/5647 5648/5648/5648 5649/5649/5649
f 5650/5650/5650 5651/5651/5651 5652/5652/5652
f 5653/5653/5653 5654/5654/5654 5655/5655/5655
f 5656/5656/5656 5657/5657/5657 5658/5658/5658
f 5659/5659/5659 5660/5660/5660 5661/5661/5661
f 5662/5662/5662 5663/5663/5663 5664/5664/5664
f 5665/5665/5665 5666/5666/5666 5667/5667/5667
f 5668/5668/5668 5669/5669/5669 5670/5670/5670
f 5671/5671/5671 5672/5672/5672 5673/5673/5673
f 5674/5674/5674 5675/5675/5675 5676/5676/5676
f 5677/5677/5677 5678/5678/5678 5679/5679/5679
f 5680/5680/5680 5681/5681/5681 5682/5682/5682
f 5683/5683/5683 5684/5684/5684 5685/5685/5685
f 5686/5686/5686 5687/5687/5687 5688/5688/5688
f 5689/5689/5689 5690/5690/5690 5691/5691/5691
f 5692/5692/5692 5693/5693/5693 5694/5694/5694
f 5695/5695/5695 5696/5696/5696 5697/5697/5697
f 5698/5698/5698 5699/5699/5699 5700/5700/5700
f 5701/5701/5701 5702/5702/5702 5703/5703/5703
f 5704/5704/5704 5705/5705/5705 5706/5706/5706
f 5707/5707/5707 5708/5708/5708 5709/5709/5709
f 5710/5710/5710 5711/5711/5711 5712/5712/5712
f 5713/5713/5713 5714/5714/5714 5715/5715/5715
f 5716/5716/5716 5717/5717/5717 5718/5718/5718
f 5719/5719/5719 5720/5720/5720 5721/5721/5721
f 5722/5722/5722 5723/5723/5723 5724/5724/5724
f 5725/5725/5725 5726/5726/5726 5727/5727/5727
f 5728/5728/5728 5729/5729/5729 5730/5730/5730
f 5731/5731/5731 5732/5732/5732 5733/5733/5733
f 5734/5734/5734 5735/5735/5735 5736/5736/5736
f 5737/5737/5737 5738/5738/5738 5739/5739/5739
f 5740/5740/5740 5741/5741/5741 5742/5742/5742
f 5743/5743/5743 5744/5744/5744 5745/5745/5745
f 5746/5746/5746 5747/5747/5747 5748/5748/5748
f 5749/5749/5749 5750/5750/5750 5751/5751/5751
f 5752/5752/5752 5753/5753/5753 5754/5754/5754
f 5755/5755/5755 5756/5756/5756 5757/5757/5757
f 5758/5758/5758 5759/5759/5759 5760/5760/5760
f 5761/5761/5761 5762/5762/5762 5763/5763/5763
f 5764/5764/5764 5765/5765/5765 5766/5766/5766
f 5767/5767/5767 5768/5768/5768 5769/5769/5769
f 5770/5770/5770 5771/5771/5771 5772/5772/5772
f 5773/5773/5773 5774/5774/5774 5775/5775/5775
f 5776/5776/5776 5777/5777/5777 5778/5778/5778
f 5779/5779/5779 5780/5780/5780 5781/5781/5781
f 5782/5782/5782 5783/5783/5783 5784/5784/5784
f 5785/5785/5785 5786/5786/5786 5787/5787/5787
f 5788/5788/5788 5789/5789/5789 5790/5790/5790
f 5791/5791/5791 5792/5792/5792 5793/5793/5793
f 5794/5794/5794 5795/5795/5795 5796/5796/5796
f 5797/5797/5797 5798/5798/5798 5799/5799/5799
f 5800/5800/5800 5801/5801/5801 5802/5802/5802
f 5803/5803/5803 5804/5804/5804 5805/5805/5805
f 5806/5806/5806 5807/5807/5807 5808/5808/5808
f 5809/5809/5809 5810/5810/5810 5811/5811/5811
f 5812/5812/5812 5813/5813/5813 5814/5814/5814
f 5815/5815/5815 5816/5816/5816 5817/5817/5817
f 5818/5818/5818 5819/5819/5819 5820/5820/5820
f 5821/5821/5821 5822/5822/5822 5823/5823/5823
f 5824/5824/5824 5825/5825/5825 5826/5826/5826
f 5827/5827/5827 5828/5828/5828 5829/5829/5829
f 5830/5830/5830 5831/5831/5831 5832/5832/5832
f 5833/5833/5833 5834/5834/5834 5835/5835/5835
f 5836/5836/5836 5837/5837/5837 5838/5838/5838
f 5839/5839/5839 5840/5840/5840 5841/5841/5841
f 5842/5842/5842 5843/5843/5843 5844/5844/5844
f 5845/5845/5845 5846/5846/5846 5847/5847/5847
f 5848/5848/5848 5849/5849/5849 5850/5850/5850
f 5851/5851/5851 5852/5852/5852 5853/5853/5853
f 5854/5854/5854 5855/5855/5855 5856/5856/5856
f 5857/5857/5857 5858/5858/5858 5859/5859/5859
f 5860/5860/5860 5861/5861/5861 5862/5862/5862
f 5863/5863/5863 5864/5864/5864 5865/5865/5865
f 5866/5866/5866 5867/5867/5867 5868/5868/5868
f 5869/5869/5869 5870/5870/5870 5871/5871/5871
f 5872/5872/5872 5873/5873/5873 5874/5874/5874
f 5875/5875/5875 5876/5876/5876 5877/5877/5877
f 5878/5878/5878 5879/5879/5879 5880/5880/5880
f 5881/5881/5881 5882/5882/5882 5883/5883/5883
f 5884/5884/5884 5885/5885/5885 5886/5886/5886
f 5887/5887/5887 5888/5888/5888 5889/5889/5889
f 5890/5890/5890 5891/5891/5891 5892/5892/5892
f 5893/5893/5893 5894/5894/5894 5895/5895/5895
f 5896/5896/5896 5897/5897/5897 5898/5898/5898
f 5899/5899/5899 5900/5900/5900 5901/5901/5901
f 5902/5902/5902 5903/5903/5903 5904/5904/5904
